# vtk DataFile Version 4.2
vtk output
ASCII
DATASET POLYDATA
POINTS 10002 float
-11.5821 -20.2858 -149.971 -11.0699 -20.3133 -150.054 -11.1808 -21.5731 -149.547 
-10.7683 -19.0753 -149.909 -12.3383 -23.4258 -148.749 -13.3741 -22.4279 -148.67 
-12.7852 -20.2105 -149.438 -13.8702 -21.3104 -148.692 -12.4237 -18.2138 -149.644 
-11.1139 -16.4219 -149.506 -14.4275 -22.3516 -147.641 -13.4993 -18.6642 -149.132 
-14.1709 -20.1536 -148.319 -13.1986 -16.8798 -149.091 -12.8022 -14.8431 -148.717 
-14.162 -17.9932 -148.29 -13.9376 -16.5763 -148.48 -13.6063 -15.7703 -148.654 
-9.31075 -19.8224 -149.753 -7.93486 -19.9546 -149.218 -9.00475 -20.8562 -149.456 
-8.42168 -18.7523 -149.402 -10.3336 -23.9967 -148.631 -8.61792 -22.2941 -148.907 
-10.3314 -20.3228 -149.931 -12.2326 -24.309 -148.388 -11.9626 -25.0713 -147.925 
-13.4095 -24.5688 -147.47 -9.15382 -17.3581 -149.522 -9.02516 -16.1481 -149.326 
-13.1112 -26.6731 -145.246 -14.2811 -25.5871 -145.288 -9.64474 -15.0823 -149.149 
-14.4189 -24.09 -146.731 -14.0724 -23.4039 -147.778 -10.9188 -14.0465 -148.87 
-14.8403 -23.37 -146.168 -14.8714 -22.3483 -146.615 -14.8162 -21.1633 -146.917 
-12.2239 -13.0861 -148.171 -10.9592 -12.5339 -148.217 -14.7157 -19.319 -147.228 
-14.6473 -17.8889 -147.259 -14.3538 -16.7472 -147.709 -14.0309 -15.7396 -148.086 
-13.6704 -15.0857 -148.324 -13.6479 -14.3625 -147.901 -13.2416 -13.4485 -147.766 
-14.0013 -14.9878 -147.741 -6.68122 -22.5303 -148.126 -7.27718 -22.4316 -148.449 
-6.60582 -21.2319 -148.342 -8.74404 -24.786 -148.035 -9.64484 -25.0235 -148.208 
-7.47835 -23.5784 -148.015 -10.546 -25.2709 -148.029 -11.3382 -26.1814 -146.943 
-6.40139 -19.1007 -148.48 -7.09729 -17.0751 -148.709 -12.7142 -25.6821 -147.019 
-8.306 -16.7323 -149.269 -7.99185 -16.2749 -149.047 -7.65678 -15.099 -148.466 
-9.19645 -13.8475 -148.639 -8.07299 -13.3761 -147.986 -8.86837 -12.9383 -148.137 
-14.8015 -24.6633 -145.1 -9.8244 -12.7763 -148.303 -8.28044 -11.8918 -147.069 
-15.0576 -23.7812 -144.868 -10.2617 -12.2249 -148.124 -9.70942 -12.0839 -147.879 
-15.2191 -22.1358 -145.184 -10.2702 -11.5075 -147.404 -15.1342 -20.2138 -145.894 
-11.7721 -11.6449 -147.304 -15.0134 -18.5218 -146.207 -14.7635 -17.0102 -146.577 
-14.4052 -15.615 -147.015 -14.1279 -14.4259 -146.994 -13.7931 -13.6644 -147.176 
-13.6582 -12.8628 -146.757 -12.9634 -12.1649 -147.042 -4.25485 -21.5884 -146.982 
-5.71948 -22.7604 -147.422 -7.29102 -26.2017 -146.43 -8.10402 -26.2778 -146.74 
-7.46871 -25.3268 -147.101 -5.78398 -24.3951 -146.611 -4.03865 -19.7395 -147.256 
-4.63416 -17.8363 -147.57 -5.3732 -16.4149 -147.715 -9.38387 -26.8309 -146.402 
-9.24557 -25.7422 -147.481 -11.0262 -27.443 -145.403 -6.28683 -15.8711 -148.063 
-5.19245 -14.9079 -147.136 -6.45767 -13.3362 -147.053 -14.2615 -27.0034 -142.775 
-14.745 -25.7506 -143.654 -15.2061 -24.4601 -143.116 -15.2451 -23.4097 -144.176 
-15.4493 -20.6118 -144.813 -11.1134 -10.0928 -145.77 -15.457 -19.282 -144.878 
-15.2378 -17.4749 -145.29 -14.881 -16.0885 -145.824 -14.6513 -14.8233 -145.801 
-12.5187 -10.946 -146.275 -14.198 -13.4894 -146.046 -13.9453 -12.6824 -146.011 
-13.6515 -12.1231 -146.073 -13.2253 -11.4209 -146.094 -2.5715 -21.9654 -146.051 
-2.85494 -20.6911 -146.545 -1.29485 -20.6209 -146.01 -2.35391 -19.7513 -146.505 
-1.34558 -18.1809 -146.287 -4.09507 -23.2573 -146.2 -3.74432 -16.3747 -146.875 
-6.67195 -27.6483 -144.105 -8.85718 -27.7867 -145.079 -7.68293 -26.8997 -145.838 
-6.40043 -26.0382 -145.841 -3.60265 -15.1347 -146.423 -4.1087 -14.295 -146.326 
-4.71364 -14.269 -146.634 -10.0829 -28.3169 -144.201 -11.8592 -28.1479 -143.705 
-4.81723 -13.7636 -146.408 -13.325 -28.0485 -142.566 -6.39715 -12.193 -146.296 
-14.8982 -26.2148 -141.443 -9.44636 -10.5683 -146.316 -8.30859 -10.4513 -145.814 
-15.5673 -22.6972 -143.302 -15.9554 -20.6042 -143.347 -15.8752 -18.1493 -143.899 
-15.4046 -15.9343 -144.491 -14.9405 -13.888 -144.503 -12.6153 -10.1333 -145.145 
-14.2381 -12.5832 -145.128 -13.7312 -11.5213 -145.224 -13.1563 -10.8508 -145.505 
5.42597 -21.4018 -145.387 6.74036 -19.6592 -145.811 8.66844 -21.6207 -145.116 
9.13328 -19.2858 -145.896 6.24432 -22.3083 -145.087 5.57075 -22.645 -144.971 
5.4705 -22.3065 -145.129 7.70518 -17.5566 -146.144 4.36398 -22.5843 -144.897 
4.33968 -19.7098 -145.779 5.08885 -17.7157 -146.01 1.89045 -20.8982 -145.484 
2.34562 -18.3498 -145.877 3.05089 -16.2587 -145.718 -0.661929 -22.4558 -145.235 
1.04149 -16.8861 -145.796 -1.36817 -24.3971 -144.238 -2.51955 -23.4539 -145.308 
-0.306318 -15.4265 -145.508 -4.19071 -25.3952 -144.72 -2.32901 -15.892 -146.132 
-2.50502 -14.3906 -145.637 -7.72848 -28.5854 -143.286 -9.36493 -28.8327 -142.514 
-8.471 -28.4492 -143.892 -3.71711 -13.5227 -145.7 -11.964 -28.752 -141.89 
-4.7806 -12.539 -145.593 -12.8343 -28.7508 -140.808 -6.16834 -11.2717 -145.36 
-13.8395 -28.2335 -140.701 -14.4515 -27.5925 -139.927 -7.46533 -10.8641 -145.802 
-7.17263 -10.037 -144.682 -15.4671 -24.8446 -140.567 -9.07454 -9.32384 -144.631 
-15.9262 -23.0776 -141.42 -16.0041 -21.9462 -142.312 -10.523 -8.53274 -143.591 
-16.6169 -21.2955 -141.201 -16.6811 -20.1256 -142.041 -16.6253 -18.9029 -142.581 
-16.5065 -16.6963 -142.972 -15.7756 -14.8741 -143.474 -12.0812 -9.10445 -143.981 
-15.6754 -12.9979 -142.867 -14.8023 -12.844 -144.097 -14.4234 -11.9597 -144.11 
-13.6147 -10.7309 -144.403 -13.0073 -9.77228 -144.155 11.3682 -22.0934 -144.777 
10.3064 -23.5652 -143.868 10.6836 -21.2874 -145.204 12.005 -20.0167 -145.566 
7.39667 -24.0375 -143.675 10.0071 -20.1516 -145.663 10.3941 -19.5689 -145.835 
10.598 -18.7652 -145.977 11.6763 -17.6232 -146.054 10.0006 -17.2348 -146.158 
4.31891 -24.5575 -143.403 5.86651 -23.1241 -144.559 4.12279 -23.563 -144.3 
8.8087 -14.834 -146.164 1.79363 -23.6776 -144.177 6.53434 -15.9503 -146.168 
7.04146 -14.5518 -146.141 7.61945 -13.5791 -146.048 4.93561 -15.8299 -145.929 
5.82328 -14.6563 -145.949 6.75144 -13.4776 -145.889 5.64148 -13.7584 -145.7 
4.4055 -14.0637 -145.413 -0.252135 -25.3722 -142.92 2.10783 -14.3525 -145.073 
-2.49853 -26.1732 -142.805 1.47069 -15.8141 -145.544 0.417756 -13.8572 -144.743 
-4.99137 -27.6698 -142.401 -1.0041 -13.8435 -144.904 -6.04873 -28.0824 -143.031 
-6.82055 -28.4725 -142.637 -2.35694 -12.8062 -144.639 -3.6794 -11.1019 -143.687 
-5.66253 -10.4691 -144.205 -6.22917 -9.90273 -143.898 -14.9015 -26.6826 -139.309 
-6.84169 -9.55928 -143.867 -7.51368 -9.05679 -143.5 -15.1307 -25.9862 -140.129 
-15.846 -24.2922 -138.853 -16.11 -23.4671 -139.679 -16.6306 -22.4047 -139.626 
-9.46331 -8.40084 -143.357 -17.3388 -19.706 -141.091 -11.5066 -8.20546 -142.611 
-17.2225 -18.1486 -142.027 -17.5555 -17.01 -142.039 -17.1156 -15.7915 -142.417 
-16.4109 -14.9827 -142.788 -14.5159 -11.2911 -143.203 -13.723 -10.1051 -143.343 
-13.0227 -9.31281 -143.329 -12.7194 -8.64345 -142.242 -22.4274 -14.1208 -140.682 
-24.3846 -13.082 -140.298 -23.0589 -12.6281 -140.717 -21.9623 -12.6734 -140.907 
-22.5368 -11.4097 -140.454 -24.0187 -11.8797 -140.353 -24.2708 -10.7595 -139.873 
-23.2924 -10.3145 -139.839 -25.5859 -11.7468 -139.555 19.5769 -23.2749 -144.217 
17.7059 -21.7649 -144.977 20.6644 -21.2166 -144.886 17.2587 -23.6527 -143.993 
18.8778 -18.5942 -145.639 20.6288 -19.7426 -145.449 14.1861 -22.7815 -144.331 
15.6094 -20.4058 -145.458 15.367 -18.5835 -145.885 16.7659 -16.6438 -145.92 
12.085 -23.0845 -144.211 12.2581 -23.7961 -143.652 13.9372 -16.892 -145.959 
11.1633 -25.01 -142.461 8.76589 -25.932 -141.474 8.78321 -24.9422 -142.755 
6.00042 -25.8321 -141.787 12.1614 -15.0378 -146.066 11.2472 -12.6344 -145.862 
8.25502 -12.0296 -145.535 3.23464 -25.8132 -142.029 1.73288 -25.3356 -142.679 
7.49066 -13.0097 -145.928 1.40175 -26.2588 -141.444 0.2923 -26.1503 -141.727 
5.86987 -12.7243 -145.33 0.521385 -26.452 -141.191 4.90801 -12.8471 -145.103 
5.28726 -12.1868 -144.903 -1.22816 -26.5845 -141.44 3.4178 -13.4272 -144.912 
4.32345 -12.482 -144.679 2.94672 -12.8233 -144.44 -3.10253 -27.5054 -140.774 
1.61401 -12.7879 -144.166 -4.57473 -28.2485 -140.412 -0.170896 -12.7456 -144.096 
-6.73622 -28.8136 -140.525 -0.732731 -11.4964 -143.106 -10.408 -29.1571 -139.826 
-12.7969 -28.8829 -139.054 -13.9052 -28.4106 -139.013 -5.15751 -10.142 -143.404 
-14.1712 -28.0999 -138.115 -6.16604 -9.45821 -143.136 -14.5693 -27.3818 -137.874 
-6.8286 -9.01234 -142.9 -15.0195 -26.3232 -137.438 -15.3256 -25.5945 -138.891 
-7.08615 -8.83288 -142.782 -7.37718 -8.63344 -142.552 -8.44198 -8.4057 -142.785 
-16.1992 -23.4783 -138.94 -16.2552 -23.2773 -139.211 -16.4265 -23.0513 -138.897 
-9.36082 -7.93323 -141.905 -17.5634 -21.2093 -138.737 -10.6019 -7.75288 -141.774 
-17.972 -18.4391 -141.171 -17.0437 -14.5797 -142.302 -15.0718 -11.4507 -142.447 
-14.4868 -10.4431 -142.372 -13.6465 -9.50424 -142.54 -11.6344 -7.6978 -140.869 
-18.9176 -18.5056 -140.304 -18.4151 -17.3555 -141.346 -18.1381 -15.7596 -141.808 
-17.0827 -13.5746 -142.049 -16.9624 -12.4317 -141.649 -15.6188 -11 -141.6 
-19.4729 -16.9362 -140.788 -17.925 -14.3397 -141.851 -17.9214 -13.4669 -141.64 
-19.5641 -14.3535 -141.209 -18.2445 -12.6423 -141.24 -21.8093 -16.8249 -139.645 
-19.6022 -12.0863 -140.847 -23.0191 -16.6711 -139.585 -23.6634 -15.7477 -139.679 
-20.8876 -13.0637 -141.043 -21.1174 -12.1133 -140.86 -20.8814 -11.1682 -140.424 
-19.5842 -10.2493 -139.837 -21.9762 -9.90282 -139.543 -24.0806 -14.331 -140.189 
-25.5729 -14.1876 -139.27 -24.3682 -9.40182 -138.923 -25.5269 -12.8987 -139.808 
-26.5192 -13.2822 -138.956 -26.1744 -12.8967 -139.304 -27.16 -12.7498 -137.983 
-25.5347 -10.2075 -139.106 -26.1725 -9.3123 -138.266 -26.9259 -10.3283 -138.085 
-27.0231 -9.2806 -137.676 22.5143 -17.7771 -144.707 23.1035 -18.9426 -144.555 
22.1966 -19.7526 -144.852 19.85 -25.1323 -142.981 18.767 -24.6585 -143.328 
20.6337 -24.5348 -143.262 22.1639 -23.226 -143.552 23.4232 -21.3989 -143.707 
15.9309 -25.2529 -142.342 21.0011 -19.043 -145.401 21.2244 -16.0031 -144.999 
18.8897 -15.3729 -145.482 18.0717 -16.9428 -145.911 13.2192 -25.3419 -142.059 
13.3798 -24.4652 -143.042 16.1472 -13.2544 -145.352 12.0315 -25.8027 -141.257 
10.3769 -26.0947 -140.847 8.96367 -26.4746 -140.426 7.29367 -26.7893 -139.836 
13.4478 -12.8252 -145.812 14.4432 -12.0911 -145.56 13.2692 -11.2809 -145.436 
5.01148 -26.9424 -139.863 11.4936 -10.137 -145.09 3.00808 -26.6919 -140.502 
9.53497 -9.53016 -144.701 0.34222 -26.8503 -140.272 8.00203 -10.2104 -144.705 
6.0576 -10.937 -144.356 -1.59837 -27.3519 -139.588 3.3856 -11.2574 -143.451 
-3.78828 -28.1309 -139.617 1.1222 -11.7165 -143.299 -4.61908 -28.512 -138.371 
-6.98522 -29.2023 -137.287 -10.5871 -29.2928 -136.736 -1.02482 -10.2064 -141.472 
-4.04232 -9.84858 -142.128 -13.2993 -28.5891 -137.431 -5.98689 -8.99822 -141.976 
-7.12539 -8.38117 -141.365 -15.7163 -24.7105 -136.897 -16.3109 -23.4834 -137.997 
-8.26899 -8.02459 -141.421 -16.8825 -22.5226 -137.937 -18.5478 -20.5572 -138.037 
-18.3014 -19.7393 -139.727 -13.0723 -8.20836 -140.703 -19.2034 -19.6963 -138.67 
-15.6597 -9.52509 -140.253 -14.2179 -9.32105 -141.307 -20.1213 -18.5056 -139.317 
-17.462 -10.786 -140.511 -21.2996 -18.6856 -138.046 -23.1736 -18.0198 -136.872 
-23.3741 -16.8957 -138.913 -24.7548 -16.23 -138.241 -20.3199 -8.60488 -138.282 
-25.9415 -16.2541 -136.427 -26.0278 -15.3092 -137.927 -22.8586 -8.48796 -138.181 
-26.5523 -15.1806 -137.369 -26.6403 -14.2756 -138.116 -26.6149 -13.5807 -138.688 
-24.4927 -8.23013 -137.72 -25.7699 -8.4942 -137.624 -28.3914 -10.8678 -136.537 
-26.8036 -8.7592 -137.357 -27.7802 -9.1262 -136.427 22.3434 -25.0787 -142.058 
23.7575 -23.8755 -142.436 24.1727 -22.7454 -142.846 24.6989 -21.9003 -142.755 
20.4367 -26.1291 -141.39 20.5469 -25.3863 -142.517 18.2322 -26.4165 -141.023 
19.0267 -25.6032 -142.353 24.0621 -19.521 -143.653 23.6097 -18.3716 -144.193 
23.2483 -18.087 -144.509 23.6355 -17.9117 -144.134 22.2636 -16.4505 -144.715 
23.13 -15.4234 -143.878 16.3852 -26.4495 -140.709 15.229 -26.2046 -140.922 
13.7576 -26.0913 -140.823 20.6013 -14.8291 -145.036 9.54107 -26.8002 -139.051 
16.5922 -10.0767 -144.044 14.9236 -11.1656 -145.068 13.9927 -9.21518 -144.312 
12.5488 -8.85756 -144.531 12.9655 -8.28083 -144.093 3.56772 -27.2419 -139.026 
11.437 -8.25187 -144.101 1.82037 -27.2013 -138.919 9.73739 -8.4312 -144.073 
8.06433 -8.99595 -143.837 0.544964 -27.2358 -138.729 6.15599 -9.31875 -143.059 
-0.448641 -27.3505 -138.496 -1.63852 -27.5864 -137.62 5.031 -10.0764 -143.136 
4.3836 -9.2007 -141.594 -2.98077 -27.8905 -138.625 1.52867 -10.4918 -142.039 
-8.61279 -29.5591 -136.176 -9.48113 -29.6992 -136.381 -2.45151 -9.5747 -140.512 
-12.8009 -28.3466 -135.516 -4.15717 -9.34854 -141.033 -14.0099 -27.8356 -136.492 
-14.5613 -26.9164 -136.07 -15.0378 -25.9246 -135.743 -16.595 -23.182 -136.444 
-7.65752 -7.99259 -139.439 -9.88038 -7.51542 -140.39 -17.3964 -22.1156 -136.064 
-10.6903 -7.4648 -140.772 -18.2966 -21.2318 -136.329 -19.1909 -20.5159 -136.727 
-14.2858 -8.31505 -139.588 -12.6913 -7.62784 -139.465 -20.1453 -19.6797 -137.471 
-16.6858 -9.32856 -139.541 -15.9202 -8.6482 -139.092 -21.1834 -19.4517 -136.416 
-17.7045 -8.94418 -138.848 -16.7592 -8.8717 -139.059 -16.7226 -8.65374 -138.805 
-21.8876 -7.73865 -137.221 -27.0904 -15.2902 -135.953 -27.0225 -14.6534 -136.984 
-27.7983 -14.0881 -135.927 -23.6324 -7.52252 -136.831 -28.6724 -12.972 -135.205 
-28.3287 -12.4564 -136.334 -25.2669 -7.65672 -136.561 -28.9277 -11.6959 -135.575 
-28.9827 -10.9534 -135.87 -28.9961 -10.5985 -135.794 -26.7242 -8.0219 -136.197 
24.9844 -23.5212 -141.689 24.2901 -24.7008 -141.351 22.2132 -26.4449 -140.167 
23.637 -25.6273 -140.785 25.2157 -22.4151 -142.045 25.4513 -20.8823 -141.939 
19.8917 -27.0725 -139.621 25.0499 -17.5542 -142.594 25.2362 -19.2365 -142.471 
23.8281 -17.4789 -143.839 24.1385 -16.5646 -143.348 17.4693 -27.0721 -139.416 
22.1996 -14.9187 -144.388 22.7947 -14.1286 -143.776 15.0847 -26.7394 -139.634 
21.6643 -14.3477 -144.456 20.6376 -13.6422 -144.569 13.4948 -26.6057 -139.565 
19.2649 -12.9484 -144.724 20.6802 -11.9184 -143.777 19.7794 -12.1577 -144.314 
11.9382 -26.4891 -139.642 19.068 -11.8505 -144.311 18.0815 -11.0246 -144.165 
16.0872 -7.47265 -142.386 13.5471 -7.20843 -142.988 5.10269 -27.3466 -138.015 
2.9274 -27.3948 -137.84 11.5585 -6.9558 -142.959 9.62091 -7.51946 -143.052 
0.952705 -27.3521 -137.26 7.11954 -7.95752 -142.072 -0.563086 -27.4531 -137.352 
-3.00654 -27.7061 -135.526 -4.91465 -28.6501 -136.214 1.63163 -9.29516 -139.724 
-5.6395 -28.9771 -136.1 -6.01133 -29.0751 -135.934 -0.473693 -9.55944 -139.882 
-6.99023 -29.1086 -135.392 -9.39607 -29.6307 -136.095 -9.13582 -29.157 -135.01 
-11.2033 -28.7611 -134.773 -12.184 -27.9657 -133.831 -4.34981 -8.92261 -139.805 
-13.7409 -26.9742 -134.203 -14.5947 -26.4656 -135.016 -14.788 -25.7827 -134.345 
-15.4212 -24.9663 -135.049 -16.1124 -23.8307 -135.047 -16.8065 -22.8644 -135.006 
-10.7131 -7.36475 -139.931 -11.4729 -7.32228 -139.119 -12.3776 -7.26836 -138.235 
-20.0283 -20.2918 -135.44 -13.5808 -7.5396 -138.284 -15.1373 -7.88419 -138.154 
-16.5278 -8.25758 -138.256 -21.337 -19.672 -134.262 -17.2551 -8.11598 -137.824 
-16.5508 -7.55827 -136.868 -23.3883 -18.6366 -134.286 -18.3193 -7.94092 -137.443 
-24.7864 -17.6855 -135.151 -20.0026 -7.42029 -136.489 -25.8262 -17.0192 -134.829 
-26.9827 -15.9083 -134.536 -22.2389 -7.10599 -136.109 -28.3234 -14.2101 -134.246 
-23.4488 -7.00373 -135.917 -24.389 -7.03933 -135.676 -29.231 -12.2669 -133.789 
-25.7149 -7.10343 -134.773 -29.2089 -10.9631 -135.16 -29.4504 -10.6263 -134.202 
-28.9567 -9.96757 -135.25 -26.9434 -7.56062 -135.038 -28.5983 -8.75377 -134.536 
-27.6742 -8.02627 -134.976 24.6206 -25.3752 -140.283 23.8885 -26.0976 -139.737 
25.3718 -24.4384 -140.349 26.0048 -22.8446 -140.527 21.3884 -27.2481 -138.885 
26.0687 -18.8408 -141.275 20.3565 -27.5163 -138.486 18.9657 -27.5792 -137.618 
25.0938 -16.278 -142.431 25.3273 -16.5678 -142.257 24.9983 -14.9433 -142.087 
16.1551 -27.2933 -137.797 24.1196 -14.313 -142.825 23.6388 -14.0461 -143.161 
22.4509 -12.9241 -143.397 23.3945 -13.4853 -143.113 13.5719 -26.9443 -138.103 
19.9338 -10.0343 -142.991 11.3338 -26.9344 -137.57 18.2932 -9.9635 -143.576 
18.2047 -8.76529 -142.771 9.46902 -27.1036 -136.955 7.56542 -27.2346 -137.574 
14.7856 -6.96204 -142.465 14.6754 -6.37094 -141.858 3.44318 -27.3385 -136.077 
13.4527 -5.95039 -141.75 12.3336 -6.19122 -142.159 10.4985 -6.08938 -141.585 
8.52036 -6.79127 -141.528 7.35121 -6.95553 -140.794 -0.655276 -27.3274 -136.007 
5.88014 -7.50672 -139.827 3.94622 -8.36931 -139.338 -5.53 -28.6446 -135.017 
-4.47348 -28.2684 -135.051 -7.31661 -28.057 -133.148 -1.57502 -9.34264 -139.386 
-10.2169 -28.2454 -133.263 -5.28576 -8.58451 -138.698 -15.3959 -24.473 -133.55 
-16.4317 -23.1635 -133.674 -10.1232 -7.38948 -138.567 -17.1801 -22.3778 -134.217 
-17.9257 -21.7055 -134.294 -11.5594 -7.20375 -137.742 -18.9203 -20.9978 -134.721 
-12.3005 -7.15954 -137.506 -12.9394 -7.23459 -137.501 -14.1638 -7.33101 -136.944 
-18.1733 -7.39199 -136.365 -25.1586 -17.6774 -133.229 -17.9413 -6.89244 -134.673 
-26.9007 -16.4941 -132.709 -20.8681 -6.79068 -135.075 -27.8369 -15.3575 -133.237 
-22.9718 -6.66791 -134.826 -28.5858 -14.2346 -132.911 -24.3766 -6.72217 -134.644 
-29.6651 -10.7225 -133.168 -27.0452 -7.33536 -133.89 -29.3742 -9.57246 -133.592 
-28.0966 -7.84388 -133.292 -28.9242 -8.57427 -133.24 26.2246 -24.2338 -138.884 
25.0359 -25.633 -138.937 23.1493 -26.88 -138.289 26.614 -21.3439 -139.905 
26.6449 -19.8958 -140.124 21.1172 -27.5592 -137.759 26.837 -18.7566 -139.865 
26.0467 -17.8325 -141.336 26.6811 -17.7417 -140.189 26.1826 -17.2036 -141.078 
26.1819 -16.4161 -140.987 25.6799 -16.0624 -141.636 24.3625 -13.0165 -142.11 
23.0887 -10.5016 -141.723 14.8061 -27.2147 -135.951 12.7838 -27.0283 -136.663 
11.7778 -26.9597 -136.201 19.6696 -7.92041 -141.59 10.7155 -26.9935 -136.265 
18.1484 -7.47096 -141.756 9.82401 -27.0138 -135.605 8.08458 -27.1633 -135.531 
5.90953 -27.3634 -135.986 14.2599 -5.17914 -140.511 12.3438 -5.14937 -140.806 
10.9065 -4.79468 -139.903 1.32965 -27.0558 -135.009 8.17987 -5.83643 -139.264 
-0.363919 -26.4221 -133.304 -2.26707 -26.9355 -133.608 -3.33887 -26.7295 -132.82 
-4.73938 -27.7177 -133.732 -0.0664691 -9.29942 -138.899 -1.72472 -9.18101 -138.302 
-9.44187 -27.581 -132.055 -11.5721 -26.9645 -132.078 -3.75092 -8.9394 -138.106 
-13.2562 -26.2495 -132.387 -5.54188 -8.56346 -137.524 -14.2178 -25.585 -132.835 
-14.6303 -24.5958 -132.089 -7.35339 -8.06862 -137.619 -15.6791 -23.531 -132.146 
-8.81144 -7.75071 -137.143 -17.0233 -22.2906 -132.442 -10.8198 -7.39412 -136.519 
-18.4307 -21.293 -132.703 -12.4883 -7.19092 -136.703 -19.6696 -20.6085 -133.662 
-13.5511 -7.17458 -135.791 -15.1486 -7.14691 -135.448 -22.2534 -19.1845 -131.887 
-26.0838 -17.2016 -131.803 -26.9406 -16.5667 -131.749 -27.8122 -15.5038 -131.901 
-28.988 -13.5212 -131.523 -23.8671 -6.41485 -133.074 -25.8705 -6.75843 -132.539 
-29.6585 -11.4607 -132.018 -27.1348 -7.17374 -132.337 -29.6957 -10.0315 -132.228 
-29.3326 -8.98325 -132.32 -28.7229 -8.17542 -132.119 24.8823 -26.3427 -137.264 
26.0632 -25.2793 -137.491 26.8794 -24.1217 -137.303 26.9844 -22.627 -138.348 
27.3223 -20.3202 -138.155 23.6963 -27.0437 -136.659 22.1739 -27.4998 -136.672 
27.1063 -19.2501 -139.164 20.5018 -27.725 -136.532 27.3682 -18.2655 -138.42 
26.7033 -16.6024 -140.158 27.1597 -16.8274 -139.11 26.9309 -14.9764 -139.449 
25.8187 -13.4181 -140.828 25.5897 -12.411 -140.874 17.115 -27.5362 -136.216 
25.15 -11.5283 -140.878 21.4694 -8.65963 -141.447 22.9048 -8.2653 -140.465 
12.9048 -26.9918 -135.596 21.3179 -7.08731 -140.159 11.5284 -26.7812 -134.848 
18.4657 -6.14522 -140.243 9.49287 -26.7352 -134.311 15.9399 -5.83479 -140.779 
7.95884 -26.8351 -134.014 6.51283 -27.0872 -134.41 4.865 -27.1795 -134.703 
3.34188 -26.9318 -134.153 12.8883 -3.86867 -138.758 12.0427 -4.5213 -139.965 
1.86643 -26.5962 -133.49 9.71536 -4.73032 -139.148 5.81233 -6.96767 -137.299 
4.57081 -7.77461 -138.081 -2.05036 -26.4038 -132.702 -1.43037 -25.5567 -131.848 
2.86458 -8.50706 -137.519 -3.40497 -25.4875 -131.249 -5.39025 -26.2188 -131.446 
0.462521 -9.09813 -137.667 -2.47342 -9.28576 -136.284 -8.72572 -26.4904 -130.943 
-10.7959 -26.1638 -130.71 -12.5496 -25.2468 -130.843 -5.25759 -8.89739 -136.072 
-7.29297 -8.32796 -136.255 -14.5461 -24.0753 -131.168 -15.1329 -23.4798 -131.053 
-8.68569 -8.01868 -135.832 -15.8034 -22.9084 -131.129 -9.63398 -7.79203 -135.697 
-17.6197 -21.6647 -131.589 -18.2142 -21.2185 -131.203 -12.3223 -7.31189 -135.202 
-19.7757 -20.4346 -131.886 -13.7828 -7.17078 -134.766 -15.0919 -7.02933 -133.628 
-24.3494 -18.0065 -130.73 -20.7999 -6.28319 -132.917 -26.581 -16.5566 -130.705 
-27.9639 -15.1142 -130.656 -28.5053 -14.2653 -130.17 -29.0988 -13.2225 -130.183 
-29.4754 -11.9983 -130.516 -29.6336 -10.4805 -130.884 -27.8446 -7.52551 -131.477 
-29.5136 -9.4233 -131.324 -29.0775 -8.61497 -131.143 -28.5007 -7.97965 -130.933 
26.6334 -24.9256 -135.812 25.7738 -25.8748 -136.264 27.2248 -23.9786 -135.993 
27.3489 -23.2295 -136.707 24.7274 -26.5568 -135.641 27.5775 -21.9583 -136.503 
23.0309 -27.2077 -135.264 21.2574 -27.6205 -135.464 27.7404 -16.7057 -137.412 
18.9444 -27.5502 -135.039 26.6176 -11.9221 -139.54 16.5623 -27.3541 -134.895 
25.5249 -10.0981 -139.9 24.4365 -8.71811 -139.869 15.4377 -27.1249 -134.493 
23.8011 -6.98042 -138.714 13.9708 -26.8862 -134.441 8.7874 -26.032 -132.565 
7.0594 -26.6535 -133.304 16.3079 -4.41251 -138.801 5.36415 -26.6592 -133.28 
3.5893 -26.2313 -132.639 10.7329 -4.07697 -138.625 11.492 -3.4501 -137.9 
1.98183 -25.9836 -132.392 9.18307 -4.57141 -138.167 1.48083 -25.2588 -131.553 
8.28053 -5.06388 -137.892 0.0474398 -24.5007 -130.94 6.9459 -6.05256 -137.038 
7.71663 -5.40753 -137.389 -2.01802 -24.1915 -130.52 4.21569 -7.88098 -136.465 
-2.46905 -25.77 -131.808 3.02133 -8.50376 -135.886 -3.9937 -24.1153 -130.067 
1.18552 -9.15173 -135.664 -7.33508 -24.284 -129.375 -9.88011 -25.4967 -130.002 
-10.1067 -24.9142 -129.594 -10.497 -24.1565 -129.127 -4.72336 -9.39452 -134.988 
-13.8706 -23.3368 -129.707 -6.46656 -8.92148 -135.077 -8.90178 -8.48342 -134.218 
-16.7183 -21.9161 -130.332 -10.8527 -7.69091 -134.854 -18.511 -20.7663 -130.063 
-11.9004 -7.54217 -134.274 -12.9768 -7.4106 -133.723 -20.2146 -19.9282 -130.267 
-21.5882 -18.9159 -129.152 -16.6402 -6.63999 -132.586 -23.4907 -18.1316 -129.299 
-18.254 -6.30473 -132.1 -24.9298 -17.2235 -129.253 -27.0292 -15.3414 -128.982 
-22.1441 -5.90784 -130.752 -28.5133 -13.847 -129.392 -24.3669 -6.23399 -130.715 
-28.9534 -12.5678 -129.208 -29.1516 -10.9311 -129.278 -29.1288 -9.35274 -129.909 
-26.276 -6.851 -130.164 -28.6472 -8.31818 -129.962 -27.7639 -7.62238 -129.736 
25.7904 -25.773 -134.735 27.1665 -24.1394 -134.774 27.541 -23.1124 -135.078 
24.3173 -26.2909 -133.312 27.8336 -20.3751 -135.825 27.7581 -19.0096 -136.795 
21.4589 -27.2737 -133.566 27.8149 -18.0353 -136.825 27.8834 -15.3378 -137.478 
28.0763 -14.332 -137.288 28.0916 -12.5199 -137.538 19.1603 -27.2708 -133.106 
27.8196 -10.7779 -137.829 26.9069 -9.99644 -138.623 16.3493 -26.7478 -133.04 
26.2936 -8.28365 -138.08 13.1249 -26.2699 -133.084 21.3432 -5.33805 -138.109 
10.936 -26.186 -133.192 18.9401 -4.50278 -138.079 6.83564 -26.1686 -132.414 
5.60798 -25.651 -131.712 15.3264 -2.84558 -136.775 3.72853 -24.9486 -131.034 
12.0147 -2.77927 -136.722 10.247 -3.54918 -137.014 8.40571 -4.64192 -136.453 
7.25823 -5.61416 -136.12 6.25436 -6.56328 -135.278 5.01862 -7.4832 -135.469 
-2.00186 -22.3792 -129.467 -2.84156 -23.0034 -129.665 3.81339 -8.34204 -134.793 
2.60434 -8.87898 -134.939 -3.59796 -21.442 -128.769 0.824594 -9.86589 -133.932 
1.96898 -9.40155 -134.253 -0.805253 -9.88395 -134.465 -6.72004 -22.0216 -127.978 
-0.662946 -10.7729 -132.464 -3.34682 -10.1785 -133.622 -8.53767 -23.3949 -128.411 
-9.98052 -22.848 -127.852 -6.21305 -9.59784 -133.569 -12.7439 -22.4729 -127.668 
-15.2063 -21.9925 -128.414 -17.1197 -20.954 -128.422 -11.3875 -7.88984 -133.509 
-19.12 -20.0033 -128.739 -12.4812 -7.78232 -132.5 -13.8854 -7.33543 -132.304 
-15.2702 -6.87205 -131.626 -16.6857 -6.3335 -130.432 -23.0247 -17.774 -128.1 
-19.2185 -5.76753 -129.487 -24.6137 -16.5584 -127.689 -25.5197 -15.149 -126.775 
-27.0262 -14.5592 -127.728 -27.9621 -13.6819 -128.29 -28.065 -11.7663 -127.432 
-28.261 -9.6545 -127.682 -28.5558 -8.67924 -128.91 -28.1985 -8.09961 -128.984 
26.4592 -24.7964 -133.524 25.7698 -25.6204 -133.612 27.8043 -21.8055 -134.9 
27.9266 -20.878 -133.871 28.0931 -18.3554 -134.939 22.7103 -26.8247 -132.567 
28.3292 -15.4831 -135.889 28.5897 -13.4641 -136.16 21.9118 -27.016 -132.449 
28.7154 -11.4671 -136.356 28.6874 -12.3681 -136.334 21.1582 -27.054 -132.301 
28.3693 -11.1909 -137.132 28.5156 -10.3017 -136.507 20.2587 -27.219 -132.582 
27.7186 -9.21502 -137.209 19.4926 -27.1405 -132.353 27.3165 -8.4594 -137.363 
18.6068 -26.9114 -132.206 27.6202 -8.09958 -136.424 26.8788 -7.13215 -136.311 
25.5828 -6.69483 -137.12 24.1187 -5.48296 -136.598 14.2199 -25.8463 -131.948 
11.948 -24.9541 -131.162 20.3072 -4.01869 -136.859 18.5019 -3.1476 -136.181 
9.05273 -24.7299 -130.839 7.41603 -25.3862 -131.436 13.5416 -2.50601 -136.499 
2.18625 -23.9018 -130.205 10.7952 -2.59519 -135.228 9.34155 -3.55006 -135.318 
8.33076 -4.43759 -134.753 7.39475 -5.49088 -134.788 -0.161235 -22.3704 -129.495 
5.08991 -7.75267 -133.888 3.82114 -8.85897 -133.197 -1.48253 -20.9908 -128.916 
2.86741 -9.11376 -133.952 2.21621 -10.0425 -132.436 -4.74448 -20.3775 -127.9 
-3.85481 -20.4383 -128.306 -6.21795 -21.0044 -127.508 -7.93364 -22.077 -127.441 
-6.74678 -21.4647 -127.488 -7.09659 -21.6954 -127.459 -3.17114 -11.2492 -131.407 
-7.81934 -21.372 -126.923 -8.76752 -22.2302 -127.246 -5.46516 -10.6381 -131.789 
-9.72742 -22.2694 -127.033 -10.9669 -22.491 -127.141 -8.16614 -9.82252 -131.548 
-14.2778 -21.5079 -126.781 -15.791 -21.2861 -127.532 -10.9527 -8.54607 -131.738 
-13.01 -7.7843 -131.192 -18.0041 -19.9193 -127.262 -19.4913 -19.2175 -127.445 
-20.8351 -18.1942 -126.872 -14.2562 -7.23227 -130.949 -14.8442 -6.84493 -129.456 
-22.5363 -16.7715 -126.151 -24.1522 -16.1306 -126.59 -26.8763 -13.5904 -126.832 
-21.2803 -5.60892 -129.088 -22.8201 -5.80118 -128.874 -24.5045 -6.24436 -128.611 
-27.873 -10.5368 -126.74 -25.238 -6.68522 -127.484 -27.9204 -8.37142 -127.961 
-27.5887 -7.78433 -128.387 -26.6829 -7.27983 -128.212 27.252 -23.6408 -133.394 
27.656 -22.474 -133.458 25.6581 -25.3809 -132.864 23.7905 -25.9296 -131.618 
23.329 -26.4814 -132.189 28.5583 -16.1488 -133.321 28.7785 -14.1369 -134.803 
29.0198 -12.2721 -135.037 22.1643 -26.3639 -131.398 29.06 -10.6273 -135.163 
28.7609 -9.04497 -134.84 20.0581 -26.7208 -131.645 27.8903 -6.90705 -133.947 
18.2149 -26.0472 -131.042 26.1739 -5.93942 -135.306 15.5941 -25.1895 -130.658 
22.3059 -4.08003 -135.697 20.5506 -3.481 -135.879 6.9972 -23.8805 -129.887 
16.3361 -1.72961 -134.548 14.555 -2.06332 -135.591 4.47469 -22.9824 -129.187 
13.1714 -1.62427 -134.44 8.79024 -3.82106 -133.841 9.71287 -2.91482 -134.175 
10.5379 -2.05302 -133.223 1.059 -23.2549 -129.865 2.25384 -21.9115 -128.809 
7.81995 -5.08314 -133.417 0.921312 -21.2912 -128.814 6.55523 -6.69418 -133.081 
0.0119531 -20.4206 -128.575 5.1835 -8.51702 -131.813 3.80918 -9.32479 -132.202 
-1.19394 -19.8639 -128.453 -2.06155 -20.2475 -128.574 -2.09139 -19.3505 -128.054 
-0.367699 -11.399 -131.38 -1.18244 -11.6982 -130.7 -0.104815 -11.6224 -130.843 
0.577191 -11.8066 -129.842 0.564055 -11.206 -131.319 -3.15664 -18.8913 -127.58 
-3.5332 -19.8391 -128.086 -4.14157 -19.2814 -127.541 -4.85726 -19.6257 -127.454 
-5.84228 -20.0701 -127.078 -4.85891 -11.4311 -130.423 -11.1758 -21.7699 -126.375 
-6.67125 -10.9611 -130.252 -8.29451 -10.5005 -129.782 -9.97461 -9.63635 -129.734 
-16.2684 -20.4894 -126.545 -12.176 -8.3539 -129.659 -17.9122 -18.7537 -125.194 
-13.6992 -7.50826 -129.98 -20.3022 -17.1899 -124.937 -15.8071 -5.99912 -126.985 
-23.7636 -15.5197 -125.582 -24.6395 -14.839 -125.592 -25.112 -13.708 -125.158 
-21.4994 -5.53019 -128.045 -20.4188 -5.48325 -128.104 -26.4991 -12.22 -125.68 
-22.057 -5.62569 -127.605 -27.034 -10.8379 -125.813 -23.0558 -5.94191 -127.025 
-27.3065 -9.84878 -126.055 -24.3869 -6.28631 -127.378 -27.3484 -9.20009 -126.262 
-27.2874 -8.56785 -126.704 -26.9906 -7.83254 -127.217 -25.744 -7.31852 -126.415 
26.6513 -23.9256 -132.039 25.1479 -24.6158 -131.095 27.2205 -23.0104 -131.98 
27.6246 -21.8123 -132.121 27.9492 -20.1432 -132.475 28.2222 -18.4764 -132.622 
29.024 -13.6224 -133.607 29.2992 -12.1976 -133.587 29.3847 -11.1688 -133.832 
29.3768 -10.1248 -133.814 20.6838 -25.4323 -130.01 24.8131 -4.59213 -134.338 
14.0941 -23.3862 -129.222 21.086 -2.99709 -134.572 10.4086 -23.0824 -129.327 
12.0651 -23.5155 -129.661 19.4433 -1.93836 -133.505 8.87324 -21.8793 -128.094 
6.76158 -21.8173 -127.888 7.49756 -5.94186 -131.737 8.34108 -4.45707 -132.3 
9.208 -3.18154 -132.81 1.46086 -20.496 -128.25 6.63837 -7.46583 -130.976 
0.945929 -19.4913 -127.799 3.99215 -9.77067 -131.175 5.29006 -9.53839 -129.688 
-0.428211 -19.1625 -127.928 3.07157 -10.6636 -130.524 4.12294 -10.28 -130.137 
1.74919 -11.1286 -130.739 2.228 -11.4898 -129.492 -0.908612 -18.3992 -127.424 
1.52594 -11.8371 -129.271 -2.08366 -18.1606 -127.07 -1.21745 -12.1076 -129.314 
-3.98905 -18.5357 -126.67 -3.24155 -11.8943 -129.552 -4.86839 -19.2397 -127.081 
-5.60325 -19.2671 -126.382 -7.10779 -20.1482 -126.008 -5.40727 -11.5772 -129.313 
-9.03869 -20.9298 -125.67 -11.0422 -20.8514 -124.796 -7.17903 -11.0712 -128.8 
-13.0376 -21.1399 -125.473 -8.83357 -10.44 -128.777 -9.64512 -10.0336 -128.494 
-14.6198 -20.7477 -125.562 -10.7488 -9.2767 -128.332 -15.5468 -19.9441 -124.953 
-12.2062 -8.26714 -128.098 -13.4243 -7.52327 -128.617 -13.8348 -6.92092 -127.364 
-18.9026 -16.7079 -123.232 -20.5684 -16.6858 -124.479 -21.1394 -16.3493 -124.539 
-22.2868 -15.5987 -124.59 -23.1183 -15.0052 -124.575 -18.0417 -5.53805 -127.416 
-23.2818 -14.5582 -124.297 -23.9455 -14.6582 -124.884 -23.754 -13.9335 -124.178 
-19.2252 -5.4396 -127.431 -24.421 -13.4142 -124.299 -24.5208 -12.9622 -124.14 
-25.0669 -12.1578 -124.306 -20.5249 -5.48571 -126.367 -25.8088 -11.0561 -124.66 
-25.6656 -9.52538 -124.498 -26.7816 -9.30216 -125.531 -26.4811 -8.76622 -125.507 
-24.14 -6.36982 -126.529 -26.1569 -8.00931 -125.811 -24.0122 -6.8171 -125.191 
26.4833 -23.2269 -130.731 27.1335 -22.3899 -130.941 27.4157 -21.2079 -130.734 
27.9054 -19.5286 -131.166 28.2504 -17.8983 -131.646 28.3963 -16.4815 -131.195 
28.8677 -14.5952 -132.12 29.2324 -12.9005 -132.517 29.4466 -11.7317 -132.787 
23.361 -25.3655 -130.506 29.5518 -10.7866 -132.279 29.4962 -9.41484 -132.523 
22.3364 -25.3995 -130.093 29.0985 -8.01224 -132.195 18.2925 -24.5914 -129.321 
26.6983 -5.29255 -133.106 16.2801 -24.1527 -129.315 23.3041 -3.37988 -133.391 
21.8475 -2.44192 -132.75 12.1144 -22.6549 -128.934 11.5737 -22.1936 -128.629 
11.2803 -22.0213 -128.488 10.6864 -21.8032 -128.242 17.662 -1.17556 -133.113 
16.5641 -1.0013 -133.277 15.4006 -0.954992 -133.365 14.1748 -0.476868 -132.35 
4.81195 -21.0166 -127.421 2.80722 -19.6704 -127.036 11.74 -0.82335 -132.007 
7.38461 -6.7185 -130.235 8.021 -5.34362 -130.58 8.66751 -3.82256 -131.286 
9.39938 -2.55195 -131.663 10.1896 -1.57406 -131.693 6.7787 -8.17133 -128.948 
6.06888 -8.47585 -130.308 0.682768 -18.3576 -126.851 3.91647 -10.7949 -129.11 
1.6945 -11.8195 -128.423 2.95511 -11.4922 -128.443 -0.713711 -17.8421 -126.824 
-0.110554 -12.0157 -128.107 -1.26735 -17.5405 -126.362 -2.45319 -17.5801 -125.905 
-2.12077 -12.0901 -128.198 -4.14273 -18.1103 -125.25 -4.62524 -11.6022 -127.592 
-5.26029 -18.7787 -125.714 -6.40755 -19.3837 -125.442 -8.19965 -20.0085 -124.346 
-10.9081 -20.1496 -123.22 -8.32496 -10.3339 -127.215 -13.3389 -20.2852 -124.066 
-15.1183 -19.127 -123.283 -10.9342 -8.65168 -126.753 -16.5219 -17.5125 -122.174 
-12.626 -7.62315 -127.116 -20.2679 -16.3771 -123.901 -20.9 -15.2384 -123.224 
-22.5161 -14.468 -123.721 -23.0678 -13.4755 -123.373 -23.9355 -13.2033 -123.812 
-23.5612 -12.4317 -123.202 -24.2785 -10.7119 -123.298 -21.7273 -5.82977 -125.189 
-23.1804 -6.22434 -125.628 -25.3576 -8.37733 -124.607 -24.8445 -7.60742 -124.812 
26.6219 -22.0481 -129.745 25.5673 -22.9012 -129.303 26.9921 -21.231 -129.677 
27.3322 -20.1495 -129.744 27.9016 -18.3499 -130.294 24.5712 -23.5372 -129.117 
27.8056 -16.4853 -129.276 28.6378 -14.9576 -130.743 23.0448 -24.187 -129.134 
29.0383 -13.5861 -131.37 29.3278 -12.2408 -131.542 20.7877 -23.9837 -128.538 
28.3586 -6.36615 -130.565 19.3593 -23.3478 -128.109 27.7342 -5.83521 -132.132 
17.0789 -22.9849 -128.295 25.339 -3.97911 -131.922 15.1514 -22.15 -128.109 
12.8985 -21.1385 -127.744 21.1542 -1.53089 -131.139 18.8907 -1.03718 -132.035 
10.5057 -21.0162 -127.515 11.1786 -20.0031 -126.717 16.7256 -0.51346 -132.062 
9.27099 -20.3621 -126.617 8.07076 -21.164 -127.266 8.16607 -20.6529 -126.69 
7.49204 -20.8864 -126.861 6.57444 -20.4955 -126.365 15.1591 0.0997984 -131.183 
5.63849 -20.2306 -126.277 4.7439 -19.633 -125.861 13.2065 0.268694 -130.51 
3.82699 -19.1785 -125.894 3.3655 -18.8973 -125.847 7.66396 -6.46036 -129.203 
8.0223 -5.48812 -129.497 8.31575 -4.52485 -129.824 8.78143 -3.17702 -130.234 
9.41318 -1.82812 -130.267 10.371 -0.964624 -130.837 11.1936 -0.178457 -130.277 
2.47434 -18.2916 -125.591 5.34452 -10.1866 -127.897 6.07221 -9.39988 -128.364 
4.02842 -11.0481 -127.652 2.8296 -11.5164 -127.452 1.6701 -11.3464 -126.269 
-0.120771 -17.5039 -126.054 -1.00337 -17.2616 -125.537 -1.40469 -11.6682 -126.406 
-1.64307 -17.212 -125.16 -2.32761 -17.2935 -125.106 -3.05824 -17.5391 -125.138 
-3.35419 -11.3847 -125.645 -5.88011 -18.9754 -124.439 -5.53385 -11.001 -125.713 
-7.18933 -10.3019 -125.438 -12.3945 -19.9775 -122.871 -13.325 -19.6376 -122.726 
-8.77056 -9.16503 -125.034 -11.6695 -7.057 -124.726 -19.8533 -15.9254 -123.085 
-14.0044 -5.85409 -124.5 -21.7407 -13.3673 -122.352 -17.886 -5.40017 -125.876 
-22.1002 -11.2888 -121.611 -20.172 -5.52055 -124.381 -20.5561 -5.81081 -123.342 
-24.1413 -8.82504 -123.209 -24.8174 -8.63516 -123.9 -24.2876 -9.54937 -123.198 
-24.0959 -8.06572 -123.556 -22.2176 -6.29993 -124.115 26.4901 -20.7747 -128.828 
26.9427 -19.7841 -128.86 27.335 -18.8282 -129.163 25.8221 -21.7882 -128.679 
25.1301 -22.0815 -128.278 24.0518 -23.2866 -128.523 24.6403 -22.7555 -128.401 
23.692 -22.8124 -128.071 28.7872 -13.4679 -129.855 29.3859 -11.4215 -130.418 
29.5892 -9.93684 -130.732 29.5394 -8.76898 -130.943 29.185 -7.75867 -130.124 
22.3087 -22.9339 -127.873 20.8244 -22.8489 -127.682 19.6323 -21.611 -127.237 
27.0555 -4.94325 -130.886 16.5675 -20.8469 -127.214 23.5318 -2.69844 -131.202 
12.7193 -18.9877 -126.225 18.9679 -0.315362 -130.086 10.7786 -18.5433 -125.108 
9.05864 -19.4357 -125.358 16.6582 0.208846 -130.433 7.97289 -20.0956 -125.885 
15.3044 0.567405 -129.957 6.03183 -19.6716 -125.197 3.9475 -18.5401 -124.327 
6.39736 -9.27012 -127.247 7.03561 -8.25103 -127.372 7.44741 -7.163 -127.848 
7.9242 -5.51024 -128.291 11.8281 0.387029 -129.658 12.5394 0.845734 -128.816 
2.84664 -17.8913 -124.275 5.05052 -10.4154 -126.715 5.79273 -9.98687 -126.969 
8.3584 -3.83844 -128.811 8.75224 -2.60491 -129.136 9.06696 -1.36413 -128.132 
9.99684 -0.682061 -129.481 2.05187 -17.6527 -124.657 3.72147 -10.9456 -126.419 
1.12115 -17.6113 -125.421 0.142887 -17.2488 -124.866 -0.820913 -17.1722 -124.427 
-1.73647 -17.2412 -124.312 0.115564 -10.5492 -124.106 -2.66549 -17.4432 -124.37 
-1.7472 -11.2372 -125.082 -3.5239 -17.7675 -124.434 -4.49846 -18.3377 -123.63 
-4.38524 -10.997 -124.97 -6.92494 -19.4193 -123.251 -8.4208 -19.5772 -121.972 
-5.11525 -10.8836 -124.975 -5.37988 -10.228 -124.322 -11.6992 -19.4374 -121.621 
-7.27512 -9.94894 -124.796 -7.20638 -9.59662 -124.303 -13.759 -18.9338 -121.836 
-14.9482 -18.4089 -121.973 -9.27851 -8.1272 -124.028 -18.0973 -15.6256 -121.28 
-19.5353 -15.3022 -122.191 -20.3665 -14.2296 -121.867 -15.4532 -5.30333 -123.758 
-20.5719 -13.2748 -121.259 -21.1738 -12.5611 -121.334 -18.1966 -5.27234 -123.523 
-23.0651 -9.47423 -122.167 -19.5429 -5.4806 -123.379 -23.0345 -8.32546 -122.393 
-23.1761 -7.79442 -122.825 -23.4743 -7.42588 -123.537 -22.3869 -6.92573 -123.026 
-20.7733 -6.41338 -121.939 24.8931 -20.8071 -127.725 26.338 -18.6851 -128.004 
24.3956 -22.0245 -127.861 26.5435 -15.9482 -127.256 27.7961 -14.3935 -128.104 
28.461 -12.8537 -128.361 29.0254 -11.9042 -129.085 29.2791 -10.5209 -129.096 
23.3203 -21.7724 -127.46 29.2953 -8.83216 -129.096 21.78 -21.9144 -127.279 
25.5047 -3.45945 -128.9 16.8755 -19.5012 -126.547 15.3892 -19.6958 -126.775 
23.1501 -1.92246 -129.304 14.168 -19.191 -126.558 15.4262 -18.662 -126.245 
16.6154 -18.8896 -126.289 21.481 -0.916441 -128.873 14.7107 -17.6936 -125.63 
12.9743 -17.6587 -125.26 9.27604 -18.8378 -124.534 17.2023 0.802367 -128.287 
8.22553 -19.1688 -124.37 7.09137 -19.5611 -124.737 14.4831 1.00462 -128.764 
5.3318 -19.0397 -124.239 5.00471 -18.6298 -123.276 6.78554 -8.54245 -126.454 
7.21869 -7.66198 -126.792 7.47825 -6.45271 -126.851 3.20716 -17.9178 -123.43 
5.92322 -9.68856 -126.316 6.43598 -9.18686 -126.345 7.7136 -5.3834 -127.013 
7.96565 -4.20374 -127.269 8.39596 -2.85597 -127.874 10.8898 0.344715 -128.591 
2.81293 -17.7287 -123.607 2.28347 -17.5881 -123.628 4.93414 -9.8234 -125.446 
9.84263 -0.338956 -128.376 1.27382 -17.3867 -124.054 3.47513 -10.5115 -125.234 
0.228163 -17.293 -123.278 -1.07373 -17.3663 -122.979 -2.13418 -17.4817 -123.304 
-3.1646 -17.8212 -123.26 -4.02892 -18.334 -122.1 -2.61033 -10.7293 -124.3 
-4.96322 -18.6693 -122.496 -5.64888 -18.974 -122.117 -5.72887 -18.9553 -123.049 
-6.53441 -19.2546 -122.325 -9.6378 -19.1317 -120.008 -6.95494 -8.52996 -123.04 
-12.9317 -18.7257 -120.874 -9.22169 -7.60203 -123.369 -14.3201 -17.8042 -120.573 
-16.2669 -15.8613 -119.776 -12.7989 -5.5436 -122.727 -19.4067 -13.9125 -120.767 
-20.4576 -12.2637 -120.546 -21.8775 -9.76871 -121.049 -21.7207 -8.7449 -120.957 
-19.0244 -5.51334 -122.163 -19.7895 -5.89392 -121.815 -22.221 -7.67741 -121.965 
-21.1529 -7.1246 -121.278 25.2995 -17.2817 -126.774 24.5408 -18.8015 -126.912 
26.9569 -14.3774 -126.994 27.5232 -12.9447 -127.009 28.6033 -11.4452 -127.853 
28.809 -9.78204 -127.6 22.4165 -20.1014 -126.801 25.235 -16.0391 -126.323 
28.502 -6.96032 -128.002 28.0475 -5.8247 -128.514 18.8869 -18.4603 -126.013 
27.4099 -5.07459 -129.059 23.4471 -1.49673 -126.468 16.4755 -18.0454 -125.858 
16.7835 -16.5792 -124.959 15.2635 -16.403 -124.764 14.1723 -16.5069 -124.649 
12.6252 -16.7627 -124.211 20.3766 0.150333 -127.147 11.2495 -17.2876 -123.865 
10.3141 -17.7848 -123.667 9.66807 -18.3088 -123.897 8.91626 -18.5489 -123.662 
8.27041 -18.5762 -123.119 7.32061 -18.8833 -123.224 6.33244 -19.0552 -123.621 
15.4736 1.46835 -127.105 5.68066 -18.7439 -123.017 13.5316 1.44728 -127.244 
5.37056 -18.5141 -122.385 4.61931 -18.3462 -122.414 6.79796 -7.39758 -125.69 
11.9286 1.12259 -127.525 3.49049 -17.939 -121.776 6.17603 -8.88309 -125.687 
7.25899 -5.00888 -125.571 10.9953 0.935489 -126.986 2.74761 -17.7042 -122.91 
8.00777 -2.30851 -125.884 8.95028 -0.684277 -126.445 9.88311 0.130416 -127.115 
1.71963 -17.5357 -122.136 4.04039 -9.43911 -124.112 0.0466997 -17.5441 -121.091 
2.49412 -10.1959 -124.208 -2.25933 -17.8713 -121.309 -1.15919 -10.0737 -123.186 
-5.01063 -18.7555 -121.617 -6.14302 -19.0964 -121.18 -2.65422 -9.73482 -122.936 
-7.30364 -19.1614 -119.856 -4.41636 -9.17926 -122.735 -11.9724 -18.3262 -119.533 
-8.6812 -6.57345 -121.752 -11.0459 -6.06557 -122.532 -17.9941 -14.3741 -119.834 
-13.7591 -4.96008 -121.666 -18.9061 -12.3849 -119.006 -15.3965 -4.90688 -121.314 
-17.266 -5.15588 -120.987 -20.5648 -10.1458 -119.782 -18.2955 -5.46561 -120.827 
-20.7609 -8.77786 -119.907 -20.5173 -7.92879 -119.822 -19.1359 -6.09463 -120.192 
-19.0125 -5.71522 -121.105 -19.6168 -6.92616 -119.461 23.1539 -16.6883 -125.8 
25.5022 -14.0767 -125.799 27.6293 -10.8457 -126.151 28.2013 -8.96272 -126.267 
28.7451 -8.36409 -127.372 26.8337 -12.4584 -126.022 27.1314 -5.02792 -126.939 
20.7848 -16.4152 -125.223 21.8516 -14.9086 -124.663 25.6041 -3.31125 -126.139 
19.1337 -15.509 -124.468 17.3548 -15.1125 -123.951 15.4184 -15.0497 -123.386 
13.9316 -15.861 -123.903 13.4053 -15.4058 -122.866 11.8902 -16.3671 -122.993 
9.33046 -17.6968 -122.316 10.7223 -17.0982 -122.953 7.79797 -18.347 -122.214 
17.356 1.48551 -125.77 6.42205 -18.434 -121.794 5.26657 -18.3311 -121.586 
4.64936 -18.1523 -121.205 12.2007 1.59605 -125.713 10.6127 1.02437 -125.827 
5.40613 -8.00422 -124.211 6.36293 -6.45952 -124.511 7.49433 -3.551 -125.395 
9.46264 0.368491 -125.277 7.17322 -3.23602 -124.559 7.49828 -2.06411 -124.569 
8.63712 -0.672254 -125.521 3.98665 -8.30215 -122.99 3.20173 -9.22694 -123.232 
1.96624 -9.44358 -122.926 0.951645 -9.70207 -122.875 0.152488 -9.5191 -122.55 
-4.42281 -18.5934 -120.344 -1.06602 -9.52568 -122.452 -5.81878 -18.9675 -120.014 
-1.48641 -9.06963 -121.978 -2.65324 -8.67585 -121.739 -4.43442 -8.22801 -121.658 
-8.43764 -18.9384 -118.72 -9.93602 -18.421 -118.144 -5.58287 -8.12038 -121.879 
-5.92106 -7.4397 -121.317 -13.8506 -16.3887 -117.978 -10.8625 -5.3358 -121.011 
-15.8136 -15.1011 -118.282 -17.1387 -14.0754 -118.562 -12.4915 -4.99923 -121.197 
-17.6069 -12.8112 -117.704 -18.3881 -12.0557 -117.959 -18.6661 -11.4177 -117.866 
-19.2541 -10.6897 -118.292 -19.3167 -9.42723 -117.959 -20.1598 -8.83447 -119.133 
-18.3909 -5.66205 -120.141 -17.2671 -5.31395 -119.487 26.2799 -11.9377 -125.309 
26.5748 -10.8586 -125.05 27.0021 -10.0547 -125.098 27.6053 -9.39296 -125.479 
26.9368 -9.19588 -124.763 27.4662 -8.27369 -125.158 28.0447 -7.52994 -126.147 
23.3816 -14.9198 -125.114 24.9977 -12.0385 -124.545 25.8952 -11.2887 -124.721 
27.63 -6.30224 -126.036 22.8211 -15.5256 -125.152 23.45 -13.3742 -124.446 
21.9243 -13.0544 -123.685 26.1762 -4.21378 -124.772 20.2593 -13.5944 -123.444 
17.8912 -13.5882 -122.568 21.6748 0.0657419 -125.309 14.1793 -14.6112 -122.131 
14.9853 -13.9339 -121.614 20.7029 0.592445 -125.531 13.6045 -14.7453 -121.93 
20.1229 0.743858 -125.834 13.2614 -14.9089 -121.868 12.4589 -15.4272 -121.833 
19.0596 0.930109 -126.305 10.9485 -16.4163 -121.771 10.022 -16.7889 -121.123 
9.25264 -16.8619 -120.083 7.91609 -17.8674 -121.085 14.8661 1.96165 -125.078 
5.51478 -18.1133 -120.461 4.51304 -17.9581 -120.047 3.60609 -17.8204 -119.728 
2.31912 -17.6795 -119.986 6.45747 -5.58539 -124.283 10.8375 1.55356 -123.919 
1.28457 -17.5669 -120.587 5.31502 -5.85268 -122.967 6.53613 -4.71776 -124.108 
7.72985 -1.49455 -124.52 8.36853 -0.456769 -124.321 9.38431 0.866049 -123.624 
6.19814 -3.65363 -123.063 7.17211 -1.42302 -123.013 2.99669 -8.53768 -122.492 
3.0242 -7.23598 -121.692 4.54886 -7.3361 -122.877 2.1407 -8.53475 -122.092 
-0.763447 -17.8434 -118.231 1.30377 -9.12347 -122.304 0.940968 -8.36249 -121.592 
-2.96926 -18.2423 -119.194 -4.07542 -18.5164 -118.889 -0.410532 -8.97582 -121.877 
-0.827586 -8.13495 -121.086 -5.46032 -18.7696 -118.776 -7.0773 -18.8629 -118.281 
-2.18924 -7.23676 -120.278 -8.07639 -18.4257 -117.114 -4.31468 -7.36293 -120.679 
-5.03376 -7.86092 -121.384 -6.08298 -6.41898 -120.31 -4.86724 -6.81992 -120.26 
-11.5573 -17.534 -117.58 -9.03859 -5.44457 -120.309 -15.789 -14.0473 -116.912 
-12.4155 -4.55519 -119.504 -16.9996 -12.9353 -117.04 -17.4319 -12.4688 -117.093 
-17.8618 -11.7876 -117.08 -15.0787 -4.71827 -118.667 -18.3538 -10.4496 -116.915 
-16.3053 -5.22154 -117.439 -19.5124 -8.43641 -118.254 -18.8898 -7.72938 -117.586 
-17.7305 -5.74091 -118.611 -18.0974 -6.3853 -117.723 25.7406 -10.255 -124.254 
26.2338 -8.29195 -123.933 26.8894 -6.73367 -124.499 26.899 -5.43198 -125.109 
23.2769 -11.0778 -123.148 21.1342 -12.1345 -122.735 24.9319 -2.69847 -124.088 
19.7098 -12.3293 -122.167 23.9646 -1.47252 -124.146 23.1243 -0.737836 -124.62 
15.9442 -13.4697 -121.546 15.4156 -13.4843 -121.285 20.9216 0.608984 -125.043 
20.3192 0.881622 -124.155 13.6344 -14.2522 -120.654 11.7832 -15.4438 -120.671 
10.6395 -16.1274 -120.433 7.03467 -17.6293 -119.553 5.50889 -17.8093 -119.066 
4.40781 -17.713 -118.364 13.1309 2.24625 -123.336 3.1439 -17.7214 -118.695 
1.91442 -17.6721 -118.037 0.986415 -17.6396 -119.505 8.56254 0.706105 -122.186 
4.93331 -3.98299 -121.483 5.95497 -2.61887 -122.039 -3.53729 -18.2879 -117.424 
0.563527 -6.78755 -120.153 -0.778281 -7.42619 -120.43 -5.8247 -18.438 -116.783 
-3.62983 -6.86645 -119.991 -3.90953 -5.93967 -119.108 -9.93168 -17.3068 -115.74 
-4.18615 -6.7823 -120 -12.1065 -16.7392 -116.615 -7.15193 -5.33742 -119.335 
-12.9846 -16.1757 -116.541 -9.47989 -4.75668 -119.253 -13.7882 -15.4197 -116.339 
-16.8488 -12.5159 -116.442 -16.9478 -11.3307 -115.529 -13.1704 -4.24407 -117.858 
-18.4493 -9.45041 -116.67 -18.5778 -8.71709 -116.822 -18.417 -7.00561 -117.39 
-17.7386 -7.34453 -115.846 -16.7755 -5.80354 -116.198 24.8634 -9.23285 -123.211 
25.0495 -7.65648 -122.627 26.0707 -7.14937 -123.443 26.2023 -5.19477 -123.75 
23.9094 -9.04435 -122.395 22.6556 -9.47905 -121.688 25.7546 -6.24347 -122.957 
25.3787 -4.96481 -122.393 21.2844 -10.7639 -121.681 25.5215 -3.96094 -123.129 
20.5383 -11.6582 -122.023 20.0926 -11.2459 -121.327 18.2994 -11.7249 -120.525 
23.4231 -0.86625 -123.43 22.3843 -0.15549 -123.947 16.7111 -12.6817 -120.749 
15.2502 -13.3855 -120.863 15.8706 -12.9816 -120.656 11.3268 -15.1306 -118.731 
17.3388 2.00976 -123.372 8.74076 -16.4049 -117.749 15.2928 2.45138 -122.843 
6.22855 -17.2263 -117.149 11.4154 2.29047 -121.252 3.36749 -17.6544 -117.614 
9.90171 1.53321 -122.41 6.21132 -1.62022 -121.602 6.69098 -0.620518 -121.194 
7.51094 0.154065 -121.35 3.47611 -5.39745 -120.722 5.20106 -2.44769 -120.699 
5.97608 -1.13061 -120.567 6.38513 -0.613954 -120.646 2.35335 -6.08944 -120.288 
2.68931 -5.58471 -120.074 3.16523 -3.71841 -119.197 -2.07018 -17.9662 -116.052 
1.84163 -5.896 -119.789 2.33246 -5.6941 -119.871 1.39402 -5.64271 -119.37 
-0.698217 -6.35923 -119.422 -1.5815 -6.01015 -119.015 -6.88974 -17.8071 -114.88 
-5.3483 -4.20473 -117.039 -12.2321 -15.9181 -115.357 -7.81342 -4.35707 -117.96 
-13.9161 -14.3804 -114.966 -9.60749 -3.95159 -117.469 -15.632 -12.849 -115.221 
-11.6035 -3.89694 -117.07 -17.418 -9.59755 -115.189 -13.2325 -4.05928 -116.018 
-14.9854 -4.70229 -116.389 -17.7341 -8.21132 -115.504 -17.6046 -6.7743 -116.151 
-17.1233 -6.38481 -115.728 24.4218 -6.17992 -121.404 23.5889 -7.90746 -121.466 
24.6671 -4.70681 -121.257 25.0975 -4.03163 -122.003 21.5332 -9.44862 -120.766 
22.3533 -8.39542 -120.676 22.9993 -6.82515 -120.254 24.767 -3.06414 -122.024 
20.552 -10.7159 -121.112 20.2418 -10.7164 -120.883 20.3858 -10.1519 -120.442 
24.0637 -1.70466 -122.476 19.7046 -10.8533 -120.626 22.7122 -0.35668 -122.28 
16.7108 -12.1608 -119.824 15.5655 -12.8199 -119.941 21.5312 0.674464 -120.94 
14.465 -13.1533 -119.089 13.254 -13.9133 -118.992 19.2984 1.85457 -121.003 
10.0925 -15.4639 -117.04 16.7492 2.57059 -121.204 8.09067 -16.2481 -115.804 
14.3614 2.73036 -121.167 4.29225 -17.4855 -116.603 2.88498 -17.569 -116.587 
1.29299 -17.6214 -116.17 9.58084 1.68022 -121.274 8.75836 1.39914 -120.827 
7.04676 0.0627444 -120.686 8.11574 0.9509 -120.873 7.56217 0.743012 -120.092 
-0.620027 -17.7761 -115.599 6.445 -0.217859 -119.883 4.80943 -1.43576 -118.799 
-1.87429 -17.8712 -115.004 -3.54576 -17.8343 -114.251 2.39832 -5.2641 -119.661 
1.76032 -4.90956 -119.007 1.5267 -4.46676 -118.468 0.243949 -5.29945 -118.613 
-1.59906 -5.11416 -118.078 -7.89056 -16.7555 -112.676 -2.7406 -4.51643 -117.307 
-10.6092 -15.8515 -113.47 -7.57903 -3.80785 -116.791 -12.3469 -14.9519 -113.849 
-13.1689 -14.0357 -113.425 -14.4005 -13.0034 -113.67 -8.41745 -3.51658 -116.27 
-10.0855 -3.54703 -116.273 -9.27055 -3.53041 -116.363 -15.7144 -11.8883 -114.226 
-10.6824 -3.34143 -115.004 -16.314 -10.8263 -114.152 -14.2906 -4.43257 -114.55 
-16.3693 -8.54391 -113.13 -17.1462 -7.70506 -114.57 -16.5885 -6.9184 -113.9 
-15.479 -5.12907 -114.849 -16.4556 -6.14063 -114.574 -15.9414 -5.67796 -114.186 
23.7544 -6.08273 -120.565 23.6893 -5.3604 -120.214 24.2215 -4.19239 -120.521 
24.6814 -3.79256 -121.258 20.9059 -8.32415 -119.29 24.2109 -3.236 -120.604 
24.1178 -2.31389 -121.034 19.2211 -10.6129 -119.952 19.3079 -9.81777 -119.12 
23.4888 -1.29961 -120.854 18.2087 -10.7848 -119.181 22.7623 -0.33209 -120.605 
16.2481 -11.8038 -118.561 13.5564 -13.2628 -117.617 11.065 -14.3786 -115.6 
18.0266 2.60883 -119.177 9.37106 -15.6615 -116.079 15.9804 2.92283 -119.472 
5.18094 -17.1646 -115.413 3.356 -17.3146 -114.66 13.4633 3.03439 -118.655 
10.9816 2.59427 -119.14 9.48317 1.94276 -119.926 0.920412 -17.4886 -114.033 
8.38691 1.35749 -120.151 8.34989 1.50117 -119.243 7.25408 0.968041 -118.396 
-1.18838 -17.7213 -114.242 5.93972 0.00678402 -118.241 3.41709 -2.26741 -117.863 
3.897 -1.64065 -117.688 1.51217 -3.7932 -117.782 2.33437 -2.91222 -117.433 
3.45755 -1.82336 -117.307 -0.253655 -3.75097 -116.756 1.31023 -3.23521 -116.965 
0.797633 -4.36629 -117.877 -5.6829 -17.4404 -112.953 -2.81173 -3.5333 -115.847 
-6.66189 -3.19664 -115.205 -11.9236 -14.1475 -112.056 -13.3842 -13.3181 -112.66 
-8.82902 -3.21978 -115.317 -14.0659 -12.6484 -112.693 -15.0358 -11.5989 -112.957 
-16.0971 -10.1035 -113.317 -13.2656 -3.91896 -114.053 21.9354 -5.74437 -118.486 
23.4042 -3.98475 -119.472 23.449 -2.30621 -119.614 19.9332 -8.1493 -118.052 
19.1474 -8.95475 -117.98 20.392 -7.30213 -117.827 22.9795 -0.879081 -119.548 
17.8364 -10.202 -117.977 22.3743 0.0405051 -119.702 16.3582 -10.7508 -116.803 
21.7359 0.664858 -119.283 14.9548 -11.865 -116.659 20.7985 1.35142 -119.54 
13.3945 -12.6965 -115.74 19.7381 2.05002 -118.517 9.53761 -15.3214 -115.16 
8.94635 -15.6958 -115.202 17.1545 2.97398 -116.86 8.90332 -15.2698 -113.841 
6.68664 -16.599 -114.891 5.25884 -16.8624 -113.923 4.35216 -16.9319 -113.1 
3.2995 -17.0893 -112.9 2.4249 -17.2666 -113.323 11.4053 2.92162 -117.995 
9.51216 2.32117 -117.649 -0.813845 -17.4371 -112.559 6.40908 0.628733 -117.715 
6.69343 0.989142 -117.16 7.62409 1.57583 -116.909 4.27533 -1.12106 -117.434 
4.99132 -0.429046 -117.332 5.91606 0.457183 -117.027 3.01205 -1.84026 -116.733 
3.69167 -1.44105 -117.054 1.59995 -2.34597 -115.967 -4.43739 -17.4374 -112.278 
-5.3886 -16.9499 -111.166 -4.4433 -3.18981 -115.1 -9.49509 -15.2552 -111.064 
-13.4935 -12.4353 -111.704 -7.60966 -2.82141 -114.169 -8.67159 -2.73882 -113.572 
-14.8377 -10.3792 -111.525 -11.8929 -3.40479 -113.682 -14.9727 -8.81476 -110.426 
-12.6054 -3.55987 -112.39 -15.4552 -7.37955 -111.027 -13.6466 -4.0921 -112.958 
-15.1529 -5.36793 -112.504 -14.3165 -4.61207 -112.314 -15.755 -6.02531 -112.83 
21.3902 -4.81389 -117.136 22.3006 -3.17774 -117.692 22.772 -1.4641 -118.464 
17.5652 -9.21707 -116.303 19.2476 -7.94052 -117.054 19.8809 -6.22942 -116.226 
20.9322 -4.17644 -116.012 22.235 -0.1588 -118.338 18.4117 -7.77811 -115.806 
15.9519 -10.3748 -115.524 15.4284 -11.1105 -115.913 21.1291 1.09749 -117.908 
14.4867 -11.6244 -115.283 15.217 -10.9879 -115.32 12.6896 -12.2997 -113.405 
11.3149 -13.7712 -114.19 18.6519 2.59606 -117.907 10.5454 -14.3736 -114.279 
6.64613 -16.266 -113.293 5.52716 -16.4443 -112.234 4.15747 -16.6699 -111.616 
1.92934 -17.0374 -111.66 12.3985 3.28549 -116.99 11.1033 2.99316 -117.168 
6.54954 1.25911 -115.537 5.13487 0.18897 -116.074 4.03447 -0.763111 -116.299 
2.93664 -1.12363 -115.367 1.77387 -0.975161 -113.719 0.245663 -2.3184 -114.864 
-1.40227 -2.69777 -114.682 -7.00233 -15.9444 -109.819 -3.04321 -2.75938 -114.364 
-4.56144 -2.35286 -113.224 -10.9075 -13.6309 -109.87 -6.42508 -2.57914 -113.594 
-7.24887 -2.44353 -112.985 -12.2737 -13.0206 -110.762 -12.8158 -11.6028 -109.61 
-9.86939 -2.70693 -112.53 -10.9317 -2.82659 -111.415 -13.0927 -3.81488 -110.9 
-15.4432 -6.43922 -111.356 21.2356 -2.18588 -115.319 22.1238 -1.16609 -117.062 
19.5747 -5.09183 -114.711 21.519 0.191497 -116.41 16.0696 -9.44715 -114.349 
17.3405 -8.33652 -114.904 17.9403 -7.24227 -114.523 14.857 -10.8448 -114.49 
20.1924 1.85996 -116.969 19.1783 2.4044 -117.084 10.7918 -13.9237 -113.504 
7.04967 -15.7378 -111.74 14.1916 3.50886 -115.859 12.7637 3.47416 -116.121 
11.4374 3.21823 -115.879 -0.261611 -17.0337 -110.435 8.5682 2.2755 -115.575 
-2.85837 -17.1883 -111.075 4.43954 0.360432 -114.17 -0.450951 -1.72254 -113.354 
-2.27765 -2.0813 -113.185 -8.71409 -14.5444 -108.632 -6.00078 -2.16103 -112.364 
-5.03749 -1.98614 -112.098 -7.45176 -1.99846 -111.178 -9.12538 -2.29024 -111.229 
-14.2019 -10.0063 -109.92 -9.81874 -2.46078 -111.31 -13.5851 -9.48245 -108.191 
-11.9606 -3.17096 -110.635 -14.9066 -5.75469 -110.683 -14.3409 -5.03039 -110.33 
-13.5754 -4.3121 -109.637 20.259 -3.79778 -114.598 21.6427 -0.78347 -115.868 
18.5573 -6.06156 -114.179 18.9705 -5.53944 -114.263 19.2138 -4.48365 -113.534 
18.7318 -5.44319 -113.799 21.0752 -0.38542 -114.528 20.6895 0.948303 -114.724 
20.7341 1.30314 -116.225 16.7185 -8.15411 -113.72 14.5278 -10.3595 -113.096 
19.5421 2.11986 -115.154 13.6776 -10.8001 -112.22 10.3476 -13.6794 -111.771 
8.41891 -14.8443 -111.087 7.23422 -15.3401 -110.406 16.2958 3.48059 -114.481 
5.79494 -15.8019 -109.903 12.8632 3.54483 -115.517 3.61379 -16.422 -109.854 
1.57547 -16.5042 -108.612 9.88975 2.79198 -115.71 10.2336 3.09892 -113.722 
7.92546 2.25636 -113.925 -1.37249 -16.6837 -108.652 6.45161 1.66496 -113.414 
-4.16818 -16.3989 -108.713 3.42551 0.407842 -112.437 4.42411 0.839865 -112.716 
1.85139 -0.169964 -111.89 0.32262 -0.80246 -111.87 -1.25306 -1.31694 -111.922 
-2.9645 -1.58835 -111.749 -4.36765 -1.77311 -111.688 -5.38046 -1.75618 -111.281 
-10.249 -12.6829 -107.185 -12.232 -11.104 -107.798 -9.11422 -2.08223 -110.02 
-10.4806 -2.3746 -108.836 -14.5366 -7.81388 -108.947 -12.0114 -3.13861 -109.271 
-14.4634 -6.42838 -108.638 -12.6065 -3.53718 -108.508 -14.2203 -5.42288 -108.804 
-13.69 -4.75759 -108.11 19.6854 -3.14373 -113.034 20.4894 -1.51486 -113.368 
16.8637 -6.93239 -112.456 18.0261 -5.96826 -113.284 18.06 -5.38377 -112.661 
19.1819 -3.99292 -112.964 18.5541 -4.43235 -112.388 15.5176 -8.89878 -112.66 
14.3164 -9.87781 -111.868 13.1281 -10.5741 -110.694 11.6984 -12.2442 -110.993 
18.0455 3.0169 -113.584 10.5584 -12.7696 -109.563 9.27306 -13.9609 -109.984 
7.79853 -14.6713 -109.113 14.9837 3.73705 -113.72 12.9914 3.63771 -114.075 
4.20517 -15.8288 -107.576 7.9223 2.64143 -111.47 5.46501 1.48732 -112.175 
-2.34116 -16.358 -107.284 4.40641 0.999163 -112.154 -3.62719 -15.9793 -106.629 
-6.2065 -15.1593 -106.932 2.84691 0.564425 -111.129 1.03606 0.109587 -110.16 
-0.53074 -0.81153 -111.143 0.111346 -0.538332 -110.962 -1.46881 -0.744495 -110.335 
-8.27776 -14.0878 -107.03 -3.98348 -1.25911 -110.336 -5.62607 -1.49789 -110.314 
-6.23686 -1.48388 -109.956 -11.5288 -11.2788 -106.739 -6.68489 -1.45985 -109.568 
-12.4902 -10.4105 -107.114 -7.66711 -1.63287 -109.5 -12.8327 -9.71359 -106.739 
-13.1948 -8.94151 -106.561 -13.6081 -7.65968 -106.48 -12.9788 -3.98703 -107.307 
19.0489 -3.87347 -112.621 19.2808 -1.67966 -111.038 20.3802 -0.515493 -112.685 
20.4917 0.519014 -113.082 17.1367 -4.83314 -110.366 18.6109 -3.85604 -111.859 
18.871 -3.1034 -111.529 20.0276 1.50426 -113.019 14.8306 -8.66525 -111.039 
19.241 2.35662 -112.962 11.7668 -11.5498 -109.5 16.5592 3.63905 -112.131 
9.22668 -13.5038 -108.403 14.4752 3.89055 -111.879 12.4008 3.76947 -111.823 
2.79367 -15.8705 -106.124 10.6562 3.49138 -111.419 -0.358011 -16.1838 -106.307 
5.52073 1.79947 -111.101 6.32769 2.09125 -111.323 -2.19483 -16.18 -106.409 
4.35247 1.19061 -111.36 3.71452 1.13013 -110.489 -4.03436 -15.4547 -105.174 
2.76729 0.77233 -110.309 -0.242678 -0.528566 -110.661 -7.7067 -13.746 -105.424 
-3.02221 -0.432016 -108.19 -0.770084 -0.0152802 -108.687 -5.33963 -1.12622 -109.11 
-10.6667 -11.5648 -105.69 -6.72725 -1.22189 -108.486 -11.7777 -10.5086 -105.894 
-7.99636 -1.51435 -108.604 -12.4865 -9.5249 -105.79 -12.7648 -8.75883 -105.476 
-8.81195 -1.68294 -108.266 -11.3718 -2.67254 -107.185 -13.561 -6.37379 -105.719 
-12.0913 -3.16519 -106.268 -13.6238 -5.35658 -106.497 -13.1417 -4.46428 -106.003 
18.2164 -3.7543 -111.069 18.2957 -3.21776 -110.647 19.8859 0.288574 -111.439 
20.1687 0.93453 -112.256 19.8504 1.2747 -111.684 15.4897 -7.13083 -110.182 
19.3605 2.03692 -111.535 13.9055 -8.4956 -108.856 18.6121 2.78025 -111.659 
11.122 -11.6911 -108.22 12.2395 -10.2948 -108.066 17.8425 3.26649 -111.75 
10.1968 -12.4565 -107.797 8.13344 -13.9648 -107.278 15.691 3.91976 -110.251 
6.42379 -14.8336 -106.921 4.54645 -15.3085 -105.373 3.95612 -15.705 -106.343 
13.6049 4.04216 -109.208 11.897 3.83467 -110.532 6.39387 2.24976 -110.715 
6.77849 2.54496 -109.836 -2.33083 -15.9277 -105.5 5.18591 1.8602 -110.084 
3.51958 1.34372 -109.292 2.21521 1.05891 -108.428 -5.45507 -14.63 -104.376 
-5.32433 -0.682414 -107.33 -9.00482 -12.0562 -103.796 -10.7147 -11.0366 -104.853 
-7.34032 -1.08334 -107.182 -11.3185 -9.87982 -104.126 -12.6206 -8.07029 -104.372 
-8.8661 -1.50281 -107.022 -13.2257 -7.28836 -104.995 -10.0259 -1.91994 -106.653 
-13.4056 -6.9426 -105.27 -10.3236 -1.89257 -104.737 -11.3778 -2.58754 -105.773 
-12.4988 -3.69043 -105.068 17.9505 -2.77038 -109.46 18.7416 -1.2491 -109.401 
18.5208 -1.80454 -109.445 18.8905 0.0211038 -109.203 19.3172 1.35001 -110.38 
15.0894 -6.64789 -108.686 15.3331 -5.47735 -107.56 18.4554 2.55162 -109.69 
18.0157 3.15188 -110.626 10.7212 -11.1796 -106.056 17.4009 3.48847 -110.836 
9.22409 -12.9081 -106.623 16.7864 3.70757 -110.378 7.85137 -13.6097 -105.389 
3.30489 -15.5437 -104.779 1.70228 -15.5892 -103.931 10.5591 3.65274 -109.441 
8.16638 3.10101 -109.068 -0.877819 -15.7837 -104.387 6.02645 2.59698 -107.851 
-2.39035 -15.5785 -104.15 3.76644 1.87061 -107.546 -3.46375 -15.1321 -103.572 
0.659445 0.6473 -107.931 -1.11154 0.407436 -106.876 -6.54596 -13.6105 -103.246 
-3.78205 -0.156766 -106.515 -2.60708 0.139036 -106.409 -4.9666 -0.264928 -105.884 
-6.19286 -0.599771 -106.159 -6.90831 -0.716178 -105.944 -7.64176 -0.935461 -105.997 
-11.2754 -8.32968 -101.469 -8.65419 -1.2027 -105.377 -12.8689 -6.92641 -103.892 
-12.9969 -5.63449 -103.797 -11.5037 -2.66502 -104.728 -13.0811 -4.83649 -104.686 
-12.7915 -4.27885 -104.348 -12.018 -3.12378 -104.927 16.5447 -3.56461 -107.569 
17.8579 -1.4881 -107.886 18.2274 -0.00860423 -107.556 18.6939 1.60461 -108.818 
12.9218 -8.78928 -107.006 13.9685 -7.10456 -106.821 12.0243 -9.65943 -106.308 
17.3431 3.42941 -109.435 16.4601 3.81029 -109.265 9.10943 -12.4014 -104.781 
15.5803 3.98557 -108.593 6.22114 -14.2662 -103.929 4.96612 -14.8577 -103.738 
3.86405 -15.1986 -103.693 9.42826 3.72873 -106.775 -0.790526 -15.2571 -102.186 
4.82554 2.37531 -107.052 4.28952 2.2565 -106.715 3.4092 2.06071 -106.187 
-4.01231 -14.414 -101.923 2.05992 1.39064 -106.968 0.517758 1.03095 -106.369 
-6.10869 -13.0147 -100.748 -3.26553 0.366913 -104.895 -1.92158 0.486481 -105.744 
-9.41572 -10.6551 -101.562 -6.30868 -0.319844 -104.565 -8.33781 -0.795875 -103.351 
-10.9915 -2.2138 -102.97 -12.6875 -4.67317 -102.972 -12.3757 -3.86722 -103.036 
-11.8715 -3.06349 -103.467 18.1186 1.2799 -107.117 14.4936 -5.84897 -106.176 
15.096 -4.71409 -105.922 17.5689 0.108433 -105.907 18.0774 2.34939 -107.776 
11.5754 -9.76439 -105.303 12.5605 -8.34235 -105.309 13.7128 -6.00749 -104.414 
17.4175 3.12796 -107.703 11.0918 -10.2503 -104.931 10.611 -10.6423 -104.426 
16.4777 3.72721 -107.859 9.89692 -11.4425 -104.309 9.11793 -11.9564 -103.435 
15.2377 4.05655 -106.555 7.97435 -12.8531 -102.934 13.6192 4.28382 -106.279 
4.99179 -14.4778 -101.937 3.31754 -15.1044 -102.451 11.9064 4.10359 -107.333 
2.075 -15.1732 -101.667 5.0019 2.66989 -105.83 1.68881 1.71877 -105.166 
3.50021 2.44268 -104.569 -0.777489 1.02868 -104.88 -8.02964 -11.8695 -101.38 
-12.334 -6.49191 -101.945 -9.6125 -1.19196 -101.763 -12.3661 -5.38408 -101.243 
-10.7192 -1.88598 -100.873 -12.2314 -4.29303 -101.028 -11.8987 -3.32306 -101.274 
-11.4334 -2.60738 -101.872 16.7834 -2.44448 -106.594 16.8321 -1.52382 -105.588 
14.804 -4.33394 -104.606 15.8105 -3.14312 -105.295 17.2084 2.72971 -105.781 
11.3177 -9.50058 -104.034 12.2234 -7.92495 -103.596 16.4477 3.58543 -106.16 
9.95103 -10.8052 -102.884 8.85341 -11.8803 -102.349 6.66019 -13.4759 -101.42 
3.71565 -14.7688 -101.036 11.9672 4.35179 -104.855 2.97023 -14.718 -99.5728 
1.29456 -15.1049 -100.6 0.341754 -15.0544 -100.096 -1.38408 -14.7057 -99.5301 
7.31348 3.50338 -104.942 5.41096 3.3234 -103.064 -3.67969 -14.0661 -99.8328 
2.26745 2.19504 -103.933 0.62739 1.93133 -102.913 -2.00169 0.981381 -103.696 
-1.06732 1.32119 -103.359 -7.65036 -11.4772 -99.4867 -2.94079 0.808787 -103.403 
-4.33 0.516438 -103.116 -6.76496 -0.0712541 -102.577 -5.71443 0.21322 -102.827 
-7.7457 -0.221444 -101.287 -11.6161 -6.61161 -99.5965 -11.8089 -5.001 -98.497 
-11.3654 -2.55004 -100.269 15.9569 -1.91555 -103.917 16.6696 -0.247984 -103.823 
17.1739 0.808935 -104.37 17.292 1.64118 -104.829 10.9728 -9.01133 -101.919 
12.3729 -7.00877 -102.317 14.6354 -3.60612 -102.977 9.95199 -10.3262 -101.603 
15.7965 3.90001 -105.25 8.38286 -12.1764 -101.69 9.02405 -11.2807 -101.029 
14.5401 4.27183 -105.353 5.94985 -13.6888 -100.107 13.8816 4.38987 -104.485 
4.93131 -14.0437 -99.4023 1.61949 -14.9275 -99.3272 9.72262 4.22099 -103.851 
0.715212 -14.8417 -98.7254 -2.54393 -14.2621 -98.5277 3.05786 2.69947 -102.776 
-4.00067 -13.6017 -98.378 -5.69394 -12.4458 -97.834 -2.30369 1.29274 -102.076 
-9.22103 -9.89093 -99.2259 -5.32171 0.617282 -101.261 -10.103 -8.23329 -97.5001 
-9.7044 -0.96766 -99.2424 -11.8729 -3.74725 -99.3049 -11.6754 -3.07615 -99.6004 
-11.3451 -2.56902 -98.8349 -10.7246 -1.80233 -98.6326 13.2979 -5.43757 -102.239 
15.5369 -1.15243 -101.844 16.6144 1.35706 -102.803 16.2825 2.92018 -102.966 
11.5495 -7.68828 -100.991 10.8584 -8.59096 -100.51 16.1295 3.58275 -104.477 
9.95656 -9.99935 -100.708 10.4751 -9.24596 -100.653 15.0848 4.13435 -104.33 
7.86715 -12.4093 -100.805 6.96231 -12.8101 -99.2055 6.06561 -13.3916 -98.8941 
13.3206 4.5372 -103.02 14.3058 4.39848 -103.415 11.5341 4.62536 -102.353 
2.26849 -14.5534 -97.5854 8.05629 4.17415 -102.131 0.377208 -14.5436 -97.0202 
-1.30104 -14.4869 -97.8091 -2.13463 -14.0778 -96.9199 4.24229 3.40832 -101.048 
2.21012 2.95151 -100.51 -0.540455 2.20276 -100.299 -7.46425 -10.5422 -96.0582 
-2.22399 1.69554 -100.431 -3.48232 1.36043 -100.327 -4.85771 1.24967 -98.949 
-11.1046 -6.56737 -97.2719 -6.92135 0.448567 -99.2918 -8.57571 -0.348971 -99.7924 
-11.5647 -3.09072 -98.0907 -11.1388 -2.35391 -97.3282 16.2469 0.293394 -102.206 
11.1945 -7.57446 -99.4586 12.3549 -6.2379 -100.764 13.4238 -4.43068 -100.797 
14.3736 -2.70465 -100.737 10.1292 -9.3101 -99.5347 15.5285 3.82425 -103.083 
8.27631 -11.5597 -99.0652 9.2755 -10.5551 -99.6798 14.7534 4.25028 -102.753 
14.1599 4.45602 -102.726 6.21762 -12.8843 -97.1168 4.2268 -13.9574 -97.2905 
9.81501 4.53296 -101.968 -0.871872 -14.419 -96.8826 6.58177 4.22986 -99.7739 
-3.72497 -13.231 -96.102 3.60667 3.41542 -100.227 -5.26873 -12.2639 -95.9346 
0.846925 2.82563 -99.3127 1.72661 3.10326 -99.1886 -2.75991 1.87709 -98.9355 
-9.10021 -8.83488 -95.6432 -9.77568 -8.15511 -95.7942 -10.1735 -7.67581 -95.8956 
-10.5861 -7.30803 -96.5573 -11.2966 -5.53165 -96.1011 -8.15005 0.183494 -97.4704 
-11.5964 -4.53383 -96.4911 -11.6719 -3.82836 -97.3259 -9.74379 -0.760304 -96.6799 
-10.6154 -1.61348 -96.7174 14.6301 -1.01107 -98.8797 15.7316 0.942862 -100.324 
16.0527 2.32435 -101.153 10.0326 -8.68936 -97.5168 11.1783 -6.88106 -97.8089 
12.3283 -5.38703 -98.9527 13.5278 -3.32714 -99.1277 15.6263 3.20754 -100.766 
15.044 3.91367 -101.491 9.12218 -10.2989 -98.2525 7.51461 -11.996 -97.6682 
8.28918 -11.1326 -97.4194 14.0409 4.44425 -101.905 12.9645 4.65621 -101.561 
12.1293 4.79901 -100.576 3.30533 -13.9884 -95.4266 1.97726 -14.3607 -95.9731 
10.571 4.78787 -100.613 1.73062 -14.0121 -94.0324 9.2129 4.61998 -100.754 
-0.504591 -14.2084 -95.5371 8.30215 4.51768 -100.332 -1.86363 -13.7767 -94.8366 
4.44699 3.77886 -99.4924 3.40017 3.49175 -99.556 2.64504 3.47232 -98.5919 
-4.26313 -12.716 -94.9826 1.07477 3.04362 -98.6029 -5.1699 -11.9676 -94.3653 
-0.45838 2.81027 -97.633 -8.41059 -9.23917 -94.5282 -4.0712 1.68619 -98.1087 
-9.47939 -7.89448 -94.1568 -5.85139 1.24917 -97.2104 -4.71672 1.55913 -97.751 
-10.6386 -6.78123 -95.6152 -11.3569 -4.77745 -95.2252 -11.49 -3.96411 -95.6047 
-11.3688 -3.05971 -96.0654 -10.9041 -2.06395 -95.3043 -10.329 -1.22457 -95.3063 
12.7976 -4.00127 -97.8416 13.4891 -2.54298 -97.49 15.2039 0.688455 -98.5289 
15.3034 1.64602 -98.286 15.4312 2.66218 -99.1909 14.8252 3.75302 -99.4191 
8.79532 -10.2017 -96.4711 7.70221 -11.4021 -96.0028 13.6188 4.50625 -100.031 
12.5162 4.85612 -99.4232 11.3792 4.94041 -99.3388 9.40428 4.87951 -98.6618 
-0.393797 -13.8493 -93.1928 -1.62017 -13.6563 -93.555 -2.88868 -13.0655 -93.2766 
4.77202 4.24497 -97.3829 3.85562 3.76808 -98.7502 1.72556 3.21793 -98.6441 
1.37556 3.24794 -98.0074 -6.21564 -10.9866 -93.3263 -3.57351 2.08269 -96.8683 
-7.45512 -9.5701 -92.1819 -4.96007 1.95152 -95.3112 -10.7291 -5.75601 -93.9407 
-6.77085 1.25518 -95.0849 -11.2573 -4.41217 -94.3256 -8.52792 0.336302 -94.9728 
-11.3002 -3.57524 -94.3589 -9.58087 -0.347004 -93.9431 -11.1714 -2.785 -94.4505 
9.29795 -8.91114 -94.7596 10.5918 -7.27491 -96.2991 11.7681 -5.36778 -96.7537 
12.692 -3.62213 -96.6415 8.37322 -10.4087 -95.1256 7.75946 -11.0258 -94.4894 
13.87 4.27987 -97.5553 6.72189 -11.9426 -94.1846 5.10223 -13.1742 -94.9153 
13.0193 4.76125 -98.5604 12.1967 4.95457 -98.5481 4.07135 -13.3634 -93.19 
11.368 5.02284 -98.0094 7.74758 4.7758 -98.1181 8.39996 5.01418 -97.2956 
-1.36895 -13.5742 -92.6504 6.69285 4.6314 -97.7904 -4.6739 -11.8749 -92.1486 
1.88506 3.6561 -96.6479 -5.76912 -11.1665 -92.3418 -6.30056 -10.7227 -92.3397 
-1.94584 2.79346 -95.7788 -11.0133 -4.34489 -92.8402 -11.1217 -3.19186 -93.1024 
-8.6833 0.445086 -93.6368 -10.9426 -2.31564 -93.419 -10.4833 -1.39155 -93.5646 
10.68 -6.44983 -94.6031 12.0479 -4.01421 -94.8941 13.091 -2.53198 -95.9644 
13.8826 -1.09077 -96.3096 14.7066 0.810154 -96.795 14.899 2.60709 -96.8602 
14.8059 3.4505 -97.8582 14.4826 3.59779 -96.5149 7.56261 -10.9622 -93.314 
8.24664 -10.3069 -94.0601 5.5974 -12.5448 -92.8988 12.5182 4.8803 -97.3906 
11.2461 5.11807 -96.0372 3.39218 -13.2799 -90.9538 9.268 5.19493 -96.2403 
1.33843 -13.6604 -91.1077 -0.64709 -13.3929 -90.4819 7.86521 5.08612 -96.2578 
7.52517 4.9013 -97.2087 6.69673 4.81536 -96.684 3.25333 4.46653 -94.2542 
-0.318615 3.57892 -94.2009 -5.50365 -11.0985 -91.0943 -3.14994 2.68596 -94.6054 
-8.97108 -7.91396 -92.0548 -4.84498 2.44732 -92.9041 -9.76021 -6.8998 -92.235 
-10.3448 -5.65807 -91.6323 -7.48555 1.28291 -92.7427 -10.7496 -4.52078 -91.1394 
-10.9807 -3.6981 -91.681 -8.77934 0.483471 -92.7027 -10.943 -2.84812 -91.7715 
-10.7692 -1.97512 -92.1054 -10.4744 -1.3067 -91.9372 -10.069 -0.744797 -92.5133 
9.79449 -7.65565 -93.4493 9.0288 -8.74618 -92.7283 10.2746 -6.7018 -93.2397 
10.9119 -5.35973 -92.8986 11.9522 -3.40739 -93.1297 12.9912 -1.85149 -94.2656 
13.907 0.14503 -94.542 14.3153 2.10889 -94.5214 14.4125 3.26964 -95.3024 
8.19184 -10.0083 -92.7739 6.75124 -11.3363 -91.4154 12.9097 4.72194 -95.7644 
5.04191 -12.6365 -91.4895 8.43586 5.28858 -95.1015 6.5313 5.04148 -94.9583 
-2.68125 -12.6533 -90.0114 -4.08656 -11.9508 -90.2031 -5.57397 -10.6355 -89.0572 
-7.0982 -9.21317 -88.9465 -9.0778 -7.1584 -90.0238 -2.54627 3.24549 -92.8362 
-10.2695 -5.29893 -90.193 -10.6423 -3.86081 -89.5495 -8.37874 0.923302 -91.5171 
-10.7964 -2.43052 -90.5615 -10.1529 -0.80255 -91.3661 -9.40153 0.0403743 -91.4929 
-10.6617 -1.73037 -91.0556 -10.4452 -1.2658 -90.8275 9.67643 -7.36504 -91.9478 
13.6968 1.02143 -92.6412 8.24726 -9.41526 -90.7311 13.8831 4.06163 -95.3429 
12.9942 4.57386 -93.6821 5.15842 -12.2994 -89.6321 12.3103 4.97719 -94.7613 
11.7552 5.16718 -93.6264 2.48483 -13.3798 -89.2869 10.0303 5.4314 -93.8027 
1.32713 -13.4354 -88.7264 8.14841 5.43347 -93.813 7.01011 5.37093 -93.5098 
5.62164 5.31464 -92.3956 -3.28218 -12.241 -88.8463 -4.20503 -11.6801 -88.9444 
1.2663 4.28628 -92.8178 0.240371 4.04638 -92.7505 -0.241461 3.94807 -92.6169 
-1.0599 3.80458 -92.2463 -2.10538 3.65528 -91.5676 -3.19798 3.31166 -91.5696 
-5.78837 2.44896 -90.9103 -10.0236 -5.44298 -89.0381 -7.39587 1.73856 -90.1304 
-8.58699 0.907103 -90.4021 -10.7275 -2.57259 -89.0579 -10.0762 -0.707609 -89.9121 
-10.5961 -1.72187 -89.7227 9.17528 -7.6294 -89.6486 10.3061 -5.83134 -90.9452 
11.3489 -3.97161 -91.6182 12.3808 -2.10617 -92.2213 13.2291 -0.58517 -92.9142 
13.7796 2.70361 -92.1831 13.906 3.53518 -93.7307 7.28342 -10.5791 -89.8745 
6.50008 -11.2179 -88.7385 3.8013 -12.8553 -88.2954 2.54668 -13.1545 -87.3827 
1.59431 -13.2879 -87.1544 0.474456 -13.2181 -87.1437 9.01322 5.64114 -92.3066 
7.56879 5.5887 -92.3978 -1.11305 -13.0165 -88.108 6.95769 5.72781 -91.08 
-2.27418 -12.5268 -87.4648 -3.2779 -12.1135 -87.9058 2.86636 4.92457 -91.4977 
-3.52482 -11.7272 -86.6724 -5.52187 -10.2458 -86.4381 0.372725 4.33315 -91.5137 
-1.13459 4.03887 -91.0229 -7.80927 -8.09622 -87.1593 -2.15179 3.87999 -90.3104 
-3.93347 3.3106 -90.2039 -9.42735 -6.12917 -87.6705 -5.0172 3.01216 -89.7178 
-5.82052 2.68512 -89.4901 -10.1693 -4.95695 -88.2273 -8.34851 1.20298 -89.4608 
-10.5692 -2.9691 -87.2525 -9.15304 0.472666 -89.2755 -10.6315 -2.05082 -88.2266 
-10.4102 -1.27258 -88.3415 -9.94646 -0.401775 -88.1549 9.91235 -6.1324 -89.4226 
10.7253 -4.63447 -89.9918 11.6984 -2.77833 -90.515 12.7795 -0.515537 -90.9238 
13.4054 1.68552 -90.7515 7.49997 -10.1549 -88.7952 8.22276 -9.11295 -88.8301 
13.2678 4.00327 -91.7105 12.1196 5.02421 -91.1664 11.2089 5.39105 -92.2843 
10.5747 5.60078 -90.5009 2.00971 -13.0158 -85.6855 8.49044 5.87026 -90.48 
5.89709 5.72598 -90.258 4.58356 5.49087 -90.3389 3.25964 5.39257 -89.4482 
1.4967 4.98856 -89.6301 -0.427332 4.46713 -89.7803 -4.52407 3.44607 -88.0788 
-6.42663 2.52124 -88.397 -10.0932 -4.6439 -86.8554 -8.04163 1.56995 -87.8895 
-9.27688 0.524817 -87.4411 -10.5075 -1.74139 -86.6994 -10.3079 -0.974108 -87.1771 
-9.97539 -0.319504 -86.4446 7.63689 -9.70902 -87.3412 8.4784 -8.42649 -87.6135 
9.29376 -7.02631 -88.1083 10.0887 -5.48853 -88.4682 10.9608 -3.74978 -88.9043 
11.8262 -1.99043 -89.2589 12.4366 -0.577939 -89.2461 12.9511 0.792176 -89.4291 
13.1952 2.18926 -89.1679 13.2772 3.26677 -89.9396 6.97478 -10.604 -87.5453 
6.29495 -11.2206 -87.1022 12.7765 4.37703 -89.842 5.28568 -11.9862 -87.4623 
4.07002 -12.3556 -85.3849 -0.736698 -12.8891 -86.0532 7.12675 5.98788 -89.306 
-1.80497 -12.4705 -85.5069 5.11038 5.949 -87.7062 -3.9047 -11.2939 -84.9954 
-4.62427 -10.8351 -84.9145 -5.21837 -10.3417 -84.6424 0.584234 4.97288 -88.5519 
1.42524 5.1633 -88.7111 -6.69262 -8.98603 -84.9538 -1.84067 4.43341 -87.7489 
-8.79235 -6.48058 -85.1148 -6.24721 2.89886 -86.2224 -9.87447 -4.74414 -85.0414 
-10.2711 -3.77263 -85.3905 -10.401 -2.63224 -84.8952 -8.78273 1.15254 -86.6699 
-9.30709 0.661328 -85.9316 -10.3469 -1.05092 -86.0784 9.45086 -6.43503 -86.9649 
10.264 -4.79023 -87.3539 11.0912 -3.0537 -87.7387 11.8393 -1.44487 -88.0146 
12.4317 0.0474865 -88.028 12.8418 1.58315 -87.8588 6.75478 -10.5887 -86.2364 
7.72125 -9.10854 -85.2269 8.75545 -7.71895 -86.654 5.71821 -11.505 -86.0721 
11.8442 5.10505 -88.2835 11.6193 5.31574 -89.9413 0.684301 -12.9176 -84.6262 
-0.690823 -12.6823 -84.3067 8.44058 6.13329 -88.5669 -2.10343 -12.0594 -83.5491 
-4.09741 -10.9972 -83.3389 2.01068 5.40321 -87.9942 -5.02061 -10.4304 -83.8529 
-5.66471 -9.91465 -84.0645 0.445069 5.13844 -87.4822 -6.34542 -9.2065 -83.4266 
-7.50215 -7.9996 -83.7086 -8.38686 -6.75075 -82.6493 -3.34643 4.06391 -87.1421 
-9.74837 -4.32386 -82.8135 -8.2805 1.71208 -85.2624 -10.3973 -1.45675 -84.7677 
-9.28333 0.823251 -84.613 -10.2184 -0.7334 -85.1409 -9.84145 0.00873291 -84.8427 
8.83807 -7.32785 -85.5321 9.61337 -5.81175 -85.869 10.4009 -4.13471 -86.2355 
11.1686 -2.46582 -86.6311 11.8017 -0.963644 -86.7751 12.2627 0.562619 -86.2812 
12.9091 3.13687 -87.6704 12.7709 4.10532 -88.4573 5.95267 -11.0249 -84.6633 
4.74414 -11.7281 -83.0321 3.82948 -12.3312 -83.7162 10.5266 5.85645 -87.5988 
2.69087 -12.522 -82.9553 9.50036 6.01082 -88.7902 0.265465 -12.5992 -82.3682 
7.62498 6.21799 -87.461 -5.28349 -10.1286 -83.182 1.23514 5.45264 -86.8329 
-5.91136 -9.47783 -82.265 0.107021 5.25841 -86.304 -7.09224 -8.28054 -82.1483 
-1.20405 4.99072 -85.8584 -3.70208 4.17136 -85.5746 -2.19543 4.66203 -86.0027 
-10.2881 -1.94112 -82.3085 -8.97765 1.29763 -83.4522 -10.1632 -0.680267 -83.3534 
-9.67879 0.371983 -83.3561 8.47401 -7.76 -84.2297 9.10129 -6.62784 -84.6794 
9.72152 -5.26206 -84.7597 10.5352 -3.45233 -85.1468 11.2097 -1.9772 -85.65 
11.6033 -0.903206 -85.4921 12.6103 2.28047 -86.0751 6.50798 -10.2472 -82.6543 
7.84719 -8.57756 -82.9228 12.431 4.29569 -86.8824 9.18972 6.22619 -86.8548 
1.56734 -12.5983 -81.1832 8.04175 6.37531 -85.011 -0.890728 -12.1685 -79.9273 
-2.63754 -11.6592 -81.6397 -3.72017 -11.0346 -81.2101 2.21321 5.82773 -85.6451 
-4.92473 -10.2506 -81.8548 -0.220784 5.50224 -84.3491 -1.95687 4.91958 -84.9278 
-7.95405 -7.24008 -81.4936 -8.61707 -6.13931 -80.2522 -5.56764 3.5503 -84.5081 
-6.90522 2.88827 -83.861 -8.13499 2.1247 -83.2573 -8.65954 1.76862 -82.1389 
-10.2145 -0.81898 -81.2727 -9.9377 0.00429773 -81.6924 -9.3791 0.940711 -81.929 
8.88281 -6.74349 -83.2845 9.81765 -4.69107 -83.5298 10.8075 -2.37275 -83.9933 
11.704 -0.184378 -84.505 12.2317 1.42042 -84.6934 12.3398 2.76245 -84.2668 
12.4292 3.68111 -85.484 5.51742 -11.0834 -81.644 11.6224 5.05328 -84.951 
4.38746 -11.6554 -80.7203 11.0917 5.66073 -86.0893 2.72632 -12.3453 -80.5439 
10.2312 6.09475 -85.6918 9.42406 6.30554 -85.3971 0.632442 -12.5371 -80.4826 
-2.60306 -11.5483 -80.1661 4.95002 6.5066 -83.7681 -3.58379 -10.9531 -79.5627 
-4.59868 -10.3463 -80.4339 -5.99453 -9.17032 -80.5225 2.16538 6.34339 -82.5986 
-7.42576 -7.73883 -80.7106 -2.37713 5.09212 -82.9213 -5.13609 4.00532 -82.5264 
-10.1485 -2.68924 -79.693 -7.50145 2.75976 -81.5916 -10.2503 -1.17763 -79.2739 
-8.88378 1.66576 -80.3771 -9.64727 0.628126 -80.4921 7.27706 -9.20662 -81.36 
8.17045 -7.81929 -81.5111 9.0348 -6.1246 -81.8699 9.85179 -4.25022 -82.2093 
10.4477 -2.71942 -82.2681 11.1181 -1.12287 -82.863 11.7733 0.594401 -83.2931 
12.1293 1.85739 -83.448 6.21867 -10.278 -80.41 10.678 5.87866 -84.6659 
9.82015 6.20703 -84.5748 1.75048 -12.4525 -79.6876 0.720158 -12.4366 -79.2599 
-2.25046 -11.5267 -78.2476 -3.55506 -10.8277 -78.0497 -4.75285 -10.0689 -78.7896 
-5.97796 -9.00767 -78.5488 -0.404155 5.85888 -82.0185 -7.27211 -7.7285 -79.043 
-8.35711 -6.36936 -78.1509 -3.23418 5.31273 -79.527 -9.25409 -4.90932 -77.4958 
-9.68386 -4.18982 -79.5258 -10.0247 -0.141816 -79.8123 7.54974 -8.57275 -79.8402 
8.42984 -7.15549 -80.4895 9.1009 -5.67606 -80.5405 9.85535 -3.84726 -80.8271 
10.5508 -2.12067 -81.3073 11.1972 -0.355503 -81.5393 11.807 1.27201 -82.3319 
12.0127 2.67283 -82.3722 11.9965 4.09811 -83.3615 5.36395 -10.8083 -78.3824 
11.4298 5.09702 -83.1614 3.34447 -11.8998 -78.3804 10.1475 5.96557 -82.7211 
1.68456 -12.3187 -78.2944 0.606632 -12.2967 -77.9348 7.55952 6.72491 -82.1606 
-0.350312 -12.1661 -77.6211 -1.10733 -11.9889 -77.9464 5.46451 6.99954 -80.9962 
-3.00972 -10.9187 -75.7538 4.03173 6.72834 -82.1702 -4.09865 -10.425 -77.3566 
-4.74679 -9.97871 -77.404 -5.31977 -9.54088 -77.7501 -5.95573 -8.92666 -77.2483 
0.913824 6.45879 -80.5225 2.51183 6.78122 -80.5508 -6.68527 -8.24947 -77.6102 
-7.62408 -7.19448 -77.1749 -1.77261 5.60098 -81.209 -0.874263 6.06711 -80.055 
-6.17019 3.86842 -79.713 -9.95307 -3.26279 -77.2662 -7.94603 2.72771 -79.3173 
-10.2219 -1.71928 -76.8516 -8.84245 1.95317 -78.5168 -10.0633 -0.163135 -77.6814 
-9.54123 0.910739 -78.5835 6.67594 -9.6085 -78.6825 7.58225 -8.24528 -77.9018 
8.3601 -7.03554 -79.2157 9.12957 -5.18858 -78.8016 10.0359 -3.07092 -79.8195 
10.5787 -1.71876 -80.3199 11.4941 1.11214 -80.6468 11.7457 2.8583 -80.5014 
11.8456 3.99261 -81.6432 11.4512 4.94168 -82.0514 11.5868 4.68163 -81.1509 
4.60567 -11.2771 -77.2726 11.0047 5.31028 -80.4929 2.11055 -12.0397 -76.3395 
8.85963 6.70032 -80.6365 0.50948 -12.1489 -76.3672 -0.896083 -11.8215 -75.9589 
7.52376 7.08909 -79.8295 3.60489 6.83643 -81.2149 4.04952 7.13652 -79.4553 
-4.3173 -10.1797 -76.342 -5.31007 -9.39574 -76.2816 -6.70131 -8.05887 -75.9579 
-7.95467 -6.63183 -75.6095 -8.53905 -5.9896 -76.6515 -9.06332 -4.93542 -74.6879 
-5.37444 4.69069 -77.2986 -3.78327 5.50352 -77.155 -9.68512 -3.8642 -75.8922 
-7.26114 3.466 -77.8393 -8.32684 2.60258 -77.7919 -10.2419 -0.91658 -77.4086 
-9.7257 0.729178 -76.7932 -8.98183 1.9528 -76.4271 6.46513 -9.69247 -77.1271 
8.34627 -6.87722 -78.0936 9.75944 -3.4551 -78.4529 10.2643 -2.24521 -79.1666 
10.7932 -0.854072 -79.6417 5.40269 -10.6641 -76.4514 10.9626 0.101664 -78.5333 
11.4278 1.69605 -79.1328 11.4532 3.00819 -78.4445 11.5841 4.15912 -80.1963 
4.07676 -11.4125 -76.0525 9.93435 6.24736 -80.1507 -1.66951 -11.4582 -74.3873 
-4.45937 -9.9109 -74.608 -5.91514 -8.67156 -74.3165 2.08571 7.00691 -78.5992 
0.365882 6.61659 -78.8722 -0.821587 6.48824 -77.6671 -2.32768 6.17106 -76.5391 
-9.99079 -2.64234 -74.1296 -6.90937 3.97283 -75.8936 -8.02091 3.00292 -76.7248 
-10.1809 -0.554675 -75.9055 -9.98718 0.196371 -76.062 -9.67816 0.940319 -75.3175 
7.15809 -8.68351 -76.0897 8.26936 -6.77671 -76.6804 9.21783 -4.59193 -77.0531 
10.1175 -2.18355 -77.5283 6.222 -9.84799 -75.6937 11.0691 1.20529 -77.1657 
5.28636 -10.5458 -74.5687 11.1772 4.61128 -78.4999 10.3903 5.83674 -78.5081 
3.4051 -11.4784 -73.5887 1.11054 -11.9362 -74.1489 8.85282 6.8624 -78.2886 
-0.561725 -11.7043 -73.2943 7.71049 7.24513 -78.5596 6.45212 7.36239 -78.1781 
-2.33322 -11.0168 -72.6308 -3.47448 -10.528 -73.9031 0.824151 6.98949 -77.3129 
-7.63044 -6.81611 -73.5676 -3.94404 5.74528 -74.9069 -5.61375 4.82821 -75.6207 
-10.2031 -1.03941 -74.3918 -8.06558 3.09325 -75.4428 -10.1748 -0.416596 -74.5334 
-10.0242 0.142893 -74.7261 -9.27662 1.7332 -74.4547 8.70277 -5.67628 -75.6547 
6.55813 -9.3369 -74.5644 7.53648 -7.96255 -74.8859 8.19717 -6.77083 -75.0651 
9.24877 -4.09069 -75.1762 10.5742 -0.529698 -76.8231 11.2194 2.41955 -76.6855 
11.1409 3.66441 -76.2938 10.7476 5.21745 -76.6769 2.15303 -11.7732 -72.475 
7.79057 7.2854 -77.9183 4.19376 7.45359 -76.9935 -4.12592 -9.97654 -72.5372 
2.12882 7.3608 -76.3061 -5.25349 -9.17325 -73.0203 -6.35618 -8.13186 -72.5552 
1.03961 7.22968 -76.1222 0.31655 7.02942 -76.3328 -0.334474 6.91326 -75.9549 
-1.12871 6.63305 -76.2961 -8.7217 -5.44922 -73.183 -9.20372 -4.69759 -72.859 
-5.89782 4.84476 -74.164 -9.64171 -3.77712 -72.9971 -10.1618 -0.912657 -71.8023 
-8.56279 2.69575 -74.1604 -7.37599 3.83808 -73.9097 -10.1026 -0.178799 -73.463 
-9.73839 0.915727 -73.5011 -9.1303 2.07206 -72.8417 6.87997 -8.7611 -73.1348 
7.80341 -7.3872 -73.9654 8.41518 -6.11001 -74.2315 10.0251 -1.7887 -75.324 
5.9735 -9.8941 -73.3699 5.00711 -10.6473 -72.7842 10.5501 -0.0611805 -75.4885 
10.8161 1.67675 -74.6028 4.18707 -11.1137 -71.9165 3.19278 -11.3934 -70.9525 
9.97078 6.21306 -76.7809 0.963717 -11.7732 -71.358 9.06548 6.87288 -75.4776 
7.8828 7.31409 -76.6613 -0.688685 -11.5814 -71.4621 6.61587 7.61567 -75.0733 
-1.43861 -11.2373 -69.8148 -5.56876 -8.74483 -71.1529 1.0535 7.4019 -74.5444 
-7.38559 -6.92615 -70.8235 -1.00764 6.85789 -74.932 -2.23636 6.46468 -74.8326 
-8.69113 -5.35756 -71.7799 -9.4676 -4.10452 -71.8427 -9.92053 -2.92009 -71.657 
-10.1369 -2.01055 -72.0294 -8.10891 3.37588 -71.8591 -9.97373 0.326264 -72.1989 
-9.63696 1.31107 -71.6315 7.68272 -7.3466 -72.6329 8.62324 -5.28347 -72.7903 
9.4681 -3.02925 -73.5359 5.89145 -9.87054 -72.2154 5.09661 -10.4862 -71.4149 
6.37668 -9.11381 -70.6804 10.07 -0.97372 -73.4374 10.8735 3.72505 -73.7873 
10.8207 4.74814 -74.9528 4.29544 -11.0025 -71.0779 10.2017 5.86143 -74.9668 
8.08134 7.35384 -75.2274 -0.0896548 -11.6791 -70.2962 -3.75818 -9.99589 -69.89 
3.90037 7.74353 -74.407 -5.49606 -8.71792 -69.376 -6.4114 -7.92512 -69.7462 
-0.292505 7.25552 -73.5413 -1.71218 6.92697 -72.8239 -8.54247 -5.46677 -70.3597 
-3.43949 6.32085 -72.6424 -9.38667 -4.01207 -70.1132 -4.80159 5.66916 -72.6984 
-6.30932 4.86644 -71.798 -9.99805 -2.56329 -70.0506 -10.1445 -1.97783 -69.6222 
-10.1568 -1.88785 -70.7473 -10.1807 -1.32205 -69.5789 -9.9839 0.410997 -70.7622 
-9.77071 1.17296 -70.3135 -9.45147 1.82412 -70.4698 -9.09227 2.28935 -71.3242 
7.7029 -7.14309 -71.0155 8.45766 -5.44892 -70.6693 9.13127 -3.7021 -71.88 
9.56669 -2.42846 -72.4147 4.73756 -10.5784 -70.096 10.4632 5.18597 -73.2084 
9.37632 6.59506 -72.8428 1.93668 -11.4794 -68.6604 8.3069 7.31223 -73.961 
0.703901 -11.7338 -69.8368 0.0970784 -11.606 -69.0929 7.56949 7.63251 -73.0295 
-0.645127 -11.451 -68.5542 6.02785 7.90687 -72.4776 -1.39761 -11.1397 -67.7777 
-2.47852 -10.7222 -68.7413 -6.2686 -7.98961 -68.5117 0.556432 7.64881 -71.9995 
-7.21274 -7.04042 -68.7813 -8.4224 -5.53511 -68.8282 -2.79429 6.77774 -71.383 
-4.09334 6.22072 -71.2812 -5.04729 5.73127 -71.2755 -9.34689 -4.01026 -68.3872 
-9.964 -2.39996 -68.2657 -7.27619 4.29085 -70.9658 -7.8217 3.90858 -69.9218 
-10.1121 -0.18974 -69.4637 -8.9304 2.63769 -69.6773 -9.93253 0.726293 -69.4603 
-9.62275 1.51975 -69.3238 7.1418 -8.12095 -69.4168 7.77196 -7.00318 -69.6816 
8.98983 -3.94086 -70.7573 9.51797 -2.11077 -70.6457 10.3061 0.624928 -71.8013 
10.6715 2.67255 -72.0568 10.5805 4.37228 -71.6714 3.91904 -10.907 -68.7021 
8.42521 7.33416 -72.7093 0.395071 -11.4949 -67.3662 -3.1299 -10.2629 -67.3141 
3.48513 8.10814 -71.2193 -5.25886 -8.76845 -67.3669 -6.83266 -7.33836 -67.3628 
-0.605271 7.63262 -70.3426 -7.77312 -6.34341 -67.5827 -1.82106 7.20368 -70.9099 
-2.47709 7.08041 -70.1486 -8.30724 -5.66744 -67.3628 -3.50331 6.62217 -70.2491 
-8.9088 -4.7323 -67.3366 -5.06388 5.89924 -69.2297 -9.58555 -3.51008 -67.4539 
-6.76788 4.76471 -70.0602 -7.28662 4.50789 -68.129 -10.1453 -0.782327 -67.959 
-8.34724 3.48293 -68.509 -9.90055 0.702688 -67.7013 -9.46399 1.8498 -68.4968 
7.45584 -7.5624 -68.5361 6.97522 -8.32906 -68.0706 8.05788 -6.2551 -68.5859 
8.77252 -4.39753 -69.4156 5.46229 -9.88452 -68.1258 6.49448 -8.96074 -68.5983 
10.0297 0.314047 -69.5386 4.2426 -10.5337 -66.0485 10.4236 2.01442 -70.2996 
10.51 3.59773 -70.1749 10.1116 5.63095 -71.4408 2.19053 -11.3227 -66.2609 
9.33676 6.55207 -70.2539 8.0019 7.46755 -71.321 1.26786 -11.4004 -64.6814 
-0.410359 -11.3336 -66.2433 6.28159 8.06521 -70.0365 -1.75172 -10.9137 -66.0015 
-2.91558 -10.3552 -65.8977 -4.16421 -9.50506 -65.2597 -5.25912 -8.73754 -66.0116 
1.41352 8.16391 -69.487 -5.69485 -8.38478 -66.2404 -6.34047 -7.75516 -66.3913 
-7.85376 -6.0453 -65.7557 -1.6198 7.42268 -69.8673 -2.14206 7.3262 -69.1958 
-3.16239 6.90189 -69.1555 -9.43447 -3.68716 -66.0775 -9.82488 -2.91983 -67.04 
-9.9795 -2.27781 -66.1696 -10.1504 -1.17834 -66.4445 -8.36883 3.57386 -67.318 
-10.141 -0.356491 -66.8608 -9.17562 2.40605 -67.3286 8.46305 -5.13422 -67.7294 
6.45728 -8.9032 -67.1975 5.77493 -9.52367 -66.3102 7.2932 -7.66428 -66.9146 
8.00295 -6.25359 -66.92 8.99338 -3.41261 -67.7093 9.57067 -1.2716 -68.2911 
10.2434 1.77403 -68.8038 10.4082 2.89227 -69.1114 10.1438 5.23553 -69.6129 
3.06834 -11.0587 -64.6834 -0.372503 -11.3137 -65.0032 -1.32196 -11.0403 -64.5531 
-2.51303 -10.5123 -64.7423 5.0848 8.43139 -68.9162 3.63863 8.60699 -67.6682 
-5.88868 -8.10508 -65.2525 0.0481385 8.05038 -68.4425 -1.22364 7.68185 -68.6992 
-2.32118 7.38019 -67.9578 -3.59997 6.8376 -67.9205 -9.08395 -4.32617 -64.778 
-9.62861 -3.32357 -64.6561 -9.88604 -2.57955 -64.9861 -6.44277 5.30428 -65.3603 
-10.1132 -1.1616 -64.1138 -10.1015 -0.115771 -65.7154 -8.00066 4.0021 -66.2775 
-9.80951 1.18651 -65.4818 -9.30478 2.36685 -65.5186 -8.79001 3.1478 -66.1771 
6.52516 -8.72375 -65.9226 6.87179 -8.13274 -64.9853 7.64125 -6.89348 -65.6244 
8.29353 -5.33727 -65.7997 9.30488 -1.92081 -66.1795 9.86911 0.666018 -67.0327 
10.2189 2.80762 -67.6687 10.2992 4.12583 -68.403 9.49618 6.37208 -68.2823 
8.23403 7.40101 -68.317 0.347609 -11.435 -64.2071 -0.380484 -11.2916 -63.793 
6.56045 8.23601 -67.8541 -1.56825 -10.8601 -62.8929 5.40162 8.56699 -67.3708 
-3.12833 -10.1347 -63.5383 -4.11265 -9.50653 -63.3911 -5.19909 -8.64642 -63.5174 
1.38527 8.45887 -67.126 -6.70451 -7.26284 -63.6251 -0.851911 7.9978 -66.4078 
-7.84484 -6.05942 -63.6075 -3.06324 7.22162 -66.4148 -8.65599 -4.99417 -63.7593 
-4.50935 6.46857 -66.8106 -9.42657 -3.69682 -63.3599 -9.88242 -2.51874 -63.5138 
-10.0683 0.305424 -64.1821 -9.93177 1.03336 -64.2346 -8.73252 3.19621 -64.4567 
-9.62712 1.78555 -64.3103 8.81491 -3.74164 -65.5628 5.85493 -9.33776 -64.9822 
5.19803 -9.89018 -64.307 9.52592 -0.588688 -65.153 4.38068 -10.403 -63.4724 
9.9728 2.79058 -65.8467 10.0702 4.29131 -66.5009 2.98013 -11.0544 -63.2094 
9.94234 5.46256 -67.3933 2.1337 -11.1934 -61.4725 9.62117 6.23529 -67.1923 
9.20532 6.6973 -67.0716 0.707393 -11.4088 -63.1432 -0.165673 -11.2894 -62.6894 
7.66181 7.83503 -66.2842 -2.72789 -10.3317 -62.3009 -3.58696 -9.82486 -62.2048 
-4.53747 -9.13579 -62.1694 -5.8859 -7.96694 -61.307 -7.44738 -6.46001 -62.2195 
-8.31927 -5.45576 -62.6411 -8.97005 -4.49169 -62.3011 -4.34944 6.69474 -65.2979 
-9.42432 -3.69607 -62.0991 -9.72371 -2.94233 -61.9089 -10.0515 -1.61282 -61.507 
-10.1508 -0.508548 -61.8462 -10.0907 0.199446 -62.7015 -8.10269 4.07701 -62.7267 
-9.92295 1.06515 -63.3693 -9.55598 1.99533 -63.2377 5.96907 -9.06535 -63.3824 
7.37477 -7.10397 -63.742 8.34935 -4.90849 -63.4295 8.94716 -3.14315 -64.6023 
9.23147 -1.95608 -64.4017 9.40056 -0.902064 -63.7484 9.6721 1.1777 -64.0096 
3.74512 -10.7015 -61.8749 9.87341 5.23968 -65.9247 9.57147 5.99321 -66.1315 
0.608621 -11.3478 -61.8787 8.78802 6.84999 -65.5981 -0.346191 -11.2 -61.7657 
-1.10104 -10.9469 -60.9879 6.51069 8.36762 -65.8647 5.2047 8.68782 -66.0236 
-2.15841 -10.5799 -61.4457 -2.9502 -10.1635 -61.2238 4.42816 8.82783 -65.2764 
-3.95254 -9.47545 -60.2375 2.91269 8.82965 -65.3604 1.1636 8.62667 -65.0867 
-0.220096 8.43344 -63.0814 -7.3139 -6.57489 -60.9031 -2.80538 7.48003 -64.381 
-8.32058 -5.38443 -61.2214 -4.78594 6.57578 -63.6779 -9.21439 -3.93527 -60.4825 
-6.49098 5.56603 -61.9862 -9.81906 1.3767 -62.1169 -9.22008 2.65355 -62.3214 
6.44264 -8.41452 -61.4546 7.49438 -6.81211 -61.9824 8.91473 -3.11386 -63.2463 
9.18195 -1.94732 -63.0845 5.03234 -9.85952 -61.6105 9.568 4.70782 -63.7752 
8.86952 6.60562 -63.891 0.489597 -11.2373 -60.392 7.91023 7.63103 -63.7943 
-0.639424 -11.019 -59.5758 -2.17631 -10.4672 -59.8237 6.05843 8.57765 -63.613 
4.30288 8.94625 -63.4787 2.45951 8.9428 -63.3098 -5.06652 -8.65834 -59.5804 
-5.90564 -7.95345 -59.4713 -6.85099 -7.04954 -59.8051 -7.89657 -5.89458 -59.9085 
-8.56606 -5.02274 -60.0716 -3.48233 7.40537 -61.4132 -9.81426 -2.50863 -60.0633 
-10.1301 -0.335916 -60.1067 -8.15158 4.19518 -61.1532 -10.0321 0.565071 -61.0603 
-9.594 1.99487 -60.6644 -8.90954 3.24031 -61.2949 7.14629 -7.40803 -60.5855 
7.92122 -5.89674 -60.9228 8.58953 -4.08839 -61.6682 8.98489 -2.65956 -62.0744 
5.39594 -9.51111 -60.0804 9.26568 -1.1102 -61.7733 9.56352 1.07775 -61.5828 
3.99153 -10.4893 -60.0089 9.68969 2.46497 -62.7185 2.93687 -10.976 -59.448 
1.97525 -11.1447 -58.8783 8.85262 6.63911 -62.5031 0.480903 -11.1634 -58.3667 
-0.973495 -10.8804 -58.2977 -2.21488 -10.4086 -58.1041 -3.1071 -9.9768 -58.6813 
-3.69536 -9.63523 -58.5459 -4.32675 -9.20013 -58.4783 -5.3147 -8.44855 -58.2672 
-6.48007 -7.39137 -58.2571 -7.48932 -6.33663 -58.7843 -8.50721 -4.98639 -58.6416 
-6.03163 6.18601 -59.3441 -9.60723 -2.83958 -57.3628 -10.0398 -1.3555 -59.0131 
-7.78572 4.64544 -59.9559 -10.0887 0.159615 -58.0959 -9.97397 0.918955 -59.4691 
-9.66044 1.96999 -59.227 -8.98515 3.18357 -59.8399 6.33481 -8.50556 -59.3159 
7.3502 -7.02401 -59.4638 7.87219 -6.01531 -59.6481 8.27515 -4.92471 -59.8515 
8.79316 -3.18076 -60.4792 5.06917 -9.72313 -58.3832 3.56213 -10.6043 -57.6554 
9.6439 2.78472 -61.377 1.82803 -11.0291 -56.2134 8.40376 7.29906 -61.8495 
7.43261 7.9938 -60.9667 -0.0487331 -11.062 -56.9377 -1.41188 -10.7021 -57.0185 
6.47499 8.54614 -61.969 5.71302 8.80709 -61.4543 -3.27065 -9.79502 -56.6797 
3.92851 9.0885 -61.9036 2.32551 9.09783 -60.9738 -4.62318 -8.96596 -57.4143 
-5.17166 -8.56633 -57.2805 -5.71746 -8.09508 -57.1697 -6.50044 -7.36788 -56.839 
-0.514485 8.67479 -59.9793 -7.55654 -6.21286 -57.2177 -8.64559 -4.73745 -56.7489 
-4.00057 7.50291 -58.9541 -10.0789 -0.919882 -57.0546 -7.72891 4.84141 -58.4746 
-8.72523 3.66463 -58.5039 -9.89056 1.34317 -58.2837 -9.48909 2.38667 -58.2528 
6.88283 -7.74958 -58.0045 6.00726 -8.86125 -57.5564 7.73992 -6.18333 -58.4503 
8.40327 -4.28836 -58.0375 8.97282 -2.17066 -59.3814 9.30014 -0.279581 -59.479 
9.52121 1.44294 -59.9394 9.56787 2.75312 -59.6875 9.50584 4.2149 -60.388 
9.06967 6.07526 -60.6717 8.80292 6.83046 -61.3973 8.52868 7.09358 -60.8616 
-0.64584 -10.9608 -56.2895 -1.35555 -10.6958 -55.6856 4.48657 9.14935 -60.3461 
-5.01301 -8.63911 -56.2298 -5.95399 -7.8682 -56.1114 -6.47615 -7.3943 -55.9868 
-7.0134 -6.82587 -56.0036 -8.10698 -5.53286 -54.9628 -2.5255 8.10715 -59.5654 
-9.15776 -3.96254 -55.4693 -5.79962 6.58859 -57.7232 -5.13605 6.97853 -58.3296 
-10.0532 -1.33139 -55.8889 -7.11059 5.53072 -56.8362 -10.1431 -0.376598 -55.6524 
-10.1071 0.21257 -56.4428 -8.48099 4.08669 -57.1505 -9.86604 1.40981 -56.8339 
-9.30083 2.83173 -56.9771 6.48689 -8.24319 -56.4154 7.25048 -7.13322 -57.0988 
7.75218 -6.09336 -57.05 5.1931 -9.54228 -56.0988 8.89663 -2.10267 -57.0433 
9.45455 1.83454 -58.3375 9.40644 0.766527 -58.8783 3.82412 -10.4337 -55.1128 
9.44402 3.57237 -58.1726 9.25195 5.1783 -58.6289 8.48532 7.0324 -59.8077 
0.103328 -11.0559 -55.3031 -0.760887 -10.8819 -54.2542 6.61755 8.55348 -60.0254 
5.86068 8.88494 -59.4337 -2.01658 -10.3976 -54.2925 4.86067 9.20059 -58.9119 
-3.45217 -9.63873 -53.9167 3.65305 9.30996 -59.3676 -4.37526 -9.07219 -54.9769 
1.98611 9.28679 -58.8071 -5.37157 -8.3196 -54.642 -5.70011 -8.07331 -55.4485 
-6.54701 -7.27035 -54.6997 0.224495 9.12905 -57.9979 -1.933 8.50251 -57.9017 
-9.0197 -4.30686 -54.4253 -4.31393 7.53146 -56.7644 -9.44588 -3.55498 -54.358 
-9.7219 -2.81455 -54.8987 -5.86399 6.60824 -56.539 -9.9704 -1.89798 -55.197 
-8.39792 4.28646 -55.7976 -10.0365 0.750314 -54.8464 -9.65356 2.1694 -55.3102 
-9.09405 3.3188 -55.7373 7.19805 -7.13333 -55.8278 7.91028 -5.6422 -55.9768 
8.40796 -4.18645 -56.1578 9.27031 0.242073 -57.5487 4.96067 -9.73569 -53.9319 
9.43345 2.52574 -57.4126 2.92955 -10.7814 -53.541 9.28657 4.73503 -57.4776 
1.3735 -11.0945 -54.1346 8.82141 6.40197 -58.4518 8.11621 7.39367 -58.3969 
0.328704 -11.0831 -53.488 6.97285 8.33256 -58.269 -0.70943 -10.8366 -52.4689 
5.6606 8.9897 -57.6311 -2.35327 -10.1881 -52.5804 3.91924 9.373 -57.5716 
-4.70781 -8.79226 -53.3644 1.68046 9.44524 -56.7185 -5.86218 -7.87691 -53.1151 
-6.81732 -7.00419 -52.733 -0.301075 9.1713 -56.4702 -7.61552 -6.17682 -53.151 
-8.41398 -5.23732 -53.0255 -8.81466 -4.66278 -53.6689 -9.32807 -3.81674 -53.3862 
-9.73555 -2.88562 -53.3531 -10.0099 -1.84141 -53.5719 -5.82942 6.67281 -54.2604 
-10.1305 -0.676126 -54.2121 -8.03595 4.7073 -54.1416 -9.76966 1.93327 -53.2719 
-9.38472 2.87871 -54.4324 -8.88542 3.7006 -54.7001 6.25807 -8.43263 -54.5111 
7.31158 -6.86113 -54.4174 8.03458 -5.26931 -54.6928 8.57111 -3.51568 -55.1567 
8.85941 -2.17038 -55.3519 9.08545 -0.483549 -55.1383 4.09014 -10.3409 -53.6379 
9.32345 1.74554 -56.2142 9.37589 3.07268 -56.6559 9.25558 4.28586 -56.3666 
1.56022 -11.0592 -52.1662 8.96282 5.75895 -56.5946 8.52323 6.82102 -56.8561 
0.405444 -11.0864 -52.4483 7.79311 7.64414 -56.3921 6.34121 8.66284 -55.1993 
5.0523 9.23193 -56.1957 -3.74454 -9.35074 -51.3253 3.47864 9.55171 -55.0585 
-5.2313 -8.35459 -51.9508 -6.32018 -7.43805 -51.2006 -7.59625 -6.19896 -51.2918 
-1.88548 8.79511 -55.4382 -8.11756 -5.6348 -52.0193 -8.6655 -4.94055 -51.8297 
-3.346 8.24624 -54.3028 -9.05988 -4.31763 -52.3758 -9.59232 -3.26128 -52.0335 
-9.96963 -2.08631 -51.8456 -10.1695 -0.690145 -51.945 -10.11 0.529616 -52.7384 
-9.14224 3.29436 -53.2832 5.70755 -9.03171 -52.6152 6.68944 -7.86383 -53.0563 
7.50022 -6.46933 -52.9254 8.24951 -4.61339 -53.5673 8.73818 -2.64358 -53.8856 
4.33537 -10.1315 -52.2399 9.22585 1.26045 -54.5814 3.09607 -10.7121 -51.559 
9.27106 2.12212 -54.798 9.23367 3.23803 -54.9072 2.48891 -10.8752 -50.3202 
8.91053 5.14096 -54.2538 1.32596 -11.0527 -50.2095 8.63281 6.58214 -55.9479 
0.501285 -11.0726 -51.5649 8.31466 7.05391 -55.6432 0.0181611 -10.9462 -50.2881 
-1.6252 -10.4236 -50.5701 5.08428 9.26748 -55.17 -5.19681 -8.34478 -50.6058 
0.280191 9.45063 -54.2099 -7.05519 -6.76097 -50.4173 -8.0115 -5.76913 -51.5128 
-1.40024 9.11956 -54.2503 -8.30942 -5.40005 -51.2076 -2.1256 8.87465 -54.2608 
-8.87478 -4.62249 -50.8554 -9.02201 -4.42398 -51.5367 -9.32519 -3.84942 -51.1215 
-9.77441 -2.73122 -50.2079 -10.13 -1.25403 -50.1777 -7.50143 5.39471 -51.6216 
-10.173 0.428871 -51.1786 -8.71119 3.9684 -52.0778 -10.0001 1.30657 -51.5481 
-9.52871 2.57085 -51.246 6.51947 -8.0413 -51.2435 7.50252 -6.51044 -51.4632 
7.9754 -5.46706 -52.2764 8.41073 -4.10829 -52.3548 8.74129 -2.64692 -52.337 
5.24094 -9.42513 -51.0562 8.97062 -1.12253 -53.0153 9.13451 0.552121 -53.36 
4.02502 -10.2237 -49.6627 9.18868 2.11243 -53.3833 9.01223 3.77844 -52.3869 
8.53123 6.49153 -54.8183 7.78727 7.47091 -54.36 4.93485 9.36885 -54.0113 
-2.40824 -10.024 -48.3708 -4.57123 -8.73828 -48.6443 3.84439 9.69085 -53.0368 
2.33689 9.77392 -53.1928 -5.81544 -7.84617 -49.7301 -6.65273 -7.12985 -49.6256 
-7.48393 -6.30764 -49.6288 -1.86512 8.97937 -53.3042 -8.39991 -5.22005 -49.8601 
-9.22073 -3.97169 -49.7497 -3.7019 8.17467 -51.8899 -5.82745 6.89262 -51.4741 
-10.04 -1.71576 -48.1943 -10.1836 -0.168989 -48.7692 -10.2052 -0.113842 -50.3238 
-8.81153 3.88335 -50.2448 -10.0358 1.11027 -49.8531 7.29891 -6.89536 -49.937 
7.99821 -5.38111 -51.0731 8.50126 -3.71555 -50.8145 5.5657 -9.12655 -49.5925 
6.47092 -8.18072 -49.4855 8.8672 -1.76607 -51.3909 9.04895 -0.120297 -51.8993 
9.12875 1.14967 -52.1945 2.44145 -10.8163 -48.1457 8.74482 5.26055 -52.3197 
8.19949 6.56915 -52.219 0.95397 -10.9998 -48.5637 -0.371661 -10.7732 -47.989 
6.89936 8.15107 -52.0145 5.56758 9.11603 -52.6484 4.76364 9.4983 -52.8053 
-6.03439 -7.63474 -48.6129 1.18666 9.791 -52.0388 -7.00315 -6.74642 -48.318 
-0.811264 9.39719 -51.279 -7.96016 -5.72795 -48.4999 -8.89745 -4.40745 -47.9896 
-9.61113 -3.11987 -48.6188 -4.96371 7.61412 -49.4958 -6.60629 6.37452 -49.8887 
-7.89791 5.10721 -49.1429 -9.56813 2.56967 -49.0653 -8.93901 3.7893 -48.5294 
8.00084 -5.38764 -49.5318 6.06131 -8.66352 -48.1139 6.84142 -7.70178 -48.528 
8.40639 -4.13352 -49.1328 8.7307 -2.56625 -49.7153 8.95788 -0.740595 -50.3754 
5.06896 -9.55212 -48.0281 9.0675 0.674768 -51.0509 4.11695 -10.1413 -46.5927 
9.08622 1.98452 -51.3876 8.62159 5.07703 -50.2896 1.31047 -10.9497 -46.0593 
0.108164 -10.9158 -46.2605 -1.10929 -10.5437 -45.5442 -2.35426 -10.0965 -46.8593 
4.37941 9.58119 -51.6775 -3.21489 -9.64042 -47.2738 -4.03503 -9.09387 -46.3115 
2.79003 9.85119 -51.5732 -5.91226 -7.64106 -46.8318 1.50206 9.89684 -49.9382 
-7.72725 -5.86042 -46.946 -9.68234 -2.90919 -47.0105 -10.08 -1.66319 -45.8354 
-6.47924 6.55547 -47.579 -10.1908 -0.249763 -46.7971 -10.0007 1.30431 -47.6341 
-9.44628 2.91024 -47.4128 6.79593 -7.72005 -46.9281 7.46764 -6.63117 -48.2622 
8.03735 -5.31358 -47.9351 8.52887 -3.50877 -47.5568 8.85699 -1.45238 -48.7421 
5.61796 -9.03835 -46.3735 8.9935 0.674872 -49.5046 8.94173 2.91712 -49.8569 
2.92193 -10.6881 -45.7861 7.87178 6.85176 -49.2689 0.51927 -11.0055 -45.7789 
7.50391 7.51198 -50.5599 0.028714 -10.9231 -45.6774 5.36982 9.11963 -50.5019 
-2.74824 -9.88111 -46.1445 3.56469 9.73901 -49.9931 -4.75656 -8.50994 -44.2728 
-7.03082 -6.50332 -44.7927 -0.233395 9.73534 -48.5093 -2.61179 8.8959 -49.1012 
-9.09132 -3.97269 -45.3123 -3.97465 8.3778 -46.6682 -9.83573 -2.54802 -45.3363 
-9.77239 -2.72908 -45.939 -8.37618 4.62553 -46.9614 -10.2262 -0.20485 -44.9187 
-10.0921 1.06109 -45.6882 -9.81771 2.1277 -46.3719 -9.33664 3.21713 -46.1899 
7.56364 -6.45257 -46.9546 7.97834 -5.43561 -46.0925 8.80465 -1.83592 -47.153 
8.92136 -0.394331 -47.8064 8.90711 1.6342 -47.3037 8.75695 3.89747 -48.1129 
0.475148 -10.9454 -44.9789 6.62765 8.23744 -48.8696 -2.96654 -9.71241 -44.7861 
4.5976 9.40017 -48.3398 2.87838 9.88749 -48.366 -6.1145 -7.39508 -41.9997 
1.59771 9.97933 -47.8024 -8.29703 -5.2009 -43.0914 -1.51471 9.48943 -46.583 
-9.12524 -4.13189 -43.841 -9.53051 -3.3463 -43.5777 -9.96443 -2.05196 -43.9223 
-5.73919 7.36437 -44.5375 -7.28938 5.97185 -45.9458 -10.2034 -1.06069 -44.4614 
-8.83763 4.1217 -45.0397 -8.05455 5.19117 -45.7076 -9.71082 2.40157 -45.0974 
7.2976 -6.92491 -45.741 6.4969 -8.07021 -44.945 8.39207 -4.16257 -45.8679 
8.65807 -2.73859 -45.2052 5.18482 -9.4032 -44.1562 8.87294 -0.656773 -46.1561 
3.83718 -10.3239 -44.5297 2.87135 -10.6947 -43.9589 8.75586 3.42761 -46.4898 
8.6303 4.40302 -46.7733 1.66118 -10.9064 -43.1665 8.36339 5.50217 -47.5747 
0.273392 -10.8801 -43.5604 7.81388 6.85049 -47.396 7.41999 7.49661 -47.8814 
-0.581536 -10.6997 -42.9608 -1.89543 -10.2387 -43.2371 5.54744 8.90202 -46.8208 
-3.22032 -9.56043 -43.1726 3.54108 9.69929 -45.8533 0.811089 9.95936 -46.1042 
-7.65208 -6.01726 -41.4349 -9.23155 -3.93566 -42.9045 -9.78023 -2.65731 -41.4604 
-7.62325 5.71989 -44.5902 -10.1691 -1.01814 -41.9648 -10.2218 -0.416317 -43.3172 
-8.46124 4.80184 -44.0104 -10.0723 1.15296 -43.7408 -9.58045 2.79318 -43.7581 
-9.05954 3.90247 -43.7059 7.42986 -6.64534 -44.1409 8.19882 -4.78089 -44.4391 
6.46476 -8.14765 -43.0379 8.84109 -0.918765 -44.4194 4.18877 -10.1323 -42.6667 
8.87607 0.770335 -44.9294 3.1596 -10.5967 -42.0393 8.45254 4.46222 -44.7137 
0.690153 -10.8831 -41.1699 7.96451 6.30461 -46.1169 7.0874 7.7045 -46.0532 
-1.06684 -10.514 -41.2802 -2.57072 -9.88945 -41.54 -4.0791 -8.98651 -41.9972 
-6.98118 -6.69848 -39.9961 -0.305998 9.90725 -44.0354 -8.26159 -5.36905 -40.0264 
-2.32688 9.33523 -44.748 -8.52876 -5.0342 -41.5452 -9.06128 -4.21848 -42.0105 
-3.64529 8.75893 -44.1297 -7.00288 6.43884 -42.9005 -7.94816 5.46863 -43.3703 
-10.1723 0.643674 -41.4035 -9.89403 1.99112 -42.4766 -9.41594 3.22702 -42.5622 
-8.68578 4.50496 -42.8963 5.50532 -9.18947 -41.7965 7.23992 -7.10763 -42.4319 
7.90071 -5.71187 -42.6812 8.48521 -3.72041 -42.63 8.76968 -1.79631 -42.9939 
8.84223 0.142426 -42.7719 8.79375 2.48551 -45.3891 2.54783 -10.7456 -40.6796 
7.77597 6.57044 -44.7085 7.34437 7.44171 -44.7104 -0.338457 -10.7227 -39.7845 
7.1557 7.73201 -44.9209 -1.98619 -10.0958 -39.1071 5.68966 8.7868 -45.1576 
-3.40628 -9.40904 -40.5015 -4.57887 -8.63785 -40.6324 -5.44111 -7.98765 -39.4402 
2.18616 10.0682 -43.4505 -1.96112 9.55376 -41.9402 -9.15155 -4.09283 -40.6242 
-4.16616 8.54377 -42.4606 -5.64903 7.59663 -41.6774 -8.0049 5.41018 -42.0608 
-10.2128 -0.739828 -40.0983 -9.01666 3.95906 -41.2844 -9.79271 2.2975 -41.2039 
6.62083 -8.05329 -41.3247 7.47578 -6.76737 -41.0797 8.15182 -5.13459 -41.1549 
4.35275 -10.0319 -40.1891 5.89366 -8.90166 -39.978 8.76981 2.08565 -43.6365 
1.87311 -10.8912 -39.0487 7.90522 6.07294 -42.7616 0.681798 -10.9238 -39.089 
7.49515 7.10197 -43.7918 6.81506 7.9503 -44.0661 5.26496 9.05201 -42.9823 
-3.887 -9.08074 -39.2775 3.7053 9.79002 -43.5393 1.19288 10.1608 -40.9688 
-6.62257 -7.02413 -37.9882 -7.66631 -6.06382 -38.5959 -8.48992 -5.11916 -38.3726 
-9.13545 -4.16284 -38.8852 -9.66298 -3.11764 -39.4583 -10.0905 -1.79126 -38.593 
-7.13035 6.36302 -41.0109 -10.2398 0.516107 -39.4345 -8.21131 5.17924 -40.6892 
-8.89352 4.22168 -39.7281 -10.0655 1.50691 -39.9124 -9.63294 2.7761 -39.7643 
6.87431 -7.80611 -39.9084 7.39851 -7.03817 -39.9458 7.81634 -6.16299 -39.9973 
8.25652 -4.97731 -39.8855 8.56398 -3.53883 -40.1854 5.42131 -9.36904 -38.6077 
6.39312 -8.43628 -38.5567 8.73153 -2.29769 -41.3563 8.82253 -1.01038 -41.3794 
8.77911 1.57037 -41.848 3.24198 -10.5771 -38.9125 8.6501 2.94322 -42.3309 
8.37739 4.24209 -41.3006 1.22016 -10.9172 -37.4219 7.32854 7.2494 -42.5957 
7.61887 6.68447 -41.6576 -0.19015 -10.7527 -38.2748 -0.936233 -10.5305 -37.3414 
6.62543 8.05453 -42.2653 -2.16264 -9.93321 -36.0843 -3.40228 -9.34298 -37.8404 
3.8537 9.7854 -41.6891 -4.5034 -8.67035 -38.1463 2.64818 10.1289 -41.6095 
-5.40621 -8.01007 -37.7186 -7.44805 -6.28444 -37.4668 -8.12184 -5.54955 -37.2069 
-9.12388 -4.19674 -36.836 -3.88032 8.77775 -40.1208 -9.72342 -3.02244 -37.7774 
-7.79234 5.66419 -39.2887 -5.98809 7.34527 -39.5131 -10.2785 -0.210662 -38.1597 
-10.0689 1.55161 -37.9327 -9.44916 3.27403 -38.516 -8.79392 4.43044 -38.6385 
7.31828 -7.15103 -38.8284 7.99818 -5.75032 -38.8066 8.41146 -4.44483 -38.8417 
8.79 -1.44737 -39.4398 4.44365 -10.0345 -37.6161 8.80886 0.473511 -40.3825 
2.85744 -10.6924 -37.3957 8.67842 2.31973 -40.415 7.85196 5.92855 -40.409 
0.0992617 -10.8254 -36.9857 7.18218 7.30673 -40.8467 -0.475384 -10.6426 -36.0866 
6.28259 8.34685 -40.8422 5.34039 9.05353 -40.3238 -4.45482 -8.62729 -36.3919 
3.2477 10.0058 -40.1471 -5.97229 -7.52854 -36.5347 -7.32154 -6.32076 -35.836 
-0.533029 10.0684 -39.5329 -8.49173 -5.07698 -35.6358 -2.06711 9.67253 -39.4275 
-2.9034 9.32598 -38.5489 -9.7778 -2.97699 -36.3346 -10.099 -2.0496 -36.6902 
-6.79961 6.66085 -37.63 -10.2512 -1.48472 -35.8823 -10.2889 -0.997489 -36.7715 
-8.30001 5.09613 -37.6542 -10.3192 0.232233 -36.3932 -10.2389 1.28452 -35.877 
-10.0321 2.05047 -36.3081 -9.65636 2.90447 -37.0285 -9.13054 3.92516 -37.7014 
5.82893 -9.03395 -37.112 6.86665 -7.86359 -37.1798 7.65316 -6.55753 -37.3828 
8.2372 -5.06923 -37.4337 8.65402 -3.15668 -37.4532 5.2202 -9.58621 -35.7374 
3.88549 -10.3588 -35.866 8.79842 0.390445 -37.9886 2.39971 -10.7976 -35.7162 
8.74643 1.51245 -39.1358 8.6722 2.30334 -39.1444 8.53181 3.22832 -39.3092 
8.25089 4.56278 -39.3743 0.846053 -10.8659 -35.6834 7.35133 6.85503 -38.7882 
-0.224707 -10.6235 -34.2031 6.79849 7.77895 -39.581 6.21851 8.37992 -39.3114 
-3.83606 -8.9501 -33.5384 4.50683 9.53032 -39.6311 -5.82697 -7.57568 -34.7488 
2.80472 10.0954 -38.5498 1.05895 10.2543 -38.272 -1.18149 9.84958 -37.1592 
-8.51731 -4.95374 -33.167 -9.12984 -4.21205 -34.9608 -4.41321 8.42898 -37.6744 
-9.59561 -3.40857 -35.4001 -10.0562 -2.21805 -34.9963 -10.328 -0.772648 -35.0563 
-7.78099 5.70222 -36.0023 -10.3473 0.544421 -34.6067 -8.98289 4.13329 -36.3202 
-10.118 1.87731 -35.4743 -9.74621 2.76983 -35.0578 6.44019 -8.44028 -35.4489 
7.29666 -7.25672 -36.0743 7.907 -6.06418 -35.9135 8.38659 -4.66035 -35.8858 
4.69764 -9.98627 -34.3661 8.82474 -1.24567 -37.2444 3.46609 -10.5368 -34.4231 
8.64671 2.21511 -38.0188 2.06266 -10.8049 -33.4061 8.37764 3.81509 -37.914 
7.96061 5.38627 -38.0629 6.66528 7.84107 -38.4636 -1.85406 -10.0588 -33.6878 
5.64183 8.72316 -37.6688 4.14336 9.67913 -38.4958 -7.08346 -6.49309 -33.6665 
-9.62223 -3.34006 -33.6975 -10.06 -2.35712 -33.4443 -6.02279 7.35166 -35.7759 
-10.2702 -1.43604 -33.4584 -10.383 -0.209503 -33.1091 -8.63696 4.65496 -34.0039 
-10.1921 1.59438 -34.5304 7.35539 -7.1885 -34.6521 8.10072 -5.67368 -34.1008 
8.65611 -3.55679 -34.4726 5.71308 -9.24721 -34.4062 8.82272 -1.92543 -35.6731 
4.19541 -10.223 -32.6128 8.84088 -0.269277 -35.553 8.71869 1.41851 -36.2791 
8.50804 2.96135 -36.434 8.20233 4.42786 -36.3537 7.84517 5.60203 -36.2962 
0.787957 -10.8562 -31.9717 7.55958 6.34281 -37.2288 6.9398 7.34816 -37.2102 
-0.826853 -10.4729 -32.0331 -2.26803 -9.8634 -32.0629 4.12908 9.64866 -36.6945 
2.42699 10.1845 -36.7945 1.04598 10.2691 -36.8345 -5.97881 -7.42037 -32.6083 
-7.34475 -6.22836 -32.0155 -3.65224 8.88392 -35.2554 -0.885118 9.95533 -33.8844 
-9.47755 -3.63573 -32.1812 -9.84078 -2.97775 -32.4268 -9.95368 -2.711 -32.9277 
-5.54095 7.79019 -33.5479 -10.141 -2.11065 -32.1076 -7.19823 6.34381 -34.489 
-10.3459 -0.984909 -32.0099 -10.2688 1.1806 -32.6883 -10.0321 2.17481 -33.4531 
-9.61816 3.15212 -33.1104 6.51988 -8.418 -33.4479 7.46595 -7.11445 -33.1838 
5.41679 -9.49782 -33.3011 8.885 -1.63495 -33.4299 8.76536 0.995577 -34.7267 
3.11452 -10.7003 -30.818 8.60246 2.26793 -34.7461 1.89547 -10.9255 -31.5625 
8.35899 3.61398 -34.983 8.15557 4.5038 -34.944 8.00143 5.09739 -35.3722 
7.69321 5.83398 -34.7874 7.35508 6.60275 -35.8134 6.56829 7.71136 -35.5615 
7.1088 6.84415 -33.8739 -1.69095 -10.1045 -29.4367 5.69763 8.63386 -35.4051 
5.11985 9.12292 -35.9876 -3.23928 -9.327 -31.2211 3.26174 9.97262 -35.3846 
-4.85229 -8.2733 -30.9886 1.49087 10.2068 -35.2428 -6.5447 -6.943 -30.4909 
-8.07214 -5.45832 -30.012 -9.31624 -3.84113 -30.4201 -9.86219 -2.87626 -31.2056 
-10.1398 -2.15391 -30.7997 -10.2922 -1.34079 -30.6124 -7.29126 6.26808 -32.9168 
-8.27428 5.1877 -31.4571 -10.365 0.11128 -30.8536 -9.96049 2.38864 -31.979 
-9.60066 3.27365 -31.8108 -9.15738 4.01602 -32.3321 7.06277 -7.84491 -31.6155 
7.90748 -6.39346 -32.2402 8.43504 -4.93438 -32.4641 5.74892 -9.22935 -31.7953 
8.77883 -3.37589 -32.0655 4.77027 -10.0015 -30.2806 8.85277 0.0881326 -33.4025 
8.71811 1.44821 -33.4717 1.5978 -10.9255 -30.0072 8.60115 2.28772 -33.5034 
8.44466 3.09937 -33.4462 8.16308 4.28976 -33.5553 7.9436 5.11659 -34.1196 
0.0783762 -10.7333 -30.4694 6.05433 8.12461 -33.4369 4.58436 9.35372 -34.4163 
-3.63468 -9.09138 -29.6827 -4.74691 -8.37169 -29.3759 3.09056 10.0047 -34.0839 
-5.70682 -7.64938 -29.4283 1.91766 10.1913 -32.7818 0.305418 10.2898 -31.9795 
-3.33343 9.15629 -33.2405 -1.88715 9.8007 -31.2575 -4.2974 8.69448 -31.9036 
-10.0438 -2.301 -29.3462 -6.14169 7.36104 -30.7783 -10.1315 1.68542 -30.4641 
-9.20471 3.95051 -31.1648 -9.67677 3.01978 -30.5498 7.7393 -6.91948 -30.9667 
8.16645 -5.9667 -31.1849 6.31735 -8.80651 -29.6768 7.30686 -7.67171 -30.1799 
4.98466 -9.90599 -27.7131 4.03125 -10.4517 -29.3184 8.93414 -2.21675 -31.5767 
8.95473 -1.30044 -31.7894 8.92386 -0.640371 -32.3168 3.1287 -10.7356 -28.5971 
8.89501 -0.0383816 -32.1154 8.80705 0.777871 -31.9886 8.58921 2.25967 -32.1458 
8.42397 3.14077 -32.3974 8.28048 3.75194 -32.5432 7.8767 5.13178 -32.7606 
7.60291 5.87064 -33.138 0.329444 -10.7935 -28.7289 6.77263 7.25149 -32.2802 
-3.09856 -9.41604 -28.5132 -4.1359 -8.77243 -28.1787 3.65567 9.77679 -32.6999 
-5.33095 -7.9292 -28.2344 -6.83545 -6.68811 -27.647 -8.24114 -5.32534 -27.7775 
-9.03511 -4.33495 -28.3919 -9.64109 -3.3557 -28.5585 -10.3599 -0.61194 -28.6762 
-7.76338 5.8232 -29.1831 -10.292 0.850132 -28.6884 -8.96651 4.23171 -29.6926 
-9.75414 2.62335 -28.4853 7.22611 -7.85822 -28.9971 7.90577 -6.64183 -29.7514 
8.49255 -4.93621 -30.5986 8.86797 -3.13435 -29.6744 8.97197 -1.66316 -30.6304 
8.92223 -0.276605 -30.7639 8.82178 0.7661 -30.8345 8.73214 1.41366 -31.0631 
8.61266 2.11055 -30.7435 8.49847 2.68781 -31.0399 8.32445 3.42479 -31.3769 
1.77731 -10.931 -27.9273 8.02918 4.5371 -31.8764 7.52256 5.8106 -31.2502 
0.634613 -10.8409 -26.4849 7.24153 6.53443 -32.1923 -0.477625 -10.6062 -27.905 
7.22372 6.49721 -31.2869 6.93623 6.96445 -31.3467 -1.12207 -10.3683 -26.8519 
6.1762 7.80827 -30.5603 4.87006 9.0431 -31.8883 -2.90364 -9.48958 -26.6741 
-5.05088 -8.09489 -26.2847 3.4653 9.76439 -30.3863 1.66074 10.3003 -30.9661 
0.39022 10.3221 -30.4534 -0.35237 10.1969 -28.8304 -7.50046 -6.11121 -25.9262 
-7.96933 -5.62889 -26.3535 -8.90419 -4.49598 -26.272 -4.04146 8.89508 -30.3655 
-9.5736 -3.52344 -27.158 -9.87876 -2.94054 -26.5943 -9.95788 -2.6859 -27.4927 
-10.0989 -2.2624 -26.1033 -10.253 -1.58566 -27.2921 -10.3893 0.247747 -27.576 
-8.67173 4.64009 -27.6104 -7.66675 5.99989 -27.7558 6.81397 -8.40018 -27.4725 
7.68275 -7.16473 -28.1511 8.38336 -5.48676 -28.3301 9.00011 -1.38218 -29.1887 
3.07598 -10.7444 -26.0031 8.94182 -0.0490687 -28.6972 8.74514 1.28807 -29.5736 
8.41396 2.92333 -29.8037 7.89992 4.62364 -29.7838 7.00593 6.74389 -30.5835 
-0.510023 -10.6154 -25.2639 -1.59676 -10.1802 -25.2482 4.93531 8.95253 -30.0462 
1.87559 10.2016 -28.7456 -6.23853 -7.20412 -25.9288 -6.96064 -6.58454 -25.5492 
-8.03133 -5.4624 -24.0072 -2.73347 9.55696 -28.8131 -4.71661 8.51424 -28.8196 
-9.71431 -3.18316 -25.558 -6.33897 7.26601 -27.75 -10.3126 -1.22131 -25.7206 
-10.3809 -0.354837 -26.6882 -10.2197 1.13765 -26.676 -9.63433 2.94583 -26.3469 
7.88611 -6.90986 -26.5167 8.57045 -5.27454 -26.4467 8.8707 -3.7756 -27.1867 
9.03445 -2.115 -27.679 9.03144 -0.916885 -27.8046 5.1689 -9.94858 -24.8349 
8.83565 0.898219 -28.0599 8.71817 1.55882 -28.1769 8.52323 2.41718 -28.1339 
8.15043 3.81316 -28.0334 1.7218 -10.997 -24.8111 6.99588 6.49261 -28.7576 
0.541236 -10.8979 -24.3624 -0.791478 -10.4779 -23.2644 5.40002 8.57131 -28.7378 
-2.47498 -9.71882 -24.1605 4.53901 9.22544 -28.7719 -3.85615 -8.908 -24.6075 
-4.84268 -8.24558 -24.5322 -5.97583 -7.36853 -24.124 1.1993 10.1997 -26.2706 
-1.34408 9.98632 -26.991 -3.81942 9.02668 -26.2422 -9.26482 -3.92432 -24.5322 
-9.75031 -3.07758 -24.203 -10.1337 -1.8972 -24.1003 -7.60215 6.06034 -26.3721 
-10.3434 0.0451195 -24.625 -10.0974 1.79957 -24.935 -9.65866 3.05594 -24.9193 
-8.82394 4.49659 -25.4638 7.1507 -8.18717 -25.7673 6.23867 -9.11518 -25.9726 
7.74662 -7.42886 -24.8035 8.46283 -5.87823 -24.8515 8.90797 -4.10568 -25.3022 
9.08326 -2.26176 -25.7184 9.06927 -1.07403 -26.5299 3.95688 -10.6375 -24.3881 
8.94365 0.184465 -27.0267 2.95118 -10.9369 -23.7425 8.702 1.63018 -26.968 
8.29474 3.24593 -26.2309 7.99412 4.26289 -26.8811 1.61347 -11.0547 -23.5688 
7.65414 5.13693 -27.4508 6.10488 7.78399 -28.2368 5.57255 8.33828 -27.3864 
4.9049 8.93395 -27.6627 -3.27058 -9.24945 -23.0006 3.74361 9.55616 -27.0855 
-4.40597 -8.51416 -23.1591 2.44708 10.1013 -27.0507 -6.89848 -6.60712 -23.0539 
-9.63399 -3.21085 -22.5994 -6.01228 7.60021 -24.8371 -10.098 -2.19417 -22.6484 
-10.3586 -0.654701 -23.3341 -7.73589 5.9643 -24.4306 -10.3684 0.353775 -22.4847 
-10.2616 1.24929 -23.5771 -9.9537 2.39158 -23.6392 -9.36183 3.69504 -23.882 
-8.65952 4.84709 -24.0095 6.84916 -8.62682 -24.3616 7.6126 -7.78979 -23.8807 
8.08898 -6.97876 -23.6802 4.49227 -10.4542 -23.1319 9.10006 -1.05295 -25.4812 
9.00426 -0.0742157 -25.5537 3.60585 -10.8329 -22.1454 8.84106 1.00346 -25.8546 
8.64262 1.97954 -25.5745 2.276 -11.0542 -22.2561 0.877213 -10.9655 -22.6316 
7.75738 4.80043 -25.768 7.44569 5.56461 -26.2584 7.11553 6.18212 -26.664 
6.1824 7.47279 -25.9159 -2.18735 -9.82801 -22.3653 5.11563 8.64127 -26.4575 
-3.33263 -9.11454 -20.7867 -5.15256 -7.96164 -22.0664 2.71272 9.98837 -26.1614 
-6.24043 -7.16166 -22.2106 -7.32175 -6.21632 -21.6304 -1.01615 10.0621 -24.4653 
-8.40206 -5.1029 -21.5524 -3.12641 9.51386 -23.4813 -8.90354 -4.44539 -21.9636 
-4.49396 8.79054 -24.2328 -10.0052 -2.5216 -22.3786 -10.1246 -2.11641 -21.8478 
-10.3209 -1.11613 -22.2744 -8.15175 5.52257 -22.9854 -6.87516 6.85713 -22.1129 
-8.96052 4.382 -22.5776 -10.1761 1.6511 -22.4239 -9.7362 2.88569 -22.0118 
7.44336 -8.05942 -22.7784 8.20335 -6.90977 -22.5702 8.62101 -5.79491 -23.1935 
8.90143 -4.59205 -23.8706 6.0407 -9.45792 -22.8024 9.12887 -2.82901 -23.6647 
5.01846 -10.2504 -21.0798 9.08612 -0.74653 -24.2446 3.22335 -10.9363 -20.3052 
8.81508 1.22155 -24.301 8.46295 2.67658 -24.5584 1.53541 -11.0459 -20.8892 
7.94723 4.20474 -23.7749 0.24099 -10.8174 -21.3808 7.56825 5.17451 -24.5277 
7.15802 5.9881 -25.0761 -1.05891 -10.3197 -20.6674 4.88705 8.68154 -24.4798 
-5.91618 -7.34292 -19.8853 3.17169 9.67796 -24.3921 -7.4852 -6.06193 -19.8102 
-8.20097 -5.33178 -20.3815 -9.35287 -3.76673 -19.6806 -4.69575 8.64205 -22.1475 
-10.0076 -2.44505 -20.5941 -10.3135 -1.26803 -20.6975 -8.28039 5.33082 -21.071 
-10.3923 -0.153703 -21.0192 -9.24241 3.89896 -20.7449 -10.2191 1.31871 -20.474 
7.91018 -7.54033 -21.449 8.55221 -6.1998 -21.7985 6.80055 -8.92313 -20.8523 
9.00853 -4.44065 -22.2528 9.24636 -2.71738 -21.9383 5.92666 -9.82871 -19.4179 
4.80792 -10.5397 -18.7555 9.20153 -1.0011 -22.1953 8.98061 0.568277 -22.8914 
8.79372 1.53395 -23.0144 8.50059 2.60968 -22.8756 2.03567 -11.081 -19.0264 
0.63588 -10.8906 -19.4728 7.3058 5.62903 -23.4719 6.53934 6.86679 -22.9663 
-0.525542 -10.502 -17.9781 5.80075 7.83155 -23.4821 -1.76247 -9.98496 -19.3952 
-4.12332 -8.58467 -18.3185 1.44687 10.1352 -23.4088 -6.4516 -6.94097 -18.0697 
-7.58559 -5.94404 -17.8399 0.0633224 10.3018 -22.2105 -8.32176 -5.19219 -19.0784 
-1.59005 10.1005 -22.4387 -2.67581 9.74249 -21.2232 -9.96902 -2.61282 -19.134 
-9.95865 -2.62662 -19.6388 -10.223 -1.73411 -19.2069 -10.38 -0.229802 -19.3908 
-8.8263 4.59198 -19.3592 -9.80725 2.74499 -20.1461 -9.51265 3.41541 -19.008 
7.74006 -7.9292 -20.1186 8.31035 -6.93239 -20.6604 8.80991 -5.59653 -20.5995 
9.24465 -3.59835 -20.4016 9.32725 -1.97052 -20.9295 9.29593 -0.942756 -20.7482 
9.2059 -0.301733 -21.1821 9.05128 0.468279 -21.4763 3.3137 -11.0041 -17.5475 
8.79754 1.60341 -22.0301 8.55625 2.51758 -21.5109 8.37691 3.07644 -21.7501 
8.11749 3.7777 -22.0219 7.8332 4.50286 -22.2215 7.50715 5.20195 -22.2371 
7.04151 6.0754 -22.0909 -2.30937 -9.66602 -18.0729 5.83178 7.73856 -21.9547 
5.30652 8.29323 -22.3879 4.443 8.93608 -22.2166 3.14215 9.64162 -21.5029 
-5.59846 -7.58409 -17.7184 -6.77491 -6.66986 -16.6119 1.59444 10.1732 -21.6007 
-0.928279 10.2473 -20.7867 -8.87797 -4.55091 -17.5758 -9.54523 -3.58676 -17.491 
-3.66633 9.26713 -19.7476 -9.75893 -3.17966 -18.0902 -10.0304 -2.40529 -18.0905 
-5.50922 8.04214 -19.14 -7.40631 6.33439 -19.4479 -10.3577 -0.691964 -17.1716 
-8.23374 5.42298 -19.4748 -10.3141 0.899417 -18.0194 -10.0218 2.17926 -18.6021 
7.11019 -8.7987 -18.3294 8.29542 -7.01515 -19.3049 9.03404 -5.27004 -18.7503 
9.39031 -3.59886 -18.7234 5.81693 -10.0661 -18.0304 5.30372 -10.4456 -17.7636 
9.40852 -1.72476 -18.9958 4.90607 -10.6208 -16.8542 9.17971 0.0374749 -20.1107 
8.77092 1.79725 -20.235 1.45784 -11.0303 -16.6794 8.25868 3.38413 -20.5886 
7.69384 4.76426 -20.7786 0.115435 -10.7329 -16.2995 7.17994 5.78917 -20.8622 
-1.24911 -10.1332 -14.9274 6.66265 6.62226 -20.8689 6.09902 7.36292 -20.9509 
5.18841 8.2536 -20.2513 -3.12902 -9.17686 -16.6276 4.28905 9.00457 -20.8355 
-4.64086 -8.23144 -16.3417 -5.75115 -7.46978 -16.4995 -5.5463 -7.60809 -15.5831 
2.20809 10.0156 -20.407 0.751074 10.2851 -20.3088 -6.1548 -7.16558 -15.8679 
-0.3449 10.3156 -19.607 -7.5318 -6.0343 -16.6728 -8.01523 -5.5675 -16.2663 
-1.5978 10.0229 -18.6816 -8.58292 -4.91875 -16.3073 -9.04756 -4.36858 -16.2224 
-9.327 -3.94444 -16.4036 -9.75191 -3.11095 -16.107 -9.9059 -2.85757 -17.1955 
-10.1466 -2.03069 -16.3639 -8.3589 5.19793 -17.8208 -10.1527 1.79579 -17.0718 
-9.74997 2.89414 -17.3795 -9.17996 4.00874 -17.917 8.43785 -7.07889 -17.0386 
9.1529 -5.56512 -17.026 9.4176 -4.3401 -17.4896 6.06787 -9.9556 -16.4773 
5.56057 -10.323 -17.2945 9.25111 -0.0113497 -18.6428 3.97817 -10.9779 -15.0922 
9.03278 0.986443 -19.0353 2.84037 -11.1405 -15.9608 8.74502 2.11153 -18.296 
8.32835 3.27115 -18.6849 7.82314 4.46509 -19.0264 0.452481 -10.8259 -15.421 
7.49544 5.16298 -19.3979 7.28349 5.57073 -19.7079 6.87113 6.24696 -19.4231 
6.14406 7.1875 -18.8981 -3.42478 -8.96185 -15.1132 4.01897 9.13068 -19.6753 
3.07994 9.66509 -19.765 -5.08725 -7.86602 -13.9997 2.12315 9.97012 -18.798 
-6.06144 -7.20671 -14.9657 -6.66722 -6.74269 -15.3444 0.455135 10.2433 -18.4458 
-7.38555 -6.12466 -15.2557 -7.58098 -5.98587 -16.0327 -7.9832 -5.58297 -15.4651 
-8.4477 -5.06154 -15.4081 -9.12181 -4.07394 -14.6479 -3.58909 9.29923 -17.4875 
-5.07456 8.41095 -16.1613 -10.0015 -2.29777 -14.6457 -7.01756 6.69842 -16.645 
-10.3439 -0.967635 -15.1031 -10.4282 -0.118945 -15.5428 -10.3323 0.854534 -15.9894 
-9.26141 3.7937 -16.2085 -9.98081 2.25009 -15.8949 7.37908 -8.82663 -15.2687 
8.5176 -7.5081 -14.5455 9.08759 -6.20792 -15.4316 9.46539 -4.84072 -15.9213 
9.53738 -3.07966 -17.6059 5.28108 -10.5163 -15.0779 9.60865 -1.98041 -16.1086 
9.35643 -0.287205 -17.1801 9.06239 1.0646 -17.6428 2.66344 -11.1685 -14.4772 
8.71129 2.37919 -16.6632 8.46817 3.01428 -17.4513 1.16407 -10.993 -13.6594 
8.08404 3.96524 -16.9824 8.00282 4.11674 -18.082 7.71468 4.73423 -17.5782 
7.2173 5.62616 -18.0221 6.68836 6.46039 -18.1728 5.38791 7.97378 -18.3695 
4.44869 8.71322 -17.6196 -3.14341 -9.10648 -13.3669 3.40698 9.43908 -18.5496 
-6.87632 -6.4903 -13.8 1.70374 10.0499 -16.8938 -8.09104 -5.37929 -14.5342 
-3.60591 9.33674 -15.4331 -10.2705 -1.08343 -12.9363 -10.3694 0.316832 -14.2003 
-8.36684 5.15733 -15.8191 -9.00453 4.20691 -14.4651 -10.1913 1.5399 -14.7108 
-9.76009 2.76136 -14.5742 9.60427 -3.64839 -16.3548 6.19843 -9.97557 -14.4496 
5.23539 -10.6005 -12.6266 9.40153 -0.0916548 -15.5247 3.68611 -11.1045 -13.0799 
9.09757 1.1636 -16.0524 2.64236 -11.2129 -12.2779 8.39729 3.25711 -16.6192 
7.73281 4.72849 -16.6875 7.49473 5.17038 -16.7579 -0.0343877 -10.6578 -12.4904 
6.43082 6.713 -16.3134 -1.26534 -10.1368 -11.7405 5.52146 7.75816 -16.858 
-2.07844 -9.73834 -12.9133 -4.37816 -8.28712 -11.5317 3.01792 9.57243 -17.0608 
2.44058 9.84424 -16.2841 -5.45208 -7.59042 -12.3487 -6.0821 -7.13226 -12.7387 
1.5002 10.0625 -15.7084 2.11068 9.92762 -15.6822 -6.62253 -6.69641 -12.4125 
0.202042 10.1313 -16.1802 -7.30896 -6.05435 -11.9816 -8.19254 -5.17134 -12.9193 
-2.01626 9.87035 -15.8151 -9.09613 -3.93841 -11.5048 -9.81763 -2.66294 -12.6846 
-4.54268 8.79815 -14.3206 -6.20759 7.50948 -14.104 -7.86892 5.777 -14.1201 
-8.79484 4.52404 -13.091 -10.1183 1.68254 -13.3314 -9.55853 3.16347 -13.1241 
8.03409 -8.43098 -13.0171 8.66279 -7.6096 -13.0557 9.14233 -6.62844 -13.2298 
9.47495 -5.37926 -14.3437 9.73738 -3.70435 -14.3717 6.87934 -9.56321 -12.8353 
9.76017 -2.17701 -14.4437 9.58908 -0.665077 -14.0681 3.89789 -11.0994 -10.8583 
9.0837 1.42069 -14.2802 8.76984 2.33657 -15.2785 1.87311 -11.1832 -11.7374 
8.32518 3.46847 -15.5124 1.05624 -11.0003 -11.2575 7.699 4.77321 -15.5362 
-0.0588291 -10.644 -10.7858 7.1811 5.66844 -15.9746 5.67093 7.55796 -15.4212 
4.76473 8.33836 -14.8319 -2.68195 -9.36895 -11.5446 3.78357 9.10028 -15.8716 
2.8407 9.60797 -15.5485 1.94528 9.73961 -13.99 -6.18043 -6.97364 -11.0155 
-0.599744 10.0007 -13.6802 -7.4866 -5.81979 -10.5328 -8.1674 -5.14808 -11.1685 
-2.96599 9.53002 -13.4275 -9.81257 -2.67074 -10.9345 -10.1304 -1.7863 -11.3877 
-7.19979 6.58351 -13.0045 -10.3126 -0.515573 -10.5322 -10.3107 0.508459 -12.134 
-7.98855 5.60164 -11.7205 -9.97445 2.12602 -11.4515 -9.2237 3.79057 -11.8234 
9.66554 -5.262 -12.5499 7.66675 -9.06378 -10.9948 6.50163 -10.0351 -10.7461 
9.86891 -2.04702 -13.0605 9.70181 -0.654554 -12.8363 9.28715 1.07872 -12.1611 
2.41783 -11.1992 -9.86493 8.58234 2.91338 -14.2744 8.08757 4.03565 -13.787 
0.770613 -10.864 -9.15984 7.1075 5.71968 -13.3158 -0.924651 -10.2328 -9.31361 
5.87096 7.28332 -13.9457 -2.00555 -9.73091 -10.2211 -3.05651 -9.09124 -9.53281 
3.50287 9.16762 -14.5683 -4.73356 -7.96672 -8.87923 -6.20217 -6.88229 -8.79247 
-7.12249 -6.1123 -9.40455 -8.40931 -4.73001 -8.8719 -4.94199 8.51066 -12.57 
-9.58288 -3.01116 -9.19718 -10.0849 -1.80058 -9.76068 -6.46247 7.30142 -12.0211 
-10.2795 0.868465 -10.5691 -10.1082 1.76297 -9.79202 -9.91927 2.44065 -10.2883 
-9.58111 3.17841 -10.5302 -8.93983 4.29986 -10.5762 -8.28875 5.17963 -8.98484 
8.70349 -7.74947 -11.4685 9.41982 -6.49128 -11.1309 9.85367 -5.41417 -10.3586 
9.99034 -3.67577 -11.7696 10.0396 -2.15132 -11.5976 5.41791 -10.7609 -8.9619 
9.8307 -0.840107 -11.8603 3.98659 -11.1772 -8.38495 8.67099 2.75239 -13.1016 
6.10108 7.00796 -11.9112 -2.00921 -9.70243 -9.19373 5.03272 8.04843 -12.1903 
3.85396 8.87526 -12.8852 3.21561 9.0866 -10.6167 -5.59012 -7.29621 -6.87797 
0.56804 9.89901 -11.1082 -7.13524 -6.02281 -7.35073 -1.55655 9.89824 -11.4431 
-3.77519 9.15873 -10.6242 -5.47579 8.15183 -10.9822 -10.0219 -1.98048 -8.38183 
-6.53735 7.19736 -9.67299 -10.2515 -0.713658 -8.03983 -10.2753 0.653463 -9.08032 
-9.23619 3.80098 -9.47799 -9.7541 2.77392 -9.33799 9.13626 -7.39591 -9.49147 
9.5882 -6.4388 -9.88625 7.18072 -9.7474 -8.50197 8.31619 -8.52533 -9.605 
10.1919 -4.06465 -9.64102 10.1917 -2.63841 -10.2742 6.29831 -10.5183 -7.46554 
10.039 -1.22684 -10.5885 4.79052 -11.0711 -8.10982 9.70293 0.271941 -10.5201 
2.95971 -11.2675 -7.92401 8.25486 3.79976 -11.502 1.98485 -11.1266 -7.53767 
7.51697 5.19152 -11.1654 0.151142 -10.5505 -6.41905 6.84215 6.16375 -10.0506 
-1.93224 -9.67872 -7.98516 -3.27638 -8.90222 -7.77776 4.23801 8.62359 -11.4911 
1.65212 9.58887 -8.56798 -0.775677 10.0672 -10.1136 -1.84597 9.87331 -9.56758 
-8.85745 -4.17752 -6.81877 -9.38362 -3.32944 -7.21971 -5.24903 8.32054 -9.92612 
-9.83729 -2.49388 -7.73097 -10.0828 -1.75129 -7.28182 -10.2476 0.741274 -7.55511 
-9.29421 3.59185 -7.70586 -9.99838 1.95525 -8.07044 8.51573 -8.50813 -7.77537 
9.19573 -7.52606 -8.20529 9.66256 -6.49259 -8.60125 10.0776 -5.23547 -8.69103 
10.3217 -4.39363 -7.93608 10.413 -2.97301 -8.26933 5.75414 -10.8095 -7.29251 
10.2282 -1.43845 -9.02538 4.98009 -11.0416 -6.99824 9.97369 -0.341013 -9.61807 
3.40643 -11.2329 -6.09238 9.71401 0.713971 -9.25176 9.06856 2.32374 -9.36869 
8.36563 3.81824 -9.81745 7.81628 4.78562 -9.96618 5.57757 7.52538 -10.2304 
-2.27074 -9.42941 -6.18609 4.61201 8.32991 -10.5252 -4.00098 -8.40376 -6.4653 
-4.62917 -7.93041 -4.38293 3.45455 8.96339 -8.37122 -6.40226 -6.59883 -5.08397 
-0.0760137 10.0068 -9.26052 -7.5356 -5.60936 -5.46102 -8.28407 -4.86171 -6.37035 
-0.911833 10.0557 -9.09455 -8.82586 -4.21337 -5.83239 -2.96666 9.48068 -8.6368 
-9.18293 -3.67053 -5.96774 -4.85959 8.54382 -8.39034 -9.63478 -2.73614 -5.39932 
-9.86086 -2.32521 -6.61514 -6.17863 7.5801 -7.96389 -10.1291 -1.25323 -5.65305 
-7.1083 6.63842 -7.19242 -10.2648 0.221973 -6.11646 -8.3194 5.11674 -6.32009 
-10.1107 1.50227 -6.34384 -9.75772 2.61593 -6.48032 9.26501 -7.54763 -6.94522 
10.0574 -5.88951 -6.43311 6.21011 -10.6323 -6.03247 6.82802 -10.2354 -6.93525 
10.4501 -1.84255 -7.65059 10.306 -0.918799 -7.67176 10.0064 0.0572899 -8.28119 
9.62774 1.26387 -8.23961 1.96037 -11.1003 -6.06405 8.22811 4.18915 -8.67928 
7.59762 5.21272 -8.95747 7.20155 5.81889 -8.12744 6.56153 6.58863 -8.15508 
5.96464 7.16444 -8.78941 -1.2922 -9.89171 -4.13546 4.79285 8.1376 -8.31686 
-3.06318 -8.952 -4.71252 -0.864383 9.81135 -7.37257 -7.39812 -5.62846 -3.51753 
-8.29408 -4.77452 -4.79657 -8.637 -4.43584 -5.4335 -3.2675 9.3273 -7.25551 
-9.01237 -3.84609 -4.8577 -4.44064 8.77672 -6.43252 -5.79646 7.86925 -6.62919 
-10.2582 -0.0577357 -4.49649 -10.1669 1.09478 -4.61551 -9.86727 2.29742 -4.93213 
-9.23364 3.65377 -5.08364 7.50569 -9.73939 -6.04471 8.57583 -8.69057 -5.86779 
9.2805 -7.87792 -4.53535 10.598 -3.87713 -6.08643 10.6467 -2.46797 -6.33839 
10.5214 -1.29617 -6.35045 5.16151 -11.0508 -4.4734 10.2006 0.000165641 -6.59038 
3.83048 -11.2727 -3.21179 9.83313 0.996148 -7.13624 9.36892 2.1209 -7.1777 
2.11882 -11.1117 -4.49349 8.68613 3.48202 -7.36595 0.71776 -10.7452 -3.43364 
8.10641 4.52669 -7.44814 7.77413 5.01328 -8.07851 7.65672 5.24147 -7.14972 
7.17766 5.8992 -6.94654 6.83126 6.31836 -7.30408 6.52887 6.6603 -7.1647 
6.03772 7.12004 -7.2767 -2.89579 -8.99864 -2.49779 4.00169 8.69197 -7.45801 
3.17035 9.0747 -7.02491 1.68996 9.52706 -6.3205 -5.77685 -7.02952 -2.68532 
0.575528 9.74299 -5.50225 -8.69004 -4.13724 -3.15544 -2.85079 9.34776 -5.42655 
-9.49953 -2.89556 -3.65182 -5.03385 8.25662 -4.30208 -9.93422 -1.90933 -4.09211 
-6.54307 7.19982 -5.49895 -10.1665 -0.867879 -3.38123 -7.4394 6.2711 -5.32961 
-9.90629 2.07005 -3.00911 -9.61998 2.91431 -3.89586 -8.03804 5.43856 -3.63044 
8.12385 -9.39077 -3.99548 10.1012 -6.56243 -3.92129 10.6125 -5.09249 -4.07174 
10.8095 -2.92515 -5.09285 6.76506 -10.4627 -3.56194 10.8296 -1.7546 -3.99726 
5.68476 -11.0806 -1.29995 10.2586 0.244618 -5.46859 10.4768 -0.557588 -5.40133 
4.01358 -11.3628 -1.13627 9.86064 1.34496 -5.32061 2.3506 -11.1965 -1.87604 
8.99257 3.1015 -5.72532 0.989297 -10.8645 -1.95276 8.1569 4.51836 -6.1163 
7.47418 5.52072 -6.17857 -0.467203 -10.2521 -1.75836 6.77287 6.37664 -5.87299 
5.58358 7.51689 -5.59773 4.33752 8.44418 -6.30072 -4.24959 -8.15652 -2.27222 
3.33792 8.93452 -5.23603 -6.83812 -6.08265 -1.59887 -7.95773 -4.93763 -1.6281 
-8.8713 -3.82407 -1.64608 -9.42426 -2.95662 -2.14616 -9.90164 -1.87894 -2.5303 
-6.77938 6.90024 -4.15813 -10.1241 -0.790253 -0.960816 -10.1988 0.50335 -2.66071 
-9.19814 3.68333 -2.5296 8.78272 -8.90559 -2.41009 9.78888 -7.61715 -1.72041 
10.5087 -6.08572 -2.26632 10.9259 -3.54482 -3.79094 7.76465 -10.0084 -1.53817 
6.81193 -10.6419 -1.73439 10.4175 0.0700661 -4.30784 10.2414 0.844896 -3.71473 
9.95603 1.60783 -3.34655 9.31629 2.75575 -4.0139 1.05015 -10.8786 -0.747988 
8.49215 4.1196 -4.37189 7.66032 5.3076 -4.89424 -0.0939574 -10.4172 0.093918 
-1.96785 -9.451 0.256574 4.72861 8.14981 -4.38965 -3.67301 -8.49976 -1.06063 
-3.61335 -8.58196 -1.92199 -4.81039 -7.72665 -1.12248 1.92207 9.41172 -4.18672 
-5.80604 -6.92322 -0.720785 -6.9893 -5.76018 0.740508 -0.433915 9.69446 -4.15247 
-8.56583 -4.11199 -0.275325 -2.56568 9.35126 -2.84661 -9.3395 -3.04352 -0.831697 
-4.08107 8.77403 -1.1794 -9.68618 -2.35622 -0.205596 -9.80396 -2.09036 -1.17313 
-6.39047 7.15511 -2.0524 -9.94168 -1.70317 -0.266573 -7.85347 5.68425 -1.37111 
-10.1799 0.583653 -0.701324 -8.49023 4.87364 -2.12577 -8.70258 4.54048 -0.930292 
-10.0717 1.43654 -1.33576 -9.73522 2.51827 -0.935347 -9.29486 3.51796 -0.510911 
8.9536 -9.03842 0.0654036 11.1017 -4.59507 -1.23789 11.2011 -3.05376 -1.95365 
7.02672 -10.6327 -0.498265 7.9457 -10.1831 1.61584 10.6026 0.322349 -1.76175 
4.5967 -11.421 0.781532 3.31108 -11.401 0.0934239 9.96293 1.81713 -2.32092 
2.14034 -11.1981 -0.000589162 9.57733 2.48821 -2.85891 8.94605 3.60273 -2.37094 
7.90072 5.05393 -3.20641 7.18836 5.94329 -3.87358 6.42944 6.76541 -3.84341 
5.67085 7.46394 -3.68736 5.19966 7.80207 -2.5023 3.74077 8.69384 -3.3883 
-4.39001 -7.9003 1.07076 2.78113 9.13346 -2.5133 1.38327 9.51189 -2.2166 
-0.420534 9.65078 -1.33229 -8.4235 -4.16941 1.3461 -2.04655 9.52536 -0.35393 
-9.26166 -3.03461 0.695023 -9.77843 -2.02558 0.736216 -10.0292 -1.30882 0.448396 
-10.1257 -0.682828 0.905961 -10.1626 0.214461 0.807825 -9.99943 1.52031 0.685044 
10.0465 -7.79786 1.53296 10.6851 -6.31728 0.123578 11.467 -3.34191 -0.0752651 
6.78078 -10.8558 0.720251 5.985 -11.2047 1.4745 11.3023 -1.9994 -0.663961 
3.67621 -11.4665 1.26796 2.57644 -11.2705 1.68266 9.62319 2.513 -2.2439 
1.05179 -10.8548 1.01861 8.03193 4.94954 -2.03434 7.0166 6.16478 -1.87804 
-0.285451 -10.2992 1.47043 -1.26744 -9.79707 2.27232 6.12314 7.0665 -2.6465 
-2.64024 -9.0444 2.09073 4.04482 8.51404 -1.59001 2.77585 9.10967 -1.14626 
1.78248 9.35651 0.298783 -5.67801 -6.90936 2.43438 -7.88948 -4.62726 3.34029 
-8.97883 -3.29404 2.32552 -9.53862 -2.37674 1.99895 -5.45766 7.939 0.0641214 
-9.91184 -1.37935 2.02867 -7.00412 6.57557 0.499839 -10.111 -0.274418 2.38348 
-8.18278 5.23956 0.26005 -9.56264 2.85518 1.03826 -8.92783 4.10517 0.850296 
11.2769 -5.18187 1.26972 11.539 -4.09066 1.05081 7.00406 -10.8596 2.35975 
5.24534 -11.4267 2.58392 3.98353 -11.4836 2.64042 9.89465 2.12454 -1.37812 
10.4082 1.37989 -0.25884 2.68383 -11.3006 3.36804 10.0315 2.15893 -0.244488 
9.3749 3.23862 -0.235945 8.17129 4.87433 -0.811263 0.673983 -10.631 3.5609 
7.46164 5.78486 -0.553119 6.87936 6.41657 0.00626636 -2.16823 -9.25688 3.71829 
5.61595 7.46228 -0.530574 6.03915 7.13221 -1.81069 -3.38705 -8.56703 2.75564 
-4.35403 -7.87046 3.8976 3.89247 8.58154 0.396088 -5.74331 -6.84494 3.47264 
-6.57776 -6.11058 2.91638 -0.294805 9.62688 1.58759 -4.07061 8.82838 1.12854 
-2.93003 9.35023 0.545861 -5.63071 7.8053 2.3068 -9.3824 -2.24286 4.41893 
-6.98087 6.62711 2.41216 -9.95159 -0.888465 3.55173 -8.17102 5.15558 2.51583 
-10.0756 0.821983 2.65943 -9.79619 2.07075 3.1624 -9.22146 3.46569 2.81802 
9.29791 -9.07308 3.34461 10.2541 -7.90987 4.14519 11.0484 -6.2895 3.49622 
11.7723 -2.91206 2.26872 7.66201 -10.5721 4.38037 11.4457 -1.0334 1.39647 
6.31098 -11.1883 3.49585 10.9501 0.569809 1.20335 5.0996 -11.4861 4.41805 
3.59171 -11.4836 4.44848 10.2366 2.06688 1.07117 2.34156 -11.2412 4.5142 
9.49912 3.336 1.32575 8.55092 4.58812 1.01086 7.67282 5.61089 0.408585 
7.77947 5.58329 1.55167 7.08065 6.30231 1.36296 6.29712 7.00376 1.09246 
3.37466 8.86534 2.16953 -6.15828 -6.37638 4.68734 -7.56433 -4.89982 5.67396 
-1.91721 9.59269 1.41154 -8.46078 -3.83446 4.81669 -2.82798 9.36188 1.95644 
-6.54509 7.08376 3.22533 -9.90624 -0.820773 4.58954 -10.0581 0.096984 4.30594 
-7.24799 6.3133 3.97737 -10.0006 1.13896 4.40313 -9.84173 1.78874 5.23191 
-9.48597 2.81288 4.89762 -8.91678 3.97517 4.35963 8.57517 -9.89249 3.95493 
11.6506 -4.47937 2.92129 11.9182 -1.69298 3.62378 11.6346 -0.247379 3.78274 
10.8918 1.38203 3.20253 4.30911 -11.5613 5.75273 10.0089 2.8568 2.83201 
2.85557 -11.368 6.21057 9.12797 4.01489 2.2966 1.73986 -11.0653 5.12832 
0.998385 -10.756 6.34645 8.14515 5.27229 2.93244 7.3764 6.04937 2.21008 
-1.24481 -9.70167 5.75994 6.59226 6.80316 2.86894 5.28048 7.79249 1.59743 
-2.97263 -8.76417 5.27296 -3.84313 -8.2064 5.60055 4.35955 8.40993 1.94058 
-4.72637 -7.52701 5.81574 1.87531 9.34806 2.99312 -5.83631 -6.49519 7.71855 
-1.8048 9.5059 3.46781 -8.70058 -3.42904 6.1051 -3.74317 8.92236 3.30741 
-9.31119 -2.37881 6.4672 -4.92633 8.29657 3.96076 -5.99507 7.48734 4.55306 
-9.90704 -0.469071 5.92672 -9.96317 0.886695 6.25807 -8.2228 5.02361 5.16647 
8.89061 -9.69989 6.06815 9.89134 -8.60591 5.7651 10.7488 -7.37651 6.42082 
11.8188 -4.6836 5.21557 11.9441 -3.7109 4.04403 7.57781 -10.7309 6.94616 
6.48613 -11.2019 5.56657 5.42785 -11.5181 6.45757 4.43535 -11.5684 7.40664 
10.6162 2.3071 4.55601 10.0013 3.18555 4.17519 9.32216 3.98479 3.62209 
2.77415 -11.3973 7.15207 2.25303 -11.2282 7.18652 -0.774843 -9.90439 8.42092 
-3.29093 -8.46259 7.13315 4.95667 8.07122 3.64102 3.44018 8.87174 3.9909 
0.443845 9.54338 4.88843 -7.90247 -4.40182 7.76361 -2.82314 9.23284 4.78429 
-9.09355 -2.6693 8.0002 -4.12942 8.62807 5.81951 -9.67393 -1.25666 7.61605 
-7.08918 6.39985 6.34414 -9.93166 0.248675 8.13608 -9.03522 3.64784 6.33446 
-9.64191 2.21056 7.09602 11.4064 -6.0631 6.07473 12.1757 -2.83548 5.51187 
12.1078 -1.31929 5.16663 12.0423 -0.390015 5.9927 6.44574 -11.2978 7.27151 
11.4538 1.12736 6.04398 5.70563 -11.5159 8.18518 3.17522 -11.4267 8.23681 
10.1619 3.17143 5.28908 9.61102 3.85511 4.9289 8.84661 4.72578 4.75903 
1.47921 -10.9313 8.28502 7.48137 6.17229 5.30946 6.23353 7.21474 4.4862 
-2.70479 -8.81649 9.16698 4.448 8.47052 5.81035 -4.09499 -7.87485 9.0436 
2.66541 9.16289 5.395 -7.05602 -5.3586 8.91432 -7.89652 -4.41571 9.40024 
-1.57127 9.42675 6.5608 -8.66893 -3.37649 9.16488 -5.74129 7.63617 6.58684 
-9.56648 -1.48946 9.88509 -9.84666 -0.076028 10.5337 -8.25145 4.8944 7.48864 
-9.87959 1.26827 8.24658 11.3511 -6.43541 7.59477 11.8249 -5.25922 7.40726 
12.1432 -4.041 6.75527 12.3178 -3.38387 7.2138 8.428 -10.19 8.78422 
12.3445 -1.36172 7.05991 6.8927 -11.149 8.78384 6.005 -11.4929 9.20688 
5.14664 -11.5673 9.58336 3.93021 -11.5561 10.4405 10.6325 2.6096 6.05497 
2.47519 -11.2785 9.97095 9.50983 4.25153 6.93104 0.818804 -10.6618 9.91467 
-0.392135 -10.1059 10.1517 5.94915 7.53307 5.86301 -1.72441 -9.34971 10.8084 
-3.43021 -8.30373 10.52 3.86547 8.80873 7.30802 -5.00376 -7.1503 10.627 
-6.24888 -6.12827 9.96362 2.04914 9.34303 7.63867 -7.20083 -5.18265 10.1656 
0.274507 9.57155 7.06854 -7.80703 -4.49103 10.3523 -8.51053 -3.49096 10.7961 
-8.99021 -2.8343 10.0952 -2.92396 9.08824 8.45217 -9.20354 -2.46096 9.5773 
-4.75603 8.25515 8.2417 -6.16277 7.26504 7.9769 -8.27235 4.84627 9.38412 
-7.15099 6.24469 8.98804 -9.87138 1.06114 10.0335 -9.66088 2.07394 9.46663 
-9.07478 3.46994 8.83125 9.87686 -8.73813 8.33962 10.9695 -7.25495 8.94991 
11.5871 -6.05026 8.87464 11.9114 -5.23765 8.73901 12.198 -4.19006 8.41914 
12.4491 -2.62916 8.29068 7.5491 -10.8516 10.4371 12.2237 -0.059852 7.98388 
6.39122 -11.3795 9.94855 10.9663 2.47456 7.63706 3.23688 -11.4879 11.1175 
2.64807 -11.3559 11.0902 1.81803 -11.0478 11.3115 0.136079 -10.3136 11.7163 
7.75429 6.1364 7.36266 6.77573 6.98412 6.88838 6.18511 7.49388 7.17483 
5.48095 7.97061 7.17432 4.73378 8.42452 7.16429 -5.4247 -6.82653 11.3241 
-5.75154 -6.54729 11.1152 -6.50467 -5.81874 11.361 0.358768 9.54216 9.56906 
-7.53964 -4.70322 11.4417 -1.48379 9.46192 8.77249 -9.31392 -2.09257 11.2443 
-5.51046 7.70348 9.8435 -9.67892 -0.823315 12.5496 -7.67452 5.61534 10.6715 
-9.68578 1.91709 11.4569 -9.35749 2.86134 10.7577 -8.62427 4.23714 11.2293 
10.3805 -8.22291 10.3188 10.982 -7.35943 10.6473 11.391 -6.56393 10.0999 
9.10986 -9.65876 11.2157 11.867 -5.39541 10.374 12.4074 -3.53984 10.3976 
12.6182 -2.2644 10.1932 12.5743 -1.121 9.51755 6.46532 -11.3474 11.196 
7.66794 -10.8203 11.9338 11.8839 1.33612 9.24946 5.32291 -11.5614 11.72 
4.15178 -11.5761 12.1322 10.8491 3.25422 10.0192 2.96097 -11.3781 12.3607 
9.68896 4.48774 9.08505 1.57395 -10.8889 13.2252 8.43311 5.72523 9.16026 
-1.3273 -9.51964 12.8523 6.53533 7.27301 8.39949 5.06851 8.26324 8.27353 
-3.53345 -8.11061 12.992 4.10464 8.77479 9.55793 -5.47127 -6.70342 12.097 
-6.74534 -5.3962 13.5183 -1.59569 9.40446 10.5985 -8.2258 -3.73672 12.8851 
-3.59057 8.79355 10.6621 -9.09459 -2.40706 12.6235 -9.36459 -1.98545 12.1941 
-9.45382 -1.67224 12.7007 -6.31142 6.99564 11.5844 -7.59791 5.665 12.5529 
-9.81944 0.547586 13.2867 -9.83987 1.02473 11.8701 -9.26742 2.96812 12.6889 
10.468 -8.14641 12.1683 11.293 -6.78444 11.6243 12.6269 -2.60089 11.1535 
12.4538 0.115402 9.91427 6.72377 -11.2492 12.8539 5.41861 -11.5293 13.6925 
4.07503 -11.5485 13.5062 3.11482 -11.335 14.5367 9.67539 4.76063 10.4351 
8.61569 5.89322 11.1796 -0.0429616 -10.1732 13.983 7.06106 7.10745 11.0363 
5.62155 7.99765 9.79253 -5.19282 -6.84119 13.5653 2.63746 9.28497 10.2876 
-7.8861 -4.14003 13.9614 -8.41376 -3.43873 14.1999 -8.86149 -2.72563 13.9006 
-4.7146 8.21793 11.7192 -9.37867 -1.48066 14.7543 -6.546 6.73367 13.9868 
-8.44464 4.43392 14.0277 -9.6715 1.74085 13.4448 9.48183 -9.40238 13.575 
10.3234 -8.43305 14.0987 11.0403 -7.29877 13.8002 11.6448 -6.04371 12.8346 
12.1561 -4.6115 12.4112 12.5492 -3.07293 12.3844 8.17331 -10.5004 13.3003 
12.7244 -1.51343 11.9052 12.67 -0.339279 11.1796 12.4574 0.714145 11.3369 
11.9699 1.90023 11.4603 4.59141 -11.5771 14.848 10.4892 4.15043 11.8106 
9.60787 5.1146 11.8896 1.31846 -10.7034 15.6332 8.87942 5.94685 13.0318 
8.00456 6.54028 12.1204 -1.6022 -9.3233 14.6641 5.43866 8.22395 11.5888 
4.05199 8.91846 12.045 -2.90102 -8.4694 15.934 -5.04988 -6.87732 15.5046 
2.52483 9.38536 12.9516 -6.67082 -5.40688 15.5326 0.184448 9.5782 13.1532 
-7.91009 -4.00151 15.278 -1.95162 9.33722 12.8954 -3.4985 8.84262 12.7446 
-8.76901 -2.78005 14.97 -4.70787 8.14852 13.7047 -7.56676 5.6918 14.214 
-9.7352 -0.0246162 14.8322 -9.29041 2.77601 14.9924 9.65207 -9.24917 15.5364 
11.4865 -6.44921 14.4907 11.8866 -5.45572 14.299 8.53202 -10.2652 15.0612 
12.3601 -3.96342 14.3759 12.7265 -2.04109 14.4816 12.8084 -0.802795 13.5709 
12.711 0.100455 12.8741 7.06691 -11.0896 14.586 12.3775 1.35519 12.7238 
5.78262 -11.4639 15.7515 11.6059 3.00716 13.6003 4.81417 -11.5953 15.8251 
4.09834 -11.5296 15.7097 3.12038 -11.2804 16.4768 10.1844 4.7926 13.5359 
7.49402 7.08572 13.6045 -0.39067 -9.96509 15.6157 -1.40406 -9.40501 16.3072 
6.37855 7.74698 12.6499 5.54358 8.36895 14.388 4.00999 9.01944 13.5689 
-3.87207 -7.73524 17.9605 -6.24103 -5.81684 16.6978 -7.33928 -4.65112 16.7073 
-8.11831 -3.6736 16.6545 -8.80087 -2.55082 16.4971 -2.75616 9.10332 14.5158 
-7.45252 5.64254 16.4807 -5.4297 7.62152 15.7038 -9.65827 0.0529584 17.1003 
-9.69141 1.2621 15.6339 10.5295 -8.12033 15.7447 11.1873 -7.04417 15.7383 
11.6136 -6.15377 15.6119 11.9929 -5.15501 15.9146 8.71746 -10.1056 16.7638 
12.3737 -3.99807 16.0435 12.5692 -3.22211 15.4016 7.43837 -10.9173 16.4254 
12.7953 0.188552 15.1609 12.5028 1.27004 13.9632 6.29492 -11.3318 17.6639 
4.67447 -11.5098 17.1055 3.52302 -11.3415 17.7652 2.09969 -10.8862 18.3177 
10.6707 4.519 14.8253 9.2759 6.09812 16.5534 -0.121034 -10.022 17.2002 
-1.83555 -9.08038 17.9134 3.82419 9.13367 14.9287 2.33954 9.5127 17.3297 
-5.44238 -6.52211 17.687 -6.68912 -5.31393 18.1092 -8.07657 -3.58867 17.9979 
-0.812308 9.53275 15.4001 -3.78118 8.69517 15.6669 -9.21723 -1.43506 18.6381 
-9.38478 -1.25455 16.819 -9.68927 1.27809 17.3282 -9.42792 2.37464 17.4153 
-8.77548 3.79653 16.2189 10.8248 -7.6121 17.2248 9.74765 -9.00714 18.1023 
12.6351 -2.85236 16.9242 12.8728 -1.1009 16.5949 7.85077 -10.6394 18.5893 
12.449 1.83887 15.3305 5.49199 -11.4832 18.7617 12.0832 3.04056 16.6001 
4.29777 -11.3944 19.3506 11.1079 4.21346 15.7847 -0.146901 -9.93158 19.3888 
7.26654 7.51012 15.7867 -1.54477 -9.22326 19.2282 -2.57406 -8.5777 19.4815 
-5.02284 -6.85246 18.9432 -5.86351 -6.13918 18.8221 -6.43841 -5.56823 19.3304 
-7.28963 -4.58234 19.6342 -2.33147 9.2773 16.374 -8.4493 -2.98611 19.7358 
-3.32458 8.95888 16.7408 -4.28273 8.44018 16.9605 -5.67351 7.42871 17.6226 
-6.82336 6.34023 18.957 -9.65727 0.226466 19.1107 -9.67089 1.30513 18.6293 
-9.51277 2.21807 18.8804 -9.32886 2.74538 18.5776 -8.84053 3.64613 18.0793 
10.913 -7.39049 19.0179 11.4952 -6.3381 17.296 12.1157 -4.75224 17.74 
12.855 -1.68272 17.6283 12.9303 -0.689154 18.4985 12.9054 0.284029 17.3064 
6.52763 -11.2857 19.2887 12.6826 1.69693 17.2585 5.87181 -11.3956 20.4733 
11.2632 4.41609 17.4924 3.26343 -11.1667 20.7942 1.70776 -10.7229 20.243 
0.935096 -10.3923 21.2742 -0.635241 -9.63066 21.3458 7.6607 7.372 16.7658 
-1.49234 -9.21278 20.1615 7.06852 7.78513 16.7545 6.50096 8.07483 16.3601 
5.72742 8.50342 16.6895 4.54581 8.94812 16.352 -4.11875 -7.48451 20.168 
-5.68874 -6.22773 20.0577 -6.54417 -5.41821 20.1531 -0.807804 9.57206 17.7553 
-6.59686 -5.23919 21.7826 -7.86459 -3.82873 20.7343 -2.93721 9.06734 17.9116 
-8.5663 -2.84434 20.9602 -9.15362 -1.69179 20.902 -4.39811 8.35229 18.2935 
-9.58468 -0.120867 20.8151 -5.29957 7.67505 19.7932 -9.6812 1.06898 20.1287 
-8.29509 4.46229 20.0093 -9.58853 1.87229 19.6793 -9.25068 2.81646 19.6423 
10.2166 -8.39471 20.7747 11.6329 -5.99717 19.3094 12.0702 -4.91393 19.4746 
12.4153 -3.78794 18.9024 8.75865 -9.95505 20.7338 12.754 -2.2472 18.9068 
7.2281 -10.9904 20.7214 12.4565 2.71123 17.962 5.28835 -11.3509 22.33 
12.1107 3.5116 18.689 10.7547 5.17069 18.3147 2.38091 -10.939 21.7584 
6.9352 7.90663 17.5761 -2.42156 -8.58484 21.5091 5.13527 8.85551 18.1515 
-3.9472 -7.54742 21.9825 -5.07121 -6.6864 21.3807 0.29115 9.75269 19.5705 
-1.80653 9.39879 19.7625 -8.11831 -3.46361 22.0525 -3.61475 8.73993 19.4569 
-8.90764 -2.26496 21.9323 -9.48022 -0.77984 22.6485 -6.96476 6.17409 21.2906 
-9.64199 0.509258 22.8075 -9.65204 1.07133 21.4537 -9.53617 1.92961 20.8111 
-9.18436 2.87026 21.1304 11.195 -6.87476 20.8305 11.8421 -5.47204 20.8749 
12.241 -4.37802 20.2189 12.5064 -3.37081 20.1159 12.725 -2.15154 20.9327 
12.8899 -1.27873 19.6951 12.9373 -0.22361 20.6654 12.8799 1.07273 19.235 
6.59499 -11.22 22.0499 12.5807 2.54693 19.2425 12.1104 3.87244 21.5447 
3.67362 -11.2067 23 11.4742 4.52043 19.2171 2.68214 -11.0212 22.7555 
10.5116 5.65769 20.1465 1.79286 -10.7048 22.7613 9.11161 6.7105 19.3135 
0.496186 -10.1412 22.666 7.74189 7.59526 19.2113 -0.922078 -9.37069 23.4415 
6.26809 8.46113 19.19 5.51454 8.86826 19.5515 4.61698 9.17168 19.5957 
-3.0658 -8.0667 23.9541 3.97264 9.5058 21.6232 -4.82592 -6.81997 22.9635 
1.74957 9.8083 20.76 -6.96792 -4.8258 24.1636 -7.59123 -4.13997 23.129 
-8.23297 -3.32105 23.3987 -8.75225 -2.51887 23.1553 -3.55831 8.68274 21.7586 
-9.21441 -1.63005 23.0297 -9.25553 -1.56322 22.0733 -5.54885 7.49179 21.704 
-8.15411 4.73097 22.1826 -9.49734 1.8827 22.6997 -8.93845 3.40106 22.4849 
10.7797 -7.55179 22.4127 11.4721 -6.3149 22.0117 11.8487 -5.40272 22.2725 
12.2737 -4.11182 21.5575 9.45935 -9.26212 23.0255 7.83418 -10.6349 22.6676 
12.9201 1.27511 21.0942 6.836 -11.0906 23.4762 12.7306 2.23872 20.6878 
2.70133 -10.96 23.7053 1.37319 -10.3964 24.8566 8.70538 7.27812 21.3394 
6.26032 8.59965 20.8939 -4.45511 -7.07781 24.7082 -5.72067 -6.03192 24.161 
-0.355975 9.73144 22.2488 -7.90792 -3.72552 24.6623 -8.56411 -2.80655 24.3613 
-9.1074 -1.79153 24.625 -5.17921 7.77804 23.107 -9.42257 -1.02483 24.0903 
-6.35394 6.83476 22.9057 -9.60682 -0.05204 25.0816 -9.64189 1.04534 24.3042 
-7.53561 5.55261 23.9666 -9.53575 1.87422 24.9388 -9.31441 2.60222 23.9491 
-8.96973 3.42724 24.3347 -8.50521 4.23265 23.5015 10.5108 -7.96253 24.0487 
9.60089 -9.17447 24.7809 11.4131 -6.34333 23.402 12.0479 -4.72882 23.355 
12.518 -2.99831 23.0583 8.1669 -10.3676 25.3107 12.8503 -1.00714 22.7736 
12.9566 0.807321 22.6626 6.43692 -11.167 24.3853 12.779 2.22871 22.3398 
5.29307 -11.2996 24.5839 3.80722 -11.1153 25.1915 11.2881 5.25384 22.1899 
10.3928 6.27252 22.8125 -1.05016 -9.18682 26.405 7.52363 8.22279 22.8217 
-3.6315 -7.58414 26.751 -5.10996 -6.51115 25.8089 2.20224 9.92562 23.1152 
-6.34065 -5.40372 25.8232 -7.33188 -4.40349 25.6324 -7.83186 -3.79187 26.0313 
-8.51044 -2.7735 26.2922 -2.21555 9.33093 23.8003 -4.03408 8.49337 24.6118 
-9.36838 -1.05896 26.5606 -9.4312 -0.964365 25.0663 -6.05103 7.06934 24.7653 
-9.64369 1.15841 26.0901 -8.44028 4.34353 24.8957 -9.28229 2.72268 25.5444 
-8.83618 3.67327 26.0851 11.0904 -6.95752 24.8305 10.2879 -8.2945 25.6475 
11.7134 -5.56283 24.8331 12.2587 -3.92227 24.8875 9.39412 -9.4186 25.6872 
12.6948 -1.92792 25.0226 12.9377 0.194616 24.578 6.62113 -11.0901 25.8246 
12.9755 1.16479 23.8969 12.9064 1.8392 23.628 5.67317 -11.2073 26.6031 
4.45595 -11.1619 27.27 11.624 5.23256 24.2171 2.95621 -10.9006 26.389 
1.78399 -10.5237 27.0111 9.06573 7.50003 24.0553 0.636731 -10.0584 26.5797 
6.07384 8.95183 23.2208 4.90924 9.47062 23.9185 -5.41128 -6.16486 27.6293 
3.68472 9.80772 23.9147 2.98396 10.0426 25.7751 1.05722 10.0453 24.5755 
-7.25013 -4.385 27.6837 -0.698796 9.8361 25.0432 -9.64113 -0.0966721 26.9928 
-9.68701 0.597324 27.2068 -7.85458 5.14918 26.9588 -7.07339 6.11099 25.6082 
-9.4818 2.10477 27.026 -9.19173 2.96152 26.9963 11.1702 -6.72791 26.3115 
11.907 -4.9682 26.3099 12.3776 -3.37897 26.874 9.45926 -9.35537 26.8568 
10.3959 -8.1421 26.9799 7.41377 -10.8057 27.9818 8.59025 -10.1808 27.5897 
12.9157 1.67938 24.9162 6.02784 -11.1438 28.6947 12.6162 3.13309 24.4462 
12.1895 4.33049 24.1166 3.23389 -10.9332 27.8926 12.058 4.73363 24.6616 
10.5516 6.54668 24.9188 2.103 -10.5913 28.4959 0.594915 -9.98517 28.2725 
7.51979 8.4294 24.3924 6.27939 9.08316 25.447 4.54298 9.69013 25.297 
-2.34804 9.35333 25.534 -7.94315 -3.59542 29.7262 -8.36412 -2.99368 28.3587 
-3.43051 8.85324 26.9199 -9.04633 -1.80656 28.3025 -9.46994 -0.774752 28.4653 
-5.05698 7.8592 26.392 -9.61051 -0.304508 27.8888 -9.68963 0.247786 28.0882 
-6.366 6.78619 26.8355 -9.63147 1.37093 27.7529 -8.846 3.65907 27.9472 
11.557 -5.82479 27.8047 12.0219 -4.63046 27.3415 10.0074 -8.72376 28.1461 
9.25791 -9.62373 28.2904 10.8016 -7.43795 27.9305 12.7153 -1.81708 26.7932 
8.66882 -10.113 29.118 12.8756 -0.554645 26.4027 12.9389 1.00659 26.518 
12.8101 2.41808 26.5092 4.73091 -11.1291 29.1825 12.4561 3.82804 26.858 
12.1417 4.5824 25.385 3.30991 -10.8943 29.5624 11.7816 5.31367 25.7805 
11.3227 5.95919 26.0354 1.83524 -10.4169 30.3137 10.6615 6.7155 26.3152 
9.85076 7.27318 25.8055 8.54117 8.09463 26.2253 0.00514621 -9.64061 30.4734 
-0.928989 -9.22171 28.8949 -2.28765 -8.43252 28.5849 -4.0266 -7.19834 30.0291 
4.93031 9.7285 27.599 -5.92836 -5.67488 29.4237 0.951097 10.1542 26.9198 
-1.32809 9.73212 27.3349 -8.75043 -2.39847 29.928 -9.37133 -0.971995 30.4151 
-4.80954 7.99865 28.7546 -9.63142 0.0815858 29.333 -9.66511 0.91858 28.7933 
-6.64987 6.51994 28.4863 -7.52308 5.62239 29.5469 -9.49255 1.9757 29.1241 
-9.26447 2.77209 28.2426 -8.45796 4.33311 29.4203 9.61177 -9.18612 29.3721 
10.3677 -8.16193 29.0691 10.9917 -7.01518 29.1974 11.5512 -5.78701 29.2154 
12.0348 -4.48056 28.5083 12.4097 -3.12687 28.4996 12.6192 -2.24952 27.8861 
8.06092 -10.5194 30.2019 7.11027 -10.9483 29.9098 12.7959 -1.08912 27.8713 
12.9105 0.243821 27.7667 6.32963 -11.0585 31.1912 12.9395 1.09112 27.7597 
12.8935 1.76454 27.6973 12.7116 2.84787 28.4739 4.67601 -11.0919 30.8892 
11.8071 5.30044 27.0973 3.4089 -10.8659 31.1433 11.1059 6.32594 27.1929 
10.1683 7.15901 27.2546 -1.7883 -8.66797 30.662 7.29632 8.83971 27.5231 
-2.926 -7.91585 33.1407 3.60934 10.0645 27.0701 -5.75262 -5.82065 31.3045 
2.9155 10.2016 27.967 1.51484 10.3624 29.1411 -6.97702 -4.68989 30.2676 
0.0885231 10.1645 28.6401 -7.69412 -3.92234 31.1172 -8.34416 -3.08443 31.0136 
-2.72735 9.21186 28.7826 -8.8115 -2.36471 31.106 -9.04702 -1.88181 30.828 
-9.12811 -1.68918 31.8994 -9.61628 0.132048 30.7557 -9.59828 1.12385 30.6782 
-6.14499 6.99491 30.5719 -9.09943 3.12843 29.6074 10.2086 -8.2932 30.4214 
11.1352 -6.61026 30.5766 11.7664 -5.13613 29.9449 12.1958 -3.70947 30.0076 
12.6225 -1.87855 29.3029 7.53143 -10.7652 31.169 9.09836 -9.67234 30.5912 
12.8296 -0.354231 28.9545 12.8721 1.20547 29.1395 12.7881 2.47951 29.8218 
5.52535 -11.1178 32.0248 4.56652 -11.0127 32.7064 12.2008 4.49768 28.8577 
2.613 -10.586 32.741 11.1446 6.21932 28.8776 0.938624 -10.0112 32.0586 
9.25046 7.87937 28.8658 -0.646189 -9.24921 32.7335 7.23621 9.05011 29.4983 
-4.58661 -6.76946 32.2696 -6.99518 -4.65305 32.1335 0.490573 10.3034 30.2257 
-1.11058 9.87303 29.6666 -8.03242 -3.45988 32.3636 -8.66863 -2.57433 32.0215 
-2.75204 9.19401 31.2486 -4.67048 8.13487 30.8678 -9.43904 -0.835951 31.9926 
-9.57006 0.181981 32.4317 -7.4098 5.77635 31.1624 -9.35137 2.39107 30.8334 
-8.85466 3.59183 31.3682 -8.14263 4.84052 30.7863 11.6707 -5.22958 31.3761 
12.1259 -3.79831 31.5284 12.4665 -2.37205 31.0736 8.45114 -10.1895 31.7172 
7.61906 -10.6607 32.3681 9.55244 -9.08187 31.9265 10.454 -7.84185 31.6842 
10.9888 -6.80835 32.0025 12.7657 -0.344399 30.6123 6.98064 -10.9189 32.7008 
12.8507 0.974032 30.4778 12.8356 1.83473 30.5522 6.3713 -10.9689 33.4755 
12.7555 2.73837 30.7277 12.5635 3.57814 30.2887 0.919511 -9.94352 34.2761 
10.6566 6.90531 31.2009 8.94569 8.30408 31.3062 7.11248 9.30376 31.5403 
5.62802 9.73727 30.1504 3.95908 10.1525 29.8447 -4.42936 -6.8874 33.3899 
-5.78088 -5.79022 33.4841 2.63586 10.3719 29.6872 1.60484 10.4452 30.4917 
2.11125 10.4486 30.1769 1.26549 10.422 31.57 -7.4869 -4.09804 33.9929 
-0.183831 10.1644 31.9001 -8.81848 -2.20716 33.853 -9.38727 -0.943997 33.2417 
-4.64884 8.13519 33.1241 -6.7395 6.45847 32.6494 -9.37146 2.14392 32.8817 
-8.07453 4.90619 32.5114 -8.84653 3.63379 33.1613 8.71142 -9.83552 33.3234 
10.1689 -8.1224 33.1514 11.2062 -6.19904 33.1364 11.8439 -4.61604 32.4863 
12.2222 -3.19856 32.7887 12.6018 -1.33475 32.2294 7.56207 -10.6396 33.476 
12.7553 -0.158404 31.9665 12.8099 0.963658 31.646 12.7758 2.32827 31.6468 
12.6502 3.30741 31.5359 5.31826 -11.0284 34.647 12.4656 4.00496 31.4546 
11.9569 5.09607 31.2495 3.93871 -10.8849 34.5356 2.59394 -10.5509 34.674 
-0.0158316 -9.53446 35.1559 -0.371183 -9.3812 34.358 -1.35324 -8.86793 34.1672 
-2.09884 -8.43113 35.0713 5.15286 10.0138 32.2911 -3.10808 -7.80419 35.2686 
-4.40713 -6.90567 34.6988 -5.71653 -5.90522 35.1574 2.74205 10.4067 31.4066 
-6.6304 -5.07594 34.9782 1.81691 10.4668 33.8421 -7.28632 -4.41201 35.0361 
-7.70699 -3.91587 35.2265 -8.22458 -3.199 34.94 -9.30166 -1.32035 34.6606 
-9.37534 -1.06944 34.3164 -9.44717 -0.921651 34.8736 -9.53952 -0.248711 34.8686 
-6.15519 7.09367 34.5692 -9.57899 1.06571 34.3935 -9.43801 2.1361 35.1819 
-7.4602 5.76078 34.4195 -9.01762 3.31447 34.7783 -8.41662 4.44118 34.1322 
9.404 -9.09623 34.8073 10.4416 -7.62661 34.6897 11.1305 -6.26987 34.6446 
11.697 -4.86326 33.8206 12.0174 -3.60554 34.8724 12.4466 -1.95361 33.6618 
7.97444 -10.3221 35.1287 12.6922 -0.0654577 33.3846 6.5394 -10.8755 35.7677 
12.7482 1.8591 32.9411 12.6724 2.98351 32.5386 5.03322 -10.9455 36.9875 
12.422 4.06551 32.6476 11.8704 5.38329 33.6413 3.43642 -10.7519 35.9588 
11.3516 6.21987 32.5832 2.03269 -10.3197 36.2266 10.2759 7.44422 33.9859 
0.163586 -9.55361 36.5181 8.47411 8.75272 32.7944 -0.970516 -9.05 35.4163 
7.22485 9.42638 33.2404 -2.26211 -8.27188 37.0778 -3.79194 -7.34051 36.167 
-4.97291 -6.49168 36.2497 3.75414 10.3683 33.4381 -5.98029 -5.68976 36.2252 
-6.23684 -5.48135 35.5154 -6.54874 -5.18327 35.8779 -7.24547 -4.43627 36.0297 
0.195505 10.3314 33.4155 -0.992916 10.0074 33.2908 -8.10807 -3.34431 36.2139 
-2.36281 9.47633 33.8928 -8.72288 -2.42544 35.5749 -2.76539 9.28908 35.9329 
-9.25168 -1.32468 35.5194 -9.50166 -0.369903 37.4278 -9.57092 1.13295 36.5625 
-9.2657 2.81121 35.7803 -8.25681 4.71891 35.7921 10.5954 -7.206 36.4045 
11.4243 -5.42553 35.2923 12.4557 -1.57933 35.2261 8.32825 -10.1901 36.7703 
7.58438 -10.5811 36.7111 9.00814 -9.57516 36.2737 9.82847 -8.5722 35.9207 
12.665 -0.00636989 35.088 12.7059 1.50172 34.7276 12.5791 3.19279 33.9722 
12.3407 4.32522 33.9286 3.3832 -10.6977 37.5807 1.70838 -10.1438 38.574 
8.5122 8.8444 33.8652 7.73303 9.30879 34.2452 6.57992 9.74819 34.7804 
4.9083 10.206 34.0295 -4.12921 -7.07848 37.3733 4.61899 10.3021 35.6966 
-5.65564 -5.86815 37.7768 -6.62712 -5.04985 36.7975 0.179129 10.3481 34.6298 
-7.55714 -3.94969 38.1408 -1.03454 10.0459 34.7221 -1.64748 9.82267 35.2711 
-8.85983 -2.06954 37.3339 -4.85604 8.10814 35.9474 -9.33286 -1.09362 38.2468 
-6.04952 7.27563 36.1501 -6.78285 6.60032 35.5849 -7.4014 5.92651 36.0403 
-9.34885 2.47995 36.7462 -8.96758 3.48608 36.4265 8.12073 -10.2579 38.028 
8.85012 -9.74196 37.4216 9.56967 -8.891 37.1754 11.4462 -5.14094 36.8771 
12.0885 -3.10619 36.6556 12.398 -1.68587 37.0939 12.5863 -0.481873 36.4201 
6.86654 -10.7762 37.6411 12.6882 0.761149 36.0653 6.37986 -10.8574 39.1637 
12.6827 1.8626 36.1001 12.5685 2.97438 35.7458 5.05332 -10.9411 39.4163 
12.2434 4.5143 35.2983 4.2967 -10.8988 38.3513 11.6187 5.93563 35.3739 
8.63808 8.83668 35.1181 -0.442379 -9.23098 38.7118 -1.96857 -8.43056 39.383 
-3.89358 -7.19846 39.4569 2.90876 10.5564 36.4264 1.38881 10.5195 36.0236 
-0.30947 10.2064 36.6294 -8.6568 -2.48782 38.8345 -9.1481 -1.5774 38.7938 
-5.59557 7.61652 38.0706 -3.5769 8.92645 38.35 -9.51375 -0.436106 39.5766 
-6.73593 6.66195 36.9013 -9.61835 0.00135255 38.5989 -9.613 0.695786 38.995 
-9.42402 2.11941 38.4514 -9.01437 3.38102 38.1145 -8.50726 4.36287 37.3407 
-7.67434 5.59091 37.465 9.11841 -9.37525 38.4496 9.94299 -8.29702 38.0826 
10.6308 -7.00315 38.2833 11.2461 -5.57677 38.5843 11.7793 -4.06489 38.1887 
12.1639 -2.66491 38.1833 12.5096 -0.61055 38.1317 7.49479 -10.5556 39.0857 
8.48091 -9.89967 39.6119 12.6267 0.56175 37.4554 12.6676 1.51924 36.9938 
12.585 2.63825 37.1363 12.3389 4.1017 37.2573 3.62552 -10.721 39.4483 
11.9088 5.47264 36.9999 11.1739 6.74124 36.7268 10.0161 8.01456 36.8127 
8.28689 9.18407 36.8457 0.550579 -9.68232 40.3225 6.69668 9.85349 36.745 
-6.22189 -5.34142 40.0744 2.57726 10.5722 38.7667 -7.6643 -3.87598 40.299 
-8.34375 -2.99318 39.8013 -1.52088 9.88629 38.5877 -8.98666 -1.88789 40.0508 
-6.82876 6.56994 38.2407 -9.64385 0.295812 39.8354 -9.40156 2.15114 40.8938 
-9.15248 3.04578 39.5089 -8.87238 3.73402 39.3269 -8.34723 4.62671 38.8779 
-7.47888 5.8453 38.9235 10.6844 -6.79235 39.8448 11.4359 -4.9592 39.7842 
11.9305 -3.4365 39.3656 12.1805 -2.31481 39.6868 12.3594 -1.6004 38.6483 
7.53633 -10.4623 40.8671 9.69556 -8.5303 39.6243 12.5466 0.64991 39.1524 
6.14843 -10.8816 41.0634 12.5853 1.9271 38.3428 4.66986 -10.867 41.7577 
12.4396 3.42063 38.4751 12.284 4.30128 38.562 12.066 5.06049 38.524 
2.39749 -10.3527 41.1366 11.5851 6.17364 38.5438 10.8882 7.25091 38.406 
10.3324 7.92251 38.1771 0.896169 -9.8257 41.8029 9.59685 8.51123 38.1472 
-0.444175 -9.23197 41.4768 8.62159 9.1608 38.2952 -0.918923 -9.00164 40.2281 
7.63729 9.60243 37.9167 -2.25721 -8.26296 41.1977 6.4344 9.99475 38.3435 
-3.67048 -7.39928 41.1636 4.38077 10.445 37.8626 -4.87103 -6.52556 41.3165 
-6.20761 -5.4378 41.7688 0.424154 10.4338 39.3778 -7.306 -4.31099 41.7368 
-8.47142 -2.76613 41.6254 -9.2911 -1.1497 41.6415 -4.32728 8.5195 41.2726 
-9.57268 -0.245613 41.3705 -9.62319 0.55143 41.0191 -6.54376 6.78661 40.0599 
-7.76587 5.43524 40.1574 -8.69605 3.95532 40.7653 11.735 -4.00572 40.3925 
11.4214 -4.91812 40.9941 11.9618 -3.16684 40.4152 8.89422 -9.45826 41.2181 
9.98283 -8.06406 41.2326 10.848 -6.37705 41.2789 12.3614 -0.769899 40.6086 
6.98445 -10.7133 42.9511 5.97321 -10.9285 42.414 12.4734 1.24821 40.9126 
12.5241 1.89883 39.7852 12.4569 2.93022 39.5616 12.1748 4.3975 40.1089 
3.40837 -10.6589 42.8968 11.8139 5.63383 39.7435 1.68634 -10.1169 43.3481 
11.1756 6.6989 40.7301 10.331 7.89582 39.2753 9.25159 8.7785 39.4216 
0.211699 -9.53678 42.7004 -1.15936 -8.87691 42.5204 8.07287 9.43995 39.0189 
-2.24139 -8.29249 42.5558 -3.5973 -7.43973 42.6375 5.53104 10.2632 40.0248 
-5.50524 -6.04671 42.953 -6.77114 -4.90924 43.0415 -7.93199 -3.55384 43.8626 
-0.494626 10.2978 40.8932 -2.24694 9.65986 40.5 -9.55789 -0.0628033 43.2342 
-6.01014 7.28724 41.8411 -9.5833 1.38449 43.2158 -7.40097 5.84944 42.317 
-9.13612 3.11635 42.0234 8.26733 -10.0168 42.8267 9.39052 -8.89742 42.6953 
10.2196 -7.65471 42.3885 10.7236 -6.58437 42.602 11.1924 -5.45746 41.966 
11.6494 -4.06156 41.6295 12.0479 -2.51554 41.3352 5.88997 -10.9301 43.9768 
12.3893 2.87776 41.0584 4.55231 -10.8938 43.8647 11.7992 5.55038 40.6949 
9.95998 8.14287 40.7067 0.441592 -9.63785 43.6353 8.1861 9.30462 40.8545 
-0.41271 -9.24435 43.5322 -1.89631 -8.4672 43.8249 -3.45731 -7.55408 44.1977 
-4.69323 -6.68527 44.0505 4.56983 10.5499 41.8567 -6.44064 -5.20713 45.2649 
1.90918 10.6958 42.1389 -1.29724 10.1089 41.7122 -2.18621 9.739 42.4062 
-9.08146 -1.63525 44.0377 -5.54384 7.71981 43.9814 -9.34203 2.60359 43.2063 
-8.76056 3.937 43.183 8.92512 -9.41863 44.0064 10.0197 -7.85582 43.9433 
11.0996 -5.46938 43.3169 11.7524 -3.349 43.2104 12.133 -1.71667 42.7428 
7.88891 -10.2728 44.7288 6.91332 -10.7744 44.4894 12.3045 -0.554162 42.8594 
12.3953 0.7333 42.6986 12.3926 2.23642 42.4001 5.13921 -10.9213 46.1645 
12.3218 3.17104 42.2993 12.1657 4.01566 42.2337 3.46699 -10.6761 44.6001 
11.8089 5.29946 42.0028 2.21996 -10.3089 45.2495 10.1095 7.86524 43.0105 
0.110623 -9.45124 45.0436 -1.64277 -8.61271 45.0389 6.85063 10.0123 42.413 
-2.67343 -8.03649 44.9845 -4.08261 -7.11668 45.6075 -0.289779 10.4126 43.1084 
-7.92119 -3.66576 45.6998 -3.05084 9.35498 43.0558 -3.74117 8.96794 43.8415 
-9.53794 -0.354863 45.4657 -9.6364 0.990322 45.7274 -7.05301 6.39635 44.5314 
-9.5032 2.16872 44.9659 -9.22862 3.09127 44.6886 -8.82459 3.99045 44.9256 
-8.09478 5.11404 44.4984 10.6361 -6.56124 45.0817 11.3398 -4.62092 44.7162 
11.7386 -3.18919 44.6921 11.9711 -2.24172 44.1453 6.79787 -10.7616 46.0352 
9.04001 -9.26246 45.3473 9.87314 -8.13118 45.5624 12.1663 -0.960742 44.5421 
12.3177 0.163349 44.0563 12.3441 1.03701 44.3787 12.3327 2.07615 44.033 
12.2407 3.27562 43.3955 3.46363 -10.675 46.232 11.9045 4.64039 44.1114 
11.3022 6.23121 43.5748 2.12549 -10.2603 47.2052 0.0804515 -9.45447 47.3947 
8.55039 9.20455 43.6072 -1.91827 -8.45647 46.3889 7.52409 9.85498 43.901 
6.19964 10.3278 44.2898 4.16327 10.7401 43.8139 -3.42048 -7.61636 47.6437 
-5.27523 -6.32707 47.3093 3.00754 10.8973 45.2506 1.3495 10.8118 44.2474 
-6.70785 -5.11796 47.8426 -8.11109 -3.49499 47.8096 -1.76357 9.95245 44.8901 
-8.69101 -2.55015 45.9455 -3.73234 8.99628 46.2803 -9.33978 -1.20672 46.5229 
-9.39627 2.69749 45.6863 -8.53854 4.53502 46.3622 -7.56331 5.89374 46.0595 
-9.15426 3.3314 46.0354 8.26898 -9.94797 46.7924 9.36061 -8.85711 46.4604 
10.1812 -7.46318 46.5421 10.9804 -5.55374 46.213 11.5284 -3.80876 45.9004 
11.9058 -2.22468 45.7161 12.0886 -0.887901 46.6662 12.2321 0.808914 46.0804 
6.32848 -10.9159 47.3836 12.2948 1.78567 45.1903 12.2654 2.44567 45.1486 
12.1639 3.27749 44.9226 4.24523 -10.8114 48.1053 10.8103 6.97054 45.2281 
9.71101 8.2549 45.9462 8.03056 9.57384 45.4691 -1.19104 -8.87973 47.9542 
-2.12475 -8.39215 47.8076 5.01193 10.6899 45.804 -4.47371 -6.9759 48.233 
-5.97819 -5.84547 48.2541 1.73341 10.9206 45.4367 0.520772 10.7177 45.5419 
-9.06026 -1.99039 47.7967 -9.47498 -0.976211 48.1539 -5.24855 8.06476 46.0749 
-9.6387 0.0328437 47.5902 -6.32691 7.17438 46.036 -9.47165 2.35507 46.7803 
-8.01538 5.37786 47.4769 -9.09676 3.4813 47.6524 -8.60407 4.48674 48.0979 
9.39754 -8.66296 47.7083 8.3862 -9.83541 48.6243 10.5206 -6.52628 47.9397 
11.2463 -4.63302 47.1748 11.6449 -3.17613 47.1707 11.9051 -1.95373 47.3232 
7.22219 -10.6191 47.9748 6.20112 -10.8614 48.9394 12.1398 2.83623 46.389 
5.18013 -10.9274 50.5255 11.8874 4.37505 46.0976 3.25593 -10.6286 49.5677 
11.4545 5.73372 45.7338 1.39202 -10.0207 49.1868 -0.186107 -9.35997 49.0226 
-1.81523 -8.56485 49.3898 6.82831 10.1821 47.0984 -3.70283 -7.50518 49.2707 
-5.21746 -6.47892 49.1137 4.8204 10.7443 48.6581 2.14739 10.9464 46.8904 
-6.40162 -5.51483 49.1542 -7.48941 -4.41401 49.8026 -0.276579 10.5869 46.8281 
-1.14446 10.2756 48.1809 -8.21804 -3.52156 49.4936 -8.88211 -2.407 48.7566 
-9.31309 -1.5034 49.5429 -5.31759 8.01514 48.0066 -9.61797 -0.435103 49.1197 
-9.69423 0.531821 49.5976 -9.64122 1.40185 48.2202 -7.04927 6.49581 47.7741 
-9.42194 2.56677 48.6597 9.51456 -8.39868 49.4816 11.2169 -4.5261 48.7568 
10.5129 -6.4668 49.6326 11.6948 -2.74422 48.4748 7.54 -10.4545 49.334 
8.41327 -9.80116 49.8655 11.9449 -1.26882 48.905 12.1424 0.0667545 47.7551 
12.1756 1.09728 48.0142 12.1196 2.33866 48.0091 12.0128 3.43719 47.9049 
11.8661 4.22387 47.574 3.99056 -10.8425 51.751 11.5424 5.3588 47.3961 
2.45524 -10.4328 50.9196 10.8921 6.73129 47.4301 0.495999 -9.67507 51.4374 
8.63499 9.21535 47.9306 -2.78978 -8.09919 50.8891 -4.1432 -7.28816 50.7244 
-5.32266 -6.4842 50.7395 -5.98831 -5.93431 49.9746 -6.64067 -5.3616 50.2985 
0.873124 10.8802 47.491 0.0462486 10.72 47.8355 -8.28148 -3.48008 50.4255 
-8.71332 -2.75606 49.8117 -3.29526 9.33813 49.0849 -9.441 -1.2135 50.8377 
-9.60301 -0.470523 50.4688 -9.54634 1.9328 50.4057 -8.98704 3.70393 49.784 
-8.0315 5.32749 49.0739 -6.78497 6.78503 50.0363 7.59558 -10.3309 50.8282 
8.92615 -9.19128 50.7753 9.97288 -7.49557 51.3164 11.4763 -3.31429 50.4384 
12.1074 0.482737 49.3298 6.38341 -10.8525 50.598 12.1248 1.69672 49.0736 
11.9755 2.89993 49.8511 11.842 4.16413 48.6355 11.9484 3.50037 48.8713 
11.5971 5.05026 48.729 3.10585 -10.6753 51.9754 11.319 5.88934 48.368 
11.0664 6.42589 48.8384 2.34906 -10.4228 52.1482 10.6806 7.08242 49.0028 
10.0115 7.98057 48.6036 -1.52777 -8.76389 51.376 7.68553 9.87799 48.5037 
6.88829 10.222 48.8388 -2.21014 -8.4489 52.0281 -3.10193 -7.98757 52.5998 
-4.55142 -7.08664 52.088 -5.69795 -6.23912 51.983 2.09229 10.9981 48.9784 
-6.14241 -5.83962 50.9124 -6.9332 -5.1009 51.7838 0.58654 10.8392 48.7146 
0.940487 10.916 50.9182 -8.05906 -3.77761 51.5089 -1.69631 10.1344 50.6759 
-8.6422 -2.93581 51.1498 -9.11658 -1.9996 51.0555 -4.70884 8.54048 50.6015 
-9.43394 -0.990606 52.0499 -9.65458 0.50755 51.4685 -9.27065 3.05095 51.5507 
-8.95658 3.89195 51.3745 -8.26917 5.02391 51.0951 8.85137 -9.2387 52.1469 
7.80899 -10.2262 52.7382 10.8783 -5.39275 50.5892 11.8104 -1.72898 50.9104 
11.9957 -0.504544 50.6528 12.0616 0.591723 50.8683 6.56727 -10.7796 51.8796 
12.0652 1.62818 50.408 5.55079 -10.948 52.649 4.75479 -10.9633 53.5182 
11.655 4.53329 49.996 11.4871 5.27581 49.5564 3.45823 -10.7517 53.5269 
11.3338 5.59415 50.0848 11.313 5.81746 49.2881 2.00829 -10.3129 53.283 
10.9394 6.50765 50.0108 10.3005 7.58098 50.0547 9.88666 8.16048 49.9683 
9.33045 8.68949 49.6092 8.08412 9.58969 49.9035 -1.24808 -8.93788 53.1987 
6.6948 10.2929 49.6601 -3.96132 -7.53763 53.3843 -4.91922 -6.8944 53.36 
3.19682 11.0686 51.1829 -6.10022 -5.98384 53.3205 -7.0962 -5.04707 53.4928 
-7.91008 -4.01605 52.9652 -8.77146 -2.62043 52.518 -3.18969 9.48688 50.6447 
-9.59844 0.0876744 53.0945 -6.21306 7.46682 51.8681 -9.53771 1.7866 53.0211 
-8.08742 5.42036 52.6346 -7.41072 6.24755 51.7374 -8.90494 3.93381 52.9593 
10.784 -5.39739 52.6674 11.5394 -2.67233 52.7182 11.8694 -1.13107 51.9543 
6.87014 -10.6875 53.647 8.03756 -10.0926 54.313 8.72283 -9.47022 53.4934 
9.66639 -8.03301 53.5745 11.9775 0.0271767 52.1167 11.9937 1.35279 52.0216 
11.895 2.73863 51.6362 11.749 3.82738 51.1926 11.5464 4.62347 51.4147 
11.1402 5.73368 51.4508 2.52468 -10.5078 54.7994 0.981286 -9.94465 54.824 
10.509 7.08948 51.1174 9.57116 8.30851 51.2157 6.82827 10.2152 50.8785 
-2.3275 -8.47888 54.694 -3.32646 -7.93541 53.9489 5.49221 10.7012 51.8111 
-3.76174 -7.70581 55.0265 -5.32399 -6.65797 54.6534 2.19685 11.1479 51.6494 
-6.08151 -6.07873 54.306 -6.54908 -5.65499 54.1565 -7.08988 -5.12542 54.5692 
-7.79286 -4.25798 54.3399 -0.346132 10.6659 53.0657 -8.49392 -3.15337 53.9862 
-3.00654 9.59594 52.2419 -9.2648 -1.37928 54.4945 -4.83763 8.56375 52.3893 
-9.62441 0.421753 54.2998 -5.85048 7.85776 53.5918 -7.19953 6.56198 53.1374 
-8.16241 5.38188 54.2838 7.16501 -10.5655 55.6212 8.90988 -9.24751 54.603 
10.3367 -6.55239 54.8764 11.8188 -0.958462 53.3669 11.8945 0.64026 53.8631 
5.89208 -10.9228 54.5027 11.8254 2.41804 53.376 4.86561 -10.9524 55.2132 
11.5055 4.28909 52.9335 3.66754 -10.7873 55.9728 2.71566 -10.5871 55.9198 
10.9294 5.9339 53.2114 2.1082 -10.3899 55.5276 10.3542 7.10636 52.5394 
8.31006 9.36579 51.8479 -0.797783 -9.20973 55.2387 7.36906 9.92231 52.9189 
6.24609 10.4985 53.7551 4.52637 10.9811 53.4288 -4.6634 -7.1739 56.843 
-6.34106 -5.86366 55.4489 2.48642 11.1668 52.842 -7.10752 -5.16984 56.7755 
-7.526 -4.63464 55.6152 1.182 11.0622 52.8105 -8.44239 -3.2811 55.4265 
-1.82385 10.2144 54.6787 -9.08339 -2.1047 56.7152 -4.03818 9.11561 54.0862 
-9.64215 0.112269 55.5726 -5.25726 8.38188 55.5423 -9.63663 1.39932 55.2414 
-9.35204 2.8619 54.7996 -6.97064 6.89091 55.0531 -8.90629 4.1192 54.7995 
8.38748 -9.76284 55.8106 9.44935 -8.36176 55.8356 11.0415 -4.39776 54.8409 
11.5709 -2.20271 54.7505 6.03066 -10.8991 56.1084 11.7899 -0.716625 54.8076 
5.32372 -10.8929 57.4841 11.7605 2.02188 55.3967 11.6369 3.37569 54.4793 
11.4386 4.2516 54.6118 3.03529 -10.6644 56.6634 10.9965 5.44027 54.934 
2.20613 -10.4114 56.5456 10.3778 6.87492 54.0969 1.26895 -10.093 56.5906 
9.19899 8.44002 53.7784 0.0513454 -9.60701 56.867 -1.39682 -8.97648 56.1938 
-2.40277 -8.49783 56.1691 -2.97379 -8.20949 56.9779 6.01541 10.5823 55.4547 
3.81006 11.1095 55.5107 -6.16061 -6.10289 57.3575 1.66307 11.1405 54.3917 
0.605248 11.0125 55.8238 -8.2026 -3.77231 57.5057 -2.91064 9.82309 56.7029 
-9.56072 -0.640397 56.6209 -9.6899 0.777955 57.0461 -9.5132 2.35246 56.5438 
-9.16309 3.60176 56.1021 -8.62496 4.7706 55.8963 -7.9593 5.80798 55.8113 
-7.44695 6.48203 56.6596 8.71345 -9.41493 57.1214 9.34704 -8.491 57.6292 
10.3539 -6.32338 57.1428 11.268 -3.3244 56.5587 6.76389 -10.715 57.4119 
7.82849 -10.2001 57.2977 11.6506 -1.48994 55.9829 11.7912 0.0755568 56.0423 
3.52421 -10.6952 58.1406 11.4315 3.83169 56.066 1.63153 -10.2028 57.9249 
10.1016 7.12494 55.8628 0.212257 -9.68911 59.3825 9.00716 8.61839 56.2336 
-1.50018 -8.94949 57.5097 7.73703 9.69852 55.0757 -2.54516 -8.46122 59.1157 
-5.40927 -6.7894 59.6788 2.29547 11.2595 56.2416 -7.02773 -5.30419 58.415 
-0.7269 10.684 56.6859 -9.09097 -2.24366 58.2711 -9.50752 -1.04726 58.0029 
-4.8208 8.83172 57.6266 -9.689 -0.17082 57.6884 -6.32261 7.61974 57.079 
-9.55401 2.12619 58.4529 -9.29443 3.26467 57.3904 -8.93758 4.19831 57.0946 
-8.2951 5.34144 57.4054 7.42819 -10.4283 58.5669 6.56791 -10.7319 58.8291 
8.47577 -9.56779 58.9316 9.60452 -8.05189 59.0056 10.3021 -6.5841 59.4317 
11.0381 -4.17057 58.6946 11.5771 -1.62604 57.5675 11.7596 0.0247844 57.5937 
11.769 1.25144 57.1188 11.6467 2.53552 57.0396 2.4811 -10.4664 59.8155 
10.7939 5.55229 57.8045 9.6656 7.65865 58.264 8.26116 9.40171 56.4619 
7.44685 9.95295 56.7759 6.17591 10.5483 58.0421 -7.01176 -5.45832 59.9038 
1.96237 11.2837 57.2029 1.49887 11.2251 58.4394 -7.95001 -4.31483 59.5877 
-0.662462 10.7655 58.3017 -8.82053 -2.89904 59.5905 -1.73487 10.4531 59.0337 
-3.47883 9.69961 58.6735 -9.41967 -1.37978 59.6371 -9.68873 0.223293 58.9746 
-5.71468 8.26698 59.8417 -7.29884 6.6675 58.3761 -8.28057 5.42028 59.6064 
-9.03255 3.92523 58.6245 7.35574 -10.3568 59.929 9.21242 -8.66184 60.6132 
9.81669 -7.74867 60.0373 11.452 -2.33963 59.1507 11.672 -0.615605 58.9599 
5.69498 -10.7662 60.1367 11.7503 0.739958 58.318 11.6619 1.96153 58.4366 
4.00702 -10.7913 60.2518 11.3977 3.54857 58.2115 3.47821 -10.7304 61.4822 
1.96417 -10.3374 61.6472 0.334738 -9.79646 61.6839 8.42143 9.20273 57.7564 
-0.937611 -9.28075 60.6622 -2.02562 -8.83447 61.1243 7.53131 9.91769 57.8448 
-3.45329 -8.10992 60.98 3.51826 11.2371 58.1273 -6.68761 -5.89776 60.9665 
-7.60995 -4.90451 61.2031 -8.51051 -3.60598 61.2756 -9.20087 -2.15834 61.4479 
-4.61208 9.07276 58.8295 -9.65691 -0.212675 61.658 -9.68625 1.36477 60.2258 
-9.4461 2.79403 60.1804 -7.30362 6.75573 60.1144 -9.01427 4.08673 60.3159 
8.23855 -9.75021 60.7399 7.38326 -10.2338 61.5932 10.0173 -7.25751 60.8434 
10.6995 -5.4075 60.5746 11.1921 -3.59166 60.1902 11.4714 -2.0307 60.3909 
11.6477 -0.438258 60.303 11.6845 0.893859 59.5689 4.78438 -10.8633 61.5391 
11.4677 2.71015 60.3964 11.1022 4.57653 59.564 10.8049 5.54756 59.4817 
10.3277 6.49761 60.0423 8.66686 8.83424 59.9008 -0.904659 -9.33935 62.201 
7.69073 9.76239 58.7333 -2.57217 -8.63863 62.9163 -4.80709 -7.45864 62.3745 
5.51604 10.8281 60.2636 6.32481 10.591 59.4638 3.91781 11.3162 59.6729 
-6.03931 -6.55318 61.7248 3.09342 11.392 59.293 -6.95275 -5.7656 62.5267 
0.860308 11.2094 61.2165 -8.03391 -4.46645 63.2256 -2.23372 10.3426 60.9127 
-8.86575 -3.07331 62.8204 -4.06937 9.42565 59.8055 -9.65774 1.75242 61.7619 
-6.97472 7.22006 62.0817 -9.33428 3.28726 61.689 -8.70292 4.84743 61.6949 
-7.91813 6.06579 61.0921 8.59112 -9.32194 62.0947 9.5747 -8.00638 62.1495 
6.16734 -10.6577 62.6655 10.3184 -6.43595 61.8957 10.996 -4.17532 62.2079 
11.5204 -1.38563 61.7303 11.6301 0.614528 61.1781 4.55838 -10.8585 63.0553 
11.0836 4.45522 61.0487 3.22389 -10.6916 62.7055 10.8125 5.42003 60.5046 
2.56387 -10.5317 63.3596 10.5631 5.78847 62.4546 1.40413 -10.174 63.5178 
9.6336 7.68751 59.9936 0.178042 -9.76347 63.0977 7.12614 10.0848 59.9261 
-4.34798 -7.88147 64.6192 -5.30599 -7.29373 63.6429 3.50842 11.3474 60.8546 
-6.02958 -6.70081 63.2405 -9.38652 -1.82782 63.7987 -4.0013 9.54902 61.4679 
-9.71645 -0.562632 63.6754 -5.03838 8.97384 62.1311 -9.76302 0.868201 63.816 
-9.59118 2.38486 62.9513 -5.86834 8.30801 61.9122 -9.23473 3.7348 63.3251 
-8.84152 4.7359 62.8737 -8.51594 5.33788 62.8091 -8.07256 5.93637 62.2157 
7.82337 -9.87435 63.346 6.94384 -10.3568 64.5356 9.0438 -8.68928 63.5648 
10.0782 -6.901 63.4725 11.3734 -2.52846 63.0014 11.5442 -1.26705 63.0105 
11.6081 -0.0859056 62.4973 5.71379 -10.8026 64.1039 11.5365 1.73176 62.8564 
4.94374 -10.8879 64.6782 11.2334 3.67312 62.4106 3.743 -10.7737 64.4195 
2.62044 -10.5213 65.0111 1.60457 -10.2131 65.711 9.49971 7.74406 61.6439 
0.597014 -9.90894 64.3912 -0.676442 -9.45344 63.9374 7.79373 9.53426 62.828 
-1.83237 -9.03078 65.4396 5.44226 10.9576 62.6336 -3.50956 -8.41123 66.5051 
4.30686 11.3856 62.5782 3.31166 11.4785 62.5142 -5.7238 -7.02731 64.3614 
-6.85053 -6.01122 64.7622 -8.12045 -4.5271 65.6621 -0.527143 11.0609 63.1035 
-8.75416 -3.36521 64.3385 -2.6234 10.3583 63.6471 -4.11695 9.60696 62.8482 
-9.67536 -1.04187 64.4712 -4.72683 9.26143 63.1308 -9.76567 -0.410653 64.6918 
-5.4167 8.72338 63.6788 -9.62007 2.36013 64.1701 -8.01108 6.09003 63.633 
-6.8957 7.43343 64.5478 -8.75414 4.92435 63.7165 8.39076 -9.31861 65.0708 
9.45063 -8.08549 64.7098 10.0407 -7.02503 65.005 10.6325 -5.51812 64.4381 
11.1253 -3.77162 64.1378 11.4212 -2.12586 64.2012 11.5702 -0.207015 64.0843 
5.9864 -10.7064 65.516 7.3071 -10.1153 66.2148 4.90894 -10.8199 66.293 
11.3761 3.07479 63.6718 11.4845 2.38424 63.9905 3.66753 -10.7265 66.1596 
11.0893 4.23454 64.1504 2.89329 -10.5334 67.0727 9.77262 7.38282 63.2082 
0.239986 -9.77472 65.8207 9.14243 8.25677 63.0176 -4.95583 -7.65252 66.168 
4.6848 11.3297 64.2607 2.89794 11.5429 63.7774 -5.67584 -7.11589 65.3819 
1.4684 11.5212 64.5399 -9.00969 -2.88307 66.2585 -9.62066 -1.14591 65.7687 
-4.13332 9.62948 63.7659 -9.79941 0.214559 65.7158 -9.6916 1.87835 65.7018 
-9.444 3.16687 64.8572 -9.09901 4.19274 64.627 -8.60261 5.20758 64.9897 
-7.87223 6.35838 65.19 9.38593 -8.08735 66.0773 10.3083 -6.32779 65.9854 
10.8491 -4.82634 65.4545 11.1862 -3.38964 65.566 6.29828 -10.5496 67.1506 
8.37437 -9.30901 66.6201 11.4687 -1.50361 65.7523 11.5658 0.222746 65.7675 
11.5241 1.63153 64.9773 11.3547 3.08683 64.6713 11.3048 3.45644 64.1427 
10.6426 5.62378 64.6488 1.62148 -10.1419 68.4887 10.1107 6.80107 64.5096 
9.22361 8.17549 64.3523 -0.363982 -9.57722 67.0944 -1.81181 -9.10859 67.3535 
6.40056 10.6313 64.6782 -4.70914 -7.84927 67.5118 -6.20179 -6.7359 66.7993 
3.78737 11.5901 66.4863 -7.40007 -5.5637 66.5527 -7.92927 -4.96465 67.0086 
-0.3499 11.2535 65.5039 -8.34548 -4.28814 67.2446 -3.77728 9.86563 65.3871 
-9.77429 -0.288736 67.1274 -5.46753 8.77468 66.5114 -9.81168 0.857733 67.0439 
-7.21203 7.19998 66.3628 -9.20587 3.81027 66.1412 -8.36931 5.64125 66.6451 
7.7013 -9.74415 68.1155 8.91643 -8.66534 67.4322 9.81723 -7.26551 67.3795 
10.7277 -5.04185 67.1906 11.2415 -3.01488 66.9182 11.4478 -1.67452 67.4864 
11.545 -0.347685 66.8546 5.52808 -10.7433 67.923 6.41642 -10.4872 68.5161 
11.4893 1.48285 67.6227 11.3578 2.79056 66.1423 4.39963 -10.7417 68.0065 
11.0647 4.20388 65.8635 3.48051 -10.5858 68.873 10.8893 4.9076 65.2016 
10.6107 5.63701 65.9828 10.3816 6.28246 65.3701 10.1417 6.78975 65.4857 
9.70118 7.51374 65.9223 -0.370514 -9.5825 68.4574 9.14437 8.36131 65.6197 
8.57988 8.98906 65.2153 -1.65875 -9.1891 68.739 7.64939 9.85995 66.2864 
-2.48995 -8.90588 69.6552 -3.12364 -8.64145 68.0792 5.96213 10.9793 66.9913 
-4.23443 -8.1745 69.0137 -5.81638 -7.13929 68.6405 -7.54825 -5.45895 68.4187 
1.75802 11.7004 67.4614 -2.01782 10.7598 66.2212 -8.73591 -3.59823 68.7378 
-9.542 -1.427 68.327 -9.80748 0.404395 68.6983 -9.63724 2.30579 67.7817 
-6.58146 7.9917 67.9509 -9.10204 4.28169 68.1493 -8.45704 5.68013 68.2049 
-7.70837 6.7519 67.7916 9.08465 -8.32222 68.6955 10.104 -6.65698 68.6664 
10.679 -5.26496 68.8367 11.1277 -3.51503 68.7886 11.5488 -0.347574 68.0042 
5.75389 -10.6025 69.3696 6.92184 -10.1757 69.6535 4.7539 -10.6226 70.071 
11.1367 3.72076 67.5861 3.56005 -10.5197 70.4289 10.7493 5.12861 67.1298 
10.0909 6.72572 67.3822 10.2169 6.58852 66.0773 0.336593 -9.76854 69.6319 
9.56847 7.72536 66.9465 8.95701 8.57209 66.8623 -0.708439 -9.47362 69.4824 
-1.36972 -9.27438 69.6681 -3.71345 -8.47179 70.203 -5.14606 -7.73784 70.3309 
-6.70582 -6.48143 69.8495 -7.4974 -5.71276 69.7458 -7.78909 -5.35947 69.6954 
-0.540033 11.3305 68.1979 -8.15731 -4.76655 69.6309 -8.60032 -4.03869 70.4481 
-9.33803 -2.38095 71.0256 -3.09468 10.3546 68.217 -9.75843 -0.596206 70.152 
-9.76189 -0.568548 69.039 -5.00394 9.36775 69.5013 -9.83938 1.24255 70.8101 
-9.76669 1.96553 69.3764 -9.54676 3.11076 69.1272 -9.27421 4.09431 69.9102 
-8.04679 6.42513 69.4874 -7.23961 7.43805 68.8316 -6.47045 8.24696 69.3397 
-8.78337 5.17559 69.3502 8.16366 -9.22163 70.2233 9.54208 -7.60427 69.9576 
10.3117 -6.22247 69.6773 10.7039 -5.13662 69.7997 11.4787 -1.44391 69.0163 
11.5773 0.198644 69.4017 11.5384 1.37172 69.2962 11.2576 3.20561 68.7208 
11.055 4.12817 68.7352 10.6397 5.36493 68.7603 2.67856 -10.3305 70.8415 
1.42996 -10.0194 70.7519 9.97433 6.90504 69.1753 -0.525505 -9.47032 71.0036 
9.60856 7.61859 68.7516 9.48198 7.85359 67.6803 9.13118 8.35037 68.579 
8.33428 9.26804 68.6552 7.22189 10.3005 68.4526 -2.59443 -8.87233 71.2386 
-3.92034 -8.40757 71.1855 -4.67661 -8.09533 71.6387 5.17266 11.4486 68.7949 
-5.47994 -7.63416 71.4906 3.80753 11.8009 69.6103 -6.23307 -6.98392 71.0599 
1.64182 11.8664 70.47 -7.57812 -5.56851 70.9814 -8.69936 -3.96268 72.155 
-9.71619 -1.1275 71.3422 -9.85528 -0.115544 72.0524 -9.64995 2.82204 70.3855 
-7.12061 7.69569 70.3785 -6.06805 8.7291 70.7716 9.06526 -8.23716 71.1584 
8.16961 -9.16277 71.7502 10.0894 -6.51205 70.9141 10.8653 -4.48114 70.7192 
6.55836 -10.1158 71.57 11.3218 -2.57537 70.4249 11.5334 -1.05259 70.3401 
11.5971 0.0326642 71.295 11.5576 1.27251 70.5117 4.80945 -10.5141 71.6619 
11.389 2.50767 69.8388 3.78854 -10.4359 72.1604 11.0106 4.24711 69.8424 
2.63098 -10.2519 72.0494 10.5902 5.55517 70.1863 1.58129 -9.96081 72.5048 
10.1625 6.50437 70.0363 0.504397 -9.63039 73.6589 9.24495 8.07349 71.066 
-1.40208 -9.16164 72.8477 7.63549 9.95569 70.4501 -3.37743 -8.56862 72.9322 
6.39421 10.9173 69.6098 -4.82214 -8.01155 72.5623 -5.24704 -7.80527 72.0314 
-5.9818 -7.21251 72.876 -7.69352 -5.50561 73.8196 -1.61303 11.164 71.1411 
-9.20804 -2.98483 72.4386 -3.37597 10.3932 70.1324 -9.4713 -2.19261 73.7368 
-9.69054 -1.33749 72.2634 -9.83282 1.64538 73.1573 -9.70112 2.65371 71.7116 
-6.61598 8.35042 71.6484 -5.9121 9.02683 72.4704 -4.95683 9.63785 71.8805 
-9.42905 3.73285 71.2227 -8.83344 5.18309 71.2396 -7.92137 6.77206 71.423 
-7.20494 7.77447 72.1669 9.13428 -8.01787 72.4885 7.93073 -9.3113 72.7976 
10.31 -5.90086 72.3304 11.0555 -3.75062 72.0402 11.4497 -1.73879 71.7383 
11.5859 1.22575 71.7129 5.45348 -10.2427 73.6907 11.4493 2.36661 71.678 
11.1518 3.75831 71.4093 3.40419 -10.2186 73.9866 10.7104 5.2186 71.3548 
1.92875 -9.97821 73.7444 10.2068 6.41524 71.0706 -4.74902 -8.03733 73.7748 
5.51617 11.4155 70.8994 4.52898 11.8235 71.8704 -5.481 -7.67877 74.6143 
3.41157 11.9922 71.1064 3.15191 12.0884 72.421 -8.81842 -3.88216 73.849 
-9.104 -3.28078 72.9972 -3.73882 10.2949 71.3277 -9.81507 -0.6873 73.211 
-9.90373 0.228186 73.3032 -9.45284 3.70985 72.7361 -9.03239 4.99025 73.0655 
-8.46103 6.07782 72.843 -7.78302 7.11469 72.9448 -6.57364 8.48745 72.9222 
7.29647 -9.64248 73.9149 8.46096 -8.78642 73.803 9.52887 -7.37075 74.1 
10.5979 -5.211 73.6586 11.2603 -2.85039 73.5813 11.5577 -0.56719 72.9767 
11.6092 0.754878 72.5434 11.546 1.79625 72.7577 11.4433 2.57114 72.7705 
11.2601 3.42289 72.8766 10.849 4.84602 72.9463 2.22369 -9.96251 75.1443 
10.1902 6.48367 72.6877 0.839922 -9.62947 75.2599 -0.974886 -9.13997 75.7458 
7.78886 9.83113 72.8597 6.70709 10.7536 71.5457 -3.68408 -8.43452 75.0034 
-4.85008 -8.02653 74.9659 -5.3475 -7.76114 75.4562 -6.08877 -7.1259 76.224 
0.931305 12.0384 73.4038 -7.6551 -5.76203 75.7991 -8.45182 -4.68402 75.3107 
-1.25451 11.505 73.3043 -9.11952 -3.40136 75.3466 -3.4137 10.6186 73.6027 
-9.86042 0.109576 74.4665 -5.82067 9.20864 74.1963 -5.12248 9.66269 73.4039 
-9.82191 2.08472 75.1539 -9.6382 3.19072 74.2003 -7.10879 7.99463 74.275 
-9.33387 4.31182 74.0097 -8.89091 5.37053 74.2235 -8.16504 6.64746 74.242 
8.36184 -8.78314 75.1392 9.38799 -7.61338 75.7976 10.159 -6.34614 74.9454 
10.8009 -4.76929 74.9322 11.2722 -3.10209 75.1871 11.5412 -1.08493 74.8268 
7.04723 -9.61139 75.7938 11.5599 1.19117 74.245 11.4107 2.67984 73.731 
5.44513 -10.072 76.1626 3.99037 -10.1535 76.4774 11.0493 4.22121 74.657 
2.96543 -10.0017 77.0512 1.7403 -9.79864 76.203 9.63548 7.60878 73.2914 
0.829096 -9.57011 76.1407 9.14753 8.36273 73.5429 8.71019 8.90086 73.2321 
-3.14124 -8.55216 76.5301 6.13209 11.1491 73.3844 -4.61786 -8.05297 76.0141 
4.55222 11.9264 73.6345 3.21583 12.2383 74.2904 -7.43423 -6.09063 77.1635 
-8.2554 -5.09801 76.7708 -8.84874 -4.07912 76.5064 -0.894604 11.7804 74.8595 
-9.42197 -2.63703 77.013 -9.48321 -2.41283 75.5915 -9.7667 -1.0367 76.0682 
-4.89219 9.8827 74.2755 -9.91417 0.836676 76.0995 -9.40728 4.04833 75.3732 
-8.71442 5.78329 75.5853 -7.91987 7.12439 75.6477 8.3923 -8.66977 76.8583 
10.2272 -6.20839 76.0933 10.9129 -4.5229 76.2433 11.2762 -3.27954 76.0167 
11.4717 -2.20853 75.9599 11.6242 -0.934196 76.2694 11.6271 0.509779 76.1801 
11.3701 2.89515 75.0181 10.4296 5.98881 74.5755 1.68883 -9.66046 77.7772 
9.92747 7.10344 74.2143 9.42571 7.95299 74.4731 0.177201 -9.29289 77.9483 
8.51447 9.10392 75.1201 -0.804217 -9.08965 77.6168 -1.92912 -8.79886 78.1183 
7.3525 10.2894 74.4953 -4.00407 -8.19012 77.7871 5.45461 11.6351 74.9938 
4.44578 12.0722 75.0031 3.74752 12.2787 75.7454 2.04018 12.4326 75.9583 
-6.89552 -6.57531 79.2341 -7.97337 -5.51336 78.1495 0.666094 12.2332 75.0119 
-8.83356 -4.11858 78.2707 -2.82865 11.1126 75.986 -9.83636 -1.03807 77.8181 
-9.95823 0.511945 77.4955 -4.64728 10.087 75.304 -9.78235 2.55187 76.9581 
-5.97475 9.1803 76.1713 -9.20616 4.75173 77.0235 -8.43884 6.42011 76.9601 
-7.71935 7.51043 76.815 -7.17088 8.08376 76.0858 9.47651 -7.44385 77.2458 
8.68701 -8.33143 78.2963 10.3589 -5.90143 77.4135 10.8721 -4.69961 77.343 
11.2406 -3.3756 77.0208 7.24775 -9.35508 78.323 11.5422 -1.83459 76.9842 
11.6531 -0.551801 77.7901 5.47329 -10.0037 78.2404 11.47 2.36875 76.2127 
4.2838 -10.1034 78.1193 11.1665 3.85541 76.1515 3.59069 -9.9761 78.7098 
10.4904 5.83707 77.1418 9.71227 7.41159 75.5817 -0.421076 -9.10802 78.8501 
6.84614 10.7277 76.1845 5.10792 11.8393 76.6019 -4.77866 -7.81424 79.9683 
3.79593 12.3442 77.2319 0.371088 12.2635 75.8728 0.665764 12.4117 76.9581 
-0.862819 11.9727 76.6995 -9.69553 -1.85278 79.506 -10.0261 0.0830889 79.0625 
-4.34973 10.3671 76.9084 -9.98457 1.83265 78.8444 -5.31107 9.85731 78.6681 
-9.61198 3.72035 78.4968 -8.8768 5.7428 78.8448 -7.91863 7.31745 78.0845 
-6.9295 8.4209 77.4887 8.57157 -8.34645 79.8852 9.65475 -7.07266 78.9267 
10.7641 -4.83483 78.7607 11.4179 -2.52755 78.3198 11.5868 1.74075 78.0651 
5.11722 -9.92599 79.9814 11.2259 3.73199 77.6189 3.55592 -9.77998 80.6764 
1.2336 -9.38252 80.1571 9.21974 8.20753 77.2993 -0.847961 -8.90433 80.6893 
8.1645 9.57118 77.2459 -2.91286 -8.46764 79.8081 2.88702 12.5806 77.8234 
1.71031 12.6134 78.0756 -0.0665638 12.3106 78.4986 -7.45199 -6.21931 81.4163 
-8.17958 -5.28484 79.7844 -9.06844 -3.78681 80.6157 -2.61238 11.3561 78.1945 
-10.062 -0.264343 80.1684 -10.1332 0.636648 80.0629 -10.1074 1.07444 79.6474 
-9.86054 3.05995 79.6832 -7.13126 8.39561 79.2873 -9.53521 4.27732 79.7286 
-8.08924 7.23264 79.4065 7.57409 -9.08668 80.8097 9.42435 -7.38345 80.6156 
10.1398 -6.27772 80.1885 10.6825 -5.12504 80.6693 11.299 -3.23374 80.2907 
11.6194 -1.49388 79.361 11.7381 0.263924 79.7716 6.45534 -9.68367 79.8814 
11.6379 2.04153 79.8023 11.3811 3.41416 79.2906 10.9815 4.82379 78.8581 
2.98006 -9.51983 82.9203 9.60128 7.75605 79.2816 10.5081 6.15773 79.8478 
1.082 -9.17212 82.5607 8.5266 9.23292 78.7367 7.52706 10.2735 78.2144 
-2.58573 -8.43833 82.3928 6.38635 11.2017 78.6186 -4.35769 -8.00871 82.0796 
5.03669 11.9758 78.4748 -5.76674 -7.40693 82.3116 4.04698 12.4159 79.2678 
-6.99674 -6.76201 83.1858 2.7967 12.6876 79.2135 -8.01587 -5.71338 82.999 
1.73787 12.7345 80.6864 -8.43207 -5.05518 81.4911 -9.08517 -3.92609 83.0709 
-9.73828 -2.08612 82.0389 -1.18562 12.1625 80.8823 -10.0572 -0.465822 81.4387 
-3.58155 11.0749 80.016 -10.1486 0.59734 80.9152 -10.0758 1.85724 80.5765 
-4.96185 10.3686 80.7174 -10.1623 1.32115 82.4172 -7.19393 8.53436 80.4507 
-6.40592 9.28341 80.7742 -9.77973 3.61339 80.8836 -9.25169 5.20291 80.8417 
-8.523 6.69531 80.6024 -7.7676 7.83616 80.423 8.74904 -8.03866 82.0245 
10.0271 -6.38346 81.9073 10.9521 -4.45086 82.1122 11.689 -1.43148 80.8429 
11.8393 -0.154372 81.9676 6.58232 -9.49283 81.7285 7.6664 -8.8867 82.6664 
11.7546 1.47453 81.0291 5.39799 -9.6958 82.3518 11.5159 3.17026 81.1583 
4.43044 -9.71093 82.9458 11.0875 4.7129 80.3846 9.98029 7.29114 80.4403 
8.70108 9.09788 80.0697 -0.355771 -8.84378 83.0862 7.62146 10.2571 79.7317 
6.73894 11.055 80.0427 5.88895 11.6263 80.6749 -3.88394 -8.11089 83.6767 
4.58525 12.3601 81.0544 3.49335 12.6741 80.7505 -9.98881 2.88028 82.088 
-9.62324 4.3935 82.4042 -8.84476 6.34206 82.6686 -8.10443 7.50324 81.5664 
-7.40442 8.40197 81.4184 11.5229 -2.62905 82.0367 11.752 -1.46926 81.9526 
6.91886 -9.08792 84.357 8.42579 -8.18324 84.1786 11.8266 1.36973 82.1495 
5.49013 -9.52802 84.3774 11.7359 2.13122 81.7617 4.3971 -9.55518 84.4616 
11.161 4.71913 81.7377 10.2753 6.83063 81.4665 10.8086 5.67297 81.3324 
2.13011 -9.2501 84.1683 9.37582 8.26633 81.1439 0.900406 -9.00673 84.1928 
8.17758 9.76363 81.1338 7.16203 10.7422 80.8284 -2.46081 -8.40477 84.3381 
-4.92429 -7.79046 85.1316 -6.18072 -7.32558 84.0946 4.31091 12.5554 82.0953 
-6.83777 -6.96203 84.3998 3.466 12.7944 82.5164 -7.50363 -6.37845 84.1413 
-8.36085 -5.28697 85.1868 0.872872 12.8676 82.7632 -9.9199 -1.90777 84.287 
-10.1671 -0.218476 83.6123 -3.60156 11.2902 82.016 -1.76045 12.256 82.8299 
-10.2565 1.44655 84.2285 -5.5781 10.1252 82.3632 -10.026 3.16326 84.0333 
-6.90901 9.05032 82.6033 -9.52924 4.98089 83.8665 -7.87877 7.9605 82.8214 
9.5456 -7.03615 83.8299 10.5116 -5.49669 83.7394 11.3361 -3.43946 84.0655 
11.7414 -1.70049 83.0598 11.9018 -0.644046 84.1204 11.902 0.92586 83.3155 
11.7225 2.54677 82.9529 11.3882 4.05212 82.6271 3.35187 -9.30094 85.5054 
10.8526 5.73618 83.1445 9.89403 7.61949 82.8821 8.72309 9.20497 82.5397 
-0.386725 -8.68429 85.3396 7.40874 10.5511 82.072 6.54251 11.3006 82.8808 
-2.80836 -8.26318 85.744 5.33585 12.0911 82.5454 -6.27756 -7.25993 85.5456 
-7.27079 -6.57885 85.1356 2.5483 12.9929 83.441 -0.438549 12.6682 82.8212 
-9.52518 -3.19068 85.2637 -0.749075 12.7161 84.0064 -10.0245 -1.91227 85.5193 
-2.89338 11.9092 84.0437 -1.7234 12.4035 83.8154 -10.162 -1.34316 85.3106 
-10.256 -0.59451 85.2729 -4.81917 10.8351 83.8586 -10.3486 0.813793 85.4705 
-10.2958 2.13038 85.4576 -6.42764 9.72206 84.3412 -9.16615 6.05356 84.5812 
-8.3949 7.4816 84.6477 -7.47274 8.64189 84.0261 10.1559 -6.16396 85.2847 
9.30469 -7.25553 85.658 10.8093 -4.95725 85.1468 11.7393 -1.95863 84.3271 
11.9865 0.677805 84.617 6.20641 -9.2536 85.6299 11.8972 1.89592 84.3844 
11.7639 2.86334 84.266 5.28299 -9.26026 86.4348 11.5051 3.94366 84.1451 
10.3886 6.9 83.8497 1.73119 -9.06203 85.326 9.98631 7.64908 84.217 
9.2762 8.62309 83.8309 8.00117 10.063 84.1325 -5.31105 -7.66727 86.5092 
4.65986 12.4967 83.5917 -6.00408 -7.32657 87.2031 3.99525 12.8279 84.6154 
-7.30383 -6.50362 86.498 1.87443 13.1544 84.9792 -8.41454 -5.38169 87.6717 
0.433689 12.9714 84.0938 -9.37494 -3.74776 87.1035 -9.9828 -2.13074 86.6409 
-1.45679 12.5558 84.7771 -10.2447 -1.04521 86.1942 -4.27065 11.39 85.4708 
-10.3977 0.201581 86.644 -10.1759 3.20031 85.99 -5.59772 10.5532 85.4046 
-9.73475 4.78131 85.6157 -7.59355 8.80865 85.9133 -8.47985 7.72717 86.4928 
-6.61604 9.91455 86.4861 -9.10358 6.489 86.0398 10.6155 -5.35293 86.4695 
11.1678 -4.06302 85.9663 8.29839 -8.09456 86.3008 9.44115 -6.9817 87.4592 
9.97423 -6.40716 86.5583 11.7324 -2.03944 86.2184 12.0085 -0.0811613 85.6831 
7.02618 -8.72525 87.2493 12.0091 1.40142 85.6512 11.779 3.11936 85.4844 
11.5144 4.24699 85.2736 11.2198 5.08002 84.8771 10.6235 6.55792 85.1462 
2.0984 -8.95662 86.8263 9.5095 8.4308 85.4957 0.793309 -8.6783 87.5973 
8.17764 10.1778 87.0933 -1.14555 -8.4028 87.6889 6.10512 11.7077 84.8808 
-3.90929 -7.93191 88.1814 4.91116 12.4712 84.7752 -5.81226 -7.38344 88.2709 
-7.11964 -6.63333 88.3436 3.1909 13.085 85.2265 0.325649 13.0848 86.2836 
-9.22276 -4.29718 88.3425 -9.67227 -3.38525 88.5895 -2.3397 12.3734 86.2188 
-10.0104 -2.26541 88.1224 -10.363 -0.621974 87.799 -3.99592 11.7426 86.802 
-10.4815 0.624894 87.6972 -10.428 1.92911 87.3022 -5.36366 10.9852 87.183 
-10.1302 3.9466 87.2902 -9.67029 5.52894 87.354 -9.07667 6.97126 87.7398 
-8.17687 8.54558 88.3093 -7.35259 9.37131 87.381 8.62561 -7.63361 88.5922 
10.259 -5.90053 87.6475 11.023 -4.3701 87.8957 12.0399 -0.46902 86.7537 
12.1036 0.730892 86.9104 12.0026 2.30921 86.8351 6.07636 -8.72896 89.576 
11.8097 3.46067 86.6743 11.3861 4.89004 86.4119 3.98994 -9.04068 87.9085 
2.40931 -8.80358 88.6359 10.878 6.29196 86.4424 10.3967 7.27609 86.6955 
0.58288 -8.53067 89.0294 9.67899 8.52922 87.6739 -0.66446 -8.39062 88.7964 
-1.6101 -8.27443 88.8223 6.26634 11.8766 87.9391 5.0571 12.4554 85.822 
-5.9474 -7.26797 89.4877 4.27938 12.8757 86.7041 3.09437 13.1972 86.3082 
-7.70507 -6.14781 90.3141 2.31467 13.2975 86.7928 -8.22767 -5.7064 89.0719 
-8.95762 -4.79075 89.0674 -9.43645 -3.99732 89.1251 -9.68181 -3.46465 89.3142 
-0.962781 13.0051 87.768 -9.99215 -2.55943 89.4213 -10.3447 -1.18604 89.1535 
-2.04153 12.7084 87.6285 -3.08452 12.3055 87.6751 -4.33858 11.7537 87.9652 
-10.5061 -0.242155 89.0521 -10.5653 0.828177 88.8446 -5.07017 11.6019 89.7616 
-10.5974 2.10697 89.0645 -10.4456 3.26406 88.8669 -6.84022 10.1151 88.8331 
-10.1003 4.65354 88.5023 -9.75046 5.84504 88.9353 -9.20284 7.22941 89.5143 
10.0826 -6.03438 89.5988 11.7024 -2.65843 89.0856 12.0922 -0.467392 88.3264 
7.70325 -8.18186 89.5578 12.1411 1.69511 88.3596 11.8594 3.60099 87.9321 
11.4497 5.24082 88.2894 3.99348 -8.7893 90.062 10.961 6.31174 87.5139 
2.22003 -8.64465 90.0806 10.4619 7.42861 88.1928 0.527684 -8.4138 90.7063 
-1.61405 -8.23637 89.8522 -0.545415 -8.36673 89.4475 -2.7305 -8.09325 90.5916 
-4.42761 -7.77153 90.8534 -6.19736 -7.17367 91.3495 3.53257 13.2278 87.8497 
2.42233 13.4158 88.5511 0.816144 13.5397 89.8727 -8.87456 -4.86341 90.7422 
-8.69567 -5.14728 89.8578 -9.45944 -3.8854 90.0081 -10.0832 -2.35801 90.6717 
-1.66957 12.9928 89.1621 -10.334 -1.46355 90.0926 -3.52043 12.2867 88.9306 
-10.398 -1.31683 90.8091 -10.5698 -0.171438 90.4125 -10.7053 1.91476 90.426 
-10.6278 2.57705 89.6526 -10.6001 3.12074 90.071 -10.3275 4.43518 89.9776 
-8.6931 8.35603 90.333 -7.89777 9.42242 90.4086 9.02706 -7.17984 91.1367 
11.1261 -4.30902 90.062 12.1255 -1.36747 90.6605 7.67073 -8.09399 91.0506 
12.3219 0.836183 90.4573 12.1218 3.08105 89.8088 11.8047 4.39031 89.1598 
11.5427 5.39376 89.6498 5.51169 -8.56125 92.1777 10.9965 6.59346 89.3448 
10.0903 8.32953 90.0465 9.08551 9.50656 88.8893 8.51171 10.1913 88.9245 
7.85879 10.7951 88.9698 -1.07212 -8.23215 91.4561 -2.30154 -8.06884 92.827 
-4.88283 -7.66825 93.1299 4.87163 12.8322 89.0155 -6.35933 -7.17562 92.6647 
3.82302 13.282 89.4941 -7.39826 -6.46397 92.1485 3.11028 13.5163 90.7785 
-8.62223 -5.16254 91.934 -9.56166 -3.60746 91.5299 -10.3408 -1.47013 92.0093 
-2.99164 12.7368 90.3743 -10.6854 0.0443177 91.7522 -10.778 0.986511 91.5744 
-6.39624 10.8308 90.3314 -10.8519 2.35885 92.2041 -10.6682 3.44194 91.1804 
-7.06857 10.3547 90.7094 -10.4531 4.72635 91.3962 -9.95045 5.92976 90.5985 
-9.42484 7.3599 91.2746 10.0037 -6.21255 91.4287 10.8225 -5.05721 92.2306 
11.6683 -3.2017 91.3356 7.00854 -8.30233 91.9508 12.4067 2.54073 91.7806 
12.5807 0.831313 92.664 12.1717 3.65656 91.0174 11.9008 4.51577 90.4717 
3.10287 -8.56278 91.9538 11.4508 6.02093 91.2073 10.8605 7.2169 90.8203 
0.853722 -8.29048 93.3134 8.66706 10.2725 90.8507 7.38573 11.345 89.9999 
6.35879 12.2054 90.8739 -3.12605 -7.99465 94.3996 4.75614 13.0803 91.0687 
-6.03108 -7.3487 93.4578 -6.91863 -6.85726 93.7922 -8.23277 -5.67413 93.4923 
-9.56196 -3.67331 93.6969 -0.296846 13.5607 90.6703 -1.36827 13.3402 90.8052 
-1.94596 13.2991 91.5727 -10.4528 -1.48613 94.1801 -3.09361 12.9429 91.681 
-4.13805 12.3969 91.1444 -10.8348 0.685147 93.0929 -4.98818 11.9906 91.3654 
-6.1305 11.3203 91.8708 -10.7334 4.06211 92.5536 -10.2363 5.915 92.3759 
-8.5997 8.95212 92.1566 -7.51528 10.1868 91.9351 -9.61036 7.56793 92.7869 
9.97362 -6.27545 92.4784 9.48443 -6.78575 93.0473 11.6958 -3.52135 93.194 
12.163 -2.03416 92.6489 8.41167 -7.56653 92.9497 12.405 -0.5237 92.0627 
7.25384 -8.03409 93.9355 6.05599 -8.31037 94.3808 12.1482 4.35827 92.4122 
4.68646 -8.50572 93.5548 3.40868 -8.42128 94.048 10.7812 7.82091 92.8367 
9.80371 9.13338 91.964 -0.5807 -8.15635 94.3256 7.55614 11.4014 91.2947 
-1.77401 -8.10007 94.6803 -5.67797 -7.47302 94.6222 4.14715 13.484 92.899 
-7.79833 -6.20655 95.2118 -8.76675 -5.12966 94.6489 0.451719 13.7537 91.1569 
0.917114 13.8145 91.577 -0.194819 13.7636 92.3041 -10.0932 -2.7113 94.5145 
-2.20523 13.3976 92.8727 -4.21998 12.5903 92.5989 -10.957 0.377017 94.622 
-11.0849 1.48046 94.3906 -11.0508 3.02689 94.1737 -7.38681 10.8964 94.4352 
-10.7361 5.00378 93.7641 -10.2665 6.84492 94.2497 -9.21161 8.71595 94.0826 
10.309 -5.91744 94.1352 9.43633 -6.80638 94.2231 11.4058 -4.41045 95.1162 
12.1574 -2.63729 94.5313 12.6651 1.96055 93.3482 12.5402 3.01321 93.2502 
5.05934 -8.29185 95.2952 11.6942 6.05653 93.2109 2.98207 -8.22328 96.136 
0.819048 -8.18663 95.159 9.50149 9.96837 94.1333 -0.330555 -8.1335 95.7079 
7.66941 11.611 93.3621 -2.01014 -8.06542 96.228 -4.13984 -7.85448 95.3167 
5.86361 12.8123 93.2812 -6.50031 -7.12689 95.6675 -7.03986 -6.83011 97.0706 
2.00889 13.8584 92.6847 -8.17462 -5.91551 96.569 -8.68111 -5.34442 95.7555 
0.804584 14.0552 93.8673 -9.29261 -4.41845 95.3798 -0.82522 14.0262 95.0566 
-10.0782 -2.88459 95.7923 -2.97894 13.3483 93.9998 -10.8353 -0.612797 95.8414 
-4.29278 12.888 94.1448 -11.265 1.69263 95.8838 -5.53027 12.0948 93.654 
-11.3555 3.586 96.0372 -11.0365 5.22781 95.5274 -9.02412 9.7379 95.7839 
-10.6524 7.17082 96.1907 -9.92042 8.26557 95.4267 9.9278 -6.36774 95.5513 
10.6948 -5.57116 95.8487 8.75314 -7.23007 95.1142 12.5725 -0.766781 94.0679 
12.8101 1.01194 94.5902 7.43599 -7.67229 96.8785 12.777 2.49085 94.6822 
12.5411 3.82845 94.3743 12.1922 5.20583 94.449 11.7246 6.77633 95.2854 
1.06031 -8.15991 96.1711 -3.4261 -7.96195 97.086 -5.13607 -7.65681 96.5982 
5.13069 13.3861 94.8224 -6.1267 -7.34444 96.8817 3.66238 13.8612 94.746 
-7.9819 -6.13755 97.8902 1.92104 14.201 95.3031 -9.18856 -4.70712 97.3168 
-9.97207 -3.4346 97.2415 -10.2897 -2.74452 97.064 -10.6461 -1.72558 97.1292 
-3.28728 13.5043 95.3378 -5.16151 12.6365 95.1267 -11.2952 0.317031 97.8782 
-11.5179 1.87332 97.3282 -11.6207 3.05215 97.4252 -8.27027 10.7978 96.1837 
-11.5474 4.72071 97.4364 -11.2372 6.17736 97.1579 -10.1111 8.88765 97.2285 
-8.82853 10.9056 97.8909 10.3998 -5.95378 96.7756 12.1546 -3.13367 96.1068 
12.5953 -1.75957 96.0019 9.50024 -6.67004 96.8161 12.9073 -0.106676 96.0984 
13.0639 1.79837 96.8648 12.8128 3.42525 95.9058 12.5775 4.61535 95.8199 
5.34009 -8.13369 96.6287 12.2976 5.61297 95.8726 10.8622 8.64441 96.0255 
0.775886 -8.12273 97.488 -1.52224 -8.06977 98.8668 6.93912 12.7703 96.7364 
-3.94879 -7.91674 98.4934 4.93023 13.7332 96.5909 -5.6381 -7.53236 98.2331 
-6.87776 -6.99111 99.3658 3.54163 14.1301 96.3348 2.72099 14.4044 97.1899 
-7.91558 -6.28738 98.8677 -8.52918 -5.67789 98.6742 -9.76762 -3.97844 98.6661 
-9.83022 -3.79193 97.8624 -10.321 -2.82849 98.243 -10.8801 -1.3873 98.3581 
-4.18874 13.4373 96.4577 -2.30777 14.1928 97.2494 -5.88197 12.7 96.7634 
-11.7794 1.35848 99.537 -11.7437 2.19028 98.5423 -7.55721 11.6792 96.9392 
-12.076 3.90627 99.7553 -11.0415 7.45753 97.9135 11.0882 -5.18396 97.2782 
10.3688 -6.0227 97.9392 11.8745 -3.96868 97.2998 12.4876 -2.65413 97.4519 
9.45881 -6.69935 98.2469 12.9564 -1.05529 97.6817 13.106 0.25608 97.3276 
12.9049 4.43498 97.9142 12.5452 5.23648 96.681 5.44087 -8.02649 98.1068 
12.3292 6.16397 97.2846 3.56034 -8.09692 98.8333 11.7232 7.61829 97.3746 
1.80081 -8.05513 100.297 10.0076 10.2947 97.5137 8.60983 11.3756 96.162 
-3.09016 -8.06941 100.633 -4.57905 -7.88025 99.5475 -5.46732 -7.66118 99.7126 
4.15784 14.2126 98.0338 -7.51641 -6.69932 100.696 -8.17057 -6.10519 99.8205 
0.975119 14.5521 97.3957 -9.20952 -4.9204 99.7039 -0.621142 14.4369 97.0196 
-10.151 -3.41797 100.071 -10.8093 -1.91133 99.5711 -11.1854 -1.01504 99.9569 
-11.1567 -0.79 99.0973 -4.2771 13.7724 97.8164 -11.5037 0.030756 99.918 
-5.45108 13.3972 98.1424 -4.8264 13.8148 98.5603 -11.9456 1.10679 100.935 
-12.0629 1.95337 100.487 -12.0005 2.45367 99.765 -6.71351 12.8079 98.5007 
-7.80358 11.9352 98.1179 -11.675 6.20834 98.9579 -11.3939 7.4718 99.0596 
-10.932 8.65061 99.19 -10.0152 9.97826 98.8728 -9.48089 11.1388 99.8033 
10.9702 -5.47516 98.7778 10.3607 -6.07636 99.4864 11.6139 -4.63702 98.835 
12.2934 -3.45536 98.8051 12.7699 -2.26746 98.6977 13.2797 0.462697 98.6318 
9.12777 -6.87935 100.069 7.15262 -7.64949 99.9534 5.48159 -7.95403 100.082 
4.30357 -7.98213 100.785 11.3115 8.91789 98.8044 -0.49003 -8.10282 101.76 
8.96831 11.7363 98.7327 -4.55371 -7.93458 100.69 6.02785 13.7218 98.9899 
7.21736 13.1922 99.0891 -5.52727 -7.65735 100.827 -6.49348 -7.2959 101.76 
-7.76883 -6.56241 101.842 2.79327 14.6483 99.0897 -8.24424 -6.14754 101.082 
-8.76917 -5.59807 100.798 -9.16285 -5.1495 101.062 -0.522171 14.6989 98.4037 
-9.62798 -4.46864 101.308 -1.76496 14.7504 99.2784 -10.3993 -3.26424 102.135 
-10.7168 -2.39128 100.78 -11.028 -1.86247 101.625 -11.0316 -1.60275 100.548 
-3.12711 14.3647 98.7427 -4.22966 14.1723 99.1679 -11.3377 -0.883811 100.958 
-5.41427 13.749 99.2928 -11.7123 0.0329943 101.456 -12.2093 2.7173 100.679 
-7.95175 12.2584 99.3049 -12.316 5.9366 101.083 -8.78781 11.6769 99.4584 
-11.7775 7.52117 100.373 -11.4119 8.87474 100.797 -10.5857 10.2246 100.673 
11.2595 -5.23808 100.201 12.0765 -4.15017 100.452 10.6807 -5.89496 101.613 
12.7417 -2.71533 100.073 13.159 -1.14279 99.5315 8.3536 -7.21379 101.885 
13.4584 2.56093 99.837 6.29484 -7.68767 102.595 12.6603 5.93904 98.669 
12.2999 7.23736 99.335 1.99987 -7.99264 102.52 10.8302 10.4696 100.911 
-2.28389 -8.16861 102.307 8.05874 12.7321 99.4504 -4.07455 -8.07397 102.829 
4.68216 14.4232 100.269 -7.53963 -6.8724 103.543 -8.88778 -5.54355 102.391 
0.928279 14.9421 99.8125 -9.73834 -4.43084 102.416 -0.579295 14.9441 99.6758 
-1.13313 14.9919 100.069 -1.756 15.0161 100.595 -11.0396 -2.12912 102.835 
-3.09056 14.7301 100.32 -11.4887 -0.971426 102.47 -4.66187 14.3612 100.531 
-11.9235 0.13976 102.644 -12.0784 0.907714 102.066 -12.1723 1.46193 101.729 
-6.66162 13.6821 101.128 -12.3819 1.78658 102.447 -12.2702 2.08639 101.501 
-12.5196 2.44398 102.381 -12.4787 3.10091 101.751 -12.7235 4.49035 102.342 
-8.67802 12.3231 100.853 -12.4008 7.16645 101.927 -11.6307 9.69773 102.403 
-9.83582 11.5104 101.29 -10.4919 11.0394 101.725 -12.0281 8.24497 101.746 
-10.8943 10.5445 101.811 11.7575 -4.85003 101.963 12.2149 -4.18905 101.665 
9.74421 -6.5917 102.637 12.6454 -3.34548 101.587 13.3129 -1.4929 101.506 
13.5502 0.38451 100.619 13.3223 4.34544 100.11 13.0284 5.73993 100.255 
3.76617 -7.92956 102.031 12.8384 7.14228 101.443 12.1222 8.75467 101.569 
0.780115 -8.05294 103.273 -0.221717 -8.13801 103.419 9.39906 12.2006 101.337 
-1.29575 -8.21488 103.275 -2.35566 -8.23615 103.305 7.79541 13.3759 101.244 
6.27673 14.0834 101.116 -5.96941 -7.69183 103.612 2.9734 15.0889 102.098 
-8.56988 -6.10691 103.917 -9.19357 -5.45318 104.11 1.02961 15.1797 101.332 
-9.88135 -4.41923 103.774 -0.458031 15.1454 100.915 0.426469 15.4067 102.703 
-10.8049 -2.92291 104.179 -2.35101 15.3006 102.622 -11.3776 -1.65503 103.845 
-3.77643 14.8585 101.522 -4.86764 14.6644 101.927 -11.9953 -0.28373 104.128 
-12.3337 1.09473 103.28 -12.8258 2.76136 103.586 -8.29091 13.2847 102.488 
-13.4288 4.81648 104.685 -9.45593 12.4232 102.422 -12.8992 6.16546 103.033 
-12.7342 7.93729 103.419 -10.9114 11.056 102.682 -10.2485 11.6835 102.388 
12.4148 -4.04822 102.627 10.7495 -6.00282 103.564 11.5139 -5.32353 103.551 
13.0462 -2.88253 103.136 13.7394 0.0557771 101.998 8.78951 -7.02717 104.317 
13.9146 1.79413 102.349 13.7302 4.59673 102.457 13.2655 6.27831 102.033 
3.95552 -7.86668 103.974 2.03002 -7.98202 103.998 11.648 9.7442 101.832 
0.661293 -8.12675 104.964 -0.659311 -8.21156 104.113 -1.70444 -8.35803 104.986 
-5.01219 -8.23384 105.085 5.58724 14.5973 102.411 -6.50477 -7.69807 105.067 
-7.6272 -7.12337 105.411 -8.21982 -6.56031 104.677 -8.86508 -5.9948 105.053 
-9.60734 -5.16887 105.527 -10.4304 -3.93665 105.588 -10.9274 -3.02193 105.421 
-11.5194 -1.9454 105.688 -3.87141 15.0198 102.296 -4.37795 15.1006 103.083 
-5.75985 14.6606 102.924 -12.7165 1.32736 104.803 -7.39187 14.4757 104.342 
-9.06001 13.2558 103.624 -10.455 12.2549 103.892 -13.8445 5.71461 105.612 
-13.5038 6.54782 104.797 -13.7177 8.06321 105.76 -12.6952 9.51064 104.557 
-11.6806 10.9152 104.061 12.2197 -4.51782 103.559 12.6286 -3.89697 103.48 
10.2945 -6.35371 104.644 13.866 -0.533128 103.645 14.4381 2.01282 104.692 
14.1632 3.15384 103.513 7.45849 -7.44737 104.747 13.3493 7.51819 104.017 
6.09245 -7.66441 105.309 12.5791 8.82646 103.22 11.9477 9.83434 102.982 
2.71344 -7.95531 105.377 11.1573 11.5966 104.292 9.43689 12.8379 103.163 
8.58969 13.7662 104.084 -3.62368 -8.51911 105.731 7.06688 14.1319 102.651 
-4.40211 -8.4901 105.787 -4.56095 -8.60009 106.75 -5.71543 -8.23774 106.342 
-6.84145 -7.8026 106.752 -8.10039 -7.03978 107.045 -8.40134 -6.56309 105.706 
-9.05032 -6.06028 106.565 -9.62288 -5.4248 106.733 -10.1418 -4.76861 107.02 
-0.590904 15.7909 104.665 -10.7115 -3.82219 106.845 -10.9577 -3.19135 106.187 
-4.02698 15.5519 104.604 -12.2612 -1.46321 108.134 -12.609 0.196595 106.298 
-5.41389 15.1113 104.105 -13.6921 2.85932 106.7 -9.54056 13.5915 105.04 
-14.1506 4.98837 106.625 -10.9775 12.8636 105.696 -14.1941 6.44493 106.477 
-13.5133 9.53994 106.179 -12.6807 10.9077 105.886 -11.5882 11.8822 105.182 
12.2738 -4.64602 105.036 12.8325 -3.72222 104.385 11.3702 -5.64258 105.482 
10.494 -6.36112 107.348 13.4557 -2.46005 104.58 13.9825 -1.48497 105.495 
14.4907 0.225632 105.764 8.09111 -7.26056 106.639 14.4312 3.97462 104.866 
14.2705 5.70448 105.364 12.7215 9.1655 104.223 4.27537 -7.84382 106.052 
12.3248 10.1554 104.667 2.57932 -8.08076 107.868 -0.0524332 -8.36454 106.91 
10.0689 12.9475 104.731 -1.36807 -8.57659 107.029 -2.35825 -8.65775 106.795 
-3.23876 -8.92236 108.213 -4.37465 -8.83406 107.999 6.8904 14.6265 104.271 
-5.54169 -8.64276 108.549 5.20416 15.0632 103.966 -7.37303 -7.82412 108.475 
3.89544 15.4889 104.79 1.6138 15.7259 104.76 -8.94481 -6.55768 108.221 
-9.64281 -5.68926 107.921 -0.419756 16.438 107.675 -10.2426 -5.02658 108.437 
-2.38115 15.9816 105.746 -10.7617 -4.13387 108.13 -11.2717 -3.0188 107.388 
-4.25435 16.0609 106.622 -5.59149 15.4708 105.465 -13.4532 0.768466 108.528 
-6.7335 15.4024 106.094 -7.70144 15.1705 106.314 -8.85288 14.5912 106.229 
-14.5292 4.3689 107.842 -10.3003 13.8475 106.484 -11.3659 13.1688 106.715 
-11.4439 12.8105 106.246 -14.9858 5.69034 108.391 -14.8128 7.5984 107.911 
-11.9431 12.3666 106.407 -14.2801 8.94667 107.275 -13.954 10.3851 107.613 
-13.0504 11.8255 107.473 11.7955 -5.51278 107.358 12.3863 -4.80556 106.718 
13.333 -3.27837 106.239 14.8739 1.67493 106.439 14.9931 3.17293 106.787 
5.84729 -7.69163 107.614 13.1296 9.55999 106.033 12.3614 10.6142 105.515 
0.485221 -8.41668 108.237 10.7715 12.6979 105.556 -0.69547 -8.6316 108.287 
10.1757 13.5746 106.36 -1.86593 -8.77946 108.005 8.37372 14.526 106 
-4.22941 -8.984 108.767 6.23835 15.4001 106.454 -7.08476 -8.40475 110.369 
-8.21968 -7.54217 109.744 3.19149 16.0196 106.9 -8.31117 -7.20488 108.53 
-8.78897 -6.96926 109.235 -9.12695 -6.65123 109.245 -9.4066 -6.28134 109.064 
-9.93251 -5.72395 109.401 -10.6764 -4.80305 109.741 -2.08928 16.2976 107.037 
-11.5211 -3.3399 109.39 -3.01636 16.2862 107.082 -12.4709 -2.06111 110.172 
-13.1025 -0.682673 109.736 -5.87587 15.9334 107.017 -13.7515 0.408581 109.968 
-7.10401 15.7401 107.276 -14.2268 1.40975 109.908 -14.4922 2.56806 109.254 
-8.26927 15.459 107.574 -14.701 3.76941 108.648 -9.72084 14.7747 107.584 
-15.1666 4.44385 109.303 -14.9455 4.60138 108.709 -11.0644 14.0025 107.715 
-15.2077 4.93941 109.134 -12.2244 13.1019 107.838 -15.5532 6.98082 109.311 
-15.4618 7.96075 109.16 -15.1792 9.22829 109.034 -14.7142 10.739 109.055 
-13.9607 11.7018 108.697 -13.2144 12.6237 108.579 12.4756 -4.99578 108.014 
13.1089 -4.19333 107.882 13.9234 -3.01736 108.258 14.4592 -1.23914 107.452 
14.9648 0.643042 107.425 9.24947 -7.00075 108.437 15.2642 1.97998 107.959 
7.86289 -7.38705 108.462 14.8351 4.74863 106.745 14.8659 6.24406 107.848 
6.7381 -7.63081 109.873 14.2054 6.92051 106.193 14.164 8.06897 107.276 
4.88896 -7.8325 108.848 12.534 11.1127 106.761 11.5265 12.4292 106.662 
0.434899 -8.60774 109.741 -1.58951 -8.99919 109.659 -2.73911 -9.21602 109.91 
9.54112 14.4582 107.304 8.52048 15.0484 107.581 -3.82294 -9.35378 110.65 
-5.72888 -9.23736 111.493 -9.27682 -6.75195 110.343 -10.1938 -5.81319 110.757 
-10.7943 -5.16417 111.163 -11.2531 -4.34961 110.807 -12.0489 -3.40743 111.477 
-2.46593 16.499 107.867 -12.9426 -2.03862 111.657 -3.82218 16.5655 108.264 
-13.1021 -1.27429 110.786 -5.17172 16.4313 108.202 -13.6603 -0.363571 110.9 
-6.48536 16.2612 108.326 -14.3534 0.865228 110.982 -7.48662 16.0009 108.235 
-8.07672 15.9263 108.514 -14.5634 1.59442 110.575 -14.7112 2.12125 110.318 
-9.07491 15.6677 108.824 -15.2909 3.04095 110.752 -15.2207 3.89475 109.839 
-10.6137 14.8949 108.773 -15.9269 4.44799 110.99 -15.5892 5.18878 109.87 
-11.8004 14.2329 108.946 -16.3224 5.67484 111.1 -16.0627 6.50047 110.358 
-15.5834 6.10035 109.51 -13.8365 13.0233 109.846 -12.7451 13.5757 109.147 
-16.1494 8.01195 110.384 -16.2235 9.52289 110.743 -15.5541 10.6751 110.244 
-14.7792 11.7898 109.908 12.1963 -5.42741 109.073 11.5809 -6.02647 110.022 
12.9131 -4.70968 108.896 13.5863 -3.93667 109.183 14.1783 -3.1315 109.49 
14.7041 -1.98933 109.545 15.4519 0.397506 109.877 10.3289 -6.69567 110.115 
8.76018 -7.21288 109.6 15.3748 3.064 108.19 15.468 4.25196 108.849 
13.9413 10.2627 109.185 4.3995 -7.93175 109.81 2.64731 -8.26473 110.633 
12.6245 11.9371 108.283 11.6369 13.1768 108.281 1.05448 -8.63789 111.107 
0.236774 -8.81608 110.978 -0.602406 -9.02004 110.93 10.5847 14.0956 108.104 
-1.45419 -9.23227 110.991 9.76903 14.78 108.519 -2.19829 -9.38606 111.142 
8.32602 15.8848 109.813 5.21766 16.2439 108.726 -7.33184 -8.86806 112.666 
-8.4169 -7.80701 111.434 2.55858 16.7458 109.438 -9.35266 -7.17125 111.952 
-9.87185 -6.51429 111.628 0.410403 16.9398 109.745 -10.4521 -5.95877 112.058 
-11.2641 -4.95317 112.308 -1.40636 17.0252 109.791 -0.543273 16.8935 109.445 
-2.73947 16.9217 109.369 -12.9639 -2.82628 113.11 -4.77101 16.7792 109.157 
-4.08179 16.9355 109.512 -13.2184 -2.02079 112.43 -13.482 -1.45613 112.197 
-13.469 -1.11983 111.598 -5.81803 16.8273 109.629 -4.82752 17.0572 110.001 
-14.29 -0.364484 112.564 -7.56679 16.4281 109.436 -15.0114 1.26271 112.102 
-14.9278 1.91663 111.106 -8.92871 16.264 109.963 -15.6196 2.54326 111.998 
-10.3856 15.6322 109.921 -16.1049 3.20864 112.34 -16.076 3.71034 111.854 
-11.3491 14.9266 109.555 -16.5316 3.77135 112.666 -16.9339 5.15952 112.427 
-12.446 14.8718 110.557 -16.9466 6.93732 111.767 -17.4034 8.84459 112.269 
-15.6379 11.8614 111.019 -14.8826 12.6933 110.725 -14.6964 13.8548 111.489 
-16.7654 10.7847 111.842 -16.4265 12.1898 112.053 13.2622 -4.66374 110.4 
14.0901 -3.6729 110.551 14.5038 -2.87882 110.236 12.6371 -5.45191 111.283 
15.592 2.61057 109.192 8.93463 -7.24917 111.092 7.48354 -7.61425 111.694 
15.1276 7.81008 109.92 5.21921 -7.94899 111.633 3.31027 -8.28347 112.13 
1.86742 -8.58127 112.094 13.0363 12.4285 109.946 0.330918 -8.97754 112.067 
11.4497 14.222 110.032 -1.09829 -9.35891 112.087 -2.13407 -9.86868 113.514 
-4.66897 -10.05 113.835 -6.04827 -9.56536 113.073 6.18364 16.5362 110.017 
4.81524 16.8052 110.21 -9.20892 -7.69451 113.233 -9.89037 -7.0271 113.187 
-9.90522 -6.83245 112.671 1.23461 17.468 111.554 -10.4706 -6.51154 113.544 
-0.602355 17.2728 110.75 -11.7423 -5.14466 114.096 -12.0999 -4.08049 113.013 
-2.57461 17.7413 111.874 -12.549 -4.00222 114.103 -4.03277 17.2951 110.599 
-13.9989 -1.7718 113.977 -13.5764 -1.7016 112.852 -5.23034 17.3458 110.888 
-6.5776 17.3227 111.172 -15.137 -0.435401 114.539 -15.1364 0.292988 113.588 
-15.1964 0.80656 113.079 -8.18587 16.8753 110.782 -15.4159 0.738731 113.628 
-15.684 1.1978 113.612 -15.7012 1.78047 112.974 -8.47795 17.6256 112.378 
-9.47156 16.5625 110.919 -16.4647 1.94726 114.227 -16.1953 2.77817 112.911 
-10.8197 16.0437 110.937 -10.2621 16.7637 111.695 -16.7269 3.3075 113.391 
-17.311 3.61329 114.073 -11.6405 16.2675 111.748 -17.0733 4.21308 113.254 
-13.0309 15.9844 112.213 -17.8114 4.9782 113.885 -18.6958 7.10772 114.087 
-15.5973 12.8355 111.582 -14.0295 15.1232 112.045 -16.574 13.3016 112.754 
-15.6492 14.9065 113.015 -18.6223 8.98286 113.689 -18.3693 10.2579 113.443 
-17.7164 11.8641 113.156 13.9097 -4.27164 111.715 14.4866 -3.6 112.087 
14.6215 -3.04813 111.126 11.8418 -6.14319 112.183 13.4769 -4.86315 112.12 
14.8591 -2.4273 110.806 15.2347 -1.53083 111.001 10.4321 -6.83194 112.097 
16.0643 3.07176 111.005 9.03799 -7.39096 113.173 15.9408 4.6317 110.578 
15.6879 5.88346 110.283 7.12565 -7.77053 112.794 5.77298 -8.00066 113.118 
4.29008 -8.21615 113.073 2.76677 -8.52066 113.191 1.34831 -8.92751 113.388 
-0.0872093 -9.43442 113.787 -6.59022 -9.73765 114.299 6.31293 17.1375 111.588 
8.21031 16.9737 111.956 -8.21919 -9.04635 114.74 3.77094 17.3675 111.577 
-9.86978 -7.96694 115.316 -11.2122 -6.51287 115.36 -12.0542 -5.42468 115.381 
-0.565264 17.7497 112.206 -12.5236 -4.57872 115.044 -13.5136 -3.31754 115.264 
-4.53097 17.6871 111.704 -14.6349 -1.82521 115.434 -5.42383 17.6829 111.775 
-15.8188 -0.0584002 115.389 -15.8939 0.55826 114.786 -15.6268 0.716358 114.086 
-16.432 0.61511 115.64 -17.3527 1.74519 115.821 -17.5435 2.88358 115.012 
-11.1051 17.3151 112.854 -12.2946 16.6503 112.551 -18.1272 4.04053 114.918 
-13.4692 17.1045 113.579 -19.0122 4.31087 115.832 -18.6621 5.28495 114.853 
-14.3875 15.9215 112.998 -19.6034 5.59214 115.721 -20.5023 6.80224 116.032 
-17.6372 14.399 114.045 -15.4708 15.9492 113.609 -20.4593 8.08811 115.571 
-19.9265 9.37925 114.909 -19.6907 11.4183 114.747 -18.5198 12.9471 114.135 
-19.4541 13.9915 115.091 -16.8131 15.7804 114.239 -20.052 12.7522 115.202 
-18.8079 15.6083 115.281 14.2146 -4.36783 113.436 14.9225 -3.41524 113.513 
15.1003 -2.54371 112.193 13.2761 -5.3387 113.486 15.7808 -1.01397 112.608 
16.3361 1.02668 112.816 11.31 -6.62159 113.787 16.3216 4.92468 111.996 
16.1399 6.9177 112.243 8.17005 -7.69128 113.755 7.88022 -7.70676 113.337 
15.564 9.30313 112.27 7.09539 -7.88276 113.878 14.6348 11.5977 112.134 
5.26754 -8.20398 114.369 4.20524 -8.47461 115.082 3.28146 -8.66236 114.989 
3.66599 -8.46273 114.151 13.3388 13.156 111.439 2.41267 -8.78848 114.332 
1.25787 -9.22001 114.762 13.0349 14.3711 112.49 0.465729 -9.56337 115.113 
11.081 15.6581 111.977 -0.490468 -9.99439 115.509 -1.70698 -10.3709 115.502 
-2.91274 -10.6118 115.61 9.57137 16.5994 112.116 -5.91362 -10.4461 115.693 
-7.30645 -9.97286 115.769 -8.73018 -9.78374 117.098 2.78166 18.1769 113.614 
-10.1362 -8.6411 116.98 -10.7766 -7.64566 116.419 -10.9493 -8.30764 117.731 
-11.6253 -6.94199 116.909 0.416343 18.2488 113.607 -12.2188 -6.07906 116.785 
-11.9722 -5.99575 116.143 -1.18234 18.1661 113.214 -12.8229 -5.03879 116.446 
-2.01633 18.3705 113.557 -3.02261 18.8145 114.326 -14.0091 -3.78321 116.987 
-5.29442 18.2718 113.088 -14.7715 -2.52708 116.691 -15.5149 -2.05701 117.428 
-15.83 -0.930188 116.483 -7.22653 18.8862 114.244 -16.764 -0.706756 117.719 
-17.1557 0.4291 116.95 -9.96225 18.9591 114.582 -17.9536 1.58202 116.81 
-11.7995 18.0022 113.911 -18.8146 2.00172 117.424 -18.3286 2.84826 116.108 
-12.6663 18.7966 114.887 -19.3818 3.3691 116.884 -19.8417 4.49596 116.573 
-20.2526 3.8871 117.379 -14.7692 16.4269 113.602 -20.82 5.1613 117.126 
-15.6123 16.7868 114.264 -15.2832 18.4124 115.276 -21.8689 6.56899 117.376 
-21.4341 7.74774 116.525 -17.536 17.271 115.452 -22.4772 7.96412 117.385 
-21.5383 8.87773 116.344 -21.703 10.538 116.356 -21.1739 12.0972 115.966 
-19.2358 16.9752 116.113 -22.6313 9.23048 117.232 -21.0523 13.3741 116.077 
-20.5593 14.8729 116.121 -20.317 16.2833 116.46 15.6061 -2.44316 114.247 
12.5969 -5.97617 114.142 10.6304 -7.08596 115.199 16.8088 3.03096 113.623 
8.58096 -7.68539 114.926 16.9365 5.40116 114.097 16.87 7.99623 114.803 
6.83536 -8.05181 115.229 15.5642 10.5408 113.133 5.31666 -8.42586 116.121 
3.74258 -8.70414 115.87 14.1484 13.1235 112.752 2.55034 -8.991 115.65 
14.2367 13.7992 113.596 1.26295 -9.60616 116.389 12.8045 15.9008 114.234 
-1.15379 -10.5298 116.522 10.8211 16.901 113.688 -1.95236 -10.7221 116.394 
-2.55583 -11.0163 116.893 -3.24223 -11.0598 116.789 -4.42934 -10.9157 116.427 
9.05252 17.5733 113.615 -5.66068 -10.913 116.786 -6.80242 -10.6736 117.019 
7.54017 17.5732 112.907 6.55729 17.8837 113.305 5.04838 17.9631 113.275 
-10.1987 -9.63301 118.584 -11.2718 -9.28192 119.522 -11.7721 -7.78288 118.377 
-12.5584 -6.36087 117.849 -1.0364 18.8507 114.747 -13.8649 -4.84895 118.188 
-15.2384 -3.03573 118.179 -4.31383 19.1128 114.753 -5.38359 19.4233 115.158 
-16.2572 -1.6079 118.043 -16.9607 -1.0796 118.456 -17.548 -0.249228 118.26 
-19.0163 0.727133 118.875 -18.1088 0.900342 117.688 -20.061 1.85808 118.8 
-19.9324 2.59157 118.062 -11.4599 19.473 115.288 -20.7291 2.46769 118.867 
-12.2884 20.0888 115.943 -21.0429 3.61033 118.299 -13.9767 19.7066 115.876 
-22.3356 4.75882 118.737 -15.6507 20.1721 116.57 -23.332 6.67246 118.704 
-17.5902 19.332 116.705 -23.5404 8.55857 118.274 -19.1579 18.222 116.775 
-23.3302 10.2656 117.84 -22.6843 12.357 117.343 -21.9005 14.132 116.947 
-21.7633 15.6492 117.345 -21.1747 16.9031 117.352 -20.3165 17.5379 117.055 
-23.0339 14.2081 118.125 14.2027 -4.89993 115.313 13.433 -5.56724 115.17 
15.0669 -3.83735 115.362 12.5592 -6.23979 115.728 16.5552 -0.742801 115.382 
16.8073 1.23109 114.328 9.98737 -7.50331 116.505 7.93304 -8.044 116.967 
16.1719 10.0694 114.192 15.6266 11.2737 113.842 15.2082 12.7087 114.231 
3.56625 -9.10565 117.612 14.8145 14.0855 114.837 1.62434 -10.0068 118.435 
13.8675 14.6707 114.007 14.3646 15.1679 115.319 -0.166378 -10.5546 117.729 
-1.70816 -11.0118 117.504 11.7045 17.5581 115.523 -3.29093 -11.55 118.229 
10.9751 17.373 114.511 -5.54055 -11.3943 118.024 10.3485 17.6779 114.624 
7.69476 18.1444 114.146 -7.46981 -11.3 118.804 6.4339 18.5333 114.716 
4.51031 18.7227 114.95 -9.29608 -11.0969 119.792 2.97139 18.8904 115.266 
1.52957 18.7963 114.986 -12.0673 -8.35924 119.614 0.337692 18.7843 114.848 
-12.5905 -7.63129 119.594 -12.4253 -7.36053 118.966 -13.4541 -6.49957 119.66 
-2.03078 19.5277 115.848 -15.2707 -4.40185 120.011 -3.52703 19.916 116.197 
-5.03083 20.2463 116.435 -17.253 -1.73333 119.55 -7.05524 20.0909 115.947 
-9.19124 20.4377 116.185 -18.8378 -0.577209 120.075 -19.967 0.14675 120.385 
-10.7723 20.0796 115.802 -20.5044 1.49362 119.523 -10.7526 21.4208 117.049 
-21.1835 1.01001 120.573 -21.8748 2.55895 119.832 -13.6001 21.099 116.886 
-23.1855 3.65211 120.214 -15.2859 21.4291 117.348 -23.7983 5.0635 119.973 
-16.8782 20.2773 116.975 -16.434 20.9734 117.301 -16.031 21.6124 117.648 
-24.3815 6.34028 119.954 -24.4377 7.7761 119.533 -17.5332 20.7044 117.568 
-24.4132 9.64461 119.178 -19.3923 19.3689 117.641 -18.9055 20.3824 118.102 
-24.0476 11.2952 118.675 -21.2875 17.7732 117.95 -20.659 18.7399 118.128 
-23.9659 12.7263 118.841 -24.3075 14.1385 120.002 -22.9979 15.662 118.697 
-22.1658 16.9278 118.365 13.9334 -5.46516 116.656 14.8436 -4.66349 117.028 
15.5633 -3.75908 117.127 15.8838 -2.77337 116.106 13.3307 -6.13111 117.744 
17.1951 1.4949 115.55 11.6726 -6.94029 117.084 17.4459 3.55195 115.642 
10.7129 -7.41594 117.329 17.7078 5.63482 116.445 9.87851 -7.69937 117.584 
16.8359 9.9395 115.673 16.2369 11.5292 115.357 5.93244 -8.55222 117.818 
15.9135 12.7067 115.55 15.6016 13.4535 115.609 15.48 14.4912 116.418 
2.76017 -9.60723 118.794 14.0196 16.0743 115.85 0.583531 -10.6222 118.918 
13.3974 16.8086 116.033 -1.55609 -11.6212 119.293 -2.70934 -12.1072 119.684 
-3.547 -12.2983 119.867 -4.86563 -12.143 119.516 9.05653 18.9787 116.195 
-6.28347 -11.9596 119.446 -7.15695 -12.0962 120.034 -8.18475 -12.0107 120.404 
5.9854 19.3984 116.338 3.9292 19.4898 116.416 -10.6534 -10.775 120.618 
2.225 19.4722 116.343 -11.3318 -10.3255 120.864 -12.0935 -9.64582 121.165 
0.497783 19.4167 116.076 -13.0147 -8.64176 121.503 -12.7157 -8.10149 120.366 
-13.4957 -7.52571 121.044 -0.862668 19.6936 116.354 -14.1184 -6.56529 120.964 
-14.0044 -7.19853 121.561 -1.59163 20.5484 117.484 -14.8109 -5.96025 121.408 
-14.6029 -5.6887 120.664 -15.541 -5.11098 121.476 -17.2426 -3.8406 122.257 
-5.42181 20.9823 117.264 -7.43482 21.6039 117.538 -19.0679 -1.53596 121.41 
-9.00233 22.663 118.224 -21.0116 -0.37645 121.88 -10.6844 22.8774 118.216 
-9.04619 24.061 119.393 -22.2473 1.04247 121.481 -23.3505 2.22373 121.532 
-12.536 22.4736 117.867 -11.6103 23.791 118.96 -14.2144 22.1854 117.757 
-13.8183 23.3886 118.77 -24.2794 3.83033 121.375 -15.5231 22.3989 118.19 
-15.2612 23.3808 119.03 -25.0027 5.56405 121.287 -16.7974 21.6358 117.975 
-16.8015 22.5182 118.801 -15.9362 22.9442 118.784 -25.0912 7.09596 120.683 
-18.2604 21.6314 118.794 -25.2736 8.82105 120.664 -20.3643 20.0179 118.882 
-19.8872 21.0881 119.476 -24.9779 11.332 120.239 -22.0942 18.1849 119.194 
-21.6892 19.4723 119.798 -23.5122 16.6698 120.162 14.5315 -5.32619 118.383 
16.3696 -2.68845 117.927 17.057 -1.14717 117.617 13.9862 -6.02519 119.481 
12.5592 -6.79926 118.877 17.3009 0.162357 116.903 17.8054 1.77154 117.576 
11.0196 -7.41252 118.259 17.8632 3.74267 116.948 9.37019 -7.97661 118.858 
17.6836 7.47111 116.71 17.9829 6.74944 117.333 17.5387 9.23249 117.033 
7.36856 -8.39243 118.712 17.1119 11.0544 117.001 16.4062 12.9711 116.869 
5.62117 -8.91596 119.607 3.57708 -9.53257 119.718 2.32954 -10.0121 119.602 
15.0378 15.7073 116.914 1.04392 -10.857 120.226 14.4578 16.6955 117.122 
-0.130556 -11.1378 119.438 13.9176 17.8335 117.888 -0.603653 -12.0726 121.21 
11.9981 19.0715 117.799 -2.70595 -12.815 121.315 -4.36299 -12.7044 120.689 
-6.16757 -12.7662 120.947 -7.22602 -12.769 121.207 -7.39878 -12.4642 120.762 
-7.97866 -12.719 121.416 7.27966 20.321 117.885 -9.30488 -12.5231 121.821 
4.9939 20.3497 117.834 -10.3511 -12.4423 122.431 -10.1429 -11.7474 121.365 
-10.7462 -11.8684 122.046 3.12063 20.2923 117.721 -11.4172 -11.3001 122.144 
-12.3533 -10.8977 123.004 1.50613 20.2047 117.505 -13.0222 -9.57226 122.574 
0.0769253 20.4091 117.595 -14.0023 -8.07302 122.614 -15.2446 -6.76291 123.246 
-14.5646 -6.71001 121.942 -2.95459 20.9972 117.794 -15.386 -5.85267 122.256 
-4.08478 20.8377 117.351 -16.0663 -5.07821 122.307 -3.97589 22.1799 118.832 
-6.71464 23.2634 119.139 -18.9041 -2.59669 122.593 -20.1142 -1.91124 122.911 
-21.4824 -1.32999 123.452 -22.6145 -0.11675 123.125 -23.0333 1.00293 122.257 
-12.6137 24.7269 119.886 -10.5334 25.2612 120.318 -23.7427 1.08819 123.113 
-24.717 2.69314 123.066 -14.8703 24.6628 120.432 -25.333 4.34742 122.633 
-16.2608 23.4388 119.499 -25.8192 5.60824 122.73 -18.0911 23.0203 120.192 
-16.7155 24.0819 120.539 -25.8818 7.34261 122.244 -19.4144 22.0157 120.038 
-26.0006 9.91388 122.289 -21.2308 20.6134 120.404 -20.619 21.663 120.914 
-25.6843 12.5253 122.174 -25.1189 15.073 122.227 -23.1203 18.5907 121.162 
-22.308 19.9883 121.236 -24.32 17.0833 122.039 15.5272 -4.2908 118.683 
17.2393 -1.66786 119.334 17.526 -0.265969 118.245 11.3423 -7.51627 119.948 
18.2777 3.8857 118.373 18.3095 6.0209 118.287 18.2007 7.87712 118.333 
9.78436 -8.0891 120.328 7.97901 -8.48497 120.247 17.649 10.5925 117.972 
6.5405 -8.9482 121.245 4.71528 -9.6311 121.92 16.3835 15.1532 118.842 
2.68368 -10.3107 121.13 15.3177 16.3679 118.003 1.50459 -11.2725 122.036 
14.8968 17.0904 118.11 0.532935 -11.6295 121.506 14.9402 17.4249 118.544 
13.4975 18.9935 118.836 -4.61349 -13.3032 121.854 10.6432 19.7908 117.878 
-6.02162 -14.1521 123.334 9.6827 20.1923 118.034 -7.15272 -13.1566 121.852 
8.64247 20.0765 117.655 -8.14751 -13.4253 122.61 -9.35962 -13.643 123.403 
-10.1015 -13.1498 123.193 -10.9769 -12.8073 123.59 -11.8726 -12.0333 123.709 
2.34536 20.9289 118.629 -13.118 -10.4162 123.743 1.16216 21.0163 118.615 
-13.7232 -9.38246 123.656 0.0747963 21.8969 119.458 -1.99174 21.7572 118.899 
-2.40094 22.3479 119.455 -16.2354 -5.51974 123.221 -17.234 -5.01594 124.046 
-18.2322 -4.19599 124.13 -19.1413 -3.15591 123.611 -4.21949 24.1595 120.513 
-6.59928 24.6761 120.331 -20.7948 -2.52477 124.431 -7.82912 25.7617 121.084 
-22.4752 -1.64474 125.04 -23.8761 -0.128785 124.897 -11.8224 25.5656 120.578 
-24.6442 1.36269 124.32 -12.8689 25.6542 120.893 -25.5505 2.64707 124.982 
-25.8343 3.96346 124.161 -26.3349 4.68395 124.697 -26.0962 4.92992 123.761 
-16.4973 24.9022 121.519 -26.4596 5.13628 124.708 -26.4501 6.19782 124.184 
-17.8875 24.2563 121.681 -26.6371 8.46533 124.113 -19.8037 22.6067 121.186 
-19.2351 23.4437 121.822 -26.6296 10.9877 124.438 -21.9265 21.0777 122.162 
-20.8446 22.3295 122.267 -20.108 22.9898 122.169 -26.1979 13.3098 123.989 
-25.8707 14.8516 124.095 -25.2223 16.3303 123.61 -24.301 18.192 123.422 
-23.1231 19.7863 122.682 15.1517 -5.1955 120.355 14.4491 -5.98375 120.794 
16.5247 -3.56738 120.919 17.9221 0.0256135 119.58 13.3135 -6.74004 120.88 
18.328 1.84311 119.451 12.0515 -7.50152 121.468 18.7149 5.056 119.618 
10.7465 -7.97618 121.389 18.857 6.82786 120.134 9.25567 -8.38812 121.479 
18.092 9.96053 118.836 7.87771 -8.72231 121.744 17.6098 12.1352 118.949 
6.77306 -9.16606 123 3.10731 -10.937 123.847 15.5205 16.9305 118.898 
1.52955 -11.7707 123.285 15.0996 17.7656 119.207 0.387558 -12.2545 122.712 
14.6821 18.9272 120.127 -0.792394 -12.998 122.897 -1.51055 -13.0216 122.358 
13.0691 19.9016 119.604 -1.8903 -13.9694 123.937 -3.77776 -13.8354 122.97 
11.526 20.2501 118.92 10.579 20.3661 118.564 10.2143 21.068 119.475 
8.72719 20.6544 118.503 -8.43201 -14.3314 124.032 7.99225 21.4362 119.54 
-9.29465 -14.4618 124.533 -9.39891 -14.1655 124.144 6.06084 21.1677 119.062 
-9.97447 -14.1818 124.649 -11.0271 -13.912 125.408 4.11672 21.5525 119.544 
-11.8563 -12.8853 125.009 -12.7513 -11.5515 124.706 2.17949 21.798 119.724 
-13.6977 -10.1901 124.734 -14.2279 -9.16674 124.465 -14.2223 -8.67814 123.806 
-14.9045 -8.09034 124.46 -1.5682 22.8285 120.095 -16.4827 -6.44257 125.032 
-2.55368 22.6537 119.708 -2.76967 23.2024 120.117 -1.98056 24.1084 121.13 
-18.1939 -5.03677 125.398 -19.6405 -3.81002 125.186 -5.29178 25.809 121.641 
-21.5671 -3.13472 126.411 -9.56876 26.6055 121.764 -11.1297 26.1618 121.196 
-10.8385 26.8093 121.965 -25.1085 0.993494 125.897 -12.2192 26.6084 121.971 
-11.9679 26.0166 121.079 -13.9187 26.2003 122.028 -13.1922 26.636 122.296 
-15.9706 25.8641 122.731 -26.6309 4.8401 126.466 -17.1694 25.2723 122.651 
-16.8258 25.7067 123.08 -26.9288 7.27248 125.576 -18.9876 24.0179 122.487 
-18.4848 24.6865 123.222 -27.1013 9.14654 125.992 -20.2045 23.4508 123.521 
-27.1292 11.1128 127.381 -26.7283 12.319 125.392 -26.5133 13.736 125.94 
-21.8319 21.9599 123.759 -25.9103 15.5082 125.141 -25.3636 16.9521 125.22 
-24.711 18.3863 125.202 -23.8041 19.6449 124.444 -22.819 20.7857 123.748 
14.968 -5.73701 121.615 14.4076 -6.22463 121.734 15.6767 -5.18618 122.617 
17.734 -1.52959 121.387 13.9981 -6.69746 122.861 18.4597 0.64257 121.198 
18.8083 3.17137 120.554 12.8915 -7.25919 122.355 19.1026 5.17494 120.923 
11.6594 -7.92205 123.18 10.1386 -8.31916 122.513 18.7426 9.0112 120.317 
18.4838 11.0334 120.434 8.79248 -8.71865 123.094 18.2585 12.3249 120.57 
5.46006 -9.64957 123.67 4.5979 -10.022 123.694 16.0129 17.4632 120.457 
1.85132 -11.9019 124.069 1.00228 -12.5457 124.114 -0.183145 -13.3161 124.133 
14.0044 20.6253 121.69 -3.73303 -14.681 124.396 12.2213 21.0175 120.436 
-4.77375 -15.1682 124.897 -5.76991 -15.3137 125.019 -7.12526 -15.2126 125.023 
11.3222 22.16 121.669 9.4572 22.0373 120.633 9.53527 22.8811 122.002 
-8.77436 -15.0955 125.363 8.16544 22.4823 121.041 6.30448 22.2071 120.538 
-9.55088 -15.1095 125.858 -10.188 -14.9754 126.459 -11.1048 -14.3909 126.714 
4.97429 22.4606 120.828 -11.7121 -13.6367 126.18 4.16344 22.4483 120.762 
-12.6126 -12.5492 126.484 3.2958 22.3576 120.56 2.34238 23.1104 121.31 
-13.7857 -10.739 126.152 -14.6325 -9.58576 126.341 -14.4876 -9.36547 125.473 
-0.00768077 23.8717 121.503 -15.5783 -8.25866 126.354 -1.10825 24.8317 122.069 
-16.7208 -6.95036 126.45 -2.62671 25.4777 122.157 -17.8933 -6.02296 126.723 
-19.848 -4.71372 127.099 -3.88332 26.7066 122.922 -5.73479 27.012 122.787 
-21.7396 -4.04895 128.708 -6.55822 26.4702 121.971 -7.70987 27.1444 122.675 
-22.7901 -2.27847 126.526 -9.25515 27.4798 122.945 -23.7567 -1.348 126.676 
-10.3844 27.3337 122.697 -9.94006 27.7971 123.433 -24.5446 -0.709838 127.253 
-24.518 -0.321468 126.396 -11.2359 27.1183 122.461 -11.7597 27.565 123.435 
-10.6479 27.7111 123.335 -25.1091 0.214205 127.308 -25.7369 1.50108 127.156 
-25.9459 2.48557 126.395 -13.4302 27.0242 123.108 -13.1256 27.5889 124.076 
-26.2469 2.69421 127.51 -14.8253 26.6984 123.336 -14.4588 27.2055 124.127 
-13.7845 27.3972 124.011 -15.7643 26.6705 124.108 -15.1334 26.9994 124.209 
-17.3571 25.7356 123.956 -16.4494 26.28 123.949 -27.219 7.73812 127.196 
-19.1747 24.8843 125.26 -27.3188 9.26673 127.328 -21.6911 22.5949 125.205 
-20.7916 23.637 125.738 -26.2005 15.4631 127.218 -23.0644 21.0941 125.639 
-25.3757 17.5824 127.132 -24.3727 19.3308 126.197 14.8777 -6.0119 122.637 
16.6684 -4.22262 123.621 17.3987 -2.93131 123.247 18.9755 1.75605 122.268 
19.336 3.99138 122.174 13.0988 -7.36045 123.637 19.3671 5.41141 121.757 
19.3016 6.3301 121.502 19.4555 7.96938 122.299 10.1222 -8.51666 123.873 
19.1387 10.3094 122.021 9.18953 -8.8033 124.307 18.7613 12.2432 121.923 
8.11819 -9.16847 125.251 17.9278 13.7193 120.92 6.34165 -9.49259 124.337 
17.3496 15.9999 121.74 5.51955 -10.0051 125.504 1.9208 -12.4387 125.353 
0.686489 -13.4798 125.442 15.7714 18.6144 121.335 -0.402506 -14.3133 125.666 
-1.40487 -15.1312 126.214 15.3945 19.4118 121.87 -2.54252 -15.0992 125.458 
-3.60787 -15.5777 125.818 -4.85232 -15.926 126.1 12.7732 21.5697 121.711 
-6.09595 -15.9381 126.045 -7.29532 -16.0748 126.562 -8.82371 -15.9417 127.087 
8.43139 23.05 121.967 -9.72849 -15.6612 127.566 -10.551 -15.0354 128.291 
7.26053 23.2056 122.147 -11.7932 -13.8101 127.451 5.59212 23.0915 121.792 
4.58559 22.9202 121.426 -12.6552 -12.8341 128.135 3.74972 22.8953 121.302 
4.24411 23.5468 122.261 -13.7237 -11.3441 127.926 3.147 23.9523 122.551 
1.95041 24.4653 122.792 -14.8371 -9.98035 128.405 -14.6937 -9.81462 127.204 
-15.84 -8.66271 128.058 -0.0782346 25.6279 123.357 -17.0596 -7.19383 127.585 
-2.14379 26.5735 123.41 -19.0556 -5.97948 128.633 -3.06667 27.4584 124.139 
-4.68026 27.5932 123.819 -20.5188 -4.96318 128.679 -6.57186 28.121 124.367 
-23.1653 -2.55046 128.131 -9.07197 28.2177 124.467 -24.6542 -0.848771 128.612 
-10.6652 28.0289 124.053 -11.5635 28.1113 124.52 -25.804 1.28477 128.595 
-12.5959 28.0862 125.119 -13.9208 27.6725 124.951 -26.6003 3.40986 128.893 
-15.2989 27.2951 125.47 -26.9238 4.64109 128.52 -27.0552 5.32464 128.571 
-16.6554 26.539 125.076 -27.2317 6.76824 129.123 -17.8433 26.0094 125.752 
-27.3776 9.02127 128.664 -20.3709 24.3486 127.383 -26.8621 13.4191 128.717 
-22.1755 22.4926 127.463 -26.5566 14.8368 128.996 -26.1333 16.0081 129.38 
-24.8461 18.8612 127.742 -24.0252 20.1805 127.351 -23.2826 21.2285 127.203 
15.0021 -6.16539 124.351 16.1191 -5.13155 124.743 18.5397 -0.747405 123.897 
19.3703 2.05056 123.694 13.8933 -7.0297 124.534 12.7806 -7.75705 125.411 
19.5749 5.87999 122.552 11.1269 -8.40139 125.239 19.9363 6.67861 123.888 
9.79699 -8.76488 125.106 19.3206 11.3635 123.022 19.1731 12.4865 123.234 
18.682 14.197 123.373 4.15584 -10.8308 126.137 3.16574 -11.6868 126.308 
16.5372 18.2311 122.618 1.33785 -13.684 126.769 0.471517 -14.3518 126.675 
2.38139 -12.9428 127.365 -0.205267 -15.2581 127.547 -1.29187 -15.9249 127.744 
-2.39024 -15.8656 126.865 -3.64986 -16.4024 127.312 -5.42667 -16.7651 127.779 
13.2527 21.9858 123.377 11.963 22.7124 123.336 -7.26897 -16.8613 128.295 
10.8306 23.1053 123.316 -8.28508 -16.6387 128.323 -9.04328 -16.2645 128.639 
9.74116 23.4033 123.231 8.6155 23.5329 123.117 7.48369 23.7973 123.35 
6.04958 24.0459 123.519 -11.8969 -13.7106 129.107 3.85416 24.6056 123.688 
-13.2429 -12.1085 129.844 -14.4464 -10.6459 129.399 -15.752 -9.21048 129.617 
2.29301 25.4483 124.229 -17.3707 -7.57369 129.305 -1.11239 27.1197 124.65 
-19.2007 -6.57989 130.704 -2.36499 27.9647 125.209 -4.29636 28.4681 125.496 
-21.066 -5.11584 130.4 -22.2816 -4.15104 130.287 -6.73436 29.034 126.388 
-23.0899 -3.28599 130.116 -7.98871 28.7568 125.627 -24.0285 -2.11082 129.905 
-24.8593 -0.975977 131.046 -25.4916 0.317528 130.052 -11.1537 28.507 125.593 
-12.4599 28.4905 126.292 -26.1977 1.99813 130.553 -13.9369 28.1994 127.108 
-26.6913 3.43707 130.331 -15.411 27.6379 127.017 -27.0008 4.83415 130.148 
-16.8738 26.8606 127.241 -27.3374 8.67544 130.823 -18.8141 25.632 127.202 
-27.3357 10.3013 129.874 -27.1919 11.7009 129.873 -21.0182 23.813 129.937 
-24.5966 19.3466 129.063 -23.5849 20.9118 128.567 -25.415 17.7634 129.218 
17.2701 -3.90338 126.414 19.3374 0.66558 124.904 14.3041 -6.9849 126.34 
19.7904 4.44748 123.851 11.8778 -8.35435 126.927 19.9165 8.1637 123.875 
19.8488 9.88582 124.179 10.3458 -8.82309 126.862 19.5404 11.6829 123.888 
19.3933 12.7508 124.139 9.11008 -9.20556 127.544 7.53813 -9.59203 127.517 
17.812 16.6642 123.809 6.20223 -10.058 127.927 5.11627 -10.4862 127.423 
4.2598 -11.1997 128.036 3.32492 -12.0759 127.835 1.68849 -14.0342 128.019 
0.918867 -14.6837 127.908 -0.612552 -16.3232 129.3 15.5157 19.9994 123.339 
-2.18401 -16.7228 128.747 14.5205 21.0778 123.338 -3.69456 -17.0718 128.794 
-4.54809 -17.4822 130.032 -6.04031 -17.3378 129.32 12.2745 23.0466 125.513 
-6.90196 -17.3231 129.706 -7.93872 -16.9812 129.44 -8.5108 -16.7222 129.706 
-8.16967 -16.9628 129.839 9.87582 23.7382 124.944 -9.30652 -15.969 130.297 
7.73988 24.2229 124.689 -10.8727 -14.5785 130.351 6.4765 24.6031 124.941 
-12.0967 -13.3243 130.713 5.25252 24.9698 125.048 3.62286 25.5505 125.114 
-14.9513 -10.2699 131.336 1.93329 26.6598 126.09 -17.3215 -8.17515 131.454 
-0.854605 27.9178 126.144 -2.48382 28.5156 126.261 -5.25486 29.2925 127.193 
-22.6662 -3.93757 131.926 -23.9203 -2.455 131.583 -9.56157 29.147 127.487 
-24.5512 -1.47693 132.714 -25.6173 0.509969 131.449 -11.9955 28.7614 127.287 
-25.9765 1.64208 132.637 -26.6409 3.46205 131.727 -15.3591 27.8292 128.105 
-26.9729 4.89498 131.982 -16.4231 27.248 130.191 -27.1566 6.46729 131.781 
-18.332 26.1354 128.796 -27.0965 10.7668 132.21 -27.0121 12.7189 130.749 
-19.6541 25.1525 128.758 -26.6728 14.2828 130.394 -22.8386 21.7467 130.273 
-25.8157 16.7557 130.519 -25.0858 17.9603 131.471 -24.0632 20.1022 130.288 
15.6906 -5.84239 126.515 18.6395 -1.71414 126.404 19.145 -0.443574 125.728 
19.5953 0.660842 126.075 19.8729 2.5314 125.375 20.3023 5.28776 125.663 
13.1835 -7.85666 127.816 20.2557 7.7299 125.15 19.858 11.7377 125.069 
20.3134 10.4732 126.084 19.5408 13.4354 125.364 18.8273 15.8205 125.896 
3.85726 -11.93 129.256 17.0495 18.708 125.387 1.52898 -14.8201 129.217 
0.605155 -15.5705 129.235 2.3048 -13.8873 129.034 3.07279 -12.8659 128.99 
-1.40097 -16.9936 130.026 -2.01251 -17.191 129.98 15.0368 21.0757 125.051 
-2.87828 -17.3522 130.047 13.7601 22.2926 125.403 -5.93972 -17.5398 130.782 
-7.26638 -17.1783 130.674 -8.20616 -16.8127 130.322 -9.12276 -15.9195 131.352 
-9.79863 -15.1668 131.824 8.70071 24.3858 126.604 -11.4245 -13.7044 131.947 
6.64494 25.0102 126.348 -12.9893 -12.1162 132.357 4.49537 25.7962 126.355 
3.84926 26.3317 127.093 0.470249 28.0387 127.827 -1.45339 28.6348 127.432 
-18.1267 -7.83357 133.479 -19.32 -6.8906 132.511 -3.41244 29.1472 127.686 
-20.4947 -5.94645 131.918 -4.99591 29.5857 128.314 -21.5312 -5.13795 132.493 
-6.77448 29.6376 128.598 -23.6424 -2.62177 133.638 -25.2352 -0.164363 132.746 
-12.7652 28.7633 129.788 -26.4107 3.11419 133.18 -14.6691 28.1766 128.022 
-14.6746 28.1576 128.685 -26.7514 4.18937 132.859 -26.9126 5.20517 133.015 
-27.1565 8.19053 132.733 -19.145 25.5079 130.422 -26.7739 13.192 131.972 
-21.8429 22.4099 133.331 -26.1691 15.2459 131.828 -23.714 20.1908 132.284 
16.1497 -5.59761 127.866 19.4504 -0.338357 127.472 20.0277 1.60667 127.015 
14.8993 -6.87545 129.101 20.3487 3.41384 126.755 20.6874 6.974 126.884 
11.7338 -8.6144 128.892 20.5179 8.88228 126.344 10.2593 -9.03772 128.609 
20.3026 11.8994 126.97 9.06589 -9.36406 129.094 7.5106 -9.79631 129.454 
19.8863 13.8922 127.202 5.84626 -10.456 129.748 4.69285 -11.2864 130.269 
18.3098 17.6127 127.381 1.36313 -15.6125 130.687 0.393862 -16.3311 130.838 
2.18434 -14.7719 130.515 2.92393 -13.8095 130.51 3.72597 -12.6721 130.801 
4.21234 -11.8503 130.551 -0.668817 -16.9408 130.994 -1.87123 -17.3693 131.075 
-3.27556 -17.6078 131.484 -4.70031 -17.646 131.763 -5.60247 -17.5819 131.848 
-6.48384 -17.2475 131.887 13.5201 22.6453 126.287 -8.16433 -16.364 131.836 
10.9309 23.746 128.717 -11.8447 -13.0661 132.899 -14.6758 -10.4438 133.429 
3.52924 26.6208 127.55 -16.3538 -9.09845 133.289 2.89386 27.194 128.646 
-0.944854 28.9044 129.759 -19.5057 -6.90283 133.922 -20.653 -5.97015 133.457 
-4.53407 29.6929 130.115 -21.9546 -4.52983 134.632 -8.90924 29.7078 129.787 
-24.5805 -0.943383 134.298 -25.3735 0.61371 134.049 -10.4079 29.4586 129.751 
-25.8817 2.23422 134.372 -26.4974 4.08957 133.99 -26.7848 6.16204 134.054 
-26.8897 8.54176 134.301 -18.3861 25.8564 132.784 -26.7716 10.3743 134.513 
-20.2077 24.4382 132.089 -26.4397 12.762 134.009 -25.4785 15.6426 134.451 
-24.4336 18.2817 134.171 16.5225 -5.40307 129.247 17.6584 -4.07422 129.653 
18.6002 -2.32433 128.533 20.1141 1.09415 128.417 20.5022 2.79298 128.058 
20.7488 4.88808 127.745 13.216 -8.05728 129.813 21.0422 6.58081 128.584 
20.9006 8.05086 127.792 20.855 9.65626 128.101 10.5759 -9.07987 130.137 
9.16949 -9.4601 130.801 7.54642 -9.92866 131.369 19.5849 15.2844 127.82 
19.0729 16.3544 127.527 2.02566 -15.4595 131.833 1.22773 -16.2128 132.416 
2.70992 -14.7501 132.013 5.69139 -10.7675 132.036 4.67187 -11.762 132.413 
0.105947 -16.8474 132.284 3.41106 -13.789 132.226 17.3702 19.0397 127.481 
-1.03128 -17.2893 132.368 16.1229 20.4885 127.653 -2.2286 -17.5391 132.441 
-3.43324 -17.4509 133.323 14.509 21.9815 126.954 -5.31621 -17.3559 132.79 
13.4474 22.7453 127.299 -6.65404 -16.6999 133.169 12.5471 23.1685 127.627 
-7.71507 -16.0981 133.294 -8.79781 -15.3018 133.38 8.06142 24.8726 128.315 
-10.6906 -13.8269 133.454 -12.1186 -12.568 133.746 5.29489 25.9861 128.153 
-13.3855 -11.2725 134.752 -15.6006 -9.50872 135.338 1.23263 28.1231 129.312 
-17.2942 -8.43617 134.593 -18.6732 -7.48112 134.92 -20.1931 -6.28238 135.043 
-20.5971 -5.564 136.662 -7.38799 29.889 131.102 -23.2614 -2.27598 136.335 
-24.7628 0.562177 136.163 -10.1053 29.5818 131.636 -12.4872 28.8278 133.439 
-25.8319 3.7759 136.03 -14.7644 28.0499 132.161 -26.3626 6.76855 135.991 
-16.5714 27.1052 133.139 -26.5418 8.94238 135.842 -26.3584 10.8916 135.882 
-19.9541 24.2889 134.113 -23.3459 20.1095 134.397 16.9529 -5.20171 131.277 
18.4995 -2.97391 131.098 19.7621 -0.280083 130.141 20.5542 2.12199 129.468 
15.8648 -6.30375 130.819 20.85 3.75239 128.995 13.8262 -7.87875 131.493 
14.9978 -7.12176 131.48 21.0714 5.10737 129.286 21.1366 7.87331 129.041 
12.1176 -8.66538 131.378 10.6086 -9.16631 131.737 20.8319 11.151 128.785 
9.45573 -9.48497 132.975 20.5522 12.5485 128.693 20.2223 14.03 129.098 
19.7591 15.3607 129.219 19.3821 16.0841 128.62 6.47624 -10.3097 131.648 
18.9592 16.8611 128.528 2.25219 -15.5892 133.473 3.10487 -14.69 133.645 
18.4888 17.7155 129.084 0.644147 -16.7324 133.376 4.00126 -12.8937 132.654 
17.8683 18.5708 128.446 -0.273422 -17.1024 133.483 17.1449 19.5395 128.804 
-1.55172 -17.3758 133.695 15.1132 21.6053 128.431 14.2727 22.2651 128.281 
-5.01111 -16.7331 134.408 13.4028 22.6923 128.96 -7.15014 -15.7362 134.542 
-9.07114 -14.2675 135.085 8.95904 24.6202 129.727 7.33321 25.3355 130.033 
-11.3418 -12.6393 135.181 5.05703 26.4577 130.307 -12.4878 -11.6221 135.763 
-13.2085 -10.991 136.194 -14.1282 -10.4247 135.955 2.52191 27.7716 131.161 
-17.5872 -8.15515 135.756 0.192821 28.8145 132.369 -18.97 -7.06398 136.335 
-2.5342 29.5039 132.914 -5.64153 29.8634 133.123 -21.8334 -4.09885 136.971 
-23.5698 -0.940469 137.869 -24.9533 2.02936 137.469 -25.2312 3.34492 137.808 
-15.1562 27.7279 133.979 -25.3575 5.46373 138.418 -26.0467 7.91025 137.338 
-16.3064 27.1726 134.163 -26.2029 9.52583 136.921 -17.3448 26.4767 134.156 
-16.747 26.9127 134.2 -25.9357 10.8862 137.221 -18.084 25.5343 135.304 
-25.622 13.2172 136.602 -22.4777 20.5769 136.152 -21.1456 22.424 135.999 
-20.7458 23.3245 134.917 -25.1871 15.2136 136.296 -24.5469 16.7649 136.354 
-23.6655 18.7994 136.023 17.758 -4.18611 131.039 20.6192 1.73534 130.889 
15.7829 -6.52562 132.715 21.0391 3.73294 130.465 21.3579 6.31386 130.739 
21.2913 8.52259 130.097 13.0914 -8.35714 133.822 21.1668 10.041 129.923 
11.3255 -9.0175 133.183 21.045 11.408 130.431 20.7148 12.7817 130.018 
20.0887 14.7765 130.504 7.2611 -10.0955 133.536 19.2109 16.5041 130.483 
1.28829 -16.3481 134.083 3.7779 -13.6982 134.121 5.90245 -10.7878 134.737 
18.4574 17.8385 130.294 0.439437 -16.8061 134.265 4.40137 -12.5641 134.147 
4.98347 -11.722 134.696 17.7776 18.7708 129.816 -0.499992 -17.0249 134.598 
-1.32969 -17.1912 134.685 16.9912 19.7255 130.179 16.4745 20.304 129.394 
-2.11784 -17.2499 134.528 15.623 21.1039 129.441 -3.03199 -16.9283 135.042 
14.6787 21.916 129.269 -3.9081 -16.379 135.757 14.7062 21.6012 130.655 
-5.38365 -15.7031 135.997 12.9531 22.7646 130.322 12.1937 23.1123 130.693 
-7.24287 -14.8064 136.069 11.3636 23.4387 131.249 9.16352 24.4535 131.647 
-8.36908 -14.0838 136.248 -9.52903 -13.229 136.451 6.82557 25.6525 131.67 
-11.5819 -11.7203 136.965 -14.0121 -9.98668 137.58 -17.0979 -8.1106 137.37 
-19.1688 -6.43786 137.978 -0.214578 28.9104 134.518 -20.6485 -4.70038 138.656 
-22.054 -3.22649 138.211 -22.687 -2.10958 138.483 -8.31954 29.8019 133.572 
-23.897 0.492454 138.734 -10.2305 29.5314 133.635 -24.5779 2.34329 138.755 
-24.9484 3.58667 138.693 -13.9952 27.913 135.508 -16.258 26.8841 135.178 
-25.5437 7.7537 138.633 -25.6694 9.52073 138.26 -25.3319 11.6469 138.365 
-19.6304 23.8692 136.364 -24.6964 13.6171 138.713 -24.7164 15.1652 137.582 
-21.1833 21.255 138.017 -20.4289 22.6926 137.265 -24.1649 16.3743 137.838 
-23.5054 17.7453 137.825 -23.0914 19.1659 137.074 17.726 -4.3022 132.004 
19.3352 -1.64496 132.872 20.3284 0.555874 132.329 20.9777 2.53094 132.161 
17.0304 -5.2223 133.213 21.3245 4.2839 132.004 14.5114 -7.55884 132.849 
21.5178 7.96813 131.597 21.4168 9.29731 131.305 11.5559 -8.97043 134.821 
21.2961 10.2303 130.915 10.5947 -9.24057 134.128 20.9121 12.494 131.242 
9.9033 -9.39361 134.286 20.5766 13.5204 130.772 9.03764 -9.57748 134.708 
7.82869 -9.83431 135.544 6.89016 -10.1961 135.07 1.97166 -15.8264 135.118 
2.73593 -15.2466 134.782 3.2937 -14.5817 135.188 3.76669 -13.8541 135.789 
4.18473 -13.1253 135.332 18.5645 17.6325 131.076 0.650773 -16.4226 135.337 
17.8917 18.4754 131.247 17.2374 19.3004 131.09 -1.14402 -16.6861 135.63 
16.7853 19.7891 131.275 16.2252 20.3975 130.719 -2.44849 -16.222 136.41 
-3.638 -15.6776 136.87 -4.66805 -15.1186 137.203 13.1456 22.1939 132.43 
-5.9594 -14.8067 136.954 -7.42061 -13.8624 137.25 10.9414 23.3889 132.754 
-9.03578 -12.5455 137.984 7.60837 25.1901 132.714 -10.407 -11.6806 138.35 
-11.8418 -10.9116 138.408 5.0193 26.6217 131.892 -12.8615 -10.2226 138.796 
4.24489 27.0343 133.018 2.3578 27.9103 133.981 -15.8494 -8.25338 139.367 
-17.8632 -7.01053 139.209 -19.1928 -5.82732 139.448 -2.05812 29.2882 135.485 
-19.6409 -4.61388 140.61 -4.33832 29.5295 136.006 -21.3729 -2.70603 140.217 
-6.83975 29.6359 135.459 -22.8463 -1.10512 139.424 -8.54168 29.5183 135.51 
-23.0609 -0.312737 139.887 -9.54693 29.5653 134.679 -23.1546 0.265854 140.199 
-23.6273 1.48819 140.132 -9.92466 29.1669 136.022 -10.7967 29.2603 134.734 
-24.2191 3.48756 140.146 -11.8244 28.685 135.805 -12.9045 27.7868 137.463 
-24.6511 4.96529 139.957 -24.4751 6.26562 140.584 -14.9386 27.0267 136.992 
-25.0802 7.28929 139.588 -16.5394 26.1453 136.778 -25.0719 8.8492 139.666 
-24.8595 10.6303 139.746 -17.6356 24.8921 137.764 -24.5661 12.2619 139.748 
-20.3058 22.385 138.074 -19.6082 23.194 137.928 -18.8464 23.9921 137.754 
-23.6363 15.7195 139.355 -22.4609 19.4026 138.054 18.1463 -3.69181 133.226 
16.0858 -6.29082 134.616 21.2717 3.32625 133.653 21.5854 5.43073 133.247 
14.7931 -7.38695 134.391 21.6195 7.06105 132.522 21.5603 8.87772 133.348 
21.3372 10.4091 131.908 21.113 11.7653 132.022 10.3191 -9.27446 135.164 
20.967 12.5 132.089 20.7414 13.206 131.963 20.4029 14.1297 131.638 
19.955 15.0792 131.839 6.89793 -10.1428 136.199 2.60303 -15.0969 136.138 
3.30234 -14.4007 136.324 3.60432 -13.822 136.866 4.13389 -13.035 136.758 
6.16646 -10.4924 137.363 18.3538 17.6235 132.352 1.57555 -15.733 136.236 
4.65099 -12.2901 135.848 5.27609 -11.3881 136.359 0.477739 -15.7967 136.746 
16.418 19.554 132.922 -0.865829 -15.623 137.283 -2.17174 -15.2678 137.706 
-3.43139 -14.8165 137.955 -5.0507 -14.1375 138.123 -6.53543 -12.9138 138.854 
-4.18855 -13.0119 139.543 9.8097 23.8555 133.442 -8.06509 -12.0535 139.247 
7.94996 24.7386 134.35 -9.369 -11.8854 138.841 6.16925 25.9615 133.101 
-9.7148 -11.0132 139.83 -11.9125 -10.4012 139.419 -13.2504 -9.33229 140.117 
5.11694 26.3862 134.741 1.58854 28.0117 136.226 -17.0023 -7.06255 140.48 
-18.2894 -6.0244 140.558 -0.389375 28.549 136.93 -8.02944 28.8214 137.905 
-6.2304 29.421 136.722 -22.2032 -0.736402 140.992 -22.7456 0.615483 141.155 
-22.7162 1.96016 141.948 -10.7335 28.5345 137.412 -23.3488 3.38043 141.752 
-23.8489 3.96388 141.179 -24.1083 4.75335 140.956 -15.3102 26.061 138.702 
-14.1158 26.9844 138.204 -24.4317 8.17496 140.875 -24.2664 9.84619 141.035 
-18.3571 23.6055 139.103 -16.1778 24.3825 140.466 -23.6837 11.8048 141.445 
-23.8233 13.6317 140.426 -19.7935 22.1199 139.176 -22.4742 17.8993 139.58 
-21.6196 19.5407 139.403 -20.6625 20.5014 139.83 18.722 -2.79836 134.633 
19.4349 -1.62341 134.269 19.9899 -0.456929 134.046 20.717 1.37378 133.801 
17.2799 -4.84679 135.344 16.213 -6.13117 135.899 15.2554 -6.9886 136.09 
21.7243 6.93103 133.804 13.8376 -7.96727 136.012 12.3625 -8.63114 136.09 
11.0386 -9.0293 136.158 21.2117 11.271 133.368 20.867 12.7155 132.889 
20.8734 12.5476 133.926 9.35556 -9.38479 136.477 20.3942 13.7717 133.834 
20.3522 14.1107 132.683 7.82629 -9.73178 136.839 19.3722 15.748 133.512 
7.17635 -9.94476 137.263 1.77845 -15.0138 137.284 2.92207 -14.1899 137.417 
3.68277 -13.2519 137.733 4.1216 -12.7241 137.704 4.59992 -12.006 137.598 
5.25096 -11.1996 137.612 18.4765 17.1986 133.592 0.739522 -14.5649 138.249 
17.88 17.967 133.486 -0.774422 -14.4502 138.626 -2.09382 -14.2214 138.814 
14.5444 20.9232 133.74 -3.35692 -13.9629 138.846 13.4265 21.423 134.478 
10.9141 22.7809 134.931 -5.60271 -11.4872 140.731 -11.4333 -10.1578 140.228 
3.49632 27.0845 136.2 -15.4277 -7.50545 141.438 -17.1652 -6.19592 141.717 
-18.4387 -5.0078 141.785 -19.3939 -3.05163 142.633 -2.74764 28.9688 137.549 
-3.6046 29.3991 136.952 -3.87497 29.4191 137.009 -21.0159 -1.65696 141.956 
-5.68053 29.2226 137.469 -21.4156 -0.782019 142.199 -21.8235 0.186864 142.258 
-10.1349 28.2969 138.489 -22.6767 3.18414 142.674 -23.001 3.77003 142.471 
-23.4316 4.29702 141.972 -12.9967 26.8364 139.484 -11.4402 27.897 138.569 
-23.4914 5.60118 142.132 -23.484 7.465 142.373 -14.3043 26.0529 139.899 
-23.6062 9.157 142.21 -23.4698 10.4142 142.247 -18.616 22.5104 140.309 
-17.5926 23.296 140.556 -23.0454 13.5487 141.758 -23.0243 14.7747 141.114 
-22.2937 16.3112 141.152 -21.0032 18.5554 141.203 -19.468 20.8277 141.084 
19.4003 -1.61318 135.344 18.3388 -3.27675 136.523 20.2084 0.0623573 135.387 
20.9367 1.98137 135.305 17.3347 -4.6769 136.981 21.508 4.22627 135.557 
16.1589 -5.9346 137.579 21.738 6.01214 134.817 14.2501 -7.50828 137.966 
21.7389 7.5172 135.269 12.9653 -8.28194 137.419 21.5103 9.20733 135.538 
11.1466 -8.78584 137.894 21.2613 10.7318 134.899 21.0231 11.9477 134.474 
20.6005 12.9627 134.922 8.08102 -9.49265 138.396 19.9474 14.3299 134.913 
19.481 15.1493 134.994 6.15868 -10.1048 139.006 18.941 15.7817 135.262 
3.95365 -12.6007 138.206 4.06734 -12.0454 138.685 4.892 -11.0412 138.839 
17.9248 17.2722 134.864 2.10264 -14.0354 138.306 3.18674 -13.0037 138.595 
1.97017 -12.8997 139.417 16.8762 18.4258 134.982 0.419826 -13.4159 139.453 
16.0057 19.0378 135.417 -0.938468 -12.98 139.948 -2.51036 -13.2755 139.634 
14.8303 20.2404 134.904 -2.62699 -12.0041 140.722 13.2514 20.6638 136.271 
8.5933 23.7911 136.397 -7.67994 -10.1425 141.906 -10.6887 -9.45836 141.681 
7.40805 24.6644 136.165 6.45583 25.3407 135.965 5.1908 25.9814 136.627 
-13.1369 -7.91806 142.622 -14.8255 -6.96598 142.926 2.75753 27.2365 137.369 
1.73702 27.2137 138.778 -16.0666 -6.3206 142.701 -17.2286 -4.87702 143.221 
-17.4483 -3.04634 144.718 -3.56412 29.2976 137.342 -4.15458 29.0831 137.835 
-20.518 -0.791722 143.238 -5.53924 28.7011 138.807 -21.1732 1.00259 143.538 
-21.7477 2.63473 143.609 -22.4114 4.33008 143.35 -10.2494 27.6075 139.819 
-11.3762 26.3957 141.388 -22.5136 6.31093 143.603 -13.6221 25.4043 141.345 
-22.6048 7.54125 143.643 -22.6021 8.7062 143.638 -14.9181 25.5709 140.089 
-22.9229 9.94615 143.132 -22.5889 11.1519 143.284 -22.3741 12.8664 142.956 
-19.6005 19.1056 142.564 -18.5271 20.3959 142.625 -17.795 22.0352 141.762 
-16.9806 23.2465 141.281 -22.1923 14.6397 142.376 -21.2357 16.2201 142.66 
-20.3242 17.5754 142.899 19.35 -1.55225 136.989 17.5326 -4.18574 138.515 
18.499 -2.94752 137.689 20.3567 0.505628 136.839 21.057 2.35511 136.823 
21.3907 3.6039 137.224 21.7304 6.07095 136.391 21.7055 7.31073 136.666 
12.7093 -8.20461 138.805 21.6124 8.28924 136.416 11.6343 -8.47878 139.265 
21.2515 9.33382 137.136 21.1641 10.3726 136.244 20.9481 11.3251 136.036 
20.9293 11.9353 135.267 10.1953 -8.62759 139.937 20.5511 12.3439 136.15 
8.08992 -8.97335 140.309 20.121 13.4754 135.901 19.3202 14.526 136.325 
6.72795 -9.50259 139.926 5.1551 -9.99399 140.338 18.2577 15.8804 136.507 
3.51308 -11.8285 139.465 4.00993 -10.8808 140.084 17.5803 16.7125 136.542 
2.76456 -11.3027 140.483 16.7758 17.6602 136.431 0.983091 -11.8343 140.669 
15.6711 18.5538 136.721 14.92 19.5126 136.209 -0.552514 -11.3462 141.311 
10.9343 21.6604 137.486 -3.32391 -11.1457 141.477 -3.49674 -10.4032 142.21 
-5.30937 -10.1054 142.442 9.81085 22.8274 136.764 8.82089 22.8161 138.32 
-6.53307 -9.52914 143.027 -8.19856 -8.52426 143.839 6.69341 24.5666 137.834 
4.23488 25.9788 138.489 -11.0966 -8.18735 143.318 -12.0567 -6.32962 145.058 
-13.8783 -6.86571 143.69 -15.1081 -5.8655 143.976 -0.616689 27.7847 139.457 
-16.1752 -4.44956 144.628 -3.47483 27.7464 140.544 -18.8173 -1.3923 144.627 
-19.6617 0.30884 144.824 -6.24305 28.1005 140.051 -8.07605 27.5855 140.73 
-20.3211 1.92398 144.918 -20.884 3.55279 144.918 -21.114 5.31293 145.094 
-21.5162 7.4098 144.899 -21.6308 8.99363 144.787 -22.1095 10.0139 144.14 
-16.3012 22.6978 142.472 -14.4271 23.5922 143.014 -21.8074 10.8514 144.342 
-21.5238 11.9059 144.326 -21.0896 14.0415 143.974 -20.1765 16.0371 144.014 
-19.3549 17.7372 143.853 -18.5708 19.215 143.581 18.6681 -2.51516 138.654 
19.6375 -0.861109 138.473 20.5341 1.06484 138.237 21.0799 2.58317 137.964 
16.3183 -5.45794 139.835 21.1894 3.67781 138.672 21.5748 4.88306 137.317 
14.9242 -6.72129 139.849 13.5289 -7.65609 139.829 21.6481 5.82818 137.519 
21.5742 6.68369 137.696 21.4583 7.93844 137.591 12.096 -8.12038 140.294 
20.4702 11.0995 137.607 19.8981 12.9414 137.089 19.0039 13.5234 138.091 
18.3712 14.8038 137.646 6.54865 -8.90049 141.388 17.0438 15.943 138.106 
3.70322 -10.2789 140.999 4.39495 -9.09188 142.059 15.7777 17.5366 137.839 
2.20928 -10.072 141.889 14.5262 18.9459 137.451 0.73877 -10.7522 141.666 
0.207006 -9.81595 142.588 -1.86243 -10.6881 141.96 -1.68372 -9.44927 143.143 
12.788 19.7422 138.251 11.0827 20.5423 139.15 -3.55739 -9.42753 143.267 
-5.27524 -9.19309 143.545 9.87974 21.6774 138.938 -6.5013 -9.14486 143.524 
7.16779 22.6324 140.999 5.79226 24.5091 139.565 4.94685 24.4449 140.899 
3.09756 25.7092 140.723 -14.6706 -4.83377 145.285 -15.8101 -3.46135 145.712 
-0.938498 27.1687 141.094 -16.6395 -2.50997 145.832 -17.2938 -1.60305 145.88 
-18.0695 -0.161996 146.032 -18.7405 1.39821 146.17 -6.11125 27.1303 141.875 
-19.4011 3.00092 146.213 -8.22702 26.4028 142.709 -19.9827 4.2156 146.054 
-19.967 5.1742 146.28 -9.60835 26.8716 141.544 -10.0605 26.0555 142.611 
-20.2489 6.25922 146.134 -11.5237 25.278 142.911 -20.2483 7.51808 146.204 
-12.8683 24.4217 143.209 -20.7729 8.56008 145.687 -20.9226 10.207 145.347 
-15.3647 21.7965 144.183 -13.5749 22.1943 145.043 -13.1284 23.5939 143.985 
-20.1455 12.1436 145.645 -17.0177 20.3699 144.03 -19.6602 14.3554 145.337 
-18.9517 16.2247 145.124 -18.0962 18.0878 144.786 18.9499 -1.87981 139.585 
19.4073 -1.11283 139.538 19.8898 -0.137114 139.393 20.3692 0.88713 139.226 
20.7127 1.93428 139.092 16.9649 -4.64878 140.15 16.588 -5.07278 140.449 
17.858 -3.23323 140.449 15.5632 -5.97406 140.909 21.3243 5.49632 138.74 
13.9106 -7.1929 140.936 21.0051 7.20836 139.243 13.0301 -7.62697 141.007 
12.1205 -7.6975 141.717 21.1069 8.57635 138.357 20.7873 9.55621 138.396 
10.9213 -8.10981 141.292 20.0318 9.9174 139.503 9.066 -8.21033 141.8 
19.1949 11.4516 139.551 19.5701 12.3639 138.294 18.9262 12.6486 139.048 
18.5279 13.2041 139.083 7.32557 -8.0652 142.567 17.9627 14.0522 138.933 
5.61345 -8.26528 142.723 4.76068 -8.54932 142.606 15.8348 16.705 138.701 
4.52271 -8.23361 143.072 14.4452 17.5081 139.213 3.02619 -8.36097 143.391 
1.65003 -9.14847 142.965 1.13574 -8.35315 143.867 -0.183011 -8.82934 143.608 
0.185229 -8.25984 144.129 12.3333 18.778 140.016 -0.81972 -8.28955 144.239 
-2.30844 -8.69933 143.976 10.8141 19.8471 140.463 -3.74599 -8.42949 144.355 
-5.67374 -8.28493 144.517 9.90669 20.9254 140.099 -6.33109 -8.8885 143.83 
8.92699 21.8518 139.947 -6.68948 -7.2753 145.599 -8.76363 -6.66748 145.94 
-13.6506 -3.71734 146.737 0.966786 27.0198 140.309 1.11921 26.4613 141.365 
1.81773 26.4095 140.797 0.236935 27.003 140.9 0.180901 26.3896 141.997 
-1.47533 26.5531 142.362 -15.593 -1.96527 146.827 -2.84765 26.4711 142.862 
-16.6558 -0.584566 146.91 -4.4509 26.3555 143.177 -16.8994 0.970503 147.408 
-17.8414 2.57765 147.313 -6.45042 25.9989 143.622 -18.485 3.85676 147.224 
-19.2493 3.87001 146.651 -19.1459 4.65376 146.896 -9.62586 25.0425 144.067 
-7.88303 25.4537 144.114 -19.3077 5.61345 146.908 -19.2253 6.78847 147.052 
-11.6904 23.8303 144.503 -19.341 8.79908 146.928 -19.6892 10.4596 146.484 
-15.73 20.5944 145.019 -15.3874 20.2915 145.551 -14.9442 20.9343 145.318 
-18.8084 11.268 147.079 -18.7887 13.0086 146.627 -18.2573 14.7772 146.408 
-17.5418 16.5494 146.15 -16.7112 18.3023 145.802 -15.6947 19.6266 145.743 
19.02 -1.27865 140.628 19.9935 0.644042 140.28 16.391 -4.90909 141.311 
20.5121 2.49737 140.389 15.5048 -5.77475 141.673 20.8101 4.1594 140.209 
14.6788 -6.40784 141.655 20.6201 5.52927 140.538 13.3052 -7.0228 142.155 
20.1434 6.79279 141.027 12.2192 -7.22198 142.711 20.3622 7.79338 140.352 
20.5955 8.65007 139.453 10.9575 -7.57528 142.565 19.7764 8.66528 140.754 
9.85215 -7.56552 142.899 18.7831 10.0163 141.096 8.69734 -7.45719 143.235 
18.0677 11.3907 140.966 18.0133 12.7067 140.025 6.92896 -7.36644 143.624 
16.5267 14.2688 140.224 5.39374 -7.48007 143.768 15.8076 15.9546 139.444 
4.3378 -7.60122 143.882 4.94901 -7.06361 144.347 14.8828 15.528 140.729 
3.867 -6.90881 144.73 13.2742 16.8601 141.079 2.20243 -7.42291 144.568 
1.35672 -7.38161 144.795 0.502618 -7.60667 144.717 12.2949 17.9494 141.02 
-0.434023 -7.28897 145.183 11.4571 18.6505 141.176 -2.0752 -7.74081 144.947 
-1.42545 -6.61025 145.993 10.3258 19.4657 141.537 -4.13289 -6.91956 145.957 
10.0048 20.2955 140.878 9.11543 20.7127 141.401 -5.99131 -6.41039 146.592 
-7.31023 -6.33461 146.606 -8.26369 -5.68293 147.118 5.29657 23.0494 142.767 
-9.82253 -5.35036 147.043 3.69339 24.2832 142.584 -11.2149 -4.14009 147.607 
1.70273 25.3933 142.532 -12.1208 -3.02357 148.083 -13.4761 -1.55663 148.224 
-0.213972 25.535 143.423 -1.92292 25.5348 144.02 -15.2116 -0.0937512 148.038 
-3.25799 25.7394 144.025 -15.5021 1.24217 148.441 -16.1056 2.68233 148.484 
-17.2421 3.89371 148.07 -5.34161 25.3036 144.635 -6.9613 24.8004 145.011 
-18.0114 5.50771 147.816 -8.37423 24.5496 145.026 -9.40228 23.961 145.344 
-18.2084 7.35991 147.835 -10.2944 23.9834 145.014 -10.7188 22.7748 145.947 
-17.57 8.67439 148.265 -18.155 10.0327 147.763 -12.4428 21.6476 146.173 
-12.1014 22.654 145.473 -19.0364 10.0985 147.111 -17.4403 11.3229 148.084 
-17.9214 12.2895 147.545 -16.9105 12.5099 148.185 -17.396 13.5632 147.525 
-14.1656 19.4836 146.817 -13.5593 20.8357 146.236 -14.3045 20.6772 145.928 
-16.6885 15.2204 147.388 -16.0396 16.9484 147.058 -15.4785 18.3492 146.693 
-14.9613 20.1722 145.913 17.9889 -2.35496 141.881 18.4852 -1.31981 142.115 
19.2242 -0.280384 141.537 19.6847 1.02068 141.608 17.0301 -3.48861 142.356 
19.9641 2.35266 141.756 20.4383 3.29246 141.056 15.3646 -5.39798 142.517 
16.1017 -4.40249 142.84 19.9764 3.78355 141.862 14.2402 -5.90524 143.089 
19.6385 5.34904 142.162 12.9029 -6.40143 143.518 19.7836 7.66884 141.266 
11.7204 -6.94523 143.39 18.6793 7.19223 142.579 19.3617 8.02933 141.637 
10.5083 -6.74935 143.863 18.8982 8.64687 141.808 17.5486 9.34475 142.722 
8.52602 -6.50037 144.427 17.537 10.7159 141.978 16.5521 12.1619 141.884 
6.19854 -6.34003 144.868 15.1273 13.7634 141.997 4.55878 -5.63119 145.807 
13.9649 15.0495 142.051 1.54175 -6.02744 146.017 12.728 15.961 142.487 
12.017 17.4234 141.86 10.8923 18.2941 142.204 -1.05606 -5.35187 147.151 
10.2432 18.9093 142.296 -2.59883 -5.92115 146.835 9.72425 19.4686 142.26 
-2.49048 -5.26054 147.464 8.92525 19.8073 142.811 -4.12322 -5.08687 147.698 
8.19835 20.8593 142.377 -5.18936 -5.97274 147.003 7.51232 20.8172 143.214 
-6.54367 -5.34343 147.531 6.38052 21.7256 143.343 -8.38914 -4.56193 148.02 
-9.76425 -4.38256 147.937 -9.28506 -3.27542 148.749 4.07038 23.0386 143.983 
2.5556 23.7205 144.228 -10.8759 -2.82056 148.678 -11.4655 -3.44864 148.126 
-11.7364 -1.68839 148.98 0.747871 24.3419 144.508 -12.3513 -0.408088 149.302 
-0.85046 24.6696 144.808 -13.6111 0.594535 149.141 -1.91904 24.7631 145.019 
-3.25937 24.6996 145.287 -14.7236 0.892289 148.759 -14.5754 1.94209 149.171 
-14.8314 3.23554 149.37 -4.52796 24.7954 145.293 -4.4518 24.382 145.749 
-4.10384 25.4166 144.526 -15.6293 5.06281 149.207 -5.63245 24.0422 145.984 
-8.20687 23.071 146.421 -16.8498 7.14227 148.713 -15.3499 7.52715 149.584 
-16.262 8.60715 149.091 -10.1017 21.659 147.093 -16.4669 10.2156 148.824 
-11.5886 21.0594 147.011 -16.1931 11.8532 148.747 -15.5792 13.6813 148.614 
-14.4874 17.6475 147.67 -13.2014 18.4239 147.968 -12.2613 19.6105 147.71 
-12.8696 20.4661 146.868 -14.9544 15.909 148.184 17.2872 -2.09635 143.388 
18.6446 -0.207765 142.766 19.3085 1.19099 142.54 16.3311 -3.55802 143.512 
18.6419 0.800125 143.357 19.2434 2.07122 142.871 15.2617 -4.48293 143.793 
18.817 2.92428 143.41 19.2697 4.14962 142.884 13.9608 -5.14094 144.238 
18.1798 4.04003 143.95 19.0844 4.68473 143.053 11.9848 -6.30053 144.084 
12.8721 -5.59148 144.445 18.663 5.31868 143.262 17.0145 5.60285 144.521 
11.8528 -5.33227 144.929 10.1156 -5.67913 145.001 16.0277 8.14349 144.465 
8.55696 -5.21128 145.578 16.1058 9.89557 143.714 16.5766 10.6932 142.875 
15.2291 9.83397 144.448 15.1049 11.3106 143.731 6.59028 -4.67375 146.244 
15.2822 12.5593 142.769 14.3225 13.0905 143.243 13.7748 12.2685 144.261 
14.2371 14.0258 142.64 4.32691 -4.30277 146.928 13.3668 14.4457 143.118 
13.1271 13.5016 144.019 12.6461 14.3961 143.83 12.1842 15.3139 143.56 
2.6433 -4.52813 147.118 11.2633 16.8892 143.149 11.1176 15.837 144.173 
1.56411 -4.01461 147.746 0.348841 -4.88991 147.307 9.70381 16.9967 144.638 
9.90945 18.4889 143.088 -0.525128 -3.8656 148.321 -2.34142 -4.36669 148.197 
8.30046 19.1416 144.177 8.25458 20.171 143.194 -3.65897 -3.41695 149.004 
6.5265 20.2165 144.864 -6.2093 -3.12406 149.11 5.09957 21.7929 144.52 
3.33036 22.1739 145.42 -9.72827 -2.20818 149.334 -8.30443 -1.18473 150.041 
1.35136 22.8163 145.903 -10.2466 -1.25168 149.669 -11.2661 -0.399568 149.728 
-10.2477 0.364867 150.316 -11.7627 1.48313 150.178 -0.298963 23.5748 145.814 
0.0495117 22.6274 146.668 -1.51058 22.7529 146.901 -1.81981 24.0233 145.767 
-13.3657 2.26112 149.818 -12.6263 3.1274 150.326 -3.25374 23.4631 146.515 
-14.0971 2.79823 149.66 -13.8365 3.7678 149.953 -4.32331 23.9413 146.165 
-4.83899 23.0494 146.954 -13.9368 5.28618 150.147 -14.2656 6.59363 150.114 
-13.2061 6.18958 150.578 -13.4215 7.18992 150.554 -6.3522 22.7747 147.07 
-13.8245 8.14071 150.337 -7.30373 21.8431 147.663 -14.9874 9.38236 149.708 
-13.3144 9.97136 150.412 -14.5081 11.6783 149.63 -12.7557 11.5273 150.452 
-9.03983 20.9091 147.931 -7.2044 20.567 148.556 -10.6792 19.2752 148.512 
-10.7914 20.4731 147.731 -13.8799 13.6978 149.515 -13.9592 15.0449 149.062 
-12.5701 14.8837 149.722 -12.6956 16.96 148.868 -11.4234 18.1561 148.878 
-12.0949 18.4833 148.452 17.4437 -0.283857 144.283 15.8865 -3.11596 144.388 
16.1152 -1.91482 144.859 16.3266 -0.806978 145.193 18.1816 1.40108 143.995 
14.7888 -3.77619 144.813 15.3823 -2.85727 145.016 16.5588 0.0515676 145.228 
17.1475 0.844125 144.879 17.2695 2.26233 144.81 13.5141 -4.40943 145.05 
14.5333 -2.7364 145.488 12.7252 -3.79275 145.686 13.2187 -2.53404 146.117 
14.3717 -1.32523 146.081 16.1986 3.70292 145.468 10.7676 -4.33195 145.844 
11.9945 -3.28561 146.169 13.1115 -1.69057 146.441 15.5068 4.93378 145.774 
10.8184 -3.12191 146.501 12.119 -2.40398 146.494 12.2349 -1.43729 146.753 
13.429 -0.716352 146.573 14.6072 4.14692 146.379 8.89429 -3.5986 146.583 
11.1093 -2.11389 146.83 11.337 -1.23755 147.038 14.4169 5.13478 146.38 
15.0559 6.19698 145.753 9.95754 -2.55087 146.913 10.2857 -1.53182 147.203 
13.9549 7.61496 146.044 14.3625 9.36203 145.256 8.81875 -2.06986 147.323 
14.5623 10.3557 144.712 6.70207 -2.93721 147.351 12.7177 9.13142 146.399 
13.5425 10.9389 145.159 12.2518 10.87 146.151 12.645 12.533 145.044 
4.73399 -2.7303 147.94 5.92249 -1.83087 148.143 12.6705 11.6038 145.533 
11.7448 14.3207 144.674 4.88808 -1.74207 148.462 11.3157 12.9387 145.878 
3.26452 -3.54928 147.728 3.09996 -1.92668 148.793 10.108 14.3184 146.104 
10.4816 15.4783 145.045 0.904687 -2.68871 148.915 1.53926 -1.84767 149.333 
9.5617 15.7273 145.737 0.601193 -1.71695 149.626 8.63603 16.4486 146.081 
-0.569345 -2.25595 149.503 7.91466 17.7647 145.751 -2.0807 -2.85076 149.302 
7.26906 18.929 145.421 6.0877 18.6479 146.557 -3.51358 -1.54343 150.13 
4.55402 20.5228 146.126 -5.62818 -0.456128 150.597 -7.06924 0.581816 150.946 
1.88261 20.9534 147.252 -8.73409 0.855742 150.809 -9.39061 -0.342496 150.275 
0.799286 21.9902 146.987 0.678214 21.5114 147.439 -10.0682 2.15519 150.896 
-0.220074 21.9267 147.37 -1.64265 21.4166 148.011 -10.9945 2.66267 150.783 
-10.5406 3.61333 151.108 -9.53021 3.5682 151.36 -11.6128 3.4717 150.746 
-10.9934 5.22474 151.196 -3.58703 22.1468 147.66 -3.53843 20.9836 148.538 
-12.6505 4.72597 150.601 -12.2055 6.03198 150.928 -11.4294 6.81952 151.209 
-4.54604 21.3501 148.322 -5.2808 20.3177 148.917 -12.5793 7.11409 150.868 
-11.9925 8.45604 150.999 -5.59939 21.7452 147.951 -13.0131 7.74798 150.716 
-11.5095 10.6688 150.966 -11.4801 12.3421 150.745 -10.1461 17.8131 149.409 
-8.61956 18.4913 149.515 -8.80161 19.3715 148.97 -7.23645 18.8812 149.518 
-12.6864 13.0646 150.169 -10.8135 14.1978 150.501 -11.1671 16.0288 149.822 
15.4783 -1.42781 145.539 15.6142 -0.414176 145.732 15.817 0.946375 145.767 
14.6134 -0.0287526 146.268 15.7324 2.30687 145.86 13.6219 0.227171 146.685 
14.3924 0.828694 146.471 14.4429 1.71231 146.485 14.5265 2.92232 146.448 
12.3016 -0.288911 146.986 13.164 0.939404 146.909 12.722 2.10208 147.136 
13.2559 3.52945 146.999 13.5803 4.60747 146.836 10.9702 -0.58957 147.288 
11.5145 0.6016 147.357 13.2938 5.73987 146.803 9.62794 -0.395693 147.672 
10.433 1.62572 147.845 11.8357 3.0203 147.513 12.3098 4.28606 147.356 
7.46474 -1.20335 147.989 10.4721 3.49425 148.043 11.4699 5.30837 147.668 
12.2656 7.04681 147.111 8.03 0.61622 148.434 11.4393 8.12514 147.408 
11.7399 9.12569 147.055 11.8242 9.84076 146.806 5.65629 -0.430942 148.821 
10.7476 9.30641 147.587 11.3505 10.5863 146.881 11.248 11.6814 146.543 
12.057 11.9763 145.819 10.3393 10.8603 147.453 9.89149 12.4602 147.169 
3.55192 0.824193 149.942 8.89548 13.7469 147.374 1.57359 -0.772006 149.847 
8.66899 15.1879 146.826 0.933173 0.900815 150.666 -0.338006 -0.649526 150.31 
7.06356 16.4374 147.295 -1.71346 -1.50822 150.097 -1.23593 1.04856 151.066 
-2.0128 -0.331923 150.668 4.71533 17.5136 148.172 -3.39019 0.647041 151.061 
3.95928 19.2739 147.467 -5.38086 1.73341 151.399 2.11925 18.7245 148.665 
-7.30194 2.00131 151.365 -6.36187 2.92049 151.683 -8.64315 2.65394 151.332 
-7.5243 3.38136 151.661 -0.443952 20.0962 148.639 0.0810015 21.2002 147.812 
-8.61259 4.08925 151.62 -7.62172 4.56479 151.824 -9.27759 4.52752 151.569 
-8.9128 5.88612 151.729 -1.43629 19.1025 149.467 -0.0117707 18.5943 149.457 
-9.89201 4.57937 151.427 -2.18267 19.6941 149.231 -2.91807 18.5001 149.891 
-2.30778 20.4859 148.764 -10.4391 6.41326 151.454 -10.2411 7.5477 151.513 
-8.752 7.96975 151.848 -9.69116 9.58294 151.546 -3.61628 19.8217 149.241 
-5.22803 18.3373 149.95 -7.372 16.9774 150.371 -5.98305 16.5248 150.698 
-9.3724 12.3386 151.265 -8.81896 14.5765 150.933 -7.68321 13.9914 151.283 
-7.32568 15.4322 150.951 -8.20264 15.7495 150.723 -9.3133 16.1429 150.311 
-8.49598 17.6844 149.898 8.99159 2.12305 148.444 8.64935 3.32868 148.773 
9.78361 4.89744 148.424 10.7252 6.52044 147.966 6.6001 0.95665 149.061 
7.57023 1.93489 148.96 9.1757 6.3272 148.751 10.242 7.67393 148.123 
6.38378 1.83071 149.405 6.9906 3.15855 149.452 8.22492 4.63735 149.125 
9.10653 8.11023 148.692 5.50007 1.05918 149.471 5.75808 3.88405 150.089 
7.04078 4.53961 149.667 7.77221 5.81784 149.441 8.36541 6.86494 149.174 
9.53321 9.79389 148.22 5.37146 2.26851 149.865 8.29286 9.31961 149.013 
9.00523 10.9598 148.272 3.97976 3.09378 150.525 7.54751 10.5634 149.243 
8.03291 12.4172 148.469 7.46313 14.3461 148.11 1.85581 2.54115 150.96 
6.21554 13.3004 149.296 -0.184513 2.32469 151.293 5.29343 15.3276 148.984 
4.41002 14.0207 149.988 -0.0479162 3.77782 151.599 2.39907 4.1685 151.193 
-2.74698 2.95827 151.661 -1.7141 4.1276 151.885 -1.16102 4.88298 151.958 
3.11694 16.8158 149.351 3.28105 15.3293 149.974 -2.95752 4.77631 152.057 
-5.13299 3.2575 151.791 -4.73393 4.37145 151.992 1.51291 16.4135 150.12 
-4.59529 5.46682 152.153 -3.26528 6.06226 152.211 1.33254 17.6259 149.615 
-6.3378 4.01506 151.879 -5.25721 6.60209 152.221 -3.91723 7.56092 152.306 
-0.243404 15.9395 150.67 1.72106 14.9322 150.619 -0.164586 17.3509 150.109 
-6.42587 5.43332 152.031 -5.70436 8.26599 152.245 -4.3166 9.04001 152.307 
-2.11529 16.8458 150.552 -2.019 15.0481 151.171 -7.03603 6.93507 152.09 
-5.12819 9.77898 152.242 -3.73536 15.3242 151.171 -3.46032 14.0239 151.551 
-1.36234 18.1659 149.932 -8.06375 7.23779 151.978 -7.35631 8.25685 152.086 
-6.4248 9.89388 152.117 -5.12262 10.9649 152.129 -5.89362 11.7956 151.937 
-4.27379 12.4439 151.903 -4.99268 13.6266 151.625 -4.28149 16.816 150.632 
-7.99576 9.30618 151.945 -7.73774 10.937 151.812 -6.92571 12.9071 151.604 
-5.82318 14.9664 151.208 6.43141 5.44941 150.021 7.3819 7.29005 149.639 
4.58156 4.99567 150.672 5.831 6.37735 150.339 6.03046 7.552 150.283 
6.84635 8.88621 149.838 4.32653 6.75898 150.895 5.19751 8.50747 150.579 
5.96098 10.1044 150.128 6.42391 11.6498 149.644 2.8159 5.50235 151.276 
3.4005 8.05209 151.195 5.00973 11.1925 150.401 4.83172 12.5523 150.203 
1.6537 6.71792 151.613 3.71539 9.86958 150.981 0.830279 5.15108 151.677 
1.446 8.60993 151.656 -0.600335 7.45444 152.05 0.940298 10.8028 151.583 
3.20798 11.8339 150.909 2.92259 13.5539 150.675 3.16637 14.4622 150.368 
-1.01711 6.03249 152.04 -0.838163 9.06492 152.052 -2.13539 5.42879 152.118 
-2.30519 6.93765 152.228 -2.34304 8.01854 152.261 -1.82189 10.7061 152.026 
-2.42132 9.13499 152.251 1.28948 12.8962 151.228 1.42356 13.9872 150.986 
-0.477614 12.4056 151.621 -3.37914 8.57458 152.328 -3.25735 9.61972 152.269 
-0.13809 14.172 151.191 -3.82938 10.8116 152.143 -2.3306 12.938 151.706 

METADATA
INFORMATION 1
NAME L2_NORM_RANGE LOCATION vtkDataArray
DATA 2 9.06425 152.642 

POLYGONS 20000 80000
3 0 1 2 
3 1 0 3 
3 4 5 2 
3 5 6 2 
3 0 2 6 
3 3 0 6 
3 6 5 7 
3 6 8 3 
3 3 8 9 
3 10 7 5 
3 8 6 11 
3 10 12 7 
3 12 6 7 
3 12 11 6 
3 11 13 8 
3 9 8 13 
3 13 14 9 
3 12 15 11 
3 13 11 15 
3 15 16 13 
3 17 13 16 
3 17 14 13 
3 18 19 20 
3 21 19 18 
3 22 2 23 
3 20 23 2 
3 2 24 20 
3 18 20 24 
3 24 3 18 
3 18 3 21 
3 25 26 27 
3 26 25 22 
3 25 4 22 
3 2 22 4 
3 1 24 2 
3 24 1 3 
3 28 21 3 
3 28 3 9 
3 28 9 29 
3 30 31 27 
3 4 25 27 
3 27 5 4 
3 9 32 29 
3 33 27 31 
3 33 34 27 
3 27 34 5 
3 9 35 32 
3 36 10 33 
3 10 34 33 
3 10 5 34 
3 36 37 10 
3 37 38 10 
3 12 10 38 
3 35 9 14 
3 14 39 35 
3 39 40 35 
3 38 41 12 
3 15 12 41 
3 41 42 15 
3 15 42 43 
3 16 15 43 
3 43 44 16 
3 44 45 17 
3 17 16 44 
3 14 17 45 
3 45 46 14 
3 47 14 46 
3 47 39 14 
3 44 48 45 
3 46 45 48 
3 49 50 51 
3 52 53 22 
3 22 54 52 
3 54 22 23 
3 50 49 54 
3 54 23 50 
3 51 50 23 
3 55 56 26 
3 22 53 55 
3 55 26 22 
3 20 51 23 
3 51 20 19 
3 21 57 19 
3 57 51 19 
3 58 57 21 
3 59 56 30 
3 56 59 26 
3 60 58 28 
3 58 21 28 
3 60 61 58 
3 58 61 62 
3 30 27 59 
3 59 27 26 
3 60 28 29 
3 29 61 60 
3 62 61 29 
3 29 32 62 
3 62 32 63 
3 63 64 62 
3 65 64 63 
3 31 66 33 
3 63 32 35 
3 35 67 63 
3 65 63 67 
3 67 68 65 
3 66 69 36 
3 36 33 66 
3 40 67 35 
3 67 40 70 
3 70 71 67 
3 71 68 67 
3 69 72 36 
3 72 37 36 
3 38 37 72 
3 40 73 70 
3 72 74 38 
3 41 38 74 
3 39 75 40 
3 75 73 40 
3 74 76 41 
3 42 41 76 
3 76 77 42 
3 42 77 43 
3 77 78 43 
3 44 43 78 
3 48 44 78 
3 78 79 48 
3 79 80 46 
3 46 48 79 
3 80 81 47 
3 47 46 80 
3 82 47 81 
3 82 39 47 
3 75 39 82 
3 51 83 84 
3 85 86 87 
3 87 54 88 
3 84 88 54 
3 54 49 84 
3 84 49 51 
3 57 89 51 
3 89 83 51 
3 90 89 57 
3 57 58 90 
3 90 58 91 
3 92 93 86 
3 87 86 93 
3 93 52 87 
3 93 53 52 
3 87 52 54 
3 94 56 92 
3 93 92 56 
3 56 55 93 
3 93 55 53 
3 58 62 95 
3 95 91 58 
3 91 95 96 
3 94 30 56 
3 96 95 62 
3 96 62 97 
3 64 97 62 
3 97 64 68 
3 30 98 31 
3 64 65 68 
3 99 31 98 
3 31 99 66 
3 66 99 100 
3 66 100 69 
3 71 70 73 
3 73 68 71 
3 100 101 69 
3 72 69 101 
3 74 72 102 
3 75 103 73 
3 102 104 74 
3 104 76 74 
3 104 105 76 
3 77 76 105 
3 105 106 77 
3 78 77 106 
3 106 107 78 
3 79 78 107 
3 75 82 108 
3 108 103 75 
3 107 109 79 
3 109 80 79 
3 81 80 109 
3 109 110 81 
3 111 82 81 
3 81 110 111 
3 111 112 82 
3 112 108 82 
3 113 83 114 
3 114 115 113 
3 115 114 116 
3 115 116 117 
3 118 83 113 
3 83 89 114 
3 116 114 89 
3 117 116 89 
3 89 90 117 
3 118 88 84 
3 84 83 118 
3 90 119 117 
3 120 121 122 
3 120 122 123 
3 122 86 85 
3 85 123 122 
3 123 85 87 
3 87 88 123 
3 91 119 90 
3 119 91 96 
3 96 124 119 
3 125 124 96 
3 92 122 121 
3 122 92 86 
3 126 125 96 
3 94 127 128 
3 127 94 121 
3 121 94 92 
3 126 96 129 
3 129 125 126 
3 130 30 128 
3 94 128 30 
3 129 96 97 
3 131 97 68 
3 98 30 130 
3 98 132 99 
3 99 132 100 
3 73 133 68 
3 134 68 133 
3 101 100 135 
3 73 103 133 
3 135 72 101 
3 72 135 136 
3 72 136 102 
3 104 102 136 
3 105 104 137 
3 104 136 137 
3 137 138 105 
3 138 106 105 
3 107 106 138 
3 138 139 107 
3 103 108 140 
3 109 107 139 
3 139 141 109 
3 110 109 141 
3 111 110 141 
3 141 142 111 
3 112 111 142 
3 142 143 112 
3 108 143 140 
3 108 112 143 
3 144 145 146 
3 147 146 145 
3 148 149 150 
3 144 146 148 
3 148 150 144 
3 145 151 147 
3 152 150 149 
3 144 150 152 
3 145 144 153 
3 153 154 145 
3 151 145 154 
3 144 152 155 
3 153 144 155 
3 153 156 154 
3 156 153 155 
3 156 157 154 
3 158 115 155 
3 115 117 155 
3 156 155 117 
3 117 159 156 
3 159 157 156 
3 160 161 158 
3 115 158 113 
3 161 113 158 
3 162 159 117 
3 163 118 161 
3 118 113 161 
3 123 163 120 
3 163 123 88 
3 88 118 163 
3 117 119 164 
3 164 162 117 
3 162 164 165 
3 166 167 168 
3 166 168 120 
3 168 121 120 
3 119 124 164 
3 125 165 124 
3 165 164 124 
3 165 125 169 
3 167 127 168 
3 121 168 127 
3 128 167 170 
3 167 128 127 
3 125 129 169 
3 171 169 129 
3 170 172 130 
3 170 130 128 
3 171 129 97 
3 97 131 171 
3 131 173 171 
3 174 130 172 
3 173 131 68 
3 174 175 98 
3 98 130 174 
3 173 68 176 
3 68 134 176 
3 177 173 176 
3 175 132 98 
3 177 176 134 
3 100 132 178 
3 177 134 179 
3 134 133 179 
3 178 180 100 
3 100 180 135 
3 179 133 103 
3 180 181 135 
3 135 181 136 
3 103 182 179 
3 180 183 181 
3 136 181 183 
3 183 184 136 
3 184 185 136 
3 137 136 185 
3 185 186 137 
3 186 187 138 
3 138 137 186 
3 139 138 187 
3 103 140 188 
3 188 182 103 
3 187 189 139 
3 189 190 139 
3 141 139 190 
3 190 191 141 
3 142 141 191 
3 191 192 142 
3 143 142 192 
3 140 143 192 
3 192 193 140 
3 140 193 188 
3 146 194 195 
3 146 196 194 
3 196 146 197 
3 198 146 195 
3 146 199 197 
3 199 200 197 
3 197 200 201 
3 197 201 202 
3 147 199 146 
3 200 199 147 
3 201 200 147 
3 147 203 201 
3 202 201 203 
3 204 205 198 
3 146 198 205 
3 151 203 147 
3 205 204 206 
3 205 149 148 
3 205 148 146 
3 207 203 151 
3 206 152 205 
3 152 149 205 
3 204 208 206 
3 152 206 208 
3 154 209 151 
3 207 151 209 
3 209 210 207 
3 210 211 207 
3 208 155 152 
3 209 154 212 
3 212 213 209 
3 213 214 210 
3 210 209 213 
3 212 154 157 
3 213 215 214 
3 155 208 158 
3 157 216 212 
3 216 213 212 
3 216 215 213 
3 217 160 208 
3 158 208 160 
3 157 218 216 
3 219 160 217 
3 159 220 157 
3 218 157 220 
3 163 160 219 
3 160 163 161 
3 162 220 159 
3 162 221 218 
3 218 220 162 
3 219 222 163 
3 222 120 163 
3 223 221 162 
3 224 225 120 
3 222 224 120 
3 223 162 165 
3 165 226 223 
3 167 166 225 
3 166 120 225 
3 226 165 169 
3 169 171 226 
3 171 227 226 
3 171 173 227 
3 173 228 227 
3 177 229 228 
3 228 173 177 
3 230 132 175 
3 177 231 229 
3 232 231 177 
3 230 233 132 
3 233 178 132 
3 232 177 179 
3 234 235 178 
3 235 180 178 
3 235 236 180 
3 179 182 237 
3 236 183 180 
3 183 238 184 
3 238 185 184 
3 182 188 239 
3 185 238 240 
3 186 185 240 
3 240 241 186 
3 241 242 186 
3 242 243 186 
3 243 187 186 
3 243 189 187 
3 191 190 189 
3 189 244 191 
3 192 191 244 
3 244 245 192 
3 193 192 245 
3 245 246 193 
3 188 193 246 
3 246 247 188 
3 188 247 239 
3 248 249 250 
3 250 251 248 
3 252 251 250 
3 249 253 250 
3 250 253 252 
3 253 254 252 
3 254 255 252 
3 254 253 256 
3 257 258 259 
3 260 258 257 
3 258 261 259 
3 261 262 259 
3 258 260 263 
3 263 264 258 
3 261 258 264 
3 261 264 265 
3 265 266 261 
3 267 263 268 
3 267 194 263 
3 194 197 263 
3 264 263 197 
3 265 264 197 
3 265 269 266 
3 267 268 195 
3 194 267 195 
3 197 269 265 
3 270 271 272 
3 195 270 272 
3 197 194 196 
3 271 273 272 
3 195 272 198 
3 197 202 269 
3 202 274 269 
3 273 198 272 
3 273 204 198 
3 274 202 203 
3 203 207 274 
3 274 207 275 
3 207 276 275 
3 204 273 277 
3 276 207 211 
3 277 278 204 
3 276 211 279 
3 277 280 278 
3 208 204 278 
3 279 211 214 
3 211 210 214 
3 276 279 214 
3 280 281 278 
3 281 217 278 
3 217 208 278 
3 215 282 214 
3 282 276 214 
3 281 280 283 
3 282 215 216 
3 216 284 282 
3 284 285 282 
3 286 217 281 
3 218 287 216 
3 288 216 287 
3 288 284 216 
3 288 285 284 
3 286 219 217 
3 218 289 287 
3 288 287 289 
3 290 219 286 
3 221 291 218 
3 289 218 291 
3 290 292 222 
3 219 290 222 
3 221 223 293 
3 293 291 221 
3 222 292 294 
3 294 225 222 
3 224 222 225 
3 293 223 226 
3 294 167 225 
3 295 293 226 
3 296 170 167 
3 167 294 296 
3 295 226 227 
3 296 297 172 
3 296 172 170 
3 297 298 174 
3 174 172 297 
3 227 228 299 
3 175 174 298 
3 298 300 175 
3 299 228 229 
3 229 301 299 
3 300 302 175 
3 302 230 175 
3 232 303 301 
3 301 231 232 
3 301 229 231 
3 230 302 304 
3 304 305 230 
3 305 233 230 
3 232 306 303 
3 307 306 232 
3 305 178 233 
3 305 234 178 
3 179 308 232 
3 307 232 308 
3 309 310 235 
3 235 234 309 
3 308 179 237 
3 309 311 310 
3 235 310 311 
3 311 236 235 
3 312 308 237 
3 237 182 312 
3 236 313 183 
3 238 183 313 
3 314 182 239 
3 182 314 312 
3 315 240 238 
3 315 241 240 
3 242 316 243 
3 189 243 316 
3 189 317 244 
3 244 317 318 
3 245 244 318 
3 318 319 245 
3 246 245 319 
3 319 247 246 
3 247 320 239 
3 239 320 314 
3 321 322 315 
3 322 241 315 
3 322 323 241 
3 242 241 323 
3 316 242 323 
3 316 324 189 
3 324 325 189 
3 326 189 325 
3 317 189 326 
3 327 322 321 
3 323 322 327 
3 323 328 316 
3 324 316 328 
3 328 329 324 
3 325 324 329 
3 327 330 323 
3 328 323 330 
3 329 328 330 
3 330 331 329 
3 325 329 331 
3 332 330 327 
3 330 333 331 
3 330 332 248 
3 332 334 335 
3 332 335 248 
3 336 330 248 
3 333 330 336 
3 336 337 333 
3 333 337 338 
3 338 339 333 
3 340 339 338 
3 335 341 248 
3 248 251 336 
3 252 337 251 
3 337 336 251 
3 338 337 252 
3 341 335 342 
3 249 248 341 
3 340 338 252 
3 341 342 249 
3 340 252 255 
3 255 343 340 
3 342 344 249 
3 249 344 256 
3 256 253 249 
3 345 346 342 
3 346 344 342 
3 256 344 346 
3 254 343 255 
3 347 346 345 
3 256 346 347 
3 256 348 254 
3 343 254 348 
3 348 349 343 
3 350 256 347 
3 348 256 350 
3 349 348 350 
3 351 349 350 
3 352 353 354 
3 355 356 357 
3 356 257 357 
3 358 357 257 
3 358 257 259 
3 259 359 358 
3 354 359 259 
3 356 360 260 
3 257 356 260 
3 262 354 259 
3 262 361 354 
3 354 361 352 
3 261 361 262 
3 352 361 261 
3 261 362 352 
3 261 363 362 
3 260 360 263 
3 363 261 364 
3 365 366 360 
3 360 366 263 
3 364 261 266 
3 363 364 266 
3 266 367 363 
3 365 368 270 
3 366 365 270 
3 270 268 366 
3 366 268 263 
3 368 369 270 
3 270 195 268 
3 367 266 269 
3 369 370 271 
3 271 270 369 
3 269 274 367 
3 271 370 371 
3 371 273 271 
3 274 372 367 
3 372 373 367 
3 374 373 372 
3 371 375 273 
3 372 274 275 
3 275 374 372 
3 275 376 374 
3 375 377 273 
3 376 275 276 
3 273 377 277 
3 276 378 376 
3 379 280 377 
3 280 277 377 
3 276 380 378 
3 379 283 280 
3 276 282 381 
3 381 380 276 
3 281 283 379 
3 381 282 285 
3 379 382 286 
3 286 281 379 
3 381 285 288 
3 289 383 288 
3 383 381 288 
3 290 286 382 
3 383 289 291 
3 384 292 290 
3 383 291 385 
3 384 386 292 
3 293 385 291 
3 386 387 294 
3 294 292 386 
3 293 295 385 
3 296 294 387 
3 387 388 296 
3 389 295 227 
3 227 390 389 
3 227 299 390 
3 297 296 388 
3 298 297 391 
3 388 391 297 
3 300 298 391 
3 390 299 301 
3 301 392 390 
3 301 303 392 
3 303 306 392 
3 307 393 392 
3 392 306 307 
3 305 304 394 
3 393 307 308 
3 234 305 394 
3 394 395 234 
3 309 234 395 
3 308 396 393 
3 311 309 395 
3 395 397 311 
3 236 311 397 
3 312 396 308 
3 397 313 236 
3 398 399 313 
3 399 238 313 
3 238 399 315 
3 247 400 320 
3 401 321 399 
3 315 399 321 
3 318 317 326 
3 326 402 403 
3 403 318 326 
3 319 318 403 
3 247 319 403 
3 403 400 247 
3 404 321 401 
3 321 404 327 
3 325 405 326 
3 402 326 405 
3 405 325 331 
3 404 406 332 
3 332 327 404 
3 405 331 333 
3 333 339 405 
3 406 407 332 
3 408 332 407 
3 407 409 408 
3 408 334 332 
3 340 410 339 
3 335 334 408 
3 408 409 335 
3 342 335 409 
3 409 411 412 
3 409 412 342 
3 340 343 413 
3 413 410 340 
3 411 414 412 
3 414 415 412 
3 415 342 412 
3 416 342 415 
3 342 416 345 
3 347 416 415 
3 347 345 416 
3 413 343 417 
3 349 418 343 
3 417 343 418 
3 419 350 347 
3 351 420 349 
3 418 349 420 
3 421 350 419 
3 351 350 421 
3 420 351 421 
3 422 358 423 
3 359 424 358 
3 424 423 358 
3 359 425 424 
3 426 427 422 
3 427 357 422 
3 422 357 358 
3 428 429 426 
3 427 426 429 
3 355 357 427 
3 359 354 430 
3 430 354 353 
3 353 431 430 
3 352 432 431 
3 353 352 431 
3 433 431 432 
3 429 355 427 
3 429 356 355 
3 352 433 432 
3 428 360 429 
3 360 356 429 
3 434 435 352 
3 360 428 436 
3 434 352 362 
3 435 434 362 
3 437 360 436 
3 360 437 438 
3 362 363 439 
3 438 365 360 
3 365 438 368 
3 369 440 370 
3 370 440 371 
3 441 367 442 
3 374 442 373 
3 442 367 373 
3 442 374 443 
3 443 441 442 
3 443 374 376 
3 443 376 444 
3 445 443 444 
3 375 446 377 
3 376 447 444 
3 445 444 447 
3 446 448 377 
3 378 449 447 
3 447 376 378 
3 379 377 448 
3 378 380 450 
3 450 449 378 
3 448 451 379 
3 450 381 452 
3 381 450 380 
3 451 453 379 
3 382 379 453 
3 453 454 382 
3 452 455 456 
3 455 452 381 
3 455 383 456 
3 383 455 381 
3 454 457 382 
3 457 290 382 
3 457 386 384 
3 384 290 457 
3 458 456 383 
3 383 385 458 
3 458 385 295 
3 295 389 458 
3 388 387 459 
3 459 460 388 
3 461 389 390 
3 462 391 388 
3 390 463 461 
3 464 300 391 
3 391 462 464 
3 463 390 392 
3 302 300 464 
3 464 465 302 
3 304 302 465 
3 465 466 304 
3 394 304 466 
3 395 394 467 
3 396 468 393 
3 467 397 395 
3 468 396 312 
3 312 469 468 
3 467 470 397 
3 313 397 470 
3 469 312 314 
3 314 471 469 
3 472 398 313 
3 471 314 320 
3 472 473 398 
3 473 401 398 
3 401 399 398 
3 400 403 474 
3 474 475 400 
3 320 400 475 
3 476 401 473 
3 401 476 404 
3 474 403 402 
3 405 477 402 
3 478 402 477 
3 478 474 402 
3 406 404 476 
3 476 479 406 
3 339 480 405 
3 477 405 480 
3 480 481 477 
3 478 477 481 
3 481 482 478 
3 406 479 407 
3 480 482 481 
3 480 339 410 
3 411 409 407 
3 413 483 410 
3 484 485 411 
3 485 414 411 
3 414 485 415 
3 486 485 484 
3 485 486 347 
3 347 415 485 
3 487 483 413 
3 413 417 487 
3 488 489 486 
3 489 347 486 
3 487 417 490 
3 488 491 489 
3 491 419 489 
3 347 489 419 
3 418 490 417 
3 491 492 419 
3 419 492 493 
3 418 420 494 
3 494 490 418 
3 420 421 494 
3 423 495 496 
3 497 422 498 
3 496 498 422 
3 496 422 423 
3 495 423 424 
3 424 499 495 
3 500 499 425 
3 424 425 499 
3 497 501 426 
3 422 497 426 
3 425 359 500 
3 359 430 500 
3 502 503 430 
3 503 500 430 
3 430 431 502 
3 426 501 428 
3 433 504 502 
3 431 433 502 
3 505 502 504 
3 428 501 506 
3 433 352 504 
3 505 504 352 
3 505 352 435 
3 506 436 428 
3 435 362 507 
3 507 508 435 
3 436 506 509 
3 509 437 436 
3 362 439 510 
3 510 507 362 
3 508 507 510 
3 438 437 509 
3 511 510 439 
3 509 512 438 
3 511 439 363 
3 363 513 511 
3 514 511 513 
3 513 515 514 
3 512 516 438 
3 513 363 367 
3 513 367 517 
3 517 515 513 
3 368 438 516 
3 367 518 517 
3 369 368 516 
3 516 440 369 
3 441 518 367 
3 443 519 441 
3 520 519 443 
3 521 446 375 
3 521 375 371 
3 520 443 445 
3 521 522 446 
3 445 447 520 
3 523 520 447 
3 522 448 446 
3 447 449 524 
3 447 524 523 
3 522 525 448 
3 450 524 449 
3 451 448 525 
3 526 524 450 
3 453 451 525 
3 525 527 453 
3 526 450 452 
3 454 453 527 
3 452 456 526 
3 454 528 457 
3 528 386 457 
3 528 529 386 
3 456 458 530 
3 531 532 387 
3 387 386 529 
3 529 531 387 
3 530 458 389 
3 389 533 530 
3 459 387 534 
3 532 534 387 
3 535 388 460 
3 459 534 536 
3 536 535 459 
3 535 460 459 
3 533 389 461 
3 388 535 536 
3 536 537 388 
3 462 388 537 
3 537 538 462 
3 539 461 463 
3 540 464 462 
3 539 463 392 
3 465 464 540 
3 540 541 465 
3 541 542 466 
3 466 465 541 
3 539 392 393 
3 393 468 539 
3 542 543 466 
3 394 466 543 
3 543 544 394 
3 467 394 544 
3 467 544 545 
3 467 545 470 
3 469 471 546 
3 472 313 470 
3 546 471 320 
3 320 547 546 
3 547 320 475 
3 475 548 547 
3 473 549 476 
3 550 475 474 
3 475 550 548 
3 549 479 476 
3 474 478 551 
3 551 550 474 
3 482 552 478 
3 551 478 552 
3 553 407 479 
3 554 555 552 
3 552 480 554 
3 480 552 482 
3 555 551 552 
3 556 407 553 
3 480 557 554 
3 556 558 407 
3 557 480 410 
3 411 407 558 
3 410 559 557 
3 558 560 411 
3 559 410 483 
3 560 561 411 
3 561 484 411 
3 559 483 562 
3 486 484 561 
3 562 483 487 
3 563 486 561 
3 486 563 488 
3 564 562 487 
3 487 565 564 
3 487 490 565 
3 566 488 563 
3 488 566 491 
3 567 565 490 
3 491 566 568 
3 568 492 491 
3 492 568 493 
3 494 567 490 
3 566 569 568 
3 569 570 568 
3 570 419 493 
3 493 568 570 
3 421 419 570 
3 571 567 494 
3 570 572 421 
3 572 573 421 
3 494 573 571 
3 494 421 573 
3 574 575 498 
3 574 498 496 
3 496 576 574 
3 576 496 495 
3 495 577 576 
3 495 499 577 
3 500 577 499 
3 497 498 575 
3 578 501 497 
3 500 503 579 
3 579 503 502 
3 578 580 501 
3 580 581 501 
3 502 505 582 
3 582 583 502 
3 506 501 581 
3 584 582 505 
3 585 506 581 
3 584 505 435 
3 586 584 435 
3 435 587 586 
3 508 588 589 
3 589 587 508 
3 587 435 508 
3 509 506 585 
3 588 508 510 
3 585 590 509 
3 588 510 511 
3 511 514 588 
3 512 509 590 
3 515 517 514 
3 514 517 591 
3 516 512 590 
3 590 592 516 
3 591 517 518 
3 518 593 591 
3 593 594 591 
3 440 516 592 
3 593 518 441 
3 594 593 441 
3 592 595 440 
3 441 519 594 
3 440 595 596 
3 596 521 371 
3 371 440 596 
3 520 597 519 
3 598 597 520 
3 521 599 522 
3 520 600 598 
3 601 600 520 
3 520 523 601 
3 602 601 523 
3 525 522 599 
3 602 523 524 
3 603 524 526 
3 526 604 603 
3 524 603 602 
3 525 605 527 
3 526 606 604 
3 526 456 606 
3 454 527 605 
3 528 454 605 
3 607 606 456 
3 530 607 456 
3 608 532 531 
3 529 528 609 
3 609 608 529 
3 608 531 529 
3 532 608 534 
3 608 610 534 
3 610 536 534 
3 461 611 533 
3 537 536 612 
3 610 612 536 
3 537 612 538 
3 611 461 539 
3 540 462 538 
3 542 541 540 
3 468 613 539 
3 542 614 543 
3 544 543 614 
3 614 615 544 
3 545 544 615 
3 469 616 468 
3 615 617 545 
3 470 545 617 
3 616 469 546 
3 617 618 470 
3 618 472 470 
3 616 546 547 
3 547 619 616 
3 618 620 472 
3 620 473 472 
3 619 547 548 
3 548 621 619 
3 549 473 620 
3 622 548 550 
3 548 622 621 
3 549 553 479 
3 550 551 623 
3 623 622 550 
3 555 623 551 
3 555 554 557 
3 557 624 555 
3 556 625 558 
3 557 559 624 
3 559 626 624 
3 560 558 625 
3 561 560 625 
3 625 627 561 
3 628 559 562 
3 561 627 629 
3 562 630 628 
3 563 561 629 
3 629 631 563 
3 630 564 565 
3 565 632 630 
3 630 562 564 
3 563 631 566 
3 632 565 567 
3 569 566 633 
3 571 634 567 
3 633 635 569 
3 635 570 569 
3 572 570 635 
3 572 636 573 
3 634 571 573 
3 573 636 634 
3 572 635 637 
3 636 572 637 
3 576 638 639 
3 639 574 576 
3 638 576 577 
3 639 640 575 
3 574 639 575 
3 641 577 500 
3 500 642 641 
3 578 497 640 
3 640 497 575 
3 640 643 578 
3 642 500 579 
3 579 644 642 
3 579 502 645 
3 645 646 579 
3 646 644 579 
3 647 646 645 
3 580 578 643 
3 648 647 502 
3 647 645 502 
3 648 502 649 
3 643 581 580 
3 583 649 502 
3 584 649 582 
3 583 582 649 
3 650 584 586 
3 650 586 587 
3 588 651 650 
3 650 587 589 
3 589 588 650 
3 590 585 652 
3 588 514 651 
3 652 653 590 
3 514 591 651 
3 592 590 653 
3 653 654 592 
3 594 655 591 
3 654 656 592 
3 594 657 655 
3 595 592 656 
3 656 658 595 
3 519 657 594 
3 658 659 595 
3 596 595 659 
3 659 660 596 
3 521 596 660 
3 519 597 598 
3 599 521 660 
3 600 661 598 
3 661 600 662 
3 600 601 662 
3 662 602 663 
3 602 662 601 
3 525 599 664 
3 603 604 665 
3 665 663 602 
3 602 603 665 
3 605 525 664 
3 664 666 605 
3 604 606 665 
3 528 605 666 
3 666 667 528 
3 667 668 528 
3 668 669 528 
3 669 609 528 
3 669 608 609 
3 670 530 533 
3 608 669 610 
3 670 533 611 
3 611 671 670 
3 672 612 610 
3 673 538 612 
3 612 672 673 
3 671 611 539 
3 539 674 671 
3 673 540 538 
3 674 539 613 
3 673 675 540 
3 613 676 674 
3 677 540 675 
3 677 542 540 
3 677 678 614 
3 614 542 677 
3 676 613 468 
3 468 679 676 
3 678 680 614 
3 468 681 679 
3 615 614 680 
3 681 468 616 
3 615 680 682 
3 682 617 615 
3 616 683 681 
3 684 618 682 
3 617 682 618 
3 616 619 683 
3 684 620 618 
3 619 685 683 
3 619 621 685 
3 686 620 684 
3 620 686 549 
3 685 621 622 
3 553 549 686 
3 685 622 623 
3 623 687 685 
3 688 687 623 
3 623 555 688 
3 556 553 689 
3 555 626 688 
3 555 624 626 
3 625 556 689 
3 626 559 628 
3 627 625 690 
3 627 690 691 
3 692 627 691 
3 627 692 629 
3 692 631 629 
3 631 692 693 
3 631 693 566 
3 632 694 630 
3 632 567 694 
3 567 695 694 
3 693 696 566 
3 633 566 696 
3 695 567 634 
3 634 697 695 
3 635 633 698 
3 633 696 698 
3 697 634 636 
3 698 699 635 
3 637 635 699 
3 699 700 637 
3 636 637 700 
3 701 639 702 
3 702 639 638 
3 638 703 702 
3 638 577 704 
3 704 703 638 
3 704 577 641 
3 641 705 704 
3 706 640 701 
3 639 701 640 
3 705 641 642 
3 706 707 640 
3 708 705 642 
3 707 709 643 
3 707 643 640 
3 642 644 708 
3 644 646 710 
3 710 708 644 
3 646 647 711 
3 711 712 646 
3 712 710 646 
3 713 712 711 
3 647 648 711 
3 648 649 713 
3 713 711 648 
3 581 643 709 
3 649 584 713 
3 714 713 584 
3 584 650 714 
3 715 714 650 
3 716 585 581 
3 715 650 717 
3 651 717 650 
3 652 585 716 
3 651 718 719 
3 652 720 653 
3 718 651 591 
3 718 721 719 
3 654 653 720 
3 720 722 654 
3 718 591 655 
3 721 718 655 
3 656 654 722 
3 657 723 655 
3 658 656 722 
3 722 724 658 
3 659 658 724 
3 723 657 519 
3 519 725 723 
3 659 724 726 
3 726 727 659 
3 727 660 659 
3 725 519 598 
3 598 661 725 
3 727 728 660 
3 728 599 660 
3 728 729 599 
3 662 730 661 
3 664 599 729 
3 662 663 731 
3 662 731 730 
3 729 732 664 
3 663 730 731 
3 666 664 732 
3 665 733 663 
3 606 734 665 
3 606 735 734 
3 735 606 607 
3 667 666 736 
3 736 668 667 
3 666 737 736 
3 738 607 530 
3 607 738 735 
3 668 739 740 
3 740 669 668 
3 738 530 741 
3 530 670 741 
3 740 610 669 
3 741 670 671 
3 671 742 741 
3 743 672 610 
3 610 740 743 
3 743 744 673 
3 673 672 743 
3 742 671 674 
3 744 745 673 
3 673 745 675 
3 676 746 742 
3 742 674 676 
3 677 675 745 
3 676 747 746 
3 745 748 678 
3 678 677 745 
3 747 676 679 
3 680 678 748 
3 680 748 749 
3 747 679 681 
3 681 750 747 
3 749 751 680 
3 682 680 751 
3 681 752 750 
3 681 683 752 
3 684 682 753 
3 684 753 754 
3 685 755 683 
3 756 684 754 
3 684 756 686 
3 756 553 686 
3 755 685 687 
3 687 757 755 
3 757 687 688 
3 688 758 757 
3 689 553 756 
3 688 626 758 
3 759 625 689 
3 690 625 759 
3 760 626 628 
3 759 761 690 
3 691 690 761 
3 692 691 761 
3 761 762 692 
3 760 628 630 
3 630 694 760 
3 693 692 762 
3 762 763 693 
3 763 764 693 
3 696 693 765 
3 693 764 765 
3 765 766 696 
3 698 696 766 
3 697 636 767 
3 766 768 698 
3 699 698 768 
3 768 769 699 
3 700 699 769 
3 769 770 700 
3 636 700 767 
3 700 770 767 
3 702 771 772 
3 771 702 703 
3 703 773 771 
3 703 774 773 
3 772 775 701 
3 772 701 702 
3 774 703 704 
3 704 776 774 
3 776 704 705 
3 706 701 775 
3 775 777 706 
3 707 706 777 
3 708 710 705 
3 777 778 707 
3 778 709 707 
3 712 779 710 
3 778 780 709 
3 780 581 709 
3 781 713 714 
3 781 714 715 
3 780 782 716 
3 780 716 581 
3 715 717 781 
3 783 781 717 
3 783 717 651 
3 783 651 784 
3 652 716 782 
3 782 785 652 
3 719 784 651 
3 719 786 784 
3 785 787 652 
3 721 786 719 
3 652 787 720 
3 787 722 720 
3 721 655 723 
3 788 726 724 
3 727 726 789 
3 788 789 726 
3 725 790 723 
3 789 791 727 
3 790 725 661 
3 728 727 791 
3 729 728 791 
3 791 792 729 
3 790 661 730 
3 792 732 729 
3 730 793 794 
3 730 663 793 
3 792 795 732 
3 793 733 796 
3 733 793 663 
3 666 732 795 
3 795 797 666 
3 665 798 796 
3 733 665 796 
3 797 799 666 
3 665 734 800 
3 800 801 665 
3 801 798 665 
3 737 666 799 
3 799 802 737 
3 735 803 734 
3 804 668 736 
3 802 804 737 
3 804 736 737 
3 738 805 803 
3 803 735 738 
3 739 668 804 
3 739 804 802 
3 802 806 739 
3 805 738 807 
3 739 806 740 
3 738 741 807 
3 806 808 740 
3 807 741 742 
3 740 808 743 
3 743 809 744 
3 809 743 808 
3 809 810 745 
3 745 744 809 
3 808 811 810 
3 810 809 808 
3 810 811 745 
3 812 742 746 
3 811 813 745 
3 746 814 812 
3 748 745 813 
3 814 746 747 
3 747 815 814 
3 749 748 813 
3 815 747 750 
3 751 749 813 
3 813 816 751 
3 816 682 751 
3 815 750 752 
3 752 817 815 
3 816 753 682 
3 752 683 817 
3 754 753 816 
3 816 818 754 
3 755 819 817 
3 817 683 755 
3 756 754 818 
3 755 820 819 
3 756 818 821 
3 820 755 757 
3 820 757 758 
3 689 756 821 
3 821 822 689 
3 759 689 822 
3 823 758 626 
3 822 824 759 
3 626 825 823 
3 825 626 760 
3 824 826 759 
3 761 759 826 
3 826 827 761 
3 762 761 827 
3 694 828 760 
3 763 762 827 
3 827 829 763 
3 694 830 828 
3 764 763 829 
3 829 831 764 
3 830 694 695 
3 765 764 831 
3 831 832 765 
3 766 765 832 
3 832 833 766 
3 767 834 697 
3 697 834 695 
3 768 766 833 
3 769 768 833 
3 833 835 769 
3 770 769 835 
3 835 836 770 
3 770 836 767 
3 837 772 771 
3 773 838 771 
3 773 839 838 
3 839 773 774 
3 775 772 837 
3 837 840 775 
3 839 774 776 
3 777 775 840 
3 841 776 705 
3 705 842 841 
3 840 843 777 
3 842 705 710 
3 710 844 842 
3 779 844 710 
3 778 777 843 
3 779 712 713 
3 713 845 779 
3 713 846 845 
3 847 846 713 
3 780 778 843 
3 843 848 780 
3 781 847 713 
3 847 781 849 
3 781 850 849 
3 851 782 780 
3 780 848 851 
3 852 850 783 
3 850 781 783 
3 783 784 852 
3 785 782 851 
3 852 784 786 
3 787 785 851 
3 851 853 787 
3 721 854 786 
3 722 787 853 
3 853 855 722 
3 721 723 854 
3 724 722 855 
3 723 856 854 
3 788 724 855 
3 856 723 790 
3 789 857 791 
3 857 789 788 
3 858 791 857 
3 792 791 858 
3 859 790 730 
3 858 860 792 
3 730 794 861 
3 795 792 860 
3 860 797 795 
3 793 796 862 
3 794 793 862 
3 862 861 794 
3 863 796 798 
3 863 862 796 
3 864 801 800 
3 863 798 801 
3 801 864 863 
3 865 864 800 
3 800 734 865 
3 866 865 734 
3 734 803 866 
3 802 867 868 
3 869 866 803 
3 803 805 869 
3 806 802 868 
3 805 807 870 
3 870 869 805 
3 871 806 868 
3 807 872 873 
3 870 807 873 
3 808 806 871 
3 874 872 807 
3 807 742 874 
3 875 808 871 
3 876 874 877 
3 742 877 874 
3 878 811 808 
3 875 879 878 
3 878 808 875 
3 877 742 812 
3 811 878 879 
3 879 813 811 
3 880 877 812 
3 812 814 880 
3 814 815 880 
3 881 882 813 
3 813 882 816 
3 882 883 816 
3 884 815 817 
3 818 816 883 
3 884 817 819 
3 883 885 818 
3 886 884 820 
3 820 887 886 
3 884 819 820 
3 821 818 885 
3 885 822 821 
3 887 820 758 
3 887 758 888 
3 758 823 888 
3 823 889 888 
3 824 822 890 
3 889 823 825 
3 825 891 889 
3 826 824 890 
3 890 892 826 
3 891 825 760 
3 827 826 892 
3 892 893 827 
3 893 894 827 
3 891 760 828 
3 894 895 827 
3 829 827 895 
3 895 831 829 
3 831 895 896 
3 832 896 897 
3 896 832 831 
3 834 830 695 
3 832 897 833 
3 833 897 898 
3 836 834 767 
3 835 833 898 
3 898 899 835 
3 836 835 899 
3 837 771 900 
3 900 771 838 
3 901 840 837 
3 837 900 901 
3 776 902 839 
3 902 776 841 
3 841 903 902 
3 841 904 903 
3 904 841 842 
3 905 843 840 
3 904 842 844 
3 904 844 779 
3 779 906 904 
3 906 779 845 
3 906 845 846 
3 846 907 906 
3 905 908 843 
3 846 847 907 
3 909 910 847 
3 910 907 847 
3 843 908 911 
3 847 912 909 
3 913 909 912 
3 911 914 843 
3 914 848 843 
3 847 849 912 
3 849 915 913 
3 913 912 849 
3 914 916 848 
3 915 849 850 
3 850 852 915 
3 852 917 915 
3 848 916 918 
3 918 851 848 
3 919 917 852 
3 920 919 852 
3 852 921 920 
3 786 922 921 
3 921 852 786 
3 923 853 851 
3 922 786 854 
3 923 924 853 
3 855 853 924 
3 925 854 856 
3 788 855 924 
3 856 926 925 
3 924 927 788 
3 926 856 790 
3 788 927 928 
3 928 857 788 
3 857 928 858 
3 859 926 790 
3 730 929 859 
3 929 730 861 
3 860 930 797 
3 862 931 861 
3 799 797 930 
3 932 862 863 
3 863 933 932 
3 862 932 931 
3 863 934 933 
3 863 864 934 
3 865 934 864 
3 935 802 799 
3 866 936 865 
3 867 802 935 
3 937 936 869 
3 936 866 869 
3 867 871 868 
3 938 871 867 
3 867 935 938 
3 939 940 937 
3 869 870 939 
3 939 937 869 
3 873 872 940 
3 940 939 873 
3 870 873 939 
3 941 871 942 
3 874 876 872 
3 875 871 941 
3 875 941 943 
3 944 879 875 
3 875 945 946 
3 946 944 875 
3 875 943 945 
3 947 876 877 
3 944 948 949 
3 949 879 944 
3 944 946 948 
3 947 877 950 
3 949 951 879 
3 877 880 950 
3 879 881 813 
3 881 879 952 
3 879 951 952 
3 950 880 953 
3 954 882 881 
3 953 880 815 
3 954 955 882 
3 956 953 815 
3 883 882 955 
3 815 884 956 
3 886 957 956 
3 956 884 886 
3 883 958 885 
3 957 886 887 
3 958 959 885 
3 822 885 959 
3 959 960 822 
3 957 887 961 
3 890 822 960 
3 888 962 961 
3 887 888 961 
3 962 888 889 
3 963 890 960 
3 892 890 963 
3 963 964 892 
3 964 893 892 
3 893 965 894 
3 891 828 966 
3 895 894 965 
3 828 967 966 
3 828 830 967 
3 965 896 895 
3 830 968 967 
3 969 897 896 
3 834 970 968 
3 830 834 968 
3 897 971 898 
3 899 898 971 
3 971 972 899 
3 972 973 836 
3 836 899 972 
3 834 836 973 
3 973 970 834 
3 838 974 900 
3 974 838 839 
3 839 975 974 
3 840 901 976 
3 900 976 901 
3 975 839 902 
3 902 903 975 
3 977 978 840 
3 978 905 840 
3 979 904 906 
3 906 980 979 
3 980 906 907 
3 907 910 981 
3 981 980 907 
3 982 908 905 
3 905 978 982 
3 910 909 981 
3 983 981 909 
3 982 911 908 
3 984 983 913 
3 909 913 983 
3 985 914 911 
3 982 985 911 
3 984 913 915 
3 985 916 914 
3 919 986 984 
3 984 915 919 
3 915 917 919 
3 918 916 985 
3 985 987 918 
3 986 919 920 
3 987 851 918 
3 986 920 988 
3 920 921 988 
3 989 851 987 
3 988 921 922 
3 923 851 989 
3 990 922 854 
3 990 854 925 
3 925 991 990 
3 991 925 926 
3 992 928 927 
3 928 992 858 
3 926 859 993 
3 860 858 992 
3 859 994 993 
3 860 992 995 
3 994 859 929 
3 861 996 929 
3 994 929 996 
3 930 860 995 
3 931 996 861 
3 997 932 933 
3 997 998 932 
3 931 998 999 
3 931 932 998 
3 999 996 931 
3 930 1000 799 
3 1000 930 1001 
3 933 934 1002 
3 1002 997 933 
3 935 799 1000 
3 935 1000 1001 
3 1001 1003 935 
3 934 865 1004 
3 1004 1002 934 
3 935 1003 1005 
3 1006 1004 936 
3 1004 865 936 
3 937 1007 1006 
3 936 937 1006 
3 938 935 1005 
3 1008 938 1005 
3 940 1007 937 
3 1009 871 938 
3 938 1008 1009 
3 1008 1010 1009 
3 1009 1010 871 
3 1011 1012 1013 
3 1013 1014 1015 
3 1015 1011 1013 
3 1015 876 1011 
3 876 1015 940 
3 940 872 876 
3 1010 1016 1017 
3 1017 871 1010 
3 1017 942 871 
3 1012 1011 876 
3 941 942 1017 
3 941 1017 1018 
3 1017 1016 1018 
3 876 947 1012 
3 941 1019 1020 
3 1020 943 941 
3 941 1018 1019 
3 948 946 945 
3 1020 948 943 
3 948 945 943 
3 1021 947 950 
3 951 949 948 
3 1022 881 952 
3 1022 952 951 
3 951 948 1022 
3 1023 1021 950 
3 1022 954 881 
3 950 953 1023 
3 1024 1023 953 
3 1025 1024 953 
3 955 954 1026 
3 1025 953 956 
3 883 955 1026 
3 956 1027 1025 
3 957 1027 956 
3 958 883 1026 
3 1026 1028 958 
3 1028 959 958 
3 957 1029 1027 
3 960 959 1028 
3 1029 957 961 
3 1029 961 962 
3 1028 1030 960 
3 963 960 1030 
3 889 1031 962 
3 1032 964 963 
3 1031 889 891 
3 893 964 1032 
3 1032 1033 893 
3 1034 893 1033 
3 1034 965 893 
3 966 1035 1036 
3 966 1036 891 
3 1034 1037 965 
3 1035 966 967 
3 967 1038 1035 
3 1037 896 965 
3 896 1037 1039 
3 967 1040 1038 
3 969 896 1039 
3 969 1039 1041 
3 1040 967 968 
3 968 1042 1040 
3 897 1041 1043 
3 1041 897 969 
3 1044 897 1043 
3 970 1042 968 
3 897 1044 971 
3 1045 972 971 
3 971 1044 1045 
3 973 972 1045 
3 1045 1046 973 
3 973 1046 970 
3 1047 1048 900 
3 1048 976 900 
3 1047 900 974 
3 974 1049 1047 
3 1049 974 975 
3 975 1050 1049 
3 1050 975 903 
3 903 1051 1050 
3 977 840 1048 
3 840 976 1048 
3 1051 903 904 
3 904 1052 1051 
3 904 979 1052 
3 980 1053 979 
3 1053 980 981 
3 981 1054 1053 
3 981 1055 1054 
3 977 982 978 
3 1055 981 983 
3 983 1056 1055 
3 1056 983 984 
3 1057 985 982 
3 985 1057 987 
3 922 1058 988 
3 924 923 989 
3 924 989 1059 
3 1058 922 990 
3 991 1060 990 
3 1061 924 1062 
3 1061 927 924 
3 1060 991 926 
3 926 1063 1060 
3 1064 992 1061 
3 927 1061 992 
3 1063 926 993 
3 1065 992 1064 
3 994 996 993 
3 992 1065 995 
3 1001 930 995 
3 1066 1067 1002 
3 997 1002 1067 
3 997 1067 1068 
3 998 997 1068 
3 1068 999 998 
3 1069 1003 1001 
3 1070 1066 1004 
3 1002 1004 1066 
3 1003 1069 1005 
3 1071 1005 1069 
3 1006 1072 1073 
3 1004 1006 1070 
3 1074 1005 1071 
3 1075 1076 1072 
3 1076 1073 1072 
3 1006 1007 1072 
3 1008 1005 1074 
3 1075 1077 1078 
3 1075 940 1077 
3 940 1075 1072 
3 1007 940 1072 
3 1010 1008 1074 
3 1074 1079 1010 
3 1014 1080 1078 
3 1014 1078 1077 
3 1077 1015 1014 
3 940 1015 1077 
3 1079 1081 1010 
3 1013 1012 1014 
3 1016 1010 1081 
3 1014 1012 1082 
3 1083 1018 1016 
3 1016 1081 1083 
3 1084 1082 1012 
3 1012 947 1084 
3 1085 1020 1019 
3 1018 1083 1085 
3 1085 1019 1018 
3 1085 1083 1086 
3 1086 1020 1085 
3 1084 947 1021 
3 1087 948 1020 
3 1020 1086 1087 
3 1021 1088 1084 
3 1022 948 1089 
3 1087 1089 948 
3 1088 1021 1023 
3 1022 1089 1090 
3 1023 1091 1088 
3 1022 1090 1092 
3 1092 954 1022 
3 1091 1023 1024 
3 1024 1093 1091 
3 1093 1024 1025 
3 1025 1094 1093 
3 954 1092 1095 
3 1095 1026 954 
3 1025 1096 1094 
3 1095 1097 1026 
3 1096 1027 1098 
3 1096 1025 1027 
3 1028 1026 1097 
3 1099 1098 1027 
3 1027 1029 1099 
3 1099 1029 962 
3 962 1100 1099 
3 1030 1028 1101 
3 962 1031 1100 
3 1030 1102 1103 
3 963 1030 1103 
3 1103 1104 963 
3 1104 1105 1032 
3 1032 963 1104 
3 891 1106 1031 
3 1105 1107 1108 
3 1108 1032 1105 
3 1108 1107 1109 
3 891 1110 1106 
3 1033 1032 1108 
3 1108 1034 1033 
3 1034 1108 1109 
3 1109 1111 1034 
3 1034 1111 1112 
3 1034 1112 1113 
3 1114 1036 1035 
3 1110 891 1036 
3 1036 1114 1110 
3 1037 1034 1113 
3 1113 1115 1037 
3 1038 1040 1114 
3 1114 1035 1038 
3 1115 1116 1039 
3 1115 1039 1037 
3 1116 1117 1041 
3 1116 1041 1039 
3 1117 1116 1118 
3 1040 1042 1119 
3 1117 1043 1041 
3 1118 1044 1043 
3 1043 1117 1118 
3 1044 1120 1045 
3 1044 1118 1120 
3 1046 1045 1120 
3 1046 1121 970 
3 1042 970 1119 
3 970 1121 1119 
3 1048 1047 1122 
3 1122 1047 1049 
3 1049 1123 1122 
3 1123 1049 1050 
3 1050 1124 1123 
3 1124 1050 1051 
3 1051 1125 1124 
3 1125 1051 1052 
3 1052 1126 1125 
3 1126 1052 979 
3 979 1127 1126 
3 979 1128 1127 
3 1128 979 1053 
3 1053 1129 1128 
3 1129 1053 1054 
3 1054 1130 1129 
3 1130 1054 1055 
3 1131 982 977 
3 1131 977 1048 
3 1055 1132 1130 
3 1132 1055 1056 
3 1056 1133 1132 
3 1131 1134 982 
3 1133 1056 984 
3 984 1135 1133 
3 982 1134 1057 
3 1136 987 1057 
3 988 1137 986 
3 987 1136 989 
3 1137 988 1058 
3 1136 1138 989 
3 1059 989 1138 
3 990 1139 1058 
3 1139 990 1060 
3 1060 1140 1139 
3 1062 924 1059 
3 1059 1141 1062 
3 1141 1061 1062 
3 1061 1141 1142 
3 1140 1060 1063 
3 1143 1061 1142 
3 1143 1144 1061 
3 1064 1061 1144 
3 1145 1063 993 
3 993 1146 1145 
3 1146 993 1147 
3 1147 993 996 
3 996 1148 1147 
3 1065 1149 995 
3 1001 995 1149 
3 1149 1150 1001 
3 999 1151 996 
3 1151 1148 996 
3 1069 1001 1150 
3 1152 1153 1066 
3 1067 1066 1153 
3 1153 1154 1067 
3 1068 1067 1154 
3 1154 1155 1068 
3 999 1068 1155 
3 999 1155 1156 
3 1151 999 1156 
3 1073 1157 1158 
3 1157 1152 1070 
3 1070 1158 1157 
3 1066 1070 1152 
3 1071 1150 1159 
3 1071 1069 1150 
3 1160 1073 1076 
3 1073 1158 1006 
3 1070 1006 1158 
3 1159 1074 1071 
3 1076 1075 1160 
3 1078 1080 1161 
3 1161 1162 1078 
3 1162 1160 1078 
3 1075 1078 1160 
3 1079 1074 1159 
3 1159 1163 1079 
3 1014 1164 1161 
3 1080 1014 1161 
3 1081 1079 1163 
3 1163 1165 1081 
3 1164 1014 1082 
3 1165 1166 1081 
3 1082 1167 1164 
3 1166 1083 1081 
3 1167 1082 1084 
3 1083 1166 1168 
3 1084 1169 1167 
3 1170 1086 1083 
3 1168 1170 1083 
3 1170 1171 1086 
3 1171 1087 1086 
3 1088 1169 1084 
3 1171 1172 1087 
3 1089 1087 1172 
3 1169 1088 1091 
3 1090 1089 1172 
3 1172 1173 1090 
3 1169 1091 1174 
3 1090 1173 1175 
3 1175 1092 1090 
3 1174 1091 1093 
3 1093 1094 1174 
3 1095 1092 1175 
3 1174 1094 1096 
3 1097 1095 1175 
3 1175 1176 1097 
3 1177 1174 1096 
3 1098 1177 1096 
3 1028 1097 1176 
3 1176 1178 1028 
3 1098 1179 1177 
3 1098 1099 1179 
3 1101 1028 1178 
3 1179 1099 1100 
3 1180 1030 1101 
3 1180 1102 1030 
3 1180 1181 1103 
3 1103 1102 1180 
3 1104 1103 1181 
3 1181 1182 1104 
3 1182 1105 1104 
3 1182 1107 1105 
3 1182 1183 1109 
3 1109 1107 1182 
3 1184 1109 1183 
3 1184 1111 1109 
3 1184 1183 1185 
3 1184 1112 1111 
3 1185 1186 1113 
3 1112 1184 1185 
3 1185 1113 1112 
3 1115 1113 1186 
3 1040 1187 1114 
3 1186 1116 1115 
3 1040 1188 1187 
3 1118 1116 1189 
3 1121 1188 1119 
3 1040 1119 1188 
3 1120 1118 1189 
3 1190 1046 1120 
3 1120 1189 1190 
3 1121 1046 1190 
3 1123 1191 1122 
3 1191 1123 1124 
3 1048 1122 1192 
3 1192 1122 1191 
3 1124 1193 1191 
3 1124 1194 1193 
3 1194 1124 1125 
3 1125 1195 1194 
3 1195 1125 1126 
3 1196 1048 1192 
3 1195 1126 1127 
3 1127 1197 1195 
3 1127 1198 1197 
3 1198 1127 1128 
3 1048 1199 1131 
3 1199 1048 1196 
3 1128 1200 1198 
3 1200 1128 1129 
3 1129 1201 1200 
3 1201 1129 1130 
3 1130 1132 1201 
3 1199 1134 1131 
3 1057 1134 1199 
3 1199 1202 1057 
3 1135 984 986 
3 986 1203 1135 
3 1136 1057 1202 
3 1202 1204 1136 
3 986 1205 1203 
3 1205 986 1137 
3 1206 1136 1204 
3 1138 1136 1206 
3 1058 1207 1137 
3 1059 1138 1206 
3 1206 1208 1059 
3 1207 1058 1139 
3 1208 1209 1059 
3 1141 1059 1209 
3 1209 1142 1141 
3 1210 1140 1063 
3 1143 1142 1209 
3 1063 1211 1210 
3 1144 1143 1209 
3 1209 1212 1144 
3 1209 1213 1212 
3 1211 1063 1145 
3 1145 1214 1211 
3 1064 1144 1212 
3 1212 1215 1064 
3 1215 1212 1213 
3 1214 1145 1146 
3 1216 1065 1064 
3 1064 1215 1216 
3 1214 1146 1147 
3 1216 1217 1218 
3 1218 1065 1216 
3 1216 1215 1217 
3 1218 1219 1065 
3 1214 1147 1148 
3 1148 1220 1214 
3 1149 1065 1219 
3 1219 1221 1149 
3 1221 1222 1149 
3 1148 1223 1220 
3 1150 1149 1222 
3 1222 1224 1150 
3 1148 1151 1223 
3 1224 1225 1150 
3 1157 1226 1152 
3 1153 1152 1226 
3 1226 1227 1153 
3 1227 1228 1153 
3 1154 1153 1228 
3 1228 1229 1154 
3 1155 1154 1229 
3 1229 1230 1155 
3 1156 1155 1230 
3 1230 1231 1156 
3 1151 1156 1231 
3 1231 1232 1151 
3 1232 1223 1151 
3 1233 1150 1225 
3 1234 1235 1073 
3 1235 1157 1073 
3 1233 1159 1150 
3 1160 1236 1234 
3 1073 1160 1234 
3 1162 1237 1236 
3 1160 1162 1236 
3 1161 1238 1237 
3 1237 1162 1161 
3 1163 1159 1239 
3 1238 1161 1164 
3 1165 1163 1239 
3 1239 1240 1165 
3 1164 1241 1238 
3 1166 1165 1240 
3 1240 1242 1166 
3 1241 1164 1167 
3 1243 1244 1166 
3 1242 1243 1166 
3 1168 1166 1244 
3 1241 1167 1169 
3 1169 1245 1241 
3 1246 1170 1168 
3 1246 1171 1170 
3 1247 1245 1169 
3 1172 1171 1246 
3 1247 1169 1174 
3 1174 1248 1247 
3 1173 1249 1175 
3 1249 1250 1175 
3 1174 1251 1248 
3 1176 1175 1250 
3 1251 1174 1177 
3 1177 1252 1251 
3 1177 1179 1252 
3 1252 1179 1100 
3 1101 1253 1180 
3 1252 1100 1031 
3 1031 1254 1252 
3 1181 1180 1253 
3 1182 1181 1255 
3 1106 1256 1031 
3 1183 1182 1255 
3 1256 1106 1110 
3 1110 1114 1256 
3 1185 1255 1257 
3 1255 1185 1183 
3 1186 1185 1257 
3 1258 1114 1187 
3 1187 1259 1258 
3 1260 1261 1116 
3 1116 1262 1260 
3 1262 1116 1186 
3 1261 1260 1263 
3 1264 1259 1187 
3 1187 1188 1264 
3 1261 1189 1116 
3 1189 1263 1190 
3 1189 1261 1263 
3 1188 1121 1264 
3 1191 1193 1265 
3 1265 1193 1194 
3 1194 1266 1265 
3 1267 1266 1194 
3 1267 1194 1195 
3 1268 1269 1192 
3 1192 1191 1268 
3 1191 1265 1268 
3 1195 1197 1267 
3 1196 1270 1199 
3 1271 1272 1270 
3 1270 1196 1271 
3 1196 1192 1271 
3 1192 1269 1271 
3 1198 1273 1197 
3 1273 1198 1200 
3 1273 1200 1201 
3 1201 1274 1273 
3 1274 1201 1132 
3 1132 1275 1274 
3 1275 1132 1133 
3 1272 1199 1270 
3 1133 1276 1275 
3 1276 1133 1135 
3 1135 1277 1276 
3 1199 1278 1202 
3 1278 1199 1272 
3 1135 1203 1277 
3 1279 1202 1278 
3 1204 1202 1279 
3 1279 1280 1204 
3 1281 1203 1205 
3 1281 1205 1137 
3 1206 1204 1280 
3 1137 1207 1281 
3 1280 1282 1206 
3 1208 1206 1282 
3 1283 1207 1139 
3 1283 1139 1140 
3 1208 1282 1209 
3 1283 1140 1210 
3 1284 1213 1209 
3 1211 1285 1210 
3 1285 1211 1214 
3 1286 1215 1213 
3 1215 1286 1287 
3 1214 1288 1285 
3 1289 1218 1217 
3 1289 1217 1215 
3 1215 1287 1289 
3 1289 1219 1218 
3 1288 1214 1220 
3 1220 1290 1288 
3 1219 1291 1221 
3 1222 1221 1291 
3 1290 1220 1223 
3 1222 1292 1224 
3 1225 1224 1292 
3 1293 1294 1157 
3 1294 1295 1157 
3 1226 1157 1295 
3 1295 1296 1226 
3 1227 1226 1296 
3 1228 1227 1296 
3 1297 1223 1232 
3 1223 1297 1298 
3 1233 1225 1292 
3 1292 1299 1233 
3 1234 1300 1301 
3 1235 1234 1293 
3 1234 1301 1293 
3 1157 1235 1293 
3 1296 1302 1228 
3 1229 1228 1302 
3 1302 1303 1229 
3 1230 1229 1303 
3 1303 1304 1230 
3 1231 1230 1305 
3 1230 1304 1305 
3 1231 1305 1232 
3 1233 1299 1306 
3 1300 1234 1236 
3 1236 1307 1300 
3 1306 1308 1233 
3 1308 1159 1233 
3 1307 1236 1237 
3 1239 1159 1308 
3 1238 1307 1237 
3 1308 1309 1239 
3 1240 1239 1309 
3 1309 1310 1240 
3 1310 1311 1242 
3 1242 1240 1310 
3 1241 1312 1238 
3 1243 1242 1311 
3 1311 1313 1243 
3 1313 1244 1243 
3 1241 1314 1312 
3 1244 1313 1315 
3 1315 1168 1244 
3 1245 1314 1241 
3 1168 1315 1316 
3 1316 1246 1168 
3 1245 1247 1317 
3 1318 1319 1172 
3 1172 1246 1318 
3 1247 1320 1317 
3 1247 1321 1320 
3 1173 1172 1319 
3 1319 1322 1173 
3 1248 1321 1247 
3 1249 1173 1322 
3 1248 1323 1321 
3 1251 1324 1323 
3 1323 1248 1251 
3 1250 1249 1322 
3 1322 1325 1250 
3 1176 1250 1325 
3 1325 1326 1176 
3 1251 1252 1327 
3 1178 1176 1326 
3 1178 1328 1101 
3 1329 1101 1328 
3 1329 1253 1101 
3 1181 1253 1329 
3 1329 1330 1181 
3 1031 1331 1254 
3 1330 1332 1255 
3 1255 1181 1330 
3 1331 1031 1256 
3 1332 1333 1255 
3 1255 1333 1257 
3 1114 1334 1256 
3 1186 1257 1335 
3 1258 1259 1336 
3 1258 1336 1334 
3 1334 1114 1258 
3 1335 1260 1262 
3 1335 1262 1186 
3 1260 1335 1337 
3 1263 1337 1338 
3 1337 1263 1260 
3 1339 1263 1338 
3 1340 1341 1264 
3 1259 1264 1341 
3 1263 1339 1190 
3 1121 1190 1339 
3 1339 1340 1121 
3 1264 1121 1340 
3 1342 1269 1268 
3 1342 1268 1265 
3 1342 1265 1343 
3 1265 1266 1343 
3 1343 1266 1267 
3 1343 1267 1197 
3 1344 1272 1271 
3 1344 1271 1269 
3 1269 1342 1344 
3 1197 1345 1343 
3 1197 1346 1345 
3 1346 1197 1273 
3 1273 1347 1346 
3 1348 1347 1273 
3 1348 1273 1274 
3 1274 1349 1348 
3 1349 1274 1275 
3 1344 1350 1272 
3 1350 1344 1342 
3 1275 1351 1349 
3 1275 1276 1351 
3 1351 1276 1277 
3 1278 1272 1350 
3 1278 1352 1279 
3 1352 1278 1350 
3 1280 1279 1352 
3 1353 1281 1207 
3 1207 1283 1353 
3 1282 1354 1355 
3 1209 1282 1355 
3 1356 1283 1210 
3 1357 1209 1355 
3 1355 1358 1357 
3 1355 1359 1358 
3 1210 1360 1356 
3 1284 1209 1357 
3 1357 1361 1284 
3 1361 1362 1284 
3 1360 1210 1285 
3 1284 1286 1213 
3 1284 1362 1286 
3 1363 1287 1286 
3 1288 1364 1285 
3 1363 1365 1287 
3 1219 1289 1366 
3 1289 1287 1365 
3 1365 1366 1289 
3 1364 1288 1290 
3 1291 1219 1366 
3 1367 1364 1290 
3 1291 1368 1222 
3 1367 1290 1223 
3 1223 1298 1367 
3 1292 1222 1368 
3 1368 1369 1292 
3 1370 1294 1293 
3 1370 1371 1294 
3 1295 1294 1371 
3 1371 1372 1295 
3 1296 1295 1372 
3 1373 1299 1292 
3 1374 1301 1300 
3 1293 1374 1375 
3 1293 1301 1374 
3 1375 1370 1293 
3 1372 1376 1296 
3 1376 1377 1296 
3 1377 1302 1296 
3 1377 1378 1302 
3 1303 1302 1378 
3 1378 1304 1303 
3 1232 1305 1379 
3 1379 1298 1297 
3 1297 1232 1379 
3 1373 1380 1299 
3 1380 1381 1299 
3 1381 1306 1299 
3 1300 1307 1382 
3 1382 1374 1300 
3 1304 1383 1305 
3 1305 1383 1379 
3 1306 1381 1384 
3 1306 1384 1308 
3 1238 1385 1307 
3 1382 1307 1385 
3 1309 1308 1384 
3 1384 1386 1309 
3 1386 1387 1310 
3 1310 1309 1386 
3 1311 1310 1387 
3 1387 1388 1311 
3 1388 1389 1313 
3 1313 1311 1388 
3 1316 1315 1389 
3 1389 1390 1316 
3 1389 1315 1313 
3 1391 1312 1314 
3 1314 1245 1391 
3 1392 1393 1394 
3 1316 1390 1392 
3 1392 1394 1316 
3 1394 1246 1316 
3 1391 1245 1317 
3 1394 1393 1395 
3 1318 1394 1395 
3 1394 1318 1246 
3 1395 1319 1318 
3 1320 1321 1317 
3 1391 1317 1321 
3 1322 1319 1396 
3 1323 1324 1321 
3 1324 1397 1321 
3 1397 1324 1251 
3 1325 1322 1398 
3 1397 1251 1327 
3 1399 1397 1327 
3 1400 1325 1398 
3 1400 1326 1325 
3 1399 1327 1252 
3 1178 1326 1400 
3 1400 1401 1178 
3 1328 1178 1401 
3 1402 1252 1254 
3 1328 1403 1329 
3 1254 1331 1402 
3 1330 1329 1403 
3 1332 1330 1403 
3 1332 1403 1404 
3 1333 1332 1404 
3 1256 1334 1331 
3 1404 1257 1333 
3 1405 1335 1257 
3 1335 1405 1406 
3 1407 1336 1259 
3 1259 1408 1407 
3 1407 1334 1336 
3 1406 1409 1337 
3 1406 1337 1335 
3 1341 1408 1259 
3 1409 1338 1337 
3 1339 1338 1409 
3 1340 1339 1409 
3 1409 1410 1340 
3 1341 1340 1410 
3 1343 1345 1411 
3 1412 1342 1343 
3 1412 1343 1411 
3 1345 1346 1413 
3 1414 1413 1346 
3 1414 1346 1347 
3 1347 1348 1415 
3 1415 1414 1347 
3 1415 1348 1349 
3 1349 1416 1415 
3 1416 1349 1351 
3 1342 1417 1350 
3 1417 1342 1412 
3 1345 1418 1411 
3 1351 1277 1419 
3 1203 1419 1277 
3 1350 1417 1352 
3 1280 1352 1417 
3 1203 1420 1419 
3 1417 1421 1280 
3 1422 1420 1203 
3 1281 1422 1203 
3 1422 1281 1353 
3 1421 1282 1280 
3 1354 1282 1421 
3 1353 1283 1356 
3 1356 1423 1353 
3 1359 1355 1354 
3 1359 1354 1421 
3 1421 1424 1359 
3 1425 1424 1421 
3 1361 1357 1358 
3 1358 1424 1361 
3 1358 1359 1424 
3 1361 1424 1425 
3 1425 1426 1361 
3 1423 1356 1360 
3 1427 1428 1362 
3 1362 1361 1427 
3 1361 1426 1427 
3 1362 1428 1286 
3 1360 1285 1429 
3 1430 1286 1428 
3 1286 1431 1432 
3 1432 1363 1286 
3 1431 1286 1430 
3 1285 1364 1429 
3 1433 1434 1365 
3 1433 1365 1363 
3 1363 1432 1433 
3 1365 1434 1435 
3 1435 1366 1365 
3 1435 1436 1366 
3 1436 1291 1366 
3 1364 1367 1437 
3 1368 1291 1436 
3 1436 1438 1368 
3 1367 1439 1437 
3 1367 1298 1439 
3 1369 1368 1438 
3 1438 1440 1369 
3 1369 1440 1441 
3 1441 1292 1369 
3 1370 1442 1371 
3 1372 1371 1442 
3 1298 1443 1439 
3 1441 1444 1292 
3 1444 1373 1292 
3 1374 1445 1375 
3 1370 1375 1445 
3 1442 1370 1445 
3 1442 1446 1372 
3 1376 1372 1446 
3 1443 1298 1379 
3 1379 1447 1443 
3 1373 1444 1448 
3 1448 1380 1373 
3 1380 1448 1381 
3 1445 1374 1382 
3 1377 1376 1446 
3 1446 1449 1377 
3 1449 1378 1377 
3 1304 1378 1449 
3 1449 1450 1304 
3 1451 1383 1304 
3 1304 1450 1451 
3 1379 1383 1451 
3 1451 1447 1379 
3 1448 1452 1381 
3 1452 1384 1381 
3 1453 1382 1385 
3 1386 1384 1452 
3 1452 1454 1386 
3 1385 1238 1455 
3 1455 1453 1385 
3 1387 1386 1454 
3 1312 1455 1238 
3 1387 1456 1388 
3 1456 1389 1388 
3 1389 1456 1390 
3 1457 1312 1391 
3 1393 1392 1458 
3 1458 1459 1393 
3 1390 1458 1392 
3 1391 1460 1457 
3 1395 1393 1459 
3 1319 1395 1459 
3 1459 1461 1319 
3 1460 1391 1321 
3 1321 1462 1460 
3 1396 1319 1461 
3 1321 1397 1462 
3 1396 1463 1322 
3 1463 1398 1322 
3 1399 1464 1397 
3 1400 1398 1463 
3 1399 1252 1464 
3 1252 1465 1464 
3 1465 1252 1402 
3 1466 1328 1401 
3 1466 1403 1328 
3 1331 1467 1402 
3 1403 1466 1468 
3 1331 1469 1467 
3 1468 1404 1403 
3 1469 1331 1334 
3 1334 1470 1469 
3 1471 1404 1468 
3 1471 1257 1404 
3 1471 1405 1257 
3 1407 1472 1470 
3 1470 1334 1407 
3 1406 1471 1473 
3 1471 1406 1405 
3 1406 1473 1474 
3 1408 1475 1476 
3 1476 1472 1407 
3 1407 1408 1476 
3 1474 1409 1406 
3 1410 1409 1474 
3 1474 1477 1410 
3 1341 1410 1477 
3 1477 1475 1341 
3 1408 1341 1475 
3 1411 1478 1412 
3 1478 1411 1418 
3 1418 1479 1478 
3 1479 1418 1345 
3 1479 1345 1413 
3 1479 1413 1414 
3 1414 1415 1480 
3 1480 1415 1416 
3 1416 1481 1480 
3 1482 1481 1416 
3 1416 1351 1482 
3 1419 1482 1351 
3 1412 1478 1417 
3 1414 1483 1479 
3 1483 1414 1480 
3 1419 1420 1484 
3 1421 1417 1478 
3 1420 1422 1484 
3 1478 1485 1421 
3 1478 1486 1485 
3 1484 1422 1353 
3 1353 1487 1484 
3 1485 1488 1421 
3 1488 1485 1486 
3 1425 1421 1488 
3 1353 1423 1487 
3 1488 1489 1425 
3 1489 1490 1425 
3 1425 1490 1426 
3 1427 1426 1490 
3 1360 1429 1423 
3 1491 1428 1427 
3 1492 1491 1490 
3 1427 1490 1491 
3 1428 1491 1492 
3 1428 1492 1493 
3 1494 1432 1431 
3 1431 1430 1495 
3 1495 1494 1431 
3 1430 1428 1493 
3 1493 1495 1430 
3 1494 1434 1433 
3 1494 1433 1432 
3 1496 1435 1434 
3 1434 1494 1496 
3 1497 1364 1437 
3 1498 1436 1435 
3 1435 1496 1498 
3 1498 1438 1436 
3 1440 1438 1498 
3 1498 1499 1440 
3 1441 1440 1499 
3 1499 1500 1441 
3 1501 1439 1443 
3 1441 1500 1444 
3 1501 1443 1447 
3 1447 1502 1501 
3 1445 1382 1503 
3 1442 1445 1503 
3 1504 1442 1503 
3 1446 1442 1504 
3 1449 1446 1505 
3 1451 1450 1506 
3 1502 1447 1451 
3 1451 1506 1502 
3 1448 1444 1452 
3 1503 1382 1453 
3 1446 1507 1505 
3 1449 1505 1507 
3 1507 1508 1449 
3 1449 1509 1450 
3 1450 1509 1506 
3 1510 1503 1453 
3 1453 1455 1511 
3 1511 1510 1453 
3 1312 1512 1455 
3 1511 1455 1512 
3 1387 1454 1456 
3 1312 1513 1512 
3 1457 1514 1312 
3 1513 1312 1514 
3 1456 1515 1390 
3 1516 1514 1457 
3 1459 1458 1515 
3 1515 1517 1459 
3 1458 1390 1515 
3 1516 1457 1460 
3 1460 1518 1516 
3 1519 1518 1460 
3 1461 1459 1517 
3 1519 1460 1462 
3 1462 1520 1519 
3 1521 1396 1461 
3 1521 1522 1396 
3 1520 1462 1397 
3 1397 1523 1520 
3 1463 1396 1522 
3 1524 1523 1397 
3 1524 1397 1464 
3 1463 1525 1400 
3 1401 1400 1525 
3 1465 1526 1464 
3 1402 1526 1465 
3 1525 1527 1401 
3 1528 1401 1527 
3 1402 1529 1526 
3 1528 1466 1401 
3 1528 1530 1468 
3 1468 1466 1528 
3 1529 1402 1467 
3 1530 1531 1468 
3 1531 1532 1468 
3 1468 1532 1533 
3 1533 1534 1471 
3 1471 1468 1533 
3 1471 1535 1473 
3 1471 1534 1535 
3 1473 1535 1474 
3 1472 1536 1537 
3 1537 1470 1472 
3 1475 1536 1476 
3 1536 1472 1476 
3 1483 1538 1479 
3 1538 1483 1480 
3 1480 1539 1538 
3 1480 1540 1539 
3 1541 1542 1540 
3 1540 1480 1541 
3 1541 1480 1481 
3 1481 1543 1541 
3 1481 1544 1543 
3 1544 1481 1482 
3 1544 1482 1419 
3 1545 1478 1479 
3 1538 1546 1479 
3 1538 1547 1546 
3 1547 1538 1539 
3 1544 1419 1548 
3 1484 1548 1419 
3 1549 1478 1545 
3 1479 1550 1545 
3 1550 1479 1546 
3 1549 1486 1478 
3 1486 1549 1545 
3 1545 1550 1486 
3 1550 1551 1486 
3 1484 1487 1552 
3 1553 1486 1551 
3 1488 1486 1553 
3 1488 1554 1489 
3 1554 1488 1553 
3 1490 1489 1554 
3 1429 1555 1423 
3 1556 1492 1490 
3 1490 1557 1556 
3 1429 1558 1555 
3 1559 1492 1556 
3 1429 1560 1558 
3 1561 1562 1492 
3 1562 1493 1492 
3 1492 1559 1561 
3 1429 1563 1560 
3 1564 1494 1495 
3 1495 1493 1564 
3 1562 1564 1493 
3 1563 1429 1364 
3 1565 1566 1494 
3 1564 1565 1494 
3 1563 1364 1497 
3 1566 1567 1494 
3 1567 1496 1494 
3 1567 1498 1496 
3 1568 1497 1437 
3 1569 1499 1498 
3 1437 1439 1568 
3 1500 1499 1569 
3 1569 1570 1500 
3 1501 1568 1439 
3 1444 1500 1570 
3 1570 1571 1444 
3 1571 1572 1444 
3 1504 1573 1446 
3 1574 1502 1506 
3 1502 1574 1501 
3 1452 1444 1572 
3 1572 1575 1452 
3 1504 1503 1576 
3 1573 1504 1576 
3 1573 1576 1577 
3 1577 1446 1573 
3 1507 1446 1577 
3 1508 1578 1449 
3 1579 1509 1449 
3 1449 1578 1579 
3 1506 1509 1579 
3 1579 1580 1506 
3 1506 1580 1574 
3 1577 1576 1581 
3 1507 1577 1581 
3 1581 1582 1507 
3 1508 1507 1582 
3 1582 1578 1508 
3 1454 1452 1575 
3 1583 1584 1510 
3 1510 1511 1583 
3 1585 1510 1584 
3 1585 1503 1510 
3 1585 1576 1503 
3 1583 1511 1512 
3 1512 1586 1583 
3 1584 1583 1586 
3 1456 1454 1587 
3 1512 1513 1588 
3 1586 1588 1589 
3 1588 1586 1512 
3 1589 1584 1586 
3 1590 1456 1587 
3 1588 1513 1514 
3 1514 1589 1588 
3 1591 1515 1590 
3 1590 1515 1456 
3 1592 1593 1589 
3 1589 1514 1592 
3 1514 1516 1592 
3 1515 1591 1594 
3 1594 1517 1515 
3 1592 1516 1518 
3 1593 1592 1518 
3 1593 1518 1519 
3 1461 1517 1594 
3 1594 1595 1461 
3 1520 1596 1519 
3 1521 1461 1595 
3 1595 1597 1521 
3 1520 1598 1596 
3 1522 1521 1597 
3 1523 1599 1520 
3 1598 1520 1599 
3 1523 1524 1599 
3 1524 1600 1601 
3 1601 1598 1524 
3 1598 1599 1524 
3 1522 1602 1463 
3 1524 1464 1600 
3 1525 1463 1602 
3 1603 1464 1526 
3 1604 1527 1525 
3 1604 1528 1527 
3 1526 1529 1605 
3 1530 1528 1604 
3 1604 1606 1530 
3 1529 1467 1605 
3 1606 1607 1530 
3 1607 1608 1530 
3 1605 1467 1469 
3 1531 1530 1608 
3 1469 1609 1605 
3 1532 1531 1608 
3 1608 1610 1532 
3 1533 1532 1610 
3 1610 1534 1533 
3 1609 1469 1470 
3 1609 1470 1537 
3 1537 1611 1609 
3 1612 1535 1534 
3 1474 1535 1612 
3 1612 1613 1474 
3 1614 1611 1537 
3 1537 1536 1614 
3 1477 1474 1613 
3 1477 1615 1475 
3 1536 1475 1614 
3 1475 1615 1614 
3 1542 1541 1543 
3 1540 1616 1539 
3 1542 1617 1616 
3 1616 1540 1542 
3 1617 1542 1543 
3 1618 1617 1543 
3 1543 1544 1618 
3 1548 1618 1544 
3 1547 1616 1546 
3 1616 1547 1539 
3 1619 1618 1548 
3 1546 1620 1550 
3 1546 1616 1620 
3 1548 1484 1619 
3 1552 1619 1484 
3 1551 1550 1620 
3 1621 1551 1620 
3 1552 1487 1622 
3 1621 1623 1553 
3 1553 1551 1621 
3 1622 1487 1423 
3 1423 1624 1622 
3 1553 1623 1554 
3 1423 1625 1624 
3 1626 1557 1490 
3 1626 1490 1554 
3 1625 1423 1555 
3 1557 1626 1627 
3 1555 1628 1629 
3 1555 1558 1628 
3 1630 1559 1556 
3 1556 1557 1630 
3 1629 1628 1558 
3 1558 1560 1629 
3 1630 1562 1561 
3 1630 1561 1559 
3 1629 1560 1563 
3 1631 1632 1564 
3 1630 1631 1562 
3 1631 1564 1562 
3 1565 1564 1632 
3 1632 1566 1565 
3 1633 1567 1566 
3 1633 1498 1567 
3 1633 1634 1569 
3 1569 1498 1633 
3 1570 1569 1634 
3 1634 1635 1570 
3 1501 1636 1568 
3 1571 1570 1635 
3 1501 1574 1636 
3 1571 1635 1637 
3 1637 1572 1571 
3 1637 1638 1572 
3 1639 1572 1638 
3 1572 1639 1575 
3 1579 1582 1640 
3 1579 1578 1582 
3 1640 1580 1579 
3 1587 1639 1638 
3 1454 1575 1639 
3 1639 1587 1454 
3 1641 1581 1576 
3 1641 1642 1581 
3 1582 1581 1642 
3 1576 1585 1584 
3 1643 1590 1587 
3 1589 1644 1584 
3 1591 1590 1643 
3 1593 1644 1589 
3 1594 1591 1643 
3 1644 1593 1645 
3 1643 1646 1594 
3 1593 1596 1645 
3 1595 1594 1646 
3 1593 1519 1596 
3 1597 1595 1646 
3 1598 1647 1596 
3 1647 1648 1596 
3 1597 1649 1522 
3 1598 1650 1647 
3 1648 1647 1650 
3 1598 1601 1650 
3 1648 1601 1600 
3 1648 1650 1601 
3 1602 1522 1649 
3 1649 1651 1602 
3 1648 1600 1652 
3 1600 1464 1652 
3 1525 1602 1651 
3 1651 1653 1525 
3 1652 1464 1603 
3 1603 1654 1652 
3 1653 1655 1525 
3 1655 1604 1525 
3 1654 1603 1526 
3 1526 1605 1654 
3 1604 1656 1606 
3 1656 1657 1608 
3 1608 1607 1656 
3 1607 1606 1656 
3 1610 1608 1657 
3 1658 1605 1609 
3 1534 1659 1660 
3 1534 1610 1659 
3 1660 1612 1534 
3 1612 1660 1613 
3 1661 1613 1662 
3 1615 1663 1614 
3 1611 1614 1663 
3 1613 1661 1477 
3 1615 1477 1661 
3 1616 1664 1620 
3 1617 1665 1664 
3 1664 1616 1617 
3 1617 1666 1665 
3 1666 1617 1618 
3 1618 1619 1667 
3 1620 1668 1669 
3 1620 1664 1668 
3 1668 1664 1665 
3 1618 1670 1666 
3 1670 1618 1667 
3 1667 1671 1670 
3 1552 1667 1619 
3 1620 1672 1621 
3 1672 1620 1669 
3 1673 1671 1667 
3 1552 1622 1673 
3 1673 1667 1552 
3 1674 1623 1621 
3 1621 1672 1674 
3 1623 1674 1675 
3 1674 1672 1675 
3 1623 1675 1676 
3 1624 1625 1677 
3 1623 1676 1554 
3 1625 1678 1677 
3 1679 1626 1554 
3 1554 1676 1679 
3 1678 1625 1555 
3 1680 1557 1627 
3 1626 1679 1681 
3 1681 1680 1626 
3 1680 1627 1626 
3 1678 1555 1629 
3 1680 1630 1557 
3 1682 1632 1631 
3 1630 1682 1631 
3 1682 1566 1632 
3 1629 1563 1497 
3 1497 1683 1629 
3 1682 1684 1566 
3 1684 1633 1566 
3 1683 1497 1568 
3 1568 1685 1683 
3 1684 1686 1633 
3 1686 1634 1633 
3 1634 1686 1635 
3 1685 1568 1636 
3 1687 1636 1574 
3 1637 1635 1688 
3 1638 1637 1688 
3 1574 1580 1689 
3 1640 1689 1580 
3 1642 1690 1582 
3 1690 1691 1582 
3 1582 1691 1692 
3 1640 1582 1692 
3 1576 1584 1693 
3 1641 1576 1693 
3 1641 1694 1642 
3 1690 1642 1694 
3 1694 1695 1690 
3 1691 1690 1695 
3 1695 1696 1691 
3 1693 1697 1698 
3 1697 1693 1584 
3 1693 1699 1641 
3 1694 1641 1699 
3 1700 1643 1587 
3 1701 1702 1697 
3 1697 1644 1701 
3 1644 1697 1584 
3 1702 1698 1697 
3 1701 1644 1703 
3 1644 1645 1596 
3 1596 1704 1644 
3 1596 1705 1704 
3 1646 1706 1597 
3 1705 1596 1648 
3 1649 1597 1706 
3 1652 1707 1648 
3 1649 1708 1651 
3 1652 1709 1707 
3 1653 1651 1708 
3 1709 1652 1654 
3 1655 1653 1708 
3 1708 1710 1655 
3 1604 1655 1710 
3 1709 1654 1711 
3 1654 1605 1711 
3 1712 1604 1710 
3 1605 1713 1711 
3 1712 1656 1604 
3 1657 1656 1712 
3 1713 1605 1658 
3 1657 1714 1610 
3 1609 1715 1658 
3 1659 1610 1714 
3 1609 1716 1715 
3 1660 1659 1714 
3 1714 1717 1660 
3 1613 1660 1717 
3 1716 1609 1611 
3 1662 1613 1717 
3 1662 1718 1661 
3 1615 1661 1718 
3 1718 1719 1615 
3 1663 1615 1719 
3 1665 1666 1670 
3 1670 1720 1665 
3 1720 1670 1671 
3 1668 1721 1669 
3 1721 1668 1665 
3 1721 1665 1720 
3 1671 1722 1720 
3 1723 1722 1671 
3 1673 1723 1671 
3 1669 1724 1672 
3 1724 1669 1725 
3 1725 1669 1721 
3 1721 1726 1725 
3 1673 1727 1723 
3 1727 1673 1622 
3 1728 1729 1675 
3 1675 1672 1728 
3 1729 1728 1730 
3 1728 1672 1730 
3 1730 1672 1724 
3 1622 1731 1727 
3 1731 1622 1624 
3 1676 1675 1732 
3 1675 1729 1732 
3 1729 1730 1732 
3 1731 1624 1677 
3 1677 1733 1731 
3 1733 1677 1678 
3 1734 1679 1676 
3 1734 1735 1679 
3 1735 1681 1679 
3 1733 1678 1629 
3 1629 1736 1733 
3 1630 1680 1735 
3 1735 1737 1630 
3 1680 1681 1735 
3 1737 1738 1630 
3 1629 1739 1736 
3 1738 1682 1630 
3 1739 1629 1683 
3 1684 1682 1740 
3 1683 1741 1739 
3 1741 1683 1685 
3 1742 1686 1684 
3 1685 1743 1741 
3 1686 1744 1635 
3 1685 1636 1743 
3 1688 1635 1744 
3 1687 1743 1636 
3 1744 1745 1688 
3 1638 1688 1745 
3 1687 1574 1689 
3 1745 1746 1638 
3 1747 1689 1640 
3 1640 1748 1747 
3 1689 1747 1687 
3 1587 1638 1746 
3 1692 1691 1749 
3 1750 1640 1692 
3 1692 1751 1750 
3 1692 1749 1751 
3 1640 1750 1748 
3 1746 1752 1587 
3 1753 1696 1695 
3 1753 1749 1691 
3 1691 1696 1753 
3 1753 1751 1749 
3 1752 1700 1587 
3 1699 1754 1694 
3 1695 1694 1754 
3 1754 1753 1695 
3 1755 1756 1700 
3 1752 1755 1700 
3 1702 1701 1757 
3 1757 1699 1693 
3 1693 1698 1757 
3 1698 1702 1757 
3 1643 1700 1756 
3 1757 1701 1703 
3 1703 1758 1757 
3 1758 1759 1699 
3 1699 1757 1758 
3 1703 1644 1760 
3 1760 1758 1703 
3 1760 1759 1758 
3 1646 1643 1756 
3 1756 1706 1646 
3 1760 1644 1704 
3 1760 1704 1705 
3 1705 1761 1760 
3 1761 1705 1648 
3 1706 1762 1649 
3 1648 1763 1761 
3 1762 1764 1649 
3 1763 1648 1707 
3 1708 1649 1764 
3 1709 1765 1707 
3 1764 1766 1708 
3 1766 1710 1708 
3 1767 1768 1710 
3 1710 1766 1767 
3 1765 1709 1711 
3 1711 1769 1765 
3 1711 1770 1771 
3 1711 1771 1769 
3 1768 1712 1710 
3 1768 1772 1712 
3 1770 1711 1713 
3 1713 1773 1770 
3 1715 1773 1713 
3 1772 1657 1712 
3 1772 1774 1657 
3 1713 1658 1715 
3 1714 1657 1774 
3 1715 1716 1775 
3 1717 1714 1776 
3 1717 1776 1777 
3 1777 1776 1778 
3 1779 1775 1716 
3 1716 1611 1779 
3 1777 1662 1717 
3 1778 1718 1662 
3 1662 1777 1778 
3 1719 1718 1778 
3 1778 1780 1719 
3 1663 1719 1780 
3 1780 1781 1663 
3 1611 1663 1779 
3 1663 1781 1779 
3 1720 1782 1726 
3 1726 1721 1720 
3 1720 1783 1782 
3 1783 1720 1722 
3 1722 1784 1783 
3 1785 1784 1722 
3 1722 1723 1785 
3 1785 1723 1727 
3 1724 1786 1730 
3 1786 1724 1725 
3 1786 1725 1726 
3 1782 1783 1726 
3 1785 1787 1784 
3 1787 1785 1727 
3 1727 1788 1787 
3 1727 1731 1788 
3 1789 1676 1732 
3 1730 1790 1789 
3 1789 1732 1730 
3 1790 1730 1786 
3 1731 1791 1788 
3 1731 1733 1791 
3 1789 1790 1792 
3 1792 1676 1789 
3 1793 1791 1733 
3 1734 1676 1794 
3 1792 1794 1676 
3 1735 1734 1794 
3 1793 1733 1736 
3 1737 1735 1794 
3 1738 1737 1795 
3 1794 1795 1737 
3 1682 1738 1795 
3 1795 1796 1682 
3 1740 1682 1796 
3 1797 1739 1741 
3 1684 1740 1798 
3 1796 1798 1740 
3 1741 1799 1797 
3 1684 1798 1742 
3 1799 1741 1743 
3 1744 1686 1800 
3 1800 1801 1744 
3 1802 1743 1687 
3 1745 1744 1801 
3 1687 1803 1802 
3 1746 1745 1801 
3 1747 1748 1804 
3 1804 1803 1687 
3 1687 1747 1804 
3 1801 1805 1746 
3 1750 1751 1806 
3 1804 1806 1807 
3 1748 1750 1806 
3 1806 1804 1748 
3 1805 1752 1746 
3 1807 1806 1751 
3 1751 1808 1807 
3 1751 1753 1808 
3 1809 1752 1805 
3 1810 1808 1753 
3 1753 1754 1810 
3 1809 1756 1755 
3 1809 1755 1752 
3 1754 1699 1811 
3 1811 1812 1754 
3 1699 1759 1813 
3 1813 1814 1699 
3 1811 1699 1814 
3 1811 1815 1812 
3 1816 1817 1813 
3 1813 1818 1816 
3 1759 1760 1818 
3 1818 1813 1759 
3 1814 1813 1817 
3 1756 1819 1706 
3 1760 1816 1818 
3 1760 1761 1816 
3 1762 1706 1819 
3 1816 1761 1763 
3 1763 1820 1816 
3 1820 1763 1707 
3 1765 1821 1707 
3 1766 1764 1822 
3 1767 1766 1822 
3 1822 1823 1767 
3 1768 1767 1823 
3 1821 1765 1769 
3 1769 1824 1821 
3 1823 1825 1768 
3 1825 1826 1768 
3 1824 1771 1770 
3 1824 1769 1771 
3 1772 1768 1826 
3 1824 1770 1773 
3 1774 1772 1826 
3 1826 1827 1774 
3 1714 1774 1827 
3 1827 1776 1714 
3 1828 1715 1775 
3 1783 1829 1726 
3 1783 1830 1829 
3 1830 1783 1784 
3 1830 1784 1787 
3 1787 1831 1830 
3 1831 1787 1788 
3 1726 1829 1786 
3 1791 1831 1788 
3 1786 1832 1833 
3 1833 1790 1786 
3 1832 1786 1834 
3 1834 1786 1829 
3 1791 1835 1831 
3 1791 1793 1835 
3 1792 1836 1794 
3 1790 1833 1836 
3 1792 1790 1836 
3 1793 1837 1835 
3 1838 1794 1836 
3 1837 1793 1736 
3 1736 1839 1837 
3 1794 1838 1840 
3 1736 1841 1839 
3 1842 1795 1840 
3 1794 1840 1795 
3 1841 1736 1739 
3 1739 1843 1841 
3 1795 1842 1796 
3 1843 1739 1797 
3 1844 1845 1798 
3 1796 1844 1798 
3 1799 1846 1797 
3 1847 1848 1742 
3 1742 1798 1845 
3 1845 1847 1742 
3 1686 1742 1848 
3 1743 1802 1799 
3 1848 1849 1800 
3 1800 1686 1848 
3 1801 1800 1849 
3 1849 1850 1801 
3 1850 1851 1801 
3 1851 1852 1801 
3 1802 1803 1853 
3 1803 1854 1853 
3 1803 1804 1854 
3 1805 1801 1852 
3 1854 1804 1807 
3 1854 1807 1808 
3 1809 1805 1855 
3 1808 1810 1856 
3 1857 1858 1808 
3 1808 1856 1857 
3 1858 1854 1808 
3 1756 1809 1855 
3 1754 1812 1859 
3 1860 1810 1754 
3 1754 1859 1860 
3 1861 1856 1810 
3 1810 1860 1861 
3 1861 1857 1856 
3 1811 1814 1862 
3 1815 1811 1862 
3 1862 1863 1815 
3 1812 1815 1863 
3 1863 1859 1812 
3 1817 1864 1814 
3 1864 1862 1814 
3 1819 1756 1865 
3 1864 1817 1816 
3 1819 1865 1866 
3 1820 1707 1867 
3 1764 1762 1868 
3 1822 1764 1868 
3 1867 1707 1821 
3 1822 1869 1823 
3 1870 1821 1824 
3 1824 1871 1870 
3 1826 1825 1869 
3 1825 1823 1869 
3 1773 1871 1824 
3 1869 1872 1826 
3 1715 1873 1773 
3 1827 1826 1872 
3 1872 1874 1776 
3 1776 1827 1872 
3 1873 1715 1828 
3 1828 1875 1873 
3 1874 1876 1776 
3 1877 1828 1775 
3 1828 1877 1875 
3 1776 1876 1778 
3 1779 1878 1879 
3 1775 1779 1879 
3 1879 1877 1775 
3 1880 1780 1778 
3 1781 1780 1880 
3 1880 1878 1781 
3 1878 1779 1781 
3 1881 1829 1882 
3 1829 1830 1882 
3 1882 1830 1831 
3 1831 1883 1882 
3 1883 1831 1835 
3 1884 1836 1833 
3 1832 1885 1833 
3 1834 1886 1885 
3 1885 1832 1834 
3 1834 1829 1886 
3 1886 1829 1881 
3 1881 1887 1886 
3 1881 1882 1887 
3 1835 1888 1883 
3 1835 1837 1888 
3 1836 1884 1838 
3 1884 1833 1885 
3 1885 1889 1884 
3 1889 1885 1886 
3 1837 1839 1888 
3 1890 1891 1838 
3 1891 1840 1838 
3 1890 1838 1884 
3 1892 1888 1839 
3 1839 1841 1892 
3 1893 1842 1840 
3 1891 1894 1893 
3 1840 1891 1893 
3 1891 1890 1894 
3 1841 1843 1892 
3 1893 1895 1842 
3 1895 1796 1842 
3 1895 1896 1796 
3 1797 1897 1843 
3 1896 1898 1796 
3 1845 1844 1847 
3 1898 1847 1796 
3 1847 1844 1796 
3 1897 1797 1846 
3 1846 1799 1802 
3 1899 1849 1848 
3 1848 1847 1899 
3 1849 1899 1900 
3 1900 1850 1849 
3 1850 1900 1901 
3 1901 1851 1850 
3 1901 1902 1851 
3 1902 1852 1851 
3 1903 1802 1853 
3 1853 1904 1903 
3 1853 1854 1904 
3 1805 1852 1902 
3 1902 1855 1805 
3 1905 1858 1857 
3 1906 1861 1860 
3 1905 1857 1861 
3 1861 1906 1905 
3 1859 1863 1907 
3 1860 1859 1907 
3 1907 1906 1860 
3 1907 1863 1862 
3 1862 1908 1907 
3 1862 1864 1908 
3 1909 1908 1864 
3 1910 1909 1864 
3 1864 1816 1910 
3 1910 1816 1911 
3 1762 1819 1866 
3 1866 1912 1762 
3 1816 1820 1911 
3 1912 1868 1762 
3 1913 1911 1820 
3 1820 1867 1913 
3 1914 1913 1867 
3 1868 1915 1822 
3 1914 1867 1821 
3 1916 1821 1870 
3 1870 1917 1916 
3 1821 1916 1914 
3 1822 1918 1869 
3 1917 1870 1871 
3 1918 1919 1869 
3 1872 1869 1919 
3 1920 1871 1773 
3 1773 1873 1920 
3 1921 1920 1873 
3 1873 1875 1921 
3 1877 1922 1875 
3 1876 1923 1778 
3 1923 1880 1778 
3 1879 1922 1877 
3 1882 1924 1887 
3 1882 1925 1924 
3 1882 1883 1925 
3 1925 1883 1888 
3 1926 1886 1887 
3 1888 1927 1925 
3 1884 1928 1890 
3 1929 1928 1884 
3 1929 1884 1889 
3 1889 1930 1929 
3 1930 1889 1886 
3 1888 1892 1927 
3 1890 1928 1931 
3 1931 1894 1890 
3 1892 1843 1932 
3 1893 1894 1931 
3 1931 1895 1893 
3 1843 1933 1932 
3 1933 1843 1897 
3 1898 1896 1934 
3 1895 1934 1896 
3 1897 1846 1933 
3 1847 1898 1934 
3 1935 1899 1847 
3 1802 1936 1846 
3 1900 1899 1935 
3 1936 1802 1903 
3 1937 1936 1903 
3 1903 1904 1938 
3 1938 1937 1903 
3 1938 1904 1854 
3 1902 1939 1855 
3 1854 1858 1940 
3 1905 1940 1858 
3 1939 1941 1855 
3 1756 1855 1941 
3 1906 1907 1942 
3 1942 1905 1906 
3 1865 1756 1941 
3 1907 1908 1942 
3 1941 1866 1865 
3 1909 1942 1908 
3 1943 1909 1910 
3 1910 1911 1943 
3 1944 1943 1911 
3 1944 1911 1913 
3 1914 1944 1913 
3 1915 1868 1945 
3 1914 1946 1947 
3 1916 1917 1946 
3 1914 1916 1946 
3 1918 1822 1915 
3 1915 1919 1918 
3 1917 1948 1946 
3 1917 1871 1948 
3 1948 1871 1920 
3 1920 1949 1948 
3 1919 1950 1872 
3 1920 1921 1951 
3 1920 1951 1949 
3 1950 1952 1874 
3 1874 1872 1950 
3 1875 1953 1921 
3 1953 1875 1922 
3 1923 1954 1880 
3 1878 1880 1954 
3 1954 1955 1878 
3 1955 1956 1879 
3 1879 1878 1955 
3 1922 1879 1956 
3 1887 1957 1926 
3 1957 1887 1924 
3 1924 1925 1958 
3 1958 1925 1927 
3 1886 1959 1930 
3 1959 1886 1926 
3 1926 1960 1959 
3 1926 1961 1962 
3 1962 1960 1926 
3 1961 1926 1957 
3 1958 1963 1924 
3 1963 1958 1927 
3 1927 1964 1963 
3 1965 1964 1927 
3 1927 1892 1965 
3 1966 1928 1929 
3 1966 1929 1930 
3 1960 1962 1959 
3 1892 1932 1965 
3 1931 1967 1895 
3 1931 1928 1967 
3 1968 1965 1932 
3 1969 1895 1967 
3 1933 1968 1932 
3 1968 1933 1846 
3 1934 1895 1970 
3 1847 1934 1970 
3 1970 1971 1847 
3 1935 1847 1971 
3 1971 1972 1935 
3 1846 1936 1973 
3 1972 1974 1935 
3 1900 1935 1974 
3 1901 1900 1974 
3 1937 1975 1936 
3 1974 1976 1901 
3 1975 1937 1938 
3 1902 1901 1976 
3 1976 1977 1902 
3 1854 1940 1978 
3 1938 1978 1979 
3 1938 1854 1978 
3 1977 1939 1902 
3 1979 1978 1940 
3 1940 1980 1979 
3 1980 1940 1905 
3 1939 1981 1941 
3 1905 1982 1980 
3 1982 1905 1942 
3 1981 1983 1941 
3 1942 1984 1985 
3 1866 1941 1983 
3 1942 1909 1984 
3 1909 1986 1984 
3 1912 1866 1983 
3 1987 1986 1909 
3 1909 1943 1987 
3 1988 1987 1943 
3 1943 1944 1988 
3 1945 1868 1912 
3 1989 1988 1944 
3 1989 1944 1914 
3 1990 1914 1947 
3 1947 1991 1990 
3 1914 1990 1989 
3 1915 1945 1992 
3 1991 1947 1946 
3 1946 1948 1991 
3 1992 1993 1919 
3 1919 1915 1992 
3 1993 1952 1919 
3 1949 1994 1948 
3 1950 1919 1952 
3 1994 1951 1921 
3 1921 1995 1994 
3 1994 1949 1951 
3 1952 1996 1874 
3 1995 1921 1953 
3 1953 1997 1995 
3 1876 1874 1996 
3 1996 1998 1876 
3 1997 1953 1922 
3 1922 1999 1997 
3 1923 1876 1998 
3 1954 1923 1998 
3 1998 2000 1954 
3 1955 1954 2000 
3 2000 2001 1955 
3 1956 1955 2001 
3 1956 1999 1922 
3 1957 2002 1961 
3 2002 1957 1924 
3 1924 2003 2002 
3 2003 1924 1963 
3 1930 2004 1966 
3 2004 1930 1959 
3 1959 2005 2004 
3 2005 1959 1962 
3 1962 2006 2005 
3 1961 2007 2008 
3 2008 2006 1961 
3 1962 1961 2006 
3 2007 1961 2002 
3 1928 2009 1967 
3 2004 2009 1966 
3 2009 1928 1966 
3 2005 2006 2004 
3 1964 1965 1968 
3 1969 1967 2010 
3 2010 1967 2009 
3 2011 2012 1895 
3 2011 1895 1969 
3 1846 2013 1968 
3 2012 2014 1970 
3 2012 1970 1895 
3 1970 2014 2015 
3 2015 1971 1970 
3 2013 1846 1973 
3 1972 1971 2016 
3 2015 2016 1971 
3 1974 1972 2016 
3 1936 2017 1973 
3 1936 2018 2017 
3 1936 1975 2018 
3 1976 1974 2019 
3 1975 1938 2018 
3 1977 1976 2019 
3 1938 1979 2018 
3 1980 2020 1979 
3 1977 1981 1939 
3 2020 1980 1982 
3 2021 1982 1942 
3 1982 2021 2020 
3 1981 2022 1983 
3 1985 1984 2023 
3 2021 1942 1985 
3 1985 2023 2021 
3 2022 2024 1983 
3 2024 2025 1983 
3 2026 1984 1986 
3 1912 1983 2025 
3 1986 1987 2027 
3 2027 2026 1986 
3 1987 2028 2029 
3 1987 2029 2027 
3 2028 1987 1988 
3 1988 2030 2028 
3 1945 1912 2025 
3 2025 2031 1945 
3 2030 1988 1989 
3 1989 2032 2030 
3 1992 1945 2031 
3 1990 1991 2032 
3 1989 1990 2032 
3 2033 2032 1991 
3 1991 1948 2033 
3 1948 2034 2033 
3 1993 1992 2035 
3 1948 2036 2034 
3 2035 2037 1993 
3 1948 2038 2036 
3 2037 1952 1993 
3 2038 1948 1994 
3 2039 2040 1952 
3 1952 2037 2039 
3 1996 1952 2041 
3 1952 2040 2041 
3 1998 1996 2041 
3 2001 2042 1956 
3 1999 1956 2042 
3 2043 2008 2007 
3 2043 2007 2002 
3 2002 2003 2044 
3 2045 2044 2003 
3 2045 2003 1963 
3 1963 2046 2045 
3 2046 1963 1964 
3 2004 2006 2047 
3 2008 2043 2048 
3 2048 2047 2008 
3 2047 2006 2008 
3 2048 2043 2002 
3 2002 2049 2048 
3 1964 2050 2046 
3 1964 1968 2050 
3 2010 2009 2051 
3 2051 2009 2004 
3 2052 2050 1968 
3 2011 1969 2010 
3 2010 2051 2011 
3 1968 2013 2052 
3 2053 2014 2012 
3 2053 2012 2011 
3 1973 2054 2013 
3 2016 2015 2055 
3 2014 2055 2015 
3 2054 1973 2017 
3 2017 2056 2054 
3 2056 2017 2018 
3 2018 2057 2056 
3 2019 2058 1977 
3 2057 2018 1979 
3 1979 2059 2057 
3 1979 2020 2059 
3 1981 1977 2060 
3 2021 2061 2062 
3 2021 2062 2020 
3 2022 1981 2060 
3 2060 2063 2022 
3 2023 1984 2064 
3 2064 2061 2021 
3 2021 2023 2064 
3 2024 2022 2063 
3 2064 2026 2065 
3 2026 2064 1984 
3 2024 2066 2025 
3 2027 2067 2026 
3 2067 2065 2026 
3 2029 2028 2068 
3 2027 2029 2068 
3 2030 2068 2028 
3 2030 2027 2068 
3 2031 2025 2069 
3 2030 2032 2070 
3 2070 2071 2030 
3 1992 2031 2069 
3 2072 2070 2032 
3 2032 2033 2072 
3 1992 2073 2035 
3 2033 2034 2072 
3 2072 2034 2036 
3 2036 2074 2072 
3 2073 2075 2035 
3 2037 2035 2075 
3 2074 2036 2038 
3 2038 2076 2074 
3 2039 2037 2075 
3 2075 2077 2039 
3 2076 2038 1994 
3 2040 2039 2077 
3 2077 2078 2040 
3 2079 2076 1994 
3 1994 1995 2079 
3 2078 2041 2040 
3 2080 1995 1997 
3 2041 2081 1998 
3 2080 1997 1999 
3 1999 2082 2080 
3 2083 2000 1998 
3 1998 2081 2083 
3 2001 2000 2083 
3 2083 2084 2001 
3 2042 2001 2084 
3 2042 2082 1999 
3 2048 2085 2047 
3 2085 2048 2049 
3 2049 2086 2085 
3 2049 2002 2044 
3 2044 2086 2049 
3 2045 2087 2044 
3 2046 2088 2087 
3 2087 2045 2046 
3 2088 2046 2050 
3 2050 2089 2088 
3 2004 2090 2051 
3 2004 2047 2090 
3 2085 2086 2047 
3 2088 2089 2087 
3 2091 2089 2050 
3 2050 2052 2091 
3 2011 2051 2092 
3 2092 2051 2090 
3 2093 2091 2052 
3 2013 2093 2052 
3 2094 2014 2053 
3 2095 2094 2053 
3 2092 2095 2011 
3 2095 2053 2011 
3 2013 2096 2093 
3 2094 2097 2014 
3 2096 2013 2054 
3 2014 2097 2055 
3 2016 2055 2098 
3 2056 2099 2054 
3 1974 2016 2100 
3 2098 2100 2016 
3 2100 2101 2019 
3 2019 1974 2100 
3 2101 2102 2019 
3 2057 2103 2056 
3 2058 2019 2102 
3 2057 2104 2103 
3 2104 2057 2059 
3 2060 1977 2058 
3 2062 2061 2105 
3 2020 2105 2106 
3 2020 2062 2105 
3 2060 2107 2063 
3 2108 2105 2061 
3 2061 2064 2108 
3 2108 2106 2105 
3 2024 2063 2107 
3 2108 2064 2065 
3 2065 2109 2108 
3 2066 2024 2107 
3 2109 2067 2027 
3 2027 2110 2109 
3 2109 2065 2067 
3 2066 2111 2025 
3 2027 2030 2071 
3 2111 2069 2025 
3 2112 2070 2072 
3 2069 2113 1992 
3 2073 1992 2113 
3 2113 2114 2073 
3 2112 2072 2074 
3 2075 2073 2114 
3 2074 2076 2115 
3 2115 2112 2074 
3 2114 2116 2075 
3 2077 2075 2116 
3 2078 2077 2116 
3 2116 2117 2078 
3 2115 2076 2079 
3 2079 2118 2115 
3 2041 2078 2117 
3 2117 2119 2041 
3 2118 2079 1995 
3 1995 2120 2118 
3 2119 2121 2041 
3 2120 1995 2080 
3 2080 2122 2120 
3 2041 2121 2081 
3 2123 2080 2082 
3 2080 2123 2122 
3 2084 2124 2042 
3 2082 2042 2124 
3 2086 2125 2047 
3 2044 2126 2127 
3 2127 2125 2044 
3 2086 2044 2125 
3 2044 2128 2126 
3 2128 2044 2087 
3 2129 2128 2087 
3 2087 2089 2129 
3 2129 2089 2091 
3 2092 2090 2130 
3 2130 2090 2047 
3 2047 2131 2130 
3 2091 2132 2129 
3 2091 2093 2132 
3 2133 2132 2093 
3 2097 2094 2134 
3 2134 2094 2095 
3 2133 2093 2096 
3 2096 2135 2133 
3 2096 2054 2135 
3 2134 2136 2097 
3 2136 2055 2097 
3 2054 2137 2135 
3 2098 2055 2136 
3 2136 2138 2098 
3 2137 2054 2099 
3 2138 2100 2098 
3 2056 2103 2099 
3 2058 2102 2101 
3 2101 2139 2058 
3 2139 2140 2058 
3 2141 2103 2104 
3 2104 2059 2141 
3 2059 2020 2141 
3 2060 2058 2140 
3 2020 2142 2141 
3 2140 2143 2060 
3 2142 2020 2106 
3 2106 2144 2142 
3 2107 2060 2143 
3 2144 2106 2108 
3 2143 2145 2107 
3 2144 2108 2109 
3 2109 2146 2144 
3 2066 2107 2145 
3 2145 2147 2066 
3 2146 2109 2110 
3 2111 2066 2147 
3 2027 2148 2110 
3 2148 2027 2071 
3 2071 2149 2148 
3 2069 2111 2150 
3 2071 2070 2149 
3 2150 2113 2069 
3 2070 2151 2152 
3 2070 2112 2151 
3 2152 2149 2070 
3 2153 2151 2112 
3 2113 2116 2114 
3 2112 2154 2153 
3 2154 2112 2115 
3 2115 2155 2154 
3 2115 2156 2155 
3 2116 2157 2117 
3 2156 2115 2118 
3 2118 2158 2156 
3 2157 2159 2117 
3 2119 2117 2159 
3 2158 2118 2120 
3 2121 2119 2159 
3 2122 2158 2120 
3 2081 2121 2159 
3 2159 2160 2081 
3 2161 2123 2082 
3 2122 2123 2161 
3 2083 2081 2160 
3 2160 2162 2083 
3 2084 2083 2162 
3 2162 2163 2084 
3 2124 2084 2163 
3 2124 2164 2082 
3 2082 2164 2161 
3 2047 2165 2131 
3 2165 2047 2125 
3 2125 2166 2165 
3 2127 2126 2166 
3 2166 2125 2127 
3 2166 2126 2128 
3 2128 2167 2166 
3 2168 2128 2129 
3 2168 2129 2132 
3 2169 2095 2092 
3 2170 2092 2130 
3 2170 2130 2131 
3 2171 2134 2095 
3 2169 2171 2095 
3 2092 2170 2169 
3 2172 2132 2133 
3 2135 2172 2133 
3 2137 2173 2172 
3 2172 2135 2137 
3 2138 2136 2174 
3 2134 2174 2136 
3 2173 2137 2099 
3 2099 2175 2173 
3 2138 2176 2100 
3 2099 2103 2175 
3 2176 2101 2100 
3 2177 2101 2176 
3 2177 2178 2101 
3 2178 2139 2101 
3 2178 2140 2139 
3 2179 2141 2142 
3 2144 2179 2142 
3 2180 2143 2140 
3 2145 2143 2180 
3 2181 2144 2146 
3 2146 2182 2181 
3 2147 2145 2180 
3 2146 2183 2182 
3 2180 2184 2147 
3 2146 2110 2185 
3 2185 2183 2146 
3 2111 2147 2184 
3 2185 2148 2186 
3 2148 2185 2110 
3 2148 2149 2186 
3 2150 2111 2184 
3 2113 2150 2187 
3 2188 2152 2151 
3 2189 2149 2152 
3 2152 2188 2189 
3 2188 2151 2153 
3 2116 2113 2190 
3 2191 2153 2154 
3 2153 2191 2188 
3 2191 2154 2155 
3 2191 2155 2156 
3 2191 2156 2158 
3 2158 2192 2191 
3 2192 2158 2122 
3 2161 2193 2122 
3 2160 2194 2162 
3 2163 2162 2194 
3 2194 2195 2163 
3 2124 2163 2195 
3 2195 2196 2124 
3 2164 2124 2196 
3 2161 2196 2193 
3 2161 2164 2196 
3 2128 2197 2167 
3 2168 2197 2128 
3 2198 2170 2131 
3 2131 2199 2198 
3 2199 2131 2165 
3 2167 2200 2166 
3 2200 2167 2197 
3 2168 2201 2197 
3 2201 2168 2132 
3 2202 2134 2171 
3 2171 2169 2203 
3 2203 2202 2171 
3 2203 2169 2170 
3 2170 2204 2203 
3 2204 2170 2198 
3 2201 2132 2205 
3 2172 2205 2132 
3 2134 2206 2207 
3 2202 2206 2134 
3 2172 2208 2205 
3 2172 2173 2208 
3 2174 2134 2209 
3 2209 2210 2174 
3 2207 2209 2134 
3 2208 2173 2175 
3 2175 2211 2208 
3 2176 2138 2212 
3 2210 2212 2174 
3 2212 2138 2174 
3 2211 2175 2103 
3 2103 2213 2211 
3 2176 2214 2177 
3 2178 2177 2214 
3 2214 2215 2178 
3 2141 2216 2103 
3 2140 2178 2215 
3 2215 2217 2140 
3 2179 2216 2141 
3 2217 2180 2140 
3 2181 2182 2218 
3 2144 2181 2218 
3 2183 2218 2182 
3 2183 2219 2220 
3 2183 2185 2219 
3 2220 2218 2183 
3 2219 2185 2186 
3 2186 2221 2219 
3 2184 2187 2150 
3 2186 2149 2221 
3 2149 2189 2221 
3 2187 2222 2113 
3 2188 2221 2189 
3 2190 2113 2222 
3 2157 2116 2190 
3 2157 2223 2159 
3 2192 2122 2224 
3 2160 2159 2223 
3 2223 2225 2160 
3 2224 2122 2193 
3 2193 2226 2224 
3 2194 2160 2225 
3 2225 2227 2194 
3 2195 2194 2227 
3 2227 2228 2195 
3 2196 2195 2228 
3 2228 2229 2196 
3 2193 2196 2229 
3 2229 2226 2193 
3 2166 2230 2165 
3 2166 2231 2230 
3 2166 2200 2231 
3 2204 2198 2199 
3 2199 2232 2204 
3 2199 2233 2232 
3 2233 2199 2165 
3 2233 2165 2230 
3 2230 2231 2233 
3 2201 2234 2197 
3 2201 2205 2234 
3 2207 2206 2235 
3 2235 2206 2202 
3 2236 2235 2203 
3 2235 2202 2203 
3 2236 2203 2204 
3 2237 2234 2205 
3 2208 2237 2205 
3 2209 2207 2238 
3 2207 2235 2238 
3 2211 2237 2208 
3 2212 2210 2239 
3 2210 2209 2238 
3 2238 2239 2210 
3 2212 2240 2176 
3 2240 2214 2176 
3 2214 2241 2215 
3 2213 2103 2216 
3 2216 2242 2213 
3 2241 2217 2215 
3 2216 2179 2242 
3 2243 2244 2217 
3 2180 2217 2244 
3 2244 2245 2180 
3 2245 2246 2180 
3 2179 2144 2247 
3 2218 2247 2144 
3 2248 2247 2218 
3 2184 2180 2246 
3 2218 2220 2248 
3 2246 2249 2184 
3 2219 2250 2220 
3 2251 2250 2219 
3 2219 2221 2251 
3 2187 2184 2249 
3 2221 2252 2253 
3 2221 2253 2251 
3 2187 2254 2222 
3 2252 2221 2188 
3 2188 2255 2252 
3 2190 2222 2254 
3 2256 2255 2188 
3 2188 2191 2256 
3 2191 2257 2258 
3 2258 2256 2191 
3 2257 2191 2192 
3 2192 2259 2257 
3 2157 2260 2223 
3 2259 2192 2224 
3 2225 2223 2260 
3 2260 2261 2225 
3 2227 2225 2261 
3 2228 2262 2229 
3 2226 2229 2262 
3 2263 2233 2231 
3 2231 2264 2263 
3 2264 2231 2200 
3 2200 2265 2264 
3 2266 2200 2197 
3 2266 2265 2200 
3 2266 2197 2234 
3 2267 2235 2236 
3 2236 2268 2267 
3 2236 2204 2268 
3 2232 2269 2204 
3 2269 2232 2233 
3 2269 2233 2263 
3 2267 2270 2238 
3 2267 2238 2235 
3 2237 2211 2271 
3 2272 2212 2239 
3 2239 2238 2273 
3 2273 2272 2239 
3 2270 2273 2238 
3 2213 2274 2211 
3 2275 2214 2240 
3 2213 2276 2274 
3 2275 2277 2214 
3 2241 2214 2277 
3 2277 2243 2241 
3 2276 2213 2242 
3 2217 2241 2243 
3 2243 2278 2244 
3 2179 2279 2242 
3 2245 2244 2278 
3 2278 2280 2245 
3 2279 2179 2247 
3 2246 2245 2280 
3 2249 2246 2281 
3 2282 2248 2220 
3 2220 2250 2282 
3 2251 2282 2250 
3 2187 2249 2283 
3 2283 2284 2187 
3 2254 2187 2284 
3 2285 2253 2252 
3 2252 2255 2285 
3 2285 2251 2253 
3 2254 2286 2190 
3 2285 2255 2256 
3 2256 2287 2285 
3 2157 2190 2286 
3 2286 2288 2157 
3 2287 2258 2257 
3 2287 2256 2258 
3 2288 2260 2157 
3 2287 2257 2259 
3 2289 2224 2226 
3 2261 2290 2227 
3 2228 2227 2290 
3 2290 2291 2228 
3 2262 2228 2291 
3 2291 2292 2262 
3 2292 2293 2262 
3 2226 2262 2293 
3 2293 2289 2226 
3 2204 2294 2268 
3 2294 2204 2269 
3 2269 2263 2295 
3 2295 2263 2264 
3 2265 2296 2264 
3 2296 2265 2266 
3 2266 2297 2296 
3 2297 2266 2234 
3 2298 2299 2267 
3 2298 2267 2268 
3 2234 2300 2297 
3 2300 2234 2237 
3 2237 2271 2300 
3 2273 2270 2301 
3 2302 2301 2267 
3 2301 2270 2267 
3 2302 2267 2299 
3 2303 2300 2271 
3 2211 2303 2271 
3 2240 2212 2304 
3 2304 2212 2272 
3 2272 2273 2304 
3 2211 2274 2303 
3 2275 2240 2305 
3 2305 2306 2275 
3 2304 2305 2240 
3 2276 2307 2308 
3 2276 2308 2303 
3 2303 2274 2276 
3 2275 2306 2277 
3 2307 2276 2242 
3 2242 2309 2307 
3 2243 2310 2278 
3 2309 2242 2279 
3 2280 2278 2310 
3 2247 2311 2279 
3 2246 2280 2312 
3 2311 2247 2248 
3 2312 2313 2246 
3 2281 2246 2313 
3 2313 2314 2281 
3 2314 2283 2281 
3 2249 2281 2283 
3 2315 2248 2282 
3 2282 2316 2315 
3 2316 2282 2251 
3 2251 2317 2316 
3 2284 2318 2254 
3 2317 2251 2285 
3 2285 2319 2317 
3 2285 2320 2319 
3 2286 2254 2318 
3 2285 2287 2320 
3 2288 2286 2318 
3 2321 2320 2287 
3 2288 2322 2260 
3 2323 2287 2259 
3 2261 2260 2322 
3 2324 2259 2224 
3 2259 2324 2323 
3 2289 2324 2224 
3 2291 2290 2325 
3 2292 2291 2325 
3 2325 2326 2292 
3 2293 2292 2326 
3 2327 2295 2264 
3 2327 2264 2296 
3 2328 2299 2298 
3 2298 2268 2329 
3 2329 2328 2298 
3 2329 2268 2294 
3 2294 2330 2329 
3 2330 2294 2269 
3 2269 2331 2330 
3 2331 2269 2295 
3 2301 2302 2332 
3 2332 2302 2299 
3 2299 2328 2332 
3 2300 2333 2297 
3 2300 2303 2333 
3 2304 2273 2334 
3 2273 2335 2334 
3 2332 2335 2301 
3 2335 2273 2301 
3 2336 2333 2303 
3 2334 2305 2304 
3 2336 2303 2308 
3 2308 2337 2336 
3 2308 2307 2337 
3 2277 2306 2338 
3 2305 2338 2306 
3 2243 2277 2339 
3 2338 2339 2277 
3 2339 2310 2243 
3 2310 2312 2280 
3 2279 2340 2309 
3 2340 2279 2311 
3 2312 2341 2313 
3 2248 2342 2311 
3 2314 2313 2341 
3 2342 2248 2315 
3 2314 2343 2283 
3 2315 2316 2344 
3 2284 2283 2343 
3 2343 2345 2284 
3 2316 2346 2347 
3 2316 2317 2346 
3 2318 2284 2345 
3 2317 2319 2348 
3 2319 2320 2348 
3 2320 2321 2348 
3 2318 2349 2288 
3 2349 2350 2288 
3 2288 2350 2351 
3 2321 2287 2323 
3 2351 2352 2288 
3 2352 2322 2288 
3 2322 2353 2261 
3 2323 2324 2354 
3 2355 2261 2353 
3 2324 2289 2354 
3 2355 2356 2261 
3 2356 2290 2261 
3 2325 2290 2356 
3 2357 2289 2293 
3 2326 2358 2293 
3 2293 2358 2357 
3 2295 2359 2331 
3 2295 2327 2360 
3 2360 2359 2295 
3 2296 2361 2360 
3 2360 2327 2296 
3 2361 2296 2297 
3 2332 2328 2362 
3 2328 2363 2362 
3 2328 2364 2363 
3 2328 2329 2364 
3 2364 2329 2330 
3 2330 2365 2364 
3 2365 2330 2331 
3 2331 2359 2365 
3 2297 2366 2361 
3 2367 2366 2297 
3 2297 2333 2367 
3 2334 2335 2368 
3 2368 2335 2332 
3 2332 2362 2368 
3 2336 2367 2333 
3 2305 2334 2369 
3 2369 2338 2305 
3 2370 2369 2334 
3 2334 2368 2370 
3 2336 2371 2367 
3 2336 2337 2371 
3 2371 2337 2307 
3 2307 2372 2371 
3 2372 2307 2309 
3 2309 2373 2372 
3 2339 2374 2310 
3 2374 2375 2310 
3 2312 2310 2375 
3 2376 2373 2309 
3 2309 2340 2376 
3 2375 2377 2312 
3 2340 2378 2376 
3 2340 2311 2378 
3 2377 2379 2312 
3 2311 2380 2378 
3 2379 2341 2312 
3 2380 2311 2342 
3 2314 2341 2379 
3 2379 2381 2314 
3 2315 2382 2342 
3 2381 2343 2314 
3 2382 2315 2344 
3 2344 2383 2382 
3 2383 2344 2316 
3 2316 2384 2383 
3 2345 2343 2385 
3 2346 2386 2347 
3 2384 2316 2347 
3 2385 2387 2345 
3 2388 2386 2346 
3 2346 2317 2388 
3 2318 2345 2387 
3 2317 2348 2388 
3 2389 2349 2318 
3 2321 2390 2348 
3 2389 2391 2349 
3 2350 2349 2391 
3 2321 2392 2393 
3 2321 2393 2390 
3 2351 2350 2391 
3 2391 2394 2351 
3 2392 2321 2323 
3 2352 2351 2394 
3 2322 2352 2394 
3 2353 2322 2394 
3 2392 2323 2354 
3 2353 2395 2355 
3 2289 2357 2354 
3 2356 2355 2396 
3 2355 2395 2396 
3 2396 2397 2356 
3 2397 2325 2356 
3 2326 2325 2397 
3 2397 2398 2326 
3 2358 2326 2398 
3 2398 2399 2358 
3 2358 2399 2357 
3 2400 2364 2365 
3 2365 2401 2400 
3 2401 2365 2359 
3 2402 2359 2360 
3 2360 2403 2402 
3 2360 2404 2403 
3 2360 2361 2404 
3 2366 2405 2404 
3 2404 2361 2366 
3 2367 2405 2366 
3 2368 2362 2406 
3 2338 2369 2407 
3 2407 2369 2370 
3 2370 2406 2407 
3 2406 2370 2368 
3 2408 2405 2367 
3 2371 2408 2367 
3 2371 2372 2408 
3 2408 2372 2373 
3 2373 2409 2408 
3 2373 2410 2409 
3 2374 2377 2375 
3 2410 2373 2376 
3 2376 2411 2410 
3 2411 2376 2378 
3 2412 2379 2377 
3 2378 2380 2411 
3 2380 2342 2411 
3 2381 2379 2412 
3 2412 2413 2381 
3 2381 2413 2414 
3 2414 2343 2381 
3 2415 2342 2382 
3 2382 2416 2415 
3 2382 2383 2416 
3 2414 2385 2343 
3 2383 2384 2416 
3 2414 2387 2385 
3 2347 2386 2417 
3 2384 2417 2418 
3 2384 2347 2417 
3 2418 2417 2386 
3 2386 2388 2418 
3 2387 2419 2318 
3 2348 2420 2388 
3 2419 2421 2318 
3 2389 2318 2421 
3 2420 2348 2390 
3 2420 2393 2392 
3 2392 2422 2420 
3 2420 2390 2393 
3 2391 2423 2394 
3 2392 2424 2422 
3 2353 2394 2423 
3 2392 2354 2424 
3 2395 2353 2423 
3 2423 2425 2395 
3 2426 2354 2357 
3 2354 2426 2424 
3 2396 2395 2425 
3 2425 2427 2396 
3 2357 2428 2426 
3 2397 2396 2427 
3 2427 2429 2397 
3 2398 2397 2429 
3 2357 2399 2428 
3 2406 2362 2430 
3 2362 2431 2430 
3 2431 2362 2363 
3 2363 2432 2431 
3 2432 2363 2364 
3 2432 2364 2400 
3 2400 2433 2432 
3 2433 2400 2401 
3 2407 2406 2434 
3 2434 2435 2407 
3 2430 2434 2406 
3 2405 2408 2436 
3 2435 2437 2407 
3 2437 2338 2407 
3 2339 2338 2438 
3 2437 2438 2338 
3 2409 2439 2408 
3 2374 2339 2438 
3 2409 2440 2439 
3 2438 2441 2374 
3 2440 2409 2410 
3 2410 2442 2440 
3 2377 2374 2441 
3 2442 2410 2411 
3 2443 2411 2342 
3 2411 2443 2444 
3 2412 2445 2413 
3 2342 2446 2443 
3 2414 2413 2445 
3 2446 2342 2415 
3 2416 2384 2415 
3 2447 2387 2414 
3 2384 2418 2448 
3 2448 2415 2384 
3 2388 2448 2418 
3 2419 2387 2447 
3 2447 2449 2419 
3 2449 2450 2419 
3 2388 2420 2451 
3 2421 2419 2450 
3 2389 2421 2391 
3 2425 2423 2452 
3 2427 2425 2452 
3 2452 2453 2427 
3 2454 2426 2428 
3 2429 2427 2453 
3 2453 2455 2429 
3 2398 2429 2455 
3 2455 2456 2398 
3 2399 2398 2456 
3 2428 2399 2456 
3 2457 2431 2432 
3 2432 2458 2457 
3 2458 2432 2433 
3 2433 2459 2458 
3 2459 2433 2401 
3 2401 2460 2459 
3 2460 2401 2359 
3 2359 2402 2461 
3 2461 2460 2359 
3 2461 2402 2403 
3 2403 2462 2461 
3 2404 2463 2462 
3 2462 2403 2404 
3 2405 2463 2404 
3 2431 2457 2430 
3 2463 2436 2464 
3 2436 2463 2405 
3 2437 2435 2465 
3 2435 2434 2466 
3 2466 2465 2435 
3 2434 2430 2466 
3 2467 2438 2437 
3 2436 2408 2439 
3 2439 2468 2436 
3 2467 2441 2438 
3 2468 2439 2440 
3 2468 2440 2442 
3 2442 2469 2468 
3 2377 2441 2470 
3 2469 2442 2411 
3 2411 2471 2469 
3 2377 2472 2412 
3 2471 2411 2444 
3 2472 2473 2412 
3 2474 2471 2444 
3 2444 2475 2474 
3 2444 2443 2475 
3 2445 2412 2473 
3 2476 2474 2475 
3 2475 2446 2476 
3 2446 2475 2443 
3 2415 2476 2446 
3 2448 2477 2415 
3 2448 2388 2478 
3 2479 2449 2447 
3 2479 2450 2449 
3 2388 2451 2478 
3 2479 2421 2450 
3 2480 2478 2451 
3 2451 2420 2480 
3 2480 2420 2422 
3 2391 2421 2481 
3 2422 2482 2480 
3 2481 2483 2391 
3 2423 2391 2483 
3 2483 2484 2423 
3 2484 2452 2423 
3 2482 2422 2424 
3 2424 2485 2482 
3 2484 2486 2452 
3 2485 2424 2426 
3 2452 2486 2487 
3 2452 2487 2453 
3 2485 2426 2454 
3 2454 2488 2485 
3 2487 2489 2453 
3 2455 2453 2489 
3 2489 2490 2455 
3 2456 2455 2490 
3 2490 2491 2456 
3 2491 2492 2456 
3 2428 2456 2492 
3 2454 2428 2488 
3 2493 2494 2430 
3 2493 2430 2457 
3 2457 2495 2493 
3 2457 2496 2495 
3 2496 2457 2458 
3 2497 2496 2458 
3 2459 2498 2458 
3 2498 2459 2460 
3 2460 2499 2498 
3 2500 2499 2461 
3 2499 2460 2461 
3 2500 2461 2462 
3 2462 2501 2500 
3 2464 2501 2462 
3 2462 2463 2464 
3 2465 2466 2502 
3 2494 2502 2430 
3 2502 2466 2430 
3 2467 2437 2503 
3 2502 2503 2465 
3 2503 2437 2465 
3 2436 2468 2504 
3 2503 2505 2467 
3 2505 2441 2467 
3 2468 2469 2504 
3 2505 2470 2441 
3 2470 2472 2377 
3 2474 2506 2471 
3 2507 2474 2476 
3 2474 2507 2506 
3 2476 2415 2507 
3 2414 2445 2473 
3 2473 2508 2414 
3 2507 2415 2477 
3 2447 2414 2508 
3 2508 2509 2447 
3 2479 2447 2509 
3 2448 2478 2477 
3 2421 2479 2510 
3 2510 2511 2421 
3 2421 2511 2512 
3 2421 2512 2481 
3 2480 2513 2478 
3 2513 2480 2482 
3 2483 2481 2512 
3 2484 2483 2512 
3 2512 2514 2484 
3 2514 2486 2484 
3 2514 2515 2486 
3 2515 2487 2486 
3 2488 2516 2485 
3 2489 2487 2515 
3 2515 2517 2489 
3 2490 2489 2517 
3 2491 2518 2492 
3 2519 2428 2492 
3 2492 2518 2519 
3 2488 2428 2519 
3 2519 2516 2488 
3 2517 2520 2490 
3 2491 2490 2520 
3 2520 2521 2491 
3 2518 2491 2521 
3 2522 2493 2495 
3 2495 2496 2522 
3 2458 2498 2497 
3 2499 2500 2523 
3 2502 2494 2524 
3 2494 2493 2522 
3 2522 2524 2494 
3 2525 2501 2464 
3 2436 2525 2464 
3 2524 2503 2502 
3 2525 2504 2526 
3 2504 2525 2436 
3 2503 2527 2505 
3 2526 2504 2528 
3 2469 2528 2504 
3 2527 2470 2505 
3 2469 2529 2528 
3 2530 2472 2470 
3 2469 2531 2529 
3 2530 2532 2472 
3 2531 2469 2471 
3 2473 2472 2532 
3 2531 2471 2506 
3 2506 2533 2531 
3 2507 2534 2533 
3 2533 2506 2507 
3 2507 2535 2534 
3 2535 2507 2477 
3 2536 2509 2508 
3 2536 2537 2509 
3 2479 2509 2537 
3 2537 2510 2479 
3 2538 2477 2478 
3 2478 2539 2538 
3 2478 2540 2539 
3 2541 2540 2478 
3 2541 2513 2542 
3 2513 2541 2478 
3 2543 2542 2513 
3 2482 2543 2513 
3 2482 2485 2544 
3 2514 2512 2545 
3 2485 2546 2544 
3 2545 2515 2514 
3 2546 2485 2516 
3 2516 2547 2546 
3 2517 2515 2548 
3 2518 2549 2519 
3 2519 2547 2516 
3 2548 2550 2517 
3 2550 2520 2517 
3 2521 2520 2550 
3 2550 2549 2521 
3 2518 2521 2549 
3 2524 2522 2551 
3 2522 2552 2551 
3 2552 2522 2496 
3 2496 2553 2552 
3 2553 2496 2497 
3 2497 2554 2553 
3 2554 2497 2498 
3 2498 2555 2554 
3 2555 2498 2499 
3 2499 2523 2555 
3 2500 2556 2523 
3 2500 2557 2556 
3 2500 2501 2557 
3 2557 2501 2525 
3 2524 2558 2503 
3 2526 2557 2525 
3 2527 2503 2559 
3 2503 2558 2559 
3 2526 2528 2529 
3 2560 2530 2470 
3 2470 2527 2560 
3 2560 2561 2530 
3 2532 2530 2561 
3 2561 2562 2532 
3 2562 2563 2532 
3 2564 2531 2533 
3 2473 2532 2563 
3 2565 2533 2534 
3 2533 2565 2564 
3 2563 2566 2473 
3 2565 2534 2535 
3 2535 2567 2565 
3 2508 2473 2566 
3 2566 2568 2508 
3 2536 2508 2568 
3 2568 2569 2536 
3 2477 2570 2535 
3 2537 2536 2569 
3 2569 2571 2537 
3 2570 2477 2538 
3 2510 2537 2571 
3 2571 2572 2510 
3 2538 2573 2570 
3 2538 2539 2573 
3 2511 2510 2572 
3 2573 2539 2540 
3 2573 2540 2541 
3 2541 2574 2573 
3 2511 2575 2512 
3 2574 2541 2542 
3 2542 2576 2574 
3 2576 2542 2543 
3 2543 2577 2576 
3 2577 2543 2482 
3 2545 2512 2578 
3 2577 2482 2544 
3 2544 2579 2577 
3 2580 2579 2544 
3 2544 2546 2580 
3 2578 2581 2545 
3 2515 2545 2581 
3 2547 2582 2546 
3 2548 2515 2583 
3 2584 2519 2549 
3 2547 2519 2584 
3 2584 2582 2547 
3 2583 2585 2548 
3 2550 2548 2585 
3 2585 2586 2550 
3 2549 2550 2586 
3 2586 2587 2549 
3 2587 2584 2549 
3 2552 2588 2551 
3 2552 2589 2588 
3 2552 2553 2589 
3 2553 2590 2589 
3 2590 2553 2554 
3 2554 2591 2590 
3 2591 2554 2555 
3 2591 2555 2523 
3 2523 2592 2591 
3 2592 2523 2556 
3 2558 2524 2593 
3 2524 2594 2593 
3 2594 2524 2551 
3 2557 2595 2556 
3 2557 2526 2595 
3 2559 2558 2593 
3 2596 2595 2526 
3 2526 2529 2596 
3 2529 2597 2596 
3 2597 2529 2531 
3 2531 2598 2597 
3 2561 2599 2562 
3 2598 2531 2564 
3 2563 2562 2599 
3 2564 2600 2598 
3 2600 2564 2565 
3 2600 2565 2567 
3 2601 2567 2535 
3 2568 2571 2569 
3 2535 2570 2602 
3 2602 2601 2535 
3 2570 2603 2602 
3 2570 2604 2603 
3 2604 2570 2573 
3 2573 2605 2604 
3 2572 2575 2511 
3 2605 2573 2574 
3 2574 2576 2605 
3 2578 2512 2575 
3 2606 2577 2579 
3 2606 2579 2580 
3 2580 2607 2606 
3 2581 2578 2608 
3 2607 2580 2546 
3 2546 2609 2607 
3 2608 2515 2581 
3 2515 2608 2583 
3 2609 2546 2582 
3 2609 2582 2584 
3 2584 2610 2609 
3 2611 2585 2583 
3 2611 2612 2586 
3 2586 2585 2611 
3 2587 2586 2612 
3 2612 2613 2587 
3 2610 2584 2587 
3 2587 2613 2610 
3 2594 2614 2593 
3 2615 2614 2594 
3 2615 2594 2551 
3 2551 2616 2615 
3 2616 2551 2588 
3 2588 2617 2616 
3 2617 2588 2589 
3 2618 2617 2589 
3 2618 2589 2590 
3 2590 2619 2618 
3 2619 2590 2591 
3 2591 2620 2619 
3 2591 2621 2620 
3 2621 2591 2592 
3 2622 2621 2592 
3 2592 2623 2622 
3 2592 2556 2623 
3 2595 2623 2556 
3 2559 2593 2624 
3 2624 2625 2559 
3 2614 2624 2593 
3 2595 2596 2626 
3 2625 2627 2559 
3 2627 2527 2559 
3 2561 2560 2628 
3 2560 2527 2627 
3 2627 2628 2560 
3 2596 2597 2598 
3 2599 2561 2628 
3 2566 2563 2629 
3 2567 2630 2600 
3 2568 2566 2629 
3 2629 2631 2568 
3 2630 2567 2601 
3 2601 2632 2630 
3 2571 2568 2631 
3 2602 2603 2632 
3 2632 2601 2602 
3 2572 2571 2633 
3 2633 2634 2572 
3 2634 2635 2572 
3 2636 2637 2604 
3 2604 2605 2636 
3 2572 2635 2638 
3 2638 2575 2572 
3 2605 2639 2636 
3 2605 2576 2639 
3 2576 2577 2639 
3 2638 2640 2575 
3 2640 2578 2575 
3 2577 2606 2639 
3 2607 2641 2606 
3 2608 2578 2640 
3 2640 2642 2608 
3 2641 2607 2609 
3 2642 2643 2608 
3 2583 2608 2643 
3 2643 2644 2583 
3 2610 2645 2609 
3 2583 2644 2611 
3 2646 2610 2613 
3 2610 2646 2645 
3 2647 2612 2611 
3 2613 2612 2647 
3 2648 2616 2617 
3 2617 2649 2648 
3 2649 2617 2618 
3 2618 2650 2649 
3 2650 2618 2619 
3 2619 2651 2650 
3 2651 2619 2620 
3 2652 2620 2621 
3 2653 2652 2621 
3 2653 2621 2622 
3 2625 2624 2654 
3 2654 2624 2614 
3 2614 2655 2654 
3 2655 2614 2615 
3 2656 2655 2615 
3 2656 2615 2616 
3 2616 2648 2656 
3 2651 2620 2652 
3 2626 2623 2595 
3 2627 2625 2657 
3 2654 2657 2625 
3 2626 2596 2658 
3 2657 2628 2627 
3 2596 2659 2658 
3 2658 2659 2598 
3 2659 2596 2598 
3 2599 2660 2563 
3 2660 2629 2563 
3 2660 2661 2629 
3 2662 2600 2630 
3 2631 2629 2661 
3 2663 2631 2661 
3 2663 2571 2631 
3 2633 2571 2663 
3 2663 2664 2633 
3 2603 2604 2665 
3 2634 2633 2664 
3 2665 2604 2637 
3 2635 2634 2664 
3 2664 2666 2635 
3 2666 2667 2635 
3 2665 2637 2636 
3 2636 2668 2665 
3 2638 2635 2667 
3 2667 2669 2638 
3 2668 2636 2639 
3 2669 2670 2638 
3 2640 2638 2670 
3 2670 2671 2640 
3 2606 2672 2639 
3 2640 2671 2673 
3 2673 2642 2640 
3 2673 2643 2642 
3 2644 2643 2673 
3 2609 2645 2674 
3 2609 2674 2641 
3 2644 2675 2611 
3 2646 2676 2674 
3 2645 2646 2674 
3 2647 2611 2675 
3 2675 2677 2647 
3 2613 2647 2677 
3 2677 2678 2613 
3 2646 2678 2676 
3 2646 2613 2678 
3 2679 2655 2656 
3 2679 2656 2648 
3 2648 2680 2679 
3 2680 2648 2649 
3 2681 2680 2649 
3 2681 2649 2650 
3 2650 2682 2681 
3 2682 2650 2651 
3 2651 2683 2682 
3 2683 2651 2652 
3 2652 2684 2683 
3 2652 2653 2684 
3 2622 2685 2653 
3 2685 2622 2623 
3 2623 2686 2685 
3 2686 2623 2626 
3 2655 2687 2654 
3 2687 2657 2654 
3 2658 2686 2626 
3 2628 2657 2687 
3 2687 2688 2628 
3 2688 2689 2628 
3 2598 2690 2658 
3 2628 2689 2691 
3 2691 2599 2628 
3 2598 2692 2690 
3 2691 2660 2599 
3 2692 2598 2600 
3 2691 2693 2660 
3 2692 2600 2662 
3 2661 2660 2693 
3 2630 2694 2662 
3 2693 2663 2661 
3 2694 2630 2632 
3 2603 2665 2632 
3 2664 2695 2666 
3 2667 2666 2695 
3 2665 2668 2696 
3 2669 2667 2695 
3 2695 2697 2669 
3 2668 2698 2696 
3 2669 2697 2699 
3 2699 2670 2669 
3 2698 2668 2639 
3 2639 2700 2698 
3 2639 2701 2702 
3 2639 2702 2700 
3 2670 2699 2671 
3 2639 2672 2701 
3 2672 2606 2701 
3 2701 2606 2641 
3 2644 2673 2703 
3 2644 2703 2675 
3 2704 2674 2676 
3 2703 2705 2675 
3 2677 2675 2705 
3 2678 2677 2705 
3 2705 2706 2678 
3 2676 2678 2706 
3 2676 2706 2704 
3 2655 2679 2707 
3 2679 2708 2707 
3 2708 2679 2680 
3 2680 2709 2708 
3 2709 2680 2681 
3 2681 2710 2709 
3 2710 2681 2682 
3 2682 2711 2710 
3 2711 2682 2683 
3 2683 2712 2711 
3 2712 2683 2684 
3 2713 2684 2653 
3 2713 2653 2685 
3 2687 2655 2714 
3 2715 2714 2655 
3 2655 2707 2715 
3 2686 2716 2685 
3 2686 2658 2716 
3 2714 2688 2687 
3 2688 2691 2689 
3 2692 2717 2690 
3 2693 2691 2718 
3 2717 2692 2662 
3 2717 2662 2694 
3 2694 2719 2717 
3 2693 2720 2663 
3 2719 2694 2632 
3 2663 2720 2721 
3 2664 2663 2721 
3 2721 2722 2664 
3 2723 2632 2665 
3 2664 2722 2724 
3 2724 2695 2664 
3 2665 2696 2723 
3 2724 2697 2695 
3 2698 2723 2696 
3 2698 2725 2723 
3 2698 2700 2725 
3 2702 2701 2726 
3 2726 2725 2700 
3 2700 2702 2726 
3 2699 2727 2671 
3 2727 2728 2671 
3 2728 2673 2671 
3 2641 2729 2701 
3 2641 2730 2729 
3 2730 2641 2674 
3 2731 2674 2704 
3 2704 2732 2731 
3 2674 2731 2730 
3 2703 2733 2705 
3 2733 2734 2705 
3 2706 2705 2734 
3 2734 2735 2706 
3 2704 2735 2732 
3 2704 2706 2735 
3 2709 2736 2708 
3 2709 2737 2736 
3 2737 2709 2710 
3 2711 2738 2710 
3 2707 2736 2715 
3 2736 2707 2708 
3 2710 2738 2737 
3 2738 2711 2712 
3 2712 2739 2738 
3 2739 2712 2684 
3 2684 2740 2739 
3 2741 2740 2713 
3 2740 2684 2713 
3 2713 2742 2741 
3 2713 2685 2742 
3 2742 2685 2716 
3 2743 2688 2714 
3 2658 2744 2716 
3 2743 2745 2688 
3 2746 2744 2658 
3 2690 2746 2658 
3 2691 2688 2745 
3 2745 2747 2691 
3 2748 2746 2690 
3 2690 2717 2748 
3 2718 2691 2747 
3 2717 2749 2748 
3 2718 2750 2693 
3 2749 2717 2719 
3 2720 2693 2750 
3 2721 2720 2751 
3 2752 2719 2632 
3 2751 2722 2721 
3 2752 2632 2723 
3 2722 2751 2753 
3 2753 2754 2722 
3 2754 2724 2722 
3 2724 2754 2755 
3 2724 2755 2697 
3 2755 2699 2697 
3 2723 2725 2756 
3 2755 2757 2699 
3 2727 2699 2757 
3 2758 2726 2701 
3 2726 2758 2725 
3 2727 2757 2728 
3 2759 2758 2701 
3 2701 2729 2759 
3 2759 2729 2730 
3 2703 2673 2760 
3 2761 2731 2732 
3 2761 2730 2731 
3 2760 2762 2703 
3 2703 2762 2733 
3 2732 2735 2763 
3 2734 2764 2735 
3 2764 2763 2735 
3 2765 2714 2715 
3 2715 2766 2765 
3 2766 2715 2736 
3 2736 2767 2766 
3 2767 2736 2737 
3 2737 2768 2767 
3 2768 2737 2738 
3 2738 2769 2768 
3 2738 2770 2769 
3 2770 2738 2739 
3 2739 2771 2770 
3 2771 2739 2740 
3 2740 2772 2771 
3 2772 2740 2741 
3 2773 2743 2714 
3 2714 2765 2773 
3 2742 2716 2744 
3 2745 2743 2773 
3 2774 2744 2746 
3 2746 2748 2774 
3 2774 2748 2775 
3 2749 2775 2748 
3 2747 2776 2718 
3 2750 2718 2776 
3 2776 2777 2750 
3 2775 2749 2719 
3 2777 2720 2750 
3 2720 2778 2751 
3 2753 2751 2778 
3 2778 2779 2753 
3 2723 2756 2752 
3 2779 2780 2753 
3 2754 2753 2780 
3 2755 2754 2780 
3 2780 2781 2755 
3 2756 2725 2782 
3 2755 2781 2783 
3 2783 2757 2755 
3 2782 2725 2758 
3 2728 2757 2783 
3 2783 2784 2728 
3 2758 2759 2785 
3 2728 2784 2786 
3 2728 2786 2787 
3 2787 2673 2728 
3 2673 2787 2760 
3 2730 2761 2759 
3 2732 2763 2761 
3 2762 2788 2733 
3 2734 2733 2788 
3 2764 2734 2788 
3 2766 2789 2765 
3 2790 2789 2766 
3 2790 2766 2767 
3 2767 2791 2790 
3 2791 2767 2768 
3 2768 2792 2791 
3 2792 2768 2769 
3 2769 2793 2792 
3 2793 2769 2770 
3 2794 2770 2771 
3 2771 2795 2794 
3 2773 2765 2789 
3 2770 2794 2793 
3 2795 2771 2772 
3 2772 2796 2795 
3 2796 2772 2741 
3 2797 2796 2741 
3 2741 2742 2797 
3 2744 2797 2742 
3 2798 2745 2773 
3 2799 2797 2744 
3 2747 2745 2800 
3 2798 2800 2745 
3 2744 2801 2799 
3 2744 2774 2801 
3 2801 2774 2775 
3 2776 2747 2800 
3 2800 2802 2776 
3 2777 2776 2802 
3 2802 2803 2777 
3 2801 2775 2719 
3 2719 2804 2801 
3 2720 2777 2803 
3 2803 2805 2720 
3 2805 2806 2720 
3 2804 2719 2752 
3 2752 2807 2804 
3 2778 2720 2806 
3 2808 2779 2778 
3 2809 2752 2756 
3 2752 2809 2807 
3 2779 2808 2810 
3 2810 2780 2779 
3 2810 2811 2780 
3 2811 2812 2780 
3 2812 2781 2780 
3 2781 2812 2813 
3 2756 2814 2815 
3 2756 2782 2814 
3 2813 2816 2781 
3 2816 2783 2781 
3 2783 2816 2817 
3 2782 2758 2818 
3 2819 2814 2782 
3 2782 2818 2819 
3 2817 2784 2783 
3 2785 2818 2758 
3 2785 2819 2818 
3 2759 2820 2785 
3 2786 2821 2787 
3 2820 2759 2761 
3 2760 2787 2821 
3 2822 2761 2763 
3 2761 2822 2820 
3 2821 2823 2760 
3 2762 2760 2823 
3 2763 2824 2822 
3 2762 2825 2788 
3 2825 2826 2788 
3 2764 2788 2826 
3 2763 2826 2824 
3 2763 2764 2826 
3 2773 2789 2827 
3 2789 2828 2827 
3 2789 2829 2828 
3 2829 2789 2790 
3 2829 2790 2791 
3 2791 2830 2829 
3 2830 2791 2792 
3 2792 2831 2830 
3 2831 2792 2793 
3 2793 2832 2831 
3 2832 2793 2794 
3 2795 2833 2794 
3 2833 2795 2796 
3 2796 2834 2833 
3 2796 2835 2834 
3 2797 2835 2796 
3 2827 2798 2773 
3 2835 2836 2837 
3 2836 2835 2797 
3 2799 2836 2797 
3 2800 2798 2838 
3 2839 2837 2836 
3 2836 2801 2839 
3 2801 2836 2799 
3 2800 2840 2802 
3 2803 2802 2840 
3 2841 2801 2804 
3 2803 2842 2805 
3 2842 2843 2805 
3 2804 2844 2841 
3 2806 2805 2843 
3 2844 2804 2807 
3 2778 2806 2843 
3 2843 2808 2778 
3 2809 2756 2845 
3 2807 2845 2846 
3 2807 2809 2845 
3 2808 2847 2810 
3 2815 2845 2756 
3 2815 2846 2845 
3 2811 2810 2847 
3 2847 2848 2811 
3 2812 2811 2848 
3 2813 2812 2848 
3 2848 2849 2813 
3 2816 2813 2849 
3 2817 2816 2849 
3 2849 2850 2817 
3 2817 2850 2851 
3 2851 2784 2817 
3 2851 2786 2784 
3 2786 2851 2852 
3 2785 2820 2853 
3 2853 2854 2785 
3 2852 2855 2786 
3 2855 2821 2786 
3 2820 2822 2856 
3 2856 2853 2820 
3 2857 2822 2824 
3 2822 2857 2856 
3 2858 2762 2823 
3 2825 2762 2858 
3 2825 2859 2826 
3 2859 2860 2826 
3 2824 2826 2860 
3 2824 2860 2857 
3 2828 2861 2827 
3 2829 2862 2828 
3 2862 2829 2830 
3 2831 2863 2830 
3 2831 2864 2863 
3 2864 2831 2832 
3 2832 2865 2864 
3 2865 2832 2794 
3 2865 2794 2833 
3 2866 2838 2798 
3 2861 2866 2798 
3 2861 2798 2827 
3 2867 2865 2833 
3 2833 2868 2867 
3 2868 2833 2834 
3 2834 2869 2868 
3 2870 2834 2835 
3 2870 2869 2834 
3 2837 2870 2835 
3 2866 2871 2838 
3 2871 2800 2838 
3 2837 2839 2870 
3 2840 2800 2871 
3 2872 2839 2801 
3 2801 2841 2872 
3 2842 2803 2840 
3 2808 2843 2873 
3 2874 2847 2808 
3 2874 2848 2847 
3 2874 2875 2848 
3 2875 2849 2848 
3 2876 2815 2814 
3 2814 2877 2876 
3 2815 2876 2846 
3 2877 2814 2819 
3 2819 2878 2877 
3 2878 2819 2785 
3 2785 2879 2878 
3 2850 2852 2851 
3 2879 2785 2854 
3 2852 2880 2855 
3 2880 2821 2855 
3 2856 2881 2853 
3 2823 2821 2880 
3 2856 2857 2882 
3 2882 2881 2856 
3 2823 2883 2858 
3 2825 2858 2883 
3 2882 2857 2860 
3 2883 2884 2825 
3 2859 2825 2884 
3 2884 2885 2859 
3 2885 2860 2859 
3 2886 2861 2828 
3 2828 2887 2886 
3 2887 2828 2862 
3 2887 2862 2830 
3 2830 2888 2887 
3 2888 2830 2863 
3 2863 2889 2888 
3 2889 2863 2864 
3 2866 2861 2890 
3 2861 2886 2890 
3 2889 2864 2865 
3 2865 2867 2889 
3 2891 2867 2868 
3 2868 2869 2891 
3 2892 2871 2866 
3 2890 2892 2866 
3 2870 2893 2869 
3 2893 2870 2839 
3 2839 2894 2893 
3 2895 2840 2871 
3 2839 2872 2894 
3 2895 2896 2840 
3 2872 2897 2894 
3 2872 2841 2897 
3 2842 2840 2896 
3 2843 2842 2896 
3 2896 2898 2843 
3 2897 2841 2844 
3 2844 2899 2897 
3 2873 2843 2898 
3 2844 2900 2899 
3 2844 2807 2900 
3 2901 2808 2873 
3 2807 2846 2900 
3 2901 2902 2808 
3 2902 2874 2808 
3 2877 2903 2876 
3 2875 2904 2849 
3 2877 2878 2903 
3 2850 2849 2904 
3 2850 2904 2852 
3 2854 2905 2879 
3 2905 2854 2853 
3 2853 2906 2905 
3 2906 2853 2881 
3 2880 2907 2823 
3 2883 2823 2907 
3 2882 2860 2908 
3 2908 2881 2882 
3 2907 2909 2883 
3 2909 2910 2883 
3 2910 2884 2883 
3 2885 2884 2910 
3 2860 2885 2911 
3 2888 2912 2887 
3 2890 2886 2913 
3 2886 2914 2913 
3 2914 2886 2887 
3 2887 2915 2914 
3 2912 2915 2887 
3 2888 2916 2912 
3 2916 2888 2889 
3 2867 2917 2889 
3 2867 2891 2917 
3 2913 2892 2890 
3 2918 2891 2869 
3 2869 2919 2918 
3 2919 2869 2893 
3 2892 2895 2871 
3 2893 2920 2919 
3 2894 2920 2893 
3 2921 2896 2895 
3 2899 2922 2897 
3 2922 2899 2900 
3 2898 2901 2873 
3 2846 2923 2900 
3 2901 2924 2902 
3 2874 2902 2924 
3 2923 2846 2876 
3 2876 2925 2923 
3 2874 2924 2926 
3 2926 2875 2874 
3 2925 2876 2903 
3 2926 2927 2875 
3 2903 2928 2925 
3 2875 2927 2904 
3 2929 2903 2878 
3 2878 2930 2929 
3 2903 2929 2928 
3 2878 2931 2930 
3 2931 2878 2879 
3 2932 2852 2904 
3 2852 2932 2933 
3 2906 2934 2905 
3 2852 2933 2935 
3 2935 2880 2852 
3 2934 2906 2881 
3 2907 2880 2936 
3 2937 2860 2911 
3 2908 2860 2937 
3 2937 2938 2908 
3 2938 2881 2908 
3 2936 2939 2907 
3 2939 2909 2907 
3 2910 2909 2939 
3 2939 2940 2910 
3 2885 2910 2940 
3 2911 2885 2940 
3 2940 2941 2911 
3 2911 2941 2937 
3 2942 2913 2914 
3 2914 2943 2942 
3 2943 2914 2915 
3 2915 2944 2943 
3 2944 2915 2912 
3 2912 2916 2944 
3 2945 2916 2889 
3 2945 2889 2917 
3 2946 2947 2892 
3 2946 2892 2913 
3 2913 2942 2946 
3 2917 2948 2945 
3 2948 2917 2891 
3 2891 2949 2948 
3 2949 2891 2918 
3 2918 2919 2949 
3 2947 2950 2895 
3 2947 2895 2892 
3 2895 2950 2951 
3 2952 2920 2894 
3 2895 2951 2921 
3 2894 2897 2952 
3 2896 2921 2953 
3 2954 2952 2897 
3 2898 2896 2953 
3 2954 2897 2955 
3 2922 2955 2897 
3 2953 2956 2898 
3 2955 2922 2900 
3 2900 2957 2955 
3 2901 2898 2956 
3 2956 2958 2901 
3 2957 2900 2923 
3 2959 2926 2924 
3 2959 2927 2926 
3 2928 2960 2925 
3 2959 2961 2927 
3 2961 2904 2927 
3 2960 2929 2930 
3 2960 2928 2929 
3 2962 2960 2930 
3 2930 2931 2962 
3 2962 2879 2963 
3 2879 2962 2931 
3 2961 2964 2904 
3 2932 2904 2964 
3 2905 2963 2879 
3 2933 2932 2964 
3 2964 2965 2933 
3 2935 2933 2965 
3 2965 2966 2935 
3 2881 2938 2934 
3 2880 2935 2966 
3 2966 2967 2880 
3 2936 2880 2967 
3 2937 2968 2938 
3 2936 2969 2939 
3 2940 2939 2969 
3 2969 2970 2940 
3 2941 2940 2970 
3 2937 2941 2968 
3 2942 2943 2971 
3 2971 2943 2944 
3 2944 2972 2971 
3 2972 2944 2916 
3 2916 2973 2972 
3 2945 2973 2916 
3 2947 2946 2974 
3 2974 2975 2947 
3 2974 2946 2942 
3 2942 2976 2974 
3 2942 2971 2976 
3 2945 2977 2973 
3 2977 2945 2948 
3 2948 2949 2977 
3 2975 2950 2947 
3 2919 2978 2949 
3 2919 2979 2978 
3 2979 2919 2920 
3 2980 2951 2950 
3 2950 2975 2980 
3 2920 2981 2979 
3 2981 2920 2952 
3 2954 2981 2952 
3 2953 2921 2951 
3 2955 2982 2954 
3 2953 2983 2956 
3 2982 2955 2957 
3 2958 2956 2983 
3 2901 2958 2984 
3 2923 2985 2957 
3 2984 2924 2901 
3 2985 2923 2925 
3 2924 2984 2959 
3 2960 2985 2925 
3 2984 2986 2959 
3 2959 2986 2987 
3 2959 2987 2961 
3 2962 2988 2960 
3 2989 2962 2963 
3 2962 2989 2988 
3 2990 2964 2961 
3 2905 2991 2989 
3 2989 2963 2905 
3 2964 2990 2992 
3 2992 2965 2964 
3 2993 2905 2934 
3 2905 2993 2991 
3 2992 2966 2965 
3 2994 2934 2938 
3 2934 2994 2993 
3 2966 2992 2995 
3 2996 2997 2995 
3 2997 2967 2966 
3 2966 2995 2997 
3 2967 2997 2936 
3 2938 2968 2994 
3 2996 2998 2997 
3 2936 2997 2998 
3 2969 2936 2999 
3 2970 2969 2999 
3 2999 3000 2970 
3 3000 3001 2970 
3 3002 2941 2970 
3 2970 3001 3002 
3 2968 2941 3002 
3 3003 2976 2971 
3 3003 2971 2972 
3 2972 3004 3003 
3 2972 3005 3004 
3 3005 2972 2973 
3 2973 3006 3005 
3 3006 2973 2977 
3 2975 2974 2976 
3 2976 3007 2975 
3 2951 2980 3007 
3 2980 2975 3007 
3 2979 3008 2978 
3 2979 2981 3008 
3 2981 3009 3008 
3 2981 2954 3009 
3 2951 3010 2953 
3 3011 3009 2954 
3 3010 3012 2953 
3 2954 2982 3011 
3 2983 2953 3012 
3 3012 3013 2983 
3 3011 2982 2957 
3 2957 3014 3011 
3 2958 2983 3013 
3 3013 3015 2958 
3 2957 3016 3014 
3 3015 3017 2958 
3 3017 3018 2958 
3 2984 2958 3018 
3 3016 2957 2985 
3 2986 3019 2987 
3 2960 2988 3020 
3 2987 3019 3021 
3 3021 2961 2987 
3 3020 2988 2989 
3 3021 3022 2961 
3 3022 2990 2961 
3 2991 3023 2989 
3 2991 3024 3023 
3 2992 2990 3022 
3 3024 2991 2993 
3 2993 3025 3024 
3 2992 3022 3026 
3 3025 2993 2994 
3 3026 3027 2992 
3 3027 2995 2992 
3 2996 2995 3027 
3 3028 2994 2968 
3 2968 3029 3028 
3 2998 2996 3027 
3 2936 2998 3030 
3 2936 3030 2999 
3 3002 3001 3031 
3 3031 2968 3002 
3 2968 3031 3029 
3 3030 3032 2999 
3 3000 2999 3032 
3 3032 3033 3000 
3 3001 3000 3033 
3 3001 3033 3031 
3 3034 2976 3003 
3 3003 3035 3034 
3 3003 3004 3035 
3 3036 3004 3005 
3 3005 3037 3036 
3 3037 3005 3006 
3 3037 3006 2977 
3 2977 3038 3037 
3 3038 2977 2949 
3 2949 3039 3038 
3 3039 2949 2978 
3 2978 3040 3039 
3 2978 3008 3040 
3 2951 3007 3041 
3 3010 2951 3041 
3 3011 3042 3009 
3 3010 3043 3013 
3 3013 3012 3010 
3 3042 3011 3014 
3 3015 3013 3043 
3 3017 3015 3043 
3 3017 3044 3018 
3 2985 3045 3016 
3 2984 3018 3044 
3 3044 3046 2984 
3 3046 2986 2984 
3 3045 2985 2960 
3 3046 3019 2986 
3 3045 2960 3020 
3 3019 3046 3047 
3 3047 3021 3019 
3 3048 3020 2989 
3 3047 3049 3021 
3 3022 3021 3049 
3 3050 2989 3023 
3 3023 3051 3050 
3 2989 3050 3048 
3 3022 3049 3052 
3 3053 3023 3024 
3 3023 3053 3051 
3 3052 3054 3022 
3 3055 3053 3024 
3 3024 3025 3055 
3 3026 3022 3054 
3 3054 3056 3026 
3 2994 3055 3025 
3 3056 3027 3026 
3 2994 3057 3055 
3 2994 3028 3057 
3 3058 3055 3057 
3 3057 3029 3058 
3 3029 3057 3028 
3 3059 2998 3027 
3 3030 2998 3059 
3 3029 3060 3058 
3 3029 3031 3060 
3 3030 3061 3032 
3 3033 3032 3061 
3 3061 3062 3033 
3 3031 3033 3062 
3 3034 3035 3063 
3 3063 3064 3034 
3 3035 3065 3063 
3 3065 3035 3004 
3 3004 3066 3065 
3 3066 3004 3036 
3 3066 3036 3037 
3 3067 3007 2976 
3 2976 3068 3067 
3 3064 3068 3034 
3 3068 2976 3034 
3 3038 3069 3037 
3 3041 3007 3067 
3 3067 3070 3041 
3 3038 3071 3069 
3 3071 3038 3039 
3 3039 3072 3071 
3 3039 3040 3072 
3 3008 3073 3040 
3 3008 3009 3073 
3 3010 3041 3070 
3 3070 3074 3010 
3 3009 3075 3073 
3 3076 3075 3009 
3 3009 3042 3076 
3 3043 3010 3074 
3 3074 3077 3043 
3 3042 3014 3076 
3 3077 3078 3043 
3 3017 3043 3078 
3 3076 3014 3016 
3 3016 3079 3076 
3 3078 3080 3017 
3 3017 3080 3044 
3 3016 3045 3079 
3 3044 3080 3081 
3 3081 3082 3044 
3 3044 3082 3046 
3 3046 3082 3083 
3 3084 3045 3020 
3 3083 3085 3046 
3 3085 3086 3046 
3 3020 3048 3084 
3 3047 3046 3086 
3 3087 3049 3047 
3 3088 3050 3051 
3 3051 3089 3088 
3 3050 3088 3048 
3 3087 3052 3049 
3 3090 3089 3051 
3 3051 3053 3090 
3 3087 3054 3052 
3 3053 3055 3090 
3 3087 3091 3054 
3 3091 3056 3054 
3 3091 3092 3056 
3 3092 3027 3056 
3 3091 3093 3092 
3 3027 3092 3093 
3 3059 3027 3094 
3 3027 3093 3094 
3 3060 3095 3058 
3 3094 3096 3059 
3 3096 3061 3059 
3 3061 3030 3059 
3 3061 3097 3062 
3 3031 3062 3097 
3 3060 3097 3095 
3 3060 3031 3097 
3 3066 3098 3065 
3 3067 3068 3099 
3 3099 3100 3067 
3 3099 3068 3064 
3 3064 3101 3099 
3 3064 3063 3101 
3 3101 3063 3065 
3 3065 3102 3101 
3 3102 3065 3098 
3 3066 3103 3098 
3 3103 3066 3037 
3 3037 3104 3103 
3 3104 3037 3069 
3 3100 3070 3067 
3 3105 3069 3071 
3 3071 3106 3105 
3 3106 3071 3072 
3 3040 3107 3072 
3 3040 3073 3107 
3 3108 3077 3074 
3 3070 3108 3074 
3 3075 3107 3073 
3 3077 3109 3078 
3 3080 3078 3109 
3 3109 3110 3080 
3 3110 3111 3080 
3 3045 3112 3079 
3 3081 3080 3111 
3 3082 3081 3111 
3 3045 3113 3112 
3 3113 3045 3084 
3 3082 3114 3083 
3 3085 3083 3114 
3 3086 3085 3114 
3 3115 3084 3048 
3 3086 3114 3087 
3 3086 3087 3047 
3 3116 3115 3048 
3 3048 3088 3116 
3 3116 3088 3089 
3 3089 3117 3116 
3 3089 3090 3117 
3 3118 3090 3055 
3 3090 3118 3117 
3 3119 3091 3087 
3 3119 3120 3091 
3 3091 3120 3121 
3 3121 3093 3091 
3 3058 3122 3055 
3 3121 3123 3093 
3 3094 3093 3123 
3 3123 3124 3094 
3 3095 3125 3058 
3 3096 3094 3124 
3 3061 3096 3124 
3 3124 3126 3061 
3 3097 3061 3126 
3 3126 3127 3097 
3 3127 3128 3097 
3 3095 3097 3128 
3 3128 3125 3095 
3 3100 3099 3129 
3 3129 3099 3101 
3 3101 3130 3129 
3 3101 3131 3130 
3 3131 3101 3102 
3 3102 3132 3131 
3 3132 3102 3098 
3 3098 3103 3132 
3 3133 3103 3104 
3 3104 3134 3133 
3 3104 3069 3134 
3 3134 3069 3105 
3 3105 3135 3134 
3 3135 3105 3106 
3 3106 3136 3135 
3 3106 3072 3136 
3 3136 3072 3107 
3 3137 3107 3075 
3 3138 3137 3075 
3 3075 3076 3138 
3 3109 3077 3139 
3 3139 3140 3109 
3 3138 3076 3079 
3 3079 3141 3138 
3 3110 3109 3140 
3 3140 3142 3110 
3 3111 3110 3142 
3 3141 3079 3112 
3 3112 3143 3141 
3 3111 3142 3144 
3 3111 3144 3082 
3 3144 3145 3082 
3 3143 3112 3113 
3 3082 3145 3146 
3 3146 3114 3082 
3 3084 3147 3113 
3 3114 3146 3148 
3 3147 3084 3115 
3 3148 3087 3114 
3 3115 3149 3147 
3 3149 3115 3116 
3 3087 3148 3150 
3 3149 3116 3117 
3 3117 3151 3149 
3 3150 3152 3087 
3 3151 3117 3118 
3 3119 3087 3152 
3 3118 3153 3151 
3 3119 3152 3154 
3 3119 3154 3120 
3 3153 3118 3055 
3 3154 3155 3120 
3 3155 3121 3120 
3 3153 3055 3122 
3 3123 3121 3155 
3 3122 3058 3125 
3 3123 3156 3124 
3 3156 3157 3126 
3 3126 3124 3156 
3 3128 3127 3158 
3 3125 3128 3158 
3 3158 3122 3125 
3 3157 3159 3126 
3 3127 3126 3159 
3 3159 3158 3127 
3 3160 3132 3103 
3 3070 3100 3161 
3 3161 3162 3070 
3 3161 3100 3129 
3 3161 3129 3130 
3 3160 3103 3133 
3 3163 3133 3134 
3 3162 3164 3070 
3 3135 3165 3134 
3 3135 3166 3165 
3 3166 3135 3136 
3 3077 3108 3167 
3 3108 3070 3164 
3 3164 3167 3108 
3 3136 3168 3166 
3 3136 3107 3168 
3 3168 3107 3137 
3 3167 3169 3077 
3 3137 3170 3168 
3 3137 3171 3170 
3 3137 3138 3171 
3 3169 3172 3077 
3 3172 3139 3077 
3 3140 3139 3172 
3 3172 3173 3140 
3 3141 3174 3138 
3 3142 3140 3173 
3 3144 3142 3175 
3 3175 3176 3144 
3 3144 3176 3145 
3 3176 3177 3145 
3 3177 3146 3145 
3 3146 3177 3178 
3 3178 3148 3146 
3 3148 3179 3150 
3 3150 3179 3180 
3 3180 3152 3150 
3 3180 3181 3152 
3 3182 3151 3153 
3 3154 3152 3181 
3 3181 3183 3154 
3 3153 3122 3182 
3 3183 3184 3154 
3 3155 3154 3184 
3 3184 3185 3155 
3 3123 3155 3185 
3 3185 3186 3123 
3 3156 3123 3187 
3 3123 3186 3187 
3 3122 3158 3188 
3 3187 3189 3156 
3 3189 3157 3156 
3 3159 3157 3189 
3 3189 3190 3159 
3 3158 3159 3190 
3 3162 3161 3191 
3 3191 3161 3130 
3 3130 3192 3191 
3 3192 3130 3131 
3 3192 3131 3132 
3 3132 3193 3192 
3 3193 3132 3160 
3 3160 3194 3193 
3 3194 3160 3133 
3 3133 3195 3194 
3 3195 3133 3163 
3 3163 3196 3195 
3 3163 3197 3196 
3 3134 3197 3163 
3 3162 3191 3164 
3 3134 3165 3197 
3 3167 3164 3198 
3 3169 3167 3198 
3 3168 3199 3166 
3 3200 3199 3168 
3 3168 3170 3200 
3 3171 3200 3170 
3 3169 3201 3172 
3 3202 3200 3171 
3 3171 3138 3202 
3 3173 3172 3201 
3 3138 3174 3202 
3 3203 3173 3201 
3 3203 3204 3142 
3 3142 3173 3203 
3 3141 3205 3174 
3 3205 3141 3143 
3 3143 3206 3205 
3 3204 3207 3142 
3 3206 3143 3113 
3 3175 3142 3207 
3 3207 3208 3175 
3 3113 3209 3206 
3 3176 3175 3208 
3 3208 3210 3176 
3 3177 3176 3210 
3 3113 3211 3209 
3 3178 3177 3210 
3 3211 3113 3147 
3 3147 3212 3211 
3 3212 3147 3149 
3 3149 3213 3212 
3 3214 3179 3178 
3 3148 3178 3179 
3 3215 3149 3151 
3 3149 3215 3213 
3 3214 3216 3179 
3 3216 3180 3179 
3 3215 3151 3182 
3 3216 3181 3180 
3 3182 3217 3215 
3 3181 3216 3218 
3 3218 3183 3181 
3 3217 3182 3122 
3 3183 3218 3184 
3 3122 3219 3217 
3 3188 3219 3122 
3 3187 3220 3189 
3 3190 3189 3220 
3 3220 3221 3190 
3 3158 3190 3221 
3 3158 3221 3188 
3 3222 3191 3192 
3 3192 3223 3222 
3 3223 3192 3193 
3 3224 3193 3194 
3 3224 3194 3195 
3 3195 3225 3224 
3 3225 3195 3196 
3 3198 3164 3226 
3 3226 3164 3191 
3 3222 3226 3191 
3 3165 3227 3197 
3 3165 3166 3227 
3 3166 3199 3227 
3 3227 3199 3200 
3 3227 3200 3202 
3 3202 3228 3227 
3 3169 3229 3201 
3 3230 3228 3202 
3 3202 3174 3230 
3 3229 3203 3201 
3 3204 3203 3229 
3 3229 3231 3204 
3 3174 3205 3230 
3 3231 3232 3204 
3 3206 3233 3205 
3 3204 3232 3207 
3 3232 3208 3207 
3 3209 3234 3233 
3 3206 3209 3233 
3 3208 3232 3210 
3 3234 3209 3211 
3 3211 3235 3234 
3 3178 3210 3236 
3 3236 3237 3178 
3 3235 3211 3212 
3 3237 3238 3178 
3 3213 3235 3212 
3 3214 3178 3238 
3 3214 3238 3239 
3 3239 3216 3214 
3 3239 3240 3216 
3 3217 3241 3215 
3 3216 3240 3218 
3 3241 3217 3219 
3 3218 3242 3184 
3 3185 3184 3242 
3 3186 3185 3243 
3 3188 3244 3219 
3 3243 3245 3186 
3 3245 3187 3186 
3 3220 3187 3245 
3 3245 3246 3220 
3 3221 3220 3246 
3 3246 3247 3221 
3 3188 3247 3244 
3 3188 3221 3247 
3 3248 3222 3223 
3 3223 3249 3248 
3 3249 3223 3193 
3 3193 3250 3249 
3 3250 3193 3224 
3 3224 3251 3250 
3 3251 3224 3225 
3 3252 3226 3222 
3 3225 3253 3251 
3 3225 3196 3253 
3 3253 3196 3197 
3 3197 3254 3253 
3 3252 3255 3226 
3 3255 3198 3226 
3 3197 3256 3254 
3 3227 3256 3197 
3 3169 3198 3255 
3 3255 3257 3169 
3 3257 3258 3169 
3 3227 3228 3259 
3 3229 3169 3258 
3 3258 3260 3229 
3 3228 3230 3259 
3 3231 3229 3260 
3 3260 3261 3231 
3 3232 3231 3261 
3 3230 3205 3233 
3 3261 3262 3232 
3 3262 3263 3232 
3 3210 3232 3263 
3 3263 3264 3210 
3 3210 3264 3265 
3 3210 3265 3236 
3 3265 3266 3236 
3 3266 3237 3236 
3 3237 3266 3267 
3 3267 3238 3237 
3 3238 3267 3268 
3 3268 3239 3238 
3 3215 3241 3213 
3 3239 3268 3269 
3 3269 3240 3239 
3 3269 3218 3240 
3 3270 3241 3219 
3 3271 3242 3218 
3 3242 3271 3272 
3 3272 3185 3242 
3 3185 3272 3243 
3 3273 3219 3244 
3 3219 3273 3270 
3 3272 3274 3243 
3 3245 3243 3275 
3 3243 3274 3275 
3 3246 3245 3275 
3 3275 3276 3246 
3 3277 3247 3246 
3 3246 3276 3277 
3 3244 3247 3277 
3 3277 3273 3244 
3 3278 3252 3222 
3 3279 3278 3248 
3 3278 3222 3248 
3 3279 3248 3249 
3 3279 3249 3280 
3 3249 3281 3280 
3 3281 3249 3250 
3 3250 3282 3281 
3 3282 3250 3251 
3 3251 3253 3282 
3 3283 3284 3255 
3 3283 3255 3252 
3 3278 3283 3252 
3 3285 3254 3256 
3 3227 3285 3256 
3 3257 3255 3284 
3 3284 3286 3258 
3 3258 3257 3284 
3 3286 3260 3258 
3 3259 3230 3287 
3 3230 3288 3287 
3 3261 3260 3289 
3 3289 3290 3261 
3 3288 3230 3233 
3 3233 3291 3288 
3 3262 3261 3290 
3 3233 3292 3291 
3 3262 3290 3293 
3 3293 3263 3262 
3 3292 3233 3234 
3 3234 3294 3292 
3 3263 3293 3264 
3 3293 3265 3264 
3 3235 3295 3294 
3 3294 3234 3235 
3 3265 3293 3296 
3 3296 3266 3265 
3 3296 3297 3266 
3 3297 3298 3266 
3 3298 3267 3266 
3 3295 3235 3213 
3 3267 3298 3299 
3 3213 3300 3295 
3 3299 3301 3267 
3 3301 3268 3267 
3 3300 3213 3241 
3 3269 3268 3301 
3 3301 3302 3269 
3 3302 3271 3269 
3 3218 3269 3271 
3 3270 3303 3241 
3 3271 3304 3272 
3 3273 3305 3270 
3 3274 3272 3304 
3 3273 3277 3306 
3 3306 3305 3273 
3 3274 3307 3275 
3 3276 3275 3307 
3 3307 3308 3276 
3 3277 3308 3306 
3 3277 3276 3308 
3 3278 3309 3310 
3 3309 3278 3279 
3 3279 3311 3309 
3 3311 3279 3280 
3 3311 3280 3281 
3 3281 3312 3311 
3 3312 3281 3282 
3 3282 3313 3312 
3 3313 3282 3253 
3 3283 3278 3310 
3 3253 3314 3313 
3 3253 3254 3314 
3 3254 3315 3314 
3 3315 3254 3285 
3 3285 3316 3315 
3 3285 3317 3316 
3 3317 3285 3227 
3 3227 3318 3317 
3 3318 3227 3259 
3 3286 3289 3260 
3 3259 3319 3318 
3 3319 3259 3287 
3 3287 3320 3319 
3 3288 3320 3287 
3 3321 3290 3289 
3 3321 3322 3290 
3 3291 3292 3288 
3 3322 3293 3290 
3 3294 3323 3292 
3 3323 3294 3295 
3 3324 3296 3293 
3 3297 3296 3324 
3 3298 3297 3324 
3 3324 3325 3298 
3 3299 3298 3325 
3 3325 3326 3299 
3 3326 3327 3299 
3 3301 3299 3327 
3 3301 3327 3328 
3 3328 3302 3301 
3 3241 3329 3300 
3 3302 3328 3330 
3 3330 3271 3302 
3 3303 3329 3241 
3 3270 3331 3332 
3 3270 3332 3303 
3 3271 3333 3304 
3 3270 3334 3331 
3 3270 3305 3334 
3 3333 3335 3304 
3 3274 3304 3336 
3 3304 3335 3336 
3 3305 3306 3337 
3 3337 3334 3305 
3 3336 3338 3274 
3 3338 3307 3274 
3 3308 3307 3338 
3 3338 3339 3308 
3 3306 3308 3339 
3 3339 3337 3306 
3 3340 3310 3309 
3 3309 3341 3340 
3 3341 3309 3311 
3 3311 3342 3341 
3 3311 3312 3342 
3 3343 3283 3310 
3 3340 3343 3310 
3 3313 3344 3312 
3 3313 3314 3344 
3 3315 3345 3346 
3 3346 3314 3315 
3 3284 3283 3343 
3 3343 3347 3284 
3 3315 3316 3345 
3 3348 3316 3317 
3 3348 3345 3316 
3 3286 3284 3347 
3 3317 3349 3348 
3 3349 3317 3318 
3 3318 3320 3350 
3 3318 3319 3320 
3 3286 3351 3289 
3 3320 3288 3350 
3 3351 3321 3289 
3 3322 3321 3351 
3 3351 3352 3322 
3 3288 3292 3353 
3 3292 3354 3353 
3 3322 3352 3355 
3 3322 3355 3293 
3 3354 3292 3323 
3 3323 3356 3354 
3 3293 3355 3357 
3 3323 3358 3356 
3 3357 3359 3293 
3 3324 3293 3359 
3 3358 3323 3295 
3 3295 3360 3358 
3 3324 3359 3361 
3 3361 3362 3324 
3 3324 3362 3325 
3 3361 3363 3362 
3 3325 3362 3363 
3 3363 3326 3325 
3 3360 3295 3300 
3 3300 3364 3360 
3 3363 3327 3326 
3 3327 3363 3328 
3 3365 3364 3300 
3 3300 3329 3365 
3 3329 3303 3365 
3 3330 3328 3366 
3 3303 3367 3365 
3 3366 3368 3330 
3 3368 3369 3330 
3 3369 3271 3330 
3 3367 3332 3331 
3 3331 3370 3367 
3 3367 3303 3332 
3 3369 3371 3271 
3 3333 3271 3371 
3 3334 3370 3331 
3 3334 3337 3372 
3 3335 3373 3336 
3 3338 3336 3373 
3 3373 3374 3338 
3 3339 3338 3374 
3 3374 3375 3339 
3 3337 3339 3375 
3 3337 3375 3372 
3 3340 3341 3376 
3 3376 3341 3342 
3 3342 3377 3376 
3 3377 3342 3312 
3 3312 3378 3377 
3 3312 3344 3378 
3 3314 3379 3344 
3 3379 3314 3346 
3 3347 3343 3380 
3 3346 3345 3379 
3 3348 3381 3345 
3 3286 3347 3382 
3 3349 3383 3348 
3 3382 3384 3286 
3 3349 3318 3385 
3 3350 3385 3318 
3 3351 3286 3384 
3 3350 3288 3386 
3 3386 3385 3350 
3 3384 3387 3351 
3 3388 3386 3288 
3 3288 3353 3388 
3 3352 3351 3387 
3 3387 3389 3352 
3 3388 3353 3354 
3 3354 3390 3388 
3 3355 3352 3389 
3 3389 3391 3355 
3 3390 3354 3356 
3 3355 3391 3357 
3 3356 3392 3390 
3 3356 3358 3392 
3 3393 3359 3357 
3 3392 3358 3360 
3 3360 3394 3392 
3 3393 3361 3359 
3 3361 3393 3395 
3 3395 3363 3361 
3 3394 3360 3364 
3 3395 3396 3363 
3 3364 3397 3394 
3 3363 3396 3398 
3 3398 3328 3363 
3 3364 3365 3397 
3 3398 3399 3328 
3 3399 3400 3328 
3 3366 3328 3400 
3 3400 3401 3366 
3 3368 3366 3401 
3 3401 3402 3368 
3 3369 3368 3402 
3 3369 3402 3403 
3 3403 3371 3369 
3 3404 3370 3334 
3 3370 3404 3367 
3 3403 3405 3371 
3 3405 3333 3371 
3 3335 3333 3405 
3 3406 3334 3372 
3 3334 3406 3404 
3 3373 3335 3405 
3 3373 3407 3374 
3 3407 3408 3374 
3 3375 3374 3408 
3 3408 3409 3375 
3 3372 3409 3406 
3 3372 3375 3409 
3 3380 3343 3410 
3 3410 3343 3340 
3 3411 3410 3376 
3 3410 3340 3376 
3 3411 3376 3377 
3 3377 3412 3411 
3 3412 3377 3378 
3 3378 3413 3412 
3 3413 3378 3344 
3 3344 3414 3413 
3 3415 3344 3379 
3 3415 3414 3344 
3 3382 3347 3416 
3 3416 3347 3380 
3 3379 3417 3415 
3 3417 3379 3345 
3 3381 3417 3345 
3 3381 3418 3417 
3 3418 3381 3348 
3 3348 3419 3418 
3 3419 3348 3383 
3 3382 3420 3384 
3 3383 3421 3419 
3 3383 3349 3421 
3 3421 3349 3385 
3 3385 3422 3421 
3 3422 3385 3386 
3 3387 3384 3420 
3 3420 3423 3387 
3 3424 3422 3386 
3 3386 3388 3424 
3 3423 3389 3387 
3 3388 3425 3424 
3 3425 3388 3390 
3 3390 3426 3425 
3 3426 3390 3392 
3 3357 3391 3427 
3 3392 3428 3426 
3 3427 3393 3357 
3 3428 3392 3394 
3 3427 3429 3393 
3 3429 3395 3393 
3 3395 3429 3430 
3 3430 3396 3395 
3 3430 3431 3396 
3 3431 3398 3396 
3 3365 3432 3397 
3 3431 3433 3398 
3 3399 3398 3433 
3 3399 3433 3434 
3 3432 3365 3367 
3 3367 3435 3432 
3 3434 3436 3399 
3 3400 3399 3436 
3 3436 3401 3400 
3 3401 3436 3437 
3 3437 3402 3401 
3 3437 3438 3402 
3 3438 3403 3402 
3 3405 3403 3439 
3 3403 3438 3439 
3 3373 3405 3440 
3 3405 3439 3440 
3 3407 3373 3440 
3 3441 3409 3408 
3 3406 3409 3441 
3 3407 3441 3408 
3 3380 3410 3442 
3 3410 3443 3442 
3 3443 3410 3411 
3 3411 3444 3443 
3 3444 3411 3412 
3 3412 3445 3444 
3 3445 3412 3413 
3 3413 3446 3445 
3 3446 3413 3414 
3 3414 3415 3446 
3 3447 3416 3380 
3 3380 3442 3447 
3 3448 3415 3417 
3 3382 3416 3447 
3 3447 3449 3382 
3 3417 3450 3448 
3 3417 3451 3450 
3 3451 3417 3418 
3 3451 3418 3419 
3 3449 3452 3420 
3 3420 3382 3449 
3 3419 3453 3451 
3 3453 3419 3421 
3 3452 3454 3420 
3 3421 3422 3455 
3 3456 3420 3454 
3 3456 3423 3420 
3 3422 3457 3455 
3 3422 3424 3457 
3 3389 3423 3456 
3 3456 3458 3389 
3 3458 3459 3389 
3 3459 3391 3389 
3 3426 3460 3425 
3 3427 3391 3459 
3 3460 3426 3428 
3 3427 3461 3429 
3 3394 3462 3428 
3 3461 3430 3429 
3 3462 3394 3397 
3 3431 3430 3463 
3 3462 3397 3432 
3 3464 3433 3431 
3 3462 3432 3465 
3 3431 3466 3464 
3 3433 3464 3466 
3 3466 3434 3433 
3 3467 3465 3432 
3 3432 3435 3467 
3 3434 3466 3468 
3 3468 3469 3434 
3 3469 3436 3434 
3 3468 3470 3469 
3 3436 3469 3470 
3 3470 3437 3436 
3 3435 3367 3404 
3 3437 3470 3471 
3 3437 3471 3438 
3 3438 3471 3472 
3 3438 3472 3439 
3 3404 3406 3473 
3 3439 3474 3440 
3 3406 3441 3475 
3 3475 3473 3406 
3 3474 3476 3440 
3 3407 3440 3476 
3 3476 3477 3407 
3 3441 3407 3477 
3 3477 3475 3441 
3 3442 3443 3478 
3 3478 3443 3444 
3 3444 3479 3478 
3 3444 3480 3479 
3 3480 3444 3445 
3 3445 3481 3480 
3 3481 3445 3446 
3 3446 3482 3481 
3 3447 3442 3483 
3 3478 3483 3442 
3 3446 3484 3482 
3 3446 3415 3484 
3 3485 3415 3448 
3 3485 3484 3415 
3 3483 3486 3447 
3 3486 3449 3447 
3 3448 3487 3485 
3 3448 3450 3487 
3 3487 3450 3451 
3 3452 3449 3486 
3 3451 3488 3487 
3 3453 3488 3451 
3 3453 3421 3489 
3 3489 3421 3455 
3 3454 3458 3456 
3 3489 3455 3457 
3 3457 3490 3489 
3 3490 3457 3424 
3 3490 3424 3425 
3 3460 3491 3425 
3 3427 3459 3492 
3 3460 3428 3491 
3 3492 3493 3427 
3 3428 3494 3491 
3 3428 3495 3494 
3 3461 3427 3493 
3 3493 3496 3461 
3 3428 3462 3495 
3 3430 3461 3496 
3 3496 3497 3430 
3 3497 3463 3430 
3 3497 3498 3463 
3 3498 3431 3463 
3 3465 3467 3499 
3 3462 3465 3499 
3 3431 3498 3500 
3 3500 3466 3431 
3 3467 3435 3499 
3 3500 3468 3466 
3 3468 3500 3501 
3 3501 3470 3468 
3 3502 3435 3404 
3 3470 3501 3471 
3 3404 3503 3502 
3 3472 3471 3504 
3 3404 3473 3503 
3 3504 3505 3472 
3 3439 3472 3506 
3 3472 3505 3506 
3 3439 3506 3474 
3 3473 3475 3507 
3 3506 3508 3474 
3 3476 3474 3508 
3 3508 3477 3476 
3 3477 3507 3475 
3 3479 3509 3478 
3 3479 3480 3510 
3 3510 3509 3479 
3 3510 3480 3481 
3 3481 3511 3510 
3 3511 3481 3482 
3 3512 3483 3478 
3 3478 3513 3512 
3 3513 3478 3509 
3 3482 3514 3511 
3 3514 3482 3484 
3 3483 3512 3486 
3 3484 3515 3514 
3 3515 3484 3485 
3 3516 3485 3487 
3 3516 3515 3485 
3 3486 3517 3452 
3 3454 3452 3517 
3 3453 3518 3488 
3 3519 3453 3489 
3 3519 3518 3453 
3 3517 3520 3454 
3 3520 3458 3454 
3 3489 3490 3519 
3 3520 3521 3458 
3 3490 3522 3519 
3 3459 3458 3521 
3 3522 3490 3425 
3 3425 3523 3522 
3 3492 3459 3521 
3 3523 3425 3491 
3 3491 3524 3523 
3 3524 3491 3494 
3 3496 3493 3525 
3 3496 3525 3497 
3 3462 3526 3495 
3 3497 3525 3527 
3 3527 3498 3497 
3 3526 3462 3528 
3 3462 3499 3528 
3 3527 3529 3498 
3 3529 3500 3498 
3 3499 3502 3528 
3 3499 3435 3502 
3 3500 3529 3530 
3 3530 3501 3500 
3 3501 3530 3531 
3 3531 3471 3501 
3 3503 3532 3502 
3 3471 3531 3504 
3 3533 3503 3473 
3 3533 3532 3503 
3 3473 3507 3534 
3 3534 3533 3473 
3 3505 3508 3506 
3 3508 3535 3477 
3 3507 3477 3535 
3 3535 3536 3507 
3 3536 3534 3507 
3 3537 3510 3511 
3 3538 3512 3513 
3 3513 3539 3538 
3 3539 3513 3509 
3 3509 3510 3537 
3 3511 3540 3537 
3 3511 3541 3540 
3 3541 3511 3514 
3 3542 3541 3514 
3 3543 3486 3512 
3 3512 3538 3543 
3 3514 3515 3542 
3 3544 3542 3515 
3 3517 3486 3545 
3 3543 3545 3486 
3 3544 3515 3516 
3 3516 3546 3544 
3 3546 3516 3487 
3 3487 3488 3546 
3 3547 3488 3518 
3 3519 3547 3518 
3 3517 3548 3520 
3 3521 3520 3548 
3 3548 3549 3521 
3 3549 3550 3521 
3 3550 3492 3521 
3 3550 3551 3492 
3 3524 3552 3523 
3 3492 3551 3553 
3 3492 3553 3493 
3 3552 3524 3494 
3 3493 3553 3554 
3 3494 3555 3552 
3 3555 3494 3495 
3 3493 3554 3556 
3 3556 3525 3493 
3 3555 3495 3526 
3 3526 3557 3555 
3 3556 3527 3525 
3 3556 3558 3527 
3 3528 3557 3526 
3 3558 3529 3527 
3 3558 3530 3529 
3 3559 3531 3530 
3 3504 3531 3559 
3 3559 3560 3504 
3 3532 3533 3561 
3 3505 3504 3562 
3 3504 3560 3562 
3 3534 3561 3533 
3 3562 3563 3505 
3 3563 3508 3505 
3 3535 3508 3563 
3 3563 3564 3535 
3 3536 3535 3564 
3 3539 3565 3538 
3 3539 3566 3565 
3 3566 3539 3509 
3 3566 3509 3537 
3 3537 3567 3566 
3 3567 3537 3540 
3 3540 3568 3567 
3 3568 3540 3541 
3 3541 3569 3568 
3 3542 3569 3541 
3 3538 3570 3543 
3 3542 3571 3569 
3 3544 3571 3542 
3 3571 3544 3546 
3 3546 3572 3571 
3 3572 3546 3488 
3 3545 3573 3517 
3 3488 3547 3572 
3 3548 3517 3573 
3 3574 3547 3519 
3 3548 3575 3549 
3 3519 3576 3574 
3 3576 3519 3522 
3 3575 3577 3549 
3 3549 3577 3550 
3 3522 3523 3578 
3 3579 3551 3550 
3 3578 3523 3552 
3 3553 3551 3579 
3 3579 3554 3553 
3 3552 3580 3578 
3 3580 3552 3555 
3 3581 3556 3554 
3 3580 3555 3557 
3 3581 3582 3556 
3 3582 3558 3556 
3 3528 3583 3557 
3 3584 3528 3502 
3 3528 3584 3583 
3 3558 3582 3585 
3 3585 3530 3558 
3 3584 3502 3532 
3 3532 3586 3584 
3 3530 3585 3559 
3 3587 3588 3585 
3 3559 3585 3588 
3 3559 3588 3560 
3 3561 3586 3532 
3 3588 3587 3560 
3 3561 3534 3589 
3 3560 3590 3562 
3 3563 3562 3591 
3 3562 3590 3591 
3 3591 3592 3563 
3 3564 3563 3592 
3 3589 3536 3564 
3 3564 3593 3589 
3 3534 3536 3589 
3 3592 3593 3564 
3 3566 3594 3565 
3 3594 3566 3567 
3 3567 3595 3594 
3 3567 3568 3595 
3 3596 3568 3569 
3 3570 3538 3565 
3 3569 3597 3596 
3 3571 3598 3597 
3 3597 3569 3571 
3 3545 3543 3570 
3 3598 3571 3572 
3 3572 3599 3598 
3 3599 3572 3547 
3 3600 3575 3548 
3 3577 3575 3600 
3 3600 3550 3577 
3 3576 3601 3574 
3 3576 3522 3601 
3 3601 3522 3578 
3 3550 3602 3579 
3 3578 3603 3601 
3 3602 3554 3579 
3 3603 3578 3580 
3 3602 3581 3554 
3 3580 3604 3603 
3 3580 3557 3604 
3 3605 3582 3581 
3 3557 3606 3604 
3 3606 3557 3583 
3 3582 3605 3607 
3 3584 3608 3583 
3 3607 3585 3582 
3 3585 3607 3609 
3 3608 3584 3586 
3 3609 3610 3585 
3 3610 3611 3585 
3 3587 3585 3611 
3 3612 3586 3561 
3 3560 3587 3611 
3 3613 3561 3589 
3 3561 3613 3612 
3 3611 3614 3560 
3 3560 3614 3590 
3 3589 3593 3615 
3 3589 3615 3616 
3 3616 3613 3589 
3 3591 3617 3592 
3 3593 3592 3617 
3 3617 3615 3593 
3 3565 3618 3619 
3 3618 3565 3594 
3 3594 3595 3618 
3 3568 3620 3595 
3 3568 3621 3620 
3 3596 3621 3568 
3 3570 3565 3619 
3 3619 3622 3570 
3 3596 3623 3621 
3 3623 3596 3597 
3 3622 3624 3545 
3 3545 3570 3622 
3 3597 3598 3623 
3 3573 3545 3624 
3 3624 3625 3573 
3 3598 3599 3626 
3 3627 3626 3599 
3 3548 3573 3625 
3 3625 3628 3548 
3 3629 3627 3599 
3 3599 3547 3629 
3 3574 3629 3547 
3 3600 3548 3628 
3 3628 3630 3600 
3 3574 3631 3629 
3 3550 3600 3630 
3 3632 3631 3574 
3 3574 3601 3632 
3 3630 3633 3550 
3 3633 3634 3550 
3 3602 3550 3634 
3 3635 3601 3603 
3 3602 3634 3636 
3 3636 3581 3602 
3 3637 3603 3604 
3 3637 3604 3606 
3 3606 3638 3637 
3 3638 3606 3583 
3 3639 3607 3605 
3 3638 3583 3608 
3 3609 3607 3640 
3 3609 3640 3610 
3 3641 3611 3610 
3 3610 3640 3641 
3 3613 3642 3612 
3 3641 3643 3611 
3 3643 3644 3611 
3 3644 3614 3611 
3 3614 3644 3590 
3 3642 3616 3615 
3 3615 3645 3642 
3 3613 3616 3642 
3 3644 3646 3590 
3 3591 3590 3646 
3 3617 3591 3646 
3 3646 3647 3617 
3 3615 3617 3647 
3 3647 3648 3615 
3 3648 3645 3615 
3 3618 3649 3619 
3 3649 3618 3595 
3 3595 3650 3649 
3 3651 3622 3619 
3 3651 3619 3649 
3 3650 3595 3620 
3 3620 3621 3650 
3 3652 3621 3623 
3 3624 3622 3653 
3 3623 3654 3652 
3 3654 3623 3598 
3 3625 3624 3653 
3 3653 3655 3625 
3 3628 3625 3655 
3 3627 3656 3626 
3 3656 3627 3629 
3 3628 3657 3630 
3 3629 3658 3656 
3 3658 3629 3631 
3 3631 3659 3658 
3 3631 3632 3659 
3 3657 3660 3633 
3 3633 3630 3657 
3 3632 3601 3659 
3 3633 3660 3634 
3 3601 3635 3659 
3 3660 3661 3634 
3 3636 3634 3661 
3 3661 3662 3636 
3 3635 3603 3637 
3 3662 3581 3636 
3 3605 3581 3662 
3 3663 3639 3605 
3 3608 3664 3638 
3 3663 3665 3639 
3 3608 3666 3664 
3 3639 3665 3667 
3 3667 3607 3639 
3 3667 3668 3607 
3 3668 3640 3607 
3 3666 3608 3586 
3 3586 3669 3666 
3 3640 3668 3641 
3 3586 3612 3669 
3 3642 3670 3612 
3 3671 3670 3642 
3 3644 3672 3646 
3 3672 3673 3646 
3 3647 3646 3673 
3 3673 3674 3647 
3 3648 3647 3674 
3 3674 3675 3648 
3 3645 3648 3675 
3 3675 3671 3645 
3 3671 3642 3645 
3 3651 3676 3622 
3 3677 3651 3649 
3 3649 3678 3677 
3 3678 3649 3650 
3 3650 3679 3678 
3 3679 3650 3621 
3 3621 3680 3679 
3 3652 3680 3621 
3 3676 3653 3622 
3 3652 3681 3680 
3 3681 3652 3654 
3 3682 3598 3626 
3 3682 3654 3598 
3 3655 3683 3628 
3 3626 3656 3682 
3 3657 3628 3683 
3 3656 3658 3684 
3 3684 3659 3685 
3 3659 3684 3658 
3 3657 3686 3660 
3 3659 3687 3685 
3 3686 3688 3660 
3 3660 3688 3661 
3 3635 3689 3659 
3 3661 3688 3690 
3 3690 3662 3661 
3 3689 3635 3637 
3 3662 3690 3691 
3 3662 3691 3605 
3 3691 3692 3605 
3 3693 3637 3638 
3 3605 3692 3663 
3 3638 3664 3693 
3 3666 3694 3664 
3 3667 3665 3695 
3 3667 3695 3668 
3 3669 3696 3694 
3 3694 3666 3669 
3 3695 3641 3668 
3 3612 3697 3696 
3 3696 3669 3612 
3 3697 3612 3670 
3 3671 3698 3670 
3 3641 3699 3643 
3 3699 3672 3643 
3 3672 3644 3643 
3 3700 3675 3674 
3 3700 3698 3675 
3 3671 3675 3698 
3 3672 3701 3673 
3 3674 3673 3701 
3 3700 3674 3701 
3 3676 3651 3702 
3 3702 3651 3677 
3 3677 3703 3702 
3 3703 3677 3678 
3 3678 3704 3703 
3 3704 3678 3679 
3 3705 3653 3676 
3 3676 3706 3705 
3 3702 3706 3676 
3 3655 3653 3705 
3 3681 3654 3707 
3 3682 3707 3654 
3 3683 3655 3705 
3 3707 3682 3656 
3 3683 3708 3657 
3 3709 3656 3684 
3 3708 3710 3657 
3 3684 3711 3709 
3 3711 3684 3685 
3 3686 3657 3710 
3 3712 3711 3685 
3 3685 3687 3712 
3 3659 3712 3687 
3 3712 3659 3689 
3 3689 3713 3712 
3 3688 3714 3690 
3 3713 3689 3637 
3 3691 3690 3714 
3 3637 3715 3713 
3 3714 3692 3691 
3 3715 3637 3693 
3 3664 3716 3693 
3 3663 3692 3717 
3 3717 3718 3663 
3 3718 3665 3663 
3 3664 3694 3716 
3 3665 3718 3719 
3 3665 3719 3720 
3 3720 3695 3665 
3 3695 3720 3721 
3 3695 3721 3641 
3 3641 3721 3722 
3 3723 3670 3698 
3 3723 3697 3670 
3 3722 3699 3641 
3 3672 3699 3724 
3 3725 3698 3700 
3 3700 3726 3725 
3 3725 3723 3698 
3 3724 3727 3672 
3 3701 3672 3727 
3 3727 3728 3701 
3 3700 3701 3728 
3 3728 3726 3700 
3 3729 3702 3703 
3 3703 3730 3729 
3 3703 3731 3730 
3 3731 3703 3704 
3 3704 3732 3731 
3 3704 3733 3732 
3 3733 3704 3679 
3 3734 3705 3706 
3 3706 3735 3734 
3 3706 3702 3729 
3 3729 3735 3706 
3 3679 3736 3733 
3 3679 3680 3736 
3 3680 3737 3736 
3 3737 3680 3681 
3 3738 3681 3707 
3 3705 3739 3683 
3 3707 3740 3738 
3 3740 3707 3656 
3 3708 3683 3739 
3 3656 3741 3740 
3 3656 3709 3741 
3 3708 3742 3710 
3 3709 3743 3744 
3 3709 3711 3743 
3 3745 3710 3742 
3 3745 3686 3710 
3 3711 3712 3743 
3 3688 3686 3745 
3 3745 3746 3688 
3 3747 3743 3712 
3 3712 3713 3747 
3 3746 3748 3688 
3 3688 3748 3749 
3 3749 3714 3688 
3 3750 3713 3715 
3 3749 3751 3714 
3 3751 3692 3714 
3 3750 3715 3693 
3 3693 3752 3750 
3 3751 3753 3692 
3 3693 3716 3752 
3 3753 3717 3692 
3 3754 3718 3717 
3 3754 3755 3718 
3 3755 3719 3718 
3 3719 3755 3756 
3 3756 3720 3719 
3 3757 3694 3696 
3 3757 3696 3697 
3 3756 3758 3720 
3 3758 3721 3720 
3 3758 3722 3721 
3 3723 3759 3760 
3 3697 3723 3760 
3 3699 3722 3761 
3 3725 3726 3759 
3 3759 3723 3725 
3 3724 3699 3761 
3 3761 3762 3724 
3 3727 3724 3762 
3 3728 3727 3762 
3 3762 3763 3728 
3 3726 3728 3763 
3 3763 3764 3726 
3 3726 3764 3759 
3 3729 3730 3765 
3 3765 3730 3731 
3 3731 3766 3765 
3 3766 3731 3732 
3 3732 3767 3766 
3 3767 3732 3733 
3 3765 3735 3729 
3 3736 3768 3733 
3 3768 3736 3737 
3 3734 3769 3705 
3 3737 3770 3768 
3 3737 3681 3770 
3 3738 3770 3681 
3 3769 3771 3739 
3 3739 3705 3769 
3 3738 3772 3770 
3 3772 3738 3740 
3 3708 3739 3771 
3 3740 3741 3772 
3 3742 3708 3771 
3 3709 3773 3741 
3 3773 3709 3744 
3 3742 3774 3745 
3 3775 3773 3744 
3 3744 3743 3775 
3 3746 3745 3774 
3 3774 3776 3746 
3 3743 3747 3775 
3 3777 3775 3747 
3 3747 3713 3777 
3 3746 3776 3748 
3 3713 3778 3777 
3 3778 3713 3750 
3 3748 3779 3749 
3 3749 3779 3751 
3 3752 3780 3750 
3 3779 3753 3751 
3 3780 3752 3716 
3 3753 3779 3781 
3 3781 3717 3753 
3 3781 3782 3717 
3 3754 3717 3782 
3 3694 3783 3716 
3 3755 3754 3782 
3 3782 3784 3755 
3 3694 3785 3783 
3 3756 3755 3784 
3 3757 3786 3785 
3 3785 3694 3757 
3 3756 3787 3758 
3 3697 3760 3757 
3 3788 3722 3758 
3 3758 3787 3788 
3 3789 3760 3759 
3 3788 3790 3791 
3 3722 3788 3791 
3 3722 3791 3761 
3 3792 3789 3759 
3 3791 3793 3761 
3 3762 3761 3793 
3 3793 3794 3762 
3 3762 3794 3795 
3 3796 3763 3762 
3 3762 3795 3796 
3 3796 3797 3763 
3 3764 3763 3797 
3 3797 3792 3764 
3 3759 3764 3792 
3 3798 3734 3735 
3 3735 3799 3798 
3 3799 3735 3765 
3 3800 3799 3765 
3 3800 3765 3766 
3 3766 3801 3800 
3 3801 3766 3767 
3 3767 3802 3801 
3 3802 3767 3733 
3 3768 3802 3733 
3 3803 3804 3769 
3 3769 3734 3798 
3 3798 3803 3769 
3 3768 3770 3805 
3 3771 3769 3804 
3 3804 3806 3771 
3 3770 3807 3805 
3 3807 3770 3772 
3 3772 3808 3807 
3 3809 3808 3772 
3 3772 3741 3809 
3 3810 3809 3741 
3 3806 3811 3742 
3 3742 3771 3806 
3 3741 3773 3810 
3 3811 3774 3742 
3 3773 3775 3812 
3 3776 3774 3811 
3 3811 3813 3776 
3 3775 3814 3812 
3 3813 3748 3776 
3 3814 3775 3777 
3 3777 3815 3814 
3 3778 3815 3777 
3 3816 3779 3748 
3 3750 3817 3778 
3 3817 3750 3780 
3 3779 3816 3818 
3 3818 3781 3779 
3 3819 3780 3716 
3 3716 3820 3819 
3 3781 3818 3782 
3 3820 3716 3783 
3 3783 3821 3820 
3 3821 3783 3785 
3 3784 3782 3822 
3 3821 3785 3786 
3 3784 3822 3823 
3 3823 3756 3784 
3 3824 3786 3757 
3 3823 3825 3756 
3 3825 3787 3756 
3 3760 3824 3757 
3 3825 3826 3787 
3 3788 3787 3826 
3 3760 3789 3824 
3 3790 3788 3826 
3 3826 3827 3790 
3 3791 3790 3827 
3 3789 3792 3828 
3 3793 3791 3827 
3 3827 3829 3793 
3 3794 3793 3829 
3 3796 3830 3797 
3 3792 3797 3830 
3 3830 3828 3792 
3 3794 3831 3795 
3 3832 3796 3795 
3 3795 3831 3832 
3 3830 3796 3832 
3 3833 3798 3799 
3 3799 3834 3833 
3 3834 3799 3800 
3 3800 3835 3834 
3 3835 3800 3801 
3 3801 3836 3835 
3 3836 3801 3802 
3 3837 3804 3803 
3 3803 3798 3833 
3 3838 3768 3805 
3 3838 3802 3768 
3 3839 3806 3804 
3 3804 3837 3839 
3 3807 3840 3805 
3 3840 3807 3808 
3 3809 3840 3808 
3 3839 3841 3806 
3 3809 3842 3840 
3 3810 3842 3809 
3 3811 3806 3841 
3 3810 3843 3842 
3 3843 3810 3773 
3 3841 3813 3811 
3 3773 3812 3843 
3 3812 3814 3844 
3 3814 3815 3844 
3 3813 3845 3748 
3 3778 3846 3815 
3 3816 3748 3845 
3 3846 3778 3817 
3 3817 3847 3846 
3 3847 3817 3780 
3 3780 3819 3847 
3 3782 3818 3848 
3 3848 3822 3782 
3 3824 3821 3786 
3 3823 3822 3849 
3 3823 3849 3825 
3 3850 3826 3849 
3 3825 3849 3826 
3 3851 3824 3789 
3 3850 3852 3826 
3 3852 3827 3826 
3 3828 3851 3789 
3 3852 3853 3827 
3 3829 3827 3853 
3 3828 3830 3854 
3 3855 3794 3829 
3 3831 3794 3855 
3 3855 3832 3831 
3 3832 3854 3830 
3 3834 3856 3833 
3 3856 3834 3835 
3 3835 3857 3856 
3 3835 3836 3857 
3 3858 3836 3802 
3 3803 3859 3837 
3 3803 3833 3859 
3 3802 3860 3858 
3 3838 3860 3802 
3 3837 3861 3839 
3 3838 3862 3860 
3 3862 3838 3805 
3 3805 3863 3862 
3 3863 3805 3840 
3 3841 3839 3861 
3 3840 3864 3863 
3 3864 3840 3842 
3 3842 3865 3864 
3 3865 3842 3843 
3 3843 3866 3865 
3 3841 3867 3813 
3 3843 3868 3866 
3 3868 3843 3812 
3 3812 3869 3868 
3 3812 3844 3869 
3 3867 3870 3813 
3 3846 3869 3844 
3 3870 3871 3845 
3 3845 3813 3870 
3 3846 3844 3815 
3 3816 3845 3871 
3 3872 3846 3847 
3 3872 3847 3819 
3 3819 3873 3872 
3 3820 3874 3873 
3 3873 3819 3820 
3 3818 3816 3875 
3 3875 3848 3818 
3 3874 3820 3821 
3 3848 3875 3876 
3 3876 3822 3848 
3 3821 3824 3877 
3 3877 3878 3821 
3 3879 3849 3822 
3 3877 3824 3851 
3 3849 3879 3880 
3 3880 3881 3849 
3 3849 3881 3850 
3 3851 3882 3877 
3 3880 3883 3881 
3 3883 3852 3850 
3 3850 3881 3883 
3 3851 3828 3884 
3 3884 3882 3851 
3 3883 3885 3852 
3 3853 3852 3885 
3 3854 3884 3828 
3 3886 3829 3853 
3 3855 3829 3886 
3 3886 3887 3855 
3 3832 3855 3887 
3 3887 3888 3832 
3 3854 3832 3888 
3 3859 3833 3889 
3 3889 3833 3856 
3 3856 3890 3889 
3 3890 3856 3857 
3 3836 3858 3857 
3 3891 3837 3859 
3 3859 3889 3891 
3 3860 3892 3858 
3 3861 3837 3891 
3 3860 3862 3892 
3 3893 3862 3863 
3 3894 3841 3861 
3 3895 3863 3864 
3 3895 3893 3863 
3 3894 3896 3841 
3 3864 3897 3895 
3 3897 3864 3865 
3 3865 3898 3897 
3 3899 3865 3866 
3 3899 3898 3865 
3 3867 3841 3896 
3 3866 3900 3899 
3 3866 3901 3900 
3 3866 3868 3901 
3 3868 3869 3901 
3 3901 3902 3903 
3 3902 3901 3869 
3 3869 3846 3902 
3 3870 3904 3871 
3 3905 3902 3846 
3 3846 3906 3905 
3 3846 3872 3906 
3 3904 3907 3871 
3 3907 3816 3871 
3 3873 3908 3872 
3 3816 3907 3909 
3 3873 3910 3908 
3 3873 3874 3910 
3 3875 3816 3909 
3 3875 3909 3911 
3 3821 3878 3910 
3 3910 3874 3821 
3 3911 3876 3875 
3 3911 3912 3876 
3 3912 3822 3876 
3 3822 3912 3913 
3 3822 3913 3879 
3 3913 3914 3879 
3 3914 3880 3879 
3 3883 3880 3914 
3 3914 3915 3883 
3 3915 3916 3883 
3 3884 3917 3882 
3 3885 3883 3916 
3 3917 3884 3854 
3 3854 3918 3917 
3 3916 3919 3885 
3 3919 3853 3885 
3 3886 3853 3919 
3 3886 3920 3887 
3 3888 3887 3920 
3 3920 3921 3888 
3 3921 3922 3888 
3 3854 3888 3922 
3 3854 3922 3918 
3 3889 3890 3923 
3 3890 3924 3923 
3 3924 3890 3857 
3 3857 3925 3924 
3 3925 3857 3858 
3 3926 3891 3889 
3 3923 3926 3889 
3 3858 3927 3925 
3 3858 3892 3927 
3 3861 3891 3926 
3 3926 3928 3861 
3 3892 3862 3929 
3 3929 3862 3893 
3 3894 3861 3928 
3 3893 3930 3929 
3 3895 3930 3893 
3 3894 3931 3896 
3 3932 3930 3895 
3 3895 3933 3932 
3 3933 3895 3897 
3 3897 3934 3933 
3 3934 3897 3898 
3 3867 3896 3931 
3 3898 3935 3934 
3 3935 3898 3899 
3 3899 3900 3935 
3 3931 3936 3867 
3 3901 3903 3900 
3 3870 3867 3936 
3 3936 3904 3870 
3 3903 3902 3937 
3 3902 3905 3937 
3 3938 3937 3905 
3 3905 3906 3938 
3 3938 3906 3872 
3 3904 3939 3907 
3 3908 3938 3872 
3 3909 3907 3939 
3 3939 3940 3909 
3 3908 3941 3938 
3 3909 3940 3942 
3 3941 3908 3910 
3 3910 3943 3941 
3 3911 3909 3942 
3 3943 3910 3878 
3 3878 3944 3943 
3 3945 3878 3877 
3 3878 3945 3946 
3 3945 3877 3882 
3 3882 3947 3945 
3 3913 3948 3914 
3 3948 3915 3914 
3 3915 3948 3916 
3 3917 3949 3882 
3 3918 3949 3917 
3 3886 3919 3950 
3 3920 3886 3950 
3 3951 3922 3921 
3 3918 3922 3951 
3 3950 3952 3920 
3 3921 3920 3952 
3 3952 3951 3921 
3 3924 3953 3923 
3 3924 3954 3953 
3 3954 3924 3925 
3 3955 3926 3923 
3 3923 3956 3955 
3 3956 3923 3953 
3 3957 3958 3928 
3 3928 3926 3955 
3 3955 3957 3928 
3 3892 3959 3927 
3 3892 3960 3959 
3 3961 3892 3929 
3 3961 3960 3892 
3 3958 3962 3894 
3 3894 3928 3958 
3 3963 3961 3929 
3 3929 3964 3963 
3 3964 3929 3930 
3 3930 3965 3964 
3 3931 3894 3962 
3 3965 3930 3932 
3 3965 3932 3933 
3 3933 3966 3965 
3 3967 3933 3934 
3 3967 3966 3933 
3 3934 3935 3968 
3 3969 3935 3900 
3 3969 3968 3935 
3 3931 3970 3936 
3 3903 3969 3900 
3 3904 3936 3970 
3 3903 3937 3971 
3 3972 3939 3904 
3 3973 3939 3972 
3 3939 3973 3940 
3 3941 3974 3938 
3 3973 3975 3940 
3 3975 3942 3940 
3 3941 3943 3974 
3 3942 3975 3976 
3 3976 3911 3942 
3 3878 3946 3944 
3 3911 3976 3912 
3 3976 3977 3912 
3 3912 3977 3978 
3 3912 3978 3913 
3 3946 3945 3947 
3 3978 3979 3913 
3 3979 3948 3913 
3 3882 3949 3947 
3 3916 3948 3980 
3 3949 3918 3981 
3 3980 3919 3916 
3 3919 3980 3982 
3 3918 3951 3983 
3 3983 3981 3918 
3 3950 3919 3982 
3 3950 3984 3952 
3 3984 3983 3952 
3 3983 3951 3952 
3 3985 3955 3956 
3 3956 3986 3985 
3 3986 3956 3953 
3 3986 3953 3954 
3 3954 3987 3986 
3 3987 3954 3925 
3 3987 3925 3927 
3 3927 3988 3987 
3 3988 3927 3959 
3 3959 3989 3988 
3 3989 3959 3960 
3 3960 3990 3989 
3 3990 3960 3961 
3 3957 3962 3958 
3 3990 3961 3963 
3 3990 3963 3964 
3 3964 3991 3990 
3 3992 3964 3965 
3 3992 3991 3964 
3 3965 3993 3992 
3 3965 3994 3993 
3 3995 3965 3966 
3 3995 3994 3965 
3 3967 3995 3966 
3 3962 3996 3931 
3 3967 3997 3995 
3 3967 3934 3997 
3 3968 3998 3997 
3 3997 3934 3968 
3 3969 3998 3968 
3 3996 3999 3970 
3 3970 3931 3996 
3 4000 3998 3969 
3 3903 4000 3969 
3 3999 4001 3970 
3 4001 3904 3970 
3 4000 4002 3998 
3 4003 4002 4000 
3 4000 3971 4003 
3 3971 4000 3903 
3 4001 4004 3904 
3 3971 4005 4003 
3 4005 3971 3937 
3 4006 4005 3937 
3 4004 4007 3904 
3 3937 3938 4006 
3 3972 3904 4007 
3 3973 3972 4007 
3 4007 4008 3973 
3 4006 3938 3974 
3 3974 4009 4006 
3 3973 4008 3975 
3 3974 3943 4009 
3 4008 3976 3975 
3 3943 4010 4009 
3 4010 3943 3944 
3 3944 4011 4010 
3 4011 3944 3946 
3 3946 4012 4011 
3 3976 4013 4014 
3 3976 4014 3977 
3 4014 4015 3977 
3 4015 3978 3977 
3 3947 4016 3946 
3 3978 4015 4017 
3 3978 4017 3979 
3 3947 3949 4016 
3 4018 4019 4017 
3 4019 3948 3979 
3 3979 4017 4019 
3 4018 4020 4019 
3 4019 4020 4021 
3 3948 4019 4021 
3 3948 4021 3980 
3 3980 4022 3982 
3 3981 3983 4023 
3 4023 4024 3981 
3 3982 3984 3950 
3 3984 4023 3983 
3 4025 3955 3985 
3 3985 4026 4025 
3 4026 3985 3986 
3 3986 4027 4026 
3 4027 3986 3987 
3 4027 3987 3988 
3 3957 3955 4025 
3 3988 3989 4028 
3 4028 3989 3990 
3 3957 4029 3962 
3 3990 4030 4028 
3 3990 4031 4030 
3 4031 3990 3991 
3 3992 4031 3991 
3 3992 3993 4031 
3 3994 3995 4032 
3 4032 3993 3994 
3 4032 4031 3993 
3 3996 3962 4029 
3 3995 4033 4032 
3 4033 3995 3997 
3 3999 3996 4029 
3 3997 3998 4033 
3 4002 4034 3998 
3 4034 4002 4003 
3 4004 4001 3999 
3 3999 4035 4004 
3 4005 4034 4003 
3 4035 4036 4004 
3 4004 4036 4007 
3 4037 4005 4006 
3 4037 4006 4009 
3 4010 4038 4009 
3 4039 3976 4008 
3 4038 4010 4011 
3 3976 4039 4040 
3 4040 4013 3976 
3 4013 4041 4014 
3 3946 4042 4012 
3 4014 4041 4015 
3 4042 3946 4016 
3 4016 4043 4042 
3 4044 4017 4015 
3 4043 4016 3949 
3 4018 4017 4044 
3 4044 4020 4018 
3 4045 4043 3949 
3 4020 4046 4021 
3 3949 3981 4045 
3 3981 4024 4045 
3 3980 4021 4047 
3 4021 4046 4047 
3 3980 4047 4022 
3 4047 4048 4022 
3 3982 4022 4048 
3 3984 3982 4048 
3 4048 4049 3984 
3 4023 3984 4049 
3 4026 4050 4025 
3 4050 4026 4027 
3 4027 4051 4050 
3 4027 4052 4051 
3 4052 4027 3988 
3 3988 4053 4052 
3 4053 3988 4028 
3 4028 4054 4053 
3 4029 3957 4055 
3 4054 4028 4030 
3 4056 4030 4031 
3 4031 4057 4056 
3 4058 4057 4031 
3 4032 4058 4031 
3 4032 4059 4058 
3 4032 4033 4059 
3 4060 3999 4029 
3 3998 4061 4033 
3 4060 4062 3999 
3 4034 4061 3998 
3 4035 3999 4062 
3 4062 4063 4035 
3 4034 4005 4061 
3 4036 4035 4063 
3 4064 4005 4037 
3 4065 4007 4036 
3 4037 4066 4064 
3 4065 4067 4007 
3 4067 4008 4007 
3 4066 4037 4009 
3 4067 4068 4008 
3 4068 4069 4008 
3 4039 4008 4069 
3 4040 4039 4069 
3 4038 4011 4012 
3 4012 4070 4038 
3 4040 4069 4041 
3 4041 4013 4040 
3 4012 4071 4070 
3 4071 4012 4042 
3 4072 4042 4043 
3 4042 4072 4071 
3 4041 4073 4015 
3 4044 4015 4073 
3 4044 4073 4074 
3 4072 4043 4045 
3 4044 4074 4075 
3 4020 4044 4075 
3 4020 4075 4046 
3 4045 4024 4076 
3 4075 4077 4046 
3 4047 4046 4077 
3 4024 4023 4076 
3 4048 4047 4077 
3 4077 4078 4048 
3 4049 4048 4078 
3 4078 4079 4049 
3 4079 4080 4049 
3 4023 4049 4080 
3 4023 4080 4076 
3 4081 4082 4025 
3 4081 4025 4050 
3 4050 4083 4081 
3 4050 4084 4083 
3 4084 4050 4051 
3 4051 4085 4084 
3 4085 4051 4052 
3 3957 4082 4055 
3 3957 4025 4082 
3 4052 4086 4085 
3 4086 4052 4053 
3 4053 4087 4086 
3 4087 4053 4054 
3 4088 4029 4055 
3 4054 4089 4087 
3 4089 4054 4030 
3 4029 4088 4090 
3 4089 4030 4056 
3 4091 4056 4057 
3 4091 4089 4056 
3 4058 4091 4057 
3 4058 4092 4091 
3 4092 4058 4059 
3 4059 4093 4092 
3 4090 4094 4060 
3 4060 4029 4090 
3 4095 4059 4033 
3 4095 4093 4059 
3 4062 4060 4094 
3 4033 4061 4095 
3 4005 4096 4061 
3 4096 4064 4097 
3 4064 4096 4005 
3 4065 4036 4063 
3 4064 4098 4097 
3 4064 4066 4098 
3 4099 4067 4065 
3 4066 4100 4098 
3 4099 4101 4067 
3 4101 4068 4067 
3 4100 4066 4009 
3 4101 4069 4068 
3 4100 4009 4038 
3 4038 4102 4100 
3 4038 4070 4102 
3 4103 4041 4069 
3 4104 4073 4041 
3 4104 4074 4073 
3 4045 4105 4072 
3 4075 4074 4104 
3 4104 4106 4075 
3 4045 4076 4105 
3 4077 4075 4107 
3 4076 4108 4105 
3 4107 4109 4077 
3 4078 4077 4110 
3 4077 4109 4110 
3 4110 4111 4078 
3 4079 4078 4111 
3 4079 4111 4112 
3 4080 4079 4112 
3 4112 4113 4080 
3 4108 4076 4080 
3 4080 4113 4108 
3 4082 4081 4114 
3 4114 4081 4083 
3 4083 4115 4114 
3 4083 4116 4115 
3 4116 4083 4084 
3 4082 4114 4055 
3 4055 4117 4088 
3 4087 4118 4086 
3 4119 4087 4089 
3 4119 4118 4087 
3 4090 4088 4117 
3 4117 4120 4090 
3 4089 4121 4119 
3 4121 4089 4091 
3 4091 4122 4121 
3 4120 4123 4090 
3 4122 4091 4092 
3 4123 4124 4094 
3 4094 4090 4123 
3 4093 4125 4092 
3 4125 4093 4095 
3 4062 4094 4124 
3 4095 4126 4125 
3 4127 4095 4061 
3 4127 4126 4095 
3 4063 4062 4124 
3 4061 4128 4127 
3 4061 4096 4128 
3 4128 4096 4097 
3 4129 4065 4063 
3 4130 4128 4097 
3 4098 4130 4097 
3 4099 4065 4129 
3 4129 4131 4099 
3 4130 4098 4100 
3 4131 4101 4099 
3 4132 4101 4131 
3 4101 4132 4069 
3 4102 4133 4100 
3 4132 4134 4069 
3 4102 4070 4133 
3 4103 4069 4134 
3 4134 4135 4103 
3 4103 4135 4041 
3 4071 4136 4070 
3 4041 4135 4137 
3 4136 4071 4072 
3 4072 4138 4136 
3 4137 4139 4041 
3 4139 4104 4041 
3 4072 4140 4138 
3 4140 4072 4105 
3 4104 4141 4106 
3 4104 4142 4141 
3 4106 4141 4142 
3 4142 4143 4106 
3 4143 4075 4106 
3 4107 4075 4143 
3 4144 4145 4108 
3 4145 4105 4108 
3 4107 4143 4109 
3 4146 4113 4112 
3 4146 4144 4113 
3 4144 4108 4113 
3 4109 4147 4110 
3 4111 4110 4147 
3 4147 4148 4111 
3 4112 4148 4146 
3 4112 4111 4148 
3 4114 4115 4149 
3 4149 4115 4116 
3 4116 4150 4149 
3 4116 4151 4150 
3 4151 4116 4084 
3 4152 4084 4085 
3 4152 4151 4084 
3 4153 4055 4114 
3 4149 4153 4114 
3 4085 4154 4152 
3 4154 4085 4086 
3 4117 4055 4153 
3 4153 4155 4117 
3 4086 4156 4154 
3 4156 4086 4118 
3 4156 4118 4119 
3 4120 4117 4155 
3 4155 4157 4120 
3 4158 4119 4121 
3 4158 4156 4119 
3 4122 4158 4121 
3 4123 4120 4157 
3 4122 4159 4158 
3 4159 4122 4092 
3 4157 4160 4123 
3 4160 4124 4123 
3 4092 4161 4159 
3 4092 4125 4161 
3 4160 4162 4124 
3 4125 4163 4161 
3 4125 4164 4163 
3 4125 4126 4164 
3 4127 4164 4126 
3 4063 4124 4162 
3 4128 4164 4127 
3 4162 4165 4063 
3 4129 4063 4165 
3 4129 4165 4131 
3 4166 4128 4130 
3 4166 4130 4100 
3 4131 4167 4132 
3 4168 4100 4133 
3 4132 4167 4134 
3 4168 4133 4070 
3 4167 4135 4134 
3 4135 4167 4169 
3 4169 4170 4135 
3 4170 4137 4135 
3 4137 4170 4171 
3 4171 4139 4137 
3 4171 4104 4139 
3 4140 4172 4138 
3 4171 4173 4104 
3 4145 4172 4105 
3 4172 4140 4105 
3 4142 4104 4173 
3 4173 4174 4142 
3 4143 4142 4174 
3 4145 4144 4175 
3 4174 4176 4143 
3 4109 4143 4176 
3 4146 4177 4175 
3 4144 4146 4175 
3 4176 4178 4109 
3 4147 4109 4178 
3 4148 4147 4178 
3 4146 4148 4177 
3 4179 4149 4150 
3 4150 4180 4179 
3 4180 4150 4151 
3 4181 4153 4149 
3 4149 4179 4181 
3 4151 4182 4180 
3 4182 4151 4152 
3 4182 4152 4154 
3 4154 4183 4182 
3 4184 4185 4155 
3 4155 4153 4181 
3 4181 4184 4155 
3 4154 4186 4183 
3 4154 4156 4186 
3 4157 4155 4185 
3 4156 4187 4186 
3 4187 4156 4158 
3 4158 4188 4187 
3 4189 4158 4159 
3 4189 4188 4158 
3 4157 4190 4160 
3 4159 4161 4189 
3 4191 4160 4190 
3 4191 4162 4160 
3 4161 4163 4192 
3 4192 4163 4164 
3 4164 4193 4192 
3 4191 4194 4165 
3 4165 4162 4191 
3 4193 4164 4128 
3 4128 4195 4193 
3 4194 4196 4165 
3 4166 4195 4128 
3 4131 4165 4196 
3 4166 4100 4168 
3 4197 4167 4131 
3 4168 4070 4198 
3 4167 4199 4200 
3 4198 4070 4136 
3 4136 4201 4198 
3 4169 4167 4200 
3 4169 4200 4202 
3 4169 4202 4170 
3 4136 4203 4201 
3 4202 4171 4170 
3 4138 4204 4203 
3 4203 4136 4138 
3 4204 4138 4172 
3 4205 4206 4171 
3 4171 4206 4173 
3 4206 4205 4207 
3 4207 4174 4173 
3 4173 4206 4207 
3 4176 4174 4208 
3 4174 4207 4208 
3 4209 4175 4177 
3 4208 4178 4176 
3 4148 4178 4210 
3 4177 4148 4210 
3 4210 4211 4177 
3 4211 4209 4177 
3 4212 4181 4179 
3 4179 4213 4212 
3 4213 4179 4180 
3 4180 4214 4213 
3 4214 4180 4182 
3 4182 4215 4214 
3 4215 4182 4183 
3 4183 4216 4215 
3 4216 4183 4186 
3 4186 4217 4216 
3 4186 4218 4217 
3 4219 4186 4187 
3 4219 4218 4186 
3 4185 4220 4157 
3 4187 4221 4219 
3 4187 4188 4221 
3 4221 4188 4189 
3 4189 4222 4221 
3 4190 4157 4220 
3 4189 4223 4222 
3 4189 4224 4223 
3 4224 4189 4161 
3 4161 4225 4224 
3 4226 4161 4192 
3 4226 4225 4161 
3 4192 4227 4226 
3 4192 4193 4227 
3 4228 4196 4194 
3 4195 4229 4193 
3 4195 4230 4229 
3 4195 4166 4230 
3 4228 4131 4196 
3 4230 4166 4231 
3 4197 4131 4228 
3 4231 4166 4168 
3 4168 4232 4231 
3 4233 4167 4197 
3 4232 4168 4198 
3 4199 4167 4233 
3 4233 4234 4199 
3 4198 4235 4232 
3 4234 4200 4199 
3 4235 4198 4201 
3 4236 4201 4203 
3 4200 4237 4202 
3 4171 4202 4237 
3 4236 4203 4204 
3 4171 4237 4238 
3 4172 4239 4204 
3 4238 4240 4171 
3 4240 4241 4171 
3 4241 4205 4171 
3 4242 4239 4172 
3 4207 4205 4241 
3 4145 4175 4243 
3 4242 4172 4145 
3 4145 4243 4242 
3 4207 4241 4244 
3 4207 4244 4208 
3 4175 4209 4245 
3 4175 4245 4243 
3 4244 4246 4208 
3 4178 4208 4246 
3 4246 4247 4178 
3 4210 4178 4247 
3 4247 4211 4210 
3 4248 4181 4212 
3 4212 4249 4248 
3 4249 4212 4213 
3 4249 4213 4214 
3 4214 4250 4249 
3 4250 4214 4215 
3 4215 4251 4250 
3 4185 4184 4252 
3 4252 4253 4185 
3 4184 4181 4248 
3 4248 4252 4184 
3 4215 4254 4251 
3 4215 4216 4254 
3 4254 4216 4217 
3 4185 4253 4255 
3 4256 4254 4217 
3 4217 4218 4256 
3 4219 4256 4218 
3 4255 4220 4185 
3 4219 4257 4256 
3 4257 4219 4221 
3 4220 4258 4190 
3 4257 4221 4222 
3 4222 4259 4257 
3 4222 4223 4259 
3 4259 4223 4224 
3 4191 4190 4258 
3 4260 4259 4224 
3 4224 4225 4260 
3 4226 4260 4225 
3 4194 4191 4258 
3 4258 4261 4194 
3 4226 4262 4260 
3 4226 4227 4262 
3 4261 4263 4194 
3 4227 4264 4262 
3 4264 4227 4193 
3 4228 4194 4263 
3 4265 4264 4193 
3 4193 4229 4265 
3 4229 4266 4265 
3 4266 4229 4230 
3 4267 4228 4263 
3 4266 4230 4231 
3 4231 4268 4266 
3 4268 4231 4232 
3 4197 4228 4267 
3 4197 4267 4269 
3 4269 4233 4197 
3 4270 4233 4269 
3 4269 4271 4270 
3 4233 4270 4234 
3 4272 4232 4235 
3 4235 4273 4272 
3 4271 4274 4270 
3 4234 4270 4274 
3 4273 4235 4201 
3 4273 4201 4236 
3 4236 4275 4273 
3 4234 4276 4200 
3 4276 4277 4200 
3 4236 4278 4275 
3 4200 4277 4279 
3 4279 4237 4200 
3 4278 4236 4204 
3 4279 4280 4237 
3 4280 4281 4237 
3 4281 4238 4237 
3 4204 4239 4278 
3 4238 4281 4282 
3 4282 4283 4238 
3 4283 4240 4238 
3 4240 4283 4241 
3 4283 4282 4284 
3 4284 4241 4283 
3 4284 4244 4241 
3 4285 4243 4245 
3 4246 4286 4247 
3 4286 4287 4247 
3 4211 4247 4287 
3 4287 4288 4211 
3 4209 4211 4288 
3 4288 4285 4209 
3 4285 4245 4209 
3 4249 4289 4248 
3 4289 4249 4250 
3 4250 4290 4289 
3 4250 4291 4290 
3 4251 4291 4250 
3 4252 4292 4293 
3 4293 4253 4252 
3 4248 4292 4252 
3 4253 4293 4255 
3 4294 4254 4256 
3 4255 4295 4220 
3 4256 4296 4294 
3 4296 4256 4257 
3 4295 4297 4220 
3 4297 4258 4220 
3 4257 4298 4296 
3 4257 4299 4298 
3 4299 4257 4259 
3 4259 4300 4299 
3 4300 4259 4260 
3 4258 4301 4261 
3 4260 4302 4300 
3 4303 4260 4262 
3 4303 4302 4260 
3 4263 4261 4301 
3 4262 4304 4303 
3 4262 4264 4304 
3 4264 4305 4304 
3 4264 4265 4305 
3 4266 4305 4265 
3 4267 4263 4306 
3 4268 4307 4266 
3 4307 4268 4232 
3 4232 4308 4307 
3 4269 4267 4306 
3 4306 4309 4269 
3 4308 4232 4272 
3 4272 4310 4308 
3 4271 4269 4309 
3 4309 4311 4271 
3 4310 4272 4273 
3 4274 4271 4311 
3 4311 4312 4274 
3 4234 4274 4312 
3 4310 4273 4313 
3 4273 4275 4313 
3 4234 4312 4314 
3 4314 4315 4234 
3 4315 4276 4234 
3 4276 4315 4277 
3 4275 4278 4313 
3 4314 4316 4315 
3 4277 4315 4316 
3 4316 4317 4277 
3 4317 4279 4277 
3 4279 4317 4318 
3 4318 4280 4279 
3 4280 4318 4281 
3 4239 4319 4278 
3 4318 4282 4281 
3 4239 4242 4319 
3 4242 4320 4319 
3 4318 4321 4282 
3 4284 4282 4321 
3 4242 4243 4322 
3 4322 4320 4242 
3 4244 4284 4323 
3 4284 4321 4323 
3 4285 4322 4243 
3 4323 4324 4244 
3 4324 4325 4244 
3 4246 4244 4325 
3 4286 4246 4325 
3 4287 4326 4288 
3 4285 4288 4326 
3 4325 4327 4286 
3 4287 4286 4327 
3 4326 4287 4327 
3 4328 4292 4248 
3 4328 4248 4289 
3 4289 4329 4328 
3 4289 4330 4329 
3 4330 4289 4290 
3 4290 4331 4330 
3 4331 4290 4291 
3 4251 4332 4291 
3 4255 4293 4292 
3 4292 4333 4255 
3 4332 4251 4254 
3 4254 4334 4332 
3 4335 4254 4294 
3 4335 4334 4254 
3 4333 4295 4255 
3 4294 4336 4335 
3 4294 4296 4336 
3 4295 4337 4297 
3 4336 4296 4298 
3 4298 4338 4336 
3 4339 4298 4299 
3 4339 4338 4298 
3 4258 4297 4337 
3 4337 4340 4258 
3 4299 4341 4339 
3 4342 4299 4300 
3 4342 4341 4299 
3 4301 4258 4340 
3 4340 4263 4301 
3 4300 4343 4342 
3 4300 4344 4343 
3 4300 4302 4344 
3 4344 4302 4303 
3 4344 4303 4304 
3 4304 4345 4344 
3 4305 4345 4304 
3 4305 4266 4346 
3 4347 4346 4266 
3 4306 4263 4348 
3 4347 4266 4307 
3 4306 4348 4309 
3 4347 4307 4349 
3 4308 4349 4307 
3 4349 4308 4310 
3 4311 4309 4350 
3 4350 4312 4311 
3 4351 4310 4313 
3 4314 4312 4350 
3 4314 4350 4352 
3 4352 4316 4314 
3 4316 4352 4317 
3 4352 4318 4317 
3 4353 4319 4320 
3 4321 4354 4323 
3 4354 4355 4323 
3 4355 4324 4323 
3 4325 4324 4355 
3 4356 4285 4326 
3 4326 4357 4356 
3 4285 4356 4322 
3 4355 4358 4325 
3 4327 4325 4358 
3 4358 4359 4327 
3 4326 4327 4359 
3 4359 4357 4326 
3 4360 4331 4291 
3 4332 4360 4291 
3 4333 4292 4361 
3 4292 4328 4361 
3 4332 4334 4360 
3 4361 4362 4333 
3 4363 4334 4335 
3 4295 4333 4362 
3 4362 4364 4295 
3 4365 4335 4336 
3 4365 4363 4335 
3 4364 4366 4337 
3 4337 4295 4364 
3 4336 4338 4365 
3 4366 4340 4337 
3 4339 4367 4338 
3 4367 4339 4341 
3 4341 4342 4343 
3 4343 4368 4341 
3 4369 4343 4344 
3 4369 4368 4343 
3 4340 4370 4263 
3 4344 4345 4371 
3 4345 4305 4371 
3 4370 4372 4263 
3 4373 4371 4305 
3 4305 4346 4373 
3 4263 4372 4374 
3 4374 4348 4263 
3 4346 4347 4373 
3 4348 4375 4309 
3 4349 4376 4347 
3 4376 4349 4310 
3 4376 4310 4351 
3 4351 4377 4376 
3 4378 4379 4309 
3 4379 4350 4309 
3 4351 4380 4381 
3 4351 4381 4377 
3 4350 4379 4382 
3 4351 4383 4380 
3 4351 4313 4383 
3 4384 4350 4382 
3 4383 4313 4278 
3 4384 4385 4350 
3 4385 4352 4350 
3 4386 4383 4278 
3 4278 4319 4386 
3 4385 4318 4352 
3 4319 4353 4386 
3 4385 4387 4318 
3 4387 4388 4318 
3 4320 4389 4353 
3 4321 4318 4388 
3 4320 4322 4390 
3 4390 4389 4320 
3 4388 4354 4321 
3 4322 4391 4390 
3 4391 4356 4357 
3 4357 4392 4391 
3 4322 4356 4391 
3 4358 4355 4393 
3 4359 4358 4393 
3 4393 4394 4359 
3 4357 4359 4394 
3 4394 4392 4357 
3 4395 4328 4329 
3 4329 4396 4395 
3 4329 4397 4396 
3 4397 4329 4330 
3 4330 4398 4397 
3 4398 4330 4331 
3 4331 4399 4398 
3 4399 4331 4360 
3 4400 4361 4328 
3 4328 4395 4400 
3 4399 4360 4334 
3 4334 4401 4399 
3 4361 4400 4362 
3 4334 4402 4401 
3 4402 4334 4363 
3 4364 4362 4403 
3 4363 4404 4402 
3 4404 4363 4365 
3 4403 4366 4364 
3 4405 4365 4338 
3 4405 4404 4365 
3 4366 4406 4340 
3 4338 4407 4405 
3 4338 4367 4407 
3 4407 4367 4341 
3 4408 4340 4406 
3 4409 4407 4341 
3 4341 4368 4409 
3 4369 4409 4368 
3 4370 4340 4408 
3 4408 4410 4370 
3 4369 4411 4409 
3 4369 4344 4411 
3 4411 4344 4371 
3 4372 4370 4410 
3 4371 4373 4412 
3 4413 4412 4373 
3 4373 4347 4413 
3 4374 4372 4414 
3 4414 4348 4374 
3 4414 4375 4348 
3 4415 4413 4347 
3 4347 4376 4415 
3 4415 4376 4416 
3 4378 4309 4375 
3 4381 4417 4416 
3 4416 4376 4377 
3 4377 4381 4416 
3 4378 4375 4418 
3 4378 4418 4379 
3 4381 4380 4417 
3 4418 4382 4379 
3 4417 4380 4383 
3 4383 4419 4417 
3 4384 4382 4418 
3 4418 4420 4384 
3 4420 4421 4384 
3 4385 4384 4421 
3 4386 4422 4419 
3 4419 4383 4386 
3 4421 4387 4385 
3 4422 4386 4353 
3 4353 4389 4422 
3 4388 4387 4423 
3 4424 4354 4388 
3 4388 4423 4424 
3 4391 4425 4390 
3 4424 4426 4354 
3 4426 4427 4354 
3 4428 4391 4392 
3 4428 4425 4391 
3 4355 4354 4427 
3 4393 4355 4427 
3 4427 4429 4393 
3 4394 4393 4429 
3 4429 4430 4394 
3 4392 4394 4430 
3 4430 4428 4392 
3 4398 4431 4397 
3 4399 4431 4398 
3 4432 4433 4400 
3 4432 4400 4395 
3 4434 4399 4401 
3 4400 4433 4362 
3 4434 4401 4402 
3 4402 4435 4434 
3 4402 4436 4435 
3 4402 4404 4436 
3 4403 4437 4366 
3 4406 4366 4437 
3 4438 4405 4407 
3 4438 4404 4405 
3 4437 4408 4406 
3 4407 4439 4438 
3 4439 4407 4409 
3 4408 4440 4410 
3 4441 4409 4411 
3 4440 4442 4410 
3 4411 4371 4441 
3 4442 4372 4410 
3 4371 4443 4441 
3 4443 4371 4412 
3 4442 4444 4372 
3 4443 4412 4413 
3 4414 4372 4444 
3 4414 4444 4445 
3 4445 4375 4414 
3 4413 4415 4446 
3 4415 4416 4446 
3 4446 4416 4417 
3 4375 4447 4418 
3 4418 4447 4448 
3 4448 4449 4418 
3 4449 4420 4418 
3 4420 4449 4450 
3 4450 4421 4420 
3 4421 4450 4387 
3 4389 4451 4422 
3 4450 4452 4387 
3 4452 4423 4387 
3 4451 4389 4390 
3 4452 4453 4423 
3 4424 4423 4453 
3 4454 4390 4425 
3 4390 4454 4451 
3 4424 4453 4426 
3 4428 4454 4425 
3 4426 4455 4427 
3 4429 4427 4455 
3 4455 4456 4429 
3 4429 4456 4457 
3 4429 4457 4458 
3 4430 4429 4458 
3 4458 4459 4430 
3 4428 4430 4459 
3 4459 4460 4428 
3 4461 4395 4396 
3 4461 4396 4397 
3 4397 4462 4461 
3 4462 4397 4431 
3 4431 4463 4462 
3 4432 4395 4461 
3 4431 4464 4463 
3 4464 4431 4399 
3 4464 4399 4434 
3 4465 4464 4434 
3 4433 4466 4362 
3 4434 4467 4465 
3 4434 4435 4467 
3 4466 4468 4403 
3 4403 4362 4466 
3 4435 4436 4467 
3 4468 4437 4403 
3 4404 4469 4436 
3 4469 4404 4438 
3 4437 4440 4408 
3 4439 4469 4438 
3 4439 4409 4441 
3 4441 4443 4470 
3 4442 4471 4444 
3 4470 4443 4472 
3 4413 4472 4443 
3 4471 4445 4444 
3 4413 4473 4472 
3 4473 4413 4446 
3 4447 4375 4445 
3 4473 4446 4417 
3 4417 4474 4473 
3 4447 4475 4448 
3 4417 4476 4474 
3 4417 4419 4476 
3 4448 4475 4477 
3 4477 4449 4448 
3 4477 4450 4449 
3 4419 4478 4476 
3 4478 4419 4422 
3 4479 4422 4451 
3 4422 4479 4478 
3 4451 4480 4479 
3 4481 4453 4452 
3 4454 4482 4480 
3 4451 4454 4480 
3 4453 4481 4483 
3 4426 4453 4483 
3 4482 4428 4460 
3 4454 4428 4482 
3 4483 4484 4426 
3 4455 4426 4484 
3 4456 4455 4484 
3 4458 4485 4459 
3 4459 4485 4460 
3 4456 4486 4457 
3 4486 4458 4457 
3 4485 4458 4486 
3 4487 4461 4462 
3 4462 4488 4487 
3 4463 4488 4462 
3 4489 4433 4432 
3 4432 4490 4489 
3 4487 4490 4461 
3 4490 4432 4461 
3 4463 4464 4491 
3 4492 4491 4464 
3 4465 4492 4464 
3 4466 4433 4489 
3 4489 4493 4466 
3 4494 4465 4467 
3 4494 4492 4465 
3 4466 4495 4468 
3 4467 4496 4494 
3 4467 4436 4496 
3 4468 4497 4437 
3 4436 4469 4498 
3 4499 4437 4497 
3 4499 4440 4437 
3 4498 4469 4439 
3 4498 4439 4441 
3 4441 4500 4498 
3 4499 4501 4440 
3 4441 4502 4500 
3 4441 4470 4502 
3 4442 4440 4501 
3 4501 4503 4442 
3 4471 4442 4503 
3 4471 4503 4445 
3 4445 4503 4504 
3 4504 4447 4445 
3 4505 4472 4473 
3 4505 4473 4474 
3 4476 4506 4474 
3 4478 4507 4476 
3 4478 4508 4507 
3 4508 4478 4479 
3 4509 4510 4450 
3 4510 4452 4450 
3 4479 4480 4511 
3 4510 4512 4452 
3 4481 4452 4512 
3 4512 4513 4481 
3 4480 4482 4511 
3 4483 4481 4513 
3 4514 4484 4483 
3 4485 4515 4460 
3 4514 4516 4484 
3 4516 4456 4484 
3 4486 4456 4516 
3 4516 4515 4486 
3 4485 4486 4515 
3 4490 4517 4489 
3 4517 4490 4487 
3 4487 4518 4517 
3 4519 4518 4487 
3 4519 4487 4488 
3 4519 4488 4463 
3 4463 4520 4519 
3 4520 4463 4491 
3 4491 4521 4520 
3 4491 4522 4521 
3 4522 4491 4492 
3 4523 4466 4493 
3 4492 4524 4522 
3 4524 4492 4494 
3 4525 4495 4466 
3 4466 4523 4525 
3 4526 4494 4496 
3 4526 4524 4494 
3 4525 4527 4468 
3 4525 4468 4495 
3 4528 4526 4496 
3 4496 4529 4528 
3 4496 4436 4529 
3 4527 4499 4497 
3 4497 4468 4527 
3 4529 4436 4498 
3 4498 4530 4529 
3 4498 4531 4530 
3 4498 4500 4531 
3 4500 4502 4531 
3 4470 4532 4502 
3 4501 4533 4503 
3 4532 4470 4472 
3 4472 4534 4532 
3 4533 4504 4503 
3 4472 4505 4534 
3 4504 4533 4535 
3 4535 4447 4504 
3 4534 4505 4474 
3 4475 4447 4535 
3 4535 4536 4475 
3 4474 4506 4537 
3 4536 4538 4475 
3 4477 4475 4538 
3 4476 4539 4506 
3 4538 4540 4477 
3 4539 4476 4507 
3 4477 4540 4541 
3 4541 4450 4477 
3 4542 4507 4508 
3 4507 4542 4539 
3 4509 4450 4541 
3 4541 4543 4509 
3 4479 4544 4508 
3 4509 4543 4545 
3 4545 4510 4509 
3 4479 4511 4546 
3 4546 4544 4479 
3 4545 4547 4510 
3 4547 4548 4510 
3 4548 4512 4510 
3 4512 4548 4513 
3 4546 4511 4482 
3 4482 4549 4546 
3 4548 4547 4550 
3 4550 4483 4513 
3 4513 4548 4550 
3 4482 4460 4551 
3 4551 4549 4482 
3 4550 4552 4483 
3 4514 4483 4552 
3 4553 4460 4515 
3 4553 4551 4460 
3 4552 4554 4514 
3 4516 4514 4554 
3 4554 4555 4516 
3 4515 4516 4555 
3 4556 4517 4518 
3 4556 4518 4519 
3 4519 4557 4556 
3 4557 4519 4520 
3 4557 4520 4521 
3 4558 4523 4493 
3 4493 4559 4558 
3 4493 4489 4559 
3 4560 4522 4524 
3 4524 4561 4560 
3 4525 4523 4558 
3 4524 4562 4561 
3 4562 4524 4526 
3 4562 4526 4528 
3 4563 4528 4529 
3 4563 4562 4528 
3 4527 4564 4499 
3 4529 4530 4565 
3 4501 4499 4564 
3 4565 4530 4531 
3 4531 4566 4565 
3 4566 4531 4502 
3 4502 4567 4566 
3 4502 4568 4567 
3 4569 4568 4502 
3 4502 4532 4569 
3 4570 4533 4501 
3 4532 4571 4569 
3 4532 4534 4571 
3 4533 4570 4572 
3 4572 4535 4533 
3 4571 4534 4474 
3 4474 4537 4571 
3 4536 4535 4572 
3 4539 4573 4506 
3 4538 4574 4540 
3 4574 4575 4540 
3 4575 4541 4540 
3 4542 4508 4573 
3 4539 4542 4573 
3 4575 4576 4541 
3 4541 4576 4543 
3 4573 4508 4544 
3 4544 4577 4573 
3 4575 4578 4576 
3 4543 4576 4578 
3 4578 4545 4543 
3 4577 4544 4546 
3 4546 4579 4577 
3 4547 4545 4578 
3 4546 4580 4579 
3 4546 4549 4580 
3 4549 4551 4580 
3 4552 4550 4581 
3 4581 4582 4552 
3 4554 4552 4582 
3 4582 4583 4554 
3 4555 4554 4583 
3 4583 4584 4555 
3 4515 4555 4584 
3 4553 4515 4584 
3 4559 4489 4585 
3 4585 4489 4517 
3 4517 4586 4585 
3 4586 4517 4556 
3 4556 4587 4586 
3 4587 4556 4557 
3 4521 4588 4557 
3 4588 4521 4522 
3 4522 4589 4588 
3 4559 4585 4558 
3 4589 4522 4560 
3 4590 4589 4560 
3 4561 4590 4560 
3 4558 4591 4525 
3 4561 4592 4590 
3 4561 4562 4592 
3 4591 4593 4527 
3 4527 4525 4591 
3 4562 4594 4592 
3 4594 4562 4563 
3 4563 4595 4594 
3 4593 4596 4527 
3 4596 4564 4527 
3 4595 4563 4529 
3 4597 4529 4565 
3 4597 4595 4529 
3 4501 4564 4596 
3 4596 4598 4501 
3 4599 4597 4565 
3 4565 4600 4599 
3 4565 4566 4600 
3 4600 4601 4599 
3 4600 4567 4601 
3 4567 4600 4566 
3 4570 4501 4598 
3 4567 4602 4601 
3 4603 4602 4567 
3 4567 4568 4603 
3 4568 4604 4603 
3 4568 4605 4604 
3 4568 4569 4605 
3 4571 4605 4569 
3 4572 4570 4606 
3 4537 4607 4571 
3 4536 4572 4606 
3 4537 4608 4607 
3 4506 4609 4608 
3 4608 4537 4506 
3 4538 4536 4610 
3 4609 4506 4573 
3 4573 4611 4609 
3 4574 4538 4610 
3 4574 4612 4575 
3 4577 4613 4573 
3 4578 4575 4612 
3 4613 4577 4579 
3 4578 4612 4614 
3 4614 4547 4578 
3 4579 4580 4615 
3 4547 4614 4616 
3 4547 4616 4550 
3 4617 4580 4551 
3 4617 4615 4580 
3 4550 4616 4618 
3 4581 4550 4618 
3 4551 4553 4619 
3 4551 4619 4617 
3 4582 4620 4583 
3 4620 4621 4583 
3 4584 4583 4621 
3 4584 4622 4553 
3 4553 4622 4619 
3 4623 4585 4586 
3 4586 4587 4623 
3 4624 4587 4557 
3 4557 4625 4624 
3 4625 4557 4588 
3 4626 4588 4589 
3 4627 4558 4585 
3 4585 4623 4627 
3 4589 4628 4626 
3 4628 4589 4590 
3 4627 4629 4591 
3 4591 4558 4627 
3 4592 4630 4631 
3 4631 4590 4592 
3 4631 4628 4590 
3 4629 4632 4593 
3 4593 4591 4629 
3 4592 4594 4633 
3 4633 4630 4592 
3 4595 4633 4594 
3 4634 4593 4632 
3 4634 4596 4593 
3 4595 4635 4633 
3 4635 4595 4597 
3 4598 4596 4634 
3 4634 4636 4598 
3 4597 4637 4635 
3 4637 4597 4599 
3 4637 4599 4601 
3 4601 4638 4637 
3 4636 4639 4598 
3 4638 4601 4602 
3 4602 4640 4638 
3 4640 4602 4603 
3 4570 4598 4639 
3 4603 4604 4640 
3 4605 4640 4604 
3 4606 4570 4639 
3 4605 4641 4640 
3 4605 4571 4641 
3 4642 4641 4571 
3 4607 4642 4571 
3 4536 4606 4643 
3 4608 4644 4642 
3 4642 4607 4608 
3 4610 4536 4643 
3 4608 4609 4644 
3 4574 4610 4645 
3 4645 4646 4574 
3 4612 4574 4646 
3 4612 4646 4647 
3 4647 4648 4612 
3 4648 4614 4612 
3 4615 4613 4579 
3 4648 4649 4614 
3 4616 4614 4649 
3 4617 4650 4615 
3 4618 4616 4649 
3 4649 4651 4618 
3 4622 4650 4619 
3 4617 4619 4650 
3 4651 4652 4618 
3 4652 4581 4618 
3 4582 4581 4652 
3 4620 4582 4652 
3 4653 4584 4621 
3 4653 4622 4584 
3 4620 4653 4621 
3 4654 4623 4587 
3 4587 4655 4654 
3 4655 4587 4624 
3 4624 4656 4655 
3 4656 4624 4625 
3 4588 4657 4625 
3 4657 4588 4626 
3 4658 4659 4627 
3 4658 4627 4623 
3 4654 4658 4623 
3 4657 4626 4628 
3 4627 4659 4629 
3 4660 4628 4631 
3 4660 4631 4630 
3 4660 4630 4633 
3 4633 4661 4660 
3 4633 4662 4661 
3 4663 4662 4633 
3 4633 4635 4663 
3 4634 4664 4636 
3 4635 4637 4665 
3 4665 4663 4635 
3 4637 4638 4666 
3 4666 4665 4637 
3 4664 4639 4636 
3 4640 4666 4638 
3 4664 4667 4639 
3 4667 4668 4639 
3 4606 4639 4668 
3 4642 4669 4641 
3 4670 4671 4606 
3 4606 4671 4643 
3 4642 4644 4669 
3 4671 4670 4643 
3 4643 4670 4672 
3 4672 4610 4643 
3 4609 4673 4644 
3 4672 4674 4610 
3 4674 4645 4610 
3 4673 4609 4611 
3 4675 4645 4674 
3 4645 4675 4646 
3 4611 4676 4673 
3 4676 4611 4573 
3 4676 4573 4613 
3 4675 4677 4646 
3 4677 4647 4646 
3 4678 4676 4613 
3 4647 4677 4679 
3 4647 4679 4648 
3 4613 4615 4678 
3 4615 4680 4678 
3 4681 4682 4679 
3 4682 4649 4648 
3 4648 4679 4682 
3 4683 4680 4615 
3 4615 4650 4683 
3 4681 4684 4682 
3 4682 4684 4651 
3 4649 4682 4651 
3 4622 4685 4683 
3 4650 4622 4683 
3 4652 4651 4686 
3 4687 4622 4653 
3 4653 4688 4687 
3 4622 4687 4685 
3 4686 4689 4652 
3 4620 4652 4689 
3 4689 4690 4620 
3 4653 4620 4690 
3 4690 4691 4653 
3 4653 4691 4688 
3 4692 4654 4655 
3 4625 4693 4656 
3 4693 4625 4657 
3 4657 4694 4693 
3 4695 4629 4659 
3 4658 4696 4695 
3 4695 4659 4658 
3 4658 4692 4696 
3 4692 4658 4654 
3 4694 4657 4628 
3 4660 4697 4628 
3 4629 4698 4632 
3 4697 4660 4661 
3 4698 4699 4632 
3 4699 4634 4632 
3 4697 4661 4662 
3 4662 4700 4697 
3 4699 4701 4634 
3 4662 4702 4700 
3 4702 4662 4663 
3 4663 4703 4702 
3 4664 4634 4701 
3 4703 4663 4665 
3 4665 4704 4703 
3 4704 4665 4666 
3 4666 4705 4704 
3 4705 4666 4640 
3 4706 4705 4640 
3 4706 4641 4707 
3 4641 4706 4640 
3 4707 4641 4669 
3 4669 4708 4707 
3 4670 4606 4668 
3 4669 4709 4708 
3 4669 4644 4709 
3 4668 4710 4670 
3 4710 4672 4670 
3 4709 4644 4673 
3 4673 4711 4709 
3 4710 4674 4672 
3 4673 4712 4711 
3 4675 4674 4710 
3 4673 4676 4712 
3 4676 4713 4712 
3 4675 4714 4677 
3 4713 4676 4678 
3 4678 4715 4713 
3 4714 4716 4677 
3 4716 4679 4677 
3 4715 4678 4680 
3 4681 4679 4716 
3 4716 4717 4681 
3 4684 4681 4717 
3 4717 4718 4684 
3 4651 4684 4718 
3 4718 4719 4651 
3 4686 4651 4720 
3 4651 4719 4720 
3 4688 4685 4687 
3 4720 4721 4686 
3 4689 4686 4721 
3 4721 4690 4689 
3 4722 4692 4655 
3 4655 4723 4722 
3 4723 4655 4656 
3 4656 4693 4723 
3 4694 4724 4693 
3 4629 4695 4725 
3 4725 4726 4629 
3 4725 4695 4696 
3 4694 4727 4724 
3 4727 4694 4628 
3 4628 4697 4727 
3 4698 4629 4726 
3 4698 4728 4699 
3 4729 4699 4728 
3 4729 4701 4699 
3 4730 4700 4702 
3 4702 4703 4730 
3 4729 4731 4701 
3 4731 4664 4701 
3 4704 4732 4703 
3 4667 4664 4731 
3 4733 4732 4704 
3 4704 4705 4733 
3 4731 4734 4667 
3 4705 4706 4733 
3 4668 4667 4734 
3 4734 4735 4668 
3 4706 4736 4733 
3 4736 4706 4707 
3 4707 4708 4736 
3 4735 4737 4668 
3 4708 4709 4738 
3 4710 4668 4737 
3 4738 4709 4711 
3 4711 4739 4738 
3 4739 4711 4712 
3 4712 4740 4739 
3 4675 4710 4741 
3 4740 4712 4713 
3 4714 4675 4742 
3 4742 4743 4714 
3 4716 4714 4743 
3 4716 4743 4744 
3 4716 4744 4717 
3 4680 4683 4745 
3 4746 4718 4717 
3 4717 4744 4746 
3 4718 4746 4719 
3 4747 4683 4685 
3 4683 4747 4745 
3 4746 4748 4719 
3 4720 4719 4748 
3 4685 4688 4749 
3 4685 4749 4747 
3 4721 4750 4690 
3 4691 4690 4750 
3 4750 4751 4691 
3 4688 4691 4751 
3 4688 4751 4749 
3 4693 4752 4723 
3 4693 4753 4752 
3 4753 4693 4724 
3 4726 4725 4754 
3 4696 4754 4725 
3 4726 4755 4698 
3 4756 4698 4755 
3 4756 4728 4698 
3 4697 4700 4757 
3 4757 4758 4697 
3 4730 4757 4700 
3 4756 4759 4729 
3 4756 4729 4728 
3 4757 4760 4758 
3 4761 4760 4757 
3 4757 4703 4761 
3 4703 4757 4730 
3 4703 4762 4761 
3 4729 4759 4763 
3 4763 4731 4729 
3 4762 4703 4732 
3 4762 4732 4733 
3 4733 4764 4762 
3 4763 4734 4731 
3 4733 4765 4764 
3 4735 4734 4763 
3 4763 4766 4735 
3 4767 4765 4733 
3 4733 4768 4767 
3 4733 4736 4768 
3 4708 4768 4736 
3 4766 4737 4735 
3 4767 4768 4708 
3 4767 4708 4738 
3 4766 4769 4737 
3 4769 4710 4737 
3 4769 4770 4710 
3 4739 4771 4738 
3 4741 4710 4770 
3 4739 4740 4771 
3 4741 4770 4772 
3 4772 4773 4741 
3 4675 4741 4773 
3 4773 4742 4675 
3 4774 4740 4713 
3 4774 4713 4715 
3 4775 4680 4745 
3 4776 4715 4680 
3 4680 4775 4776 
3 4745 4777 4775 
3 4743 4778 4744 
3 4746 4744 4778 
3 4747 4779 4777 
3 4745 4747 4777 
3 4778 4780 4746 
3 4748 4746 4780 
3 4747 4749 4781 
3 4781 4779 4747 
3 4748 4782 4720 
3 4721 4720 4782 
3 4782 4783 4721 
3 4750 4721 4783 
3 4783 4784 4750 
3 4751 4750 4784 
3 4784 4781 4751 
3 4781 4749 4751 
3 4692 4785 4696 
3 4785 4692 4722 
3 4722 4786 4785 
3 4722 4787 4786 
3 4787 4722 4723 
3 4723 4752 4787 
3 4724 4788 4753 
3 4696 4789 4754 
3 4788 4724 4727 
3 4727 4790 4788 
3 4790 4727 4697 
3 4754 4791 4726 
3 4790 4697 4792 
3 4755 4726 4791 
3 4791 4793 4755 
3 4697 4758 4792 
3 4793 4794 4756 
3 4756 4755 4793 
3 4758 4795 4792 
3 4759 4756 4794 
3 4794 4796 4759 
3 4795 4758 4760 
3 4795 4760 4761 
3 4761 4797 4795 
3 4761 4798 4797 
3 4798 4761 4762 
3 4763 4759 4796 
3 4798 4799 4800 
3 4799 4798 4762 
3 4764 4799 4762 
3 4801 4800 4799 
3 4799 4765 4801 
3 4765 4799 4764 
3 4765 4802 4801 
3 4765 4767 4802 
3 4766 4770 4769 
3 4738 4771 4767 
3 4803 4771 4740 
3 4772 4770 4804 
3 4804 4773 4772 
3 4742 4773 4804 
3 4742 4804 4805 
3 4774 4715 4806 
3 4742 4805 4807 
3 4806 4715 4776 
3 4776 4808 4806 
3 4807 4778 4742 
3 4778 4743 4742 
3 4808 4776 4775 
3 4809 4777 4779 
3 4810 4780 4778 
3 4810 4811 4780 
3 4779 4781 4812 
3 4812 4809 4779 
3 4748 4780 4811 
3 4782 4748 4811 
3 4811 4813 4782 
3 4783 4782 4813 
3 4813 4814 4783 
3 4814 4815 4783 
3 4784 4783 4815 
3 4815 4816 4784 
3 4781 4784 4816 
3 4817 4696 4785 
3 4752 4818 4787 
3 4818 4752 4753 
3 4753 4788 4818 
3 4789 4696 4817 
3 4790 4819 4788 
3 4754 4789 4791 
3 4792 4820 4790 
3 4792 4821 4820 
3 4822 4794 4793 
3 4821 4792 4795 
3 4795 4823 4821 
3 4824 4794 4822 
3 4824 4796 4794 
3 4823 4795 4797 
3 4825 4823 4797 
3 4797 4798 4825 
3 4824 4826 4796 
3 4826 4763 4796 
3 4826 4827 4763 
3 4798 4828 4825 
3 4828 4798 4800 
3 4800 4829 4828 
3 4829 4800 4801 
3 4763 4827 4830 
3 4830 4766 4763 
3 4831 4829 4801 
3 4801 4802 4831 
3 4802 4767 4832 
3 4830 4833 4766 
3 4770 4766 4833 
3 4833 4834 4770 
3 4832 4767 4771 
3 4771 4835 4832 
3 4770 4834 4836 
3 4835 4771 4803 
3 4803 4740 4837 
3 4804 4770 4836 
3 4836 4838 4804 
3 4837 4740 4774 
3 4838 4805 4804 
3 4806 4839 4774 
3 4805 4840 4807 
3 4839 4806 4808 
3 4778 4807 4840 
3 4775 4841 4808 
3 4778 4840 4842 
3 4841 4775 4777 
3 4777 4843 4841 
3 4777 4809 4844 
3 4844 4843 4777 
3 4810 4778 4845 
3 4810 4845 4811 
3 4812 4844 4809 
3 4845 4846 4811 
3 4811 4846 4813 
3 4816 4847 4781 
3 4847 4812 4781 
3 4848 4817 4785 
3 4785 4849 4848 
3 4849 4785 4786 
3 4786 4850 4849 
3 4850 4786 4787 
3 4851 4787 4818 
3 4818 4852 4851 
3 4852 4818 4788 
3 4789 4817 4848 
3 4848 4853 4789 
3 4790 4820 4819 
3 4854 4791 4789 
3 4789 4853 4854 
3 4854 4855 4793 
3 4793 4791 4854 
3 4855 4856 4822 
3 4822 4793 4855 
3 4857 4821 4823 
3 4824 4822 4856 
3 4858 4857 4823 
3 4823 4859 4858 
3 4823 4825 4859 
3 4824 4860 4861 
3 4861 4827 4824 
3 4824 4827 4826 
3 4828 4859 4825 
3 4827 4862 4830 
3 4829 4831 4828 
3 4831 4802 4832 
3 4830 4862 4863 
3 4863 4833 4830 
3 4832 4864 4831 
3 4863 4834 4833 
3 4864 4832 4835 
3 4836 4834 4863 
3 4864 4835 4803 
3 4803 4865 4864 
3 4836 4863 4838 
3 4865 4803 4837 
3 4837 4774 4866 
3 4805 4838 4867 
3 4866 4774 4839 
3 4867 4840 4805 
3 4839 4808 4841 
3 4841 4868 4839 
3 4840 4867 4869 
3 4869 4842 4840 
3 4870 4841 4843 
3 4841 4870 4868 
3 4843 4844 4870 
3 4842 4869 4871 
3 4871 4778 4842 
3 4778 4871 4845 
3 4812 4872 4844 
3 4871 4873 4845 
3 4845 4873 4846 
3 4816 4815 4874 
3 4816 4874 4847 
3 4847 4872 4812 
3 4814 4813 4846 
3 4846 4875 4814 
3 4815 4814 4875 
3 4875 4874 4815 
3 4787 4876 4850 
3 4876 4787 4851 
3 4852 4877 4851 
3 4877 4852 4788 
3 4877 4788 4819 
3 4819 4878 4877 
3 4878 4819 4820 
3 4820 4879 4878 
3 4853 4880 4854 
3 4820 4881 4879 
3 4855 4854 4880 
3 4880 4882 4855 
3 4881 4820 4821 
3 4856 4855 4882 
3 4881 4821 4857 
3 4856 4883 4824 
3 4858 4884 4857 
3 4860 4824 4883 
3 4858 4885 4884 
3 4885 4858 4859 
3 4861 4860 4883 
3 4886 4885 4859 
3 4861 4883 4887 
3 4887 4827 4861 
3 4859 4828 4886 
3 4862 4827 4887 
3 4828 4831 4888 
3 4831 4889 4888 
3 4862 4890 4863 
3 4864 4889 4831 
3 4891 4864 4865 
3 4890 4892 4863 
3 4865 4893 4891 
3 4838 4863 4892 
3 4865 4837 4893 
3 4837 4866 4893 
3 4894 4867 4838 
3 4867 4894 4895 
3 4839 4896 4866 
3 4895 4897 4867 
3 4896 4839 4868 
3 4869 4867 4897 
3 4896 4868 4870 
3 4898 4870 4844 
3 4899 4871 4869 
3 4872 4898 4844 
3 4899 4900 4871 
3 4871 4900 4873 
3 4901 4847 4874 
3 4872 4847 4901 
3 4873 4902 4846 
3 4902 4875 4846 
3 4876 4903 4850 
3 4876 4904 4903 
3 4904 4876 4851 
3 4851 4905 4904 
3 4905 4851 4877 
3 4877 4906 4905 
3 4853 4848 4907 
3 4877 4878 4908 
3 4908 4878 4879 
3 4880 4853 4909 
3 4853 4907 4909 
3 4882 4880 4909 
3 4909 4910 4882 
3 4856 4882 4911 
3 4910 4911 4882 
3 4883 4856 4911 
3 4911 4912 4883 
3 4857 4913 4881 
3 4857 4884 4913 
3 4912 4914 4883 
3 4915 4913 4884 
3 4884 4885 4915 
3 4885 4886 4915 
3 4887 4883 4914 
3 4914 4916 4887 
3 4888 4915 4886 
3 4886 4828 4888 
3 4862 4887 4916 
3 4916 4917 4862 
3 4889 4918 4888 
3 4917 4919 4862 
3 4919 4890 4862 
3 4918 4889 4864 
3 4891 4918 4864 
3 4890 4919 4920 
3 4890 4920 4892 
3 4921 4891 4893 
3 4920 4922 4892 
3 4922 4838 4892 
3 4922 4923 4838 
3 4893 4866 4924 
3 4894 4838 4923 
3 4923 4925 4894 
3 4866 4926 4924 
3 4895 4894 4925 
3 4925 4927 4895 
3 4926 4866 4896 
3 4927 4928 4895 
3 4897 4895 4928 
3 4897 4928 4929 
3 4870 4930 4896 
3 4929 4931 4897 
3 4931 4869 4897 
3 4870 4898 4932 
3 4932 4930 4870 
3 4869 4931 4899 
3 4898 4872 4933 
3 4933 4932 4898 
3 4901 4934 4935 
3 4872 4901 4935 
3 4935 4933 4872 
3 4900 4936 4873 
3 4902 4873 4936 
3 4936 4937 4902 
3 4875 4902 4937 
3 4937 4938 4875 
3 4874 4875 4938 
3 4901 4874 4938 
3 4938 4934 4901 
3 4848 4849 4939 
3 4939 4849 4850 
3 4850 4940 4939 
3 4940 4850 4903 
3 4941 4903 4904 
3 4941 4940 4903 
3 4904 4942 4941 
3 4904 4943 4942 
3 4943 4904 4905 
3 4848 4939 4907 
3 4943 4905 4906 
3 4906 4944 4943 
3 4906 4877 4944 
3 4944 4877 4908 
3 4945 4909 4907 
3 4879 4946 4908 
3 4946 4879 4881 
3 4909 4945 4947 
3 4947 4910 4909 
3 4947 4911 4910 
3 4948 4881 4913 
3 4913 4915 4948 
3 4912 4949 4914 
3 4949 4950 4914 
3 4951 4914 4950 
3 4914 4951 4916 
3 4916 4951 4952 
3 4915 4888 4953 
3 4917 4916 4952 
3 4952 4919 4917 
3 4954 4953 4888 
3 4888 4918 4954 
3 4918 4955 4954 
3 4918 4956 4955 
3 4956 4918 4891 
3 4891 4957 4956 
3 4957 4891 4921 
3 4893 4924 4921 
3 4958 4959 4922 
3 4923 4922 4959 
3 4959 4960 4923 
3 4960 4925 4923 
3 4961 4924 4926 
3 4960 4962 4925 
3 4962 4927 4925 
3 4896 4963 4961 
3 4961 4926 4896 
3 4927 4962 4928 
3 4930 4963 4896 
3 4929 4928 4964 
3 4929 4964 4931 
3 4964 4899 4931 
3 4933 4935 4965 
3 4932 4933 4965 
3 4964 4966 4899 
3 4899 4966 4900 
3 4934 4967 4935 
3 4936 4968 4937 
3 4968 4969 4937 
3 4938 4937 4969 
3 4969 4970 4938 
3 4934 4938 4970 
3 4970 4967 4934 
3 4971 4939 4940 
3 4940 4972 4971 
3 4940 4973 4972 
3 4973 4940 4941 
3 4974 4907 4939 
3 4939 4971 4974 
3 4941 4975 4973 
3 4975 4941 4942 
3 4975 4942 4943 
3 4943 4976 4975 
3 4976 4943 4944 
3 4944 4977 4976 
3 4978 4944 4908 
3 4978 4977 4944 
3 4907 4974 4945 
3 4908 4946 4978 
3 4979 4947 4945 
3 4945 4980 4979 
3 4881 4981 4946 
3 4911 4947 4979 
3 4979 4982 4911 
3 4981 4881 4948 
3 4982 4983 4912 
3 4912 4911 4982 
3 4948 4984 4981 
3 4984 4948 4915 
3 4949 4912 4983 
3 4983 4985 4949 
3 4950 4949 4985 
3 4986 4984 4915 
3 4951 4950 4985 
3 4985 4987 4951 
3 4915 4988 4986 
3 4951 4987 4952 
3 4953 4988 4915 
3 4952 4989 4919 
3 4953 4990 4988 
3 4953 4954 4990 
3 4954 4955 4990 
3 4956 4990 4955 
3 4991 4990 4956 
3 4956 4957 4991 
3 4919 4992 4920 
3 4991 4957 4921 
3 4921 4993 4991 
3 4922 4920 4992 
3 4993 4921 4924 
3 4922 4992 4994 
3 4994 4958 4922 
3 4959 4958 4994 
3 4994 4960 4959 
3 4994 4995 4960 
3 4995 4962 4960 
3 4963 4996 4961 
3 4995 4997 4962 
3 4997 4928 4962 
3 4996 4963 4930 
3 4930 4998 4996 
3 4997 4999 4928 
3 4999 4964 4928 
3 4998 4932 4965 
3 4998 4930 4932 
3 4999 5000 4964 
3 5000 5001 4964 
3 5002 4965 4935 
3 4966 4964 5001 
3 5002 4935 4967 
3 4967 5003 5002 
3 4966 5004 4900 
3 4936 4900 5005 
3 4900 5004 5005 
3 4968 4936 5005 
3 4969 5006 4970 
3 4967 4970 5003 
3 4968 5006 4969 
3 5007 4971 4972 
3 4972 5008 5007 
3 5008 4972 4973 
3 4971 5007 4974 
3 4973 4975 5008 
3 5009 4976 4977 
3 4980 4945 4974 
3 5010 4978 4946 
3 5011 4979 4980 
3 4981 5010 4946 
3 4982 4979 5011 
3 5011 5012 4982 
3 4983 4982 5012 
3 5012 5013 4983 
3 4985 4983 5013 
3 5013 5014 4985 
3 4986 5015 4984 
3 4987 4985 5014 
3 5015 4986 4988 
3 4988 5016 5015 
3 4952 4987 5017 
3 5017 4989 4952 
3 5018 5016 4988 
3 4988 4990 5018 
3 4989 4992 4919 
3 5019 5018 4990 
3 4990 4991 5019 
3 5019 4991 4993 
3 4994 4992 5020 
3 5021 4993 4924 
3 4994 5020 4995 
3 5021 4924 4961 
3 4995 5022 4997 
3 5022 5023 4997 
3 5023 5024 4997 
3 4999 4997 5024 
3 4965 5025 4998 
3 4999 5024 5026 
3 5026 5001 4999 
3 5001 5000 4999 
3 5002 5025 4965 
3 5001 5026 4966 
3 5003 5027 5002 
3 5028 4970 5006 
3 5003 4970 5028 
3 5005 5029 4968 
3 5006 4968 5029 
3 5030 4974 5007 
3 5007 5031 5030 
3 5007 5032 5031 
3 5032 5007 5008 
3 5008 5033 5032 
3 5033 5008 4975 
3 4975 5034 5033 
3 5034 4975 4976 
3 4976 5035 5034 
3 5035 4976 5009 
3 5036 4980 4974 
3 4974 5030 5036 
3 5009 5037 5035 
3 5009 4977 5037 
3 5037 4977 4978 
3 4978 5038 5037 
3 5038 4978 5010 
3 5010 5039 5038 
3 4980 5036 5011 
3 5039 5010 4981 
3 4981 5040 5039 
3 5041 5013 5012 
3 5040 4981 4984 
3 5041 5014 5013 
3 5015 5042 4984 
3 5015 5043 5042 
3 5043 5015 5016 
3 5014 5044 4987 
3 5016 5045 5043 
3 5017 4987 5044 
3 5046 5045 5016 
3 5016 5018 5046 
3 5017 5047 4989 
3 5047 4992 4989 
3 5018 5019 5048 
3 5048 5019 4993 
3 4993 5049 5048 
3 5047 5050 4992 
3 4992 5050 5051 
3 5051 5020 4992 
3 5049 4993 5021 
3 5021 5052 5049 
3 4995 5020 5051 
3 5021 4961 5052 
3 4995 5051 5053 
3 4961 5054 5052 
3 4961 4996 5054 
3 4995 5053 5055 
3 5055 5022 4995 
3 5055 5023 5022 
3 5056 4996 4998 
3 4998 5057 5056 
3 5023 5055 5058 
3 5058 5024 5023 
3 5057 4998 5025 
3 5025 5059 5057 
3 5058 5026 5024 
3 5059 5002 5027 
3 5025 5002 5059 
3 5027 5003 5060 
3 5026 5061 4966 
3 5004 4966 5061 
3 5028 5060 5003 
3 5004 5029 5005 
3 5029 5062 5006 
3 5028 5006 5062 
3 5063 5030 5031 
3 5033 5064 5032 
3 5033 5065 5064 
3 5065 5033 5034 
3 5066 5036 5030 
3 5030 5063 5066 
3 5034 5067 5065 
3 5067 5034 5035 
3 5035 5068 5067 
3 5068 5035 5037 
3 5037 5069 5068 
3 5070 5037 5038 
3 5070 5069 5037 
3 5039 5070 5038 
3 5071 5011 5036 
3 5036 5066 5071 
3 5039 5072 5070 
3 5012 5011 5071 
3 5071 5073 5012 
3 5072 5039 5040 
3 5040 5074 5072 
3 5041 5012 5073 
3 5073 5075 5041 
3 5074 5040 4984 
3 5076 5041 5075 
3 5076 5014 5041 
3 5076 5077 5014 
3 5074 4984 5042 
3 5078 5074 5042 
3 5042 5043 5078 
3 5014 5077 5044 
3 5043 5045 5078 
3 5046 5079 5045 
3 5044 5080 5017 
3 5079 5046 5018 
3 5047 5017 5080 
3 5047 5080 5081 
3 5018 5082 5079 
3 5082 5018 5048 
3 5048 5083 5082 
3 5081 5050 5047 
3 5083 5048 5049 
3 5049 5084 5083 
3 5051 5050 5085 
3 5084 5049 5052 
3 5053 5051 5086 
3 5053 5086 5087 
3 5087 5055 5053 
3 5054 4996 5056 
3 5055 5087 5088 
3 5088 5089 5055 
3 5089 5058 5055 
3 5090 5057 5059 
3 5057 5090 5056 
3 5026 5058 5089 
3 5027 5060 5091 
3 5091 5092 5027 
3 5027 5092 5059 
3 5093 5061 5026 
3 5091 5060 5028 
3 5093 5094 5061 
3 5094 5004 5061 
3 5029 5004 5094 
3 5094 5062 5029 
3 5063 5031 5095 
3 5095 5031 5032 
3 5032 5096 5095 
3 5096 5032 5064 
3 5064 5097 5096 
3 5065 5098 5097 
3 5097 5064 5065 
3 5063 5099 5066 
3 5098 5065 5067 
3 5067 5100 5098 
3 5067 5101 5100 
3 5101 5067 5068 
3 5102 5071 5066 
3 5099 5102 5066 
3 5069 5103 5068 
3 5103 5069 5070 
3 5104 5070 5072 
3 5104 5103 5070 
3 5073 5071 5102 
3 5102 5105 5073 
3 5074 5104 5072 
3 5106 5073 5105 
3 5106 5075 5073 
3 5106 5076 5075 
3 5077 5076 5106 
3 5106 5107 5077 
3 5107 5108 5077 
3 5109 5074 5078 
3 5078 5110 5109 
3 5108 5044 5077 
3 5110 5078 5045 
3 5110 5045 5079 
3 5108 5111 5044 
3 5111 5080 5044 
3 5081 5080 5111 
3 5111 5112 5081 
3 5079 5082 5083 
3 5112 5050 5081 
3 5085 5050 5112 
3 5084 5113 5083 
3 5052 5114 5113 
3 5113 5084 5052 
3 5051 5085 5115 
3 5115 5086 5051 
3 5052 5054 5114 
3 5115 5116 5086 
3 5087 5086 5116 
3 5116 5117 5087 
3 5056 5118 5054 
3 5088 5087 5117 
3 5056 5090 5118 
3 5089 5088 5117 
3 5059 5119 5090 
3 5089 5117 5120 
3 5059 5092 5119 
3 5120 5121 5089 
3 5121 5026 5089 
3 5093 5026 5121 
3 5093 5122 5094 
3 5122 5123 5094 
3 5062 5094 5123 
3 5123 5124 5062 
3 5028 5062 5124 
3 5124 5091 5028 
3 5096 5125 5095 
3 5099 5063 5126 
3 5126 5063 5095 
3 5095 5125 5126 
3 5101 5127 5100 
3 5127 5101 5068 
3 5068 5128 5127 
3 5129 5102 5099 
3 5099 5126 5129 
3 5068 5103 5128 
3 5129 5105 5102 
3 5104 5130 5103 
3 5130 5104 5074 
3 5105 5131 5106 
3 5074 5132 5130 
3 5131 5133 5106 
3 5134 5132 5074 
3 5107 5106 5133 
3 5074 5109 5134 
3 5108 5107 5133 
3 5134 5109 5110 
3 5135 5111 5108 
3 5079 5136 5110 
3 5112 5111 5135 
3 5135 5137 5112 
3 5136 5079 5083 
3 5137 5138 5112 
3 5085 5112 5138 
3 5115 5085 5139 
3 5115 5139 5140 
3 5140 5116 5115 
3 5054 5118 5114 
3 5116 5140 5141 
3 5116 5141 5142 
3 5142 5117 5116 
3 5118 5090 5143 
3 5117 5142 5144 
3 5143 5090 5119 
3 5119 5145 5143 
3 5144 5120 5117 
3 5146 5145 5119 
3 5119 5092 5146 
3 5147 5092 5091 
3 5092 5147 5146 
3 5121 5120 5093 
3 5148 5147 5091 
3 5093 5120 5149 
3 5122 5093 5150 
3 5093 5149 5150 
3 5123 5122 5150 
3 5150 5151 5123 
3 5151 5152 5123 
3 5153 5124 5123 
3 5123 5152 5153 
3 5091 5124 5153 
3 5125 5154 5126 
3 5125 5096 5155 
3 5155 5154 5125 
3 5155 5096 5097 
3 5155 5097 5098 
3 5098 5156 5155 
3 5156 5098 5100 
3 5100 5127 5156 
3 5157 5127 5128 
3 5128 5158 5157 
3 5159 5128 5103 
3 5159 5158 5128 
3 5160 5105 5129 
3 5103 5161 5159 
3 5103 5130 5161 
3 5131 5105 5160 
3 5160 5162 5131 
3 5161 5130 5132 
3 5133 5131 5162 
3 5134 5163 5132 
3 5108 5133 5164 
3 5163 5134 5110 
3 5164 5165 5108 
3 5135 5108 5165 
3 5165 5166 5135 
3 5135 5166 5167 
3 5110 5136 5168 
3 5169 5135 5167 
3 5135 5169 5137 
3 5136 5170 5168 
3 5136 5171 5170 
3 5136 5083 5171 
3 5169 5138 5137 
3 5083 5172 5171 
3 5083 5173 5172 
3 5174 5085 5138 
3 5173 5083 5113 
3 5174 5139 5085 
3 5173 5113 5114 
3 5174 5175 5139 
3 5140 5139 5175 
3 5141 5140 5175 
3 5175 5176 5141 
3 5118 5177 5114 
3 5142 5141 5176 
3 5176 5178 5142 
3 5178 5179 5142 
3 5143 5180 5177 
3 5177 5118 5143 
3 5144 5142 5179 
3 5179 5181 5144 
3 5143 5145 5180 
3 5181 5182 5144 
3 5120 5144 5182 
3 5145 5146 5180 
3 5146 5183 5180 
3 5183 5146 5147 
3 5182 5184 5120 
3 5148 5185 5147 
3 5147 5185 5183 
3 5149 5120 5184 
3 5184 5186 5149 
3 5150 5149 5186 
3 5091 5153 5187 
3 5187 5148 5091 
3 5186 5188 5150 
3 5151 5150 5188 
3 5188 5189 5151 
3 5152 5151 5189 
3 5153 5189 5187 
3 5153 5152 5189 
3 5190 5126 5154 
3 5155 5191 5154 
3 5191 5155 5156 
3 5156 5192 5191 
3 5193 5156 5127 
3 5193 5192 5156 
3 5194 5129 5126 
3 5126 5190 5194 
3 5127 5195 5193 
3 5195 5127 5157 
3 5157 5158 5195 
3 5196 5160 5129 
3 5129 5194 5196 
3 5162 5160 5196 
3 5161 5132 5197 
3 5162 5198 5133 
3 5132 5199 5197 
3 5132 5163 5199 
3 5164 5133 5198 
3 5200 5163 5110 
3 5165 5164 5201 
3 5201 5166 5165 
3 5168 5202 5110 
3 5202 5168 5170 
3 5202 5170 5171 
3 5203 5169 5167 
3 5169 5203 5138 
3 5202 5171 5172 
3 5172 5204 5202 
3 5204 5172 5173 
3 5174 5138 5203 
3 5174 5203 5205 
3 5204 5173 5114 
3 5174 5205 5206 
3 5206 5175 5174 
3 5206 5178 5175 
3 5175 5178 5176 
3 5207 5114 5177 
3 5177 5208 5207 
3 5209 5179 5178 
3 5208 5177 5180 
3 5209 5181 5179 
3 5180 5210 5208 
3 5181 5209 5211 
3 5211 5182 5181 
3 5210 5180 5183 
3 5183 5185 5210 
3 5182 5212 5184 
3 5185 5148 5213 
3 5212 5214 5184 
3 5186 5184 5215 
3 5184 5214 5215 
3 5148 5187 5213 
3 5215 5216 5186 
3 5216 5188 5186 
3 5189 5188 5216 
3 5216 5217 5189 
3 5187 5189 5217 
3 5154 5218 5190 
3 5218 5154 5191 
3 5191 5219 5218 
3 5219 5191 5192 
3 5192 5220 5219 
3 5193 5220 5192 
3 5193 5221 5220 
3 5221 5193 5195 
3 5195 5222 5221 
3 5223 5222 5195 
3 5223 5195 5158 
3 5158 5224 5223 
3 5158 5225 5224 
3 5158 5159 5225 
3 5225 5159 5161 
3 5196 5226 5162 
3 5161 5227 5225 
3 5161 5197 5227 
3 5198 5162 5226 
3 5227 5197 5199 
3 5199 5228 5227 
3 5198 5229 5164 
3 5230 5228 5199 
3 5199 5163 5230 
3 5200 5230 5163 
3 5201 5164 5229 
3 5229 5231 5201 
3 5200 5232 5230 
3 5232 5200 5110 
3 5201 5231 5233 
3 5233 5166 5201 
3 5110 5234 5232 
3 5166 5233 5235 
3 5167 5166 5235 
3 5236 5234 5110 
3 5110 5202 5236 
3 5235 5237 5167 
3 5203 5167 5237 
3 5238 5236 5202 
3 5202 5204 5238 
3 5204 5239 5238 
3 5204 5240 5239 
3 5205 5203 5241 
3 5240 5204 5114 
3 5114 5242 5240 
3 5205 5241 5243 
3 5243 5206 5205 
3 5243 5178 5206 
3 5244 5114 5207 
3 5114 5244 5242 
3 5245 5246 5178 
3 5246 5209 5178 
3 5209 5246 5247 
3 5247 5248 5209 
3 5210 5249 5208 
3 5248 5211 5209 
3 5211 5248 5250 
3 5250 5251 5211 
3 5211 5251 5182 
3 5249 5210 5185 
3 5185 5252 5249 
3 5251 5250 5212 
3 5182 5251 5212 
3 5213 5252 5185 
3 5253 5213 5187 
3 5214 5254 5215 
3 5216 5215 5254 
3 5217 5216 5254 
3 5254 5255 5217 
3 5187 5217 5255 
3 5255 5253 5187 
3 5190 5218 5256 
3 5218 5257 5256 
3 5257 5218 5219 
3 5219 5258 5257 
3 5259 5219 5220 
3 5259 5258 5219 
3 5194 5190 5260 
3 5190 5256 5260 
3 5259 5220 5221 
3 5221 5222 5259 
3 5261 5196 5194 
3 5194 5260 5261 
3 5222 5223 5224 
3 5262 5224 5225 
3 5226 5196 5261 
3 5261 5263 5226 
3 5225 5264 5262 
3 5225 5227 5264 
3 5227 5228 5264 
3 5198 5226 5263 
3 5230 5232 5228 
3 5229 5265 5231 
3 5233 5231 5265 
3 5265 5266 5233 
3 5266 5235 5233 
3 5234 5267 5232 
3 5234 5236 5267 
3 5235 5266 5237 
3 5268 5267 5236 
3 5236 5238 5268 
3 5241 5203 5237 
3 5238 5239 5268 
3 5268 5239 5240 
3 5240 5242 5268 
3 5243 5241 5269 
3 5269 5270 5243 
3 5270 5178 5243 
3 5245 5178 5270 
3 5207 5271 5244 
3 5207 5208 5271 
3 5246 5245 5272 
3 5247 5246 5272 
3 5271 5208 5249 
3 5247 5272 5273 
3 5273 5248 5247 
3 5273 5274 5248 
3 5274 5250 5248 
3 5252 5275 5249 
3 5274 5276 5250 
3 5212 5250 5276 
3 5252 5213 5277 
3 5277 5275 5252 
3 5276 5278 5212 
3 5214 5212 5278 
3 5278 5279 5214 
3 5213 5253 5280 
3 5280 5277 5213 
3 5254 5214 5279 
3 5279 5281 5254 
3 5281 5282 5254 
3 5255 5254 5282 
3 5282 5283 5255 
3 5283 5284 5255 
3 5253 5255 5284 
3 5284 5280 5253 
3 5260 5256 5285 
3 5285 5286 5260 
3 5287 5285 5256 
3 5287 5256 5257 
3 5287 5257 5258 
3 5258 5288 5287 
3 5288 5258 5259 
3 5259 5289 5288 
3 5289 5259 5222 
3 5290 5261 5260 
3 5260 5286 5290 
3 5222 5291 5289 
3 5291 5222 5224 
3 5224 5292 5291 
3 5292 5224 5262 
3 5263 5261 5290 
3 5290 5293 5263 
3 5262 5294 5292 
3 5294 5262 5264 
3 5294 5264 5228 
3 5198 5263 5293 
3 5293 5295 5198 
3 5229 5198 5295 
3 5295 5296 5229 
3 5228 5232 5297 
3 5265 5229 5296 
3 5296 5266 5265 
3 5232 5298 5297 
3 5298 5232 5267 
3 5299 5237 5266 
3 5300 5267 5268 
3 5299 5241 5237 
3 5299 5301 5241 
3 5301 5269 5241 
3 5301 5302 5269 
3 5302 5270 5269 
3 5242 5244 5303 
3 5270 5302 5304 
3 5304 5245 5270 
3 5303 5244 5271 
3 5245 5304 5305 
3 5305 5272 5245 
3 5305 5306 5272 
3 5306 5307 5272 
3 5249 5308 5271 
3 5273 5272 5307 
3 5249 5309 5308 
3 5274 5273 5307 
3 5309 5249 5275 
3 5274 5307 5310 
3 5310 5311 5274 
3 5311 5276 5274 
3 5275 5277 5312 
3 5311 5310 5278 
3 5276 5311 5278 
3 5280 5312 5277 
3 5278 5313 5279 
3 5281 5279 5313 
3 5283 5314 5284 
3 5280 5284 5314 
3 5281 5315 5282 
3 5283 5282 5315 
3 5315 5316 5283 
3 5314 5283 5316 
3 5317 5318 5285 
3 5317 5285 5287 
3 5287 5319 5317 
3 5319 5287 5288 
3 5288 5320 5319 
3 5320 5288 5289 
3 5321 5290 5286 
3 5286 5318 5321 
3 5286 5285 5318 
3 5289 5322 5320 
3 5322 5289 5291 
3 5291 5323 5322 
3 5323 5291 5292 
3 5324 5293 5290 
3 5292 5325 5323 
3 5292 5326 5325 
3 5292 5294 5326 
3 5295 5293 5324 
3 5324 5327 5295 
3 5296 5295 5327 
3 5327 5328 5296 
3 5297 5329 5228 
3 5328 5330 5296 
3 5266 5296 5330 
3 5297 5298 5329 
3 5330 5331 5266 
3 5267 5332 5298 
3 5331 5333 5266 
3 5332 5267 5300 
3 5299 5266 5333 
3 5334 5300 5268 
3 5334 5268 5242 
3 5242 5335 5334 
3 5336 5302 5301 
3 5242 5337 5335 
3 5337 5242 5303 
3 5303 5338 5337 
3 5304 5302 5336 
3 5303 5339 5338 
3 5304 5336 5340 
3 5339 5303 5271 
3 5340 5305 5304 
3 5271 5341 5339 
3 5340 5306 5305 
3 5306 5340 5307 
3 5341 5271 5308 
3 5312 5309 5275 
3 5310 5342 5278 
3 5342 5343 5278 
3 5313 5278 5343 
3 5280 5314 5344 
3 5344 5345 5280 
3 5280 5345 5312 
3 5313 5346 5281 
3 5315 5281 5346 
3 5346 5347 5315 
3 5316 5315 5347 
3 5316 5344 5314 
3 5348 5318 5317 
3 5348 5317 5319 
3 5319 5349 5348 
3 5349 5319 5320 
3 5320 5350 5349 
3 5290 5321 5351 
3 5351 5321 5318 
3 5318 5352 5351 
3 5348 5352 5318 
3 5320 5322 5350 
3 5353 5324 5290 
3 5290 5354 5353 
3 5351 5354 5290 
3 5325 5355 5323 
3 5355 5325 5326 
3 5327 5324 5353 
3 5353 5356 5327 
3 5326 5357 5355 
3 5326 5294 5357 
3 5357 5294 5228 
3 5328 5327 5356 
3 5358 5357 5228 
3 5329 5358 5228 
3 5359 5330 5328 
3 5360 5358 5329 
3 5329 5298 5361 
3 5359 5362 5331 
3 5331 5330 5359 
3 5361 5298 5332 
3 5363 5331 5362 
3 5331 5363 5333 
3 5300 5364 5332 
3 5299 5333 5363 
3 5364 5300 5334 
3 5334 5365 5364 
3 5365 5334 5335 
3 5335 5366 5365 
3 5366 5335 5337 
3 5337 5338 5366 
3 5308 5367 5341 
3 5340 5368 5369 
3 5340 5369 5307 
3 5367 5308 5309 
3 5309 5370 5367 
3 5369 5371 5307 
3 5310 5307 5371 
3 5371 5372 5310 
3 5309 5312 5373 
3 5373 5370 5309 
3 5372 5374 5310 
3 5342 5310 5374 
3 5374 5375 5342 
3 5312 5376 5373 
3 5343 5342 5375 
3 5313 5343 5377 
3 5344 5376 5345 
3 5312 5345 5376 
3 5377 5346 5313 
3 5347 5378 5316 
3 5344 5316 5378 
3 5348 5349 5379 
3 5349 5380 5379 
3 5350 5380 5349 
3 5351 5381 5382 
3 5381 5351 5352 
3 5352 5383 5381 
3 5383 5352 5348 
3 5379 5383 5348 
3 5322 5384 5350 
3 5354 5385 5353 
3 5354 5351 5382 
3 5382 5385 5354 
3 5322 5386 5384 
3 5322 5323 5386 
3 5323 5387 5386 
3 5387 5323 5355 
3 5355 5388 5387 
3 5388 5355 5357 
3 5356 5389 5328 
3 5357 5390 5388 
3 5357 5391 5390 
3 5357 5358 5391 
3 5359 5328 5389 
3 5391 5358 5360 
3 5391 5360 5329 
3 5389 5392 5359 
3 5329 5393 5391 
3 5362 5359 5392 
3 5394 5393 5329 
3 5329 5361 5394 
3 5392 5395 5362 
3 5361 5396 5394 
3 5361 5397 5396 
3 5361 5332 5397 
3 5363 5362 5395 
3 5332 5398 5397 
3 5363 5395 5399 
3 5398 5332 5364 
3 5399 5400 5363 
3 5365 5398 5364 
3 5299 5363 5400 
3 5400 5401 5299 
3 5301 5299 5401 
3 5301 5401 5402 
3 5366 5403 5365 
3 5403 5366 5338 
3 5336 5301 5402 
3 5402 5404 5336 
3 5404 5340 5336 
3 5339 5405 5338 
3 5405 5339 5341 
3 5406 5341 5367 
3 5341 5406 5405 
3 5406 5367 5370 
3 5369 5368 5407 
3 5369 5407 5371 
3 5408 5372 5371 
3 5371 5407 5408 
3 5373 5409 5370 
3 5410 5374 5372 
3 5372 5408 5410 
3 5374 5410 5375 
3 5409 5373 5376 
3 5410 5411 5375 
3 5411 5343 5375 
3 5377 5343 5411 
3 5412 5376 5344 
3 5344 5413 5412 
3 5376 5412 5409 
3 5411 5414 5377 
3 5346 5377 5414 
3 5414 5415 5346 
3 5347 5346 5415 
3 5378 5347 5415 
3 5378 5416 5344 
3 5344 5416 5413 
3 5382 5381 5417 
3 5381 5418 5417 
3 5418 5381 5383 
3 5383 5419 5418 
3 5419 5383 5379 
3 5379 5420 5419 
3 5421 5420 5379 
3 5421 5379 5380 
3 5421 5380 5350 
3 5350 5422 5421 
3 5350 5423 5422 
3 5423 5350 5384 
3 5424 5425 5353 
3 5424 5353 5385 
3 5417 5385 5382 
3 5384 5426 5423 
3 5384 5386 5426 
3 5386 5427 5426 
3 5427 5386 5387 
3 5425 5428 5356 
3 5356 5353 5425 
3 5387 5429 5427 
3 5387 5430 5429 
3 5387 5388 5430 
3 5431 5430 5388 
3 5428 5432 5389 
3 5389 5356 5428 
3 5388 5390 5431 
3 5433 5390 5391 
3 5392 5389 5432 
3 5432 5434 5392 
3 5391 5393 5433 
3 5433 5393 5394 
3 5394 5435 5433 
3 5395 5392 5434 
3 5435 5394 5396 
3 5396 5436 5435 
3 5436 5396 5397 
3 5436 5397 5398 
3 5399 5437 5400 
3 5365 5438 5398 
3 5401 5400 5437 
3 5365 5403 5438 
3 5402 5401 5437 
3 5437 5439 5402 
3 5440 5403 5338 
3 5402 5441 5404 
3 5338 5442 5440 
3 5442 5338 5405 
3 5405 5443 5442 
3 5441 5444 5404 
3 5444 5340 5404 
3 5405 5445 5443 
3 5368 5340 5444 
3 5444 5446 5368 
3 5445 5405 5406 
3 5446 5447 5368 
3 5370 5448 5406 
3 5407 5368 5447 
3 5447 5449 5407 
3 5449 5450 5407 
3 5408 5407 5450 
3 5450 5451 5408 
3 5370 5409 5448 
3 5408 5452 5410 
3 5411 5410 5453 
3 5410 5452 5453 
3 5413 5454 5412 
3 5454 5409 5412 
3 5453 5414 5411 
3 5414 5455 5415 
3 5378 5415 5455 
3 5455 5416 5378 
3 5418 5456 5417 
3 5456 5418 5419 
3 5419 5457 5456 
3 5457 5419 5420 
3 5420 5458 5457 
3 5458 5420 5421 
3 5421 5459 5458 
3 5459 5421 5422 
3 5460 5422 5423 
3 5460 5459 5422 
3 5424 5461 5425 
3 5385 5462 5424 
3 5462 5385 5417 
3 5456 5462 5417 
3 5460 5423 5426 
3 5426 5463 5460 
3 5463 5426 5427 
3 5428 5425 5461 
3 5427 5464 5463 
3 5427 5429 5464 
3 5464 5429 5430 
3 5464 5430 5431 
3 5431 5465 5464 
3 5428 5466 5432 
3 5466 5467 5432 
3 5390 5468 5431 
3 5390 5433 5468 
3 5434 5432 5467 
3 5467 5469 5434 
3 5435 5470 5433 
3 5395 5434 5469 
3 5469 5471 5395 
3 5435 5436 5470 
3 5470 5436 5472 
3 5398 5472 5436 
3 5399 5395 5471 
3 5471 5473 5399 
3 5472 5398 5438 
3 5438 5474 5472 
3 5437 5399 5473 
3 5438 5403 5474 
3 5402 5439 5475 
3 5403 5440 5442 
3 5475 5441 5402 
3 5441 5476 5444 
3 5443 5445 5477 
3 5476 5446 5444 
3 5445 5478 5477 
3 5446 5476 5479 
3 5479 5447 5446 
3 5478 5406 5448 
3 5478 5445 5406 
3 5447 5479 5480 
3 5480 5449 5447 
3 5448 5481 5478 
3 5449 5480 5451 
3 5451 5450 5449 
3 5409 5482 5481 
3 5481 5448 5409 
3 5483 5408 5451 
3 5454 5482 5409 
3 5408 5483 5484 
3 5484 5452 5408 
3 5454 5413 5485 
3 5453 5452 5484 
3 5453 5486 5414 
3 5455 5414 5486 
3 5486 5487 5455 
3 5416 5455 5487 
3 5487 5488 5416 
3 5413 5416 5488 
3 5488 5485 5413 
3 5458 5489 5457 
3 5489 5458 5459 
3 5459 5490 5489 
3 5459 5491 5490 
3 5491 5459 5460 
3 5461 5424 5492 
3 5492 5493 5461 
3 5492 5424 5462 
3 5462 5494 5492 
3 5494 5462 5456 
3 5456 5495 5494 
3 5495 5456 5457 
3 5457 5496 5495 
3 5496 5457 5489 
3 5460 5497 5491 
3 5497 5460 5463 
3 5428 5461 5493 
3 5493 5498 5428 
3 5497 5463 5464 
3 5464 5499 5497 
3 5464 5465 5500 
3 5500 5499 5464 
3 5466 5428 5501 
3 5498 5501 5428 
3 5465 5502 5500 
3 5465 5503 5502 
3 5465 5431 5503 
3 5467 5466 5501 
3 5503 5431 5468 
3 5470 5468 5433 
3 5469 5504 5471 
3 5505 5470 5472 
3 5472 5506 5505 
3 5504 5473 5471 
3 5506 5472 5474 
3 5474 5507 5506 
3 5473 5439 5437 
3 5508 5507 5474 
3 5403 5508 5474 
3 5403 5509 5508 
3 5439 5510 5475 
3 5403 5442 5509 
3 5475 5510 5511 
3 5442 5512 5509 
3 5511 5441 5475 
3 5443 5513 5514 
3 5512 5442 5443 
3 5443 5514 5512 
3 5476 5441 5511 
3 5477 5515 5513 
3 5513 5443 5477 
3 5476 5511 5516 
3 5477 5517 5515 
3 5477 5478 5517 
3 5516 5479 5476 
3 5478 5481 5517 
3 5479 5516 5518 
3 5518 5480 5479 
3 5518 5451 5480 
3 5518 5519 5451 
3 5483 5451 5519 
3 5482 5454 5520 
3 5519 5484 5483 
3 5454 5485 5521 
3 5521 5520 5454 
3 5453 5484 5522 
3 5486 5453 5522 
3 5523 5488 5487 
3 5487 5524 5523 
3 5485 5488 5523 
3 5523 5521 5485 
3 5487 5486 5522 
3 5522 5524 5487 
3 5492 5494 5525 
3 5494 5526 5525 
3 5526 5494 5495 
3 5526 5495 5496 
3 5496 5527 5526 
3 5527 5496 5489 
3 5489 5528 5527 
3 5528 5489 5490 
3 5490 5529 5528 
3 5529 5490 5491 
3 5491 5530 5529 
3 5530 5491 5497 
3 5498 5493 5531 
3 5493 5492 5525 
3 5525 5531 5493 
3 5497 5532 5530 
3 5497 5533 5532 
3 5533 5497 5499 
3 5501 5498 5531 
3 5533 5499 5500 
3 5500 5534 5533 
3 5500 5502 5534 
3 5535 5502 5503 
3 5535 5534 5502 
3 5501 5536 5467 
3 5503 5537 5535 
3 5503 5538 5537 
3 5503 5468 5538 
3 5539 5467 5536 
3 5468 5470 5538 
3 5469 5467 5539 
3 5470 5505 5538 
3 5539 5540 5469 
3 5504 5469 5540 
3 5541 5542 5504 
3 5504 5542 5473 
3 5542 5543 5473 
3 5439 5473 5543 
3 5543 5544 5439 
3 5508 5545 5507 
3 5439 5544 5546 
3 5546 5547 5439 
3 5545 5508 5509 
3 5547 5510 5439 
3 5511 5510 5547 
3 5547 5548 5511 
3 5545 5509 5549 
3 5509 5512 5549 
3 5514 5513 5549 
3 5512 5514 5549 
3 5548 5550 5511 
3 5549 5513 5515 
3 5515 5551 5549 
3 5516 5511 5550 
3 5550 5552 5516 
3 5551 5515 5517 
3 5516 5552 5553 
3 5553 5554 5516 
3 5554 5518 5516 
3 5481 5482 5520 
3 5555 5556 5518 
3 5556 5519 5518 
3 5555 5557 5556 
3 5556 5557 5558 
3 5558 5484 5519 
3 5519 5556 5558 
3 5520 5521 5559 
3 5558 5560 5484 
3 5522 5484 5560 
3 5560 5561 5522 
3 5521 5523 5562 
3 5562 5559 5521 
3 5561 5563 5522 
3 5524 5522 5563 
3 5563 5564 5524 
3 5523 5564 5562 
3 5523 5524 5564 
3 5525 5526 5565 
3 5526 5566 5565 
3 5566 5526 5527 
3 5527 5567 5566 
3 5527 5568 5567 
3 5568 5527 5528 
3 5568 5528 5529 
3 5529 5569 5568 
3 5529 5570 5569 
3 5570 5529 5530 
3 5571 5531 5525 
3 5565 5571 5525 
3 5530 5572 5570 
3 5530 5532 5572 
3 5572 5532 5533 
3 5501 5531 5571 
3 5571 5573 5501 
3 5533 5574 5572 
3 5534 5575 5574 
3 5574 5533 5534 
3 5535 5575 5534 
3 5536 5501 5573 
3 5573 5576 5536 
3 5535 5577 5575 
3 5535 5537 5577 
3 5539 5536 5576 
3 5577 5537 5538 
3 5538 5578 5577 
3 5576 5579 5539 
3 5580 5578 5538 
3 5538 5505 5580 
3 5540 5539 5579 
3 5579 5581 5540 
3 5505 5582 5580 
3 5582 5505 5506 
3 5504 5540 5581 
3 5581 5583 5504 
3 5506 5584 5582 
3 5541 5504 5583 
3 5541 5583 5585 
3 5585 5542 5541 
3 5542 5585 5543 
3 5584 5506 5507 
3 5585 5544 5543 
3 5507 5586 5584 
3 5585 5587 5544 
3 5586 5507 5545 
3 5546 5544 5587 
3 5546 5587 5588 
3 5588 5547 5546 
3 5588 5589 5547 
3 5589 5548 5547 
3 5545 5549 5590 
3 5589 5591 5548 
3 5549 5551 5590 
3 5591 5592 5548 
3 5592 5550 5548 
3 5591 5593 5592 
3 5550 5592 5593 
3 5593 5594 5550 
3 5594 5552 5550 
3 5517 5595 5551 
3 5553 5552 5594 
3 5517 5596 5595 
3 5594 5597 5553 
3 5554 5553 5597 
3 5598 5596 5481 
3 5596 5517 5481 
3 5554 5597 5599 
3 5481 5520 5598 
3 5520 5600 5598 
3 5518 5554 5599 
3 5599 5601 5518 
3 5601 5555 5518 
3 5557 5555 5601 
3 5558 5557 5601 
3 5601 5602 5558 
3 5602 5603 5558 
3 5560 5558 5603 
3 5603 5561 5560 
3 5563 5561 5604 
3 5563 5605 5564 
3 5562 5564 5605 
3 5606 5566 5567 
3 5567 5607 5606 
3 5567 5568 5607 
3 5568 5569 5607 
3 5608 5569 5570 
3 5609 5610 5571 
3 5571 5611 5609 
3 5611 5571 5565 
3 5612 5611 5565 
3 5612 5565 5566 
3 5566 5606 5612 
3 5608 5570 5572 
3 5572 5613 5608 
3 5573 5571 5610 
3 5572 5614 5613 
3 5614 5572 5574 
3 5574 5615 5614 
3 5574 5575 5615 
3 5615 5575 5577 
3 5577 5616 5615 
3 5578 5616 5577 
3 5576 5617 5579 
3 5581 5579 5617 
3 5580 5582 5578 
3 5617 5618 5581 
3 5583 5581 5618 
3 5584 5619 5582 
3 5583 5587 5585 
3 5619 5584 5586 
3 5586 5620 5619 
3 5586 5621 5620 
3 5621 5586 5545 
3 5545 5622 5621 
3 5622 5545 5590 
3 5588 5587 5623 
3 5623 5589 5588 
3 5590 5624 5622 
3 5623 5625 5589 
3 5625 5591 5589 
3 5624 5590 5551 
3 5625 5626 5591 
3 5626 5593 5591 
3 5593 5626 5594 
3 5627 5551 5595 
3 5594 5626 5628 
3 5596 5629 5627 
3 5627 5595 5596 
3 5628 5597 5594 
3 5598 5600 5630 
3 5596 5598 5629 
3 5598 5630 5629 
3 5597 5628 5631 
3 5631 5599 5597 
3 5599 5631 5601 
3 5520 5632 5600 
3 5631 5633 5602 
3 5601 5631 5602 
3 5632 5520 5559 
3 5559 5634 5632 
3 5635 5559 5562 
3 5562 5636 5635 
3 5635 5634 5559 
3 5603 5637 5561 
3 5604 5561 5637 
3 5637 5638 5604 
3 5563 5604 5638 
3 5605 5563 5638 
3 5562 5605 5636 
3 5639 5610 5609 
3 5609 5611 5640 
3 5640 5639 5609 
3 5611 5641 5640 
3 5641 5611 5612 
3 5641 5612 5606 
3 5607 5642 5606 
3 5642 5607 5569 
3 5569 5643 5642 
3 5643 5569 5608 
3 5608 5644 5643 
3 5608 5645 5644 
3 5645 5608 5613 
3 5639 5646 5610 
3 5646 5573 5610 
3 5613 5647 5645 
3 5647 5613 5614 
3 5646 5648 5576 
3 5576 5573 5646 
3 5614 5649 5647 
3 5614 5650 5649 
3 5614 5615 5650 
3 5648 5651 5576 
3 5615 5652 5650 
3 5615 5616 5652 
3 5652 5616 5578 
3 5653 5576 5651 
3 5653 5617 5576 
3 5578 5654 5652 
3 5582 5654 5578 
3 5619 5655 5582 
3 5618 5656 5583 
3 5656 5587 5583 
3 5656 5657 5587 
3 5655 5619 5620 
3 5620 5621 5655 
3 5622 5624 5621 
3 5587 5658 5623 
3 5623 5658 5625 
3 5624 5551 5659 
3 5551 5660 5659 
3 5551 5627 5660 
3 5625 5628 5626 
3 5661 5627 5629 
3 5627 5661 5660 
3 5661 5630 5600 
3 5661 5629 5630 
3 5662 5631 5628 
3 5662 5663 5631 
3 5632 5664 5665 
3 5665 5600 5632 
3 5633 5631 5663 
3 5663 5666 5633 
3 5602 5633 5666 
3 5664 5632 5634 
3 5634 5667 5664 
3 5666 5668 5602 
3 5603 5602 5669 
3 5602 5668 5669 
3 5667 5635 5636 
3 5634 5635 5667 
3 5669 5670 5603 
3 5670 5637 5603 
3 5670 5671 5637 
3 5638 5637 5671 
3 5671 5672 5638 
3 5605 5638 5672 
3 5672 5673 5605 
3 5636 5605 5673 
3 5636 5673 5667 
3 5639 5640 5674 
3 5674 5640 5641 
3 5641 5675 5674 
3 5675 5641 5606 
3 5606 5676 5675 
3 5676 5606 5642 
3 5642 5677 5676 
3 5642 5678 5677 
3 5678 5642 5643 
3 5643 5679 5678 
3 5679 5643 5644 
3 5645 5680 5644 
3 5681 5646 5639 
3 5639 5682 5681 
3 5674 5682 5639 
3 5645 5683 5680 
3 5645 5647 5683 
3 5648 5646 5681 
3 5647 5684 5683 
3 5647 5649 5684 
3 5685 5649 5650 
3 5685 5684 5649 
3 5650 5686 5685 
3 5650 5652 5686 
3 5651 5687 5653 
3 5652 5688 5686 
3 5652 5654 5688 
3 5617 5653 5687 
3 5654 5689 5688 
3 5654 5582 5689 
3 5618 5617 5687 
3 5690 5689 5582 
3 5582 5655 5690 
3 5655 5691 5690 
3 5692 5656 5618 
3 5691 5655 5621 
3 5621 5693 5691 
3 5621 5624 5693 
3 5587 5657 5658 
3 5658 5694 5625 
3 5660 5695 5659 
3 5694 5628 5625 
3 5660 5661 5695 
3 5628 5694 5696 
3 5628 5696 5697 
3 5697 5662 5628 
3 5698 5600 5665 
3 5698 5661 5600 
3 5662 5697 5699 
3 5699 5663 5662 
3 5663 5699 5666 
3 5668 5666 5669 
3 5667 5700 5664 
3 5669 5666 5701 
3 5669 5702 5670 
3 5671 5670 5703 
3 5670 5702 5703 
3 5703 5704 5671 
3 5705 5672 5671 
3 5671 5704 5705 
3 5673 5672 5705 
3 5705 5706 5673 
3 5706 5700 5673 
3 5700 5667 5673 
3 5707 5676 5677 
3 5677 5708 5707 
3 5677 5678 5708 
3 5678 5709 5708 
3 5709 5678 5679 
3 5679 5710 5709 
3 5711 5679 5644 
3 5711 5710 5679 
3 5712 5681 5682 
3 5713 5682 5674 
3 5713 5674 5675 
3 5713 5675 5676 
3 5676 5707 5713 
3 5644 5680 5711 
3 5714 5680 5683 
3 5648 5681 5712 
3 5712 5715 5648 
3 5683 5716 5714 
3 5683 5684 5716 
3 5685 5716 5684 
3 5651 5648 5715 
3 5715 5717 5651 
3 5685 5718 5716 
3 5718 5685 5686 
3 5687 5651 5717 
3 5686 5719 5718 
3 5720 5719 5686 
3 5686 5688 5720 
3 5717 5721 5687 
3 5722 5720 5688 
3 5688 5689 5722 
3 5618 5687 5721 
3 5689 5723 5722 
3 5689 5690 5723 
3 5724 5723 5690 
3 5692 5618 5721 
3 5721 5725 5692 
3 5724 5690 5726 
3 5691 5726 5690 
3 5725 5727 5692 
3 5728 5726 5691 
3 5727 5729 5692 
3 5729 5656 5692 
3 5656 5729 5657 
3 5691 5730 5728 
3 5731 5729 5727 
3 5729 5731 5657 
3 5730 5691 5693 
3 5693 5732 5730 
3 5658 5657 5731 
3 5731 5733 5658 
3 5732 5693 5624 
3 5624 5734 5732 
3 5658 5733 5735 
3 5735 5694 5658 
3 5734 5624 5659 
3 5659 5695 5734 
3 5694 5735 5736 
3 5695 5661 5737 
3 5736 5738 5694 
3 5696 5694 5738 
3 5737 5661 5698 
3 5696 5738 5739 
3 5739 5697 5696 
3 5739 5699 5697 
3 5739 5740 5699 
3 5666 5699 5740 
3 5741 5665 5664 
3 5740 5742 5666 
3 5742 5743 5666 
3 5664 5744 5741 
3 5664 5700 5744 
3 5701 5666 5743 
3 5669 5701 5743 
3 5743 5702 5669 
3 5706 5705 5745 
3 5745 5744 5706 
3 5700 5706 5744 
3 5702 5746 5703 
3 5704 5703 5746 
3 5705 5746 5745 
3 5705 5704 5746 
3 5708 5709 5747 
3 5747 5748 5708 
3 5709 5749 5747 
3 5749 5709 5710 
3 5682 5750 5712 
3 5750 5682 5713 
3 5713 5751 5750 
3 5751 5713 5707 
3 5707 5752 5751 
3 5752 5707 5708 
3 5708 5748 5752 
3 5711 5753 5710 
3 5753 5711 5680 
3 5714 5753 5680 
3 5754 5755 5715 
3 5712 5754 5715 
3 5714 5756 5753 
3 5757 5714 5716 
3 5757 5756 5714 
3 5717 5715 5755 
3 5716 5758 5757 
3 5758 5716 5718 
3 5718 5759 5758 
3 5718 5719 5759 
3 5759 5719 5720 
3 5760 5721 5717 
3 5720 5761 5759 
3 5761 5720 5722 
3 5760 5762 5721 
3 5763 5761 5722 
3 5722 5723 5763 
3 5723 5764 5763 
3 5723 5724 5764 
3 5725 5721 5762 
3 5764 5724 5726 
3 5726 5765 5764 
3 5762 5766 5725 
3 5766 5727 5725 
3 5726 5728 5765 
3 5766 5767 5727 
3 5728 5768 5765 
3 5728 5730 5768 
3 5731 5727 5767 
3 5767 5769 5731 
3 5768 5730 5732 
3 5770 5731 5769 
3 5731 5770 5733 
3 5734 5771 5732 
3 5770 5735 5733 
3 5735 5770 5772 
3 5771 5734 5695 
3 5772 5736 5735 
3 5736 5772 5773 
3 5773 5738 5736 
3 5773 5774 5738 
3 5775 5737 5698 
3 5739 5738 5774 
3 5698 5776 5775 
3 5776 5665 5741 
3 5776 5698 5665 
3 5777 5742 5740 
3 5741 5744 5778 
3 5743 5742 5777 
3 5777 5779 5743 
3 5702 5743 5779 
3 5780 5744 5745 
3 5780 5778 5744 
3 5746 5702 5781 
3 5746 5780 5745 
3 5782 5712 5750 
3 5750 5783 5782 
3 5783 5750 5751 
3 5751 5784 5783 
3 5784 5751 5752 
3 5752 5785 5784 
3 5752 5786 5785 
3 5786 5752 5748 
3 5748 5787 5786 
3 5748 5747 5787 
3 5787 5747 5749 
3 5749 5788 5787 
3 5749 5710 5788 
3 5788 5710 5753 
3 5754 5712 5782 
3 5717 5755 5789 
3 5754 5789 5755 
3 5757 5790 5756 
3 5790 5757 5758 
3 5789 5791 5717 
3 5758 5759 5790 
3 5760 5717 5791 
3 5759 5761 5792 
3 5761 5763 5792 
3 5763 5764 5793 
3 5764 5765 5793 
3 5794 5766 5762 
3 5765 5795 5793 
3 5796 5766 5794 
3 5766 5796 5767 
3 5795 5765 5768 
3 5767 5796 5797 
3 5797 5769 5767 
3 5795 5768 5732 
3 5732 5771 5795 
3 5770 5769 5797 
3 5770 5797 5798 
3 5798 5799 5770 
3 5799 5772 5770 
3 5695 5800 5771 
3 5799 5801 5772 
3 5695 5802 5800 
3 5695 5737 5802 
3 5801 5773 5772 
3 5737 5775 5802 
3 5773 5801 5774 
3 5803 5775 5776 
3 5776 5804 5803 
3 5804 5776 5741 
3 5774 5805 5739 
3 5805 5740 5739 
3 5777 5740 5805 
3 5741 5778 5806 
3 5780 5806 5778 
3 5807 5702 5779 
3 5781 5702 5807 
3 5807 5808 5781 
3 5746 5781 5808 
3 5780 5746 5808 
3 5783 5809 5782 
3 5783 5810 5809 
3 5810 5783 5784 
3 5810 5784 5785 
3 5785 5811 5810 
3 5811 5785 5786 
3 5811 5786 5787 
3 5787 5812 5811 
3 5812 5787 5788 
3 5788 5813 5812 
3 5813 5788 5753 
3 5814 5815 5754 
3 5809 5814 5782 
3 5814 5754 5782 
3 5753 5816 5813 
3 5753 5817 5816 
3 5753 5756 5817 
3 5789 5754 5815 
3 5818 5756 5790 
3 5818 5817 5756 
3 5789 5819 5791 
3 5790 5820 5818 
3 5821 5820 5790 
3 5819 5822 5791 
3 5822 5760 5791 
3 5821 5790 5759 
3 5759 5823 5821 
3 5823 5759 5792 
3 5762 5760 5822 
3 5763 5823 5792 
3 5822 5824 5762 
3 5763 5793 5825 
3 5824 5826 5762 
3 5794 5762 5826 
3 5795 5825 5793 
3 5796 5794 5826 
3 5826 5797 5796 
3 5797 5826 5827 
3 5828 5795 5771 
3 5827 5829 5797 
3 5771 5800 5828 
3 5798 5797 5829 
3 5829 5830 5798 
3 5830 5799 5798 
3 5799 5830 5801 
3 5775 5831 5802 
3 5831 5775 5803 
3 5774 5801 5832 
3 5831 5803 5804 
3 5833 5804 5741 
3 5741 5834 5833 
3 5806 5834 5741 
3 5777 5805 5835 
3 5835 5836 5777 
3 5779 5777 5836 
3 5806 5780 5837 
3 5836 5838 5779 
3 5807 5779 5838 
3 5838 5839 5807 
3 5808 5807 5839 
3 5839 5840 5808 
3 5840 5841 5808 
3 5780 5808 5841 
3 5841 5837 5780 
3 5811 5842 5810 
3 5843 5842 5811 
3 5843 5811 5812 
3 5812 5844 5843 
3 5845 5812 5813 
3 5845 5844 5812 
3 5814 5846 5815 
3 5809 5847 5814 
3 5847 5809 5810 
3 5810 5848 5847 
3 5842 5848 5810 
3 5813 5849 5845 
3 5813 5816 5849 
3 5850 5816 5817 
3 5850 5849 5816 
3 5789 5815 5846 
3 5846 5819 5789 
3 5817 5851 5850 
3 5817 5852 5851 
3 5852 5817 5818 
3 5818 5853 5852 
3 5853 5818 5820 
3 5853 5820 5821 
3 5819 5854 5822 
3 5821 5855 5853 
3 5855 5821 5823 
3 5823 5856 5855 
3 5823 5763 5856 
3 5854 5857 5824 
3 5824 5822 5854 
3 5763 5825 5856 
3 5826 5824 5857 
3 5857 5858 5826 
3 5825 5795 5859 
3 5858 5860 5826 
3 5828 5861 5859 
3 5859 5795 5828 
3 5860 5827 5826 
3 5827 5860 5829 
3 5828 5862 5861 
3 5828 5800 5862 
3 5860 5830 5829 
3 5800 5863 5862 
3 5860 5864 5830 
3 5864 5865 5830 
3 5863 5800 5802 
3 5802 5866 5863 
3 5830 5865 5801 
3 5802 5867 5866 
3 5865 5868 5801 
3 5867 5802 5831 
3 5868 5869 5801 
3 5869 5832 5801 
3 5804 5870 5831 
3 5832 5869 5871 
3 5871 5774 5832 
3 5870 5804 5833 
3 5871 5805 5774 
3 5834 5872 5870 
3 5870 5833 5834 
3 5871 5873 5805 
3 5835 5805 5873 
3 5806 5872 5834 
3 5839 5838 5874 
3 5840 5875 5841 
3 5841 5875 5876 
3 5837 5841 5876 
3 5874 5877 5839 
3 5840 5839 5877 
3 5877 5875 5840 
3 5846 5814 5878 
3 5878 5814 5847 
3 5847 5879 5878 
3 5879 5847 5848 
3 5848 5880 5879 
3 5880 5848 5842 
3 5842 5881 5880 
3 5881 5842 5843 
3 5843 5882 5881 
3 5882 5843 5844 
3 5844 5883 5882 
3 5883 5844 5845 
3 5883 5845 5849 
3 5849 5884 5883 
3 5849 5885 5884 
3 5850 5885 5849 
3 5846 5886 5819 
3 5850 5851 5885 
3 5887 5851 5852 
3 5887 5885 5851 
3 5852 5888 5887 
3 5852 5889 5888 
3 5852 5853 5889 
3 5819 5890 5854 
3 5853 5855 5889 
3 5857 5854 5890 
3 5856 5825 5891 
3 5825 5892 5891 
3 5892 5825 5859 
3 5859 5893 5892 
3 5894 5860 5858 
3 5893 5859 5861 
3 5861 5862 5893 
3 5894 5895 5860 
3 5860 5895 5864 
3 5863 5896 5862 
3 5897 5865 5864 
3 5896 5863 5866 
3 5865 5898 5868 
3 5866 5867 5899 
3 5867 5900 5899 
3 5867 5831 5900 
3 5900 5831 5870 
3 5871 5869 5901 
3 5902 5873 5901 
3 5871 5901 5873 
3 5806 5903 5872 
3 5873 5902 5904 
3 5835 5873 5904 
3 5835 5904 5836 
3 5905 5806 5837 
3 5806 5905 5903 
3 5838 5836 5906 
3 5838 5906 5874 
3 5907 5876 5875 
3 5837 5876 5905 
3 5877 5874 5906 
3 5906 5908 5877 
3 5875 5877 5908 
3 5908 5909 5875 
3 5909 5907 5875 
3 5878 5879 5910 
3 5910 5911 5878 
3 5910 5879 5880 
3 5880 5912 5910 
3 5912 5880 5881 
3 5881 5913 5912 
3 5913 5881 5882 
3 5882 5914 5913 
3 5914 5882 5883 
3 5883 5915 5914 
3 5884 5915 5883 
3 5886 5846 5916 
3 5911 5916 5878 
3 5916 5846 5878 
3 5819 5886 5917 
3 5916 5917 5886 
3 5887 5918 5885 
3 5887 5888 5918 
3 5918 5888 5889 
3 5917 5919 5890 
3 5890 5819 5917 
3 5889 5920 5918 
3 5920 5889 5855 
3 5919 5921 5890 
3 5855 5922 5920 
3 5855 5856 5922 
3 5857 5890 5921 
3 5856 5891 5922 
3 5921 5923 5857 
3 5858 5857 5923 
3 5923 5924 5858 
3 5924 5894 5858 
3 5925 5894 5924 
3 5862 5926 5893 
3 5925 5895 5894 
3 5864 5895 5925 
3 5925 5927 5864 
3 5926 5862 5896 
3 5897 5864 5927 
3 5927 5928 5897 
3 5865 5897 5928 
3 5866 5929 5896 
3 5866 5930 5929 
3 5898 5865 5928 
3 5899 5900 5930 
3 5930 5866 5899 
3 5898 5928 5931 
3 5898 5931 5868 
3 5931 5932 5868 
3 5932 5869 5868 
3 5933 5900 5870 
3 5870 5934 5933 
3 5869 5932 5935 
3 5936 5901 5869 
3 5934 5870 5872 
3 5936 5937 5901 
3 5902 5901 5937 
3 5872 5903 5938 
3 5937 5939 5902 
3 5904 5902 5939 
3 5903 5905 5938 
3 5939 5940 5904 
3 5836 5904 5941 
3 5904 5940 5941 
3 5836 5941 5906 
3 5942 5876 5907 
3 5905 5876 5942 
3 5941 5943 5906 
3 5943 5908 5906 
3 5944 5910 5912 
3 5912 5945 5946 
3 5945 5912 5913 
3 5945 5913 5914 
3 5914 5947 5945 
3 5947 5914 5915 
3 5948 5916 5911 
3 5911 5949 5948 
3 5911 5910 5944 
3 5944 5949 5911 
3 5912 5946 5944 
3 5915 5950 5947 
3 5950 5915 5884 
3 5884 5951 5950 
3 5885 5951 5884 
3 5917 5916 5948 
3 5885 5952 5951 
3 5953 5885 5918 
3 5953 5952 5885 
3 5918 5954 5953 
3 5955 5918 5920 
3 5955 5954 5918 
3 5919 5956 5921 
3 5957 5955 5920 
3 5920 5922 5957 
3 5958 5921 5956 
3 5959 5957 5922 
3 5922 5891 5959 
3 5923 5921 5958 
3 5891 5892 5959 
3 5960 5923 5958 
3 5923 5960 5924 
3 5893 5961 5892 
3 5925 5924 5960 
3 5961 5893 5926 
3 5925 5962 5927 
3 5962 5963 5927 
3 5963 5928 5927 
3 5896 5929 5926 
3 5963 5964 5928 
3 5964 5965 5928 
3 5931 5928 5965 
3 5965 5966 5931 
3 5930 5900 5967 
3 5931 5966 5932 
3 5968 5967 5933 
3 5933 5934 5968 
3 5900 5933 5967 
3 5969 5935 5932 
3 5935 5969 5970 
3 5970 5869 5935 
3 5869 5970 5936 
3 5971 5934 5872 
3 5936 5970 5937 
3 5971 5872 5938 
3 5937 5972 5973 
3 5973 5939 5937 
3 5973 5940 5939 
3 5942 5938 5905 
3 5940 5974 5941 
3 5943 5941 5974 
3 5974 5975 5943 
3 5908 5943 5975 
3 5909 5908 5975 
3 5975 5976 5909 
3 5907 5909 5976 
3 5942 5907 5976 
3 5976 5977 5942 
3 5978 5948 5949 
3 5949 5979 5978 
3 5979 5949 5944 
3 5944 5980 5979 
3 5980 5944 5946 
3 5981 5945 5947 
3 5947 5950 5981 
3 5951 5982 5950 
3 5917 5948 5978 
3 5978 5983 5917 
3 5982 5951 5952 
3 5952 5984 5982 
3 5984 5952 5953 
3 5919 5917 5983 
3 5953 5985 5984 
3 5954 5986 5987 
3 5987 5953 5954 
3 5987 5985 5953 
3 5955 5986 5954 
3 5955 5988 5986 
3 5988 5955 5957 
3 5956 5989 5958 
3 5957 5990 5988 
3 5990 5957 5959 
3 5959 5991 5990 
3 5989 5992 5958 
3 5993 5991 5959 
3 5960 5958 5992 
3 5959 5994 5993 
3 5959 5892 5994 
3 5994 5892 5961 
3 5960 5995 5925 
3 5996 5961 5926 
3 5926 5997 5996 
3 5962 5925 5995 
3 5995 5998 5962 
3 5926 5929 5997 
3 5962 5998 5999 
3 5999 5963 5962 
3 5999 6000 5963 
3 5964 5963 6000 
3 6000 6001 5964 
3 5929 5930 6002 
3 6001 6003 5964 
3 6003 5965 5964 
3 6004 6003 6001 
3 5966 5965 6003 
3 6003 6004 5966 
3 6005 5967 5968 
3 6002 5930 5967 
3 5967 6005 6002 
3 6004 5932 5966 
3 6005 5968 5934 
3 5934 6006 6005 
3 5932 6004 6007 
3 5932 6007 5969 
3 5934 6008 6006 
3 6007 6009 5969 
3 6009 5970 5969 
3 6008 5934 5971 
3 6009 6010 5970 
3 5937 5970 6010 
3 5971 5938 6011 
3 5972 5937 6010 
3 6010 6012 5972 
3 5973 5972 6012 
3 6012 6013 5973 
3 5940 5973 6013 
3 5938 5942 5977 
3 5977 6011 5938 
3 6013 5974 5940 
3 5974 6014 5975 
3 6014 6015 5975 
3 6015 6016 5975 
3 5976 5975 6016 
3 5977 5976 6016 
3 5978 5979 6017 
3 6017 6018 5978 
3 6017 5979 5980 
3 5946 6019 5980 
3 6019 5946 5945 
3 5945 5981 6019 
3 6020 5981 5950 
3 5950 6021 6020 
3 5982 6022 6021 
3 6021 5950 5982 
3 6018 6023 5978 
3 6023 5983 5978 
3 6024 5982 5984 
3 6024 6022 5982 
3 5919 5983 6023 
3 6023 6025 5919 
3 5985 6024 5984 
3 6025 6026 5956 
3 5956 5919 6025 
3 5987 6027 5985 
3 5987 5986 6027 
3 5988 6028 6027 
3 6027 5986 5988 
3 6026 6029 5956 
3 6029 5989 5956 
3 6028 6030 6027 
3 6028 6031 6030 
3 5988 5990 6031 
3 6031 6028 5988 
3 5991 6031 5990 
3 5992 5989 6029 
3 6029 6032 5992 
3 6031 6033 6030 
3 6033 6031 5991 
3 5991 5993 6033 
3 6034 6033 5993 
3 5993 5994 6034 
3 5960 5992 6032 
3 5994 6035 6034 
3 5994 6036 6035 
3 6036 5994 5961 
3 5961 6037 6036 
3 5960 6038 5995 
3 6037 5961 5996 
3 6037 5996 5997 
3 5997 6039 6037 
3 5998 5995 6038 
3 6038 5999 5998 
3 6039 5997 5929 
3 6040 6000 5999 
3 6041 6000 6040 
3 6000 6041 6001 
3 6002 6042 5929 
3 6041 6043 6001 
3 6002 6006 6042 
3 6004 6001 6043 
3 6043 6044 6004 
3 6006 6002 6005 
3 6004 6044 6045 
3 6045 6007 6004 
3 6007 6045 6046 
3 6007 6046 6009 
3 5971 6047 6008 
3 6009 6046 6010 
3 5971 6011 6047 
3 6010 6046 6012 
3 6048 6013 6012 
3 6011 5977 6049 
3 6048 6050 6013 
3 5974 6013 6050 
3 5974 6050 6014 
3 6016 6051 6052 
3 5977 6016 6052 
3 6052 6049 5977 
3 6014 6053 6015 
3 6016 6015 6053 
3 6053 6051 6016 
3 6019 6054 5980 
3 6055 5981 6020 
3 6020 6056 6055 
3 6057 6023 6018 
3 6018 6058 6057 
3 6018 6017 6059 
3 6059 6058 6018 
3 6017 6060 6059 
3 6060 6017 5980 
3 6060 5980 6054 
3 6054 6019 5981 
3 5981 6055 6054 
3 6056 6020 6021 
3 6021 6061 6056 
3 6021 6022 6061 
3 6022 6024 6062 
3 6062 6061 6022 
3 6025 6023 6057 
3 6063 6062 6024 
3 5985 6063 6024 
3 5985 6064 6063 
3 6064 5985 6027 
3 6027 6065 6064 
3 6066 6065 6027 
3 6027 6030 6066 
3 6029 6067 6032 
3 6033 6066 6030 
3 6067 6068 6032 
3 6033 6069 6066 
3 6033 6034 6069 
3 5960 6032 6068 
3 6070 6069 6034 
3 6034 6035 6070 
3 6036 6070 6035 
3 6037 6070 6036 
3 6038 5960 6068 
3 6039 6071 6037 
3 5999 6038 6072 
3 5999 6072 6073 
3 6071 6039 5929 
3 5929 6074 6071 
3 6040 5999 6073 
3 6073 6075 6040 
3 6041 6040 6075 
3 5929 6042 6074 
3 6041 6075 6076 
3 6076 6043 6041 
3 6006 6077 6042 
3 6076 6078 6043 
3 6078 6079 6043 
3 6079 6044 6043 
3 6079 6080 6044 
3 6044 6080 6081 
3 6081 6045 6044 
3 6008 6082 6006 
3 6081 6083 6045 
3 6083 6046 6045 
3 6084 6008 6047 
3 6008 6084 6082 
3 6083 6085 6046 
3 6084 6047 6011 
3 6012 6046 6085 
3 6011 6086 6084 
3 6048 6012 6085 
3 6085 6087 6048 
3 6086 6011 6049 
3 6049 6088 6086 
3 6087 6050 6048 
3 6089 6052 6051 
3 6051 6090 6089 
3 6049 6052 6089 
3 6049 6089 6088 
3 6050 6053 6014 
3 6053 6090 6051 
3 6058 6091 6057 
3 6059 6092 6058 
3 6092 6059 6060 
3 6093 6060 6054 
3 6056 6094 6055 
3 6094 6056 6061 
3 6061 6095 6094 
3 6091 6096 6057 
3 6096 6025 6057 
3 6095 6061 6062 
3 6062 6097 6095 
3 6097 6062 6063 
3 6026 6025 6096 
3 6096 6098 6026 
3 6063 6099 6097 
3 6099 6063 6064 
3 6029 6026 6098 
3 6098 6100 6029 
3 6064 6065 6099 
3 6099 6065 6066 
3 6067 6029 6100 
3 6100 6101 6067 
3 6066 6102 6099 
3 6103 6067 6101 
3 6103 6068 6067 
3 6104 6102 6066 
3 6066 6069 6104 
3 6069 6070 6104 
3 6070 6037 6105 
3 6068 6106 6038 
3 6105 6037 6071 
3 6071 6107 6105 
3 6072 6038 6106 
3 6075 6073 6072 
3 6107 6071 6074 
3 6074 6108 6107 
3 6074 6109 6108 
3 6109 6074 6042 
3 6076 6075 6110 
3 6110 6111 6076 
3 6109 6042 6112 
3 6042 6077 6112 
3 6111 6078 6076 
3 6078 6111 6079 
3 6077 6006 6112 
3 6111 6113 6114 
3 6080 6079 6111 
3 6111 6114 6080 
3 6006 6115 6112 
3 6114 6081 6080 
3 6115 6006 6082 
3 6081 6114 6116 
3 6081 6116 6083 
3 6084 6117 6082 
3 6118 6085 6116 
3 6083 6116 6085 
3 6084 6119 6117 
3 6119 6084 6086 
3 6120 6087 6085 
3 6119 6086 6088 
3 6088 6121 6119 
3 6120 6122 6087 
3 6122 6123 6050 
3 6050 6087 6122 
3 6089 6090 6124 
3 6088 6089 6124 
3 6124 6121 6088 
3 6053 6050 6123 
3 6123 6125 6053 
3 6090 6053 6125 
3 6091 6058 6126 
3 6126 6058 6092 
3 6092 6127 6126 
3 6127 6092 6060 
3 6060 6093 6127 
3 6128 6093 6054 
3 6128 6054 6055 
3 6055 6129 6128 
3 6129 6055 6094 
3 6130 6096 6091 
3 6094 6131 6129 
3 6131 6094 6095 
3 6098 6096 6130 
3 6130 6132 6098 
3 6097 6133 6095 
3 6134 6133 6097 
3 6097 6099 6134 
3 6100 6098 6132 
3 6099 6135 6134 
3 6100 6136 6101 
3 6099 6137 6135 
3 6099 6102 6137 
3 6136 6138 6101 
3 6138 6103 6101 
3 6102 6139 6137 
3 6102 6104 6139 
3 6068 6103 6138 
3 6138 6140 6068 
3 6141 6139 6104 
3 6070 6141 6104 
3 6068 6140 6142 
3 6070 6105 6141 
3 6106 6068 6142 
3 6142 6143 6106 
3 6141 6105 6107 
3 6072 6106 6143 
3 6143 6144 6072 
3 6075 6072 6144 
3 6144 6145 6075 
3 6145 6110 6075 
3 6109 6146 6108 
3 6112 6147 6109 
3 6111 6110 6148 
3 6112 6149 6147 
3 6113 6111 6148 
3 6149 6112 6115 
3 6149 6115 6082 
3 6082 6150 6149 
3 6113 6151 6114 
3 6151 6116 6114 
3 6117 6150 6082 
3 6116 6151 6118 
3 6117 6119 6152 
3 6085 6118 6153 
3 6085 6153 6120 
3 6119 6121 6152 
3 6153 6154 6120 
3 6122 6120 6154 
3 6154 6155 6122 
3 6155 6123 6122 
3 6155 6156 6123 
3 6125 6123 6156 
3 6156 6157 6125 
3 6090 6125 6157 
3 6157 6158 6090 
3 6124 6090 6158 
3 6158 6159 6124 
3 6160 6126 6127 
3 6127 6161 6160 
3 6127 6162 6161 
3 6162 6127 6093 
3 6128 6162 6093 
3 6128 6163 6162 
3 6164 6130 6091 
3 6091 6165 6164 
3 6160 6165 6126 
3 6165 6091 6126 
3 6163 6128 6129 
3 6129 6166 6163 
3 6166 6129 6131 
3 6131 6167 6166 
3 6167 6131 6095 
3 6132 6130 6164 
3 6095 6133 6167 
3 6132 6168 6100 
3 6134 6169 6133 
3 6169 6134 6135 
3 6136 6100 6168 
3 6135 6137 6169 
3 6138 6136 6168 
3 6168 6170 6138 
3 6137 6139 6171 
3 6140 6138 6170 
3 6139 6141 6171 
3 6142 6140 6170 
3 6170 6172 6142 
3 6173 6171 6141 
3 6172 6174 6142 
3 6141 6175 6173 
3 6142 6174 6143 
3 6175 6141 6107 
3 6144 6143 6174 
3 6145 6144 6174 
3 6174 6176 6145 
3 6175 6107 6108 
3 6108 6146 6175 
3 6176 6110 6145 
3 6176 6177 6110 
3 6109 6147 6146 
3 6177 6148 6110 
3 6178 6147 6149 
3 6177 6179 6148 
3 6179 6113 6148 
3 6149 6150 6178 
3 6113 6179 6151 
3 6117 6180 6150 
3 6180 6117 6152 
3 6151 6181 6118 
3 6181 6182 6118 
3 6153 6118 6182 
3 6121 6183 6152 
3 6182 6184 6153 
3 6153 6184 6154 
3 6121 6124 6185 
3 6185 6183 6121 
3 6155 6154 6186 
3 6156 6155 6187 
3 6155 6186 6187 
3 6187 6188 6156 
3 6157 6156 6188 
3 6188 6189 6157 
3 6189 6158 6157 
3 6189 6159 6158 
3 6185 6124 6159 
3 6190 6191 6164 
3 6190 6164 6165 
3 6165 6192 6190 
3 6192 6165 6160 
3 6192 6160 6161 
3 6161 6193 6192 
3 6193 6161 6162 
3 6162 6194 6193 
3 6162 6195 6194 
3 6195 6162 6163 
3 6163 6196 6195 
3 6196 6163 6166 
3 6196 6166 6167 
3 6167 6197 6196 
3 6167 6198 6197 
3 6132 6164 6191 
3 6167 6133 6198 
3 6199 6198 6133 
3 6169 6199 6133 
3 6168 6200 6170 
3 6201 6137 6171 
3 6171 6202 6201 
3 6172 6170 6200 
3 6202 6171 6173 
3 6175 6203 6173 
3 6172 6176 6174 
3 6175 6204 6203 
3 6204 6175 6146 
3 6146 6205 6204 
3 6205 6146 6147 
3 6206 6179 6177 
3 6207 6178 6150 
3 6150 6208 6207 
3 6206 6209 6179 
3 6151 6179 6209 
3 6208 6150 6180 
3 6180 6210 6208 
3 6209 6211 6151 
3 6210 6180 6152 
3 6152 6212 6210 
3 6151 6211 6181 
3 6152 6213 6212 
3 6214 6182 6181 
3 6181 6211 6214 
3 6213 6152 6183 
3 6214 6215 6182 
3 6215 6184 6182 
3 6154 6184 6215 
3 6185 6216 6183 
3 6186 6154 6215 
3 6217 6159 6189 
3 6189 6218 6217 
3 6185 6217 6216 
3 6185 6159 6217 
3 6186 6219 6187 
3 6188 6187 6219 
3 6189 6188 6219 
3 6219 6218 6189 
3 6220 6191 6190 
3 6192 6220 6190 
3 6221 6192 6193 
3 6193 6222 6221 
3 6222 6193 6194 
3 6223 6195 6196 
3 6196 6224 6223 
3 6224 6196 6197 
3 6220 6225 6191 
3 6225 6132 6191 
3 6197 6226 6224 
3 6197 6198 6226 
3 6227 6226 6198 
3 6168 6132 6225 
3 6225 6228 6168 
3 6227 6198 6199 
3 6199 6229 6227 
3 6229 6199 6169 
3 6169 6201 6229 
3 6201 6169 6137 
3 6200 6168 6228 
3 6228 6230 6200 
3 6230 6231 6200 
3 6172 6200 6231 
3 6231 6232 6172 
3 6202 6173 6233 
3 6203 6233 6173 
3 6232 6234 6172 
3 6176 6172 6234 
3 6234 6235 6176 
3 6233 6203 6204 
3 6204 6236 6233 
3 6235 6237 6176 
3 6236 6204 6205 
3 6177 6176 6237 
3 6147 6238 6205 
3 6238 6147 6178 
3 6238 6178 6207 
3 6239 6206 6177 
3 6238 6207 6208 
3 6239 6240 6206 
3 6209 6206 6240 
3 6209 6240 6241 
3 6241 6211 6209 
3 6241 6242 6211 
3 6214 6211 6242 
3 6243 6213 6183 
3 6242 6244 6214 
3 6215 6214 6244 
3 6243 6183 6216 
3 6244 6245 6215 
3 6245 6246 6186 
3 6186 6215 6245 
3 6217 6218 6247 
3 6217 6247 6216 
3 6219 6186 6246 
3 6246 6248 6219 
3 6218 6219 6248 
3 6220 6192 6249 
3 6249 6250 6220 
3 6249 6192 6221 
3 6251 6221 6222 
3 6251 6222 6194 
3 6194 6252 6251 
3 6253 6195 6223 
3 6220 6250 6225 
3 6252 6194 6195 
3 6252 6195 6253 
3 6223 6254 6253 
3 6254 6223 6224 
3 6224 6255 6254 
3 6224 6256 6255 
3 6226 6227 6256 
3 6256 6224 6226 
3 6225 6257 6228 
3 6227 6258 6256 
3 6258 6227 6229 
3 6257 6230 6228 
3 6229 6259 6258 
3 6229 6201 6259 
3 6201 6260 6259 
3 6201 6261 6260 
3 6261 6201 6202 
3 6233 6262 6202 
3 6263 6234 6232 
3 6264 6262 6233 
3 6235 6234 6263 
3 6236 6264 6233 
3 6265 6235 6263 
3 6235 6265 6237 
3 6264 6236 6205 
3 6265 6266 6237 
3 6266 6177 6237 
3 6205 6267 6268 
3 6205 6238 6267 
3 6238 6269 6267 
3 6177 6266 6270 
3 6270 6239 6177 
3 6238 6208 6271 
3 6238 6271 6269 
3 6239 6270 6272 
3 6272 6240 6239 
3 6273 6208 6210 
3 6272 6274 6240 
3 6274 6241 6240 
3 6273 6210 6212 
3 6212 6275 6273 
3 6275 6212 6213 
3 6241 6276 6242 
3 6213 6277 6275 
3 6213 6243 6277 
3 6243 6216 6277 
3 6245 6244 6278 
3 6247 6279 6216 
3 6278 6246 6245 
3 6278 6280 6246 
3 6248 6246 6280 
3 6280 6281 6248 
3 6218 6248 6281 
3 6281 6282 6218 
3 6247 6218 6282 
3 6282 6279 6247 
3 6283 6250 6249 
3 6283 6249 6221 
3 6221 6284 6283 
3 6251 6284 6221 
3 6285 6225 6250 
3 6251 6286 6284 
3 6286 6251 6252 
3 6252 6287 6286 
3 6287 6252 6253 
3 6287 6253 6254 
3 6254 6288 6287 
3 6288 6254 6255 
3 6255 6289 6288 
3 6289 6255 6256 
3 6285 6290 6257 
3 6257 6225 6285 
3 6256 6258 6289 
3 6290 6230 6257 
3 6291 6258 6259 
3 6290 6292 6230 
3 6259 6293 6291 
3 6259 6260 6293 
3 6231 6230 6292 
3 6292 6294 6231 
3 6293 6261 6295 
3 6261 6293 6260 
3 6296 6231 6294 
3 6296 6232 6231 
3 6261 6202 6297 
3 6232 6296 6298 
3 6262 6297 6202 
3 6263 6232 6298 
3 6262 6264 6299 
3 6299 6264 6205 
3 6299 6205 6268 
3 6268 6267 6299 
3 6300 6266 6265 
3 6301 6266 6300 
3 6267 6269 6302 
3 6301 6303 6266 
3 6303 6270 6266 
3 6271 6208 6302 
3 6269 6271 6302 
3 6270 6303 6272 
3 6208 6273 6302 
3 6276 6241 6274 
3 6242 6276 6304 
3 6275 6277 6305 
3 6244 6242 6304 
3 6304 6306 6244 
3 6305 6277 6216 
3 6216 6307 6305 
3 6306 6308 6244 
3 6278 6244 6308 
3 6308 6309 6278 
3 6310 6216 6279 
3 6310 6307 6216 
3 6280 6278 6309 
3 6309 6311 6280 
3 6311 6312 6281 
3 6281 6280 6311 
3 6312 6313 6281 
3 6314 6282 6281 
3 6281 6313 6314 
3 6279 6282 6314 
3 6285 6250 6315 
3 6315 6316 6285 
3 6315 6250 6283 
3 6283 6317 6315 
3 6317 6283 6284 
3 6284 6318 6317 
3 6318 6284 6286 
3 6286 6287 6318 
3 6319 6287 6288 
3 6288 6320 6319 
3 6321 6288 6289 
3 6321 6320 6288 
3 6316 6322 6285 
3 6322 6290 6285 
3 6289 6323 6321 
3 6323 6289 6258 
3 6324 6290 6322 
3 6258 6325 6323 
3 6291 6325 6258 
3 6324 6326 6290 
3 6326 6292 6290 
3 6291 6295 6325 
3 6291 6293 6295 
3 6326 6327 6294 
3 6294 6292 6326 
3 6296 6294 6327 
3 6327 6328 6296 
3 6295 6261 6329 
3 6297 6329 6261 
3 6296 6328 6330 
3 6330 6298 6296 
3 6297 6262 6329 
3 6330 6331 6298 
3 6332 6329 6262 
3 6262 6299 6332 
3 6263 6298 6331 
3 6265 6263 6331 
3 6331 6333 6265 
3 6332 6299 6267 
3 6267 6334 6332 
3 6300 6265 6333 
3 6333 6335 6300 
3 6334 6267 6302 
3 6302 6336 6334 
3 6302 6337 6336 
3 6301 6300 6338 
3 6301 6338 6303 
3 6303 6338 6339 
3 6339 6272 6303 
3 6337 6302 6273 
3 6339 6274 6272 
3 6339 6340 6274 
3 6275 6341 6273 
3 6274 6340 6342 
3 6342 6276 6274 
3 6275 6343 6341 
3 6276 6342 6304 
3 6305 6344 6343 
3 6275 6305 6343 
3 6345 6306 6304 
3 6344 6305 6307 
3 6307 6346 6344 
3 6345 6347 6306 
3 6347 6308 6306 
3 6307 6310 6348 
3 6348 6346 6307 
3 6309 6308 6349 
3 6349 6311 6309 
3 6279 6314 6350 
3 6350 6351 6279 
3 6348 6310 6279 
3 6279 6351 6348 
3 6352 6312 6311 
3 6313 6312 6352 
3 6350 6314 6313 
3 6313 6352 6350 
3 6353 6316 6315 
3 6315 6317 6353 
3 6317 6354 6353 
3 6354 6317 6318 
3 6318 6355 6354 
3 6318 6356 6355 
3 6356 6318 6287 
3 6287 6357 6356 
3 6357 6287 6319 
3 6319 6358 6357 
3 6358 6319 6320 
3 6320 6359 6358 
3 6360 6322 6316 
3 6316 6361 6360 
3 6353 6361 6316 
3 6359 6320 6321 
3 6359 6321 6323 
3 6324 6322 6360 
3 6360 6362 6324 
3 6323 6363 6364 
3 6323 6325 6363 
3 6326 6324 6362 
3 6362 6365 6326 
3 6325 6366 6363 
3 6366 6325 6295 
3 6327 6326 6365 
3 6365 6367 6327 
3 6328 6327 6367 
3 6295 6329 6368 
3 6328 6369 6330 
3 6329 6370 6368 
3 6369 6331 6330 
3 6370 6329 6332 
3 6369 6333 6331 
3 6335 6371 6300 
3 6336 6372 6334 
3 6337 6373 6372 
3 6372 6336 6337 
3 6371 6374 6300 
3 6374 6338 6300 
3 6338 6374 6339 
3 6373 6337 6273 
3 6273 6375 6373 
3 6273 6341 6375 
3 6376 6342 6340 
3 6342 6376 6304 
3 6304 6376 6377 
3 6304 6377 6345 
3 6344 6378 6343 
3 6344 6346 6378 
3 6377 6347 6345 
3 6308 6347 6379 
3 6347 6377 6379 
3 6346 6348 6378 
3 6379 6380 6308 
3 6380 6349 6308 
3 6380 6381 6349 
3 6311 6349 6381 
3 6381 6382 6311 
3 6352 6311 6382 
3 6382 6383 6352 
3 6350 6352 6383 
3 6383 6384 6350 
3 6350 6384 6351 
3 6354 6385 6353 
3 6354 6355 6385 
3 6355 6386 6385 
3 6386 6355 6356 
3 6356 6387 6386 
3 6387 6356 6357 
3 6357 6388 6387 
3 6388 6357 6358 
3 6361 6389 6360 
3 6353 6390 6361 
3 6390 6353 6385 
3 6358 6391 6388 
3 6391 6358 6359 
3 6359 6392 6391 
3 6393 6359 6323 
3 6393 6392 6359 
3 6364 6393 6323 
3 6389 6362 6360 
3 6364 6394 6393 
3 6363 6395 6394 
3 6394 6364 6363 
3 6395 6366 6394 
3 6366 6395 6363 
3 6295 6396 6366 
3 6367 6397 6328 
3 6295 6368 6398 
3 6398 6396 6295 
3 6369 6328 6397 
3 6368 6370 6399 
3 6399 6398 6368 
3 6397 6400 6369 
3 6370 6332 6399 
3 6333 6369 6400 
3 6400 6401 6333 
3 6335 6333 6401 
3 6332 6334 6402 
3 6335 6403 6371 
3 6402 6334 6372 
3 6371 6403 6404 
3 6404 6374 6371 
3 6373 6405 6372 
3 6404 6339 6374 
3 6339 6404 6406 
3 6406 6340 6339 
3 6405 6373 6375 
3 6340 6406 6407 
3 6341 6408 6375 
3 6340 6407 6409 
3 6340 6409 6376 
3 6341 6343 6408 
3 6343 6378 6410 
3 6377 6411 6379 
3 6410 6378 6348 
3 6348 6412 6410 
3 6411 6413 6379 
3 6380 6379 6413 
3 6351 6414 6412 
3 6348 6351 6412 
3 6380 6415 6381 
3 6382 6381 6415 
3 6383 6382 6415 
3 6415 6416 6383 
3 6384 6383 6416 
3 6416 6414 6384 
3 6351 6384 6414 
3 6389 6361 6417 
3 6417 6361 6390 
3 6390 6418 6417 
3 6418 6390 6385 
3 6385 6419 6418 
3 6419 6385 6386 
3 6386 6420 6419 
3 6420 6386 6387 
3 6420 6387 6388 
3 6388 6421 6420 
3 6421 6388 6391 
3 6391 6422 6421 
3 6391 6423 6422 
3 6423 6391 6392 
3 6424 6362 6389 
3 6389 6425 6424 
3 6417 6425 6389 
3 6392 6426 6423 
3 6426 6392 6393 
3 6427 6393 6394 
3 6427 6426 6393 
3 6428 6362 6424 
3 6428 6365 6362 
3 6394 6429 6427 
3 6394 6366 6429 
3 6428 6430 6367 
3 6428 6367 6365 
3 6366 6431 6429 
3 6431 6366 6396 
3 6396 6432 6431 
3 6397 6367 6430 
3 6396 6433 6432 
3 6433 6396 6398 
3 6398 6434 6433 
3 6398 6435 6434 
3 6435 6398 6399 
3 6397 6436 6400 
3 6437 6435 6399 
3 6401 6400 6436 
3 6399 6438 6437 
3 6399 6332 6438 
3 6436 6439 6401 
3 6332 6440 6438 
3 6332 6402 6440 
3 6439 6441 6442 
3 6442 6401 6439 
3 6442 6335 6401 
3 6402 6443 6440 
3 6441 6444 6442 
3 6403 6335 6442 
3 6402 6372 6443 
3 6442 6444 6403 
3 6444 6445 6403 
3 6445 6404 6403 
3 6445 6446 6404 
3 6446 6406 6404 
3 6375 6447 6405 
3 6446 6407 6406 
3 6447 6375 6408 
3 6446 6409 6407 
3 6343 6448 6408 
3 6446 6449 6409 
3 6376 6409 6449 
3 6448 6343 6410 
3 6449 6450 6376 
3 6377 6376 6450 
3 6411 6377 6450 
3 6450 6451 6411 
3 6413 6411 6451 
3 6380 6413 6452 
3 6413 6451 6452 
3 6453 6412 6414 
3 6415 6380 6452 
3 6452 6454 6415 
3 6416 6415 6454 
3 6454 6455 6416 
3 6455 6456 6416 
3 6414 6416 6456 
3 6456 6453 6414 
3 6418 6457 6417 
3 6457 6418 6419 
3 6419 6458 6457 
3 6458 6419 6420 
3 6420 6459 6458 
3 6420 6460 6459 
3 6460 6420 6421 
3 6421 6422 6460 
3 6461 6422 6423 
3 6462 6424 6425 
3 6425 6463 6462 
3 6417 6463 6425 
3 6423 6426 6461 
3 6428 6424 6462 
3 6462 6464 6428 
3 6427 6465 6426 
3 6465 6427 6429 
3 6430 6428 6464 
3 6464 6466 6430 
3 6467 6465 6429 
3 6429 6432 6467 
3 6429 6431 6432 
3 6397 6430 6466 
3 6432 6468 6467 
3 6432 6469 6468 
3 6432 6433 6469 
3 6434 6469 6433 
3 6469 6435 6468 
3 6435 6469 6434 
3 6397 6470 6436 
3 6435 6471 6468 
3 6435 6472 6471 
3 6435 6437 6472 
3 6470 6473 6436 
3 6437 6438 6472 
3 6439 6436 6473 
3 6473 6474 6439 
3 6438 6440 6472 
3 6474 6441 6439 
3 6441 6475 6444 
3 6475 6476 6444 
3 6443 6372 6405 
3 6444 6476 6445 
3 6445 6476 6477 
3 6477 6446 6445 
3 6477 6478 6446 
3 6478 6479 6446 
3 6408 6480 6447 
3 6446 6479 6481 
3 6480 6408 6448 
3 6482 6449 6481 
3 6446 6481 6449 
3 6449 6482 6483 
3 6483 6450 6449 
3 6410 6484 6448 
3 6450 6483 6485 
3 6485 6486 6450 
3 6450 6486 6451 
3 6412 6487 6484 
3 6410 6412 6484 
3 6451 6486 6485 
3 6485 6488 6451 
3 6451 6488 6489 
3 6451 6489 6452 
3 6487 6412 6453 
3 6489 6490 6452 
3 6490 6491 6454 
3 6454 6452 6490 
3 6455 6492 6456 
3 6456 6492 6493 
3 6453 6456 6493 
3 6493 6494 6453 
3 6494 6487 6453 
3 6491 6495 6454 
3 6455 6454 6495 
3 6492 6455 6495 
3 6496 6417 6457 
3 6457 6497 6496 
3 6497 6457 6458 
3 6458 6498 6497 
3 6498 6458 6459 
3 6459 6499 6498 
3 6499 6459 6460 
3 6422 6500 6460 
3 6463 6417 6496 
3 6500 6422 6461 
3 6461 6501 6500 
3 6501 6461 6426 
3 6426 6502 6501 
3 6503 6426 6465 
3 6465 6504 6503 
3 6505 6504 6465 
3 6467 6505 6465 
3 6506 6397 6466 
3 6467 6468 6505 
3 6506 6507 6397 
3 6468 6508 6505 
3 6470 6397 6507 
3 6507 6509 6470 
3 6510 6508 6468 
3 6468 6511 6510 
3 6468 6471 6511 
3 6472 6511 6471 
3 6473 6470 6509 
3 6511 6512 6510 
3 6512 6511 6472 
3 6472 6513 6512 
3 6474 6473 6509 
3 6472 6440 6513 
3 6509 6441 6474 
3 6440 6514 6513 
3 6509 6515 6441 
3 6514 6440 6443 
3 6475 6441 6515 
3 6515 6516 6475 
3 6476 6475 6516 
3 6516 6517 6476 
3 6405 6518 6443 
3 6517 6519 6476 
3 6405 6520 6518 
3 6520 6405 6447 
3 6519 6521 6476 
3 6521 6477 6476 
3 6447 6522 6520 
3 6477 6521 6523 
3 6523 6478 6477 
3 6478 6523 6479 
3 6522 6447 6480 
3 6523 6481 6479 
3 6482 6481 6523 
3 6523 6524 6482 
3 6448 6484 6480 
3 6524 6483 6482 
3 6483 6525 6485 
3 6525 6526 6485 
3 6488 6485 6526 
3 6488 6527 6489 
3 6490 6489 6527 
3 6528 6494 6493 
3 6528 6529 6494 
3 6494 6529 6487 
3 6527 6491 6490 
3 6493 6492 6528 
3 6496 6497 6530 
3 6530 6531 6496 
3 6497 6532 6530 
3 6532 6497 6498 
3 6532 6498 6499 
3 6499 6533 6532 
3 6533 6499 6460 
3 6534 6462 6463 
3 6531 6534 6496 
3 6534 6463 6496 
3 6460 6535 6533 
3 6535 6460 6500 
3 6500 6536 6535 
3 6536 6500 6501 
3 6501 6537 6536 
3 6538 6501 6502 
3 6538 6537 6501 
3 6464 6462 6534 
3 6534 6539 6464 
3 6540 6502 6426 
3 6540 6538 6502 
3 6503 6540 6426 
3 6466 6464 6539 
3 6539 6541 6466 
3 6503 6542 6540 
3 6503 6504 6542 
3 6542 6504 6505 
3 6541 6543 6506 
3 6506 6466 6541 
3 6505 6544 6542 
3 6507 6506 6543 
3 6543 6545 6507 
3 6546 6544 6505 
3 6505 6508 6546 
3 6509 6507 6545 
3 6545 6547 6509 
3 6508 6548 6546 
3 6508 6510 6548 
3 6548 6510 6512 
3 6548 6512 6513 
3 6547 6549 6509 
3 6550 6548 6513 
3 6513 6514 6550 
3 6515 6509 6549 
3 6549 6551 6515 
3 6514 6552 6550 
3 6514 6443 6552 
3 6516 6515 6551 
3 6517 6516 6551 
3 6551 6553 6517 
3 6552 6443 6518 
3 6554 6517 6553 
3 6517 6554 6519 
3 6555 6554 6553 
3 6554 6555 6519 
3 6555 6521 6519 
3 6523 6521 6555 
3 6555 6556 6523 
3 6523 6556 6524 
3 6557 6480 6484 
3 6480 6557 6522 
3 6558 6483 6524 
3 6484 6559 6557 
3 6558 6560 6483 
3 6483 6560 6561 
3 6561 6525 6483 
3 6559 6484 6487 
3 6525 6561 6526 
3 6562 6488 6526 
3 6562 6563 6488 
3 6527 6488 6563 
3 6529 6528 6564 
3 6564 6565 6529 
3 6566 6487 6529 
3 6529 6565 6566 
3 6563 6567 6527 
3 6491 6527 6567 
3 6567 6568 6491 
3 6495 6491 6568 
3 6492 6495 6568 
3 6568 6569 6492 
3 6528 6492 6569 
3 6569 6570 6528 
3 6528 6570 6564 
3 6571 6530 6532 
3 6572 6534 6531 
3 6531 6530 6571 
3 6571 6572 6531 
3 6532 6573 6571 
3 6573 6532 6533 
3 6533 6574 6573 
3 6574 6533 6535 
3 6535 6575 6574 
3 6575 6535 6536 
3 6536 6537 6575 
3 6538 6576 6537 
3 6577 6539 6534 
3 6538 6578 6576 
3 6578 6538 6540 
3 6577 6541 6539 
3 6540 6579 6578 
3 6579 6540 6542 
3 6543 6541 6580 
3 6581 6579 6542 
3 6542 6544 6581 
3 6545 6543 6580 
3 6580 6582 6545 
3 6544 6583 6581 
3 6583 6544 6546 
3 6547 6545 6582 
3 6583 6546 6548 
3 6551 6584 6553 
3 6518 6585 6552 
3 6585 6518 6520 
3 6520 6586 6585 
3 6555 6553 6584 
3 6584 6587 6555 
3 6520 6588 6586 
3 6588 6520 6522 
3 6522 6589 6588 
3 6556 6590 6524 
3 6591 6558 6524 
3 6524 6590 6591 
3 6591 6590 6560 
3 6558 6591 6560 
3 6559 6592 6557 
3 6560 6593 6561 
3 6526 6561 6593 
3 6593 6594 6526 
3 6566 6592 6487 
3 6592 6559 6487 
3 6562 6526 6594 
3 6562 6595 6563 
3 6567 6563 6595 
3 6568 6567 6595 
3 6595 6596 6568 
3 6569 6568 6597 
3 6597 6598 6569 
3 6569 6598 6570 
3 6564 6570 6599 
3 6599 6565 6564 
3 6596 6597 6568 
3 6600 6534 6572 
3 6601 6600 6572 
3 6601 6572 6571 
3 6571 6602 6601 
3 6602 6571 6573 
3 6573 6603 6602 
3 6603 6573 6574 
3 6574 6604 6603 
3 6604 6574 6575 
3 6575 6605 6604 
3 6605 6575 6537 
3 6577 6534 6600 
3 6537 6606 6605 
3 6606 6537 6576 
3 6576 6607 6606 
3 6607 6576 6578 
3 6578 6608 6607 
3 6578 6609 6608 
3 6578 6579 6609 
3 6580 6541 6577 
3 6579 6610 6609 
3 6610 6579 6581 
3 6580 6611 6582 
3 6581 6612 6610 
3 6612 6581 6583 
3 6547 6582 6611 
3 6583 6548 6612 
3 6611 6613 6547 
3 6613 6614 6547 
3 6549 6547 6614 
3 6548 6550 6615 
3 6550 6616 6615 
3 6551 6549 6614 
3 6614 6617 6551 
3 6616 6550 6552 
3 6584 6551 6617 
3 6616 6552 6585 
3 6618 6584 6617 
3 6587 6584 6618 
3 6618 6619 6587 
3 6589 6586 6588 
3 6587 6619 6620 
3 6620 6555 6587 
3 6620 6556 6555 
3 6522 6621 6589 
3 6556 6620 6622 
3 6622 6623 6556 
3 6590 6556 6623 
3 6621 6522 6557 
3 6557 6624 6621 
3 6623 6625 6590 
3 6557 6626 6624 
3 6625 6560 6590 
3 6626 6557 6592 
3 6593 6560 6627 
3 6593 6627 6594 
3 6626 6592 6566 
3 6562 6594 6627 
3 6565 6628 6629 
3 6566 6629 6626 
3 6566 6565 6629 
3 6627 6630 6562 
3 6630 6631 6562 
3 6595 6562 6631 
3 6570 6598 6632 
3 6632 6599 6570 
3 6628 6565 6599 
3 6599 6632 6628 
3 6631 6633 6595 
3 6596 6595 6633 
3 6633 6634 6596 
3 6597 6596 6634 
3 6634 6635 6597 
3 6598 6597 6635 
3 6598 6635 6632 
3 6600 6601 6636 
3 6636 6601 6602 
3 6602 6637 6636 
3 6602 6638 6637 
3 6638 6602 6603 
3 6603 6639 6638 
3 6639 6603 6604 
3 6604 6640 6639 
3 6604 6641 6640 
3 6641 6604 6605 
3 6577 6600 6642 
3 6600 6636 6642 
3 6605 6643 6641 
3 6605 6606 6643 
3 6643 6606 6607 
3 6607 6644 6643 
3 6607 6608 6644 
3 6644 6608 6609 
3 6580 6577 6645 
3 6645 6646 6580 
3 6609 6647 6644 
3 6610 6647 6609 
3 6611 6580 6646 
3 6646 6648 6611 
3 6648 6649 6611 
3 6548 6650 6612 
3 6613 6611 6649 
3 6649 6651 6613 
3 6652 6650 6548 
3 6614 6613 6651 
3 6548 6653 6652 
3 6548 6615 6653 
3 6614 6654 6617 
3 6655 6615 6616 
3 6616 6585 6655 
3 6654 6656 6617 
3 6656 6618 6617 
3 6655 6585 6586 
3 6586 6657 6655 
3 6619 6618 6656 
3 6657 6586 6589 
3 6619 6656 6620 
3 6589 6658 6657 
3 6658 6589 6621 
3 6659 6622 6620 
3 6622 6659 6660 
3 6660 6623 6622 
3 6660 6661 6623 
3 6661 6625 6623 
3 6662 6624 6626 
3 6624 6662 6621 
3 6661 6663 6625 
3 6625 6663 6664 
3 6664 6560 6625 
3 6664 6665 6560 
3 6560 6665 6627 
3 6629 6628 6666 
3 6629 6666 6626 
3 6665 6667 6627 
3 6667 6630 6627 
3 6630 6668 6631 
3 6633 6631 6668 
3 6634 6633 6668 
3 6668 6669 6634 
3 6635 6634 6669 
3 6669 6670 6635 
3 6632 6635 6670 
3 6671 6636 6637 
3 6638 6672 6637 
3 6672 6638 6639 
3 6639 6673 6672 
3 6673 6639 6640 
3 6640 6674 6673 
3 6675 6640 6641 
3 6675 6674 6640 
3 6636 6671 6642 
3 6641 6676 6675 
3 6641 6677 6676 
3 6677 6641 6643 
3 6642 6645 6577 
3 6678 6643 6644 
3 6644 6647 6678 
3 6610 6679 6647 
3 6679 6610 6612 
3 6648 6680 6649 
3 6681 6679 6612 
3 6612 6650 6681 
3 6651 6649 6680 
3 6682 6681 6650 
3 6650 6652 6682 
3 6614 6651 6680 
3 6680 6683 6614 
3 6652 6684 6682 
3 6684 6652 6653 
3 6683 6685 6614 
3 6653 6615 6684 
3 6685 6686 6614 
3 6615 6687 6684 
3 6654 6614 6686 
3 6687 6615 6655 
3 6654 6688 6656 
3 6657 6689 6655 
3 6657 6690 6689 
3 6690 6657 6658 
3 6658 6691 6690 
3 6658 6692 6691 
3 6620 6693 6659 
3 6692 6658 6621 
3 6693 6694 6659 
3 6660 6659 6694 
3 6621 6695 6692 
3 6660 6694 6696 
3 6696 6661 6660 
3 6695 6621 6662 
3 6696 6663 6661 
3 6697 6662 6626 
3 6665 6664 6663 
3 6663 6698 6665 
3 6665 6698 6699 
3 6626 6700 6697 
3 6699 6667 6665 
3 6630 6667 6701 
3 6667 6699 6701 
3 6628 6632 6702 
3 6700 6666 6628 
3 6628 6702 6700 
3 6700 6626 6666 
3 6668 6630 6701 
3 6701 6703 6668 
3 6669 6668 6703 
3 6703 6704 6669 
3 6670 6669 6704 
3 6704 6705 6670 
3 6705 6706 6670 
3 6632 6670 6706 
3 6632 6706 6702 
3 6671 6637 6707 
3 6707 6708 6671 
3 6707 6637 6672 
3 6672 6709 6707 
3 6709 6672 6673 
3 6673 6710 6709 
3 6674 6711 6673 
3 6712 6642 6671 
3 6708 6712 6671 
3 6710 6673 6711 
3 6711 6674 6675 
3 6675 6713 6711 
3 6713 6675 6676 
3 6676 6714 6713 
3 6714 6676 6677 
3 6645 6642 6712 
3 6712 6715 6645 
3 6643 6716 6677 
3 6716 6643 6678 
3 6646 6645 6715 
3 6715 6717 6646 
3 6678 6718 6716 
3 6718 6678 6647 
3 6648 6646 6717 
3 6717 6719 6648 
3 6647 6720 6718 
3 6647 6679 6720 
3 6680 6648 6719 
3 6679 6721 6720 
3 6721 6679 6681 
3 6721 6681 6682 
3 6684 6721 6682 
3 6685 6683 6722 
3 6722 6686 6685 
3 6687 6723 6684 
3 6687 6655 6723 
3 6688 6654 6686 
3 6723 6655 6689 
3 6689 6724 6723 
3 6724 6689 6690 
3 6620 6656 6688 
3 6688 6725 6620 
3 6724 6690 6691 
3 6691 6726 6724 
3 6620 6725 6693 
3 6726 6691 6692 
3 6692 6727 6728 
3 6692 6695 6727 
3 6729 6728 6727 
3 6727 6662 6729 
3 6662 6727 6695 
3 6729 6662 6697 
3 6696 6730 6663 
3 6730 6698 6663 
3 6730 6731 6698 
3 6699 6698 6731 
3 6700 6732 6697 
3 6731 6733 6699 
3 6701 6699 6733 
3 6732 6700 6702 
3 6702 6734 6732 
3 6733 6735 6701 
3 6703 6701 6735 
3 6735 6736 6703 
3 6704 6703 6736 
3 6705 6704 6737 
3 6738 6706 6705 
3 6705 6737 6738 
3 6702 6706 6738 
3 6738 6734 6702 
3 6737 6704 6736 
3 6739 6712 6708 
3 6708 6707 6740 
3 6740 6739 6708 
3 6740 6707 6709 
3 6709 6741 6740 
3 6741 6709 6710 
3 6741 6710 6711 
3 6711 6742 6741 
3 6742 6711 6713 
3 6713 6714 6742 
3 6677 6743 6714 
3 6743 6677 6716 
3 6715 6744 6717 
3 6716 6745 6743 
3 6716 6718 6745 
3 6719 6717 6744 
3 6744 6746 6719 
3 6720 6745 6718 
3 6746 6747 6680 
3 6680 6719 6746 
3 6747 6683 6680 
3 6720 6721 6748 
3 6722 6683 6747 
3 6721 6684 6748 
3 6747 6749 6722 
3 6750 6748 6684 
3 6686 6722 6749 
3 6723 6750 6684 
3 6749 6751 6686 
3 6688 6686 6751 
3 6751 6725 6688 
3 6692 6752 6726 
3 6753 6692 6728 
3 6728 6754 6753 
3 6692 6753 6752 
3 6693 6755 6756 
3 6756 6694 6693 
3 6694 6756 6696 
3 6754 6728 6729 
3 6696 6756 6757 
3 6729 6697 6758 
3 6758 6754 6729 
3 6757 6730 6696 
3 6759 6731 6730 
3 6758 6697 6732 
3 6732 6734 6758 
3 6759 6760 6731 
3 6733 6731 6761 
3 6731 6760 6761 
3 6735 6733 6762 
3 6738 6737 6763 
3 6734 6738 6763 
3 6762 6764 6735 
3 6736 6735 6764 
3 6736 6765 6737 
3 6737 6765 6763 
3 6739 6766 6712 
3 6767 6739 6740 
3 6740 6768 6767 
3 6768 6740 6741 
3 6741 6769 6768 
3 6741 6770 6769 
3 6770 6741 6742 
3 6742 6771 6770 
3 6771 6742 6714 
3 6772 6771 6714 
3 6766 6773 6712 
3 6773 6715 6712 
3 6714 6743 6772 
3 6743 6774 6772 
3 6744 6715 6773 
3 6743 6775 6774 
3 6775 6743 6745 
3 6745 6776 6775 
3 6776 6745 6720 
3 6746 6777 6747 
3 6720 6778 6779 
3 6778 6720 6748 
3 6777 6780 6747 
3 6749 6747 6780 
3 6748 6781 6778 
3 6781 6748 6750 
3 6750 6782 6781 
3 6782 6750 6723 
3 6749 6783 6751 
3 6784 6782 6723 
3 6723 6724 6784 
3 6783 6785 6725 
3 6725 6751 6783 
3 6724 6786 6784 
3 6787 6725 6785 
3 6786 6724 6726 
3 6726 6788 6786 
3 6787 6693 6725 
3 6755 6693 6787 
3 6787 6789 6755 
3 6788 6726 6752 
3 6752 6790 6788 
3 6755 6789 6791 
3 6792 6753 6754 
3 6790 6752 6753 
3 6753 6792 6790 
3 6791 6793 6755 
3 6793 6756 6755 
3 6757 6756 6793 
3 6793 6794 6757 
3 6730 6757 6795 
3 6757 6794 6795 
3 6796 6754 6758 
3 6795 6797 6730 
3 6759 6730 6797 
3 6758 6798 6796 
3 6758 6734 6798 
3 6797 6799 6759 
3 6799 6800 6760 
3 6760 6759 6799 
3 6760 6800 6761 
3 6734 6801 6798 
3 6799 6802 6800 
3 6800 6733 6761 
3 6762 6733 6800 
3 6763 6803 6804 
3 6734 6763 6804 
3 6804 6801 6734 
3 6800 6805 6762 
3 6805 6764 6762 
3 6805 6806 6764 
3 6736 6764 6806 
3 6806 6807 6736 
3 6765 6736 6807 
3 6807 6808 6765 
3 6763 6765 6808 
3 6808 6803 6763 
3 6766 6739 6809 
3 6809 6739 6767 
3 6768 6810 6767 
3 6810 6768 6769 
3 6769 6811 6810 
3 6811 6769 6770 
3 6771 6812 6770 
3 6812 6771 6772 
3 6772 6813 6812 
3 6814 6773 6766 
3 6766 6815 6814 
3 6809 6815 6766 
3 6772 6816 6813 
3 6816 6772 6774 
3 6744 6773 6814 
3 6814 6817 6744 
3 6774 6818 6816 
3 6774 6775 6818 
3 6746 6744 6817 
3 6817 6819 6746 
3 6775 6820 6818 
3 6820 6775 6776 
3 6777 6746 6819 
3 6776 6779 6820 
3 6776 6720 6779 
3 6821 6779 6778 
3 6778 6781 6822 
3 6780 6823 6749 
3 6824 6822 6781 
3 6781 6782 6824 
3 6783 6749 6823 
3 6824 6782 6784 
3 6784 6825 6824 
3 6784 6826 6825 
3 6783 6827 6785 
3 6826 6784 6786 
3 6787 6785 6827 
3 6826 6786 6788 
3 6788 6828 6826 
3 6829 6828 6788 
3 6788 6790 6829 
3 6829 6790 6792 
3 6754 6796 6792 
3 6793 6791 6794 
3 6802 6799 6797 
3 6802 6830 6800 
3 6805 6800 6830 
3 6805 6830 6831 
3 6806 6805 6831 
3 6831 6832 6806 
3 6807 6806 6832 
3 6808 6807 6833 
3 6833 6834 6808 
3 6834 6803 6808 
3 6803 6834 6804 
3 6833 6807 6832 
3 6767 6810 6809 
3 6770 6835 6811 
3 6835 6770 6812 
3 6812 6836 6835 
3 6837 6814 6815 
3 6815 6838 6837 
3 6809 6838 6815 
3 6812 6813 6836 
3 6839 6813 6816 
3 6817 6814 6837 
3 6837 6840 6817 
3 6816 6841 6839 
3 6818 6841 6816 
3 6840 6842 6819 
3 6819 6817 6840 
3 6818 6820 6843 
3 6842 6777 6819 
3 6779 6844 6845 
3 6845 6820 6779 
3 6845 6843 6820 
3 6821 6844 6779 
3 6780 6777 6846 
3 6821 6847 6844 
3 6821 6778 6847 
3 6846 6848 6780 
3 6778 6822 6847 
3 6823 6780 6848 
3 6822 6849 6847 
3 6822 6824 6849 
3 6824 6850 6849 
3 6824 6825 6850 
3 6826 6850 6825 
3 6827 6783 6851 
3 6827 6852 6787 
3 6852 6853 6787 
3 6829 6854 6828 
3 6789 6787 6853 
3 6853 6855 6789 
3 6829 6856 6854 
3 6855 6857 6789 
3 6856 6829 6792 
3 6791 6789 6857 
3 6857 6858 6791 
3 6859 6792 6796 
3 6858 6794 6791 
3 6795 6794 6860 
3 6860 6861 6795 
3 6861 6797 6795 
3 6802 6797 6861 
3 6796 6798 6862 
3 6862 6863 6796 
3 6861 6864 6802 
3 6865 6801 6804 
3 6862 6798 6801 
3 6801 6865 6862 
3 6864 6866 6802 
3 6866 6830 6802 
3 6830 6866 6831 
3 6804 6834 6867 
3 6867 6865 6804 
3 6866 6868 6831 
3 6832 6831 6868 
3 6832 6869 6833 
3 6834 6833 6869 
3 6834 6869 6867 
3 6870 6809 6810 
3 6810 6871 6870 
3 6871 6810 6811 
3 6811 6872 6871 
3 6872 6811 6835 
3 6835 6873 6872 
3 6873 6835 6836 
3 6838 6809 6870 
3 6873 6836 6813 
3 6813 6874 6873 
3 6813 6875 6874 
3 6875 6813 6839 
3 6839 6876 6875 
3 6876 6839 6841 
3 6876 6841 6818 
3 6818 6877 6876 
3 6877 6818 6843 
3 6842 6878 6777 
3 6843 6879 6877 
3 6879 6843 6845 
3 6846 6777 6878 
3 6879 6845 6844 
3 6844 6880 6879 
3 6880 6844 6847 
3 6847 6881 6880 
3 6848 6882 6823 
3 6881 6847 6849 
3 6849 6883 6881 
3 6783 6823 6882 
3 6882 6851 6783 
3 6883 6849 6850 
3 6883 6850 6826 
3 6826 6884 6883 
3 6851 6885 6827 
3 6886 6884 6826 
3 6852 6827 6885 
3 6826 6828 6886 
3 6852 6887 6853 
3 6886 6828 6854 
3 6855 6853 6887 
3 6855 6887 6888 
3 6888 6857 6855 
3 6856 6792 6889 
3 6888 6858 6857 
3 6859 6889 6792 
3 6796 6890 6859 
3 6858 6891 6794 
3 6863 6892 6890 
3 6890 6796 6863 
3 6860 6794 6891 
3 6891 6893 6860 
3 6863 6894 6895 
3 6863 6895 6892 
3 6893 6896 6860 
3 6861 6860 6897 
3 6860 6896 6897 
3 6898 6894 6862 
3 6894 6863 6862 
3 6861 6897 6899 
3 6899 6864 6861 
3 6898 6862 6865 
3 6899 6900 6864 
3 6864 6900 6866 
3 6901 6865 6867 
3 6865 6901 6898 
3 6832 6868 6902 
3 6902 6903 6832 
3 6869 6832 6903 
3 6903 6904 6869 
3 6867 6904 6901 
3 6867 6869 6904 
3 6870 6871 6905 
3 6905 6906 6870 
3 6871 6907 6905 
3 6907 6871 6872 
3 6908 6872 6873 
3 6906 6838 6870 
3 6873 6874 6908 
3 6909 6874 6875 
3 6910 6840 6837 
3 6875 6911 6909 
3 6875 6876 6911 
3 6912 6911 6876 
3 6842 6840 6913 
3 6910 6913 6840 
3 6876 6914 6912 
3 6876 6877 6914 
3 6878 6842 6913 
3 6879 6914 6877 
3 6879 6880 6915 
3 6878 6916 6846 
3 6915 6880 6917 
3 6848 6846 6916 
3 6916 6882 6848 
3 6880 6918 6917 
3 6880 6881 6918 
3 6919 6918 6881 
3 6881 6883 6919 
3 6851 6882 6885 
3 6883 6884 6919 
3 6920 6887 6852 
3 6854 6921 6886 
3 6920 6922 6887 
3 6921 6854 6856 
3 6856 6923 6921 
3 6887 6922 6924 
3 6924 6888 6887 
3 6923 6856 6889 
3 6924 6858 6888 
3 6859 6925 6889 
3 6924 6926 6858 
3 6927 6859 6890 
3 6927 6925 6859 
3 6926 6928 6858 
3 6928 6891 6858 
3 6890 6892 6927 
3 6928 6929 6891 
3 6891 6929 6893 
3 6930 6892 6895 
3 6895 6894 6930 
3 6931 6896 6893 
3 6893 6929 6931 
3 6896 6931 6897 
3 6898 6932 6894 
3 6897 6931 6933 
3 6897 6933 6899 
3 6900 6934 6866 
3 6898 6935 6932 
3 6898 6901 6935 
3 6866 6934 6936 
3 6868 6866 6936 
3 6937 6904 6903 
3 6903 6938 6937 
3 6901 6904 6937 
3 6937 6939 6901 
3 6901 6939 6935 
3 6902 6868 6936 
3 6936 6940 6902 
3 6903 6902 6940 
3 6940 6938 6903 
3 6905 6907 6941 
3 6907 6942 6941 
3 6942 6907 6872 
3 6837 6838 6943 
3 6943 6838 6906 
3 6906 6944 6943 
3 6906 6945 6944 
3 6906 6905 6945 
3 6905 6941 6945 
3 6872 6946 6942 
3 6946 6872 6908 
3 6946 6908 6874 
3 6874 6947 6946 
3 6947 6874 6909 
3 6948 6910 6837 
3 6837 6943 6948 
3 6909 6949 6947 
3 6949 6909 6911 
3 6911 6950 6949 
3 6950 6911 6912 
3 6910 6948 6913 
3 6950 6912 6914 
3 6914 6951 6950 
3 6914 6952 6951 
3 6952 6914 6879 
3 6879 6953 6952 
3 6953 6879 6915 
3 6916 6878 6954 
3 6953 6915 6917 
3 6917 6955 6953 
3 6882 6916 6954 
3 6954 6956 6882 
3 6955 6917 6918 
3 6955 6918 6919 
3 6919 6957 6955 
3 6956 6958 6882 
3 6885 6882 6958 
3 6959 6957 6919 
3 6919 6884 6959 
3 6958 6960 6885 
3 6884 6886 6959 
3 6960 6852 6885 
3 6960 6920 6852 
3 6959 6886 6921 
3 6921 6961 6959 
3 6922 6920 6960 
3 6960 6962 6922 
3 6961 6921 6923 
3 6922 6962 6963 
3 6963 6924 6922 
3 6889 6964 6923 
3 6964 6889 6925 
3 6924 6963 6926 
3 6927 6965 6925 
3 6892 6930 6965 
3 6927 6892 6965 
3 6926 6966 6928 
3 6928 6966 6967 
3 6930 6968 6965 
3 6930 6894 6968 
3 6928 6967 6969 
3 6969 6929 6928 
3 6968 6894 6932 
3 6969 6970 6929 
3 6970 6931 6929 
3 6933 6931 6970 
3 6932 6971 6968 
3 6970 6972 6933 
3 6899 6933 6973 
3 6933 6972 6973 
3 6899 6973 6900 
3 6974 6932 6935 
3 6932 6974 6971 
3 6973 6934 6900 
3 6934 6973 6975 
3 6934 6975 6936 
3 6935 6939 6974 
3 6975 6976 6936 
3 6940 6936 6976 
3 6976 6977 6940 
3 6938 6940 6977 
3 6977 6978 6938 
3 6937 6978 6979 
3 6937 6938 6978 
3 6979 6939 6937 
3 6980 6943 6944 
3 6945 6981 6944 
3 6981 6945 6941 
3 6942 6982 6941 
3 6982 6942 6946 
3 6947 6983 6946 
3 6980 6948 6943 
3 6947 6984 6983 
3 6947 6949 6984 
3 6985 6949 6950 
3 6985 6984 6949 
3 6986 6913 6948 
3 6950 6987 6985 
3 6988 6950 6951 
3 6988 6987 6950 
3 6878 6913 6989 
3 6986 6989 6913 
3 6951 6952 6988 
3 6954 6878 6989 
3 6989 6990 6954 
3 6988 6952 6953 
3 6953 6991 6988 
3 6953 6992 6991 
3 6992 6953 6955 
3 6990 6993 6956 
3 6956 6954 6990 
3 6994 6992 6955 
3 6955 6957 6994 
3 6958 6956 6993 
3 6993 6995 6958 
3 6995 6996 6958 
3 6960 6958 6996 
3 6959 6997 6957 
3 6959 6998 6997 
3 6998 6959 6961 
3 6960 6999 6962 
3 6998 6961 6923 
3 6923 7000 6998 
3 6963 6962 6999 
3 7000 6923 6964 
3 6964 7001 7000 
3 6963 6999 7002 
3 7001 6964 6925 
3 6925 7003 7001 
3 7002 7004 6963 
3 7004 6926 6963 
3 7003 6925 6965 
3 7004 7005 6926 
3 6966 6926 7005 
3 7005 7006 6966 
3 6967 6966 7006 
3 7006 7007 6967 
3 7008 6965 6968 
3 7007 7009 6967 
3 6969 6967 7009 
3 7009 7010 6969 
3 7011 7008 6968 
3 6970 6969 7010 
3 7012 6968 6971 
3 6971 7013 7012 
3 6968 7012 7011 
3 7010 7014 6970 
3 6970 7014 7015 
3 7015 6972 6970 
3 6972 7015 6973 
3 7013 6971 6974 
3 6974 7016 7013 
3 7015 7017 6973 
3 6973 7017 7018 
3 6973 7018 6975 
3 7019 6974 6939 
3 6974 7019 7016 
3 7018 7020 6975 
3 6976 6975 7020 
3 7020 7021 6976 
3 6977 6976 7021 
3 6978 6977 7022 
3 6939 6979 7019 
3 7021 7022 6977 
3 6944 7023 6980 
3 7023 6944 6981 
3 6941 6982 6981 
3 7024 6982 6946 
3 6946 7025 7024 
3 7025 6946 6983 
3 6980 7026 6948 
3 7025 6983 6984 
3 6984 7027 7025 
3 7027 6984 6985 
3 7026 6986 6948 
3 6985 7028 7027 
3 7028 6985 6987 
3 7028 6987 6988 
3 6988 7029 7028 
3 7030 6989 6986 
3 7030 6990 6989 
3 7031 7029 6988 
3 6988 6991 7031 
3 7030 7032 6990 
3 7031 6992 7033 
3 6992 7031 6991 
3 6993 6990 7032 
3 6992 6994 7033 
3 7032 7034 6993 
3 7034 7035 7036 
3 7036 6993 7034 
3 7036 6995 6993 
3 6996 7036 7035 
3 7036 6996 6995 
3 6960 6996 7035 
3 7035 7037 6960 
3 7037 7038 6960 
3 6999 6960 7038 
3 7038 7039 6999 
3 6997 6998 7000 
3 7001 7040 7000 
3 7002 6999 7039 
3 7040 7001 7003 
3 7003 7041 7040 
3 7041 7003 6965 
3 6965 7042 7041 
3 7043 7044 7002 
3 7004 7002 7044 
3 7004 7044 7005 
3 7044 7043 7045 
3 7045 7006 7005 
3 7005 7044 7045 
3 7006 7045 7007 
3 7042 6965 7008 
3 7046 7009 7045 
3 7007 7045 7009 
3 7047 7008 7011 
3 7046 7048 7009 
3 7010 7009 7048 
3 7012 7013 7049 
3 7047 7011 7012 
3 7012 7049 7047 
3 7046 7050 7048 
3 7048 7050 7051 
3 7051 7014 7010 
3 7010 7048 7051 
3 7014 7051 7015 
3 7013 7016 7049 
3 7051 7052 7015 
3 7052 7053 7017 
3 7017 7015 7052 
3 7017 7053 7018 
3 7052 7054 7053 
3 7018 7053 7054 
3 7018 7054 7055 
3 7020 7018 7055 
3 7019 6979 6978 
3 7055 7021 7020 
3 6978 7022 7056 
3 7056 7057 6978 
3 6978 7057 7019 
3 7058 6980 7023 
3 7023 6981 6982 
3 6982 7059 7023 
3 7059 6982 7024 
3 7025 7060 7024 
3 7026 6980 7058 
3 7058 7061 7026 
3 7025 7062 7060 
3 7062 7025 7027 
3 6986 7026 7061 
3 7027 7063 7062 
3 7027 7028 7063 
3 7028 7064 7063 
3 7028 7029 7064 
3 7029 7065 7064 
3 7030 6986 7066 
3 7029 7067 7065 
3 7067 7029 7031 
3 7067 7031 7033 
3 7033 7068 7067 
3 7068 7033 6994 
3 7069 7068 6994 
3 6957 7069 6994 
3 6957 7070 7069 
3 7071 7070 6957 
3 7034 7072 7035 
3 7037 7035 7072 
3 7072 7073 7037 
3 7071 6957 6997 
3 7038 7037 7073 
3 7073 7074 7038 
3 7074 7039 7038 
3 7000 7075 6997 
3 7074 7076 7039 
3 7075 7000 7040 
3 7040 7077 7075 
3 7039 7076 7078 
3 7078 7002 7039 
3 7077 7040 7041 
3 7041 7079 7077 
3 7079 7041 7042 
3 7078 7080 7002 
3 7043 7002 7080 
3 7043 7080 7081 
3 7081 7045 7043 
3 7008 7047 7042 
3 7081 7046 7045 
3 7046 7081 7082 
3 7083 7047 7049 
3 7082 7050 7046 
3 7050 7082 7051 
3 7016 7083 7049 
3 7082 7084 7051 
3 7052 7051 7085 
3 7051 7084 7085 
3 7019 7086 7016 
3 7085 7087 7052 
3 7087 7088 7052 
3 7088 7054 7052 
3 7019 7089 7086 
3 7055 7054 7088 
3 7088 7090 7055 
3 7090 7091 7055 
3 7021 7055 7091 
3 7022 7021 7091 
3 7091 7092 7022 
3 7056 7022 7092 
3 7019 7057 7089 
3 7058 7023 7093 
3 7023 7094 7093 
3 7094 7023 7059 
3 7059 7095 7094 
3 7095 7059 7024 
3 7024 7060 7095 
3 7061 7096 6986 
3 7062 7097 7098 
3 7097 7062 7063 
3 7066 6986 7096 
3 7063 7099 7097 
3 7064 7065 7100 
3 7100 7063 7064 
3 7100 7099 7063 
3 7066 7101 7030 
3 7065 7102 7100 
3 7065 7067 7102 
3 7032 7030 7101 
3 7067 7103 7102 
3 7103 7067 7068 
3 7034 7032 7101 
3 7101 7104 7034 
3 7069 7105 7068 
3 7105 7069 7070 
3 7105 7070 7071 
3 7072 7034 7104 
3 7104 7073 7072 
3 7071 7106 7105 
3 7106 7071 6997 
3 6997 7107 7106 
3 7074 7073 7108 
3 7107 6997 7075 
3 7075 7109 7107 
3 7074 7110 7076 
3 7109 7075 7077 
3 7077 7079 7109 
3 7076 7110 7111 
3 7111 7078 7076 
3 7078 7111 7112 
3 7112 7080 7078 
3 7112 7113 7080 
3 7113 7081 7080 
3 7047 7114 7042 
3 7115 7047 7083 
3 7083 7116 7115 
3 7047 7115 7114 
3 7082 7081 7113 
3 7113 7117 7082 
3 7083 7118 7116 
3 7119 7083 7016 
3 7083 7119 7118 
3 7084 7082 7120 
3 7082 7117 7120 
3 7121 7119 7016 
3 7085 7084 7120 
3 7120 7087 7085 
3 7086 7089 7122 
3 7122 7121 7016 
3 7122 7016 7086 
3 7087 7123 7088 
3 7123 7124 7090 
3 7090 7088 7123 
3 7091 7090 7124 
3 7056 7125 7057 
3 7126 7089 7057 
3 7057 7125 7126 
3 7089 7126 7122 
3 7092 7091 7124 
3 7124 7127 7092 
3 7127 7125 7092 
3 7056 7092 7125 
3 7058 7093 7128 
3 7128 7129 7058 
3 7128 7093 7094 
3 7095 7130 7094 
3 7095 7131 7130 
3 7131 7095 7060 
3 7132 7061 7058 
3 7058 7129 7132 
3 7060 7133 7131 
3 7133 7060 7062 
3 7062 7098 7133 
3 7096 7061 7132 
3 7132 7134 7096 
3 7134 7135 7066 
3 7066 7096 7134 
3 7100 7136 7099 
3 7101 7066 7137 
3 7135 7137 7066 
3 7102 7136 7100 
3 7137 7138 7101 
3 7138 7104 7101 
3 7068 7139 7103 
3 7068 7140 7139 
3 7068 7105 7140 
3 7104 7141 7073 
3 7106 7142 7105 
3 7141 7143 7073 
3 7142 7106 7107 
3 7143 7108 7073 
3 7074 7144 7110 
3 7079 7145 7109 
3 7111 7110 7144 
3 7146 7112 7111 
3 7112 7146 7147 
3 7112 7147 7113 
3 7042 7114 7148 
3 7149 7148 7150 
3 7148 7149 7042 
3 7115 7116 7150 
3 7114 7115 7150 
3 7150 7148 7114 
3 7113 7151 7117 
3 7116 7118 7152 
3 7152 7150 7116 
3 7118 7153 7152 
3 7118 7119 7153 
3 7117 7154 7120 
3 7153 7119 7121 
3 7154 7155 7120 
3 7121 7122 7153 
3 7155 7156 7120 
3 7087 7120 7156 
3 7156 7123 7087 
3 7126 7157 7122 
3 7156 7158 7123 
3 7158 7124 7123 
3 7158 7159 7124 
3 7127 7124 7159 
3 7159 7160 7127 
3 7125 7127 7160 
3 7160 7157 7125 
3 7126 7125 7157 
3 7129 7128 7161 
3 7161 7162 7129 
3 7161 7128 7094 
3 7094 7163 7161 
3 7163 7094 7130 
3 7130 7164 7163 
3 7164 7130 7131 
3 7129 7162 7132 
3 7098 7097 7165 
3 7166 7165 7097 
3 7097 7136 7166 
3 7097 7099 7136 
3 7135 7167 7137 
3 7168 7136 7102 
3 7138 7137 7167 
3 7167 7169 7138 
3 7139 7102 7103 
3 7139 7168 7102 
3 7104 7138 7169 
3 7169 7170 7104 
3 7171 7139 7140 
3 7140 7105 7171 
3 7141 7104 7170 
3 7170 7172 7141 
3 7142 7173 7105 
3 7143 7141 7172 
3 7172 7174 7143 
3 7142 7107 7173 
3 7108 7143 7174 
3 7174 7175 7108 
3 7107 7176 7173 
3 7074 7108 7175 
3 7176 7107 7109 
3 7144 7074 7175 
3 7176 7109 7145 
3 7144 7177 7111 
3 7146 7111 7177 
3 7177 7178 7146 
3 7079 7042 7179 
3 7179 7145 7079 
3 7146 7178 7180 
3 7042 7149 7179 
3 7180 7181 7146 
3 7181 7147 7146 
3 7179 7149 7150 
3 7150 7182 7179 
3 7147 7181 7183 
3 7147 7183 7113 
3 7150 7184 7182 
3 7113 7183 7185 
3 7113 7185 7151 
3 7184 7150 7152 
3 7152 7186 7184 
3 7151 7185 7117 
3 7186 7152 7153 
3 7117 7185 7187 
3 7117 7187 7154 
3 7188 7186 7153 
3 7187 7189 7154 
3 7155 7154 7189 
3 7153 7190 7188 
3 7153 7122 7190 
3 7189 7156 7155 
3 7156 7189 7191 
3 7122 7157 7190 
3 7158 7156 7192 
3 7156 7191 7192 
3 7159 7158 7192 
3 7160 7193 7157 
3 7192 7194 7159 
3 7194 7195 7159 
3 7160 7159 7195 
3 7193 7160 7195 
3 7162 7161 7196 
3 7161 7197 7196 
3 7197 7161 7163 
3 7198 7132 7162 
3 7162 7196 7198 
3 7131 7199 7164 
3 7199 7131 7133 
3 7199 7133 7098 
3 7098 7200 7199 
3 7134 7132 7198 
3 7198 7201 7134 
3 7200 7098 7165 
3 7165 7202 7200 
3 7202 7165 7166 
3 7135 7134 7201 
3 7166 7203 7202 
3 7203 7166 7136 
3 7136 7204 7203 
3 7204 7136 7168 
3 7168 7205 7204 
3 7205 7168 7139 
3 7169 7206 7170 
3 7172 7170 7206 
3 7171 7105 7173 
3 7174 7207 7175 
3 7208 7175 7207 
3 7208 7144 7175 
3 7209 7176 7145 
3 7177 7144 7208 
3 7208 7210 7177 
3 7145 7211 7209 
3 7178 7177 7210 
3 7211 7145 7179 
3 7212 7180 7178 
3 7179 7213 7211 
3 7180 7212 7214 
3 7180 7214 7181 
3 7213 7179 7182 
3 7214 7183 7181 
3 7182 7184 7213 
3 7185 7183 7214 
3 7214 7215 7185 
3 7215 7216 7185 
3 7216 7217 7185 
3 7187 7185 7217 
3 7218 7186 7188 
3 7188 7219 7218 
3 7186 7218 7184 
3 7217 7220 7187 
3 7189 7187 7220 
3 7219 7188 7190 
3 7189 7220 7221 
3 7190 7157 7219 
3 7221 7222 7189 
3 7191 7189 7222 
3 7157 7193 7223 
3 7222 7224 7191 
3 7192 7191 7224 
3 7224 7225 7192 
3 7194 7192 7225 
3 7194 7226 7195 
3 7193 7195 7226 
3 7226 7227 7193 
3 7193 7227 7223 
3 7228 7196 7197 
3 7229 7163 7164 
3 7230 7229 7164 
3 7231 7198 7196 
3 7228 7231 7196 
3 7164 7199 7230 
3 7199 7232 7230 
3 7232 7199 7200 
3 7201 7198 7231 
3 7200 7233 7232 
3 7233 7200 7202 
3 7202 7234 7233 
3 7234 7202 7203 
3 7235 7203 7204 
3 7235 7234 7203 
3 7167 7135 7201 
3 7201 7236 7167 
3 7204 7237 7235 
3 7204 7205 7237 
3 7169 7167 7236 
3 7139 7238 7205 
3 7238 7139 7171 
3 7169 7239 7206 
3 7172 7206 7239 
3 7239 7174 7172 
3 7239 7240 7174 
3 7176 7241 7173 
3 7207 7174 7240 
3 7240 7242 7207 
3 7241 7176 7209 
3 7209 7243 7241 
3 7242 7244 7208 
3 7242 7208 7207 
3 7210 7208 7244 
3 7243 7209 7211 
3 7178 7210 7244 
3 7244 7245 7178 
3 7211 7246 7243 
3 7178 7245 7212 
3 7246 7211 7213 
3 7213 7247 7246 
3 7212 7245 7248 
3 7248 7249 7212 
3 7249 7214 7212 
3 7250 7251 7214 
3 7214 7251 7215 
3 7251 7250 7252 
3 7252 7216 7215 
3 7215 7251 7252 
3 7216 7252 7217 
3 7253 7217 7252 
3 7254 7218 7219 
3 7255 7184 7218 
3 7218 7254 7255 
3 7217 7253 7220 
3 7219 7256 7254 
3 7256 7219 7157 
3 7257 7258 7220 
3 7258 7222 7221 
3 7221 7220 7258 
3 7259 7157 7223 
3 7157 7259 7256 
3 7258 7260 7222 
3 7222 7260 7224 
3 7223 7227 7259 
3 7225 7261 7194 
3 7226 7194 7261 
3 7262 7263 7228 
3 7262 7228 7197 
3 7262 7197 7163 
3 7163 7264 7262 
3 7264 7163 7229 
3 7229 7265 7264 
3 7265 7229 7230 
3 7231 7263 7266 
3 7231 7228 7263 
3 7230 7267 7265 
3 7267 7230 7232 
3 7232 7268 7267 
3 7201 7231 7266 
3 7268 7232 7233 
3 7234 7269 7233 
3 7269 7234 7235 
3 7235 7270 7269 
3 7201 7271 7236 
3 7270 7235 7237 
3 7237 7272 7270 
3 7169 7236 7271 
3 7271 7273 7169 
3 7272 7237 7205 
3 7205 7274 7272 
3 7274 7205 7238 
3 7239 7169 7273 
3 7273 7275 7239 
3 7276 7238 7171 
3 7171 7277 7276 
3 7275 7240 7239 
3 7277 7171 7173 
3 7277 7173 7241 
3 7240 7278 7242 
3 7278 7279 7242 
3 7244 7242 7279 
3 7279 7280 7244 
3 7245 7244 7280 
3 7246 7281 7243 
3 7281 7246 7247 
3 7245 7282 7283 
3 7283 7248 7245 
3 7248 7283 7249 
3 7213 7284 7247 
3 7283 7285 7249 
3 7285 7214 7249 
3 7284 7213 7184 
3 7214 7285 7250 
3 7286 7284 7184 
3 7250 7285 7287 
3 7250 7287 7252 
3 7255 7286 7184 
3 7252 7287 7288 
3 7252 7288 7253 
3 7289 7290 7288 
3 7253 7288 7290 
3 7253 7290 7220 
3 7254 7256 7291 
3 7291 7255 7254 
3 7290 7289 7292 
3 7220 7290 7292 
3 7220 7292 7257 
3 7293 7294 7291 
3 7293 7291 7256 
3 7257 7292 7295 
3 7295 7296 7257 
3 7258 7257 7297 
3 7257 7296 7297 
3 7298 7256 7259 
3 7256 7298 7293 
3 7297 7260 7258 
3 7227 7299 7259 
3 7299 7298 7259 
3 7260 7300 7224 
3 7225 7224 7300 
3 7261 7225 7300 
3 7300 7301 7261 
3 7301 7302 7261 
3 7226 7261 7302 
3 7226 7302 7303 
3 7227 7303 7304 
3 7227 7226 7303 
3 7263 7262 7305 
3 7305 7306 7263 
3 7262 7307 7305 
3 7307 7262 7264 
3 7264 7308 7307 
3 7308 7264 7265 
3 7263 7306 7266 
3 7265 7309 7308 
3 7265 7267 7309 
3 7268 7310 7267 
3 7311 7312 7201 
3 7201 7266 7311 
3 7310 7268 7233 
3 7271 7201 7312 
3 7312 7313 7271 
3 7272 7269 7270 
3 7273 7271 7313 
3 7313 7314 7273 
3 7314 7275 7273 
3 7238 7315 7274 
3 7315 7238 7276 
3 7240 7275 7316 
3 7277 7317 7276 
3 7316 7278 7240 
3 7317 7277 7241 
3 7278 7318 7279 
3 7241 7319 7320 
3 7280 7279 7318 
3 7319 7241 7243 
3 7321 7280 7318 
3 7243 7281 7319 
3 7245 7280 7321 
3 7321 7322 7245 
3 7282 7245 7322 
3 7322 7323 7282 
3 7247 7324 7281 
3 7323 7325 7282 
3 7325 7283 7282 
3 7324 7247 7284 
3 7283 7325 7326 
3 7283 7326 7285 
3 7285 7326 7327 
3 7284 7286 7328 
3 7327 7329 7285 
3 7287 7285 7329 
3 7328 7286 7255 
3 7255 7330 7328 
3 7287 7329 7331 
3 7331 7332 7287 
3 7287 7332 7288 
3 7332 7331 7333 
3 7333 7334 7332 
3 7288 7332 7334 
3 7288 7334 7289 
3 7335 7255 7291 
3 7291 7336 7335 
3 7255 7335 7330 
3 7334 7333 7337 
3 7289 7334 7337 
3 7289 7337 7292 
3 7338 7294 7293 
3 7336 7291 7294 
3 7294 7338 7336 
3 7292 7337 7339 
3 7339 7295 7292 
3 7293 7298 7338 
3 7340 7297 7296 
3 7341 7299 7227 
3 7298 7299 7341 
3 7340 7260 7297 
3 7300 7260 7342 
3 7343 7227 7304 
3 7227 7343 7341 
3 7342 7344 7300 
3 7301 7300 7344 
3 7302 7301 7344 
3 7344 7345 7302 
3 7346 7303 7302 
3 7302 7345 7346 
3 7304 7303 7346 
3 7306 7305 7347 
3 7347 7305 7307 
3 7307 7348 7347 
3 7348 7307 7308 
3 7311 7266 7306 
3 7306 7349 7311 
3 7347 7349 7306 
3 7308 7350 7348 
3 7350 7308 7309 
3 7309 7351 7350 
3 7351 7309 7267 
3 7351 7267 7310 
3 7312 7311 7352 
3 7233 7353 7310 
3 7352 7354 7312 
3 7353 7233 7269 
3 7313 7312 7354 
3 7272 7355 7269 
3 7314 7313 7354 
3 7272 7356 7355 
3 7356 7272 7274 
3 7274 7315 7356 
3 7357 7316 7275 
3 7358 7276 7317 
3 7316 7359 7278 
3 7241 7360 7317 
3 7360 7241 7320 
3 7359 7361 7278 
3 7361 7318 7278 
3 7321 7318 7361 
3 7361 7322 7321 
3 7281 7362 7319 
3 7322 7363 7323 
3 7281 7324 7362 
3 7363 7364 7323 
3 7325 7323 7364 
3 7364 7326 7325 
3 7324 7284 7365 
3 7364 7327 7326 
3 7365 7284 7328 
3 7366 7329 7364 
3 7327 7364 7329 
3 7367 7328 7330 
3 7330 7368 7367 
3 7328 7367 7365 
3 7366 7331 7329 
3 7330 7369 7368 
3 7333 7331 7370 
3 7335 7336 7371 
3 7371 7369 7330 
3 7330 7335 7371 
3 7370 7372 7333 
3 7337 7333 7372 
3 7336 7338 7373 
3 7373 7371 7336 
3 7339 7337 7372 
3 7372 7374 7339 
3 7375 7376 7295 
3 7295 7339 7375 
3 7339 7374 7375 
3 7338 7298 7377 
3 7377 7373 7338 
3 7375 7378 7376 
3 7378 7379 7376 
3 7379 7296 7295 
3 7295 7376 7379 
3 7296 7379 7340 
3 7377 7298 7341 
3 7378 7380 7379 
3 7379 7380 7381 
3 7381 7260 7340 
3 7340 7379 7381 
3 7381 7382 7260 
3 7260 7382 7342 
3 7343 7304 7383 
3 7341 7343 7383 
3 7383 7377 7341 
3 7344 7342 7384 
3 7346 7345 7385 
3 7386 7304 7346 
3 7346 7387 7386 
3 7304 7386 7383 
3 7384 7388 7344 
3 7345 7344 7388 
3 7388 7385 7345 
3 7385 7389 7346 
3 7389 7387 7346 
3 7390 7347 7348 
3 7348 7391 7390 
3 7392 7311 7349 
3 7349 7347 7390 
3 7348 7393 7391 
3 7393 7348 7350 
3 7350 7394 7393 
3 7394 7350 7351 
3 7351 7395 7394 
3 7395 7351 7310 
3 7352 7311 7392 
3 7395 7310 7353 
3 7269 7396 7353 
3 7269 7397 7396 
3 7397 7269 7355 
3 7354 7398 7314 
3 7397 7355 7356 
3 7356 7399 7397 
3 7356 7400 7399 
3 7400 7356 7315 
3 7275 7314 7398 
3 7357 7275 7398 
3 7315 7358 7400 
3 7315 7276 7358 
3 7357 7401 7316 
3 7401 7402 7316 
3 7317 7403 7358 
3 7402 7404 7316 
3 7404 7359 7316 
3 7403 7317 7360 
3 7404 7405 7359 
3 7320 7406 7360 
3 7361 7359 7405 
3 7406 7320 7319 
3 7319 7407 7406 
3 7361 7408 7322 
3 7319 7362 7407 
3 7363 7322 7408 
3 7324 7409 7362 
3 7410 7364 7363 
3 7409 7324 7365 
3 7410 7411 7364 
3 7412 7409 7365 
3 7364 7411 7413 
3 7364 7413 7366 
3 7367 7368 7414 
3 7412 7414 7415 
3 7365 7367 7414 
3 7414 7412 7365 
3 7416 7331 7413 
3 7366 7413 7331 
3 7414 7369 7417 
3 7369 7414 7368 
3 7416 7370 7331 
3 7369 7371 7417 
3 7416 7418 7370 
3 7418 7372 7370 
3 7419 7371 7373 
3 7373 7420 7419 
3 7371 7419 7417 
3 7418 7421 7372 
3 7421 7374 7372 
3 7420 7373 7377 
3 7374 7421 7422 
3 7422 7378 7375 
3 7375 7374 7422 
3 7423 7380 7378 
3 7378 7422 7423 
3 7380 7423 7381 
3 7377 7383 7424 
3 7382 7381 7423 
3 7423 7425 7382 
3 7426 7383 7386 
3 7383 7426 7424 
3 7425 7427 7382 
3 7427 7342 7382 
3 7384 7342 7427 
3 7427 7428 7384 
3 7388 7384 7428 
3 7429 7389 7385 
3 7430 7386 7387 
3 7387 7429 7430 
3 7387 7389 7429 
3 7430 7426 7386 
3 7385 7388 7428 
3 7391 7431 7390 
3 7432 7392 7349 
3 7349 7433 7432 
3 7390 7433 7349 
3 7431 7391 7393 
3 7393 7434 7431 
3 7434 7393 7394 
3 7395 7435 7394 
3 7392 7436 7352 
3 7395 7437 7435 
3 7437 7395 7353 
3 7354 7352 7436 
3 7353 7438 7437 
3 7438 7353 7396 
3 7438 7396 7397 
3 7397 7439 7438 
3 7439 7397 7399 
3 7354 7440 7398 
3 7357 7398 7440 
3 7440 7441 7357 
3 7358 7442 7400 
3 7401 7357 7441 
3 7441 7443 7401 
3 7443 7444 7402 
3 7402 7401 7443 
3 7444 7404 7402 
3 7360 7406 7403 
3 7444 7445 7404 
3 7445 7405 7404 
3 7361 7405 7445 
3 7408 7361 7446 
3 7362 7447 7407 
3 7446 7448 7408 
3 7363 7408 7448 
3 7447 7362 7409 
3 7449 7363 7448 
3 7449 7450 7363 
3 7450 7410 7363 
3 7410 7450 7451 
3 7451 7411 7410 
3 7412 7415 7409 
3 7451 7452 7411 
3 7452 7413 7411 
3 7413 7452 7453 
3 7413 7453 7416 
3 7415 7414 7417 
3 7416 7453 7454 
3 7455 7418 7416 
3 7416 7454 7455 
3 7419 7420 7456 
3 7417 7419 7456 
3 7455 7421 7418 
3 7457 7417 7456 
3 7456 7420 7457 
3 7458 7457 7420 
3 7420 7377 7458 
3 7422 7421 7459 
3 7422 7459 7423 
3 7460 7458 7377 
3 7377 7424 7460 
3 7461 7424 7426 
3 7424 7461 7460 
3 7429 7462 7430 
3 7426 7430 7462 
3 7462 7461 7426 
3 7425 7463 7464 
3 7464 7427 7425 
3 7428 7427 7464 
3 7464 7465 7428 
3 7428 7466 7385 
3 7466 7467 7385 
3 7467 7462 7429 
3 7429 7385 7467 
3 7465 7466 7428 
3 7468 7433 7390 
3 7468 7390 7431 
3 7431 7469 7468 
3 7432 7470 7392 
3 7469 7431 7434 
3 7394 7471 7434 
3 7471 7394 7435 
3 7436 7392 7470 
3 7471 7435 7437 
3 7437 7472 7471 
3 7437 7473 7472 
3 7437 7438 7473 
3 7354 7436 7474 
3 7439 7475 7438 
3 7474 7476 7354 
3 7475 7439 7399 
3 7440 7354 7476 
3 7475 7399 7400 
3 7400 7477 7475 
3 7400 7478 7477 
3 7440 7479 7441 
3 7478 7400 7442 
3 7478 7442 7358 
3 7358 7480 7478 
3 7443 7441 7479 
3 7480 7358 7403 
3 7403 7481 7480 
3 7443 7445 7444 
3 7481 7403 7406 
3 7406 7482 7481 
3 7483 7361 7445 
3 7406 7484 7482 
3 7446 7361 7483 
3 7483 7485 7446 
3 7484 7406 7407 
3 7485 7486 7446 
3 7484 7407 7447 
3 7486 7487 7446 
3 7487 7448 7446 
3 7487 7488 7448 
3 7449 7448 7488 
3 7449 7488 7489 
3 7489 7490 7449 
3 7449 7490 7450 
3 7491 7490 7489 
3 7451 7450 7490 
3 7490 7491 7451 
3 7492 7452 7491 
3 7451 7491 7452 
3 7492 7493 7452 
3 7493 7453 7452 
3 7494 7415 7417 
3 7453 7493 7495 
3 7495 7496 7453 
3 7453 7496 7454 
3 7454 7496 7455 
3 7497 7417 7457 
3 7498 7499 7455 
3 7499 7421 7455 
3 7500 7457 7458 
3 7457 7500 7497 
3 7421 7499 7459 
3 7458 7460 7500 
3 7459 7499 7501 
3 7459 7501 7423 
3 7423 7501 7425 
3 7461 7462 7502 
3 7502 7460 7461 
3 7425 7501 7503 
3 7463 7425 7503 
3 7462 7504 7502 
3 7503 7505 7463 
3 7464 7463 7505 
3 7465 7464 7505 
3 7466 7465 7506 
3 7506 7507 7466 
3 7507 7467 7466 
3 7508 7462 7467 
3 7467 7507 7508 
3 7508 7504 7462 
3 7509 7433 7468 
3 7468 7469 7510 
3 7510 7509 7468 
3 7470 7432 7511 
3 7511 7512 7470 
3 7511 7432 7433 
3 7509 7511 7433 
3 7510 7469 7434 
3 7434 7513 7510 
3 7513 7434 7471 
3 7471 7514 7513 
3 7471 7515 7514 
3 7436 7470 7512 
3 7512 7516 7436 
3 7515 7471 7472 
3 7474 7436 7516 
3 7473 7517 7472 
3 7517 7473 7438 
3 7438 7518 7517 
3 7518 7438 7475 
3 7476 7474 7516 
3 7477 7519 7475 
3 7476 7520 7440 
3 7519 7477 7478 
3 7478 7521 7519 
3 7479 7440 7520 
3 7478 7480 7521 
3 7520 7522 7479 
3 7443 7479 7522 
3 7522 7523 7443 
3 7481 7524 7480 
3 7523 7445 7443 
3 7524 7481 7482 
3 7525 7526 7445 
3 7523 7525 7445 
3 7483 7445 7526 
3 7526 7527 7483 
3 7527 7528 7486 
3 7486 7483 7527 
3 7486 7485 7483 
3 7484 7529 7482 
3 7528 7530 7486 
3 7529 7484 7447 
3 7530 7487 7486 
3 7447 7531 7529 
3 7530 7532 7488 
3 7488 7487 7530 
3 7409 7533 7531 
3 7531 7447 7409 
3 7532 7489 7488 
3 7409 7534 7533 
3 7489 7535 7491 
3 7534 7409 7415 
3 7491 7535 7536 
3 7491 7536 7492 
3 7534 7415 7494 
3 7494 7537 7534 
3 7538 7493 7536 
3 7492 7536 7493 
3 7494 7539 7537 
3 7540 7493 7538 
3 7493 7540 7495 
3 7539 7494 7417 
3 7541 7496 7495 
3 7495 7540 7541 
3 7496 7541 7455 
3 7539 7417 7497 
3 7455 7541 7498 
3 7542 7539 7497 
3 7497 7543 7542 
3 7497 7500 7543 
3 7498 7544 7499 
3 7543 7460 7545 
3 7460 7543 7500 
3 7499 7544 7501 
3 7546 7545 7460 
3 7547 7546 7460 
3 7460 7502 7547 
3 7501 7548 7503 
3 7549 7502 7504 
3 7504 7550 7549 
3 7504 7551 7550 
3 7502 7549 7547 
3 7503 7548 7552 
3 7505 7503 7552 
3 7552 7553 7505 
3 7507 7554 7508 
3 7554 7550 7551 
3 7504 7508 7554 
3 7554 7551 7504 
3 7553 7555 7465 
3 7465 7505 7553 
3 7506 7465 7555 
3 7555 7556 7506 
3 7507 7506 7556 
3 7556 7557 7507 
3 7554 7507 7557 
3 7512 7511 7558 
3 7511 7559 7558 
3 7559 7511 7509 
3 7509 7510 7560 
3 7560 7559 7509 
3 7560 7510 7513 
3 7513 7514 7560 
3 7472 7561 7515 
3 7472 7562 7561 
3 7562 7472 7517 
3 7563 7476 7516 
3 7519 7564 7475 
3 7520 7476 7563 
3 7519 7521 7564 
3 7563 7522 7520 
3 7565 7521 7480 
3 7565 7564 7521 
3 7522 7566 7523 
3 7524 7567 7480 
3 7568 7523 7566 
3 7524 7569 7567 
3 7568 7570 7525 
3 7570 7526 7525 
3 7568 7525 7523 
3 7569 7524 7482 
3 7527 7526 7570 
3 7482 7571 7569 
3 7572 7528 7527 
3 7571 7482 7529 
3 7572 7530 7528 
3 7529 7573 7571 
3 7573 7529 7531 
3 7530 7574 7532 
3 7573 7531 7533 
3 7574 7575 7532 
3 7533 7576 7573 
3 7575 7577 7532 
3 7532 7577 7489 
3 7576 7533 7534 
3 7578 7577 7575 
3 7535 7489 7577 
3 7577 7578 7535 
3 7535 7578 7579 
3 7579 7580 7535 
3 7580 7536 7535 
3 7534 7537 7576 
3 7536 7580 7581 
3 7581 7538 7536 
3 7581 7582 7538 
3 7582 7540 7538 
3 7539 7583 7537 
3 7540 7582 7584 
3 7540 7584 7541 
3 7541 7584 7498 
3 7539 7585 7583 
3 7539 7542 7585 
3 7584 7586 7498 
3 7586 7587 7498 
3 7587 7544 7498 
3 7543 7545 7588 
3 7542 7543 7588 
3 7587 7589 7544 
3 7545 7546 7590 
3 7590 7588 7545 
3 7589 7591 7544 
3 7591 7592 7544 
3 7544 7592 7501 
3 7593 7546 7547 
3 7546 7593 7590 
3 7501 7592 7594 
3 7501 7594 7548 
3 7595 7547 7549 
3 7547 7595 7593 
3 7596 7597 7594 
3 7548 7594 7597 
3 7548 7597 7552 
3 7549 7550 7598 
3 7598 7595 7549 
3 7596 7599 7597 
3 7597 7599 7552 
3 7557 7600 7554 
3 7600 7598 7550 
3 7600 7550 7554 
3 7552 7601 7553 
3 7553 7601 7602 
3 7553 7602 7603 
3 7603 7555 7553 
3 7556 7555 7603 
3 7603 7604 7556 
3 7604 7605 7556 
3 7605 7606 7557 
3 7605 7557 7556 
3 7600 7557 7606 
3 7559 7607 7558 
3 7559 7608 7607 
3 7608 7559 7560 
3 7560 7609 7608 
3 7560 7610 7609 
3 7610 7560 7514 
3 7610 7514 7515 
3 7515 7611 7610 
3 7512 7612 7516 
3 7611 7515 7561 
3 7561 7613 7611 
3 7612 7614 7516 
3 7613 7561 7562 
3 7517 7615 7562 
3 7615 7517 7518 
3 7518 7616 7615 
3 7563 7516 7614 
3 7614 7617 7563 
3 7518 7618 7616 
3 7618 7518 7475 
3 7475 7619 7618 
3 7619 7475 7564 
3 7617 7620 7563 
3 7522 7563 7620 
3 7564 7565 7621 
3 7565 7480 7621 
3 7480 7622 7621 
3 7623 7566 7522 
3 7622 7480 7567 
3 7567 7569 7622 
3 7568 7566 7623 
3 7624 7568 7623 
3 7624 7570 7568 
3 7624 7625 7527 
3 7624 7527 7570 
3 7626 7569 7571 
3 7571 7627 7626 
3 7628 7527 7625 
3 7628 7572 7527 
3 7628 7530 7572 
3 7627 7571 7573 
3 7628 7629 7530 
3 7574 7530 7629 
3 7578 7575 7630 
3 7630 7579 7578 
3 7579 7630 7580 
3 7581 7580 7630 
3 7630 7631 7581 
3 7632 7582 7631 
3 7581 7631 7582 
3 7633 7582 7632 
3 7582 7633 7584 
3 7584 7633 7634 
3 7635 7583 7585 
3 7583 7635 7537 
3 7636 7586 7634 
3 7584 7634 7586 
3 7637 7635 7585 
3 7585 7542 7637 
3 7638 7586 7636 
3 7586 7638 7587 
3 7542 7639 7637 
3 7542 7588 7639 
3 7640 7587 7638 
3 7587 7640 7589 
3 7641 7588 7590 
3 7588 7641 7639 
3 7640 7642 7589 
3 7642 7591 7589 
3 7643 7590 7593 
3 7593 7644 7643 
3 7590 7643 7641 
3 7642 7645 7591 
3 7591 7645 7646 
3 7646 7592 7591 
3 7593 7595 7647 
3 7647 7644 7593 
3 7646 7648 7592 
3 7648 7649 7592 
3 7649 7594 7592 
3 7594 7649 7596 
3 7595 7598 7650 
3 7650 7647 7595 
3 7648 7651 7649 
3 7651 7652 7649 
3 7652 7599 7596 
3 7596 7649 7652 
3 7599 7652 7552 
3 7598 7600 7653 
3 7653 7650 7598 
3 7651 7654 7652 
3 7652 7654 7655 
3 7655 7656 7652 
3 7552 7652 7656 
3 7601 7552 7656 
3 7606 7605 7657 
3 7658 7600 7606 
3 7606 7657 7658 
3 7600 7658 7653 
3 7601 7656 7655 
3 7655 7659 7601 
3 7602 7601 7659 
3 7603 7602 7659 
3 7659 7660 7603 
3 7660 7661 7603 
3 7604 7603 7661 
3 7661 7662 7604 
3 7662 7605 7604 
3 7605 7662 7657 
3 7512 7558 7663 
3 7663 7664 7512 
3 7663 7558 7607 
3 7665 7607 7608 
3 7665 7663 7607 
3 7608 7666 7665 
3 7666 7608 7609 
3 7609 7667 7666 
3 7609 7610 7668 
3 7668 7667 7609 
3 7611 7669 7610 
3 7512 7664 7670 
3 7670 7612 7512 
3 7611 7613 7669 
3 7670 7671 7612 
3 7671 7614 7612 
3 7672 7613 7562 
3 7562 7673 7672 
3 7673 7562 7615 
3 7615 7616 7673 
3 7617 7614 7671 
3 7618 7619 7616 
3 7564 7674 7619 
3 7675 7620 7617 
3 7522 7675 7676 
3 7675 7522 7620 
3 7677 7621 7622 
3 7622 7678 7677 
3 7679 7680 7623 
3 7676 7679 7623 
3 7623 7522 7676 
3 7678 7622 7569 
3 7680 7681 7623 
3 7569 7682 7678 
3 7681 7683 7624 
3 7624 7623 7681 
3 7626 7684 7682 
3 7682 7569 7626 
3 7685 7624 7683 
3 7685 7625 7624 
3 7684 7626 7627 
3 7685 7628 7625 
3 7686 7684 7627 
3 7686 7627 7573 
3 7687 7686 7573 
3 7629 7688 7574 
3 7573 7576 7687 
3 7574 7688 7689 
3 7689 7575 7574 
3 7576 7690 7687 
3 7576 7537 7690 
3 7630 7575 7689 
3 7689 7691 7630 
3 7630 7691 7692 
3 7692 7631 7630 
3 7537 7693 7690 
3 7631 7692 7694 
3 7694 7632 7631 
3 7694 7695 7632 
3 7695 7633 7632 
3 7537 7696 7697 
3 7697 7693 7537 
3 7633 7695 7634 
3 7698 7696 7537 
3 7537 7635 7698 
3 7634 7699 7636 
3 7635 7637 7698 
3 7637 7639 7700 
3 7701 7698 7637 
3 7637 7700 7701 
3 7699 7702 7636 
3 7636 7702 7703 
3 7703 7704 7636 
3 7638 7636 7704 
3 7638 7704 7640 
3 7705 7706 7700 
3 7639 7641 7705 
3 7705 7700 7639 
3 7706 7701 7700 
3 7704 7703 7707 
3 7640 7704 7707 
3 7642 7640 7707 
3 7643 7644 7708 
3 7641 7643 7708 
3 7708 7705 7641 
3 7709 7642 7707 
3 7642 7709 7710 
3 7710 7645 7642 
3 7645 7710 7646 
3 7708 7647 7711 
3 7647 7708 7644 
3 7712 7710 7709 
3 7710 7712 7648 
3 7648 7646 7710 
3 7647 7650 7713 
3 7713 7711 7647 
3 7714 7715 7712 
3 7715 7648 7712 
3 7648 7715 7651 
3 7650 7653 7716 
3 7716 7713 7650 
3 7714 7717 7715 
3 7715 7717 7718 
3 7718 7651 7715 
3 7651 7718 7654 
3 7653 7658 7719 
3 7716 7653 7719 
3 7719 7713 7716 
3 7654 7718 7720 
3 7655 7654 7720 
3 7659 7655 7720 
3 7719 7658 7657 
3 7720 7721 7659 
3 7660 7659 7721 
3 7661 7722 7662 
3 7723 7662 7722 
3 7723 7657 7662 
3 7723 7724 7657 
3 7721 7725 7660 
3 7661 7660 7725 
3 7722 7661 7725 
3 7725 7726 7722 
3 7727 7665 7666 
3 7666 7728 7727 
3 7728 7666 7667 
3 7667 7729 7728 
3 7663 7730 7664 
3 7663 7727 7730 
3 7663 7665 7727 
3 7729 7667 7668 
3 7610 7669 7668 
3 7613 7731 7669 
3 7731 7613 7672 
3 7670 7732 7671 
3 7672 7673 7731 
3 7617 7671 7732 
3 7732 7733 7617 
3 7619 7734 7616 
3 7733 7735 7617 
3 7734 7619 7674 
3 7676 7675 7735 
3 7735 7736 7676 
3 7675 7617 7735 
3 7674 7564 7621 
3 7621 7677 7674 
3 7676 7736 7737 
3 7738 7677 7678 
3 7737 7739 7679 
3 7739 7680 7679 
3 7737 7679 7676 
3 7738 7678 7740 
3 7681 7680 7739 
3 7678 7682 7740 
3 7739 7741 7681 
3 7741 7683 7681 
3 7740 7682 7684 
3 7741 7742 7685 
3 7685 7683 7741 
3 7742 7743 7628 
3 7628 7685 7742 
3 7743 7744 7629 
3 7743 7629 7628 
3 7744 7688 7629 
3 7687 7745 7686 
3 7687 7746 7745 
3 7688 7747 7689 
3 7746 7687 7690 
3 7691 7689 7747 
3 7748 7749 7747 
3 7749 7692 7691 
3 7691 7747 7749 
3 7750 7690 7693 
3 7751 7749 7748 
3 7694 7692 7749 
3 7749 7751 7694 
3 7693 7752 7750 
3 7753 7695 7751 
3 7694 7751 7695 
3 7697 7696 7752 
3 7693 7697 7752 
3 7754 7695 7753 
3 7695 7754 7634 
3 7696 7755 7752 
3 7696 7698 7755 
3 7756 7754 7753 
3 7699 7634 7754 
3 7754 7756 7699 
3 7698 7757 7755 
3 7698 7701 7757 
3 7758 7759 7699 
3 7759 7702 7699 
3 7702 7759 7703 
3 7760 7706 7705 
3 7757 7701 7706 
3 7706 7760 7757 
3 7758 7707 7759 
3 7703 7759 7707 
3 7705 7708 7761 
3 7761 7760 7705 
3 7758 7762 7707 
3 7707 7762 7763 
3 7763 7764 7707 
3 7707 7764 7709 
3 7708 7711 7765 
3 7765 7761 7708 
3 7763 7766 7764 
3 7764 7766 7767 
3 7767 7768 7764 
3 7709 7764 7768 
3 7709 7768 7712 
3 7769 7761 7765 
3 7765 7770 7769 
3 7711 7713 7770 
3 7770 7765 7711 
3 7767 7771 7768 
3 7771 7772 7768 
3 7712 7768 7772 
3 7712 7772 7714 
3 7770 7773 7774 
3 7773 7770 7713 
3 7774 7769 7770 
3 7775 7772 7771 
3 7771 7776 7775 
3 7772 7775 7717 
3 7717 7714 7772 
3 7719 7777 7773 
3 7773 7713 7719 
3 7774 7773 7777 
3 7776 7778 7775 
3 7778 7717 7775 
3 7717 7778 7718 
3 7719 7779 7777 
3 7776 7780 7778 
3 7780 7718 7778 
3 7780 7781 7718 
3 7718 7781 7720 
3 7723 7722 7782 
3 7724 7723 7782 
3 7724 7783 7719 
3 7719 7657 7724 
3 7779 7719 7783 
3 7781 7721 7720 
3 7726 7784 7782 
3 7782 7722 7726 
3 7724 7782 7784 
3 7784 7785 7724 
3 7783 7724 7785 
3 7786 7721 7781 
3 7721 7787 7725 
3 7787 7788 7725 
3 7726 7725 7788 
3 7788 7784 7726 
3 7786 7787 7721 
3 7789 7727 7728 
3 7728 7790 7789 
3 7791 7728 7729 
3 7791 7790 7728 
3 7792 7664 7730 
3 7727 7793 7730 
3 7789 7793 7727 
3 7729 7794 7791 
3 7729 7668 7794 
3 7668 7795 7794 
3 7795 7668 7669 
3 7670 7664 7792 
3 7792 7796 7670 
3 7797 7669 7731 
3 7796 7798 7732 
3 7732 7670 7796 
3 7731 7673 7797 
3 7799 7797 7673 
3 7673 7616 7800 
3 7800 7799 7673 
3 7798 7801 7733 
3 7798 7733 7732 
3 7616 7734 7800 
3 7801 7802 7735 
3 7735 7733 7801 
3 7735 7802 7803 
3 7803 7736 7735 
3 7677 7738 7674 
3 7736 7803 7804 
3 7737 7804 7805 
3 7804 7737 7736 
3 7805 7806 7739 
3 7739 7737 7805 
3 7741 7739 7806 
3 7684 7686 7740 
3 7741 7806 7742 
3 7743 7807 7744 
3 7686 7808 7809 
3 7688 7744 7807 
3 7808 7686 7745 
3 7808 7745 7746 
3 7807 7810 7688 
3 7746 7811 7808 
3 7747 7688 7810 
3 7811 7746 7690 
3 7810 7812 7747 
3 7690 7750 7811 
3 7812 7751 7747 
3 7747 7751 7748 
3 7813 7751 7812 
3 7751 7813 7753 
3 7814 7753 7813 
3 7815 7752 7755 
3 7816 7753 7814 
3 7753 7816 7756 
3 7756 7816 7817 
3 7756 7817 7699 
3 7699 7817 7758 
3 7818 7755 7757 
3 7757 7760 7818 
3 7817 7819 7758 
3 7760 7761 7820 
3 7820 7818 7760 
3 7762 7758 7819 
3 7821 7822 7762 
3 7762 7822 7823 
3 7823 7763 7762 
3 7823 7766 7763 
3 7766 7823 7767 
3 7821 7824 7822 
3 7824 7771 7822 
3 7771 7823 7822 
3 7771 7767 7823 
3 7825 7771 7824 
3 7825 7826 7771 
3 7771 7826 7776 
3 7777 7827 7774 
3 7769 7774 7827 
3 7777 7779 7828 
3 7828 7827 7777 
3 7829 7776 7826 
3 7776 7829 7780 
3 7779 7830 7828 
3 7827 7828 7830 
3 7831 7832 7829 
3 7832 7780 7829 
3 7781 7780 7832 
3 7783 7785 7833 
3 7779 7783 7833 
3 7830 7779 7833 
3 7831 7834 7832 
3 7781 7832 7834 
3 7835 7781 7834 
3 7785 7784 7836 
3 7837 7833 7785 
3 7835 7838 7781 
3 7838 7839 7781 
3 7839 7786 7781 
3 7787 7786 7839 
3 7839 7840 7787 
3 7788 7787 7840 
3 7840 7841 7788 
3 7784 7788 7841 
3 7836 7784 7841 
3 7841 7842 7836 
3 7843 7785 7836 
3 7843 7837 7785 
3 7840 7844 7841 
3 7844 7842 7841 
3 7842 7845 7836 
3 7845 7843 7836 
3 7789 7846 7793 
3 7846 7789 7790 
3 7790 7847 7846 
3 7791 7848 7790 
3 7848 7847 7790 
3 7730 7849 7792 
3 7849 7730 7793 
3 7791 7794 7848 
3 7848 7794 7795 
3 7795 7850 7848 
3 7850 7795 7669 
3 7669 7851 7850 
3 7852 7798 7796 
3 7792 7852 7796 
3 7851 7669 7797 
3 7799 7853 7797 
3 7853 7799 7800 
3 7800 7854 7853 
3 7798 7855 7856 
3 7856 7801 7798 
3 7854 7800 7734 
3 7734 7857 7854 
3 7856 7855 7858 
3 7858 7802 7801 
3 7801 7856 7858 
3 7857 7734 7674 
3 7674 7859 7857 
3 7802 7858 7860 
3 7861 7862 7863 
3 7861 7863 7860 
3 7803 7860 7863 
3 7860 7803 7802 
3 7864 7859 7738 
3 7674 7738 7859 
3 7862 7865 7863 
3 7804 7863 7865 
3 7863 7804 7803 
3 7865 7866 7805 
3 7865 7805 7804 
3 7740 7867 7864 
3 7864 7738 7740 
3 7806 7805 7866 
3 7866 7868 7806 
3 7740 7869 7867 
3 7870 7806 7868 
3 7869 7740 7686 
3 7871 7872 7742 
3 7742 7806 7870 
3 7870 7871 7742 
3 7686 7873 7869 
3 7872 7743 7742 
3 7873 7686 7809 
3 7743 7874 7807 
3 7874 7875 7807 
3 7810 7807 7875 
3 7875 7876 7810 
3 7812 7810 7876 
3 7750 7877 7811 
3 7876 7878 7812 
3 7879 7812 7878 
3 7878 7880 7879 
3 7881 7879 7880 
3 7813 7812 7879 
3 7879 7881 7813 
3 7750 7752 7815 
3 7815 7882 7750 
3 7883 7884 7881 
3 7813 7881 7884 
3 7813 7884 7814 
3 7815 7755 7885 
3 7885 7882 7815 
3 7883 7886 7884 
3 7814 7884 7886 
3 7886 7816 7814 
3 7887 7885 7755 
3 7755 7888 7887 
3 7816 7886 7817 
3 7889 7817 7886 
3 7755 7890 7888 
3 7755 7818 7890 
3 7891 7817 7889 
3 7817 7891 7819 
3 7820 7761 7890 
3 7818 7820 7890 
3 7892 7893 7891 
3 7893 7819 7891 
3 7819 7893 7762 
3 7769 7890 7761 
3 7762 7893 7821 
3 7890 7769 7894 
3 7893 7895 7896 
3 7893 7896 7824 
3 7824 7821 7893 
3 7824 7896 7825 
3 7827 7897 7769 
3 7894 7769 7897 
3 7896 7898 7825 
3 7899 7897 7827 
3 7900 7901 7898 
3 7901 7825 7898 
3 7901 7826 7825 
3 7826 7901 7829 
3 7899 7827 7830 
3 7830 7902 7899 
3 7897 7899 7902 
3 7900 7903 7901 
3 7903 7831 7901 
3 7831 7829 7901 
3 7904 7831 7903 
3 7903 7905 7904 
3 7904 7834 7831 
3 7833 7837 7906 
3 7830 7833 7906 
3 7904 7905 7907 
3 7907 7834 7904 
3 7907 7835 7834 
3 7837 7908 7906 
3 7830 7906 7908 
3 7908 7909 7830 
3 7902 7830 7909 
3 7910 7835 7907 
3 7843 7908 7837 
3 7910 7911 7835 
3 7838 7835 7911 
3 7845 7912 7843 
3 7908 7843 7912 
3 7909 7908 7912 
3 7910 7913 7911 
3 7913 7914 7911 
3 7914 7838 7911 
3 7839 7838 7914 
3 7914 7915 7839 
3 7840 7839 7915 
3 7915 7916 7840 
3 7840 7916 7844 
3 7845 7917 7912 
3 7913 7918 7914 
3 7918 7915 7914 
3 7916 7919 7844 
3 7842 7844 7919 
3 7919 7920 7842 
3 7845 7842 7920 
3 7921 7845 7920 
3 7917 7845 7921 
3 7849 7793 7846 
3 7848 7922 7847 
3 7923 7792 7849 
3 7850 7922 7848 
3 7852 7924 7798 
3 7852 7792 7923 
3 7925 7851 7797 
3 7924 7926 7798 
3 7925 7797 7853 
3 7853 7927 7925 
3 7927 7853 7854 
3 7854 7928 7927 
3 7855 7798 7926 
3 7928 7854 7857 
3 7858 7855 7926 
3 7926 7929 7858 
3 7930 7857 7859 
3 7860 7929 7931 
3 7931 7861 7860 
3 7860 7858 7929 
3 7861 7931 7932 
3 7932 7862 7861 
3 7864 7933 7859 
3 7932 7934 7862 
3 7934 7865 7862 
3 7867 7935 7933 
3 7933 7864 7867 
3 7866 7865 7934 
3 7934 7936 7866 
3 7868 7866 7936 
3 7867 7869 7937 
3 7870 7868 7936 
3 7870 7938 7871 
3 7869 7939 7937 
3 7871 7938 7940 
3 7940 7872 7871 
3 7939 7869 7873 
3 7872 7940 7941 
3 7941 7942 7872 
3 7943 7872 7942 
3 7943 7743 7872 
3 7873 7944 7939 
3 7873 7809 7944 
3 7943 7945 7874 
3 7874 7743 7943 
3 7945 7946 7874 
3 7947 7809 7808 
3 7809 7947 7944 
3 7946 7875 7874 
3 7808 7948 7947 
3 7946 7876 7875 
3 7949 7808 7811 
3 7808 7949 7948 
3 7877 7949 7811 
3 7876 7950 7878 
3 7950 7951 7880 
3 7880 7878 7950 
3 7877 7750 7882 
3 7952 7880 7951 
3 7880 7952 7881 
3 7881 7952 7953 
3 7881 7953 7883 
3 7883 7953 7886 
3 7887 7888 7954 
3 7954 7882 7885 
3 7885 7887 7954 
3 7955 7886 7953 
3 7886 7955 7889 
3 7956 7889 7955 
3 7889 7956 7891 
3 7957 7888 7890 
3 7891 7956 7892 
3 7958 7957 7890 
3 7959 7892 7956 
3 7892 7959 7893 
3 7958 7890 7894 
3 7960 7895 7959 
3 7895 7893 7959 
3 7961 7895 7960 
3 7895 7961 7896 
3 7962 7963 7961 
3 7963 7896 7961 
3 7896 7963 7898 
3 7963 7962 7900 
3 7900 7898 7963 
3 7964 7965 7962 
3 7965 7900 7962 
3 7900 7965 7903 
3 7902 7966 7897 
3 7964 7967 7965 
3 7965 7905 7903 
3 7968 7966 7902 
3 7967 7969 7965 
3 7969 7905 7965 
3 7905 7969 7907 
3 7909 7970 7902 
3 7968 7902 7970 
3 7907 7969 7971 
3 7971 7910 7907 
3 7970 7909 7972 
3 7973 7910 7971 
3 7910 7973 7913 
3 7912 7974 7909 
3 7972 7909 7974 
3 7973 7975 7913 
3 7913 7975 7918 
3 7917 7976 7912 
3 7974 7912 7976 
3 7975 7977 7918 
3 7977 7915 7918 
3 7915 7977 7978 
3 7916 7915 7978 
3 7919 7916 7978 
3 7978 7979 7919 
3 7920 7919 7979 
3 7979 7980 7920 
3 7980 7981 7921 
3 7921 7920 7980 
3 7982 7921 7981 
3 7982 7917 7921 
3 7976 7917 7982 
3 7979 7978 7983 
3 7980 7979 7983 
3 7984 7985 7849 
3 7984 7849 7846 
3 7846 7986 7984 
3 7986 7846 7847 
3 7986 7847 7922 
3 7985 7923 7849 
3 7985 7987 7923 
3 7988 7922 7850 
3 7988 7850 7851 
3 7851 7989 7988 
3 7924 7852 7987 
3 7852 7923 7987 
3 7925 7989 7851 
3 7924 7990 7926 
3 7990 7991 7926 
3 7992 7928 7857 
3 7929 7926 7991 
3 7992 7857 7930 
3 7930 7993 7992 
3 7929 7991 7931 
3 7993 7930 7859 
3 7859 7994 7993 
3 7931 7995 7932 
3 7994 7859 7933 
3 7934 7932 7995 
3 7994 7933 7935 
3 7935 7996 7994 
3 7936 7934 7995 
3 7995 7997 7936 
3 7998 7999 7996 
3 7996 7935 7998 
3 7935 7867 7998 
3 7867 7937 7998 
3 7999 7998 7937 
3 7936 7997 8000 
3 8000 7870 7936 
3 8000 8001 7938 
3 8000 7938 7870 
3 7939 8002 7937 
3 7941 7940 8001 
3 8001 8003 7941 
3 7940 7938 8001 
3 8003 7942 7941 
3 7939 8004 8002 
3 8003 8005 7943 
3 8003 7943 7942 
3 7939 7944 8006 
3 8006 8004 7939 
3 7945 7943 8005 
3 7946 7945 8005 
3 7944 7947 8007 
3 8005 8008 7946 
3 7947 7948 8007 
3 8009 8007 7948 
3 7948 7949 8009 
3 8008 7876 7946 
3 7949 7877 8010 
3 8010 8009 7949 
3 8008 8011 7876 
3 8012 8010 7877 
3 7950 7876 8011 
3 8013 8012 7877 
3 7877 7882 8013 
3 7951 8014 7952 
3 8015 8013 7882 
3 8016 8017 8014 
3 7952 8014 8017 
3 7952 8017 7953 
3 7954 8015 7882 
3 8016 8018 8017 
3 8018 7953 8017 
3 7953 8018 7955 
3 7954 7888 8019 
3 8020 7955 8018 
3 7955 8020 7956 
3 8021 8019 7888 
3 7888 7957 8021 
3 8021 7957 7958 
3 7958 8022 8021 
3 8023 7956 8020 
3 7956 8023 7959 
3 8022 7958 8024 
3 7959 8023 7960 
3 7894 8024 7958 
3 7960 8023 7961 
3 8024 7894 7897 
3 7897 8025 8024 
3 8026 7962 8023 
3 7961 8023 7962 
3 8027 7962 8026 
3 7897 8028 8025 
3 8029 7962 8027 
3 7962 8029 7964 
3 8028 7897 7966 
3 8028 8030 8025 
3 8029 8027 8031 
3 8031 8032 8029 
3 7967 7964 8029 
3 8029 8032 7967 
3 7968 8030 8028 
3 8028 7966 7968 
3 7970 8033 7968 
3 8030 7968 8033 
3 7967 8032 7969 
3 8032 8034 7971 
3 7971 7969 8032 
3 8033 7970 7972 
3 7972 8035 8033 
3 8036 7971 8034 
3 7971 8036 7973 
3 7972 7974 8037 
3 8037 8038 7972 
3 8038 8039 8035 
3 8035 7972 8038 
3 8036 8040 7973 
3 7973 8040 8041 
3 7975 7973 8041 
3 7974 8042 8037 
3 8038 8037 8042 
3 7975 8041 8043 
3 7977 7975 8043 
3 7976 8044 7974 
3 7974 8044 8045 
3 8042 7974 8045 
3 8043 8046 7977 
3 7978 7977 8046 
3 7981 8047 7982 
3 8048 7982 8047 
3 8048 7976 7982 
3 8044 7976 8048 
3 7978 8046 8049 
3 7983 7978 8049 
3 8049 8050 7983 
3 8050 8051 7983 
3 7980 7983 8051 
3 8051 8052 7980 
3 7981 7980 8052 
3 8047 7981 8052 
3 7985 7984 8053 
3 7984 8054 8053 
3 8054 7984 7986 
3 7986 8055 8054 
3 7986 8056 8055 
3 8056 7986 7922 
3 8056 7922 7988 
3 7987 7985 8053 
3 8053 8057 7987 
3 7989 8058 7988 
3 8059 7924 7987 
3 8057 8059 7987 
3 8058 7989 7925 
3 7925 8060 8058 
3 8061 7990 8059 
3 7924 8059 7990 
3 7925 7927 8060 
3 8062 8060 7927 
3 7990 8061 8063 
3 7927 7928 8062 
3 8063 7991 7990 
3 8064 7928 7992 
3 7992 7993 8065 
3 8065 8064 7992 
3 7991 8066 7931 
3 8067 8065 7994 
3 7993 7994 8065 
3 7995 7931 8066 
3 8068 8067 7994 
3 7996 8069 8068 
3 8068 7994 7996 
3 7997 7995 8070 
3 8069 7996 7999 
3 7937 8071 7999 
3 8000 7997 8072 
3 8071 7937 8073 
3 8000 8074 8001 
3 8073 7937 8002 
3 8074 8075 8003 
3 8074 8003 8001 
3 8075 8076 8003 
3 8077 8003 8076 
3 8077 8005 8003 
3 8002 8004 8006 
3 8006 8078 8002 
3 8006 7944 8078 
3 8077 8079 8005 
3 7944 8007 8078 
3 8008 8005 8079 
3 8008 8079 8080 
3 8080 8081 8008 
3 8007 8009 8078 
3 8081 8011 8008 
3 8082 8078 8009 
3 8009 8010 8082 
3 8010 8012 8083 
3 8083 8082 8010 
3 8011 8084 7950 
3 8085 8083 8012 
3 8012 8013 8085 
3 7951 7950 8084 
3 8084 8086 7951 
3 8087 7951 8086 
3 7951 8087 8014 
3 8013 8088 8085 
3 8013 8015 8088 
3 8089 8090 8087 
3 8014 8087 8090 
3 8014 8090 8016 
3 8015 7954 8088 
3 8089 8091 8090 
3 8091 8018 8090 
3 8016 8090 8018 
3 7954 8092 8088 
3 7954 8019 8092 
3 8093 8018 8091 
3 8091 8094 8093 
3 8019 8095 8092 
3 8096 8097 8093 
3 8018 8093 8097 
3 8018 8097 8020 
3 8021 8095 8019 
3 8098 8097 8096 
3 8097 8098 8020 
3 8099 8020 8098 
3 8020 8099 8023 
3 8024 8100 8022 
3 8024 8101 8100 
3 8102 8023 8099 
3 8101 8024 8025 
3 8023 8102 8026 
3 8101 8025 8030 
3 8030 8103 8101 
3 8027 8026 8102 
3 8102 8104 8027 
3 8031 8027 8104 
3 8030 8105 8103 
3 8105 8106 8103 
3 8104 8107 8031 
3 8108 8032 8107 
3 8032 8031 8107 
3 8033 8109 8030 
3 8109 8110 8105 
3 8105 8030 8109 
3 8108 8034 8032 
3 8035 8111 8033 
3 8109 8033 8111 
3 8111 8112 8109 
3 8110 8109 8112 
3 8108 8113 8034 
3 8113 8036 8034 
3 8035 8039 8114 
3 8111 8035 8114 
3 8114 8115 8112 
3 8112 8111 8114 
3 8113 8116 8036 
3 8040 8036 8116 
3 8038 8042 8117 
3 8117 8118 8114 
3 8114 8039 8117 
3 8039 8038 8117 
3 8119 8114 8118 
3 8119 8115 8114 
3 8116 8120 8040 
3 8041 8040 8120 
3 8045 8121 8042 
3 8121 8117 8042 
3 8118 8117 8121 
3 8120 8122 8041 
3 8043 8041 8122 
3 8048 8123 8044 
3 8045 8123 8124 
3 8045 8044 8123 
3 8121 8045 8124 
3 8122 8125 8043 
3 8125 8046 8043 
3 8049 8046 8125 
3 8125 8050 8049 
3 8052 8126 8047 
3 8126 8127 8048 
3 8048 8047 8126 
3 8123 8048 8127 
3 8050 8128 8051 
3 8052 8051 8128 
3 8126 8052 8128 
3 8129 8053 8054 
3 8056 8130 8055 
3 8130 8056 7988 
3 7988 8131 8130 
3 8057 8132 8133 
3 8057 8053 8129 
3 8129 8132 8057 
3 8134 8131 7988 
3 8134 7988 8058 
3 8058 8135 8134 
3 8133 8136 8059 
3 8133 8059 8057 
3 8135 8058 8060 
3 8060 8137 8135 
3 8060 8062 8137 
3 8061 8059 8136 
3 8063 8061 8136 
3 8136 8138 8063 
3 8062 8139 8140 
3 8139 8062 7928 
3 7928 8141 8139 
3 8141 7928 8064 
3 8138 8142 7991 
3 7991 8063 8138 
3 8143 8141 8064 
3 8064 8065 8143 
3 8065 8144 8143 
3 8066 7991 8142 
3 8142 8145 8066 
3 8144 8065 8067 
3 7995 8066 8145 
3 8145 8146 7995 
3 8144 8067 8068 
3 8068 8069 8144 
3 8070 7995 8146 
3 8146 8147 8070 
3 8147 7997 8070 
3 8148 8069 7999 
3 8147 8149 7997 
3 8149 8072 7997 
3 8148 7999 8071 
3 8071 8150 8148 
3 8149 8151 8072 
3 8151 8000 8072 
3 8073 8152 8150 
3 8150 8071 8073 
3 8151 8149 8153 
3 8153 8074 8151 
3 8000 8151 8074 
3 8152 8073 8002 
3 8002 8154 8152 
3 8074 8153 8155 
3 8155 8075 8074 
3 8076 8075 8155 
3 8155 8156 8076 
3 8156 8077 8076 
3 8154 8002 8078 
3 8077 8156 8157 
3 8157 8079 8077 
3 8157 8158 8159 
3 8080 8079 8157 
3 8157 8159 8080 
3 8159 8158 8160 
3 8160 8081 8159 
3 8081 8080 8159 
3 8078 8082 8161 
3 8081 8160 8162 
3 8162 8011 8081 
3 8161 8082 8163 
3 8162 8164 8165 
3 8162 8165 8011 
3 8083 8163 8082 
3 8165 8164 8166 
3 8166 8084 8165 
3 8084 8011 8165 
3 8085 8167 8083 
3 8163 8083 8167 
3 8084 8166 8168 
3 8168 8086 8084 
3 8169 8087 8168 
3 8087 8086 8168 
3 8085 8088 8170 
3 8170 8167 8085 
3 8169 8171 8087 
3 8171 8089 8087 
3 8088 8172 8170 
3 8171 8173 8089 
3 8173 8091 8089 
3 8088 8092 8172 
3 8091 8173 8094 
3 8095 8172 8092 
3 8174 8175 8173 
3 8175 8093 8094 
3 8094 8173 8175 
3 8093 8175 8096 
3 8021 8176 8095 
3 8174 8177 8175 
3 8096 8175 8177 
3 8177 8098 8096 
3 8176 8021 8178 
3 8098 8177 8179 
3 8178 8021 8022 
3 8022 8100 8178 
3 8100 8180 8178 
3 8099 8098 8179 
3 8180 8100 8101 
3 8180 8101 8181 
3 8099 8182 8102 
3 8102 8182 8183 
3 8101 8103 8181 
3 8183 8104 8102 
3 8181 8103 8106 
3 8184 8104 8183 
3 8185 8104 8184 
3 8104 8185 8107 
3 8107 8185 8186 
3 8107 8186 8108 
3 8110 8187 8188 
3 8188 8106 8110 
3 8106 8105 8110 
3 8185 8189 8186 
3 8108 8186 8189 
3 8112 8187 8110 
3 8190 8113 8108 
3 8108 8189 8190 
3 8112 8115 8191 
3 8191 8187 8112 
3 8192 8116 8113 
3 8113 8190 8192 
3 8119 8118 8193 
3 8115 8119 8193 
3 8193 8191 8115 
3 8194 8116 8192 
3 8121 8195 8118 
3 8193 8195 8196 
3 8195 8193 8118 
3 8196 8191 8193 
3 8194 8197 8116 
3 8197 8120 8116 
3 8122 8120 8197 
3 8124 8198 8121 
3 8198 8195 8121 
3 8197 8199 8122 
3 8199 8125 8122 
3 8127 8200 8123 
3 8200 8201 8124 
3 8124 8123 8200 
3 8198 8124 8201 
3 8199 8202 8125 
3 8050 8125 8202 
3 8202 8203 8050 
3 8128 8050 8203 
3 8126 8128 8204 
3 8204 8205 8127 
3 8204 8127 8126 
3 8200 8127 8205 
3 8203 8206 8128 
3 8204 8128 8206 
3 8054 8207 8129 
3 8207 8054 8055 
3 8055 8130 8207 
3 8131 8208 8130 
3 8131 8209 8208 
3 8209 8131 8134 
3 8134 8135 8209 
3 8133 8210 8136 
3 8137 8211 8135 
3 8211 8137 8062 
3 8062 8212 8211 
3 8212 8062 8140 
3 8213 8212 8140 
3 8138 8136 8210 
3 8210 8214 8138 
3 8140 8139 8213 
3 8139 8141 8213 
3 8142 8138 8215 
3 8214 8215 8138 
3 8141 8143 8216 
3 8145 8142 8215 
3 8215 8217 8145 
3 8145 8217 8218 
3 8218 8146 8145 
3 8219 8144 8069 
3 8218 8220 8146 
3 8220 8147 8146 
3 8069 8148 8219 
3 8148 8221 8219 
3 8220 8222 8149 
3 8149 8147 8220 
3 8221 8148 8150 
3 8150 8223 8221 
3 8149 8222 8224 
3 8152 8225 8223 
3 8223 8150 8152 
3 8224 8153 8149 
3 8154 8226 8152 
3 8227 8156 8155 
3 8154 8078 8228 
3 8157 8156 8227 
3 8227 8229 8157 
3 8078 8230 8228 
3 8231 8157 8229 
3 8231 8158 8157 
3 8232 8230 8078 
3 8231 8229 8233 
3 8160 8231 8233 
3 8231 8160 8158 
3 8161 8232 8078 
3 8233 8234 8162 
3 8162 8160 8233 
3 8234 8235 8162 
3 8235 8164 8162 
3 8164 8235 8236 
3 8236 8166 8164 
3 8168 8166 8236 
3 8236 8237 8168 
3 8168 8237 8169 
3 8170 8238 8167 
3 8239 8171 8169 
3 8170 8172 8240 
3 8240 8238 8170 
3 8239 8241 8171 
3 8241 8173 8171 
3 8172 8242 8240 
3 8172 8095 8242 
3 8095 8176 8243 
3 8243 8242 8095 
3 8176 8178 8180 
3 8180 8243 8176 
3 8180 8244 8243 
3 8245 8177 8174 
3 8177 8245 8179 
3 8099 8179 8245 
3 8245 8246 8099 
3 8247 8099 8246 
3 8248 8099 8247 
3 8249 8180 8181 
3 8182 8099 8248 
3 8249 8181 8250 
3 8183 8182 8248 
3 8248 8251 8183 
3 8250 8181 8106 
3 8106 8252 8250 
3 8253 8184 8251 
3 8183 8251 8184 
3 8252 8106 8188 
3 8185 8184 8253 
3 8253 8254 8185 
3 8187 8255 8188 
3 8256 8189 8254 
3 8185 8254 8189 
3 8257 8255 8187 
3 8256 8190 8189 
3 8257 8187 8191 
3 8256 8258 8190 
3 8258 8259 8190 
3 8190 8259 8192 
3 8260 8261 8259 
3 8192 8259 8261 
3 8192 8261 8194 
3 8191 8196 8262 
3 8260 8263 8261 
3 8261 8263 8264 
3 8264 8194 8261 
3 8196 8195 8265 
3 8265 8262 8196 
3 8197 8194 8264 
3 8264 8266 8197 
3 8199 8197 8266 
3 8198 8201 8267 
3 8195 8198 8267 
3 8267 8268 8195 
3 8268 8265 8195 
3 8266 8269 8199 
3 8202 8199 8269 
3 8205 8270 8200 
3 8201 8200 8270 
3 8270 8271 8201 
3 8271 8272 8267 
3 8271 8267 8201 
3 8268 8267 8272 
3 8269 8273 8202 
3 8203 8202 8273 
3 8273 8274 8203 
3 8274 8275 8203 
3 8206 8203 8275 
3 8275 8276 8206 
3 8204 8206 8276 
3 8276 8277 8204 
3 8277 8270 8205 
3 8277 8205 8204 
3 8132 8129 8278 
3 8278 8279 8132 
3 8278 8129 8207 
3 8207 8280 8278 
3 8280 8207 8130 
3 8130 8208 8280 
3 8209 8281 8208 
3 8282 8133 8132 
3 8132 8279 8282 
3 8209 8135 8281 
3 8135 8283 8281 
3 8135 8211 8283 
3 8282 8284 8210 
3 8210 8133 8282 
3 8212 8285 8211 
3 8284 8286 8210 
3 8287 8285 8212 
3 8287 8212 8213 
3 8286 8288 8214 
3 8214 8210 8286 
3 8141 8289 8213 
3 8288 8290 8215 
3 8215 8214 8288 
3 8289 8141 8216 
3 8216 8143 8291 
3 8291 8289 8216 
3 8143 8144 8291 
3 8217 8215 8290 
3 8290 8292 8217 
3 8219 8291 8144 
3 8218 8217 8292 
3 8218 8293 8220 
3 8219 8221 8294 
3 8293 8295 8222 
3 8222 8220 8293 
3 8294 8221 8223 
3 8223 8225 8294 
3 8225 8296 8294 
3 8297 8224 8222 
3 8222 8295 8297 
3 8152 8298 8296 
3 8296 8225 8152 
3 8153 8297 8299 
3 8299 8300 8153 
3 8153 8224 8297 
3 8298 8152 8226 
3 8226 8301 8298 
3 8300 8302 8155 
3 8300 8155 8153 
3 8301 8226 8154 
3 8303 8155 8302 
3 8303 8229 8227 
3 8227 8155 8303 
3 8304 8301 8154 
3 8154 8228 8304 
3 8304 8228 8305 
3 8305 8306 8304 
3 8305 8228 8230 
3 8230 8306 8305 
3 8230 8232 8307 
3 8307 8306 8230 
3 8233 8229 8308 
3 8307 8232 8161 
3 8161 8309 8307 
3 8306 8307 8309 
3 8308 8310 8311 
3 8234 8233 8308 
3 8308 8311 8234 
3 8309 8161 8312 
3 8311 8310 8313 
3 8313 8235 8234 
3 8234 8311 8313 
3 8163 8312 8161 
3 8236 8235 8313 
3 8313 8314 8236 
3 8312 8163 8315 
3 8236 8314 8316 
3 8316 8237 8236 
3 8167 8315 8163 
3 8237 8316 8317 
3 8237 8317 8169 
3 8167 8238 8315 
3 8169 8317 8239 
3 8238 8240 8318 
3 8318 8315 8238 
3 8239 8317 8319 
3 8319 8241 8239 
3 8318 8240 8242 
3 8241 8319 8320 
3 8320 8321 8241 
3 8321 8173 8241 
3 8320 8322 8321 
3 8173 8321 8322 
3 8322 8174 8173 
3 8242 8243 8323 
3 8322 8324 8174 
3 8323 8243 8244 
3 8244 8325 8323 
3 8245 8174 8324 
3 8325 8244 8180 
3 8325 8326 8323 
3 8326 8327 8323 
3 8324 8246 8245 
3 8249 8326 8180 
3 8326 8325 8180 
3 8327 8326 8249 
3 8246 8324 8328 
3 8328 8247 8246 
3 8329 8247 8328 
3 8247 8329 8248 
3 8330 8249 8250 
3 8251 8248 8329 
3 8329 8331 8251 
3 8331 8253 8251 
3 8332 8252 8188 
3 8255 8333 8188 
3 8332 8188 8333 
3 8333 8334 8332 
3 8335 8256 8254 
3 8336 8334 8333 
3 8333 8337 8336 
3 8337 8333 8255 
3 8337 8255 8257 
3 8257 8336 8337 
3 8256 8335 8258 
3 8257 8191 8338 
3 8338 8339 8336 
3 8338 8336 8257 
3 8262 8340 8191 
3 8340 8338 8191 
3 8258 8341 8259 
3 8341 8263 8260 
3 8260 8259 8341 
3 8263 8341 8264 
3 8265 8342 8262 
3 8342 8343 8340 
3 8340 8262 8342 
3 8341 8344 8264 
3 8266 8264 8344 
3 8265 8268 8345 
3 8265 8345 8346 
3 8342 8265 8346 
3 8344 8347 8266 
3 8269 8266 8347 
3 8272 8271 8348 
3 8268 8272 8348 
3 8348 8346 8345 
3 8348 8345 8268 
3 8347 8349 8269 
3 8349 8350 8269 
3 8350 8351 8273 
3 8273 8269 8350 
3 8270 8352 8271 
3 8352 8348 8271 
3 8274 8273 8351 
3 8351 8353 8274 
3 8275 8274 8353 
3 8353 8354 8275 
3 8276 8275 8354 
3 8354 8355 8276 
3 8355 8356 8276 
3 8356 8277 8276 
3 8357 8270 8277 
3 8277 8356 8357 
3 8357 8352 8270 
3 8358 8359 8279 
3 8278 8360 8358 
3 8358 8279 8278 
3 8360 8278 8280 
3 8208 8361 8280 
3 8361 8208 8281 
3 8359 8282 8279 
3 8359 8362 8282 
3 8363 8281 8283 
3 8283 8364 8363 
3 8364 8283 8211 
3 8282 8362 8365 
3 8365 8284 8282 
3 8364 8211 8285 
3 8285 8366 8364 
3 8367 8286 8284 
3 8284 8365 8367 
3 8366 8285 8287 
3 8368 8288 8286 
3 8286 8367 8368 
3 8369 8287 8213 
3 8369 8213 8289 
3 8289 8370 8369 
3 8368 8371 8288 
3 8371 8290 8288 
3 8370 8289 8291 
3 8291 8372 8370 
3 8371 8292 8290 
3 8292 8373 8218 
3 8373 8374 8218 
3 8293 8218 8374 
3 8375 8219 8294 
3 8376 8377 8295 
3 8376 8295 8293 
3 8375 8294 8296 
3 8296 8298 8375 
3 8297 8377 8378 
3 8377 8297 8295 
3 8302 8300 8299 
3 8299 8378 8302 
3 8378 8299 8297 
3 8301 8379 8298 
3 8380 8303 8302 
3 8301 8381 8379 
3 8380 8382 8229 
3 8229 8303 8380 
3 8304 8381 8301 
3 8229 8382 8383 
3 8381 8304 8306 
3 8383 8384 8229 
3 8306 8385 8381 
3 8385 8386 8387 
3 8386 8385 8306 
3 8308 8384 8388 
3 8384 8308 8229 
3 8386 8306 8309 
3 8309 8389 8386 
3 8387 8386 8389 
3 8310 8308 8388 
3 8309 8312 8390 
3 8390 8389 8309 
3 8313 8388 8391 
3 8391 8392 8313 
3 8388 8313 8310 
3 8314 8313 8392 
3 8392 8393 8314 
3 8390 8315 8394 
3 8315 8390 8312 
3 8314 8393 8395 
3 8395 8316 8314 
3 8315 8396 8394 
3 8397 8316 8395 
3 8316 8397 8317 
3 8398 8396 8315 
3 8398 8315 8318 
3 8318 8399 8398 
3 8397 8400 8317 
3 8317 8400 8319 
3 8242 8399 8318 
3 8401 8402 8400 
3 8319 8400 8402 
3 8319 8402 8320 
3 8242 8403 8399 
3 8401 8404 8402 
3 8404 8322 8402 
3 8320 8402 8322 
3 8403 8242 8323 
3 8404 8324 8322 
3 8403 8323 8327 
3 8327 8405 8403 
3 8324 8404 8406 
3 8327 8249 8407 
3 8407 8405 8327 
3 8408 8324 8406 
3 8324 8408 8328 
3 8408 8409 8328 
3 8409 8329 8328 
3 8407 8249 8330 
3 8330 8410 8407 
3 8330 8411 8410 
3 8250 8252 8330 
3 8331 8329 8409 
3 8409 8412 8331 
3 8252 8413 8330 
3 8411 8330 8413 
3 8252 8414 8413 
3 8411 8413 8414 
3 8415 8253 8331 
3 8332 8416 8414 
3 8414 8252 8332 
3 8253 8415 8417 
3 8253 8417 8254 
3 8334 8418 8332 
3 8416 8332 8418 
3 8418 8419 8416 
3 8420 8421 8417 
3 8254 8417 8421 
3 8254 8421 8335 
3 8334 8336 8422 
3 8423 8424 8418 
3 8418 8422 8423 
3 8422 8418 8334 
3 8424 8419 8418 
3 8421 8420 8425 
3 8425 8335 8421 
3 8336 8423 8422 
3 8335 8425 8426 
3 8426 8427 8335 
3 8335 8427 8258 
3 8339 8338 8428 
3 8423 8428 8429 
3 8336 8339 8428 
3 8428 8423 8336 
3 8426 8430 8427 
3 8338 8340 8431 
3 8432 8433 8428 
3 8428 8431 8432 
3 8431 8428 8338 
3 8433 8429 8428 
3 8427 8430 8341 
3 8258 8427 8341 
3 8434 8435 8431 
3 8431 8340 8434 
3 8435 8432 8431 
3 8346 8436 8342 
3 8436 8437 8340 
3 8343 8342 8436 
3 8436 8340 8343 
3 8437 8434 8340 
3 8341 8438 8344 
3 8347 8344 8438 
3 8346 8348 8439 
3 8436 8346 8439 
3 8438 8440 8347 
3 8347 8440 8349 
3 8348 8352 8441 
3 8348 8441 8442 
3 8348 8442 8439 
3 8349 8351 8350 
3 8353 8351 8443 
3 8356 8444 8357 
3 8352 8357 8444 
3 8352 8444 8441 
3 8354 8353 8443 
3 8443 8445 8354 
3 8355 8354 8445 
3 8445 8446 8355 
3 8356 8355 8446 
3 8444 8356 8446 
3 8359 8358 8447 
3 8447 8362 8359 
3 8447 8358 8360 
3 8280 8448 8360 
3 8280 8449 8448 
3 8449 8280 8361 
3 8361 8281 8363 
3 8363 8364 8450 
3 8451 8450 8364 
3 8452 8365 8362 
3 8451 8364 8366 
3 8366 8453 8451 
3 8366 8454 8453 
3 8367 8365 8452 
3 8454 8366 8287 
3 8287 8455 8454 
3 8369 8455 8287 
3 8367 8456 8368 
3 8457 8455 8369 
3 8370 8457 8369 
3 8456 8458 8371 
3 8371 8368 8456 
3 8459 8457 8370 
3 8370 8372 8459 
3 8458 8460 8371 
3 8460 8292 8371 
3 8372 8291 8461 
3 8461 8459 8372 
3 8461 8291 8219 
3 8460 8462 8292 
3 8219 8463 8461 
3 8462 8464 8373 
3 8373 8292 8462 
3 8464 8293 8374 
3 8374 8373 8464 
3 8463 8219 8375 
3 8377 8465 8466 
3 8465 8377 8376 
3 8293 8465 8376 
3 8375 8298 8467 
3 8378 8466 8468 
3 8466 8378 8377 
3 8468 8469 8302 
3 8468 8302 8378 
3 8298 8470 8467 
3 8471 8302 8469 
3 8471 8380 8302 
3 8470 8298 8379 
3 8471 8472 8380 
3 8472 8473 8382 
3 8382 8380 8472 
3 8381 8474 8379 
3 8383 8382 8473 
3 8473 8475 8383 
3 8381 8385 8474 
3 8475 8476 8384 
3 8384 8383 8475 
3 8388 8476 8477 
3 8476 8388 8384 
3 8391 8388 8477 
3 8478 8387 8389 
3 8392 8477 8479 
3 8479 8480 8392 
3 8392 8391 8477 
3 8481 8478 8389 
3 8389 8390 8481 
3 8393 8392 8480 
3 8480 8482 8393 
3 8483 8481 8390 
3 8390 8394 8483 
3 8482 8395 8393 
3 8396 8484 8394 
3 8483 8394 8484 
3 8397 8395 8482 
3 8482 8485 8397 
3 8484 8486 8487 
3 8396 8398 8486 
3 8486 8484 8396 
3 8487 8483 8484 
3 8485 8488 8397 
3 8486 8398 8399 
3 8487 8486 8399 
3 8399 8489 8487 
3 8488 8400 8397 
3 8399 8490 8489 
3 8491 8492 8488 
3 8400 8488 8492 
3 8400 8492 8401 
3 8490 8399 8403 
3 8491 8493 8492 
3 8493 8404 8492 
3 8401 8492 8404 
3 8403 8494 8490 
3 8404 8493 8495 
3 8494 8403 8405 
3 8495 8406 8404 
3 8496 8494 8407 
3 8405 8407 8494 
3 8408 8406 8495 
3 8495 8497 8408 
3 8408 8497 8409 
3 8496 8407 8410 
3 8410 8498 8496 
3 8499 8498 8410 
3 8410 8411 8499 
3 8409 8497 8500 
3 8412 8409 8500 
3 8411 8501 8499 
3 8411 8414 8501 
3 8331 8412 8502 
3 8331 8502 8415 
3 8414 8416 8503 
3 8503 8501 8414 
3 8502 8417 8415 
3 8416 8419 8503 
3 8502 8504 8417 
3 8420 8417 8504 
3 8424 8423 8505 
3 8505 8503 8419 
3 8419 8424 8505 
3 8420 8504 8425 
3 8423 8506 8505 
3 8425 8504 8507 
3 8425 8507 8426 
3 8508 8423 8429 
3 8423 8508 8506 
3 8507 8430 8426 
3 8433 8432 8509 
3 8509 8508 8429 
3 8429 8433 8509 
3 8430 8507 8510 
3 8341 8430 8510 
3 8435 8434 8511 
3 8432 8435 8511 
3 8511 8509 8432 
3 8510 8512 8341 
3 8341 8512 8513 
3 8437 8436 8514 
3 8434 8437 8514 
3 8514 8511 8434 
3 8513 8515 8341 
3 8515 8438 8341 
3 8516 8436 8439 
3 8436 8516 8514 
3 8515 8517 8438 
3 8517 8440 8438 
3 8442 8518 8439 
3 8349 8440 8517 
3 8349 8519 8351 
3 8441 8444 8520 
3 8442 8520 8518 
3 8442 8441 8520 
3 8519 8443 8351 
3 8519 8521 8443 
3 8521 8522 8443 
3 8443 8522 8445 
3 8446 8445 8523 
3 8523 8524 8446 
3 8444 8446 8524 
3 8524 8525 8444 
3 8525 8520 8444 
3 8362 8447 8526 
3 8526 8447 8360 
3 8360 8527 8526 
3 8527 8360 8448 
3 8361 8528 8449 
3 8528 8361 8363 
3 8528 8363 8450 
3 8450 8529 8528 
3 8526 8530 8362 
3 8529 8450 8451 
3 8530 8452 8362 
3 8530 8531 8452 
3 8453 8454 8532 
3 8532 8451 8453 
3 8367 8452 8531 
3 8531 8533 8367 
3 8454 8455 8532 
3 8534 8532 8455 
3 8533 8535 8456 
3 8456 8367 8533 
3 8458 8456 8535 
3 8536 8457 8459 
3 8459 8537 8536 
3 8459 8538 8537 
3 8460 8458 8535 
3 8538 8459 8461 
3 8538 8461 8463 
3 8460 8464 8462 
3 8539 8540 8293 
3 8464 8539 8293 
3 8375 8541 8463 
3 8542 8543 8466 
3 8542 8466 8465 
3 8465 8544 8542 
3 8465 8540 8544 
3 8465 8293 8540 
3 8541 8375 8467 
3 8468 8543 8545 
3 8543 8468 8466 
3 8467 8470 8541 
3 8545 8546 8469 
3 8469 8468 8545 
3 8469 8546 8547 
3 8547 8471 8469 
3 8547 8548 8472 
3 8472 8471 8547 
3 8548 8549 8473 
3 8548 8473 8472 
3 8474 8550 8379 
3 8549 8475 8473 
3 8550 8474 8385 
3 8385 8551 8550 
3 8552 8476 8549 
3 8475 8549 8476 
3 8553 8551 8385 
3 8477 8552 8554 
3 8554 8555 8477 
3 8552 8477 8476 
3 8553 8387 8556 
3 8387 8553 8385 
3 8479 8477 8555 
3 8555 8480 8479 
3 8478 8557 8387 
3 8556 8387 8557 
3 8557 8481 8558 
3 8481 8557 8478 
3 8483 8559 8481 
3 8558 8481 8559 
3 8482 8480 8560 
3 8560 8485 8482 
3 8487 8561 8559 
3 8559 8483 8487 
3 8485 8560 8562 
3 8485 8562 8488 
3 8561 8487 8489 
3 8562 8563 8488 
3 8561 8489 8490 
3 8491 8488 8563 
3 8563 8564 8491 
3 8490 8565 8561 
3 8564 8493 8491 
3 8494 8565 8490 
3 8493 8564 8566 
3 8566 8495 8493 
3 8496 8567 8494 
3 8495 8566 8497 
3 8497 8566 8568 
3 8567 8496 8498 
3 8498 8569 8567 
3 8570 8569 8498 
3 8498 8499 8570 
3 8497 8568 8571 
3 8571 8500 8497 
3 8412 8500 8571 
3 8570 8499 8501 
3 8572 8412 8571 
3 8573 8570 8501 
3 8572 8574 8412 
3 8574 8502 8412 
3 8501 8503 8575 
3 8575 8573 8501 
3 8502 8574 8576 
3 8577 8504 8576 
3 8502 8576 8504 
3 8577 8578 8504 
3 8505 8506 8579 
3 8579 8503 8505 
3 8507 8504 8578 
3 8579 8508 8580 
3 8508 8579 8506 
3 8578 8581 8507 
3 8510 8507 8581 
3 8508 8582 8580 
3 8508 8509 8582 
3 8510 8581 8583 
3 8582 8509 8511 
3 8511 8584 8582 
3 8510 8583 8585 
3 8585 8512 8510 
3 8512 8585 8513 
3 8586 8511 8514 
3 8511 8586 8584 
3 8585 8515 8513 
3 8586 8514 8516 
3 8587 8517 8515 
3 8439 8518 8588 
3 8588 8516 8439 
3 8516 8588 8586 
3 8587 8589 8517 
3 8349 8517 8589 
3 8589 8590 8349 
3 8519 8349 8590 
3 8518 8520 8591 
3 8523 8592 8524 
3 8592 8593 8524 
3 8593 8525 8524 
3 8520 8525 8593 
3 8522 8594 8445 
3 8594 8523 8445 
3 8594 8592 8523 
3 8448 8595 8527 
3 8595 8448 8449 
3 8449 8528 8595 
3 8596 8528 8529 
3 8530 8526 8597 
3 8451 8598 8529 
3 8531 8530 8597 
3 8598 8451 8532 
3 8532 8534 8598 
3 8533 8531 8599 
3 8455 8600 8534 
3 8455 8601 8600 
3 8602 8535 8533 
3 8533 8599 8602 
3 8601 8455 8457 
3 8601 8457 8536 
3 8536 8603 8601 
3 8603 8536 8537 
3 8537 8604 8603 
3 8604 8537 8538 
3 8605 8606 8460 
3 8460 8535 8602 
3 8602 8605 8460 
3 8463 8607 8538 
3 8606 8608 8464 
3 8464 8460 8606 
3 8608 8609 8464 
3 8540 8539 8610 
3 8610 8611 8540 
3 8539 8464 8609 
3 8609 8610 8539 
3 8607 8463 8541 
3 8542 8612 8613 
3 8613 8543 8542 
3 8612 8542 8544 
3 8540 8611 8544 
3 8613 8545 8543 
3 8545 8614 8546 
3 8470 8615 8541 
3 8547 8546 8616 
3 8615 8470 8379 
3 8617 8615 8379 
3 8616 8618 8548 
3 8548 8547 8616 
3 8379 8550 8617 
3 8618 8619 8549 
3 8618 8549 8548 
3 8549 8619 8620 
3 8551 8621 8550 
3 8620 8622 8552 
3 8620 8552 8549 
3 8621 8551 8553 
3 8623 8552 8622 
3 8623 8554 8552 
3 8624 8623 8625 
3 8555 8554 8623 
3 8623 8624 8555 
3 8553 8556 8626 
3 8555 8624 8627 
3 8627 8480 8555 
3 8556 8557 8626 
3 8628 8626 8557 
3 8557 8558 8628 
3 8627 8629 8480 
3 8559 8628 8558 
3 8560 8480 8629 
3 8559 8630 8628 
3 8629 8631 8560 
3 8561 8632 8559 
3 8630 8559 8632 
3 8562 8560 8631 
3 8632 8561 8633 
3 8563 8562 8634 
3 8563 8634 8564 
3 8633 8561 8565 
3 8565 8635 8633 
3 8494 8635 8565 
3 8636 8566 8564 
3 8635 8494 8567 
3 8635 8567 8637 
3 8636 8568 8566 
3 8637 8567 8569 
3 8569 8638 8637 
3 8569 8570 8638 
3 8570 8573 8639 
3 8572 8571 8640 
3 8572 8640 8574 
3 8640 8641 8574 
3 8641 8576 8574 
3 8642 8573 8575 
3 8575 8503 8642 
3 8577 8576 8641 
3 8641 8643 8577 
3 8503 8579 8642 
3 8577 8644 8578 
3 8579 8580 8645 
3 8645 8642 8579 
3 8581 8578 8644 
3 8644 8646 8581 
3 8582 8645 8580 
3 8646 8647 8581 
3 8583 8581 8647 
3 8584 8648 8582 
3 8585 8583 8647 
3 8647 8649 8585 
3 8648 8584 8586 
3 8586 8650 8648 
3 8649 8651 8585 
3 8585 8651 8515 
3 8586 8652 8650 
3 8515 8651 8587 
3 8586 8588 8652 
3 8589 8587 8653 
3 8653 8654 8590 
3 8590 8589 8653 
3 8655 8518 8591 
3 8588 8518 8655 
3 8588 8655 8652 
3 8519 8590 8654 
3 8654 8656 8519 
3 8521 8519 8656 
3 8657 8520 8593 
3 8591 8520 8657 
3 8656 8522 8521 
3 8594 8522 8658 
3 8658 8659 8594 
3 8592 8594 8659 
3 8659 8660 8592 
3 8593 8592 8660 
3 8593 8660 8657 
3 8661 8526 8527 
3 8661 8527 8595 
3 8662 8595 8528 
3 8528 8663 8662 
3 8663 8528 8596 
3 8596 8664 8663 
3 8526 8661 8597 
3 8596 8665 8664 
3 8665 8596 8529 
3 8665 8529 8598 
3 8598 8666 8665 
3 8531 8597 8667 
3 8666 8598 8534 
3 8534 8668 8666 
3 8667 8599 8531 
3 8668 8534 8600 
3 8601 8668 8600 
3 8601 8669 8670 
3 8669 8601 8603 
3 8669 8603 8604 
3 8604 8671 8669 
3 8671 8604 8538 
3 8538 8672 8671 
3 8672 8538 8607 
3 8610 8673 8611 
3 8607 8674 8672 
3 8607 8541 8674 
3 8613 8675 8676 
3 8675 8613 8612 
3 8612 8677 8675 
3 8677 8612 8544 
3 8544 8678 8677 
3 8678 8544 8611 
3 8611 8673 8678 
3 8545 8676 8614 
3 8676 8545 8613 
3 8679 8680 8616 
3 8679 8616 8614 
3 8616 8546 8614 
3 8674 8541 8615 
3 8615 8681 8674 
3 8616 8680 8682 
3 8681 8615 8617 
3 8682 8619 8618 
3 8618 8616 8682 
3 8681 8617 8550 
3 8550 8683 8681 
3 8620 8619 8684 
3 8683 8550 8621 
3 8684 8685 8622 
3 8622 8620 8684 
3 8623 8622 8685 
3 8685 8686 8623 
3 8686 8625 8623 
3 8686 8627 8624 
3 8624 8625 8686 
3 8621 8553 8626 
3 8687 8688 8627 
3 8689 8626 8628 
3 8629 8627 8688 
3 8688 8690 8629 
3 8630 8691 8628 
3 8631 8629 8690 
3 8691 8630 8632 
3 8690 8692 8631 
3 8693 8691 8632 
3 8562 8631 8692 
3 8693 8632 8633 
3 8634 8562 8692 
3 8693 8633 8635 
3 8635 8694 8693 
3 8634 8636 8564 
3 8695 8635 8637 
3 8637 8696 8695 
3 8697 8698 8636 
3 8696 8637 8638 
3 8568 8636 8698 
3 8638 8570 8699 
3 8699 8696 8638 
3 8698 8700 8568 
3 8570 8639 8699 
3 8700 8571 8568 
3 8639 8701 8699 
3 8700 8702 8571 
3 8703 8701 8639 
3 8639 8573 8703 
3 8640 8571 8702 
3 8573 8642 8703 
3 8640 8704 8641 
3 8643 8641 8704 
3 8705 8644 8577 
3 8577 8643 8705 
3 8644 8705 8646 
3 8706 8645 8582 
3 8645 8706 8642 
3 8707 8647 8646 
3 8582 8648 8708 
3 8582 8709 8706 
3 8582 8708 8709 
3 8647 8707 8710 
3 8647 8710 8649 
3 8709 8708 8648 
3 8648 8650 8709 
3 8710 8711 8649 
3 8711 8651 8649 
3 8587 8651 8712 
3 8713 8650 8652 
3 8653 8587 8712 
3 8591 8713 8655 
3 8713 8652 8655 
3 8653 8714 8654 
3 8656 8654 8714 
3 8591 8657 8715 
3 8714 8716 8656 
3 8522 8656 8716 
3 8658 8522 8716 
3 8716 8659 8658 
3 8659 8717 8660 
3 8657 8660 8717 
3 8717 8715 8657 
3 8718 8661 8595 
3 8663 8719 8662 
3 8719 8663 8664 
3 8664 8720 8719 
3 8721 8597 8661 
3 8661 8718 8721 
3 8720 8664 8665 
3 8665 8722 8720 
3 8722 8665 8666 
3 8597 8721 8667 
3 8668 8723 8666 
3 8667 8724 8599 
3 8668 8725 8723 
3 8725 8668 8601 
3 8725 8601 8670 
3 8724 8726 8602 
3 8602 8599 8724 
3 8669 8727 8670 
3 8605 8602 8726 
3 8726 8728 8605 
3 8727 8669 8671 
3 8606 8605 8728 
3 8728 8729 8606 
3 8671 8730 8727 
3 8730 8671 8672 
3 8608 8606 8729 
3 8729 8731 8608 
3 8609 8608 8731 
3 8673 8610 8732 
3 8610 8609 8731 
3 8731 8732 8610 
3 8733 8672 8674 
3 8676 8734 8735 
3 8734 8676 8675 
3 8675 8736 8734 
3 8736 8675 8677 
3 8677 8737 8736 
3 8737 8677 8678 
3 8678 8738 8737 
3 8738 8678 8673 
3 8673 8739 8738 
3 8732 8739 8673 
3 8614 8735 8740 
3 8735 8614 8676 
3 8741 8680 8679 
3 8679 8740 8741 
3 8740 8679 8614 
3 8741 8742 8682 
3 8741 8682 8680 
3 8619 8682 8742 
3 8742 8743 8619 
3 8743 8684 8619 
3 8743 8744 8684 
3 8744 8745 8684 
3 8745 8685 8684 
3 8746 8683 8621 
3 8747 8685 8745 
3 8747 8686 8685 
3 8747 8627 8686 
3 8626 8748 8621 
3 8687 8627 8747 
3 8748 8626 8689 
3 8688 8687 8747 
3 8689 8628 8691 
3 8692 8690 8749 
3 8692 8750 8634 
3 8694 8635 8751 
3 8750 8752 8634 
3 8635 8753 8751 
3 8636 8634 8752 
3 8695 8753 8635 
3 8752 8697 8636 
3 8696 8754 8695 
3 8696 8699 8754 
3 8755 8698 8697 
3 8755 8756 8698 
3 8756 8700 8698 
3 8699 8701 8757 
3 8702 8700 8756 
3 8756 8758 8702 
3 8757 8701 8703 
3 8640 8702 8758 
3 8758 8704 8640 
3 8703 8642 8759 
3 8704 8760 8643 
3 8705 8643 8760 
3 8760 8761 8705 
3 8642 8762 8759 
3 8646 8705 8761 
3 8761 8763 8646 
3 8762 8642 8706 
3 8707 8646 8763 
3 8763 8764 8707 
3 8710 8707 8764 
3 8709 8650 8706 
3 8711 8710 8764 
3 8764 8765 8711 
3 8651 8711 8765 
3 8712 8651 8765 
3 8765 8766 8712 
3 8650 8713 8767 
3 8653 8712 8766 
3 8766 8768 8653 
3 8713 8591 8769 
3 8769 8767 8713 
3 8768 8770 8653 
3 8714 8653 8770 
3 8591 8715 8769 
3 8716 8714 8770 
3 8770 8771 8716 
3 8659 8716 8771 
3 8771 8772 8659 
3 8772 8717 8659 
3 8773 8718 8595 
3 8595 8774 8773 
3 8595 8775 8774 
3 8775 8595 8662 
3 8775 8662 8719 
3 8720 8776 8719 
3 8718 8773 8721 
3 8777 8776 8720 
3 8777 8720 8722 
3 8722 8778 8777 
3 8779 8667 8721 
3 8778 8722 8666 
3 8778 8666 8723 
3 8723 8780 8778 
3 8723 8781 8780 
3 8724 8667 8779 
3 8781 8723 8725 
3 8782 8781 8725 
3 8724 8783 8726 
3 8725 8670 8782 
3 8782 8670 8727 
3 8783 8784 8728 
3 8728 8726 8783 
3 8729 8728 8784 
3 8784 8785 8729 
3 8672 8786 8730 
3 8731 8729 8785 
3 8672 8787 8786 
3 8787 8672 8733 
3 8788 8789 8734 
3 8788 8734 8736 
3 8736 8790 8788 
3 8791 8792 8732 
3 8731 8791 8732 
3 8735 8789 8793 
3 8789 8735 8734 
3 8737 8790 8736 
3 8794 8790 8737 
3 8794 8737 8738 
3 8739 8792 8738 
3 8739 8732 8792 
3 8674 8795 8733 
3 8793 8796 8740 
3 8793 8740 8735 
3 8674 8797 8795 
3 8796 8798 8741 
3 8741 8740 8796 
3 8797 8674 8681 
3 8798 8742 8741 
3 8798 8799 8742 
3 8681 8800 8797 
3 8743 8742 8799 
3 8800 8681 8683 
3 8743 8799 8801 
3 8801 8744 8743 
3 8800 8683 8746 
3 8746 8802 8800 
3 8745 8744 8801 
3 8801 8803 8745 
3 8802 8746 8621 
3 8747 8745 8803 
3 8621 8804 8802 
3 8803 8805 8747 
3 8804 8621 8748 
3 8805 8806 8747 
3 8688 8747 8806 
3 8689 8807 8748 
3 8688 8806 8808 
3 8690 8688 8808 
3 8807 8689 8691 
3 8749 8690 8808 
3 8808 8809 8749 
3 8807 8691 8810 
3 8692 8749 8809 
3 8810 8691 8693 
3 8692 8809 8811 
3 8810 8693 8694 
3 8811 8750 8692 
3 8810 8694 8751 
3 8751 8753 8810 
3 8750 8811 8812 
3 8812 8752 8750 
3 8695 8813 8753 
3 8812 8814 8752 
3 8814 8697 8752 
3 8754 8813 8695 
3 8814 8815 8697 
3 8755 8697 8815 
3 8815 8816 8755 
3 8756 8755 8816 
3 8754 8699 8757 
3 8758 8756 8816 
3 8816 8817 8758 
3 8703 8818 8757 
3 8758 8819 8704 
3 8818 8703 8759 
3 8760 8704 8819 
3 8819 8820 8760 
3 8761 8760 8820 
3 8821 8759 8762 
3 8763 8761 8820 
3 8821 8762 8706 
3 8706 8822 8821 
3 8820 8823 8763 
3 8706 8824 8822 
3 8764 8763 8823 
3 8824 8706 8650 
3 8765 8764 8823 
3 8823 8825 8765 
3 8826 8824 8650 
3 8766 8765 8825 
3 8825 8827 8766 
3 8767 8826 8650 
3 8768 8766 8827 
3 8827 8828 8768 
3 8767 8769 8829 
3 8770 8768 8828 
3 8715 8829 8769 
3 8772 8830 8717 
3 8715 8717 8830 
3 8831 8773 8774 
3 8775 8832 8774 
3 8719 8833 8775 
3 8833 8719 8776 
3 8776 8834 8833 
3 8721 8773 8835 
3 8773 8831 8835 
3 8834 8776 8777 
3 8777 8836 8834 
3 8836 8777 8778 
3 8837 8779 8721 
3 8838 8837 8721 
3 8721 8835 8838 
3 8778 8839 8836 
3 8839 8778 8780 
3 8781 8840 8780 
3 8724 8779 8841 
3 8837 8841 8779 
3 8840 8781 8782 
3 8783 8724 8841 
3 8841 8842 8783 
3 8843 8782 8727 
3 8784 8783 8842 
3 8842 8844 8784 
3 8727 8845 8843 
3 8845 8727 8730 
3 8730 8846 8845 
3 8844 8785 8784 
3 8846 8730 8786 
3 8786 8847 8846 
3 8848 8847 8786 
3 8786 8787 8848 
3 8785 8849 8731 
3 8787 8850 8848 
3 8787 8733 8850 
3 8788 8851 8789 
3 8851 8788 8790 
3 8790 8852 8851 
3 8790 8794 8852 
3 8791 8731 8849 
3 8853 8850 8733 
3 8789 8854 8793 
3 8738 8855 8794 
3 8855 8738 8792 
3 8733 8856 8853 
3 8733 8795 8856 
3 8857 8793 8854 
3 8857 8796 8793 
3 8858 8856 8795 
3 8795 8797 8858 
3 8857 8859 8796 
3 8859 8798 8796 
3 8799 8798 8859 
3 8797 8800 8860 
3 8800 8861 8860 
3 8801 8799 8862 
3 8861 8800 8802 
3 8802 8863 8861 
3 8803 8801 8862 
3 8862 8864 8803 
3 8863 8802 8804 
3 8804 8748 8863 
3 8805 8803 8864 
3 8864 8806 8805 
3 8864 8865 8806 
3 8807 8866 8748 
3 8808 8806 8865 
3 8807 8867 8866 
3 8865 8868 8808 
3 8809 8808 8868 
3 8867 8807 8810 
3 8810 8869 8867 
3 8811 8809 8868 
3 8868 8870 8811 
3 8870 8871 8811 
3 8869 8810 8753 
3 8871 8872 8811 
3 8753 8873 8869 
3 8812 8811 8872 
3 8873 8753 8813 
3 8814 8812 8874 
3 8873 8813 8754 
3 8754 8875 8873 
3 8815 8814 8874 
3 8874 8876 8815 
3 8754 8877 8875 
3 8816 8815 8876 
3 8876 8817 8816 
3 8877 8754 8757 
3 8757 8878 8877 
3 8817 8879 8758 
3 8878 8757 8818 
3 8819 8758 8879 
3 8820 8819 8880 
3 8759 8821 8818 
3 8823 8881 8882 
3 8881 8823 8820 
3 8824 8883 8822 
3 8823 8882 8884 
3 8884 8825 8823 
3 8884 8885 8825 
3 8826 8886 8883 
3 8824 8826 8883 
3 8827 8825 8885 
3 8885 8887 8827 
3 8826 8767 8888 
3 8888 8889 8826 
3 8826 8889 8886 
3 8828 8827 8887 
3 8887 8890 8828 
3 8829 8891 8767 
3 8767 8891 8888 
3 8890 8892 8828 
3 8770 8828 8892 
3 8715 8893 8894 
3 8829 8715 8895 
3 8715 8894 8895 
3 8771 8770 8892 
3 8892 8896 8771 
3 8896 8897 8771 
3 8772 8771 8897 
3 8897 8898 8772 
3 8830 8772 8898 
3 8898 8893 8830 
3 8715 8830 8893 
3 8774 8899 8831 
3 8899 8774 8832 
3 8832 8775 8833 
3 8834 8900 8833 
3 8901 8835 8831 
3 8834 8836 8902 
3 8902 8900 8834 
3 8838 8835 8901 
3 8836 8839 8902 
3 8839 8903 8902 
3 8903 8839 8780 
3 8903 8780 8840 
3 8840 8904 8903 
3 8905 8841 8837 
3 8904 8840 8782 
3 8782 8906 8904 
3 8842 8841 8907 
3 8905 8907 8841 
3 8906 8782 8843 
3 8843 8908 8906 
3 8844 8842 8907 
3 8908 8843 8845 
3 8845 8909 8908 
3 8846 8909 8845 
3 8846 8847 8910 
3 8844 8911 8785 
3 8847 8912 8910 
3 8847 8848 8912 
3 8849 8785 8911 
3 8912 8848 8850 
3 8913 8789 8851 
3 8914 8852 8794 
3 8792 8791 8915 
3 8791 8849 8911 
3 8911 8915 8791 
3 8912 8850 8853 
3 8853 8916 8912 
3 8854 8789 8913 
3 8913 8917 8854 
3 8914 8794 8855 
3 8855 8918 8914 
3 8918 8855 8792 
3 8792 8919 8918 
3 8915 8919 8792 
3 8853 8920 8916 
3 8920 8853 8856 
3 8857 8854 8917 
3 8917 8921 8857 
3 8920 8856 8858 
3 8859 8857 8921 
3 8921 8922 8859 
3 8923 8920 8858 
3 8858 8924 8923 
3 8858 8797 8924 
3 8859 8922 8925 
3 8797 8926 8924 
3 8797 8860 8926 
3 8799 8859 8925 
3 8925 8927 8799 
3 8928 8926 8860 
3 8862 8799 8927 
3 8927 8929 8862 
3 8928 8860 8861 
3 8863 8930 8928 
3 8928 8861 8863 
3 8862 8931 8864 
3 8931 8862 8929 
3 8930 8863 8932 
3 8748 8933 8932 
3 8932 8863 8748 
3 8931 8934 8864 
3 8748 8935 8933 
3 8748 8936 8935 
3 8865 8864 8934 
3 8934 8937 8865 
3 8936 8748 8866 
3 8937 8938 8865 
3 8936 8866 8867 
3 8938 8868 8865 
3 8939 8936 8867 
3 8938 8940 8868 
3 8939 8867 8869 
3 8870 8868 8940 
3 8940 8941 8871 
3 8871 8870 8940 
3 8941 8872 8871 
3 8812 8872 8941 
3 8941 8942 8812 
3 8942 8874 8812 
3 8876 8874 8942 
3 8942 8943 8876 
3 8944 8875 8877 
3 8817 8876 8943 
3 8943 8945 8817 
3 8879 8817 8945 
3 8945 8946 8879 
3 8819 8879 8946 
3 8946 8947 8819 
3 8880 8819 8947 
3 8818 8948 8878 
3 8880 8949 8820 
3 8948 8818 8821 
3 8821 8950 8948 
3 8881 8820 8949 
3 8821 8822 8950 
3 8949 8951 8881 
3 8882 8881 8951 
3 8951 8952 8882 
3 8883 8953 8822 
3 8884 8882 8952 
3 8954 8953 8883 
3 8883 8886 8954 
3 8885 8884 8955 
3 8956 8887 8885 
3 8885 8955 8956 
3 8889 8888 8954 
3 8888 8891 8954 
3 8886 8889 8954 
3 8956 8890 8887 
3 8890 8956 8957 
3 8829 8895 8958 
3 8829 8958 8891 
3 8957 8892 8890 
3 8957 8959 8892 
3 8892 8959 8960 
3 8893 8961 8894 
3 8961 8962 8894 
3 8958 8895 8894 
3 8894 8962 8958 
3 8960 8896 8892 
3 8897 8896 8960 
3 8960 8963 8897 
3 8963 8964 8897 
3 8898 8897 8964 
3 8964 8965 8898 
3 8893 8898 8965 
3 8831 8899 8966 
3 8966 8899 8832 
3 8967 8832 8833 
3 8833 8968 8967 
3 8968 8833 8900 
3 8900 8969 8968 
3 8901 8831 8970 
3 8966 8970 8831 
3 8969 8900 8902 
3 8902 8971 8969 
3 8972 8837 8838 
3 8838 8901 8972 
3 8971 8902 8903 
3 8973 8903 8904 
3 8837 8972 8905 
3 8904 8974 8973 
3 8974 8904 8906 
3 8905 8975 8907 
3 8906 8976 8974 
3 8908 8976 8906 
3 8977 8844 8907 
3 8907 8975 8977 
3 8908 8909 8978 
3 8977 8979 8844 
3 8909 8980 8978 
3 8980 8909 8846 
3 8979 8981 8844 
3 8980 8846 8910 
3 8911 8844 8981 
3 8981 8982 8911 
3 8911 8982 8983 
3 8984 8913 8851 
3 8851 8985 8984 
3 8985 8851 8852 
3 8852 8986 8985 
3 8986 8852 8914 
3 8914 8987 8986 
3 8914 8988 8987 
3 8911 8983 8915 
3 8912 8916 8989 
3 8913 8984 8990 
3 8990 8917 8913 
3 8988 8914 8918 
3 8991 8989 8916 
3 8916 8920 8991 
3 8917 8990 8921 
3 8920 8992 8991 
3 8993 8922 8921 
3 8921 8990 8993 
3 8992 8920 8923 
3 8923 8994 8992 
3 8925 8922 8993 
3 8995 8994 8923 
3 8923 8924 8995 
3 8926 8995 8924 
3 8927 8925 8993 
3 8993 8996 8927 
3 8930 8995 8926 
3 8926 8928 8930 
3 8929 8927 8996 
3 8929 8996 8997 
3 8931 8929 8997 
3 8997 8998 8931 
3 8932 8999 8930 
3 8998 9000 8931 
3 8999 8932 8933 
3 8934 8931 9000 
3 9000 9001 8934 
3 8999 8933 8935 
3 8935 9002 8999 
3 9002 8935 8936 
3 8937 8934 9001 
3 8938 8937 9001 
3 9001 9003 8938 
3 8939 9004 8936 
3 8940 8938 9003 
3 9003 9005 8940 
3 9005 9006 8940 
3 9007 8939 8869 
3 8941 8940 9006 
3 8941 9006 9008 
3 9007 8869 8873 
3 8873 9009 9007 
3 8873 9010 9009 
3 8941 9011 8942 
3 8873 8875 9010 
3 8875 8944 9010 
3 9011 9012 8942 
3 8943 8942 9012 
3 8943 9012 9013 
3 8877 9014 8944 
3 9013 8945 8943 
3 9013 9015 8945 
3 8877 9016 9014 
3 9015 9017 8945 
3 8877 8878 9016 
3 8946 8945 9017 
3 8878 9018 9016 
3 8947 8946 9017 
3 8947 9019 8880 
3 8948 9020 9018 
3 9018 8878 8948 
3 8949 8880 9019 
3 9019 9021 8949 
3 9020 8948 9022 
3 8948 8950 9022 
3 9021 9023 8949 
3 9023 9024 8949 
3 9025 9020 9022 
3 9022 9026 9025 
3 8950 8822 9026 
3 9026 9022 8950 
3 8951 8949 9024 
3 9024 9027 8951 
3 9028 9025 9026 
3 9026 8822 9028 
3 8952 8951 9027 
3 8953 9029 9028 
3 8822 8953 9028 
3 8884 8952 9027 
3 8884 9027 9030 
3 8884 9030 9031 
3 9032 9029 8953 
3 8884 9031 9033 
3 8954 9034 9032 
3 8953 8954 9032 
3 9033 8955 8884 
3 9035 8956 8955 
3 8955 9033 9035 
3 8956 9035 9036 
3 9037 9034 8891 
3 9034 8954 8891 
3 9036 8957 8956 
3 8957 9036 9038 
3 8962 9039 9040 
3 8958 8962 9040 
3 9040 9041 8958 
3 9037 8891 8958 
3 8958 9041 9037 
3 9038 8959 8957 
3 8959 9042 8960 
3 8963 8960 9042 
3 8964 9043 8965 
3 9043 8961 8893 
3 8893 8965 9043 
3 8961 9039 8962 
3 8966 8832 9044 
3 9044 8832 8967 
3 9045 8901 8970 
3 9044 8970 8966 
3 9046 8969 8971 
3 8971 9047 9046 
3 9048 8972 8901 
3 9045 9048 8901 
3 9047 8971 8903 
3 8903 9049 9047 
3 9049 8903 8973 
3 8972 9048 8905 
3 8973 9050 9049 
3 9050 8973 8974 
3 8974 9051 9050 
3 8974 8976 9051 
3 9051 8976 8908 
3 8908 9052 9051 
3 9052 8908 8978 
3 8979 8977 9053 
3 8975 9053 8977 
3 8978 9054 9052 
3 9055 8978 8980 
3 9055 9054 8978 
3 8979 9053 8981 
3 8980 9056 9055 
3 8980 8910 9056 
3 8910 9057 9056 
3 8910 8912 9057 
3 8982 9058 8983 
3 8984 8985 9059 
3 9059 8985 8986 
3 8986 9060 9059 
3 9060 8986 8987 
3 8987 9061 9060 
3 8987 8988 9062 
3 9062 9061 8987 
3 8915 8983 9058 
3 9058 9063 8915 
3 8912 8989 9064 
3 9065 8990 8984 
3 8984 9059 9065 
3 8988 8918 9066 
3 9066 9062 8988 
3 9066 8918 8919 
3 8919 9067 9066 
3 9067 8919 8915 
3 8915 9063 9067 
3 8989 8991 9064 
3 8990 9065 9068 
3 9069 9064 8991 
3 8991 8992 9069 
3 9070 8993 9068 
3 8990 9068 8993 
3 8992 8994 9069 
3 9069 8994 8995 
3 8996 8993 9070 
3 9070 9071 8996 
3 8930 9069 8995 
3 9071 9072 8997 
3 9071 8997 8996 
3 8998 8997 9072 
3 9072 9073 8998 
3 9000 8998 9073 
3 9001 9000 9073 
3 9073 9074 9001 
3 9074 9073 9075 
3 8936 9076 9002 
3 9003 9001 9074 
3 9074 9077 9003 
3 8936 9078 9076 
3 9079 9003 9077 
3 9078 8936 9004 
3 9005 9003 9079 
3 9080 9078 9004 
3 9004 8939 9080 
3 9079 9081 9005 
3 9080 8939 9007 
3 9006 9005 9081 
3 9081 9082 9006 
3 9082 9083 9008 
3 9008 9006 9082 
3 9009 9084 9080 
3 9080 9007 9009 
3 9083 8941 9008 
3 9084 9009 9010 
3 9011 8941 9083 
3 9085 9010 8944 
3 9012 9011 9086 
3 9012 9086 9087 
3 9087 9013 9012 
3 9087 9015 9013 
3 9088 8944 9014 
3 9018 9089 9090 
3 9018 9090 9016 
3 9017 9091 9019 
3 9019 8947 9017 
3 9018 9020 9089 
3 9091 9023 9021 
3 9091 9021 9019 
3 9023 9091 9092 
3 9024 9092 9093 
3 9092 9024 9023 
3 9025 9094 9089 
3 9089 9020 9025 
3 9027 9093 9095 
3 9093 9027 9024 
3 9028 9029 9094 
3 9094 9025 9028 
3 9027 9095 9096 
3 9027 9096 9097 
3 9097 9030 9027 
3 9030 9097 9031 
3 9032 9098 9099 
3 9032 9099 9029 
3 9033 9031 9100 
3 9032 9034 9098 
3 9100 9035 9033 
3 9101 9036 9035 
3 9035 9100 9101 
3 9102 9103 9037 
3 9034 9037 9098 
3 9037 9103 9098 
3 9104 9038 9036 
3 9036 9101 9104 
3 9105 9038 9104 
3 9106 9102 9040 
3 9040 9039 9106 
3 9041 9040 9102 
3 9037 9041 9102 
3 9038 9105 8959 
3 9105 9042 8959 
3 8964 8963 9042 
3 9042 9107 8964 
3 9043 8964 9107 
3 9107 9108 9043 
3 8961 9043 9108 
3 9108 9109 8961 
3 9109 9106 8961 
3 9039 8961 9106 
3 9110 9044 8967 
3 8967 9111 9110 
3 8967 9112 9111 
3 9112 8967 8968 
3 8968 9113 9112 
3 9113 8968 8969 
3 9046 9113 8969 
3 9045 8970 9114 
3 9114 8970 9044 
3 9044 9110 9114 
3 9115 9116 9045 
3 9116 9048 9045 
3 9045 9114 9115 
3 9049 9117 9047 
3 8905 9048 9118 
3 9116 9118 9048 
3 9049 9050 9117 
3 9118 9119 8905 
3 9119 8975 8905 
3 9119 9120 8975 
3 9051 9121 9050 
3 9051 9052 9121 
3 9120 9053 8975 
3 9121 9122 9123 
3 9052 9054 9122 
3 9122 9121 9052 
3 9055 9122 9054 
3 9120 9124 9053 
3 9124 8981 9053 
3 9125 9123 9122 
3 9122 9126 9125 
3 9055 9056 9126 
3 9126 9122 9055 
3 8982 8981 9124 
3 9124 9127 8982 
3 9126 9128 9125 
3 9126 9057 9128 
3 9057 9126 9056 
3 9058 8982 9127 
3 9127 9129 9058 
3 9057 8912 9128 
3 9063 9058 9129 
3 9064 9128 8912 
3 9059 9130 9065 
3 9130 9059 9131 
3 9059 9060 9131 
3 9131 9060 9061 
3 9061 9132 9131 
3 9132 9061 9062 
3 9062 9133 9132 
3 9062 9134 9133 
3 9062 9066 9134 
3 9134 9066 9067 
3 9067 9135 9134 
3 9135 9067 9063 
3 9128 9064 9136 
3 9130 9137 9068 
3 9068 9065 9130 
3 9064 9138 9136 
3 9064 9069 9138 
3 9137 9070 9068 
3 9070 9137 9139 
3 9071 9070 9139 
3 9139 9140 9071 
3 9069 8930 8999 
3 8999 9141 9069 
3 9140 9142 9072 
3 9140 9072 9071 
3 9143 9141 8999 
3 9073 9072 9142 
3 9142 9075 9073 
3 8999 9144 9143 
3 9144 8999 9002 
3 9075 9145 9074 
3 9144 9002 9076 
3 9077 9074 9145 
3 9076 9078 9144 
3 9077 9081 9079 
3 9081 9077 9145 
3 9146 9082 9081 
3 9080 9084 9078 
3 9083 9082 9146 
3 9147 9084 9010 
3 9148 9011 9083 
3 9147 9010 9085 
3 9086 9011 9148 
3 9086 9148 9149 
3 8944 9088 9085 
3 9149 9087 9086 
3 9149 9150 9087 
3 9015 9087 9150 
3 9150 9151 9015 
3 9088 9014 9152 
3 9152 9014 9016 
3 9016 9153 9152 
3 9017 9015 9151 
3 9016 9154 9153 
3 9017 9151 9155 
3 9156 9090 9089 
3 9156 9016 9090 
3 9155 9091 9017 
3 9091 9157 9158 
3 9091 9155 9157 
3 9158 9093 9092 
3 9092 9091 9158 
3 9089 9094 9159 
3 9160 9095 9093 
3 9161 9162 9095 
3 9095 9160 9161 
3 9029 9163 9164 
3 9164 9159 9094 
3 9094 9029 9164 
3 9162 9096 9095 
3 9097 9162 9165 
3 9162 9097 9096 
3 9165 9031 9097 
3 9031 9166 9100 
3 9031 9165 9166 
3 9163 9098 9167 
3 9098 9163 9099 
3 9029 9099 9163 
3 9100 9166 9168 
3 9168 9101 9100 
3 9101 9168 9169 
3 9101 9169 9104 
3 9170 9171 9102 
3 9171 9103 9102 
3 9105 9104 9172 
3 9105 9172 9173 
3 9042 9105 9173 
3 9174 9042 9173 
3 9109 9108 9175 
3 9175 9176 9109 
3 9106 9109 9176 
3 9102 9106 9170 
3 9106 9176 9170 
3 9107 9042 9174 
3 9174 9175 9107 
3 9108 9107 9175 
3 9110 9111 9177 
3 9177 9178 9110 
3 9177 9111 9112 
3 9112 9179 9177 
3 9179 9112 9113 
3 9180 9179 9113 
3 9046 9180 9113 
3 9178 9181 9114 
3 9178 9114 9110 
3 9046 9182 9180 
3 9182 9046 9047 
3 9183 9116 9115 
3 9181 9183 9114 
3 9183 9115 9114 
3 9047 9184 9182 
3 9184 9047 9117 
3 9183 9185 9116 
3 9185 9118 9116 
3 9117 9186 9184 
3 9117 9050 9186 
3 9119 9118 9187 
3 9185 9187 9118 
3 9188 9186 9050 
3 9189 9120 9119 
3 9119 9187 9189 
3 9050 9190 9188 
3 9050 9121 9190 
3 9121 9191 9190 
3 9191 9121 9123 
3 9124 9120 9189 
3 9123 9192 9191 
3 9192 9123 9125 
3 9124 9189 9193 
3 9193 9127 9124 
3 9194 9192 9125 
3 9125 9128 9194 
3 9193 9129 9127 
3 9128 9195 9194 
3 9063 9129 9193 
3 9193 9196 9063 
3 9128 9197 9195 
3 9133 9198 9132 
3 9198 9133 9134 
3 9134 9199 9198 
3 9134 9135 9200 
3 9200 9199 9134 
3 9200 9135 9063 
3 9063 9196 9200 
3 9201 9197 9128 
3 9128 9136 9201 
3 9202 9137 9130 
3 9202 9130 9131 
3 9202 9131 9203 
3 9131 9132 9203 
3 9203 9132 9198 
3 9198 9199 9203 
3 9136 9138 9201 
3 9202 9204 9137 
3 9204 9202 9203 
3 9201 9138 9069 
3 9069 9205 9201 
3 9137 9206 9139 
3 9206 9137 9204 
3 9069 9207 9205 
3 9206 9208 9139 
3 9140 9139 9208 
3 9208 9209 9140 
3 9207 9069 9210 
3 9141 9210 9069 
3 9209 9142 9140 
3 9208 9211 9209 
3 9210 9141 9143 
3 9075 9142 9209 
3 9075 9209 9211 
3 9210 9143 9212 
3 9144 9212 9143 
3 9211 9145 9075 
3 9144 9078 9213 
3 9081 9145 9214 
3 9081 9214 9215 
3 9078 9216 9213 
3 9146 9081 9215 
3 9078 9217 9216 
3 9217 9078 9084 
3 9084 9218 9217 
3 9083 9146 9215 
3 9215 9219 9083 
3 9218 9084 9147 
3 9148 9083 9219 
3 9219 9220 9148 
3 9221 9147 9085 
3 9085 9222 9221 
3 9223 9148 9220 
3 9223 9149 9148 
3 9223 9224 9149 
3 9222 9085 9088 
3 9224 9150 9149 
3 9151 9150 9224 
3 9224 9225 9151 
3 9153 9226 9152 
3 9227 9152 9226 
3 9154 9016 9227 
3 9227 9226 9154 
3 9153 9154 9226 
3 9155 9151 9228 
3 9156 9229 9227 
3 9227 9016 9156 
3 9228 9157 9155 
3 9156 9089 9229 
3 9228 9158 9157 
3 9228 9230 9158 
3 9093 9158 9230 
3 9093 9230 9231 
3 9231 9160 9093 
3 9160 9231 9232 
3 9089 9159 9233 
3 9232 9161 9160 
3 9232 9162 9161 
3 9163 9234 9233 
3 9163 9233 9164 
3 9159 9164 9233 
3 9232 9165 9162 
3 9165 9232 9235 
3 9236 9234 9163 
3 9235 9166 9165 
3 9166 9235 9237 
3 9166 9237 9238 
3 9103 9236 9239 
3 9167 9098 9239 
3 9239 9236 9167 
3 9163 9167 9236 
3 9238 9168 9166 
3 9168 9240 9169 
3 9168 9238 9240 
3 9169 9240 9241 
3 9103 9239 9098 
3 9241 9104 9169 
3 9104 9242 9172 
3 9104 9241 9242 
3 9243 9244 9176 
3 9245 9176 9244 
3 9245 9246 9171 
3 9171 9170 9245 
3 9103 9171 9246 
3 9247 9173 9172 
3 9172 9242 9247 
3 9174 9173 9247 
3 9247 9248 9174 
3 9175 9174 9248 
3 9248 9249 9175 
3 9249 9243 9175 
3 9176 9175 9243 
3 9170 9176 9245 
3 9250 9177 9179 
3 9181 9178 9251 
3 9178 9252 9251 
3 9178 9177 9250 
3 9250 9252 9178 
3 9179 9253 9250 
3 9253 9179 9180 
3 9180 9254 9253 
3 9254 9180 9182 
3 9182 9255 9254 
3 9181 9251 9183 
3 9256 9182 9184 
3 9184 9186 9256 
3 9257 9256 9186 
3 9185 9258 9187 
3 9259 9257 9186 
3 9188 9259 9186 
3 9189 9187 9258 
3 9258 9260 9189 
3 9188 9261 9259 
3 9262 9188 9190 
3 9262 9261 9188 
3 9190 9263 9262 
3 9190 9264 9263 
3 9190 9191 9264 
3 9260 9265 9189 
3 9264 9266 9263 
3 9264 9192 9266 
3 9192 9264 9191 
3 9193 9189 9265 
3 9265 9267 9193 
3 9266 9192 9268 
3 9194 9268 9192 
3 9194 9195 9269 
3 9269 9268 9194 
3 9270 9196 9193 
3 9193 9267 9270 
3 9197 9269 9195 
3 9196 9271 9200 
3 9196 9270 9271 
3 9269 9197 9272 
3 9201 9272 9197 
3 9199 9273 9203 
3 9200 9274 9273 
3 9273 9199 9200 
3 9274 9200 9271 
3 9272 9201 9275 
3 9204 9203 9273 
3 9273 9276 9204 
3 9276 9273 9274 
3 9275 9201 9277 
3 9205 9277 9201 
3 9204 9278 9206 
3 9278 9204 9276 
3 9277 9207 9279 
3 9207 9277 9205 
3 9208 9206 9278 
3 9207 9280 9279 
3 9278 9281 9208 
3 9280 9207 9210 
3 9211 9208 9281 
3 9280 9210 9212 
3 9144 9282 9212 
3 9283 9284 9145 
3 9145 9211 9283 
3 9284 9285 9145 
3 9282 9144 9286 
3 9286 9287 9282 
3 9213 9286 9144 
3 9288 9214 9285 
3 9145 9285 9214 
3 9213 9287 9286 
3 9214 9289 9215 
3 9290 9287 9213 
3 9213 9216 9290 
3 9290 9216 9217 
3 9290 9217 9218 
3 9218 9291 9290 
3 9219 9215 9292 
3 9291 9218 9147 
3 9292 9293 9219 
3 9291 9147 9221 
3 9294 9219 9293 
3 9221 9222 9291 
3 9220 9219 9294 
3 9294 9295 9220 
3 9295 9223 9220 
3 9224 9223 9295 
3 9222 9088 9296 
3 9295 9297 9224 
3 9297 9225 9224 
3 9152 9298 9296 
3 9088 9152 9296 
3 9225 9299 9151 
3 9152 9227 9298 
3 9299 9228 9151 
3 9228 9299 9300 
3 9229 9301 9298 
3 9298 9227 9229 
3 9089 9302 9301 
3 9229 9089 9301 
3 9230 9228 9300 
3 9303 9230 9300 
3 9230 9303 9231 
3 9304 9231 9303 
3 9089 9233 9302 
3 9231 9304 9232 
3 9232 9304 9305 
3 9235 9305 9306 
3 9305 9235 9232 
3 9235 9306 9237 
3 9238 9306 9307 
3 9306 9238 9237 
3 9308 9238 9307 
3 9309 9310 9103 
3 9236 9103 9310 
3 9238 9308 9240 
3 9241 9308 9311 
3 9308 9241 9240 
3 9312 9241 9311 
3 9245 9309 9246 
3 9103 9246 9309 
3 9241 9312 9242 
3 9242 9313 9247 
3 9242 9312 9313 
3 9248 9247 9313 
3 9313 9314 9248 
3 9249 9248 9314 
3 9314 9315 9249 
3 9243 9249 9315 
3 9315 9316 9243 
3 9316 9244 9243 
3 9251 9252 9317 
3 9317 9252 9250 
3 9250 9318 9317 
3 9318 9250 9253 
3 9253 9319 9318 
3 9319 9253 9254 
3 9254 9320 9319 
3 9320 9254 9255 
3 9321 9183 9251 
3 9255 9322 9320 
3 9255 9323 9322 
3 9255 9182 9323 
3 9323 9182 9256 
3 9185 9183 9324 
3 9324 9325 9185 
3 9321 9324 9183 
3 9256 9326 9323 
3 9327 9326 9256 
3 9257 9327 9256 
3 9325 9258 9185 
3 9257 9328 9327 
3 9328 9257 9259 
3 9325 9329 9258 
3 9329 9260 9258 
3 9259 9261 9328 
3 9262 9330 9261 
3 9262 9263 9330 
3 9265 9260 9329 
3 9263 9266 9330 
3 9330 9266 9331 
3 9268 9331 9266 
3 9331 9269 9332 
3 9269 9331 9268 
3 9332 9269 9333 
3 9334 9271 9270 
3 9270 9267 9334 
3 9333 9269 9272 
3 9272 9335 9333 
3 9272 9275 9335 
3 9336 9276 9274 
3 9271 9337 9336 
3 9336 9274 9271 
3 9337 9271 9334 
3 9335 9275 9277 
3 9277 9338 9335 
3 9339 9278 9276 
3 9339 9276 9336 
3 9339 9336 9337 
3 9277 9279 9338 
3 9338 9279 9340 
3 9280 9340 9279 
3 9339 9341 9278 
3 9339 9342 9341 
3 9281 9278 9341 
3 9341 9342 9281 
3 9340 9280 9212 
3 9281 9343 9211 
3 9343 9281 9342 
3 9342 9344 9343 
3 9345 9340 9212 
3 9283 9211 9343 
3 9343 9284 9283 
3 9284 9343 9344 
3 9345 9212 9282 
3 9282 9346 9345 
3 9347 9284 9344 
3 9285 9284 9347 
3 9348 9285 9347 
3 9346 9282 9349 
3 9287 9349 9282 
3 9350 9288 9348 
3 9285 9348 9288 
3 9288 9289 9214 
3 9289 9288 9350 
3 9290 9351 9287 
3 9290 9352 9351 
3 9292 9215 9289 
3 9289 9293 9292 
3 9352 9290 9291 
3 9291 9353 9352 
3 9291 9354 9353 
3 9222 9354 9291 
3 9295 9294 9293 
3 9293 9355 9295 
3 9297 9355 9356 
3 9355 9297 9295 
3 9357 9296 9298 
3 9225 9297 9356 
3 9356 9358 9225 
3 9225 9358 9359 
3 9299 9225 9359 
3 9359 9360 9299 
3 9360 9300 9299 
3 9300 9360 9361 
3 9298 9301 9362 
3 9301 9302 9362 
3 9361 9303 9300 
3 9303 9361 9363 
3 9364 9362 9302 
3 9363 9304 9303 
3 9365 9305 9304 
3 9304 9363 9365 
3 9305 9365 9366 
3 9367 9368 9364 
3 9302 9367 9364 
3 9367 9302 9233 
3 9305 9366 9369 
3 9234 9370 9368 
3 9367 9234 9368 
3 9234 9367 9233 
3 9369 9306 9305 
3 9371 9306 9369 
3 9372 9370 9236 
3 9234 9236 9370 
3 9373 9307 9306 
3 9306 9371 9373 
3 9374 9307 9373 
3 9375 9376 9310 
3 9376 9377 9310 
3 9236 9310 9372 
3 9310 9377 9372 
3 9307 9374 9308 
3 9374 9311 9308 
3 9312 9311 9374 
3 9374 9378 9312 
3 9379 9375 9309 
3 9310 9309 9375 
3 9313 9312 9378 
3 9378 9380 9313 
3 9314 9313 9380 
3 9380 9381 9314 
3 9315 9314 9381 
3 9381 9382 9315 
3 9316 9315 9382 
3 9379 9316 9382 
3 9245 9244 9379 
3 9309 9245 9379 
3 9316 9379 9244 
3 9383 9317 9318 
3 9318 9384 9383 
3 9318 9385 9384 
3 9385 9318 9319 
3 9319 9386 9385 
3 9319 9387 9386 
3 9387 9319 9320 
3 9321 9251 9388 
3 9388 9389 9321 
3 9251 9390 9388 
3 9383 9390 9317 
3 9390 9251 9317 
3 9320 9322 9387 
3 9324 9321 9391 
3 9323 9392 9322 
3 9323 9326 9392 
3 9327 9392 9326 
3 9325 9324 9393 
3 9394 9392 9327 
3 9394 9327 9328 
3 9329 9325 9395 
3 9395 9396 9329 
3 9393 9395 9325 
3 9394 9328 9397 
3 9261 9397 9328 
3 9397 9261 9398 
3 9330 9398 9261 
3 9329 9396 9399 
3 9399 9265 9329 
3 9398 9330 9400 
3 9399 9401 9265 
3 9401 9267 9265 
3 9330 9402 9400 
3 9330 9403 9402 
3 9331 9403 9330 
3 9402 9403 9404 
3 9332 9404 9403 
3 9403 9331 9332 
3 9404 9332 9405 
3 9334 9267 9401 
3 9401 9406 9334 
3 9332 9407 9405 
3 9332 9333 9407 
3 9334 9406 9408 
3 9407 9333 9335 
3 9337 9334 9408 
3 9408 9409 9337 
3 9338 9410 9335 
3 9411 9337 9409 
3 9409 9408 9411 
3 9338 9412 9410 
3 9337 9413 9339 
3 9413 9337 9411 
3 9340 9412 9338 
3 9414 9342 9339 
3 9413 9415 9414 
3 9414 9339 9413 
3 9342 9414 9415 
3 9342 9416 9344 
3 9416 9342 9415 
3 9415 9417 9416 
3 9412 9345 9418 
3 9345 9412 9340 
3 9416 9419 9344 
3 9419 9416 9417 
3 9418 9345 9346 
3 9344 9420 9347 
3 9420 9344 9419 
3 9346 9421 9418 
3 9422 9347 9420 
3 9348 9347 9422 
3 9422 9423 9348 
3 9346 9424 9421 
3 9346 9349 9424 
3 9423 9425 9348 
3 9425 9350 9348 
3 9426 9424 9349 
3 9349 9287 9426 
3 9289 9350 9425 
3 9289 9425 9423 
3 9423 9427 9289 
3 9426 9287 9351 
3 9428 9289 9427 
3 9352 9353 9351 
3 9293 9289 9428 
3 9355 9293 9429 
3 9430 9431 9432 
3 9432 9354 9222 
3 9222 9430 9432 
3 9431 9430 9433 
3 9433 9434 9431 
3 9430 9222 9296 
3 9296 9433 9430 
3 9434 9433 9357 
3 9357 9435 9434 
3 9433 9296 9357 
3 9356 9429 9436 
3 9356 9355 9429 
3 9435 9357 9298 
3 9358 9356 9436 
3 9298 9437 9435 
3 9436 9359 9358 
3 9359 9436 9438 
3 9439 9437 9298 
3 9360 9359 9438 
3 9440 9360 9438 
3 9360 9440 9361 
3 9441 9361 9440 
3 9362 9442 9439 
3 9298 9362 9439 
3 9441 9363 9361 
3 9363 9443 9444 
3 9363 9441 9443 
3 9445 9444 9443 
3 9364 9446 9447 
3 9442 9364 9447 
3 9362 9364 9442 
3 9444 9365 9363 
3 9365 9445 9366 
3 9365 9444 9445 
3 9448 9366 9445 
3 9364 9368 9446 
3 9366 9448 9369 
3 9449 9369 9448 
3 9446 9370 9450 
3 9370 9446 9368 
3 9369 9449 9371 
3 9371 9449 9451 
3 9451 9373 9371 
3 9450 9377 9376 
3 9377 9450 9372 
3 9370 9372 9450 
3 9373 9451 9374 
3 9374 9451 9452 
3 9453 9454 9455 
3 9375 9453 9455 
3 9455 9376 9375 
3 9378 9374 9452 
3 9452 9456 9378 
3 9378 9456 9457 
3 9380 9378 9457 
3 9457 9458 9380 
3 9381 9380 9458 
3 9458 9459 9381 
3 9382 9381 9459 
3 9459 9460 9382 
3 9379 9382 9460 
3 9460 9461 9379 
3 9461 9454 9453 
3 9453 9379 9461 
3 9375 9379 9453 
3 9384 9462 9383 
3 9384 9385 9462 
3 9385 9463 9462 
3 9463 9385 9386 
3 9463 9386 9387 
3 9390 9464 9388 
3 9464 9389 9388 
3 9462 9390 9383 
3 9387 9465 9463 
3 9465 9387 9322 
3 9391 9321 9464 
3 9464 9466 9391 
3 9464 9321 9389 
3 9322 9467 9465 
3 9322 9392 9467 
3 9393 9324 9468 
3 9466 9468 9391 
3 9468 9324 9391 
3 9392 9469 9467 
3 9392 9394 9469 
3 9470 9396 9395 
3 9395 9393 9470 
3 9468 9470 9393 
3 9394 9471 9469 
3 9396 9470 9472 
3 9471 9394 9473 
3 9474 9473 9394 
3 9394 9397 9474 
3 9398 9474 9397 
3 9472 9475 9396 
3 9475 9399 9396 
3 9473 9474 9476 
3 9400 9476 9474 
3 9474 9398 9400 
3 9401 9399 9475 
3 9475 9477 9401 
3 9476 9400 9478 
3 9402 9478 9400 
3 9477 9479 9401 
3 9480 9478 9402 
3 9402 9481 9480 
3 9404 9481 9402 
3 9405 9481 9404 
3 9406 9401 9479 
3 9479 9482 9406 
3 9481 9405 9407 
3 9408 9406 9482 
3 9481 9407 9483 
3 9335 9483 9407 
3 9484 9408 9482 
3 9483 9335 9485 
3 9410 9485 9335 
3 9484 9486 9411 
3 9411 9408 9484 
3 9484 9487 9486 
3 9483 9485 9488 
3 9485 9410 9412 
3 9412 9488 9485 
3 9486 9489 9413 
3 9413 9411 9486 
3 9412 9490 9488 
3 9413 9491 9415 
3 9491 9413 9489 
3 9492 9415 9491 
3 9415 9493 9417 
3 9493 9415 9492 
3 9418 9494 9490 
3 9490 9412 9418 
3 9419 9417 9493 
3 9493 9495 9419 
3 9494 9418 9496 
3 9497 9420 9419 
3 9498 9497 9495 
3 9419 9495 9497 
3 9496 9421 9499 
3 9496 9418 9421 
3 9497 9500 9422 
3 9422 9420 9497 
3 9500 9497 9498 
3 9499 9421 9501 
3 9501 9502 9499 
3 9422 9500 9423 
3 9424 9502 9501 
3 9501 9421 9424 
3 9502 9424 9426 
3 9427 9423 9500 
3 9500 9503 9427 
3 9502 9426 9351 
3 9503 9504 9427 
3 9428 9427 9504 
3 9504 9505 9428 
3 9353 9506 9351 
3 9428 9507 9293 
3 9507 9428 9505 
3 9508 9506 9353 
3 9353 9354 9508 
3 9509 9293 9507 
3 9354 9510 9508 
3 9429 9293 9509 
3 9510 9354 9432 
3 9509 9511 9429 
3 9432 9431 9510 
3 9511 9512 9429 
3 9434 9513 9510 
3 9510 9431 9434 
3 9512 9436 9429 
3 9434 9435 9513 
3 9435 9514 9513 
3 9515 9438 9436 
3 9436 9512 9515 
3 9514 9435 9437 
3 9437 9516 9514 
3 9438 9515 9440 
3 9517 9440 9515 
3 9437 9439 9516 
3 9517 9518 9440 
3 9518 9519 9441 
3 9441 9440 9518 
3 9520 9442 9521 
3 9442 9520 9439 
3 9519 9443 9441 
3 9443 9519 9522 
3 9521 9447 9523 
3 9447 9521 9442 
3 9522 9445 9443 
3 9445 9522 9448 
3 9523 9446 9524 
3 9446 9523 9447 
3 9448 9522 9449 
3 9525 9449 9522 
3 9524 9526 9527 
3 9526 9524 9446 
3 9449 9525 9451 
3 9525 9528 9451 
3 9529 9451 9528 
3 9530 9527 9531 
3 9527 9450 9531 
3 9450 9527 9526 
3 9446 9450 9526 
3 9532 9452 9451 
3 9451 9529 9532 
3 9456 9532 9529 
3 9529 9533 9456 
3 9534 9456 9533 
3 9533 9535 9534 
3 9536 9534 9535 
3 9537 9538 9539 
3 9376 9539 9538 
3 9538 9530 9376 
3 9376 9530 9531 
3 9531 9450 9376 
3 9456 9452 9532 
3 9456 9534 9457 
3 9457 9534 9536 
3 9536 9458 9457 
3 9536 9540 9458 
3 9459 9458 9540 
3 9540 9541 9459 
3 9460 9459 9541 
3 9541 9542 9460 
3 9461 9460 9542 
3 9537 9461 9542 
3 9537 9543 9461 
3 9543 9537 9539 
3 9539 9455 9543 
3 9455 9454 9543 
3 9376 9455 9539 
3 9454 9461 9543 
3 9544 9390 9462 
3 9545 9544 9462 
3 9546 9545 9462 
3 9546 9462 9463 
3 9463 9547 9546 
3 9547 9463 9465 
3 9464 9390 9548 
3 9548 9390 9544 
3 9465 9549 9547 
3 9550 9549 9465 
3 9550 9465 9467 
3 9466 9551 9468 
3 9552 9551 9464 
3 9466 9464 9551 
3 9552 9464 9548 
3 9550 9553 9549 
3 9550 9467 9553 
3 9469 9553 9467 
3 9554 9470 9468 
3 9554 9468 9551 
3 9555 9553 9469 
3 9469 9471 9555 
3 9556 9472 9470 
3 9470 9554 9556 
3 9473 9557 9471 
3 9558 9475 9472 
3 9472 9556 9558 
3 9555 9471 9559 
3 9559 9471 9557 
3 9557 9560 9559 
3 9476 9560 9557 
3 9557 9473 9476 
3 9561 9477 9475 
3 9561 9475 9558 
3 9559 9560 9562 
3 9562 9560 9476 
3 9476 9478 9562 
3 9479 9477 9561 
3 9563 9559 9562 
3 9562 9478 9563 
3 9561 9564 9479 
3 9563 9478 9565 
3 9480 9565 9478 
3 9482 9479 9564 
3 9565 9480 9566 
3 9481 9566 9480 
3 9483 9566 9481 
3 9482 9567 9484 
3 9567 9482 9564 
3 9566 9483 9568 
3 9487 9484 9567 
3 9568 9483 9488 
3 9567 9569 9489 
3 9489 9487 9567 
3 9489 9486 9487 
3 9568 9488 9570 
3 9490 9570 9488 
3 9489 9571 9491 
3 9571 9489 9569 
3 9490 9572 9570 
3 9492 9491 9571 
3 9492 9571 9493 
3 9572 9490 9573 
3 9494 9573 9490 
3 9495 9493 9571 
3 9573 9494 9496 
3 9496 9574 9573 
3 9571 9575 9498 
3 9498 9495 9571 
3 9574 9499 9576 
3 9499 9574 9496 
3 9498 9577 9500 
3 9577 9498 9575 
3 9576 9499 9578 
3 9502 9578 9499 
3 9575 9579 9577 
3 9502 9580 9578 
3 9577 9581 9500 
3 9581 9577 9579 
3 9580 9502 9582 
3 9500 9583 9503 
3 9583 9500 9581 
3 9582 9502 9351 
3 9351 9584 9582 
3 9583 9585 9503 
3 9584 9351 9586 
3 9504 9503 9585 
3 9586 9351 9506 
3 9505 9504 9585 
3 9585 9587 9505 
3 9507 9505 9587 
3 9587 9588 9507 
3 9587 9589 9588 
3 9590 9506 9508 
3 9509 9507 9588 
3 9509 9588 9589 
3 9591 9590 9508 
3 9508 9510 9591 
3 9592 9593 9509 
3 9509 9589 9592 
3 9511 9509 9593 
3 9511 9593 9592 
3 9592 9594 9511 
3 9595 9591 9510 
3 9511 9594 9512 
3 9596 9512 9594 
3 9513 9597 9595 
3 9595 9510 9513 
3 9596 9598 9512 
3 9514 9599 9597 
3 9513 9514 9597 
3 9514 9600 9599 
3 9515 9598 9601 
3 9515 9512 9598 
3 9602 9601 9598 
3 9514 9516 9600 
3 9601 9517 9515 
3 9517 9602 9518 
3 9517 9601 9602 
3 9603 9518 9602 
3 9600 9604 9605 
3 9600 9606 9604 
3 9606 9600 9516 
3 9516 9439 9606 
3 9607 9518 9603 
3 9608 9605 9604 
3 9604 9520 9608 
3 9520 9604 9606 
3 9439 9520 9606 
3 9519 9607 9522 
3 9519 9518 9607 
3 9608 9521 9609 
3 9521 9608 9520 
3 9521 9523 9609 
3 9522 9607 9610 
3 9607 9611 9610 
3 9612 9610 9611 
3 9613 9609 9527 
3 9609 9524 9527 
3 9523 9524 9609 
3 9610 9525 9522 
3 9525 9610 9528 
3 9528 9610 9612 
3 9614 9528 9612 
3 9613 9527 9615 
3 9529 9614 9533 
3 9529 9528 9614 
3 9533 9614 9616 
3 9616 9535 9533 
3 9617 9535 9616 
3 9537 9618 9619 
3 9619 9620 9537 
3 9621 9537 9620 
3 9615 9621 9620 
3 9615 9530 9621 
3 9527 9530 9615 
3 9535 9617 9536 
3 9536 9617 9540 
3 9540 9617 9622 
3 9622 9541 9540 
3 9541 9622 9618 
3 9618 9542 9541 
3 9542 9618 9537 
3 9537 9621 9538 
3 9530 9538 9621 
3 9544 9623 9548 
3 9545 9624 9623 
3 9623 9544 9545 
3 9624 9545 9546 
3 9624 9546 9547 
3 9547 9625 9624 
3 9625 9547 9549 
3 9548 9626 9552 
3 9626 9548 9623 
3 9625 9627 9624 
3 9628 9627 9625 
3 9628 9625 9549 
3 9553 9628 9549 
3 9551 9629 9554 
3 9629 9551 9552 
3 9629 9552 9626 
3 9628 9553 9630 
3 9553 9631 9630 
3 9555 9631 9553 
3 9556 9554 9632 
3 9554 9629 9632 
3 9633 9630 9631 
3 9631 9634 9633 
3 9555 9634 9631 
3 9635 9558 9556 
3 9635 9556 9636 
3 9556 9632 9636 
3 9633 9637 9638 
3 9633 9634 9637 
3 9637 9634 9555 
3 9559 9637 9555 
3 9561 9558 9635 
3 9635 9639 9561 
3 9639 9635 9636 
3 9637 9559 9638 
3 9561 9639 9640 
3 9561 9640 9564 
3 9638 9559 9641 
3 9641 9559 9563 
3 9640 9642 9564 
3 9641 9563 9643 
3 9563 9565 9644 
3 9566 9644 9565 
3 9643 9645 9641 
3 9643 9563 9644 
3 9644 9646 9643 
3 9566 9646 9644 
3 9567 9564 9642 
3 9642 9647 9567 
3 9643 9646 9645 
3 9566 9648 9646 
3 9568 9648 9566 
3 9649 9650 9646 
3 9646 9648 9649 
3 9649 9648 9568 
3 9568 9651 9649 
3 9569 9567 9647 
3 9647 9652 9569 
3 9649 9653 9654 
3 9649 9651 9653 
3 9570 9653 9651 
3 9651 9568 9570 
3 9653 9655 9654 
3 9572 9653 9570 
3 9569 9652 9571 
3 9655 9653 9656 
3 9572 9656 9653 
3 9652 9657 9571 
3 9656 9658 9659 
3 9656 9572 9658 
3 9573 9658 9572 
3 9660 9571 9657 
3 9658 9573 9574 
3 9571 9661 9575 
3 9661 9571 9660 
3 9659 9658 9662 
3 9663 9662 9658 
3 9658 9574 9663 
3 9576 9663 9574 
3 9661 9664 9575 
3 9664 9661 9660 
3 9663 9576 9578 
3 9579 9575 9665 
3 9575 9664 9665 
3 9662 9663 9666 
3 9663 9578 9580 
3 9580 9666 9663 
3 9581 9579 9665 
3 9666 9580 9667 
3 9582 9667 9580 
3 9665 9668 9581 
3 9666 9584 9669 
3 9666 9667 9584 
3 9667 9582 9584 
3 9585 9583 9581 
3 9581 9670 9585 
3 9670 9581 9668 
3 9586 9669 9584 
3 9586 9671 9669 
3 9671 9586 9506 
3 9587 9585 9670 
3 9670 9589 9587 
3 9671 9506 9590 
3 9590 9672 9671 
3 9673 9589 9674 
3 9591 9675 9672 
3 9672 9590 9591 
3 9592 9673 9676 
3 9592 9589 9673 
3 9673 9674 9676 
3 9594 9592 9676 
3 9676 9677 9594 
3 9676 9678 9677 
3 9591 9595 9675 
3 9596 9594 9677 
3 9679 9596 9677 
3 9677 9678 9679 
3 9680 9681 9675 
3 9680 9675 9595 
3 9595 9597 9680 
3 9598 9596 9679 
3 9682 9681 9680 
3 9680 9683 9682 
3 9683 9680 9597 
3 9597 9599 9683 
3 9598 9679 9684 
3 9684 9679 9685 
3 9686 9682 9683 
3 9683 9600 9686 
3 9683 9599 9600 
3 9602 9684 9687 
3 9602 9598 9684 
3 9688 9687 9684 
3 9684 9685 9688 
3 9687 9603 9602 
3 9603 9687 9688 
3 9686 9689 9690 
3 9689 9686 9600 
3 9600 9605 9689 
3 9688 9607 9603 
3 9607 9688 9691 
3 9692 9607 9691 
3 9691 9693 9692 
3 9692 9693 9694 
3 9690 9608 9695 
3 9608 9690 9689 
3 9605 9608 9689 
3 9696 9692 9694 
3 9695 9609 9697 
3 9609 9695 9608 
3 9607 9692 9611 
3 9611 9692 9696 
3 9698 9611 9696 
3 9696 9699 9698 
3 9700 9698 9699 
3 9699 9701 9700 
3 9697 9702 9703 
3 9697 9609 9702 
3 9612 9698 9614 
3 9612 9611 9698 
3 9614 9698 9700 
3 9700 9616 9614 
3 9704 9702 9705 
3 9702 9613 9705 
3 9609 9613 9702 
3 9700 9617 9616 
3 9700 9706 9617 
3 9707 9617 9706 
3 9706 9708 9707 
3 9709 9707 9708 
3 9710 9711 9709 
3 9711 9710 9704 
3 9704 9620 9711 
3 9620 9704 9705 
3 9705 9615 9620 
3 9613 9615 9705 
3 9622 9617 9707 
3 9707 9709 9622 
3 9618 9622 9709 
3 9619 9618 9709 
3 9709 9711 9619 
3 9620 9619 9711 
3 9712 9623 9624 
3 9624 9627 9712 
3 9626 9713 9629 
3 9713 9626 9623 
3 9623 9714 9713 
3 9714 9623 9712 
3 9712 9715 9714 
3 9627 9716 9712 
3 9627 9628 9716 
3 9716 9628 9630 
3 9629 9717 9632 
3 9717 9629 9713 
3 9717 9713 9718 
3 9718 9713 9714 
3 9712 9719 9715 
3 9720 9719 9712 
3 9712 9716 9720 
3 9716 9721 9720 
3 9721 9716 9630 
3 9630 9633 9721 
3 9632 9722 9636 
3 9722 9632 9717 
3 9717 9723 9722 
3 9639 9636 9722 
3 9722 9724 9639 
3 9724 9722 9723 
3 9723 9725 9724 
3 9723 9726 9725 
3 9727 9721 9633 
3 9727 9633 9638 
3 9639 9728 9640 
3 9728 9639 9724 
3 9724 9729 9728 
3 9729 9724 9725 
3 9725 9726 9730 
3 9731 9727 9638 
3 9729 9732 9728 
3 9729 9733 9732 
3 9733 9729 9725 
3 9733 9725 9730 
3 9730 9734 9733 
3 9734 9730 9735 
3 9727 9731 9736 
3 9642 9640 9728 
3 9728 9737 9642 
3 9737 9728 9732 
3 9733 9738 9732 
3 9738 9733 9734 
3 9734 9739 9738 
3 9731 9740 9736 
3 9731 9741 9740 
3 9731 9638 9741 
3 9741 9638 9641 
3 9732 9742 9737 
3 9742 9732 9738 
3 9738 9743 9742 
3 9743 9738 9739 
3 9641 9744 9741 
3 9641 9745 9744 
3 9645 9745 9641 
3 9647 9642 9737 
3 9742 9746 9737 
3 9742 9743 9746 
3 9645 9747 9745 
3 9646 9747 9645 
3 9737 9748 9647 
3 9737 9746 9748 
3 9745 9749 9744 
3 9745 9750 9749 
3 9745 9747 9750 
3 9750 9747 9646 
3 9652 9647 9748 
3 9750 9751 9749 
3 9750 9646 9650 
3 9650 9752 9750 
3 9654 9752 9650 
3 9650 9649 9654 
3 9753 9652 9748 
3 9748 9754 9753 
3 9750 9755 9751 
3 9752 9755 9750 
3 9654 9756 9752 
3 9655 9756 9654 
3 9757 9753 9754 
3 9752 9756 9758 
3 9656 9756 9655 
3 9652 9759 9657 
3 9759 9652 9753 
3 9753 9760 9759 
3 9760 9753 9757 
3 9756 9761 9758 
3 9756 9656 9659 
3 9759 9760 9660 
3 9660 9657 9759 
3 9761 9756 9762 
3 9762 9756 9659 
3 9763 9660 9760 
3 9760 9764 9763 
3 9762 9765 9761 
3 9762 9662 9765 
3 9762 9659 9662 
3 9664 9660 9763 
3 9766 9763 9764 
3 9765 9662 9767 
3 9763 9768 9664 
3 9768 9763 9766 
3 9769 9767 9662 
3 9662 9666 9769 
3 9664 9770 9665 
3 9770 9664 9768 
3 9769 9666 9771 
3 9668 9665 9770 
3 9769 9771 9772 
3 9669 9772 9771 
3 9771 9666 9669 
3 9668 9773 9670 
3 9774 9772 9669 
3 9669 9671 9774 
3 9773 9775 9670 
3 9775 9674 9670 
3 9671 9672 9774 
3 9674 9589 9670 
3 9775 9776 9674 
3 9777 9774 9672 
3 9674 9776 9778 
3 9672 9675 9777 
3 9676 9674 9779 
3 9779 9674 9778 
3 9780 9781 9777 
3 9780 9777 9675 
3 9678 9676 9779 
3 9678 9779 9778 
3 9782 9678 9778 
3 9783 9781 9780 
3 9780 9681 9783 
3 9681 9780 9675 
3 9679 9678 9782 
3 9682 9784 9783 
3 9682 9783 9681 
3 9782 9785 9679 
3 9786 9785 9782 
3 9782 9787 9786 
3 9788 9685 9679 
3 9679 9785 9788 
3 9788 9785 9786 
3 9789 9788 9786 
3 9790 9791 9784 
3 9790 9784 9682 
3 9682 9686 9790 
3 9792 9688 9685 
3 9685 9788 9792 
3 9792 9788 9789 
3 9793 9792 9789 
3 9793 9789 9794 
3 9795 9796 9791 
3 9790 9795 9791 
3 9792 9691 9688 
3 9691 9792 9693 
3 9693 9792 9793 
3 9793 9797 9693 
3 9793 9794 9797 
3 9797 9794 9798 
3 9795 9799 9796 
3 9799 9795 9790 
3 9790 9690 9799 
3 9686 9690 9790 
3 9693 9797 9694 
3 9797 9800 9694 
3 9798 9800 9797 
3 9690 9695 9799 
3 9694 9800 9696 
3 9696 9798 9699 
3 9696 9800 9798 
3 9699 9798 9801 
3 9801 9701 9699 
3 9801 9802 9701 
3 9803 9804 9805 
3 9806 9805 9804 
3 9806 9703 9805 
3 9703 9806 9796 
3 9703 9796 9799 
3 9799 9697 9703 
3 9695 9697 9799 
3 9701 9807 9700 
3 9807 9701 9802 
3 9807 9802 9808 
3 9704 9803 9805 
3 9805 9702 9704 
3 9702 9805 9703 
3 9700 9807 9706 
3 9807 9708 9706 
3 9708 9807 9808 
3 9708 9808 9809 
3 9809 9709 9708 
3 9709 9809 9803 
3 9803 9710 9709 
3 9704 9710 9803 
3 9723 9717 9718 
3 9723 9718 9714 
3 9714 9810 9723 
3 9810 9714 9715 
3 9715 9811 9810 
3 9811 9715 9719 
3 9812 9811 9719 
3 9719 9720 9812 
3 9721 9812 9720 
3 9726 9723 9810 
3 9726 9810 9811 
3 9811 9813 9726 
3 9813 9811 9812 
3 9812 9721 9814 
3 9727 9814 9721 
3 9730 9726 9735 
3 9735 9726 9813 
3 9813 9815 9735 
3 9813 9816 9815 
3 9816 9813 9812 
3 9812 9817 9816 
3 9817 9812 9814 
3 9814 9818 9817 
3 9727 9818 9814 
3 9735 9819 9734 
3 9819 9735 9815 
3 9818 9727 9736 
3 9739 9734 9819 
3 9815 9820 9819 
3 9820 9815 9816 
3 9820 9816 9817 
3 9817 9821 9820 
3 9821 9817 9818 
3 9818 9822 9821 
3 9822 9818 9736 
3 9736 9823 9822 
3 9740 9823 9736 
3 9824 9743 9739 
3 9819 9825 9824 
3 9824 9739 9819 
3 9825 9819 9820 
3 9820 9821 9825 
3 9740 9826 9823 
3 9741 9826 9740 
3 9743 9827 9746 
3 9827 9743 9824 
3 9827 9824 9825 
3 9825 9828 9827 
3 9828 9825 9821 
3 9821 9829 9828 
3 9829 9821 9822 
3 9822 9830 9829 
3 9830 9822 9823 
3 9830 9823 9826 
3 9744 9826 9741 
3 9746 9831 9748 
3 9831 9746 9827 
3 9829 9832 9828 
3 9832 9829 9830 
3 9830 9833 9832 
3 9833 9830 9826 
3 9826 9834 9833 
3 9834 9826 9744 
3 9744 9749 9834 
3 9827 9835 9831 
3 9835 9827 9828 
3 9834 9749 9836 
3 9749 9837 9836 
3 9749 9838 9837 
3 9751 9838 9749 
3 9754 9748 9831 
3 9831 9839 9754 
3 9839 9831 9835 
3 9836 9837 9840 
3 9840 9837 9838 
3 9838 9841 9840 
3 9841 9838 9751 
3 9751 9842 9841 
3 9843 9842 9751 
3 9751 9755 9843 
3 9752 9843 9755 
3 9757 9754 9839 
3 9841 9844 9840 
3 9841 9842 9844 
3 9843 9758 9842 
3 9843 9752 9758 
3 9842 9845 9844 
3 9842 9758 9845 
3 9758 9761 9845 
3 9760 9757 9839 
3 9839 9846 9760 
3 9845 9761 9847 
3 9760 9848 9764 
3 9848 9760 9846 
3 9761 9849 9847 
3 9765 9849 9761 
3 9766 9764 9848 
3 9846 9850 9848 
3 9765 9767 9849 
3 9766 9851 9768 
3 9851 9766 9848 
3 9851 9848 9850 
3 9852 9849 9767 
3 9769 9852 9767 
3 9768 9853 9770 
3 9853 9768 9851 
3 9854 9851 9850 
3 9851 9855 9853 
3 9855 9851 9854 
3 9772 9856 9852 
3 9772 9852 9769 
3 9770 9773 9668 
3 9773 9770 9853 
3 9773 9853 9855 
3 9855 9857 9773 
3 9775 9773 9857 
3 9856 9772 9858 
3 9858 9772 9774 
3 9857 9859 9775 
3 9858 9860 9856 
3 9774 9777 9858 
3 9776 9775 9859 
3 9860 9858 9777 
3 9861 9778 9776 
3 9861 9776 9859 
3 9859 9862 9861 
3 9861 9863 9778 
3 9864 9863 9861 
3 9861 9862 9864 
3 9865 9860 9777 
3 9777 9866 9865 
3 9777 9781 9866 
3 9863 9782 9778 
3 9864 9867 9863 
3 9864 9868 9867 
3 9781 9783 9866 
3 9787 9782 9863 
3 9787 9863 9867 
3 9867 9869 9787 
3 9870 9869 9867 
3 9867 9868 9870 
3 9871 9872 9865 
3 9866 9784 9865 
3 9866 9783 9784 
3 9873 9786 9787 
3 9787 9869 9873 
3 9873 9869 9870 
3 9871 9874 9875 
3 9874 9871 9865 
3 9865 9876 9874 
3 9876 9865 9784 
3 9873 9789 9786 
3 9789 9873 9870 
3 9870 9877 9789 
3 9878 9877 9870 
3 9870 9879 9878 
3 9878 9879 9880 
3 9875 9881 9882 
3 9881 9875 9874 
3 9881 9874 9876 
3 9876 9791 9881 
3 9876 9784 9791 
3 9877 9794 9789 
3 9882 9883 9884 
3 9796 9882 9881 
3 9796 9881 9791 
3 9794 9878 9798 
3 9794 9877 9878 
3 9798 9878 9880 
3 9880 9801 9798 
3 9880 9885 9801 
3 9886 9885 9887 
3 9887 9888 9886 
3 9889 9886 9888 
3 9883 9889 9888 
3 9882 9806 9883 
3 9806 9882 9796 
3 9885 9802 9801 
3 9885 9808 9802 
3 9808 9885 9886 
3 9889 9890 9886 
3 9890 9889 9883 
3 9883 9891 9890 
3 9891 9883 9806 
3 9806 9804 9891 
3 9808 9886 9890 
3 9890 9891 9803 
3 9804 9803 9891 
3 9808 9890 9809 
3 9803 9809 9890 
3 9828 9892 9835 
3 9892 9828 9832 
3 9832 9893 9892 
3 9832 9894 9893 
3 9894 9832 9833 
3 9895 9894 9833 
3 9895 9833 9834 
3 9895 9834 9836 
3 9896 9839 9835 
3 9835 9897 9896 
3 9897 9835 9892 
3 9892 9893 9897 
3 9898 9894 9895 
3 9895 9899 9898 
3 9899 9895 9836 
3 9840 9899 9836 
3 9897 9900 9896 
3 9897 9901 9900 
3 9901 9897 9893 
3 9893 9902 9901 
3 9902 9893 9894 
3 9902 9894 9898 
3 9899 9903 9898 
3 9903 9899 9840 
3 9896 9904 9839 
3 9904 9896 9900 
3 9905 9901 9906 
3 9901 9902 9906 
3 9902 9907 9906 
3 9907 9902 9898 
3 9898 9908 9907 
3 9898 9903 9908 
3 9840 9909 9903 
3 9909 9840 9844 
3 9846 9839 9904 
3 9900 9910 9904 
3 9910 9900 9901 
3 9910 9901 9905 
3 9903 9909 9911 
3 9909 9912 9911 
3 9912 9909 9844 
3 9844 9845 9912 
3 9846 9904 9910 
3 9910 9913 9846 
3 9910 9905 9913 
3 9911 9912 9914 
3 9845 9915 9912 
3 9845 9847 9915 
3 9914 9912 9915 
3 9847 9916 9915 
3 9849 9916 9847 
3 9846 9917 9850 
3 9917 9846 9913 
3 9915 9916 9918 
3 9849 9852 9916 
3 9919 9850 9917 
3 9918 9916 9920 
3 9920 9921 9918 
3 9920 9916 9852 
3 9854 9850 9919 
3 9917 9922 9919 
3 9917 9923 9922 
3 9852 9856 9920 
3 9919 9924 9854 
3 9924 9919 9922 
3 9857 9855 9854 
3 9854 9924 9857 
3 9922 9925 9924 
3 9925 9922 9926 
3 9920 9927 9928 
3 9927 9920 9856 
3 9925 9929 9924 
3 9929 9925 9926 
3 9859 9857 9924 
3 9924 9930 9859 
3 9924 9931 9930 
3 9931 9924 9929 
3 9932 9928 9927 
3 9856 9860 9927 
3 9929 9933 9931 
3 9934 9933 9929 
3 9927 9935 9932 
3 9935 9927 9860 
3 9862 9859 9930 
3 9930 9936 9862 
3 9936 9930 9931 
3 9934 9937 9933 
3 9938 9937 9934 
3 9939 9940 9932 
3 9932 9941 9939 
3 9941 9932 9935 
3 9936 9864 9862 
3 9931 9942 9936 
3 9942 9931 9933 
3 9942 9933 9937 
3 9938 9943 9937 
3 9944 9943 9938 
3 9939 9945 9946 
3 9945 9939 9941 
3 9935 9872 9941 
3 9872 9935 9860 
3 9860 9865 9872 
3 9868 9864 9936 
3 9868 9936 9942 
3 9947 9942 9937 
3 9947 9937 9943 
3 9948 9943 9944 
3 9946 9949 9950 
3 9949 9946 9945 
3 9941 9951 9945 
3 9951 9941 9872 
3 9868 9942 9870 
3 9870 9942 9947 
3 9947 9952 9870 
3 9947 9953 9952 
3 9953 9947 9943 
3 9943 9954 9953 
3 9954 9943 9948 
3 9954 9948 9955 
3 9955 9956 9954 
3 9956 9955 9957 
3 9957 9958 9956 
3 9958 9957 9950 
3 9950 9949 9958 
3 9945 9959 9949 
3 9945 9875 9959 
3 9875 9945 9951 
3 9872 9871 9951 
3 9870 9952 9879 
3 9879 9952 9953 
3 9953 9960 9879 
3 9960 9953 9954 
3 9954 9961 9960 
3 9961 9954 9956 
3 9956 9962 9961 
3 9962 9956 9958 
3 9963 9958 9949 
3 9949 9959 9963 
3 9871 9875 9951 
3 9879 9960 9880 
3 9880 9960 9961 
3 9958 9963 9962 
3 9884 9963 9959 
3 9959 9882 9884 
3 9882 9959 9875 
3 9880 9961 9885 
3 9885 9961 9962 
3 9962 9887 9885 
3 9887 9962 9963 
3 9963 9888 9887 
3 9888 9963 9884 
3 9884 9883 9888 
3 9906 9964 9905 
3 9964 9906 9907 
3 9907 9965 9964 
3 9965 9907 9908 
3 9908 9903 9965 
3 9965 9903 9911 
3 9905 9966 9913 
3 9966 9905 9964 
3 9964 9967 9966 
3 9967 9964 9965 
3 9965 9968 9967 
3 9965 9969 9968 
3 9969 9965 9911 
3 9914 9969 9911 
3 9967 9970 9966 
3 9970 9967 9968 
3 9968 9971 9970 
3 9971 9968 9969 
3 9969 9972 9971 
3 9972 9969 9914 
3 9914 9973 9972 
3 9915 9973 9914 
3 9913 9923 9917 
3 9923 9913 9966 
3 9966 9974 9923 
3 9974 9966 9970 
3 9971 9975 9970 
3 9973 9976 9972 
3 9973 9977 9976 
3 9918 9977 9973 
3 9973 9915 9918 
3 9970 9978 9974 
3 9978 9970 9975 
3 9971 9979 9975 
3 9979 9971 9972 
3 9972 9976 9979 
3 9918 9921 9977 
3 9923 9980 9922 
3 9980 9923 9974 
3 9974 9978 9980 
3 9981 9978 9975 
3 9981 9975 9979 
3 9926 9922 9980 
3 9982 9978 9981 
3 9979 9983 9981 
3 9979 9984 9983 
3 9984 9979 9976 
3 9984 9976 9977 
3 9977 9985 9984 
3 9985 9977 9921 
3 9921 9986 9985 
3 9921 9920 9928 
3 9928 9986 9921 
3 9980 9987 9926 
3 9987 9980 9978 
3 9978 9982 9987 
3 9981 9988 9982 
3 9926 9989 9929 
3 9989 9926 9987 
3 9988 9981 9983 
3 9986 9940 9985 
3 9928 9940 9986 
3 9934 9929 9989 
3 9934 9989 9987 
3 9987 9990 9934 
3 9990 9987 9982 
3 9982 9991 9990 
3 9991 9982 9988 
3 9988 9992 9993 
3 9992 9988 9983 
3 9984 9994 9983 
3 9994 9984 9985 
3 9985 9995 9994 
3 9995 9985 9940 
3 9940 9928 9932 
3 9934 9990 9938 
3 9938 9990 9991 
3 9988 9993 9991 
3 9983 9996 9992 
3 9996 9983 9994 
3 9938 9991 9997 
3 9997 9991 9993 
3 9993 9998 9997 
3 9993 9992 9998 
3 9994 9999 9996 
3 9999 9994 9995 
3 9999 9995 9940 
3 9940 9939 9999 
3 9997 9944 9938 
3 9944 9998 10000 
3 9944 9997 9998 
3 10000 9998 9992 
3 9992 10001 10000 
3 10001 9992 9996 
3 10001 9996 9999 
3 9999 9946 10001 
3 9939 9946 9999 
3 10000 9948 9944 
3 9955 9948 10000 
3 9957 9955 10000 
3 10000 10001 9957 
3 9950 9957 10001 
3 9946 9950 10001 

