# vtk DataFile Version 4.2
vtk output
ASCII
DATASET POLYDATA
POINTS 10002 float
-19.0851 -16.8546 -166.422 -18.9102 -15.3806 -166.138 -18.1642 -17.2824 -166.134 
-19.5724 -16.5896 -166.344 -19.6177 -17.6526 -165.635 -17.0302 -16.5249 -165.684 
-20.4733 -15.992 -165.869 -21.7627 -13.3327 -165.053 -17.2723 -13.8432 -165.142 
-19.1915 -11.9185 -165.233 -17.0719 -18.7463 -165.492 -16.8832 -19.2094 -164.973 
-17.7186 -18.531 -165.584 -16.6192 -18.1665 -165.274 -18.0473 -19.4284 -164.545 
-21.9898 -16.2607 -164.532 -17.1871 -15.4003 -165.634 -23.4052 -14.1382 -163.843 
-17.1493 -11.7097 -164.271 -17.9424 -9.65923 -164.098 -21.4382 -9.87472 -164.79 
-19.5041 -9.0736 -164.597 -23.2157 -8.51319 -164.011 -21.9062 -7.57426 -164.235 
-20.5672 -7.44836 -164.318 -16.7735 -19.8166 -164.268 -16.3404 -19.6775 -164.342 
-16.192 -19.9895 -163.667 -16.9467 -20.2743 -163.318 -15.9275 -19.3318 -164.052 
-21.0758 -17.862 -164.518 -15.9517 -16.9962 -164.906 -15.7532 -15.468 -164.281 
-24.2947 -11.9439 -163.196 -15.6367 -12.9106 -163.228 -23.2977 -10.4484 -164.179 
-24.0566 -7.49823 -163.26 -22.9116 -6.31211 -163.52 -19.1114 -6.89784 -163.896 
-21.2039 -5.68069 -163.779 -19.9371 -5.5076 -163.741 -19.8355 -3.37178 -162.989 
-18.4955 -4.64704 -163.129 -15.3453 -20.1562 -161.835 -20.1524 -19.0989 -163.85 
-22.1423 -17.9439 -163.069 -15.5309 -18.5242 -164.22 -14.9875 -18.7675 -163.189 
-15.5733 -17.8017 -164.518 -15.0442 -18.0448 -163.767 -15.1149 -17.0372 -163.897 
-24.6703 -9.63094 -163.022 -23.9664 -9.2646 -163.74 -24.2246 -8.60299 -163.439 
-18.4905 -8.14428 -164.003 -17.1829 -6.76163 -162.832 -23.7606 -5.96237 -162.904 
-23.1006 -5.05143 -162.903 -21.8017 -4.30309 -163.16 -16.672 -3.29837 -162.077 
-21.0561 -3.28556 -162.996 -17.9521 -2.70465 -162.528 -17.4936 -0.711721 -161.633 
-18.476 -20.4225 -162.832 -14.1664 -18.3135 -161.999 -12.8748 -17.9732 -160.287 
-14.4955 -17.5849 -162.913 -13.6834 -16.704 -161.59 -22.9027 -16.6434 -163.391 
-14.5325 -16.2704 -162.88 -23.7423 -15.2707 -162.925 -24.5326 -13.5355 -162.629 
-15.868 -9.94089 -162.427 -24.7794 -8.05837 -162.753 -23.9093 -6.66128 -163.09 
-24.7123 -6.74705 -162.275 -15.5237 -4.73688 -161.412 -22.7921 -3.70559 -162.175 
-21.6345 -3.33816 -162.826 -21.1046 -2.60146 -162.411 -19.6226 -1.58145 -162.057 
-17.0443 -1.83626 -162.033 -19.9983 -20.1845 -162.26 -18.8215 -21.09 -160.955 
-17.0964 -20.8065 -162.229 -21.0965 -19.4491 -162.45 -23.3644 -16.566 -162.561 
-14.0801 -14.5398 -161.755 -25.0732 -10.5932 -162.419 -25.3505 -9.59364 -161.875 
-25.2761 -8.42974 -161.999 -25.1355 -7.66516 -162.201 -14.9308 -7.22409 -160.965 
-24.0342 -5.19403 -162.16 -14.5457 -2.26491 -160.787 -16.0724 -1.18875 -161.478 
-16.0732 -0.301839 -161.323 -14.7512 0.257412 -160.652 -16.0901 0.0506942 -161.199 
-16.1178 0.551301 -160.89 -16.8161 0.880927 -160.603 6.28393 8.76574 -158.664 
4.14022 7.1765 -159.464 4.30954 9.55995 -159.332 7.56402 9.36839 -157.554 
6.32226 10.7141 -158.137 7.88798 10.516 -156.447 4.44367 11.2845 -158.776 
-17.8881 -21.0335 -161.839 -20.8315 -20.3214 -160.627 -21.9673 -19.1546 -161.507 
-22.7321 -18.1661 -161.552 -23.2708 -17.1433 -161.84 -0.341392 -17.2107 -157.852 
-1.65119 -17.0307 -157.806 -1.5322 -16.106 -157.933 -24.2472 -15.3486 -161.088 
1.10671 -15.5867 -158.295 1.46877 -16.9731 -158.057 3.32963 -16.4631 -158.192 
16.2178 -13.6678 -156.409 14.0174 -16.1213 -156.004 14.0194 -15.2028 -157.131 
6.34025 -15.9119 -158.212 4.80179 -14.8674 -158.564 9.33819 -15.1229 -158.143 
9.66309 -16.4995 -157.74 7.92033 -16.8901 -157.659 11.6546 -16.1628 -157.346 
13.6518 -14.3102 -157.774 3.05809 -15.4358 -158.505 11.674 -14.1935 -158.163 
7.41594 -13.5505 -158.407 -1.06194 -14.4064 -158.09 10.66 -11.7659 -158.093 
13.0664 -12.9662 -158.167 -24.7018 -14.0773 -161.865 14.7463 -12.8776 -157.753 
18.1431 -11.9464 -155.813 17.7695 -11.0421 -156.095 -25.0474 -12.4552 -162.131 
14.2389 -11.3042 -157.736 16.0691 -11.73 -157.172 -25.363 -11.1916 -161.31 
-14.0497 -11.8161 -160.975 18.5252 -11.2429 -155.747 16.5249 -9.4596 -156.521 
13.8057 -8.50141 -157.094 18.8822 -10.5015 -155.154 -13.9534 -9.37525 -160.274 
-25.6395 -8.27714 -160.241 -25.3718 -7.51127 -161.549 -25.4153 -6.50457 -160.778 
-24.8998 -5.35113 -161.146 -13.8076 -4.77885 -160.199 -24.33 -4.31941 -161.108 
-22.2046 -2.31726 -161.335 -20.7449 -1.26358 -161.185 -19.1864 -0.46207 -161.115 
-12.8814 -0.578651 -160.09 -12.4212 0.977072 -159.98 -11.1433 -0.157004 -159.6 
-9.90507 2.45079 -159.56 -2.23982 3.64904 -159.745 0.713646 2.19659 -159.098 
-2.84467 0.776433 -158.936 -13.1416 2.33293 -159.783 -15.469 1.90065 -159.961 
-6.04406 1.84789 -159.383 -6.08155 4.55697 -159.849 0.498672 3.9825 -159.7 
0.640608 5.67909 -159.995 2.84861 4.54649 -159.384 4.52154 2.62731 -158.562 
6.47766 5.49906 -158.456 8.23836 4.85636 -157.724 9.13098 4.30341 -157.191 
7.61803 3.44588 -157.851 -9.25507 5.06787 -159.289 -2.58961 6.60993 -160.164 
8.94348 5.65291 -157.111 -7.262 6.32273 -159.591 -5.3783 6.50936 -160.038 
6.39688 7.38222 -158.696 7.84154 7.60307 -157.671 1.34442 8.21817 -160.008 
-0.858498 9.42624 -159.809 2.15872 10.6583 -159.349 -0.241596 11.9907 -158.504 
8.7701 8.68901 -156.06 2.96303 12.6138 -157.909 7.06092 11.5412 -157.037 
5.42967 12.1188 -157.846 6.452 11.8344 -157.547 -16.9829 -21.2043 -161.103 
-15.7873 -21.2994 -160.338 -21.9134 -19.5413 -160.562 -14.8099 -21.0235 -160.19 
-13.4603 -20.2975 -159.548 -22.5538 -18.7195 -160.322 -23.4438 -17.2192 -160.337 
-2.94827 -17.6237 -157.462 1.92975 -18.1606 -157.309 5.23705 -17.4542 -157.522 
9.50037 -17.3738 -157.122 -12.5568 -15.2733 -160.042 15.8576 -15.6736 -154.647 
3.29736 -14.1823 -158.539 4.59766 -14.2758 -158.671 18.648 -12.3877 -154.654 
-3.8772 -14.4024 -157.748 4.96759 -14.2666 -158.687 5.38425 -13.1027 -158.478 
-25.0806 -13.1159 -161.816 0.983447 -13.2879 -158.248 -25.274 -12.4585 -161.576 
7.17372 -12.1059 -158.307 8.19689 -11.8044 -158.229 7.48485 -9.76795 -157.84 
18.7655 -11.4035 -155.37 10.8442 -8.33845 -157.435 18.5308 -8.34999 -154.625 
16.4984 -7.20269 -155.878 17.4506 -8.11158 -155.753 12.567 -5.39322 -156.586 
-13.8679 -7.97488 -159.932 14.6423 -6.24591 -156.254 -13.5056 -6.73419 -159.736 
-24.949 -4.60152 -160.496 -11.9809 -2.31287 -159.554 -23.7186 -3.10736 -160.305 
-2.99912 -1.70131 -158.257 0.277492 -0.714127 -158.323 -0.937573 -2.4029 -157.998 
-12.0443 -0.868011 -159.756 -9.67576 -1.60348 -159.018 -6.36698 -0.998837 -158.695 
1.74561 -0.54005 -158.238 2.53261 -1.16038 -158.033 2.45205 0.363935 -158.384 
5.10197 0.100111 -157.951 8.04424 0.975536 -157.422 7.20101 -1.61833 -157.363 
-8.71856 0.328188 -159.232 -18.1018 0.598699 -160.382 9.6657 2.60163 -156.801 
10.531 -0.375755 -156.453 6.40187 1.95359 -158.035 -12.25 4.34944 -158.839 
10.2554 4.09337 -156.183 10.1922 5.57825 -155.542 9.24432 7.00015 -156.325 
-5.42984 7.6741 -159.765 -4.48088 7.58866 -159.895 -3.31853 8.68836 -159.739 
-2.69644 10.4929 -159.006 7.56418 11.7254 -155.868 0.721679 13.1178 -157.564 
6.49402 12.5597 -156.266 4.88191 13.0432 -156.852 -18.8648 -21.5223 -159.387 
-19.7521 -21.1575 -159.981 -16.9917 -21.6213 -159.429 -14.7263 -21.3879 -159.073 
-10.7214 -18.8006 -158.474 -12.04 -20.9825 -157.67 10.5351 -17.6676 -156.351 
9.45159 -18.0338 -156.283 -10.3346 -15.6677 -158.652 -0.71672 -18.3762 -157.282 
7.55192 -18.1854 -156.39 11.9695 -17.4175 -155.681 17.4919 -14.315 -154.516 
-12.8626 -13.1997 -159.971 -1.49063 -12.2696 -157.897 -25.1714 -13.0583 -160.923 
19.5683 -10.9925 -153.828 19.6666 -11.5131 -152.917 19.9729 -10.5286 -152.992 
-11.9738 -10.7325 -159.017 19.1962 -10.9839 -154.66 19.6613 -9.90848 -153.6 
-12.7608 -8.08959 -159.203 17.7104 -7.727 -155.482 17.7368 -7.39995 -155.267 
9.77744 -6.49699 -157.191 17.5022 -6.40027 -154.712 -11.6821 -5.43441 -158.968 
15.2179 -4.40396 -155.12 -25.3078 -4.99603 -159.684 10.3321 -3.47911 -156.788 
-24.7593 -4.10763 -160.091 -10.8731 -3.46268 -158.918 12.1473 -3.40127 -156.37 
8.1574 -3.32091 -157.134 9.2028 -1.83562 -156.973 13.1215 -3.18998 -155.89 
12.9771 -1.13334 -155.152 5.91515 -4.20782 -157.328 11.9697 -2.18737 -156.133 
-10.4266 -2.71305 -158.929 -22.3785 -1.45463 -159.548 -8.69072 -3.8725 -158.372 
-2.51702 -4.31264 -157.754 4.35354 -2.40639 -157.631 1.41401 -3.39723 -157.753 
-5.34651 -3.13075 -158.089 8.93003 -0.670854 -157.057 -20.1133 0.200971 -159.339 
11.417 1.87159 -155.449 -17.0027 1.83987 -159.491 -16.1216 2.52965 -159.221 
-15.4052 3.02091 -159.059 -14.1126 3.23558 -159.28 11.362 3.82977 -154.478 
-10.8427 6.21937 -158.347 -8.94395 7.35833 -158.565 -7.25976 7.83719 -159.12 
-6.25601 7.48848 -159.602 9.9056 7.16518 -154.604 -5.55043 9.55467 -158.388 
-2.78801 11.9476 -157.598 -1.28908 12.7914 -157.528 -0.378662 12.9666 -157.685 
8.89017 9.906 -154.725 8.31657 11.1994 -154.745 7.59628 12.5207 -154.181 
1.45197 13.5716 -156.283 6.57215 13.3871 -154.262 5.06993 13.6506 -154.953 
-18.284 -21.7061 -157.561 -19.9663 -21.1686 -159.025 -21.001 -20.5273 -158.844 
-21.905 -19.5831 -159.363 -8.53664 -19.8394 -157.197 -22.9963 -17.7491 -157.88 
-0.435846 -19.7821 -156.107 2.62842 -19.7575 -155.507 -7.06767 -17.1593 -157.705 
-1.89991 -18.917 -156.924 -3.39824 -19.817 -156.338 -5.63325 -19.1482 -156.977 
4.63302 -18.722 -156.348 9.92297 -18.561 -154.585 -24.2221 -15.6052 -158.874 
13.4728 -17.4789 -153.419 -7.41524 -13.9723 -157.786 -11.5674 -13.4895 -158.99 
18.8657 -13.0198 -153.72 18.3662 -13.5137 -154.193 -25.083 -13.2928 -158.965 
-9.67555 -12.4948 -158.132 19.1839 -12.4981 -153.544 19.1505 -12.759 -153.401 
3.29863 -12.0866 -158.235 5.10708 -11.1493 -158.106 -5.57965 -12.1942 -157.584 
-8.9956 -9.38876 -157.888 -7.49696 -11.5391 -157.632 -3.65127 -11.4792 -157.642 
0.979232 -10.7653 -157.924 20.4337 -9.83746 -151.407 3.91974 -9.42742 -157.793 
-1.87067 -9.06527 -157.619 1.31229 -8.39404 -157.657 -11.0975 -8.0172 -158.454 
-5.49306 -9.59883 -157.547 -25.6259 -10.5201 -159.07 3.58419 -6.16258 -157.492 
20.1549 -8.25612 -152.04 -9.3128 -6.58729 -158.044 -3.85633 -6.81233 -157.546 
-6.95569 -7.09454 -157.638 -2.00892 -7.01347 -157.521 -0.232824 -6.37028 -157.58 
5.75785 -7.37755 -157.472 7.63848 -5.76013 -157.252 18.6954 -6.03517 -152.998 
-2.13455 -6.10242 -157.55 5.79551 -5.87532 -157.317 -7.76583 -5.62973 -157.823 
-5.89924 -5.11046 -157.763 3.93395 -4.06337 -157.498 17.3483 -5.15331 -153.916 
-25.6634 -6.27513 -159.518 16.7248 -3.91771 -153.386 14.7528 -1.73142 -153.478 
-24.7743 -3.7761 -158.824 -18.4258 1.32848 -159.215 -17.8832 2.16498 -158.36 
12.8839 1.28046 -153.441 -16.4512 3.09401 -158.104 -14.5356 4.01759 -158.296 
-13.6256 5.20272 -157.546 -12.2824 6.13145 -157.596 10.8197 5.49973 -153.918 
-7.67608 8.56767 -158.508 9.40525 8.81327 -154.126 -1.98146 12.8446 -156.894 
-0.718601 13.2547 -156.646 3.52732 13.5612 -156.143 -20.2869 -20.9384 -157.31 
-15.1051 -21.9612 -157.219 -9.37917 -21.4455 -156.183 -6.24964 -20.6942 -156.135 
-7.3969 -21.886 -155.126 -4.32601 -20.8573 -155.613 1.01235 -20.5991 -154.871 
5.98768 -19.7648 -153.969 16.093 -16.1488 -152.794 16.9968 -15.3056 -153.676 
17.6167 -14.7723 -153.578 18.2818 -13.9733 -153.35 19.1788 -12.7579 -152.83 
-25.4668 -11.9642 -159.838 -25.5584 -8.35985 -157.441 19.6706 -7.11387 -152.316 
20.2543 -7.11221 -151.34 -25.6598 -6.39715 -158.214 19.8796 -5.98968 -150.713 
18.0254 -4.99692 -153.045 18.5588 -5.20525 -152.576 -25.5817 -5.32796 -158.589 
18.0262 -4.34844 -152.13 -25.2885 -4.4676 -158.153 16.3273 -2.59611 -151.933 
-23.9255 -2.52354 -158.23 -23.1468 -1.44846 -157.745 -21.9642 -0.47779 -157.942 
-20.7573 0.816737 -156.356 -19.1244 1.57972 -157.969 14.2645 -0.0594132 -151.151 
-15.3063 4.7038 -156.549 12.0033 3.35839 -152.844 11.3901 4.54938 -153.231 
-10.8639 7.89582 -156.678 -8.38811 9.07362 -157.365 9.25611 9.52445 -153.773 
9.14354 9.93464 -153.678 -4.26842 11.6291 -156.723 -5.42228 11.4483 -155.192 
8.89186 10.6329 -153.483 -2.82955 12.6345 -155.785 8.41465 11.7915 -153.12 
-0.628557 13.433 -154.719 2.38909 13.8602 -153.947 7.09849 13.35 -153.327 
-8.10692 -22.6575 -153.987 -9.76119 -22.4079 -154.939 -12.0462 -22.2292 -155.776 
-21.6266 -19.8229 -157.629 -5.2018 -21.4749 -155.123 -2.53056 -21.3496 -154.498 
-0.35864 -20.8711 -154.857 15.3294 -16.7535 -150.929 17.536 -15.0028 -152.391 
18.6822 -13.6018 -151.616 -24.7269 -14.3009 -157.937 -24.1556 -15.1501 -156.932 
19.7652 -11.7905 -151.09 -24.9722 -13.4427 -157.723 -25.5025 -11.8296 -159.011 
-25.4333 -11.6789 -158.286 -25.4315 -10.5398 -157.417 20.8105 -8.34106 -150.556 
18.9675 -5.24428 -151.867 17.6895 -3.40387 -150.636 -24.7457 -3.57043 -156.243 
-23.8619 -2.01599 -156.598 -22.8122 -0.873163 -156.385 -18.5075 2.20836 -157.594 
-17.8579 2.68334 -157.358 13.2091 1.34533 -152.032 -17.371 3.43258 -156.051 
12.6662 2.24066 -152.234 -13.3361 6.49654 -155.928 11.0558 5.38076 -152.693 
10.4569 6.67379 -152.543 9.84998 8.08367 -153.018 -9.23693 9.75088 -155.147 
-7.31754 10.343 -156.108 9.35023 9.66172 -152.459 -7.5047 10.8259 -154.371 
8.82106 11.2579 -151.791 -0.428358 13.4002 -152.689 8.05828 12.5044 -152.613 
7.51869 13.0334 -152.499 4.45011 14 -153.422 5.74316 13.8353 -153.05 
6.65285 13.6449 -153.236 -14.5394 -22.5781 -155.251 -16.827 -22.2489 -155.285 
-5.67925 -22.2971 -153.912 0.39747 -21.3685 -153.586 2.79193 -20.8032 -153.557 
8.588 -19.5831 -152.515 10.093 -19.138 -152.762 11.3034 -18.7023 -152.693 
12.3446 -18.3795 -151.284 13.7365 -17.7136 -151.293 16.7738 -15.7879 -151.344 
-23.416 -16.284 -155.988 17.7168 -14.7449 -150.142 -24.7411 -13.7806 -157.127 
-24.9839 -12.417 -156.971 20.5213 -10.3219 -149.869 -24.9215 -9.96805 -155.405 
20.6414 -7.32009 -150.462 -25.313 -5.68579 -156.225 18.9303 -4.608 -150.709 
-25.4169 -4.99269 -157.445 16.2084 -1.94128 -150.037 -23.594 -1.51356 -155.491 
-18.8311 2.26796 -156.619 -16.3653 4.53514 -155.017 12.1392 3.23692 -151.296 
-15.0851 5.6555 -154.536 11.4323 4.60275 -151.785 10.8936 5.77425 -151.665 
-12.1633 7.96573 -154.849 -10.9691 8.8879 -154.727 9.88289 8.29783 -151.119 
-10.3546 9.52556 -153.093 -3.19148 12.5191 -153.069 8.38471 12.1584 -151.759 
7.96389 12.6528 -151.647 6.77986 13.5272 -152.389 -14.5347 -22.9161 -153.804 
-15.6823 -22.6807 -154.499 -12.5827 -22.8808 -154.283 -11.1441 -22.7089 -154.685 
-10.3045 -23.0932 -153.398 -19.1911 -21.2005 -154.798 -3.70748 -22.8182 -151.898 
-0.875068 -22.158 -152.136 2.08573 -21.7095 -150.964 4.51659 -20.8283 -152.034 
-20.9437 -20.1675 -156.017 -21.9571 -18.9685 -156.152 7.19857 -20.0522 -152.138 
10.2319 -19.2274 -151.228 -22.4992 -17.3344 -154.975 13.5336 -17.5665 -149.466 
16.7342 -15.823 -150.385 18.9518 -13.0155 -149.829 -23.7626 -14.894 -155.301 
-24.1761 -14.232 -155.82 19.8297 -11.4714 -149.237 -24.4848 -13.7186 -156.302 
-24.0859 -12.9309 -154.71 20.8925 -9.32991 -149.821 20.9776 -8.73804 -149.997 
21.0039 -7.80194 -149.282 -25.1748 -7.52955 -155.383 20.7045 -6.60969 -149.055 
19.9264 -5.22619 -148.02 -24.9181 -5.96636 -154.427 19.4996 -4.90192 -149.673 
-25.0569 -5.11651 -155.052 18.6631 -3.934 -149.145 -25.0437 -4.65307 -155.458 
-24.1974 -2.3236 -155.659 -24.379 -2.62685 -155.32 -23.894 -1.92639 -154.751 
-22.5898 -0.488482 -154.137 -20.8761 1.16519 -153.992 -19.104 2.52608 -154.267 
13.063 1.54298 -149.405 13.9 0.422051 -149.435 12.9362 1.88704 -151.066 
-17.4187 3.84927 -154.324 -16.3779 4.82043 -153.504 10.9666 5.52634 -150.561 
-13.5035 7.1769 -153.152 10.453 6.75602 -150.664 -8.58529 10.4695 -153.391 
9.44413 9.64637 -150.42 -6.59436 11.1762 -152.19 9.10418 10.5975 -150.636 
8.56472 11.8806 -150.948 1.14336 13.47 -151.256 4.02978 13.7323 -151.64 
8.17071 12.3427 -150.811 7.21932 12.9603 -150.88 5.9601 13.561 -151.453 
-7.33031 -23.3517 -152.025 -9.50651 -23.525 -152.037 -16.2599 -22.583 -153.507 
-12.9275 -23.2577 -152.409 -17.8691 -22.044 -153.884 6.20958 -20.413 -151.67 
7.83895 -20.0156 -150.442 -20.976 -19.1294 -154.076 11.4106 -18.6034 -149.439 
15.2301 -16.4409 -148.919 16.4033 -15.8865 -149.561 17.0288 -15.5196 -149.859 
-23.1525 -15.8453 -154.684 17.0697 -15.2746 -149.299 -23.2251 -14.5803 -153.727 
18.3934 -13.6463 -148.991 20.4288 -10.2544 -148.655 20.8131 -9.33841 -148.892 
21.0287 -8.66104 -149.183 -24.6693 -4.48865 -154.226 17.3934 -2.8201 -149.235 
16.3002 -1.83037 -148.22 -24.298 -2.65386 -154.737 14.7225 -0.451919 -148.709 
-20.273 1.77447 -153.236 12.2571 2.89401 -149.898 11.4465 4.37979 -149.743 
-15.222 5.8403 -152.746 10.544 6.29186 -149.106 -11.8667 8.52936 -153.557 
9.90565 7.96583 -149.255 -8.92774 10.2689 -151.953 9.54979 9.12986 -149.631 
9.18334 10.2278 -149.599 8.74848 11.0737 -149.527 8.78343 11.3919 -150.521 
8.48226 11.8237 -150.11 -14.8448 -22.9506 -152.579 5.33726 -20.845 -149.938 
-19.6943 -20.131 -152.975 9.62976 -19.3268 -149.321 12.0967 -17.8565 -147.632 
13.9523 -16.4838 -146.873 16.5995 -14.9767 -147.881 17.3729 -14.8388 -148.971 
17.8614 -14.1449 -148.612 18.3682 -13.4826 -148.444 18.5375 -12.7124 -147.705 
19.897 -10.8427 -147.94 20.3119 -10.1833 -147.946 20.4163 -9.51393 -147.711 
-23.7973 -10.2045 -152.502 20.8159 -8.15388 -148.045 -24.5834 -7.84755 -153.619 
20.8952 -7.03861 -148.177 20.6665 -6.34602 -147.961 -24.1185 -5.69707 -152.269 
18.8437 -3.84238 -147.696 17.6969 -2.88442 -147.556 -24.3303 -3.16979 -154.117 
-23.6567 -1.9753 -153.37 -22.8782 -0.850579 -152.51 -21.174 0.960093 -152.14 
13.5447 0.802944 -148.378 -19.7496 2.21075 -152.409 -17.67 3.83225 -152.851 
11.8996 3.10868 -147.873 -16.3751 4.9068 -151.475 -14.6846 6.24864 -150.989 
-13.1226 7.46579 -150.458 -11.9586 8.47924 -151.884 -10.4298 9.31289 -150.631 
-8.32586 10.2558 -150.373 -6.17616 10.5624 -148.546 9.34354 9.73942 -149.439 
9.04348 9.6933 -148.228 -4.11706 11.827 -150.551 -1.43998 12.7125 -150.558 
8.34807 11.7208 -149.461 7.89692 12.2162 -149.686 2.19302 12.8876 -148.993 
5.49335 13.001 -149.604 -10.8975 -23.5383 -151.806 -9.4084 -23.7836 -150.718 
-14.3859 -23.0826 -151.828 -7.7768 -23.8113 -150.66 -6.51802 -23.8285 -150.147 
-5.22021 -23.5331 -150.805 -15.9324 -22.4078 -151.123 -3.72967 -23.4391 -149.94 
-17.3991 -22.1242 -152.771 -1.13534 -22.8561 -149.425 -18.0974 -21.8855 -153.125 
-18.3088 -21.251 -152.247 -18.4761 -21.7072 -153.545 3.424 -21.5141 -148.242 
6.86177 -20.3149 -148.873 -19.9107 -18.415 -150.905 -21.5314 -17.2069 -152.639 
10.3202 -18.741 -147.723 -22.5293 -15.8491 -153.295 17.6813 -14.0292 -147.98 
-22.8488 -13.1504 -151.949 19.5187 -10.2876 -146.561 20.1205 -10.1949 -147.516 
20.1269 -8.36209 -146.397 -23.8787 -7.79892 -151.757 20.3895 -6.54515 -146.73 
19.0681 -4.05173 -146.547 18.5007 -3.44666 -147.061 -23.7813 -3.29508 -152.22 
16.2157 -1.76953 -146.606 15.1233 -0.870432 -146.905 -22.3546 -0.156884 -152.486 
13.4849 0.699624 -146.517 -18.7269 3.01028 -152.217 12.807 1.68107 -147.778 
10.8186 5.23071 -147.635 10.0982 6.95354 -147.594 10.0682 7.30353 -148.37 
9.7115 8.05028 -147.952 -11.9561 8.39032 -150.327 0.319299 12.9812 -149.756 
8.03656 11.4388 -148.61 7.02223 12.5598 -149.307 7.45642 12.1511 -148.859 
-13.7852 -23.2448 -151.045 -12.0211 -23.6251 -150.257 -7.99485 -23.9955 -149.19 
-4.98648 -23.777 -149.443 -17.3908 -21.5786 -150.947 1.36011 -22.2736 -148.577 
5.75754 -20.5896 -147.617 8.11602 -19.681 -147.859 15.1784 -15.0048 -145.614 
-21.8862 -15.3528 -151.564 17.5921 -13.9022 -147.611 -22.6325 -14.6194 -152.424 
-22.4481 -14.2671 -151.77 17.3874 -13.5355 -146.67 17.8585 -12.8801 -146.426 
-22.2306 -14.1175 -151.249 17.8643 -12.4141 -145.766 18.4209 -11.5408 -145.765 
20.0089 -5.37241 -146.232 19.7227 -4.81289 -146.499 18.1549 -3.21378 -146.348 
16.9801 -2.39162 -145.693 -22.9942 -1.52614 -151.459 -22.2022 -0.201361 -151.282 
-21.1526 0.740838 -149.888 -19.2699 2.51087 -150.153 -17.8501 3.73431 -151.272 
-17.1759 4.14289 -149.493 -15.6549 5.31168 -149.423 -14.1642 6.35081 -148.711 
9.35257 8.31121 -146.715 -12.3745 8.00044 -149.637 -11.9735 8.3152 -149.647 
-11.4497 8.57268 -149.467 -2.82574 11.5922 -148.319 -0.41519 12.3271 -148.432 
7.65203 10.6331 -146.865 4.43743 12.3492 -147.728 6.5693 11.9847 -147.991 
-13.7224 -23.2345 -149.609 -12.7507 -23.5746 -149.441 -12.4298 -23.5482 -148.374 
-10.1683 -23.9366 -148.447 -6.03067 -23.9543 -148.245 -3.68207 -23.6368 -147.741 
-1.5643 -23.1349 -146.652 -17.0385 -21.4973 -150.145 -16.6428 -20.913 -148.43 
0.181398 -22.6855 -147.436 -18.021 -20.5956 -150.235 9.24061 -18.7459 -145.924 
11.0569 -17.953 -146.14 12.3304 -17.2854 -146.217 -21.0795 -16.8343 -151.339 
-20.9624 -16.1127 -150.498 16.4261 -14.0843 -145.999 16.9692 -13.1239 -145.318 
17.514 -12.8985 -145.807 18.5833 -10.4848 -144.876 -22.3387 -10.8424 -149.678 
19.1041 -8.83986 -144.475 19.607 -6.9927 -144.805 -23.2374 -8.68755 -150.564 
20.0975 -5.72306 -145.786 -23.1289 -6.48821 -149.846 19.7342 -5.34642 -145.22 
-23.1931 -4.26305 -150.172 19.3483 -4.68288 -145.454 18.1204 -3.52504 -144.916 
14.875 -0.910817 -144.331 -22.0434 -0.628304 -149.608 11.9381 2.30417 -144.934 
12.3386 2.12449 -146.674 11.7472 2.90643 -146.253 10.8994 4.24262 -145.514 
10.0181 6.40644 -146.031 -12.6469 7.52614 -148.696 -11.9724 8.16612 -149.088 
-11.278 8.24127 -147.917 -10.6846 8.89965 -149.117 -9.3596 9.34459 -148.439 
8.91809 9.36774 -146.844 8.58934 9.85168 -146.869 -0.731881 11.1308 -145.816 
0.751603 12.1685 -147.435 2.34062 11.8648 -146.606 -8.07326 -23.9831 -146.646 
1.74366 -22.0905 -146.68 6.80884 -19.7128 -145.38 10.3392 -17.6421 -144.131 
11.6908 -17.2581 -145.126 12.7047 -16.6813 -145.237 13.4749 -15.6397 -144.116 
-20.3743 -15.9474 -149.217 14.6866 -14.6885 -144.161 -21.4505 -13.9351 -149.721 
15.862 -13.7445 -144.533 17.3985 -12.5743 -145.157 17.2008 -11.8611 -144.015 
19.8395 -5.88508 -145.214 18.8062 -5.21993 -143.646 -22.7872 -2.33809 -149.99 
16.6309 -2.35203 -144.063 -21.3046 0.338656 -148.815 12.9834 0.805404 -144.191 
-20.4057 1.19084 -148.241 9.78068 5.82479 -144.131 9.07816 7.72116 -144.898 
-7.92997 9.43235 -146.707 8.40906 9.35911 -145.774 -3.76728 10.4819 -146.005 
7.0758 10.1573 -145.24 5.19595 11.1181 -145.732 -9.79491 -24.0231 -146.957 
-11.1482 -23.7496 -146.647 -13.8368 -22.9714 -148.024 -15.0271 -22.4586 -148.921 
-5.2994 -23.8256 -146.175 -3.05054 -23.495 -145.878 -0.0107379 -22.622 -145.768 
3.89032 -21.0306 -145.543 -18.3677 -19.3071 -149.016 8.50733 -18.5915 -144.184 
-19.1426 -17.9628 -148.771 -19.7658 -17.2273 -149.185 11.8994 -16.6734 -143.97 
-19.3646 -16.5045 -147.797 -20.1229 -14.4322 -147.57 -20.6885 -14.7454 -148.82 
15.6724 -13.1996 -143.299 18.235 -9.92607 -143.641 -21.4985 -12.2272 -148.717 
18.3207 -8.70284 -142.662 18.518 -7.24781 -142.318 -22.5786 -8.34544 -149.118 
-22.563 -4.91215 -148.563 -22.6228 -5.78126 -148.588 -22.245 -3.12117 -148.358 
17.22 -3.30303 -142.62 15.9375 -2.02359 -142.714 -21.9517 -1.47636 -148.446 
-21.2709 -0.190593 -148.005 -19.0953 2.48664 -147.895 -17.9245 3.44381 -148.074 
11.284 2.64491 -142.69 10.9335 3.55705 -143.884 -15.9279 4.51679 -146.349 
10.2663 4.65668 -143.72 -12.7316 6.88217 -146.63 -11.5356 7.7556 -146.853 
-11.1517 8.05012 -146.947 -10.9254 8.2056 -147.01 -10.3677 8.54305 -147.2 
-9.45375 8.82124 -146.724 -6.08275 9.70647 -145.68 7.62006 9.29385 -144.354 
2.36471 10.6722 -144.176 -13.0132 -22.8645 -146.103 -9.83988 -23.9448 -146.039 
-14.8708 -22.069 -147.179 -3.9504 -23.7135 -146.213 -2.05297 -22.9025 -143.865 
1.26167 -21.9191 -144.403 5.15676 -20.0987 -143.708 -17.9103 -18.1777 -146.881 
6.97034 -19.056 -143.038 8.88819 -17.9196 -142.506 10.9497 -16.8009 -142.708 
12.0792 -16.0318 -142.668 14.1047 -14.653 -143.109 14.9439 -14.0855 -143.497 
14.5891 -13.7167 -142.254 -20.9054 -12.8688 -147.98 15.6793 -12.3573 -141.963 
-21.1299 -11.2598 -147.531 -21.6025 -9.14778 -147.564 -22.2072 -6.7167 -148.015 
18.2566 -5.81405 -141.736 -22.2884 -5.44229 -147.947 16.2399 -2.55877 -141.531 
13.2406 0.260271 -142.913 12.6026 0.915815 -143.081 -20.4804 0.380094 -146.887 
-19.4536 1.71569 -146.642 12.1661 1.55104 -143.375 10.3866 4.03005 -142.612 
9.70728 5.51694 -143.301 9.9129 5.22242 -143.505 -10.7841 7.91056 -146.05 
9.10082 6.94471 -143.757 8.19996 8.0068 -143.412 -8.74011 8.58963 -145.201 
-7.49691 9.19883 -145.504 8.38173 8.69167 -144.607 -3.4658 9.84231 -144.058 
-2.4922 10.3511 -144.786 5.98917 9.8527 -143.606 7.09161 9.13708 -143.405 
0.236655 10.2984 -143.543 4.37966 10.4868 -144.034 -11.6001 -23.4254 -145.427 
-10.6502 -23.6844 -145.288 -9.24106 -23.7256 -144.909 -4.09539 -23.5719 -145.076 
-15.6215 -21.0068 -146.085 3.15672 -20.8334 -142.869 -16.4917 -19.6489 -145.885 
10.0546 -17.3622 -142.762 12.9984 -14.7513 -141.415 -20.2016 -12.3201 -146.373 
-19.6697 -13.3827 -145.996 16.6291 -10.9583 -141.788 17.5564 -9.87909 -142.295 
17.8558 -8.47171 -141.475 18.2745 -8.0517 -142.002 -21.16 -7.34883 -146.284 
17.7855 -6.32833 -140.467 17.5308 -4.65281 -140.723 -21.5192 -4.75096 -146.73 
16.8715 -3.37322 -141.001 14.8115 -1.39931 -141.191 13.9775 -0.511795 -142.364 
13.7652 -0.473787 -141.468 -20.932 -1.45169 -146.486 13.2389 0.06391 -141.825 
12.2643 1.14527 -141.848 -19.7914 0.513991 -145.665 11.1851 2.35684 -140.905 
-18.1503 3.0079 -146.718 -18.2973 2.0745 -145.024 10.3651 3.56449 -141.153 
9.85629 5.05229 -142.922 9.13985 6.14503 -142.69 -11.7982 6.79353 -144.378 
-9.95956 7.55329 -143.86 -7.02521 8.86921 -144.203 -5.61045 9.20083 -143.861 
-4.68179 9.74674 -144.618 6.83469 8.67663 -142.394 6.60355 9.35857 -143.112 
-1.74999 9.78902 -143.028 1.1456 9.24051 -141.197 -10.9752 -22.9307 -143.678 
-14.7404 -21.6004 -145.551 -6.28898 -23.3575 -143.364 -15.2809 -21.1259 -145.412 
0.637395 -21.7112 -141.993 -15.4174 -20.9631 -145.386 -15.5499 -20.7845 -145.392 
-15.8555 -20.3702 -145.438 5.10921 -19.7029 -141.842 7.26492 -18.3895 -140.946 
9.8909 -17.0963 -141.682 10.9976 -16.0897 -140.871 -18.547 -16.2335 -146.119 
-17.2402 -16.3737 -143.863 -19.2704 -15.4205 -146.723 -18.9305 -14.4145 -145.386 
14.362 -12.793 -140.175 -19.3671 -13.1199 -145.266 -19.6512 -12.54 -145.426 
15.7123 -11.1766 -140.326 16.7835 -9.55287 -140.411 -20.0025 -9.92326 -144.929 
17.4178 -7.74348 -140.098 18.0348 -7.69472 -141.251 18.2082 -7.86226 -141.711 
17.9856 -7.25571 -140.984 16.8975 -3.73501 -140.171 13.1839 -0.027164 -140.481 
-16.765 2.79296 -143.154 -14.4547 4.50311 -142.609 9.61991 4.85941 -141.609 
-13.4255 5.77797 -144.278 -8.17043 8.1214 -143.343 7.8018 7.14552 -141.495 
-5.98709 8.19606 -141.513 -4.65601 9.25106 -143.288 -3.49987 9.10517 -142.174 
5.75611 9.47429 -142.625 5.66858 8.85767 -141.666 6.13683 9.32453 -142.673 
6.39725 9.38478 -142.946 3.86693 9.88278 -142.746 4.05538 9.03056 -141.217 
5.09753 9.52608 -142.416 -13.7381 -21.7019 -144.031 -15.2847 -20.5998 -144.645 
-3.66425 -23.0584 -142.498 -2.6965 -22.8187 -141.92 -1.48365 -22.3685 -141.365 
3.49939 -20.3541 -141.238 -16.0157 -19.8511 -145.037 -16.0547 -18.8554 -144.008 
-16.9383 -18.2888 -145.125 8.8213 -17.5822 -141.157 -19.1405 -12.1064 -144.264 
-19.7561 -11.6659 -145.143 -20.2342 -6.1541 -144.492 17.3568 -5.48435 -139.373 
16.9288 -6.51881 -138.37 16.1938 -2.90829 -140.211 -20.185 -3.17798 -144.485 
13.9391 -0.966999 -139.191 -19.1367 -0.454446 -143.682 11.588 1.51231 -139.085 
10.4863 2.97426 -139.525 9.15846 4.5162 -139.323 8.61861 5.82644 -140.85 
-11.0738 6.48526 -142.295 -8.92436 7.34602 -142.006 6.4978 7.82743 -140.78 
-3.91442 -22.8114 -140.985 2.24436 -20.9274 -141.283 4.2541 -19.8463 -140.505 
5.47762 -19.2085 -140.379 -15.0714 -19.6538 -142.968 8.40418 -17.6291 -140.428 
9.37254 -16.9861 -140.251 11.7331 -14.8255 -139.025 12.9324 -13.6526 -138.791 
13.7729 -12.2524 -137.791 -18.126 -13.8657 -143.511 14.9057 -11.2567 -138.641 
15.8093 -10.1018 -138.976 -19.661 -11.2716 -144.766 -18.9119 -10.472 -143.024 
16.236 -8.59133 -138.142 17.1849 -4.8661 -139.227 16.5926 -4.03606 -138.814 
16.8823 -5.17705 -138.207 15.1334 -2.31993 -138.512 -19.2372 -4.37245 -142.559 
-19.436 -2.45801 -143.183 -18.1585 1.43499 -143.502 -17.8157 1.02981 -142.423 
9.88545 3.41674 -138.316 -12.7913 5.67714 -142.666 -12.3387 6.19026 -143.364 
7.08172 6.4144 -139.12 -9.74955 6.70905 -141.046 -8.56756 6.90484 -140.221 
5.07429 7.84173 -139.565 -2.57379 9.14494 -141.718 -2.09577 8.82084 -140.719 
-9.04627 -22.7205 -141.261 -12.8366 -21.4703 -142.082 -6.47701 -22.5364 -139.418 
-13.9221 -21.1405 -142.953 -2.57328 -22.639 -141.062 -14.5082 -20.7601 -143.384 
-14.1459 -20.3412 -142.197 -0.155925 -21.5539 -139.707 1.33453 -21.1875 -140.669 
2.58076 -20.409 -139.526 4.57122 -19.4676 -139.454 -15.4204 -18.7267 -142.583 
-14.5545 -18.5878 -140.877 6.31185 -18.4282 -138.824 8.16731 -17.5064 -139.458 
-15.8266 -17.6308 -142.286 -16.1606 -16.2379 -141.629 9.76289 -16.0922 -138.26 
11.9415 -13.4237 -135.803 -17.3671 -14.2865 -142.375 -18.2973 -12.5546 -142.924 
-18.2898 -11.2128 -142.187 15.2313 -10.0768 -137.481 -18.5629 -10.4469 -142.339 
-19.0675 -9.39694 -142.928 -18.955 -7.59845 -142.296 16.3316 -4.58971 -137.018 
16.263 -5.56609 -136.276 15.662 -3.51159 -136.749 -18.8093 -2.22906 -142.132 
13.7146 -1.0802 -137.198 -17.6782 -0.67457 -140.91 12.822 0.0143518 -138.365 
10.5482 2.6261 -138.304 -16.6139 1.69815 -141.056 -15.5172 3.17097 -141.329 
-12.4196 5.31142 -141.047 -3.59398 8.58905 -140.868 -2.89678 8.91337 -141.293 
-11.0632 -22.1041 -141.137 -2.29293 -22.3443 -140.139 -3.81383 -22.3819 -139.012 
-13.3264 -20.284 -140.809 4.28172 -19.2647 -137.812 7.8488 -17.3873 -138.191 
-15.4507 -16.9213 -140.881 -16.6562 -15.14 -141.657 -17.8527 -13.2407 -142.531 
-17.465 -13.1582 -141.731 -16.839 -13.6679 -140.884 13.8313 -11.4321 -136.232 
-17.8893 -12.4536 -142.082 14.4973 -11.0614 -137.254 -18.454 -9.51155 -141.803 
15.9585 -7.19036 -136.045 -18.4507 -5.669 -141.052 14.5876 -2.19946 -136.292 
13.8262 -1.41473 -135.81 12.6638 -0.0823519 -136.711 11.937 0.76073 -137.107 
11.2532 1.53748 -137.142 10.6535 2.26306 -137.275 9.91752 3.0941 -137.193 
9.10925 3.93706 -137.24 -14.0146 3.80885 -139.958 6.18085 6.00333 -136.796 
7.84041 5.00754 -137.083 -11.5511 5.52085 -140.112 -10.5453 6.13635 -140.428 
-9.58672 6.47159 -140.077 -9.6239 6.56536 -140.415 5.44601 6.93824 -138.07 
-3.73452 7.90055 -139.014 3.23224 8.33663 -139.568 -1.10285 7.97756 -138.236 
1.95127 7.68394 -137.61 -11.9046 -21.0604 -139.94 -9.61107 -21.8148 -138.973 
-2.10592 -21.9592 -138.679 -1.01485 -21.3707 -137.478 -12.8277 -19.6461 -139.009 
0.806946 -20.8354 -137.935 2.289 -20.0229 -136.932 6.05597 -18.0675 -136.526 
7.0342 -17.7579 -137.615 8.05394 -16.8787 -136.695 -14.9804 -16.9681 -140.009 
-15.5453 -15.1863 -139.48 9.72392 -15.4719 -135.996 -16.3183 -12.3443 -138.945 
-17.3785 -12.1413 -140.96 14.6076 -10.3564 -136.252 -17.3743 -10.0395 -139.902 
15.1595 -9.08007 -135.779 -18.0172 -8.83583 -140.734 -18.3277 -8.34755 -141.198 
-17.8418 -7.4921 -140.065 15.7475 -4.39594 -135.247 -18.1125 -3.58312 -140.544 
12.941 -0.582179 -135.143 -15.7345 0.940783 -138.59 -15.4679 2.50346 -140.042 
11.1495 1.40111 -135.695 10.668 2.02181 -136.139 -14.9374 2.61105 -139.315 
-12.2481 4.92574 -139.6 -10.997 5.58026 -139.416 -9.53903 6.19452 -139.189 
-8.29345 6.64655 -139.065 -6.78444 6.964 -138.474 4.32792 6.95069 -137.077 
4.65218 7.36622 -138.193 3.27665 7.42923 -137.509 3.7726 7.6361 -138.238 
-5.39258 7.60119 -139.243 -7.85889 -21.9309 -137.703 -4.90498 -22.2631 -138.01 
-6.01571 -21.8382 -136.652 -3.35308 -21.8486 -137.157 -11.2244 -20.5352 -137.92 
0.300396 -20.6263 -135.992 -1.80611 -21.1452 -135.444 3.88384 -18.9934 -135.435 
-14.2771 -17.0632 -138.698 13.653 -11.1069 -134.994 14.2023 -10.679 -135.696 
14.4609 -10.1022 -135.354 15.7173 -6.13115 -134.528 15.7506 -5.34164 -134.477 
-17.8456 -5.40059 -139.824 15.0023 -3.09956 -134.907 -17.5053 -4.30758 -139.19 
-16.7707 -2.46864 -138.168 13.9052 -1.75285 -134.434 11.8822 0.542787 -135.284 
10.3547 2.1287 -134.897 -14.3131 2.89258 -138.613 -13.6006 3.68751 -138.745 
9.69725 2.91443 -135.554 -12.7723 4.27712 -138.701 9.28084 3.53043 -136.344 
-11.5972 4.98356 -138.59 8.09937 4.25735 -135.432 -10.5005 5.52133 -138.442 
6.85221 5.21141 -135.628 7.19544 5.25602 -136.285 -8.36599 6.35527 -138.217 
-9.40189 5.63988 -137.228 -7.85125 6.18383 -137.005 4.26298 6.43529 -135.746 
5.01397 6.33358 -136.182 -4.99621 7.30738 -138.016 3.10613 6.97774 -136.308 
3.13257 7.29896 -137.133 -3.8238 7.15584 -136.671 -8.87605 -20.9848 -135.944 
5.68339 -17.702 -133.712 -13.5674 -18.4147 -138.765 7.27641 -17.0316 -135.158 
8.72489 -16.0027 -134.991 10.1767 -14.6922 -134.347 11.0715 -13.8562 -134.161 
-16.273 -10.485 -137.689 14.3403 -9.67915 -134.201 14.9551 -7.61382 -133.139 
-16.4961 -8.32505 -137.302 -17.1055 -5.56884 -138.325 15.6527 -5.68298 -134.037 
15.4696 -4.74485 -133.731 15.1991 -3.92132 -133.765 12.7326 -0.703194 -132.811 
11.889 0.301149 -133.575 10.5442 1.61645 -133.428 -14.244 2.28773 -137.274 
-13.1593 3.56894 -137.67 -12.0068 4.4539 -137.72 -11.0016 4.97825 -137.526 
7.58538 4.89284 -135.997 5.45893 5.86804 -135.515 -6.70137 6.42577 -136.521 
3.10919 6.48379 -135.043 -5.44324 6.82313 -136.743 2.07195 7.01211 -135.814 
-2.7204 7.2173 -136.31 -2.59964 7.50367 -137.179 1.03834 7.16964 -135.883 
-1.77499 7.16845 -135.856 -0.0278311 7.40942 -136.484 -3.94871 -21.364 -134.875 
-12.194 -19.7111 -137.852 1.74706 -19.7857 -134.488 -12.2097 -19.0723 -136.935 
-12.5715 -19.3335 -137.956 -12.8768 -18.8856 -137.99 -13.1205 -17.8313 -137.24 
8.02697 -16.1689 -133.526 9.08461 -15.5265 -134.058 -15.1757 -13.0488 -136.874 
12.966 -11.778 -134.399 12.5164 -11.9613 -133.317 13.5027 -10.7405 -133.568 
-15.7729 -11.459 -137.076 14.0231 -9.47748 -132.605 15.3528 -5.62895 -133.115 
14.9288 -4.24012 -132.163 -16.032 -4.8008 -135.629 14.3527 -2.74659 -132.845 
13.5842 -1.65596 -132.804 -16.1398 -0.771979 -137.568 -16.0416 -1.29315 -136.733 
-15.7167 -0.303986 -136.856 9.55576 2.64815 -133.812 8.5225 3.49639 -133.76 
-11.4012 4.58743 -136.944 -12.1549 3.98006 -136.64 -11.0745 4.78845 -136.999 
-10.6956 4.80322 -136.431 -9.66919 5.08577 -135.722 -8.73471 5.5318 -135.833 
-8.35579 5.82521 -136.366 -7.6628 5.79056 -135.321 6.03988 5.13005 -134.301 
-5.81726 6.27384 -135.092 -4.73202 6.71539 -135.758 4.51241 5.95409 -134.773 
-3.68325 6.59354 -134.583 -2.94381 7.03911 -135.815 1.37818 6.64145 -134.542 
-0.10555 7.00584 -135.233 -10.8097 -20.2163 -136.51 -11.6628 -19.8472 -137.139 
-11.38 -19.6438 -136.29 3.2861 -18.8191 -132.833 -13.7639 -15.5121 -135.96 
9.47703 -14.9882 -133.175 11.0044 -13.3726 -132.297 13.2095 -10.65 -132.177 
-15.2683 -10.8903 -135.448 -15.8236 -10.4875 -136.564 15.0254 -6.24923 -131.98 
14.777 -5.24602 -130.614 14.1777 -3.15277 -130.686 13.0754 -1.43611 -130.928 
-16.0419 -2.31375 -136.235 -15.894 -1.53987 -136.181 -15.3643 -0.904104 -135.375 
-15.7766 -0.844121 -136.356 -14.9397 0.913844 -136.572 11.1936 0.682774 -131.421 
-14.0364 2.00507 -136.131 -13.6628 2.2148 -135.593 -13.0565 2.98982 -135.995 
-11.9179 3.79538 -135.62 -11.3835 4.30535 -136.036 7.30052 4.2669 -133.644 
-10.7342 4.16459 -134.49 -8.6887 5.19746 -134.605 3.58538 5.7927 -133.455 
-0.997517 6.52913 -133.586 -6.2225 -20.9632 -133.529 -3.9287 -20.9462 -132.993 
-10.403 -19.9181 -135.322 -2.45913 -20.9062 -133.641 -0.552159 -20.3939 -133.434 
-11.3682 -19.202 -135.597 1.26723 -19.5135 -131.885 -11.9458 -17.9346 -134.942 
7.00729 -16.4723 -131.463 8.93545 -15.0644 -131.522 -14.3222 -12.7704 -134.493 
12.3754 -11.6523 -131.809 13.6272 -9.62881 -131.167 14.1677 -8.65121 -131.363 
-16.0905 -9.77926 -136.858 -15.8261 -9.55385 -136.047 14.3635 -7.6303 -130.436 
-15.372 -8.08555 -134.122 14.7738 -6.58894 -131.081 14.6176 -4.18351 -130.661 
-15.6943 -2.74287 -135.02 -14.1313 1.34606 -135.131 -13.3963 2.31454 -135.13 
8.34148 3.12798 -131.72 9.79612 1.95122 -131.361 -12.143 3.44451 -135.084 
-12.8116 2.84191 -134.928 7.62973 3.86726 -132.787 5.96434 4.57145 -132.243 
-7.86131 5.46777 -134.327 -7.12426 5.38699 -133.072 1.33601 6.12632 -132.797 
-8.91569 -20.0346 -133.424 -7.91593 -20.7181 -133.841 -10.6134 -19.1814 -134.294 
-10.0331 -18.4275 -131.897 2.65432 -18.7494 -130.562 4.67611 -17.7477 -130.514 
-13.3842 -14.0391 -133.252 12.0799 -11.687 -130.579 11.4169 -12.1635 -129.121 
12.9389 -10.5205 -130.645 13.5464 -9.05124 -129.391 14.4507 -6.3335 -129.358 
14.2625 -3.96663 -129.244 -15.2322 -3.06872 -133.329 -15.4477 -2.13695 -134.482 
-15.2436 -1.75752 -134.068 -15.0713 -1.1507 -134.044 -14.6732 -0.517929 -133.655 
12.2338 -0.392328 -131.305 -14.0624 0.754882 -133.871 -13.1953 2.07497 -134.129 
-12.1583 3.14521 -134.305 6.57721 3.99819 -130.787 7.30469 3.51089 -130.223 
-9.04274 4.7708 -133.601 2.89312 5.32597 -130.76 -5.21168 6.1155 -133.827 
-4.45623 6.24407 -133.571 -3.89816 6.24195 -133.101 0.306261 5.98857 -131.681 
-3.01349 6.30209 -132.912 -7.47381 -20.5122 -132.746 -4.69717 -20.616 -131.647 
-2.6112 -20.517 -131.698 -12.1207 -16.1313 -132.672 8.07996 -15.4404 -129.739 
9.74745 -13.8688 -128.782 -13.8667 -12.3389 -132.715 12.5117 -10.6334 -128.893 
-14.4922 -10.5615 -132.946 13.9306 -7.52598 -128.244 14.4333 -5.34075 -128.778 
-15.237 -5.36696 -132.922 14.4731 -4.77731 -129.14 13.3085 -2.30896 -128.45 
11.8081 -0.431998 -128.257 -14.7816 -1.40505 -133 11.7918 -0.0869443 -130.172 
-13.7738 0.0856643 -131.892 10.5803 0.895822 -129.016 -13.8447 1.42009 -134.369 
9.66554 1.8177 -129.838 8.96192 2.48384 -130.449 -11.8292 2.93143 -132.957 
8.4208 2.88281 -130.373 7.99581 3.11747 -130.167 -10.7388 3.70312 -132.824 
-9.52239 4.23959 -132.332 5.18817 4.56933 -130.581 -4.94652 5.97125 -132.884 
-3.76628 6.03245 -132.13 -3.56156 6.21831 -132.719 -1.88764 5.98741 -131.34 
-3.9554 5.60604 -130.406 0.342038 5.6291 -130.091 -6.68551 -19.902 -130.473 
-0.677321 -19.9436 -130.737 0.94496 -19.2009 -129.153 2.93589 -18.2939 -128.067 
6.49983 -16.4422 -128.911 -13.3683 -13.1576 -132.1 13.4844 -8.43435 -127.53 
14.1851 -4.61178 -127.957 -12.9538 1.61355 -132.462 8.38009 2.70086 -129.348 
5.9326 4.01346 -129.342 7.41148 3.30463 -129.374 -10.7968 3.40105 -131.89 
4.42935 4.70447 -129.83 -5.19079 5.66079 -131.755 -3.94455 -20.2536 -130.015 
-2.20938 -20.1085 -129.806 -1.01665 -19.6664 -128.59 7.9714 -15.2283 -127.596 
-12.7279 -14.2566 -131.538 -11.8102 -15.4696 -130.538 -13.1178 -12.9774 -131.029 
10.8906 -12.4329 -127.309 -13.5639 -12.2849 -131.637 11.8364 -11.1338 -126.917 
-13.9021 -11.3498 -131.727 12.8557 -9.44797 -126.756 -14.5349 -8.4858 -131.359 
-14.7994 -6.65252 -131.494 13.9682 -5.8567 -126.891 -14.548 -4.21364 -130.346 
13.7379 -3.47512 -127.187 13.1217 -2.43455 -126.362 12.3291 -1.27652 -126.485 
-14.3557 -1.99177 -131.058 -12.8172 1.32934 -131.347 8.76458 2.09878 -127.708 
-11.6346 2.39763 -130.736 7.14628 3.1913 -128.173 5.26802 3.90033 -127.242 
3.55119 4.78178 -128.642 2.30215 5.22934 -129.208 1.65986 5.41645 -129.631 
-6.0536 5.14974 -130.289 0.941003 5.30501 -128.506 -1.9175 5.43889 -128.727 
-8.73016 -18.5821 -129.26 4.86455 -17.2836 -127.625 -10.8032 -16.9344 -130.252 
9.07004 -14.1475 -126.204 -12.2766 -13.6969 -129.166 10.1402 -13.1243 -126.439 
-13.3673 -11.7617 -130.331 -14.0323 -10.0438 -130.776 13.394 -7.83341 -125.923 
-14.174 -7.03368 -129.083 13.8239 -4.34108 -126.345 -13.3752 -0.328394 -129.8 
11.1133 -0.0775039 -125.86 10.1383 0.931987 -126.874 -11.8408 1.42576 -128.159 
-12.7388 1.01305 -130.362 -10.1271 3.52934 -130.644 -8.33691 4.32482 -130.031 
2.23517 5.12452 -128.545 -4.56231 -19.9949 -128.825 -2.92767 -19.8594 -128.099 
-9.85322 -18.0105 -130.053 -0.0851481 -19.2202 -126.97 1.33349 -18.7982 -126.94 
6.43539 -16.1627 -126.146 7.92716 -15.0537 -125.641 -11.2866 -16.0882 -129.903 
-10.9996 -16.2438 -129.258 -11.4658 -15.4657 -129.371 10.9038 -12.0525 -125.339 
-12.8799 -11.8117 -128.472 -13.9361 -9.38966 -129.675 -14.1356 -8.73993 -129.936 
13.4174 -6.43419 -123.98 13.587 -4.65245 -124.595 13.3417 -3.31311 -125.075 
11.8079 -0.834378 -125.25 -13.0858 -0.482957 -128.156 9.06447 1.66561 -126.19 
7.99776 2.28479 -125.766 6.87932 2.97473 -126.239 -10.4717 3.14208 -129.67 
-9.72009 3.55153 -129.334 -9.15093 3.72873 -128.453 -8.16517 4.18053 -128.323 
-6.86418 4.58949 -128.146 2.04377 5.0083 -127.623 2.99246 4.5282 -126.311 
0.970283 5.12794 -127.279 -4.67136 5.11625 -128.321 -0.536188 5.10488 -126.587 
-7.11193 -18.8064 -126.886 -4.74696 -19.5789 -127.053 -1.53865 -19.5179 -126.904 
-9.74269 -17.6451 -128.848 0.634446 -18.8462 -125.531 -10.4402 -16.7722 -128.713 
3.80599 -17.7054 -126.26 4.9189 -17.0639 -125.708 -10.942 -15.5954 -127.847 
9.81546 -13.2044 -124.662 11.9172 -10.335 -124.094 -13.5519 -10.2296 -129.058 
12.7796 -9.00922 -124.829 -13.841 -8.84012 -128.778 13.3405 -3.93426 -123.438 
-14.3262 -2.79185 -129.957 -14.2563 -3.03975 -129.387 -13.9065 -1.97355 -129.084 
12.4332 -1.73712 -124.693 11.1767 -0.38597 -124.026 9.25775 1.22591 -124.265 
-10.6101 2.44809 -126.591 -9.9576 3.08766 -127.622 -10.6573 2.83352 -128.971 
7.22456 2.68549 -125.46 -9.92289 3.32478 -128.674 -10.1802 3.24868 -129.099 
-9.24088 3.59571 -127.753 -8.64891 3.87654 -127.625 -7.88195 4.17253 -127.428 
1.23413 4.92239 -126.332 -5.56658 4.68022 -126.36 -3.29957 4.98843 -126.167 
-2.75302 -19.4867 -125.921 -0.98274 -19.158 -125.088 -8.80078 -17.973 -127.475 
2.32158 -18.2204 -125.054 4.02319 -17.4341 -124.676 -9.7906 -16.9013 -127.109 
7.38562 -15.3022 -124.09 8.69962 -14.255 -124.341 -11.4994 -14.1324 -126.836 
-12.4639 -12.6133 -127.996 -12.1087 -13.0609 -127.297 -13.0451 -10.5039 -127.197 
-13.4841 -9.46523 -127.825 12.5648 -9.11875 -123.694 12.9768 -8.15007 -123.8 
-14.0463 -4.84884 -127.927 -14.0012 -3.22121 -128.215 13.4741 -4.45062 -123.577 
12.8518 -2.75883 -122.987 -13.3293 -1.67235 -126.913 -12.5972 0.0178154 -126.916 
6.95781 2.65199 -124.3 4.7767 3.67657 -124.689 -9.11999 3.58293 -127.213 
-8.38463 3.85796 -126.695 -7.26003 4.24465 -126.456 2.0269 4.39033 -124.156 
0.202523 4.78573 -124.805 1.65229 4.6885 -125.332 -5.44028 -19.0821 -125.128 
-3.88078 -19.2757 -124.612 -8.62784 -17.3578 -125.139 0.495371 -18.6708 -123.71 
5.56088 -16.4767 -123.549 9.37456 -13.4635 -123.177 -11.8043 -12.8465 -125.531 
10.4217 -12.2037 -122.838 -12.4588 -11.9934 -126.915 -13.2957 -9.45514 -126.964 
12.3779 -8.99804 -122.073 -13.5413 -8.26186 -126.916 12.9821 -7.52922 -122.326 
13.1466 -6.34696 -121.505 -13.6624 -6.03886 -126.2 13.3618 -4.89957 -122.643 
-13.5767 -3.65881 -125.863 13.0953 -3.75185 -121.727 11.8867 -1.36294 -122.34 
-12.5584 -0.442014 -125.391 -11.8945 0.938125 -125.998 -11.3086 1.78776 -126.377 
-9.90425 2.99134 -126.446 -9.22773 3.38858 -126.363 4.95758 3.54838 -123.799 
5.41311 3.29051 -123.194 -4.67976 4.59368 -124.224 -3.41135 4.83247 -124.679 
-2.13702 4.8423 -124.49 -2.43252 -19.1989 -124.08 -1.19252 -18.891 -122.763 
-6.67936 -18.3284 -123.709 1.86907 -18.1551 -122.49 3.53209 -17.5032 -122.777 
-9.72974 -16.3655 -125.343 -10.0598 -15.863 -124.985 -10.278 -15.9396 -126.076 
7.25088 -15.235 -122.127 -10.7936 -15.1323 -126.105 8.42922 -14.3174 -122.686 
-12.4091 -11.1175 -125.152 11.1793 -10.8113 -120.621 -13.015 -9.46404 -125.686 
-13.0698 -7.49955 -123.958 13.1719 -5.40769 -120.778 13.1773 -4.57026 -120.956 
12.48 -2.5352 -120.449 -13.1191 -2.05834 -124.978 10.4397 0.0600543 -121.828 
-11.247 1.62972 -125.307 -10.7005 2.24985 -125.636 7.81972 2.01418 -122.772 
6.56295 2.57941 -121.596 -9.70136 2.93871 -125.289 -8.12656 3.71564 -125.097 
3.43834 3.97186 -123.333 4.51542 3.64938 -123.316 -6.47304 4.28801 -125.052 
-4.83315 -18.9204 -123.447 -3.1924 -18.9179 -122.235 -9.79838 -15.5769 -123.434 
-10.3667 -15.4188 -125.07 -10.9366 -14.2796 -124.743 9.3658 -13.289 -121.696 
12.047 -9.14207 -119.636 -12.5826 -9.62403 -123.669 12.6757 -7.73979 -120.428 
13.0648 -5.02369 -119.779 -13.2332 -4.69775 -123.561 -13.3441 -3.53613 -124.34 
-13.319 -3.004 -124.595 11.3329 -0.943582 -119.798 -12.5019 -0.941121 -123.787 
-11.4301 0.878515 -123.783 8.53111 1.39428 -120.825 -10.5189 2.15577 -124.519 
-9.61213 2.81132 -124.035 5.19795 3.24268 -121.744 -9.45456 3.02406 -124.513 
-9.00268 3.2026 -124.207 4.55059 3.55224 -122.318 -8.13929 3.53735 -123.805 
3.48474 3.86534 -122.228 -6.63395 3.9815 -123.28 1.85228 4.2388 -122.328 
-0.936514 4.49921 -122.264 -3.4174 4.75929 -124.084 -5.14329 -18.484 -121.291 
0.37669 -18.4795 -121.507 -7.97271 -17.5305 -123.449 2.69919 -17.7834 -121.506 
-8.76695 -16.8124 -123.422 3.63226 -17.294 -120.37 4.84215 -16.7645 -121.567 
6.16697 -15.9448 -121.042 7.34122 -15.044 -120.375 8.35369 -14.2166 -120.993 
-11.3579 -13.0538 -123.744 9.29307 -13.1976 -120.046 10.1031 -12.3347 -120.84 
-11.8179 -12.0939 -123.979 12.8448 -6.29063 -118.794 12.937 -4.01666 -119.63 
12.4917 -3.00532 -117.79 -12.9541 -2.62432 -123.174 12.0058 -1.8877 -118.545 
10.0289 0.269421 -119.699 -10.0675 2.22713 -123.143 7.20896 2.11223 -119.824 
5.27875 3.06898 -120.428 -8.61215 3.10361 -122.664 3.9846 3.57862 -120.802 
2.09456 4.05839 -120.827 0.743769 4.30937 -121.116 -5.13054 4.36361 -122.929 
-4.48449 4.49264 -122.931 -3.37701 4.61684 -123.202 -1.36021 -18.6431 -120.453 
-6.58545 -17.9989 -121.427 1.92038 -17.9789 -120.611 -7.43129 -17.7038 -122.413 
-8.32994 -16.9468 -122.244 5.22619 -16.4595 -119.959 -9.02152 -16.3655 -122.734 
6.52493 -15.5468 -118.786 -10.8636 -13.4537 -122.418 8.16729 -14.2343 -119.211 
-11.2282 -13.0143 -122.996 -11.4566 -12.4047 -122.804 10.1597 -12.1137 -119.487 
-12.019 -10.9835 -122.836 10.6076 -11.3454 -117.918 11.4496 -10.1054 -118.531 
11.8677 -9.20419 -117.744 12.3613 -8.06287 -118.301 12.9436 -4.97413 -118.675 
11.3689 -1.0815 -117.781 10.3953 -0.148476 -117.923 9.09043 0.882871 -118.319 
7.71567 1.74617 -118.539 -9.82532 1.93661 -120.748 6.94005 2.19152 -118.936 
6.1185 2.60398 -119.306 -6.87811 3.69803 -121.342 2.61429 3.78187 -119.218 
-4.58948 4.24825 -121.582 0.0289214 4.16521 -119.009 -3.31653 -18.4986 -119.097 
-5.95726 -18.1012 -120.318 0.566471 -18.2295 -119.153 -7.53405 -17.2694 -120.763 
4.67086 -16.7214 -118.965 -9.07499 -15.9969 -121.651 5.43844 -16.2836 -118.724 
-10.2291 -14.3687 -121.734 9.34543 -12.9476 -118.214 -11.3678 -11.714 -120.891 
-12.0269 -9.94246 -120.962 -12.3077 -9.80536 -122.314 -12.4983 -8.50654 -121.674 
12.8353 -5.33268 -117.398 12.7939 -4.28609 -117.55 -12.8545 -3.62909 -121.398 
11.8003 -1.78555 -116.625 -12.5837 -2.28486 -121.047 -11.9079 -0.604907 -121.337 
-8.09687 3.15346 -120.817 4.55115 3.16053 -118.508 -2.82468 4.27462 -119.667 
-5.37059 -17.9997 -118.651 -6.61736 -17.6418 -119.68 -1.25983 -18.4304 -118.046 
2.46257 -17.6851 -118.926 -8.38893 -16.5252 -120.811 3.80611 -17.1206 -118.399 
-8.85757 -15.7717 -119.922 5.19385 -16.3296 -117.158 -9.75789 -14.6526 -120.417 
6.49971 -15.4874 -116.908 -10.4637 -13.6217 -120.825 7.88896 -14.3085 -116.963 
-10.8354 -12.8531 -120.73 9.665 -12.3651 -115.717 10.6245 -11.1748 -116.286 
11.2086 -10.2985 -116.852 -11.6422 -10.2479 -119.221 12.096 -8.52617 -117.07 
12.2626 -7.7059 -116.191 -12.6488 -5.58031 -120.065 -12.3971 -2.7248 -119.168 
12.1732 -2.58162 -115.497 6.53915 2.31573 -118.053 5.72003 2.69046 -118.101 
-7.17707 3.53018 -120.18 -5.9374 3.82837 -119.514 -4.47316 4.1419 -119.632 
0.195093 -18.1964 -117.257 1.75686 -17.8244 -117.368 -7.27826 -17.1441 -119.253 
-7.98351 -16.5027 -119.195 3.02101 -17.4203 -117.471 3.83825 -17.053 -117.171 
6.10338 -15.7655 -116.438 6.50028 -15.3887 -115.138 -10.6132 -12.6459 -119.141 
11.6608 -9.26891 -115.965 -12.1109 -8.30751 -118.822 12.6359 -6.06745 -116.07 
12.6958 -4.81417 -115.88 12.5479 -3.65288 -115.85 -12.2977 -1.67381 -120.184 
-11.8773 -0.972874 -119.22 10.7024 -0.577501 -115.988 -10.8476 0.623291 -118.843 
8.1691 1.37803 -116.967 7.13288 1.94734 -117.019 5.7148 2.58155 -116.846 
-7.74761 3.14529 -119.092 2.45843 3.60006 -116.837 4.34602 3.10074 -116.724 
-4.22095 4.04226 -117.848 -6.91956 -16.949 -117.373 0.99699 -17.9311 -115.651 
3.28208 -17.2118 -115.577 8.24026 -13.8812 -114.644 -11.2401 -11.3016 -119.157 
10.7975 -10.6806 -114.76 11.5666 -8.96268 -113.593 12.251 -6.85725 -113.697 
-12.3025 -6.38393 -117.736 12.4522 -4.12588 -113.785 12.3327 -3.16025 -114.491 
12.0567 -2.52691 -113.935 11.3471 -1.44003 -113.981 9.2588 0.597604 -116.22 
-9.8769 1.78192 -118.642 -9.00084 2.41786 -118.394 -7.67065 2.99368 -116.866 
-6.08321 3.60189 -117.262 -2.4113 4.19533 -117.869 -1.5429 4.06711 -116.252 
0.347431 3.98206 -116.799 -2.45306 -18.3246 -116.476 -4.15544 -18.1177 -116.668 
-0.78027 -18.2478 -115.987 -8.11705 -15.9445 -117.586 4.96623 -16.4018 -115.29 
-8.65005 -15.6203 -118.524 -9.17967 -15.0114 -118.766 -8.94967 -14.7848 -117.009 
-9.68377 -13.9297 -117.895 -10.0487 -12.4678 -115.711 -11.1921 -10.6565 -117.516 
-11.7081 -9.54105 -118.115 12.5404 -5.44622 -114.381 -12.2612 -4.45217 -116.256 
-12.4595 -3.89462 -118.059 -12.1861 -2.75516 -116.86 -11.4074 -0.639114 -116.599 
9.4753 0.265911 -113.479 7.33484 1.64896 -114.962 -9.4737 1.762 -116.486 
4.55365 2.84774 -114.673 2.36932 3.49752 -114.64 -3.18848 4.08646 -116.644 
0.464642 3.84234 -115.009 -1.79504 -18.1847 -114.451 -5.48646 -17.6348 -116.236 
1.91981 -17.678 -114.767 -8.00416 -15.6237 -115.862 4.38552 -16.7161 -114.257 
5.42992 -16.1217 -114 -9.51937 -13.7841 -116.612 9.10852 -12.9191 -113.334 
10.0076 -11.7827 -113.372 -11.6778 -9.0048 -116.978 -11.9408 -7.1205 -115.911 
11.8154 -7.94747 -111.604 12.3623 -5.41717 -112.536 12.2363 -4.22888 -111.349 
12.1928 -3.32417 -112.249 12.2342 -3.10409 -113.364 -6.28867 3.43854 -115.725 
-4.18868 3.79557 -114.689 -1.5346 3.90202 -113.828 -3.41079 -18.061 -114.676 
-4.62469 -17.8291 -114.983 -0.184843 -18.0804 -114.211 -6.15701 -17.1589 -115.34 
1.10954 -17.8637 -114.132 2.26733 -17.5263 -113.44 -6.996 -16.3893 -114.783 
3.69919 -17.0118 -113.451 3.82648 -17.0009 -114.485 4.93792 -16.3667 -112.662 
-8.84382 -14.4142 -115.24 -9.38056 -13.7965 -115.928 6.10497 -15.6111 -112.687 
7.73287 -14.2266 -111.802 9.52472 -12.2426 -111.115 10.6636 -10.6172 -112.24 
12.1564 -6.56575 -111.59 12.1698 -5.5981 -110.426 11.8632 -2.35099 -112.363 
11.3219 -1.42842 -111.889 10.6199 -0.660044 -112.083 -10.2754 0.968393 -114.474 
7.9079 1.24283 -112.815 6.43946 1.92551 -111.813 -7.0466 3.03286 -114.042 
2.95408 3.24818 -112.959 0.112627 3.78038 -113.128 1.43509 3.62628 -113.521 
-2.65299 -17.9709 -112.668 -5.39273 -17.4835 -114.616 -1.06497 -18.0429 -112.615 
0.739801 -17.8455 -112.427 1.93712 -17.5773 -111.829 -8.05675 -14.9537 -113.396 
-9.38664 -13.5784 -115.25 -11.1748 -9.35493 -114.558 11.2592 -9.37297 -111.367 
11.8924 -7.16853 -109.791 11.8958 -2.90912 -110.38 -12.1311 -2.8085 -115.599 
11.5213 -1.84549 -110.768 -11.9106 -1.80981 -115.654 -11.64 -1.08474 -114.873 
9.87972 -0.0598683 -110.889 8.41707 0.901728 -111.25 -8.97519 2.08374 -113.689 
4.52121 2.73078 -112.157 1.36627 3.48622 -111.536 -0.882993 3.74097 -111.622 
-4.5142 -17.5579 -112.845 -5.95269 -16.9977 -113.682 2.94397 -17.248 -111.714 
-6.80876 -16.2222 -113.029 4.2139 -16.7007 -111.624 5.64642 -15.7989 -109.938 
-9.14122 -13.6192 -114.087 11.4066 -8.77892 -109.881 -11.9236 -5.16807 -113.594 
11.9856 -4.47124 -108.504 -12.1185 -3.09768 -114.996 -11.8841 -2.01189 -114.48 
11.2865 -1.70782 -108.945 -11.5914 -1.11529 -113.936 -11.1404 -0.218405 -113.781 
10.8987 -1.01056 -110.499 -10.314 0.948586 -112.875 -9.75512 1.5407 -113.209 
5.00637 2.46599 -110.337 3.41393 3.00254 -110.92 -2.62929 3.81408 -112.265 
-1.81326 -17.9375 -111.047 -3.21273 -17.6676 -110.222 -0.32092 -17.8879 -110.703 
1.74771 -17.5096 -109.874 -5.89011 -16.6648 -111.547 3.66905 -16.8771 -110.286 
-8.80494 -13.8866 -113.051 -8.82995 -13.4706 -111.731 -9.12289 -13.3662 -112.936 
8.73067 -13.2053 -109.12 -9.69232 -12.2542 -112.788 -10.4264 -10.9419 -113.542 
10.63 -10.441 -109.873 -11.66 -7.111 -113.448 11.985 -6.12515 -108.664 
-11.9656 -3.19958 -113.817 11.7305 -2.85018 -108.28 -11.5165 -1.41919 -112.654 
10.3151 -0.501483 -108.987 9.04922 0.476853 -109.25 -10.7876 0.323089 -112.268 
7.64162 1.28806 -109.732 6.28163 1.89069 -108.841 -7.79934 2.72645 -111.957 
-5.06888 3.54174 -111.839 -3.7052 3.74458 -111.73 -4.68318 -17.2147 -110.546 
-7.07229 -15.7271 -111.775 7.66217 -14.2782 -108.621 9.77687 -11.7917 -108.46 
-10.6088 -9.77994 -111.25 10.5577 -10.4387 -107.898 11.0857 -9.41146 -108.601 
11.5073 -8.27425 -108.424 -11.2991 -8.00896 -112.088 11.7925 -7.16728 -108.12 
-11.567 -6.06536 -111.104 -11.1152 -0.278405 -112.363 -10.2587 0.913966 -111.613 
-9.20033 1.87538 -111.733 8.09308 0.977181 -107.565 5.09721 2.37809 -109.106 
-6.5611 3.15431 -111.077 -7.33107 2.9336 -111.036 4.09188 2.71664 -109.195 
2.41616 3.13958 -109.181 -2.54462 3.64902 -109.663 0.200355 3.48952 -109.214 
-1.33814 -17.8108 -109.028 3.73081 -16.7944 -108.398 2.36899 -17.289 -107.583 
-6.66886 -15.7777 -110.04 5.42178 -15.9413 -106.541 -7.76984 -14.7007 -110.719 
6.96016 -14.879 -106.98 8.48209 -13.5095 -107.818 9.13118 -12.6872 -107.228 
-9.61721 -11.6598 -110.173 10.0539 -11.1905 -106.131 11.0259 -9.30812 -106.975 
11.5325 -7.90096 -107.181 -11.1462 -7.85186 -110.256 11.7682 -6.45616 -106.664 
-11.6686 -3.35911 -111.257 11.6836 -3.18457 -106.298 11.3693 -2.04059 -107.162 
-11.4112 -1.63977 -110.822 -10.8039 -0.126291 -110.588 10.6283 -0.942798 -107.16 
9.61025 0.0376555 -107.579 -9.82372 1.24531 -110.403 -8.92644 1.97828 -109.795 
-7.64306 2.72308 -110.036 4.99986 2.35116 -108.006 -6.35839 3.14527 -109.344 
-4.82642 3.43436 -109.171 3.65046 2.74106 -107.418 -4.03447 3.64248 -110.59 
-2.4448 -17.7156 -108.481 -3.3521 -17.4461 -107.944 -4.30358 -17.1994 -108.999 
0.173663 -17.7682 -109.097 0.672866 -17.5852 -106.855 -5.53153 -16.5187 -109.088 
3.57091 -16.8457 -106.12 -7.20053 -14.8798 -108.507 -8.52148 -13.1792 -108.82 
8.29444 -13.6581 -106.475 -10.299 -9.98099 -109.086 -10.8654 -8.73218 -109.824 
11.3129 -8.29974 -105.739 -11.4095 -4.51748 -108.183 -11.2346 -1.79871 -108.838 
9.54374 -0.0500646 -105.139 6.87159 1.5957 -107.028 5.91688 1.99504 -107.289 
-1.88349 -17.6269 -106.684 -6.38734 -15.7671 -108.534 4.86462 -16.28 -104.86 
-6.11494 -15.6047 -106.552 9.16114 -12.587 -105.659 -10.6886 -9.14181 -109.458 
10.771 -9.6964 -105.117 -10.9271 -8.08579 -108.622 -11.3175 -6.54195 -109.116 
11.8489 -4.71665 -106.123 11.7364 -5.64594 -104.73 11.0357 -1.62605 -105.428 
-9.57234 1.18135 -107.994 7.39061 1.26824 -105.353 -8.35433 2.27993 -108.666 
-7.50086 2.71775 -108.263 6.30385 1.80613 -106.147 -6.78343 2.99491 -108.492 
5.0279 2.26749 -106.24 -5.88921 3.19994 -108.057 1.72756 3.12828 -106.563 
3.60089 2.65088 -105.168 -3.21341 3.47861 -106.614 -3.49707 -17.215 -105.976 
-4.61337 -16.8181 -107.292 2.20448 -17.3143 -106.439 5.84466 -15.7297 -104.618 
-7.66256 -13.8693 -106.482 6.95769 -14.8819 -104.856 7.70797 -14.2388 -105.543 
8.61157 -13.1836 -103.909 9.52582 -11.9964 -104.814 -8.67711 -12.4298 -106.548 
-9.59441 -10.9816 -107.487 10.1055 -10.8761 -103.529 10.775 -9.61034 -104.047 
-10.6158 -9.10678 -108.651 11.089 -8.81859 -104.414 11.4334 -7.36619 -104.091 
-11.1858 -6.52028 -107.736 11.7061 -4.08696 -104.325 11.4408 -2.56699 -104.219 
-10.6688 -0.248688 -108.375 10.6889 -1.07715 -104.084 -8.03219 2.33368 -107.18 
-6.60672 2.92854 -106.965 -4.99652 3.28405 -106.502 -0.861707 3.44026 -106.49 
-2.49301 -17.4148 -104.471 -4.69904 -16.5338 -105.24 2.32547 -17.239 -105.329 
3.76644 -16.7139 -103.636 5.3403 -16.0241 -103.556 -6.91093 -14.5813 -105.258 
-8.32305 -12.741 -105.459 -10.4606 -9.14471 -107.678 10.8883 -9.08592 -102.936 
-10.8339 -7.65504 -106.666 11.5722 -5.54795 -102.427 11.454 -3.2602 -102 
-11.2269 -2.42187 -106.402 11.1356 -1.69178 -104.146 -10.6531 -0.589388 -106.19 
11.0247 -1.68512 -102.857 8.19795 0.816175 -103.537 5.81093 1.93168 -104.83 
4.78266 2.29403 -104.894 2.23543 2.96085 -104.634 0.772547 3.16426 -103.799 
-3.74286 -16.995 -104.202 -0.682168 -17.5979 -104.24 1.39721 -17.3858 -103.586 
5.53555 -15.8763 -101.477 6.45608 -15.3049 -103.276 7.49236 -14.4418 -103.186 
-7.72929 -13.2866 -104.191 8.02804 -13.9203 -102.061 -9.13419 -11.0696 -104.399 
9.53466 -11.8244 -101.681 -10.2777 -8.93451 -105.623 10.3743 -10.021 -99.7466 
11.1971 -7.70411 -101.462 -11.155 -5.90178 -106.249 10.1948 -0.581789 -102.814 
9.20127 0.214953 -102.724 6.5635 1.56584 -103.003 -7.32765 2.55536 -105.251 
-8.62553 1.8905 -105.892 -5.87513 3.04156 -105.205 4.6286 2.26584 -103.306 
2.7316 2.77924 -103.147 -4.9102 3.2512 -104.958 -3.94221 3.36948 -104.715 
-2.06541 3.37338 -103.362 -3.11524 -17.154 -102.947 -1.88532 -17.4567 -102.799 
-0.729009 -17.5851 -102.496 0.0841656 -17.5883 -102.918 -4.52038 -16.5087 -103.658 
-5.63331 -15.6022 -103.719 -6.34736 -15.1659 -104.922 7.08741 -14.8094 -101.849 
8.7973 -12.9708 -101.141 -10.7066 -7.75671 -105.471 -10.9214 -6.91888 -105.43 
-11.0337 -5.91454 -104.611 -11.1933 -3.94168 -104.877 11.5271 -4.62038 -100.4 
11.4599 -3.54904 -100.334 -11.1824 -2.36765 -105.078 11.1951 -2.58239 -99.997 
-11.0729 -1.64778 -105.321 11.0134 -1.87527 -101.152 10.521 -1.00858 -101.378 
9.50806 -0.0835603 -100.709 -9.5241 1.04914 -104.915 7.89125 0.924568 -101.268 
-8.31853 1.99805 -104.179 6.41307 1.59381 -101.175 5.31754 1.99154 -101.662 
-6.12561 2.87788 -103.328 -5.2955 3.1415 -104.228 -4.60247 3.27679 -104.076 
-3.96966 -16.7846 -102.977 -2.74911 -17.1297 -101.46 -1.32691 -17.4509 -101.191 
0.453945 -17.4715 -101.323 3.09628 -16.9183 -100.768 -6.68352 -14.5942 -103.962 
6.79532 -15.0543 -100.758 7.76574 -14.1506 -100.211 9.50953 -11.8695 -100.106 
-10.1831 -8.57874 -103.363 -10.7089 -7.28394 -104.275 11.0961 -7.72576 -99.2137 
11.4195 -6.21955 -99.9795 -10.8664 -1.53627 -103.556 -10.2425 0.0700617 -104.153 
10.4008 -1.05083 -99.3377 -8.94173 1.46528 -102.577 -7.40254 2.46364 -103.819 
-5.04026 3.1674 -103.454 1.62555 2.96015 -101.603 3.54207 2.48653 -100.513 
-4.11655 3.28234 -102.981 -3.69829 -16.7976 -101.912 -4.53177 -16.3134 -102.248 
4.7201 -16.3641 -100.253 -5.29879 -15.5197 -101.373 5.45304 -16.0148 -99.7976 
6.48977 -15.2795 -99.4156 -6.76791 -14.0143 -101.692 8.9406 -12.6893 -98.9286 
-10.6364 -7.16543 -102.977 -10.9198 -5.56766 -102.427 11.4548 -5.19264 -98.8238 
11.3788 -3.76558 -98.8639 9.4537 -0.0781921 -99.0314 8.19525 0.699927 -98.11 
-9.74184 0.783028 -103.516 6.54012 1.49866 -99.4116 -7.69935 2.25741 -102.511 
5.35763 1.94947 -100.308 -5.05269 3.13954 -102.839 -0.159779 3.20626 -101.201 
1.33935 -17.359 -99.2282 -0.576831 -17.4074 -98.959 2.80471 -17.0952 -97.8513 
4.60607 -16.4166 -98.8605 5.65904 -15.8934 -98.9407 -8.41992 -11.7233 -101.729 
9.69294 -11.5071 -99.108 -9.19318 -10.586 -102.427 -9.62804 -9.72924 -102.542 
-10.4866 -7.35942 -101.878 -11.0915 -3.35963 -102.74 -11.0288 -2.37652 -102.044 
10.9727 -2.23064 -98.0984 -10.757 -1.49966 -100.841 -10.0745 0.218761 -102.507 
-8.31634 1.9469 -102.246 -8.20268 1.96847 -101.607 -7.58614 2.27847 -101.371 
-6.48975 2.62136 -100.757 -4.95125 3.08473 -101.729 1.19394 2.96971 -99.6316 
-3.36201 3.2672 -100.863 -1.80138 3.3071 -100.596 -2.21714 -17.1513 -99.9077 
-3.85449 -16.3851 -99.822 5.98482 -15.628 -97.5381 7.72898 -14.1251 -97.3263 
8.9733 -12.5996 -96.9049 -7.60322 -12.7184 -100.389 9.7548 -11.3201 -97.6105 
-8.93395 -10.4894 -99.8992 -9.43938 -9.79354 -101.111 10.2498 -10.3015 -97.4335 
-10.0293 -8.60238 -101.589 10.9235 -8.15762 -97.4074 10.5472 -9.42432 -96.9951 
11.2694 -6.35745 -97.4195 11.365 -4.72603 -97.4029 -11.018 -3.3175 -100.753 
11.1914 -3.34067 -96.7539 10.757 -1.85802 -96.111 10.5262 -1.23213 -97.5685 
-10.4292 -0.450256 -101.499 10.1692 -0.701817 -97.8074 -10.0876 0.20824 -101.169 
9.5681 -0.182517 -97.8432 -9.6195 0.753132 -101.244 -8.72613 1.46556 -100.416 
-7.76053 2.11884 -100.534 4.85288 2.08049 -98.5429 -4.57564 3.04209 -99.6124 
-2.59185 3.24324 -99.1804 -0.855545 3.16529 -98.609 1.02802 -17.4165 -97.1875 
4.43364 -16.5286 -96.7557 -5.55607 -14.9431 -99.2777 -6.91303 -13.3128 -98.5414 
8.65665 -13.0757 -95.1202 -8.11887 -11.7428 -99.3407 9.49591 -11.7394 -95.5423 
-9.62393 -8.92438 -99.155 -9.86898 -8.73895 -100.482 -10.2498 -7.67259 -100.203 
-10.6605 -6.5304 -100.793 11.0866 -7.33823 -96.2348 -10.8571 -5.76263 -100.852 
-10.7257 -5.97853 -99.7269 -10.9336 -4.91534 -100.299 -10.8105 -2.23182 -98.9119 
-10.5525 -1.04136 -99.4053 -9.88199 0.179449 -99.6617 9.06833 0.170693 -96.3307 
-8.81203 1.27284 -99.0038 6.08829 1.63319 -97.1237 -7.5135 2.06441 -98.5019 
3.61718 2.43504 -98.5294 2.24168 2.74126 -98.0498 -3.50101 3.19388 -99.1163 
0.766667 3.01542 -98.2596 -2.24965 -17.0025 -97.9367 -0.656591 -17.3185 -95.9656 
2.1102 -17.3288 -96.3022 3.18408 -17.0618 -95.4514 4.59823 -16.5146 -95.089 
5.70876 -15.8638 -95.605 6.91517 -14.9752 -95.7858 7.76871 -14.2004 -95.161 
-7.85405 -11.7599 -97.1436 -8.79216 -10.3418 -97.9689 9.2838 -12.124 -94.1279 
10.1619 -10.3092 -95.5975 10.7959 -8.21627 -94.9431 -10.5145 -6.75193 -99.6312 
11.139 -6.62677 -95.3426 -10.7798 -5.20427 -98.8132 -10.9315 -3.77306 -98.9742 
-10.9948 -3.08498 -99.5501 11.0743 -2.97456 -95.188 9.98555 -0.630633 -96.3369 
7.10696 1.23806 -96.1183 8.1165 0.729093 -95.3204 4.89966 2.0425 -96.9767 
-5.69112 2.72022 -98.242 3.74769 2.3637 -97.1438 -3.39283 3.05439 -97.0896 
0.522655 2.99378 -96.9332 -2.40793 -16.8585 -95.8166 -3.35618 -16.4853 -97.2275 
-4.50195 -15.6654 -97.1121 -5.74185 -14.4847 -97.0249 -4.98722 -15.0798 -95.6409 
-6.38288 -13.7219 -96.6484 7.27592 -14.7304 -94.7913 -6.97172 -12.8779 -96.1177 
9.76528 -11.1693 -94.1401 10.1998 -9.90238 -92.479 -10.2949 -6.77103 -97.8827 
-10.6975 -4.59119 -97.109 11.2216 -4.7286 -94.954 -10.7672 -3.04896 -97.3334 
11.034 -3.12725 -93.6442 10.8322 -2.13342 -94.4995 10.3245 -1.17981 -94.4836 
-10.3675 -0.802186 -98.2818 9.2999 -0.0937809 -94.2881 -9.78251 0.0699271 -97.4255 
-8.87158 1.08897 -97.6758 6.19699 1.59124 -95.6952 -6.43878 2.50842 -97.3643 
4.74828 2.02381 -95.0932 2.24601 2.65679 -95.8409 -1.12187 3.09775 -96.3509 
1.53384 -17.3981 -94.6722 -3.5114 -16.2833 -95.6656 5.43584 -16.0734 -94.2179 
6.66195 -15.2198 -94.2883 -5.78288 -14.0743 -94.532 7.50658 -14.5103 -94.1621 
8.12862 -13.8249 -93.9199 8.74722 -12.9861 -93.2453 9.507 -11.6629 -92.6315 
11.0687 -6.30804 -93.2659 -10.3794 -5.33405 -94.5457 11.1802 -5.06245 -93.1345 
-10.5928 -3.2128 -95.308 11.1343 -4.18203 -92.7145 -10.2945 -1.25273 -96.2952 
10.6307 -1.91187 -92.9243 7.97273 0.7176 -92.5078 -8.97777 0.793354 -95.2272 
-7.72344 1.82809 -96.2732 6.75491 1.34428 -94.6312 -6.75946 2.3612 -96.6649 
-5.60686 2.68836 -96.4474 0.0770321 2.94469 -94.5355 0.104537 -17.4185 -93.2694 
-1.67071 -17.0337 -93.7374 1.29047 -17.4681 -92.752 -2.83208 -16.6007 -94.5286 
2.86485 -17.1919 -93.9266 4.21829 -16.6853 -93.4215 -4.22798 -15.7312 -95.3217 
7.41607 -14.5635 -92.872 8.2045 -13.7514 -93.0603 -7.69758 -11.6742 -95.0253 
-8.54737 -10.3634 -95.6394 -9.40992 -8.79496 -96.487 10.8897 -2.9884 -91.7332 
9.93277 -0.776793 -92.7137 9.21012 -0.0444729 -92.6695 -6.41662 2.39404 -95.105 
2.37692 2.56728 -93.472 -1.91837 3.07261 -94.8709 2.67034 -17.1998 -92.1093 
-2.79054 -16.5107 -93.2898 -3.57876 -16.1001 -94.2134 5.93337 -15.7375 -92.7516 
-4.50033 -15.3368 -94.2476 -6.90494 -12.7054 -94.3876 8.23289 -13.6877 -92.027 
9.38445 -11.9375 -91.6041 8.93955 -12.6547 -91.6261 9.56318 -11.5962 -91.5654 
9.78842 -11.0559 -91.7477 10.7618 -7.86184 -92.3521 11.1016 -5.19232 -91.803 
11.043 -4.07198 -91.1616 -7.61417 1.8223 -94.6886 6.03568 1.57234 -93.0751 
-4.76495 2.81364 -94.8038 0.470059 2.84358 -92.1032 -3.24936 3.00818 -94.3236 
-0.763583 -17.2442 -91.5293 0.977625 -17.4242 -90.6629 5.11665 -16.2362 -90.4677 
-4.66593 -15.0581 -93.4015 6.62424 -15.2509 -91.4652 7.53525 -14.4572 -91.3261 
-6.47998 -13.0953 -93.369 8.19177 -13.6942 -90.1335 9.28934 -11.9984 -90.4037 
-7.25292 -11.9369 -92.7244 -8.23673 -10.6015 -93.8046 9.6439 -11.3766 -91.0538 
9.81277 -10.8585 -90.524 -9.11556 -8.88886 -93.3974 -9.86824 -7.34744 -94.9363 
10.8913 -6.6241 -90.5998 11.0036 -4.84964 -90.0913 -10.4671 -3.28705 -92.8335 
-10.3336 -1.62777 -93.7662 10.8213 -3.33617 -89.6605 10.2442 -1.50347 -90.7409 
-9.80711 -0.236689 -94.0165 9.32698 -0.228104 -91.4238 -9.18062 0.655959 -93.4976 
-7.96852 1.58411 -93.5366 -6.7016 2.2299 -93.5193 6.22576 1.46885 -91.0526 
-5.53782 2.62336 -93.6198 4.20383 2.13454 -92.0679 -4.10756 2.87945 -92.6845 
2.3772 2.56148 -91.0957 -1.94252 2.98676 -92.458 -2.2349 -16.6579 -91.5507 
-3.66435 -15.808 -92.529 3.08333 -17.1143 -88.6175 -4.80286 -14.7824 -92.2899 
6.94996 -14.9906 -90.1141 -5.89775 -13.5423 -91.7454 8.75139 -12.8563 -88.8255 
9.49832 -11.2789 -87.7367 -8.231 -10.2992 -91.8647 10.1687 -9.69333 -89.7406 
-9.94698 -6.73751 -92.347 10.547 -8.45247 -90.4939 -10.3317 -4.93048 -91.3212 
9.55044 -0.479678 -90.268 8.60499 0.287029 -90.0317 7.52221 0.945266 -90.4823 
-8.71013 1.10267 -93.5861 -7.046 2.00516 -92.1524 -5.46438 2.57651 -92.1549 
3.51103 2.33355 -90.7498 4.49849 2.03785 -89.6476 -0.663039 2.91566 -90.6274 
-0.275663 -17.3195 -89.4533 -1.36088 -17.0048 -90.0203 -3.11026 -16.0421 -90.674 
5.06061 -16.4819 -87.3139 -4.03683 -15.3132 -90.7972 6.49044 -15.4791 -88.41 
7.44405 -14.6218 -89.2168 -4.88073 -14.5263 -90.7574 7.85556 -14.2191 -89.1177 
8.15636 -13.8115 -88.7305 -7.62788 -11.1243 -90.9515 -8.83226 -9.11579 -90.9398 
10.4625 -8.07574 -87.4942 10.8713 -5.5949 -88.4431 10.928 -4.3933 -88.7939 
-10.1296 -1.33754 -91.3209 -10.0304 -0.642992 -92.7037 10.313 -1.98347 -88.2921 
-9.80473 -0.306722 -91.7995 9.60594 -0.665781 -89.1362 -9.50155 0.207356 -92.4383 
-8.47258 1.17259 -92.1244 7.03893 1.09052 -88.5112 -7.32401 1.79178 -90.6923 
3.11867 2.41548 -89.9309 -4.47983 2.81887 -91.7073 -4.09395 2.8841 -91.5517 
-3.43329 2.91664 -91.3376 0.829851 2.78741 -90.2814 -2.41829 2.87218 -89.5146 
0.911568 -17.3779 -86.5614 -2.39584 -16.3891 -89.2299 -5.35084 -13.9522 -90.0609 
7.56822 -14.5211 -88.2881 -5.89959 -13.3355 -90.1507 -6.76884 -12.1843 -90.0898 
8.271 -13.5603 -87.2298 -9.47826 -7.80944 -90.8857 -10.1572 -5.97867 -90.9253 
10.7307 -3.89964 -87.0189 -10.3714 -3.09954 -90.4726 -9.14437 0.386632 -90.6159 
8.74498 0.114135 -88.3863 -8.30897 1.22799 -90.4847 -6.05298 2.33322 -91.0068 
-4.46872 2.72493 -90.6425 2.18285 2.57347 -88.8498 3.31096 2.36563 -89.1797 
3.60721 2.28423 -88.1823 0.00452209 2.80798 -88.7226 -1.06206 -16.99 -88.0867 
-3.45705 -15.6601 -89.5083 -4.49639 -14.673 -89.0214 6.19807 -15.8431 -86.6896 
7.17288 -14.9519 -86.891 -5.67353 -13.3652 -88.7307 8.81768 -12.7552 -84.8609 
-8.14323 -9.99927 -88.9527 -9.95444 -6.54065 -90.1054 -10.2054 -5.51433 -89.6898 
10.7655 -5.81687 -86.5981 9.52126 -0.698002 -87.3839 8.4663 0.272394 -87.0858 
-8.47915 1.06852 -90.0288 -7.84097 1.32336 -88.9068 -5.94665 2.2486 -89.4751 
5.07517 1.84862 -87.4483 6.23147 1.43934 -86.6391 -1.25053 2.82568 -86.8906 
3.91626 -17.1364 -84.5175 -2.1968 -16.3359 -86.9158 -3.37169 -15.5482 -87.8288 
7.77068 -14.3131 -85.489 -6.87435 -11.6486 -87.4158 9.46777 -11.4115 -85.4654 
-9.07941 -8.44014 -89.4418 9.84878 -10.2551 -85.1137 -9.62854 -7.19867 -88.8131 
-10.0272 -5.87982 -87.9151 10.6328 -6.58407 -84.9869 -10.2754 -4.0149 -88.2179 
10.7143 -5.03 -84.9059 10.4577 -3.15974 -83.753 10.1398 -1.89634 -85.983 
-10.1084 -1.68919 -88.3803 -9.78844 -0.627154 -89.7306 -9.30029 -0.028218 -88.567 
9.08449 -0.314297 -85.493 7.43967 0.860561 -85.816 2.78505 2.45394 -87.3074 
3.74182 2.22384 -86.7533 -4.34406 2.63046 -88.6876 1.44442 2.61337 -86.1874 
-0.982827 -16.9339 -85.8585 5.59266 -16.3368 -85.2951 -3.29509 -15.3857 -85.5266 
6.72923 -15.4635 -85.44 -4.35933 -14.5315 -86.7239 -4.96635 -14.0287 -87.7234 
-5.47259 -13.2923 -86.547 8.13546 -13.9425 -84.3839 8.45393 -13.5019 -84.4346 
-7.80868 -10.2686 -86.8909 9.4379 -11.4451 -84.2343 -9.14084 -8.03874 -87.5131 
10.2807 -8.37049 -83.584 9.02897 -0.187878 -83.6977 9.86542 -1.34797 -84.0679 
8.32281 0.404721 -84.4043 5.09921 1.77746 -85.0084 -5.69822 2.21408 -86.9966 
2.78705 2.42951 -86.5374 3.16174 2.31566 -85.7365 -3.39339 2.73639 -86.7926 
0.721988 -17.5086 -83.8447 -0.168355 -17.2646 -84.5668 -2.11014 -16.2575 -84.6556 
5.32675 -16.5917 -84.0224 6.28325 -15.9331 -84.0212 7.31131 -14.9389 -84.2612 
7.99312 -14.1532 -83.2175 8.41019 -13.5795 -84.0393 9.24756 -11.886 -83.6132 
9.01765 -12.3948 -83.2196 -7.46532 -10.6267 -85.7624 9.55132 -10.9382 -82.2303 
-8.49367 -8.94835 -85.3179 -9.74432 -6.59511 -86.931 -9.41139 -7.17789 -85.7814 
-9.98731 -5.88993 -86.6293 10.542 -5.83037 -82.1197 -10.2943 -2.59635 -87.2199 
-10.2239 -1.98001 -86.7987 -9.94776 -1.21666 -86.185 -9.60605 -0.488706 -87.1293 
-8.70032 0.562538 -86.6539 -7.42244 1.4956 -86.6535 7.23904 0.973758 -83.5935 
-2.17328 2.84141 -85.6228 -0.76227 2.78606 -84.4446 2.13899 -17.5902 -83.1468 
-1.0968 -16.8619 -83.7732 5.61569 -16.4875 -82.345 -3.02848 -15.4279 -83.0741 
-4.66335 -13.8829 -83.8118 6.94601 -15.376 -82.9132 -6.39737 -11.9579 -84.9046 
8.62657 -13.1872 -83.4356 -9.95846 -5.26544 -85.0616 10.3145 -7.98726 -81.5078 
-10.1805 -2.61883 -85.5589 10.1327 -1.84918 -83.0226 9.60509 -0.960664 -82.6129 
-9.4189 -0.243387 -85.884 8.32796 0.417015 -83.4646 -7.93152 1.14609 -85.3957 
-6.83845 1.76734 -85.2203 -5.55315 2.24214 -84.626 -4.50338 2.55432 -85.5811 
2.99359 2.32118 -84.166 -3.67866 2.72325 -85.2827 -3.00374 2.80786 -85.3762 
-2.34232 2.82223 -84.355 1.06127 -17.6081 -82.3247 3.27829 -17.5319 -82.766 
-0.076946 -17.2993 -82.52 3.87329 -17.4169 -82.4958 4.4643 -17.159 -82.7293 
6.78254 -15.6013 -81.9861 7.65648 -14.6286 -81.6326 8.63764 -13.0971 -82.0555 
8.3297 -13.7175 -80.6317 -7.49635 -10.4078 -84.2576 10.1015 -9.1218 -81.8725 
10.4773 -3.69133 -81.4163 -9.8079 -1.16757 -84.5141 10.149 -2.11584 -81.6977 
-9.5933 -0.571218 -85.1946 -8.84569 0.214834 -84.2747 8.37452 0.259076 -82.0711 
5.79333 1.56005 -82.7359 4.06079 2.04407 -82.3375 -4.11686 2.59121 -83.971 
1.32697 2.58306 -83.1848 2.65444 2.37355 -82.7488 -3.24165 2.7651 -84.5089 
1.80223 -17.7025 -81.3009 3.22135 -17.5947 -80.7969 -1.046 -16.8432 -81.9863 
4.44674 -17.219 -81.6356 -1.91257 -16.3084 -82.565 6.83838 -15.6082 -81.0068 
7.70172 -14.6855 -79.7302 -5.85837 -12.4615 -83.1329 8.85029 -12.713 -79.9911 
-8.04583 -9.3979 -82.2065 10.0308 -9.17689 -80.3409 -9.37238 -7.06392 -84.1532 
-10.0231 -1.87862 -83.7988 10.3039 -2.88724 -79.8391 9.38339 -0.787359 -80.8995 
-7.59809 1.28452 -84.1048 6.84823 1.1528 -81.7269 -6.56883 1.79917 -83.3653 
-5.15842 2.25108 -82.4256 -3.00776 2.73681 -83.4295 -1.81282 2.75749 -82.4114 
-0.262038 2.72337 -82.2616 0.78074 -17.5577 -80.736 -0.415581 -17.1106 -80.4117 
-1.54934 -16.465 -80.5332 -2.50099 -15.7758 -81.1526 4.99846 -17.004 -79.8503 
6.17457 -16.25 -80.3365 -3.6544 -14.687 -80.7033 6.88987 -15.6593 -79.7191 
-4.56595 -13.8354 -81.6837 -5.29839 -13.0257 -81.892 8.37641 -13.6846 -79.7737 
-6.82261 -11.2053 -82.9006 9.47189 -11.0465 -78.6156 -9.00085 -7.77023 -82.375 
-9.59511 -6.28759 -82.0657 10.3403 -7.39166 -79.7903 10.4831 -6.05634 -79.6428 
-10.0578 -2.84538 -82.9193 10.4727 -4.65678 -79.3591 -9.55447 -0.979436 -82.3486 
9.88554 -1.65355 -79.9188 8.48541 0.111891 -80.1812 7.38378 0.857107 -80.4392 
6.48648 1.3058 -80.6087 5.55255 1.62156 -81.0297 2.28685 2.39056 -81.3447 
-3.38801 2.58404 -81.6067 0.773399 2.60612 -81.1875 1.78001 -17.7312 -79.5171 
6.33516 -16.1723 -78.4401 7.16194 -15.3985 -78.8051 -4.72132 -13.5557 -80.3587 
7.54488 -14.9585 -77.3094 -5.68362 -12.4119 -80.1472 8.33692 -13.7524 -78.6208 
-6.13001 -12.011 -81.841 8.86404 -12.7296 -78.0045 -6.94354 -10.8446 -80.6707 
-8.71103 -8.28258 -81.4181 10.3248 -6.51941 -77.2154 -8.74387 0.210656 -82.3873 
9.05599 -0.5761 -78.769 -7.62392 1.11517 -82.1006 7.61333 0.612011 -78.7158 
-6.17803 1.85149 -81.5244 6.01691 1.4006 -79.2831 3.81736 2.02637 -79.6675 
-4.67843 2.21913 -79.336 -2.03509 2.69557 -80.4089 1.3011 2.47105 -79.0236 
-0.615029 2.68516 -80.2313 0.544337 -17.4579 -78.3603 2.60353 -17.797 -77.9662 
3.90128 -17.5566 -78.3175 -0.938314 -16.7508 -78.4041 5.0329 -17.1649 -76.9223 
-2.29621 -15.808 -78.8744 -7.95216 -9.3896 -80.1143 -8.58659 -8.4288 -80.4561 
10.0151 -8.89565 -77.9175 -9.04757 -7.5898 -80.6515 -9.34299 -6.97937 -80.9967 
-9.95035 -4.34573 -80.6254 10.3575 -4.27383 -76.7245 -9.90923 -2.21544 -80.3598 
10.329 -3.34922 -78.1189 9.93371 -1.99918 -78.0093 -8.68833 0.245503 -80.8512 
-7.57548 1.09657 -79.824 -6.52829 1.64578 -80.2344 1.60683 -17.7697 -77.8179 
3.4827 -17.7796 -75.8281 -3.23669 -14.9325 -78.1598 6.16622 -16.444 -75.9365 
-4.25898 -13.9044 -78.4002 -4.987 -13.177 -79.2767 8.42867 -13.6273 -77.1251 
-5.30459 -12.7111 -78.1523 -6.37204 -11.4331 -78.5019 8.92293 -12.6359 -75.8576 
-7.42505 -10.0416 -78.6118 9.59412 -10.6027 -75.9854 -8.93562 -7.71631 -79.7016 
-9.41395 -6.50515 -79.1772 10.1877 -2.92425 -76.6035 -9.45591 -0.723182 -79.8789 
-8.9772 0.0539862 -79.603 9.24672 -0.864588 -76.9069 9.75755 -1.78514 -75.5254 
-8.39916 0.564465 -79.4732 -7.79701 0.897851 -77.9807 8.03788 0.260166 -76.5978 
6.15089 1.28119 -76.9658 4.74594 1.78387 -77.9129 2.93044 2.19073 -77.1816 
-2.75013 2.5824 -79.2747 -1.52599 2.66211 -78.6038 -0.301167 2.62957 -78.1649 
1.58722 -17.7526 -75.3774 -0.267734 -17.0509 -76.0608 4.90421 -17.4467 -74.3272 
-1.53496 -16.2921 -76.4805 5.34057 -17.1113 -75.8184 7.25634 -15.4818 -75.0996 
7.77731 -14.8155 -75.7592 8.20764 -14.0951 -75.9878 8.44493 -13.7171 -75.1216 
-8.51298 -8.34171 -78.4527 9.98984 -8.75154 -75.3363 -9.74483 -1.52447 -78.2781 
-9.51832 -0.740761 -78.7403 -9.21841 -0.261184 -78.7375 -8.70889 0.293495 -78.6686 
8.94196 -0.506535 -75.2503 -6.24597 1.6885 -78.0855 -5.08216 2.10964 -77.4661 
4.42184 1.86079 -76.5566 -2.25556 2.5309 -76.6958 3.56226 -18.0049 -73.4464 
6.39012 -16.5145 -73 -2.50702 -15.5193 -76.6196 -3.50665 -14.5307 -76.23 
-4.54817 -13.4254 -76.1612 7.92583 -14.6322 -74.565 -5.80996 -11.9913 -76.4848 
8.87119 -12.88 -74.7795 8.58521 -13.4535 -74.0649 8.95534 -12.6799 -74.4785 
-6.8477 -10.726 -76.8185 9.26096 -11.7993 -74.4431 -7.71606 -9.51684 -76.6875 
9.59952 -10.5551 -73.6507 10.1811 -7.11316 -74.1701 10.2751 -5.18798 -74.403 
-9.85827 -4.55263 -76.7491 -9.98395 -3.02938 -78.4304 10.1639 -3.31756 -74.7908 
-9.39669 -0.648045 -77.9107 -8.74223 0.0721666 -77.2691 8.16352 0.220946 -74.7759 
6.72654 0.992457 -74.3961 4.83609 1.72086 -75.1691 -4.18268 2.29982 -76.8171 
0.615427 2.49553 -76.0855 -0.939844 2.62074 -77.2965 2.77764 -18.0029 -74.1385 
2.52656 -18.1084 -71.7441 0.163965 -17.2782 -73.8216 -1.21157 -16.4294 -73.8938 
-1.94847 -15.9363 -75.1747 7.35871 -15.458 -73.6671 -3.92069 -14.0678 -75.4935 
-5.23595 -12.5404 -74.4156 -6.41355 -11.1831 -74.9286 8.9512 -12.6778 -73.22 
9.28927 -11.7322 -73.3294 -9.1335 -7.05842 -76.8194 9.94163 -8.68928 -72.7144 
-9.51399 -6.10078 -76.7188 -9.9134 -2.60367 -76.502 -9.42603 -1.08067 -76.1997 
9.86725 -2.32778 -73.0729 9.40978 -1.17191 -73.936 8.67311 -0.279235 -73.3677 
-7.78415 0.797285 -76.2869 -6.76959 1.39102 -76.2239 7.89239 0.401607 -73.7328 
-5.18045 2.01527 -75.6886 3.3692 2.1176 -75.6689 2.34416 2.30884 -75.9604 
0.997988 -17.7076 -72.3354 3.52646 -18.1414 -72.1026 4.21775 -17.9837 -72.3702 
-2.00397 -15.8415 -74.262 -2.61105 -15.3208 -74.8882 -3.74929 -14.1434 -74.169 
7.68869 -15.0657 -71.8561 8.51646 -13.6249 -72.6359 -7.19106 -10.214 -75.4407 
9.21111 -11.9374 -72.1058 -7.76101 -9.39451 -75.0339 -8.50414 -8.18123 -75.4274 
10.1132 -6.40248 -70.9921 10.1448 -3.99045 -72.511 -8.3527 0.155273 -74.7614 
7.53305 0.522173 -72.1906 -7.2539 1.05458 -75.0687 4.68481 1.73727 -73.3524 
-3.69796 2.35618 -75.0164 3.34578 2.09382 -74.2504 2.32641 2.30193 -75.1471 
-0.97519 2.55911 -74.5299 4.92937 -17.7082 -72.3851 4.70817 -17.9297 -70.9921 
5.62714 -17.3843 -71.2168 5.4438 -17.3338 -72.7875 -0.181822 -17.1121 -71.5568 
6.08538 -16.9775 -71.8602 6.29613 -16.828 -71.4871 -2.38322 -15.422 -73.135 
6.76672 -16.317 -71.5494 -6.07832 -11.476 -72.5522 8.69316 -13.2728 -71.3787 
9.0338 -12.4868 -71.3224 -7.18617 -10.137 -73.6525 -8.02294 -8.93285 -73.7483 
9.58997 -10.4673 -71.4061 -9.37553 -6.25381 -74.404 9.88307 -8.80532 -70.2314 
-9.83337 -4.45038 -73.8692 -9.96045 -3.30637 -74.8755 -9.82258 -2.15114 -74.6393 
10.0128 -3.10954 -71.559 9.37412 -1.26655 -72.3768 -6.21562 1.57156 -74.4028 
5.80003 1.3505 -72.0914 -4.41193 2.21348 -74.2574 1.68112 2.3639 -73.8943 
-2.38665 2.49337 -73.8123 0.219288 2.51146 -73.7531 0.602065 -17.6117 -70.9052 
3.7893 -18.166 -70.6786 -1.60631 -16.0259 -70.9459 6.66994 -16.5775 -69.841 
8.17597 -14.4459 -70.0946 -4.70211 -13.0236 -72.3137 9.13239 -12.1374 -70.3779 
-6.91493 -10.4349 -72.1801 -7.71753 -9.30181 -71.7218 -8.75612 -7.63488 -72.7016 
-9.57044 -5.32432 -70.9508 -9.81976 -2.89764 -72.7819 10.0497 -3.97343 -70.2518 
-9.77121 -1.97164 -73.5494 -9.38901 -1.17698 -73.8764 9.6945 -2.21964 -70.4796 
8.78665 -0.602193 -70.9295 -7.1307 1.02962 -73.5259 -5.98895 1.58523 -72.5281 
-5.03539 1.98698 -73.3765 4.15239 1.86232 -71.4554 2.90454 2.1417 -72.5325 
-3.80093 2.28045 -72.9948 0.844923 2.39973 -71.7314 -1.04773 2.51591 -72.4916 
1.26019 -17.892 -70.3348 3.07424 -18.2992 -67.911 4.64912 -18.0378 -69.0517 
5.15078 -17.8129 -70.1851 5.39422 -17.6904 -70.252 5.59011 -17.5722 -69.3933 
7.4082 -15.7836 -69.7142 -3.32736 -14.4003 -70.8588 7.79802 -15.1938 -69.7164 
8.59551 -13.6101 -69.2138 9.52809 -10.6031 -69.0941 -9.30031 -6.4788 -72.4318 
9.99807 -7.87428 -69.2804 9.99848 -7.1849 -67.8495 10.0129 -4.95287 -67.7833 
-9.65448 -1.78913 -72.9621 -9.19122 -1.21227 -71.6345 -8.80979 -0.432046 -73.1795 
-8.01014 0.285996 -72.3246 7.7586 0.341413 -70.1786 -6.88955 1.10562 -72.0026 
6.51302 1.04309 -70.4318 5.07703 1.58827 -70.5419 3.58329 1.94725 -69.3945 
-4.61497 1.9674 -70.5837 2.55335 2.17491 -70.7803 -2.62864 2.38869 -71.473 
0.299721 -17.4492 -69.3528 2.03558 -18.1517 -69.4867 -0.681069 -16.7745 -69.5622 
-1.48209 -16.1137 -68.5716 6.28872 -17.1264 -67.9992 -2.29256 -15.3888 -69.3017 
7.22954 -16.1297 -68.6731 7.55507 -15.697 -68.6053 7.97924 -14.9427 -68.5059 
-5.19074 -12.3872 -69.8206 -6.64573 -10.714 -70.7826 9.02381 -12.4141 -67.9259 
-8.48084 -8.12066 -71.2423 -8.98071 -7.13267 -70.9156 -9.22086 -6.64843 -71.7413 
9.81368 -8.97651 -68.0166 9.88978 -3.21825 -68.5764 9.53729 -2.00348 -68.0303 
9.18577 -1.18897 -69.1383 8.3758 -0.208612 -68.9107 7.08568 0.705979 -68.5226 
-6.12525 1.46255 -71.1817 5.40179 1.44129 -68.9155 1.23704 2.31147 -69.0519 
-1.12454 2.42754 -69.8326 1.34423 -17.9576 -68.0494 5.56836 -17.7302 -67.3631 
7.24958 -16.1335 -66.7209 -3.10741 -14.5693 -68.251 -3.95569 -13.7048 -69.0928 
8.34376 -14.2095 -67.1693 -7.39128 -9.72365 -69.7241 -8.30024 -8.35397 -69.6703 
-9.70527 -2.96278 -70.0851 9.73539 -3.04253 -66.5388 -8.50517 -0.361273 -69.3757 
-8.30764 -0.0647038 -70.9239 -7.17841 0.815118 -70.3779 -6.00925 1.46423 -70.1826 
0.438731 -17.551 -67.7937 4.52693 -18.2 -67.1262 4.09395 -18.414 -65.5573 
-0.440056 -16.9351 -67.5061 6.35409 -17.1731 -66.9006 -4.31407 -13.2943 -67.5259 
-6.57735 -10.7479 -68.6129 -7.60141 -9.39497 -67.9516 9.43174 -10.789 -66.5308 
-9.05645 -6.85471 -68.9997 9.7836 -8.49172 -65.2202 9.96776 -6.29934 -65.9135 
8.8506 -0.821781 -67.5836 7.9895 0.0822005 -67.5614 -6.0127 1.36607 -68.5009 
4.18641 1.7854 -67.3752 1.064 2.32603 -66.6429 2.56514 2.13592 -67.6483 
-2.89237 2.30733 -69.5286 -0.414655 2.40513 -67.7324 2.99498 -18.473 -64.8259 
1.76456 -18.1788 -65.2836 5.17654 -18.0744 -65.7339 0.560627 -17.6046 -66.2827 
6.18635 -17.4283 -65.6702 6.7195 -17.0194 -64.8786 -1.73727 -15.8263 -66.4367 
-2.19088 -15.4629 -67.9307 -2.549 -15.097 -67.0742 -3.10694 -14.4959 -65.9055 
8.15663 -14.6672 -65.6872 8.78174 -13.1039 -65.29 -5.64735 -11.8117 -66.9536 
-9.39974 -5.72431 -66.3813 -9.74688 -4.03184 -68.1892 -9.3624 -1.67052 -69.2597 
9.14458 -1.49176 -66.1558 -7.44476 0.572597 -68.5208 -8.1406 -0.00256753 -67.3786 
7.2504 0.56511 -66.9016 5.93613 1.20387 -67.0709 -4.29368 1.96486 -67.5937 
-3.57522 2.19176 -68.7026 -2.37584 2.30955 -67.1289 0.729634 -17.7293 -64.4369 
4.87783 -18.3014 -64.3513 5.63109 -17.9463 -64.4528 -0.496864 -16.8447 -64.6746 
6.27223 -17.517 -63.9397 6.98012 -16.7774 -63.3592 7.96913 -15.0901 -63.8823 
-6.88039 -10.3423 -66.4982 9.30277 -11.2146 -63.8406 -8.47704 -7.96946 -66.9513 
-9.67116 -3.46228 -65.8126 9.91714 -6.43923 -63.9865 -9.65159 -2.57707 -67.7633 
9.86755 -4.55847 -64.6695 -9.08311 -1.16491 -67.3313 9.38908 -2.35061 -64.1265 
-7.07793 0.757662 -66.8834 8.15732 -0.211326 -66.272 -5.42402 1.50125 -65.1631 
6.72557 0.712911 -65.0792 4.75667 1.59014 -65.5173 2.74412 2.07955 -65.6714 
-0.530487 2.39354 -65.9558 2.20832 -18.3866 -62.1388 1.30575 -18.0553 -63.542 
3.93685 -18.5087 -63.3919 5.37971 -18.1581 -62.6428 6.3153 -17.5681 -62.7774 
-2.06927 -15.4609 -63.9772 -4.62041 -12.9045 -65.1244 -6.20152 -11.1177 -64.0431 
8.66577 -13.5295 -62.3635 -7.71494 -9.23569 -66.3258 9.61485 -9.40347 -62.486 
9.84157 -7.65383 -63.153 -9.47597 -2.03834 -65.9599 8.4123 -0.668007 -64.6003 
-7.80396 0.279764 -66.2935 -3.75889 2.06241 -65.7226 3.64499 1.89377 -64.155 
5.12372 1.45191 -64.0348 6.34359 -17.6024 -61.3912 7.45203 -16.2143 -60.3063 
-3.49798 -14.0519 -63.3595 9.15005 -11.9016 -61.3349 -7.34938 -9.73237 -65.0195 
-8.03557 -8.7505 -65.1019 -8.68959 -7.56707 -64.1686 -9.34878 -6.11327 -62.7675 
9.88916 -6.7145 -62.6207 9.85623 -5.55174 -62.0772 9.69374 -3.6379 -62.2103 
-9.11425 -1.2253 -65.4123 -8.44509 -0.357876 -65.7423 8.67289 -1.02612 -62.6378 
-7.33352 0.524684 -65.0362 7.63721 0.0682833 -63.5393 6.30049 0.917327 -62.9219 
2.36724 2.14112 -64.1727 -2.82225 2.2459 -64.7269 -1.47797 2.35263 -64.3624 
0.765716 2.29514 -64.0765 3.97356 -18.6588 -60.9438 0.500452 -17.5735 -62.4571 
-1.13172 -16.3041 -61.6629 -4.77783 -12.6998 -62.8442 8.64555 -13.7095 -60.4674 
8.87427 -13.0833 -61.377 -7.68241 -9.22962 -63.0353 9.77849 -7.50624 -61.2471 
9.48955 -9.85354 -60.0123 -9.63029 -4.38276 -63.3174 -9.19506 -1.87815 -63.1586 
-8.8474 -0.902586 -64.6274 -8.25631 -0.306253 -64.0391 9.36542 -2.29956 -62.0084 
7.66227 0.0540552 -62.3852 4.37869 1.66381 -62.4576 -3.83349 2.02228 -64.0477 
2.50334 2.08096 -62.8274 -2.74094 2.22176 -62.4311 2.77838 -18.7768 -59.0399 
0.89691 -17.8882 -60.468 5.32767 -18.4597 -59.8535 -2.57799 -14.9547 -61.8289 
8.33097 -14.7678 -58.7828 -5.63872 -11.7445 -60.8194 -6.85295 -10.3406 -61.524 
9.77614 -6.04713 -59.8385 9.70988 -4.30718 -59.7549 9.51975 -2.87587 -60.355 
9.01165 -1.56447 -60.4206 8.0726 -0.344302 -60.9287 -7.44384 0.435979 -63.4634 
-6.54634 0.999626 -63.5291 6.97205 0.539938 -61.5983 5.65003 1.20534 -61.3399 
-5.58178 1.45315 -62.8824 -4.32818 1.8815 -62.2406 0.929391 2.24079 -61.304 
-0.863227 2.32995 -61.9055 1.54474 -18.2901 -59.4616 4.16055 -18.9388 -58.7362 
6.27557 -17.8032 -59.7225 -0.0969265 -17.2053 -60.259 -2.3875 -15.1303 -59.6281 
-3.90374 -13.6033 -60.6274 9.01182 -12.4044 -58.8277 -6.8921 -10.3051 -59.0987 
-7.67939 -9.27284 -60.6323 -8.66917 -7.70146 -60.8925 -9.64237 -5.20901 -61.2643 
-9.71296 -3.81474 -60.3222 -7.91078 -0.0862276 -62.0191 -7.00322 0.706151 -62.3725 
8.51969 -0.801899 -59.7473 7.72232 -0.0943872 -58.8683 -6.19635 1.17127 -61.9812 
6.71542 0.627272 -60.2338 -5.38669 1.52634 -61.5166 4.49204 1.6282 -61.0338 
3.00444 1.9472 -60.7096 4.94763 -18.8521 -58.2503 4.40386 -19.1019 -57.0522 
5.83382 -18.4107 -57.5471 0.362463 -17.5756 -58.1818 7.12382 -17.1948 -57.8532 
-1.07129 -16.3817 -58.7908 7.77574 -16.2231 -58.2059 -3.57904 -13.9386 -57.9127 
8.1659 -15.5053 -57.6668 8.5698 -14.2243 -57.2678 9.38511 -10.2797 -57.7938 
9.64192 -7.84259 -58.3117 -9.38928 -6.23362 -60.6693 9.67591 -5.56294 -57.6538 
9.57012 -3.26109 -58.8725 9.30018 -2.35089 -58.2246 8.71592 -1.17335 -58.4261 
-6.68815 0.826472 -60.408 -5.96307 1.26946 -61.0323 4.80146 1.45301 -59.473 
-4.61513 1.79684 -60.3963 2.6159 1.98138 -58.4781 -3.44396 2.12634 -61.3194 
1.28916 2.19318 -59.4483 -1.97847 2.29507 -60.5023 3.42559 -19.083 -57.5312 
2.58758 -18.9128 -57.156 1.63485 -18.4291 -57.4987 6.87751 -17.6967 -56.2441 
7.52715 -16.8502 -57.0355 -2.27222 -15.2569 -57.0928 7.88335 -16.2563 -57.2697 
-4.991 -12.4564 -58.4538 -5.9724 -11.393 -58.7455 9.05347 -12.1148 -56.138 
-8.08107 -8.73451 -58.618 -9.25399 -6.67065 -59.1722 -9.63921 -5.45124 -59.0979 
-9.46191 -2.23537 -59.3402 9.51725 -3.63265 -56.7296 -8.66408 -0.912842 -60.2467 
8.89372 -1.57204 -56.3416 -7.76166 0.0601964 -59.8802 8.03066 -0.471446 -56.6527 
-5.55128 1.43355 -60.2607 6.36848 0.809958 -58.7359 -3.68125 2.05792 -60.2538 
-2.94324 2.21047 -60.5508 -0.565048 2.30226 -59.427 3.18026 -19.1328 -55.7878 
4.52147 -19.2777 -55.2898 4.93714 -19.0932 -56.5202 0.677652 -17.8819 -55.1806 
6.11009 -18.5797 -55.3928 -0.894021 -16.5671 -55.9703 7.67804 -16.5753 -55.6843 
7.81017 -16.4536 -56.6787 8.10463 -15.7194 -56.6742 8.43472 -14.6363 -55.4744 
9.43869 -9.35699 -55.6114 -8.84742 -7.51984 -58.3016 9.61003 -7.00241 -56.0238 
-9.83399 -4.39392 -58.0938 -9.79126 -3.30345 -58.0583 -9.02785 -1.34482 -57.8712 
-8.24987 -0.396576 -58.6049 9.26067 -2.41166 -56.0214 -7.24268 0.46783 -59.2459 
-6.79991 0.690402 -57.8803 6.69245 0.578823 -57.0281 -5.69281 1.32416 -58.7819 
5.44885 1.22099 -57.6023 -4.91502 1.67815 -59.1966 3.9562 1.68143 -57.1355 
-4.04834 1.93539 -58.7897 -2.55165 2.20573 -58.4036 0.6413 2.23863 -57.3916 
5.41332 -19.0007 -55.7132 5.14508 -19.0665 -56.2647 2.01174 -18.705 -55.932 
6.15554 -18.6964 -54.3962 6.84391 -17.9258 -54.1339 -3.41145 -14.1396 -55.6614 
-4.63401 -12.8609 -56.1631 -6.23629 -11.1226 -56.4766 8.88296 -12.9243 -53.5563 
-7.55072 -9.51802 -56.5901 9.21925 -11.1428 -54.5112 -8.61452 -7.95762 -56.0206 
-9.36898 -6.42718 -56.9563 9.57738 -5.35547 -55.0489 -9.69321 -2.60722 -57.9494 
-9.51837 -2.14788 -57.6448 -7.6095 0.180884 -58.6446 -5.6664 1.29617 -57.1206 
5.08661 1.2926 -55.2217 -4.84666 1.6615 -57.7449 -3.85739 1.93821 -56.8612 
2.21546 2.04345 -56.3332 -1.80584 2.28525 -56.3774 -1.03112 2.30951 -57.4628 
3.37182 -19.3164 -53.8438 2.02441 -18.7844 -53.9705 4.40477 -19.4688 -53.1723 
5.53513 -19.0843 -54.1193 6.2115 -18.7183 -53.7523 8.0334 -15.8479 -53.2062 
-2.30893 -15.257 -54.7591 -9.75341 -5.18336 -57.0655 9.51149 -7.39026 -53.4414 
-9.81574 -4.11749 -55.9899 -9.697 -2.76975 -56.6985 -9.40703 -2.0044 -56.3887 
9.42312 -3.85295 -53.6224 9.25086 -2.65255 -54.262 -8.48971 -0.68062 -57.1539 
-7.78924 -0.0174795 -57.4062 9.0097 -1.8891 -54.6091 8.31469 -0.893277 -54.1421 
7.02257 0.289391 -54.7686 3.39195 1.81681 -55.468 -0.715542 2.30949 -55.7552 
3.43563 -19.4823 -52.3873 2.59954 -19.1668 -52.6047 5.2971 -19.3379 -52.6123 
6.23978 -18.8176 -52.3121 -0.387063 -17.064 -54.308 7.32958 -17.5555 -51.7568 
-4.25468 -13.2979 -54.4201 -5.50072 -11.9842 -54.2219 -6.32775 -11.0756 -54.8098 
-6.65349 -10.6985 -55.0206 -7.11574 -10.1304 -55.1277 -8.01248 -8.96076 -53.9849 
9.30425 -10.2329 -52.8792 9.48213 -5.2948 -52.4204 -8.93218 -1.311 -55.6669 
-8.19073 -0.425303 -56.0865 -7.3761 0.24185 -55.8954 -6.17024 0.999569 -55.4554 
-4.95882 1.56602 -55.9056 -3.99731 1.86141 -54.9729 -2.84309 2.13797 -55.7376 
2.17402 2.05444 -54.5936 0.672111 2.22843 -54.8283 4.00324 -19.6082 -52.025 
4.61329 -19.5915 -51.4077 2.70096 -19.2834 -51.4016 1.46307 -18.5707 -51.3621 
5.64296 -19.3229 -51.4885 6.04526 -19.1339 -51.6435 0.985015 -18.1935 -53.2397 
-0.0274506 -17.4082 -52.4916 -1.28154 -16.2678 -53.4606 -3.42859 -14.1568 -53.9287 
8.63228 -14.3301 -51.0886 8.05992 -16.3909 -50.3192 -6.76225 -10.581 -53.4814 
-9.34109 -6.57151 -53.9778 -9.68878 -5.45177 -55.3246 -8.24121 -0.538368 -54.3606 
8.8019 -1.75382 -52.3329 5.86354 0.956229 -52.9493 -5.13066 1.44476 -53.4538 
3.21835 1.8476 -53.911 1.52365 2.1206 -52.8306 -1.81948 2.25247 -54.68 
-0.707966 2.29509 -54.2108 3.55325 -19.5712 -51.0563 4.01771 -19.6868 -49.3596 
6.15523 -19.103 -50.7712 6.96505 -18.3612 -50.0057 7.60269 -17.4468 -50.0753 
-2.67351 -14.9379 -52.5405 -4.33538 -13.2521 -52.4393 -5.73775 -11.7744 -52.2166 
9.06032 -12.1702 -51.4135 -8.76922 -7.79932 -53.895 9.41444 -8.63158 -51.2488 
-9.74138 -4.83667 -52.9668 -9.52312 -2.64436 -54.0371 9.44598 -6.64183 -50.6251 
9.41937 -5.09108 -50.7341 9.2996 -3.86946 -50.9114 -9.04001 -1.48415 -53.8358 
9.17635 -2.79468 -52.1701 -7.06486 0.433587 -54.2268 8.04488 -0.669332 -51.7859 
7.22345 0.114539 -52.5261 -6.26664 0.938829 -53.8479 4.05882 1.62362 -52.6362 
2.81657 1.93551 -52.7596 -3.15948 2.01151 -53.4057 -1.45569 2.22834 -52.7253 
-0.0408162 2.25966 -53.2371 5.35132 -19.561 -49.55 6.29919 -19.1384 -49.0736 
-0.0668546 -17.4889 -49.1649 -1.54666 -16.0747 -50.8537 7.83897 -17.1956 -47.8294 
6.9007 -18.7038 -47.865 8.42207 -15.4359 -49.013 8.15117 -16.4207 -49.1097 
-5.32407 -12.2774 -49.8504 -6.54309 -10.8896 -51.2215 -7.81344 -9.30528 -51.0772 
9.25805 -10.5358 -50.3069 -8.91373 -7.60613 -51.9027 -8.88504 -7.76553 -49.474 
-9.5549 -6.19335 -51.2189 -9.29905 -1.86487 -52.9761 -9.1035 -1.53948 -52.3768 
-9.12514 -1.52474 -53.0091 -8.77934 -1.10009 -52.977 -8.27861 -0.572958 -52.8045 
-7.66419 -0.0330021 -53.2172 -6.64531 0.668392 -52.4139 6.08887 0.80469 -51.212 
4.9137 1.33448 -51.2751 -2.72947 2.06547 -51.1031 -0.0902832 2.22446 -51.8363 
2.54778 -19.2566 -49.4231 1.21657 -18.5331 -48.8402 -3.3232 -14.3475 -50.1079 
8.94714 -12.9056 -49.0565 9.21201 -10.781 -48.2359 9.36277 -8.72112 -48.9153 
-9.67606 -3.58301 -50.5836 9.3333 -5.07432 -48.9884 -9.31096 -2.09094 -51.7701 
9.14476 -3.46729 -48.7625 -8.60928 -1.03292 -51.439 -7.82042 -0.203067 -52.1029 
8.92285 -2.36983 -49.9225 8.13297 -0.977728 -49.5526 6.97189 0.171705 -50.2401 
-5.85878 1.12536 -51.0368 -5.68793 1.22542 -52.1902 -5.15113 1.45803 -51.7602 
-4.09577 1.78735 -51.4801 4.92622 1.22069 -48.939 3.40231 1.73529 -50.5135 
2.53797 1.95452 -51.7825 1.02644 2.09642 -50.1736 -1.19405 2.17851 -50.482 
3.219 -19.6664 -47.0324 4.69873 -19.8956 -47.3278 5.81953 -19.658 -46.8455 
1.52545 -18.81 -46.7966 -2.16209 -15.6049 -47.4556 8.63976 -14.6381 -46.3681 
-6.90654 -10.5217 -49.3051 -9.32185 -6.93768 -50.2017 9.38963 -6.82234 -48.5024 
-9.77155 -5.17825 -50.3565 -9.08161 -1.91795 -49.4356 -7.59009 -0.0595729 -50.6019 
8.90288 -2.57032 -47.5899 8.60135 -1.68581 -48.1498 -6.70485 0.62718 -50.6496 
-4.87303 1.53715 -50.3969 -4.07649 1.80499 -50.2379 -3.52311 1.9318 -50.1893 
5.2409 -20.0078 -46.5723 5.03098 -20.0818 -45.5289 5.20415 -20.0875 -46.2757 
5.326 -20.0165 -46.3974 0.611992 -18.1502 -47.599 6.87881 -18.9717 -46.1225 
7.30768 -18.377 -46.9798 -4.17788 -13.5823 -47.5189 -5.3856 -12.3044 -47.6519 
-6.19887 -11.3956 -48.1057 9.05079 -12.0215 -46.7845 -8.08595 -9.03577 -48.0177 
9.24783 -9.59614 -46.2334 -9.54683 -6.31089 -48.7061 9.35087 -7.72978 -47.1525 
-9.78982 -4.80486 -48.6884 9.30873 -6.11331 -46.7267 -8.28854 -0.773843 -49.6542 
-7.14903 0.287637 -49.7637 6.65644 0.276655 -47.2633 -6.26444 0.897085 -50.1714 
-5.79978 1.08241 -49.1316 -4.99193 1.48166 -49.4041 -4.28229 1.71685 -49.2284 
-3.68894 1.88944 -49.5447 -2.9102 1.97783 -48.4401 2.63521 1.85956 -48.2293 
-0.833545 2.1564 -48.4976 3.31444 -19.9182 -44.8322 2.33803 -19.4187 -45.1816 
4.07427 -20.0255 -45.9152 -0.281441 -17.4576 -45.684 7.50118 -18.2325 -45.8507 
7.95036 -17.426 -44.9581 8.30567 -16.3178 -45.3507 -3.43301 -14.4074 -46.2059 
-4.62114 -13.2401 -44.7787 -5.10083 -12.6606 -46.5073 -6.25659 -11.3857 -45.9963 
-9.04142 -7.54967 -47.5652 -9.73016 -5.29489 -46.5542 -9.5947 -3.41777 -47.3163 
-8.76317 -1.47938 -46.8075 -8.46089 -1.01694 -48.5637 9.12055 -4.07028 -46.4413 
-7.41053 -0.0361855 -48.2586 8.77408 -2.45693 -45.5174 8.58066 -1.73452 -46.6593 
-6.69894 0.585488 -49.5922 8.04206 -0.922951 -46.8733 -4.97132 1.47479 -48.6567 
4.80026 1.26185 -45.7807 3.54969 1.68087 -46.6913 0.537865 2.11561 -47.3192 
4.11808 -20.1551 -44.5529 5.70934 -19.9094 -44.9362 6.4031 -19.4982 -44.5591 
1.09903 -18.6846 -43.7855 7.21942 -18.7403 -44.441 7.64795 -18.1434 -44.6149 
-1.83507 -16.0645 -44.8117 -2.98931 -14.9124 -44.9344 8.34748 -16.2527 -42.9374 
8.54075 -15.5351 -44.6294 -7.06957 -10.395 -47.4957 9.29018 -7.48084 -45.3815 
-5.93768 0.955766 -46.857 -5.22332 1.34647 -47.7244 -4.44495 1.62247 -47.6972 
1.92208 1.98495 -45.8952 -1.42797 2.12131 -46.0852 3.64476 -20.1071 -43.0976 
4.55797 -20.2223 -43.424 5.61708 -20.0106 -42.8143 6.95804 -19.1329 -42.215 
-0.185068 -17.7036 -42.9253 7.71764 -17.994 -43.2531 8.70405 -14.5443 -43.8905 
-6.26233 -11.5064 -43.5281 9.0023 -12.026 -44.0972 -7.62543 -9.71889 -46.0666 
-8.74438 -8.05393 -45.4556 9.19961 -8.5089 -42.961 -9.42655 -6.68529 -46.4952 
9.17509 -5.7133 -43.887 8.92155 -3.46408 -43.5638 8.29668 -1.34554 -45.0956 
-6.87411 0.376174 -45.7054 7.30387 -0.21587 -44.5162 -5.04213 1.3907 -46.7016 
-4.18577 1.6454 -45.8305 -2.84138 1.97468 -45.8357 0.0821744 2.13855 -44.9842 
2.48409 -19.612 -43.2577 -1.2918 -16.6793 -43.0491 -7.67786 -9.7342 -43.4079 
-9.51993 -6.25206 -44.4281 -9.69863 -4.06698 -43.8467 -9.34266 -2.49975 -45.1879 
-8.43825 -0.970011 -45.1114 -7.85674 -0.41432 -45.5909 8.54575 -1.98874 -43.4812 
-5.99919 0.913923 -45.2551 -5.32381 1.24556 -45.7143 5.92741 0.741708 -44.5733 
4.39017 1.3524 -42.6259 3.16494 1.75339 -44.5457 -3.33992 1.8774 -44.4834 
-2.43662 2.03165 -44.4399 4.39195 -20.2801 -41.2416 2.91862 -19.9099 -41.3259 
1.5601 -19.1538 -41.3762 6.33165 -19.8773 -40.2003 0.410552 -18.2819 -41.5617 
-2.61936 -15.3882 -42.7653 -3.75149 -14.223 -43.2726 -4.6617 -13.3229 -42.5906 
-5.46005 -12.463 -42.7236 8.81094 -13.6992 -41.2237 9.07941 -10.7297 -40.9822 
-8.814 -1.47855 -44.7466 -7.90498 -0.538784 -43.3001 8.65353 -2.50823 -41.5412 
-7.25972 0.0933833 -44.3923 8.0084 -0.981717 -43.3553 -6.50875 0.591692 -44.0748 
7.30683 -0.289115 -41.8019 -5.33367 1.17605 -44.0279 6.18496 0.555107 -42.7289 
-4.1064 1.64902 -43.7589 1.253 2.05492 -43.6443 -3.1728 1.87436 -42.6075 
-1.37554 2.10509 -43.2325 -0.035218 2.15274 -43.6486 3.4985 -20.2464 -39.3388 
5.38236 -20.2614 -40.597 -0.855352 -17.2042 -40.7429 -1.94439 -16.1327 -41.3357 
7.85508 -17.8595 -40.3489 8.48057 -15.8284 -39.9908 -4.01218 -14.0641 -41.0977 
-5.40768 -12.6103 -40.9587 -6.40814 -11.4674 -41.5985 -6.9983 -10.7224 -42.3718 
-9.06594 -7.54017 -42.5741 9.16187 -8.53013 -40.2692 -9.72439 -5.72582 -41.9174 
9.18736 -7.52017 -41.0163 9.16251 -6.47957 -41.5373 -9.09388 -2.04837 -43.1059 
8.94944 -4.23719 -40.5305 8.19739 -1.35907 -41.8221 -7.02081 0.233372 -43.4018 
2.53526 1.84726 -42.5994 -0.0495101 2.12566 -42.3783 5.11814 -20.4412 -38.14 
2.10769 -19.6232 -39.4195 0.452684 -18.4533 -38.8194 7.15142 -19.2073 -40.0748 
6.94565 -19.572 -39.2664 7.37786 -19.0376 -38.3694 -2.87354 -15.2448 -40.6305 
-8.60319 -8.58196 -40.3045 -9.85087 -4.31845 -41.14 -8.55386 -1.24249 -41.5366 
8.33236 -1.67225 -40.3014 -6.31793 0.605516 -41.8066 7.88164 -0.899652 -40.5595 
5.73218 0.702149 -40.1894 -4.65063 1.42168 -41.9198 1.05739 2.02561 -41.0833 
-2.36418 2.00628 -41.4186 3.82171 -20.5079 -37.8667 2.78081 -20.1444 -37.8397 
6.56046 -19.8472 -38.5787 -2.20557 -15.9817 -39.3919 8.33432 -16.7165 -37.5946 
-3.6495 -14.5925 -38.3788 8.76096 -14.2119 -38.2492 8.99255 -11.7839 -38.6444 
-7.47107 -10.209 -40.7297 9.10737 -9.83459 -38.8293 -9.55797 -6.75768 -39.8543 
9.12693 -8.35448 -38.2917 -9.90492 -5.20793 -39.6501 9.11087 -6.51844 -39.2112 
-9.52754 -2.92406 -41.4511 -9.1026 -1.94654 -41.5333 8.64658 -2.79097 -38.5143 
8.86088 -3.71076 -38.2982 -7.63684 -0.408717 -39.9039 8.61949 -2.53119 -39.9225 
3.72206 1.50764 -39.68 -3.93896 1.69242 -40.9325 -3.22149 1.86737 -40.9552 
2.71433 1.78299 -41.0171 -1.17983 2.06608 -40.2925 4.16766 -20.6519 -37.2846 
3.45216 -20.5615 -36.5796 1.689 -19.5061 -37.6678 6.63113 -19.8766 -37.0265 
7.50137 -18.9678 -36.0759 -1.33072 -16.911 -37.9593 7.94397 -17.9844 -38.3944 
7.91497 -18.1703 -37.2564 -5.13515 -13.0332 -38.6101 -6.6202 -11.3639 -38.8328 
-8.13594 -9.51178 -37.6361 9.08605 -7.39503 -37.0842 -9.66909 -3.43656 -38.7704 
8.98299 -4.67816 -38.3883 -8.92336 -1.8301 -40.0942 8.2915 -1.73735 -38.7907 
7.94175 -1.03643 -39.4329 7.25384 -0.302065 -39.6176 -5.31115 1.15666 -40.5021 
-4.50561 1.51211 -40.2369 -4.13912 1.65041 -40.3113 -3.80496 1.72446 -39.7774 
-2.7071 1.94372 -40.1608 4.2929 -20.7458 -36.5217 6.02062 -20.4342 -35.5098 
0.920283 -19.0213 -36.2405 6.88928 -19.8041 -35.6556 -0.818462 -17.5535 -35.2668 
8.09574 -17.7813 -36.0591 -2.59626 -15.7369 -37.035 8.93605 -12.518 -36.6765 
9.05198 -9.74637 -36.0606 -9.28448 -7.609 -37.6321 -9.72339 -6.64651 -38.2535 
-9.90714 -5.92735 -38.5173 -10.0097 -4.94432 -37.7352 8.98314 -5.43432 -36.6044 
8.8747 -4.03295 -37.1189 7.64383 -0.798703 -38.0528 -5.992 0.817787 -39.8074 
-6.61487 0.429911 -39.8665 -5.15965 1.22392 -38.951 6.41713 0.249606 -37.7797 
-4.46143 1.52721 -39.2964 4.48371 1.20283 -37.3783 -2.88077 1.87177 -38.3373 
1.92721 1.8895 -38.7233 3.12208 1.65648 -37.8379 0.222018 2.05417 -38.8034 
3.82571 -20.7764 -35.2939 4.88614 -20.8499 -35.383 2.2289 -19.9877 -35.8858 
3.10971 -20.5354 -35.4568 7.06713 -19.5737 -34.0427 -1.89987 -16.4725 -36.2798 
8.38771 -16.7059 -35.3325 8.7186 -14.5994 -35.5914 -4.8755 -13.4699 -36.239 
-6.17987 -12.0661 -35.9419 8.94708 -12.2768 -35.0577 -7.3522 -10.6858 -35.9891 
-9.88679 -6.12011 -36.9412 9.01934 -6.99638 -35.339 -8.6282 -1.54859 -37.4131 
8.76068 -3.77873 -35.5583 8.66494 -3.02584 -36.8963 -7.40483 -0.226435 -37.2946 
8.1764 -1.72756 -36.8575 -6.36192 0.546353 -38.3127 7.19546 -0.43323 -36.065 
-4.27377 1.55142 -38.266 -1.19909 2.03424 -37.1362 5.18359 -20.9947 -33.8412 
4.27856 -20.9519 -33.7253 2.94409 -20.4937 -33.9919 5.53003 -20.8547 -34.561 
1.04993 -19.3036 -33.2846 5.96244 -20.6883 -33.4302 7.98169 -17.9662 -34.3144 
-2.60262 -15.8796 -34.7744 -3.86292 -14.5811 -35.3007 8.9981 -11.2141 -34.0126 
-8.97296 -8.41305 -35.2659 -9.67998 -6.93905 -35.0046 -10.0568 -5.01254 -36.0666 
-9.95852 -4.14868 -36.5334 -9.5419 -3.05156 -36.2516 8.41047 -2.41448 -35.2232 
-6.40491 0.495685 -36.0063 -5.08044 1.20554 -36.7649 5.7669 0.608514 -35.5982 
-3.84645 1.65365 -36.8912 4.24687 1.29367 -35.0728 2.26043 1.77854 -35.3985 
0.535894 2.00882 -36.9095 5.06766 -21.0843 -32.0678 6.75544 -20.1081 -32.0274 
-1.03986 -17.6265 -31.4834 -2.10749 -16.494 -33.0274 8.45355 -16.1092 -33.46 
-3.47016 -15.073 -34.0004 -4.08742 -14.4909 -33.3579 -5.40451 -13.1147 -33.0983 
8.8377 -13.3663 -33.2569 -7.40815 -10.8097 -32.8438 -8.17133 -9.68351 -34.9464 
9.02564 -9.65702 -33.5008 -9.98328 -5.68713 -35.1507 8.99967 -7.62647 -33.3776 
-9.86554 -4.34534 -33.9262 8.8262 -5.04924 -33.5041 -7.61683 -0.439657 -35.0696 
7.81177 -1.21759 -34.7546 5.14455 0.925825 -33.8281 -4.16804 1.53709 -35.5102 
-2.83134 1.86074 -35.829 -0.332232 2.02617 -34.6693 -1.67482 2.00629 -35.2182 
3.66045 -20.9375 -31.7371 2.36155 -20.3324 -32.0989 6.03785 -20.8142 -31.4551 
7.79641 -18.3056 -31.222 -3.31517 -15.3422 -32.4727 8.96738 -11.0572 -32.1463 
-9.93795 -5.9874 -33.7312 -8.94771 -2.06783 -34.473 8.56902 -3.18766 -33.9508 
8.16205 -1.96903 -33.5138 -6.53962 0.4159 -34.6419 7.69514 -1.09074 -33.408 
6.73245 -0.12371 -33.5864 -5.2655 1.08349 -34.0583 5.50749 -21.1515 -29.6948 
4.50878 -21.2289 -30.358 2.56226 -20.6004 -30.2503 1.55233 -19.9108 -30.949 
6.69314 -20.3507 -29.7936 -2.53126 -16.2239 -31.1015 -4.35937 -14.3371 -31.6359 
8.57977 -15.2146 -31.1944 8.85397 -12.9543 -31.1761 -8.72594 -8.96923 -33.0019 
-9.39174 -7.78105 -33.4901 -9.76304 -6.88107 -33.0376 8.99185 -8.88038 -31.8899 
-8.05037 -0.844531 -31.9816 8.39751 -2.95599 -31.8838 -6.77221 0.248961 -33.3098 
-3.66022 1.6561 -34.2218 3.64011 1.48217 -33.1059 2.16085 1.84037 -32.419 
-2.17396 1.93917 -33.3986 -0.756561 2.05611 -32.3993 0.712026 2.00868 -32.6804 
3.57516 -21.1025 -29.407 0.398683 -19.0465 -30.0202 -2.29131 -16.6131 -29.057 
-3.70117 -15.1613 -29.5832 -6.815 -11.7826 -29.6789 8.91213 -11.5052 -30.2112 
8.95401 -9.90376 -30.5079 -9.9128 -5.98206 -31.8039 8.97337 -7.58138 -31.7309 
8.90351 -6.40883 -31.6366 -9.28715 -2.68764 -32.0092 -6.87861 0.211871 -31.7321 
7.67215 -1.24475 -31.8069 -6.04516 0.730233 -32.1654 6.59474 -0.0132859 -31.4479 
-5.02277 1.21466 -31.4827 5.11357 0.896491 -31.6208 -3.70774 1.64901 -32.3873 
4.52063 -21.3171 -28.6532 2.49795 -20.7037 -28.2193 1.50497 -20.0181 -28.9665 
6.08971 -21.0178 -28.4005 6.70854 -20.6313 -27.1246 7.53026 -19.364 -28.3717 
-0.975919 -17.9192 -28.5439 -5.23076 -13.5661 -29.5437 8.76035 -13.5305 -28.8919 
-7.71544 -10.6451 -30.2604 -8.52177 -9.46889 -30.1307 -9.45765 -7.67051 -31.3316 
8.90634 -7.78025 -30.0066 8.65073 -4.69581 -29.4557 8.11468 -2.04154 -30.8029 
8.28948 -2.68526 -29.9728 -6.30492 0.570183 -30.1845 2.95302 1.64964 -30.3102 
-2.6271 1.90332 -31.8801 -1.77936 2.00705 -30.9076 3.65345 -21.2556 -26.7982 
5.38534 -21.3693 -26.6729 8.37074 -16.5638 -28.845 8.8764 -10.3937 -28.0632 
-9.84458 -6.5358 -29.7548 -9.87083 -4.47791 -29.4157 -9.07641 -2.12842 -30.2157 
-7.23268 -0.0329515 -30.9116 7.7813 -1.4604 -29.4004 6.95197 -0.346488 -29.9429 
5.93038 0.484379 -30.0564 -4.0504 1.58432 -30.6966 -3.08411 1.8267 -30.7149 
1.21962 1.97612 -30.6376 -0.259582 2.06976 -30.6585 1.57335 -20.1715 -27.5854 
0.372807 -19.2494 -26.9172 8.01154 -18.2062 -28.8786 -2.01804 -17.0301 -27.1702 
-3.28842 -15.798 -26.6239 8.06453 -18.0489 -27.04 -4.6538 -14.3578 -27.0399 
8.55687 -15.3151 -25.8244 8.8 -12.6693 -26.7375 -7.87774 -10.5436 -28.6734 
-9.48644 -7.85722 -28.402 -9.9493 -6.4184 -28.1944 8.78333 -7.02065 -26.5876 
8.19777 -2.53217 -28.0387 -8.46892 -1.128 -29.9835 -8.91485 -1.64258 -29.049 
-7.6494 -0.348835 -29.6308 7.05277 -0.442018 -28.1677 6.12222 0.364766 -28.3445 
-4.77331 1.31197 -29.1798 4.60368 1.13526 -28.6594 -3.65618 1.69719 -29.4811 
-2.69112 1.89444 -28.8424 -1.24416 2.04788 -28.7499 4.49539 -21.5981 -25.3139 
2.96419 -21.2065 -24.4448 1.96292 -20.5109 -26.1217 7.50853 -19.644 -26.0882 
-1.15525 -17.9047 -26.5857 -6.17026 -12.7611 -26.3773 8.77651 -12.7518 -24.7746 
-7.45283 -11.1853 -27.1149 -8.60749 -9.5943 -26.5456 8.84132 -11.2895 -25.9024 
8.82606 -9.43982 -25.3101 -9.90843 -7.07073 -26.899 8.6392 -4.7844 -26.275 
-9.40413 -2.5974 -28.6174 -8.95186 -1.74151 -27.4445 8.44049 -3.40833 -26.5692 
-8.41309 -1.02712 -28.7061 -7.8975 -0.56317 -27.1063 -6.86859 0.244798 -28.2002 
7.54199 -1.12612 -26.774 6.35479 0.162889 -26.1972 -5.87387 0.816557 -27.867 
5.28699 0.885781 -26.9236 -3.77454 1.64927 -28.1741 2.38131 1.76746 -26.8901 
1.50072 1.94082 -28.8606 0.194482 2.05932 -28.8485 3.84752 -21.5147 -25.0257 
5.06795 -21.6836 -24.3967 5.71826 -21.5363 -24.0769 6.4022 -21.0831 -24.7631 
1.75903 -20.5679 -24.1208 0.954473 -19.9309 -24.7231 7.46315 -19.8819 -24.6615 
7.05772 -20.4886 -25.2352 -0.00961208 -19.1465 -24.3498 -0.881657 -18.2825 -25.1488 
-2.22038 -17.0076 -24.8863 -4.40223 -14.7659 -25.1773 -7.56715 -11.1917 -24.7871 
-9.56685 -7.9882 -26.1552 -10.1103 -5.97355 -26.7522 8.75728 -7.6234 -23.8614 
-10.1312 -4.83952 -26.4424 -9.73889 -3.31072 -26.6078 8.68566 -5.44345 -25.03 
8.48519 -3.77513 -24.7221 8.08768 -2.13202 -25.8293 -6.95916 0.190315 -26.6017 
-6.48473 0.50332 -27.2107 -4.74069 1.29556 -26.1563 4.12312 1.35662 -26.413 
-3.28085 1.76255 -27.1412 -2.18771 1.95527 -26.9411 0.76655 2.01201 -27.3132 
-0.741681 2.05259 -26.5048 4.22521 -21.6939 -23.2389 2.15639 -20.9073 -22.9696 
7.15701 -20.2811 -23.5512 7.9534 -18.3917 -23.9834 -3.74765 -15.5451 -23.8962 
8.47106 -16.0894 -22.9349 -5.1899 -13.9294 -25.257 -6.5137 -12.5882 -23.2328 
8.81632 -11.0203 -24.2997 -9.96161 -7.0546 -25.3022 -10.1964 -5.82785 -24.6246 
-10.1209 -4.43662 -24.8601 8.61304 -4.64479 -24.802 -8.66202 -1.31619 -26.1648 
-8.32072 -0.95151 -25.164 8.28954 -2.74498 -24.8116 -6.22244 0.61822 -26.1178 
3.22076 1.60676 -24.3723 0.510412 2.0093 -25.503 1.18151 1.95477 -23.5544 
5.26142 -21.7402 -22.3009 3.08294 -21.4297 -22.2576 6.31342 -21.1706 -21.9316 
0.775799 -19.9642 -22.0674 7.48779 -19.6392 -20.8048 -1.18762 -18.1878 -22.6888 
-5.08808 -14.1653 -23.4831 8.68423 -14.1219 -23.0652 -5.75456 -13.369 -24.5803 
-8.52519 -9.94915 -23.7321 -9.4856 -8.29848 -23.7249 8.7747 -9.51004 -22.9063 
-10.0277 -7.02312 -23.7276 8.71003 -6.20675 -24.2486 -9.77573 -3.27262 -23.7622 
8.55709 -4.75802 -23.0465 -9.19066 -2.08123 -25.5693 -8.8014 -1.46981 -25.2808 
-7.26126 -0.0713491 -24.2946 8.03833 -1.99216 -24.1537 7.64821 -1.24624 -24.5292 
6.97613 -0.41092 -24.7804 5.88511 0.448738 -23.5845 4.89866 1.03809 -24.9491 
-3.23084 1.75266 -25.3359 -2.04024 1.96339 -25.1142 3.96046 -21.7897 -20.4221 
4.73288 -21.8623 -21.154 2.12134 -20.998 -21.5037 -2.97684 -16.5085 -21.7893 
-4.40274 -15.0383 -21.7212 8.57256 -15.0126 -20.5375 8.70344 -13.4542 -21.5661 
8.75589 -11.8729 -22.2236 -10.211 -4.96175 -22.8117 -8.92694 -1.70644 -23.8499 
-8.24671 -0.898662 -23.8194 8.23026 -2.81226 -22.6771 -5.96695 0.749299 -24.7102 
-5.38316 1.05045 -23.9008 4.07135 1.32221 -22.0514 -1.19355 2.01615 -23.2912 
5.31914 -21.7942 -18.5821 2.80259 -21.4275 -20.5143 8.24658 -17.3796 -21.0503 
-1.94308 -17.657 -20.4001 -5.68927 -13.692 -20.9872 -7.12194 -12.0577 -20.3778 
-7.90093 -10.9345 -22.2277 -8.9283 -9.45132 -21.4678 -9.95644 -7.36121 -22.6151 
-10.1708 -6.42058 -22.4051 8.69104 -7.61793 -21.3883 8.66761 -6.32326 -22.4767 
-9.46011 -2.51247 -21.2163 -8.27088 -0.958375 -21.8342 7.73348 -1.47006 -22.5434 
-6.22144 0.624895 -23.2023 6.9635 -0.456538 -22.7236 -4.30389 1.45165 -23.083 
2.36261 1.81004 -21.9883 -2.77409 1.84004 -23.7837 1.75456 -20.872 -19.5485 
6.71543 -20.9218 -19.2501 -0.80615 -18.7425 -20.2845 -3.08651 -16.6353 -18.7632 
8.39778 -16.6864 -19.433 -3.98947 -15.6042 -20.1238 -4.83851 -14.7084 -20.0809 
8.69132 -12.7265 -20.0204 -9.82075 -7.68209 -20.4575 8.7004 -9.65863 -20.2201 
-10.2668 -5.67079 -20.0219 -10.0998 -4.05498 -21.058 8.54156 -5.56921 -19.8528 
8.3451 -3.64696 -20.4048 8.18211 -2.68517 -20.7928 -7.49285 -0.214327 -22.2404 
-6.93077 0.207269 -22.1773 -5.54742 0.975138 -22.4074 5.68068 0.521582 -20.5816 
-3.00395 1.80104 -22.2707 -3.97834 1.5821 -20.813 -0.0912489 2.08838 -21.6642 
4.08538 -21.9362 -18.3373 3.03423 -21.6219 -18.5303 0.0707553 -19.6646 -18.1884 
-1.63178 -18.1138 -18.3016 8.09759 -18.1113 -18.6602 -4.58652 -15.113 -18.1287 
8.4261 -16.0189 -17.4492 -5.46533 -14.0918 -19.1013 -6.40874 -13.0407 -18.7281 
8.61658 -13.388 -18.0399 -8.31641 -10.5283 -19.6845 8.71546 -11.4106 -20.1817 
-9.18168 -9.18929 -19.1281 8.62372 -7.35394 -19.0302 8.60749 -8.68138 -17.4065 
-7.38611 -0.118252 -20.8404 7.92181 -1.9465 -20.7636 -6.82778 0.289002 -21.2057 
-6.29742 0.597749 -21.5847 7.18111 -0.777134 -20.1699 -5.43954 1.03709 -20.3268 
-2.62943 1.9205 -20.6391 -1.26047 2.08937 -20.5623 1.0205 2.03624 -20.7925 
1.71257 -21.0302 -16.4265 6.6891 -21.1557 -17.565 6.46816 -21.4393 -16.022 
7.46231 -20.1171 -17.374 -1.26653 -18.6553 -15.9132 -5.84408 -13.7997 -17.0981 
8.67144 -12.4775 -18.7868 8.653 -11.3325 -18.1073 -8.78191 -9.98628 -17.2823 
-9.96722 -3.37586 -19.5443 -10.2649 -4.4232 -18.6437 -9.57472 -2.56232 -18.966 
-8.84406 -1.57755 -19.1829 -7.89058 -0.547714 -19.2091 8.10223 -2.59763 -19.1674 
7.73807 -1.6044 -19.0434 -6.63905 0.403118 -20.234 -4.47327 1.46282 -19.2917 
-3.5644 1.75159 -19.6111 4.10939 1.34989 -19.5437 4.88315 1.04731 -18.1356 
2.35599 1.83779 -19.2445 -0.189461 2.13038 -20.0402 4.7812 -22.1742 -16.1379 
3.64222 -21.9973 -15.8201 7.01807 -20.9824 -16.7553 -0.00275421 -19.8544 -15.0952 
8.05585 -18.3833 -15.9043 -2.64151 -17.2963 -16.0507 -3.87596 -16.0079 -16.2686 
-6.69097 -12.8364 -16.905 -7.63499 -11.6154 -17.3321 8.57248 -9.87017 -15.6989 
-9.70413 -8.32115 -16.8996 -10.2155 -6.74676 -17.5425 -10.3816 -5.50235 -17.4811 
8.56394 -6.20285 -18.3454 -9.96451 -3.3638 -17.5193 8.27853 -3.89283 -16.8887 
-7.17771 0.0537176 -19.2556 -6.42518 0.56006 -18.3471 7.30405 -0.925718 -17.9131 
-5.79261 0.930312 -18.7079 6.20983 0.160993 -17.4689 -5.21784 1.19576 -18.5385 
-3.03619 1.89418 -19.2836 -2.33427 2.00209 -18.954 -1.03597 2.12783 -18.5422 
0.411096 2.10569 -18.5925 4.61568 -22.2989 -14.9163 5.37944 -22.0941 -15.4005 
2.24809 -21.5171 -14.86 7.1907 -20.8054 -16.0857 7.47075 -20.4112 -15.8759 
7.68299 -19.8521 -15.6052 -5.08586 -14.7934 -14.9962 8.33672 -16.529 -14.6491 
8.50691 -13.758 -14.4374 8.60739 -12.498 -16.5613 -8.47703 -10.567 -16.0653 
8.57934 -11.5891 -15.5723 8.554 -6.75636 -17.0726 8.49159 -5.53591 -17.5661 
-9.27759 -2.13686 -17.0036 7.82155 -1.97344 -16.9234 -7.29707 -0.0435711 -17.9013 
-5.79045 0.940927 -17.8246 -4.62337 1.43608 -18.1718 -3.62891 1.73427 -17.9828 
3.57603 1.58229 -17.4512 0.988172 2.08306 -16.5835 4.93967 -22.3256 -13.4837 
6.02884 -21.8171 -13.2403 7.21517 -20.6371 -14.3465 -1.11868 -18.9611 -13.998 
7.80613 -19.4033 -14.2605 -2.16152 -17.9812 -13.5693 -6.88321 -12.7512 -14.3848 
-8.15122 -11.087 -15.0458 -9.12161 -9.64118 -14.5581 -10.2099 -7.18286 -15.4525 
-10.3826 -6.01247 -15.5425 -10.2991 -4.60107 -16.1555 8.48925 -7.45468 -14.4839 
8.44821 -5.64946 -15.8383 -8.09902 -0.747295 -16.6313 -6.76151 0.374924 -16.1542 
7.11696 -0.720828 -15.8176 -6.02328 0.820879 -16.9063 -5.01545 1.27979 -16.7392 
4.56357 1.19438 -15.5238 3.04522 1.75875 -15.433 2.33983 1.90191 -16.6754 
-2.16979 2.03083 -16.8164 -0.606516 2.15406 -16.4529 4.17529 -22.3701 -13.7105 
2.59947 -21.8216 -13.5704 3.50803 -22.2392 -13.5455 1.17915 -20.9153 -13.65 
-3.85535 -16.2778 -13.044 8.07534 -18.1909 -12.9599 8.35155 -16.1262 -12.3746 
-9.97338 -8.00307 -14.1352 8.49689 -10.4561 -13.0273 -9.82251 -3.11879 -14.5811 
-8.92051 -1.58905 -14.9227 8.01014 -2.60088 -14.9838 8.1685 -3.43766 -14.0542 
7.6254 -1.56075 -14.4703 -5.87403 0.917539 -15.6109 -3.5116 1.78816 -14.7861 
3.78885 -22.3825 -12.7855 4.18554 -22.4278 -11.9335 5.17426 -22.3237 -11.8573 
6.84685 -21.0329 -11.0881 -0.57005 -19.5871 -12.4586 7.62527 -19.7191 -12.6228 
-1.46179 -18.7373 -12.8753 -4.86923 -15.185 -13.1221 -8.33355 -10.9727 -12.9245 
-10.3706 -5.04748 -13.4415 8.33543 -4.96435 -13.5972 -9.2001 -1.89376 -13.5775 
-8.77697 -1.30534 -13.8682 -8.13893 -0.669535 -13.915 -7.3509 -0.0210549 -14.9324 
-6.83073 0.391605 -14.6546 -6.27095 0.73731 -14.277 6.06952 0.328079 -14.252 
-5.11854 1.28807 -13.7776 1.78053 2.01919 -14.5308 -1.76417 2.11552 -14.2887 
-0.0462965 2.19137 -13.8112 3.10237 -22.1714 -11.9551 1.79531 -21.4994 -11.8289 
5.77985 -22.0725 -10.7269 0.567623 -20.63 -11.5944 -1.84412 -18.4735 -11.5561 
-2.80903 -17.4897 -11.6564 8.1837 -17.3479 -10.4594 8.34847 -15.9836 -10.8628 
-5.68639 -14.3035 -12.5957 8.41954 -14.5035 -11.0439 8.47555 -12.5698 -11.8397 
-7.69826 -11.9687 -11.1635 -9.74685 -8.66128 -12.4995 -10.3446 -6.68561 -13.5186 
-10.181 -3.89943 -12.3545 8.38289 -6.24494 -12.292 8.16498 -3.69475 -12.1424 
-8.73732 -1.26205 -12.8081 7.9102 -2.42522 -12.7689 -7.0211 0.265829 -13.2214 
7.03912 -0.586195 -13.7801 4.74431 1.16982 -12.9847 3.06504 1.75432 -12.7879 
3.34369 -22.3345 -9.90695 2.29204 -21.8897 -10.5063 4.73024 -22.4408 -10.1627 
1.04795 -21.1416 -9.8511 -0.394727 -19.9402 -10.1526 -1.20126 -19.1517 -10.8726 
7.74544 -19.2387 -10.4573 -2.65077 -17.7886 -10.0941 -3.48866 -16.9084 -10.1093 
-4.66436 -15.6834 -9.44761 -4.97891 -15.1751 -11.6613 -6.64954 -13.2712 -11.2861 
-8.62088 -10.7351 -10.7275 -9.22054 -9.70964 -11.623 8.44319 -11.2561 -10.6685 
8.40866 -9.47624 -10.2052 -10.1697 -7.56634 -12.1199 8.40568 -7.67718 -11.5019 
-10.426 -6.10507 -10.6143 -10.4228 -4.81117 -11.6673 -9.51792 -2.46424 -11.6046 
-8.27245 -0.726915 -12.5399 -7.71653 -0.252876 -12.2585 7.37329 -1.12911 -12.3049 
6.58162 -0.0796164 -12.092 -6.02139 0.907996 -12.2065 5.57809 0.733011 -11.9958 
-4.00868 1.73357 -12.0076 -2.7675 2.03671 -11.9788 1.13747 2.15708 -11.7744 
-1.41604 2.22707 -11.8364 -0.32101 2.29751 -11.0127 2.13571 -21.8978 -9.06773 
4.17028 -22.5364 -8.24212 5.54455 -22.2185 -8.53957 6.1815 -21.8645 -9.8148 
-1.71852 -18.7667 -9.39849 7.16048 -20.5777 -8.7383 -3.06215 -17.5331 -7.77411 
8.00207 -18.3526 -9.2429 -5.88895 -14.268 -9.91204 8.31343 -15.8429 -9.43987 
8.42627 -12.6773 -10.0464 -10.2797 -4.23549 -10.5708 8.23238 -4.99733 -9.63657 
8.02154 -3.06508 -10.6365 -8.30611 -0.825087 -11.1263 7.67031 -1.79939 -10.5287 
-6.86885 0.400742 -10.5567 -5.03424 1.40137 -10.8713 4.31712 1.36 -10.272 
2.83135 -22.3114 -7.62379 1.22558 -21.4505 -7.48418 6.47305 -21.58 -9.12819 
0.13125 -20.5547 -8.39747 -0.792079 -19.7517 -8.25022 7.73664 -19.1894 -8.21546 
-3.90925 -16.5848 -8.50499 8.12762 -17.3512 -7.84871 8.35776 -14.0151 -8.22516 
-7.25866 -12.7173 -8.49777 -8.30292 -11.2948 -9.22502 -9.18822 -9.95104 -8.7642 
8.36561 -10.9889 -8.20793 -9.93298 -8.27462 -10.0333 8.34446 -7.55878 -9.38561 
-9.9887 -3.24993 -8.75626 -8.92786 -1.50325 -8.7851 7.87463 -2.41027 -9.27029 
7.54336 -1.55937 -8.03798 6.95113 -0.576944 -9.87867 5.85816 0.522538 -10.2379 
-5.92278 0.999574 -10.7938 -3.66845 1.88176 -9.00897 -2.23878 2.18883 -10.137 
0.432618 2.29876 -9.62764 6.50189 -21.456 -7.70232 -0.24655 -20.3882 -6.46679 
-1.64255 -19.0431 -6.87891 -4.40225 -16.1753 -6.63866 8.30312 -15.725 -8.11216 
-6.03088 -14.3611 -6.13459 -10.3771 -7.10431 -8.21457 -10.581 -5.99395 -8.01851 
-10.475 -4.83552 -8.49758 8.34327 -8.7462 -8.30902 8.28114 -7.01341 -7.11006 
8.0502 -3.28913 -9.31136 7.94427 -2.81382 -7.53836 -7.85535 -0.34545 -9.31475 
6.15067 0.281995 -8.45278 -5.75211 1.11712 -9.65453 -5.04636 1.44174 -8.96549 
1.96411 2.06928 -8.80409 -1.32846 2.30316 -10.0124 -0.693217 2.35696 -8.82282 
2.93303 -22.5045 -6.22912 2.1187 -22.1426 -5.90151 3.71992 -22.5947 -6.41168 
4.76576 -22.5038 -6.81693 0.755294 -21.3294 -5.27243 5.83527 -21.9174 -6.3081 
7.15632 -20.3174 -6.13393 7.80857 -18.8293 -6.99006 -2.58584 -18.2398 -5.12963 
-3.70242 -17.0567 -5.09152 8.27507 -15.6245 -7.01123 8.16028 -16.4782 -5.5056 
8.27681 -14.2463 -5.37904 -8.46595 -11.2298 -7.05122 8.32299 -12.376 -6.28166 
-9.24731 -10.0903 -6.40343 -9.97437 -8.53267 -6.52266 -10.3572 -3.96387 -6.32846 
8.2115 -5.2244 -6.2844 -9.67042 -2.46739 -6.81195 -7.97364 -0.417573 -7.75548 
-7.09022 0.311358 -8.29355 -6.20961 0.883231 -8.52691 6.73687 -0.362609 -7.02743 
-5.5915 1.22037 -8.49614 5.19879 0.962071 -8.42686 0.157597 2.35939 -7.46505 
3.07031 -22.5224 -4.99464 4.62581 -22.4522 -4.62326 3.3411 -22.6365 -3.12356 
-0.165305 -20.61 -5.03051 -1.08089 -19.8094 -4.16417 7.87499 -18.3178 -5.66775 
-7.59368 -12.5453 -4.92424 -9.53548 -9.71516 -4.9757 8.27639 -10.268 -5.00182 
8.30468 -8.92951 -6.64384 -10.5677 -6.55774 -6.05197 -10.6168 -5.31418 -6.78495 
8.09836 -3.84351 -6.04796 -8.74549 -1.17727 -6.01142 -7.13411 0.268168 -6.26559 
7.73433 -1.92777 -6.64082 -6.48394 0.725709 -7.46286 -5.46008 1.24679 -6.98281 
5.59129 0.66197 -6.39812 3.86025 1.56246 -6.61603 0.883364 2.32522 -6.104 
-2.04572 2.25722 -8.21159 1.78197 -22.0868 -3.70817 6.23057 -21.5218 -4.30429 
-4.87627 -15.904 -2.90282 7.99549 -17.3699 -3.73082 8.16515 -15.5825 -3.42822 
-8.85341 -10.8647 -4.52273 8.27807 -12.2492 -4.44838 -10.4436 -7.49895 -4.33963 
8.2338 -7.77564 -4.62879 -10.6701 -5.19486 -4.99213 8.21471 -6.06577 -4.86599 
-9.85385 -2.56198 -4.12988 7.80905 -2.14854 -5.761 7.38824 -1.30289 -5.06882 
-3.81247 1.8964 -5.45113 1.99572 2.15585 -5.22684 -2.93291 2.12818 -7.08064 
-1.13235 2.38541 -6.58602 -0.404072 2.42922 -4.75136 2.55858 -22.602 -2.03315 
4.54008 -22.5987 -2.07558 0.711113 -21.4237 -3.99932 0.0839253 -20.8977 -4.24863 
5.60671 -22.0482 -2.76532 7.52599 -19.3278 -3.60159 7.00888 -20.621 -4.05738 
-2.34158 -18.6207 -3.50065 -3.32035 -17.6156 -3.11339 -6.34055 -14.2384 -2.67611 
-6.82297 -13.5793 -4.06209 -9.41952 -10.0134 -3.86228 -9.96714 -8.91959 -3.22813 
-10.7218 -6.24264 -3.67315 8.16708 -8.55535 -1.87188 -10.5069 -4.05518 -4.23432 
8.1318 -4.6049 -4.07119 7.94377 -2.71814 -5.37631 -8.09843 -0.435641 -4.22819 
-6.9639 0.48916 -4.1897 -6.26339 0.897607 -5.09208 6.33832 0.0217275 -4.25859 
-5.53927 1.28012 -4.02409 -2.32366 2.26285 -5.8698 0.731384 2.37414 -4.07337 
-1.57604 2.39058 -4.5928 3.4701 -22.8483 -1.095 1.55076 -22.1901 -1.37417 
0.396546 -21.2401 -2.8872 6.76582 -20.8005 -2.34293 -2.15371 -18.9413 -1.62121 
7.41007 -19.5061 -1.75523 7.79192 -17.9143 -1.51857 8.06323 -16.5628 -2.42215 
-7.21182 -13.1876 -2.62324 -8.24648 -11.8805 -1.69765 8.20627 -13.2134 -2.55252 
-9.23802 -10.3723 -2.39145 8.22684 -11.0384 -2.98636 -10.6215 -7.19904 -1.96196 
-10.7358 -4.92584 -2.79229 8.13949 -6.01955 -2.45514 -10.4689 -3.71041 -2.88418 
-10.2523 -3.03646 -2.15047 7.98968 -3.18108 -3.53483 -9.02061 -1.35189 -4.15657 
7.77938 -2.15397 -4.04385 -7.52417 0.108313 -2.40999 -6.30002 0.92489 -4.08796 
6.96029 -0.655585 -2.59933 -4.28016 1.79946 -2.12595 3.03884 1.93478 -3.5432 
4.73433 1.19555 -3.40984 -2.69734 2.21604 -3.60563 2.56493 -22.738 -0.94242 
0.499103 -21.4684 -1.3883 -0.535901 -20.5425 -1.49842 7.11325 -19.8907 0.400397 
-9.76525 -9.55439 -0.823491 -10.3482 -8.32372 -0.143648 -10.8244 -5.98144 -1.88511 
-9.87518 -2.36814 -2.23989 8.04764 -4.1562 -1.72529 -9.00205 -1.27931 -2.27332 
7.51638 -1.56219 -2.37586 -6.51886 0.801591 -3.19684 1.4999 2.29387 -2.19788 
-0.187906 2.44952 -2.17032 -1.65237 2.40196 -2.36254 2.203 -22.6536 -0.452983 
2.7387 -22.831 0.130749 1.75173 -22.4236 0.337232 0.45872 -21.5184 0.0454042 
4.42244 -22.7343 -0.292983 5.69764 -21.9171 -0.420263 -1.17566 -20.0998 0.723894 
-3.72758 -17.3659 -0.205684 -7.07958 -13.5057 0.0972251 8.06453 -15.4423 -0.846015 
8.16326 -10.9153 -0.977815 8.10107 -6.59619 -0.689502 -10.5824 -3.95205 -1.20426 
-8.21459 -0.368918 -0.81193 7.81552 -2.33351 -2.27984 7.92276 -2.97723 -1.43083 
-6.18907 0.980809 -1.46171 2.67118 2.11031 -2.01324 3.48419 1.85898 -1.65464 
-2.93829 2.21231 -1.59526 3.58044 -22.9135 0.750494 1.03244 -22.0397 1.60034 
-2.54632 -18.7081 0.637282 7.76798 -17.3289 1.43248 -5.21307 -15.7693 0.828863 
-5.977 -14.8031 -0.474904 8.11526 -12.7661 0.469348 -9.1676 -10.6371 0.277276 
8.10415 -10.7148 0.904162 -9.93591 -9.37956 1.72793 -10.7521 -7.06249 0.191384 
-10.8632 -6.29243 -0.463361 -10.8417 -5.23191 -0.560573 -10.0028 -2.57222 -0.17975 
-8.94248 -1.05088 0.304421 7.69115 -2.11585 -0.219884 -7.37098 0.292272 -0.504457 
7.11981 -0.91761 -0.334419 6.03319 0.309631 -1.01344 4.47017 1.41784 -0.344653 
-5.13297 1.57087 0.68664 2.45394 2.16929 -0.676548 -3.685 2.07113 0.161482 
-1.40864 2.46286 0.25824 2.42202 -22.7224 2.25662 3.60542 -22.9443 1.96088 
4.61534 -22.6692 1.57125 -0.0383876 -21.243 1.85319 -2.2552 -19.1655 2.55427 
-3.2667 -18.0477 2.12599 7.42325 -19.1897 3.20885 -6.27172 -14.5927 1.70236 
-8.35641 -11.949 2.21027 -10.392 -8.42093 1.56714 8.10533 -9.21689 0.257078 
-10.6789 -7.5211 1.71914 -10.8991 -5.94557 1.75206 8.04569 -7.09526 1.21852 
-10.6993 -4.22054 1.03013 8.03816 -5.18991 0.25614 7.92486 -3.45217 0.283512 
-8.0542 -0.172217 0.960441 -6.70939 0.750373 1.26897 3.30513 1.94552 0.0952573 
-2.50599 2.33325 -0.332637 1.09837 2.38985 0.594033 0.0416771 2.45669 -0.237936 
0.605562 -21.849 3.6303 3.74414 -22.9416 3.20385 -1.10238 -20.3698 3.22821 
6.20583 -21.5414 2.6471 7.01869 -20.3459 2.34611 -4.38879 -16.8438 2.86206 
-5.72901 -15.3527 3.70134 8.01181 -14.59 2.4373 7.76363 -16.906 5.24731 
-7.13575 -13.6605 3.88955 8.07576 -12.8918 2.13974 -9.32288 -10.5259 2.88482 
8.05313 -11.444 2.7504 -10.4558 -8.31314 3.25239 -10.4211 -3.13765 2.70406 
-9.46242 -1.58039 2.40778 -8.66918 -0.685012 1.78728 7.75592 -2.56383 1.84225 
-8.18346 -0.216176 3.69978 7.3948 -1.45561 1.93744 6.5998 -0.225807 1.80972 
5.151 1.00687 2.1501 3.51955 1.83028 1.80236 2.23652 2.22381 1.43078 
2.90903 -22.99 4.53874 1.88555 -22.678 4.40616 4.88837 -22.6171 3.43749 
-0.597814 -21.0217 5.0527 7.00747 -20.4648 3.32123 -2.1464 -19.3957 3.96619 
-3.25095 -18.2787 5.08421 7.9674 -14.5056 4.63091 8.0447 -12.9848 3.34899 
-9.9708 -9.46619 5.29039 8.04079 -9.18756 2.181 7.99158 -7.65934 3.40027 
-10.8993 -4.53939 3.43156 7.99299 -5.3949 2.08518 7.90277 -3.97122 2.53214 
-5.65154 1.40447 2.11606 -5.07382 1.68425 2.08704 -4.37488 1.93424 2.44209 
-2.92497 2.29264 1.58149 -2.11701 2.45139 2.59087 -0.717214 2.51408 2.36075 
2.23071 -22.9627 6.05943 1.17963 -22.4456 5.53701 4.12387 -22.8879 5.39652 
0.281488 -21.8361 5.46329 5.54361 -22.2635 4.41287 -1.80089 -19.8536 5.18265 
6.77545 -20.9798 4.29905 7.17596 -20.1159 4.23265 7.37134 -19.4375 4.74177 
7.55583 -18.6394 4.69071 -4.85084 -16.4795 5.33254 -8.23527 -12.2959 4.99839 
8.02155 -13.6361 3.94617 -9.02426 -11.1207 5.03098 7.96682 -12.493 5.84481 
-10.8411 -7.02717 3.87032 7.96537 -9.21049 4.72873 7.95213 -5.6293 4.1886 
-11.0388 -4.62827 5.30283 -10.7806 -3.69167 4.94186 -10.0877 -2.27355 4.7421 
-9.36177 -1.30034 3.9847 7.6025 -2.21688 4.109 7.01074 -0.75458 3.79411 
-6.32736 1.07794 3.60936 -5.24197 1.63383 3.08835 3.6131 1.7945 4.07238 
2.09565 2.25216 3.63398 -3.4096 2.25788 3.98945 0.709396 2.4651 3.19939 
3.06266 -23.0987 5.85208 -0.252016 -21.4704 6.3456 5.74264 -21.9982 5.99456 
6.23798 -21.7329 4.51299 -1.13509 -20.6669 6.84676 6.5151 -21.3493 5.20058 
6.91187 -20.4344 6.03923 7.45968 -18.9052 5.85764 -10.6446 -7.90343 5.40493 
7.95523 -7.36707 4.78198 -11.0274 -5.6541 4.67591 -9.36963 -1.22297 5.18033 
7.85193 -3.66811 4.46429 6.07696 0.34585 4.01674 -7.05989 0.71331 4.80214 
-5.0509 1.76678 5.03508 4.9086 1.21541 4.59576 0.642313 2.52946 5.50949 
-2.19652 2.49609 4.50225 1.45024 -22.7352 6.9067 0.519045 -22.1446 7.07709 
2.90908 -23.116 7.46845 4.33927 -22.7882 8.26408 -2.21856 -19.5856 7.38287 
6.00273 -21.595 8.3702 7.29782 -19.4301 7.01357 7.49664 -18.5018 7.54193 
-4.57337 -16.9412 7.48196 -6.17198 -15.0306 7.29914 -7.75155 -13.0403 6.9462 
7.9204 -14.7486 5.95147 -8.62332 -11.8332 6.72177 -9.36121 -10.7164 7.93684 
7.89173 -9.52198 7.56604 -10.9616 -6.69663 6.40688 7.90583 -7.09125 6.657 
-11.0965 -5.00951 7.1456 -10.9918 -4.14732 6.19063 -10.7325 -3.34032 7.29673 
7.88028 -4.05578 5.77887 -9.91988 -1.86594 6.50219 7.75209 -2.96636 5.74652 
7.13287 -0.998603 5.45485 -8.96174 -0.741949 6.95482 -7.2366 0.661393 6.57696 
6.57137 -0.168094 5.38171 -6.34484 1.17097 5.3162 5.43263 0.844726 6.29471 
3.71907 1.78655 6.5427 2.10756 2.28012 5.8492 -3.10906 2.40317 5.60001 
-2.58844 2.51359 6.3014 -1.21988 2.59019 5.73788 1.11667 -22.6477 8.51963 
1.92743 -22.9843 7.65108 -0.462098 -21.3754 7.78778 -1.44677 -20.5418 9.65769 
-2.31539 -19.5948 8.90361 -3.29658 -18.5062 9.05419 7.01314 -19.9559 8.87768 
7.86419 -14.891 8.14567 -10.08 -9.44056 7.99506 -10.61 -8.14131 8.04887 
7.89503 -5.05852 6.68777 7.42934 -1.80738 6.75841 -6.0493 1.37909 6.32971 
-3.95046 2.2007 5.7996 -0.522528 2.67794 7.37378 0.0336596 -21.9071 9.36951 
2.86795 -23.1532 9.93545 -2.38383 -19.5754 9.74483 7.42747 -18.5463 9.54142 
7.67625 -17.1063 8.79434 -7.55459 -13.4208 9.90449 -8.50264 -12.0826 8.53062 
7.88916 -11.2556 8.74215 -11.0809 -6.46439 9.09351 -10.0317 -1.95075 8.12548 
7.7711 -3.42851 7.84673 6.55343 -0.266843 7.29234 -6.19753 1.36768 7.47713 
-5.46212 1.70213 6.94075 -4.64763 2.03292 7.12616 -3.55343 2.35483 7.07742 
2.03253 2.35561 8.20511 0.745105 2.58784 7.68139 1.84721 -22.9963 9.33586 
3.85171 -23.0367 10.4925 5.12082 -22.4406 10.2725 -5.11513 -16.4799 10.4867 
-6.40323 -14.9063 10.1093 7.90513 -12.869 8.9364 7.83009 -9.70219 10.3293 
-10.8775 -7.61963 11.2288 7.84354 -7.64766 9.3856 -11.2233 -5.00606 9.70317 
-11.0932 -4.32043 8.33249 7.85295 -5.47461 8.83737 -11.0573 -3.93882 9.20801 
-10.6202 -2.79976 10.1696 -9.41998 -1.09794 9.50793 7.52512 -1.9768 8.83513 
7.07585 -0.974252 8.53765 -6.77734 1.11296 9.00554 -5.53138 1.73949 8.39227 
4.44393 1.49279 7.72138 -4.42243 2.17826 8.97593 -2.85033 2.5343 8.2733 
-1.70765 2.70574 8.57722 -0.62616 2.77434 9.58784 0.820119 -22.5842 10.6648 
1.59321 -23.0071 11.9213 4.36137 -22.8668 12.2146 5.44983 -22.2669 11.5329 
6.26047 -21.3069 10.9675 -2.65738 -19.3886 11.5948 6.89465 -20.2189 10.7567 
7.73779 -15.9321 11.0474 7.85152 -13.8437 10.9862 -8.91419 -11.5498 10.9879 
7.85366 -11.6645 11.1332 -10.08 -9.50469 10.6041 -11.2367 -6.1468 11.5645 
-11.1411 -4.07766 10.5944 -8.1201 0.126642 8.8899 7.18591 -1.10773 10.3222 
6.18747 0.129307 10.1002 -6.81785 1.19729 10.6565 -5.72559 1.74481 10.4221 
5.16166 0.99337 8.64188 3.26048 1.97637 9.63394 1.76923 2.47231 10.0103 
0.816247 2.65858 9.89676 0.66216 -22.59 12.1395 2.92839 -23.2032 12.0029 
-0.267266 -21.9042 12.6675 5.57255 -22.0716 12.8385 -1.66699 -20.5785 13.2102 
6.34456 -21.1624 12.9893 6.82369 -20.2464 12.1939 7.19958 -19.2926 11.0206 
-3.86294 -18.0334 11.8504 7.50217 -17.8257 11.2354 -6.65472 -14.707 12.5128 
-8.01451 -12.9266 12.4039 -9.69965 -10.4051 13.62 -10.6086 -8.59537 14.068 
-11.3087 -4.89216 11.9158 7.81872 -6.23133 11.3556 -11.1304 -3.75671 12.2031 
7.78975 -3.84529 10.9906 7.71846 -2.77093 9.49923 -8.51684 -0.0761386 10.9257 
7.6008 -2.1892 10.6937 6.7094 -0.345197 12.2209 7.36401 -1.36993 12.3105 
-7.57065 0.675552 10.3025 4.65055 1.31175 10.9419 -4.71458 2.15731 10.3907 
-3.77797 2.44737 10.8464 -2.56595 2.68015 9.99511 -1.82105 2.79096 10.3722 
-0.122063 2.82271 11.5447 0.610407 -22.6278 13.2115 6.73369 -20.2385 14.0543 
-3.55028 -18.4814 13.1814 7.816 -12.712 13.1134 -8.76386 -11.9106 13.5444 
7.82118 -11.0745 12.3295 7.81371 -10.4332 11.9796 7.79812 -9.48078 11.927 
7.79982 -8.25529 11.654 -11.3617 -5.71285 13.4526 -11.3666 -4.58949 14.2482 
-10.7163 -2.62401 12.6561 -9.73883 -1.27369 11.9992 -7.38216 0.868256 11.8665 
-6.45423 1.42814 11.4124 -5.89213 1.72383 12.5236 -4.96777 2.09894 11.3281 
1.33428 2.61091 12.319 -2.49371 2.75758 11.7932 -1.29905 2.87439 11.8532 
1.10717 -22.9477 14.3784 2.09841 -23.2182 13.5279 3.07974 -23.1958 14.0309 
0.200834 -22.4735 14.9488 4.55178 -22.7305 14.5631 -2.91065 -19.306 14.6238 
7.21193 -18.8861 13.2083 -4.8978 -16.985 14.804 7.55752 -16.9963 13.399 
7.74141 -14.94 13.4034 -7.82096 -13.2937 14.8807 7.82386 -11.5389 12.7061 
7.7981 -10.6949 13.2828 7.7937 -9.96447 12.6226 7.77462 -9.19193 13.2869 
-11.1545 -6.94155 13.6789 -11.0958 -3.3298 14.0128 -10.8261 -2.58389 13.9903 
7.81208 -5.19203 13.7264 -10.3412 -1.82577 13.895 7.65278 -2.45578 12.9385 
-8.55236 0.00263226 12.6777 5.21063 0.996797 13.5267 -4.57783 2.27693 12.3718 
3.27228 2.02284 12.8839 -3.53699 2.62071 13.6091 -1.98677 2.8973 13.8148 
1.89108 -23.19 15.4165 -0.145439 -22.3173 16.5015 -0.52683 -21.9487 15.6464 
-1.17122 -21.295 15.3233 5.90705 -21.5778 14.937 -1.94281 -20.4689 15.5423 
-6.5618 -14.943 14.8041 7.55014 -16.2272 15.9168 -9.14059 -11.433 15.7 
7.80781 -11.6447 13.4665 -11.094 -7.45872 15.9181 -11.3952 -5.95874 15.6733 
7.77254 -7.43396 13.9332 -10.7949 -2.4432 15.5414 7.78836 -3.58297 13.8364 
-10.0884 -1.32594 15.1012 -9.31139 -0.571175 14.1697 -7.62085 0.776485 14.1299 
7.31927 -1.29054 14.8502 7.07708 -0.733939 13.5525 6.47367 0.0211514 14.2725 
-4.81176 2.24259 13.6594 -0.539115 2.92536 13.959 0.624281 -22.8167 17.1687 
-0.805719 -21.8125 17.9596 3.06729 -23.1274 16.6628 -0.969245 -21.6056 16.4222 
5.18733 -22.4245 15.3948 4.59945 -22.7462 15.9568 7.06972 -19.1767 15.0574 
7.34552 -17.9552 15.009 -5.5702 -16.3818 18.579 -6.79804 -14.7341 16.894 
7.73253 -13.6852 15.3801 7.78038 -11.7614 14.6037 -10.2059 -9.66418 16.7525 
7.75509 -10.0199 15.0621 -10.762 -8.46208 16.2585 7.75331 -8.77244 14.3887 
-11.2563 -3.65527 15.7062 7.66201 -2.58178 15.5321 -8.89341 -0.0505801 15.8197 
6.95501 -0.530793 14.6668 -5.80283 1.86425 15.1661 3.44514 2.06412 15.5618 
-4.41588 2.44242 14.9686 1.97468 2.5641 15.1664 -2.58558 2.92493 15.9627 
1.73916 -23.1919 16.7803 -1.16836 -21.4197 16.6771 -1.6161 -20.9444 17.0256 
5.36944 -22.1738 16.2342 -2.57243 -19.8855 17.2942 5.95339 -21.0483 17.9648 
6.65643 -20.1223 15.7807 -3.56711 -18.6916 16.7109 7.1076 -18.5589 16.9779 
7.65429 -14.4752 17.6277 -8.40879 -12.6172 17.8607 -9.47024 -11.0409 17.6868 
-10.986 -7.94718 18.2167 7.74282 -8.6281 15.2897 7.72846 -9.32411 17.048 
-11.3431 -6.6911 17.5307 -11.4469 -4.63692 16.8467 7.77389 -6.23415 16.0743 
7.78785 -4.20378 16.3553 -9.63393 -0.742018 15.3815 -7.49456 1.01241 16.5656 
5.75387 0.725987 15.7846 4.58889 1.53546 16.7419 -4.49791 2.49458 16.8671 
-3.63407 2.70425 15.6164 0.642657 2.85652 15.2875 -1.4748 3.01309 15.6327 
1.62803 -23.1853 17.9033 -0.087597 -22.5197 19.0838 4.61566 -22.5371 17.1213 
-4.34006 -17.85 17.8374 7.46733 -16.6403 19.0515 -7.25301 -14.2977 20.1112 
7.72487 -11.8788 17.1783 -9.93173 -10.34 18.8261 -10.5093 -9.24004 19.9778 
7.74302 -7.73221 16.1689 -11.4943 -5.67615 17.9528 -11.1605 -3.1828 17.8836 
-10.7207 -2.12807 17.2711 -10.0332 -1.18926 16.615 7.45572 -1.64987 17.0539 
-8.95832 0.0429424 18.5562 6.57758 -0.0913294 16.2736 -6.11264 1.87221 17.6851 
2.38473 2.51597 16.7697 1.2045 2.835 18.1013 -3.37594 2.83436 16.9543 
-0.473464 3.02136 16.7098 -1.63413 3.06417 17.3568 2.19221 -23.1985 19.5675 
4.02773 -22.7124 18.7912 -2.19415 -20.456 19.3923 -2.77551 -19.7684 18.9011 
-3.40931 -18.9979 18.571 6.94505 -19.1561 18.4964 7.23977 -18.1939 18.4701 
-8.58081 -12.4976 20.3589 -9.33955 -11.3425 19.4186 7.70464 -10.2881 19.7788 
7.73272 -7.53074 18.6105 -11.5064 -4.65513 19.6355 7.77994 -5.55547 17.98 
-10.487 -1.68239 19.0722 7.65253 -2.52103 18.6235 7.07064 -0.805046 17.2836 
-7.44793 1.20518 18.5262 -5.0871 2.34655 18.1918 3.04106 2.3095 18.0658 
-4.25975 2.65424 18.7025 -3.66807 2.80134 17.7929 -2.8302 2.98836 18.7929 
0.366684 -22.8387 19.0737 0.890318 -23.0368 19.3082 3.34493 -23.1034 20.6208 
4.81279 -22.3403 20.7737 -1.3618 -21.4417 20.8982 -3.17244 -19.3739 19.966 
6.79493 -19.4622 20.0396 -4.3372 -17.9838 20.0785 7.20811 -18.2219 19.3717 
7.65819 -13.6392 20.6012 -9.92347 -10.4199 20.4194 -11.4349 -6.33163 19.86 
-11.2204 -3.0084 21.2083 7.8028 -4.141 19.3345 7.19642 -1.05586 19.3674 
-7.74452 1.18828 20.9504 6.36059 0.127472 19.2875 5.51022 0.94398 18.0415 
-6.75037 1.65654 19.1523 -5.73868 2.15593 19.7951 4.23454 1.79911 19.2493 
-0.984295 3.12634 19.5241 0.081578 -22.6864 20.3286 -0.564366 -22.1901 20.2042 
2.25607 -23.3431 22.0526 3.70242 -23.1153 22.0007 -2.39444 -20.3917 21.7659 
-2.94346 -19.7162 21.0109 6.08319 -20.9088 21.1413 -3.65996 -18.8818 21.2869 
-5.81914 -16.2201 21.3986 7.27117 -17.7419 21.0164 7.56577 -15.7758 20.7755 
7.48867 -16.6269 20.854 -10.1924 -9.96395 22.1586 -10.7882 -8.74015 22.2577 
-11.133 -7.69455 21.1315 7.77891 -5.78147 19.8671 7.7401 -6.88816 20.7408 
-11.6048 -5.34315 21.5293 -10.6701 -1.65331 21.5632 -9.92836 -0.686722 20.7569 
-9.07983 0.208138 20.7151 7.47307 -1.58723 20.5894 7.65916 -2.19862 20.8141 
2.26721 2.64421 19.4233 3.01158 2.39323 20.036 -4.18852 2.78273 20.8616 
-2.21299 3.16609 20.703 -0.529414 -22.3028 22.3393 0.843528 -23.0621 21.5259 
-1.71695 -21.2207 23.3116 -3.3596 -19.3151 22.4596 6.75555 -19.5211 22.7459 
-4.59327 -17.8218 22.7728 -7.0136 -14.7451 22.6708 -8.30225 -12.9768 22.8009 
-9.37268 -11.3527 21.5593 7.6969 -11.307 21.7169 7.70776 -8.38208 21.5217 
-11.5013 -6.37142 22.7725 7.78354 -5.9339 21.4817 -11.5862 -4.30869 21.9859 
7.78354 -2.99262 20.3155 -10.266 -0.901885 22.8427 -9.54503 -0.0950706 21.985 
-8.91472 0.438701 21.485 5.09633 1.27562 20.5645 -6.4723 1.95208 21.2747 
3.55762 2.18436 21.7085 1.65834 2.84313 21.3482 0.138455 3.10655 20.7026 
-3.03872 3.0859 21.0108 0.252918 -22.9461 23.6483 3.10183 -23.3365 23.2271 
4.18785 -22.9221 23.1981 4.52779 -22.7395 22.1422 -2.7802 -20.049 23.4443 
5.31406 -22.0263 22.6102 7.48487 -16.1073 22.8712 7.69472 -12.2102 23.0842 
7.69299 -9.92287 21.8772 -11.159 -7.76564 23.2386 7.6914 -9.16846 23.1013 
7.75243 -6.76547 22.6121 -11.6756 -4.95249 23.3424 7.82197 -4.70686 21.5837 
-11.5679 -3.74813 24.0456 -10.9976 -2.0706 24.1064 7.82699 -3.55621 21.1837 
7.74657 -2.60575 21.9989 7.42179 -1.50683 22.4364 -8.93052 0.479238 22.3388 
7.13657 -0.86557 21.5598 6.69696 -0.22222 21.27 5.77091 0.746343 22.0939 
-5.64159 2.36502 21.8975 -3.46918 3.07174 22.4366 -2.62447 3.19619 22.0244 
-1.58823 3.25647 22.1624 -0.687634 3.22055 21.3577 -0.555074 -22.4534 24.3683 
-1.04463 -21.9734 23.8975 1.17769 -23.2924 23.2892 2.0635 -23.4031 24.1381 
4.96981 -22.2977 24.4174 5.78022 -21.5496 23.6526 6.13298 -20.9774 22.7657 
-3.71677 -18.9798 24.4647 -5.07976 -17.3624 25.7994 7.22396 -17.8315 22.6574 
-6.12833 -15.9596 24.1253 -7.46578 -14.2394 24.9119 7.65773 -13.6731 23.9299 
-9.59956 -11.0511 24.3441 -10.69 -8.98069 24.4894 7.69242 -10.5019 23.7055 
-11.3992 -7.01688 25.2368 7.70786 -7.9398 23.907 -11.6869 -5.48012 24.7996 
7.80205 -5.57389 22.904 7.81001 -3.37566 22.864 -9.55924 0.0123203 23.8917 
-8.41359 0.961117 23.5224 -6.68796 1.92456 22.2955 4.62147 1.64397 22.7007 
-4.61688 2.78477 23.0178 2.35788 2.73603 23.4671 -0.237321 3.22877 22.7981 
0.849184 -23.224 25.1345 -0.0755159 -22.8667 25.1971 -0.639999 -22.4748 25.604 
-1.45321 -21.6436 25.5105 3.40824 -23.1393 24.6802 5.86253 -21.3845 24.4838 
6.25651 -20.7823 23.7353 6.84194 -19.3112 24.6004 7.14197 -18.1497 24.2464 
-6.64207 -15.4359 27.1941 7.36684 -16.9311 26.3048 -8.57933 -12.7133 25.6989 
7.60182 -14.6713 25.9314 -9.41624 -11.4973 27.2807 -11.6895 -5.76295 26.266 
7.77728 -5.96838 25.0715 -11.7303 -4.61776 24.6367 7.82196 -4.54612 23.7813 
-10.3782 -0.866959 24.9447 7.76473 -2.61146 23.0737 7.6487 -2.0758 23.294 
6.55585 -0.148091 23.773 -7.35293 1.63278 23.2586 -6.09673 2.2816 23.9788 
3.51107 2.28675 24.1539 -3.82216 3.04374 23.6496 0.967175 3.12577 24.0782 
-2.88451 3.20952 23.7945 -1.51299 3.34675 24.5028 0.110272 -23.0136 26.2476 
-0.379748 -22.7307 26.2711 0.633011 -23.1803 27.2365 2.12282 -23.2799 26.4727 
4.22628 -22.617 26.5639 -2.65279 -20.2756 25.1625 5.52435 -21.6535 25.6005 
6.34272 -20.4412 25.0109 6.85616 -19.0851 26.643 7.67793 -13.2427 25.9002 
7.68664 -11.938 25.5108 -10.2248 -10.0334 26.7083 7.68347 -9.1644 24.7138 
7.67291 -10.0994 26.1559 -11.7323 -4.53234 26.0976 7.79996 -3.36453 24.7871 
7.71253 -2.47743 24.0907 -10.7968 -1.32796 27.5217 -9.73935 0.0434755 26.3933 
-8.87626 0.746468 25.1947 7.36015 -1.41874 24.7175 -7.62504 1.59104 25.2081 
4.91201 1.43719 24.7218 -4.43744 2.90909 25.0348 1.89026 2.95117 25.7232 
-0.308345 3.34185 24.8766 -2.88876 3.27909 26.1259 -0.37595 -22.7304 27.7034 
-0.945017 -22.248 26.8639 -1.83625 -21.3648 27.88 -2.51474 -20.5363 27.0219 
5.72671 -21.2213 27.4887 -3.79484 -19.0193 27.3092 -7.82416 -13.8574 27.0848 
-8.56359 -12.8581 28.0328 7.69265 -8.05578 26.9901 -11.0258 -8.24445 27.5815 
-11.5468 -6.62854 27.2634 -11.4822 -3.08301 26.5926 -8.66963 1.03551 26.6975 
6.77625 -0.401391 26.3152 -7.65157 1.73132 27.1139 -6.20189 2.38697 26.5974 
3.38316 2.41005 26.4281 0.338436 3.30158 25.9335 -1.20958 3.42203 26.8234 
-1.19046 -22.072 28.5263 4.59114 -22.4291 28.543 -2.94489 -20.1374 29.0917 
-5.47723 -17.0137 29.1905 -6.6325 -15.5535 29.4693 -7.66457 -14.1873 29.5812 
7.55716 -15.3311 28.3636 7.36338 -17.0637 28.4526 7.66869 -12.8379 28.2227 
-9.16869 -11.9876 29.0878 7.67215 -11.1077 27.5355 -10.0864 -10.3806 29.9365 
-11.5474 -6.67783 29.0999 -11.7428 -5.44626 27.8367 -11.749 -4.14641 28.3094 
7.82555 -4.40394 25.8315 -11.5472 -2.83498 29.4379 7.79524 -3.35289 26.5141 
7.65498 -2.3616 25.894 -9.27791 0.637511 27.5674 -8.59497 1.22237 28.5824 
5.69785 0.793534 26.8101 -7.19333 2.08452 28.5639 -4.50146 3.02614 27.5605 
0.372361 3.34803 28.0552 -2.97272 3.38349 28.5122 0.146624 -23.0487 29.2867 
-0.814878 -22.4637 30.0455 1.37966 -23.3258 28.991 3.09391 -23.0913 28.74 
5.21531 -21.9234 29.1975 5.82489 -21.1212 29.924 6.55682 -19.8534 28.5813 
6.94276 -19.0231 28.0986 7.18372 -18.0642 27.7014 7.06047 -18.6462 27.8995 
7.00728 -18.6321 29.394 -8.59084 -12.9009 29.6491 -11.1078 -8.12562 30.2093 
7.75931 -5.96789 27.7771 -11.7835 -5.2441 29.8108 7.80691 -5.03303 26.9488 
7.81728 -4.11481 27.8948 -11.1121 -1.53457 30.1474 -10.4723 -0.506194 29.8633 
7.6718 -2.55237 28.1494 -9.80749 0.157332 28.577 7.28484 -1.30263 27.1907 
4.41555 1.84799 27.3015 2.05523 2.97395 27.7736 -5.89482 2.67819 28.8785 
-0.224749 -22.9373 30.8585 2.24425 -23.3103 31.1219 4.40592 -22.4876 30.8285 
-1.96111 -21.3223 30.4371 -4.19106 -18.673 30.3157 6.50454 -19.9842 30.0255 
7.42052 -16.6602 30.6401 -9.0835 -12.188 30.7051 7.66501 -9.8087 28.2362 
-11.8089 -4.04423 30.1486 7.79865 -5.05383 28.1302 -9.42654 0.727823 31.37 
6.49089 -0.0681147 29.0533 -7.90265 1.79208 30.1348 4.63973 1.71458 29.9609 
3.16559 2.56182 28.7634 -4.66338 3.14579 30.1569 -1.53161 3.53669 29.4191 
0.650934 -23.2689 31.2912 -0.626337 -22.7174 31.6196 -1.24417 -22.1666 32.4508 
-3.35762 -19.7563 31.6361 -5.1804 -17.5199 32.4367 -6.6406 -15.6211 31.7504 
-7.89916 -13.9731 32.3112 -8.39386 -13.2398 30.9573 7.64631 -14.2011 30.8041 
-9.41065 -11.7149 31.9135 7.66626 -10.9324 29.4324 -10.9745 -8.67037 32.9217 
7.66789 -8.96956 30.8908 -11.6039 -6.5334 31.6144 7.72532 -6.8804 29.5849 
-11.866 -4.6815 31.8712 7.79203 -5.099 29.7576 -11.7795 -3.44234 31.3966 
7.78154 -3.45254 30.1062 7.60101 -2.03068 30.618 -10.774 -0.776173 31.745 
7.33251 -1.38139 29.1307 -6.87826 2.35899 30.0338 -6.10706 2.71591 30.6714 
1.48224 3.19069 29.8437 2.75503 2.81756 31.0928 -3.0977 3.51027 30.7894 
-0.18427 -23.011 32.0705 -2.54025 -20.8079 33.9322 5.52036 -21.5276 31.2558 
6.28023 -20.2869 32.3138 -4.26603 -18.664 32.1144 -8.72986 -12.7979 32.3408 
7.68964 -12.56 30.4256 7.68322 -11.8447 29.9028 -9.96964 -10.798 33.1091 
7.6712 -11.2092 31.3807 -11.5935 -6.95433 33.7074 7.75407 -6.21812 32.6149 
-11.8602 -3.54233 33.3955 -11.4878 -2.23405 32.0724 7.19297 -0.963603 30.7315 
-7.50776 2.12555 31.9774 5.80462 0.834829 31.2823 -0.436402 3.56827 31.0671 
-4.41389 3.38192 32.5126 0.176531 -23.1954 33.8256 -0.578633 -22.7725 32.8141 
3.03064 -23.2128 33.6984 4.5745 -22.4632 32.9796 5.29612 -21.7987 32.1068 
7.09934 -18.2567 31.4633 7.31742 -17.4814 31.9778 7.59154 -15.5277 32.3726 
-9.2227 -12.088 33.4466 7.68964 -12.7711 31.8441 7.64686 -10.1271 32.2824 
-11.8574 -5.56193 33.5262 -11.946 -4.57005 33.4204 7.80019 -4.21125 32.2155 
-11.1776 -1.24984 33.4912 -10.5372 -0.202987 33.653 7.44268 -1.39005 31.5735 
6.6406 -0.0897706 31.347 -8.8046 1.48724 33.7346 4.78732 1.80523 33.4012 
-5.93318 2.89415 32.5285 3.6342 2.49574 32.3695 1.07901 3.39866 32.3315 
2.39922 3.08673 33.3878 -3.15036 3.64149 32.8368 -2.03172 3.64396 31.4222 
1.41646 -23.4217 33.0968 -0.850625 -22.5785 34.1645 -1.5283 -21.9475 34.0771 
5.36955 -21.7264 33.3005 -4.20362 -18.81 33.9616 7.11395 -18.2286 33.1887 
-5.29841 -17.4596 34.7172 -6.21286 -16.2775 34.54 7.44571 -16.8279 32.8091 
-7.44887 -14.6492 34.496 -8.53448 -13.1368 34.1514 7.6723 -13.6993 33.7689 
7.67637 -11.9395 32.9325 7.65028 -10.7737 33.0186 -10.4949 -9.96301 34.9871 
-11.0736 -8.76802 35.1286 -11.4275 -7.72939 34.7891 -11.9714 -4.48481 34.9955 
7.79501 -4.6567 33.7539 -11.6197 -2.17889 34.7269 7.7288 -2.78116 32.253 
7.54421 -1.7325 32.4402 7.07729 -0.724396 32.587 -9.82677 0.696031 34.1026 
6.15562 0.54368 32.987 -7.5692 2.33655 35.31 -5.51136 3.21148 34.6299 
-4.24753 3.54278 34.1262 -0.446952 3.69024 33.4594 -1.86917 3.73242 33.1659 
1.43353 -23.4644 35.4461 4.5701 -22.4014 35.0944 5.62875 -21.394 34.0948 
6.75134 -19.3159 35.6936 7.58394 -15.7921 34.1462 -9.51569 -11.6875 35.3055 
7.65605 -11.1473 34.6529 7.63776 -9.59242 33.6981 -10.9083 -9.26517 36.6217 
-11.4075 -7.96284 36.5846 7.67052 -7.99604 33.7252 -11.805 -6.22379 35.9504 
-11.9056 -3.2504 35.3486 7.70964 -3.07786 34.9505 7.65101 -2.22694 33.4791 
-11.5132 -1.6397 36.1866 -11.1513 -0.989158 35.2793 7.31452 -1.27402 34.4965 
3.45634 2.68202 34.142 0.715407 3.60328 35.3141 -1.64762 3.84236 35.4719 
0.319627 -23.3371 35.5679 -0.443643 -22.9375 36.0151 -1.54414 -21.9751 35.8089 
2.65838 -23.4445 35.4278 3.32005 -23.2313 35.3502 5.84212 -21.0754 35.4728 
-3.81511 -19.3751 36.2788 -4.96637 -17.9358 36.1643 7.37227 -17.2341 35.1298 
-5.83295 -16.8252 36.1269 -6.88588 -15.4856 37.2864 -8.43979 -13.3425 36.6557 
7.62644 -9.69076 35.4605 7.72414 -6.91196 35.8444 7.79775 -5.0084 35.4275 
-12.0085 -4.64629 37.0139 -11.99 -3.64586 36.699 -11.7716 -2.45819 37.0219 
-10.4713 0.0808053 35.8338 6.54211 0.122488 34.5962 -9.39016 1.19445 35.7959 
5.7052 1.12032 34.6931 -6.1953 3.14518 37.3731 -4.82246 3.50196 35.6299 
-3.38925 3.72237 34.9415 0.356898 -23.365 36.9532 -1.11033 -22.4777 37.8236 
3.01604 -23.2186 37.0182 4.40739 -22.5866 36.813 -2.65283 -20.8011 36.8615 
5.14356 -21.9841 36.6487 -4.80916 -18.1906 38.0366 -5.72397 -17.0091 37.4596 
7.61602 -15.3088 36.8423 -8.16987 -13.8292 39.3139 7.68328 -12.4554 36.7653 
-9.50659 -11.8065 37.3418 -10.2542 -10.5474 36.9277 7.64348 -10.2486 36.8606 
7.62419 -9.23264 36.2577 -11.2263 -8.59164 38.1968 7.63852 -8.60033 35.3963 
-11.6994 -7.04907 39.1592 -11.9867 -5.25714 38.5164 -11.2151 -0.973271 37.4964 
-10.1277 0.640167 38.4079 -8.93085 1.6506 37.1659 -8.39706 2.13026 38.9087 
5.00962 1.77762 35.6399 3.86081 2.52657 36.3857 2.51338 3.12055 35.3286 
-3.27297 3.85313 36.7223 -0.808332 3.93063 37.1712 -0.364733 -23.0559 37.8928 
-1.91356 -21.6811 37.8668 1.26018 -23.4792 37.5997 4.64485 -22.3829 38.2505 
5.71666 -21.3447 37.3806 -3.62417 -19.6954 38.5716 6.23763 -20.5387 36.681 
7.23705 -17.9951 36.8801 7.45073 -17.0368 36.8782 -9.06613 -12.5152 38.4877 
-10.0877 -10.9072 39.0941 -10.7382 -9.6915 38.0357 7.65369 -8.58726 37.237 
-11.996 -3.63419 38.9629 7.81901 -5.41081 38.1693 7.27883 -1.16837 37.1851 
7.65554 -2.29259 38.636 6.78802 -0.186072 36.3352 5.78821 1.0947 36.7892 
4.8708 1.92639 36.8068 1.9362 3.42349 37.7235 -4.54712 3.65124 37.021 
0.345839 3.85739 38.0337 -2.48929 3.99703 38.1489 0.215875 -23.2817 39.0794 
-0.829643 -22.7467 39.4187 -1.74749 -21.9172 39.6506 -2.57858 -20.9748 38.9926 
-3.34615 -20.1209 40.9548 6.34833 -20.2994 38.1881 6.96943 -18.8801 38.0463 
7.40393 -17.2568 38.8573 -5.95274 -16.7773 39.5892 -7.12126 -15.2729 40.0007 
-9.23698 -12.3227 39.9567 7.73171 -13.0921 39.9238 -10.9601 -9.26046 39.4 
-11.3561 -8.30732 39.51 -12.0757 -5.01852 41.6567 7.83307 -3.90117 37.5265 
-11.6717 -1.87262 39.4877 -11.1435 -0.588283 39.6247 1.05132 3.79832 39.0998 
-3.96376 3.85265 38.2644 -1.06429 4.07959 39.2106 1.70391 -23.4481 39.3283 
3.18604 -23.205 39.4404 -2.44976 -21.1815 40.3672 5.15129 -21.9685 39.3782 
5.60599 -21.4784 38.6683 6.86041 -19.1578 40.6459 -4.66592 -18.4466 40.332 
-5.54739 -17.3625 41.8305 7.67011 -15.3493 39.7222 -8.76285 -13.0632 41.4314 
-9.83092 -11.4176 40.3365 -10.2932 -10.6067 41.2964 7.67829 -11.1124 38.902 
-10.6966 -9.81181 40.3126 7.64955 -9.6768 38.6366 -11.3233 -8.43271 41.5919 
7.72303 -7.18238 38.3079 -11.8645 -6.71727 41.6282 7.85725 -3.43 39.305 
7.06641 -0.566902 40.0265 6.55382 0.229736 38.3864 5.65187 1.343 39.4871 
4.73016 2.06078 38.386 3.33009 2.93119 39.5427 -5.28995 3.59778 39.1234 
0.225902 4.01211 40.0854 -0.592675 -22.912 40.9852 -1.33372 -22.3537 40.9323 
2.43928 -23.34 41.1317 3.24303 -23.2141 40.3268 4.19165 -22.6406 40.3609 
5.71136 -21.1974 40.2369 -6.72575 -15.8466 42.3874 -7.80612 -14.3959 41.3936 
-9.58438 -11.8321 41.1976 7.67793 -9.8644 40.5521 7.68376 -8.40895 39.5092 
7.88399 -4.19587 38.8947 -11.9603 -2.61479 42.1604 7.75243 -2.46085 41.0816 
-11.4542 -0.971221 41.5578 7.49533 -1.46462 40.5548 -10.8071 0.121895 40.8209 
-9.92458 1.16053 41.2124 6.29015 0.674668 40.3476 -6.96847 3.0641 40.3835 
1.6492 3.71409 40.7237 -3.9785 3.96492 40.2788 -2.41285 4.14785 40.3382 
0.441802 -23.2679 41.4393 -2.26257 -21.4123 41.8371 6.17582 -20.5594 42.7375 
-4.53813 -18.6799 43.0371 7.42038 -17.4741 41.3445 7.623 -16.2727 41.0752 
7.76414 -14.5647 42.2836 -9.57886 -11.8658 43.1158 7.70314 -11.2373 40.5824 
-10.6646 -10.0282 43.5755 -11.8297 -7.10821 42.6474 -12.0354 -6.24171 43.1331 
7.78959 -6.58376 40.5087 7.90255 -4.32072 40.6498 -10.9576 0.172414 43.1639 
-8.72172 2.24453 42.3008 4.56474 2.28235 41.3623 -5.69592 3.64766 41.4 
0.439325 4.08943 41.7657 -1.17816 4.24612 41.8382 -0.55089 -22.9315 42.299 
-1.33661 -22.3457 42.7873 1.05903 -23.4113 43.0487 2.49056 -23.3935 42.887 
3.61854 -22.9783 41.9371 4.89782 -22.0667 42.0788 -3.34001 -20.1965 43.6112 
-5.69128 -17.2147 43.8088 7.63191 -16.4771 43.4655 -8.19323 -13.9109 43.9229 
7.74014 -11.4432 41.9024 -10.1049 -11.11 44.8609 7.70156 -10.5245 41.5413 
7.72788 -9.47679 43.0786 -11.3198 -8.72425 44.3924 -11.8249 -7.25988 44.247 
7.71483 -8.31281 41.3428 7.93281 -3.27567 42.526 -11.6964 -1.13231 43.8444 
7.26772 -0.827217 42.4795 6.36509 0.602114 42.4069 -10.0479 1.31302 43.4432 
5.63541 1.41983 41.4627 -7.08042 3.23606 43.1028 2.99576 3.26456 42.6086 
-5.88232 3.72544 42.9573 -4.7509 3.99068 42.6572 1.16376 4.01168 42.7594 
-3.05843 4.23912 42.3738 -0.472248 -22.9354 43.9193 1.59949 -23.5526 44.0143 
3.86802 -22.8562 43.5225 -2.38648 -21.3266 44.6362 5.29375 -21.7331 44.0334 
6.86968 -19.3817 42.9135 7.28064 -18.2143 43.1399 7.79261 -12.728 42.5181 
-10.994 -9.52028 44.8178 7.80411 -7.25304 42.7546 -12.1654 -5.58925 45.5601 
-12.1894 -3.72474 44.2445 7.91644 -5.39047 42.4116 7.97185 -4.24481 42.3434 
-12.0614 -2.14665 45.2299 7.71492 -1.92336 43.3232 -11.8307 -1.11885 45.3711 
-11.4743 -0.348869 45.2965 -10.6296 0.902064 45.6649 -9.55559 1.88531 44.51 
1.90146 3.77521 42.7699 -5.77495 3.83121 44.6343 -3.94121 4.25005 44.3461 
-2.10449 4.36818 43.1587 0.0805283 4.24391 43.5161 -1.51196 -22.2157 44.8248 
0.525015 -23.3841 44.8085 2.55753 -23.4296 44.1206 -4.09504 -19.2827 45.1622 
6.66459 -19.8622 43.871 6.99073 -19.135 44.3607 -5.04602 -18.0731 45.7096 
-6.662 -16.0032 46.1878 7.8044 -14.8331 44.8041 7.83108 -12.8665 44.6819 
-9.32322 -12.3652 45.6344 7.7771 -11.2837 43.7421 -10.6657 -10.1712 45.2282 
-11.1387 -9.27277 46.3264 -11.6398 -8.04807 45.8866 -12.2561 -3.46596 46.5956 
8.00154 -4.17834 43.8572 7.93258 -2.79571 44.1437 -11.8295 -1.02649 46.7504 
6.78254 0.150269 43.9294 -8.56106 2.58433 44.4045 5.2243 1.83135 43.406 
4.08041 2.73802 44.1812 2.03054 3.81145 44.4086 2.97818 3.43241 45.1738 
1.12597 4.10336 44.4179 1.59368 3.94187 43.6297 -2.64513 4.39638 44.0144 
-1.39527 4.4291 44.4044 1.7106 -23.5206 45.4696 -1.17441 -22.5265 46.1252 
3.26282 -23.19 45.074 -2.02007 -21.7562 46.4275 -2.72533 -20.9898 46.692 
4.57893 -22.4404 45.1818 5.4031 -21.6954 45.5216 -3.34964 -20.231 45.965 
6.26068 -20.4629 45.6378 7.2957 -18.3303 44.6087 -8.3673 -13.79 47.3171 
-10.25 -10.9623 46.8739 7.75926 -9.97954 44.6157 7.73987 -9.3034 44.5543 
7.75261 -8.88879 44.5462 7.81813 -7.86332 44.5128 -11.9594 -7.06615 46.1838 
7.92972 -5.99244 44.2696 -12.1364 -2.14995 47.1455 7.65612 -1.69898 45.4765 
-11.3705 -0.00127459 46.7172 7.38042 -0.906988 44.1908 7.12445 -0.353715 44.0785 
-9.27766 2.21583 46.3743 5.9601 1.14161 44.8152 -7.65223 3.14625 45.5281 
-4.59412 4.28377 46.8313 -2.75796 4.49165 45.9638 0.0635748 4.38495 45.8862 
-0.380954 -23.0562 45.8377 -0.743219 -22.804 47.5835 2.72796 -23.4071 46.4532 
1.54012 -23.5921 47.637 -1.71606 -22.0542 47.9038 3.88145 -22.924 46.1098 
5.02065 -22.0602 47.3254 -4.16303 -19.2223 47.3245 7.20581 -18.4338 46.2732 
-5.37981 -17.6921 48.7019 7.48264 -17.5325 44.8575 -7.47137 -15.0281 48.6457 
7.71822 -16.1512 47.0337 7.86523 -13.8634 46.6472 -9.4386 -12.3058 47.7324 
7.81126 -10.8434 45.5806 7.82087 -8.98623 45.93 -11.7363 -7.864 47.8073 
7.959 -6.69595 46.3073 -12.0557 -6.75049 46.9454 -12.2522 -4.71862 48.7695 
-12.2416 -2.86171 48.3196 8.03766 -4.82614 45.7578 8.00029 -3.26627 45.6149 
-11.0587 0.540899 47.2552 -10.4816 1.25149 48.1013 6.84918 0.00587305 45.8571 
-8.13066 3.05166 47.372 4.73766 2.33076 45.9017 -6.62148 3.69767 46.9174 
3.63462 3.14315 46.516 2.1934 3.84555 46.1301 2.68968 3.67638 47.093 
1.34978 4.13221 46.109 -1.3127 4.55086 46.4909 0.369445 -23.3329 46.6829 
2.65284 -23.4907 47.7824 3.59661 -23.0893 47.083 -2.50699 -21.252 48.0198 
-3.28826 -20.3293 47.9815 -9.1643 -12.7932 49.5171 -10.0483 -11.4492 49.2001 
7.87873 -11.8538 47.2345 -11.0131 -9.69445 49.0364 -11.9382 -7.17539 50.242 
-12.0941 -6.44501 47.8818 8.08265 -5.20174 47.4941 8.08815 -3.9214 47.0066 
-12.0016 -1.55693 48.6099 7.93224 -2.66963 47.4373 -11.4309 -0.0926588 48.3814 
5.61256 1.56456 47.2724 -9.24063 2.43124 48.6417 -7.55092 3.44362 49.0186 
4.12607 2.88431 47.2865 1.44068 -23.6082 49.2057 0.244513 -23.2561 49.0709 
2.08791 -23.6573 48.3745 3.63447 -23.0873 48.0714 6.07866 -20.8532 47.5769 
6.68636 -19.8103 49.0796 -4.01477 -19.4342 49.9862 -6.61406 -16.1397 49.1438 
-8.27195 -14.0173 49.6888 7.95126 -13.4821 49.7941 7.85036 -10.1603 47.2263 
-11.6006 -8.39388 49.4699 7.87399 -9.23613 47.7031 7.93889 -8.06671 47.9804 
8.12807 -3.98474 48.791 -11.7455 -0.787695 50.825 4.66104 2.51512 48.0137 
-5.86477 4.04613 48.2055 3.2186 3.47118 48.2537 3.70288 3.17759 47.6476 
-4.73857 4.3733 48.6036 1.75446 4.08014 47.6546 -4.05362 4.5113 48.3315 
-3.40354 4.55688 47.8245 -2.19743 4.62981 48.035 -0.69592 4.59032 48.0063 
0.621022 4.39852 47.8948 -1.31759 -22.3479 49.7016 1.84527 -23.6762 48.6453 
2.63769 -23.4833 49.4841 -2.22435 -21.5533 49.2515 4.13925 -22.8644 48.9709 
4.99704 -22.276 49.0756 -2.928 -20.7733 49.4901 5.70262 -21.4936 49.296 
5.98021 -21.0412 48.3032 7.45241 -17.7555 48.3981 7.70713 -16.8779 49.0239 
-6.14063 -16.776 51.3232 -9.82114 -11.9137 51.182 -10.5191 -10.7867 50.9101 
-11.4735 -8.80792 50.4384 7.95116 -9.8939 49.681 -12.2688 -4.90448 52.5002 
8.03163 -6.49793 48.1522 -12.1881 -2.79154 50.2684 7.40166 -1.02417 48.1217 
7.91118 -2.38662 49.9918 -10.9803 0.773601 50.2671 6.41948 0.697881 49.2893 
-10.1464 1.79998 49.9947 -9.10946 2.68137 50.6943 5.03041 2.25268 49.7702 
2.26937 3.94438 48.8276 3.99396 3.03342 48.5663 4.49529 2.70929 49.0849 
-5.82753 4.12796 49.7975 -3.70502 4.59373 50.1214 -1.63177 4.70313 49.6947 
-0.297546 4.62689 49.8727 1.39936 -23.5108 51.3808 3.7275 -23.1226 50.0144 
-2.45936 -21.2882 50.838 4.53278 -22.6439 50.0729 5.22085 -22.1194 49.8606 
-4.86106 -18.4061 52.4934 -5.09507 -18.082 50.6891 7.53915 -17.6544 50.4254 
7.85428 -15.9525 50.223 -7.47355 -15.08 50.7374 -8.80192 -13.3793 52.2227 
-11.0735 -9.76571 51.0693 -11.526 -8.77599 52.1212 8.05104 -7.13997 50.0192 
8.12015 -5.50136 49.1943 -12.1338 -2.24904 52.814 8.18951 -3.92039 50.5454 
7.24629 -0.460558 50.8264 -11.2324 0.53379 52.1126 -7.47872 3.62213 51.2959 
2.78272 3.75815 49.6555 3.46897 3.3962 49.6829 4.19113 2.94598 49.8021 
-5.6454 4.29785 51.7352 1.14154 4.35744 49.7232 -0.360043 -22.9998 51.4022 
2.41543 -23.5045 50.8379 -1.53823 -22.1832 51.9568 3.46041 -23.1047 51.5817 
-3.17878 -20.4744 50.6666 6.06711 -21.034 50.2952 8.00789 -14.8864 52.0526 
-10.0659 -11.6289 53.4452 -10.3113 -11.2096 52.0735 -10.819 -10.3366 52.6731 
8.03625 -11.4156 52.3864 8.03853 -9.55647 52.5865 -11.9869 -7.29403 52.7799 
8.17054 -5.53354 50.6664 8.20491 -4.68041 49.9937 -12.3571 -3.30044 54.4626 
-11.7006 -0.422899 53.4537 -10.3506 1.72574 52.1054 6.63772 0.612335 51.196 
5.79876 1.61232 51.9375 -8.98947 2.92151 52.9622 3.70245 3.30581 50.902 
4.31101 2.90326 50.8672 2.85827 3.77012 51.0827 2.03137 4.12039 50.5706 
-4.56467 4.60181 52.0195 -1.6248 4.78783 52.5675 0.146903 4.64094 51.409 
-0.82722 -22.7837 53.1246 5.29775 -21.9242 50.9015 -2.47292 -21.2618 52.6569 
-3.43495 -20.1601 52.0942 6.26694 -20.688 51.6775 7.22034 -18.8613 52.6564 
-6.18632 -16.7701 53.9999 -7.39997 -15.2272 53.2418 8.07904 -13.375 53.1353 
8.06345 -8.07701 52.0777 8.147 -6.38435 52.0338 8.2325 -4.70169 50.7956 
8.22133 -4.82997 51.9663 8.1401 -3.30306 52.1046 7.82001 -1.61634 52.4328 
-12.107 -1.57855 55.3092 6.9521 0.251079 51.7702 -11.0834 0.943914 53.9133 
4.71829 2.61685 51.7979 -7.23902 3.85444 53.4638 2.76346 3.88878 52.7194 
3.35771 3.54273 51.9234 3.34165 3.59566 52.946 3.94034 3.19919 52.1361 
2.01279 4.20871 52.3143 -3.83649 4.7183 52.6676 1.12186 4.47865 51.7982 
0.0983382 -23.3031 53.2932 1.04275 -23.6113 53.9916 2.21585 -23.5336 53.3697 
-1.70597 -22.0152 54.3821 5.21446 -21.95 53.2446 -3.03092 -20.6191 54.105 
6.47332 -20.4505 53.7835 -4.0619 -19.4052 53.8987 -5.15366 -18.0721 55.1476 
7.8413 -16.6576 52.9889 -10.8658 -10.3535 54.8758 -11.3382 -9.38545 53.8871 
-11.7547 -8.33819 53.96 -12.1515 -6.97874 55.2237 -12.451 -4.81932 55.4346 
8.23798 -5.72737 53.6677 8.24986 -4.40127 53.7916 -12.4381 -3.16688 56.3794 
7.18434 -0.0998938 52.842 -11.5683 0.123617 55.6208 6.60653 0.739041 52.2493 
-10.204 2.08983 54.5245 -8.88726 3.15013 55.5016 4.92086 2.50219 53.1794 
4.34332 2.96165 53.0961 -5.34341 4.47839 53.4661 -4.19097 4.73586 55.2107 
2.14637 4.23417 53.8865 1.19912 4.54082 53.6031 0.235477 4.70494 52.9736 
0.252872 -23.4176 55.3585 -0.607111 -22.9409 54.543 3.60829 -23.0774 54.6197 
-3.84913 -19.6565 55.7417 -6.18138 -16.8019 55.624 -7.26073 -15.4626 55.9284 
-8.46127 -13.9209 55.041 8.0626 -14.9647 54.1453 -9.50266 -12.5244 55.099 
-10.3452 -11.3015 55.8977 8.11115 -10.0471 54.5082 -11.573 -8.9053 55.7632 
8.13902 -8.2676 54.1432 8.17057 -7.0128 53.5184 8.1151 -2.75791 54.2048 
7.85194 -1.43811 53.8372 7.66433 -0.946344 53.3269 -11.9357 -0.730231 57.2593 
6.36987 1.08739 53.5435 -10.9826 1.25333 55.7749 -6.78426 4.13314 55.5848 
2.96148 3.85984 54.1712 3.71753 3.40689 53.8556 4.38575 2.97121 54.5175 
-0.0162604 4.84197 55.2616 1.02086 -23.659 55.2829 1.90528 -23.6269 55.2737 
-2.61623 -21.0662 56.0688 5.91225 -21.3953 55.3546 7.23207 -19.3072 55.8693 
7.68862 -17.8513 54.7424 -8.45734 -13.9792 57.0529 -9.1714 -13.0355 56.6394 
-9.9528 -11.9605 57.3436 8.11563 -11.8028 54.5399 -10.9946 -10.2299 57.4184 
-11.9624 -8.01397 56.6961 -12.2621 -7.15008 57.5685 8.26833 -6.54454 55.383 
-12.4573 -5.94285 56.8247 -12.5678 -4.61238 57.4473 8.28713 -5.32728 54.7136 
8.28967 -4.50694 55.85 -12.2703 -1.9029 57.4613 7.79376 -1.37064 55.183 
7.48933 -0.568002 54.2323 6.88348 0.476512 54.5485 -11.3132 0.753737 58.1573 
5.41795 2.11793 54.468 -10.3465 2.07182 56.7839 3.42383 3.68913 56.3824 
2.39074 4.19413 55.3478 -2.01366 4.97953 56.0465 1.40896 4.58435 55.5707 
1.13937 -23.653 56.604 -0.859284 -22.7347 56.5456 -1.76864 -21.9563 56.1843 
4.95041 -22.3278 54.8927 -3.5275 -20.0285 58.4391 -4.79062 -18.5263 57.09 
7.74104 -17.9083 55.8545 -6.14212 -16.877 57.3724 7.97761 -16.6157 56.5125 
8.15838 -13.4287 56.0977 -10.4665 -11.1728 57.2824 -11.8082 -8.56058 58.2075 
-12.2831 -7.27382 59.8953 -12.5334 -5.9166 58.6667 -12.5022 -3.13862 58.5267 
8.10105 -2.6408 56.3131 7.24674 -0.129145 55.6037 6.19842 1.38061 55.0789 
-9.53647 2.91717 57.9164 5.54528 2.11866 56.5549 -8.20556 3.66525 57.32 
4.62623 2.87516 56.0466 2.02926 4.42637 57.0015 -3.74934 4.93755 57.7179 
0.703547 4.83625 56.4694 0.24757 -23.4496 57.1844 2.80813 -23.4554 57.7818 
4.82943 -22.4635 56.3481 -1.98196 -21.7233 57.5644 5.73029 -21.7949 56.4776 
6.30509 -21.0675 56.8433 6.93164 -20.1821 57.893 7.73295 -18.0094 56.3196 
-5.18292 -18.069 58.7462 -7.84522 -14.7871 58.7992 -9.33675 -12.8528 58.6618 
-10.093 -11.8074 58.9667 -10.4802 -11.1794 58.2017 8.20352 -10.8087 56.695 
8.24705 -8.41744 56.6776 7.59427 -0.983538 57.2353 6.97634 0.414468 56.9897 
6.54659 0.996685 56.0938 -10.5147 2.08886 58.902 -8.66905 3.54915 59.0123 
4.26718 3.21609 56.9419 -6.47661 4.36035 58.3793 -1.03621 5.06396 57.3019 
0.0343153 4.98563 57.564 1.03343 4.80402 57.5147 0.630978 -23.6169 58.3993 
0.790224 -23.677 57.5366 1.33629 -23.7126 57.8669 4.81242 -22.5587 58.2473 
3.99519 -23.1433 59.6473 5.59474 -21.9546 57.2461 7.48669 -19.0858 57.0444 
7.34406 -19.4268 57.1745 7.68061 -18.368 57.1766 7.47926 -19.1319 58.0173 
8.24453 -14.5203 59.3268 8.27392 -12.066 58.5966 -9.80827 -12.2341 59.369 
-10.7267 -10.811 59.6804 -11.3913 -9.59753 59.4382 -11.8141 -8.7258 60.7708 
-12.6112 -5.61506 61.367 8.34278 -5.76865 57.2094 8.31705 -6.9309 57.0127 
-12.6292 -4.59506 59.3467 -12.1459 -1.32911 59.9529 7.03056 0.35617 58.274 
6.2472 1.44052 58.0957 -10.9882 1.56978 60.1051 -9.84346 2.84497 59.9293 
-9.09716 3.42776 60.3523 4.71868 2.89736 57.2731 4.87455 2.79576 58.7826 
-2.32738 5.10716 58.1965 1.4479 -23.7052 58.9616 -0.274707 -23.1597 58.5211 
-1.19581 -22.4747 58.4714 -2.11211 -21.5894 59.3358 5.97655 -21.5376 58.3236 
-4.81058 -18.5395 60.5438 7.83615 -18.034 59.3444 -6.36445 -16.648 60.0903 
8.12413 -16.4425 59.2158 -8.99589 -13.3483 60.4511 -9.93177 -12.0594 60.3142 
8.37581 -9.44472 60.1161 -11.2994 -9.85127 61.03 8.37311 -6.7842 58.5826 
8.27595 -3.67475 59.1407 -12.598 -3.54067 60.9205 -11.4609 0.659722 61.3331 
-10.5633 2.19664 60.4541 -8.18678 3.87204 60.0698 4.16921 3.31599 57.8021 
2.40595 4.32702 58.4847 1.48155 4.71611 58.6934 -1.37499 5.14186 59.1782 
0.255609 5.02339 59.6463 0.499266 -23.4972 60.1403 2.06015 -23.6811 60.5008 
3.14959 -23.5293 59.9714 -0.952337 -22.6373 60.2463 5.34464 -22.1841 60.2841 
6.51112 -20.9137 59.6438 -2.85464 -20.8222 59.9951 -3.47377 -20.1239 60.9717 
7.23537 -19.7149 59.6506 -9.52706 -12.6652 62.4035 -10.6923 -10.9322 62.2694 
8.35676 -12.2549 60.9959 -11.552 -9.40028 62.9524 -12.2643 -7.5857 63.0867 
7.45527 -0.510213 59.6248 6.68158 0.942088 59.4744 5.68731 2.13823 60.6666 
-10.8641 1.83804 61.7974 -10.2777 2.56775 61.5162 -9.57572 3.17342 61.4034 
-8.74443 3.67597 61.335 -7.35244 4.26642 61.333 3.34655 3.86486 59.4172 
-4.11966 5.03411 60.8385 1.59627 4.73029 60.6494 3.7328 -23.3014 62.1554 
-2.26526 -21.4324 60.9529 6.67678 -20.8095 62.205 -4.33958 -19.1228 61.9253 
-5.92882 -17.2249 63.0456 8.15913 -16.7286 61.8166 -7.97964 -14.6828 61.8807 
8.53389 -6.34276 61.155 -12.7544 -5.85192 64.3726 -12.7982 -4.25568 63.6488 
8.57359 -4.69938 61.1241 -12.5341 -2.4069 62.9142 8.05341 -1.66105 61.1781 
8.4111 -2.87362 61.1226 7.45533 -0.148943 61.5637 6.71612 0.963537 61.0634 
-10.5301 2.33094 62.873 -9.91532 2.98139 62.6233 -9.13603 3.54218 62.4619 
-8.4512 3.88438 62.13 -3.00171 5.42653 63.791 -1.53483 5.2726 61.5794 
-0.00673985 5.2122 62.2597 0.91039 -23.671 62.2199 -0.203323 -23.1891 61.6872 
2.04066 -23.7313 62.1786 -1.43806 -22.2143 62.4808 5.3316 -22.3224 61.9436 
-2.93298 -20.7174 62.332 -3.67332 -19.9078 62.0317 7.51641 -19.2084 60.9754 
7.86012 -18.3442 61.4721 8.37457 -14.1623 62.3955 -8.83553 -13.6489 64.2844 
-10.278 -11.6641 64.8295 8.42619 -12.4176 63.0203 8.41165 -10.9738 62.3734 
-11.1644 -10.2296 64.4536 8.68055 -5.0439 62.6011 8.57443 -3.77122 61.6546 
8.45047 -2.46465 62.9359 -12.039 -0.603289 63.3117 7.81294 -0.673533 63.3788 
-11.1182 1.39304 64.5506 6.87737 0.883164 63.1218 4.09992 3.50888 61.5569 
-9.43706 3.41868 63.8912 -8.24024 4.07483 63.2716 -6.51035 4.74322 63.2827 
2.56337 4.43281 62.163 -1.35649 5.42533 63.523 -0.197844 -23.2344 63.191 
1.71919 -23.796 63.8577 4.96904 -22.7234 62.5483 5.02427 -22.77 63.5863 
5.63588 -22.175 62.7214 -2.89372 -20.7391 64.3751 -4.03904 -19.4721 62.9771 
7.55268 -19.2674 62.1212 -4.58899 -18.8242 64.3833 7.84161 -18.595 62.9535 
-7.68115 -15.113 63.819 8.48917 -11.1152 64.6101 8.45539 -9.72696 62.8825 
8.53478 -8.12362 62.7775 -12.6331 -6.9531 66.5296 -12.9506 -4.85638 65.4405 
-12.948 -4.1293 65.4467 8.67586 -3.88283 63.3953 -12.7684 -2.8958 65.3559 
-12.4729 -1.74269 64.2247 -12.3153 -1.05698 65.4233 -11.8547 0.0522959 64.6802 
6.02587 1.90922 62.5157 4.82975 3.05449 63.2849 -10.2501 2.65428 63.7526 
-10.0631 2.86861 64.9311 -4.87693 5.23149 64.1728 -0.458855 5.40934 64.3358 
0.98234 5.10217 63.6933 0.569281 -23.6545 63.8809 -0.144192 -23.3142 64.5794 
2.94701 -23.7527 65.1334 -1.15447 -22.4986 64.4327 5.93643 -21.9545 63.5012 
6.34319 -21.5346 63.9202 7.45775 -19.6817 64.1042 6.77924 -20.9865 64.8883 
7.4772 -19.5313 62.8812 -5.83675 -17.3771 65.7869 -7.7301 -15.0982 65.9147 
8.39182 -15.5147 64.732 8.53329 -9.15152 64.3878 -11.8624 -8.91063 65.7839 
8.66736 -6.56961 63.5339 8.67918 -3.10753 64.9983 -11.8393 0.158857 65.4134 
5.87556 2.15879 64.5839 -9.41104 3.51342 65.4646 -8.63436 4.01313 65.0134 
3.89292 3.78637 63.2492 -7.63343 4.48083 64.6686 -6.53308 4.92897 65.4121 
-4.95038 5.38285 66.5285 3.21058 4.19632 63.2557 -4.05911 5.44985 65.0697 
-2.01285 5.57418 65.6348 0.54515 -23.6258 65.5752 4.15737 -23.3564 64.4256 
5.77576 -22.2419 65.1522 -3.14256 -20.4817 66.3504 -4.33472 -19.1348 65.9989 
-9.40691 -12.9669 66.4963 8.47647 -13.3196 64.5167 -11.1678 -10.3231 66.2696 
8.62105 -7.82936 64.4218 -12.9362 -5.56522 66.4987 8.77565 -5.0961 65.0366 
-13.0357 -4.26085 67.4758 8.52377 -2.23894 64.3344 8.28863 -1.55375 64.1704 
-12.6657 -2.01164 66.3731 -12.5041 -1.36296 67.1578 -11.907 0.0479345 67.0318 
7.08835 0.789116 66.1366 4.60303 3.37777 65.5297 -9.98419 2.95879 66.9159 
-8.85425 3.9556 66.591 3.2927 4.20853 64.9773 -7.84886 4.49141 66.1411 
-3.44437 5.5434 65.6213 2.12981 4.76822 64.3272 -0.321759 5.49223 66.4193 
1.06913 5.2098 65.4932 1.65509 -23.9032 66.0136 -0.682681 -22.8988 66.0022 
4.15068 -23.4449 66.482 4.85165 -23.0288 65.0416 -1.95734 -21.7296 66.1346 
7.41291 -20.0524 66.5244 -5.69192 -17.5853 67.9345 -6.86711 -16.187 67.4171 
8.02526 -18.0655 65.1591 8.56366 -13.7556 66.761 8.53071 -12.565 65.6887 
-10.5752 -11.3382 67.4184 8.57909 -10.2321 66.4047 8.57066 -11.8093 66.5926 
-11.5559 -9.74766 68.4958 8.54228 -9.76481 65.4306 -12.3476 -8.06022 68.4792 
-12.1597 -8.66772 70.3018 -12.7607 -6.956 68.7897 -13.0121 -5.74574 68.9076 
8.72327 -6.90388 65.1916 8.65599 -8.52142 66.1634 -13.1484 -4.74175 69.0291 
8.81041 -3.8893 66.2891 -12.8223 -2.54337 67.575 8.42526 -1.8336 65.4944 
7.9878 -0.777481 65.1397 -11.5487 0.864711 69.9433 -11.055 1.59394 67.4607 
5.46505 2.74881 67.2491 3.61527 4.13822 66.4877 4.3232 3.71406 67.074 
-8.09664 4.45227 67.5303 -6.90133 4.92953 67.3858 -3.39945 5.61611 66.947 
1.69103 5.02666 66.2298 0.750476 5.34293 66.6494 0.867482 -23.7527 67.572 
-0.145103 -23.2696 67.3694 -1.39503 -22.2441 68.1118 5.03989 -22.949 65.8553 
-2.83567 -20.8079 67.7749 6.46508 -21.6437 67.4005 -4.09672 -19.4112 67.6376 
-8.01841 -14.8303 68.3218 -8.86387 -13.7513 67.7532 -9.83765 -12.4792 68.5015 
8.8346 -6.63897 66.9099 8.90861 -4.79399 67.5717 -13.1518 -4.22587 69.1824 
-13.0221 -3.18249 69.7173 8.67496 -2.68874 67.5025 -12.5097 -1.26845 69.2254 
8.03756 -0.772729 66.9908 -10.5424 2.38094 68.9148 -9.73679 3.28849 69.1174 
-8.9127 3.94587 68.2986 2.34128 4.82802 67.451 -2.53122 5.7339 68.6542 
2.34905 -23.9302 68.1734 3.8086 -23.7053 68.4788 5.31353 -22.7728 66.9902 
4.66797 -23.2967 68.1433 -4.96156 -18.4331 68.8791 7.97805 -18.87 68.169 
-5.77154 -17.5088 69.0519 8.44707 -16.4485 67.8915 -6.05095 -17.1831 68.8348 
-6.26887 -16.9254 68.831 -6.98569 -16.079 69.02 -9.12553 -13.4706 69.4245 
8.67393 -12.0749 68.2635 -10.7619 -11.1644 69.6412 -11.6174 -9.83024 71.3668 
8.6347 -10.843 67.5408 8.62927 -9.39635 66.9031 8.83121 -7.88329 68.005 
-13.1799 -4.55384 70.4608 6.48195 1.85662 68.4911 4.25043 3.86127 68.4759 
3.47029 4.33681 67.8753 -7.71426 4.66371 69.0374 -5.89498 5.32103 69.2721 
-4.26064 5.60619 68.3064 0.443351 5.44856 68.2195 -0.919122 5.66532 68.399 
-0.106808 -23.2453 69.6278 5.53503 -22.7078 68.7996 -2.7318 -20.9247 69.7764 
7.31876 -20.6341 69.2368 -3.88385 -19.6578 69.019 -4.68132 -18.7606 69.694 
-5.52188 -17.8066 70.2088 -6.36933 -16.8169 69.792 -8.29584 -14.5314 70.3525 
-10.0204 -12.2921 70.1544 8.64646 -9.903 67.4501 8.77915 -9.88859 68.8385 
-12.2592 -8.6015 72.0599 8.69725 -9.08764 67.4983 -12.7731 -7.10378 71.2652 
8.88318 -6.97649 67.8191 -13.1375 -5.59153 71.243 8.94457 -6.47979 68.4104 
8.95059 -3.82741 68.8843 -12.8239 -1.88744 71.5577 -12.3609 -0.541458 71.3224 
7.55644 0.374234 68.395 7.09837 1.06958 68.2176 -10.1845 2.81937 71.2524 
5.80898 2.62534 68.8492 5.01168 3.3334 69.3447 -8.82582 4.0265 70.1748 
3.49087 4.41988 68.9958 -4.3793 5.68279 69.8636 2.68543 4.8522 69.268 
1.41483 5.32187 69.5367 1.04798 -23.8187 68.9664 3.44062 -23.9404 70.0027 
4.49894 -23.4781 69.7187 -1.57108 -22.1152 70.1655 6.48268 -21.9007 69.7514 
-1.75791 -21.9769 70.6525 -2.11978 -21.5884 70.8612 -2.08723 -21.6249 70.2519 
-3.68183 -19.8902 69.7754 -4.18237 -19.3347 69.8976 -4.69878 -18.7521 70.629 
8.38018 -17.9921 70.1654 8.70358 -14.0361 69.2822 -7.36499 -15.6592 70.8344 
-9.50481 -13.0193 71.4352 -10.6217 -11.4564 71.7546 9.00238 -7.59909 69.8927 
-13.2651 -4.71296 72.6609 9.08892 -5.12491 70.2081 -13.1521 -3.39625 72.1317 
8.8452 -2.7375 70.2129 8.17943 -0.811626 69.3677 -12.369 -0.390587 72.1182 
-12.0733 0.194945 72.1395 7.08063 1.21444 69.7645 6.41271 2.08477 69.9732 
6.16593 2.32805 69.3355 5.83466 2.68387 70.1121 3.5464 4.46537 70.6657 
-7.41151 4.8972 71.2323 -3.66035 5.8153 70.7982 2.00023 5.23338 70.315 
2.59885 4.99083 70.3308 -1.21095 5.7818 70.1019 0.0280466 5.69169 70.8362 
1.2743 -23.8802 70.554 2.41894 -24.0817 70.6308 4.06369 -23.7982 70.5313 
-0.99413 -22.6185 71.508 5.55099 -22.8268 70.6551 -1.66815 -22.0477 71.09 
7.01673 -21.3507 70.6585 7.94602 -19.4638 70.2478 -3.85146 -19.7057 70.5886 
-6.55328 -16.6293 72.1997 8.72911 -16.0972 70.9684 -8.51736 -14.3086 73.0291 
8.82912 -11.8482 70.2919 -11.4197 -10.2869 74.1394 -12.0212 -9.18843 73.011 
-12.5041 -8.19472 74.3958 -13.1792 -5.7446 72.8952 -12.9704 -2.09927 74.1104 
-12.5028 -0.716438 72.7367 8.44136 -1.07027 71.3802 7.6469 0.366702 69.7105 
-11.3392 1.39426 71.9053 -10.9765 1.99384 72.7849 6.38486 2.19973 72.1967 
-9.28821 3.83583 73.2006 -8.78886 4.14291 71.8051 5.0271 3.42092 71.1112 
-5.34105 5.59144 71.9795 -2.50746 5.88242 71.0428 2.21994 5.19694 71.2175 
1.20194 5.52298 71.235 1.97903 -24.0746 73.0485 3.32346 -24.0194 71.6752 
0.0655404 -23.3592 72.8648 3.81685 -23.9202 70.9019 4.4127 -23.6262 71.4396 
-2.06191 -21.6019 72.6535 6.53708 -22.0004 71.7897 7.48677 -20.6952 71.968 
-3.22191 -20.3948 71.676 8.27708 -18.9847 71.9288 -4.44985 -19.0336 71.9668 
8.6422 -17.5152 71.7147 -5.35186 -18.0073 71.6211 8.75923 -16.8982 71.7573 
8.86339 -13.6893 71.4488 8.9352 -14.8219 72.923 -10.0716 -12.2963 73.4176 
9.01421 -9.49961 71.3386 -13.0992 -6.42235 74.4887 9.27234 -6.71591 72.558 
-13.2865 -3.74052 74.0805 8.88137 -2.16603 71.8573 9.16103 -3.60568 72.1125 
-12.2129 0.033375 73.1919 7.66085 0.426579 71.2415 -11.73 0.9001 73.3172 
-11.1951 1.76248 74.1851 -10.3053 2.84313 73.5304 -9.61613 3.58127 74.8807 
4.28381 4.08811 71.9176 3.74132 4.49379 72.159 -8.15642 4.64396 73.1307 
-6.98594 5.19165 73.1682 -3.49995 5.8786 72.2752 -1.7889 5.95612 73.2504 
1.55109 5.51994 73.079 2.56487 5.08499 71.9641 0.11275 5.79915 72.6831 
3.99126 -23.8162 74.2082 -0.978811 -22.6385 72.8762 5.49551 -22.9452 72.6507 
6.75666 -22.0058 75.3216 -4.18796 -19.3134 74.0565 -5.40799 -17.951 72.9944 
8.662 -18.0483 73.0056 8.83457 -16.7193 72.8151 -6.28933 -16.9627 74.7485 
8.95923 -13.3744 72.7592 -9.54423 -13.0573 74.4404 9.00492 -11.6424 72.6791 
9.22981 -9.08681 73.8844 -13.3648 -4.868 74.9896 9.26444 -5.04745 72.0947 
8.95744 -2.1363 73.0574 8.63289 -1.25599 72.5382 -12.2969 -0.156096 74.434 
8.14046 -0.164522 72.9648 -11.7406 0.941866 74.4372 7.42112 0.999264 73.1533 
-10.577 2.56191 75.2109 5.08964 3.51592 72.8212 4.11376 4.31733 73.2522 
-8.73296 4.299 74.5915 3.08201 4.90407 73.0353 -6.186 5.48884 74.549 
-4.26603 5.86451 74.1273 -0.562489 5.96775 73.864 0.247844 5.87702 74.0844 
0.918775 -23.8989 74.5364 -0.757667 -22.8315 73.5568 -1.37882 -22.2715 73.8089 
7.57068 -20.8642 73.7829 -2.44437 -21.1635 75.3224 8.06324 -19.9429 73.451 
8.46594 -18.9839 73.4753 -7.50929 -15.5503 74.0926 -8.28587 -14.6443 74.6567 
-9.12295 -13.6321 75.6329 -10.3764 -11.9655 75.4871 9.07081 -13.1208 74.3392 
9.4628 -7.0715 75.1553 -13.0779 -6.97786 76.7565 -13.3793 -5.71886 76.6143 
9.36332 -4.71025 73.3974 9.47486 -5.58498 74.4998 -13.3334 -3.30049 76.2444 
9.25794 -3.17279 73.8831 -12.8034 -1.14146 77.2506 8.6116 -1.05989 73.5089 
-11.6809 1.05499 75.9968 7.7279 0.667293 74.1722 7.0621 1.67224 75.0235 
-9.95934 3.24006 75.95 4.79976 3.9275 74.6491 5.66472 3.12873 74.0468 
-7.682 4.91323 74.7768 3.65753 4.73627 75.0265 2.3155 5.38953 75.2683 
0.873082 5.84405 75.5158 2.4709 -24.2952 74.8396 1.66839 -24.2451 75.1689 
-0.0124952 -23.3469 75.2283 -0.908095 -22.6538 74.6829 7.77119 -20.6612 74.6482 
8.44214 -19.4511 75.3141 8.67726 -18.462 74.1871 8.86653 -17.4579 74.4053 
9.07212 -15.5289 75.5488 -7.83284 -15.1962 75.7007 9.22441 -10.8468 75.3259 
-11.2827 -10.6743 76.5905 -12.1704 -9.12667 76.6139 -12.7053 -8.03893 76.7608 
9.4608 -3.96915 75.2105 9.30164 -2.82291 74.9689 8.94248 -1.7737 74.505 
8.2795 -0.249869 74.6391 7.74998 0.713786 75.0118 6.2635 2.58969 74.6078 
-10.7174 2.39284 77.0242 -8.90956 4.09804 76.9524 -7.1 5.1671 76.2373 
-5.23032 5.81338 76.9525 -3.35136 6.06141 75.7404 -2.10018 6.16039 76.1735 
-0.650122 6.06918 75.4657 2.16699 -24.4154 75.6834 0.752787 -23.8141 76.2664 
4.90246 -23.6386 76.5521 7.79134 -20.7168 75.3603 -4.14517 -19.3736 76.3498 
-5.41212 -17.9728 76.1693 8.78139 -18.3399 75.1719 -8.62917 -14.2918 77.4313 
-10.3394 -12.1433 78.4069 -11.7567 -9.97851 78.3667 -12.831 -7.95305 79.3504 
-13.5358 -4.57101 77.6652 -13.4868 -3.14701 78.8846 9.36698 -2.94946 75.6089 
9.17692 -2.25124 75.5509 8.74692 -1.14341 75.9067 -12.1759 0.409174 77.7213 
-11.8217 1.01782 77.2145 7.95954 0.470227 76.2703 -11.498 1.45846 77.083 
6.38839 2.56105 75.6187 5.63262 3.34704 76.1803 4.35874 4.41757 76.6945 
-7.09083 5.22752 78.1324 0.140243 6.0989 77.2279 1.79423 -24.3053 76.5952 
2.7599 -24.3645 75.9947 3.65834 -24.213 76.5977 -1.09744 -22.3833 77.6713 
-3.40759 -20.1436 77.9828 7.96914 -20.5671 76.2025 -5.23457 -18.1894 78.1299 
8.78366 -18.5592 75.7505 8.95042 -17.7666 76.303 -6.99534 -16.201 77.4862 
9.30851 -12.4712 77.4949 9.42839 -10.0458 77.5405 9.44143 -8.64883 76.3384 
-13.4754 -5.86532 78.9388 9.58336 -5.42771 76.1589 -13.7004 -4.52861 79.9583 
9.55326 -4.24317 76.5978 9.28518 -2.73359 76.7577 -13.3045 -1.78333 80.5344 
-12.4684 0.0890346 79.9311 -11.6653 1.29549 78.4868 -10.5444 2.7002 79.734 
7.18068 1.78105 77.607 6.47624 2.55237 76.6479 -9.19377 4.00403 79.4117 
-3.2724 6.19554 77.8808 3.10513 5.1811 77.1723 -1.33869 6.26452 78.1892 
1.46928 5.84388 78.0095 2.54335 -24.3974 77.9107 4.06108 -24.1999 78.611 
0.930203 -23.8756 78.3745 7.9623 -20.8962 78.0261 8.4539 -19.8352 77.0604 
8.8031 -18.8749 77.1019 8.79031 -18.6493 76.1297 9.14849 -16.7091 77.8856 
9.30291 -14.8849 78.7084 -8.66368 -14.3337 79.7329 -11.8719 -10.048 81.071 
9.68416 -7.91173 79.1044 9.59813 -6.79951 77.0655 -13.7135 -5.29498 80.5605 
9.63986 -4.80689 78.4106 8.65876 -0.660203 77.7618 -11.9464 1.0271 79.7245 
-11.5453 1.57522 79.6835 7.99668 0.649446 77.9963 6.10679 3.10932 78.7052 
-9.55076 3.76301 80.6658 4.86105 4.18297 78.4802 -8.12952 4.75937 79.4099 
3.83048 4.89397 78.4647 -5.77282 5.81768 79.4609 -4.38836 6.13758 79.2249 
-2.94611 6.38385 80.7757 0.0645051 6.19824 78.8928 5.77924 -23.3234 78.0885 
6.66913 -22.6591 77.7918 7.18986 -22.126 78.0927 -2.93527 -20.6467 79.924 
8.69988 -19.4428 78.5311 8.88888 -18.8459 77.9784 -4.62963 -18.8663 80.2757 
8.99443 -18.2694 78.3298 -6.65982 -16.6519 80.5204 -10.0772 -12.6858 80.6871 
9.43273 -13.1499 79.6428 -10.8323 -11.6684 80.7079 9.54712 -10.339 79.4444 
-12.7952 -8.44814 81.6785 -13.5781 -6.11089 81.2913 -13.7509 -3.38844 81.5087 
-13.1494 -0.806302 82.6453 9.18302 -1.78623 79.3841 8.78189 -0.693272 78.8219 
-11.7378 1.36676 80.7868 8.41943 0.0593543 79.3298 7.64169 1.3248 79.1329 
-8.74384 4.40108 80.5891 -6.99573 5.38117 80.0626 -6.08162 5.81171 81.5124 
-0.763002 6.35466 80.7323 2.86031 -24.5173 79.6103 1.92142 -24.3686 79.6942 
5.20357 -23.9193 80.3429 -0.296387 -23.0932 79.9285 -1.80312 -21.7883 81.3192 
6.67608 -22.9094 79.7356 7.61436 -21.78 79.6331 9.20309 -17.2785 80.5276 
-8.3559 -14.8096 81.9398 -9.55934 -13.4172 82.0949 9.50217 -14.3444 81.1685 
9.48658 -11.8324 79.7794 -13.3351 -7.27491 82.652 -13.8354 -4.78322 81.9846 
-13.7075 -2.27264 83.2434 -12.3691 0.668141 82.9219 -11.1065 2.28809 82.8827 
7.64935 1.47927 81.1734 7.01224 2.1863 79.5166 -9.06471 4.19242 81.9804 
5.26576 3.97955 79.9386 4.04908 4.85478 80.6066 -7.71851 5.0726 81.844 
-4.64161 6.19519 81.0194 2.74571 5.47987 79.368 1.60237 5.94691 80.3263 
0.630984 6.1666 80.1284 2.48873 -24.5274 80.4582 3.3246 -24.4661 81.2323 
0.801137 -23.8621 80.5831 8.36367 -20.5245 81.288 8.88583 -18.922 79.6874 
-5.58015 -17.8656 81.4992 -6.31645 -17.1041 82.7586 -7.50954 -15.7937 82.7048 
9.58498 -12.3904 81.2793 -10.9186 -11.6974 82.6559 9.68177 -10.8438 81.495 
9.82024 -9.11837 81.5495 -12.8938 -8.52166 83.6619 -13.8379 -5.68764 83.935 
-10.0238 3.35556 81.696 6.44846 2.92184 80.9283 5.82224 3.53434 80.2777 
5.39508 3.94162 81.3423 -6.40551 5.80635 83.5974 -4.9475 6.25359 83.2287 
-3.98421 6.38485 82.0475 2.42045 5.71247 81.5319 0.577544 6.2695 82.5824 
1.83312 -24.321 81.2419 6.11013 -23.6573 81.6292 -0.354662 -23.0716 81.6383 
6.91732 -22.992 81.4059 7.47573 -22.1771 80.8403 -3.86712 -19.7231 82.1577 
-4.94028 -18.5722 81.8322 -5.51572 -17.9596 82.2452 -8.67517 -14.552 83.9711 
-9.16961 -13.9448 83.1426 -10.2138 -12.7992 84.854 -12.1568 -9.98881 84.217 
-13.6281 -6.99116 85.6185 -14.0094 -3.84907 84.3732 9.96316 -5.83868 81.112 
9.8395 -3.48244 81.3555 9.81761 -2.40332 82.4299 10.0133 -2.98897 83.3947 
9.51122 -1.885 81.4614 -13.5802 -1.30549 84.8337 -13.0644 -0.248834 84.4264 
8.84371 -0.409681 81.4871 -11.9502 1.43327 84.1933 -9.7648 3.65906 83.5016 
-8.5698 4.62938 83.8967 6.08377 3.41638 83.1391 4.52536 4.68649 83.1821 
3.25261 5.42502 82.6749 2.00609 5.99072 83.7027 -5.64748 6.13582 84.1903 
-1.82552 6.57631 83.6712 4.92926 -24.2982 82.6911 5.93274 -23.9504 82.7997 
0.57518 -23.71 82.4647 6.65199 -23.4082 82.7164 7.40395 -22.4651 82.1123 
-5.27782 -18.2417 83.0838 9.31967 -18.3254 83.8367 -6.25628 -17.2526 85.0248 
-7.62504 -15.7553 84.7703 9.64028 -15.7586 83.4979 9.74755 -11.4826 82.6165 
10.059 -10.0189 84.5882 -13.061 -8.58738 86.4453 9.95453 -7.5194 81.56 
10.2108 -4.65036 83.4508 -13.9797 -2.42081 85.6786 9.52698 -1.47489 82.9014 
-12.5297 0.786381 85.6546 8.33133 0.705596 82.9709 6.93567 2.49282 82.3275 
-10.5169 3.06751 84.9347 -7.50593 5.31672 84.1439 -3.53825 6.49819 83.3477 
-0.694147 6.61873 85.2701 0.662252 6.43107 85.2883 3.23648 -24.5968 83.6827 
1.88037 -24.312 83.0087 5.98216 -24.0397 84.1376 -1.11796 -22.4444 83.9198 
7.42397 -22.7462 84.3342 -3.05475 -20.6245 84.2364 8.7485 -20.7803 85.4294 
9.75368 -12.859 83.2698 -11.5236 -11.1077 85.1133 10.0611 -8.13386 83.0722 
10.175 -6.55305 83.0433 -14.1693 -5.0621 87.1424 10.1775 -3.40773 84.595 
9.70079 -1.57923 85.46 9.82057 -2.10481 83.4547 -13.7685 -1.30713 86.976 
-13.2911 -0.421456 85.9892 9.03579 -0.402942 83.4908 -11.4908 2.10826 85.4724 
8.54327 0.620092 84.9529 7.40217 2.07273 83.976 -9.4524 4.05323 86.0518 
3.12291 5.58786 84.542 -7.88736 5.17479 86.0702 -6.82819 5.7462 85.4391 
-4.37713 6.47714 85.1229 1.82859 6.17512 85.852 -5.25857 6.28261 84.8495 
-5.98322 6.08133 85.1908 4.63306 -24.6514 85.127 3.05043 -24.719 85.3978 
1.86376 -24.3886 84.9653 0.474056 -23.6595 84.6032 -4.76236 -18.8579 84.748 
9.66221 -17.0087 84.5151 -7.71445 -15.7942 87.5385 9.75259 -16.485 84.7595 
9.83092 -15.7616 85.2056 9.89978 -13.9477 85.256 -12.3245 -10.0197 86.4656 
10.2941 -7.35592 84.5992 10.3883 -5.77567 84.7298 -14.251 -3.33574 87.1733 
10.4919 -4.30424 86.4051 -14.1353 -2.24017 87.6113 7.84317 1.8085 85.8613 
-10.7182 3.01443 86.8402 6.32684 3.37 85.4516 5.3106 4.21877 84.8553 
4.14342 5.08334 85.6441 -3.19354 6.65221 85.3819 2.79654 5.84475 86.7275 
-5.33047 6.3188 86.601 5.67983 -24.4528 85.4617 2.17211 -24.5644 86.5162 
6.54671 -23.9576 85.9288 -0.917891 -22.6843 86.6967 -2.70658 -21.0394 86.9158 
-4.23996 -19.4716 86.7574 -5.95599 -17.6876 87.8317 9.76612 -17.3363 86.348 
-9.32793 -14.0051 87.079 9.92753 -12.2143 84.7843 -11.671 -11.1036 87.2471 
-12.9088 -9.30494 89.0915 10.5246 -6.16757 86.0959 -14.486 -3.73618 89.4218 
-14.3419 -2.63899 88.9215 -14.0498 -1.41498 89.5059 -13.1678 0.12988 88.2782 
-11.8287 1.96112 88.1881 8.89073 0.38315 86.6993 8.34417 1.24657 86.6432 
-10.1857 3.67347 89.3442 7.28185 2.49536 86.0982 7.64246 2.15331 86.3821 
-8.52401 4.84465 88.0474 5.26105 4.41345 87.1388 -7.41764 5.543 87.8395 
-6.96382 5.75697 86.9557 -4.01362 6.61952 87.1009 -2.3387 6.80927 87.68 
1.59791 6.36275 87.9313 -6.30747 6.03115 86.6041 -0.535121 6.7152 87.0079 
0.597858 6.58537 87.4475 3.54924 -24.8475 87.1838 5.36134 -24.6637 85.9452 
5.816 -24.5173 86.3198 0.695701 -23.8625 86.8956 7.3629 -23.2884 86.1778 
8.05306 -22.5465 86.7604 9.38613 -19.1635 85.9473 9.42072 -19.9703 88.4335 
9.97892 -15.2375 86.6959 10.1766 -15.4967 89.2218 10.1476 -13.4658 87.6869 
-10.8182 -12.3189 87.9433 10.0781 -12.0881 86.2459 -13.9892 -6.8337 89.4719 
10.4345 -7.6212 86.1124 -14.4911 -4.94164 90.0322 10.6648 -6.54848 87.5202 
10.6573 -5.52046 87.0705 -14.5381 -2.53939 91.0352 -13.6406 0.056726 91.7757 
-12.6671 1.2839 90.44 7.6548 2.20992 87.2377 6.61216 3.34097 87.7092 
-7.66139 5.44722 88.803 3.80582 5.41724 87.9727 -7.13134 5.73402 88.5271 
-6.47473 6.00702 88.8397 -4.98081 6.48117 88.3397 5.22868 -24.7201 87.158 
1.79281 -24.4728 88.7193 6.28223 -24.3096 87.2842 7.2913 -23.5513 87.5853 
-0.618583 -23.0122 88.4468 -2.18615 -21.6368 89.6786 8.74197 -21.5789 87.5761 
-4.73328 -19.0702 90.45 -6.25714 -17.4586 90.2625 -7.70107 -15.9667 90.5959 
-9.459 -14.0929 90.2957 -10.7877 -12.5996 90.4779 -11.9753 -10.961 89.9189 
10.4456 -10.8477 88.9785 10.5306 -8.36898 87.7683 -14.6552 -5.39375 91.9676 
-14.8062 -3.86924 92.2442 10.7954 -5.09454 88.259 10.7706 -4.40146 87.9294 
10.755 -3.81414 88.5754 -14.4155 -1.416 92.3712 10.3858 -2.5568 88.2092 
9.1867 0.173105 88.5367 8.60151 0.99118 87.2296 8.76192 0.810533 87.7301 
8.34544 1.43324 87.9151 -8.42002 5.03084 90.3799 -7.40496 5.60103 89.3762 
-7.14016 5.73372 88.8418 2.42522 6.14208 89.1355 -4.06418 6.72313 89.1434 
-5.10052 6.53042 89.8454 -0.738015 6.88527 89.1865 0.602184 6.72638 89.5737 
4.60842 -24.9798 89.091 3.28271 -24.9839 89.0385 0.249304 -23.6688 88.8638 
8.00936 -22.9409 88.0516 8.38252 -22.4387 88.2057 9.94984 -17.9047 89.1686 
10.895 -6.73121 90.0189 10.8624 -4.33063 88.7808 9.91228 -1.2543 88.3279 
10.2236 -1.63634 89.4451 -11.7451 2.46941 91.1744 8.69524 0.997254 88.4155 
8.38956 1.50835 89.3855 7.74373 2.27808 88.8395 7.21627 2.83664 88.4112 
6.85344 3.27667 88.9679 5.88864 4.1158 89.0223 6.46692 3.67947 89.3962 
4.84114 4.95027 89.8547 -7.36317 5.64237 90.1006 3.5223 5.71341 89.8415 
-4.46598 6.73649 90.7671 -3.44038 6.907 90.5372 1.454 6.51076 89.4675 
3.72411 -25.1173 90.4021 2.61567 -24.8849 90.285 6.42553 -24.3297 89.4779 
8.04247 -22.9573 89.3899 -0.812091 -22.9194 90.3135 8.80444 -21.7594 88.9871 
-6.58143 -17.2097 92.3597 10.3574 -13.3056 89.8036 -10.3144 -13.2223 91.0094 
-12.2117 -10.9733 92.6642 -13.0551 -9.56306 91.8718 10.8591 -8.96119 91.2121 
10.7462 -10.5789 91.6047 -13.7745 -8.16774 91.8967 10.682 -8.68286 89.4697 
-14.4848 -6.70428 93.257 10.9274 -4.03071 90.5419 -14.8536 -2.36724 93.6571 
10.7006 -3.01161 89.6156 9.77305 -0.587253 90.0154 -12.8308 1.51953 92.9688 
9.3652 0.218125 90.3558 8.86801 0.986 90.5577 -10.8848 3.40926 92.1509 
-9.82697 4.20235 91.9429 7.25544 2.8948 89.3758 6.86059 3.35279 89.9596 
6.24873 4.02959 91.2932 -7.2489 5.72449 91.5853 -2.17643 7.05187 91.2093 
-4.16569 6.85557 91.9652 -5.52742 6.44982 91.8903 5.1119 -25.1206 91.7095 
1.24078 -24.2805 91.3904 0.356055 -23.7653 90.3441 9.0998 -21.6321 91.3017 
9.74662 -20.0344 90.9657 9.92541 -18.9472 90.3802 10.2723 -17.3496 91.7731 
-8.19214 -15.586 92.9985 -9.64521 -14.1124 93.343 -10.6273 -12.9654 92.1879 
10.3946 -14.1542 90.729 10.6494 -12.7126 92.3456 -11.3402 -12.1277 92.2432 
10.4998 -2.22894 89.8136 10.2673 -1.38734 91.0693 -13.6914 0.703113 94.6556 
9.48066 0.283138 92.2266 -11.9384 2.68091 94.0788 8.25423 1.83355 90.6455 
7.58022 2.62815 90.5425 -8.88768 4.91958 93.6323 5.31232 4.78069 91.1797 
3.8846 5.67125 91.5108 1.28854 6.67587 91.4625 2.75369 6.1582 91.0212 
-3.28824 7.0282 92.092 -0.598321 7.04979 91.8797 2.90716 -24.9656 92.4974 
7.79086 -23.5566 91.6464 -0.703394 -23.0311 92.6609 -1.99909 -21.9154 92.0453 
9.93573 -20.2254 92.9617 10.0636 -19.1357 91.8774 -5.64078 -18.1677 91.9539 
10.4195 -15.056 91.5431 -11.568 -11.9547 93.319 -13.9106 -8.63265 95.2991 
-15.0529 -4.94281 94.6588 -15.1299 -3.40566 94.8012 11.2376 -5.341 92.4819 
-14.8487 -1.56475 95.0338 -14.6899 -1.52708 93.8851 10.6711 -2.53988 90.7548 
-14.401 -0.641615 94.4687 8.33442 1.87601 91.8614 -10.6217 3.79342 93.9954 
7.46861 3.01745 92.6903 4.80632 5.16884 91.6001 5.32214 4.86305 92.0917 
2.65482 6.39225 93.3672 -3.77494 6.99034 93.0376 1.21094 6.90437 93.8168 
-0.00534463 7.10844 93.8382 -5.15252 6.65227 93.9861 -4.5248 6.81783 93.0919 
4.25526 -25.3091 93.0262 6.6415 -24.5918 91.8154 -3.5205 -20.4344 92.9072 
-4.65339 -19.2549 93.0074 -5.535 -18.3329 93.0731 -6.54823 -17.3561 95.0404 
-8.00856 -15.868 94.8139 -8.89362 -14.9487 94.2113 -11.1501 -12.5258 94.0913 
-12.3106 -11.1256 94.9711 11.0688 -9.90104 93.747 -14.9004 -6.52648 95.8999 
11.285 -7.19759 93.3255 -15.1979 -2.27283 96.4911 11.2601 -3.54013 94.0002 
10.7036 -2.08871 92.7021 10.2347 -0.9758 92.6011 -14.2787 0.261754 96.7497 
10.3208 -0.72636 94.4697 -13.7001 1.09751 96.3582 -13.0561 1.73367 95.5229 
8.44085 2.116 94.3243 7.29752 3.45783 94.6176 6.84491 3.72376 93.0969 
6.3433 4.23222 93.6031 5.64718 4.70663 92.9201 -6.75444 6.04728 94.4366 
4.52566 5.50258 93.5881 -2.94943 7.1204 93.2413 -1.91911 7.19087 93.1478 
-3.97105 6.98533 94.4088 -1.23883 7.24221 94.0879 6.275 -25.0047 92.8306 
5.7543 -25.2472 93.0818 3.7627 -25.2941 94.5077 7.31198 -24.3785 93.4871 
0.506422 -23.9068 94.3973 8.74606 -22.9205 94.2018 9.63085 -21.377 93.7983 
-4.82538 -19.1689 95.4254 10.2674 -18.8294 93.3305 10.5345 -17.6466 94.733 
10.6095 -15.4293 93.8124 10.9049 -13.5739 95.5702 11.5561 -5.25838 94.673 
-14.8771 -0.982509 96.7866 10.8742 -1.94616 94.3822 10.6574 -1.54105 93.9021 
9.45096 0.822355 94.8516 -12.5288 2.45625 96.4292 -11.5191 3.32467 96.171 
-8.7439 5.22931 96.9651 5.61229 4.86967 94.247 2.47511 6.6964 95.4072 
3.32561 6.30121 94.9719 -2.55497 7.22571 94.9231 1.49169 6.96207 95.2853 
-5.17272 6.7034 95.7582 -3.7901 7.08729 96.2634 0.41492 7.15777 95.2119 
5.13636 -25.3461 93.7084 6.29145 -25.0733 94.2022 2.04187 -24.8137 95.2568 
-2.66276 -21.3702 94.7029 -3.67955 -20.3529 94.7621 10.3156 -19.6146 95.1067 
10.0112 -20.6912 94.4558 -9.557 -14.3933 96.0599 -11.3858 -12.4723 96.4909 
-13.1295 -10.3947 97.6364 11.0363 -11.6521 95.1916 -14.7937 -7.27453 96.7502 
-15.1958 -6.54225 97.8439 -15.4118 -5.18309 97.4891 11.6769 -6.289 95.6011 
-15.424 -3.70403 96.9458 11.1809 -2.36596 95.4993 -13.5456 1.62956 98.2729 
-12.3589 2.83684 97.9921 9.00886 1.74547 96.3878 -10.2265 4.24664 95.8524 
7.91133 2.96312 95.6121 7.47329 3.60096 97.2441 6.33145 4.4239 95.4911 
-6.66512 6.21385 97.0461 3.93847 6.09505 96.1399 5.17439 5.32491 95.8239 
2.92457 6.60036 96.3662 -1.19817 7.32219 96.1205 5.21678 -25.3586 96.0744 
7.58502 -24.4969 96.2789 0.674559 -24.1599 96.3324 9.16627 -23.1379 96.5822 
-1.12654 -22.8346 97.4572 -1.31981 -22.6121 95.3154 9.9594 -21.4447 96.2115 
-3.71997 -20.3492 95.5935 -5.34467 -18.7241 98.7588 -6.65972 -17.3394 97.643 
-7.55627 -16.3942 96.53 10.8903 -15.8156 96.9723 -8.56698 -15.4257 96.8565 
-10.6346 -13.4949 98.3772 -11.9383 -12.1671 99.0607 -12.4339 -11.4705 98.2208 
11.3991 -9.99023 96.6621 -14.803 -7.57196 97.7605 11.5362 -7.9898 95.793 
-15.5898 -5.70547 99.473 -15.7689 -3.85262 99.9372 11.7448 -5.44923 95.7675 
-15.5129 -2.74205 98.3312 11.743 -4.85353 96.0422 11.6083 -4.13759 95.6444 
11.477 -3.07289 96.2792 11.2003 -1.79495 97.3482 -15.3118 -1.20438 99.8593 
-14.8286 -0.42314 98.0125 10.8531 -1.46066 95.7224 -14.5689 0.201632 98.642 
10.542 -0.470007 97.143 9.8239 0.603825 96.6044 -12.8396 2.56376 98.9595 
8.33048 2.57512 96.2368 -10.9203 4.01629 98.3454 -7.73844 5.844 98.1515 
4.54273 5.90376 97.8503 5.90925 4.9687 97.5609 2.97257 6.66535 98.3694 
-4.89478 6.87491 98.0023 1.78433 7.01059 97.1763 -3.39252 7.22148 97.5019 
-2.63034 7.29356 96.5749 0.312702 7.2685 96.9223 2.89876 -25.2142 97.0809 
1.50295 -24.683 96.8502 9.01324 -23.8798 98.1348 -2.49701 -21.6011 96.915 
-3.7814 -20.3233 96.9366 10.4404 -19.9275 96.7179 10.7488 -18.2784 97.5539 
-8.04714 -15.998 98.2228 -9.5587 -14.5878 98.7637 11.116 -13.702 97.7423 
11.2466 -11.9479 97.3835 -13.0804 -10.8221 99.5468 -13.8084 -9.77627 99.5153 
-14.502 -8.50383 99.1477 -15.2296 -7.05994 99.4757 11.85 -8.17943 98.4653 
11.8669 -6.7134 97.3552 11.8561 -5.50487 96.8612 11.821 -4.08918 97.596 
-12.2481 3.14767 99.2897 -9.67754 4.899 98.8627 -8.60093 5.5402 99.4437 
-6.85416 6.27795 99.1867 -2.3897 7.35592 97.6549 -1.42476 7.41974 98.9935 
0.468779 7.33925 98.6752 4.36045 -25.5984 98.479 1.57431 -24.7799 97.8535 
0.439455 -24.0941 97.8665 7.9951 -24.9948 99.308 9.46144 -23.2427 97.5845 
9.75797 -22.6809 97.4121 10.0544 -22.1994 97.8291 10.544 -20.3314 98.157 
-7.53138 -16.5316 99.0811 -10.4093 -13.8097 99.2098 11.6773 -10.3106 99.2858 
-15.6178 -6.35729 100.753 -15.8408 -5.38675 101.137 12.0737 -5.68216 98.8109 
11.5979 -2.76929 97.8046 10.9114 -0.831007 98.4305 11.3356 -1.35062 99.8036 
10.5128 0.143462 99.505 -14.5138 0.686128 100.246 -13.8329 1.90725 101.367 
10.0674 0.525402 98.0016 -12.9312 2.66783 100.205 9.41401 1.5929 98.6473 
8.54516 2.51258 97.5276 8.33668 2.96957 98.9648 -10.1978 4.76646 100.62 
5.27059 5.59796 99.2898 -5.45369 6.82157 99.9135 -4.4964 7.06096 99.2808 
-3.42157 7.25171 98.9064 6.24216 -25.5516 98.8565 2.63935 -25.3279 99.8637 
2.06331 -25.0463 98.4371 0.993572 -24.528 99.36 -0.870168 -23.2167 99.7159 
9.7037 -23.1401 98.2979 -2.0845 -22.1063 99.5201 9.9512 -22.6795 98.1739 
10.1153 -22.5957 99.2667 -3.62494 -20.5416 99.769 10.3109 -21.5632 98.3059 
-6.92757 -17.1512 99.8401 10.9699 -16.7204 98.4079 11.1903 -16.5712 100.45 
11.0532 -16.0096 98.7617 -9.76731 -14.5052 100.388 -11.0486 -13.2613 100.507 
11.1827 -14.7503 99.1412 11.4702 -12.446 99.7292 -12.8173 -11.345 101.008 
-14.2633 -9.43768 101.62 -15.1273 -7.57914 100.191 -15.4228 -7.05834 100.883 
12.0347 -6.87931 98.8502 -16.0983 -4.58607 102.571 -16.2253 -2.48891 103.692 
12.1418 -4.25501 99.924 11.8061 -2.81753 99.4376 11.5137 -2.1609 98.5864 
-11.776 3.69563 100.599 7.62987 3.73224 99.1356 -8.86705 5.58459 101.382 
-7.77527 6.03999 100.803 6.63373 4.66603 99.841 3.9342 6.37876 100.084 
1.44142 7.18008 99.3206 -4.24937 7.15506 100.412 -3.00848 7.37269 100.529 
4.56089 -25.8598 100.991 9.08273 -24.2857 99.8016 9.59661 -23.5663 99.2697 
9.74202 -23.7294 100.929 10.603 -21.2586 100 10.9223 -19.3201 100.225 
-5.56486 -18.5433 100.821 -6.23537 -17.8505 100.457 -8.52268 -15.667 100.43 
-12.7745 -11.6391 102.946 -13.7055 -10.4465 102.451 -15.109 -7.81954 101.195 
-15.7498 -6.50479 102.718 12.2698 -6.92816 100.849 12.2795 -5.3548 100.467 
-15.723 -0.854594 103.002 -14.9312 0.774649 103.084 9.90075 1.4194 101.034 
-12.7162 3.23322 102.512 8.94018 2.57264 100.782 -11.3164 4.26425 102.344 
7.90523 3.65179 100.586 -9.91642 5.22612 103.266 -7.60905 6.26261 102.975 
-6.66479 6.486 100.92 5.12124 5.88983 101.42 -5.56739 6.87934 101.79 
1.95954 7.14432 101.744 -2.1395 7.48983 101.892 -0.119139 7.43572 100.769 
6.41562 -25.9186 101.096 7.10983 -25.6377 99.9841 -0.0960672 -23.9712 101.231 
-2.4702 -21.8377 101.307 -4.0844 -20.1844 103.329 -5.39129 -18.7707 102.577 
11.0124 -20.8941 102.879 -7.30422 -16.9055 102.515 -9.09766 -15.2848 102.556 
-10.0538 -14.3524 101.845 11.4914 -13.9614 101.148 -11.3675 -13.1664 102.794 
-14.2128 -9.83602 102.856 -14.532 -9.36749 103.198 11.7572 -11.0135 100.651 
11.9851 -11.162 102.373 11.939 -10.0778 101.02 -15.1409 -8.02813 102.494 
12.0458 -8.81597 100.55 12.4179 -4.52628 102.186 12.1122 -3.1572 101.109 
11.8578 -2.2061 101.219 -16.0432 -0.483898 105.35 11.4721 -0.76424 102.891 
11.0259 -0.353154 101.029 -13.87 2.38043 103.723 -11.7748 4.282 104.527 
8.44126 3.50201 103.218 7.10845 4.56547 102.02 6.26772 5.19496 101.682 
3.6136 6.69083 101.954 -3.93317 7.28202 102.273 2.84744 -25.6013 102.189 
7.55765 -25.5955 100.933 1.2 -24.7823 101.014 8.67162 -24.9494 101.531 
-1.3875 -22.9537 101.806 10.4568 -22.4879 101.485 11.2934 -18.249 102.636 
11.4211 -16.7926 102.747 -9.00544 -15.4358 103.848 -10.5945 -14.0262 104.218 
-12.1979 -12.4461 104.427 -14.2241 -9.90353 103.919 -15.2245 -8.19561 104.19 
12.1723 -9.2885 101.916 12.2555 -8.22513 101.563 12.4479 -8.05168 102.765 
12.3071 -9.3011 102.875 -16.5089 -4.60622 105.273 12.121 -2.6095 102.433 
12.0651 -2.65598 101.541 -14.5385 1.88402 104.753 10.6463 0.493628 101.828 
10.1675 1.41332 102.632 9.49599 2.20534 102.367 -13.0891 3.31803 104.597 
-8.98006 5.92024 105.13 6.00188 5.62101 103.81 3.8394 6.7956 103.929 
2.95989 7.02734 102.801 -5.42816 7.05657 104.458 -0.945074 7.56926 103.87 
7.18776 -25.905 103.112 5.41419 -26.1464 102.951 3.59444 -25.9726 103.904 
1.74518 -25.1462 101.97 0.457206 -24.4656 102.729 9.49013 -24.4243 102.424 
-0.921567 -23.4648 103.115 10.151 -23.6059 102.922 -2.38856 -22.0719 103.855 
-5.27205 -18.9192 104.017 -6.42126 -17.8138 105.165 -8.49492 -15.9196 104.608 
11.7498 -14.6212 103.767 -13.7457 -10.739 105.676 -16.1627 -6.33834 105.476 
12.6667 -7.64287 103.866 12.6041 -8.72512 104.388 12.6873 -6.4939 103.702 
-16.9284 -2.78542 107.155 -16.6601 -1.54425 106.449 12.4606 -3.29208 103.647 
12.2767 -2.17341 104.498 11.8529 -0.580849 105.75 -15.1528 1.46004 106.336 
-13.9834 2.77042 105.909 10.6769 0.887858 103.678 9.83393 2.08399 103.903 
-12.9089 3.78613 106.234 -10.4897 5.27524 105.922 7.21272 4.6719 103.449 
-7.46274 6.62726 106.312 -4.18756 7.46451 106.58 -3.24074 7.47474 104.376 
2.50007 7.22198 103.622 1.1126 7.55455 104.959 1.45706 -25.1503 104.386 
9.04859 -25.0435 104.369 -0.536467 -23.8727 104.758 10.6939 -22.5561 103.119 
-1.48907 -23.0595 104.561 -5.10223 -19.1325 105.195 11.6123 -18.5912 105.35 
11.4773 -17.7192 103.864 11.4223 -17.4396 103.246 -7.80273 -16.5377 105.128 
11.5386 -16.7565 103.795 -9.64419 -14.974 105.428 11.6728 -16.2046 104.653 
-12.4754 -12.3545 106.665 -14.9827 -8.95557 105.989 -16.2582 -6.7481 107.682 
12.4965 -10.9114 105.777 -16.7098 -5.32232 107.104 12.8043 -7.37394 104.618 
12.7683 -4.06905 105.178 -16.6025 -0.762143 107.155 -16.2739 0.245648 107.969 
-11.8527 4.59645 106.701 7.35742 4.76986 104.852 8.50431 3.91637 105.899 
-9.34081 6.02467 107.383 6.57624 5.53656 105.764 -5.81466 7.14981 106.823 
4.84877 6.48679 105.3 2.56664 7.29907 104.632 -2.41789 7.64633 105.661 
5.26022 -26.4634 105.92 7.38178 -26.1244 105.219 10.8624 -23.0254 105.315 
-2.00497 -22.6314 106.368 -4.0378 -20.3862 106.777 11.3986 -21.0965 105.484 
11.5884 -17.2747 104.58 -8.80725 -15.719 105.999 -10.8569 -13.9421 106.331 
13.0815 -6.69792 106.564 -17.0568 -4.06522 107.86 -16.998 -1.10433 108.903 
11.1792 0.438419 105.001 -14.3376 2.93989 108.156 -13.5758 3.49576 107.388 
-12.8164 4.21096 108.197 9.5069 2.82358 105.583 -11.0732 5.33808 108.614 
-8.36067 6.60769 109.048 7.3879 5.1163 107.399 5.6737 6.19789 106.483 
-3.26928 7.57933 105.835 3.10632 7.21486 105.241 3.77817 7.09507 106.939 
2.23484 7.47998 105.914 1.37018 7.68941 106.235 -1.22429 7.77741 107.427 
0.671523 7.74164 106.527 7.69836 -26.3656 107.394 3.14949 -26.0993 105.973 
2.42547 -25.7723 105.334 -0.50899 -24.095 107.253 10.132 -24.8649 107.108 
11.5192 -21.9622 106.668 11.8259 -20.4901 107.43 -5.60766 -18.6704 106.96 
-6.73944 -17.6012 107.988 -8.10197 -16.3875 107.281 12.0987 -16.0417 107.583 
12.1741 -18.2442 108.821 11.7456 -16.7416 105.573 -10.0434 -14.771 107.661 
11.8906 -15.3664 105.786 -11.5122 -13.4541 107.694 -12.7782 -12.334 108.841 
-14.1233 -10.7111 108.961 -13.9397 -10.7226 107.386 12.3498 -13.3774 107.316 
-15.1224 -9.06093 108.209 12.9206 -10.7182 108.526 12.8443 -8.80425 106.152 
-17.0784 -4.74201 108.783 12.569 -1.92512 106.891 -15.5443 1.88595 109.393 
11.2261 0.854733 106.803 10.4594 1.63382 105.527 -13.6131 3.6491 108.271 
9.32245 3.26809 106.789 -6.62021 7.08357 108.584 -5.1065 7.40772 108.313 
6.50514 5.74165 106.776 -2.93351 7.65184 106.699 1.51212 7.70526 107.746 
2.96358 -26.2951 107.853 1.49496 -25.4987 107.211 10.9764 -23.901 106.902 
10.88 -24.3401 107.437 11.4431 -22.699 106.896 11.346 -23.2242 107.116 
11.8383 -22.4084 108.842 -5.82478 -18.5747 109.66 -7.66865 -16.8318 109.409 
-11.5763 -13.5303 109.146 -13.6946 -11.4586 110.021 13.071 -8.85341 107.689 
-17.2405 -4.91291 110.398 -17.4844 -2.9192 110.416 13.2896 -3.4707 108.942 
-17.5515 -0.589005 112.195 -16.7334 0.687712 111.021 11.9813 -0.0196747 108.096 
11.3252 1.13304 108.315 -13.6144 3.80792 109.185 10.2275 2.48472 108.115 
8.88471 3.80974 107.491 -9.75977 6.10911 109.388 -5.6936 7.42797 110.356 
6.33115 5.94499 107.553 -4.13341 7.56604 108.128 5.72011 6.51904 109.627 
-3.14595 7.68962 107.967 -2.39477 7.77381 108.151 5.69307 -26.8715 107.81 
4.97992 -26.8297 107.48 4.19436 -26.7316 107.92 1.33184 -25.761 109.228 
10.8823 -24.5531 108.157 11.271 -23.797 107.9 -1.80596 -22.9948 108.01 
-2.8995 -21.8533 109.17 -6.81563 -17.5655 109.425 -9.2504 -15.5637 109.919 
-10.6661 -14.3841 109.864 -12.5999 -12.6444 110.042 -13.1747 -12.0739 110.012 
12.6576 -14.0554 109.935 12.8754 -12.1524 109.724 -16.6649 -6.64556 110.757 
13.5996 -7.11431 109.683 13.5384 -5.51555 109.088 12.7134 -1.16553 109.082 
-15.8062 2.55383 112.425 12.2728 -0.00616539 109.515 -14.4906 3.37261 110.682 
-12.7177 4.6909 110.674 -11.1115 5.62625 110.599 8.80449 4.18695 109.185 
-10.4158 5.90943 110.066 -9.72852 6.43348 111.781 -7.46191 7.07638 110.938 
-4.00351 7.66383 109.626 -2.61369 7.79136 108.963 -1.87093 7.86826 109.376 
2.94714 7.5678 109.002 4.08578 7.28305 109.488 -0.952506 7.94328 110.106 
0.375532 7.90278 109.441 4.64013 -26.9196 108.464 5.10175 -27.042 109.12 
6.25314 -27.0137 108.812 7.10189 -26.993 109.407 3.28415 -26.7255 110.038 
9.36562 -25.9194 108.545 2.15901 -26.2336 109.328 10.4471 -25.2046 108.995 
-0.236256 -24.7742 110.738 11.3114 -24.2538 109.659 -1.64902 -23.267 109.353 
-4.37993 -20.1736 110.187 12.2799 -20.0585 109.824 -11.9029 -13.3758 111.201 
-13.4898 -11.8242 111.547 12.4978 -16.104 110.157 -14.7166 -10.2805 111.298 
-15.6717 -8.69824 110.836 13.3818 -9.0165 109.692 -17.9856 -3.82675 114.014 
13.9811 -5.01486 111.577 13.1876 -1.51329 110.697 12.6253 -0.242323 110.586 
11.6274 1.26907 110.341 -14.9257 3.43715 112.32 -14.042 4.1873 112.57 
10.6849 2.46016 110.193 -11.5179 5.63224 111.967 7.57771 5.39092 110.107 
-6.41443 7.47278 112.314 -2.54047 7.89679 111.216 4.60529 7.21254 110.681 
4.07697 7.43672 110.682 4.93146 7.12431 111.243 2.03052 7.8488 110.718 
3.43674 7.58519 110.381 5.53605 -27.1992 110.506 8.35597 -26.6138 109.365 
9.58151 -26.1509 110.33 1.31565 -25.906 110.244 0.706569 -25.5117 110.086 
-2.40119 -22.6228 111.511 12.4725 -21.3114 111.325 -7.06326 -17.4058 110.58 
12.4389 -19.4989 110.521 12.4143 -18.9224 110.369 12.6251 -19.4437 111.664 
12.6401 -17.5436 111.391 -8.13816 -16.5344 111.275 -9.49766 -15.5184 112.592 
-10.5755 -14.5559 111.478 -15.9085 -8.7621 112.889 -16.9245 -6.88104 113.302 
13.8525 -8.36375 111.779 14.0282 -6.75326 111.766 -18.0187 -1.71726 113.501 
-18.1147 0.0975287 115.428 -17.579 0.362117 113.543 -17.2987 0.475315 112.658 
-17.1584 1.34304 113.982 -15.0711 3.63458 113.57 10.8913 2.49883 111.29 
-12.6747 5.21586 113.194 9.92518 3.50216 111.101 8.64781 4.67318 110.92 
8.9387 4.68625 112.303 -4.68785 7.74389 112.288 4.00926 7.56536 112.516 
0.385623 8.01397 111.336 7.59869 -27.0497 111.178 10.7324 -25.3096 110.527 
12.0269 -23.4166 111.355 11.3371 -24.9994 112.317 12.2937 -22.4463 111.035 
12.5631 -22.4324 112.726 -3.80294 -20.9732 111.895 -5.52375 -19.1297 113.413 
-6.76095 -17.7865 112.052 -7.4805 -17.1121 111.81 -11.5376 -13.8866 113.82 
-12.7873 -12.6733 112.842 -13.7927 -11.6954 113.481 13.2134 -12.2477 111.73 
-15.1232 -10.1128 114.01 13.3765 -10.331 110.896 13.7611 -9.5969 112.31 
13.8767 -2.26128 112.872 -16.4158 2.71272 114.789 13.1002 -0.503302 112.206 
12.4705 0.517174 111.789 -15.7545 3.1535 113.979 -14.0681 4.69248 114.835 
11.2851 2.69569 113.624 -11.2895 6.02057 113.455 9.79353 4.15467 113.383 
7.90182 5.47905 112.024 -7.91447 7.27608 113.449 6.89038 6.08994 111.447 
6.10224 6.65884 112.271 5.28244 7.04809 112.113 -0.917283 8.02884 112.018 
1.29325 8.02834 112.239 2.16183 7.99139 113.332 5.68005 -27.4098 112.566 
9.34811 -26.6518 112.547 7.23373 -27.3438 113.675 1.2599 -26.0939 111.849 
10.3937 -25.8887 111.655 12.3425 -23.8165 113.926 -1.97282 -23.3994 114.027 
-3.40873 -21.6005 113.666 -4.27682 -20.5153 113.516 12.9273 -20.868 113.86 
-6.84883 -17.7977 113.417 -7.93134 -16.839 113.175 13.2216 -17.9421 114.652 
13.1334 -14.6954 112.896 -13.1843 -12.4255 114.355 -16.7339 -7.82317 115.033 
13.6437 -10.5815 112.584 -17.9305 -5.69112 116.172 14.1242 -9.47242 114.007 
14.5373 -6.77286 114.221 -18.4076 -1.59408 115.311 -17.7586 1.38137 115.99 
-17.2266 2.16742 115.94 -16.7846 3.31824 117.549 -15.5621 3.69841 115.278 
12.0665 1.30256 112.289 -12.1641 5.97634 115.582 -10.3196 6.66064 114.657 
8.47953 5.4251 114.393 -9.09396 7.04653 114.178 6.99811 6.26897 113.398 
-6.31639 7.70726 114.253 -4.79513 7.9293 114.57 -3.35415 7.96956 113.528 
-1.69505 8.08287 113.724 0.386935 8.10693 113.6 3.74245 -27.1719 112.502 
2.34782 -26.7336 112.195 10.0897 -26.4912 113.617 10.484 -26.0637 112.842 
0.0622442 -25.4623 113.279 -0.84717 -24.6719 113.539 -7.34908 -17.4913 114.974 
-9.51484 -15.7547 115.899 -14.2782 -11.3193 114.898 13.7002 -11.8805 113.92 
-17.59 -6.71756 116.634 14.7063 -3.95994 115.002 -18.7275 1.13554 118.865 
-18.1894 1.29822 117.194 13.5284 -0.513843 113.962 12.6823 0.802786 113.482 
-15.0887 4.64488 117.228 10.3613 3.82476 114.102 9.91484 4.42484 114.933 
-8.4715 7.34404 114.793 -7.7413 7.59116 115.4 5.55455 7.16135 114.531 
-0.633113 8.22075 115.746 4.62338 7.56499 114.48 3.07785 7.91932 114.361 
4.062 -27.443 115.263 9.2049 -26.9547 114.95 10.8542 -25.9762 114.341 
1.54023 -26.5604 114.255 11.8253 -25.0436 114.65 -0.637003 -25.1016 115.792 
12.9186 -22.5599 115.052 -4.43736 -20.4419 115.144 13.3287 -20.2155 115.929 
-11.972 -13.791 117.037 -12.7612 -12.9474 115.526 -13.7753 -11.9899 115.864 
-14.6452 -11.0786 116.286 -15.6878 -9.94642 117.815 -15.1012 -10.4457 115.703 
-15.6803 -9.70498 115.872 -16.1718 -8.91473 115.613 -16.9604 -7.8548 116.679 
-17.9756 -6.09724 117.1 -18.1576 -5.77007 117.379 -18.847 -3.54821 117.83 
-19.044 -1.17869 118.152 14.4896 -2.44765 114.976 -18.2479 1.78076 118.225 
-17.7908 2.06399 117.414 13.4369 0.473652 115.463 12.6151 1.58439 115.102 
-13.7177 5.37146 116.601 -12.9931 6.00235 117.506 -11.9332 6.43257 117.162 
10.6211 3.74521 114.752 -10.4673 6.99439 116.985 -9.06444 7.29524 115.75 
-6.37349 7.99581 116.951 -3.15137 8.15486 115.796 1.86305 8.14146 116.362 
3.92951 7.77009 115.089 6.86473 -27.6217 115.937 11.4889 -25.6319 115.469 
12.4048 -24.4388 115.618 12.8055 -23.5997 115.959 -2.25869 -23.3064 116.544 
-3.36851 -21.8224 116.053 13.2212 -21.6195 115.968 -5.58318 -19.3167 117.184 
-6.57965 -18.274 116.268 13.7631 -19.1338 117.868 -7.84065 -17.2568 117.358 
-13.3122 -12.568 116.973 13.7699 -14.7771 116.21 -14.3439 -11.5538 117.607 
13.7369 -13.1971 115.091 -16.2772 -8.96804 116.755 14.436 -11.6022 116.973 
-16.9123 -8.21748 118.179 -18.0106 -6.29722 118.332 -18.5122 -5.02843 117.981 
14.843 -8.24184 116.197 14.818 -7.204 115.432 14.9829 -6.94016 115.991 
15.3223 -7.20735 117.481 15.2658 -5.73341 116.875 15.5419 -3.67605 118.279 
14.8939 -2.51679 116.515 -18.1449 2.57374 119.421 14.267 -1.14058 115.756 
14.0605 0.618077 117.918 13.1558 1.42318 116.522 12.2379 2.50418 116.27 
11.5101 3.04701 115.445 -14.9329 5.23114 118.805 -14.1572 5.45138 117.894 
10.9737 3.86252 116.561 9.29143 5.28834 116.798 8.1052 6.06167 116.64 
-9.12486 7.45562 116.905 -8.21786 7.65356 116.675 7.08573 6.51715 115.694 
-1.48907 8.35203 117.428 -0.0225651 8.30513 116.926 4.77194 7.57268 115.37 
4.69439 7.64525 117.08 1.47529 -26.8556 116.582 2.04485 -27.0355 115.458 
10.8772 -26.2534 116.918 0.238142 -26.1177 116.729 0.638807 -26.3312 115.886 
1.32797 -26.7775 115.588 11.9967 -25.1753 116.247 12.6747 -24.3116 117.22 
13.3418 -22.6919 117.961 -4.41587 -20.5769 117.126 13.5286 -21.0141 117.381 
-10.7603 -14.9961 118.943 13.8946 -16.6158 117.659 -13.557 -12.5421 119.25 
15.5581 -8.86317 119.356 -19.2006 -4.02158 120.317 -19.5969 -2.10428 120.203 
15.1412 -1.33167 118.69 -17.5409 4.09357 121.063 -16.0014 4.75244 119.598 
-13.7878 6.05574 119.457 -11.9602 6.67319 118.413 -8.82735 7.63637 117.721 
7.27745 6.70121 117.761 8.43361 6.1152 118.289 6.20829 7.1011 116.825 
5.25846 -27.8755 118.102 2.52042 -27.3668 118.391 8.27923 -27.5739 118.202 
10.2996 -26.9661 119.208 0.0530556 -26.0027 118.565 -3.04346 -22.3854 117.911 
-3.86022 -21.3092 118.082 -4.80648 -20.2712 119.098 -6.82771 -18.1935 118.263 
-9.1426 -16.3416 119.097 -12.211 -13.8323 119.617 14.0307 -15.1816 117.8 
14.2466 -14.0099 117.998 -15.039 -11.0218 119.865 -16.2963 -9.54923 120.749 
-16.9177 -8.52796 119.875 14.7973 -13.1673 119.496 -17.7063 -7.27549 120.025 
15.5719 -7.38764 118.497 15.5888 -6.56967 118.197 15.9536 -5.6325 119.414 
-19.8319 -0.907425 120.996 -19.0234 2.4334 121.453 -18.4408 3.19572 121.224 
14.871 0.14131 119.658 13.1533 1.91167 117.699 -15.1148 5.42944 119.815 
12.4826 3.0941 118.811 11.294 4.19101 118.743 -12.089 6.96782 119.975 
-10.3739 7.43171 119.164 10.0497 5.41694 120.083 -8.35386 8.01069 119.313 
-6.33354 8.42422 119.838 -3.87747 8.40959 118.511 0.0339026 8.39567 118.088 
6.26825 7.23073 118.443 3.25493 8.10734 119.123 6.13992 -28.123 119.916 
11.7797 -25.9571 119.695 12.1409 -25.2583 117.917 -1.93198 -23.8687 118.73 
13.9012 -20.793 119.257 -6.46407 -18.7661 120.964 -7.7756 -17.4994 119.578 
14.169 -19.4514 119.898 14.4117 -17.5307 120.141 -11.573 -14.5592 121.377 
-14.749 -11.6733 122.146 14.3777 -15.2091 119.105 -17.9258 -7.48832 122.689 
15.8064 -7.11084 119.265 -20.3581 -1.48621 123.3 -19.8228 0.758299 121.963 
-19.8355 2.91172 124.011 -18.7952 3.65554 122.778 -16.5715 4.9369 121.189 
-15.391 5.79617 121.434 13.5646 1.83935 118.814 11.4734 4.24031 119.445 
11.8777 4.13345 120.22 -13.0474 7.06926 121.852 -11.1448 7.52363 120.781 
-9.7392 7.88902 120.434 7.5802 6.77559 119.806 -1.63292 8.57137 119.626 
1.003 8.47326 119.947 5.4042 7.67028 120.164 3.50546 -27.9167 121.152 
1.05658 -26.9649 120.704 7.53302 -28.0862 120.54 10.8281 -26.9214 121.123 
-1.21807 -25.0004 120.919 12.9442 -24.4178 119.694 -3.56664 -21.8327 120.12 
13.9884 -21.8995 120.489 -4.85764 -20.3416 120.928 -8.68452 -16.9945 122.164 
-10.1687 -15.6715 120.907 -13.2291 -13.1583 121.898 -15.7044 -10.4824 121.723 
-16.6143 -9.41862 122.582 -18.6434 -5.81287 121.259 15.188 -11.2291 119.65 
15.6086 -12.2256 121.612 -19.6724 -4.20806 123.148 16.2749 -7.28715 121.005 
16.1925 -4.2318 120.34 16.3179 -2.52272 121.501 15.6002 -0.313693 121.238 
14.3711 1.63748 120.781 -16.8793 5.23056 122.391 -14.7777 6.73319 123.12 
13.0009 3.31814 120.896 -11.2114 7.77407 121.895 -10.156 7.97677 121.357 
-8.45149 8.43027 121.517 -6.63957 8.65372 121.28 -4.612 8.82069 121.501 
9.20355 -27.6355 120.649 -0.241702 -26.1163 120.758 -1.99791 -24.0896 122.504 
-2.41175 -23.4316 121.067 13.7004 -23.1306 120.656 14.6063 -20.0278 122.039 
-10.7059 -15.4697 123.142 15.0703 -14.9407 121.283 -14.301 -12.2897 123.069 
-16.0052 -10.3641 123.304 15.6125 -10.5196 120.666 16.2946 -8.48864 121.646 
16.8248 -5.17658 122.292 16.3037 -0.975876 122.462 -18.1328 5.02007 123.925 
-16.328 6.33612 124.105 -13.9143 7.82338 125.018 12.0369 4.58638 122.146 
13.8372 3.2349 122.81 -11.3691 8.08743 123.262 -10.1135 8.20752 122.263 
-9.4061 8.64399 123.247 8.45522 6.53771 121.077 -8.46511 8.71803 122.665 
-7.93769 8.77419 122.506 7.2441 7.22945 121.959 -6.98629 8.83975 122.325 
-1.26896 8.89955 122.404 1.242 8.67548 122.313 3.29061 8.30558 121.666 
-3.94867 9.33263 124.246 5.80177 -28.332 121.835 -0.0360931 -26.3936 121.925 
-0.653104 -25.8192 121.676 9.80237 -27.606 122.787 11.9274 -26.2054 121.794 
12.7667 -25.2485 121.882 -3.20087 -22.4937 123.058 13.6669 -23.9549 122.509 
-4.27117 -21.0828 122.092 14.2181 -22.369 122.39 -5.27695 -20.0002 122.383 
15.1717 -17.0922 122.604 -12.4538 -14.0959 123.858 -14.9516 -11.6602 123.34 
-15.4402 -11.1942 124.041 -14.7264 -11.8751 123.155 -17.2729 -8.87658 124.487 
-19.0224 -5.66524 123.035 16.1174 -9.96354 121.91 16.5292 -8.78189 122.525 
16.4445 -8.24972 121.987 16.5202 -8.26653 122.231 16.4841 -7.99825 121.979 
-20.6967 -3.19507 125.765 16.8533 -7.70425 122.951 -21.2914 1.77618 126.278 
-19.3311 4.25076 124.664 15.5819 0.814735 122.492 15.1993 1.62211 122.712 
12.9165 4.55529 124.044 8.80752 6.53385 121.994 -7.96142 8.98687 123.49 
-6.32245 9.24914 123.926 2.44547 8.64184 123.516 5.40545 7.9128 122.335 
0.829463 -27.007 123.376 7.73673 -28.2216 122.671 -0.93492 -25.4798 123.197 
11.3636 -26.8328 123.32 12.3949 -25.9527 123.286 13.3275 -24.9436 124.36 
-4.64938 -20.7968 123.879 -6.25228 -19.209 124.067 -7.0017 -18.4274 122.993 
-7.48166 -17.9977 122.639 -9.80042 -16.3496 124.423 15.6345 -18.3637 124.682 
-14.0169 -12.7117 124.266 -14.8712 -11.8288 124.026 16.3241 -14.4013 124.619 
-16.3244 -10.247 124.967 -18.1858 -7.63078 124.782 16.4755 -11.3367 123.615 
-19.6776 -5.15668 124.976 16.8605 -9.45076 123.738 -21.7539 -0.695341 127.042 
17.5516 -4.13093 124.218 17.4967 -5.21519 124.009 16.9684 -3.61836 122.87 
17.121 -2.78083 123.535 16.9033 -1.14256 123.932 -20.2949 4.21039 126.351 
16.2125 -0.131852 122.981 -19.2495 5.19334 125.849 16.1828 0.619803 123.7 
16.5243 0.105187 124.021 15.8152 1.23563 123.644 15.2906 2.24947 124.119 
14.743 2.1549 122.591 -16.5416 7.36124 126.332 14.3328 3.82706 125.24 
11.8066 5.35632 124.008 -10.3529 8.96925 125.314 10.4918 5.91092 123.208 
9.48544 6.26785 122.378 -8.99619 8.99125 124.244 8.57051 7.02677 124.118 
-8.32107 9.28424 124.948 -7.46636 9.24764 124.284 0.616015 8.94902 124.067 
-1.75459 9.37615 125.177 4.40369 8.32978 123.873 2.41855 -27.9138 123.591 
4.0024 -28.3347 123.406 5.68265 -28.5435 123.797 6.80176 -28.5591 124.762 
8.67213 -28.1551 125.054 10.4129 -27.5119 124.462 -2.15226 -23.9881 124.384 
-2.90302 -22.9908 124.971 14.0027 -23.9211 124.349 -3.82184 -21.8848 125.635 
14.2705 -23.129 124 14.7527 -21.6962 124.194 15.1401 -20.229 124.241 
-7.92016 -17.8215 124.316 15.4948 -20.6028 125.939 -8.80877 -17.0803 124.094 
-11.6265 -15.0827 125.901 -13.5798 -13.4467 126.407 -15.6889 -11.2314 126.358 
-17.2498 -9.32551 126.505 -18.8479 -6.69739 125.193 -20.4088 -4.18472 126.01 
17.6793 -8.21098 125.249 17.6158 -6.26738 124.481 -21.746 4.74682 129.044 
-19.8258 6.10403 127.887 16.7557 0.77573 125.338 -18.1711 6.26397 126.113 
16.1215 2.75402 126.619 -16.6886 8.14718 127.806 -15.4914 8.12906 126.873 
-12.3517 9.28817 127.441 11.2537 5.87905 124.612 10.4472 6.41949 125.181 
-7.27507 9.43107 124.966 2.65405 8.84071 125.443 6.3873 7.78509 123.772 
-6.76309 9.61707 125.585 -5.69543 9.6152 125.452 0.363683 9.23975 125.79 
2.75243 -28.1564 124.886 1.38479 -27.5858 125.333 5.68147 -28.6756 125.324 
-0.544525 -26.0409 125.028 -1.4802 -25.0032 125.67 11.1621 -27.1523 124.877 
12.0966 -26.424 125.283 14.5599 -23.2871 126.361 -5.34768 -20.2491 125.886 
-6.3276 -19.3356 126.006 -7.22272 -18.5928 125.979 -9.0784 -17.0036 125.209 
16.2222 -18.7971 126.664 -10.0528 -16.3672 126.023 16.5395 -16.9429 126.425 
-17.185 -9.72804 127.887 -18.2699 -8.4556 128.492 -18.7102 -7.36768 126.778 
17.6329 -10.5402 126.028 -19.7232 -5.73393 126.627 -20.6827 -4.21302 127.107 
-21.8298 -2.38197 128.275 18.3407 -6.72859 126.304 -22.6028 0.984932 128.529 
17.9055 -5.12965 124.98 18.1401 -5.61515 125.615 18.5464 -4.44681 126.513 
17.7822 -2.72538 125.19 18.0568 -1.27765 126.413 -18.2967 7.59313 128.237 
-15.6607 8.87359 128.384 -14.3021 8.74241 127.31 12.4177 5.59831 126.186 
-8.62072 9.58124 126.321 5.90792 8.28037 126.294 -7.5871 9.6227 125.921 
-6.91524 10.0865 127.649 -4.68754 9.72163 126.022 -3.47206 9.59724 125.646 
4.21882 -28.5107 125.586 6.10066 -28.6608 127.506 0.0860561 -26.7347 125.994 
10.4268 -27.6028 126.675 -2.60076 -23.5996 126.865 13.225 -25.424 126.747 
-4.76717 -21.0436 127.573 -6.69428 -19.3866 128.274 -8.98032 -17.3648 127.056 
-12.9014 -14.2369 127.21 -13.409 -13.8346 127.435 -13.8617 -13.4209 127.666 
-14.7961 -12.6361 128.729 17.4709 -15.3097 127.722 17.2382 -18.1092 128.713 
17.7997 -12.9202 127.355 -20.6358 -5.13397 128.743 -21.5159 -3.57583 128.757 
18.171 -8.70292 126.519 -23.2271 -0.0662985 129.944 18.3079 -7.98331 126.566 
-23.1786 1.27171 129.574 -23.0719 2.57346 129.667 18.3291 -2.71389 126.4 
-19.664 7.42634 129.249 15.1954 4.33399 127.671 -17.275 8.87646 129.379 
9.6349 7.36242 127.682 -9.88335 9.83336 127.695 -0.962524 9.65249 127.175 
1.3445 9.37012 127.336 3.40852 9.00915 127.269 -3.51918 9.95722 127.424 
2.18157 -28.019 126.666 3.34256 -28.448 127.983 8.58631 -28.3 127.156 
-0.985074 -25.7393 126.905 -1.7328 -24.8381 127.424 12.0862 -26.6688 127.9 
-3.7203 -22.21 127.591 16.2694 -20.0376 127.75 -10.909 -15.915 127.435 
-12.7952 -14.5602 128.661 -13.1605 -14.1223 127.8 -13.6076 -13.7331 128.046 
-17.3673 -10.0918 130.197 -19.6505 -6.83028 129.2 -22.7276 -2.60169 130.683 
19.0926 -8.18933 128.126 19.0135 -6.27405 127.585 19.6389 -5.23179 128.559 
19.3595 -6.59865 128.277 -23.4933 1.48865 130.131 18.8302 -2.54669 127.403 
19.4937 -3.30459 128.409 -23.5508 4.63014 131.245 19.4634 -1.15065 129.021 
18.1569 0.326622 127.666 -20.8932 7.06608 130.102 17.5563 1.8618 127.976 
16.9973 2.78817 128.07 -19.4582 8.86947 130.808 16.4119 3.39522 127.98 
-15.8464 9.81238 130.048 -14.1155 9.70952 129.158 -11.6554 10.6444 130.213 
-0.0844483 9.87865 128.792 8.66147 -28.3327 129.643 0.62546 -27.2547 127.43 
10.7839 -27.5349 129.47 -0.461007 -26.3867 127.887 -1.58522 -25.2399 129.279 
13.0555 -25.8709 128.29 -2.08197 -24.4457 128.088 13.8685 -24.8675 128.368 
15.7287 -21.5292 127.655 15.4973 -22.4154 128.359 -8.96338 -17.8202 129.708 
-10.9763 -16.2215 129.455 18.3799 -16.0165 129.818 18.8578 -13.589 129.621 
-19.269 -7.71968 130.281 -21.2583 -5.63466 131.532 18.9629 -10.8797 128.78 
-23.5677 -0.993194 130.965 -23.8715 -0.409899 131.167 19.717 -6.65511 128.857 
19.9603 -7.24714 129.339 -24.258 2.13791 131.451 -23.8958 3.34819 131.118 
20.7217 -3.25154 130.336 -24.5167 4.04344 132.214 -22.7103 6.70744 131.617 
17.5071 2.63087 128.711 17.1769 3.31409 129.069 16.2905 3.92487 128.571 
-18.1763 10.3864 131.918 -17.3395 9.86297 130.861 15.9762 4.29478 128.649 
-15.6052 11.4249 132.29 15.1486 4.91092 128.644 15.72 4.60968 128.852 
-14.9218 10.2943 130.421 14.0682 5.51912 128.499 12.297 6.60228 128.92 
7.12089 8.53817 129.045 -9.27413 10.3664 129.025 1.41938 9.66804 128.879 
2.58639 9.36338 128.389 4.43121 9.18478 129.135 -8.51357 10.896 130.319 
-1.86325 10.0744 128.645 1.39519 -27.7956 128.978 2.61028 -28.3743 129.862 
3.97556 -28.6751 129.49 -0.202832 -26.7117 129.441 11.8863 -26.9144 129.919 
12.6912 -26.3022 129.442 -2.51099 -23.9837 128.826 13.3647 -25.6314 129.301 
-3.39856 -22.857 129.016 14.9067 -23.5847 129.583 -4.47089 -21.9893 130.994 
-4.24892 -21.7794 128.902 -5.20662 -20.8777 129.317 16.6079 -21.0416 130.013 
-7.76003 -18.8457 130.343 17.6997 -19.1246 130.365 18.936 -17.8681 131.846 
-12.2512 -15.3364 130.176 -13.3544 -14.7337 131.7 -14.4623 -13.3557 130.427 
-15.4989 -12.2995 130.447 -16.2926 -11.5347 130.865 -16.0257 -11.6188 130.113 
19.6407 -15.284 131.633 -19.6024 -8.00984 131.999 19.5291 -9.40591 129.266 
20.3482 -9.75631 130.626 19.8407 -8.81774 129.564 20.3913 -7.91007 130.154 
-24.2609 -0.795311 132.17 -24.2667 0.429367 131.626 20.6077 -5.96702 130.127 
-24.952 6.41796 133.8 -23.0985 8.91563 133.538 18.8919 1.16526 129.597 
-21.607 8.36379 131.902 18.1496 2.56664 129.703 17.9279 3.71441 130.831 
16.5905 4.33421 129.721 15.3985 5.29862 129.869 -14.0407 10.4831 130.491 
10.9386 7.49246 129.885 13.8817 6.21924 129.986 9.1057 8.64277 131.588 
6.23846 9.16289 130.693 0.775754 10.1901 130.64 2.42195 9.64156 129.555 
-4.97644 10.6672 129.799 -3.14521 10.4826 129.653 -1.47287 10.4528 130.31 
0.407576 -27.2885 130.664 1.58528 -27.9807 130.719 9.97484 -27.9259 130.938 
12.3721 -26.5258 130.891 13.1784 -25.8042 130.625 -2.88933 -23.8699 130.9 
13.8815 -25.0166 129.944 -6.20198 -20.2774 130.862 -6.95128 -19.4688 130.24 
18.0063 -19.6763 131.459 -10.5866 -16.8858 131.164 -11.3782 -16.2001 130.822 
-11.9806 -15.7038 130.814 -15.1214 -13.0679 131.872 -15.2538 -12.7188 131.032 
-15.7953 -12.2067 131.288 20.3534 -13.1367 131.864 -18.6908 -9.15143 132.162 
19.8211 -11.7161 130.541 -23.562 -3.21199 133.025 -24.082 -1.95937 132.668 
-25.4746 1.36597 133.471 -25.6526 3.75056 133.658 20.9004 -0.938337 131.203 
20.106 0.535139 130.952 19.6043 2.69179 132.051 -21.9932 9.1063 132.794 
-21.1477 9.45121 132.502 -20.133 10.5739 133.005 -18.316 11.239 132.912 
12.5789 7.34218 131.391 4.56394 9.66729 131.259 2.89154 9.88533 130.906 
-11.9439 12.1103 132.876 -9.21874 11.8564 132.494 -7.35254 11.4335 131.735 
-6.67096 10.8972 130.305 -5.8663 11.3126 131.619 -3.63626 11.2421 131.936 
6.02793 -28.7692 130.705 4.80232 -28.7822 129.948 3.18792 -28.4158 132.056 
7.38515 -28.6741 132.306 0.809928 -27.5128 132.011 9.12836 -28.1241 132.683 
-1.15876 -25.9988 132.169 11.1788 -27.1883 131.981 -2.01172 -24.9724 131.061 
12.6456 -26.1104 132.522 13.9805 -24.8585 131.832 -5.72585 -21.2196 133.123 
15.5983 -23.1206 132.508 -7.48922 -19.3127 131.489 -9.01473 -18.256 131.957 
-8.03599 -19.1191 132.476 17.7434 -20.6948 132.146 16.9936 -21.7153 132.468 
18.813 -19.7846 133.417 -11.9115 -16.0199 131.92 -16.5762 -11.615 132.206 
20.2983 -16.3571 133.219 -18.1568 -10.1268 132.984 -21.483 -7.11262 134.5 
-25.5787 -1.10684 134.771 21.3528 -8.22482 131.617 22.0861 -9.52878 132.954 
21.4435 -6.7905 131.411 22.5729 -6.92619 132.88 22.0758 -4.82152 132.064 
22.5441 -1.7057 133.046 -21.9694 9.6249 133.202 18.4852 4.12904 132.169 
17.1888 5.19601 132.162 14.8538 6.33435 131.518 5.89127 9.83845 132.841 
3.27683 10.3904 132.934 1.66963 10.4279 132.101 -7.3232 11.9213 132.859 
-6.62102 11.6628 132.404 -5.95606 11.8954 133.006 -1.03711 10.9218 132.12 
-2.25984 -24.8027 131.815 -2.90115 -24.3159 133.232 -3.88172 -23.0379 132.861 
-7.3512 -19.8834 133.269 -8.46053 -18.9967 133.253 -11.1846 -16.9629 133.36 
-12.8377 -15.6908 133.61 19.643 -18.7458 133.954 20.647 -17.5942 134.745 
-14.2727 -14.7235 134.598 -14.6065 -13.9091 132.964 -15.6735 -13.0192 133.576 
-19.3637 -9.68758 134.923 -19.4726 -8.75854 133.343 21.2929 -14.749 133.924 
20.8736 -11.2697 131.924 -22.9193 -4.86102 133.877 -23.7556 -5.00148 135.553 
-24.4094 -3.40285 134.804 -27.5061 5.41317 136.328 23.3881 -3.98983 133.579 
-26.769 8.14537 136.386 -25.2475 9.54476 135.671 21.3426 0.650857 132.669 
-22.0508 10.5928 134.041 -21.3864 10.04 133.18 18.9805 4.29976 132.985 
-19.2846 12.5763 134.527 18.3307 4.59251 132.552 14.9526 7.62935 134.366 
-13.2301 13.4535 134.64 7.83876 10.1581 135.034 -10.2935 13.1946 134.539 
4.41344 10.5103 134.012 0.345363 10.8113 132.543 1.24834 10.9771 133.539 
-4.67747 12.5088 134.578 5.60622 -28.7518 132.924 6.67635 -28.599 134.397 
0.3949 -27.2622 134.438 7.86666 -28.5157 133.659 -1.24114 -26.181 134.511 
-2.52194 -25.0835 135.172 13.3317 -25.4067 133.449 14.0545 -24.5659 134.665 
-4.68652 -22.173 133.077 16.6807 -22.3764 134.514 -8.54144 -19.3466 134.732 
-9.69537 -18.2974 134.105 17.9188 -21.1523 133.838 -12.917 -16.128 135.288 
-13.3354 -15.5363 134.544 -15.9121 -13.3327 135.094 -17.4368 -11.6552 134.737 
20.9499 -16.2497 134.217 21.926 -12.0754 133.65 23.66 -7.96457 134.418 
24.2057 -5.5597 134.574 23.1074 -5.36842 133.249 -27.6374 3.5502 136.189 
-26.7372 3.21671 135.018 -27.1097 1.8376 135.768 22.7303 0.774692 134.345 
-23.7317 10.8456 135.277 21.7945 2.45713 134.464 -22.556 12.6045 135.832 
-21.0262 11.5574 134.318 18.3472 4.74608 132.786 18.596 4.97499 133.453 
17.9814 6.03236 134.456 -17.0257 12.9899 134.317 -15.6874 13.5548 134.746 
11.5131 8.67165 133.862 9.80355 9.27429 134.085 -7.55711 12.7179 134.267 
-0.623622 11.1781 133.117 -0.11752 11.3026 133.719 -1.78394 11.6853 133.887 
4.45804 -28.4458 135.215 2.34395 -28.1601 135.073 8.11305 -28.142 135.302 
10.3168 -27.1433 135.276 -3.48674 -24.0792 135.167 11.8263 -26.5238 134.136 
-3.97146 -23.3931 134.744 12.5649 -25.8215 134.847 -4.52013 -22.6359 134.294 
-5.11884 -21.9951 134.141 -5.7651 -21.6041 134.831 -6.71917 -20.7898 134.765 
15.4191 -23.4059 135.131 -7.41673 -20.1948 134.686 -7.80035 -19.899 134.678 
-10.0133 -18.6346 136.086 -11.2055 -17.5255 135.406 18.8709 -20.5343 134.983 
19.9774 -19.7097 136.163 -15.4641 -14.1617 136.07 21.5862 -16.2196 135.206 
-18.6294 -10.8547 135.685 -19.4177 -10.3771 136.266 22.7888 -15.3277 136.411 
-21.0671 -9.13921 136.936 -22.8043 -7.09542 136.688 -23.1366 -6.18116 135.994 
23.1969 -13.1606 135.783 23.9634 -10.254 135.543 -27.8335 0.321179 137.474 
-28.7746 3.39035 137.915 24.7204 -2.64275 135.204 -28.5552 8.40737 138.486 
24.2107 -0.17593 135.434 25.5841 -0.994213 136.471 -27.2174 10.5691 138.131 
-25.2733 12.3732 137.418 23.538 2.43577 136.319 22.5594 2.732 135.455 
20.1832 4.57485 134.792 -21.1219 13.589 135.954 -17.6307 14.3815 135.808 
12.4222 9.08659 135.425 10.5932 9.31786 134.796 -14.9531 15.5258 136.785 
5.47004 10.5647 134.736 -8.76248 13.9425 135.863 3.27623 10.9339 134.572 
4.12399 11.0014 135.198 -6.63532 13.7435 136.124 0.172873 11.8838 135.309 
2.06005 11.2085 134.643 -2.63638 12.7746 135.899 1.27976 -27.7756 136.098 
-1.33745 -26.195 136.257 12.1167 -26.2381 134.83 11.7752 -26.3377 135.297 
-4.51546 -22.961 135.523 -5.10446 -22.3898 135.5 -6.44801 -21.6152 136.674 
14.5872 -23.9453 136.386 -7.99079 -20.1606 136.043 -8.917 -19.3875 135.894 
15.8466 -22.8714 137.563 17.9755 -21.5136 136.099 19.095 -20.6172 135.899 
-14.0208 -15.4434 136.03 -14.7308 -14.9965 136.509 21.376 -18.5223 137.087 
-16.7884 -13.1295 136.512 22.1882 -17.1344 136.948 -18.523 -11.7119 136.983 
-24.3961 -5.53234 137.214 -25.9646 -2.90808 136.883 -27.3519 -1.25982 137.59 
-26.8172 -1.21312 136.727 25.3099 -7.37018 136.265 26.1775 -4.39309 136.866 
26.2037 -2.13308 136.896 26.5026 -0.941826 137.564 25.7331 0.758759 137.561 
-24.1409 13.5256 137.239 22.1402 3.33051 135.579 -23.3677 13.8571 137.025 
-22.3503 14.3528 137.025 19.0244 6.50992 135.991 -20.1946 14.7121 136.627 
17.6401 7.29387 135.878 11.3685 9.25109 135.125 9.667 9.73022 135.161 
5.00135 11.49 136.792 -11.0654 14.9927 136.652 2.59213 11.6012 135.898 
-4.57793 13.6099 136.633 1.55208 11.6229 135.466 2.93014 -28.1763 136.518 
0.0880125 -27.0191 137.546 1.88838 -27.7679 137.478 2.05856 -28.0799 136.249 
6.39917 -28.1383 136.821 -2.59462 -25.2563 137.397 -4.42707 -23.6014 137.551 
11.6123 -25.9037 137.204 12.9291 -25.2003 136.301 12.6622 -25.0061 137.847 
13.6231 -24.6021 136.648 -9.29807 -19.4149 136.858 -10.2908 -18.869 137.505 
-11.3318 -18.1764 137.755 -11.1929 -17.8987 136.623 19.0872 -20.7952 136.74 
-12.3022 -17.1971 137.036 -14.2812 -15.8019 137.552 -15.6806 -14.5222 137.378 
-19.7276 -10.6091 137.131 -20.0145 -11.2258 138.475 -24.0198 -7.49055 139.055 
-26.4538 -4.38878 139.164 24.9547 -11.9537 137.472 24.5236 -14.1337 138.031 
-28.15 -1.39863 139.129 26.5995 -9.30188 138.516 26.7922 -6.48359 137.919 
-29.948 6.30814 139.669 27.3483 -2.11112 138.552 -29.1464 10.6431 140.421 
-27.7298 13.4437 140.876 24.9936 2.42258 137.789 -24.9422 13.7499 137.924 
22.1831 4.45307 136.673 23.7645 4.32151 138.043 -24.1103 14.6622 138.211 
20.9151 6.16955 137.2 -22.0351 16.3368 138.796 18.5221 7.16848 136.343 
16.4835 8.64998 136.891 18.9201 7.60963 137.157 -18.473 16.706 138.018 
11.5231 9.44288 135.667 13.4427 9.89447 137.256 10.6477 9.76837 135.824 
11.631 9.76339 136.321 9.36474 10.2524 136.129 8.38521 10.8376 136.921 
7.13075 11.0948 136.926 1.31748 11.8821 135.952 -12.502 17.3848 138.755 
-8.25039 14.9802 137.311 -3.31712 13.7734 137.44 -1.44729 13.2379 137.265 
2.70457 12.2771 137.453 -5.75657 14.8581 137.954 -4.09023 14.1964 137.782 
-9.70963 16.4327 138.447 3.88297 -27.7283 138.498 7.70342 -27.9746 136.892 
-1.55887 -26.0637 138.285 8.66232 -27.5807 137.077 9.71259 -26.7512 138.202 
10.6872 -26.0139 138.778 -6.88044 -22.0453 139.119 13.979 -24.0687 137.885 
-8.49242 -20.6072 138.553 -8.91335 -19.9053 137.447 -10.9139 -18.6913 138.384 
17.4831 -21.9018 138.052 16.7742 -22.1101 139.64 18.4782 -21.324 137.665 
19.3997 -20.7696 138.395 -14.8509 -15.1333 137.149 21.2083 -19.4419 138.446 
22.5397 -18.5281 139.641 -17.6887 -13.4472 138.686 -18.8018 -12.2121 138.282 
23.9992 -16.3163 139.036 -21.9456 -9.71155 139.005 -29.9153 1.81027 140.249 
-30.122 4.15195 139.819 27.7516 -4.57219 139.051 27.0113 -0.30444 138.556 
27.0642 1.05242 139.41 25.9917 2.49493 138.981 24.3647 3.13498 137.64 
24.9115 3.31281 138.352 -25.6255 14.1558 139.013 -25.2713 16.2168 140.972 
22.382 5.37927 137.687 7.14177 11.9813 138.68 0.910564 12.5431 137.101 
-15.8843 18.0335 138.996 -3.55516 14.2057 138.044 -3.07135 14.7268 138.857 
3.46011 12.5325 138.34 6.11701 -27.5444 139.021 1.38269 -27.0953 139.687 
7.6574 -27.584 138.193 8.68123 -27.2784 138.191 8.68825 -26.955 139.109 
-2.601 -25.3108 139.605 9.8931 -25.9925 140.111 11.5826 -25.2983 139.244 
11.9738 -25.4093 138.166 12.8972 -24.414 139.329 14.1991 -23.5537 139.438 
-9.97842 -19.4188 138.425 -11.2714 -18.7222 139.209 -11.6454 -18.2862 138.763 
15.2593 -22.6738 140.822 -12.9581 -17.6071 139.457 18.1071 -21.4825 139.432 
-15.19 -16.0298 139.724 -16.0082 -15.0273 139.027 20.4046 -20.2049 138.953 
21.2265 -19.8373 140.718 -19.0638 -12.4065 138.962 25.5285 -14.8717 139.846 
26.6962 -12.5606 140.028 27.8369 -10.3785 140.503 27.8409 -6.75237 139.442 
-31.1152 5.00713 141.547 -31.1695 6.89364 141.634 28.8196 -5.48314 140.76 
-30.9118 8.05835 141.535 -29.9878 8.76309 140.43 27.8557 -0.437836 139.875 
28.2144 1.39582 141.537 26.9843 2.22365 140.059 26.3378 3.87427 140.437 
25.1513 3.87482 139.072 24.5691 5.08516 139.458 22.6913 6.07521 138.596 
18.1225 9.28615 138.487 15.8159 10.1421 138.456 -22.7036 18.4093 141.267 
10.2627 10.8064 137.618 -20.1271 18.5725 139.999 4.772 12.4945 138.828 
-18.1167 18.6354 139.528 -0.477688 13.6786 138.483 -7.60048 16.2178 138.859 
-8.72798 17.2635 139.512 -5.56766 16.6523 140.034 -0.893073 -26.2312 140.262 
7.46666 -26.9714 139.944 9.3181 -26.6279 139.312 8.71791 -26.4955 140.246 
9.13352 -26.5643 139.712 10.8717 -25.3913 140.245 -6.39913 -22.9552 141.473 
11.3765 -24.9533 140.638 12.1699 -24.6344 140.171 -10.8353 -19.6285 140.687 
17.1338 -21.597 142.217 19.103 -20.9515 140.75 19.8312 -20.6518 139.668 
-16.147 -15.523 140.246 22.1735 -19.4022 141.125 -16.8704 -14.8925 140.135 
-19.6928 -12.4174 139.817 -20.2158 -12.1088 140.055 -19.6311 -12.2327 139.46 
-19.2256 -12.8938 139.942 24.696 -17.6359 142.135 -21.3789 -10.9114 139.864 
25.4948 -16.1021 140.904 -26.86 -5.83948 141.341 -28.869 -2.78916 141.453 
-29.6801 -0.582815 141.048 -30.8235 0.488823 142.39 28.9077 -8.13125 141.418 
-31.4651 2.83948 142.579 29.0225 -2.56018 141.371 -32.0716 7.88968 143.87 
-30.6781 9.87948 142.167 -27.6892 15.9114 143.323 25.3957 5.50656 140.549 
-26.2257 17.274 143.092 23.9362 6.5055 140.026 20.6063 7.3243 138.072 
21.4623 6.84157 138.285 -24.6804 18.7863 143.453 20.0186 8.31875 138.598 
1.6593 13.3331 138.918 3.4096 13.2139 139.571 -19.2766 19.8573 140.997 
-18.6954 19.3552 140.24 -0.334307 14.7939 140.156 -17.3139 19.7665 140.629 
2.30384 14.4357 140.913 -10.2643 18.0606 139.809 -7.47954 17.302 139.962 
-13.9841 19.5669 140.563 -11.763 18.8318 140.164 -8.49942 18.2822 140.517 
2.92242 -26.9331 141.117 -2.20107 -25.5866 141.233 -1.50063 -25.7563 142.111 
8.23571 -26.0544 141.632 9.01661 -26.1337 140.838 -3.39728 -24.7486 142.518 
10.269 -25.1387 141.764 10.6093 -25.3671 140.733 -8.55723 -21.3767 141.102 
12.7869 -23.877 141.448 -13.365 -18.3547 141.896 -16.4632 -16.1271 141.823 
20.1258 -20.4873 140.807 22.9395 -19.0419 142.044 -18.0637 -14.1599 140.495 
-20.0557 -13.3848 141.872 -23.1856 -9.85911 140.885 25.9659 -16.4944 142.127 
-25.2374 -8.10257 141.485 26.9073 -14.8861 141.97 28.0187 -13.1699 142.107 
28.8794 -11.2293 142.429 -30.1042 -1.11967 142.061 -32.0504 4.80455 143.383 
-32.2383 3.09725 144.044 29.968 -5.51043 142.752 -31.2673 11.264 144.155 
-29.8689 12.0853 142.512 -29.3727 13.6133 143.095 -28.7021 14.4746 143.014 
26.2868 5.237 141.279 27.6033 4.74437 142.612 25.5813 6.54704 141.56 
21.8251 7.61686 139.256 13.9991 11.6184 139.746 20.5008 9.67054 140.191 
11.8218 11.4915 139.158 9.56095 12.6914 140.491 11.8863 12.5535 140.632 
-20.8167 19.7344 141.561 4.95573 13.4914 140.631 7.02814 13.3647 141.074 
-19.1249 20.9237 142.586 -2.54103 17.1375 141.826 -10.4715 19.8663 141.523 
-6.84151 17.9366 140.774 -13.7062 21.3902 142.621 -5.43746 18.1234 141.508 
-7.29946 19.1571 141.766 0.758439 -26.2376 142.536 3.26669 -26.3853 142.878 
5.45595 -26.7248 141.416 9.34663 -25.8497 141.137 -10.0308 -20.8264 142.521 
19.9036 -20.3136 144.001 21.7924 -19.7202 142.399 -21.5346 -11.5791 141.041 
25.8008 -16.9704 142.532 26.4708 -16.5627 143.791 28.3287 -14.7868 144.926 
28.3928 -13.8592 143.244 -26.9969 -7.18879 143.155 28.989 -12.8575 143.271 
-29.4072 -4.19927 144.117 -31.8059 1.62259 143.69 -32.8526 4.72835 145.09 
-33.6939 6.88804 146.985 -30.4312 13.0792 144.23 -29.6298 14.8031 144.755 
-26.8035 17.9965 144.72 -28.7513 16.9785 145.94 23.401 8.29008 141.004 
17.0879 11.196 140.074 -22.1034 20.1397 143.052 19.5854 11.8551 141.497 
3.8405 14.6359 141.895 0.350233 15.8205 141.786 -16.1493 20.8912 141.899 
-5.10203 19.6638 143.155 -7.82945 20.9205 143.42 -5.93558 -23.6006 143.948 
6.84316 -25.6487 143.84 -8.57974 -22.1756 144.27 11.0724 -23.8676 144.362 
8.87396 -25.0768 143.557 -12.0243 -20.0991 143.983 14.4188 -22.7077 142.688 
15.4818 -22.2104 142.634 22.4304 -19.4284 144.225 23.5759 -18.8252 143.174 
23.9873 -18.6371 144.579 -22.2643 -13.4824 145.138 -22.8583 -11.5573 142.821 
25.3025 -17.7959 144.667 -25.3621 -9.4636 143.509 29.2499 -13.3582 144.436 
29.3433 -12.8891 143.828 29.5318 -12.3877 144.096 -30.4428 -1.50284 143.096 
-31.4366 0.125243 143.82 30.2046 -11.085 144.979 -32.455 1.33569 145.497 
30.2399 -9.13757 144.049 -33.3218 3.62731 146.172 30.4122 -7.26233 143.781 
-33.5399 4.94245 146.36 -33.278 9.56388 146.82 -32.3949 10.7813 145.767 
30.7466 -3.71392 144.344 30.4761 -0.776303 144.638 -31.6643 13.2818 146.534 
29.6623 2.40992 144.311 29.2947 4.73932 144.843 -27.5141 18.9496 146.896 
26.8048 7.24526 143.255 -25.6642 19.8007 145.879 25.1022 8.51126 142.537 
-23.3153 21.0359 145.48 22.9515 10.7926 142.542 15.2086 12.4187 140.808 
13.4467 13.5537 141.842 16.7797 13.1572 141.73 8.05231 13.7658 141.877 
10.9327 13.5254 141.801 6.37454 14.7481 142.811 9.05909 14.5795 142.96 
-21.1607 21.3712 144.301 4.44916 15.0617 142.666 5.10972 14.3083 141.96 
5.88876 13.9263 141.673 2.36827 16.1831 143.115 -19.254 22.3046 145.041 
-16.5182 22.036 143.615 -0.0614064 16.8441 142.754 -16.6666 23.0148 145.448 
-14.0354 22.8549 144.777 -10.8368 22.0566 144.019 -6.04733 21.3298 144.533 
-1.26013 -25.5723 143.411 4.86092 -25.8997 144.101 -6.19084 -23.5249 145.794 
7.90391 -24.5266 146.058 13.3215 -23.0064 143.704 15.0373 -21.9857 144.746 
-14.5669 -18.2692 143.478 17.3039 -20.9904 145.336 -19.5631 -15.0709 143.959 
-17.9214 -16.389 144.15 -24.6799 -11.3938 145.333 24.6331 -18.2622 146.41 
26.1539 -17.209 146.735 27.5469 -16.0514 145.999 -31.1511 -1.31593 144.568 
30.0197 -12.6246 146.346 31.0104 -9.67264 146.361 31.1954 -7.68924 145.881 
31.0859 -5.79437 145.081 -30.4938 16.049 147.32 -29.6887 17.0577 147.202 
28.143 6.12013 144.03 -29.2001 18.1633 148.025 -24.9203 21.1589 147.154 
11.1841 14.4436 142.845 20.7831 12.7287 142.583 18.9747 13.2896 142.267 
22.3876 13.1993 143.785 4.50374 15.7987 143.534 -21.5102 21.9834 145.637 
-2.65109 19.6089 144.269 -0.899481 18.0408 143.567 -11.46 23.5108 146.433 
-4.43113 21.0477 145.037 -7.66643 22.7279 146.006 -0.035708 -25.4217 145.123 
2.43945 -25.793 144.654 -1.82273 -25.224 144.283 4.15424 -25.291 146.074 
-4.48056 -24.239 145.234 6.14975 -25.6175 144.489 5.59745 -25.5048 145.069 
6.55748 -25.5686 144.42 6.53782 -25.3683 144.933 6.01633 -25.1273 145.803 
-10.5859 -21.4771 145.583 -11.6122 -20.9797 145.752 -13.9382 -19.0937 144.354 
13.0581 -22.7591 145.204 -15.1552 -18.5223 144.758 -16.3571 -17.4152 144.091 
-19.6053 -16.1908 146.011 21.5044 -19.5892 146.55 -24.5797 -12.3217 147.609 
-20.8454 -14.9229 145.341 23.0645 -18.9473 147.231 -26.5209 -9.77994 146.073 
-28.1027 -7.37602 145.996 -30.1702 -4.65063 147.356 -31.3784 -2.06298 146.554 
29.3188 -13.7899 145.932 -32.7346 -0.250867 148.113 -33.2704 1.39134 147.244 
30.7834 -11.1756 147.139 30.5985 -11.9685 147.76 -33.4988 2.55262 146.99 
-34.0354 4.33234 147.678 -34.8916 6.21536 149.794 31.472 -4.6483 145.962 
31.6058 -3.25025 146.565 -33.1532 11.4532 147.665 -33.1381 12.8357 148.949 
-32.0641 15.3026 149.589 31.0166 1.07179 146.254 -31.0236 16.7073 148.871 
30.6253 3.23257 146.274 -30.5546 16.8819 148.194 -30.1003 17.133 147.839 
28.9872 6.36794 145.278 27.965 7.65271 144.776 29.1042 7.76744 146.343 
-26.3646 20.4685 147.668 26.4163 9.66052 144.563 28.112 8.77824 145.733 
24.6891 12.0613 144.563 26.6015 11.6514 145.996 16.0541 15.2863 143.621 
-22.4223 22.0777 146.529 -21.055 22.6738 146.957 17.7933 14.1091 142.644 
3.79788 16.6408 144.239 19.61 14.3126 143.397 2.90804 17.8812 145.294 
0.479948 17.2284 143.416 0.729304 18.018 144.352 -18.361 23.3369 147.127 
-16.6684 23.4581 146.46 -0.966695 19.3007 144.865 -15.2572 23.5279 146.285 
-13.6348 23.4982 145.946 -2.33866 -24.7889 145.597 1.98745 -25.1997 146.574 
-9.42546 -22.26 146.567 -12.5304 -20.5996 146.044 10.2266 -23.6685 146.252 
12.0613 -22.7382 146.947 -13.9811 -19.5462 145.434 13.7155 -22.2099 146.246 
14.6662 -21.6441 146.878 -17.602 -17.1589 145.181 -16.4463 -17.9684 145.292 
16.0455 -21.0399 147.192 18.0447 -20.1492 148.277 -23.3607 -13.7301 148.702 
20.3529 -19.5565 148.534 24.5146 -17.9968 148.789 27.6352 -15.9902 148.094 
28.2976 -15.3283 146.744 -31.3183 -3.02768 150.728 29.052 -14.2338 148.111 
30.2216 -12.6247 148.371 -34.0443 2.066 149.175 30.8091 -11.3908 149.064 
-34.5925 4.07677 149.14 31.5632 -8.57916 148.249 31.8843 -5.76411 147.913 
-34.3733 10.3303 150.078 32.0366 -1.33577 148.562 -30.3802 17.5867 148.928 
30.3051 5.58581 146.965 -29.7141 18.7832 150.193 -27.7065 20.1098 149.232 
-25.5605 21.3389 148.042 -24.8246 21.7124 147.964 -23.5582 22.2407 148.117 
12.549 15.3708 143.709 7.32259 15.8584 144.303 5.47297 16.7358 144.906 
21.8537 15.4165 145.39 23.912 13.7515 145.15 0.625268 19.4157 145.978 
-1.90511 19.9723 145.069 -3.06001 20.8546 145.577 -2.30342 20.2846 145.22 
-5.61288 21.9858 145.659 0.183261 -24.55 148.179 -4.04879 -24.0041 147.713 
-7.31359 -23.0998 147.497 2.95898 -25.0079 147.22 2.16595 -24.8719 147.626 
-11.1608 -21.6317 147.502 5.56551 -24.7808 146.959 6.05274 -24.1186 148.696 
7.98666 -23.718 148.628 -13.7035 -20.2902 146.973 -12.5249 -20.9433 147.017 
9.7512 -23.3981 147.798 -15.6913 -19.4087 148.174 -14.7597 -19.5366 146.55 
-15.6394 -18.7957 146.039 -17.5676 -17.8232 146.683 13.5287 -21.9608 147.527 
14.734 -21.1988 148.51 -21.6615 -14.9177 146.776 -21.0549 -15.8645 148.02 
21.8107 -19.185 148.718 -26.1602 -10.7992 147.847 23.1224 -18.6284 149.311 
-27.8481 -8.85942 148.787 26.4006 -16.8036 149.408 -29.5446 -6.13547 150.161 
-33.0758 -0.5704 151.025 -34.0215 0.973027 151.839 -34.779 2.85232 152.108 
-35.0257 4.15887 150.625 31.225 -10.1599 148.207 -35.0969 10.0199 152.375 
-34.8769 10.6389 151.647 32.1351 -3.65418 148.228 -33.5556 13.2767 150.808 
31.6748 1.71979 147.994 -31.0959 17.3574 150.274 31.3019 3.61075 147.859 
31.4827 4.55878 148.868 31.1898 6.02058 149.067 30.3186 7.86836 148.446 
-26.172 21.2384 148.794 28.7595 10.0424 147.543 -25.188 21.8144 148.677 
8.73135 16.7304 145.409 10.5108 15.548 144.027 7.11896 16.7379 145.265 
13.4854 16.5656 144.955 15.1435 17.1542 145.668 18.9243 15.9397 144.665 
17.3425 17.084 145.662 4.92136 18.723 147.358 -16.585 23.724 147.383 
2.36104 19.7097 147.557 -15.1936 23.9691 148.033 -1.67455 20.5909 146.201 
-13.7609 23.7879 146.902 -4.37924 22.2274 147.338 -10.0448 23.831 147.414 
-9.37895 23.5464 146.785 -6.22919 23.0516 147.272 -9.09391 -22.5765 148.313 
3.49095 -24.5952 148.186 -12.6577 -21.1053 147.911 -12.1871 -21.6704 150.04 
9.06587 -22.8546 150.279 11.0946 -22.5627 148.899 12.9971 -21.8075 148.879 
12.8937 -22.1706 147.772 -19.4879 -17.0065 147.807 -20.3687 -16.5583 148.181 
-20.189 -16.4415 147.336 -22.1887 -14.9333 148.291 16.323 -20.4665 149.1 
-24.8784 -12.2901 149.966 -25.7196 -11.4053 149.784 22.5303 -18.9321 148.988 
-27.0241 -10.0396 150.647 23.4186 -18.1097 150.837 -28.6566 -7.75018 150.722 
-27.9708 -8.7881 151.325 24.9568 -17.1325 151.413 27.3227 -16.1906 149.461 
-30.4784 -4.56501 151.783 27.7361 -15.545 150.137 29.9837 -12.6343 150.534 
-35.4199 4.85036 153.05 -35.7491 6.15848 152.499 -35.4784 5.53502 151.426 
-35.596 6.64305 151.632 31.3238 -9.89941 150.045 -35.3961 8.2265 151.888 
31.8292 -7.80289 150.829 -34.6101 11.3402 152.266 32.3494 -4.35116 149.841 
-34.28 12.1338 151.476 -33.7763 12.9904 152.45 -32.5668 15.031 152.165 
-31.7627 16.7202 151.428 32.3476 0.845084 149.872 32.1281 2.74759 149.791 
-30.6032 18.2331 151.981 31.506 7.05895 150.653 -25.6313 21.9641 150.32 
30.1464 9.26353 148.995 25.5769 13.0759 145.974 27.4324 12.9332 147.91 
6.88573 17.6425 146.339 11.2793 16.8037 145.423 -20.9049 23.4661 149.366 
25.0721 14.7367 147.081 -17.5833 23.9812 149.401 19.6735 17.1542 146.442 
-13.149 24.0782 148.308 21.5911 17.144 147.46 0.214584 20.7035 147.813 
3.5832 19.8858 149.046 -11.0644 24.0717 148.855 -8.78109 23.7344 147.88 
-1.65296 21.5126 148.281 -7.19907 23.4282 147.706 -7.64802 -23.0107 149.771 
-5.4115 -23.3896 150.197 -2.24999 -23.6228 150.878 2.22967 -24.0346 150.09 
4.382 -23.8058 150.316 -13.7562 -20.6802 148.588 7.0347 -23.4406 150.241 
-14.3594 -20.6705 150.701 11.5525 -21.7548 150.906 -18.2999 -17.9822 149.373 
14.1958 -21.0962 149.663 -20.4806 -16.5258 150.276 -22.2233 -14.9247 150.246 
15.2341 -20.5804 150.092 17.1126 -20.0344 149.814 19.1697 -19.4022 150.469 
16.4266 -20.0848 150.423 21.2487 -19.0516 150.105 22.232 -18.6416 150.612 
-27.5582 -9.41367 151.158 -28.9476 -6.98499 152.784 26.6193 -16.2817 150.994 
27.0926 -16.2499 150.07 -31.3068 -2.57518 153.142 -31.879 -1.79515 153.166 
-32.5847 -0.618556 153.824 -33.4941 -0.129844 152.335 28.6376 -14.1405 151.541 
30.7925 -11.1075 151.034 -35.6664 6.56539 153.66 -35.7685 7.1621 152.77 
-35.5636 8.10157 153.318 -35.3527 9.02408 153.136 32.2323 -5.98413 150.296 
32.5714 1.33483 150.999 -31.557 16.831 152.597 -28.3198 20.3028 152.27 
32.1592 4.68323 151.407 31.0013 8.83215 150.602 30.2109 10.0416 149.783 
-23.3355 23.1091 150.337 29.7451 11.7871 150.781 8.13419 18.2176 147.368 
13.044 18.0919 147.476 27.0832 14.7417 149.009 18.3232 17.9312 147.273 
-14.8554 24.2448 150.039 23.502 16.3169 147.589 -2.83442 22.0905 149.579 
-7.6855 23.6861 149.403 -6.12795 23.2351 148.193 -9.55782 -22.3654 150.865 
-6.78599 -22.7971 152.295 0.482343 -23.6777 151.239 5.82687 -23.6359 150.347 
5.7447 -22.9783 152.126 -16.9984 -18.8899 152.09 13.7475 -20.8395 151.155 
-24.4986 -12.7468 150.859 -23.7128 -13.5092 151.841 -25.7992 -11.4044 152.747 
-27.7631 -8.80921 153.874 -27.5697 -9.42261 151.79 -27.13 -9.9673 152.234 
17.5564 -19.6176 151.068 20.5109 -18.9361 151.158 -29.9602 -5.12206 153.14 
-30.688 -3.63288 153.324 -31.0811 -2.91931 153.178 -31.1168 -2.30245 154.922 
27.1573 -15.4041 152.315 -33.3948 0.434974 153.622 -33.899 1.89487 154.331 
30.1461 -11.6245 152.898 31.0964 -9.85143 152.346 -35.7501 7.3866 153.459 
31.4742 -8.10041 154.087 -34.7762 8.79623 154.325 -35.1204 9.66994 153.423 
-34.6323 10.4953 153.551 32.2732 -5.75715 152.334 -33.9356 11.9075 153.488 
32.5319 -3.23646 151.611 -32.3466 13.2532 153.97 32.6775 -0.561216 152.296 
-31.2054 15.7713 153.684 32.6442 2.08057 152.28 -30.4656 17.7252 153.317 
-29.8231 18.9483 152.9 30.8599 10.0579 151.579 -24.1551 23.1471 151.819 
28.6025 13.9533 150.122 -22.1676 23.7262 151.519 9.98457 18.3792 147.795 
16.4461 18.2918 148.098 -19.8341 24.0586 151.44 6.89864 18.7484 147.98 
25.692 16.3757 150.339 -12.9721 24.2584 149.559 4.85353 19.6117 149.153 
6.12371 19.474 149.549 19.93 18.2076 150.088 22.8411 17.4349 149.313 
1.46415 20.6614 148.951 2.44622 20.2951 149.01 -0.365654 21.3257 149.146 
0.520096 21.0258 148.894 -9.36312 23.9894 149.282 -4.21314 22.6065 149.544 
-1.46571 21.6718 149.826 -5.69378 23.084 149.571 -4.08119 -22.9442 153.07 
-11.1059 -22.119 151.461 2.69133 -23.2867 152.182 -0.392548 -22.4674 154.533 
-11.8163 -21.9652 151.252 -12.1526 -21.856 151.293 -12.8733 -21.55 151.672 
-13.821 -21.1258 152.236 7.44456 -22.9864 151.284 -19.1878 -17.3541 152.17 
12.5868 -21.0218 151.989 -21.9973 -14.9992 154.008 -24.063 -13.0748 154.223 
15.7678 -19.9634 151.703 19.1346 -18.7598 152.839 21.4491 -18.6889 151.311 
17.0314 -19.1492 153.234 21.8566 -17.9214 153.274 -28.8643 -6.88141 154.693 
-29.5084 -5.36809 155.146 -28.8883 -6.3355 156.643 -29.7003 -4.36487 156.022 
-29.6792 -4.34061 156.648 23.3912 -17.5673 152.617 -30.1616 -3.86489 155.376 
25.9091 -16.2539 152.454 -31.7255 -1.40566 154.653 -31.6475 -0.980676 155.887 
27.0031 -15.1961 153.316 26.8791 -15.4276 153.037 27.7594 -14.4469 153.365 
-32.6558 0.406283 155.466 28.7155 -13.4275 153.513 29.4033 -12.9226 152.562 
-34.796 3.52316 154.146 -34.8567 4.61328 155.077 -35.2973 5.78458 154.622 
-35.4999 7.6523 153.949 32.4591 -3.94264 154.714 -29.0378 18.919 153.727 
32.185 6.43067 152.867 31.7761 7.84262 152.248 31.5964 8.90669 153.213 
-25.7605 22.3018 152.647 -24.3871 23.136 152.832 29.556 13.8143 151.961 
8.40319 19.288 149.803 -21.2797 23.983 152.608 14.6244 18.991 151.802 
27.8522 15.1781 150.447 28.8448 14.6891 151.19 28.1783 15.3935 152.113 
-17.0637 24.2263 151.937 -13.0909 24.2258 150.898 4.61347 19.9125 151.345 
2.09323 20.512 150.845 0.627579 21.1025 149.912 -2.14688 21.4622 151.854 
-10.1739 23.9125 151.196 -4.83922 22.674 150.642 -3.67049 22.2955 150.704 
-8.03304 23.6124 151.162 -6.90021 23.4305 150.533 -5.80055 -22.3307 154.73 
-10.1104 -22.0618 152.932 -11.6571 -21.7741 152.777 -8.32384 -21.726 154.987 
-13.1575 -21.1003 153.699 -14.8706 -20.2312 153.487 7.96983 -22.4638 152.302 
9.80515 -21.9122 152.305 -20.3393 -16.4412 153.074 11.6272 -20.9318 153.194 
12.9156 -20.6402 152.761 13.2212 -20.7521 152.1 13.7564 -20.3631 152.64 
-26.2923 -10.7435 155.665 -27.38 -9.05459 157.004 -26.8558 -10.0683 154.909 
15.6427 -19.4785 153.387 14.6711 -20.0184 152.673 22.6815 -18.1277 151.882 
24.4724 -16.378 154.161 -30.746 -2.47313 157.156 -31.1381 -1.65501 156.495 
26.3697 -15.6418 153.29 -31.7595 -0.406011 156.782 -32.8643 1.77702 156.393 
-34.1626 3.1871 155.419 29.1553 -12.6559 154.014 -34.9625 5.49403 155.337 
30.3824 -10.3016 154.666 -35.1399 6.99574 154.671 -33.2394 10.6585 154.714 
32.836 0.866327 154.862 32.7164 3.16441 154.394 -28.1976 20.1351 153.622 
-27.8086 20.7479 153.403 -26.8826 21.4151 153.447 32.1041 7.46028 154.129 
-25.5573 22.1819 153.756 30.9921 10.3293 153.915 -24.1987 22.9597 153.714 
-23.0138 23.5817 152.939 9.78833 19.3577 149.589 11.3564 19.2796 150.684 
29.1576 14.7319 151.929 29.2928 14.5691 152.681 7.11101 19.5287 152.576 
17.2565 18.8062 151.208 -15.0236 24.3015 151.395 0.208005 21.1204 151.569 
23.1308 17.6791 151.809 24.9306 17.2085 152.642 25.9806 16.8276 152.364 
-0.605836 21.4483 150.588 26.8064 16.3234 152.497 -8.85587 23.5393 152.314 
-10.2293 -21.4901 154.728 -3.84199 -22.0625 155.725 -13.9978 -19.7431 156.723 
3.6678 -22.3238 154.436 -16.696 -18.4525 156.054 5.54044 -22.3192 153.932 
6.95559 -21.9914 154.033 -19.4314 -16.7715 155.34 8.67334 -21.6746 153.769 
7.85147 -21.0256 155.565 9.95832 -21.2932 153.76 -22.6169 -14.1765 157.21 
-23.662 -13.3325 155.91 12.1095 -19.8875 155.216 10.5264 -20.5103 155.001 
-25.0679 -11.9842 155.687 13.5961 -19.9162 154.035 -25.9503 -10.8838 157.2 
14.8298 -19.5917 153.808 14.2291 -19.9514 153.321 19.8156 -17.8935 155.128 
23.1526 -17.3533 153.559 23.0566 -17.2848 153.87 -31.2594 -1.30669 156.846 
26.6968 -14.9096 154.275 28.1483 -13.335 154.867 28.7488 -13.1102 154.181 
-33.8922 3.80648 156.096 28.9436 -12.498 154.878 29.5155 -11.7217 154.841 
-34.4607 5.15393 155.809 -34.7814 6.05425 155.421 -33.9266 6.82693 155.692 
-33.405 8.71728 155.446 -31.9921 9.16661 155.84 -30.4864 11.2104 155.553 
32.0582 -6.2145 154.78 -29.6218 14.1184 155.066 -28.1533 12.1914 155.892 
32.7351 -1.40244 155.373 -26.8156 13.7273 155.913 -28.2401 15.2786 155.322 
-29.2337 16.7337 154.539 -26.9163 16.1653 155.515 -25.9802 18.1629 155.446 
-27.8186 18.1904 154.781 -27.7807 19.5389 154.347 32.5379 4.95686 154.046 
-27.1325 20.5728 154.148 -25.7667 21.4082 154.333 31.8825 8.16064 155.316 
31.6016 9.09313 154.772 29.9272 12.5926 154.014 29.6624 13.9228 153.276 
-21.4301 23.7025 153.792 9.80731 19.5879 150.868 2.97952 19.8145 154.075 
16.5881 18.4094 154.228 18.4662 18.4162 152.948 28.8015 14.3725 154.201 
-19.5321 24.067 153.026 23.626 17.0333 154.524 25.7492 16.4185 154.281 
-0.776841 21.4352 151.528 27.4821 15.6405 153.821 -14.9878 24.1776 152.445 
-4.68739 22.0575 152.055 -12.8742 23.9727 152.487 -6.23051 22.9103 151.39 
-6.84047 22.1716 153.302 -7.75811 23.1801 152.315 -7.20091 23.3678 151.329 
-11.7044 -20.8392 155.744 2.12665 -21.6486 156.259 -18.6927 -16.6166 158.732 
5.62975 -21.6797 155.305 -21.1005 -15.4696 156.802 9.23975 -21.002 154.864 
-24.4755 -12.3152 157.58 15.8062 -18.7681 155.254 18.0393 -18.438 154.715 
-29.382 -5.45608 157.901 -29.7479 -4.5605 157.565 21.2253 -17.2338 155.805 
22.9646 -17.1667 154.255 22.6649 -16.7371 155.523 26.2133 -14.0741 156.507 
23.9245 -15.1858 157.332 28.0323 -12.2472 157.075 -33.0397 3.0952 156.656 
28.7951 -12.2012 155.733 -33.2605 4.61473 156.447 29.3199 -10.9979 156.592 
-34.2443 5.70886 155.907 30.5323 -8.95252 156.707 -32.4588 7.59011 156.151 
-31.4727 8.03226 156.309 31.5467 -7.12578 156.347 -29.8751 8.56706 156.397 
32.033 -5.77391 156.127 -27.704 10.242 156.326 31.8603 -5.06218 157.444 
-26.1977 11.5876 156.343 32.3522 -2.79086 157.276 32.5958 -0.443799 157.469 
-24.9803 14.5485 156.203 -24.9205 16.15 156.035 32.6862 2.00321 157.073 
-23.9681 17.1984 156.138 32.575 4.26728 156.384 -27.0733 18.9513 154.911 
-24.3741 19.0873 155.706 -25.7636 19.3496 155.263 32.4083 6.04019 155.107 
-26.6656 19.5728 154.859 -25.7553 20.2674 154.929 0.497484 20.3246 153.656 
5.58506 19.147 155.34 10.004 19.2515 153.662 -0.154245 20.9864 152.699 
-0.789182 20.8978 153.061 12.6876 19.1666 154.46 14.3082 18.7294 155.198 
15.2199 18.5611 154.851 -0.687235 21.2782 152.164 19.6366 18.0343 153.43 
21.2852 17.4514 154.315 -17.8703 24.005 153.488 -16.4963 24.0736 153.216 
-15.714 23.9963 153.388 -14.641 23.9126 153.308 -11.2854 23.5863 153.154 
-9.72486 23.56 152.943 -8.97925 23.4149 153.021 -8.55786 23.3186 152.839 
-10.0749 -20.7572 156.911 -3.04115 -20.5784 158.557 -16.0667 -18.3153 158.506 
0.363601 -20.9959 157.599 4.03162 -21.3682 156.439 -21.2365 -15.0468 158.678 
-20.1354 -16.0038 157.826 6.79039 -21.4826 155.254 6.57612 -21.0565 156.141 
9.10824 -20.1789 156.453 10.9845 -19.4115 156.778 -26.0284 -10.6246 158.904 
-27.8755 -8.28004 158.696 12.3076 -19.2395 156.411 13.505 -19.1004 155.975 
-29.1009 -6.74678 158.881 -28.7987 -6.69091 158.141 -30.1232 -4.57562 158.227 
18.3541 -17.6545 156.618 -31.6111 -0.208402 157.374 -31.5499 1.93935 157.316 
-32.1912 5.89518 156.556 -31.0409 6.92118 156.621 30.9908 -7.72608 157.5 
31.2824 -6.71675 157.806 31.7705 -6.18314 156.984 -26.8835 7.9173 156.879 
-25.0423 9.74554 156.809 -23.6806 12.1018 156.754 -22.833 14.9239 156.656 
32.2504 5.79575 156.994 32.1859 6.96844 155.824 -23.9407 20.8295 155.3 
-24.3665 22.1809 154.493 31.3235 8.91501 156.447 -23.5131 22.8193 154.48 
30.2364 10.7069 156.534 28.4184 12.6921 156.872 1.4487 19.1519 155.925 
3.51653 18.4675 157.079 -22.9113 23.4343 153.889 -1.71798 20.1284 154.361 
-4.72895 20.3944 154.473 8.04029 18.4434 156.416 26.791 14.78 155.975 
11.9328 18.5799 156.211 12.8733 18.5645 156.463 13.679 18.4402 156.444 
15.3081 17.4651 156.951 18.5033 17.0798 156.124 23.6737 15.3136 157.143 
22.4015 16.581 156.114 -19.3225 23.6509 154.231 -13.3397 23.5304 153.753 
-9.2009 23.3879 153.282 -8.62327 22.9933 153.497 -11.9594 -19.5044 159.127 
-8.90568 -19.7413 159.456 -5.93485 -21.206 157.314 -14.3111 -18.957 159.057 
-23.2933 -13.2162 159.103 5.48678 -20.8945 156.854 6.94241 -20.1057 157.535 
8.09346 -20.3617 156.683 9.56899 -19.054 157.922 12.6095 -18.4163 157.65 
14.5419 -18.2132 157.153 16.3234 -17.4923 157.693 18.1603 -16.7958 158.328 
20.2083 -17.1556 156.813 -30.6636 -3.0531 157.937 -30.8536 -2.32533 158.128 
21.5582 -16.1111 157.818 -31.3587 -0.133833 157.748 25.3151 -13.5661 158.725 
28.6877 -11.1513 157.813 29.3151 -9.91343 158.368 30.2731 -8.07081 158.608 
14.7869 -7.19971 161.263 17.7947 -8.00799 161.413 16.6001 -5.8655 161.323 
14.2163 -4.39463 161.242 18.0219 -6.44905 161.401 19.3612 -6.50238 161.475 
-28.899 6.17906 157.011 18.283 -5.03365 161.376 16.7752 -3.59655 161.26 
-23.9194 7.33225 157.412 18.6949 -2.85507 161.302 15.5405 -2.18679 161.212 
14.2372 -2.44524 161.25 20.2734 -4.53826 161.484 17.5993 -2.45168 161.237 
20.7534 -1.68857 161.349 14.4705 -0.720985 161.248 16.9404 -1.87578 161.201 
12.8816 -2.23844 161.297 16.7603 0.282513 161.119 18.0866 -1.17639 161.184 
19.1646 -1.17565 161.219 -22.3864 9.33986 157.406 -21.2 10.8347 157.463 
19.252 0.754217 161.102 21.5897 0.725153 161.224 32.018 -1.89058 158.959 
14.9553 1.70107 161.163 20.9163 3.14209 161.013 16.853 3.69053 160.921 
18.026 2.31068 160.945 13.8941 4.26386 161.17 18.8858 3.2537 160.886 
18.0437 3.40252 160.856 18.196 4.02217 160.827 18.5902 5.19946 160.831 
-21.9351 17.4973 156.589 15.6719 5.49254 160.912 16.9757 5.35979 160.821 
32.2094 0.901357 158.922 32.4152 2.08095 158.543 32.3621 3.15014 158.286 
16.3964 6.5613 160.828 -22.9286 19.5033 156.008 31.8234 7.17756 157.219 
-21.2901 20.0481 156.226 -22.3867 22.2576 155.164 -22.9151 22.9778 154.645 
-2.65978 18.6652 156.357 -0.50881 18.9948 156.09 -23.2192 23.187 154.272 
-22.3777 23.2191 154.483 -20.9539 23.12 154.83 10.9203 17.6822 157.37 
13.0744 17.4378 157.701 20.9314 16.0194 157.202 -16.3857 23.4563 154.334 
-11.5741 22.9302 154.361 -10.1833 23.1963 153.809 -9.40232 22.9594 153.975 
-9.44786 23.2911 153.531 -14.3683 -18.3204 160.421 -10.7087 -19.305 160.13 
-16.9211 -17.5108 159.633 -17.136 -16.6161 160.933 -15.7264 -18.0926 159.796 
-5.89625 -20.0558 159.655 -20.1253 -15.8478 158.769 2.63524 -20.5813 158.046 
-20.3092 -15.4545 159.37 4.30134 -20.7135 157.576 4.06217 -20.1899 158.41 
5.18062 -20.3177 157.902 8.13681 -20.0462 157.191 -27.826 -8.53464 159.446 
8.15764 -19.4004 158.044 -29.3897 -6.80339 159.235 -30.1219 -5.70903 158.8 
10.7115 -18.2645 158.567 19.6747 -16.7177 157.924 22.909 -14.772 159.111 
-30.6924 -0.348794 158.029 26.8967 -12.4198 158.554 -31.3863 4.11826 157.039 
-28.6783 3.03269 157.624 28.1323 -11.1596 158.683 -30.5061 5.20475 157.011 
10.9071 -6.9421 161.128 12.4201 -6.4031 161.149 11.0483 -6.11751 161.086 
12.8982 -8.23748 161.235 10.237 -5.86426 161.121 11.3805 -4.62679 161.199 
20.1909 -8.04606 161.503 9.06426 -6.36743 161.239 21.5676 -6.5922 161.598 
-25.9209 5.28549 157.493 9.3302 -4.45835 161.31 30.6829 -5.99911 159.346 
7.82599 -4.81096 161.419 7.61231 -2.45605 161.738 10.4856 -1.67143 161.484 
22.8198 -4.04012 161.634 31.5084 -3.77885 159.083 23.3264 -0.948541 161.474 
24.5255 -2.76537 161.71 12.7499 0.833914 161.373 10.8095 1.1784 161.618 
11.8524 3.18823 161.501 -21.0227 12.652 157.301 32.1577 -0.591544 159.114 
23.6023 1.705 161.293 24.7873 0.152419 161.501 10.408 2.8411 161.753 
12.2069 5.00745 161.405 -20.0215 14.4572 157.394 10.9928 4.50018 161.655 
12.8159 5.78037 161.268 -19.7476 16.4578 157.273 11.0573 6.33031 161.622 
13.7776 6.88668 161.085 20.9865 5.22335 160.937 11.7232 8.1652 161.374 
32.1239 4.59099 158.246 15.3724 8.01295 160.869 31.8527 5.81928 158.267 
31.4311 6.51968 158.666 31.2091 7.70566 158.22 30.3956 8.88796 158.391 
-1.25837 17.9579 157.388 0.84414 17.4445 158.3 -5.4191 17.8579 157.168 
-7.30321 19.894 155.756 -20.4744 22.3458 155.545 6.43601 17.4441 158.276 
6.6743 18.4904 156.949 -19 22.8126 155.225 -7.25159 21.1869 154.701 
14.362 15.6964 158.916 16.4863 15.4128 158.662 18.7271 14.8992 158.732 
-8.5988 21.1656 155.27 25.6885 13.3157 158.266 -8.38037 22.1431 154.373 
-9.73172 22.3317 154.685 -10.1654 21.1808 155.68 -9.02514 22.6562 154.205 
-13.6736 22.8373 154.783 -13.0235 -18.4694 160.841 -11.5481 -18.223 161.264 
-21.0496 -14.2928 160.535 0.129809 -19.1858 160.061 -24.1847 -12.1272 160.253 
-26.1141 -10.346 160.23 5.14989 -19.584 158.849 6.79902 -18.8754 159.109 
7.37162 -19.4967 158.266 8.77996 -17.6313 159.689 -30.2216 -5.53597 158.955 
-30.0966 -6.06933 158.973 10.5987 -17.3802 159.608 -30.5138 -4.1184 158.712 
-30.5712 -4.46037 158.57 12.1439 -17.1382 159.406 14.3392 -17.1328 158.797 
16.677 -16.1071 159.453 19.5264 -15.6149 159.392 -30.4498 -1.71678 158.368 
21.674 -14.9058 159.651 23.9787 -14.1771 159.072 24.5071 -13.4268 159.685 
-29.4721 0.757161 158.023 26.0017 -12.1939 159.851 25.2324 -12.9923 159.698 
-28.0472 0.989944 158.148 -26.8506 1.19384 158.224 -24.5431 2.31336 158.306 
27.2621 -11.0752 159.805 10.6443 -8.25521 161.286 8.3358 -7.72824 161.395 
15.5442 -9.30487 161.387 18.0754 -10.0604 161.498 19.7538 -9.35632 161.493 
29.0281 -7.91944 160.286 29.3703 -8.97358 159.352 -22.7309 4.96034 158.073 
-20.7047 6.94016 158.256 30.3934 -4.40263 160.335 8.79841 0.898757 161.907 
-20.0207 9.28423 158.058 -19.6231 11.1944 157.884 25.2625 -1.3092 161.654 
30.7788 -2.18122 160.349 31.7521 -1.2588 159.695 -19.6447 12.6222 157.677 
31.4197 -0.230266 160.003 25.2002 1.18492 161.447 25.8502 2.8707 161.325 
31.871 2.3901 159.413 23.2228 4.42064 161.117 21.945 6.20541 160.99 
-20.2083 18.0353 156.939 -18.914 17.087 157.355 19.8829 6.78291 160.881 
31.7614 3.67563 159.29 17.4451 7.5209 160.815 31.2741 5.13377 159.398 
30.503 7.00056 159.451 -18.5681 21.1042 156.245 -20.8158 21.6133 155.849 
-6.21154 15.7799 159.084 -4.3132 16.3219 158.732 -2.36389 16.9016 158.419 
-8.51148 18.6464 156.929 -7.2853 17.1313 157.838 28.8281 10.3139 158.808 
3.92336 16.8991 159.268 16.8919 13.6308 159.771 -8.90639 20.187 156.032 
9.71936 16.1936 159.038 12.2671 15.8944 159.06 15.2029 14.1819 159.676 
27.0896 11.6941 158.953 20.9258 14.2544 158.961 22.9379 13.2596 159.243 
-17.3554 22.3856 155.614 -12.1249 22.3673 155.11 -10.9552 22.1132 155.159 
-15.4069 22.3035 155.524 -13.1028 21.9418 155.569 -14.4311 -16.9769 162.004 
-4.94841 -19.4369 160.558 -23.9602 -11.588 161.252 -4.05557 -18.0494 161.559 
-27.7648 -8.32357 160.003 -26.1161 -10.1518 160.641 3.19186 -19.4562 159.434 
4.57512 -18.4122 160.108 -29.383 -6.50766 159.413 -29.7901 -5.09065 159.155 
13.925 -15.075 160.635 -29.9395 -3.17378 158.78 22.5829 -14.395 159.92 
-29.3112 -1.29105 158.528 23.0713 -13.5001 160.241 -27.8188 -0.237782 158.476 
24.8079 -12.5711 160.269 -27.0755 0.346435 158.402 -25.4716 -0.430115 158.839 
25.376 -11.7778 160.549 28.481 -9.84561 159.675 9.99272 -9.43737 161.438 
12.6351 -9.57566 161.371 13.923 -9.51756 161.352 8.24637 -6.6683 161.305 
7.52092 -6.04453 161.395 20.2125 -10.9443 161.464 -21.3167 3.21404 158.763 
6.22801 -4.40086 161.676 5.90746 -6.57347 161.638 22.3059 -9.24582 161.484 
24.2677 -6.68422 161.74 -20.1426 4.87917 158.813 29.5021 -5.8257 160.704 
4.82009 -2.16484 162.225 25.0245 -4.61836 161.835 28.7857 -3.99628 161.32 
6.3614 -0.170592 162.263 9.36936 4.08338 162.017 26.656 -0.118169 161.553 
-18.3715 12.3141 158.154 31.1203 1.3888 160.231 -17.4602 14.8864 158.018 
7.59669 6.48085 162.52 24.9542 4.78828 161.207 9.69734 8.26629 161.87 
30.6552 3.28401 160.389 24.1023 6.5676 161.06 -18.754 18.5922 157.049 
13.2519 9.08377 161.065 18.6572 8.67019 160.838 21.4553 7.71528 160.939 
15.7915 9.16752 160.843 -9.05139 16.7676 158.268 -3.38924 15.0993 160.132 
-0.130031 15.0961 160.639 29.4337 8.47419 159.59 2.82173 15.7563 160.43 
-11.1641 18.8475 157.148 12.9153 13.3456 160.367 13.573 14.246 159.867 
11.7893 14.4861 160.001 -10.06 19.9623 156.416 18.999 13.2379 159.853 
-11.8183 20.7779 156.189 -13.5121 20.1479 156.654 20.7957 12.9463 159.881 
21.8628 11.9769 160.158 24.507 11.2611 159.937 -17.2493 21.7979 156.065 
-16.6155 22.0352 155.906 -15.8839 21.1189 156.306 -13.9577 21.3461 156.049 
-11.5432 21.6923 155.6 -9.55429 -17.0762 162.392 -6.79982 -18.5417 161.381 
-21.2781 -13.2294 161.936 -18.9853 -14.5877 162.173 -16.7624 -15.5993 162.507 
2.43499 -18.3239 160.616 6.08635 -17.2779 160.609 10.8139 -16.0006 160.564 
8.75466 -15.7626 160.989 7.30117 -16.216 160.995 -28.5916 -2.97531 159.064 
17.5652 -14.3247 160.733 20.717 -13.9256 160.55 22.1274 -14.186 160.243 
-27.0544 -1.90016 159.035 21.5489 -12.2591 161.104 23.937 -11.3318 161.005 
8.65412 -9.76055 161.546 10.4231 -11.1154 161.589 11.0599 -10.284 161.507 
26.0831 -10.9108 160.627 -23.0078 0.280725 159.063 6.71113 -8.97694 161.658 
-21.8395 1.49898 159.018 4.85164 -8.11317 161.827 11.333 -9.68097 161.429 
3.53571 -6.64913 162.017 14.5716 -10.4356 161.456 16.5098 -10.6976 161.505 
18.0568 -11.3342 161.5 27.44 -9.59497 160.632 27.434 -8.08923 161.221 
-19.5643 3.72883 159.257 4.11193 -4.59085 161.998 28.1864 -6.457 161.328 
-19.3211 5.75927 158.953 25.5636 -5.84866 161.894 -19.0132 6.326 158.964 
-18.5576 7.54255 158.93 3.93301 0.775875 162.943 3.27757 -1.2012 162.68 
26.4987 -2.84452 161.731 6.79303 2.63272 162.515 -18.0355 9.90004 158.686 
26.1282 -1.45135 161.692 29.5914 0.191472 161.036 30.2963 1.81323 160.82 
8.23606 8.49571 162.28 -18.032 16.9979 157.518 -16.6049 17.0726 157.7 
10.8762 9.61431 161.444 30.0213 5.34735 160.32 -17.136 19.0033 157.11 
-8.91389 13.9803 160.398 13.5485 10.823 160.886 16.8635 10.5358 160.7 
24.6507 7.71484 160.968 23.3316 8.87514 160.806 26.3653 7.47788 160.795 
-11.9557 16.5231 158.377 20.61 9.02929 160.874 -13.3851 18.651 157.332 
3.07344 13.7245 161.871 -16.4374 19.8027 156.878 -14.9215 19.5816 156.97 
4.37569 15.5255 160.793 4.25527 16.084 160.28 3.81441 14.9647 161.219 
5.82745 15.7371 160.28 5.28388 14.4663 161.311 14.7926 12.578 160.358 
9.96384 14.1498 160.457 17.6403 12.0966 160.353 19.8287 11.9217 160.353 
8.09764 15.4574 159.967 25.9937 9.42445 160.417 27.0402 10.3593 159.81 
-19.7903 -13.0619 162.765 -15.5655 -14.9061 163.286 -12.6597 -15.5208 163.301 
-25.9545 -9.6544 160.758 -23.9381 -11.1035 161.524 -24.0387 -9.89463 161.381 
-1.37244 -16.7037 162.229 0.984343 -17.5515 161.435 3.17161 -16.5629 161.559 
-28.678 -6.52316 159.686 -26.8004 -7.50821 160.314 5.47617 -15.8041 161.527 
-28.4271 -4.89726 159.491 6.99795 -14.4976 161.631 9.50842 -14.3037 161.405 
11.5246 -14.4331 161.262 -27.0164 -3.78736 159.532 -25.7255 -4.51723 159.933 
-24.648 -3.20681 159.793 13.5693 -12.9594 161.432 15.6979 -13.5328 161.229 
17.1193 -13.1588 161.299 -25.4912 -1.82709 159.228 15.987 -12.0461 161.458 
18.8307 -12.6354 161.266 -24.5521 -1.82064 159.376 -22.4946 -1.64012 159.807 
7.88531 -11.8187 161.732 4.8521 -10.0126 162.009 -20.9765 0.121971 159.663 
3.29637 -8.46608 162.142 12.6844 -11.0312 161.53 22.0907 -11.0409 161.338 
-19.4573 1.99181 159.702 25.5723 -9.05036 161.322 -17.6423 4.7496 159.917 
26.4821 -6.80244 161.715 2.08829 -2.66687 162.622 27.5316 -5.50909 161.717 
1.78266 -0.506149 163.087 26.4262 -5.09683 161.864 27.3461 -4.44971 161.761 
1.33862 1.17825 163.572 28.2763 -1.73981 161.505 1.94376 3.15519 163.815 
29.4828 -1.93008 161.19 4.46979 4.31803 163.29 -15.9581 11.2562 159.332 
-16.3235 8.01594 159.879 -13.4014 8.57951 161.357 -10.2903 9.00681 163.071 
-11.9457 10.2447 161.615 -13.3158 11.8583 160.273 28.0298 1.83344 161.322 
29.5216 2.35584 161.048 -10.5751 11.5071 161.613 3.57743 8.01797 163.498 
-11.7959 13.3174 160.079 28.2995 3.65171 161.122 -15.2562 13.2353 159.043 
6.85379 8.88601 162.634 29.6585 3.40076 160.905 -14.2906 15.0737 158.686 
-11.7337 14.6097 159.378 26.4311 5.18228 161.12 29.5543 4.22764 160.792 
8.52063 9.93368 162.019 28.4065 5.5468 160.814 28.9348 7.13583 160.29 
-5.70546 12.5085 162.501 -5.27533 13.9609 161.027 -15.3878 16.7251 157.957 
9.99878 11.6689 161.315 -15.0541 17.8835 157.6 11.9385 10.2898 161.175 
-2.02734 12.4382 162.733 19.0657 9.81697 160.801 20.6793 9.89033 160.803 
27.9248 8.89893 160.094 0.517445 13.5688 162.106 9.65092 13.1032 160.971 
7.92628 13.8798 160.991 10.7276 12.8342 160.865 12.3083 12.3874 160.756 
11.6331 13.3648 160.549 19.1514 10.795 160.665 21.5045 10.7607 160.565 
-17.6608 -14.2894 163.048 -22.0432 -12.2499 162.179 -23.3293 -11.3901 161.776 
-21.0375 -12.1349 162.596 0.617778 -16.4499 162.194 0.740252 -15.152 162.598 
-0.483267 -15.7453 162.675 2.74549 -14.0539 162.399 4.12001 -15.3064 161.939 
-26.3718 -5.62362 160.066 -24.1237 -5.66123 160.538 4.84677 -14.524 162.007 
0.751909 -11.8583 162.924 2.79495 -12.3943 162.517 -2.33275 -11.4729 163.614 
-1.0384 -10.4272 163.304 4.77399 -12.5897 162.153 -20.4018 -4.73911 161.31 
0.461725 -9.76171 162.895 2.75745 -10.8221 162.449 10.7931 -13.0456 161.601 
12.4084 -13.7789 161.407 -2.83221 -8.42902 163.636 12.1192 -13.0773 161.589 
11.8764 -12.2341 161.596 2.16757 -9.24291 162.435 3.31183 -9.65452 162.235 
0.925076 -7.30651 162.649 -18.4442 -1.03012 160.913 -7.38288 -3.74954 164.098 
-3.79844 -5.01026 163.658 -5.45844 -3.0789 163.906 -1.47713 -6.33587 163.202 
-0.408374 -4.42544 162.968 -3.16902 -2.82903 163.572 -9.5206 -0.749751 163.874 
-10.7438 -3.95838 164.085 2.1553 -5.10346 162.348 -7.25549 -2.08748 164.071 
-12.8162 -1.31085 163.118 -12.9716 0.877911 162.764 -7.73645 -1.34812 164.097 
-6.03048 -1.34787 164.044 -15.2217 0.305901 161.893 -14.586 3.24263 161.738 
-16.0897 2.52169 161.063 -7.84244 -1.07538 164.112 -7.7541 -0.721077 164.14 
-0.811845 -1.90075 163.268 -7.2351 0.200624 164.182 -5.05447 -0.0316215 164.118 
-3.23801 -0.910359 163.787 -1.2621 0.500235 163.765 0.54015 -1.1559 163.149 
-11.9873 2.60978 163.025 -9.28267 2.13889 163.918 -3.62635 0.381079 164.032 
-11.133 4.33151 163.35 -5.41853 2.12968 164.335 -14.9266 6.03324 161.066 
-12.9577 5.32495 162.323 -9.0512 4.49242 164.064 -2.37301 3.16417 164.46 
-11.1655 6.51316 163.138 -0.153413 2.60223 164.092 -6.75287 5.09612 164.687 
-9.14051 6.70661 164.124 -4.33116 4.19894 164.769 -0.52604 5.79605 164.428 
-4.68968 6.4852 164.864 -2.90993 4.75011 164.778 2.47714 5.22345 163.898 
0.770191 8.4692 164.104 -1.2858 9.55384 164.115 -9.3208 10.5263 162.892 
-8.05293 11.6033 162.641 1.00387 10.5108 163.499 -2.16459 10.9098 163.833 
3.25773 11.4234 162.888 5.91559 10.7117 162.564 1.20919 12.465 162.736 
4.63883 12.2272 162.416 7.73872 11.2646 162.003 6.41835 12.5895 161.878 
-16.9092 -12.6861 163.649 -14.4367 -13.7524 164.005 -12.7535 -13.4988 164.336 
-10.1975 -13.9396 164.15 -7.24817 -16.1227 163.068 -21.9597 -11.2013 162.242 
-19.7562 -11.5517 162.943 -4.91905 -15.0115 163.386 -20.3998 -10.11 162.584 
-22.2814 -9.94966 161.961 -24.843 -7.44596 160.766 -1.91661 -14.2946 163.209 
-22.1463 -8.11502 161.617 0.0410347 -13.4386 163.012 -18.7458 -8.03775 162.685 
-16.1153 -5.76115 163.057 -17.0253 -3.51308 162.117 -13.166 -4.84 163.831 
-15.0659 -3.83785 162.938 -13.6462 -6.59524 164.05 -13.5934 -2.9225 163.213 
-15.536 -2.11396 162.307 -6.33541 -6.18803 164.19 -14.2896 -1.51872 162.659 
-8.45871 -5.15254 164.336 -17.2425 1.73126 160.687 -7.4834 6.90714 164.698 
-8.789 7.99491 164.244 -7.30674 8.19844 164.575 -8.75033 8.81296 164.083 
-3.01775 8.21756 164.636 -7.96268 9.77118 163.836 -3.36845 10.4428 164.099 
-5.81797 10.9239 163.724 -4.19277 11.683 163.447 -14.1085 -12.2376 164.448 
-12.16 -12.2885 164.704 -7.56789 -14.0127 164.077 -19.4536 -10.7021 163.002 
-6.60426 -13.2786 164.203 -18.0141 -10.3935 163.366 -5.18141 -12.329 164.089 
-15.2381 -8.585 163.912 -4.61743 -10.6462 164.16 -4.83953 -9.42218 164.198 
-6.96876 -9.78245 164.539 -3.65859 -10.0092 163.951 -6.09202 -8.07256 164.335 
-11.7852 -6.00456 164.384 -11.5978 -4.95122 164.281 -10.8349 -5.32999 164.434 
-9.27788 -6.84328 164.552 -5.38044 9.03117 164.519 -15.425 -10.8652 164.16 
-8.54216 -11.8471 164.634 -10.8651 -11.766 164.822 -12.6503 -10.4463 164.714 
-12.1205 -7.96197 164.547 -10.5896 -10.8267 164.929 -10.072 -9.56424 164.823 

METADATA
INFORMATION 1
NAME L2_NORM_RANGE LOCATION vtkDataArray
DATA 2 2.46854 168.359 

POLYGONS 20000 80000
3 0 1 2 
3 1 0 3 
3 3 0 4 
3 5 2 1 
3 6 1 3 
3 7 1 6 
3 8 1 9 
3 7 9 1 
3 10 11 12 
3 10 13 11 
3 12 14 4 
3 4 2 12 
3 13 10 12 
3 4 0 2 
3 12 2 13 
3 13 2 5 
3 3 4 6 
3 15 6 4 
3 5 1 16 
3 1 8 16 
3 15 7 6 
3 15 17 7 
3 9 18 8 
3 18 9 19 
3 9 7 20 
3 9 20 21 
3 19 9 21 
3 22 23 20 
3 20 23 24 
3 21 20 24 
3 25 11 26 
3 26 27 25 
3 27 28 25 
3 27 26 29 
3 29 26 11 
3 14 12 11 
3 11 25 14 
3 13 29 11 
3 15 4 30 
3 13 5 31 
3 5 32 31 
3 5 16 32 
3 32 16 8 
3 33 7 17 
3 8 18 34 
3 34 32 8 
3 7 33 35 
3 35 20 7 
3 22 20 35 
3 36 37 22 
3 22 37 23 
3 38 21 24 
3 39 23 37 
3 39 24 23 
3 24 39 40 
3 40 38 24 
3 40 39 41 
3 42 40 41 
3 27 43 28 
3 27 29 43 
3 25 28 14 
3 4 14 44 
3 44 45 30 
3 30 4 44 
3 29 13 46 
3 29 46 47 
3 47 43 29 
3 45 15 30 
3 48 46 13 
3 13 31 48 
3 46 48 49 
3 49 47 46 
3 31 32 50 
3 31 50 48 
3 50 49 48 
3 51 35 33 
3 35 51 52 
3 52 51 53 
3 52 22 35 
3 22 52 53 
3 53 36 22 
3 19 21 54 
3 55 19 54 
3 54 21 38 
3 55 54 38 
3 56 57 37 
3 55 38 42 
3 39 37 58 
3 40 42 38 
3 42 59 55 
3 37 57 58 
3 39 58 41 
3 58 60 41 
3 41 61 42 
3 59 42 61 
3 41 62 61 
3 28 63 14 
3 64 65 43 
3 43 47 64 
3 66 64 47 
3 47 49 66 
3 64 66 67 
3 68 15 45 
3 67 66 69 
3 66 49 50 
3 50 69 66 
3 32 69 50 
3 15 70 17 
3 33 17 71 
3 18 19 72 
3 55 72 19 
3 51 73 53 
3 73 36 53 
3 74 36 75 
3 36 74 37 
3 74 75 56 
3 56 37 74 
3 55 59 76 
3 58 57 77 
3 77 78 58 
3 60 58 78 
3 79 60 78 
3 60 79 41 
3 41 79 80 
3 59 61 81 
3 62 81 61 
3 41 80 62 
3 82 63 83 
3 28 84 63 
3 63 82 44 
3 43 84 28 
3 85 44 82 
3 44 14 63 
3 45 44 85 
3 65 64 67 
3 86 70 68 
3 68 70 15 
3 71 17 70 
3 32 34 87 
3 18 72 34 
3 51 33 88 
3 88 89 51 
3 51 89 90 
3 73 51 90 
3 90 91 73 
3 72 55 92 
3 75 73 91 
3 36 73 75 
3 76 92 55 
3 93 56 75 
3 93 57 56 
3 76 59 94 
3 57 93 77 
3 78 77 79 
3 94 59 95 
3 59 81 95 
3 95 81 62 
3 62 96 95 
3 96 97 95 
3 62 98 96 
3 97 96 98 
3 98 62 99 
3 62 100 99 
3 99 97 98 
3 101 102 103 
3 104 101 105 
3 101 103 105 
3 104 105 106 
3 107 105 103 
3 108 83 63 
3 84 108 63 
3 85 82 109 
3 109 110 85 
3 45 85 110 
3 110 111 45 
3 111 112 45 
3 113 114 115 
3 112 116 86 
3 86 45 112 
3 86 68 45 
3 115 117 113 
3 118 113 117 
3 119 118 117 
3 120 121 122 
3 116 70 86 
3 123 119 124 
3 125 126 127 
3 125 128 126 
3 122 128 129 
3 130 119 117 
3 130 124 119 
3 123 125 127 
3 125 131 128 
3 129 128 131 
3 120 122 129 
3 125 123 132 
3 69 87 67 
3 117 115 133 
3 123 124 132 
3 131 125 134 
3 134 135 131 
3 129 131 135 
3 136 71 70 
3 69 32 87 
3 134 125 132 
3 135 137 129 
3 120 129 137 
3 138 120 139 
3 33 71 140 
3 134 141 135 
3 137 142 120 
3 141 137 135 
3 142 139 120 
3 140 143 33 
3 144 87 34 
3 141 142 137 
3 139 145 138 
3 139 142 146 
3 141 146 142 
3 144 34 72 
3 141 134 147 
3 145 139 148 
3 88 33 143 
3 149 144 72 
3 147 146 141 
3 89 88 143 
3 150 90 89 
3 92 149 72 
3 150 151 90 
3 91 90 151 
3 151 75 91 
3 152 75 151 
3 152 153 75 
3 154 92 76 
3 76 94 154 
3 153 93 75 
3 155 77 93 
3 156 79 77 
3 79 156 157 
3 157 80 79 
3 158 62 80 
3 80 157 158 
3 95 97 94 
3 159 94 97 
3 159 160 161 
3 162 161 160 
3 160 159 97 
3 163 164 165 
3 160 97 166 
3 167 97 99 
3 162 160 166 
3 168 162 169 
3 169 163 168 
3 163 170 164 
3 170 163 171 
3 170 172 164 
3 173 172 174 
3 175 176 177 
3 174 175 177 
3 169 162 178 
3 169 179 163 
3 171 163 179 
3 171 172 170 
3 174 172 102 
3 176 175 180 
3 181 182 169 
3 179 169 182 
3 171 102 172 
3 174 180 175 
3 102 183 174 
3 180 174 184 
3 102 171 185 
3 179 185 171 
3 185 179 186 
3 102 101 183 
3 185 103 102 
3 184 101 104 
3 184 183 101 
3 185 186 187 
3 103 185 187 
3 187 186 188 
3 184 104 189 
3 189 104 106 
3 187 107 103 
3 107 187 190 
3 190 187 188 
3 106 105 191 
3 105 107 192 
3 192 107 190 
3 105 192 193 
3 193 191 105 
3 83 108 194 
3 109 82 83 
3 108 84 194 
3 84 43 194 
3 195 194 43 
3 196 110 109 
3 197 43 198 
3 199 111 110 
3 198 43 65 
3 200 112 111 
3 114 113 201 
3 202 113 118 
3 201 115 114 
3 203 119 123 
3 128 204 126 
3 121 128 122 
3 205 65 67 
3 126 204 127 
3 121 120 206 
3 116 136 70 
3 130 117 207 
3 67 87 205 
3 207 124 130 
3 124 207 208 
3 209 120 138 
3 115 210 133 
3 208 211 124 
3 211 212 124 
3 132 124 212 
3 136 213 71 
3 117 133 214 
3 213 215 140 
3 213 140 71 
3 215 143 140 
3 132 216 217 
3 217 216 218 
3 138 219 209 
3 218 134 217 
3 132 217 134 
3 145 148 219 
3 219 138 145 
3 134 220 147 
3 221 148 139 
3 139 146 221 
3 143 150 89 
3 146 222 223 
3 223 221 146 
3 220 224 147 
3 147 222 146 
3 149 92 225 
3 147 224 226 
3 226 222 147 
3 151 150 152 
3 227 225 92 
3 154 227 92 
3 155 93 153 
3 153 228 155 
3 94 229 154 
3 230 77 155 
3 156 77 230 
3 94 159 229 
3 231 232 233 
3 234 161 229 
3 159 234 229 
3 235 229 161 
3 161 234 159 
3 236 165 231 
3 232 231 165 
3 237 238 232 
3 232 165 164 
3 239 237 232 
3 240 241 242 
3 161 243 235 
3 236 235 243 
3 232 164 239 
3 158 244 62 
3 245 246 241 
3 244 100 62 
3 165 236 168 
3 168 163 165 
3 241 240 247 
3 241 247 177 
3 162 243 161 
3 243 168 236 
3 239 164 173 
3 247 240 173 
3 173 177 247 
3 99 100 167 
3 173 164 172 
3 97 167 166 
3 168 243 162 
3 248 162 166 
3 177 173 174 
3 176 245 177 
3 249 245 176 
3 169 178 181 
3 176 180 249 
3 180 250 249 
3 250 180 251 
3 184 174 183 
3 251 180 184 
3 182 252 253 
3 253 179 182 
3 184 189 251 
3 253 254 179 
3 179 254 186 
3 254 255 186 
3 188 186 255 
3 106 191 256 
3 257 190 188 
3 258 193 192 
3 258 191 193 
3 191 258 256 
3 259 258 192 
3 192 190 259 
3 83 260 261 
3 83 194 262 
3 195 262 194 
3 261 109 83 
3 195 197 263 
3 263 262 195 
3 197 195 43 
3 198 263 197 
3 199 110 196 
3 264 265 198 
3 200 111 199 
3 116 112 200 
3 65 264 198 
3 202 118 119 
3 266 267 204 
3 205 268 65 
3 264 65 268 
3 269 113 202 
3 119 203 202 
3 203 127 270 
3 127 204 270 
3 267 270 204 
3 204 128 266 
3 271 266 128 
3 121 271 128 
3 113 269 201 
3 123 127 203 
3 201 210 115 
3 120 272 206 
3 87 273 205 
3 209 272 120 
3 274 133 210 
3 212 211 208 
3 207 117 214 
3 212 216 132 
3 275 213 136 
3 275 215 213 
3 133 274 214 
3 215 275 143 
3 273 87 144 
3 209 276 277 
3 278 277 276 
3 273 144 279 
3 280 209 219 
3 219 148 280 
3 276 209 280 
3 280 281 276 
3 281 278 276 
3 281 280 148 
3 149 279 144 
3 218 220 134 
3 281 148 221 
3 282 279 149 
3 221 223 283 
3 222 283 223 
3 282 149 225 
3 222 284 283 
3 284 221 283 
3 285 220 218 
3 224 220 285 
3 284 222 286 
3 284 286 221 
3 227 282 225 
3 227 287 282 
3 226 288 222 
3 286 222 288 
3 287 227 154 
3 224 288 226 
3 154 229 287 
3 289 153 152 
3 224 285 290 
3 228 153 289 
3 289 291 228 
3 292 287 229 
3 293 224 290 
3 155 228 291 
3 294 295 290 
3 293 296 224 
3 288 224 296 
3 296 297 288 
3 155 291 230 
3 294 298 242 
3 290 299 293 
3 296 293 299 
3 300 292 229 
3 290 246 299 
3 299 297 296 
3 230 301 156 
3 300 235 302 
3 231 233 303 
3 304 305 238 
3 242 304 240 
3 295 294 242 
3 295 246 290 
3 297 299 246 
3 301 157 156 
3 236 231 306 
3 232 305 233 
3 238 305 232 
3 238 240 304 
3 229 235 300 
3 236 302 235 
3 242 307 295 
3 307 246 295 
3 157 301 308 
3 307 242 241 
3 241 246 307 
3 308 158 157 
3 238 237 239 
3 240 238 239 
3 239 173 240 
3 297 246 309 
3 244 158 308 
3 309 246 245 
3 245 241 177 
3 310 100 244 
3 167 100 310 
3 167 310 311 
3 167 311 312 
3 167 312 313 
3 167 313 166 
3 249 309 245 
3 313 248 166 
3 314 309 249 
3 162 248 178 
3 178 248 315 
3 314 249 250 
3 316 181 178 
3 316 317 181 
3 317 318 181 
3 182 181 318 
3 182 318 252 
3 251 319 250 
3 320 318 317 
3 252 318 320 
3 253 252 320 
3 320 254 253 
3 255 254 320 
3 255 321 188 
3 321 322 188 
3 322 323 188 
3 324 189 106 
3 106 325 324 
3 188 323 257 
3 325 106 256 
3 326 325 256 
3 190 257 327 
3 258 326 256 
3 258 328 326 
3 329 258 259 
3 258 329 328 
3 262 330 260 
3 331 261 260 
3 260 330 331 
3 262 260 83 
3 109 331 332 
3 331 109 261 
3 109 332 333 
3 333 196 109 
3 265 263 198 
3 333 199 196 
3 334 265 264 
3 199 333 335 
3 335 200 199 
3 336 202 337 
3 264 338 334 
3 201 339 340 
3 340 341 201 
3 202 342 337 
3 341 334 338 
3 336 339 269 
3 269 202 336 
3 267 266 343 
3 338 201 341 
3 201 269 339 
3 342 202 203 
3 270 342 203 
3 116 200 344 
3 200 335 344 
3 271 121 345 
3 206 345 121 
3 268 338 264 
3 338 268 346 
3 338 210 201 
3 268 205 347 
3 346 210 338 
3 208 207 212 
3 209 348 349 
3 349 272 209 
3 275 116 350 
3 116 275 136 
3 347 205 273 
3 347 351 268 
3 346 268 351 
3 209 352 348 
3 352 353 348 
3 214 354 207 
3 212 207 354 
3 351 347 279 
3 354 355 212 
3 347 273 279 
3 210 346 356 
3 355 218 212 
3 218 216 212 
3 351 279 357 
3 346 351 358 
3 359 274 210 
3 358 351 357 
3 358 356 346 
3 356 359 210 
3 274 360 214 
3 354 214 360 
3 277 278 361 
3 278 281 361 
3 362 355 354 
3 274 359 363 
3 363 360 274 
3 360 362 354 
3 363 364 360 
3 362 360 364 
3 365 357 279 
3 358 366 356 
3 359 356 366 
3 362 218 355 
3 366 363 359 
3 367 150 143 
3 357 366 358 
3 364 368 362 
3 369 281 221 
3 365 279 282 
3 365 370 357 
3 371 363 366 
3 370 372 357 
3 366 357 372 
3 371 373 363 
3 373 374 363 
3 363 374 364 
3 374 368 364 
3 218 362 375 
3 375 376 218 
3 365 282 287 
3 372 371 366 
3 362 368 375 
3 376 285 218 
3 221 286 377 
3 371 378 373 
3 374 373 378 
3 375 379 376 
3 370 365 287 
3 370 380 372 
3 374 378 303 
3 368 379 375 
3 371 303 378 
3 379 368 298 
3 372 380 381 
3 371 372 381 
3 381 303 371 
3 374 303 305 
3 368 374 305 
3 305 382 368 
3 298 368 382 
3 376 379 298 
3 286 288 383 
3 152 150 384 
3 370 302 380 
3 370 287 302 
3 381 380 302 
3 298 294 376 
3 294 290 376 
3 376 290 285 
3 383 288 385 
3 152 384 289 
3 302 306 381 
3 302 287 292 
3 306 303 381 
3 382 305 304 
3 298 382 304 
3 385 288 386 
3 305 303 233 
3 304 242 298 
3 288 297 386 
3 291 387 230 
3 306 231 303 
3 300 302 292 
3 302 236 306 
3 308 388 244 
3 310 244 388 
3 388 389 310 
3 297 309 390 
3 386 297 390 
3 310 391 311 
3 309 314 390 
3 311 391 312 
3 312 391 392 
3 392 313 312 
3 248 313 392 
3 248 392 393 
3 393 394 248 
3 315 248 394 
3 314 250 395 
3 316 178 315 
3 316 396 317 
3 317 396 320 
3 251 189 319 
3 319 189 397 
3 189 324 397 
3 320 321 255 
3 322 321 398 
3 398 399 322 
3 323 322 399 
3 323 399 257 
3 327 257 399 
3 400 190 327 
3 400 259 190 
3 400 329 259 
3 401 331 330 
3 402 262 263 
3 263 265 402 
3 332 331 401 
3 403 404 405 
3 265 334 403 
3 404 403 334 
3 340 406 404 
3 337 407 336 
3 341 340 404 
3 337 342 408 
3 334 341 404 
3 339 336 340 
3 343 408 270 
3 342 270 408 
3 343 270 267 
3 266 271 343 
3 345 343 271 
3 409 345 206 
3 206 272 410 
3 410 409 206 
3 272 411 410 
3 412 411 272 
3 349 412 272 
3 116 344 350 
3 348 413 412 
3 348 412 349 
3 353 413 348 
3 413 352 277 
3 352 413 353 
3 352 209 277 
3 414 275 350 
3 143 275 414 
3 414 367 143 
3 369 361 281 
3 415 150 367 
3 416 221 377 
3 416 417 369 
3 369 221 416 
3 150 415 418 
3 377 419 416 
3 418 384 150 
3 286 383 377 
3 420 377 383 
3 420 421 377 
3 383 385 420 
3 384 422 289 
3 420 385 423 
3 289 422 424 
3 289 424 387 
3 387 291 289 
3 425 385 386 
3 230 387 426 
3 301 230 426 
3 426 427 301 
3 301 427 428 
3 428 308 301 
3 308 428 429 
3 308 429 430 
3 430 388 308 
3 388 430 389 
3 390 431 386 
3 391 310 389 
3 392 391 432 
3 433 390 314 
3 392 432 393 
3 434 433 314 
3 434 314 395 
3 395 250 319 
3 315 435 316 
3 436 316 435 
3 316 436 396 
3 437 397 324 
3 324 438 437 
3 439 320 440 
3 320 439 321 
3 441 438 324 
3 440 442 439 
3 321 439 442 
3 442 398 321 
3 441 324 325 
3 398 442 399 
3 325 443 441 
3 327 399 444 
3 327 444 445 
3 326 443 325 
3 400 327 445 
3 328 446 326 
3 402 330 262 
3 447 448 405 
3 402 265 449 
3 265 403 449 
3 448 449 403 
3 405 448 403 
3 401 450 332 
3 450 333 332 
3 405 404 451 
3 452 451 406 
3 407 453 336 
3 450 335 333 
3 406 451 404 
3 336 453 452 
3 340 336 452 
3 452 406 340 
3 345 409 454 
3 409 410 455 
3 455 410 411 
3 455 411 412 
3 456 455 412 
3 412 413 456 
3 457 344 458 
3 457 350 344 
3 413 459 456 
3 350 457 460 
3 277 459 413 
3 361 459 277 
3 414 350 461 
3 462 461 350 
3 367 461 462 
3 367 414 461 
3 367 462 463 
3 367 463 415 
3 464 361 369 
3 419 417 416 
3 465 419 377 
3 418 422 384 
3 421 420 423 
3 465 377 421 
3 421 423 465 
3 423 385 425 
3 423 425 466 
3 424 467 387 
3 467 426 387 
3 467 468 426 
3 427 426 468 
3 427 469 428 
3 386 431 425 
3 428 469 429 
3 389 430 470 
3 389 470 471 
3 472 431 390 
3 471 391 389 
3 391 471 473 
3 472 390 474 
3 474 390 433 
3 391 473 432 
3 393 432 475 
3 475 394 393 
3 395 476 434 
3 476 395 477 
3 394 475 435 
3 435 315 394 
3 477 395 319 
3 478 477 319 
3 479 436 435 
3 319 397 478 
3 396 436 320 
3 479 480 436 
3 480 320 436 
3 478 397 481 
3 440 320 480 
3 397 437 481 
3 482 440 480 
3 437 438 481 
3 438 441 481 
3 483 481 441 
3 441 443 483 
3 444 399 442 
3 444 484 445 
3 443 326 485 
3 486 485 326 
3 329 400 445 
3 326 446 486 
3 329 445 487 
3 487 488 329 
3 328 329 488 
3 488 489 328 
3 446 328 489 
3 490 491 402 
3 402 449 490 
3 330 402 491 
3 492 405 451 
3 493 452 453 
3 453 407 493 
3 407 494 493 
3 494 407 337 
3 494 337 408 
3 408 343 495 
3 496 495 343 
3 497 496 343 
3 497 343 345 
3 345 498 497 
3 345 499 498 
3 345 454 499 
3 409 500 454 
3 409 455 500 
3 335 458 344 
3 458 335 501 
3 502 500 455 
3 455 456 502 
3 457 458 503 
3 503 504 460 
3 460 457 503 
3 350 460 504 
3 361 505 459 
3 462 350 504 
3 504 463 462 
3 506 415 463 
3 369 417 507 
3 507 464 369 
3 507 417 419 
3 508 418 415 
3 419 465 509 
3 510 422 418 
3 510 418 508 
3 465 423 509 
3 510 508 467 
3 509 423 466 
3 422 510 424 
3 467 424 510 
3 511 466 425 
3 468 512 469 
3 427 468 469 
3 431 511 425 
3 430 429 513 
3 513 470 430 
3 471 470 513 
3 471 513 473 
3 432 473 514 
3 515 474 433 
3 514 516 432 
3 517 515 433 
3 433 434 517 
3 432 516 475 
3 434 476 517 
3 518 517 476 
3 476 477 518 
3 475 519 435 
3 435 519 520 
3 477 478 521 
3 520 479 435 
3 520 522 479 
3 481 521 478 
3 482 480 479 
3 523 442 440 
3 523 444 442 
3 523 484 444 
3 483 443 524 
3 443 485 524 
3 525 524 485 
3 485 486 525 
3 526 486 446 
3 446 489 526 
3 527 528 490 
3 529 527 490 
3 491 490 528 
3 529 530 531 
3 529 490 449 
3 449 448 530 
3 530 529 449 
3 531 530 448 
3 447 531 448 
3 401 330 532 
3 532 330 491 
3 492 447 405 
3 533 492 452 
3 533 452 534 
3 452 493 534 
3 452 492 451 
3 493 535 534 
3 493 494 535 
3 494 408 536 
3 537 450 401 
3 537 401 532 
3 537 538 450 
3 539 408 495 
3 495 496 540 
3 538 335 450 
3 538 541 335 
3 540 496 497 
3 540 497 498 
3 542 498 499 
3 499 454 542 
3 501 335 541 
3 500 543 454 
3 502 543 500 
3 544 502 456 
3 458 545 546 
3 459 547 544 
3 544 456 459 
3 548 503 458 
3 546 548 458 
3 504 503 548 
3 505 547 459 
3 504 548 549 
3 504 549 506 
3 506 463 504 
3 361 550 505 
3 551 550 361 
3 551 361 464 
3 464 552 551 
3 553 415 506 
3 507 552 464 
3 507 554 552 
3 553 508 415 
3 419 554 507 
3 555 554 419 
3 556 508 553 
3 419 509 557 
3 508 556 558 
3 557 509 559 
3 560 467 508 
3 509 466 559 
3 467 561 468 
3 512 468 561 
3 562 563 561 
3 563 512 561 
3 469 512 564 
3 512 563 564 
3 564 429 469 
3 564 565 429 
3 565 566 429 
3 566 513 429 
3 473 513 566 
3 567 568 431 
3 569 567 431 
3 431 472 569 
3 472 474 569 
3 566 570 473 
3 473 570 514 
3 515 569 474 
3 516 514 571 
3 517 518 572 
3 475 516 573 
3 574 572 518 
3 573 519 475 
3 518 477 574 
3 477 521 574 
3 522 575 479 
3 575 482 479 
3 481 576 521 
3 482 575 577 
3 481 578 576 
3 577 440 482 
3 440 577 523 
3 578 481 483 
3 483 524 579 
3 445 484 580 
3 445 580 581 
3 579 524 582 
3 486 526 583 
3 525 486 583 
3 524 525 582 
3 581 487 445 
3 487 581 488 
3 584 526 488 
3 526 584 583 
3 489 488 526 
3 585 586 531 
3 531 447 585 
3 491 528 587 
3 528 527 587 
3 588 527 529 
3 531 588 529 
3 447 492 585 
3 533 585 492 
3 589 532 491 
3 491 587 589 
3 536 535 494 
3 590 536 408 
3 590 408 539 
3 539 591 590 
3 532 592 537 
3 591 539 495 
3 591 495 540 
3 592 538 537 
3 592 541 538 
3 498 593 540 
3 542 593 498 
3 454 594 542 
3 594 454 595 
3 454 543 595 
3 596 595 543 
3 501 541 597 
3 596 543 502 
3 502 598 596 
3 545 501 597 
3 597 599 545 
3 545 458 501 
3 600 502 544 
3 545 549 546 
3 548 546 549 
3 601 547 505 
3 505 602 601 
3 550 602 505 
3 550 551 603 
3 603 551 552 
3 419 557 555 
3 558 556 604 
3 508 558 560 
3 604 560 558 
3 559 555 557 
3 604 467 560 
3 466 605 559 
3 511 606 605 
3 466 511 605 
3 467 562 561 
3 467 607 562 
3 563 562 607 
3 606 511 608 
3 431 608 511 
3 608 431 568 
3 609 566 565 
3 515 610 569 
3 514 570 571 
3 611 610 515 
3 515 517 611 
3 612 516 571 
3 573 516 612 
3 572 611 517 
3 572 613 611 
3 613 572 574 
3 614 519 573 
3 613 574 615 
3 574 521 615 
3 614 520 519 
3 522 520 614 
3 575 522 616 
3 521 617 615 
3 575 616 577 
3 521 576 617 
3 578 618 576 
3 578 619 618 
3 619 578 620 
3 578 483 620 
3 579 621 620 
3 620 483 579 
3 621 579 582 
3 525 583 582 
3 584 488 581 
3 622 527 588 
3 527 622 587 
3 535 536 623 
3 536 590 623 
3 591 623 590 
3 532 624 592 
3 591 540 625 
3 625 540 593 
3 542 626 593 
3 627 542 594 
3 628 594 595 
3 595 596 598 
3 598 628 595 
3 629 598 502 
3 502 630 629 
3 502 600 630 
3 631 630 600 
3 600 544 632 
3 632 631 600 
3 599 549 545 
3 632 544 547 
3 633 632 547 
3 547 601 633 
3 601 634 633 
3 601 635 634 
3 601 602 635 
3 602 550 603 
3 636 506 549 
3 637 602 603 
3 637 603 552 
3 638 553 506 
3 552 639 637 
3 639 552 554 
3 556 553 638 
3 640 639 554 
3 638 641 556 
3 554 555 640 
3 559 642 555 
3 559 605 643 
3 643 642 559 
3 644 467 604 
3 607 467 644 
3 606 643 605 
3 607 644 645 
3 645 563 607 
3 564 563 645 
3 645 646 564 
3 565 564 647 
3 565 647 609 
3 608 568 648 
3 649 566 609 
3 567 648 568 
3 570 566 650 
3 567 569 610 
3 650 571 570 
3 610 611 651 
3 650 652 571 
3 652 612 571 
3 612 652 653 
3 653 573 612 
3 573 654 655 
3 655 614 573 
3 655 522 614 
3 522 655 656 
3 656 616 522 
3 616 656 657 
3 657 577 616 
3 577 657 658 
3 659 617 576 
3 659 660 617 
3 618 659 576 
3 661 523 577 
3 484 523 662 
3 484 662 580 
3 663 619 621 
3 620 621 619 
3 621 582 664 
3 664 663 621 
3 581 580 665 
3 581 665 666 
3 666 584 581 
3 583 584 666 
3 583 664 582 
3 667 586 668 
3 669 622 588 
3 588 531 667 
3 586 667 531 
3 585 670 668 
3 668 586 585 
3 585 671 670 
3 672 671 585 
3 673 587 622 
3 622 669 673 
3 585 533 672 
3 674 672 533 
3 587 673 675 
3 533 676 674 
3 675 589 587 
3 533 534 676 
3 677 675 678 
3 677 589 675 
3 532 589 679 
3 679 678 532 
3 679 677 678 
3 677 679 589 
3 676 534 535 
3 535 623 680 
3 532 678 624 
3 681 623 591 
3 592 624 682 
3 682 683 592 
3 625 593 684 
3 593 626 684 
3 542 627 626 
3 541 592 683 
3 627 594 628 
3 597 541 685 
3 685 541 683 
3 628 598 629 
3 630 628 629 
3 597 685 599 
3 628 630 686 
3 686 630 632 
3 631 632 630 
3 549 599 687 
3 633 688 632 
3 688 633 689 
3 634 689 633 
3 689 635 688 
3 689 634 635 
3 635 637 690 
3 637 635 602 
3 506 636 638 
3 638 636 691 
3 639 692 637 
3 691 641 638 
3 692 639 640 
3 555 692 640 
3 641 604 556 
3 555 642 693 
3 642 643 694 
3 694 693 642 
3 604 641 695 
3 604 695 644 
3 696 643 606 
3 697 696 606 
3 606 608 697 
3 646 698 564 
3 647 564 698 
3 608 648 699 
3 699 697 608 
3 649 609 647 
3 700 566 649 
3 701 648 567 
3 700 650 566 
3 567 610 651 
3 651 701 567 
3 611 702 651 
3 611 613 702 
3 573 653 654 
3 613 703 702 
3 613 704 703 
3 613 615 704 
3 705 703 704 
3 706 655 654 
3 655 706 656 
3 704 615 705 
3 660 615 617 
3 577 658 661 
3 618 660 659 
3 523 661 662 
3 618 619 660 
3 580 707 665 
3 580 662 707 
3 708 660 619 
3 619 663 708 
3 663 664 708 
3 709 710 664 
3 664 583 709 
3 583 666 709 
3 711 669 588 
3 588 712 711 
3 712 588 667 
3 712 667 668 
3 669 711 673 
3 670 713 668 
3 670 671 713 
3 671 672 714 
3 672 674 714 
3 673 715 678 
3 678 675 673 
3 676 535 716 
3 680 716 535 
3 623 717 680 
3 717 623 681 
3 678 682 624 
3 681 591 718 
3 625 718 591 
3 684 718 625 
3 628 719 627 
3 683 720 685 
3 686 721 628 
3 599 685 722 
3 720 723 722 
3 722 685 720 
3 628 721 724 
3 724 721 632 
3 721 686 632 
3 687 599 722 
3 723 687 722 
3 725 724 632 
3 687 723 726 
3 725 632 727 
3 632 728 727 
3 688 728 632 
3 636 549 687 
3 635 690 688 
3 690 637 692 
3 729 692 555 
3 729 555 730 
3 693 730 555 
3 731 693 694 
3 643 732 731 
3 694 643 731 
3 696 732 643 
3 695 645 644 
3 645 695 733 
3 733 646 645 
3 733 734 646 
3 698 646 734 
3 734 647 698 
3 734 735 647 
3 736 649 647 
3 647 735 736 
3 648 701 699 
3 700 736 737 
3 737 650 700 
3 652 650 737 
3 737 738 652 
3 653 652 739 
3 653 740 654 
3 705 741 703 
3 742 706 654 
3 706 742 743 
3 744 656 706 
3 660 705 615 
3 660 741 705 
3 661 658 745 
3 745 662 661 
3 662 745 746 
3 746 665 707 
3 707 662 746 
3 660 708 747 
3 665 748 666 
3 749 709 666 
3 710 709 749 
3 708 664 710 
3 710 749 708 
3 750 711 712 
3 712 751 750 
3 712 752 751 
3 712 753 752 
3 753 712 668 
3 753 668 713 
3 673 711 750 
3 671 754 713 
3 754 671 714 
3 674 755 714 
3 755 674 676 
3 676 756 755 
3 757 715 673 
3 757 673 758 
3 759 676 716 
3 757 760 715 
3 678 715 760 
3 760 682 678 
3 717 681 718 
3 718 684 761 
3 761 684 762 
3 684 626 762 
3 763 762 626 
3 763 626 627 
3 764 682 765 
3 682 764 683 
3 683 764 720 
3 720 764 765 
3 628 766 719 
3 726 723 720 
3 724 767 766 
3 766 628 724 
3 767 724 768 
3 724 725 768 
3 727 768 725 
3 769 728 688 
3 770 636 687 
3 771 769 688 
3 688 690 771 
3 772 690 692 
3 773 691 636 
3 692 729 774 
3 775 641 691 
3 776 774 729 
3 641 775 777 
3 729 778 776 
3 730 778 729 
3 693 779 778 
3 730 693 778 
3 641 777 695 
3 693 731 779 
3 731 732 779 
3 732 696 780 
3 696 697 780 
3 734 733 781 
3 735 734 781 
3 780 697 699 
3 782 699 783 
3 701 783 699 
3 736 700 649 
3 738 737 736 
3 651 784 783 
3 701 651 783 
3 785 784 651 
3 739 652 738 
3 785 651 702 
3 739 740 653 
3 786 785 702 
3 654 740 787 
3 786 702 703 
3 654 787 742 
3 742 787 788 
3 744 743 788 
3 742 788 743 
3 744 788 789 
3 786 703 741 
3 744 706 743 
3 790 744 789 
3 789 791 790 
3 790 656 744 
3 656 790 791 
3 657 656 791 
3 791 658 657 
3 741 660 792 
3 660 793 792 
3 746 745 794 
3 795 665 746 
3 793 660 747 
3 796 748 665 
3 708 749 747 
3 666 748 749 
3 751 752 750 
3 797 753 713 
3 797 713 754 
3 714 755 754 
3 756 676 759 
3 716 798 759 
3 716 680 798 
3 760 757 758 
3 717 718 799 
3 799 718 761 
3 761 762 800 
3 762 763 801 
3 802 801 763 
3 763 627 802 
3 627 803 802 
3 719 803 627 
3 765 682 804 
3 805 803 719 
3 765 804 806 
3 806 720 765 
3 807 805 719 
3 719 766 807 
3 766 767 807 
3 806 726 720 
3 808 809 767 
3 768 808 767 
3 727 808 768 
3 806 687 726 
3 809 808 727 
3 806 770 687 
3 769 809 728 
3 809 727 728 
3 690 772 771 
3 773 636 770 
3 775 691 773 
3 810 772 692 
3 810 692 774 
3 774 776 810 
3 811 778 779 
3 695 777 812 
3 779 732 813 
3 732 780 813 
3 812 733 695 
3 812 781 733 
3 781 814 735 
3 815 780 699 
3 816 736 735 
3 735 814 816 
3 815 699 782 
3 783 784 782 
3 784 785 782 
3 817 785 786 
3 788 787 789 
3 786 818 817 
3 786 741 818 
3 658 791 819 
3 818 741 820 
3 741 792 820 
3 821 745 658 
3 821 794 745 
3 793 820 792 
3 747 822 820 
3 820 793 747 
3 795 746 794 
3 747 823 822 
3 796 665 795 
3 749 823 747 
3 823 749 748 
3 753 824 825 
3 825 752 753 
3 826 750 752 
3 824 753 797 
3 826 827 750 
3 754 828 797 
3 827 758 673 
3 827 673 750 
3 828 754 755 
3 756 829 755 
3 759 830 756 
3 759 798 830 
3 680 831 798 
3 831 680 717 
3 831 717 799 
3 832 760 758 
3 761 833 799 
3 832 834 682 
3 682 760 832 
3 833 761 800 
3 762 801 800 
3 835 682 834 
3 801 836 800 
3 801 802 836 
3 803 836 802 
3 682 835 804 
3 804 835 837 
3 837 838 804 
3 806 804 839 
3 839 804 838 
3 806 839 838 
3 840 807 809 
3 767 809 807 
3 769 841 809 
3 806 842 770 
3 769 771 841 
3 771 843 841 
3 843 771 844 
3 771 772 844 
3 773 770 845 
3 844 772 811 
3 773 845 775 
3 772 810 811 
3 776 811 810 
3 846 777 775 
3 775 847 846 
3 776 778 811 
3 777 846 848 
3 849 779 813 
3 813 850 849 
3 812 777 848 
3 780 850 813 
3 851 781 812 
3 781 852 814 
3 816 814 852 
3 736 816 853 
3 738 736 854 
3 736 853 854 
3 855 782 856 
3 782 785 856 
3 857 739 738 
3 739 857 740 
3 785 817 858 
3 787 740 859 
3 789 787 859 
3 789 859 860 
3 861 789 860 
3 789 861 862 
3 791 789 863 
3 789 862 863 
3 791 863 864 
3 791 864 819 
3 865 658 819 
3 865 821 658 
3 866 820 822 
3 867 796 794 
3 795 794 796 
3 823 748 796 
3 825 868 752 
3 868 826 752 
3 869 825 824 
3 824 797 869 
3 826 868 870 
3 870 827 826 
3 827 870 758 
3 755 871 828 
3 755 829 871 
3 756 872 829 
3 872 756 830 
3 873 830 798 
3 873 798 831 
3 799 874 831 
3 832 758 875 
3 799 833 876 
3 875 834 832 
3 877 833 800 
3 878 800 836 
3 835 834 837 
3 836 879 878 
3 803 879 836 
3 880 803 805 
3 881 882 880 
3 805 881 880 
3 882 881 840 
3 881 805 807 
3 807 840 881 
3 883 806 838 
3 840 884 882 
3 884 840 809 
3 883 842 806 
3 842 883 885 
3 770 842 885 
3 770 885 886 
3 845 770 886 
3 887 845 886 
3 887 775 845 
3 811 888 844 
3 775 887 847 
3 889 846 847 
3 847 887 889 
3 779 849 811 
3 890 849 850 
3 812 848 851 
3 851 852 781 
3 815 891 780 
3 815 892 891 
3 816 893 894 
3 895 892 815 
3 815 782 895 
3 816 894 853 
3 855 895 782 
3 856 858 896 
3 856 896 855 
3 858 856 785 
3 817 897 898 
3 898 858 817 
3 860 859 899 
3 900 817 818 
3 861 860 899 
3 901 900 818 
3 899 862 861 
3 899 863 862 
3 864 863 899 
3 864 899 902 
3 819 864 902 
3 819 902 903 
3 901 818 904 
3 865 819 903 
3 818 820 904 
3 866 904 820 
3 821 905 906 
3 866 822 907 
3 907 908 866 
3 906 794 821 
3 794 909 867 
3 907 823 910 
3 823 907 822 
3 823 867 910 
3 796 867 823 
3 868 825 911 
3 825 912 911 
3 825 869 912 
3 797 913 869 
3 869 913 912 
3 914 828 871 
3 914 871 829 
3 870 915 758 
3 873 872 830 
3 873 831 916 
3 916 831 874 
3 874 799 876 
3 758 917 875 
3 877 876 833 
3 877 800 918 
3 800 878 918 
3 834 875 837 
3 803 919 879 
3 880 919 803 
3 882 919 880 
3 838 920 883 
3 921 920 838 
3 809 922 884 
3 809 923 922 
3 841 923 809 
3 883 920 885 
3 923 841 843 
3 843 924 923 
3 925 924 843 
3 844 925 843 
3 926 887 886 
3 844 888 927 
3 888 928 927 
3 928 888 811 
3 926 929 887 
3 929 889 887 
3 929 846 889 
3 849 930 928 
3 928 811 849 
3 929 848 846 
3 890 850 931 
3 780 931 850 
3 932 933 931 
3 780 932 931 
3 848 934 851 
3 932 935 933 
3 935 932 891 
3 780 891 932 
3 852 851 934 
3 852 934 893 
3 891 936 935 
3 893 816 852 
3 936 891 892 
3 892 895 936 
3 937 894 893 
3 855 938 936 
3 936 895 855 
3 853 894 939 
3 939 854 853 
3 939 940 857 
3 857 854 939 
3 855 941 938 
3 738 854 857 
3 855 896 941 
3 896 858 942 
3 858 898 942 
3 859 740 857 
3 898 897 942 
3 897 817 943 
3 817 900 943 
3 859 944 899 
3 943 900 901 
3 945 902 899 
3 903 902 946 
3 946 865 903 
3 865 946 947 
3 947 948 865 
3 949 901 908 
3 901 904 866 
3 866 908 901 
3 821 865 948 
3 949 908 950 
3 821 948 905 
3 950 908 907 
3 906 905 951 
3 951 794 906 
3 909 951 952 
3 909 952 867 
3 951 909 794 
3 912 953 911 
3 870 868 954 
3 828 955 797 
3 955 828 914 
3 914 872 955 
3 954 915 870 
3 872 914 829 
3 954 956 915 
3 872 873 957 
3 958 959 915 
3 915 956 958 
3 915 959 960 
3 874 961 916 
3 915 917 758 
3 915 960 917 
3 961 874 876 
3 876 962 961 
3 876 877 962 
3 918 963 877 
3 918 878 963 
3 964 963 878 
3 878 879 964 
3 964 879 919 
3 837 875 965 
3 875 966 965 
3 838 837 967 
3 965 967 837 
3 838 967 968 
3 967 965 968 
3 968 921 838 
3 882 969 919 
3 969 882 884 
3 921 968 970 
3 921 971 920 
3 921 970 971 
3 922 972 884 
3 922 923 973 
3 885 920 974 
3 974 886 885 
3 975 924 976 
3 976 924 977 
3 925 977 924 
3 844 977 925 
3 976 977 844 
3 976 844 978 
3 927 978 844 
3 928 930 979 
3 849 890 930 
3 929 934 848 
3 933 935 980 
3 980 931 933 
3 893 934 937 
3 936 980 935 
3 939 894 940 
3 937 940 894 
3 981 857 940 
3 857 981 982 
3 983 941 896 
3 896 942 983 
3 982 984 857 
3 984 859 857 
3 944 859 984 
3 983 942 943 
3 942 897 943 
3 944 945 899 
3 985 902 945 
3 985 946 902 
3 949 986 901 
3 987 947 946 
3 947 987 988 
3 948 947 988 
3 988 905 948 
3 989 951 905 
3 990 991 992 
3 993 992 949 
3 949 950 993 
3 994 952 995 
3 996 907 994 
3 994 995 996 
3 907 996 990 
3 907 990 992 
3 907 992 993 
3 950 907 993 
3 952 994 867 
3 994 910 867 
3 910 994 907 
3 953 868 911 
3 953 912 913 
3 797 955 913 
3 954 868 997 
3 998 956 954 
3 954 997 998 
3 872 999 955 
3 872 1000 999 
3 957 1001 872 
3 998 959 958 
3 998 958 956 
3 916 957 873 
3 960 959 998 
3 1002 916 961 
3 960 998 1003 
3 1003 917 960 
3 917 1003 1004 
3 1005 875 917 
3 1005 917 1004 
3 1006 962 877 
3 1005 966 875 
3 1005 1004 966 
3 1006 877 963 
3 966 968 965 
3 970 968 1007 
3 1007 971 970 
3 972 969 884 
3 1008 920 971 
3 1008 971 1007 
3 922 973 972 
3 974 920 1008 
3 923 924 973 
3 973 924 975 
3 974 926 886 
3 978 975 976 
3 974 1009 926 
3 927 975 978 
3 1010 1011 927 
3 1010 927 928 
3 1009 929 926 
3 979 930 1012 
3 929 1009 1013 
3 930 890 1012 
3 931 1012 890 
3 1013 934 929 
3 980 1014 931 
3 1015 937 934 
3 1016 980 936 
3 940 937 1015 
3 938 1016 936 
3 938 941 1017 
3 941 1018 1017 
3 941 983 1018 
3 1018 983 1019 
3 983 943 1019 
3 945 944 1020 
3 986 1019 943 
3 943 901 986 
3 1020 1021 945 
3 1021 985 945 
3 1021 987 985 
3 987 946 985 
3 986 949 1022 
3 989 988 987 
3 992 991 949 
3 989 905 988 
3 995 991 996 
3 990 996 991 
3 953 913 955 
3 997 868 953 
3 1023 955 999 
3 1023 999 1000 
3 872 1001 1000 
3 957 916 1024 
3 1002 1024 916 
3 1002 961 1025 
3 998 1004 1003 
3 1026 1025 961 
3 998 1027 1004 
3 961 962 1026 
3 1028 962 1006 
3 1029 1028 1006 
3 1006 963 1029 
3 964 1029 963 
3 1030 964 919 
3 1030 919 1031 
3 919 969 1031 
3 1032 1031 969 
3 968 1033 1007 
3 969 1034 1032 
3 969 972 1034 
3 972 1035 1034 
3 972 973 1035 
3 1036 1008 1007 
3 1036 974 1008 
3 1036 1007 974 
3 974 1007 1037 
3 973 975 1038 
3 927 1011 975 
3 1039 1040 1041 
3 1041 1010 1039 
3 928 1039 1010 
3 1040 1039 928 
3 928 979 1040 
3 979 1012 1040 
3 1012 1042 1040 
3 1042 1012 931 
3 1013 1009 1043 
3 1013 1043 1044 
3 1013 1015 934 
3 1015 1013 1044 
3 1014 1042 931 
3 1045 940 1015 
3 1015 1046 1045 
3 1016 938 1017 
3 981 940 1045 
3 1018 1047 1017 
3 984 982 1048 
3 984 1048 1049 
3 1049 944 984 
3 1049 1020 944 
3 1019 986 1050 
3 1051 1021 1020 
3 986 1022 1050 
3 1021 1052 987 
3 991 1053 1022 
3 1053 991 995 
3 1022 949 991 
3 1054 1055 951 
3 951 989 1054 
3 953 955 1056 
3 997 953 1057 
3 955 1058 1056 
3 1023 1058 955 
3 1059 997 1057 
3 1023 1000 1060 
3 1060 1000 1001 
3 1061 998 997 
3 1061 997 1059 
3 1062 1061 1059 
3 1059 1057 1062 
3 1063 1001 957 
3 957 1024 1064 
3 1064 1063 957 
3 1024 1065 1064 
3 998 1061 1027 
3 1062 1027 1061 
3 1024 1002 1065 
3 1065 1002 1025 
3 1025 1066 1065 
3 1025 1026 1066 
3 1067 1027 1068 
3 1027 1067 1004 
3 1026 1069 1066 
3 1026 962 1069 
3 1070 1069 962 
3 1071 1004 1067 
3 962 1028 1070 
3 1028 1029 1070 
3 966 1071 1072 
3 1071 966 1004 
3 1073 1029 964 
3 964 1030 1073 
3 1074 1073 1030 
3 1030 1031 1074 
3 966 1075 1033 
3 1074 1031 1032 
3 1033 968 966 
3 1076 1007 1033 
3 1076 1077 1007 
3 1035 1078 1034 
3 1037 1007 1077 
3 1077 1079 1037 
3 1035 1038 1078 
3 1035 973 1038 
3 1037 1080 974 
3 1080 1081 974 
3 975 1011 1038 
3 1081 1009 974 
3 1011 1010 1041 
3 1081 1043 1009 
3 1041 1082 1083 
3 1082 1041 1040 
3 1040 1084 1082 
3 1040 1042 1084 
3 1085 1044 1043 
3 1042 1014 1086 
3 1015 1044 1085 
3 1087 1015 1085 
3 1014 1088 1086 
3 1014 980 1088 
3 1016 1088 980 
3 1015 1087 1046 
3 1089 1016 1017 
3 1046 981 1045 
3 1046 1090 981 
3 1091 981 1090 
3 1089 1017 1047 
3 982 1092 1048 
3 1020 1048 1092 
3 1019 1050 1018 
3 1049 1048 1020 
3 1052 1021 1051 
3 1050 1022 1053 
3 989 987 1093 
3 1094 1093 1055 
3 989 1093 1094 
3 1094 1054 989 
3 1094 1055 1054 
3 952 951 1055 
3 1056 1095 953 
3 1023 1096 1097 
3 1096 1023 1060 
3 1096 1060 1001 
3 1001 1063 1096 
3 1098 1062 1057 
3 1063 1064 1065 
3 1066 1099 1065 
3 1027 1062 1068 
3 1069 1099 1066 
3 1067 1068 1071 
3 1070 1100 1069 
3 1073 1070 1029 
3 1073 1100 1070 
3 1072 1071 1101 
3 966 1072 1102 
3 1075 966 1102 
3 1103 1033 1075 
3 1075 1104 1103 
3 1105 1104 1075 
3 1106 1074 1032 
3 1076 1033 1103 
3 1103 1107 1076 
3 1103 1104 1107 
3 1108 1106 1032 
3 1032 1034 1108 
3 1034 1078 1108 
3 1076 1107 1077 
3 1037 1079 1109 
3 1109 1080 1037 
3 1079 1077 1109 
3 1080 1109 1081 
3 1038 1011 1110 
3 1083 1110 1011 
3 1083 1011 1041 
3 1081 1111 1043 
3 1042 1112 1084 
3 1112 1042 1086 
3 1086 1113 1112 
3 1114 1086 1088 
3 1088 1016 1115 
3 1115 1114 1088 
3 1116 1115 1016 
3 1090 1046 1087 
3 1016 1089 1117 
3 1117 1116 1016 
3 1118 1117 1089 
3 1089 1047 1118 
3 1091 982 981 
3 1119 1118 1047 
3 1047 1018 1119 
3 982 1120 1092 
3 1050 1121 1122 
3 1018 1050 1122 
3 1123 1124 1092 
3 1020 1092 1124 
3 1125 1126 1124 
3 1124 1051 1020 
3 1051 1124 1126 
3 1126 1125 1052 
3 1051 1126 1052 
3 1050 1053 1127 
3 1128 1093 987 
3 1093 1128 1055 
3 1053 995 1129 
3 1130 952 1055 
3 952 1131 1129 
3 1129 995 952 
3 1057 953 1095 
3 1095 1132 1057 
3 1133 1095 1056 
3 1023 1097 1058 
3 1096 1134 1097 
3 1134 1096 1063 
3 1132 1098 1057 
3 1063 1135 1134 
3 1098 1132 1136 
3 1137 1135 1063 
3 1137 1063 1065 
3 1065 1138 1137 
3 1062 1098 1068 
3 1098 1136 1068 
3 1065 1099 1138 
3 1099 1069 1139 
3 1140 1139 1069 
3 1140 1069 1100 
3 1101 1071 1068 
3 1141 1140 1100 
3 1100 1073 1141 
3 1068 1142 1101 
3 1142 1143 1101 
3 1072 1101 1143 
3 1073 1074 1144 
3 1102 1072 1143 
3 1105 1075 1102 
3 1105 1145 1146 
3 1104 1105 1146 
3 1146 1107 1104 
3 1106 1108 1147 
3 1107 1146 1077 
3 1148 1077 1146 
3 1108 1078 1147 
3 1078 1149 1147 
3 1148 1109 1077 
3 1109 1148 1150 
3 1078 1038 1149 
3 1151 1081 1109 
3 1150 1151 1109 
3 1038 1110 1149 
3 1081 1151 1152 
3 1081 1152 1111 
3 1083 1082 1153 
3 1153 1082 1084 
3 1154 1085 1043 
3 1085 1154 1087 
3 1086 1155 1113 
3 1114 1155 1086 
3 1156 1157 1090 
3 1090 1087 1156 
3 1158 1115 1116 
3 1116 1159 1158 
3 1157 1091 1090 
3 1120 1091 1157 
3 1157 1160 1120 
3 1120 982 1091 
3 1161 1092 1120 
3 1123 1161 1162 
3 1119 1018 1122 
3 1092 1161 1123 
3 1123 1162 1124 
3 1163 1052 1125 
3 1125 1124 1163 
3 1052 1163 1164 
3 1052 1164 1165 
3 1121 1127 1166 
3 1050 1127 1121 
3 1165 987 1052 
3 1166 1127 1167 
3 1168 1169 1131 
3 1169 1168 1166 
3 1166 1167 1169 
3 1167 1053 1169 
3 1053 1167 1127 
3 987 1170 1128 
3 1129 1131 1169 
3 1055 1128 1130 
3 1053 1129 1169 
3 952 1130 1131 
3 1132 1095 1133 
3 1056 1058 1133 
3 1133 1058 1171 
3 1058 1172 1173 
3 1172 1058 1097 
3 1097 1174 1172 
3 1174 1097 1134 
3 1175 1136 1132 
3 1134 1135 1174 
3 1135 1176 1177 
3 1135 1137 1176 
3 1138 1176 1137 
3 1099 1178 1138 
3 1099 1139 1178 
3 1141 1139 1140 
3 1179 1142 1068 
3 1144 1141 1073 
3 1179 1143 1142 
3 1143 1105 1102 
3 1180 1106 1181 
3 1146 1145 1148 
3 1106 1147 1181 
3 1147 1182 1181 
3 1149 1182 1147 
3 1151 1150 1152 
3 1150 1148 1152 
3 1110 1083 1183 
3 1184 1183 1083 
3 1184 1083 1153 
3 1152 1185 1111 
3 1154 1111 1185 
3 1154 1043 1111 
3 1186 1153 1084 
3 1187 1154 1185 
3 1186 1084 1112 
3 1154 1187 1188 
3 1113 1189 1112 
3 1154 1188 1087 
3 1188 1156 1087 
3 1155 1189 1113 
3 1190 1155 1114 
3 1114 1115 1190 
3 1158 1190 1115 
3 1159 1191 1158 
3 1160 1157 1156 
3 1116 1117 1159 
3 1192 1193 1120 
3 1120 1160 1192 
3 1117 1194 1159 
3 1194 1191 1159 
3 1194 1117 1118 
3 1120 1193 1195 
3 1196 1194 1118 
3 1120 1195 1161 
3 1118 1119 1196 
3 1195 1197 1161 
3 1122 1198 1119 
3 1198 1196 1119 
3 1161 1197 1162 
3 1162 1197 1199 
3 1162 1199 1163 
3 1121 1200 1201 
3 1121 1201 1122 
3 1162 1163 1124 
3 1202 1164 1163 
3 1163 1203 1202 
3 1202 1165 1164 
3 1165 1202 1204 
3 1166 1205 1206 
3 1166 1206 1121 
3 1170 1165 1207 
3 1208 1209 1131 
3 1209 1208 1166 
3 987 1165 1170 
3 1128 1207 1210 
3 1209 1168 1131 
3 1168 1209 1166 
3 1128 1170 1207 
3 1132 1133 1175 
3 1211 1175 1133 
3 1133 1171 1211 
3 1171 1058 1173 
3 1172 1174 1173 
3 1135 1177 1174 
3 1139 1212 1178 
3 1136 1213 1068 
3 1214 1212 1139 
3 1179 1068 1213 
3 1139 1141 1214 
3 1215 1214 1141 
3 1215 1141 1144 
3 1216 1215 1144 
3 1144 1074 1216 
3 1217 1216 1074 
3 1105 1143 1145 
3 1106 1180 1074 
3 1180 1181 1182 
3 1145 1218 1148 
3 1182 1219 1180 
3 1219 1149 1220 
3 1149 1219 1182 
3 1148 1218 1221 
3 1110 1220 1149 
3 1148 1221 1152 
3 1110 1183 1220 
3 1221 1222 1152 
3 1183 1184 1223 
3 1185 1152 1222 
3 1184 1153 1224 
3 1153 1225 1224 
3 1185 1222 1187 
3 1153 1186 1225 
3 1186 1112 1189 
3 1155 1226 1189 
3 1227 1226 1155 
3 1155 1190 1227 
3 1228 1227 1190 
3 1190 1158 1228 
3 1228 1158 1191 
3 1156 1229 1192 
3 1192 1160 1156 
3 1192 1229 1230 
3 1193 1192 1230 
3 1195 1193 1230 
3 1198 1194 1196 
3 1195 1230 1231 
3 1195 1231 1197 
3 1197 1231 1232 
3 1122 1233 1198 
3 1233 1200 1198 
3 1232 1199 1197 
3 1163 1199 1203 
3 1199 1232 1203 
3 1200 1233 1201 
3 1122 1201 1233 
3 1121 1234 1200 
3 1202 1203 1204 
3 1165 1204 1235 
3 1208 1236 1205 
3 1205 1166 1208 
3 1206 1205 1234 
3 1121 1206 1234 
3 1237 1207 1165 
3 1207 1237 1210 
3 1238 1208 1131 
3 1210 1239 1240 
3 1131 1241 1238 
3 1128 1210 1240 
3 1130 1128 1240 
3 1242 1243 1130 
3 1131 1130 1243 
3 1243 1241 1131 
3 1173 1211 1171 
3 1174 1244 1173 
3 1136 1175 1245 
3 1246 1176 1138 
3 1245 1247 1248 
3 1248 1136 1245 
3 1178 1246 1138 
3 1136 1248 1249 
3 1249 1213 1136 
3 1250 1213 1249 
3 1250 1179 1213 
3 1251 1212 1214 
3 1215 1251 1214 
3 1216 1252 1215 
3 1143 1253 1145 
3 1074 1254 1255 
3 1180 1254 1074 
3 1256 1255 1254 
3 1254 1180 1256 
3 1180 1219 1256 
3 1218 1145 1257 
3 1220 1258 1219 
3 1259 1220 1183 
3 1183 1223 1259 
3 1223 1184 1259 
3 1184 1224 1259 
3 1224 1225 1260 
3 1187 1222 1188 
3 1261 1188 1222 
3 1262 1260 1225 
3 1225 1186 1262 
3 1263 1262 1189 
3 1186 1189 1262 
3 1264 1156 1188 
3 1264 1188 1265 
3 1226 1263 1189 
3 1264 1266 1156 
3 1264 1265 1266 
3 1267 1228 1191 
3 1194 1268 1267 
3 1267 1191 1194 
3 1194 1198 1268 
3 1269 1231 1270 
3 1230 1270 1231 
3 1271 1232 1269 
3 1232 1231 1269 
3 1271 1269 1272 
3 1271 1272 1232 
3 1272 1203 1232 
3 1203 1272 1273 
3 1203 1273 1274 
3 1275 1203 1274 
3 1275 1274 1276 
3 1277 1200 1234 
3 1275 1204 1203 
3 1275 1276 1204 
3 1204 1276 1235 
3 1237 1278 1279 
3 1205 1236 1280 
3 1234 1205 1280 
3 1165 1235 1237 
3 1279 1210 1237 
3 1210 1281 1282 
3 1236 1208 1238 
3 1238 1283 1236 
3 1239 1210 1282 
3 1240 1239 1242 
3 1239 1282 1242 
3 1241 1284 1283 
3 1283 1238 1241 
3 1242 1130 1240 
3 1284 1243 1242 
3 1284 1241 1243 
3 1211 1285 1175 
3 1174 1177 1244 
3 1286 1175 1285 
3 1286 1245 1175 
3 1247 1245 1286 
3 1286 1287 1247 
3 1247 1249 1248 
3 1212 1288 1178 
3 1249 1247 1250 
3 1215 1252 1251 
3 1289 1143 1179 
3 1179 1250 1289 
3 1290 1251 1252 
3 1252 1216 1290 
3 1290 1216 1291 
3 1291 1216 1217 
3 1291 1217 1074 
3 1074 1255 1291 
3 1143 1289 1253 
3 1145 1253 1257 
3 1255 1256 1292 
3 1257 1293 1294 
3 1257 1294 1218 
3 1258 1292 1256 
3 1256 1219 1258 
3 1295 1220 1259 
3 1260 1296 1259 
3 1224 1260 1259 
3 1297 1260 1262 
3 1298 1297 1262 
3 1262 1263 1298 
3 1299 1300 1265 
3 1265 1188 1299 
3 1265 1300 1301 
3 1263 1226 1298 
3 1302 1266 1265 
3 1265 1301 1302 
3 1302 1301 1266 
3 1303 1156 1266 
3 1304 1226 1227 
3 1227 1228 1304 
3 1303 1229 1156 
3 1303 1305 1229 
3 1305 1306 1307 
3 1307 1229 1305 
3 1307 1230 1229 
3 1308 1270 1307 
3 1270 1230 1307 
3 1309 1270 1308 
3 1309 1269 1270 
3 1198 1310 1268 
3 1272 1269 1309 
3 1309 1311 1272 
3 1198 1277 1310 
3 1198 1200 1277 
3 1311 1273 1272 
3 1274 1273 1312 
3 1273 1311 1312 
3 1277 1280 1313 
3 1276 1274 1312 
3 1280 1277 1234 
3 1235 1276 1278 
3 1278 1237 1235 
3 1281 1279 1278 
3 1210 1279 1281 
3 1282 1281 1242 
3 1284 1242 1314 
3 1283 1284 1314 
3 1315 1211 1173 
3 1315 1173 1244 
3 1244 1316 1315 
3 1317 1285 1211 
3 1177 1318 1244 
3 1177 1319 1318 
3 1319 1177 1176 
3 1317 1320 1287 
3 1287 1285 1317 
3 1287 1286 1285 
3 1319 1176 1246 
3 1246 1321 1319 
3 1320 1322 1247 
3 1247 1287 1320 
3 1246 1178 1288 
3 1250 1247 1322 
3 1251 1323 1212 
3 1251 1324 1323 
3 1251 1290 1324 
3 1325 1253 1289 
3 1253 1325 1293 
3 1291 1255 1326 
3 1257 1253 1293 
3 1255 1292 1326 
3 1292 1258 1327 
3 1328 1327 1258 
3 1329 1294 1330 
3 1294 1329 1218 
3 1258 1220 1328 
3 1329 1221 1218 
3 1220 1331 1328 
3 1330 1221 1329 
3 1221 1330 1332 
3 1333 1220 1295 
3 1296 1333 1295 
3 1222 1221 1261 
3 1295 1259 1296 
3 1260 1297 1334 
3 1261 1335 1299 
3 1299 1188 1261 
3 1299 1335 1301 
3 1301 1300 1299 
3 1303 1266 1301 
3 1336 1303 1301 
3 1303 1336 1305 
3 1336 1306 1305 
3 1337 1306 1336 
3 1338 1339 1228 
3 1337 1307 1306 
3 1340 1307 1341 
3 1337 1341 1307 
3 1267 1338 1228 
3 1340 1308 1307 
3 1311 1309 1308 
3 1308 1340 1311 
3 1268 1342 1338 
3 1267 1268 1338 
3 1268 1310 1342 
3 1310 1277 1343 
3 1343 1342 1310 
3 1277 1313 1343 
3 1344 1276 1312 
3 1276 1344 1345 
3 1278 1276 1345 
3 1283 1346 1313 
3 1313 1280 1236 
3 1314 1346 1283 
3 1236 1283 1313 
3 1242 1281 1314 
3 1317 1211 1347 
3 1348 1347 1211 
3 1211 1315 1348 
3 1244 1318 1316 
3 1317 1347 1349 
3 1349 1350 1322 
3 1320 1317 1349 
3 1349 1322 1320 
3 1321 1246 1288 
3 1288 1351 1321 
3 1288 1212 1352 
3 1289 1250 1322 
3 1323 1352 1212 
3 1291 1324 1290 
3 1353 1325 1289 
3 1354 1355 1291 
3 1291 1326 1354 
3 1356 1354 1326 
3 1326 1292 1356 
3 1292 1327 1356 
3 1327 1328 1357 
3 1330 1294 1293 
3 1328 1331 1357 
3 1330 1293 1332 
3 1220 1333 1331 
3 1333 1358 1331 
3 1332 1261 1221 
3 1358 1333 1296 
3 1296 1260 1334 
3 1334 1359 1296 
3 1297 1359 1334 
3 1335 1261 1360 
3 1335 1361 1301 
3 1362 1363 1301 
3 1301 1361 1362 
3 1301 1363 1364 
3 1298 1226 1365 
3 1301 1364 1366 
3 1301 1366 1336 
3 1365 1226 1304 
3 1304 1228 1339 
3 1337 1336 1367 
3 1341 1337 1367 
3 1368 1340 1341 
3 1368 1311 1340 
3 1338 1369 1370 
3 1369 1338 1343 
3 1342 1343 1338 
3 1312 1311 1371 
3 1312 1371 1345 
3 1343 1313 1372 
3 1345 1344 1312 
3 1278 1345 1373 
3 1281 1278 1373 
3 1373 1374 1281 
3 1281 1374 1375 
3 1346 1314 1376 
3 1376 1372 1346 
3 1313 1346 1372 
3 1375 1377 1281 
3 1314 1281 1377 
3 1348 1378 1347 
3 1378 1348 1315 
3 1315 1316 1379 
3 1318 1380 1316 
3 1319 1380 1318 
3 1350 1349 1347 
3 1351 1288 1352 
3 1322 1350 1381 
3 1381 1289 1322 
3 1324 1382 1323 
3 1383 1382 1324 
3 1381 1353 1289 
3 1324 1291 1383 
3 1291 1355 1383 
3 1353 1384 1325 
3 1354 1385 1355 
3 1386 1293 1325 
3 1354 1356 1385 
3 1356 1357 1385 
3 1356 1327 1357 
3 1293 1386 1332 
3 1358 1387 1331 
3 1296 1388 1358 
3 1389 1261 1332 
3 1296 1390 1388 
3 1390 1296 1359 
3 1360 1261 1389 
3 1297 1391 1359 
3 1297 1298 1391 
3 1392 1391 1298 
3 1360 1361 1335 
3 1360 1362 1361 
3 1393 1364 1363 
3 1363 1362 1393 
3 1362 1360 1393 
3 1298 1394 1392 
3 1298 1365 1394 
3 1366 1364 1395 
3 1396 1394 1304 
3 1365 1304 1394 
3 1336 1366 1397 
3 1398 1396 1304 
3 1304 1339 1398 
3 1336 1397 1367 
3 1399 1398 1339 
3 1368 1341 1367 
3 1368 1367 1400 
3 1339 1338 1399 
3 1311 1368 1400 
3 1338 1401 1399 
3 1338 1370 1402 
3 1338 1402 1401 
3 1400 1403 1311 
3 1371 1311 1404 
3 1343 1372 1405 
3 1343 1405 1369 
3 1406 1374 1373 
3 1373 1345 1406 
3 1375 1374 1406 
3 1407 1408 1375 
3 1375 1406 1407 
3 1407 1377 1408 
3 1407 1409 1377 
3 1409 1407 1410 
3 1409 1376 1314 
3 1376 1409 1411 
3 1376 1411 1372 
3 1375 1408 1377 
3 1409 1314 1377 
3 1378 1315 1412 
3 1412 1347 1378 
3 1412 1315 1379 
3 1316 1380 1379 
3 1319 1413 1380 
3 1413 1319 1321 
3 1321 1414 1413 
3 1321 1351 1414 
3 1415 1351 1352 
3 1323 1416 1352 
3 1382 1416 1323 
3 1384 1353 1417 
3 1384 1386 1325 
3 1387 1418 1357 
3 1357 1331 1387 
3 1390 1419 1388 
3 1359 1419 1390 
3 1364 1393 1395 
3 1396 1392 1394 
3 1395 1420 1366 
3 1367 1397 1366 
3 1366 1420 1367 
3 1400 1367 1420 
3 1401 1402 1421 
3 1421 1399 1401 
3 1399 1421 1398 
3 1370 1422 1423 
3 1402 1370 1423 
3 1400 1424 1403 
3 1422 1370 1369 
3 1403 1424 1404 
3 1425 1422 1405 
3 1369 1405 1422 
3 1403 1404 1311 
3 1405 1372 1425 
3 1345 1371 1404 
3 1426 1406 1345 
3 1426 1407 1406 
3 1407 1426 1410 
3 1427 1379 1380 
3 1347 1412 1350 
3 1379 1427 1412 
3 1428 1380 1413 
3 1413 1429 1428 
3 1416 1382 1430 
3 1382 1383 1430 
3 1431 1353 1381 
3 1381 1432 1431 
3 1431 1417 1353 
3 1417 1431 1433 
3 1383 1355 1434 
3 1435 1384 1417 
3 1433 1435 1417 
3 1434 1355 1436 
3 1355 1385 1436 
3 1435 1437 1384 
3 1437 1386 1384 
3 1357 1438 1385 
3 1332 1386 1439 
3 1332 1439 1440 
3 1358 1441 1387 
3 1358 1388 1441 
3 1389 1332 1440 
3 1388 1419 1441 
3 1442 1389 1440 
3 1419 1359 1443 
3 1389 1442 1360 
3 1443 1359 1391 
3 1391 1444 1443 
3 1391 1392 1445 
3 1445 1444 1391 
3 1360 1446 1393 
3 1446 1395 1393 
3 1395 1447 1420 
3 1448 1396 1398 
3 1420 1447 1449 
3 1400 1420 1449 
3 1421 1450 1448 
3 1448 1398 1421 
3 1424 1400 1449 
3 1423 1422 1450 
3 1450 1421 1423 
3 1402 1423 1421 
3 1422 1451 1450 
3 1422 1452 1451 
3 1422 1425 1452 
3 1425 1372 1452 
3 1372 1453 1452 
3 1372 1454 1453 
3 1410 1426 1455 
3 1454 1372 1411 
3 1411 1456 1454 
3 1409 1410 1457 
3 1409 1457 1411 
3 1427 1380 1428 
3 1350 1412 1458 
3 1429 1413 1414 
3 1414 1351 1415 
3 1415 1352 1459 
3 1416 1459 1352 
3 1460 1381 1350 
3 1381 1460 1432 
3 1430 1383 1461 
3 1462 1431 1432 
3 1463 1461 1383 
3 1431 1462 1433 
3 1383 1434 1463 
3 1464 1435 1433 
3 1433 1462 1464 
3 1436 1385 1438 
3 1464 1437 1435 
3 1465 1386 1437 
3 1437 1464 1465 
3 1438 1357 1418 
3 1465 1439 1386 
3 1418 1387 1466 
3 1439 1467 1440 
3 1419 1468 1441 
3 1419 1443 1468 
3 1360 1442 1446 
3 1446 1469 1395 
3 1392 1470 1445 
3 1471 1470 1392 
3 1392 1396 1471 
3 1469 1472 1473 
3 1473 1395 1469 
3 1395 1473 1447 
3 1448 1471 1396 
3 1447 1473 1449 
3 1473 1472 1449 
3 1449 1474 1424 
3 1474 1404 1424 
3 1404 1474 1475 
3 1475 1345 1404 
3 1345 1475 1455 
3 1453 1456 1476 
3 1476 1452 1453 
3 1455 1426 1345 
3 1456 1453 1454 
3 1457 1456 1411 
3 1427 1477 1412 
3 1427 1478 1477 
3 1427 1428 1478 
3 1428 1429 1478 
3 1458 1479 1350 
3 1414 1480 1429 
3 1414 1481 1480 
3 1414 1415 1481 
3 1350 1479 1460 
3 1459 1416 1482 
3 1482 1416 1430 
3 1430 1483 1482 
3 1484 1432 1460 
3 1485 1486 1484 
3 1484 1460 1485 
3 1486 1432 1484 
3 1461 1483 1430 
3 1432 1486 1462 
3 1487 1463 1434 
3 1487 1434 1436 
3 1462 1488 1464 
3 1438 1418 1466 
3 1465 1489 1490 
3 1465 1490 1439 
3 1466 1387 1441 
3 1441 1491 1466 
3 1467 1442 1440 
3 1468 1492 1441 
3 1443 1493 1468 
3 1443 1444 1493 
3 1470 1494 1445 
3 1469 1495 1472 
3 1471 1448 1496 
3 1497 1496 1448 
3 1498 1497 1448 
3 1448 1450 1498 
3 1474 1449 1499 
3 1474 1499 1500 
3 1450 1451 1498 
3 1500 1475 1474 
3 1475 1500 1501 
3 1475 1501 1502 
3 1475 1502 1503 
3 1504 1505 1452 
3 1452 1476 1504 
3 1505 1451 1452 
3 1503 1455 1475 
3 1506 1504 1456 
3 1476 1456 1504 
3 1507 1410 1455 
3 1455 1503 1507 
3 1410 1507 1457 
3 1456 1457 1508 
3 1458 1412 1509 
3 1412 1510 1509 
3 1510 1412 1477 
3 1510 1477 1478 
3 1429 1511 1478 
3 1480 1511 1429 
3 1512 1479 1458 
3 1481 1513 1480 
3 1460 1479 1512 
3 1460 1512 1514 
3 1415 1459 1515 
3 1459 1516 1515 
3 1459 1482 1516 
3 1514 1485 1460 
3 1485 1514 1517 
3 1517 1486 1485 
3 1517 1462 1486 
3 1461 1463 1518 
3 1463 1487 1518 
3 1519 1487 1436 
3 1520 1464 1488 
3 1436 1438 1519 
3 1438 1521 1519 
3 1520 1465 1464 
3 1520 1489 1465 
3 1521 1438 1466 
3 1522 1489 1520 
3 1522 1490 1489 
3 1490 1522 1467 
3 1467 1439 1490 
3 1492 1491 1441 
3 1492 1468 1493 
3 1493 1523 1492 
3 1446 1442 1524 
3 1525 1524 1442 
3 1525 1526 1524 
3 1446 1524 1526 
3 1527 1444 1445 
3 1527 1493 1444 
3 1494 1527 1445 
3 1526 1469 1446 
3 1495 1469 1526 
3 1528 1494 1470 
3 1528 1470 1529 
3 1471 1529 1470 
3 1471 1496 1529 
3 1496 1497 1529 
3 1472 1530 1531 
3 1532 1499 1449 
3 1449 1472 1532 
3 1472 1531 1532 
3 1497 1498 1533 
3 1532 1534 1535 
3 1535 1499 1532 
3 1534 1531 1501 
3 1501 1500 1534 
3 1500 1499 1535 
3 1535 1534 1500 
3 1501 1531 1536 
3 1501 1536 1537 
3 1501 1537 1502 
3 1538 1503 1502 
3 1539 1505 1504 
3 1507 1503 1540 
3 1508 1539 1506 
3 1504 1506 1539 
3 1541 1457 1507 
3 1541 1508 1457 
3 1456 1508 1506 
3 1478 1542 1510 
3 1542 1478 1511 
3 1511 1543 1542 
3 1511 1480 1543 
3 1458 1509 1544 
3 1480 1513 1543 
3 1544 1512 1458 
3 1415 1545 1481 
3 1415 1515 1545 
3 1546 1545 1515 
3 1514 1512 1547 
3 1515 1516 1546 
3 1514 1547 1517 
3 1482 1483 1548 
3 1549 1548 1483 
3 1550 1462 1517 
3 1483 1461 1549 
3 1518 1549 1461 
3 1551 1488 1462 
3 1462 1552 1551 
3 1553 1520 1488 
3 1554 1520 1553 
3 1522 1520 1554 
3 1521 1555 1519 
3 1556 1555 1521 
3 1521 1466 1556 
3 1556 1466 1491 
3 1557 1442 1467 
3 1557 1558 1442 
3 1559 1492 1523 
3 1558 1525 1442 
3 1523 1493 1560 
3 1525 1558 1526 
3 1527 1560 1493 
3 1527 1494 1528 
3 1561 1562 1495 
3 1495 1526 1561 
3 1495 1562 1472 
3 1497 1533 1563 
3 1563 1529 1497 
3 1531 1534 1532 
3 1498 1451 1564 
3 1564 1563 1498 
3 1533 1498 1563 
3 1565 1536 1531 
3 1565 1537 1536 
3 1537 1565 1566 
3 1566 1567 1538 
3 1538 1537 1566 
3 1505 1568 1564 
3 1451 1505 1564 
3 1538 1502 1537 
3 1567 1503 1538 
3 1540 1503 1567 
3 1539 1569 1570 
3 1505 1539 1570 
3 1507 1540 1541 
3 1508 1569 1539 
3 1509 1510 1571 
3 1510 1572 1571 
3 1572 1510 1542 
3 1509 1573 1544 
3 1513 1481 1545 
3 1545 1574 1513 
3 1544 1547 1512 
3 1547 1544 1573 
3 1575 1546 1516 
3 1516 1482 1575 
3 1548 1575 1482 
3 1549 1518 1576 
3 1552 1462 1550 
3 1550 1577 1552 
3 1578 1576 1518 
3 1518 1487 1578 
3 1579 1488 1551 
3 1551 1552 1579 
3 1553 1488 1579 
3 1578 1487 1519 
3 1580 1554 1553 
3 1519 1555 1581 
3 1582 1522 1554 
3 1554 1580 1582 
3 1581 1555 1556 
3 1556 1583 1581 
3 1582 1467 1522 
3 1583 1556 1491 
3 1491 1584 1583 
3 1585 1467 1582 
3 1491 1586 1584 
3 1585 1557 1467 
3 1586 1491 1492 
3 1557 1585 1587 
3 1492 1559 1586 
3 1587 1558 1557 
3 1586 1559 1523 
3 1523 1588 1586 
3 1560 1588 1523 
3 1560 1527 1589 
3 1561 1526 1558 
3 1527 1528 1589 
3 1562 1561 1590 
3 1472 1562 1591 
3 1562 1590 1591 
3 1591 1592 1472 
3 1472 1592 1530 
3 1530 1593 1531 
3 1531 1593 1594 
3 1595 1596 1564 
3 1563 1564 1596 
3 1565 1531 1594 
3 1565 1594 1566 
3 1568 1505 1570 
3 1541 1540 1597 
3 1597 1598 1541 
3 1541 1599 1508 
3 1599 1569 1508 
3 1600 1572 1542 
3 1600 1542 1543 
3 1543 1601 1600 
3 1602 1573 1509 
3 1543 1574 1601 
3 1574 1543 1513 
3 1603 1574 1545 
3 1545 1546 1604 
3 1604 1603 1545 
3 1546 1575 1604 
3 1547 1573 1605 
3 1605 1606 1607 
3 1607 1547 1605 
3 1607 1517 1547 
3 1608 1575 1548 
3 1517 1607 1609 
3 1517 1609 1550 
3 1610 1608 1548 
3 1548 1549 1610 
3 1549 1576 1610 
3 1577 1611 1579 
3 1579 1552 1577 
3 1611 1553 1579 
3 1612 1578 1519 
3 1613 1580 1553 
3 1553 1611 1613 
3 1581 1612 1519 
3 1613 1582 1580 
3 1582 1613 1614 
3 1615 1584 1586 
3 1586 1616 1615 
3 1586 1588 1616 
3 1588 1560 1617 
3 1558 1587 1561 
3 1560 1589 1617 
3 1587 1618 1561 
3 1590 1561 1618 
3 1619 1589 1528 
3 1529 1619 1528 
3 1591 1620 1592 
3 1592 1620 1621 
3 1529 1563 1622 
3 1623 1622 1563 
3 1624 1530 1621 
3 1530 1592 1621 
3 1596 1623 1563 
3 1624 1593 1530 
3 1594 1593 1624 
3 1625 1566 1594 
3 1594 1624 1625 
3 1626 1627 1564 
3 1627 1596 1595 
3 1595 1564 1627 
3 1625 1567 1566 
3 1625 1628 1567 
3 1568 1626 1564 
3 1628 1540 1567 
3 1628 1597 1540 
3 1541 1598 1599 
3 1629 1602 1571 
3 1629 1571 1572 
3 1572 1630 1629 
3 1630 1572 1600 
3 1602 1509 1571 
3 1631 1606 1605 
3 1605 1573 1631 
3 1632 1607 1606 
3 1632 1609 1607 
3 1609 1632 1633 
3 1633 1550 1609 
3 1550 1633 1577 
3 1634 1610 1576 
3 1576 1578 1634 
3 1612 1581 1635 
3 1613 1636 1614 
3 1637 1635 1581 
3 1581 1583 1637 
3 1637 1583 1584 
3 1585 1582 1614 
3 1638 1615 1616 
3 1639 1587 1585 
3 1587 1639 1640 
3 1640 1641 1587 
3 1587 1641 1618 
3 1617 1589 1642 
3 1619 1642 1589 
3 1590 1643 1644 
3 1644 1591 1590 
3 1645 1619 1529 
3 1644 1620 1591 
3 1620 1644 1646 
3 1623 1645 1622 
3 1529 1622 1645 
3 1621 1620 1646 
3 1646 1624 1621 
3 1624 1646 1647 
3 1648 1623 1596 
3 1624 1647 1649 
3 1624 1649 1650 
3 1651 1648 1596 
3 1625 1650 1652 
3 1625 1624 1650 
3 1627 1626 1653 
3 1627 1653 1651 
3 1596 1627 1651 
3 1625 1652 1654 
3 1628 1625 1654 
3 1654 1597 1628 
3 1626 1568 1655 
3 1655 1653 1626 
3 1568 1569 1656 
3 1568 1570 1569 
3 1656 1655 1568 
3 1598 1597 1657 
3 1657 1599 1598 
3 1599 1656 1569 
3 1658 1629 1630 
3 1600 1601 1630 
3 1574 1659 1601 
3 1603 1659 1574 
3 1602 1660 1573 
3 1603 1604 1661 
3 1662 1573 1660 
3 1604 1663 1661 
3 1662 1631 1573 
3 1664 1663 1604 
3 1604 1575 1664 
3 1575 1608 1665 
3 1665 1664 1575 
3 1632 1631 1633 
3 1631 1632 1606 
3 1666 1665 1608 
3 1608 1667 1666 
3 1608 1610 1667 
3 1668 1577 1633 
3 1669 1634 1670 
3 1667 1610 1634 
3 1634 1669 1667 
3 1577 1668 1671 
3 1634 1578 1670 
3 1611 1577 1671 
3 1612 1670 1578 
3 1636 1613 1611 
3 1637 1584 1672 
3 1614 1639 1585 
3 1672 1584 1615 
3 1615 1638 1672 
3 1673 1638 1616 
3 1673 1616 1588 
3 1673 1588 1617 
3 1617 1674 1673 
3 1675 1641 1640 
3 1676 1674 1617 
3 1618 1641 1675 
3 1617 1642 1676 
3 1675 1643 1618 
3 1643 1590 1618 
3 1642 1619 1677 
3 1645 1677 1619 
3 1644 1678 1646 
3 1645 1623 1679 
3 1647 1646 1678 
3 1648 1680 1623 
3 1647 1650 1649 
3 1652 1650 1681 
3 1647 1681 1650 
3 1648 1651 1682 
3 1682 1680 1648 
3 1652 1681 1654 
3 1653 1683 1682 
3 1651 1653 1682 
3 1684 1683 1655 
3 1653 1655 1683 
3 1597 1654 1685 
3 1685 1686 1597 
3 1597 1686 1687 
3 1599 1687 1656 
3 1655 1656 1684 
3 1597 1687 1657 
3 1657 1687 1599 
3 1601 1688 1630 
3 1602 1658 1689 
3 1658 1602 1629 
3 1603 1690 1659 
3 1689 1691 1602 
3 1691 1660 1602 
3 1690 1603 1661 
3 1660 1692 1662 
3 1691 1692 1660 
3 1663 1690 1661 
3 1693 1663 1664 
3 1631 1662 1694 
3 1664 1665 1693 
3 1695 1693 1665 
3 1665 1666 1695 
3 1696 1633 1631 
3 1666 1667 1697 
3 1697 1695 1666 
3 1696 1668 1633 
3 1669 1697 1667 
3 1698 1668 1696 
3 1668 1698 1699 
3 1670 1700 1669 
3 1699 1671 1668 
3 1701 1611 1671 
3 1671 1699 1701 
3 1670 1612 1700 
3 1612 1702 1700 
3 1703 1702 1612 
3 1611 1701 1636 
3 1612 1635 1703 
3 1704 1703 1635 
3 1705 1704 1635 
3 1705 1635 1637 
3 1638 1706 1672 
3 1706 1638 1673 
3 1640 1639 1675 
3 1676 1642 1707 
3 1677 1708 1642 
3 1642 1708 1707 
3 1709 1677 1645 
3 1710 1709 1645 
3 1645 1679 1710 
3 1678 1644 1711 
3 1712 1710 1679 
3 1681 1678 1711 
3 1713 1712 1679 
3 1681 1647 1678 
3 1679 1623 1713 
3 1623 1680 1713 
3 1654 1681 1714 
3 1682 1683 1715 
3 1654 1714 1716 
3 1685 1654 1716 
3 1683 1684 1717 
3 1717 1715 1683 
3 1716 1686 1685 
3 1687 1686 1716 
3 1684 1656 1717 
3 1718 1658 1630 
3 1719 1689 1658 
3 1688 1601 1659 
3 1720 1688 1659 
3 1659 1690 1720 
3 1721 1691 1689 
3 1692 1691 1721 
3 1692 1694 1662 
3 1663 1693 1722 
3 1694 1692 1723 
3 1631 1694 1723 
3 1724 1722 1693 
3 1724 1693 1695 
3 1725 1696 1631 
3 1726 1697 1669 
3 1696 1699 1698 
3 1700 1726 1669 
3 1699 1696 1727 
3 1699 1727 1701 
3 1701 1727 1728 
3 1729 1636 1701 
3 1701 1728 1729 
3 1729 1730 1636 
3 1730 1614 1636 
3 1705 1637 1672 
3 1706 1731 1672 
3 1732 1731 1706 
3 1706 1673 1732 
3 1733 1675 1639 
3 1673 1674 1732 
3 1734 1674 1676 
3 1675 1735 1736 
3 1707 1734 1676 
3 1675 1736 1643 
3 1677 1709 1708 
3 1736 1644 1643 
3 1711 1644 1736 
3 1737 1714 1681 
3 1681 1711 1737 
3 1713 1680 1738 
3 1682 1715 1738 
3 1680 1682 1738 
3 1656 1687 1716 
3 1716 1739 1656 
3 1739 1717 1656 
3 1718 1630 1688 
3 1740 1741 1719 
3 1740 1719 1658 
3 1740 1658 1718 
3 1688 1720 1742 
3 1741 1721 1689 
3 1689 1719 1741 
3 1743 1720 1690 
3 1743 1690 1663 
3 1744 1692 1721 
3 1745 1743 1663 
3 1745 1663 1722 
3 1744 1746 1723 
3 1723 1692 1744 
3 1747 1745 1722 
3 1746 1748 1723 
3 1722 1724 1747 
3 1724 1695 1747 
3 1749 1747 1695 
3 1748 1631 1723 
3 1748 1725 1631 
3 1725 1748 1750 
3 1751 1749 1695 
3 1695 1697 1751 
3 1750 1696 1725 
3 1697 1726 1751 
3 1696 1750 1752 
3 1696 1752 1727 
3 1702 1753 1726 
3 1726 1700 1702 
3 1754 1753 1702 
3 1755 1754 1702 
3 1702 1703 1755 
3 1728 1727 1756 
3 1703 1704 1755 
3 1728 1730 1729 
3 1704 1705 1757 
3 1705 1758 1757 
3 1672 1758 1705 
3 1759 1614 1730 
3 1759 1639 1614 
3 1639 1759 1733 
3 1675 1733 1735 
3 1733 1760 1735 
3 1674 1734 1761 
3 1762 1710 1712 
3 1712 1713 1762 
3 1713 1763 1762 
3 1713 1738 1763 
3 1764 1714 1737 
3 1714 1764 1765 
3 1716 1714 1765 
3 1716 1765 1766 
3 1766 1739 1716 
3 1688 1742 1718 
3 1720 1767 1742 
3 1720 1768 1767 
3 1769 1770 1721 
3 1721 1741 1769 
3 1743 1768 1720 
3 1743 1745 1771 
3 1772 1771 1745 
3 1770 1744 1721 
3 1747 1772 1745 
3 1770 1746 1744 
3 1773 1747 1749 
3 1751 1774 1749 
3 1748 1775 1750 
3 1775 1752 1750 
3 1775 1727 1752 
3 1755 1704 1776 
3 1756 1777 1728 
3 1730 1728 1777 
3 1777 1759 1730 
3 1704 1757 1776 
3 1757 1758 1776 
3 1672 1778 1758 
3 1778 1672 1731 
3 1779 1731 1732 
3 1732 1780 1779 
3 1733 1759 1760 
3 1780 1732 1674 
3 1780 1674 1761 
3 1760 1781 1735 
3 1735 1781 1736 
3 1782 1736 1781 
3 1781 1760 1782 
3 1783 1734 1707 
3 1707 1708 1783 
3 1784 1711 1736 
3 1709 1710 1785 
3 1710 1786 1785 
3 1710 1762 1786 
3 1787 1762 1763 
3 1788 1737 1711 
3 1763 1738 1787 
3 1764 1737 1788 
3 1764 1788 1765 
3 1789 1790 1738 
3 1738 1715 1789 
3 1766 1765 1791 
3 1791 1739 1766 
3 1715 1717 1789 
3 1740 1792 1741 
3 1768 1793 1767 
3 1769 1792 1770 
3 1792 1769 1741 
3 1768 1743 1771 
3 1772 1794 1771 
3 1772 1747 1794 
3 1774 1747 1773 
3 1773 1749 1774 
3 1795 1774 1751 
3 1753 1795 1751 
3 1751 1726 1753 
3 1775 1796 1727 
3 1754 1797 1753 
3 1727 1796 1756 
3 1797 1754 1755 
3 1798 1776 1758 
3 1758 1799 1798 
3 1777 1800 1759 
3 1799 1758 1778 
3 1731 1779 1778 
3 1801 1779 1780 
3 1802 1780 1761 
3 1761 1803 1802 
3 1761 1804 1803 
3 1761 1734 1804 
3 1734 1783 1804 
3 1782 1784 1736 
3 1783 1708 1805 
3 1708 1709 1805 
3 1785 1805 1709 
3 1806 1711 1784 
3 1788 1711 1807 
3 1711 1806 1807 
3 1786 1762 1787 
3 1788 1807 1808 
3 1787 1738 1790 
3 1788 1808 1809 
3 1765 1788 1809 
3 1809 1791 1765 
3 1739 1791 1810 
3 1717 1739 1810 
3 1810 1811 1717 
3 1811 1812 1717 
3 1718 1813 1814 
3 1813 1718 1742 
3 1718 1814 1740 
3 1742 1767 1815 
3 1815 1813 1742 
3 1815 1767 1793 
3 1794 1793 1768 
3 1794 1768 1771 
3 1770 1792 1816 
3 1817 1794 1747 
3 1818 1770 1816 
3 1770 1818 1746 
3 1747 1774 1817 
3 1819 1818 1820 
3 1818 1819 1746 
3 1818 1816 1820 
3 1748 1746 1819 
3 1748 1819 1821 
3 1821 1775 1748 
3 1775 1821 1822 
3 1775 1823 1796 
3 1823 1756 1796 
3 1756 1823 1824 
3 1776 1798 1797 
3 1797 1755 1776 
3 1824 1777 1756 
3 1799 1778 1825 
3 1825 1778 1779 
3 1800 1826 1759 
3 1779 1801 1825 
3 1827 1760 1759 
3 1759 1826 1827 
3 1828 1760 1827 
3 1802 1801 1780 
3 1829 1760 1828 
3 1829 1782 1760 
3 1784 1782 1829 
3 1804 1783 1830 
3 1783 1805 1830 
3 1831 1830 1805 
3 1805 1785 1831 
3 1832 1806 1784 
3 1785 1786 1831 
3 1787 1831 1786 
3 1832 1807 1806 
3 1807 1832 1808 
3 1787 1790 1833 
3 1790 1789 1833 
3 1789 1834 1833 
3 1810 1791 1835 
3 1810 1835 1811 
3 1789 1812 1836 
3 1789 1717 1812 
3 1811 1836 1812 
3 1813 1815 1837 
3 1838 1740 1814 
3 1838 1792 1740 
3 1793 1794 1839 
3 1840 1816 1792 
3 1841 1794 1817 
3 1816 1840 1820 
3 1842 1841 1817 
3 1817 1774 1842 
3 1820 1843 1821 
3 1821 1819 1820 
3 1795 1753 1844 
3 1845 1844 1753 
3 1823 1775 1822 
3 1753 1797 1845 
3 1846 1824 1823 
3 1777 1824 1846 
3 1846 1847 1777 
3 1800 1777 1847 
3 1799 1848 1798 
3 1799 1825 1849 
3 1849 1825 1801 
3 1801 1850 1849 
3 1801 1851 1850 
3 1826 1828 1827 
3 1801 1852 1851 
3 1801 1802 1852 
3 1852 1802 1803 
3 1829 1832 1784 
3 1831 1787 1833 
3 1853 1809 1808 
3 1834 1789 1836 
3 1809 1854 1791 
3 1835 1791 1854 
3 1811 1835 1854 
3 1855 1836 1811 
3 1856 1814 1813 
3 1813 1837 1856 
3 1857 1838 1814 
3 1814 1856 1857 
3 1815 1858 1837 
3 1858 1815 1793 
3 1859 1792 1838 
3 1860 1858 1793 
3 1860 1793 1839 
3 1839 1861 1860 
3 1859 1862 1792 
3 1861 1839 1794 
3 1794 1863 1861 
3 1794 1864 1863 
3 1862 1840 1792 
3 1794 1841 1864 
3 1865 1863 1841 
3 1863 1864 1841 
3 1842 1865 1841 
3 1820 1840 1866 
3 1866 1867 1820 
3 1868 1842 1774 
3 1869 1868 1774 
3 1774 1795 1869 
3 1867 1843 1820 
3 1843 1867 1822 
3 1822 1821 1843 
3 1844 1869 1795 
3 1870 1844 1845 
3 1797 1871 1845 
3 1871 1797 1798 
3 1848 1799 1872 
3 1800 1847 1826 
3 1872 1799 1849 
3 1849 1873 1872 
3 1852 1874 1851 
3 1852 1803 1874 
3 1874 1803 1804 
3 1875 1874 1804 
3 1804 1830 1876 
3 1876 1875 1804 
3 1832 1829 1877 
3 1878 1830 1831 
3 1831 1833 1879 
3 1879 1878 1831 
3 1832 1880 1808 
3 1880 1853 1808 
3 1833 1834 1881 
3 1809 1853 1854 
3 1882 1883 1836 
3 1834 1836 1883 
3 1883 1881 1834 
3 1855 1811 1854 
3 1884 1856 1837 
3 1885 1838 1857 
3 1886 1837 1858 
3 1858 1887 1886 
3 1885 1859 1838 
3 1858 1860 1887 
3 1887 1860 1861 
3 1861 1888 1887 
3 1889 1840 1862 
3 1868 1865 1842 
3 1867 1866 1890 
3 1890 1822 1867 
3 1870 1869 1844 
3 1870 1845 1871 
3 1891 1823 1822 
3 1846 1823 1891 
3 1871 1798 1892 
3 1892 1798 1848 
3 1846 1891 1847 
3 1872 1893 1848 
3 1873 1849 1850 
3 1894 1850 1851 
3 1894 1851 1874 
3 1828 1826 1895 
3 1896 1894 1874 
3 1895 1897 1828 
3 1829 1828 1897 
3 1897 1898 1829 
3 1874 1875 1896 
3 1876 1830 1899 
3 1900 1899 1830 
3 1830 1878 1900 
3 1877 1901 1832 
3 1901 1880 1832 
3 1879 1833 1902 
3 1881 1902 1833 
3 1882 1903 1883 
3 1881 1883 1903 
3 1882 1836 1855 
3 1855 1904 1882 
3 1837 1886 1884 
3 1905 1885 1857 
3 1905 1857 1856 
3 1856 1884 1905 
3 1885 1905 1906 
3 1888 1861 1907 
3 1862 1859 1906 
3 1906 1908 1862 
3 1906 1859 1885 
3 1907 1861 1863 
3 1909 1907 1863 
3 1863 1865 1909 
3 1910 1909 1865 
3 1866 1840 1889 
3 1865 1868 1910 
3 1866 1889 1911 
3 1910 1868 1869 
3 1911 1890 1866 
3 1911 1822 1890 
3 1892 1848 1912 
3 1848 1893 1912 
3 1893 1872 1873 
3 1826 1847 1913 
3 1914 1873 1850 
3 1850 1894 1914 
3 1895 1826 1915 
3 1915 1916 1895 
3 1896 1917 1894 
3 1897 1895 1916 
3 1916 1918 1898 
3 1898 1897 1916 
3 1918 1919 1898 
3 1896 1875 1920 
3 1919 1829 1898 
3 1899 1920 1876 
3 1875 1876 1920 
3 1919 1877 1829 
3 1919 1921 1877 
3 1877 1921 1922 
3 1922 1901 1877 
3 1879 1900 1878 
3 1879 1902 1923 
3 1880 1854 1853 
3 1902 1881 1924 
3 1903 1924 1881 
3 1925 1855 1854 
3 1904 1903 1882 
3 1884 1926 1927 
3 1926 1884 1886 
3 1886 1928 1926 
3 1884 1927 1905 
3 1928 1886 1887 
3 1887 1929 1928 
3 1930 1906 1905 
3 1887 1888 1929 
3 1929 1888 1907 
3 1930 1908 1906 
3 1907 1909 1931 
3 1931 1929 1907 
3 1910 1931 1909 
3 1908 1889 1862 
3 1932 1911 1889 
3 1933 1932 1889 
3 1932 1933 1934 
3 1934 1911 1932 
3 1869 1870 1935 
3 1911 1934 1936 
3 1936 1822 1911 
3 1822 1936 1937 
3 1870 1871 1938 
3 1891 1822 1937 
3 1871 1892 1938 
3 1892 1912 1938 
3 1847 1891 1939 
3 1939 1913 1847 
3 1893 1873 1940 
3 1940 1873 1914 
3 1826 1913 1941 
3 1894 1942 1914 
3 1915 1826 1941 
3 1894 1917 1942 
3 1941 1916 1915 
3 1943 1916 1941 
3 1920 1917 1896 
3 1918 1916 1943 
3 1918 1943 1919 
3 1920 1899 1944 
3 1899 1945 1944 
3 1919 1946 1921 
3 1899 1900 1945 
3 1947 1945 1900 
3 1948 1947 1879 
3 1900 1879 1947 
3 1923 1948 1879 
3 1880 1901 1949 
3 1854 1880 1950 
3 1902 1924 1923 
3 1854 1950 1951 
3 1925 1854 1951 
3 1904 1855 1925 
3 1952 1905 1927 
3 1905 1952 1930 
3 1953 1908 1930 
3 1953 1889 1908 
3 1954 1910 1869 
3 1954 1869 1935 
3 1934 1933 1936 
3 1955 1935 1870 
3 1956 1937 1936 
3 1955 1870 1938 
3 1957 1955 1938 
3 1891 1937 1956 
3 1938 1958 1957 
3 1958 1938 1912 
3 1912 1959 1958 
3 1891 1956 1960 
3 1960 1939 1891 
3 1959 1912 1893 
3 1893 1961 1959 
3 1960 1962 1939 
3 1893 1940 1961 
3 1913 1939 1962 
3 1917 1920 1944 
3 1943 1963 1919 
3 1963 1946 1919 
3 1964 1921 1946 
3 1965 1921 1964 
3 1945 1947 1966 
3 1965 1922 1921 
3 1948 1966 1947 
3 1901 1922 1965 
3 1901 1965 1949 
3 1948 1923 1967 
3 1968 1950 1880 
3 1880 1949 1968 
3 1949 1969 1968 
3 1923 1924 1970 
3 1923 1970 1967 
3 1924 1971 1970 
3 1924 1903 1971 
3 1951 1972 1925 
3 1904 1925 1972 
3 1904 1973 1903 
3 1926 1974 1927 
3 1974 1926 1928 
3 1929 1931 1975 
3 1975 1976 1929 
3 1977 1953 1930 
3 1931 1910 1975 
3 1910 1978 1975 
3 1953 1977 1979 
3 1979 1889 1953 
3 1979 1933 1889 
3 1954 1980 1910 
3 1954 1935 1981 
3 1981 1935 1982 
3 1936 1933 1983 
3 1982 1935 1955 
3 1936 1983 1956 
3 1984 1955 1957 
3 1958 1985 1957 
3 1985 1958 1959 
3 1959 1986 1985 
3 1987 1960 1956 
3 1987 1962 1960 
3 1959 1961 1986 
3 1988 1961 1940 
3 1940 1914 1988 
3 1913 1962 1989 
3 1989 1941 1913 
3 1942 1990 1914 
3 1989 1943 1941 
3 1991 1942 1917 
3 1992 1943 1989 
3 1992 1993 1943 
3 1917 1944 1994 
3 1994 1991 1917 
3 1993 1963 1943 
3 1995 1994 1944 
3 1946 1963 1993 
3 1944 1945 1995 
3 1993 1996 1964 
3 1964 1946 1993 
3 1966 1995 1945 
3 1996 1965 1964 
3 1965 1996 1997 
3 1949 1965 1998 
3 1965 1997 1998 
3 1969 1949 1998 
3 1948 1967 1999 
3 1998 1968 1969 
3 1968 1998 2000 
3 1967 1970 1999 
3 2001 1950 1968 
3 1968 2000 2001 
3 1971 2002 1970 
3 2001 2003 1950 
3 2003 2001 1972 
3 1973 1971 1903 
3 2003 1951 1950 
3 1951 2003 1972 
3 1904 1972 1973 
3 1927 2004 2005 
3 2004 1927 1974 
3 2006 1952 1927 
3 2005 2006 1927 
3 1928 1929 2007 
3 2007 1974 1928 
3 1929 2008 2007 
3 1976 2008 1929 
3 2009 1977 1930 
3 2009 1930 1952 
3 1952 2006 2009 
3 2010 1976 1975 
3 1978 2010 1975 
3 1979 1977 2011 
3 1980 1978 1910 
3 2012 1933 1979 
3 1954 2013 1980 
3 1954 1981 2013 
3 1983 1933 2012 
3 1982 1955 1984 
3 2014 1956 1983 
3 1984 1957 1985 
3 1987 1956 2015 
3 1986 2016 1985 
3 1986 1961 1988 
3 1962 2017 1989 
3 1942 1991 1990 
3 1992 1989 2018 
3 2018 1993 1992 
3 1966 2019 1995 
3 2020 1966 1948 
3 1948 1999 2021 
3 2021 2020 1948 
3 1999 1970 2002 
3 2004 2022 2005 
3 2022 2004 1974 
3 1974 2008 2022 
3 1974 2007 2008 
3 1977 2009 2023 
3 2024 2010 1978 
3 2011 2023 2025 
3 2023 2011 1977 
3 2011 2012 1979 
3 2013 1981 1982 
3 1982 2026 2013 
3 2026 1982 1984 
3 2027 1956 2014 
3 1984 1985 2028 
3 2016 2028 1985 
3 2015 1956 2027 
3 2015 2027 2029 
3 1987 2015 2029 
3 1986 1988 2016 
3 1987 2029 2030 
3 2030 1962 1987 
3 2017 1962 2030 
3 1988 2031 2032 
3 2031 1988 1914 
3 2031 1914 1990 
3 2018 1989 2017 
3 1991 1994 2033 
3 2019 2033 1994 
3 1994 1995 2019 
3 1996 1993 2034 
3 2035 2019 1966 
3 2020 2035 1966 
3 1996 2034 1997 
3 2034 2036 1997 
3 1998 1997 2036 
3 1998 2036 2037 
3 2020 2021 2038 
3 2037 2039 1998 
3 2021 1999 2040 
3 2000 1998 2039 
3 2000 2039 2041 
3 2042 2043 2002 
3 1999 2002 2040 
3 2002 2043 2040 
3 2000 2041 2001 
3 2002 1971 2042 
3 1972 2001 2044 
3 1971 1973 2042 
3 2045 2005 2022 
3 2005 2045 2046 
3 2046 2006 2005 
3 2047 2008 1976 
3 2009 2046 2025 
3 2046 2009 2006 
3 2010 2047 1976 
3 2025 2023 2009 
3 2024 1978 2048 
3 2011 2025 2049 
3 2050 2048 1978 
3 2049 2012 2011 
3 1978 1980 2050 
3 1980 2051 2050 
3 2051 1980 2013 
3 2051 2013 2052 
3 2052 2013 2026 
3 2053 2052 2026 
3 2012 2054 2055 
3 2055 1983 2012 
3 2053 2026 1984 
3 1983 2055 2014 
3 1984 2056 2053 
3 2056 1984 2028 
3 2028 2057 2056 
3 2027 2014 2058 
3 2027 2058 2029 
3 2059 2028 2016 
3 2059 2057 2028 
3 2016 2060 2059 
3 2016 1988 2060 
3 2030 2029 2061 
3 2060 1988 2032 
3 2031 2062 2032 
3 2062 2031 1990 
3 1990 2063 2062 
3 1990 1991 2033 
3 2033 2063 1990 
3 1993 2018 2064 
3 2019 2065 2033 
3 1993 2064 2034 
3 2066 2036 2034 
3 2020 2038 2035 
3 2036 2066 2037 
3 2040 2038 2021 
3 2039 2037 2067 
3 2041 2039 2067 
3 2001 2041 2068 
3 2068 2044 2001 
3 1973 1972 2069 
3 2069 2042 1973 
3 2070 2045 2022 
3 2046 2045 2071 
3 2072 2008 2047 
3 2025 2046 2071 
3 2010 2072 2047 
3 2010 2024 2073 
3 2074 2073 2024 
3 2024 2048 2074 
3 2025 2075 2049 
3 2052 2050 2051 
3 2054 2049 2076 
3 2049 2054 2012 
3 2053 2056 2052 
3 2077 2014 2055 
3 2057 2078 2056 
3 2077 2058 2014 
3 2078 2057 2059 
3 2029 2058 2077 
3 2077 2079 2029 
3 2079 2061 2029 
3 2078 2059 2060 
3 2017 2030 2061 
3 2032 2080 2060 
3 2080 2032 2062 
3 2062 2081 2080 
3 2082 2018 2017 
3 2062 2063 2081 
3 2063 2033 2083 
3 2084 2064 2018 
3 2018 2082 2084 
3 2083 2033 2065 
3 2065 2085 2083 
3 2034 2064 2084 
3 2019 2035 2086 
3 2035 2038 2087 
3 2067 2037 2066 
3 2088 2087 2040 
3 2038 2040 2087 
3 2043 2088 2040 
3 2041 2067 2068 
3 2042 2089 2043 
3 2069 2090 2042 
3 2090 2089 2042 
3 2044 2069 1972 
3 2045 2070 2091 
3 2022 2092 2070 
3 2092 2022 2008 
3 2093 2092 2008 
3 2045 2091 2071 
3 2008 2072 2093 
3 2073 2072 2010 
3 2074 2094 2073 
3 2095 2074 2048 
3 2095 2048 2050 
3 2050 2096 2095 
3 2097 2076 2049 
3 2049 2075 2097 
3 2050 2052 2096 
3 2098 2096 2052 
3 2054 2076 2099 
3 2099 2055 2054 
3 2052 2056 2100 
3 2101 2077 2055 
3 2078 2102 2056 
3 2101 2079 2077 
3 2060 2103 2078 
3 2079 2104 2061 
3 2060 2080 2103 
3 2017 2061 2104 
3 2085 2081 2063 
3 2063 2083 2085 
3 2085 2065 2105 
3 2065 2019 2105 
3 2106 2105 2019 
3 2019 2086 2106 
3 2107 2086 2035 
3 2108 2066 2109 
3 2034 2109 2066 
3 2035 2087 2107 
3 2108 2067 2066 
3 2067 2108 2110 
3 2087 2088 2111 
3 2111 2107 2087 
3 2110 2068 2067 
3 2112 2111 2043 
3 2088 2043 2111 
3 2068 2110 2113 
3 2114 2068 2113 
3 2090 2112 2089 
3 2043 2089 2112 
3 2044 2068 2114 
3 2044 2114 2115 
3 2115 2069 2044 
3 2069 2115 2090 
3 2116 2091 2070 
3 2070 2117 2116 
3 2117 2070 2092 
3 2092 2118 2117 
3 2119 2092 2093 
3 2071 2091 2120 
3 2121 2025 2071 
3 2071 2120 2121 
3 2072 2073 2093 
3 2025 2121 2122 
3 2122 2075 2025 
3 2074 2095 2094 
3 2123 2094 2095 
3 2095 2096 2123 
3 2123 2096 2098 
3 2076 2097 2099 
3 2098 2052 2124 
3 2101 2055 2099 
3 2100 2056 2102 
3 2078 2103 2102 
3 2079 2101 2125 
3 2126 2104 2079 
3 2079 2125 2126 
3 2104 2126 2127 
3 2127 2128 2104 
3 2017 2104 2128 
3 2080 2081 2129 
3 2081 2130 2129 
3 2082 2017 2128 
3 2131 2082 2128 
3 2081 2132 2130 
3 2131 2133 2082 
3 2134 2132 2081 
3 2081 2085 2134 
3 2084 2082 2133 
3 2135 2134 2085 
3 2085 2105 2135 
3 2136 2135 2105 
3 2105 2106 2136 
3 2137 2034 2084 
3 2138 2136 2106 
3 2106 2086 2138 
3 2137 2109 2034 
3 2109 2137 2139 
3 2140 2138 2107 
3 2086 2107 2138 
3 2108 2109 2139 
3 2141 2140 2107 
3 2108 2142 2110 
3 2111 2141 2107 
3 2110 2142 2143 
3 2143 2113 2110 
3 2113 2143 2144 
3 2114 2113 2144 
3 2145 2091 2116 
3 2117 2146 2116 
3 2117 2147 2146 
3 2147 2117 2118 
3 2118 2092 2119 
3 2148 2119 2093 
3 2145 2120 2091 
3 2093 2073 2149 
3 2094 2149 2073 
3 2122 2121 2150 
3 2150 2075 2122 
3 2151 2094 2123 
3 2150 2097 2075 
3 2152 2151 2123 
3 2123 2098 2152 
3 2098 2124 2152 
3 2052 2100 2124 
3 2153 2124 2100 
3 2153 2100 2102 
3 2099 2154 2101 
3 2101 2154 2155 
3 2103 2156 2102 
3 2125 2101 2155 
3 2126 2125 2155 
3 2155 2127 2126 
3 2157 2103 2080 
3 2157 2080 2129 
3 2131 2128 2158 
3 2133 2131 2158 
3 2158 2159 2084 
3 2084 2133 2158 
3 2134 2135 2160 
3 2136 2160 2135 
3 2084 2159 2137 
3 2137 2161 2139 
3 2162 2108 2139 
3 2108 2162 2142 
3 2144 2143 2163 
3 2143 2142 2163 
3 2112 2164 2165 
3 2111 2112 2165 
3 2144 2163 2166 
3 2114 2144 2166 
3 2112 2090 2164 
3 2114 2166 2115 
3 2167 2145 2116 
3 2116 2146 2167 
3 2118 2148 2147 
3 2148 2118 2119 
3 2149 2148 2093 
3 2168 2120 2145 
3 2145 2167 2168 
3 2168 2121 2120 
3 2149 2094 2169 
3 2121 2168 2170 
3 2171 2169 2094 
3 2094 2172 2171 
3 2173 2150 2121 
3 2151 2172 2094 
3 2152 2172 2151 
3 2097 2150 2173 
3 2174 2152 2124 
3 2124 2153 2174 
3 2154 2175 2155 
3 2156 2103 2157 
3 2176 2155 2175 
3 2176 2127 2155 
3 2176 2128 2127 
3 2177 2157 2129 
3 2129 2178 2177 
3 2129 2130 2178 
3 2130 2132 2178 
3 2132 2134 2160 
3 2160 2136 2179 
3 2180 2179 2136 
3 2181 2137 2159 
3 2136 2138 2180 
3 2137 2181 2161 
3 2182 2180 2138 
3 2138 2140 2182 
3 2183 2139 2161 
3 2162 2139 2183 
3 2184 2182 2140 
3 2140 2141 2184 
3 2162 2183 2142 
3 2141 2111 2165 
3 2142 2185 2163 
3 2185 2166 2163 
3 2164 2090 2186 
3 2090 2115 2186 
3 2187 2188 2148 
3 2147 2148 2188 
3 2187 2148 2149 
3 2189 2187 2149 
3 2149 2190 2189 
3 2149 2169 2190 
3 2169 2171 2190 
3 2170 2173 2121 
3 2191 2190 2171 
3 2171 2172 2191 
3 2192 2099 2097 
3 2097 2173 2192 
3 2193 2174 2153 
3 2193 2153 2102 
3 2099 2192 2194 
3 2099 2194 2195 
3 2195 2154 2099 
3 2196 2175 2154 
3 2176 2175 2196 
3 2176 2197 2128 
3 2158 2128 2197 
3 2197 2198 2158 
3 2132 2199 2178 
3 2158 2198 2200 
3 2199 2132 2160 
3 2201 2159 2158 
3 2201 2181 2159 
3 2201 2161 2181 
3 2202 2161 2203 
3 2202 2183 2161 
3 2183 2203 2204 
3 2183 2202 2203 
3 2205 2142 2183 
3 2183 2204 2205 
3 2165 2184 2141 
3 2205 2206 2142 
3 2206 2185 2142 
3 2207 2165 2164 
3 2206 2166 2185 
3 2166 2206 2208 
3 2115 2166 2208 
3 2208 2209 2115 
3 2209 2186 2115 
3 2186 2207 2164 
3 2210 2147 2188 
3 2211 2167 2146 
3 2146 2210 2211 
3 2210 2146 2147 
3 2211 2168 2167 
3 2190 2191 2212 
3 2212 2191 2172 
3 2213 2212 2172 
3 2213 2172 2152 
3 2213 2152 2174 
3 2174 2214 2213 
3 2215 2192 2173 
3 2193 2216 2174 
3 2216 2193 2102 
3 2192 2217 2218 
3 2218 2194 2192 
3 2219 2216 2102 
3 2218 2195 2194 
3 2195 2218 2220 
3 2220 2154 2195 
3 2196 2154 2220 
3 2102 2221 2222 
3 2221 2102 2156 
3 2156 2223 2221 
3 2223 2156 2157 
3 2223 2157 2177 
3 2177 2224 2223 
3 2224 2177 2178 
3 2225 2197 2176 
3 2224 2178 2226 
3 2197 2225 2198 
3 2198 2225 2200 
3 2226 2178 2199 
3 2199 2227 2226 
3 2199 2160 2228 
3 2228 2227 2199 
3 2158 2200 2229 
3 2230 2228 2160 
3 2229 2231 2201 
3 2201 2158 2229 
3 2160 2179 2232 
3 2232 2230 2160 
3 2201 2231 2233 
3 2233 2161 2201 
3 2180 2232 2179 
3 2161 2233 2234 
3 2234 2203 2161 
3 2203 2234 2235 
3 2204 2203 2235 
3 2182 2184 2236 
3 2235 2205 2204 
3 2184 2165 2236 
3 2237 2206 2205 
3 2206 2237 2208 
3 2209 2208 2238 
3 2207 2186 2239 
3 2187 2240 2188 
3 2240 2187 2189 
3 2241 2189 2190 
3 2211 2170 2168 
3 2211 2242 2170 
3 2212 2241 2190 
3 2242 2173 2170 
3 2173 2242 2243 
3 2243 2215 2173 
3 2244 2213 2214 
3 2215 2243 2245 
3 2245 2192 2215 
3 2174 2216 2214 
3 2217 2192 2245 
3 2246 2214 2216 
3 2218 2217 2247 
3 2102 2222 2219 
3 2220 2218 2248 
3 2220 2248 2249 
3 2196 2220 2249 
3 2250 2176 2196 
3 2196 2249 2250 
3 2221 2223 2251 
3 2250 2252 2176 
3 2250 2253 2252 
3 2253 2254 2252 
3 2176 2252 2254 
3 2225 2176 2254 
3 2200 2255 2256 
3 2200 2257 2229 
3 2257 2231 2229 
3 2257 2233 2231 
3 2232 2180 2258 
3 2259 2234 2257 
3 2233 2257 2234 
3 2180 2182 2260 
3 2235 2234 2261 
3 2182 2236 2260 
3 2235 2261 2205 
3 2262 2236 2165 
3 2263 2262 2165 
3 2208 2237 2264 
3 2264 2238 2208 
3 2207 2239 2265 
3 2265 2263 2207 
3 2165 2207 2263 
3 2238 2239 2209 
3 2186 2209 2239 
3 2266 2211 2210 
3 2266 2210 2188 
3 2188 2267 2266 
3 2267 2188 2240 
3 2268 2240 2189 
3 2269 2268 2189 
3 2189 2241 2269 
3 2270 2269 2241 
3 2271 2270 2241 
3 2271 2241 2212 
3 2272 2212 2213 
3 2213 2273 2272 
3 2273 2213 2244 
3 2274 2245 2243 
3 2245 2274 2275 
3 2214 2246 2244 
3 2276 2244 2246 
3 2275 2217 2245 
3 2216 2277 2246 
3 2247 2217 2275 
3 2216 2219 2277 
3 2277 2219 2222 
3 2278 2277 2222 
3 2247 2248 2218 
3 2248 2247 2249 
3 2278 2222 2221 
3 2278 2221 2251 
3 2250 2249 2279 
3 2251 2280 2278 
3 2279 2253 2250 
3 2280 2251 2223 
3 2281 2254 2253 
3 2281 2282 2254 
3 2225 2254 2282 
3 2282 2283 2225 
3 2283 2282 2255 
3 2255 2225 2283 
3 2255 2200 2225 
3 2226 2227 2284 
3 2200 2256 2257 
3 2227 2228 2285 
3 2285 2228 2230 
3 2258 2285 2232 
3 2230 2232 2285 
3 2180 2286 2287 
3 2258 2180 2287 
3 2180 2260 2286 
3 2234 2259 2261 
3 2288 2260 2236 
3 2205 2261 2289 
3 2236 2262 2290 
3 2290 2288 2236 
3 2205 2289 2237 
3 2262 2263 2290 
3 2237 2291 2264 
3 2264 2291 2238 
3 2265 2239 2292 
3 2263 2265 2292 
3 2293 2266 2267 
3 2211 2266 2294 
3 2266 2293 2294 
3 2211 2294 2295 
3 2295 2242 2211 
3 2296 2243 2242 
3 2296 2295 2297 
3 2295 2296 2242 
3 2271 2212 2272 
3 2243 2296 2298 
3 2273 2299 2272 
3 2300 2274 2243 
3 2243 2298 2300 
3 2246 2301 2276 
3 2277 2302 2301 
3 2301 2246 2277 
3 2302 2277 2278 
3 2249 2247 2303 
3 2303 2279 2249 
3 2253 2279 2303 
3 2281 2253 2303 
3 2303 2304 2281 
3 2223 2305 2280 
3 2305 2223 2224 
3 2304 2282 2281 
3 2305 2224 2226 
3 2306 2282 2304 
3 2305 2226 2284 
3 2284 2307 2305 
3 2306 2255 2282 
3 2308 2307 2284 
3 2284 2227 2308 
3 2227 2309 2308 
3 2257 2256 2310 
3 2256 2255 2310 
3 2227 2285 2309 
3 2285 2311 2309 
3 2257 2312 2313 
3 2285 2258 2311 
3 2257 2313 2259 
3 2287 2311 2258 
3 2259 2313 2261 
3 2286 2260 2314 
3 2315 2289 2261 
3 2316 2314 2260 
3 2260 2288 2316 
3 2317 2316 2290 
3 2288 2290 2316 
3 2237 2289 2291 
3 2263 2292 2317 
3 2290 2263 2317 
3 2318 2239 2291 
3 2292 2239 2318 
3 2291 2239 2238 
3 2319 2267 2240 
3 2240 2268 2319 
3 2268 2269 2319 
3 2294 2320 2295 
3 2320 2294 2293 
3 2321 2270 2271 
3 2322 2321 2271 
3 2271 2272 2322 
3 2296 2297 2323 
3 2272 2299 2322 
3 2323 2298 2296 
3 2324 2322 2299 
3 2300 2298 2323 
3 2299 2273 2324 
3 2324 2273 2325 
3 2273 2244 2325 
3 2244 2326 2325 
3 2326 2244 2276 
3 2276 2327 2326 
3 2276 2301 2327 
3 2327 2301 2302 
3 2280 2328 2278 
3 2304 2303 2329 
3 2328 2280 2305 
3 2305 2330 2328 
3 2306 2304 2331 
3 2305 2332 2330 
3 2332 2305 2307 
3 2331 2333 2306 
3 2255 2306 2333 
3 2255 2333 2310 
3 2308 2334 2307 
3 2334 2308 2309 
3 2257 2310 2312 
3 2311 2287 2335 
3 2336 2337 2313 
3 2338 2287 2286 
3 2337 2261 2313 
3 2286 2314 2338 
3 2339 2315 2261 
3 2261 2337 2339 
3 2316 2338 2314 
3 2315 2339 2340 
3 2340 2289 2315 
3 2289 2340 2291 
3 2317 2292 2341 
3 2318 2341 2292 
3 2267 2342 2343 
3 2342 2267 2319 
3 2319 2344 2342 
3 2293 2343 2345 
3 2343 2293 2267 
3 2346 2319 2269 
3 2269 2347 2346 
3 2293 2345 2320 
3 2269 2270 2347 
3 2321 2347 2270 
3 2295 2320 2348 
3 2348 2297 2295 
3 2324 2349 2322 
3 2324 2325 2349 
3 2350 2349 2325 
3 2325 2326 2350 
3 2351 2274 2300 
3 2274 2351 2352 
3 2352 2275 2274 
3 2353 2275 2352 
3 2353 2247 2275 
3 2353 2303 2247 
3 2331 2304 2329 
3 2307 2354 2332 
3 2307 2334 2354 
3 2312 2310 2333 
3 2336 2312 2333 
3 2355 2334 2309 
3 2356 2355 2311 
3 2309 2311 2355 
3 2336 2313 2312 
3 2335 2356 2311 
3 2287 2338 2335 
3 2339 2337 2357 
3 2357 2340 2339 
3 2316 2317 2358 
3 2341 2358 2317 
3 2318 2291 2359 
3 2359 2341 2318 
3 2319 2360 2344 
3 2361 2345 2343 
3 2319 2346 2360 
3 2360 2346 2347 
3 2345 2361 2362 
3 2362 2320 2345 
3 2362 2348 2320 
3 2321 2363 2347 
3 2348 2362 2364 
3 2321 2322 2363 
3 2364 2323 2297 
3 2297 2348 2364 
3 2349 2363 2322 
3 2365 2300 2323 
3 2366 2349 2350 
3 2350 2326 2366 
3 2327 2367 2368 
3 2368 2326 2327 
3 2368 2366 2326 
3 2369 2367 2327 
3 2327 2370 2369 
3 2327 2302 2370 
3 2278 2371 2302 
3 2371 2278 2328 
3 2328 2330 2372 
3 2330 2332 2372 
3 2332 2373 2372 
3 2373 2332 2354 
3 2374 2337 2336 
3 2335 2338 2375 
3 2337 2374 2357 
3 2338 2316 2375 
3 2340 2357 2376 
3 2376 2291 2340 
3 2377 2358 2341 
3 2291 2378 2359 
3 2342 2379 2343 
3 2342 2380 2379 
3 2380 2342 2344 
3 2380 2344 2360 
3 2381 2360 2347 
3 2347 2363 2381 
3 2364 2382 2323 
3 2381 2363 2383 
3 2363 2349 2383 
3 2384 2383 2349 
3 2365 2323 2385 
3 2349 2366 2384 
3 2366 2386 2384 
3 2351 2300 2365 
3 2366 2368 2386 
3 2387 2386 2368 
3 2351 2365 2388 
3 2387 2368 2367 
3 2351 2388 2389 
3 2387 2367 2369 
3 2389 2352 2351 
3 2387 2369 2390 
3 2369 2370 2390 
3 2391 2387 2390 
3 2391 2390 2370 
3 2352 2389 2392 
3 2391 2370 2302 
3 2392 2353 2352 
3 2353 2392 2393 
3 2393 2303 2353 
3 2393 2329 2303 
3 2328 2394 2371 
3 2328 2372 2394 
3 2372 2395 2394 
3 2331 2329 2396 
3 2373 2395 2372 
3 2333 2331 2397 
3 2398 2373 2354 
3 2354 2334 2399 
3 2399 2398 2354 
3 2400 2336 2333 
3 2334 2355 2399 
3 2355 2401 2399 
3 2355 2356 2401 
3 2336 2400 2402 
3 2356 2335 2401 
3 2403 2374 2336 
3 2404 2357 2374 
3 2374 2403 2404 
3 2335 2375 2405 
3 2357 2404 2406 
3 2407 2405 2375 
3 2406 2376 2357 
3 2375 2316 2407 
3 2376 2406 2408 
3 2377 2409 2358 
3 2316 2358 2407 
3 2358 2409 2407 
3 2378 2291 2376 
3 2376 2408 2378 
3 2410 2377 2341 
3 2410 2359 2378 
3 2359 2410 2341 
3 2343 2379 2411 
3 2361 2411 2412 
3 2411 2361 2343 
3 2360 2381 2413 
3 2412 2362 2361 
3 2364 2412 2382 
3 2412 2364 2362 
3 2414 2323 2382 
3 2383 2384 2415 
3 2323 2414 2416 
3 2416 2385 2323 
3 2415 2384 2386 
3 2388 2365 2385 
3 2417 2386 2387 
3 2387 2418 2417 
3 2389 2388 2419 
3 2387 2391 2418 
3 2391 2420 2418 
3 2392 2389 2419 
3 2420 2391 2302 
3 2421 2393 2392 
3 2421 2329 2393 
3 2302 2422 2420 
3 2422 2302 2371 
3 2371 2394 2422 
3 2396 2329 2423 
3 2396 2397 2331 
3 2395 2373 2398 
3 2397 2400 2333 
3 2399 2401 2424 
3 2401 2425 2424 
3 2426 2425 2335 
3 2401 2335 2425 
3 2427 2403 2336 
3 2336 2402 2427 
3 2335 2405 2426 
3 2428 2404 2403 
3 2406 2404 2429 
3 2430 2431 2407 
3 2405 2407 2431 
3 2409 2430 2407 
3 2406 2429 2408 
3 2408 2410 2378 
3 2377 2410 2432 
3 2379 2380 2433 
3 2434 2411 2379 
3 2379 2433 2434 
3 2380 2360 2413 
3 2412 2411 2435 
3 2436 2413 2381 
3 2412 2437 2414 
3 2414 2382 2412 
3 2381 2438 2436 
3 2438 2415 2439 
3 2381 2383 2415 
3 2415 2438 2381 
3 2414 2440 2416 
3 2415 2386 2439 
3 2441 2439 2386 
3 2386 2442 2441 
3 2416 2388 2385 
3 2386 2417 2442 
3 2388 2443 2419 
3 2419 2444 2392 
3 2421 2423 2329 
3 2445 2422 2394 
3 2394 2446 2445 
3 2446 2394 2395 
3 2395 2447 2446 
3 2395 2398 2447 
3 2397 2396 2448 
3 2449 2397 2448 
3 2449 2400 2397 
3 2398 2399 2450 
3 2448 2451 2449 
3 2399 2452 2450 
3 2453 2449 2451 
3 2453 2400 2449 
3 2399 2424 2452 
3 2425 2452 2424 
3 2453 2402 2400 
3 2402 2453 2454 
3 2454 2427 2402 
3 2454 2403 2427 
3 2455 2425 2426 
3 2454 2428 2403 
3 2428 2454 2456 
3 2426 2405 2455 
3 2405 2431 2455 
3 2404 2428 2429 
3 2430 2409 2457 
3 2457 2431 2430 
3 2408 2429 2458 
3 2408 2458 2459 
3 2408 2459 2460 
3 2409 2377 2461 
3 2460 2410 2408 
3 2460 2462 2410 
3 2432 2410 2462 
3 2432 2461 2377 
3 2380 2463 2433 
3 2463 2380 2413 
3 2434 2464 2411 
3 2464 2435 2411 
3 2435 2437 2412 
3 2437 2440 2414 
3 2465 2416 2440 
3 2466 2438 2439 
3 2466 2439 2441 
3 2416 2467 2468 
3 2416 2465 2467 
3 2466 2441 2442 
3 2469 2466 2442 
3 2468 2388 2416 
3 2469 2442 2417 
3 2418 2469 2417 
3 2388 2468 2443 
3 2444 2470 2392 
3 2420 2445 2418 
3 2421 2392 2470 
3 2420 2422 2445 
3 2471 2423 2421 
3 2472 2446 2447 
3 2423 2473 2396 
3 2447 2398 2472 
3 2398 2450 2472 
3 2451 2448 2474 
3 2474 2453 2451 
3 2452 2425 2475 
3 2454 2453 2474 
3 2454 2474 2476 
3 2425 2455 2475 
3 2454 2476 2456 
3 2428 2456 2477 
3 2429 2428 2477 
3 2477 2478 2429 
3 2458 2429 2478 
3 2457 2409 2479 
3 2479 2480 2457 
3 2431 2457 2480 
3 2480 2481 2431 
3 2459 2458 2478 
3 2478 2462 2460 
3 2460 2459 2478 
3 2482 2479 2461 
3 2409 2461 2479 
3 2462 2482 2432 
3 2461 2432 2482 
3 2483 2433 2463 
3 2434 2483 2464 
3 2483 2434 2433 
3 2435 2464 2484 
3 2484 2437 2435 
3 2437 2484 2485 
3 2436 2438 2486 
3 2487 2486 2438 
3 2485 2440 2437 
3 2485 2465 2440 
3 2438 2466 2487 
3 2488 2465 2485 
3 2487 2466 2469 
3 2465 2488 2467 
3 2489 2469 2418 
3 2490 2443 2468 
3 2490 2419 2443 
3 2490 2444 2419 
3 2421 2470 2491 
3 2471 2421 2491 
3 2491 2492 2471 
3 2492 2423 2471 
3 2446 2493 2445 
3 2493 2446 2472 
3 2448 2396 2473 
3 2452 2494 2450 
3 2452 2475 2494 
3 2495 2494 2475 
3 2474 2496 2476 
3 2475 2455 2495 
3 2496 2497 2476 
3 2497 2456 2476 
3 2456 2497 2498 
3 2455 2431 2499 
3 2455 2499 2500 
3 2477 2456 2498 
3 2481 2499 2431 
3 2498 2478 2477 
3 2480 2479 2481 
3 2482 2462 2501 
3 2502 2413 2436 
3 2503 2464 2483 
3 2464 2503 2504 
3 2504 2484 2464 
3 2504 2485 2484 
3 2487 2469 2505 
3 2488 2468 2467 
3 2469 2489 2505 
3 2506 2468 2488 
3 2468 2506 2490 
3 2418 2507 2489 
3 2444 2490 2508 
3 2418 2509 2507 
3 2509 2418 2445 
3 2470 2444 2508 
3 2470 2508 2510 
3 2510 2491 2470 
3 2511 2491 2510 
3 2492 2491 2511 
3 2512 2445 2493 
3 2513 2423 2492 
3 2511 2513 2492 
3 2493 2514 2512 
3 2513 2473 2423 
3 2514 2493 2472 
3 2472 2515 2514 
3 2472 2450 2516 
3 2472 2516 2515 
3 2473 2517 2448 
3 2474 2448 2518 
3 2448 2517 2518 
3 2516 2450 2494 
3 2519 2474 2518 
3 2520 2516 2494 
3 2521 2520 2495 
3 2494 2495 2520 
3 2497 2496 2474 
3 2495 2455 2521 
3 2455 2500 2521 
3 2481 2522 2523 
3 2499 2481 2523 
3 2498 2524 2478 
3 2525 2522 2479 
3 2481 2479 2522 
3 2524 2462 2478 
3 2501 2525 2482 
3 2479 2482 2525 
3 2502 2463 2413 
3 2526 2483 2463 
3 2483 2526 2503 
3 2527 2502 2436 
3 2528 2504 2503 
3 2436 2486 2527 
3 2529 2527 2486 
3 2530 2485 2504 
3 2486 2487 2529 
3 2531 2488 2485 
3 2529 2487 2505 
3 2488 2531 2532 
3 2505 2489 2533 
3 2534 2533 2489 
3 2490 2506 2535 
3 2507 2509 2536 
3 2536 2489 2507 
3 2508 2490 2537 
3 2510 2508 2537 
3 2538 2509 2445 
3 2445 2512 2538 
3 2473 2513 2517 
3 2518 2517 2519 
3 2539 2540 2520 
3 2516 2520 2540 
3 2520 2521 2541 
3 2520 2541 2539 
3 2519 2497 2474 
3 2521 2500 2542 
3 2498 2497 2543 
3 2499 2523 2542 
3 2500 2499 2542 
3 2544 2545 2523 
3 2523 2522 2544 
3 2545 2542 2523 
3 2498 2543 2524 
3 2525 2544 2522 
3 2546 2462 2524 
3 2546 2501 2462 
3 2463 2547 2548 
3 2548 2526 2463 
3 2549 2528 2503 
3 2503 2526 2549 
3 2502 2527 2550 
3 2527 2551 2550 
3 2528 2530 2504 
3 2527 2529 2551 
3 2529 2552 2551 
3 2531 2485 2530 
3 2531 2530 2532 
3 2552 2529 2505 
3 2533 2553 2552 
3 2552 2505 2533 
3 2533 2554 2553 
3 2506 2488 2532 
3 2534 2489 2554 
3 2554 2533 2534 
3 2489 2555 2556 
3 2557 2535 2506 
3 2489 2536 2555 
3 2536 2558 2555 
3 2558 2536 2509 
3 2490 2535 2559 
3 2559 2537 2490 
3 2558 2509 2538 
3 2560 2510 2537 
3 2537 2561 2560 
3 2511 2510 2560 
3 2560 2562 2511 
3 2512 2563 2538 
3 2512 2514 2563 
3 2517 2513 2564 
3 2564 2565 2517 
3 2515 2516 2540 
3 2517 2566 2567 
3 2567 2568 2519 
3 2519 2517 2567 
3 2497 2519 2568 
3 2568 2569 2497 
3 2541 2521 2570 
3 2521 2542 2570 
3 2497 2569 2543 
3 2524 2543 2546 
3 2544 2525 2545 
3 2501 2546 2571 
3 2571 2572 2501 
3 2525 2501 2572 
3 2463 2502 2573 
3 2573 2547 2463 
3 2526 2574 2549 
3 2574 2526 2548 
3 2550 2575 2502 
3 2576 2528 2549 
3 2550 2551 2575 
3 2577 2528 2576 
3 2551 2578 2575 
3 2577 2530 2528 
3 2552 2578 2551 
3 2577 2532 2530 
3 2578 2552 2553 
3 2532 2577 2579 
3 2554 2580 2553 
3 2580 2554 2489 
3 2579 2506 2532 
3 2580 2489 2556 
3 2506 2579 2557 
3 2556 2555 2558 
3 2559 2535 2557 
3 2561 2537 2559 
3 2581 2560 2561 
3 2581 2562 2560 
3 2538 2563 2582 
3 2511 2562 2581 
3 2581 2513 2511 
3 2513 2581 2583 
3 2513 2583 2564 
3 2515 2563 2514 
3 2564 2583 2565 
3 2583 2566 2565 
3 2517 2565 2566 
3 2584 2515 2540 
3 2540 2585 2584 
3 2540 2539 2585 
3 2568 2567 2586 
3 2570 2587 2541 
3 2539 2541 2587 
3 2568 2588 2569 
3 2543 2569 2589 
3 2543 2589 2590 
3 2590 2591 2543 
3 2546 2543 2591 
3 2525 2592 2545 
3 2542 2545 2592 
3 2546 2591 2593 
3 2546 2593 2594 
3 2594 2571 2546 
3 2571 2594 2595 
3 2595 2572 2571 
3 2596 2547 2573 
3 2597 2573 2502 
3 2548 2598 2574 
3 2547 2598 2548 
3 2599 2597 2502 
3 2600 2599 2502 
3 2575 2600 2502 
3 2575 2578 2601 
3 2602 2601 2578 
3 2602 2578 2553 
3 2603 2604 2602 
3 2602 2553 2603 
3 2553 2580 2603 
3 2603 2580 2556 
3 2558 2603 2556 
3 2557 2579 2605 
3 2557 2605 2559 
3 2538 2606 2558 
3 2606 2538 2582 
3 2563 2515 2607 
3 2566 2583 2608 
3 2515 2609 2607 
3 2515 2584 2609 
3 2608 2610 2566 
3 2586 2566 2610 
3 2586 2567 2566 
3 2609 2584 2585 
3 2586 2610 2611 
3 2586 2611 2568 
3 2585 2539 2612 
3 2611 2588 2568 
3 2587 2612 2539 
3 2569 2588 2589 
3 2570 2542 2613 
3 2542 2592 2614 
3 2614 2613 2542 
3 2590 2615 2591 
3 2592 2525 2616 
3 2616 2617 2592 
3 2617 2614 2592 
3 2615 2593 2591 
3 2593 2615 2618 
3 2594 2593 2618 
3 2594 2618 2595 
3 2572 2616 2525 
3 2547 2596 2598 
3 2619 2596 2573 
3 2620 2573 2597 
3 2621 2574 2598 
3 2597 2599 2620 
3 2599 2600 2622 
3 2622 2620 2599 
3 2623 2549 2574 
3 2574 2621 2623 
3 2622 2600 2575 
3 2549 2623 2576 
3 2575 2601 2624 
3 2624 2602 2625 
3 2624 2601 2602 
3 2626 2579 2577 
3 2603 2627 2604 
3 2627 2603 2558 
3 2628 2559 2605 
3 2558 2606 2629 
3 2630 2561 2559 
3 2629 2606 2582 
3 2581 2561 2630 
3 2631 2608 2583 
3 2632 2607 2609 
3 2611 2610 2608 
3 2609 2585 2633 
3 2633 2585 2612 
3 2634 2588 2611 
3 2587 2570 2612 
3 2589 2588 2634 
3 2635 2612 2570 
3 2589 2634 2636 
3 2613 2635 2570 
3 2636 2637 2590 
3 2590 2589 2636 
3 2590 2637 2615 
3 2618 2615 2638 
3 2595 2618 2638 
3 2638 2639 2595 
3 2572 2639 2640 
3 2640 2616 2572 
3 2639 2572 2595 
3 2619 2641 2596 
3 2641 2598 2596 
3 2620 2619 2573 
3 2598 2641 2642 
3 2642 2621 2598 
3 2623 2643 2644 
3 2643 2623 2621 
3 2621 2642 2643 
3 2645 2622 2575 
3 2645 2575 2646 
3 2576 2644 2647 
3 2644 2576 2623 
3 2646 2575 2624 
3 2648 2646 2624 
3 2647 2577 2576 
3 2577 2647 2649 
3 2624 2625 2648 
3 2577 2649 2650 
3 2602 2604 2625 
3 2650 2626 2577 
3 2604 2651 2625 
3 2604 2627 2651 
3 2579 2626 2652 
3 2652 2605 2579 
3 2605 2652 2628 
3 2558 2653 2627 
3 2653 2558 2629 
3 2559 2628 2654 
3 2654 2630 2559 
3 2630 2654 2655 
3 2656 2629 2582 
3 2630 2655 2581 
3 2656 2582 2563 
3 2563 2657 2656 
3 2658 2583 2581 
3 2563 2659 2657 
3 2631 2583 2658 
3 2659 2563 2607 
3 2632 2659 2607 
3 2631 2660 2608 
3 2632 2609 2661 
3 2661 2609 2633 
3 2608 2660 2611 
3 2633 2612 2662 
3 2612 2663 2662 
3 2664 2663 2635 
3 2612 2635 2663 
3 2635 2613 2665 
3 2665 2664 2635 
3 2613 2614 2665 
3 2666 2614 2617 
3 2615 2637 2667 
3 2638 2615 2667 
3 2668 2666 2616 
3 2617 2616 2666 
3 2638 2667 2639 
3 2616 2640 2668 
3 2619 2669 2641 
3 2620 2669 2619 
3 2622 2645 2620 
3 2670 2645 2646 
3 2646 2648 2670 
3 2671 2670 2648 
3 2671 2648 2625 
3 2649 2647 2672 
3 2673 2671 2625 
3 2672 2650 2649 
3 2650 2672 2674 
3 2673 2625 2675 
3 2625 2651 2675 
3 2650 2674 2676 
3 2676 2626 2650 
3 2675 2651 2627 
3 2627 2677 2675 
3 2676 2652 2626 
3 2678 2652 2676 
3 2678 2628 2652 
3 2677 2627 2653 
3 2628 2679 2654 
3 2657 2680 2656 
3 2657 2659 2680 
3 2658 2660 2631 
3 2681 2611 2660 
3 2661 2633 2682 
3 2681 2683 2611 
3 2633 2662 2682 
3 2611 2683 2634 
3 2662 2663 2684 
3 2683 2636 2634 
3 2636 2683 2685 
3 2663 2664 2686 
3 2686 2684 2663 
3 2664 2665 2686 
3 2685 2637 2636 
3 2665 2614 2687 
3 2637 2685 2688 
3 2688 2667 2637 
3 2614 2666 2687 
3 2689 2639 2667 
3 2666 2668 2690 
3 2690 2687 2666 
3 2689 2691 2639 
3 2640 2639 2691 
3 2691 2668 2640 
3 2692 2641 2669 
3 2693 2669 2620 
3 2620 2694 2693 
3 2642 2692 2695 
3 2692 2642 2641 
3 2620 2645 2694 
3 2642 2695 2643 
3 2696 2694 2645 
3 2644 2643 2697 
3 2696 2645 2670 
3 2697 2647 2644 
3 2671 2673 2670 
3 2676 2674 2678 
3 2698 2628 2678 
3 2628 2698 2699 
3 2699 2679 2628 
3 2629 2700 2653 
3 2679 2699 2701 
3 2701 2654 2679 
3 2654 2701 2702 
3 2700 2629 2656 
3 2655 2654 2702 
3 2656 2680 2700 
3 2655 2703 2581 
3 2658 2581 2703 
3 2680 2659 2704 
3 2703 2705 2658 
3 2659 2706 2704 
3 2660 2658 2705 
3 2706 2659 2632 
3 2707 2706 2632 
3 2632 2661 2707 
3 2681 2660 2708 
3 2682 2707 2661 
3 2708 2683 2681 
3 2683 2708 2709 
3 2662 2684 2682 
3 2710 2685 2683 
3 2683 2709 2710 
3 2686 2665 2687 
3 2691 2690 2668 
3 2711 2692 2669 
3 2669 2693 2711 
3 2693 2694 2712 
3 2694 2696 2712 
3 2697 2643 2695 
3 2713 2647 2697 
3 2714 2696 2670 
3 2673 2714 2670 
3 2647 2713 2715 
3 2672 2715 2716 
3 2715 2672 2647 
3 2672 2716 2674 
3 2673 2675 2717 
3 2674 2716 2718 
3 2674 2718 2719 
3 2675 2677 2717 
3 2720 2717 2677 
3 2678 2719 2721 
3 2719 2678 2674 
3 2677 2653 2720 
3 2698 2678 2721 
3 2722 2653 2700 
3 2723 2701 2699 
3 2701 2724 2702 
3 2724 2655 2702 
3 2655 2724 2703 
3 2706 2725 2704 
3 2705 2726 2660 
3 2725 2706 2707 
3 2726 2708 2660 
3 2726 2727 2708 
3 2707 2682 2728 
3 2728 2729 2707 
3 2727 2730 2708 
3 2730 2731 2709 
3 2708 2730 2709 
3 2732 2728 2682 
3 2682 2684 2732 
3 2684 2686 2733 
3 2688 2685 2710 
3 2686 2687 2734 
3 2686 2734 2733 
3 2735 2734 2687 
3 2736 2667 2688 
3 2687 2690 2735 
3 2736 2689 2667 
3 2691 2689 2737 
3 2689 2736 2737 
3 2690 2691 2738 
3 2739 2692 2711 
3 2739 2711 2693 
3 2693 2712 2739 
3 2740 2695 2692 
3 2741 2712 2696 
3 2740 2742 2695 
3 2742 2697 2695 
3 2696 2743 2741 
3 2714 2741 2743 
3 2696 2714 2743 
3 2714 2673 2744 
3 2673 2745 2744 
3 2716 2715 2718 
3 2746 2745 2673 
3 2746 2673 2717 
3 2720 2747 2746 
3 2746 2717 2720 
3 2722 2720 2653 
3 2698 2721 2748 
3 2748 2699 2698 
3 2748 2723 2699 
3 2748 2724 2723 
3 2722 2700 2749 
3 2724 2701 2723 
3 2749 2700 2680 
3 2726 2705 2750 
3 2726 2750 2751 
3 2725 2707 2729 
3 2751 2752 2726 
3 2752 2753 2727 
3 2727 2726 2752 
3 2729 2728 2754 
3 2753 2730 2727 
3 2753 2731 2730 
3 2728 2732 2754 
3 2709 2731 2755 
3 2684 2733 2732 
3 2710 2709 2755 
3 2755 2688 2710 
3 2688 2755 2756 
3 2757 2733 2734 
3 2735 2757 2734 
3 2688 2758 2736 
3 2737 2736 2758 
3 2738 2691 2737 
3 2741 2759 2712 
3 2739 2740 2692 
3 2741 2714 2760 
3 2761 2697 2742 
3 2761 2713 2697 
3 2760 2714 2744 
3 2762 2715 2713 
3 2713 2761 2762 
3 2715 2762 2763 
3 2745 2764 2744 
3 2763 2718 2715 
3 2746 2747 2764 
3 2764 2745 2746 
3 2765 2718 2763 
3 2720 2766 2767 
3 2767 2747 2720 
3 2765 2719 2718 
3 2720 2768 2766 
3 2719 2765 2769 
3 2720 2770 2768 
3 2769 2721 2719 
3 2770 2720 2722 
3 2721 2769 2771 
3 2722 2772 2770 
3 2721 2771 2748 
3 2749 2772 2722 
3 2680 2773 2749 
3 2680 2774 2773 
3 2724 2775 2703 
3 2774 2680 2704 
3 2776 2703 2775 
3 2776 2705 2703 
3 2704 2777 2774 
3 2776 2750 2705 
3 2704 2725 2777 
3 2777 2725 2729 
3 2751 2750 2778 
3 2778 2779 2752 
3 2752 2751 2778 
3 2753 2752 2779 
3 2731 2753 2779 
3 2754 2732 2780 
3 2781 2780 2732 
3 2782 2781 2733 
3 2732 2733 2781 
3 2733 2757 2782 
3 2783 2688 2756 
3 2688 2783 2758 
3 2784 2735 2690 
3 2758 2785 2737 
3 2738 2737 2785 
3 2785 2784 2738 
3 2690 2738 2784 
3 2739 2786 2787 
3 2759 2787 2786 
3 2739 2712 2786 
3 2759 2786 2712 
3 2788 2740 2739 
3 2788 2789 2740 
3 2742 2789 2790 
3 2789 2742 2740 
3 2790 2761 2742 
3 2744 2791 2760 
3 2792 2763 2762 
3 2744 2764 2791 
3 2765 2793 2794 
3 2793 2765 2763 
3 2767 2764 2747 
3 2767 2766 2768 
3 2795 2767 2768 
3 2794 2769 2765 
3 2795 2768 2770 
3 2770 2796 2795 
3 2770 2772 2796 
3 2797 2724 2748 
3 2749 2798 2772 
3 2749 2773 2798 
3 2797 2799 2724 
3 2724 2799 2775 
3 2775 2800 2776 
3 2776 2800 2750 
3 2800 2801 2750 
3 2729 2802 2777 
3 2801 2778 2750 
3 2801 2779 2778 
3 2803 2802 2729 
3 2729 2754 2803 
3 2754 2780 2804 
3 2804 2803 2754 
3 2731 2779 2805 
3 2731 2805 2806 
3 2807 2804 2780 
3 2780 2781 2807 
3 2806 2755 2731 
3 2755 2806 2808 
3 2756 2755 2808 
3 2756 2808 2783 
3 2809 2782 2757 
3 2735 2784 2810 
3 2810 2809 2735 
3 2757 2735 2809 
3 2758 2784 2785 
3 2739 2811 2788 
3 2811 2739 2787 
3 2812 2787 2759 
3 2759 2741 2813 
3 2813 2812 2759 
3 2789 2814 2790 
3 2815 2761 2790 
3 2790 2814 2815 
3 2762 2815 2816 
3 2815 2762 2761 
3 2816 2792 2762 
3 2791 2817 2760 
3 2764 2817 2791 
3 2816 2763 2792 
3 2816 2793 2763 
3 2767 2818 2817 
3 2817 2764 2767 
3 2818 2767 2795 
3 2769 2794 2819 
3 2819 2771 2769 
3 2796 2820 2795 
3 2771 2819 2821 
3 2820 2796 2772 
3 2821 2822 2771 
3 2822 2748 2771 
3 2822 2797 2748 
3 2774 2823 2773 
3 2824 2774 2777 
3 2779 2801 2825 
3 2779 2825 2805 
3 2807 2826 2804 
3 2806 2805 2827 
3 2807 2781 2826 
3 2781 2782 2828 
3 2783 2808 2829 
3 2830 2828 2782 
3 2782 2809 2830 
3 2810 2784 2831 
3 2809 2810 2831 
3 2831 2830 2809 
3 2829 2758 2783 
3 2784 2758 2832 
3 2833 2834 2813 
3 2813 2741 2833 
3 2760 2835 2836 
3 2836 2741 2760 
3 2836 2833 2741 
3 2788 2837 2789 
3 2838 2835 2760 
3 2839 2838 2760 
3 2840 2814 2789 
3 2839 2760 2841 
3 2840 2815 2814 
3 2841 2760 2817 
3 2840 2816 2815 
3 2794 2793 2842 
3 2843 2817 2818 
3 2843 2818 2795 
3 2843 2795 2820 
3 2844 2843 2820 
3 2845 2819 2794 
3 2845 2821 2819 
3 2821 2845 2846 
3 2847 2820 2772 
3 2846 2822 2821 
3 2772 2798 2847 
3 2797 2822 2848 
3 2798 2773 2823 
3 2823 2849 2798 
3 2848 2799 2797 
3 2848 2775 2799 
3 2848 2850 2775 
3 2775 2850 2851 
3 2851 2800 2775 
3 2824 2823 2774 
3 2800 2851 2852 
3 2852 2801 2800 
3 2802 2853 2824 
3 2824 2777 2802 
3 2802 2803 2854 
3 2827 2805 2825 
3 2804 2854 2803 
3 2827 2855 2806 
3 2826 2781 2856 
3 2806 2855 2808 
3 2781 2828 2856 
3 2829 2808 2857 
3 2830 2831 2858 
3 2758 2829 2859 
3 2758 2859 2832 
3 2860 2858 2784 
3 2831 2784 2858 
3 2860 2784 2832 
3 2788 2811 2837 
3 2811 2861 2837 
3 2787 2812 2862 
3 2812 2813 2862 
3 2813 2834 2862 
3 2833 2835 2834 
3 2833 2836 2835 
3 2863 2789 2837 
3 2789 2863 2840 
3 2835 2838 2839 
3 2839 2864 2835 
3 2864 2839 2841 
3 2864 2841 2817 
3 2843 2865 2817 
3 2866 2793 2816 
3 2793 2866 2842 
3 2867 2843 2844 
3 2845 2842 2868 
3 2842 2845 2794 
3 2867 2844 2820 
3 2820 2847 2867 
3 2845 2868 2869 
3 2846 2845 2869 
3 2870 2822 2846 
3 2846 2869 2870 
3 2848 2822 2870 
3 2849 2847 2798 
3 2848 2871 2850 
3 2850 2872 2851 
3 2872 2852 2851 
3 2823 2824 2873 
3 2852 2874 2875 
3 2873 2824 2853 
3 2801 2852 2875 
3 2801 2875 2825 
3 2802 2876 2853 
3 2802 2854 2876 
3 2804 2826 2877 
3 2877 2854 2804 
3 2827 2825 2878 
3 2878 2855 2827 
3 2878 2879 2855 
3 2880 2808 2855 
3 2855 2879 2880 
3 2880 2857 2808 
3 2881 2856 2828 
3 2882 2881 2828 
3 2829 2857 2883 
3 2883 2859 2829 
3 2884 2882 2858 
3 2830 2858 2882 
3 2882 2828 2830 
3 2885 2832 2859 
3 2885 2860 2832 
3 2860 2884 2858 
3 2811 2886 2861 
3 2886 2811 2787 
3 2862 2887 2787 
3 2862 2834 2888 
3 2888 2887 2862 
3 2889 2834 2835 
3 2889 2888 2834 
3 2890 2889 2835 
3 2891 2890 2835 
3 2835 2864 2891 
3 2892 2864 2817 
3 2893 2816 2840 
3 2894 2892 2817 
3 2816 2893 2866 
3 2894 2817 2865 
3 2843 2895 2865 
3 2895 2843 2867 
3 2896 2867 2847 
3 2849 2896 2847 
3 2897 2848 2870 
3 2823 2898 2849 
3 2823 2899 2898 
3 2823 2900 2899 
3 2871 2872 2850 
3 2900 2823 2873 
3 2872 2874 2852 
3 2874 2872 2901 
3 2901 2902 2875 
3 2875 2874 2901 
3 2853 2876 2873 
3 2903 2875 2902 
3 2903 2902 2904 
3 2825 2875 2903 
3 2903 2904 2825 
3 2877 2876 2854 
3 2877 2826 2905 
3 2904 2906 2878 
3 2825 2904 2878 
3 2878 2906 2879 
3 2826 2856 2907 
3 2907 2905 2826 
3 2908 2907 2856 
3 2909 2908 2881 
3 2856 2881 2908 
3 2880 2883 2857 
3 2883 2880 2910 
3 2881 2882 2911 
3 2911 2909 2881 
3 2910 2912 2883 
3 2912 2859 2883 
3 2884 2911 2882 
3 2912 2885 2859 
3 2885 2884 2860 
3 2913 2861 2886 
3 2914 2886 2787 
3 2887 2914 2787 
3 2913 2837 2861 
3 2891 2889 2890 
3 2891 2888 2889 
3 2837 2913 2915 
3 2863 2915 2916 
3 2915 2863 2837 
3 2864 2917 2891 
3 2863 2916 2918 
3 2863 2918 2893 
3 2893 2840 2863 
3 2919 2864 2892 
3 2920 2919 2892 
3 2920 2892 2894 
3 2920 2894 2921 
3 2894 2865 2921 
3 2921 2865 2895 
3 2922 2842 2866 
3 2923 2842 2922 
3 2924 2895 2867 
3 2923 2868 2842 
3 2868 2923 2869 
3 2924 2867 2896 
3 2870 2869 2925 
3 2925 2926 2870 
3 2870 2926 2927 
3 2927 2897 2870 
3 2897 2927 2871 
3 2871 2848 2897 
3 2928 2849 2898 
3 2898 2899 2928 
3 2929 2900 2873 
3 2901 2872 2902 
3 2929 2873 2876 
3 2876 2930 2929 
3 2876 2931 2930 
3 2876 2877 2931 
3 2877 2932 2931 
3 2877 2905 2932 
3 2905 2907 2933 
3 2933 2932 2905 
3 2934 2879 2906 
3 2908 2935 2907 
3 2910 2880 2879 
3 2879 2934 2910 
3 2908 2909 2935 
3 2911 2936 2909 
3 2911 2884 2936 
3 2912 2937 2885 
3 2884 2885 2937 
3 2886 2938 2913 
3 2886 2914 2938 
3 2888 2891 2939 
3 2891 2917 2939 
3 2917 2864 2940 
3 2940 2864 2919 
3 2941 2893 2918 
3 2893 2941 2942 
3 2940 2919 2920 
3 2940 2920 2921 
3 2921 2943 2940 
3 2922 2866 2893 
3 2893 2942 2922 
3 2943 2921 2895 
3 2895 2924 2943 
3 2869 2923 2944 
3 2945 2925 2869 
3 2849 2928 2896 
3 2945 2926 2925 
3 2871 2927 2926 
3 2872 2871 2946 
3 2946 2902 2872 
3 2930 2947 2929 
3 2947 2900 2929 
3 2902 2948 2949 
3 2904 2902 2949 
3 2950 2904 2949 
3 2950 2906 2904 
3 2934 2906 2950 
3 2933 2907 2935 
3 2934 2950 2951 
3 2951 2910 2934 
3 2936 2884 2937 
3 2938 2914 2887 
3 2913 2938 2952 
3 2887 2888 2953 
3 2953 2954 2887 
3 2953 2888 2939 
3 2913 2952 2955 
3 2955 2915 2913 
3 2917 2956 2939 
3 2956 2917 2940 
3 2915 2955 2916 
3 2942 2941 2957 
3 2957 2922 2942 
3 2923 2922 2958 
3 2944 2923 2958 
3 2958 2959 2944 
3 2960 2924 2896 
3 2945 2869 2944 
3 2960 2896 2928 
3 2945 2961 2926 
3 2926 2961 2871 
3 2928 2899 2962 
3 2900 2963 2899 
3 2964 2930 2931 
3 2948 2950 2949 
3 2931 2932 2964 
3 2933 2965 2932 
3 2965 2964 2932 
3 2966 2951 2950 
3 2966 2910 2951 
3 2909 2967 2935 
3 2936 2968 2969 
3 2909 2936 2969 
3 2912 2910 2970 
3 2970 2937 2912 
3 2936 2937 2971 
3 2971 2968 2936 
3 2887 2954 2972 
3 2973 2938 2887 
3 2974 2954 2953 
3 2975 2952 2938 
3 2938 2973 2975 
3 2952 2975 2955 
3 2953 2939 2974 
3 2974 2939 2976 
3 2939 2956 2976 
3 2956 2940 2976 
3 2976 2940 2977 
3 2978 2979 2916 
3 2978 2916 2955 
3 2980 2981 2941 
3 2941 2979 2980 
3 2918 2916 2979 
3 2979 2941 2918 
3 2979 2978 2980 
3 2957 2941 2981 
3 2982 2940 2943 
3 2943 2983 2982 
3 2922 2957 2984 
3 2922 2984 2958 
3 2943 2924 2983 
3 2959 2945 2944 
3 2962 2960 2928 
3 2985 2871 2961 
3 2985 2986 2871 
3 2899 2963 2962 
3 2986 2946 2871 
3 2902 2946 2987 
3 2948 2902 2987 
3 2930 2988 2947 
3 2988 2930 2964 
3 2989 2948 2990 
3 2989 2950 2948 
3 2965 2933 2991 
3 2989 2966 2950 
3 2933 2935 2992 
3 2992 2991 2933 
3 2993 2910 2966 
3 2967 2992 2935 
3 2910 2993 2994 
3 2969 2967 2909 
3 2970 2910 2994 
3 2970 2994 2995 
3 2995 2937 2970 
3 2995 2971 2937 
3 2973 2887 2972 
3 2996 2975 2973 
3 2997 2954 2974 
3 2998 2997 2974 
3 2999 2955 2975 
3 2976 3000 2998 
3 2998 2974 2976 
3 2955 2999 2978 
3 2976 2977 3000 
3 3001 2977 2940 
3 2980 2978 2981 
3 3001 2940 3002 
3 3002 2940 2982 
3 3002 2982 2983 
3 2958 2984 3003 
3 2983 2924 2960 
3 2958 3003 2959 
3 2960 2962 3004 
3 3005 2945 2959 
3 3005 2961 2945 
3 3006 2986 2985 
3 2963 3007 2962 
3 3008 2946 2986 
3 2986 3006 3008 
3 3009 3007 2963 
3 2963 2900 3009 
3 3008 2987 2946 
3 3008 3010 2987 
3 2900 2947 3009 
3 2948 2987 3010 
3 2988 3011 2947 
3 3010 2990 2948 
3 2989 2990 3012 
3 2988 2964 3013 
3 2965 2991 3013 
3 2964 2965 3013 
3 3012 2966 2989 
3 2966 3012 3014 
3 3014 2993 2966 
3 2991 2992 3015 
3 2992 2967 3016 
3 2992 3016 3015 
3 2994 2993 2995 
3 2967 2969 3017 
3 3017 3016 2967 
3 2968 3017 2969 
3 2971 2995 3018 
3 2968 2971 3018 
3 3019 3020 2973 
3 3019 2973 2972 
3 2972 3021 3019 
3 3021 2972 2954 
3 3021 2954 2997 
3 3020 2996 2973 
3 3022 2997 2998 
3 2996 2999 2975 
3 3000 3023 3022 
3 3000 3022 2998 
3 3024 2978 2999 
3 3023 3000 3001 
3 3000 2977 3001 
3 3024 2981 2978 
3 2957 2981 3025 
3 2984 3025 3026 
3 3025 2984 2957 
3 3027 3002 2983 
3 2983 3004 3027 
3 3026 3003 2984 
3 2983 2960 3004 
3 3028 2959 3003 
3 3005 2959 3028 
3 2962 3029 3004 
3 2962 3030 3029 
3 2985 2961 3005 
3 3030 2962 3007 
3 3008 3006 3031 
3 3010 3008 3031 
3 3011 3009 2947 
3 2988 3032 3011 
3 2990 3033 3012 
3 2988 3013 3032 
3 3013 2991 3015 
3 3015 3032 3013 
3 2993 3014 3034 
3 3035 3036 3016 
3 3015 3016 3036 
3 2995 2993 3034 
3 3016 3017 3035 
3 3022 3021 2997 
3 3037 3022 3023 
3 3023 3001 3037 
3 3001 3038 3037 
3 3039 2981 3024 
3 3038 3001 3002 
3 2981 3039 3025 
3 3027 3038 3002 
3 3004 3040 3027 
3 3003 3026 3041 
3 3041 3028 3003 
3 3028 3041 3042 
3 3042 3005 3028 
3 3042 3043 3005 
3 2985 3005 3043 
3 2985 3043 3044 
3 3045 3030 3007 
3 3007 3046 3045 
3 3046 3007 3009 
3 3009 3047 3046 
3 3031 3048 3010 
3 3011 3047 3009 
3 3048 3049 3010 
3 2990 3010 3049 
3 3049 3033 2990 
3 3011 3032 3050 
3 3033 3049 3051 
3 3032 3052 3050 
3 3051 3012 3033 
3 3012 3051 3014 
3 3053 3052 3015 
3 3032 3015 3052 
3 3015 3036 3053 
3 3035 3017 3054 
3 2995 3034 3055 
3 2995 3055 3056 
3 3018 3057 2968 
3 3017 2968 3057 
3 3017 3057 3054 
3 2995 3056 3018 
3 3021 3058 3019 
3 3021 3022 3058 
3 3059 3020 3019 
3 3059 2996 3020 
3 2996 3059 2999 
3 2999 3060 3024 
3 3061 3025 3039 
3 3062 3038 3027 
3 3025 3061 3026 
3 3063 3062 3027 
3 3027 3040 3063 
3 3064 3041 3026 
3 3004 3029 3040 
3 3041 3064 3042 
3 3042 3064 3043 
3 3065 3029 3030 
3 3065 3066 3029 
3 3045 3065 3030 
3 3067 3006 2985 
3 2985 3044 3067 
3 3046 3065 3045 
3 3068 3031 3006 
3 3068 3048 3031 
3 3069 3049 3048 
3 3069 3070 3049 
3 3071 3011 3050 
3 3070 3051 3049 
3 3072 3050 3052 
3 3053 3072 3052 
3 3053 3036 3073 
3 3074 3034 3014 
3 3075 3073 3035 
3 3036 3035 3073 
3 3034 3074 3055 
3 3054 3057 3075 
3 3035 3054 3075 
3 3056 3055 3076 
3 3056 3057 3018 
3 3019 3058 3077 
3 3078 3059 3019 
3 3079 3058 3022 
3 3022 3037 3079 
3 3060 2999 3059 
3 3024 3060 3080 
3 3080 3039 3024 
3 3081 3038 3062 
3 3082 3026 3061 
3 3063 3040 3062 
3 3026 3082 3083 
3 3083 3064 3026 
3 3040 3029 3066 
3 3065 3046 3084 
3 3068 3006 3067 
3 3084 3046 3085 
3 3085 3046 3047 
3 3069 3048 3068 
3 3071 3086 3047 
3 3047 3011 3071 
3 3070 3069 3068 
3 3071 3050 3087 
3 3050 3088 3087 
3 3089 3051 3070 
3 3051 3089 3090 
3 3091 3088 3072 
3 3050 3072 3088 
3 3090 3014 3051 
3 3092 3091 3053 
3 3072 3053 3091 
3 3014 3090 3093 
3 3014 3093 3094 
3 3053 3073 3092 
3 3094 3074 3014 
3 3076 3055 3074 
3 3074 3094 3076 
3 3075 3057 3095 
3 3076 3096 3056 
3 3057 3056 3096 
3 3096 3095 3057 
3 3019 3077 3097 
3 3098 3077 3058 
3 3079 3098 3058 
3 3019 3097 3078 
3 3099 3079 3037 
3 3059 3078 3100 
3 3038 3099 3037 
3 3100 3060 3059 
3 3101 3080 3060 
3 3080 3101 3102 
3 3102 3039 3080 
3 3102 3061 3039 
3 3103 3081 3062 
3 3061 3102 3082 
3 3062 3040 3103 
3 3104 3083 3082 
3 3083 3104 3105 
3 3066 3103 3040 
3 3105 3064 3083 
3 3064 3106 3043 
3 3043 3106 3044 
3 3067 3044 3107 
3 3107 3108 3067 
3 3068 3067 3108 
3 3047 3086 3085 
3 3086 3071 3087 
3 3109 3070 3068 
3 3109 3089 3070 
3 3110 3089 3109 
3 3087 3088 3111 
3 3090 3089 3110 
3 3112 3111 3088 
3 3110 3113 3090 
3 3088 3091 3114 
3 3114 3112 3088 
3 3092 3114 3091 
3 3113 3093 3090 
3 3093 3113 3115 
3 3115 3094 3093 
3 3092 3073 3116 
3 3073 3075 3117 
3 3117 3116 3073 
3 3095 3117 3075 
3 3118 3119 3098 
3 3098 3079 3118 
3 3079 3120 3118 
3 3078 3097 3121 
3 3120 3079 3099 
3 3121 3100 3078 
3 3038 3122 3120 
3 3120 3099 3038 
3 3123 3060 3100 
3 3100 3121 3123 
3 3060 3123 3101 
3 3038 3124 3122 
3 3124 3038 3081 
3 3101 3125 3102 
3 3081 3126 3124 
3 3081 3127 3126 
3 3127 3081 3103 
3 3066 3128 3103 
3 3106 3064 3105 
3 3066 3129 3128 
3 3130 3044 3106 
3 3130 3107 3044 
3 3129 3066 3065 
3 3129 3065 3084 
3 3084 3131 3129 
3 3131 3084 3085 
3 3086 3132 3085 
3 3086 3133 3132 
3 3133 3086 3087 
3 3087 3134 3133 
3 3112 3134 3111 
3 3087 3111 3134 
3 3135 3110 3109 
3 3135 3113 3110 
3 3113 3135 3136 
3 3137 3114 3092 
3 3113 3136 3115 
3 3115 3138 3094 
3 3092 3116 3137 
3 3116 3117 3137 
3 3117 3139 3137 
3 3076 3094 3140 
3 3095 3141 3117 
3 3096 3076 3142 
3 3077 3143 3144 
3 3143 3077 3098 
3 3098 3119 3143 
3 3145 3097 3077 
3 3144 3145 3077 
3 3120 3119 3118 
3 3097 3145 3121 
3 3120 3122 3146 
3 3122 3147 3146 
3 3101 3123 3148 
3 3122 3124 3147 
3 3124 3149 3147 
3 3148 3125 3101 
3 3124 3126 3149 
3 3150 3082 3102 
3 3102 3125 3150 
3 3082 3150 3151 
3 3151 3104 3082 
3 3103 3152 3127 
3 3103 3128 3152 
3 3105 3153 3106 
3 3130 3106 3154 
3 3130 3155 3107 
3 3107 3155 3108 
3 3068 3108 3156 
3 3157 3131 3085 
3 3085 3132 3157 
3 3156 3158 3068 
3 3157 3132 3133 
3 3158 3109 3068 
3 3134 3159 3133 
3 3109 3158 3160 
3 3109 3160 3135 
3 3161 3159 3134 
3 3134 3112 3161 
3 3136 3135 3162 
3 3112 3114 3163 
3 3114 3137 3163 
3 3162 3115 3136 
3 3115 3162 3138 
3 3094 3138 3164 
3 3140 3094 3164 
3 3140 3164 3165 
3 3139 3117 3141 
3 3165 3076 3140 
3 3165 3142 3076 
3 3095 3166 3141 
3 3166 3095 3096 
3 3096 3142 3166 
3 3167 3119 3168 
3 3169 3168 3119 
3 3167 3144 3143 
3 3119 3167 3143 
3 3119 3120 3169 
3 3170 3121 3145 
3 3120 3146 3171 
3 3121 3170 3172 
3 3123 3121 3172 
3 3173 3146 3147 
3 3123 3172 3148 
3 3173 3147 3174 
3 3147 3149 3174 
3 3149 3175 3174 
3 3175 3149 3126 
3 3126 3127 3175 
3 3175 3127 3176 
3 3176 3127 3152 
3 3153 3105 3104 
3 3128 3177 3152 
3 3153 3178 3106 
3 3106 3178 3154 
3 3128 3129 3177 
3 3155 3130 3154 
3 3129 3131 3179 
3 3108 3155 3180 
3 3108 3180 3181 
3 3108 3181 3156 
3 3158 3156 3182 
3 3158 3182 3183 
3 3133 3184 3157 
3 3160 3158 3183 
3 3160 3185 3135 
3 3185 3186 3135 
3 3112 3163 3187 
3 3161 3112 3187 
3 3188 3162 3135 
3 3135 3186 3188 
3 3189 3187 3163 
3 3162 3188 3190 
3 3190 3138 3162 
3 3163 3137 3189 
3 3137 3191 3189 
3 3138 3190 3192 
3 3164 3138 3192 
3 3139 3191 3137 
3 3165 3164 3193 
3 3164 3192 3193 
3 3139 3141 3194 
3 3193 3142 3165 
3 3166 3142 3193 
3 3195 3168 3196 
3 3167 3197 3144 
3 3196 3168 3169 
3 3196 3169 3120 
3 3120 3195 3196 
3 3197 3145 3144 
3 3171 3195 3120 
3 3145 3197 3170 
3 3198 3171 3199 
3 3171 3146 3199 
3 3173 3199 3146 
3 3173 3174 3175 
3 3125 3200 3201 
3 3125 3148 3200 
3 3176 3173 3175 
3 3201 3150 3125 
3 3202 3151 3150 
3 3202 3104 3151 
3 3203 3176 3152 
3 3104 3202 3204 
3 3205 3203 3152 
3 3204 3153 3104 
3 3153 3204 3206 
3 3152 3177 3205 
3 3178 3153 3206 
3 3178 3207 3154 
3 3154 3207 3155 
3 3129 3179 3177 
3 3179 3131 3208 
3 3131 3157 3208 
3 3156 3209 3210 
3 3182 3156 3210 
3 3184 3133 3159 
3 3160 3183 3211 
3 3211 3185 3160 
3 3185 3211 3186 
3 3188 3186 3212 
3 3213 3187 3189 
3 3190 3188 3214 
3 3188 3212 3214 
3 3214 3192 3190 
3 3189 3191 3213 
3 3214 3215 3192 
3 3191 3139 3216 
3 3193 3192 3215 
3 3139 3194 3216 
3 3217 3218 3193 
3 3166 3193 3218 
3 3218 3194 3166 
3 3141 3166 3194 
3 3167 3219 3220 
3 3219 3167 3168 
3 3221 3219 3168 
3 3222 3168 3195 
3 3222 3221 3168 
3 3220 3197 3167 
3 3197 3220 3170 
3 3195 3171 3222 
3 3222 3171 3198 
3 3223 3222 3198 
3 3199 3223 3198 
3 3173 3224 3199 
3 3148 3172 3225 
3 3148 3225 3200 
3 3224 3173 3176 
3 3201 3202 3150 
3 3178 3206 3207 
3 3207 3226 3155 
3 3179 3227 3177 
3 3180 3155 3226 
3 3226 3228 3180 
3 3181 3180 3228 
3 3227 3179 3208 
3 3228 3229 3181 
3 3209 3181 3229 
3 3209 3156 3181 
3 3229 3230 3210 
3 3210 3209 3229 
3 3157 3231 3208 
3 3182 3210 3230 
3 3232 3231 3157 
3 3157 3184 3232 
3 3183 3182 3233 
3 3183 3233 3234 
3 3232 3184 3235 
3 3184 3159 3235 
3 3234 3211 3183 
3 3236 3235 3159 
3 3159 3161 3236 
3 3186 3211 3234 
3 3237 3236 3161 
3 3161 3187 3237 
3 3213 3237 3187 
3 3213 3191 3238 
3 3191 3216 3238 
3 3217 3239 3218 
3 3194 3218 3239 
3 3221 3240 3219 
3 3241 3220 3219 
3 3240 3241 3219 
3 3221 3222 3242 
3 3242 3222 3243 
3 3243 3222 3223 
3 3223 3199 3243 
3 3244 3172 3170 
3 3245 3243 3199 
3 3245 3199 3224 
3 3246 3201 3200 
3 3203 3224 3176 
3 3201 3246 3247 
3 3202 3201 3247 
3 3247 3248 3202 
3 3202 3248 3249 
3 3250 3204 3202 
3 3202 3249 3250 
3 3204 3250 3251 
3 3205 3252 3203 
3 3251 3206 3204 
3 3252 3205 3177 
3 3177 3227 3252 
3 3208 3253 3227 
3 3253 3208 3231 
3 3230 3254 3182 
3 3254 3233 3182 
3 3234 3233 3255 
3 3233 3254 3255 
3 3255 3256 3234 
3 3256 3186 3234 
3 3186 3256 3257 
3 3257 3212 3186 
3 3212 3257 3258 
3 3214 3212 3258 
3 3258 3215 3214 
3 3215 3258 3259 
3 3259 3260 3215 
3 3238 3216 3261 
3 3260 3193 3215 
3 3193 3260 3217 
3 3194 3239 3262 
3 3216 3194 3262 
3 3262 3261 3216 
3 3221 3263 3240 
3 3221 3264 3263 
3 3264 3221 3242 
3 3265 3241 3240 
3 3266 3220 3241 
3 3243 3267 3242 
3 3268 3267 3243 
3 3220 3266 3269 
3 3170 3269 3270 
3 3269 3170 3220 
3 3270 3244 3170 
3 3172 3244 3271 
3 3271 3225 3172 
3 3200 3225 3272 
3 3200 3272 3246 
3 3273 3274 3224 
3 3224 3203 3273 
3 3248 3247 3275 
3 3275 3249 3248 
3 3275 3250 3249 
3 3275 3251 3250 
3 3276 3207 3206 
3 3276 3277 3207 
3 3226 3207 3277 
3 3226 3277 3228 
3 3254 3278 3255 
3 3255 3278 3256 
3 3279 3232 3235 
3 3236 3279 3235 
3 3237 3213 3280 
3 3258 3257 3281 
3 3258 3281 3259 
3 3213 3238 3282 
3 3283 3282 3261 
3 3238 3261 3282 
3 3217 3260 3284 
3 3284 3239 3217 
3 3239 3284 3285 
3 3262 3239 3285 
3 3261 3262 3283 
3 3286 3264 3287 
3 3240 3263 3286 
3 3264 3286 3263 
3 3267 3264 3242 
3 3241 3265 3266 
3 3268 3288 3267 
3 3268 3243 3288 
3 3243 3289 3288 
3 3269 3266 3270 
3 3243 3245 3289 
3 3271 3244 3270 
3 3290 3289 3245 
3 3245 3274 3290 
3 3291 3225 3271 
3 3274 3245 3224 
3 3225 3291 3272 
3 3246 3272 3292 
3 3247 3292 3293 
3 3292 3247 3246 
3 3273 3203 3294 
3 3293 3275 3247 
3 3203 3252 3294 
3 3295 3206 3251 
3 3276 3206 3295 
3 3252 3227 3296 
3 3297 3277 3276 
3 3228 3277 3297 
3 3229 3228 3298 
3 3299 3227 3253 
3 3253 3300 3299 
3 3298 3230 3229 
3 3253 3301 3300 
3 3298 3302 3254 
3 3254 3230 3298 
3 3301 3253 3231 
3 3254 3302 3278 
3 3231 3303 3301 
3 3232 3303 3231 
3 3278 3304 3256 
3 3279 3236 3305 
3 3236 3237 3306 
3 3306 3305 3236 
3 3304 3257 3256 
3 3257 3304 3307 
3 3280 3306 3237 
3 3307 3281 3257 
3 3280 3213 3308 
3 3309 3308 3282 
3 3213 3282 3308 
3 3310 3284 3260 
3 3282 3283 3309 
3 3310 3311 3284 
3 3285 3284 3311 
3 3311 3312 3285 
3 3262 3285 3312 
3 3312 3283 3262 
3 3265 3240 3286 
3 3287 3264 3313 
3 3264 3267 3313 
3 3267 3288 3313 
3 3314 3313 3288 
3 3314 3288 3289 
3 3315 3270 3266 
3 3270 3315 3316 
3 3317 3318 3289 
3 3316 3271 3270 
3 3317 3289 3290 
3 3271 3316 3291 
3 3290 3274 3317 
3 3272 3291 3292 
3 3274 3273 3319 
3 3319 3320 3274 
3 3321 3293 3292 
3 3293 3321 3322 
3 3322 3275 3293 
3 3251 3275 3323 
3 3324 3294 3252 
3 3252 3296 3324 
3 3323 3325 3251 
3 3325 3295 3251 
3 3325 3323 3326 
3 3276 3295 3325 
3 3325 3327 3276 
3 3276 3327 3297 
3 3227 3299 3296 
3 3297 3298 3228 
3 3302 3298 3328 
3 3328 3329 3330 
3 3330 3302 3328 
3 3330 3329 3331 
3 3331 3332 3278 
3 3278 3302 3331 
3 3302 3330 3331 
3 3332 3333 3278 
3 3303 3232 3279 
3 3333 3304 3278 
3 3304 3333 3334 
3 3334 3307 3304 
3 3307 3334 3281 
3 3306 3280 3335 
3 3336 3335 3280 
3 3280 3308 3336 
3 3259 3281 3310 
3 3310 3260 3259 
3 3337 3311 3310 
3 3311 3338 3312 
3 3283 3312 3338 
3 3339 3265 3286 
3 3286 3287 3339 
3 3266 3339 3340 
3 3339 3266 3265 
3 3266 3340 3315 
3 3314 3289 3318 
3 3291 3316 3341 
3 3317 3274 3320 
3 3319 3317 3320 
3 3341 3292 3291 
3 3292 3341 3321 
3 3342 3319 3273 
3 3342 3273 3294 
3 3342 3294 3324 
3 3275 3322 3323 
3 3324 3343 3342 
3 3324 3344 3343 
3 3344 3324 3296 
3 3344 3296 3299 
3 3297 3345 3298 
3 3299 3300 3346 
3 3345 3347 3298 
3 3328 3298 3347 
3 3346 3300 3301 
3 3301 3348 3346 
3 3347 3329 3328 
3 3331 3329 3349 
3 3329 3347 3349 
3 3349 3332 3331 
3 3349 3350 3332 
3 3301 3303 3351 
3 3350 3333 3332 
3 3334 3333 3350 
3 3352 3351 3279 
3 3303 3279 3351 
3 3279 3305 3352 
3 3353 3352 3305 
3 3305 3306 3353 
3 3306 3335 3353 
3 3334 3354 3355 
3 3355 3281 3334 
3 3281 3355 3356 
3 3281 3356 3357 
3 3335 3336 3358 
3 3359 3358 3336 
3 3336 3308 3359 
3 3310 3281 3357 
3 3310 3357 3337 
3 3308 3309 3360 
3 3360 3359 3308 
3 3338 3361 3283 
3 3361 3360 3283 
3 3309 3283 3360 
3 3337 3362 3311 
3 3338 3311 3362 
3 3363 3339 3287 
3 3287 3313 3364 
3 3313 3314 3365 
3 3365 3364 3313 
3 3339 3366 3340 
3 3318 3365 3314 
3 3316 3315 3367 
3 3367 3341 3316 
3 3368 3317 3319 
3 3368 3319 3342 
3 3369 3322 3321 
3 3369 3323 3322 
3 3370 3325 3326 
3 3325 3370 3327 
3 3371 3344 3299 
3 3297 3327 3372 
3 3372 3345 3297 
3 3299 3346 3371 
3 3347 3345 3373 
3 3349 3347 3373 
3 3301 3351 3348 
3 3350 3349 3374 
3 3375 3348 3351 
3 3376 3375 3351 
3 3374 3334 3350 
3 3352 3376 3351 
3 3334 3374 3377 
3 3377 3354 3334 
3 3353 3335 3358 
3 3354 3356 3355 
3 3356 3354 3378 
3 3378 3357 3356 
3 3357 3378 3379 
3 3337 3357 3380 
3 3357 3379 3380 
3 3361 3359 3360 
3 3287 3364 3363 
3 3364 3381 3382 
3 3383 3382 3381 
3 3384 3383 3381 
3 3339 3363 3366 
3 3364 3365 3381 
3 3365 3384 3381 
3 3340 3366 3385 
3 3385 3315 3340 
3 3386 3365 3318 
3 3318 3387 3386 
3 3318 3317 3387 
3 3341 3367 3388 
3 3388 3321 3341 
3 3321 3388 3389 
3 3321 3389 3390 
3 3390 3369 3321 
3 3391 3368 3342 
3 3342 3343 3391 
3 3323 3369 3392 
3 3393 3391 3343 
3 3323 3392 3326 
3 3343 3344 3393 
3 3394 3327 3370 
3 3394 3372 3327 
3 3344 3371 3395 
3 3345 3372 3396 
3 3371 3397 3395 
3 3397 3371 3346 
3 3373 3398 3349 
3 3349 3398 3374 
3 3377 3374 3399 
3 3400 3352 3353 
3 3401 3354 3377 
3 3354 3401 3402 
3 3353 3358 3400 
3 3402 3378 3354 
3 3403 3404 3378 
3 3402 3403 3378 
3 3379 3378 3404 
3 3379 3404 3405 
3 3380 3379 3405 
3 3337 3380 3406 
3 3380 3405 3406 
3 3361 3407 3359 
3 3406 3362 3337 
3 3362 3406 3408 
3 3362 3408 3361 
3 3338 3362 3361 
3 3363 3409 3410 
3 3363 3411 3409 
3 3411 3363 3364 
3 3382 3411 3364 
3 3383 3384 3382 
3 3410 3366 3363 
3 3384 3365 3382 
3 3385 3366 3412 
3 3387 3317 3413 
3 3413 3386 3387 
3 3412 3315 3385 
3 3315 3412 3367 
3 3414 3413 3317 
3 3317 3415 3414 
3 3416 3388 3367 
3 3415 3317 3368 
3 3388 3416 3417 
3 3388 3417 3418 
3 3418 3389 3388 
3 3419 3390 3389 
3 3389 3418 3419 
3 3326 3392 3420 
3 3326 3420 3394 
3 3394 3370 3326 
3 3344 3395 3393 
3 3394 3421 3396 
3 3396 3372 3394 
3 3396 3422 3345 
3 3373 3345 3422 
3 3422 3423 3373 
3 3424 3373 3423 
3 3425 3346 3348 
3 3398 3373 3424 
3 3424 3426 3398 
3 3425 3348 3375 
3 3375 3427 3425 
3 3426 3374 3398 
3 3375 3376 3428 
3 3426 3399 3374 
3 3429 3399 3426 
3 3429 3426 3402 
3 3430 3376 3352 
3 3429 3377 3399 
3 3401 3377 3429 
3 3429 3402 3401 
3 3352 3400 3430 
3 3431 3403 3402 
3 3400 3358 3432 
3 3431 3404 3403 
3 3433 3432 3358 
3 3358 3359 3407 
3 3407 3433 3358 
3 3405 3404 3406 
3 3408 3434 3361 
3 3411 3435 3409 
3 3435 3411 3382 
3 3436 3365 3437 
3 3365 3436 3382 
3 3438 3366 3410 
3 3365 3386 3437 
3 3437 3386 3439 
3 3438 3412 3366 
3 3386 3413 3439 
3 3440 3439 3413 
3 3367 3412 3441 
3 3440 3413 3414 
3 3367 3441 3442 
3 3442 3416 3367 
3 3415 3443 3414 
3 3416 3442 3417 
3 3415 3444 3443 
3 3444 3415 3368 
3 3418 3417 3419 
3 3390 3419 3445 
3 3445 3369 3390 
3 3392 3369 3445 
3 3395 3446 3393 
3 3396 3421 3422 
3 3397 3446 3395 
3 3346 3425 3397 
3 3426 3424 3423 
3 3427 3375 3428 
3 3430 3428 3376 
3 3402 3426 3447 
3 3402 3447 3448 
3 3448 3431 3402 
3 3431 3448 3449 
3 3404 3431 3449 
3 3406 3404 3449 
3 3433 3407 3450 
3 3407 3361 3434 
3 3434 3450 3407 
3 3408 3406 3451 
3 3434 3408 3451 
3 3435 3452 3409 
3 3435 3453 3452 
3 3453 3435 3382 
3 3382 3454 3453 
3 3454 3436 3437 
3 3454 3382 3436 
3 3437 3439 3455 
3 3456 3412 3438 
3 3439 3457 3455 
3 3457 3439 3440 
3 3457 3440 3414 
3 3457 3414 3443 
3 3444 3458 3443 
3 3458 3444 3368 
3 3419 3417 3459 
3 3368 3460 3458 
3 3460 3368 3391 
3 3445 3419 3461 
3 3461 3392 3445 
3 3392 3461 3462 
3 3460 3391 3393 
3 3393 3463 3460 
3 3392 3462 3420 
3 3464 3394 3420 
3 3463 3393 3446 
3 3421 3394 3464 
3 3397 3465 3446 
3 3427 3466 3425 
3 3467 3427 3428 
3 3430 3467 3428 
3 3468 3447 3426 
3 3430 3400 3469 
3 3448 3447 3470 
3 3470 3449 3448 
3 3449 3470 3471 
3 3471 3406 3449 
3 3406 3471 3472 
3 3473 3450 3434 
3 3406 3472 3451 
3 3434 3451 3473 
3 3409 3452 3474 
3 3474 3410 3409 
3 3410 3474 3438 
3 3454 3437 3455 
3 3412 3456 3475 
3 3475 3441 3412 
3 3419 3459 3476 
3 3476 3461 3419 
3 3461 3476 3462 
3 3420 3462 3464 
3 3421 3464 3477 
3 3477 3478 3421 
3 3478 3422 3421 
3 3463 3446 3465 
3 3423 3422 3479 
3 3397 3425 3465 
3 3425 3466 3465 
3 3423 3480 3481 
3 3481 3426 3423 
3 3427 3482 3466 
3 3467 3482 3427 
3 3426 3481 3468 
3 3467 3430 3469 
3 3468 3483 3447 
3 3447 3483 3484 
3 3469 3400 3485 
3 3470 3484 3471 
3 3470 3447 3484 
3 3486 3485 3432 
3 3400 3432 3485 
3 3432 3433 3487 
3 3487 3486 3432 
3 3488 3472 3471 
3 3450 3487 3433 
3 3488 3489 3472 
3 3451 3472 3489 
3 3490 3452 3453 
3 3490 3453 3454 
3 3491 3474 3452 
3 3492 3438 3474 
3 3454 3455 3493 
3 3438 3492 3494 
3 3438 3494 3456 
3 3441 3475 3495 
3 3495 3442 3441 
3 3442 3495 3496 
3 3496 3417 3442 
3 3417 3496 3497 
3 3417 3497 3498 
3 3417 3498 3459 
3 3499 3443 3458 
3 3458 3460 3499 
3 3500 3499 3460 
3 3460 3463 3500 
3 3477 3464 3462 
3 3478 3479 3422 
3 3423 3479 3501 
3 3501 3480 3423 
3 3501 3502 3480 
3 3480 3502 3481 
3 3503 3466 3482 
3 3502 3504 3481 
3 3505 3482 3467 
3 3504 3468 3481 
3 3467 3469 3505 
3 3468 3504 3506 
3 3506 3483 3468 
3 3507 3505 3469 
3 3508 3484 3483 
3 3509 3507 3469 
3 3485 3509 3469 
3 3508 3471 3484 
3 3471 3508 3510 
3 3488 3471 3510 
3 3487 3450 3511 
3 3512 3489 3488 
3 3488 3510 3512 
3 3489 3513 3451 
3 3514 3473 3513 
3 3514 3511 3473 
3 3450 3473 3511 
3 3513 3473 3451 
3 3491 3452 3490 
3 3490 3515 3491 
3 3490 3454 3516 
3 3516 3454 3493 
3 3474 3491 3492 
3 3456 3494 3517 
3 3517 3475 3456 
3 3517 3518 3475 
3 3455 3457 3519 
3 3518 3495 3475 
3 3457 3443 3519 
3 3443 3520 3519 
3 3496 3495 3521 
3 3521 3497 3496 
3 3497 3521 3522 
3 3497 3522 3498 
3 3443 3499 3520 
3 3459 3498 3523 
3 3459 3523 3524 
3 3524 3476 3459 
3 3525 3462 3476 
3 3463 3526 3500 
3 3525 3477 3462 
3 3477 3525 3527 
3 3527 3478 3477 
3 3528 3463 3529 
3 3463 3465 3529 
3 3479 3478 3530 
3 3465 3531 3529 
3 3501 3479 3530 
3 3465 3466 3531 
3 3502 3501 3530 
3 3531 3466 3503 
3 3503 3482 3532 
3 3482 3505 3532 
3 3506 3504 3533 
3 3502 3533 3504 
3 3507 3532 3505 
3 3508 3483 3506 
3 3486 3509 3485 
3 3486 3487 3534 
3 3487 3511 3534 
3 3512 3513 3489 
3 3514 3513 3535 
3 3511 3514 3535 
3 3536 3515 3490 
3 3491 3515 3537 
3 3536 3490 3516 
3 3516 3493 3536 
3 3537 3492 3491 
3 3492 3537 3538 
3 3538 3494 3492 
3 3493 3539 3540 
3 3539 3493 3455 
3 3455 3519 3539 
3 3541 3539 3519 
3 3542 3495 3518 
3 3495 3542 3521 
3 3498 3522 3523 
3 3476 3543 3525 
3 3526 3463 3528 
3 3478 3527 3544 
3 3545 3502 3530 
3 3503 3532 3546 
3 3533 3502 3547 
3 3547 3506 3533 
3 3507 3548 3532 
3 3548 3546 3532 
3 3547 3508 3506 
3 3549 3507 3509 
3 3508 3547 3550 
3 3550 3510 3508 
3 3486 3549 3509 
3 3510 3550 3512 
3 3551 3534 3511 
3 3513 3512 3552 
3 3511 3535 3551 
3 3515 3553 3554 
3 3515 3536 3553 
3 3554 3537 3515 
3 3536 3493 3555 
3 3555 3493 3540 
3 3540 3541 3555 
3 3494 3538 3517 
3 3539 3541 3540 
3 3518 3517 3556 
3 3556 3542 3518 
3 3519 3520 3557 
3 3521 3542 3558 
3 3559 3557 3520 
3 3520 3499 3559 
3 3560 3559 3499 
3 3499 3500 3560 
3 3524 3523 3561 
3 3562 3560 3500 
3 3561 3476 3524 
3 3476 3561 3543 
3 3500 3526 3562 
3 3543 3563 3525 
3 3562 3526 3564 
3 3525 3563 3527 
3 3527 3563 3565 
3 3566 3526 3528 
3 3544 3527 3565 
3 3566 3528 3529 
3 3544 3567 3478 
3 3530 3478 3567 
3 3531 3566 3529 
3 3530 3567 3568 
3 3545 3530 3568 
3 3569 3570 3531 
3 3545 3571 3502 
3 3503 3572 3531 
3 3571 3547 3502 
3 3572 3503 3546 
3 3573 3549 3486 
3 3512 3550 3574 
3 3574 3575 3512 
3 3576 3573 3486 
3 3552 3512 3575 
3 3551 3576 3534 
3 3576 3486 3534 
3 3577 3513 3552 
3 3535 3513 3577 
3 3577 3551 3535 
3 3553 3578 3579 
3 3579 3554 3553 
3 3553 3536 3578 
3 3537 3554 3580 
3 3581 3536 3555 
3 3580 3538 3537 
3 3541 3582 3581 
3 3581 3555 3541 
3 3583 3517 3538 
3 3541 3519 3584 
3 3541 3584 3585 
3 3585 3582 3541 
3 3583 3556 3517 
3 3519 3557 3584 
3 3557 3585 3584 
3 3558 3542 3556 
3 3558 3586 3521 
3 3586 3522 3521 
3 3522 3586 3587 
3 3587 3523 3522 
3 3587 3561 3523 
3 3588 3543 3561 
3 3526 3566 3564 
3 3564 3566 3589 
3 3544 3590 3567 
3 3566 3531 3591 
3 3567 3592 3568 
3 3531 3570 3591 
3 3592 3545 3568 
3 3592 3571 3545 
3 3531 3572 3569 
3 3593 3569 3572 
3 3593 3572 3546 
3 3594 3593 3546 
3 3595 3594 3548 
3 3546 3548 3594 
3 3548 3507 3595 
3 3596 3550 3547 
3 3507 3549 3595 
3 3550 3596 3597 
3 3597 3598 3574 
3 3574 3550 3597 
3 3598 3597 3599 
3 3599 3575 3574 
3 3574 3598 3599 
3 3575 3599 3600 
3 3552 3575 3600 
3 3552 3600 3577 
3 3601 3579 3578 
3 3601 3578 3536 
3 3581 3602 3536 
3 3603 3538 3580 
3 3604 3581 3582 
3 3538 3603 3605 
3 3538 3605 3583 
3 3606 3582 3585 
3 3585 3557 3606 
3 3607 3556 3583 
3 3556 3607 3558 
3 3608 3559 3560 
3 3560 3609 3608 
3 3588 3561 3587 
3 3609 3560 3562 
3 3610 3543 3588 
3 3610 3563 3543 
3 3611 3563 3610 
3 3564 3609 3562 
3 3563 3611 3612 
3 3565 3563 3612 
3 3609 3564 3589 
3 3565 3612 3613 
3 3544 3565 3590 
3 3565 3613 3590 
3 3614 3589 3566 
3 3614 3566 3591 
3 3592 3567 3590 
3 3591 3615 3614 
3 3591 3570 3615 
3 3593 3594 3616 
3 3617 3547 3618 
3 3571 3618 3547 
3 3594 3595 3616 
3 3617 3596 3547 
3 3619 3596 3617 
3 3620 3616 3595 
3 3595 3549 3620 
3 3621 3597 3619 
3 3597 3596 3619 
3 3622 3620 3549 
3 3599 3597 3621 
3 3549 3573 3622 
3 3600 3599 3623 
3 3624 3625 3573 
3 3573 3576 3624 
3 3625 3622 3573 
3 3600 3623 3577 
3 3626 3624 3551 
3 3576 3551 3624 
3 3627 3579 3601 
3 3601 3628 3627 
3 3628 3601 3536 
3 3629 3554 3579 
3 3579 3630 3629 
3 3579 3627 3630 
3 3536 3602 3628 
3 3629 3580 3554 
3 3604 3631 3602 
3 3602 3581 3604 
3 3580 3629 3603 
3 3604 3582 3631 
3 3583 3605 3632 
3 3632 3607 3583 
3 3557 3633 3606 
3 3634 3633 3557 
3 3635 3586 3558 
3 3586 3635 3636 
3 3634 3557 3559 
3 3559 3608 3634 
3 3636 3587 3586 
3 3637 3634 3608 
3 3587 3636 3638 
3 3587 3638 3588 
3 3611 3639 3612 
3 3640 3589 3614 
3 3592 3590 3641 
3 3614 3615 3642 
3 3570 3643 3615 
3 3571 3592 3641 
3 3571 3641 3644 
3 3643 3570 3569 
3 3569 3645 3643 
3 3616 3645 3593 
3 3569 3593 3645 
3 3646 3618 3571 
3 3571 3644 3646 
3 3646 3617 3618 
3 3617 3646 3619 
3 3616 3620 3647 
3 3648 3621 3619 
3 3648 3599 3621 
3 3623 3599 3648 
3 3649 3626 3577 
3 3551 3577 3626 
3 3650 3651 3628 
3 3627 3651 3652 
3 3652 3630 3627 
3 3627 3628 3651 
3 3653 3650 3628 
3 3602 3653 3628 
3 3652 3629 3630 
3 3629 3652 3654 
3 3655 3602 3631 
3 3654 3603 3629 
3 3603 3654 3605 
3 3582 3656 3631 
3 3605 3657 3632 
3 3582 3606 3656 
3 3657 3607 3632 
3 3633 3656 3606 
3 3607 3657 3658 
3 3658 3558 3607 
3 3658 3635 3558 
3 3609 3637 3608 
3 3659 3637 3609 
3 3660 3610 3588 
3 3610 3661 3639 
3 3639 3611 3610 
3 3589 3640 3609 
3 3613 3612 3639 
3 3639 3662 3613 
3 3662 3663 3613 
3 3590 3613 3663 
3 3663 3664 3590 
3 3641 3590 3664 
3 3642 3615 3643 
3 3643 3665 3642 
3 3665 3643 3645 
3 3646 3644 3666 
3 3647 3645 3616 
3 3646 3666 3667 
3 3667 3619 3646 
3 3647 3620 3668 
3 3620 3622 3668 
3 3667 3648 3619 
3 3648 3667 3669 
3 3670 3668 3622 
3 3622 3625 3671 
3 3648 3669 3623 
3 3672 3671 3624 
3 3625 3624 3671 
3 3649 3577 3623 
3 3649 3672 3626 
3 3624 3626 3672 
3 3673 3651 3650 
3 3653 3602 3655 
3 3655 3650 3653 
3 3655 3631 3674 
3 3675 3605 3654 
3 3605 3676 3657 
3 3677 3656 3633 
3 3678 3658 3657 
3 3658 3678 3679 
3 3677 3633 3634 
3 3635 3658 3680 
3 3680 3636 3635 
3 3681 3634 3637 
3 3682 3638 3636 
3 3638 3682 3683 
3 3637 3659 3681 
3 3683 3588 3638 
3 3588 3683 3660 
3 3610 3660 3661 
3 3684 3659 3609 
3 3639 3661 3685 
3 3684 3609 3686 
3 3662 3639 3685 
3 3609 3640 3686 
3 3664 3663 3687 
3 3614 3688 3640 
3 3688 3614 3642 
3 3689 3644 3641 
3 3644 3689 3666 
3 3690 3665 3645 
3 3645 3647 3690 
3 3668 3670 3691 
3 3669 3667 3692 
3 3693 3623 3669 
3 3669 3692 3693 
3 3671 3670 3622 
3 3693 3649 3623 
3 3694 3671 3672 
3 3695 3694 3649 
3 3672 3649 3694 
3 3651 3673 3696 
3 3650 3655 3673 
3 3696 3652 3651 
3 3696 3697 3652 
3 3652 3697 3654 
3 3698 3655 3674 
3 3699 3674 3631 
3 3675 3676 3605 
3 3699 3631 3656 
3 3657 3676 3700 
3 3700 3678 3657 
3 3658 3679 3680 
3 3634 3681 3677 
3 3701 3681 3659 
3 3701 3659 3684 
3 3661 3702 3685 
3 3687 3662 3685 
3 3685 3702 3687 
3 3663 3662 3687 
3 3664 3687 3703 
3 3703 3641 3664 
3 3704 3688 3642 
3 3642 3665 3704 
3 3665 3705 3704 
3 3689 3706 3666 
3 3707 3705 3690 
3 3665 3690 3705 
3 3690 3647 3708 
3 3690 3708 3707 
3 3668 3708 3647 
3 3666 3706 3709 
3 3709 3667 3666 
3 3692 3667 3709 
3 3649 3693 3695 
3 3710 3711 3673 
3 3711 3696 3673 
3 3698 3673 3655 
3 3698 3710 3673 
3 3697 3712 3713 
3 3712 3697 3696 
3 3697 3713 3654 
3 3698 3674 3714 
3 3674 3699 3714 
3 3715 3676 3675 
3 3656 3677 3699 
3 3715 3700 3676 
3 3679 3700 3716 
3 3700 3679 3678 
3 3679 3716 3680 
3 3677 3681 3717 
3 3718 3717 3681 
3 3636 3680 3682 
3 3681 3701 3718 
3 3719 3683 3682 
3 3719 3660 3683 
3 3660 3719 3720 
3 3720 3661 3660 
3 3661 3720 3721 
3 3684 3722 3701 
3 3661 3721 3702 
3 3722 3684 3686 
3 3640 3688 3686 
3 3703 3723 3689 
3 3689 3641 3703 
3 3724 3688 3704 
3 3725 3689 3723 
3 3705 3724 3704 
3 3706 3689 3725 
3 3706 3725 3709 
3 3691 3708 3668 
3 3726 3692 3709 
3 3691 3670 3727 
3 3693 3692 3726 
3 3728 3727 3671 
3 3670 3671 3727 
3 3693 3726 3729 
3 3730 3731 3694 
3 3671 3694 3731 
3 3731 3728 3671 
3 3729 3695 3693 
3 3694 3695 3729 
3 3729 3730 3694 
3 3696 3732 3712 
3 3732 3696 3711 
3 3714 3710 3698 
3 3654 3713 3733 
3 3715 3675 3734 
3 3700 3715 3735 
3 3717 3699 3677 
3 3700 3735 3716 
3 3680 3736 3682 
3 3737 3718 3701 
3 3738 3737 3701 
3 3722 3738 3701 
3 3739 3702 3721 
3 3740 3722 3686 
3 3687 3702 3739 
3 3686 3741 3740 
3 3741 3686 3688 
3 3703 3687 3742 
3 3743 3725 3723 
3 3744 3724 3705 
3 3705 3707 3744 
3 3745 3725 3743 
3 3707 3708 3744 
3 3746 3744 3708 
3 3745 3709 3725 
3 3745 3747 3709 
3 3748 3746 3708 
3 3691 3727 3748 
3 3708 3691 3748 
3 3749 3726 3709 
3 3726 3749 3729 
3 3711 3750 3732 
3 3750 3711 3710 
3 3712 3751 3752 
3 3751 3712 3732 
3 3752 3713 3712 
3 3710 3714 3753 
3 3714 3754 3753 
3 3713 3752 3733 
3 3714 3755 3754 
3 3714 3699 3755 
3 3733 3675 3654 
3 3675 3733 3756 
3 3756 3734 3675 
3 3715 3734 3735 
3 3716 3735 3757 
3 3757 3680 3716 
3 3680 3757 3736 
3 3758 3717 3718 
3 3759 3682 3736 
3 3758 3718 3737 
3 3682 3759 3760 
3 3760 3719 3682 
3 3719 3760 3761 
3 3761 3720 3719 
3 3762 3738 3722 
3 3761 3721 3720 
3 3761 3739 3721 
3 3722 3740 3762 
3 3762 3740 3741 
3 3741 3763 3762 
3 3763 3741 3688 
3 3703 3742 3723 
3 3688 3724 3763 
3 3764 3765 3724 
3 3724 3744 3764 
3 3766 3745 3743 
3 3709 3747 3749 
3 3748 3727 3767 
3 3728 3767 3727 
3 3768 3729 3749 
3 3768 3769 3729 
3 3729 3769 3730 
3 3770 3732 3750 
3 3771 3770 3750 
3 3770 3751 3732 
3 3750 3710 3771 
3 3710 3753 3771 
3 3753 3754 3771 
3 3699 3717 3772 
3 3758 3772 3717 
3 3773 3758 3737 
3 3773 3737 3738 
3 3773 3738 3762 
3 3739 3761 3774 
3 3739 3775 3687 
3 3775 3742 3687 
3 3742 3776 3723 
3 3763 3724 3765 
3 3743 3723 3777 
3 3765 3764 3778 
3 3766 3743 3777 
3 3779 3778 3744 
3 3764 3744 3778 
3 3766 3747 3745 
3 3780 3779 3746 
3 3744 3746 3779 
3 3746 3748 3780 
3 3749 3747 3781 
3 3749 3781 3782 
3 3768 3749 3782 
3 3783 3767 3728 
3 3769 3768 3782 
3 3769 3784 3730 
3 3731 3730 3784 
3 3784 3783 3731 
3 3728 3731 3783 
3 3785 3752 3751 
3 3752 3785 3786 
3 3786 3733 3752 
3 3786 3756 3733 
3 3755 3699 3787 
3 3788 3734 3756 
3 3734 3788 3789 
3 3772 3787 3699 
3 3787 3772 3790 
3 3789 3735 3734 
3 3757 3735 3791 
3 3792 3772 3758 
3 3793 3792 3758 
3 3759 3736 3794 
3 3758 3773 3793 
3 3794 3760 3759 
3 3795 3761 3760 
3 3761 3795 3774 
3 3775 3739 3774 
3 3796 3775 3774 
3 3797 3762 3763 
3 3775 3776 3742 
3 3765 3798 3763 
3 3799 3723 3776 
3 3776 3800 3799 
3 3799 3801 3723 
3 3801 3777 3723 
3 3765 3778 3798 
3 3801 3766 3777 
3 3778 3779 3802 
3 3779 3803 3802 
3 3747 3766 3804 
3 3780 3803 3779 
3 3804 3781 3747 
3 3780 3748 3805 
3 3804 3806 3781 
3 3767 3805 3748 
3 3806 3782 3781 
3 3806 3807 3782 
3 3769 3782 3807 
3 3807 3808 3769 
3 3784 3769 3808 
3 3809 3770 3771 
3 3770 3810 3811 
3 3811 3751 3770 
3 3811 3785 3751 
3 3785 3811 3786 
3 3812 3754 3755 
3 3813 3756 3786 
3 3787 3790 3755 
3 3812 3755 3790 
3 3813 3788 3756 
3 3789 3791 3735 
3 3792 3790 3772 
3 3757 3791 3814 
3 3814 3736 3757 
3 3815 3792 3793 
3 3736 3814 3816 
3 3816 3794 3736 
3 3817 3760 3794 
3 3794 3816 3817 
3 3773 3818 3793 
3 3760 3817 3795 
3 3819 3818 3773 
3 3796 3774 3795 
3 3795 3820 3796 
3 3762 3797 3773 
3 3763 3821 3797 
3 3776 3775 3822 
3 3822 3823 3800 
3 3800 3776 3822 
3 3824 3821 3763 
3 3823 3825 3800 
3 3824 3763 3798 
3 3799 3800 3825 
3 3801 3799 3825 
3 3801 3825 3826 
3 3827 3801 3826 
3 3778 3802 3828 
3 3828 3798 3778 
3 3766 3801 3827 
3 3829 3828 3802 
3 3766 3827 3830 
3 3802 3803 3829 
3 3830 3804 3766 
3 3831 3829 3803 
3 3803 3780 3805 
3 3803 3805 3831 
3 3806 3804 3832 
3 3805 3767 3833 
3 3806 3832 3807 
3 3767 3783 3834 
3 3834 3833 3767 
3 3784 3808 3835 
3 3783 3784 3835 
3 3835 3834 3783 
3 3770 3836 3810 
3 3836 3770 3809 
3 3771 3837 3809 
3 3771 3838 3837 
3 3771 3754 3839 
3 3839 3838 3771 
3 3811 3810 3840 
3 3811 3840 3841 
3 3812 3842 3843 
3 3843 3754 3812 
3 3843 3839 3754 
3 3786 3841 3844 
3 3841 3786 3811 
3 3786 3844 3845 
3 3845 3813 3786 
3 3813 3845 3846 
3 3846 3788 3813 
3 3788 3846 3789 
3 3847 3791 3789 
3 3848 3816 3814 
3 3848 3817 3816 
3 3815 3793 3818 
3 3817 3849 3795 
3 3795 3849 3820 
3 3820 3850 3796 
3 3773 3797 3819 
3 3797 3851 3819 
3 3850 3775 3796 
3 3852 3853 3775 
3 3821 3854 3797 
3 3853 3822 3775 
3 3853 3823 3822 
3 3855 3821 3824 
3 3823 3826 3825 
3 3824 3798 3856 
3 3828 3856 3798 
3 3857 3827 3826 
3 3827 3857 3858 
3 3830 3827 3858 
3 3804 3830 3859 
3 3860 3831 3805 
3 3859 3832 3804 
3 3859 3861 3832 
3 3805 3833 3860 
3 3861 3807 3832 
3 3807 3861 3862 
3 3863 3833 3834 
3 3808 3807 3862 
3 3862 3864 3808 
3 3835 3808 3864 
3 3864 3863 3835 
3 3834 3835 3863 
3 3809 3837 3865 
3 3865 3836 3809 
3 3865 3810 3836 
3 3866 3840 3810 
3 3867 3839 3843 
3 3867 3843 3842 
3 3842 3868 3867 
3 3868 3842 3812 
3 3868 3812 3790 
3 3790 3792 3868 
3 3869 3789 3846 
3 3870 3868 3792 
3 3869 3847 3789 
3 3871 3791 3847 
3 3791 3871 3814 
3 3814 3872 3848 
3 3873 3815 3818 
3 3818 3819 3873 
3 3874 3820 3849 
3 3850 3820 3874 
3 3850 3874 3875 
3 3850 3875 3852 
3 3852 3775 3850 
3 3853 3852 3876 
3 3854 3821 3877 
3 3877 3821 3855 
3 3878 3879 3826 
3 3826 3823 3878 
3 3855 3824 3880 
3 3880 3824 3856 
3 3881 3830 3858 
3 3881 3859 3830 
3 3833 3882 3860 
3 3833 3863 3883 
3 3883 3884 3833 
3 3885 3865 3837 
3 3810 3886 3866 
3 3886 3810 3865 
3 3837 3838 3885 
3 3887 3885 3838 
3 3838 3839 3887 
3 3839 3867 3887 
3 3888 3841 3840 
3 3840 3866 3888 
3 3888 3844 3841 
3 3889 3867 3868 
3 3844 3888 3890 
3 3890 3845 3844 
3 3845 3890 3846 
3 3891 3871 3847 
3 3847 3869 3891 
3 3792 3892 3870 
3 3893 3814 3871 
3 3893 3872 3814 
3 3815 3892 3792 
3 3894 3817 3848 
3 3817 3894 3895 
3 3849 3817 3895 
3 3819 3896 3873 
3 3895 3874 3849 
3 3896 3819 3851 
3 3875 3874 3897 
3 3875 3876 3852 
3 3851 3797 3898 
3 3898 3797 3854 
3 3876 3899 3853 
3 3854 3900 3898 
3 3854 3877 3900 
3 3901 3853 3899 
3 3901 3823 3853 
3 3901 3878 3823 
3 3901 3902 3878 
3 3900 3877 3855 
3 3902 3879 3878 
3 3826 3879 3903 
3 3880 3856 3904 
3 3903 3857 3826 
3 3905 3904 3856 
3 3881 3857 3903 
3 3856 3828 3905 
3 3881 3858 3857 
3 3906 3905 3828 
3 3907 3906 3829 
3 3828 3829 3906 
3 3829 3831 3908 
3 3908 3907 3829 
3 3831 3860 3908 
3 3882 3908 3860 
3 3909 3861 3859 
3 3882 3833 3884 
3 3909 3862 3861 
3 3909 3910 3862 
3 3864 3862 3910 
3 3863 3864 3883 
3 3911 3886 3865 
3 3865 3912 3911 
3 3912 3865 3885 
3 3913 3866 3886 
3 3866 3913 3888 
3 3889 3887 3867 
3 3846 3890 3914 
3 3914 3869 3846 
3 3869 3914 3915 
3 3869 3915 3891 
3 3891 3893 3871 
3 3916 3870 3892 
3 3893 3891 3872 
3 3892 3917 3916 
3 3815 3918 3892 
3 3815 3873 3918 
3 3897 3874 3895 
3 3876 3875 3919 
3 3919 3899 3876 
3 3899 3920 3901 
3 3902 3901 3920 
3 3920 3921 3879 
3 3879 3902 3920 
3 3855 3922 3900 
3 3903 3879 3921 
3 3855 3880 3922 
3 3922 3880 3904 
3 3881 3903 3923 
3 3923 3859 3881 
3 3923 3924 3859 
3 3882 3925 3908 
3 3884 3883 3926 
3 3910 3926 3864 
3 3883 3864 3926 
3 3927 3911 3912 
3 3886 3911 3928 
3 3912 3885 3927 
3 3887 3927 3885 
3 3928 3913 3886 
3 3868 3929 3889 
3 3930 3914 3890 
3 3929 3868 3870 
3 3870 3916 3929 
3 3891 3915 3931 
3 3872 3932 3933 
3 3933 3848 3872 
3 3892 3918 3917 
3 3894 3933 3934 
3 3933 3894 3848 
3 3934 3895 3894 
3 3896 3918 3873 
3 3897 3895 3935 
3 3897 3935 3936 
3 3875 3897 3936 
3 3851 3937 3896 
3 3936 3919 3875 
3 3851 3898 3938 
3 3938 3937 3851 
3 3938 3898 3900 
3 3920 3899 3939 
3 3920 3940 3921 
3 3921 3940 3903 
3 3922 3904 3941 
3 3904 3905 3941 
3 3923 3903 3942 
3 3943 3941 3905 
3 3905 3906 3943 
3 3923 3942 3924 
3 3907 3943 3906 
3 3859 3924 3944 
3 3907 3908 3925 
3 3909 3859 3944 
3 3945 3925 3882 
3 3909 3944 3946 
3 3884 3945 3882 
3 3910 3909 3946 
3 3946 3926 3910 
3 3913 3928 3947 
3 3947 3888 3913 
3 3927 3887 3948 
3 3887 3889 3948 
3 3949 3890 3888 
3 3890 3949 3930 
3 3950 3914 3930 
3 3929 3916 3951 
3 3914 3950 3952 
3 3952 3915 3914 
3 3953 3931 3915 
3 3915 3952 3953 
3 3872 3931 3932 
3 3931 3872 3891 
3 3917 3954 3916 
3 3954 3917 3918 
3 3895 3955 3935 
3 3956 3918 3896 
3 3937 3956 3896 
3 3919 3936 3957 
3 3957 3958 3919 
3 3899 3919 3958 
3 3958 3939 3899 
3 3959 3938 3900 
3 3940 3920 3939 
3 3960 3959 3900 
3 3900 3922 3960 
3 3922 3961 3960 
3 3940 3962 3903 
3 3903 3962 3963 
3 3963 3942 3903 
3 3924 3942 3964 
3 3943 3907 3965 
3 3964 3944 3924 
3 3907 3925 3965 
3 3946 3944 3966 
3 3944 3967 3966 
3 3926 3946 3966 
3 3884 3926 3968 
3 3911 3969 3970 
3 3970 3928 3911 
3 3911 3927 3969 
3 3928 3970 3947 
3 3888 3947 3971 
3 3949 3971 3972 
3 3971 3949 3888 
3 3973 3889 3929 
3 3930 3972 3950 
3 3972 3930 3949 
3 3929 3951 3973 
3 3952 3950 3974 
3 3974 3953 3952 
3 3916 3975 3951 
3 3953 3974 3976 
3 3976 3931 3953 
3 3931 3976 3977 
3 3977 3932 3931 
3 3978 3975 3916 
3 3916 3954 3978 
3 3979 3933 3932 
3 3980 3954 3918 
3 3933 3979 3934 
3 3934 3981 3955 
3 3955 3895 3934 
3 3918 3956 3980 
3 3936 3935 3955 
3 3955 3957 3936 
3 3982 3983 3956 
3 3937 3982 3956 
3 3938 3959 3937 
3 3962 3940 3984 
3 3961 3922 3985 
3 3984 3963 3962 
3 3922 3941 3985 
3 3963 3984 3986 
3 3987 3942 3963 
3 3963 3986 3987 
3 3941 3943 3988 
3 3988 3985 3941 
3 3964 3942 3987 
3 3964 3987 3989 
3 3965 3988 3943 
3 3944 3964 3989 
3 3944 3989 3967 
3 3966 3967 3990 
3 3926 3966 3990 
3 3990 3991 3926 
3 3968 3926 3991 
3 3968 3992 3884 
3 3945 3884 3992 
3 3993 3947 3970 
3 3927 3994 3995 
3 3994 3927 3948 
3 3947 3993 3971 
3 3996 3994 3948 
3 3996 3948 3889 
3 3971 3997 3972 
3 3996 3889 3973 
3 3976 3998 3977 
3 3954 3999 3978 
3 4000 3978 3999 
3 4000 3999 3954 
3 3954 3980 4000 
3 3981 3934 3979 
3 3979 4001 3981 
3 4000 3980 3956 
3 3956 3983 4000 
3 3982 3937 3959 
3 4002 3939 3958 
3 3958 4003 4002 
3 4002 4004 3939 
3 4005 3939 4004 
3 4005 3940 3939 
3 3940 4005 4006 
3 3984 3940 4006 
3 3960 3961 4007 
3 3961 3985 4007 
3 4008 4007 3985 
3 3988 4008 3985 
3 4009 3986 3984 
3 4009 3987 3986 
3 3987 4009 3989 
3 4010 3967 3989 
3 3967 4010 4011 
3 3965 3925 4012 
3 4012 4013 3965 
3 4011 3990 3967 
3 3925 3945 4014 
3 4014 4012 3925 
3 3945 3992 4014 
3 3968 3991 4015 
3 4015 3992 3968 
3 4016 4017 3927 
3 3970 4017 3993 
3 4017 3970 3969 
3 3969 3927 4017 
3 3994 4018 3995 
3 4019 3971 3993 
3 4018 3994 3996 
3 4019 3997 3971 
3 4020 3996 3973 
3 3972 3997 4021 
3 4021 3950 3972 
3 3950 4021 4022 
3 4022 3974 3950 
3 3975 3973 3951 
3 3998 3976 3974 
3 4023 3977 3998 
3 4024 3932 3977 
3 3977 4023 4024 
3 4024 3979 3932 
3 3979 4024 4001 
3 4000 3983 4025 
3 4026 3955 3981 
3 3955 4026 4027 
3 4027 3957 3955 
3 4027 4028 3957 
3 4028 4003 3957 
3 4003 3958 3957 
3 3959 4029 3982 
3 4002 4030 4004 
3 3959 3960 4031 
3 3984 4006 4032 
3 4032 4033 4009 
3 4009 3984 4032 
3 4008 3988 4034 
3 4033 4035 3989 
3 3989 4009 4033 
3 4036 4034 3988 
3 4013 4036 3965 
3 3988 3965 4036 
3 3989 4035 4037 
3 3989 4037 4010 
3 4038 3990 4011 
3 4038 4039 3990 
3 3991 3990 4039 
3 4039 4040 3991 
3 4015 3991 4040 
3 4040 4041 4015 
3 3992 4015 4041 
3 4041 4014 3992 
3 4042 4017 4016 
3 4016 4043 4042 
3 4016 3927 4043 
3 4044 3993 4017 
3 3927 3995 4043 
3 4045 3995 4018 
3 4045 4018 3996 
3 4045 3996 4046 
3 3996 4047 4046 
3 4047 3996 4020 
3 3973 3975 4020 
3 4048 3974 4022 
3 4020 3975 4049 
3 3974 4048 3998 
3 3975 3978 4050 
3 3978 4051 4050 
3 4051 3978 4000 
3 4052 4001 4024 
3 4000 4053 4051 
3 4000 4025 4053 
3 4026 3981 4001 
3 3982 4054 3983 
3 3982 4029 4054 
3 4003 4030 4002 
3 3959 4055 4029 
3 4055 3959 4031 
3 4004 4030 4056 
3 4005 4004 4056 
3 4031 3960 4007 
3 4057 4031 4007 
3 4032 4006 4058 
3 4057 4007 4008 
3 4058 4033 4032 
3 4034 4057 4008 
3 4035 4033 4059 
3 4037 4035 4059 
3 4060 4010 4037 
3 4010 4060 4061 
3 4061 4011 4010 
3 4013 4012 4062 
3 4038 4011 4061 
3 4012 4014 4062 
3 4039 4038 4061 
3 4041 4063 4014 
3 4064 4042 4043 
3 4065 4064 4043 
3 4065 4043 3995 
3 3995 4045 4066 
3 4067 3997 4019 
3 4066 4045 4046 
3 4066 4046 4047 
3 4047 4068 4066 
3 4047 4020 4068 
3 3997 4067 4069 
3 4069 4021 3997 
3 3998 4048 4070 
3 3975 4050 4049 
3 4070 4023 3998 
3 4024 4023 4070 
3 4024 4070 4071 
3 4051 4053 4050 
3 4024 4071 4052 
3 4001 4052 4072 
3 4001 4072 4026 
3 4027 4026 4073 
3 4027 4073 4074 
3 4074 4028 4027 
3 4074 4075 4028 
3 4003 4028 4075 
3 4076 3983 4054 
3 4075 4030 4003 
3 4054 4029 4055 
3 4055 4077 4054 
3 4005 4056 4078 
3 4078 4006 4005 
3 4058 4006 4078 
3 4078 4079 4058 
3 4033 4058 4079 
3 4057 4034 4080 
3 4033 4079 4081 
3 4081 4059 4033 
3 4059 4081 4082 
3 4082 4037 4059 
3 4036 4013 4083 
3 4082 4060 4037 
3 4082 4061 4060 
3 4084 4083 4062 
3 4013 4062 4083 
3 4062 4014 4085 
3 4085 4084 4062 
3 4061 4086 4039 
3 4063 4085 4014 
3 4040 4039 4086 
3 4086 4087 4040 
3 4041 4040 4087 
3 4087 4063 4041 
3 4064 4088 4042 
3 4089 4044 4017 
3 4017 4090 4089 
3 4017 4088 4090 
3 4088 4017 4042 
3 4044 4089 4091 
3 4091 3993 4044 
3 4091 4019 3993 
3 4066 4065 3995 
3 4021 4069 4092 
3 4092 4022 4021 
3 4093 4068 4020 
3 4020 4049 4093 
3 4092 4048 4022 
3 4094 4049 4050 
3 4052 4071 4072 
3 4095 4026 4072 
3 4096 4053 4025 
3 4073 4026 4095 
3 4025 4076 4096 
3 4025 3983 4076 
3 4076 4054 4077 
3 4056 4030 4097 
3 4077 4055 4031 
3 4097 4098 4056 
3 4098 4078 4056 
3 4031 4099 4100 
3 4031 4057 4099 
3 4101 4099 4057 
3 4080 4101 4057 
3 4034 4036 4080 
3 4102 4081 4079 
3 4102 4082 4081 
3 4061 4082 4103 
3 4061 4103 4086 
3 4088 4104 4090 
3 4088 4105 4104 
3 4105 4088 4064 
3 4106 4105 4064 
3 4065 4106 4064 
3 4066 4107 4065 
3 4019 4091 4108 
3 4066 4109 4107 
3 4108 4067 4019 
3 4066 4068 4109 
3 4067 4108 4110 
3 4110 4069 4067 
3 4068 4093 4109 
3 4049 4094 4093 
3 4048 4092 4111 
3 4112 4071 4070 
3 4071 4112 4072 
3 4096 4050 4053 
3 4113 4075 4074 
3 4030 4075 4097 
3 4075 4113 4097 
3 4077 4114 4076 
3 4077 4031 4114 
3 4098 4097 4115 
3 4031 4100 4114 
3 4116 4098 4115 
3 4116 4117 4098 
3 4117 4118 4078 
3 4078 4098 4117 
3 4118 4079 4078 
3 4079 4118 4119 
3 4079 4119 4120 
3 4080 4036 4121 
3 4079 4120 4102 
3 4122 4082 4102 
3 4083 4121 4036 
3 4082 4122 4103 
3 4123 4084 4085 
3 4103 4124 4086 
3 4125 4123 4063 
3 4085 4063 4123 
3 4087 4086 4124 
3 4124 4125 4087 
3 4063 4087 4125 
3 4126 4090 4104 
3 4104 4105 4126 
3 4089 4126 4127 
3 4126 4089 4090 
3 4127 4091 4089 
3 4128 4106 4065 
3 4091 4127 4129 
3 4128 4065 4107 
3 4091 4129 4108 
3 4108 4130 4110 
3 4069 4130 4131 
3 4130 4069 4110 
3 4131 4092 4069 
3 4093 4094 4132 
3 4094 4133 4132 
3 4048 4111 4134 
3 4134 4070 4048 
3 4133 4094 4135 
3 4094 4050 4135 
3 4050 4136 4135 
3 4137 4112 4070 
3 4136 4050 4096 
3 4072 4138 4095 
3 4073 4095 4139 
3 4139 4074 4073 
3 4139 4113 4074 
3 4113 4140 4097 
3 4141 4076 4114 
3 4114 4100 4142 
3 4116 4115 4143 
3 4117 4116 4143 
3 4100 4099 4144 
3 4144 4099 4101 
3 4118 4117 4145 
3 4145 4119 4118 
3 4145 4120 4119 
3 4146 4101 4080 
3 4121 4146 4080 
3 4120 4122 4102 
3 4147 4121 4083 
3 4083 4084 4148 
3 4148 4147 4083 
3 4123 4148 4084 
3 4126 4149 4150 
3 4149 4126 4105 
3 4105 4151 4149 
3 4105 4106 4151 
3 4150 4127 4126 
3 4106 4128 4151 
3 4129 4127 4152 
3 4153 4108 4129 
3 4129 4152 4153 
3 4108 4153 4154 
3 4109 4155 4107 
3 4154 4130 4108 
3 4155 4109 4093 
3 4156 4131 4130 
3 4155 4093 4132 
3 4131 4156 4157 
3 4092 4157 4158 
3 4157 4092 4131 
3 4092 4158 4159 
3 4159 4111 4092 
3 4111 4159 4134 
3 4160 4070 4134 
3 4160 4137 4070 
3 4137 4161 4112 
3 4112 4161 4162 
3 4163 4136 4096 
3 4162 4072 4112 
3 4072 4162 4138 
3 4096 4164 4163 
3 4138 4165 4095 
3 4096 4166 4164 
3 4139 4095 4165 
3 4165 4167 4139 
3 4096 4076 4166 
3 4113 4139 4167 
3 4167 4168 4113 
3 4168 4140 4113 
3 4076 4141 4166 
3 4140 4169 4097 
3 4115 4097 4169 
3 4143 4115 4169 
3 4142 4100 4144 
3 4117 4143 4170 
3 4117 4170 4171 
3 4101 4172 4144 
3 4171 4145 4117 
3 4173 4172 4146 
3 4101 4146 4172 
3 4174 4120 4145 
3 4146 4121 4173 
3 4175 4173 4121 
3 4174 4122 4120 
3 4121 4147 4175 
3 4176 4103 4122 
3 4103 4176 4177 
3 4178 4148 4123 
3 4124 4103 4177 
3 4124 4177 4179 
3 4180 4178 4125 
3 4123 4125 4178 
3 4125 4124 4179 
3 4181 4150 4149 
3 4149 4151 4182 
3 4183 4182 4151 
3 4150 4181 4152 
3 4152 4127 4150 
3 4128 4184 4183 
3 4183 4151 4128 
3 4107 4184 4128 
3 4154 4153 4185 
3 4186 4107 4155 
3 4185 4130 4154 
3 4156 4185 4187 
3 4185 4156 4130 
3 4132 4188 4155 
3 4156 4187 4157 
3 4189 4159 4158 
3 4133 4190 4132 
3 4189 4134 4159 
3 4133 4135 4190 
3 4189 4160 4134 
3 4135 4136 4191 
3 4140 4168 4192 
3 4166 4141 4193 
3 4169 4140 4192 
3 4114 4193 4141 
3 4193 4114 4142 
3 4142 4194 4193 
3 4169 4195 4143 
3 4170 4143 4195 
3 4142 4144 4194 
3 4195 4171 4170 
3 4196 4194 4144 
3 4197 4171 4195 
3 4196 4144 4172 
3 4197 4145 4171 
3 4145 4197 4174 
3 4122 4174 4198 
3 4198 4176 4122 
3 4175 4147 4199 
3 4148 4199 4147 
3 4179 4180 4125 
3 4200 4181 4149 
3 4152 4181 4201 
3 4202 4184 4107 
3 4202 4183 4184 
3 4152 4201 4203 
3 4186 4202 4107 
3 4203 4204 4153 
3 4203 4153 4152 
3 4153 4204 4185 
3 4155 4205 4186 
3 4157 4187 4206 
3 4132 4207 4188 
3 4206 4158 4157 
3 4207 4132 4190 
3 4135 4208 4190 
3 4209 4160 4189 
3 4137 4209 4210 
3 4209 4137 4160 
3 4208 4135 4191 
3 4136 4163 4191 
3 4161 4137 4210 
3 4210 4211 4161 
3 4211 4162 4161 
3 4212 4191 4163 
3 4162 4211 4213 
3 4213 4138 4162 
3 4213 4165 4138 
3 4165 4213 4167 
3 4214 4164 4166 
3 4167 4192 4168 
3 4166 4193 4214 
3 4169 4192 4215 
3 4169 4215 4216 
3 4169 4216 4195 
3 4194 4196 4217 
3 4217 4196 4218 
3 4219 4218 4196 
3 4196 4172 4219 
3 4220 4219 4173 
3 4172 4173 4219 
3 4174 4197 4221 
3 4173 4175 4220 
3 4174 4221 4198 
3 4222 4176 4198 
3 4222 4177 4176 
3 4222 4223 4177 
3 4179 4177 4223 
3 4178 4180 4224 
3 4200 4149 4182 
3 4201 4181 4200 
3 4225 4183 4202 
3 4202 4186 4225 
3 4226 4203 4201 
3 4226 4204 4203 
3 4227 4185 4204 
3 4227 4187 4185 
3 4205 4155 4188 
3 4188 4207 4205 
3 4228 4206 4187 
3 4228 4158 4206 
3 4229 4207 4190 
3 4158 4228 4230 
3 4230 4189 4158 
3 4190 4208 4229 
3 4189 4230 4209 
3 4191 4212 4208 
3 4163 4164 4212 
3 4231 4167 4213 
3 4232 4233 4167 
3 4214 4234 4164 
3 4192 4167 4233 
3 4233 4215 4192 
3 4235 4214 4193 
3 4236 4237 4193 
3 4193 4194 4236 
3 4195 4216 4238 
3 4217 4236 4194 
3 4238 4197 4195 
3 4219 4220 4239 
3 4240 4221 4197 
3 4240 4198 4221 
3 4198 4240 4241 
3 4199 4220 4175 
3 4241 4222 4198 
3 4242 4199 4148 
3 4148 4178 4242 
3 4223 4243 4179 
3 4243 4244 4180 
3 4224 4180 4244 
3 4224 4242 4178 
3 4243 4180 4179 
3 4200 4245 4246 
3 4200 4247 4245 
3 4247 4200 4182 
3 4182 4248 4247 
3 4182 4183 4248 
3 4201 4246 4249 
3 4246 4201 4200 
3 4250 4248 4183 
3 4250 4183 4225 
3 4201 4249 4226 
3 4225 4186 4251 
3 4204 4226 4227 
3 4186 4205 4251 
3 4205 4252 4251 
3 4253 4187 4227 
3 4253 4254 4187 
3 4187 4254 4228 
3 4252 4205 4207 
3 4207 4229 4255 
3 4255 4256 4207 
3 4229 4208 4255 
3 4255 4208 4257 
3 4258 4210 4209 
3 4212 4259 4208 
3 4211 4210 4258 
3 4258 4260 4211 
3 4260 4261 4211 
3 4261 4213 4211 
3 4261 4231 4213 
3 4212 4164 4234 
3 4232 4167 4231 
3 4234 4214 4235 
3 4233 4262 4215 
3 4263 4235 4193 
3 4262 4264 4215 
3 4216 4215 4264 
3 4265 4238 4216 
3 4237 4236 4217 
3 4218 4237 4217 
3 4238 4265 4266 
3 4266 4197 4238 
3 4197 4266 4267 
3 4267 4240 4197 
3 4268 4218 4219 
3 4219 4239 4268 
3 4267 4269 4240 
3 4270 4239 4220 
3 4269 4241 4240 
3 4220 4199 4270 
3 4224 4244 4271 
3 4242 4224 4271 
3 4272 4273 4274 
3 4245 4272 4246 
3 4272 4245 4247 
3 4247 4248 4273 
3 4273 4272 4247 
3 4250 4273 4248 
3 4251 4250 4225 
3 4226 4249 4275 
3 4226 4275 4276 
3 4276 4227 4226 
3 4227 4276 4253 
3 4277 4251 4252 
3 4252 4207 4277 
3 4256 4277 4207 
3 4255 4257 4256 
3 4278 4209 4230 
3 4278 4258 4209 
3 4261 4260 4279 
3 4212 4280 4259 
3 4212 4281 4280 
3 4282 4231 4261 
3 4281 4212 4234 
3 4232 4231 4282 
3 4234 4235 4281 
3 4232 4282 4283 
3 4283 4233 4232 
3 4233 4283 4262 
3 4193 4284 4263 
3 4284 4193 4237 
3 4216 4264 4285 
3 4265 4216 4285 
3 4265 4285 4286 
3 4286 4266 4265 
3 4237 4218 4287 
3 4288 4266 4286 
3 4288 4267 4266 
3 4289 4269 4267 
3 4239 4270 4290 
3 4291 4290 4270 
3 4289 4241 4269 
3 4241 4289 4222 
3 4270 4199 4291 
3 4199 4242 4291 
3 4292 4242 4271 
3 4293 4223 4222 
3 4293 4243 4223 
3 4244 4243 4293 
3 4294 4249 4246 
3 4272 4294 4246 
3 4295 4250 4251 
3 4295 4273 4250 
3 4296 4228 4254 
3 4297 4277 4256 
3 4256 4298 4297 
3 4228 4296 4230 
3 4298 4256 4257 
3 4299 4258 4278 
3 4208 4259 4257 
3 4299 4260 4258 
3 4300 4257 4259 
3 4260 4299 4279 
3 4282 4261 4301 
3 4281 4302 4280 
3 4302 4281 4235 
3 4283 4282 4303 
3 4235 4304 4302 
3 4303 4262 4283 
3 4235 4263 4304 
3 4264 4262 4305 
3 4287 4306 4237 
3 4287 4218 4307 
3 4268 4307 4218 
3 4289 4288 4286 
3 4289 4267 4288 
3 4268 4239 4290 
3 4289 4308 4222 
3 4291 4242 4309 
3 4310 4293 4222 
3 4292 4309 4242 
3 4244 4293 4311 
3 4271 4244 4311 
3 4311 4312 4271 
3 4312 4292 4271 
3 4274 4313 4294 
3 4294 4272 4274 
3 4274 4273 4314 
3 4315 4249 4294 
3 4315 4316 4249 
3 4317 4314 4273 
3 4273 4295 4317 
3 4316 4275 4249 
3 4275 4316 4276 
3 4251 4318 4319 
3 4319 4295 4251 
3 4318 4251 4277 
3 4320 4253 4276 
3 4321 4254 4253 
3 4253 4320 4321 
3 4277 4297 4318 
3 4254 4321 4296 
3 4322 4230 4296 
3 4230 4322 4323 
3 4230 4323 4278 
3 4324 4279 4299 
3 4280 4300 4259 
3 4325 4261 4279 
3 4326 4282 4301 
3 4280 4302 4327 
3 4303 4282 4326 
3 4303 4328 4262 
3 4305 4262 4328 
3 4304 4263 4329 
3 4237 4330 4284 
3 4285 4264 4305 
3 4330 4237 4306 
3 4286 4285 4331 
3 4307 4306 4287 
3 4286 4331 4332 
3 4286 4332 4333 
3 4333 4289 4286 
3 4334 4307 4268 
3 4290 4334 4268 
3 4333 4335 4289 
3 4335 4308 4289 
3 4308 4310 4222 
3 4310 4308 4336 
3 4309 4292 4337 
3 4336 4293 4310 
3 4336 4311 4293 
3 4336 4338 4311 
3 4292 4312 4337 
3 4339 4313 4274 
3 4313 4340 4294 
3 4274 4314 4339 
3 4315 4294 4341 
3 4341 4316 4315 
3 4316 4341 4276 
3 4295 4342 4317 
3 4295 4319 4342 
3 4342 4319 4318 
3 4343 4320 4276 
3 4318 4344 4342 
3 4320 4343 4321 
3 4318 4345 4344 
3 4345 4318 4297 
3 4346 4345 4297 
3 4297 4298 4346 
3 4323 4322 4347 
3 4347 4278 4323 
3 4278 4347 4348 
3 4257 4349 4298 
3 4299 4348 4350 
3 4348 4299 4278 
3 4349 4257 4300 
3 4324 4299 4350 
3 4350 4325 4324 
3 4325 4279 4324 
3 4351 4300 4280 
3 4301 4261 4325 
3 4325 4352 4301 
3 4327 4351 4280 
3 4326 4353 4303 
3 4354 4327 4302 
3 4354 4302 4304 
3 4328 4303 4353 
3 4353 4355 4328 
3 4304 4329 4354 
3 4305 4328 4355 
3 4355 4356 4305 
3 4329 4263 4284 
3 4284 4330 4357 
3 4357 4329 4284 
3 4358 4285 4305 
3 4358 4331 4285 
3 4330 4306 4359 
3 4331 4360 4332 
3 4306 4307 4359 
3 4333 4332 4361 
3 4334 4362 4307 
3 4308 4335 4363 
3 4364 4365 4291 
3 4290 4291 4365 
3 4366 4336 4308 
3 4308 4363 4366 
3 4291 4309 4364 
3 4338 4336 4366 
3 4338 4312 4311 
3 4313 4367 4340 
3 4367 4313 4339 
3 4340 4341 4294 
3 4341 4340 4368 
3 4341 4368 4369 
3 4369 4276 4341 
3 4276 4369 4343 
3 4342 4344 4370 
3 4344 4345 4370 
3 4350 4371 4325 
3 4300 4351 4349 
3 4325 4372 4352 
3 4326 4301 4352 
3 4352 4373 4326 
3 4373 4353 4326 
3 4356 4374 4305 
3 4329 4375 4354 
3 4305 4376 4358 
3 4329 4357 4375 
3 4331 4358 4376 
3 4331 4376 4360 
3 4357 4330 4359 
3 4362 4377 4307 
3 4359 4307 4377 
3 4378 4361 4332 
3 4332 4360 4378 
3 4335 4361 4378 
3 4335 4333 4361 
3 4334 4290 4365 
3 4364 4309 4379 
3 4337 4380 4379 
3 4309 4337 4379 
3 4366 4381 4338 
3 4312 4338 4381 
3 4381 4380 4312 
3 4337 4312 4380 
3 4382 4340 4367 
3 4367 4383 4382 
3 4383 4367 4339 
3 4382 4384 4340 
3 4385 4368 4340 
3 4384 4385 4340 
3 4339 4314 4386 
3 4387 4386 4314 
3 4314 4317 4387 
3 4385 4369 4368 
3 4387 4317 4342 
3 4369 4388 4343 
3 4370 4387 4342 
3 4389 4321 4343 
3 4296 4321 4389 
3 4390 4347 4322 
3 4391 4346 4298 
3 4347 4390 4348 
3 4391 4298 4349 
3 4351 4392 4349 
3 4325 4371 4372 
3 4351 4327 4392 
3 4327 4354 4393 
3 4353 4394 4355 
3 4356 4355 4394 
3 4376 4305 4374 
3 4376 4395 4360 
3 4357 4359 4396 
3 4396 4397 4357 
3 4377 4396 4359 
3 4398 4378 4360 
3 4398 4335 4378 
3 4335 4398 4363 
3 4399 4400 4364 
3 4365 4364 4400 
3 4379 4399 4364 
3 4366 4363 4401 
3 4366 4401 4381 
3 4382 4383 4384 
3 4339 4402 4383 
3 4339 4386 4402 
3 4384 4403 4385 
3 4388 4369 4385 
3 4343 4388 4404 
3 4343 4404 4389 
3 4405 4370 4345 
3 4406 4296 4389 
3 4406 4407 4296 
3 4345 4391 4405 
3 4407 4322 4296 
3 4391 4345 4346 
3 4407 4390 4322 
3 4408 4391 4349 
3 4409 4350 4348 
3 4409 4371 4350 
3 4349 4392 4408 
3 4392 4410 4408 
3 4411 4372 4371 
3 4352 4372 4412 
3 4352 4412 4413 
3 4373 4352 4413 
3 4373 4413 4414 
3 4414 4353 4373 
3 4394 4353 4414 
3 4394 4415 4356 
3 4374 4356 4415 
3 4415 4376 4374 
3 4357 4397 4375 
3 4416 4395 4376 
3 4397 4396 4417 
3 4360 4395 4418 
3 4377 4417 4396 
3 4377 4362 4419 
3 4418 4398 4360 
3 4420 4419 4362 
3 4362 4334 4420 
3 4334 4365 4420 
3 4421 4420 4365 
3 4398 4422 4363 
3 4365 4400 4421 
3 4400 4399 4423 
3 4363 4424 4401 
3 4399 4379 4423 
3 4380 4381 4425 
3 4384 4426 4403 
3 4426 4384 4383 
3 4426 4383 4402 
3 4427 4426 4402 
3 4428 4427 4402 
3 4429 4385 4403 
3 4428 4386 4387 
3 4428 4402 4386 
3 4385 4429 4388 
3 4430 4404 4388 
3 4404 4430 4431 
3 4432 4370 4405 
3 4431 4389 4404 
3 4407 4406 4433 
3 4433 4390 4407 
3 4348 4390 4434 
3 4434 4409 4348 
3 4411 4371 4409 
3 4435 4372 4411 
3 4436 4410 4392 
3 4392 4327 4436 
3 4372 4435 4437 
3 4372 4437 4412 
3 4438 4413 4412 
3 4439 4436 4327 
3 4414 4413 4438 
3 4439 4327 4393 
3 4440 4394 4414 
3 4393 4354 4441 
3 4415 4394 4440 
3 4354 4375 4441 
3 4442 4441 4375 
3 4415 4416 4376 
3 4375 4397 4442 
3 4442 4397 4417 
3 4443 4418 4395 
3 4395 4416 4443 
3 4417 4377 4419 
3 4443 4444 4418 
3 4418 4444 4398 
3 4421 4400 4445 
3 4363 4422 4424 
3 4423 4445 4400 
3 4424 4446 4401 
3 4423 4379 4447 
3 4446 4381 4401 
3 4425 4448 4380 
3 4379 4380 4448 
3 4448 4447 4379 
3 4381 4446 4425 
3 4449 4403 4426 
3 4427 4450 4426 
3 4428 4450 4427 
3 4429 4449 4451 
3 4449 4429 4403 
3 4428 4387 4452 
3 4451 4388 4429 
3 4370 4453 4452 
3 4452 4387 4370 
3 4451 4430 4388 
3 4453 4370 4432 
3 4389 4431 4454 
3 4406 4454 4455 
3 4454 4406 4389 
3 4405 4391 4456 
3 4456 4457 4405 
3 4406 4455 4433 
3 4458 4390 4433 
3 4458 4434 4390 
3 4391 4408 4456 
3 4408 4459 4456 
3 4460 4409 4434 
3 4408 4461 4459 
3 4409 4460 4411 
3 4461 4408 4410 
3 4411 4462 4435 
3 4438 4412 4437 
3 4414 4438 4440 
3 4439 4393 4441 
3 4440 4463 4415 
3 4463 4464 4415 
3 4464 4416 4415 
3 4416 4464 4465 
3 4442 4417 4466 
3 4465 4467 4443 
3 4443 4416 4465 
3 4468 4466 4417 
3 4417 4419 4468 
3 4467 4444 4443 
3 4419 4420 4469 
3 4422 4398 4444 
3 4420 4421 4470 
3 4470 4469 4420 
3 4471 4470 4421 
3 4445 4471 4421 
3 4445 4423 4472 
3 4423 4447 4472 
3 4426 4473 4474 
3 4474 4449 4426 
3 4450 4473 4426 
3 4475 4450 4428 
3 4476 4451 4449 
3 4428 4452 4475 
3 4477 4452 4453 
3 4478 4430 4451 
3 4477 4453 4432 
3 4479 4431 4430 
3 4430 4478 4479 
3 4431 4479 4454 
3 4432 4405 4457 
3 4456 4480 4457 
3 4433 4455 4458 
3 4456 4459 4481 
3 4461 4481 4459 
3 4482 4411 4460 
3 4411 4482 4462 
3 4410 4483 4461 
3 4437 4435 4462 
3 4410 4436 4483 
3 4483 4436 4439 
3 4439 4484 4483 
3 4440 4438 4485 
3 4485 4463 4440 
3 4486 4439 4441 
3 4441 4487 4486 
3 4487 4441 4442 
3 4467 4465 4464 
3 4442 4466 4487 
3 4469 4468 4419 
3 4488 4422 4444 
3 4422 4488 4489 
3 4422 4489 4490 
3 4424 4422 4490 
3 4472 4471 4445 
3 4491 4446 4424 
3 4425 4446 4491 
3 4491 4492 4425 
3 4425 4492 4493 
3 4448 4425 4493 
3 4493 4447 4448 
3 4473 4494 4474 
3 4495 4449 4474 
3 4496 4473 4450 
3 4449 4495 4497 
3 4497 4476 4449 
3 4496 4450 4475 
3 4498 4496 4475 
3 4475 4452 4498 
3 4451 4476 4499 
3 4499 4478 4451 
3 4500 4452 4477 
3 4477 4501 4500 
3 4477 4432 4501 
3 4502 4501 4432 
3 4432 4503 4502 
3 4503 4432 4457 
3 4504 4454 4479 
3 4504 4455 4454 
3 4505 4434 4458 
3 4456 4506 4480 
3 4434 4505 4507 
3 4506 4456 4481 
3 4481 4508 4506 
3 4507 4460 4434 
3 4508 4481 4461 
3 4460 4507 4482 
3 4462 4509 4437 
3 4483 4510 4461 
3 4438 4437 4509 
3 4483 4484 4510 
3 4511 4484 4439 
3 4486 4511 4439 
3 4512 4513 4485 
3 4463 4485 4513 
3 4513 4514 4463 
3 4514 4464 4463 
3 4464 4514 4515 
3 4464 4515 4467 
3 4466 4468 4516 
3 4516 4487 4466 
3 4468 4517 4516 
3 4468 4469 4517 
3 4444 4467 4518 
3 4518 4488 4444 
3 4488 4518 4519 
3 4519 4489 4488 
3 4470 4471 4520 
3 4489 4519 4490 
3 4471 4472 4521 
3 4521 4520 4471 
3 4491 4424 4490 
3 4490 4522 4491 
3 4472 4447 4523 
3 4523 4521 4472 
3 4492 4491 4522 
3 4493 4523 4447 
3 4474 4494 4495 
3 4494 4473 4524 
3 4473 4496 4524 
3 4525 4476 4497 
3 4526 4496 4498 
3 4498 4452 4527 
3 4527 4526 4498 
3 4476 4525 4528 
3 4527 4452 4500 
3 4500 4529 4527 
3 4476 4528 4499 
3 4530 4529 4500 
3 4500 4501 4530 
3 4530 4501 4502 
3 4502 4531 4530 
3 4478 4499 4479 
3 4531 4502 4503 
3 4503 4457 4531 
3 4506 4508 4480 
3 4508 4461 4510 
3 4462 4482 4532 
3 4532 4509 4462 
3 4510 4484 4533 
3 4534 4438 4509 
3 4485 4438 4534 
3 4533 4484 4511 
3 4512 4485 4534 
3 4515 4514 4535 
3 4467 4515 4535 
3 4487 4516 4536 
3 4537 4517 4469 
3 4467 4538 4518 
3 4469 4470 4537 
3 4518 4539 4519 
3 4540 4537 4470 
3 4470 4520 4540 
3 4539 4490 4519 
3 4541 4521 4523 
3 4492 4522 4542 
3 4493 4492 4542 
3 4495 4543 4544 
3 4543 4495 4494 
3 4545 4494 4524 
3 4544 4497 4495 
3 4524 4496 4545 
3 4497 4544 4525 
3 4526 4546 4496 
3 4527 4529 4526 
3 4547 4499 4528 
3 4529 4530 4526 
3 4548 4526 4530 
3 4530 4531 4549 
3 4499 4547 4479 
3 4550 4549 4531 
3 4531 4457 4550 
3 4504 4479 4551 
3 4551 4552 4504 
3 4552 4455 4504 
3 4458 4455 4552 
3 4458 4552 4553 
3 4554 4457 4480 
3 4553 4505 4458 
3 4480 4508 4554 
3 4505 4553 4555 
3 4555 4507 4505 
3 4555 4556 4507 
3 4507 4556 4482 
3 4557 4508 4510 
3 4532 4558 4509 
3 4510 4533 4559 
3 4558 4534 4509 
3 4559 4533 4511 
3 4512 4534 4560 
3 4560 4561 4512 
3 4513 4512 4561 
3 4561 4562 4513 
3 4514 4513 4562 
3 4486 4487 4511 
3 4536 4511 4487 
3 4511 4536 4563 
3 4514 4564 4535 
3 4516 4565 4536 
3 4565 4563 4536 
3 4516 4517 4566 
3 4467 4567 4568 
3 4569 4566 4517 
3 4568 4538 4467 
3 4517 4537 4569 
3 4538 4568 4570 
3 4570 4518 4538 
3 4570 4539 4518 
3 4537 4540 4571 
3 4540 4520 4572 
3 4539 4522 4490 
3 4520 4521 4573 
3 4574 4542 4522 
3 4541 4573 4521 
3 4574 4575 4542 
3 4575 4576 4542 
3 4493 4542 4576 
3 4523 4493 4576 
3 4576 4541 4523 
3 4543 4577 4544 
3 4578 4543 4494 
3 4578 4577 4543 
3 4494 4545 4578 
3 4546 4545 4496 
3 4525 4544 4579 
3 4579 4580 4528 
3 4579 4528 4525 
3 4548 4546 4526 
3 4547 4528 4580 
3 4580 4581 4547 
3 4547 4581 4582 
3 4583 4548 4530 
3 4583 4530 4549 
3 4549 4550 4583 
3 4582 4479 4547 
3 4479 4582 4551 
3 4457 4554 4584 
3 4585 4482 4556 
3 4585 4586 4482 
3 4532 4482 4586 
3 4586 4558 4532 
3 4557 4510 4559 
3 4560 4534 4558 
3 4511 4587 4559 
3 4564 4514 4562 
3 4587 4511 4563 
3 4567 4467 4535 
3 4535 4564 4567 
3 4516 4588 4565 
3 4566 4588 4516 
3 4569 4537 4571 
3 4570 4568 4589 
3 4589 4539 4570 
3 4571 4540 4572 
3 4590 4522 4539 
3 4573 4572 4520 
3 4574 4522 4590 
3 4541 4576 4591 
3 4544 4577 4592 
3 4592 4579 4544 
3 4545 4546 4593 
3 4592 4580 4579 
3 4581 4580 4594 
3 4594 4582 4581 
3 4550 4595 4583 
3 4457 4596 4550 
3 4596 4457 4584 
3 4553 4552 4597 
3 4584 4554 4508 
3 4553 4597 4598 
3 4598 4555 4553 
3 4598 4556 4555 
3 4508 4557 4599 
3 4600 4558 4586 
3 4600 4560 4558 
3 4560 4562 4561 
3 4564 4562 4601 
3 4563 4602 4587 
3 4602 4563 4565 
3 4567 4564 4601 
3 4588 4602 4565 
3 4603 4588 4566 
3 4566 4569 4603 
3 4569 4571 4603 
3 4604 4589 4568 
3 4604 4605 4589 
3 4605 4539 4589 
3 4539 4605 4606 
3 4606 4590 4539 
3 4590 4606 4607 
3 4572 4573 4608 
3 4607 4574 4590 
3 4574 4607 4575 
3 4573 4541 4609 
3 4609 4608 4573 
3 4541 4591 4609 
3 4610 4577 4578 
3 4610 4578 4545 
3 4545 4593 4610 
3 4593 4546 4611 
3 4612 4611 4546 
3 4546 4548 4612 
3 4613 4551 4582 
3 4595 4550 4596 
3 4613 4552 4551 
3 4614 4597 4552 
3 4584 4508 4615 
3 4508 4599 4615 
3 4599 4557 4616 
3 4586 4617 4600 
3 4618 4616 4557 
3 4557 4559 4618 
3 4600 4619 4560 
3 4560 4619 4620 
3 4559 4587 4621 
3 4562 4560 4620 
3 4620 4622 4562 
3 4601 4562 4623 
3 4562 4622 4623 
3 4602 4621 4587 
3 4623 4624 4601 
3 4601 4624 4567 
3 4602 4588 4625 
3 4588 4603 4626 
3 4626 4625 4588 
3 4627 4604 4568 
3 4604 4627 4628 
3 4628 4605 4604 
3 4628 4606 4605 
3 4571 4572 4629 
3 4606 4628 4630 
3 4607 4606 4630 
3 4630 4631 4607 
3 4575 4607 4631 
3 4576 4575 4631 
3 4631 4632 4576 
3 4591 4576 4632 
3 4632 4633 4591 
3 4609 4591 4633 
3 4634 4577 4610 
3 4610 4635 4634 
3 4635 4610 4593 
3 4634 4592 4577 
3 4611 4612 4636 
3 4637 4636 4612 
3 4612 4548 4638 
3 4638 4637 4612 
3 4594 4580 4639 
3 4583 4640 4638 
3 4638 4548 4583 
3 4639 4582 4594 
3 4614 4552 4613 
3 4641 4596 4584 
3 4584 4642 4641 
3 4642 4584 4615 
3 4643 4598 4597 
3 4643 4556 4598 
3 4615 4599 4644 
3 4645 4556 4643 
3 4645 4585 4556 
3 4644 4599 4616 
3 4645 4586 4585 
3 4586 4645 4617 
3 4617 4646 4600 
3 4600 4646 4619 
3 4559 4621 4618 
3 4620 4619 4622 
3 4647 4622 4619 
3 4623 4622 4647 
3 4567 4624 4648 
3 4649 4625 4626 
3 4648 4568 4567 
3 4648 4627 4568 
3 4650 4649 4626 
3 4626 4603 4650 
3 4627 4651 4652 
3 4653 4650 4603 
3 4652 4628 4627 
3 4603 4571 4653 
3 4571 4629 4653 
3 4629 4654 4653 
3 4628 4652 4630 
3 4629 4572 4654 
3 4655 4654 4608 
3 4572 4608 4654 
3 4608 4609 4656 
3 4656 4655 4608 
3 4633 4656 4609 
3 4635 4657 4634 
3 4635 4593 4658 
3 4593 4611 4658 
3 4634 4657 4659 
3 4659 4592 4634 
3 4659 4580 4592 
3 4660 4636 4637 
3 4580 4659 4661 
3 4638 4662 4660 
3 4660 4637 4638 
3 4580 4661 4639 
3 4663 4662 4638 
3 4638 4640 4663 
3 4583 4664 4640 
3 4582 4639 4665 
3 4582 4665 4613 
3 4583 4595 4664 
3 4595 4666 4664 
3 4666 4595 4596 
3 4596 4641 4666 
3 4614 4613 4667 
3 4667 4597 4614 
3 4667 4668 4597 
3 4644 4642 4615 
3 4597 4668 4643 
3 4643 4669 4645 
3 4645 4670 4617 
3 4646 4671 4619 
3 4672 4618 4621 
3 4647 4619 4671 
3 4671 4673 4647 
3 4623 4647 4673 
3 4602 4674 4621 
3 4602 4675 4674 
3 4602 4625 4675 
3 4648 4624 4676 
3 4677 4675 4625 
3 4649 4678 4679 
3 4679 4677 4649 
3 4625 4649 4677 
3 4648 4676 4680 
3 4627 4648 4680 
3 4627 4680 4651 
3 4650 4678 4649 
3 4650 4653 4681 
3 4654 4681 4653 
3 4630 4652 4682 
3 4630 4682 4683 
3 4683 4631 4630 
3 4684 4631 4683 
3 4632 4631 4684 
3 4684 4685 4632 
3 4633 4632 4685 
3 4656 4633 4686 
3 4687 4657 4635 
3 4636 4658 4611 
3 4659 4657 4687 
3 4663 4688 4662 
3 4663 4640 4664 
3 4689 4665 4639 
3 4644 4690 4642 
3 4691 4643 4668 
3 4643 4691 4669 
3 4645 4669 4670 
3 4692 4644 4693 
3 4644 4616 4693 
3 4616 4694 4693 
3 4694 4616 4695 
3 4695 4616 4618 
3 4618 4672 4695 
3 4671 4646 4696 
3 4696 4697 4671 
3 4697 4673 4671 
3 4673 4698 4623 
3 4621 4674 4672 
3 4623 4698 4699 
3 4699 4624 4623 
3 4675 4677 4674 
3 4624 4699 4676 
3 4680 4676 4700 
3 4700 4651 4680 
3 4700 4701 4651 
3 4701 4702 4652 
3 4652 4651 4701 
3 4703 4682 4652 
3 4652 4702 4703 
3 4703 4683 4682 
3 4654 4655 4704 
3 4705 4684 4683 
3 4686 4704 4656 
3 4655 4656 4704 
3 4685 4684 4705 
3 4705 4706 4685 
3 4633 4685 4706 
3 4686 4633 4706 
3 4707 4687 4635 
3 4635 4708 4707 
3 4708 4635 4658 
3 4709 4708 4658 
3 4658 4636 4709 
3 4710 4659 4687 
3 4711 4709 4636 
3 4660 4711 4636 
3 4712 4639 4661 
3 4639 4712 4689 
3 4663 4713 4688 
3 4713 4663 4664 
3 4665 4689 4714 
3 4714 4613 4665 
3 4664 4666 4713 
3 4666 4715 4713 
3 4715 4666 4641 
3 4613 4714 4667 
3 4716 4715 4641 
3 4717 4668 4667 
3 4642 4716 4641 
3 4668 4717 4691 
3 4644 4718 4690 
3 4718 4644 4692 
3 4719 4718 4692 
3 4692 4693 4719 
3 4693 4720 4719 
3 4720 4693 4694 
3 4694 4721 4720 
3 4670 4722 4617 
3 4694 4695 4721 
3 4646 4617 4722 
3 4722 4696 4646 
3 4697 4723 4673 
3 4723 4698 4673 
3 4723 4724 4698 
3 4674 4725 4672 
3 4726 4699 4698 
3 4698 4724 4726 
3 4674 4677 4727 
3 4699 4728 4676 
3 4679 4727 4677 
3 4676 4728 4700 
3 4678 4650 4729 
3 4701 4700 4702 
3 4650 4681 4729 
3 4730 4703 4702 
3 4731 4729 4681 
3 4681 4654 4731 
3 4683 4703 4730 
3 4730 4732 4683 
3 4654 4704 4731 
3 4732 4705 4683 
3 4706 4705 4733 
3 4710 4687 4707 
3 4708 4734 4707 
3 4708 4709 4734 
3 4735 4736 4710 
3 4736 4737 4659 
3 4736 4659 4710 
3 4661 4659 4737 
3 4738 4711 4660 
3 4660 4662 4738 
3 4688 4738 4662 
3 4739 4712 4661 
3 4689 4712 4714 
3 4740 4667 4714 
3 4741 4715 4716 
3 4740 4717 4667 
3 4642 4690 4716 
3 4742 4691 4717 
3 4742 4669 4691 
3 4743 4690 4718 
3 4743 4718 4719 
3 4720 4721 4719 
3 4744 4722 4670 
3 4722 4745 4696 
3 4695 4746 4721 
3 4696 4745 4697 
3 4746 4695 4672 
3 4672 4725 4746 
3 4724 4723 4747 
3 4674 4748 4725 
3 4726 4724 4747 
3 4747 4749 4726 
3 4726 4749 4750 
3 4699 4726 4750 
3 4674 4727 4748 
3 4750 4728 4699 
3 4728 4750 4751 
3 4727 4679 4752 
3 4753 4752 4679 
3 4751 4700 4728 
3 4679 4678 4753 
3 4754 4753 4678 
3 4678 4729 4754 
3 4751 4702 4700 
3 4755 4730 4702 
3 4730 4755 4732 
3 4686 4756 4704 
3 4732 4733 4705 
3 4706 4756 4686 
3 4710 4757 4735 
3 4757 4710 4707 
3 4757 4707 4734 
3 4758 4736 4735 
3 4709 4759 4734 
3 4736 4758 4760 
3 4711 4759 4709 
3 4760 4737 4736 
3 4761 4762 4711 
3 4737 4739 4661 
3 4711 4738 4761 
3 4763 4688 4713 
3 4713 4764 4763 
3 4713 4715 4764 
3 4714 4765 4766 
3 4715 4741 4764 
3 4766 4740 4714 
3 4740 4766 4717 
3 4690 4767 4716 
3 4690 4768 4767 
3 4690 4743 4768 
3 4769 4669 4742 
3 4670 4669 4769 
3 4768 4743 4719 
3 4719 4770 4768 
3 4670 4769 4771 
3 4771 4744 4670 
3 4719 4721 4770 
3 4721 4772 4770 
3 4745 4722 4744 
3 4772 4721 4746 
3 4723 4697 4773 
3 4773 4747 4723 
3 4774 4748 4727 
3 4752 4774 4727 
3 4751 4750 4775 
3 4752 4753 4776 
3 4754 4776 4753 
3 4777 4702 4751 
3 4777 4755 4702 
3 4729 4731 4778 
3 4779 4755 4777 
3 4780 4778 4731 
3 4779 4732 4755 
3 4704 4780 4731 
3 4732 4781 4733 
3 4733 4756 4706 
3 4758 4735 4757 
3 4782 4757 4734 
3 4759 4782 4734 
3 4783 4737 4760 
3 4760 4758 4783 
3 4762 4759 4711 
3 4737 4783 4784 
3 4762 4761 4785 
3 4739 4737 4784 
3 4784 4786 4739 
3 4738 4787 4785 
3 4785 4761 4738 
3 4738 4788 4787 
3 4712 4786 4789 
3 4786 4712 4739 
3 4738 4688 4788 
3 4789 4714 4712 
3 4688 4763 4788 
3 4790 4788 4763 
3 4764 4790 4763 
3 4764 4741 4790 
3 4741 4716 4767 
3 4741 4767 4791 
3 4766 4792 4717 
3 4742 4792 4793 
3 4792 4742 4717 
3 4793 4769 4742 
3 4771 4794 4744 
3 4795 4796 4770 
3 4795 4770 4772 
3 4772 4746 4795 
3 4797 4745 4744 
3 4697 4745 4798 
3 4798 4773 4697 
3 4725 4799 4746 
3 4725 4748 4800 
3 4748 4774 4800 
3 4749 4801 4750 
3 4750 4801 4775 
3 4802 4751 4775 
3 4777 4751 4802 
3 4754 4729 4803 
3 4729 4778 4804 
3 4804 4803 4729 
3 4805 4779 4777 
3 4779 4805 4806 
3 4807 4780 4704 
3 4806 4732 4779 
3 4756 4807 4704 
3 4732 4806 4781 
3 4781 4808 4733 
3 4756 4733 4808 
3 4757 4782 4809 
3 4758 4757 4810 
3 4782 4759 4809 
3 4759 4762 4811 
3 4783 4758 4784 
3 4762 4785 4811 
3 4787 4811 4785 
3 4790 4787 4788 
3 4812 4714 4789 
3 4714 4812 4765 
3 4813 4790 4741 
3 4792 4766 4814 
3 4791 4767 4815 
3 4767 4768 4815 
3 4816 4769 4793 
3 4769 4816 4817 
3 4768 4770 4815 
3 4769 4817 4794 
3 4794 4771 4769 
3 4770 4796 4815 
3 4794 4797 4744 
3 4796 4795 4818 
3 4818 4795 4746 
3 4797 4819 4745 
3 4799 4818 4746 
3 4798 4745 4819 
3 4773 4798 4820 
3 4820 4747 4773 
3 4820 4821 4747 
3 4725 4800 4799 
3 4821 4822 4747 
3 4822 4749 4747 
3 4801 4749 4822 
3 4823 4774 4752 
3 4822 4824 4775 
3 4775 4801 4822 
3 4825 4752 4776 
3 4824 4802 4775 
3 4776 4754 4825 
3 4826 4777 4802 
3 4803 4825 4754 
3 4826 4805 4777 
3 4778 4780 4827 
3 4807 4828 4780 
3 4806 4805 4829 
3 4807 4756 4830 
3 4830 4828 4807 
3 4829 4781 4806 
3 4781 4831 4808 
3 4831 4830 4808 
3 4756 4808 4830 
3 4809 4759 4832 
3 4833 4832 4759 
3 4833 4759 4811 
3 4834 4784 4758 
3 4811 4787 4833 
3 4786 4784 4834 
3 4834 4835 4786 
3 4786 4835 4836 
3 4836 4789 4786 
3 4837 4787 4790 
3 4789 4836 4812 
3 4790 4813 4838 
3 4838 4837 4790 
3 4766 4765 4814 
3 4813 4741 4791 
3 4792 4814 4839 
3 4792 4839 4840 
3 4840 4793 4792 
3 4793 4840 4816 
3 4815 4796 4841 
3 4796 4842 4841 
3 4818 4842 4796 
3 4818 4799 4842 
3 4798 4819 4843 
3 4844 4842 4799 
3 4820 4798 4843 
3 4800 4844 4799 
3 4820 4845 4821 
3 4822 4821 4845 
3 4846 4800 4774 
3 4774 4823 4846 
3 4847 4823 4752 
3 4752 4825 4847 
3 4848 4802 4824 
3 4848 4826 4802 
3 4849 4805 4826 
3 4850 4804 4778 
3 4805 4849 4851 
3 4778 4827 4850 
3 4828 4827 4780 
3 4805 4851 4852 
3 4852 4829 4805 
3 4829 4852 4853 
3 4853 4781 4829 
3 4853 4831 4781 
3 4854 4810 4757 
3 4757 4855 4854 
3 4855 4757 4809 
3 4809 4832 4855 
3 4856 4832 4833 
3 4857 4856 4833 
3 4758 4858 4834 
3 4833 4787 4857 
3 4835 4834 4859 
3 4859 4836 4835 
3 4860 4787 4837 
3 4861 4812 4836 
3 4836 4859 4861 
3 4837 4862 4860 
3 4862 4837 4838 
3 4838 4813 4862 
3 4861 4765 4812 
3 4863 4813 4791 
3 4791 4815 4863 
3 4816 4840 4864 
3 4864 4817 4816 
3 4797 4794 4865 
3 4819 4797 4865 
3 4843 4819 4865 
3 4843 4866 4820 
3 4800 4867 4844 
3 4845 4820 4866 
3 4846 4867 4800 
3 4824 4822 4845 
3 4868 4846 4823 
3 4823 4847 4868 
3 4869 4848 4824 
3 4870 4847 4825 
3 4825 4871 4870 
3 4872 4848 4869 
3 4804 4871 4803 
3 4825 4803 4871 
3 4872 4826 4848 
3 4826 4872 4873 
3 4826 4873 4849 
3 4804 4850 4874 
3 4850 4827 4828 
3 4852 4851 4853 
3 4828 4830 4875 
3 4853 4875 4831 
3 4830 4831 4875 
3 4876 4810 4854 
3 4854 4855 4876 
3 4877 4758 4810 
3 4810 4876 4877 
3 4758 4877 4858 
3 4832 4856 4878 
3 4879 4878 4856 
3 4856 4857 4879 
3 4834 4858 4880 
3 4834 4880 4881 
3 4881 4859 4834 
3 4857 4787 4882 
3 4787 4860 4882 
3 4859 4881 4883 
3 4883 4861 4859 
3 4765 4861 4884 
3 4885 4862 4813 
3 4765 4884 4814 
3 4886 4887 4813 
3 4863 4886 4813 
3 4841 4863 4815 
3 4888 4817 4864 
3 4888 4889 4817 
3 4817 4889 4890 
3 4794 4817 4890 
3 4865 4794 4890 
3 4842 4891 4892 
3 4843 4865 4893 
3 4891 4842 4844 
3 4844 4867 4891 
3 4866 4894 4845 
3 4845 4894 4895 
3 4895 4824 4845 
3 4895 4896 4824 
3 4897 4898 4846 
3 4846 4868 4897 
3 4869 4824 4896 
3 4870 4868 4847 
3 4872 4869 4873 
3 4874 4871 4804 
3 4899 4900 4850 
3 4874 4850 4900 
3 4873 4851 4849 
3 4828 4899 4850 
3 4851 4873 4901 
3 4853 4851 4901 
3 4853 4902 4875 
3 4903 4877 4876 
3 4876 4904 4903 
3 4904 4876 4855 
3 4904 4855 4832 
3 4832 4878 4904 
3 4877 4903 4858 
3 4858 4905 4880 
3 4880 4906 4881 
3 4906 4883 4881 
3 4907 4882 4860 
3 4883 4906 4908 
3 4908 4861 4883 
3 4860 4885 4907 
3 4860 4862 4885 
3 4908 4884 4861 
3 4885 4813 4887 
3 4814 4884 4909 
3 4909 4910 4814 
3 4910 4839 4814 
3 4911 4840 4839 
3 4839 4910 4911 
3 4864 4911 4888 
3 4911 4864 4840 
3 4912 4863 4841 
3 4842 4913 4841 
3 4913 4842 4892 
3 4865 4890 4914 
3 4865 4914 4893 
3 4891 4915 4892 
3 4893 4916 4843 
3 4866 4843 4916 
3 4917 4867 4846 
3 4917 4846 4898 
3 4918 4895 4894 
3 4895 4918 4919 
3 4919 4920 4896 
3 4896 4895 4919 
3 4896 4920 4869 
3 4870 4871 4921 
3 4869 4922 4873 
3 4871 4874 4921 
3 4900 4923 4874 
3 4923 4921 4874 
3 4899 4828 4924 
3 4925 4924 4828 
3 4853 4901 4926 
3 4828 4875 4925 
3 4853 4926 4902 
3 4904 4927 4903 
3 4905 4858 4903 
3 4928 4878 4879 
3 4879 4929 4928 
3 4879 4857 4930 
3 4930 4929 4879 
3 4931 4880 4905 
3 4932 4930 4857 
3 4857 4882 4932 
3 4931 4906 4880 
3 4887 4933 4885 
3 4933 4887 4886 
3 4933 4886 4863 
3 4912 4934 4863 
3 4912 4841 4935 
3 4935 4841 4913 
3 4889 4936 4890 
3 4937 4935 4913 
3 4890 4936 4914 
3 4938 4913 4892 
3 4893 4914 4939 
3 4915 4938 4892 
3 4893 4939 4916 
3 4891 4940 4915 
3 4916 4941 4866 
3 4940 4891 4867 
3 4866 4941 4942 
3 4894 4866 4942 
3 4943 4940 4867 
3 4867 4917 4943 
3 4894 4942 4918 
3 4944 4943 4917 
3 4917 4898 4944 
3 4945 4944 4898 
3 4898 4897 4945 
3 4919 4946 4920 
3 4897 4947 4945 
3 4920 4946 4869 
3 4897 4868 4947 
3 4948 4947 4868 
3 4868 4870 4948 
3 4949 4948 4870 
3 4870 4921 4949 
3 4873 4922 4950 
3 4950 4901 4873 
3 4900 4899 4924 
3 4924 4923 4900 
3 4926 4901 4951 
3 4926 4951 4952 
3 4953 4902 4952 
3 4953 4954 4875 
3 4875 4902 4953 
3 4925 4875 4954 
3 4952 4902 4926 
3 4903 4955 4956 
3 4955 4903 4927 
3 4957 4927 4904 
3 4904 4878 4957 
3 4957 4878 4958 
3 4956 4905 4903 
3 4928 4958 4878 
3 4930 4932 4929 
3 4959 4929 4932 
3 4959 4932 4960 
3 4932 4882 4961 
3 4961 4960 4932 
3 4907 4961 4882 
3 4906 4931 4962 
3 4908 4962 4963 
3 4962 4908 4906 
3 4907 4885 4964 
3 4908 4963 4965 
3 4884 4908 4965 
3 4964 4885 4933 
3 4965 4909 4884 
3 4909 4965 4966 
3 4909 4966 4910 
3 4863 4967 4933 
3 4967 4863 4934 
3 4968 4911 4910 
3 4911 4968 4888 
3 4889 4888 4969 
3 4912 4935 4970 
3 4970 4935 4937 
3 4889 4969 4936 
3 4971 4914 4936 
3 4937 4913 4972 
3 4913 4938 4972 
3 4914 4971 4973 
3 4939 4914 4973 
3 4915 4974 4938 
3 4939 4941 4916 
3 4974 4915 4940 
3 4943 4975 4940 
3 4943 4944 4975 
3 4919 4918 4976 
3 4946 4919 4976 
3 4946 4976 4977 
3 4977 4869 4946 
3 4978 4922 4869 
3 4978 4950 4922 
3 4921 4923 4979 
3 4979 4949 4921 
3 4901 4950 4980 
3 4923 4924 4981 
3 4901 4980 4951 
3 4925 4982 4924 
3 4953 4982 4954 
3 4925 4954 4982 
3 4983 4984 4927 
3 4955 4985 4986 
3 4986 4956 4955 
3 4984 4955 4927 
3 4984 4985 4955 
3 4927 4957 4983 
3 4958 4983 4957 
3 4958 4928 4987 
3 4928 4929 4987 
3 4956 4986 4905 
3 4959 4987 4929 
3 4959 4960 4988 
3 4989 4988 4960 
3 4989 4960 4961 
3 4961 4907 4989 
3 4990 4907 4991 
3 4907 4964 4991 
3 4965 4963 4992 
3 4991 4964 4933 
3 4993 4991 4933 
3 4910 4966 4994 
3 4967 4995 4933 
3 4968 4994 4996 
3 4994 4968 4910 
3 4934 4912 4970 
3 4969 4888 4968 
3 4969 4971 4936 
3 4971 4997 4973 
3 4938 4998 4972 
3 4973 4999 4939 
3 4998 4938 4974 
3 4974 5000 4998 
3 4941 4939 4999 
3 4974 4940 5000 
3 5000 4940 4975 
3 4918 4942 5001 
3 5002 4975 4944 
3 4944 4945 5003 
3 5003 5002 4944 
3 4918 5001 4976 
3 5004 4945 4947 
3 4948 5004 4947 
3 4869 4977 5005 
3 4978 4869 5005 
3 4978 5005 5006 
3 5006 4950 4978 
3 4950 5006 4980 
3 5007 4979 4923 
3 4981 5007 4923 
3 5008 4951 4980 
3 5009 4981 4924 
3 4982 5009 4924 
3 4951 5008 5010 
3 4952 4951 5010 
3 4953 4952 5010 
3 5010 5011 4953 
3 4982 4953 5011 
3 4984 5012 5013 
3 5012 4984 4983 
3 4983 5014 5012 
3 5015 5014 4983 
3 4984 5013 4985 
3 5015 4983 4958 
3 4958 4987 5015 
3 5016 5015 4987 
3 4987 4959 5016 
3 4905 4986 5017 
3 5018 5016 4959 
3 4959 4988 5018 
3 5017 4931 4905 
3 5019 5018 4988 
3 4988 4989 5019 
3 4931 5017 4962 
3 4989 4907 5019 
3 4907 4990 5019 
3 5020 5019 4990 
3 5020 4990 4991 
3 4965 4992 4966 
3 4933 4995 4993 
3 5021 4995 4967 
3 4934 5022 4967 
3 4968 4996 5023 
3 5023 4969 4968 
3 4934 4970 5022 
3 4970 4937 5024 
3 5024 5025 4970 
3 5024 4937 4972 
3 4997 5026 4973 
3 4999 4973 5026 
3 4941 4999 5026 
3 5027 5000 4975 
3 4975 5028 5027 
3 5029 5001 4942 
3 5001 5029 5030 
3 4975 5002 5028 
3 5028 5002 5003 
3 5030 4976 5001 
3 4976 5030 5031 
3 5032 5003 4945 
3 5031 4977 4976 
3 4945 5004 5032 
3 4977 5031 5033 
3 5033 5005 4977 
3 5034 5004 4949 
3 4948 4949 5004 
3 5005 5033 5006 
3 4949 4979 5034 
3 4980 5006 5035 
3 5007 5034 4979 
3 5007 4981 5036 
3 5035 5008 4980 
3 5009 5036 4981 
3 5037 5009 4982 
3 5035 5010 5008 
3 5011 5010 5038 
3 5011 5037 4982 
3 5039 5013 5012 
3 5040 4986 4985 
3 5013 5039 5040 
3 5040 4985 5013 
3 4986 5040 5041 
3 5042 5017 4986 
3 4986 5041 5042 
3 5019 5043 5018 
3 5017 5042 5044 
3 5044 4962 5017 
3 4962 5044 4963 
3 4993 5020 4991 
3 4966 4992 5045 
3 4994 5045 5046 
3 5045 4994 4966 
3 4994 5046 4996 
3 5021 4967 5022 
3 5022 4970 5025 
3 5047 5025 5024 
3 4971 4969 5048 
3 5048 5049 4971 
3 5047 5024 4972 
3 5049 4997 4971 
3 4998 5047 4972 
3 5026 5050 4941 
3 4942 4941 5050 
3 4942 5050 5029 
3 5032 5028 5003 
3 5031 5030 5051 
3 5052 5032 5004 
3 5051 5033 5031 
3 5033 5051 5053 
3 5033 5053 5054 
3 5054 5006 5033 
3 5054 5035 5006 
3 5055 5034 5007 
3 5036 5055 5007 
3 5036 5009 5056 
3 5009 5037 5056 
3 5035 5038 5010 
3 5038 5057 5011 
3 5037 5011 5057 
3 5012 5014 5039 
3 5058 5040 5039 
3 5041 5040 5058 
3 5043 5059 5016 
3 5016 5018 5043 
3 5060 5042 5041 
3 5060 5044 5042 
3 5019 5020 5043 
3 5061 4963 5044 
3 5061 4992 4963 
3 5062 4992 5061 
3 4992 5062 5063 
3 5064 5065 4993 
3 5063 5045 4992 
3 4993 4995 5064 
3 4995 5066 5064 
3 5063 5046 5045 
3 5066 4995 5021 
3 5067 4996 5046 
3 5021 5022 5066 
3 5068 5066 5022 
3 5069 5023 4996 
3 5048 4969 5023 
3 5023 5069 5048 
3 5025 5068 5022 
3 5048 5070 5049 
3 5049 5070 5071 
3 4997 5049 5071 
3 5071 5026 4997 
3 5026 5071 5072 
3 5000 5073 4998 
3 5050 5026 5072 
3 5072 5074 5050 
3 5027 5073 5000 
3 5073 5027 5075 
3 5074 5029 5050 
3 5027 5076 5075 
3 5027 5028 5076 
3 5076 5028 5032 
3 5077 5051 5030 
3 5077 5078 5051 
3 5052 5004 5079 
3 5053 5051 5078 
3 5034 5079 5004 
3 5080 5054 5053 
3 5035 5054 5081 
3 5082 5036 5056 
3 5037 5057 5056 
3 5038 5035 5081 
3 5081 5083 5038 
3 5057 5038 5083 
3 5039 5084 5085 
3 5014 5086 5084 
3 5084 5039 5014 
3 5086 5014 5015 
3 5015 5087 5086 
3 5085 5058 5039 
3 5015 5016 5087 
3 5059 5087 5016 
3 5059 5043 5088 
3 5043 5089 5088 
3 5043 5090 5089 
3 5090 5043 5020 
3 5020 5091 5090 
3 5020 5092 5093 
3 5093 5091 5020 
3 5092 5020 4993 
3 5065 5094 5092 
3 5065 5092 4993 
3 5095 5046 5063 
3 5095 5067 5046 
3 5069 4996 5067 
3 5096 5048 5069 
3 4998 5097 5047 
3 5070 5098 5071 
3 5072 5071 5098 
3 4998 5099 5097 
3 5099 4998 5073 
3 5073 5100 5099 
3 5100 5073 5075 
3 5074 5101 5029 
3 5029 5101 5102 
3 5103 5075 5076 
3 5029 5102 5104 
3 5104 5030 5029 
3 5076 5032 5105 
3 5077 5030 5104 
3 5105 5032 5052 
3 5077 5104 5078 
3 5080 5053 5078 
3 5106 5079 5034 
3 5055 5106 5034 
3 5055 5036 5107 
3 5108 5081 5054 
3 5082 5107 5036 
3 5057 5082 5056 
3 5084 5109 5085 
3 5087 5110 5086 
3 5087 5111 5110 
3 5087 5059 5111 
3 5059 5088 5111 
3 5112 5041 5058 
3 5058 5085 5112 
3 5041 5112 5060 
3 5089 5111 5088 
3 5060 5113 5044 
3 5114 5089 5090 
3 5114 5090 5094 
3 5044 5113 5061 
3 5090 5091 5094 
3 5094 5091 5093 
3 5093 5092 5094 
3 5065 5115 5094 
3 5115 5065 5064 
3 5116 5067 5095 
3 5067 5116 5069 
3 5117 5068 5025 
3 5070 5048 5096 
3 5047 5117 5025 
3 5098 5118 5072 
3 5097 5099 5119 
3 5118 5074 5072 
3 5099 5100 5119 
3 5075 5103 5100 
3 5076 5105 5103 
3 5104 5102 5120 
3 5120 5078 5104 
3 5105 5052 5121 
3 5052 5079 5121 
3 5122 5080 5078 
3 5079 5106 5123 
3 5108 5054 5080 
3 5106 5055 5124 
3 5107 5124 5055 
3 5125 5081 5108 
3 5125 5083 5081 
3 5083 5126 5057 
3 5082 5057 5126 
3 5084 5127 5109 
3 5127 5084 5086 
3 5128 5085 5109 
3 5110 5127 5086 
3 5085 5128 5129 
3 5129 5112 5085 
3 5060 5112 5130 
3 5060 5130 5113 
3 5131 5061 5113 
3 5061 5131 5132 
3 5132 5062 5061 
3 5062 5132 5063 
3 5063 5133 5134 
3 5135 5115 5064 
3 5095 5063 5134 
3 5064 5066 5135 
3 5095 5134 5116 
3 5136 5069 5116 
3 5068 5137 5066 
3 5069 5138 5096 
3 5137 5068 5117 
3 5047 5139 5117 
3 5070 5096 5140 
3 5047 5141 5139 
3 5047 5097 5141 
3 5098 5070 5140 
3 5140 5142 5098 
3 5118 5098 5142 
3 5143 5141 5097 
3 5142 5144 5118 
3 5143 5097 5119 
3 5143 5119 5100 
3 5118 5144 5074 
3 5100 5103 5145 
3 5103 5146 5145 
3 5102 5101 5147 
3 5102 5147 5120 
3 5148 5103 5105 
3 5121 5148 5105 
3 5122 5078 5120 
3 5123 5121 5079 
3 5149 5080 5122 
3 5108 5149 5150 
3 5108 5080 5149 
3 5124 5123 5106 
3 5150 5125 5108 
3 5124 5107 5151 
3 5151 5152 5124 
3 5082 5151 5107 
3 5125 5153 5083 
3 5153 5126 5083 
3 5154 5109 5127 
3 5154 5128 5109 
3 5112 5129 5155 
3 5112 5155 5130 
3 5156 5111 5089 
3 5157 5156 5089 
3 5157 5089 5114 
3 5130 5158 5113 
3 5113 5158 5131 
3 5133 5063 5132 
3 5133 5159 5134 
3 5116 5159 5136 
3 5159 5116 5134 
3 5066 5160 5135 
3 5161 5160 5066 
3 5162 5069 5136 
3 5066 5137 5161 
3 5069 5162 5138 
3 5137 5163 5161 
3 5137 5139 5163 
3 5137 5117 5139 
3 5140 5096 5138 
3 5138 5164 5140 
3 5165 5139 5141 
3 5165 5141 5143 
3 5144 5142 5166 
3 5143 5100 5145 
3 5144 5167 5074 
3 5101 5074 5167 
3 5147 5101 5167 
3 5146 5103 5148 
3 5148 5168 5146 
3 5148 5121 5168 
3 5120 5169 5122 
3 5121 5123 5170 
3 5169 5149 5122 
3 5149 5169 5150 
3 5123 5124 5152 
3 5151 5082 5171 
3 5153 5125 5172 
3 5082 5126 5171 
3 5127 5173 5154 
3 5174 5128 5154 
3 5174 5129 5128 
3 5175 5110 5111 
3 5176 5175 5111 
3 5177 5176 5111 
3 5111 5156 5177 
3 5157 5177 5156 
3 5114 5094 5157 
3 5094 5178 5157 
3 5178 5094 5115 
3 5115 5179 5178 
3 5180 5115 5135 
3 5181 5136 5159 
3 5135 5160 5182 
3 5136 5181 5162 
3 5160 5163 5182 
3 5163 5160 5161 
3 5139 5183 5163 
3 5140 5164 5184 
3 5184 5142 5140 
3 5185 5142 5184 
3 5166 5142 5185 
3 5143 5186 5165 
3 5143 5145 5186 
3 5167 5144 5166 
3 5187 5147 5167 
3 5187 5188 5147 
3 5146 5168 5189 
3 5188 5120 5147 
3 5190 5168 5121 
3 5191 5169 5120 
3 5170 5190 5121 
3 5192 5170 5123 
3 5193 5150 5169 
3 5194 5192 5123 
3 5123 5152 5194 
3 5125 5150 5193 
3 5125 5193 5172 
3 5152 5151 5195 
3 5195 5196 5152 
3 5171 5195 5151 
3 5153 5172 5197 
3 5197 5198 5153 
3 5126 5153 5198 
3 5171 5126 5198 
3 5173 5174 5154 
3 5127 5199 5173 
3 5127 5110 5199 
3 5129 5200 5201 
3 5200 5129 5174 
3 5110 5175 5199 
3 5155 5129 5201 
3 5176 5177 5202 
3 5202 5177 5157 
3 5203 5158 5130 
3 5130 5155 5203 
3 5157 5178 5204 
3 5131 5203 5205 
3 5203 5131 5158 
3 5178 5179 5204 
3 5206 5132 5131 
3 5115 5207 5179 
3 5208 5133 5132 
3 5132 5206 5208 
3 5207 5115 5180 
3 5133 5208 5209 
3 5135 5210 5180 
3 5209 5159 5133 
3 5210 5135 5182 
3 5182 5211 5210 
3 5159 5209 5181 
3 5182 5163 5211 
3 5211 5163 5212 
3 5138 5162 5213 
3 5138 5213 5214 
3 5163 5183 5212 
3 5214 5215 5138 
3 5164 5138 5215 
3 5185 5184 5216 
3 5166 5185 5216 
3 5217 5165 5186 
3 5218 5167 5166 
3 5219 5186 5145 
3 5145 5146 5219 
3 5219 5146 5220 
3 5187 5167 5218 
3 5146 5189 5220 
3 5221 5220 5189 
3 5189 5168 5221 
3 5222 5120 5188 
3 5120 5222 5191 
3 5168 5190 5221 
3 5223 5221 5190 
3 5190 5170 5223 
3 5192 5223 5170 
3 5169 5191 5224 
3 5224 5193 5169 
3 5193 5224 5225 
3 5194 5152 5196 
3 5225 5172 5193 
3 5225 5226 5172 
3 5195 5171 5227 
3 5172 5226 5197 
3 5197 5228 5198 
3 5198 5228 5171 
3 5173 5200 5174 
3 5173 5199 5229 
3 5229 5199 5175 
3 5176 5202 5230 
3 5202 5157 5231 
3 5204 5232 5157 
3 5179 5207 5204 
3 5205 5206 5131 
3 5207 5180 5233 
3 5210 5233 5180 
3 5234 5181 5209 
3 5234 5162 5181 
3 5211 5212 5235 
3 5235 5212 5236 
3 5213 5237 5214 
3 5212 5183 5236 
3 5215 5214 5238 
3 5236 5183 5139 
3 5139 5239 5236 
3 5215 5238 5240 
3 5240 5164 5215 
3 5139 5165 5239 
3 5184 5164 5240 
3 5184 5240 5216 
3 5241 5166 5216 
3 5218 5166 5241 
3 5242 5186 5219 
3 5219 5243 5242 
3 5219 5220 5243 
3 5218 5244 5245 
3 5187 5218 5245 
3 5246 5243 5220 
3 5188 5187 5245 
3 5220 5221 5246 
3 5192 5194 5247 
3 5194 5196 5247 
3 5196 5195 5248 
3 5227 5228 5249 
3 5227 5171 5228 
3 5227 5248 5195 
3 5173 5250 5251 
3 5200 5251 5252 
3 5251 5200 5173 
3 5229 5250 5173 
3 5252 5201 5200 
3 5229 5175 5253 
3 5175 5254 5253 
3 5175 5176 5230 
3 5230 5254 5175 
3 5252 5155 5201 
3 5230 5202 5231 
3 5231 5255 5230 
3 5256 5203 5155 
3 5255 5231 5157 
3 5232 5255 5157 
3 5203 5256 5257 
3 5257 5205 5203 
3 5204 5207 5258 
3 5259 5206 5205 
3 5207 5233 5258 
3 5206 5259 5260 
3 5260 5208 5206 
3 5208 5260 5261 
3 5261 5209 5208 
3 5209 5261 5234 
3 5162 5234 5213 
3 5210 5211 5235 
3 5235 5236 5262 
3 5238 5214 5237 
3 5263 5239 5165 
3 5165 5264 5263 
3 5216 5240 5265 
3 5216 5265 5266 
3 5264 5165 5217 
3 5241 5216 5266 
3 5242 5264 5217 
3 5186 5242 5217 
3 5267 5218 5241 
3 5267 5244 5218 
3 5268 5188 5245 
3 5246 5221 5269 
3 5268 5222 5188 
3 5222 5268 5270 
3 5270 5191 5222 
3 5191 5270 5224 
3 5269 5221 5223 
3 5223 5271 5269 
3 5223 5192 5271 
3 5272 5225 5224 
3 5226 5225 5273 
3 5274 5197 5226 
3 5226 5273 5274 
3 5249 5248 5227 
3 5228 5197 5274 
3 5274 5249 5228 
3 5250 5275 5251 
3 5229 5275 5250 
3 5251 5276 5252 
3 5277 5229 5253 
3 5253 5254 5277 
3 5254 5230 5277 
3 5278 5277 5230 
3 5279 5155 5252 
3 5230 5255 5280 
3 5280 5278 5230 
3 5155 5279 5256 
3 5281 5257 5256 
3 5257 5281 5282 
3 5282 5259 5257 
3 5259 5205 5257 
3 5258 5232 5204 
3 5283 5258 5233 
3 5260 5284 5261 
3 5283 5233 5210 
3 5210 5285 5283 
3 5234 5261 5286 
3 5234 5286 5287 
3 5287 5213 5234 
3 5285 5210 5235 
3 5287 5237 5213 
3 5288 5285 5235 
3 5288 5235 5262 
3 5289 5288 5262 
3 5290 5238 5237 
3 5236 5239 5291 
3 5262 5236 5291 
3 5292 5240 5238 
3 5292 5293 5240 
3 5291 5239 5263 
3 5265 5240 5293 
3 5267 5241 5266 
3 5294 5244 5267 
3 5246 5242 5243 
3 5245 5244 5294 
3 5294 5268 5245 
3 5268 5294 5295 
3 5295 5270 5268 
3 5295 5296 5270 
3 5296 5224 5270 
3 5224 5296 5297 
3 5192 5298 5271 
3 5224 5297 5272 
3 5299 5298 5192 
3 5192 5247 5299 
3 5300 5247 5196 
3 5300 5299 5247 
3 5225 5272 5273 
3 5248 5300 5196 
3 5249 5274 5301 
3 5248 5249 5302 
3 5303 5276 5251 
3 5303 5251 5275 
3 5252 5276 5304 
3 5305 5275 5229 
3 5229 5277 5305 
3 5252 5304 5279 
3 5306 5278 5280 
3 5306 5280 5307 
3 5280 5255 5307 
3 5308 5256 5279 
3 5309 5307 5255 
3 5309 5255 5232 
3 5256 5308 5281 
3 5310 5232 5258 
3 5258 5311 5310 
3 5311 5258 5283 
3 5260 5259 5282 
3 5312 5261 5284 
3 5312 5286 5261 
3 5286 5312 5313 
3 5313 5287 5286 
3 5287 5313 5314 
3 5314 5237 5287 
3 5237 5314 5290 
3 5290 5292 5238 
3 5262 5291 5289 
3 5291 5263 5315 
3 5293 5316 5265 
3 5263 5264 5317 
3 5266 5265 5316 
3 5267 5266 5316 
3 5242 5318 5319 
3 5242 5246 5318 
3 5320 5318 5246 
3 5246 5269 5320 
3 5296 5295 5297 
3 5269 5271 5321 
3 5271 5298 5321 
3 5298 5299 5322 
3 5322 5321 5298 
3 5323 5299 5300 
3 5324 5273 5272 
3 5325 5323 5248 
3 5300 5248 5323 
3 5274 5273 5324 
3 5324 5301 5274 
3 5301 5326 5249 
3 5302 5249 5326 
3 5302 5325 5248 
3 5303 5327 5328 
3 5327 5303 5275 
3 5275 5305 5327 
3 5329 5304 5276 
3 5276 5328 5329 
3 5328 5276 5303 
3 5330 5279 5304 
3 5304 5329 5330 
3 5306 5277 5278 
3 5330 5308 5279 
3 5330 5331 5308 
3 5307 5309 5332 
3 5232 5333 5332 
3 5332 5309 5232 
3 5310 5334 5333 
3 5333 5232 5310 
3 5310 5311 5334 
3 5335 5282 5281 
3 5311 5283 5334 
3 5335 5260 5282 
3 5260 5335 5336 
3 5336 5284 5260 
3 5312 5284 5337 
3 5283 5285 5338 
3 5312 5337 5313 
3 5313 5339 5314 
3 5339 5290 5314 
3 5339 5340 5290 
3 5289 5315 5288 
3 5292 5290 5340 
3 5289 5291 5315 
3 5292 5341 5293 
3 5293 5341 5316 
3 5342 5317 5264 
3 5264 5242 5342 
3 5267 5316 5343 
3 5319 5342 5242 
3 5343 5344 5294 
3 5294 5267 5343 
3 5294 5344 5295 
3 5321 5320 5269 
3 5323 5325 5345 
3 5324 5346 5301 
3 5346 5326 5301 
3 5326 5347 5302 
3 5325 5302 5347 
3 5305 5348 5327 
3 5305 5277 5348 
3 5277 5349 5348 
3 5350 5330 5329 
3 5277 5306 5349 
3 5351 5306 5352 
3 5306 5307 5352 
3 5332 5352 5307 
3 5353 5332 5333 
3 5308 5331 5354 
3 5354 5281 5308 
3 5334 5353 5333 
3 5354 5335 5281 
3 5354 5355 5335 
3 5283 5356 5334 
3 5283 5338 5356 
3 5337 5284 5357 
3 5313 5337 5358 
3 5313 5358 5359 
3 5360 5338 5285 
3 5360 5285 5288 
3 5313 5359 5361 
3 5361 5339 5313 
3 5288 5315 5362 
3 5340 5339 5363 
3 5292 5340 5363 
3 5364 5315 5263 
3 5365 5341 5292 
3 5263 5317 5364 
3 5366 5342 5319 
3 5319 5318 5367 
3 5368 5367 5318 
3 5318 5320 5368 
3 5320 5321 5368 
3 5369 5368 5321 
3 5321 5322 5370 
3 5371 5370 5299 
3 5322 5299 5370 
3 5323 5371 5299 
3 5324 5272 5372 
3 5345 5325 5373 
3 5346 5324 5372 
3 5347 5373 5325 
3 5328 5374 5375 
3 5374 5328 5327 
3 5329 5328 5375 
3 5376 5348 5349 
3 5377 5376 5349 
3 5378 5377 5349 
3 5378 5349 5306 
3 5351 5378 5306 
3 5350 5331 5330 
3 5351 5352 5379 
3 5332 5353 5379 
3 5379 5352 5332 
3 5380 5336 5335 
3 5335 5355 5380 
3 5380 5381 5336 
3 5381 5284 5336 
3 5284 5381 5357 
3 5382 5337 5357 
3 5382 5358 5337 
3 5359 5358 5382 
3 5360 5288 5362 
3 5363 5361 5359 
3 5362 5383 5360 
3 5362 5315 5384 
3 5362 5384 5383 
3 5363 5339 5361 
3 5365 5292 5363 
3 5384 5315 5364 
3 5342 5385 5317 
3 5341 5386 5316 
3 5385 5342 5366 
3 5343 5316 5386 
3 5319 5387 5366 
3 5343 5388 5344 
3 5389 5387 5319 
3 5319 5367 5389 
3 5390 5344 5388 
3 5390 5295 5344 
3 5295 5390 5391 
3 5367 5368 5392 
3 5391 5297 5295 
3 5368 5369 5392 
3 5393 5272 5297 
3 5321 5370 5369 
3 5272 5393 5372 
3 5371 5323 5394 
3 5373 5394 5345 
3 5323 5345 5394 
3 5372 5395 5346 
3 5326 5346 5395 
3 5395 5396 5326 
3 5347 5326 5396 
3 5327 5397 5374 
3 5397 5327 5348 
3 5348 5376 5397 
3 5398 5329 5375 
3 5378 5376 5377 
3 5351 5379 5378 
3 5398 5350 5329 
3 5350 5398 5331 
3 5399 5379 5353 
3 5354 5331 5400 
3 5400 5355 5354 
3 5334 5401 5353 
3 5402 5401 5334 
3 5334 5356 5402 
3 5402 5356 5403 
3 5356 5338 5403 
3 5382 5357 5404 
3 5404 5359 5382 
3 5405 5338 5360 
3 5359 5404 5406 
3 5360 5383 5405 
3 5363 5359 5406 
3 5407 5365 5363 
3 5365 5407 5408 
3 5409 5384 5364 
3 5365 5408 5341 
3 5317 5409 5364 
3 5317 5410 5409 
3 5410 5317 5385 
3 5410 5385 5366 
3 5410 5366 5387 
3 5343 5386 5388 
3 5390 5388 5411 
3 5390 5411 5391 
3 5412 5297 5391 
3 5412 5393 5297 
3 5369 5370 5413 
3 5371 5413 5370 
3 5372 5393 5414 
3 5415 5394 5373 
3 5372 5414 5395 
3 5396 5416 5347 
3 5373 5347 5416 
3 5416 5415 5373 
3 5374 5417 5418 
3 5418 5375 5374 
3 5417 5374 5397 
3 5376 5419 5397 
3 5376 5420 5419 
3 5418 5398 5375 
3 5376 5421 5420 
3 5376 5378 5421 
3 5422 5421 5378 
3 5378 5379 5422 
3 5399 5422 5379 
3 5423 5331 5398 
3 5331 5423 5400 
3 5424 5355 5400 
3 5425 5401 5402 
3 5402 5403 5425 
3 5426 5381 5380 
3 5426 5357 5381 
3 5357 5426 5404 
3 5427 5338 5405 
3 5404 5428 5406 
3 5429 5427 5405 
3 5429 5405 5383 
3 5430 5429 5383 
3 5363 5406 5431 
3 5363 5431 5432 
3 5432 5407 5363 
3 5384 5433 5383 
3 5432 5408 5407 
3 5433 5384 5409 
3 5387 5434 5410 
3 5435 5388 5386 
3 5436 5387 5389 
3 5411 5388 5435 
3 5436 5389 5367 
3 5437 5436 5367 
3 5438 5391 5411 
3 5437 5367 5392 
3 5391 5438 5412 
3 5392 5369 5439 
3 5439 5437 5392 
3 5413 5439 5369 
3 5440 5393 5412 
3 5441 5413 5371 
3 5414 5393 5440 
3 5440 5442 5414 
3 5394 5441 5371 
3 5414 5442 5443 
3 5394 5415 5444 
3 5443 5395 5414 
3 5443 5445 5395 
3 5396 5395 5445 
3 5445 5416 5396 
3 5417 5446 5418 
3 5446 5417 5397 
3 5397 5419 5446 
3 5447 5419 5420 
3 5420 5421 5448 
3 5449 5398 5418 
3 5421 5422 5448 
3 5422 5450 5448 
3 5450 5422 5399 
3 5423 5398 5449 
3 5399 5353 5451 
3 5353 5452 5451 
3 5452 5353 5401 
3 5355 5424 5380 
3 5452 5401 5425 
3 5403 5338 5453 
3 5453 5338 5427 
3 5429 5430 5427 
3 5454 5431 5406 
3 5430 5383 5433 
3 5433 5455 5430 
3 5455 5433 5409 
3 5432 5456 5408 
3 5341 5408 5456 
3 5457 5341 5456 
3 5458 5409 5410 
3 5410 5459 5458 
3 5459 5410 5434 
3 5457 5386 5341 
3 5386 5457 5460 
3 5387 5461 5434 
3 5435 5386 5460 
3 5460 5462 5435 
3 5387 5436 5461 
3 5435 5462 5463 
3 5463 5411 5435 
3 5438 5411 5464 
3 5412 5438 5465 
3 5466 5441 5394 
3 5443 5442 5467 
3 5444 5466 5394 
3 5468 5445 5443 
3 5416 5445 5469 
3 5416 5470 5415 
3 5444 5415 5470 
3 5471 5418 5446 
3 5472 5446 5419 
3 5447 5472 5419 
3 5420 5473 5447 
3 5420 5448 5473 
3 5471 5449 5418 
3 5474 5400 5423 
3 5451 5475 5399 
3 5451 5476 5475 
3 5400 5474 5477 
3 5476 5451 5452 
3 5477 5424 5400 
3 5478 5380 5424 
3 5380 5478 5426 
3 5425 5403 5479 
3 5403 5480 5479 
3 5403 5453 5480 
3 5481 5404 5426 
3 5404 5481 5428 
3 5482 5453 5427 
3 5483 5406 5428 
3 5427 5430 5482 
3 5454 5406 5483 
3 5483 5484 5454 
3 5431 5454 5484 
3 5485 5432 5431 
3 5409 5458 5455 
3 5456 5486 5457 
3 5487 5458 5459 
3 5487 5459 5434 
3 5434 5488 5487 
3 5460 5457 5486 
3 5488 5434 5461 
3 5460 5489 5462 
3 5462 5489 5463 
3 5464 5411 5463 
3 5436 5437 5490 
3 5412 5465 5491 
3 5492 5437 5439 
3 5439 5413 5492 
3 5412 5491 5440 
3 5493 5492 5413 
3 5467 5442 5440 
3 5441 5466 5494 
3 5495 5493 5441 
3 5413 5441 5493 
3 5443 5467 5468 
3 5496 5497 5444 
3 5466 5444 5497 
3 5497 5494 5466 
3 5498 5445 5468 
3 5469 5445 5498 
3 5498 5499 5469 
3 5416 5469 5499 
3 5499 5470 5416 
3 5444 5470 5496 
3 5500 5472 5447 
3 5501 5471 5446 
3 5447 5473 5500 
3 5473 5502 5500 
3 5502 5473 5448 
3 5503 5449 5471 
3 5471 5501 5503 
3 5449 5503 5504 
3 5505 5502 5448 
3 5448 5450 5505 
3 5450 5506 5505 
3 5504 5507 5449 
3 5508 5450 5399 
3 5508 5506 5450 
3 5507 5423 5449 
3 5507 5474 5423 
3 5508 5399 5475 
3 5475 5476 5508 
3 5452 5509 5476 
3 5424 5477 5478 
3 5510 5426 5478 
3 5510 5481 5426 
3 5481 5511 5428 
3 5482 5480 5453 
3 5511 5483 5428 
3 5512 5482 5430 
3 5430 5513 5512 
3 5485 5431 5484 
3 5514 5513 5430 
3 5430 5515 5514 
3 5485 5516 5432 
3 5516 5456 5432 
3 5515 5430 5455 
3 5455 5517 5515 
3 5517 5455 5458 
3 5517 5458 5487 
3 5486 5518 5460 
3 5461 5519 5488 
3 5489 5460 5518 
3 5463 5489 5520 
3 5461 5436 5521 
3 5463 5520 5464 
3 5522 5521 5436 
3 5490 5522 5436 
3 5464 5523 5465 
3 5465 5438 5464 
3 5524 5490 5437 
3 5523 5491 5465 
3 5524 5437 5492 
3 5491 5523 5525 
3 5525 5440 5491 
3 5440 5525 5467 
3 5494 5495 5441 
3 5468 5467 5526 
3 5526 5527 5468 
3 5496 5494 5497 
3 5527 5498 5468 
3 5527 5499 5498 
3 5499 5528 5470 
3 5496 5470 5528 
3 5529 5446 5472 
3 5501 5529 5530 
3 5529 5501 5446 
3 5500 5502 5531 
3 5531 5532 5500 
3 5501 5530 5533 
3 5534 5531 5502 
3 5501 5533 5503 
3 5502 5505 5534 
3 5535 5534 5505 
3 5505 5506 5535 
3 5506 5508 5535 
3 5536 5474 5507 
3 5537 5508 5476 
3 5536 5477 5474 
3 5477 5536 5538 
3 5537 5476 5509 
3 5477 5538 5478 
3 5539 5452 5425 
3 5539 5509 5452 
3 5540 5510 5478 
3 5425 5541 5539 
3 5541 5425 5479 
3 5479 5542 5541 
3 5480 5542 5479 
3 5481 5510 5543 
3 5481 5543 5511 
3 5482 5544 5480 
3 5482 5512 5544 
3 5483 5511 5484 
3 5512 5513 5545 
3 5485 5484 5546 
3 5513 5514 5545 
3 5514 5515 5545 
3 5516 5485 5546 
3 5515 5547 5545 
3 5516 5546 5548 
3 5516 5548 5456 
3 5547 5515 5517 
3 5456 5549 5486 
3 5550 5486 5549 
3 5517 5487 5551 
3 5487 5552 5551 
3 5518 5486 5550 
3 5552 5487 5488 
3 5519 5552 5488 
3 5519 5461 5521 
3 5520 5553 5464 
3 5464 5553 5554 
3 5521 5522 5555 
3 5522 5490 5555 
3 5524 5555 5490 
3 5556 5525 5523 
3 5492 5493 5557 
3 5557 5524 5492 
3 5525 5556 5558 
3 5558 5467 5525 
3 5559 5557 5493 
3 5467 5558 5526 
3 5495 5494 5560 
3 5560 5561 5495 
3 5561 5559 5495 
3 5493 5495 5559 
3 5562 5560 5494 
3 5494 5496 5562 
3 5528 5499 5563 
3 5528 5562 5496 
3 5529 5564 5530 
3 5564 5529 5472 
3 5564 5472 5500 
3 5500 5532 5564 
3 5532 5531 5565 
3 5566 5565 5531 
3 5566 5531 5534 
3 5503 5533 5567 
3 5535 5566 5534 
3 5504 5503 5567 
3 5567 5568 5504 
3 5507 5568 5536 
3 5568 5507 5504 
3 5539 5537 5509 
3 5539 5541 5537 
3 5510 5569 5543 
3 5570 5511 5543 
3 5571 5542 5480 
3 5571 5480 5544 
3 5572 5484 5511 
3 5544 5512 5545 
3 5484 5572 5546 
3 5546 5573 5574 
3 5548 5546 5574 
3 5574 5456 5548 
3 5549 5456 5574 
3 5551 5575 5547 
3 5547 5517 5551 
3 5576 5551 5552 
3 5518 5550 5577 
3 5519 5578 5552 
3 5577 5489 5518 
3 5489 5577 5579 
3 5520 5489 5579 
3 5555 5519 5521 
3 5520 5579 5553 
3 5580 5555 5524 
3 5554 5523 5464 
3 5523 5554 5581 
3 5581 5556 5523 
3 5556 5581 5582 
3 5557 5580 5524 
3 5582 5558 5556 
3 5557 5559 5583 
3 5499 5527 5563 
3 5584 5585 5532 
3 5564 5585 5530 
3 5564 5532 5585 
3 5586 5532 5565 
3 5565 5566 5587 
3 5535 5587 5566 
3 5588 5508 5589 
3 5508 5588 5535 
3 5536 5568 5590 
3 5589 5508 5537 
3 5478 5538 5591 
3 5478 5591 5540 
3 5510 5540 5592 
3 5542 5593 5541 
3 5592 5569 5510 
3 5570 5543 5569 
3 5572 5511 5570 
3 5571 5544 5594 
3 5544 5545 5594 
3 5595 5546 5572 
3 5546 5595 5573 
3 5596 5594 5545 
3 5573 5549 5574 
3 5545 5547 5597 
3 5575 5551 5576 
3 5578 5598 5576 
3 5576 5552 5578 
3 5577 5599 5579 
3 5579 5554 5553 
3 5580 5557 5600 
3 5583 5600 5557 
3 5558 5582 5601 
3 5602 5559 5561 
3 5559 5602 5603 
3 5583 5559 5603 
3 5601 5526 5558 
3 5526 5601 5604 
3 5560 5562 5605 
3 5561 5560 5605 
3 5604 5606 5526 
3 5606 5607 5526 
3 5527 5526 5607 
3 5563 5527 5608 
3 5527 5607 5608 
3 5608 5609 5563 
3 5528 5563 5609 
3 5609 5610 5528 
3 5562 5528 5610 
3 5610 5605 5562 
3 5585 5611 5530 
3 5532 5586 5612 
3 5612 5584 5532 
3 5586 5613 5612 
3 5613 5586 5565 
3 5611 5533 5530 
3 5565 5587 5613 
3 5533 5611 5614 
3 5587 5535 5615 
3 5615 5613 5587 
3 5614 5567 5533 
3 5616 5615 5535 
3 5567 5614 5617 
3 5616 5535 5618 
3 5617 5568 5567 
3 5618 5535 5619 
3 5535 5588 5619 
3 5588 5589 5619 
3 5537 5620 5589 
3 5536 5590 5538 
3 5537 5541 5620 
3 5620 5541 5621 
3 5538 5622 5591 
3 5593 5542 5571 
3 5623 5570 5569 
3 5570 5623 5624 
3 5572 5570 5624 
3 5572 5625 5595 
3 5626 5571 5594 
3 5625 5573 5595 
3 5626 5594 5596 
3 5597 5626 5596 
3 5545 5597 5596 
3 5573 5627 5549 
3 5628 5597 5547 
3 5547 5575 5628 
3 5576 5598 5575 
3 5550 5549 5629 
3 5627 5629 5549 
3 5550 5629 5577 
3 5578 5630 5631 
3 5578 5519 5630 
3 5630 5519 5555 
3 5599 5632 5579 
3 5633 5630 5555 
3 5632 5554 5579 
3 5554 5632 5634 
3 5555 5580 5633 
3 5581 5554 5634 
3 5581 5634 5635 
3 5635 5582 5581 
3 5636 5580 5600 
3 5561 5637 5602 
3 5603 5602 5638 
3 5583 5603 5638 
3 5600 5583 5638 
3 5638 5639 5600 
3 5640 5601 5582 
3 5640 5641 5604 
3 5604 5601 5640 
3 5605 5637 5561 
3 5641 5606 5604 
3 5641 5607 5606 
3 5608 5607 5641 
3 5608 5641 5642 
3 5609 5608 5642 
3 5642 5643 5609 
3 5610 5609 5643 
3 5584 5644 5585 
3 5584 5613 5644 
3 5584 5612 5613 
3 5613 5615 5645 
3 5646 5614 5611 
3 5647 5645 5615 
3 5615 5616 5647 
3 5648 5647 5616 
3 5617 5614 5646 
3 5618 5648 5616 
3 5590 5568 5617 
3 5618 5619 5589 
3 5590 5649 5650 
3 5650 5538 5590 
3 5650 5622 5538 
3 5651 5620 5621 
3 5541 5652 5621 
3 5591 5622 5653 
3 5653 5540 5591 
3 5652 5541 5593 
3 5653 5592 5540 
3 5654 5569 5592 
3 5592 5653 5654 
3 5569 5654 5623 
3 5655 5572 5624 
3 5625 5572 5655 
3 5655 5656 5625 
3 5593 5571 5626 
3 5573 5625 5656 
3 5657 5597 5628 
3 5628 5575 5658 
3 5598 5658 5575 
3 5629 5627 5659 
3 5631 5660 5598 
3 5577 5629 5599 
3 5659 5599 5629 
3 5598 5578 5631 
3 5631 5630 5661 
3 5662 5632 5599 
3 5661 5630 5633 
3 5633 5580 5636 
3 5600 5639 5636 
3 5582 5635 5663 
3 5602 5637 5664 
3 5664 5665 5602 
3 5638 5602 5665 
3 5665 5666 5638 
3 5639 5638 5666 
3 5663 5640 5582 
3 5641 5640 5667 
3 5605 5668 5637 
3 5643 5668 5610 
3 5605 5610 5668 
3 5669 5611 5585 
3 5585 5644 5669 
3 5613 5670 5644 
3 5611 5669 5671 
3 5672 5670 5613 
3 5672 5613 5645 
3 5611 5671 5646 
3 5647 5672 5645 
3 5617 5646 5673 
3 5673 5590 5617 
3 5674 5618 5589 
3 5650 5649 5622 
3 5620 5651 5589 
3 5621 5652 5651 
3 5652 5593 5675 
3 5676 5623 5654 
3 5623 5676 5677 
3 5624 5623 5677 
3 5678 5655 5624 
3 5678 5656 5655 
3 5679 5593 5626 
3 5626 5680 5679 
3 5656 5681 5573 
3 5597 5657 5626 
3 5627 5573 5681 
3 5628 5658 5657 
3 5682 5657 5658 
3 5658 5683 5682 
3 5683 5658 5598 
3 5598 5660 5683 
3 5659 5627 5684 
3 5659 5685 5599 
3 5662 5599 5685 
3 5632 5662 5686 
3 5634 5632 5686 
3 5661 5633 5687 
3 5634 5686 5635 
3 5636 5688 5633 
3 5635 5689 5663 
3 5666 5690 5691 
3 5636 5666 5691 
3 5636 5639 5666 
3 5665 5664 5692 
3 5665 5692 5690 
3 5666 5665 5690 
3 5640 5663 5667 
3 5664 5693 5692 
3 5694 5641 5667 
3 5664 5637 5693 
3 5642 5641 5695 
3 5693 5637 5668 
3 5643 5642 5695 
3 5695 5696 5643 
3 5668 5643 5696 
3 5672 5644 5670 
3 5669 5697 5671 
3 5672 5647 5698 
3 5699 5646 5671 
3 5647 5648 5698 
3 5648 5618 5698 
3 5646 5699 5700 
3 5700 5673 5646 
3 5674 5701 5698 
3 5698 5618 5674 
3 5590 5700 5649 
3 5700 5590 5673 
3 5701 5674 5589 
3 5702 5701 5589 
3 5703 5622 5649 
3 5702 5589 5651 
3 5622 5703 5704 
3 5704 5653 5622 
3 5653 5704 5654 
3 5593 5705 5675 
3 5593 5679 5705 
3 5676 5678 5677 
3 5678 5624 5677 
3 5706 5680 5626 
3 5626 5657 5706 
3 5707 5657 5682 
3 5708 5709 5682 
3 5682 5683 5708 
3 5683 5660 5708 
3 5709 5708 5660 
3 5660 5631 5710 
3 5631 5661 5711 
3 5659 5712 5685 
3 5661 5687 5713 
3 5714 5686 5662 
3 5662 5685 5714 
3 5687 5633 5688 
3 5635 5686 5689 
3 5715 5688 5636 
3 5716 5663 5689 
3 5717 5718 5692 
3 5718 5719 5720 
3 5691 5690 5720 
3 5720 5715 5691 
3 5636 5691 5715 
3 5718 5690 5692 
3 5690 5718 5720 
3 5667 5663 5716 
3 5692 5721 5717 
3 5722 5641 5694 
3 5692 5693 5721 
3 5722 5695 5641 
3 5723 5721 5693 
3 5696 5723 5668 
3 5693 5668 5723 
3 5724 5669 5644 
3 5644 5725 5724 
3 5644 5726 5725 
3 5669 5724 5697 
3 5644 5672 5726 
3 5671 5697 5727 
3 5728 5672 5698 
3 5671 5727 5699 
3 5729 5700 5699 
3 5698 5701 5728 
3 5701 5730 5728 
3 5700 5729 5731 
3 5731 5649 5700 
3 5701 5702 5730 
3 5649 5731 5732 
3 5732 5703 5649 
3 5733 5651 5652 
3 5733 5652 5675 
3 5734 5678 5676 
3 5734 5735 5678 
3 5735 5656 5678 
3 5656 5735 5736 
3 5681 5656 5736 
3 5681 5736 5737 
3 5707 5706 5657 
3 5627 5681 5737 
3 5737 5738 5627 
3 5709 5707 5682 
3 5707 5709 5739 
3 5627 5738 5684 
3 5709 5740 5739 
3 5660 5710 5709 
3 5659 5684 5712 
3 5741 5712 5684 
3 5710 5631 5711 
3 5742 5711 5661 
3 5661 5713 5742 
3 5685 5712 5743 
3 5744 5742 5713 
3 5714 5685 5743 
3 5713 5687 5744 
3 5688 5744 5687 
3 5714 5745 5686 
3 5745 5689 5686 
3 5689 5745 5746 
3 5689 5746 5716 
3 5688 5715 5747 
3 5717 5719 5718 
3 5715 5720 5748 
3 5748 5747 5715 
3 5667 5716 5749 
3 5749 5694 5667 
3 5722 5694 5749 
3 5749 5750 5722 
3 5751 5717 5721 
3 5750 5695 5722 
3 5721 5723 5752 
3 5752 5751 5721 
3 5695 5753 5696 
3 5723 5696 5753 
3 5753 5752 5723 
3 5754 5724 5725 
3 5754 5755 5724 
3 5755 5697 5724 
3 5672 5756 5726 
3 5697 5755 5727 
3 5728 5756 5672 
3 5699 5727 5729 
3 5731 5729 5757 
3 5757 5732 5731 
3 5651 5733 5702 
3 5758 5703 5732 
3 5703 5758 5759 
3 5759 5704 5703 
3 5704 5759 5760 
3 5761 5733 5675 
3 5760 5654 5704 
3 5654 5760 5762 
3 5762 5676 5654 
3 5761 5675 5705 
3 5676 5762 5763 
3 5734 5676 5763 
3 5679 5680 5764 
3 5765 5736 5735 
3 5736 5765 5737 
3 5766 5680 5706 
3 5767 5766 5706 
3 5767 5706 5707 
3 5707 5739 5767 
3 5684 5738 5741 
3 5740 5709 5710 
3 5710 5768 5740 
3 5768 5710 5711 
3 5711 5769 5768 
3 5770 5769 5711 
3 5742 5770 5711 
3 5712 5771 5743 
3 5772 5742 5744 
3 5744 5688 5772 
3 5773 5714 5743 
3 5745 5714 5773 
3 5716 5746 5774 
3 5719 5717 5775 
3 5775 5776 5719 
3 5720 5719 5776 
3 5748 5720 5776 
3 5776 5777 5748 
3 5747 5748 5777 
3 5774 5749 5716 
3 5751 5775 5717 
3 5753 5695 5778 
3 5778 5752 5753 
3 5779 5754 5725 
3 5780 5779 5725 
3 5780 5725 5726 
3 5756 5780 5726 
3 5729 5727 5781 
3 5782 5728 5730 
3 5730 5783 5782 
3 5729 5781 5757 
3 5783 5730 5702 
3 5702 5784 5783 
3 5784 5702 5733 
3 5759 5785 5760 
3 5760 5785 5786 
3 5786 5762 5760 
3 5762 5786 5787 
3 5762 5787 5763 
3 5788 5705 5679 
3 5763 5789 5734 
3 5764 5788 5679 
3 5765 5735 5734 
3 5734 5789 5765 
3 5764 5680 5766 
3 5737 5790 5791 
3 5790 5737 5765 
3 5792 5766 5767 
3 5737 5791 5793 
3 5767 5739 5792 
3 5738 5737 5793 
3 5793 5794 5738 
3 5740 5795 5739 
3 5794 5741 5738 
3 5740 5768 5796 
3 5741 5797 5712 
3 5798 5768 5769 
3 5799 5798 5769 
3 5769 5770 5799 
3 5799 5770 5742 
3 5800 5799 5742 
3 5742 5772 5800 
3 5771 5801 5743 
3 5801 5773 5743 
3 5772 5688 5802 
3 5745 5803 5746 
3 5777 5802 5747 
3 5802 5688 5747 
3 5776 5775 5804 
3 5750 5749 5774 
3 5805 5804 5775 
3 5775 5751 5805 
3 5695 5750 5806 
3 5778 5807 5752 
3 5807 5805 5751 
3 5751 5752 5807 
3 5695 5806 5778 
3 5779 5808 5754 
3 5780 5808 5779 
3 5809 5755 5754 
3 5727 5809 5810 
3 5809 5727 5755 
3 5811 5756 5728 
3 5727 5810 5781 
3 5782 5811 5728 
3 5757 5781 5812 
3 5757 5812 5813 
3 5813 5732 5757 
3 5814 5783 5784 
3 5732 5813 5815 
3 5815 5758 5732 
3 5784 5816 5814 
3 5816 5784 5733 
3 5815 5759 5758 
3 5816 5733 5761 
3 5761 5817 5816 
3 5761 5705 5817 
3 5818 5763 5787 
3 5763 5818 5789 
3 5789 5819 5765 
3 5790 5765 5819 
3 5819 5791 5790 
3 5819 5820 5791 
3 5793 5791 5821 
3 5793 5821 5794 
3 5795 5792 5739 
3 5796 5795 5740 
3 5794 5822 5741 
3 5796 5768 5823 
3 5822 5797 5741 
3 5823 5768 5798 
3 5712 5797 5771 
3 5798 5799 5824 
3 5799 5800 5824 
3 5800 5772 5825 
3 5803 5773 5801 
3 5772 5802 5825 
3 5803 5745 5773 
3 5826 5746 5803 
3 5825 5802 5827 
3 5746 5826 5828 
3 5828 5774 5746 
3 5802 5777 5829 
3 5777 5776 5804 
3 5804 5829 5777 
3 5805 5830 5804 
3 5806 5750 5831 
3 5807 5778 5832 
3 5807 5830 5805 
3 5833 5754 5808 
3 5780 5834 5808 
3 5754 5833 5809 
3 5780 5756 5834 
3 5835 5756 5811 
3 5835 5834 5756 
3 5810 5809 5836 
3 5836 5781 5810 
3 5811 5782 5835 
3 5781 5836 5812 
3 5835 5782 5837 
3 5837 5782 5838 
3 5783 5839 5838 
3 5838 5782 5783 
3 5814 5840 5783 
3 5813 5841 5815 
3 5814 5816 5840 
3 5842 5759 5815 
3 5842 5785 5759 
3 5785 5842 5843 
3 5843 5786 5785 
3 5843 5787 5786 
3 5705 5788 5817 
3 5787 5843 5844 
3 5787 5844 5845 
3 5845 5818 5787 
3 5846 5817 5788 
3 5818 5845 5789 
3 5788 5764 5846 
3 5764 5847 5846 
3 5764 5766 5847 
3 5847 5766 5792 
3 5821 5791 5820 
3 5796 5792 5795 
3 5798 5848 5823 
3 5798 5824 5848 
3 5824 5849 5848 
3 5800 5825 5850 
3 5850 5849 5824 
3 5824 5800 5850 
3 5851 5803 5801 
3 5827 5850 5825 
3 5803 5851 5826 
3 5852 5828 5826 
3 5829 5827 5802 
3 5829 5804 5853 
3 5854 5774 5828 
3 5750 5774 5854 
3 5831 5750 5854 
3 5778 5806 5855 
3 5855 5856 5778 
3 5832 5778 5856 
3 5856 5857 5832 
3 5807 5832 5857 
3 5830 5807 5857 
3 5858 5833 5859 
3 5860 5858 5859 
3 5808 5859 5833 
3 5860 5859 5808 
3 5860 5808 5834 
3 5834 5835 5861 
3 5861 5862 5834 
3 5861 5835 5863 
3 5835 5837 5863 
3 5863 5837 5838 
3 5783 5864 5865 
3 5865 5839 5783 
3 5813 5812 5841 
3 5864 5783 5866 
3 5866 5867 5864 
3 5840 5816 5866 
3 5866 5783 5840 
3 5817 5868 5816 
3 5869 5868 5817 
3 5870 5844 5843 
3 5845 5844 5871 
3 5817 5846 5869 
3 5789 5845 5871 
3 5789 5871 5872 
3 5872 5819 5789 
3 5819 5873 5820 
3 5820 5874 5821 
3 5792 5875 5876 
3 5792 5796 5875 
3 5794 5821 5877 
3 5794 5877 5822 
3 5797 5822 5878 
3 5771 5797 5878 
3 5878 5801 5771 
3 5848 5849 5879 
3 5880 5879 5849 
3 5849 5850 5880 
3 5881 5851 5801 
3 5827 5880 5850 
3 5851 5882 5826 
3 5852 5826 5882 
3 5882 5883 5852 
3 5852 5854 5828 
3 5884 5885 5827 
3 5827 5829 5884 
3 5829 5853 5884 
3 5831 5886 5806 
3 5855 5806 5886 
3 5887 5858 5860 
3 5833 5858 5888 
3 5860 5834 5887 
3 5888 5809 5833 
3 5809 5888 5889 
3 5889 5836 5809 
3 5836 5889 5890 
3 5836 5890 5812 
3 5861 5863 5891 
3 5863 5838 5891 
3 5838 5839 5891 
3 5867 5839 5865 
3 5865 5864 5867 
3 5841 5812 5892 
3 5893 5867 5866 
3 5893 5866 5816 
3 5815 5841 5894 
3 5894 5842 5815 
3 5816 5868 5895 
3 5896 5843 5842 
3 5843 5896 5897 
3 5897 5870 5843 
3 5897 5871 5844 
3 5897 5844 5870 
3 5898 5869 5846 
3 5871 5899 5872 
3 5873 5819 5872 
3 5872 5899 5873 
3 5898 5846 5847 
3 5900 5898 5847 
3 5792 5876 5847 
3 5900 5847 5876 
3 5875 5900 5876 
3 5874 5877 5821 
3 5796 5901 5875 
3 5902 5822 5877 
3 5796 5823 5901 
3 5878 5822 5902 
3 5903 5801 5878 
3 5801 5903 5881 
3 5904 5851 5881 
3 5882 5851 5904 
3 5880 5827 5885 
3 5852 5883 5905 
3 5885 5884 5906 
3 5852 5905 5854 
3 5906 5853 5804 
3 5884 5853 5906 
3 5804 5830 5907 
3 5908 5907 5830 
3 5886 5909 5855 
3 5856 5855 5909 
3 5909 5910 5856 
3 5857 5856 5910 
3 5910 5908 5857 
3 5830 5857 5908 
3 5911 5858 5887 
3 5858 5911 5888 
3 5887 5834 5912 
3 5913 5912 5834 
3 5834 5862 5913 
3 5889 5888 5914 
3 5889 5914 5890 
3 5915 5862 5861 
3 5861 5891 5915 
3 5916 5915 5891 
3 5812 5890 5917 
3 5918 5812 5917 
3 5891 5839 5916 
3 5919 5916 5839 
3 5919 5839 5867 
3 5812 5918 5892 
3 5919 5867 5893 
3 5892 5894 5841 
3 5816 5895 5893 
3 5920 5897 5896 
3 5897 5920 5921 
3 5922 5868 5869 
3 5921 5871 5897 
3 5871 5921 5899 
3 5899 5923 5873 
3 5924 5820 5873 
3 5820 5924 5874 
3 5874 5902 5877 
3 5901 5823 5848 
3 5925 5901 5848 
3 5848 5879 5925 
3 5925 5879 5926 
3 5879 5880 5926 
3 5926 5880 5927 
3 5928 5904 5881 
3 5885 5927 5880 
3 5904 5928 5929 
3 5882 5904 5929 
3 5929 5930 5882 
3 5883 5882 5930 
3 5930 5931 5883 
3 5931 5905 5883 
3 5905 5931 5932 
3 5905 5932 5854 
3 5933 5885 5906 
3 5933 5804 5907 
3 5933 5906 5804 
3 5854 5932 5934 
3 5831 5854 5934 
3 5886 5831 5934 
3 5886 5934 5909 
3 5907 5908 5935 
3 5910 5935 5908 
3 5887 5912 5911 
3 5914 5888 5911 
3 5913 5862 5936 
3 5936 5912 5913 
3 5915 5936 5862 
3 5914 5937 5890 
3 5915 5916 5938 
3 5937 5917 5890 
3 5916 5919 5938 
3 5917 5937 5918 
3 5918 5939 5892 
3 5940 5894 5892 
3 5895 5868 5941 
3 5942 5842 5894 
3 5942 5896 5842 
3 5942 5920 5896 
3 5899 5921 5923 
3 5898 5922 5869 
3 5923 5924 5873 
3 5900 5943 5898 
3 5874 5944 5945 
3 5901 5943 5900 
3 5900 5875 5901 
3 5946 5943 5901 
3 5902 5874 5945 
3 5947 5878 5902 
3 5948 5949 5901 
3 5948 5901 5925 
3 5925 5950 5948 
3 5951 5950 5925 
3 5925 5926 5951 
3 5903 5928 5881 
3 5926 5927 5951 
3 5952 5929 5928 
3 5930 5929 5953 
3 5929 5952 5953 
3 5931 5930 5954 
3 5953 5954 5930 
3 5931 5954 5955 
3 5955 5932 5931 
3 5935 5933 5907 
3 5956 5957 5934 
3 5909 5934 5957 
3 5910 5909 5957 
3 5957 5958 5910 
3 5935 5910 5958 
3 5911 5959 5960 
3 5959 5911 5912 
3 5912 5961 5959 
3 5914 5911 5960 
3 5960 5962 5914 
3 5936 5961 5912 
3 5963 5936 5915 
3 5915 5938 5963 
3 5937 5962 5964 
3 5962 5937 5914 
3 5918 5964 5965 
3 5964 5918 5937 
3 5918 5965 5939 
3 5966 5938 5919 
3 5892 5939 5940 
3 5919 5893 5966 
3 5941 5967 5893 
3 5941 5893 5895 
3 5894 5940 5942 
3 5941 5868 5968 
3 5920 5969 5970 
3 5969 5920 5942 
3 5968 5868 5922 
3 5921 5920 5970 
3 5971 5968 5922 
3 5972 5971 5922 
3 5973 5923 5921 
3 5972 5922 5898 
3 5944 5874 5924 
3 5974 5943 5946 
3 5901 5975 5946 
3 5902 5945 5947 
3 5901 5949 5975 
3 5976 5975 5949 
3 5878 5947 5977 
3 5978 5948 5950 
3 5977 5903 5878 
3 5977 5979 5903 
3 5951 5980 5950 
3 5903 5979 5928 
3 5952 5928 5979 
3 5927 5885 5981 
3 5954 5953 5982 
3 5955 5954 5983 
3 5983 5932 5955 
3 5885 5933 5981 
3 5983 5984 5932 
3 5934 5932 5984 
3 5985 5981 5933 
3 5933 5935 5985 
3 5956 5986 5957 
3 5958 5957 5986 
3 5987 5960 5959 
3 5961 5988 5959 
3 5961 5936 5988 
3 5987 5962 5960 
3 5936 5963 5989 
3 5989 5990 5936 
3 5963 5991 5989 
3 5963 5938 5991 
3 5992 5964 5962 
3 5964 5992 5993 
3 5993 5965 5964 
3 5993 5939 5965 
3 5966 5994 5938 
3 5993 5995 5940 
3 5940 5939 5993 
3 5967 5996 5994 
3 5994 5966 5967 
3 5966 5893 5967 
3 5997 5942 5940 
3 5942 5997 5969 
3 5921 5970 5973 
3 5998 5971 5972 
3 5898 5999 5972 
3 5898 6000 5999 
3 6000 5898 5943 
3 5924 6001 5944 
3 6002 5945 5944 
3 5945 6002 6003 
3 5946 5975 5974 
3 6004 5974 5975 
3 5945 6003 6005 
3 6005 5947 5945 
3 5976 6004 5975 
3 6005 6006 5947 
3 6006 5977 5947 
3 5949 5948 5976 
3 5948 5978 5976 
3 5977 6007 6008 
3 6008 5979 5977 
3 5978 5950 5980 
3 5980 5951 6009 
3 6009 5951 5927 
3 5927 6010 6009 
3 5952 5979 6011 
3 5927 5981 6010 
3 6011 5953 5952 
3 5982 5953 6011 
3 6011 6012 5982 
3 5954 5982 5983 
3 5984 6013 5934 
3 5956 5934 6013 
3 5986 6014 5958 
3 6014 6015 5958 
3 5935 5958 6015 
3 5985 5935 6015 
3 5987 6016 6017 
3 6016 5987 5959 
3 5988 6016 5959 
3 5988 5936 6018 
3 5987 6017 6019 
3 6019 5962 5987 
3 5989 5991 5990 
3 5962 6019 5992 
3 5991 5938 6020 
3 6020 5990 5991 
3 6021 6020 5938 
3 5938 6022 6023 
3 5995 5993 5992 
3 6022 5938 6024 
3 5938 5994 6024 
3 5994 5996 6024 
3 6022 6024 5996 
3 5940 5995 6025 
3 5967 5941 5996 
3 5940 6025 6026 
3 6026 5997 5940 
3 5997 6026 5969 
3 5968 6027 5941 
3 5998 5972 5999 
3 5999 6028 5998 
3 6029 5923 5973 
3 5999 6000 6028 
3 5924 5923 6029 
3 5924 6029 6001 
3 6000 5943 6030 
3 6004 5976 6031 
3 6005 6007 6006 
3 6007 5977 6006 
3 6032 6008 6007 
3 6032 5979 6008 
3 5980 6009 6033 
3 6010 6033 6009 
3 6011 5979 6012 
3 6012 6034 5982 
3 5982 6034 6035 
3 6036 6010 5981 
3 6035 5983 5982 
3 5983 6035 6037 
3 5984 5983 6037 
3 6037 6038 5984 
3 6013 5984 6038 
3 6013 6038 6039 
3 6040 5981 5985 
3 6040 6036 5981 
3 6013 6039 6041 
3 5956 6013 6041 
3 5986 5956 6042 
3 6042 6014 5986 
3 6016 5988 6043 
3 6043 6017 6016 
3 6044 6018 5936 
3 5936 5990 6044 
3 6020 6045 5990 
3 6020 6021 6045 
3 6023 6021 5938 
3 5992 6046 6047 
3 6047 5995 5992 
3 5995 6047 6025 
3 5969 6026 6048 
3 6049 6027 5968 
3 5969 6048 5970 
3 6049 5968 5971 
3 5998 6049 5971 
3 6050 5973 5970 
3 6029 5973 6050 
3 6028 6000 6051 
3 6051 6000 6030 
3 6052 5944 6001 
3 6002 5944 6052 
3 5974 6030 5943 
3 6030 5974 6053 
3 6052 6054 6002 
3 6003 6002 6054 
3 5974 6004 6053 
3 6005 6003 6054 
3 6004 6031 6053 
3 6031 5976 6055 
3 6056 6055 5976 
3 6057 6007 6005 
3 6057 6058 6007 
3 5976 5978 6056 
3 6007 6058 6059 
3 6032 6007 6059 
3 6059 5979 6032 
3 5978 5980 6060 
3 6033 6060 5980 
3 6033 6010 6061 
3 6062 6012 5979 
3 6034 6012 6062 
3 6062 6063 6034 
3 6034 6063 6035 
3 6064 6061 6010 
3 6010 6036 6064 
3 6035 6065 6037 
3 6038 6037 6065 
3 6036 6040 6064 
3 6039 6066 6041 
3 6040 5985 6067 
3 6067 6064 6040 
3 5956 6041 6066 
3 6042 5956 6066 
3 5985 6015 6067 
3 6042 6068 6014 
3 6015 6014 6068 
3 6068 6069 6015 
3 6069 6067 6015 
3 5988 6070 6043 
3 6070 5988 6018 
3 6017 6043 6071 
3 6072 6018 6044 
3 6044 6073 6072 
3 6071 6019 6017 
3 6044 5990 6073 
3 6045 6073 5990 
3 6071 6074 6019 
3 6074 5992 6019 
3 6074 6046 5992 
3 6045 6021 6023 
3 6022 6075 6023 
3 6076 6025 6047 
3 6025 6076 6077 
3 6077 6026 6025 
3 6027 6078 5941 
3 6049 6079 6027 
3 6080 6079 6049 
3 5998 6080 6049 
3 6048 6081 5970 
3 6081 6050 5970 
3 6082 6083 5998 
3 6084 6029 6050 
3 5998 6085 6082 
3 6086 6029 6084 
3 6084 6087 6086 
3 5998 6028 6085 
3 6001 6029 6086 
3 6001 6086 6088 
3 6089 6052 6001 
3 6051 6030 6090 
3 6090 6091 6051 
3 6030 6053 6090 
3 6054 6052 6089 
3 6089 6092 6054 
3 6053 6031 6093 
3 6054 6094 6005 
3 6095 6031 6055 
3 6057 6005 6094 
3 6094 6058 6057 
3 6055 6056 6095 
3 6095 6056 6096 
3 6096 6056 5978 
3 5978 6060 6096 
3 6097 6098 6059 
3 5979 6059 6098 
3 6060 6033 6099 
3 6033 6061 6099 
3 5979 6098 6062 
3 6100 6101 6061 
3 6061 6064 6100 
3 6101 6099 6061 
3 6065 6035 6063 
3 6063 6102 6065 
3 6065 6103 6038 
3 6039 6038 6103 
3 6039 6104 6066 
3 6105 6064 6067 
3 6042 6066 6104 
3 6069 6105 6067 
3 6069 6068 6106 
3 6107 6043 6070 
3 6108 6071 6043 
3 6043 6107 6108 
3 6071 6108 6109 
3 6110 6072 6073 
3 6073 6045 6110 
3 6071 6109 6074 
3 6111 6046 6074 
3 6045 6023 6112 
3 6112 6023 6075 
3 6046 6111 6113 
3 6113 6047 6046 
3 6047 6113 6076 
3 6078 6075 6022 
3 6022 5996 6078 
3 5996 5941 6078 
3 6114 6026 6077 
3 6115 6026 6114 
3 6048 6115 6116 
3 6115 6048 6026 
3 6080 5998 6083 
3 6116 6081 6048 
3 6084 6050 6081 
3 6085 6091 6082 
3 6085 6028 6091 
3 6028 6051 6091 
3 6089 6001 6088 
3 6117 6091 6090 
3 6117 6090 6053 
3 6053 6118 6117 
3 6118 6053 6093 
3 6054 6092 6119 
3 6119 6120 6054 
3 6094 6054 6120 
3 6093 6031 6121 
3 6031 6095 6121 
3 6120 6122 6094 
3 6058 6094 6122 
3 6095 6096 6123 
3 6096 6060 6123 
3 6097 6124 6098 
3 6062 6098 6124 
3 6125 6062 6124 
3 6125 6126 6062 
3 6126 6063 6062 
3 6102 6063 6126 
3 6103 6065 6102 
3 6127 6100 6064 
3 6064 6105 6127 
3 6104 6128 6042 
3 6068 6042 6128 
3 6106 6105 6069 
3 6070 6129 6107 
3 6129 6070 6018 
3 6129 6018 6072 
3 6072 6130 6129 
3 6072 6131 6132 
3 6132 6130 6072 
3 6072 6110 6131 
3 6110 6045 6131 
3 6112 6131 6045 
3 6074 6109 6111 
3 6133 6076 6113 
3 6078 6134 6075 
3 6133 6135 6076 
3 6078 6136 6134 
3 6135 6137 6076 
3 6076 6137 6138 
3 6077 6076 6139 
3 6076 6138 6139 
3 6136 6078 6027 
3 6114 6077 6139 
3 6027 6079 6136 
3 6115 6114 6140 
3 6140 6116 6115 
3 6079 6080 6083 
3 6141 6079 6083 
3 6142 6081 6116 
3 6084 6081 6142 
3 6142 6143 6084 
3 6144 6141 6083 
3 6083 6082 6144 
3 6143 6087 6084 
3 6091 6145 6082 
3 6146 6091 6117 
3 6089 6147 6092 
3 6119 6092 6147 
3 6121 6118 6093 
3 6121 6095 6123 
3 6059 6058 6122 
3 6122 6097 6059 
3 6060 6099 6148 
3 6099 6101 6149 
3 6150 6149 6101 
3 6101 6100 6150 
3 6102 6126 6151 
3 6103 6102 6151 
3 6151 6152 6103 
3 6039 6103 6152 
3 6104 6039 6153 
3 6039 6152 6153 
3 6100 6127 6150 
3 6153 6128 6104 
3 6105 6106 6154 
3 6154 6127 6105 
3 6155 6068 6128 
3 6068 6155 6154 
3 6154 6106 6068 
3 6156 6108 6107 
3 6156 6109 6108 
3 6131 6157 6132 
3 6112 6157 6131 
3 6158 6111 6109 
3 6112 6075 6159 
3 6158 6160 6111 
3 6113 6111 6160 
3 6160 6133 6113 
3 6134 6159 6075 
3 6133 6160 6161 
3 6133 6161 6162 
3 6162 6135 6133 
3 6135 6162 6163 
3 6163 6137 6135 
3 6163 6138 6137 
3 6163 6139 6138 
3 6164 6114 6139 
3 6114 6164 6140 
3 6116 6140 6165 
3 6142 6116 6165 
3 6144 6166 6167 
3 6144 6082 6166 
3 6168 6087 6143 
3 6082 6145 6166 
3 6169 6167 6166 
3 6169 6166 6145 
3 6145 6091 6169 
3 6087 6168 6170 
3 6170 6086 6087 
3 6146 6169 6091 
3 6170 6088 6086 
3 6146 6117 6171 
3 6089 6088 6170 
3 6170 6172 6089 
3 6173 6171 6117 
3 6117 6118 6173 
3 6089 6172 6147 
3 6147 6120 6119 
3 6118 6121 6174 
3 6122 6120 6175 
3 6122 6175 6176 
3 6097 6122 6176 
3 6123 6060 6177 
3 6178 6177 6060 
3 6060 6148 6178 
3 6124 6097 6179 
3 6148 6099 6180 
3 6125 6124 6179 
3 6181 6180 6099 
3 6181 6099 6149 
3 6125 6179 6182 
3 6182 6126 6125 
3 6126 6182 6151 
3 6149 6150 6183 
3 6153 6152 6184 
3 6153 6184 6128 
3 6185 6183 6150 
3 6150 6127 6185 
3 6127 6154 6186 
3 6186 6185 6127 
3 6187 6107 6129 
3 6107 6187 6156 
3 6188 6129 6130 
3 6189 6130 6132 
3 6189 6188 6130 
3 6157 6189 6132 
3 6109 6156 6190 
3 6112 6191 6157 
3 6190 6192 6193 
3 6191 6112 6159 
3 6158 6109 6190 
3 6190 6194 6158 
3 6190 6193 6194 
3 6194 6193 6158 
3 6195 6160 6158 
3 6160 6195 6196 
3 6196 6161 6160 
3 6161 6196 6197 
3 6161 6197 6162 
3 6198 6134 6136 
3 6136 6079 6199 
3 6200 6139 6163 
3 6139 6200 6164 
3 6201 6140 6164 
3 6140 6201 6165 
3 6079 6141 6199 
3 6202 6142 6165 
3 6143 6142 6202 
3 6141 6144 6167 
3 6169 6146 6167 
3 6146 6173 6203 
3 6173 6146 6171 
3 6172 6204 6147 
3 6173 6118 6205 
3 6120 6147 6206 
3 6207 6205 6174 
3 6118 6174 6205 
3 6174 6121 6207 
3 6175 6120 6206 
3 6121 6123 6208 
3 6208 6207 6121 
3 6123 6177 6208 
3 6209 6210 6176 
3 6176 6210 6097 
3 6177 6178 6211 
3 6178 6148 6211 
3 6212 6148 6213 
3 6180 6213 6148 
3 6212 6211 6148 
3 6180 6214 6213 
3 6180 6181 6214 
3 6149 6183 6215 
3 6149 6215 6181 
3 6182 6216 6151 
3 6152 6151 6216 
3 6217 6128 6184 
3 6218 6219 6185 
3 6219 6215 6185 
3 6183 6185 6215 
3 6128 6220 6155 
3 6154 6155 6220 
3 6220 6221 6154 
3 6154 6221 6186 
3 6186 6218 6185 
3 6222 6187 6129 
3 6129 6223 6222 
3 6223 6129 6188 
3 6187 6222 6156 
3 6188 6189 6224 
3 6225 6190 6156 
3 6226 6189 6157 
3 6190 6225 6227 
3 6227 6192 6190 
3 6157 6191 6226 
3 6227 6193 6192 
3 6191 6159 6228 
3 6134 6229 6159 
3 6195 6158 6230 
3 6229 6134 6198 
3 6230 6196 6195 
3 6196 6230 6197 
3 6231 6163 6162 
3 6136 6232 6198 
3 6163 6231 6200 
3 6232 6136 6199 
3 6233 6164 6200 
3 6199 6141 6234 
3 6201 6202 6165 
3 6235 6143 6202 
3 6143 6235 6236 
3 6236 6168 6143 
3 6168 6236 6237 
3 6203 6167 6146 
3 6168 6237 6170 
3 6170 6238 6172 
3 6203 6173 6205 
3 6147 6204 6206 
3 6206 6239 6175 
3 6240 6176 6175 
3 6175 6239 6240 
3 6240 6209 6176 
3 6208 6241 6207 
3 6210 6209 6240 
3 6208 6177 6242 
3 6097 6210 6243 
3 6242 6177 6211 
3 6243 6244 6179 
3 6179 6097 6243 
3 6214 6245 6212 
3 6211 6212 6245 
3 6212 6213 6214 
3 6246 6247 6179 
3 6247 6182 6179 
3 6248 6214 6181 
3 6181 6215 6248 
3 6216 6182 6247 
3 6216 6249 6152 
3 6184 6152 6249 
3 6184 6249 6217 
3 6217 6250 6128 
3 6219 6218 6251 
3 6251 6215 6219 
3 6220 6128 6250 
3 6186 6221 6252 
3 6218 6186 6252 
3 6252 6251 6218 
3 6223 6253 6222 
3 6223 6254 6253 
3 6254 6223 6188 
3 6255 6156 6222 
3 6188 6224 6256 
3 6256 6254 6188 
3 6255 6225 6156 
3 6257 6256 6224 
3 6257 6224 6189 
3 6257 6189 6226 
3 6258 6227 6225 
3 6226 6191 6259 
3 6258 6193 6227 
3 6191 6228 6259 
3 6228 6260 6259 
3 6228 6159 6260 
3 6260 6159 6229 
3 6261 6158 6193 
3 6261 6230 6158 
3 6198 6262 6229 
3 6230 6261 6263 
3 6263 6197 6230 
3 6198 6264 6262 
3 6265 6162 6197 
3 6197 6263 6265 
3 6162 6265 6231 
3 6232 6264 6198 
3 6264 6232 6266 
3 6200 6231 6233 
3 6232 6199 6267 
3 6267 6268 6232 
3 6233 6201 6164 
3 6267 6199 6234 
3 6201 6233 6269 
3 6269 6202 6201 
3 6235 6202 6269 
3 6234 6141 6167 
3 6270 6234 6167 
3 6236 6235 6237 
3 6270 6167 6203 
3 6237 6271 6170 
3 6170 6271 6238 
3 6272 6203 6205 
3 6238 6204 6172 
3 6206 6204 6273 
3 6273 6239 6206 
3 6274 6275 6207 
3 6205 6207 6275 
3 6241 6274 6207 
3 6210 6240 6276 
3 6208 6242 6277 
3 6208 6277 6241 
3 6278 6243 6210 
3 6210 6276 6278 
3 6242 6211 6277 
3 6277 6211 6245 
3 6278 6279 6244 
3 6244 6243 6278 
3 6279 6280 6244 
3 6280 6179 6244 
3 6179 6280 6246 
3 6280 6281 6246 
3 6248 6245 6214 
3 6282 6248 6215 
3 6283 6282 6215 
3 6246 6284 6247 
3 6216 6247 6284 
3 6284 6285 6216 
3 6249 6216 6285 
3 6249 6286 6217 
3 6250 6217 6286 
3 6286 6287 6250 
3 6288 6289 6251 
3 6215 6251 6289 
3 6220 6250 6287 
3 6221 6220 6287 
3 6287 6290 6221 
3 6252 6221 6290 
3 6290 6288 6252 
3 6251 6252 6288 
3 6222 6253 6255 
3 6257 6291 6254 
3 6254 6256 6257 
3 6292 6225 6255 
3 6293 6257 6226 
3 6225 6292 6258 
3 6259 6294 6293 
3 6293 6226 6259 
3 6260 6294 6259 
3 6258 6261 6193 
3 6258 6295 6261 
3 6229 6262 6260 
3 6263 6261 6295 
3 6295 6296 6263 
3 6262 6264 6297 
3 6265 6263 6296 
3 6298 6297 6264 
3 6231 6265 6296 
3 6296 6299 6231 
3 6298 6264 6266 
3 6298 6266 6232 
3 6232 6268 6298 
3 6300 6268 6267 
3 6301 6269 6233 
3 6267 6302 6300 
3 6302 6267 6234 
3 6234 6270 6302 
3 6270 6272 6303 
3 6270 6203 6272 
3 6271 6304 6238 
3 6204 6238 6304 
3 6304 6273 6204 
3 6205 6305 6272 
3 6205 6275 6305 
3 6275 6274 6306 
3 6307 6306 6274 
3 6239 6308 6240 
3 6274 6241 6307 
3 6309 6307 6241 
3 6276 6240 6308 
3 6278 6276 6308 
3 6241 6277 6309 
3 6308 6310 6278 
3 6277 6311 6309 
3 6310 6279 6278 
3 6277 6245 6311 
3 6312 6280 6279 
3 6312 6281 6280 
3 6245 6248 6313 
3 6248 6282 6313 
3 6314 6313 6282 
3 6315 6246 6281 
3 6316 6314 6283 
3 6283 6215 6316 
3 6282 6283 6314 
3 6315 6284 6246 
3 6285 6317 6249 
3 6317 6318 6249 
3 6286 6249 6318 
3 6215 6289 6316 
3 6286 6318 6287 
3 6288 6316 6289 
3 6287 6319 6290 
3 6319 6320 6290 
3 6288 6290 6320 
3 6255 6253 6321 
3 6253 6254 6291 
3 6293 6291 6257 
3 6292 6255 6322 
3 6292 6322 6323 
3 6323 6258 6292 
3 6260 6324 6294 
3 6325 6258 6323 
3 6258 6325 6295 
3 6326 6324 6260 
3 6260 6262 6326 
3 6327 6262 6297 
3 6327 6326 6262 
3 6296 6295 6299 
3 6231 6299 6328 
3 6328 6233 6231 
3 6328 6329 6233 
3 6233 6329 6330 
3 6330 6301 6233 
3 6301 6330 6331 
3 6331 6269 6301 
3 6302 6332 6300 
3 6269 6331 6235 
3 6302 6270 6303 
3 6333 6303 6272 
3 6237 6334 6271 
3 6271 6334 6335 
3 6304 6271 6335 
3 6272 6336 6337 
3 6272 6305 6336 
3 6304 6338 6273 
3 6305 6275 6336 
3 6339 6336 6275 
3 6239 6273 6338 
3 6275 6306 6339 
3 6340 6308 6239 
3 6341 6306 6307 
3 6341 6307 6309 
3 6308 6340 6342 
3 6342 6310 6308 
3 6309 6311 6343 
3 6342 6279 6310 
3 6311 6344 6343 
3 6342 6312 6279 
3 6245 6344 6311 
3 6345 6281 6312 
3 6313 6346 6347 
3 6245 6313 6347 
3 6314 6346 6313 
3 6285 6284 6348 
3 6348 6317 6285 
3 6349 6314 6316 
3 6348 6284 6315 
3 6316 6288 6350 
3 6350 6349 6316 
3 6288 6320 6351 
3 6351 6350 6288 
3 6253 6352 6353 
3 6352 6253 6291 
3 6253 6353 6321 
3 6354 6255 6321 
3 6294 6291 6293 
3 6255 6354 6355 
3 6355 6322 6255 
3 6322 6355 6323 
3 6324 6356 6294 
3 6356 6324 6326 
3 6357 6356 6326 
3 6357 6326 6327 
3 6357 6327 6358 
3 6327 6297 6358 
3 6297 6298 6359 
3 6359 6358 6297 
3 6298 6268 6360 
3 6329 6328 6361 
3 6360 6268 6332 
3 6329 6361 6330 
3 6332 6268 6300 
3 6362 6332 6302 
3 6363 6235 6331 
3 6302 6303 6362 
3 6363 6364 6235 
3 6364 6237 6235 
3 6237 6364 6365 
3 6334 6237 6365 
3 6337 6333 6272 
3 6337 6336 6366 
3 6336 6339 6366 
3 6367 6366 6339 
3 6338 6340 6239 
3 6368 6367 6339 
3 6339 6306 6368 
3 6368 6306 6341 
3 6341 6309 6369 
3 6309 6343 6369 
3 6370 6369 6343 
3 6370 6343 6344 
3 6371 6344 6245 
3 6372 6345 6312 
3 6347 6371 6245 
3 6372 6373 6345 
3 6373 6281 6345 
3 6281 6373 6315 
3 6349 6346 6314 
3 6348 6315 6373 
3 6373 6374 6348 
3 6317 6348 6374 
3 6374 6375 6317 
3 6318 6317 6375 
3 6375 6376 6318 
3 6376 6287 6318 
3 6376 6377 6287 
3 6377 6378 6287 
3 6319 6287 6378 
3 6320 6319 6378 
3 6378 6351 6320 
3 6352 6379 6353 
3 6380 6321 6353 
3 6380 6354 6321 
3 6291 6294 6381 
3 6323 6355 6325 
3 6382 6294 6356 
3 6383 6295 6325 
3 6382 6356 6357 
3 6295 6383 6384 
3 6358 6385 6357 
3 6384 6299 6295 
3 6385 6358 6359 
3 6359 6298 6360 
3 6361 6328 6299 
3 6386 6330 6361 
3 6387 6331 6330 
3 6330 6386 6387 
3 6331 6387 6363 
3 6388 6364 6363 
3 6364 6389 6365 
3 6334 6365 6389 
3 6335 6390 6304 
3 6390 6338 6304 
3 6338 6390 6391 
3 6366 6367 6392 
3 6340 6338 6391 
3 6393 6392 6367 
3 6367 6368 6393 
3 6393 6368 6394 
3 6368 6369 6394 
3 6368 6341 6369 
3 6340 6395 6342 
3 6342 6395 6396 
3 6370 6397 6369 
3 6342 6396 6398 
3 6342 6398 6372 
3 6344 6397 6370 
3 6372 6312 6342 
3 6344 6371 6399 
3 6399 6371 6400 
3 6371 6347 6400 
3 6347 6346 6400 
3 6401 6400 6346 
3 6346 6349 6401 
3 6375 6374 6402 
3 6351 6378 6403 
3 6404 6353 6379 
3 6405 6379 6352 
3 6405 6404 6379 
3 6352 6291 6405 
3 6406 6405 6291 
3 6381 6406 6291 
3 6404 6380 6353 
3 6355 6354 6407 
3 6325 6407 6408 
3 6407 6325 6355 
3 6409 6294 6382 
3 6382 6357 6409 
3 6408 6383 6325 
3 6410 6384 6383 
3 6411 6357 6385 
3 6385 6412 6411 
3 6385 6359 6412 
3 6360 6412 6359 
3 6299 6384 6413 
3 6413 6361 6299 
3 6361 6413 6386 
3 6414 6360 6332 
3 6388 6363 6387 
3 6332 6362 6414 
3 6362 6415 6414 
3 6416 6362 6303 
3 6416 6415 6362 
3 6388 6389 6364 
3 6303 6333 6416 
3 6417 6335 6334 
3 6418 6333 6337 
3 6390 6335 6417 
3 6417 6419 6390 
3 6337 6366 6418 
3 6418 6366 6420 
3 6419 6391 6390 
3 6421 6420 6366 
3 6366 6392 6421 
3 6392 6393 6421 
3 6340 6391 6422 
3 6394 6421 6393 
3 6422 6423 6340 
3 6395 6340 6423 
3 6394 6369 6397 
3 6424 6396 6395 
3 6395 6423 6424 
3 6424 6398 6396 
3 6424 6372 6398 
3 6372 6424 6425 
3 6397 6344 6426 
3 6426 6344 6427 
3 6344 6399 6427 
3 6399 6400 6427 
3 6425 6373 6372 
3 6373 6425 6428 
3 6402 6374 6373 
3 6375 6429 6376 
3 6430 6401 6349 
3 6377 6376 6429 
3 6429 6431 6377 
3 6432 6430 6350 
3 6349 6350 6430 
3 6378 6377 6431 
3 6403 6378 6431 
3 6403 6432 6351 
3 6350 6351 6432 
3 6433 6404 6405 
3 6406 6381 6434 
3 6435 6380 6404 
3 6407 6354 6380 
3 6436 6294 6409 
3 6437 6409 6357 
3 6357 6438 6437 
3 6383 6408 6410 
3 6438 6357 6439 
3 6357 6411 6439 
3 6411 6412 6439 
3 6412 6438 6439 
3 6384 6410 6413 
3 6440 6412 6360 
3 6360 6441 6440 
3 6442 6386 6413 
3 6386 6442 6387 
3 6388 6387 6443 
3 6415 6416 6444 
3 6445 6416 6333 
3 6417 6334 6389 
3 6445 6333 6418 
3 6419 6417 6446 
3 6447 6418 6420 
3 6421 6394 6448 
3 6394 6397 6448 
3 6424 6423 6449 
3 6424 6449 6450 
3 6451 6448 6397 
3 6424 6450 6425 
3 6426 6451 6397 
3 6452 6426 6427 
3 6428 6425 6453 
3 6427 6400 6452 
3 6454 6452 6400 
3 6428 6455 6373 
3 6456 6454 6401 
3 6400 6401 6454 
3 6455 6402 6373 
3 6375 6402 6457 
3 6457 6458 6375 
3 6429 6375 6458 
3 6429 6458 6459 
3 6401 6430 6456 
3 6431 6429 6459 
3 6403 6431 6460 
3 6432 6403 6460 
3 6433 6405 6406 
3 6434 6433 6406 
3 6435 6404 6433 
3 6461 6434 6381 
3 6435 6407 6380 
3 6381 6294 6461 
3 6462 6461 6294 
3 6463 6462 6294 
3 6436 6463 6294 
3 6464 6408 6407 
3 6409 6437 6436 
3 6437 6465 6436 
3 6465 6437 6438 
3 6466 6465 6438 
3 6408 6467 6410 
3 6438 6468 6466 
3 6468 6438 6412 
3 6412 6440 6468 
3 6469 6413 6410 
3 6413 6469 6442 
3 6470 6387 6442 
3 6414 6441 6360 
3 6441 6414 6471 
3 6387 6470 6472 
3 6387 6472 6443 
3 6444 6473 6415 
3 6443 6389 6388 
3 6389 6443 6474 
3 6444 6416 6445 
3 6475 6417 6389 
3 6445 6418 6447 
3 6417 6475 6446 
3 6419 6476 6391 
3 6476 6422 6391 
3 6447 6420 6421 
3 6422 6477 6423 
3 6421 6448 6478 
3 6479 6478 6448 
3 6423 6480 6449 
3 6481 6479 6448 
3 6449 6480 6450 
3 6448 6451 6481 
3 6451 6426 6482 
3 6482 6481 6451 
3 6483 6428 6453 
3 6455 6428 6483 
3 6455 6484 6402 
3 6457 6402 6484 
3 6484 6485 6457 
3 6486 6460 6431 
3 6431 6459 6486 
3 6433 6487 6488 
3 6487 6433 6434 
3 6488 6435 6433 
3 6434 6461 6489 
3 6490 6407 6435 
3 6490 6491 6407 
3 6462 6492 6461 
3 6492 6463 6493 
3 6463 6492 6462 
3 6491 6464 6407 
3 6463 6436 6493 
3 6408 6464 6467 
3 6466 6468 6465 
3 6410 6467 6469 
3 6440 6494 6468 
3 6494 6440 6441 
3 6442 6495 6496 
3 6495 6442 6469 
3 6497 6494 6441 
3 6471 6497 6441 
3 6442 6496 6470 
3 6471 6414 6498 
3 6414 6473 6498 
3 6473 6414 6415 
3 6389 6474 6499 
3 6475 6389 6499 
3 6444 6445 6447 
3 6500 6446 6475 
3 6419 6446 6500 
3 6500 6476 6419 
3 6422 6476 6501 
3 6447 6421 6478 
3 6477 6502 6423 
3 6479 6481 6478 
3 6480 6423 6502 
3 6480 6425 6450 
3 6425 6480 6503 
3 6504 6481 6482 
3 6482 6505 6504 
3 6482 6426 6505 
3 6452 6505 6426 
3 6506 6483 6453 
3 6452 6454 6507 
3 6508 6507 6454 
3 6454 6456 6508 
3 6455 6483 6509 
3 6484 6455 6509 
3 6509 6485 6484 
3 6485 6510 6457 
3 6458 6457 6510 
3 6459 6458 6510 
3 6511 6456 6430 
3 6511 6508 6456 
3 6512 6511 6432 
3 6430 6432 6511 
3 6486 6513 6460 
3 6432 6460 6513 
3 6513 6512 6432 
3 6514 6488 6487 
3 6434 6515 6487 
3 6516 6435 6488 
3 6489 6515 6434 
3 6435 6516 6490 
3 6489 6461 6492 
3 6436 6517 6493 
3 6436 6465 6517 
3 6517 6465 6518 
3 6465 6468 6518 
3 6518 6468 6494 
3 6494 6517 6518 
3 6469 6519 6520 
3 6519 6469 6467 
3 6469 6520 6521 
3 6521 6495 6469 
3 6522 6497 6471 
3 6470 6496 6523 
3 6523 6472 6470 
3 6471 6498 6522 
3 6523 6443 6472 
3 6524 6522 6498 
3 6524 6498 6473 
3 6524 6473 6525 
3 6443 6526 6474 
3 6525 6473 6444 
3 6527 6475 6499 
3 6500 6475 6527 
3 6477 6422 6501 
3 6480 6502 6503 
3 6425 6503 6528 
3 6504 6505 6529 
3 6528 6453 6425 
3 6505 6452 6529 
3 6506 6453 6528 
3 6529 6452 6530 
3 6530 6452 6507 
3 6507 6531 6530 
3 6508 6531 6507 
3 6506 6509 6483 
3 6485 6509 6532 
3 6533 6510 6485 
3 6533 6534 6510 
3 6459 6510 6534 
3 6508 6511 6535 
3 6532 6533 6485 
3 6512 6535 6511 
3 6486 6536 6513 
3 6512 6513 6536 
3 6537 6488 6514 
3 6515 6514 6487 
3 6537 6516 6488 
3 6538 6489 6492 
3 6539 6490 6516 
3 6492 6540 6538 
3 6539 6491 6490 
3 6492 6493 6541 
3 6491 6542 6464 
3 6542 6467 6464 
3 6519 6467 6543 
3 6467 6542 6543 
3 6544 6519 6543 
3 6544 6520 6519 
3 6495 6521 6545 
3 6495 6545 6546 
3 6546 6496 6495 
3 6496 6546 6547 
3 6496 6547 6523 
3 6443 6523 6548 
3 6526 6443 6548 
3 6499 6474 6526 
3 6526 6549 6499 
3 6527 6550 6500 
3 6444 6447 6551 
3 6447 6552 6551 
3 6500 6550 6476 
3 6552 6553 6554 
3 6447 6478 6552 
3 6555 6552 6478 
3 6555 6553 6552 
3 6556 6477 6501 
3 6556 6557 6477 
3 6557 6502 6477 
3 6558 6555 6478 
3 6558 6478 6481 
3 6481 6504 6558 
3 6559 6503 6502 
3 6528 6503 6560 
3 6560 6506 6528 
3 6560 6561 6506 
3 6531 6562 6529 
3 6529 6530 6531 
3 6561 6509 6506 
3 6563 6531 6508 
3 6564 6563 6508 
3 6565 6564 6535 
3 6508 6535 6564 
3 6566 6533 6532 
3 6486 6459 6567 
3 6567 6536 6486 
3 6535 6512 6536 
3 6536 6565 6535 
3 6514 6515 6537 
3 6489 6538 6568 
3 6568 6515 6489 
3 6569 6568 6538 
3 6570 6516 6537 
3 6570 6539 6516 
3 6571 6569 6538 
3 6571 6538 6540 
3 6572 6571 6540 
3 6540 6492 6541 
3 6541 6572 6540 
3 6541 6493 6517 
3 6517 6572 6541 
3 6573 6543 6542 
3 6494 6574 6517 
3 6573 6544 6543 
3 6573 6575 6520 
3 6573 6520 6544 
3 6575 6576 6520 
3 6576 6521 6520 
3 6577 6494 6497 
3 6521 6576 6545 
3 6546 6545 6547 
3 6578 6522 6524 
3 6525 6579 6524 
3 6526 6548 6580 
3 6549 6526 6580 
3 6525 6444 6581 
3 6444 6551 6581 
3 6527 6499 6549 
3 6476 6550 6501 
3 6554 6582 6552 
3 6501 6550 6583 
3 6583 6556 6501 
3 6584 6553 6555 
3 6558 6584 6555 
3 6557 6585 6502 
3 6585 6559 6502 
3 6504 6586 6558 
3 6504 6529 6587 
3 6588 6560 6503 
3 6587 6529 6562 
3 6589 6532 6509 
3 6533 6590 6534 
3 6459 6534 6590 
3 6590 6567 6459 
3 6536 6567 6591 
3 6536 6591 6592 
3 6592 6565 6536 
3 6593 6515 6568 
3 6594 6537 6515 
3 6515 6593 6594 
3 6595 6568 6569 
3 6594 6570 6537 
3 6571 6595 6569 
3 6539 6570 6596 
3 6597 6571 6572 
3 6596 6491 6539 
3 6517 6597 6572 
3 6491 6596 6598 
3 6598 6542 6491 
3 6599 6517 6574 
3 6494 6577 6574 
3 6497 6522 6600 
3 6577 6497 6600 
3 6522 6578 6600 
3 6601 6523 6547 
3 6523 6601 6548 
3 6578 6524 6579 
3 6602 6579 6525 
3 6602 6525 6581 
3 6581 6603 6602 
3 6527 6549 6604 
3 6604 6550 6527 
3 6581 6551 6603 
3 6582 6603 6551 
3 6552 6582 6551 
3 6582 6554 6605 
3 6554 6606 6605 
3 6553 6607 6554 
3 6607 6606 6554 
3 6583 6608 6556 
3 6607 6553 6584 
3 6609 6557 6556 
3 6556 6608 6609 
3 6558 6610 6584 
3 6585 6557 6609 
3 6558 6586 6610 
3 6559 6585 6611 
3 6612 6610 6586 
3 6586 6504 6613 
3 6613 6612 6586 
3 6611 6503 6559 
3 6611 6588 6503 
3 6504 6587 6613 
3 6562 6613 6587 
3 6614 6560 6588 
3 6561 6560 6614 
3 6563 6562 6531 
3 6563 6564 6615 
3 6589 6509 6561 
3 6589 6561 6616 
3 6616 6617 6589 
3 6590 6533 6618 
3 6619 6615 6565 
3 6564 6565 6615 
3 6617 6532 6589 
3 6533 6566 6620 
3 6620 6618 6533 
3 6565 6592 6619 
3 6617 6621 6532 
3 6566 6532 6621 
3 6566 6621 6620 
3 6593 6622 6623 
3 6622 6593 6568 
3 6624 6594 6593 
3 6593 6623 6624 
3 6568 6595 6622 
3 6594 6624 6625 
3 6625 6570 6594 
3 6597 6595 6571 
3 6625 6596 6570 
3 6597 6517 6599 
3 6542 6598 6626 
3 6626 6573 6542 
3 6573 6626 6575 
3 6574 6577 6627 
3 6575 6628 6576 
3 6629 6627 6577 
3 6630 6629 6577 
3 6631 6630 6577 
3 6631 6577 6600 
3 6579 6600 6578 
3 6548 6601 6632 
3 6632 6580 6548 
3 6602 6603 6633 
3 6634 6633 6603 
3 6604 6635 6550 
3 6603 6582 6634 
3 6582 6636 6634 
3 6605 6636 6582 
3 6583 6550 6635 
3 6635 6637 6583 
3 6637 6608 6583 
3 6607 6584 6606 
3 6584 6610 6606 
3 6612 6606 6610 
3 6612 6613 6638 
3 6639 6588 6611 
3 6639 6614 6588 
3 6640 6613 6562 
3 6641 6640 6562 
3 6642 6641 6563 
3 6562 6563 6641 
3 6615 6642 6563 
3 6561 6614 6616 
3 6618 6643 6590 
3 6567 6590 6643 
3 6619 6644 6615 
3 6645 6618 6620 
3 6621 6645 6620 
3 6622 6595 6646 
3 6647 6624 6623 
3 6648 6646 6595 
3 6595 6597 6648 
3 6596 6625 6649 
3 6596 6649 6650 
3 6650 6598 6596 
3 6598 6650 6651 
3 6651 6626 6598 
3 6652 6626 6651 
3 6652 6575 6626 
3 6575 6652 6628 
3 6653 6574 6627 
3 6653 6627 6629 
3 6629 6630 6653 
3 6576 6628 6654 
3 6654 6545 6576 
3 6547 6545 6654 
3 6631 6600 6655 
3 6656 6601 6547 
3 6600 6579 6655 
3 6632 6656 6657 
3 6656 6632 6601 
3 6580 6632 6657 
3 6579 6602 6633 
3 6633 6634 6658 
3 6635 6604 6659 
3 6637 6635 6660 
3 6636 6605 6606 
3 6660 6661 6637 
3 6608 6637 6661 
3 6608 6662 6609 
3 6609 6662 6585 
3 6585 6662 6663 
3 6664 6606 6612 
3 6665 6664 6612 
3 6663 6611 6585 
3 6638 6665 6612 
3 6639 6611 6663 
3 6639 6663 6666 
3 6667 6668 6638 
3 6638 6613 6667 
3 6640 6667 6613 
3 6666 6614 6639 
3 6614 6666 6669 
3 6670 6640 6641 
3 6669 6671 6616 
3 6616 6614 6669 
3 6642 6670 6641 
3 6644 6642 6615 
3 6616 6671 6672 
3 6672 6617 6616 
3 6643 6618 6673 
3 6643 6674 6567 
3 6675 6644 6619 
3 6617 6672 6676 
3 6618 6645 6673 
3 6567 6674 6591 
3 6591 6677 6592 
3 6677 6678 6592 
3 6619 6592 6678 
3 6678 6675 6619 
3 6676 6621 6617 
3 6645 6621 6676 
3 6679 6623 6622 
3 6623 6679 6647 
3 6680 6622 6646 
3 6681 6680 6646 
3 6646 6648 6681 
3 6682 6625 6624 
3 6624 6647 6682 
3 6648 6597 6683 
3 6625 6682 6649 
3 6684 6597 6599 
3 6685 6686 6599 
3 6685 6599 6574 
3 6574 6653 6685 
3 6687 6653 6630 
3 6653 6687 6688 
3 6687 6630 6631 
3 6631 6689 6687 
3 6690 6547 6654 
3 6547 6690 6656 
3 6691 6689 6631 
3 6631 6655 6691 
3 6655 6579 6691 
3 6580 6657 6692 
3 6692 6549 6580 
3 6579 6633 6693 
3 6604 6549 6692 
3 6692 6694 6604 
3 6633 6658 6693 
3 6693 6658 6695 
3 6659 6604 6694 
3 6658 6696 6695 
3 6696 6658 6636 
3 6658 6634 6636 
3 6660 6635 6659 
3 6659 6697 6660 
3 6661 6660 6697 
3 6662 6608 6661 
3 6661 6698 6662 
3 6699 6663 6662 
3 6665 6638 6700 
3 6638 6668 6700 
3 6667 6640 6701 
3 6640 6670 6701 
3 6671 6669 6702 
3 6703 6670 6642 
3 6642 6644 6703 
3 6702 6704 6671 
3 6671 6704 6705 
3 6672 6671 6705 
3 6674 6643 6673 
3 6705 6676 6672 
3 6677 6591 6674 
3 6645 6676 6705 
3 6705 6706 6645 
3 6706 6673 6645 
3 6707 6679 6622 
3 6708 6647 6679 
3 6622 6680 6707 
3 6681 6709 6707 
3 6707 6680 6681 
3 6647 6708 6682 
3 6681 6648 6709 
3 6710 6709 6648 
3 6648 6683 6710 
3 6710 6683 6684 
3 6649 6682 6711 
3 6683 6597 6684 
3 6649 6711 6712 
3 6684 6599 6713 
3 6712 6650 6649 
3 6599 6686 6713 
3 6650 6712 6714 
3 6714 6651 6650 
3 6685 6653 6686 
3 6715 6716 6652 
3 6716 6628 6652 
3 6717 6654 6628 
3 6628 6716 6717 
3 6654 6717 6718 
3 6689 6688 6687 
3 6718 6690 6654 
3 6656 6690 6719 
3 6691 6720 6689 
3 6691 6579 6720 
3 6656 6719 6657 
3 6721 6720 6579 
3 6721 6579 6693 
3 6693 6695 6721 
3 6692 6722 6694 
3 6659 6694 6723 
3 6724 6695 6696 
3 6696 6636 6724 
3 6636 6725 6724 
3 6697 6659 6723 
3 6636 6726 6725 
3 6697 6727 6661 
3 6728 6636 6606 
3 6699 6662 6698 
3 6606 6664 6729 
3 6664 6665 6730 
3 6731 6729 6664 
3 6664 6730 6731 
3 6730 6665 6732 
3 6665 6700 6732 
3 6732 6731 6730 
3 6701 6700 6667 
3 6668 6667 6700 
3 6733 6669 6666 
3 6733 6702 6669 
3 6702 6733 6734 
3 6734 6735 6702 
3 6735 6734 6705 
3 6735 6704 6702 
3 6704 6735 6705 
3 6736 6703 6644 
3 6674 6673 6737 
3 6644 6675 6736 
3 6738 6737 6706 
3 6673 6706 6737 
3 6678 6677 6739 
3 6739 6740 6678 
3 6675 6678 6740 
3 6679 6741 6742 
3 6741 6679 6707 
3 6742 6708 6679 
3 6682 6708 6743 
3 6710 6684 6744 
3 6682 6743 6711 
3 6745 6744 6684 
3 6684 6713 6745 
3 6714 6652 6651 
3 6746 6686 6653 
3 6714 6715 6652 
3 6746 6653 6688 
3 6690 6718 6719 
3 6721 6695 6747 
3 6695 6724 6747 
3 6723 6694 6722 
3 6724 6725 6748 
3 6726 6748 6725 
3 6726 6636 6728 
3 6749 6750 6728 
3 6728 6606 6749 
3 6698 6661 6727 
3 6749 6606 6729 
3 6751 6663 6699 
3 6729 6752 6753 
3 6729 6731 6752 
3 6731 6732 6752 
3 6732 6700 6754 
3 6751 6666 6663 
3 6700 6701 6755 
3 6700 6755 6754 
3 6755 6701 6756 
3 6701 6757 6758 
3 6758 6756 6701 
3 6670 6759 6757 
3 6701 6670 6757 
3 6670 6703 6759 
3 6734 6733 6760 
3 6760 6705 6734 
3 6761 6759 6703 
3 6736 6761 6703 
3 6737 6762 6763 
3 6674 6737 6763 
3 6736 6675 6764 
3 6737 6738 6762 
3 6739 6677 6674 
3 6675 6740 6764 
3 6705 6738 6706 
3 6742 6765 6766 
3 6765 6742 6741 
3 6742 6766 6708 
3 6767 6741 6707 
3 6767 6707 6709 
3 6709 6710 6767 
3 6768 6767 6710 
3 6710 6744 6768 
3 6769 6711 6743 
3 6744 6745 6768 
3 6745 6770 6768 
3 6745 6713 6770 
3 6713 6686 6770 
3 6716 6715 6771 
3 6689 6772 6688 
3 6773 6718 6717 
3 6689 6720 6772 
3 6719 6774 6775 
3 6775 6657 6719 
3 6776 6777 6720 
3 6778 6692 6657 
3 6779 6776 6720 
3 6720 6721 6779 
3 6776 6779 6747 
3 6747 6779 6721 
3 6778 6780 6692 
3 6722 6692 6780 
3 6747 6724 6781 
3 6724 6748 6781 
3 6723 6782 6697 
3 6781 6748 6726 
3 6783 6726 6728 
3 6727 6697 6782 
3 6750 6749 6784 
3 6749 6729 6784 
3 6699 6698 6785 
3 6729 6786 6784 
3 6787 6786 6729 
3 6785 6751 6699 
3 6787 6729 6753 
3 6752 6732 6753 
3 6753 6732 6754 
3 6788 6666 6751 
3 6666 6788 6789 
3 6755 6756 6790 
3 6790 6754 6755 
3 6789 6733 6666 
3 6791 6790 6756 
3 6792 6791 6758 
3 6756 6758 6791 
3 6757 6759 6792 
3 6758 6757 6792 
3 6793 6760 6733 
3 6793 6705 6760 
3 6763 6794 6674 
3 6795 6763 6762 
3 6794 6739 6674 
3 6738 6705 6796 
3 6762 6738 6796 
3 6796 6795 6762 
3 6741 6797 6765 
3 6741 6767 6797 
3 6798 6708 6766 
3 6708 6798 6799 
3 6799 6743 6708 
3 6743 6799 6769 
3 6769 6712 6711 
3 6800 6770 6686 
3 6801 6800 6686 
3 6686 6802 6801 
3 6746 6802 6686 
3 6715 6714 6771 
3 6746 6688 6803 
3 6804 6716 6771 
3 6716 6804 6805 
3 6805 6717 6716 
3 6717 6806 6773 
3 6772 6807 6688 
3 6808 6807 6772 
3 6806 6718 6773 
3 6772 6720 6808 
3 6718 6806 6809 
3 6720 6777 6808 
3 6718 6809 6774 
3 6774 6719 6718 
3 6775 6778 6657 
3 6781 6726 6783 
3 6783 6728 6810 
3 6728 6750 6810 
3 6750 6811 6810 
3 6812 6785 6698 
3 6787 6813 6786 
3 6751 6785 6814 
3 6787 6753 6815 
3 6816 6815 6753 
3 6753 6754 6816 
3 6751 6814 6788 
3 6791 6792 6816 
3 6816 6754 6790 
3 6790 6791 6816 
3 6733 6789 6817 
3 6817 6793 6733 
3 6792 6759 6818 
3 6759 6761 6819 
3 6820 6821 6736 
3 6761 6736 6821 
3 6821 6819 6761 
3 6793 6796 6705 
3 6795 6822 6763 
3 6794 6763 6822 
3 6736 6764 6820 
3 6823 6739 6794 
3 6740 6739 6823 
3 6823 6820 6740 
3 6764 6740 6820 
3 6824 6766 6765 
3 6765 6797 6824 
3 6824 6798 6766 
3 6767 6768 6825 
3 6800 6768 6770 
3 6800 6825 6768 
3 6826 6769 6799 
3 6769 6826 6827 
3 6769 6827 6712 
3 6828 6800 6801 
3 6801 6802 6829 
3 6829 6802 6803 
3 6802 6746 6803 
3 6830 6771 6714 
3 6831 6688 6807 
3 6805 6806 6717 
3 6832 6809 6806 
3 6832 6774 6809 
3 6833 6775 6774 
3 6778 6775 6833 
3 6778 6833 6780 
3 6780 6834 6722 
3 6723 6834 6835 
3 6834 6723 6722 
3 6781 6836 6747 
3 6782 6723 6835 
3 6837 6838 6782 
3 6783 6839 6781 
3 6727 6782 6838 
3 6783 6810 6839 
3 6810 6811 6839 
3 6727 6838 6840 
3 6750 6784 6811 
3 6698 6727 6840 
3 6840 6812 6698 
3 6784 6813 6811 
3 6784 6786 6813 
3 6813 6787 6841 
3 6787 6815 6841 
3 6815 6816 6841 
3 6788 6814 6842 
3 6841 6816 6843 
3 6842 6789 6788 
3 6816 6792 6843 
3 6789 6842 6817 
3 6844 6845 6818 
3 6845 6792 6818 
3 6759 6819 6844 
3 6818 6759 6844 
3 6821 6820 6846 
3 6846 6819 6821 
3 6822 6795 6847 
3 6848 6846 6820 
3 6820 6823 6849 
3 6849 6848 6820 
3 6850 6851 6796 
3 6795 6796 6851 
3 6851 6847 6795 
3 6852 6824 6797 
3 6853 6797 6767 
3 6853 6767 6825 
3 6799 6798 6826 
3 6712 6827 6854 
3 6714 6854 6855 
3 6854 6714 6712 
3 6801 6829 6828 
3 6714 6855 6856 
3 6856 6830 6714 
3 6856 6771 6830 
3 6856 6857 6771 
3 6857 6858 6771 
3 6804 6771 6858 
3 6688 6831 6803 
3 6804 6858 6859 
3 6859 6805 6804 
3 6831 6807 6808 
3 6860 6806 6805 
3 6860 6832 6806 
3 6861 6774 6832 
3 6832 6860 6861 
3 6774 6861 6833 
3 6777 6776 6862 
3 6863 6780 6833 
3 6776 6747 6864 
3 6834 6780 6863 
3 6836 6864 6747 
3 6782 6835 6865 
3 6781 6866 6836 
3 6837 6782 6865 
3 6867 6866 6781 
3 6781 6839 6867 
3 6840 6838 6837 
3 6839 6811 6867 
3 6868 6867 6811 
3 6811 6813 6868 
3 6840 6869 6812 
3 6870 6868 6813 
3 6812 6871 6872 
3 6785 6812 6872 
3 6872 6814 6785 
3 6873 6813 6841 
3 6841 6843 6873 
3 6874 6873 6843 
3 6874 6843 6875 
3 6875 6843 6792 
3 6792 6876 6875 
3 6792 6877 6876 
3 6878 6793 6817 
3 6845 6879 6877 
3 6792 6845 6877 
3 6844 6819 6879 
3 6879 6845 6844 
3 6796 6793 6878 
3 6846 6879 6819 
3 6878 6850 6796 
3 6822 6847 6880 
3 6794 6822 6880 
3 6880 6881 6794 
3 6847 6851 6882 
3 6882 6880 6847 
3 6881 6823 6794 
3 6881 6883 6823 
3 6849 6823 6883 
3 6850 6882 6851 
3 6884 6885 6797 
3 6852 6886 6824 
3 6853 6884 6797 
3 6887 6884 6853 
3 6798 6824 6888 
3 6853 6825 6887 
3 6887 6825 6889 
3 6798 6888 6826 
3 6825 6800 6889 
3 6800 6890 6889 
3 6800 6828 6890 
3 6891 6856 6855 
3 6828 6829 6892 
3 6829 6803 6892 
3 6892 6803 6893 
3 6894 6893 6803 
3 6803 6831 6894 
3 6894 6831 6808 
3 6808 6895 6894 
3 6808 6777 6862 
3 6776 6864 6862 
3 6864 6836 6896 
3 6866 6896 6836 
3 6865 6897 6837 
3 6898 6866 6867 
3 6897 6840 6837 
3 6899 6898 6867 
3 6897 6869 6840 
3 6867 6868 6870 
3 6870 6899 6867 
3 6871 6812 6869 
3 6870 6813 6900 
3 6901 6814 6872 
3 6814 6901 6902 
3 6814 6902 6842 
3 6876 6874 6875 
3 6903 6878 6817 
3 6877 6904 6876 
3 6877 6879 6904 
3 6905 6906 6846 
3 6879 6846 6906 
3 6881 6880 6907 
3 6846 6848 6908 
3 6908 6905 6846 
3 6878 6909 6850 
3 6882 6910 6907 
3 6880 6882 6907 
3 6848 6849 6911 
3 6911 6908 6848 
3 6909 6882 6850 
3 6909 6910 6882 
3 6852 6912 6886 
3 6912 6852 6797 
3 6912 6797 6885 
3 6885 6913 6912 
3 6913 6885 6884 
3 6824 6886 6914 
3 6884 6887 6913 
3 6824 6914 6888 
3 6915 6827 6826 
3 6915 6854 6827 
3 6854 6915 6916 
3 6854 6916 6891 
3 6891 6855 6854 
3 6828 6917 6918 
3 6918 6890 6828 
3 6917 6828 6892 
3 6891 6857 6856 
3 6919 6805 6859 
3 6859 6858 6919 
3 6805 6919 6920 
3 6920 6860 6805 
3 6920 6861 6860 
3 6920 6921 6861 
3 6922 6895 6808 
3 6922 6808 6862 
3 6833 6861 6921 
3 6923 6863 6833 
3 6923 6924 6863 
3 6863 6924 6925 
3 6834 6863 6925 
3 6926 6864 6896 
3 6925 6927 6834 
3 6835 6834 6927 
3 6865 6835 6927 
3 6898 6928 6866 
3 6898 6899 6870 
3 6929 6872 6871 
3 6929 6930 6901 
3 6901 6872 6929 
3 6813 6873 6900 
3 6901 6930 6902 
3 6931 6900 6873 
3 6932 6842 6902 
3 6933 6873 6874 
3 6932 6817 6842 
3 6874 6934 6933 
3 6817 6932 6903 
3 6874 6935 6934 
3 6935 6874 6876 
3 6903 6936 6878 
3 6935 6876 6904 
3 6879 6937 6938 
3 6879 6906 6937 
3 6904 6879 6938 
3 6938 6935 6904 
3 6905 6939 6906 
3 6906 6939 6937 
3 6936 6909 6878 
3 6907 6883 6881 
3 6907 6940 6883 
3 6849 6883 6940 
3 6940 6911 6849 
3 6912 6941 6886 
3 6912 6913 6941 
3 6913 6887 6942 
3 6888 6914 6943 
3 6942 6887 6889 
3 6944 6942 6889 
3 6943 6945 6888 
3 6888 6945 6946 
3 6946 6915 6826 
3 6946 6826 6888 
3 6947 6889 6890 
3 6915 6948 6916 
3 6890 6918 6947 
3 6916 6948 6891 
3 6947 6918 6917 
3 6891 6949 6950 
3 6892 6893 6917 
3 6950 6857 6891 
3 6857 6950 6951 
3 6951 6858 6857 
3 6894 6952 6893 
3 6858 6951 6953 
3 6952 6894 6895 
3 6858 6953 6919 
3 6954 6920 6919 
3 6920 6954 6955 
3 6920 6955 6956 
3 6956 6921 6920 
3 6957 6922 6862 
3 6923 6833 6958 
3 6958 6924 6923 
3 6862 6864 6959 
3 6926 6959 6864 
3 6960 6925 6924 
3 6960 6961 6925 
3 6927 6925 6961 
3 6962 6926 6896 
3 6961 6963 6927 
3 6962 6896 6964 
3 6865 6927 6963 
3 6965 6964 6896 
3 6896 6866 6965 
3 6966 6965 6866 
3 6866 6928 6966 
3 6966 6928 6967 
3 6897 6865 6968 
3 6897 6968 6969 
3 6969 6869 6897 
3 6928 6898 6970 
3 6970 6967 6928 
3 6898 6870 6970 
3 6969 6971 6869 
3 6870 6972 6970 
3 6929 6871 6869 
3 6973 6972 6870 
3 6870 6900 6973 
3 6930 6929 6974 
3 6931 6973 6900 
3 6931 6873 6975 
3 6902 6930 6976 
3 6976 6932 6902 
3 6873 6933 6975 
3 6976 6903 6932 
3 6977 6936 6903 
3 6938 6937 6978 
3 6935 6938 6979 
3 6937 6939 6980 
3 6937 6980 6978 
3 6936 6981 6909 
3 6905 6908 6982 
3 6982 6939 6905 
3 6910 6983 6984 
3 6907 6910 6984 
3 6940 6907 6984 
3 6940 6985 6911 
3 6908 6911 6985 
3 6985 6982 6908 
3 6910 6909 6981 
3 6910 6981 6983 
3 6986 6886 6941 
3 6942 6941 6913 
3 6914 6986 6987 
3 6986 6914 6886 
3 6914 6987 6943 
3 6988 6942 6944 
3 6989 6915 6946 
3 6944 6889 6947 
3 6990 6948 6915 
3 6989 6990 6915 
3 6990 6891 6948 
3 6947 6917 6991 
3 6891 6990 6949 
3 6917 6992 6991 
3 6917 6893 6992 
3 6993 6951 6950 
3 6953 6993 6994 
3 6993 6953 6951 
3 6994 6919 6953 
3 6919 6994 6954 
3 6895 6995 6952 
3 6895 6996 6995 
3 6956 6955 6997 
3 6921 6956 6997 
3 6895 6922 6996 
3 6997 6998 6921 
3 6957 6996 6922 
3 6921 6998 6999 
3 6999 6833 6921 
3 6958 6999 7000 
3 6999 6958 6833 
3 6957 6862 6959 
3 7001 6957 6959 
3 7000 6924 6958 
3 7000 6960 6924 
3 7001 6959 7002 
3 6959 6926 7002 
3 7003 7002 6926 
3 6926 6962 7003 
3 6964 7003 6962 
3 6964 7004 7003 
3 7004 6964 6965 
3 6966 7004 6965 
3 6963 6968 6865 
3 6972 6967 6970 
3 6929 6869 6971 
3 6930 6974 7005 
3 7005 6976 6930 
3 6975 6933 6934 
3 7006 6903 6976 
3 6903 7006 7007 
3 7007 6977 6903 
3 7007 7008 6977 
3 7008 6936 6977 
3 6978 6979 6938 
3 7008 6981 6936 
3 6939 6982 6980 
3 6984 6983 7009 
3 6940 6984 7009 
3 7009 7010 6940 
3 6985 6940 7010 
3 7010 7011 6985 
3 6982 6985 7011 
3 7012 6986 6941 
3 7013 6987 6986 
3 6987 7013 7014 
3 7014 6943 6987 
3 6942 6988 7015 
3 6943 7014 6945 
3 6944 7016 6988 
3 6944 7017 7016 
3 6945 6989 6946 
3 6944 6947 7017 
3 7018 7017 6947 
3 6991 7019 6947 
3 6993 6950 7020 
3 6992 6893 6952 
3 7021 6954 6994 
3 6957 7022 6996 
3 6960 7023 7024 
3 7023 6960 7000 
3 6961 6960 7024 
3 7003 7025 7002 
3 7004 7025 7003 
3 6961 6968 6963 
3 7026 7004 6966 
3 7026 6966 6967 
3 6968 6971 6969 
3 7027 7028 6967 
3 7027 6967 6972 
3 7029 7027 6972 
3 6971 7030 6929 
3 6929 7030 7031 
3 6972 6973 7032 
3 7032 7029 6972 
3 7033 6974 6929 
3 6929 7031 7033 
3 7034 7032 6973 
3 7034 6973 6931 
3 6974 7033 7005 
3 7035 7034 6931 
3 6931 6975 7035 
3 6934 7036 7035 
3 7035 6975 6934 
3 7037 7006 6976 
3 7006 7037 7007 
3 6934 6935 6979 
3 7038 6979 6978 
3 7039 6981 7008 
3 6981 7039 7040 
3 7009 6983 7041 
3 7041 7010 7009 
3 7040 7041 6981 
3 6983 6981 7041 
3 6941 7042 7012 
3 7042 6941 6942 
3 7015 7042 6942 
3 7043 6986 7012 
3 7044 7013 6986 
3 6986 7043 7044 
3 7014 7013 7045 
3 7045 7046 7014 
3 7016 7047 6988 
3 7046 6945 7014 
3 6945 7046 7048 
3 7047 7016 7017 
3 7049 7047 7017 
3 7018 7050 7049 
3 7049 7017 7018 
3 7048 7051 6945 
3 7050 7018 7052 
3 7018 6947 7052 
3 6989 6945 7051 
3 7051 6990 6989 
3 7052 6947 7019 
3 6990 7051 6949 
3 6992 7019 6991 
3 7053 6950 6949 
3 6950 7053 7020 
3 6992 7054 7055 
3 6992 6952 7054 
3 6952 7056 7054 
3 7057 7058 6994 
3 7021 6994 7058 
3 6952 7059 7056 
3 6954 7021 7058 
3 6952 6995 7059 
3 7058 6955 6954 
3 6995 6996 7060 
3 6997 6955 7061 
3 7022 7060 6996 
3 6997 7061 7062 
3 6998 6997 7062 
3 6998 7062 6999 
3 7022 6957 7001 
3 7000 6999 7063 
3 7000 7063 7064 
3 7064 7023 7000 
3 7001 7002 7065 
3 7002 7025 7065 
3 7066 6961 7024 
3 7066 7067 6961 
3 7004 7068 7025 
3 7067 6968 6961 
3 7004 7026 7069 
3 7070 7069 7026 
3 7026 6967 7070 
3 7030 6971 6968 
3 7070 6967 7028 
3 7027 7029 7028 
3 7034 7029 7032 
3 7071 7005 7033 
3 7034 7035 7036 
3 7071 6976 7005 
3 6976 7071 7037 
3 7072 7036 6934 
3 7073 7007 7037 
3 7007 7073 7074 
3 7075 7072 6934 
3 6934 6979 7075 
3 7008 7007 7074 
3 6979 7038 7075 
3 6978 6980 7076 
3 7076 7038 6978 
3 6980 6982 7077 
3 7039 7078 7040 
3 7041 7079 7010 
3 7011 7077 6982 
3 7041 7040 7078 
3 7078 7079 7041 
3 7012 7080 7043 
3 7080 7012 7042 
3 7045 7013 7044 
3 7044 7043 7045 
3 7015 6988 7081 
3 7082 6988 7047 
3 6988 7082 7081 
3 7082 7047 7050 
3 7050 7083 7082 
3 7050 7047 7049 
3 7050 7052 7084 
3 7019 7084 7052 
3 7019 7085 7084 
3 7086 6949 7051 
3 6949 7086 7087 
3 7085 7019 6992 
3 6992 7055 7085 
3 7087 7053 6949 
3 7020 7053 7088 
3 7088 6993 7020 
3 7054 7056 7055 
3 7088 7057 6994 
3 7088 6994 6993 
3 7059 7055 7056 
3 7059 6995 7060 
3 7061 7058 7089 
3 7089 7090 7061 
3 7058 7061 6955 
3 7061 7090 7062 
3 6999 7062 7091 
3 7091 7063 6999 
3 7064 7063 7091 
3 7091 7092 7064 
3 7092 7023 7064 
3 7024 7023 7092 
3 7093 7001 7065 
3 7066 7024 7092 
3 7093 7065 7025 
3 7025 7094 7093 
3 7025 7068 7094 
3 7095 6968 7067 
3 7068 7004 7069 
3 7028 7069 7070 
3 7095 7096 6968 
3 7096 7030 6968 
3 7030 7096 7031 
3 7097 7029 7034 
3 7098 7033 7031 
3 7034 7036 7099 
3 7098 7071 7033 
3 7071 7098 7100 
3 7101 7099 7036 
3 7100 7037 7071 
3 7037 7100 7102 
3 7101 7036 7072 
3 7037 7102 7073 
3 7101 7072 7075 
3 7074 7073 7103 
3 7074 7103 7104 
3 7008 7074 7104 
3 7039 7008 7104 
3 7075 7038 7105 
3 7039 7104 7106 
3 7106 7078 7039 
3 7038 7076 7105 
3 7107 6980 7077 
3 7076 6980 7107 
3 7010 7079 7108 
3 7108 7109 7010 
3 7011 7010 7109 
3 7077 7011 7109 
3 7042 7110 7080 
3 7042 7111 7110 
3 7111 7042 7015 
3 7083 7081 7082 
3 7045 7112 7046 
3 7048 7046 7113 
3 7113 7051 7048 
3 7051 7113 7114 
3 7115 7086 7051 
3 7051 7114 7115 
3 7085 7116 7084 
3 7086 7115 7117 
3 7117 7087 7086 
3 7117 7053 7087 
3 7117 7088 7053 
3 7117 7118 7088 
3 7088 7118 7119 
3 7119 7057 7088 
3 7120 7055 7059 
3 7119 7058 7057 
3 7058 7119 7121 
3 7059 7060 7120 
3 7058 7121 7089 
3 7122 7062 7090 
3 7062 7122 7123 
3 7060 7124 7125 
3 7124 7060 7022 
3 7022 7126 7124 
3 7127 7091 7062 
3 7128 7126 7022 
3 7091 7127 7092 
3 7022 7001 7128 
3 7001 7093 7128 
3 7129 7094 7068 
3 7068 7069 7130 
3 7131 7130 7069 
3 7131 7069 7028 
3 7096 7095 7132 
3 7133 7028 7134 
3 7028 7029 7134 
3 7135 7031 7096 
3 7135 7098 7031 
3 7034 7099 7097 
3 7100 7098 7136 
3 7099 7101 7137 
3 7100 7136 7102 
3 7102 7103 7073 
3 7138 7101 7075 
3 7139 7138 7075 
3 7103 7106 7104 
3 7105 7139 7075 
3 7076 7140 7105 
3 7076 7107 7140 
3 7078 7106 7141 
3 7109 7107 7077 
3 7079 7078 7141 
3 7141 7108 7079 
3 7142 7043 7080 
3 7111 7143 7110 
3 7143 7111 7015 
3 7144 7045 7043 
3 7143 7015 7145 
3 7045 7144 7112 
3 7015 7081 7145 
3 7083 7145 7081 
3 7146 7046 7112 
3 7083 7050 7147 
3 7046 7146 7113 
3 7084 7147 7050 
3 7147 7084 7116 
3 7148 7116 7085 
3 7148 7085 7055 
3 7055 7149 7148 
3 7150 7118 7117 
3 7151 7119 7118 
3 7118 7150 7151 
3 7151 7121 7119 
3 7121 7152 7089 
3 7153 7090 7089 
3 7122 7090 7153 
3 7153 7123 7122 
3 7154 7062 7123 
3 7126 7125 7124 
3 7154 7127 7062 
3 7126 7155 7125 
3 7126 7128 7155 
3 7154 7092 7127 
3 7156 7155 7128 
3 7155 7156 7157 
3 7157 7158 7155 
3 7093 7156 7128 
3 7156 7093 7157 
3 7066 7092 7159 
3 7067 7066 7159 
3 7093 7094 7129 
3 7068 7130 7129 
3 7095 7067 7132 
3 7160 7129 7130 
3 7130 7161 7160 
3 7131 7160 7161 
3 7130 7131 7161 
3 7133 7160 7131 
3 7131 7028 7133 
3 7135 7096 7162 
3 7133 7134 7163 
3 7134 7029 7163 
3 7029 7097 7163 
3 7164 7163 7097 
3 7165 7164 7097 
3 7166 7098 7135 
3 7097 7099 7165 
3 7098 7166 7136 
3 7165 7099 7137 
3 7101 7138 7137 
3 7103 7102 7167 
3 7168 7139 7105 
3 7105 7140 7169 
3 7107 7170 7140 
3 7140 7170 7169 
3 7106 7171 7141 
3 7172 7109 7108 
3 7172 7107 7109 
3 7110 7143 7173 
3 7173 7174 7110 
3 7080 7174 7175 
3 7175 7142 7080 
3 7080 7110 7174 
3 7176 7144 7043 
3 7142 7176 7043 
3 7177 7112 7144 
3 7144 7176 7177 
3 7178 7145 7083 
3 7112 7177 7179 
3 7179 7146 7112 
3 7178 7083 7180 
3 7180 7083 7147 
3 7146 7179 7181 
3 7181 7113 7146 
3 7113 7181 7114 
3 7182 7115 7114 
3 7115 7182 7183 
3 7183 7117 7115 
3 7117 7184 7150 
3 7055 7185 7149 
3 7185 7055 7120 
3 7121 7151 7152 
3 7186 7089 7152 
3 7120 7060 7125 
3 7186 7153 7089 
3 7153 7154 7123 
3 7155 7158 7125 
3 7154 7187 7092 
3 7159 7092 7187 
3 7188 7189 7157 
3 7190 7188 7157 
3 7190 7157 7093 
3 7191 7067 7159 
3 7129 7190 7093 
3 7191 7192 7067 
3 7132 7067 7192 
3 7129 7160 7193 
3 7194 7160 7133 
3 7195 7194 7133 
3 7132 7196 7096 
3 7162 7096 7196 
3 7197 7135 7162 
3 7133 7163 7198 
3 7163 7164 7198 
3 7197 7166 7135 
3 7199 7198 7164 
3 7164 7165 7199 
3 7165 7137 7199 
3 7200 7136 7166 
3 7201 7102 7136 
3 7201 7167 7102 
3 7202 7137 7138 
3 7167 7203 7103 
3 7138 7168 7202 
3 7138 7139 7168 
3 7171 7106 7103 
3 7103 7203 7171 
3 7105 7169 7168 
3 7171 7204 7205 
3 7170 7107 7206 
3 7206 7169 7170 
3 7141 7171 7205 
3 7107 7172 7207 
3 7207 7206 7107 
3 7108 7141 7205 
3 7172 7108 7205 
3 7142 7175 7208 
3 7173 7143 7145 
3 7176 7208 7177 
3 7208 7176 7142 
3 7145 7178 7209 
3 7209 7178 7180 
3 7177 7210 7179 
3 7180 7147 7211 
3 7212 7181 7179 
3 7147 7116 7211 
3 7213 7182 7114 
3 7116 7148 7214 
3 7182 7213 7183 
3 7215 7214 7148 
3 7148 7149 7216 
3 7148 7216 7215 
3 7183 7217 7117 
3 7218 7215 7216 
3 7217 7184 7117 
3 7218 7216 7149 
3 7149 7185 7218 
3 7150 7184 7219 
3 7219 7151 7150 
3 7220 7218 7185 
3 7221 7152 7151 
3 7221 7186 7152 
3 7185 7120 7125 
3 7153 7186 7222 
3 7154 7153 7222 
3 7222 7223 7154 
3 7189 7224 7125 
3 7189 7125 7158 
3 7158 7157 7189 
3 7223 7187 7154 
3 7187 7225 7159 
3 7188 7226 7189 
3 7226 7188 7190 
3 7227 7190 7129 
3 7193 7227 7129 
3 7132 7192 7228 
3 7193 7160 7194 
3 7228 7229 7132 
3 7197 7162 7196 
3 7166 7197 7200 
3 7230 7136 7200 
3 7136 7230 7201 
3 7231 7137 7202 
3 7231 7232 7137 
3 7167 7233 7203 
3 7202 7168 7231 
3 7234 7231 7168 
3 7171 7203 7235 
3 7171 7235 7204 
3 7168 7169 7236 
3 7237 7169 7206 
3 7207 7237 7206 
3 7172 7205 7238 
3 7239 7175 7174 
3 7239 7174 7173 
3 7173 7209 7240 
3 7173 7145 7209 
3 7177 7208 7210 
3 7241 7209 7180 
3 7210 7212 7179 
3 7180 7211 7241 
3 7212 7210 7242 
3 7242 7181 7212 
3 7242 7243 7181 
3 7116 7241 7211 
3 7241 7116 7244 
3 7243 7114 7181 
3 7114 7243 7213 
3 7214 7244 7116 
3 7245 7214 7215 
3 7215 7218 7245 
3 7184 7217 7246 
3 7184 7246 7219 
3 7245 7218 7220 
3 7219 7247 7151 
3 7151 7247 7221 
3 7224 7185 7125 
3 7225 7187 7223 
3 7248 7189 7226 
3 7159 7225 7249 
3 7226 7190 7248 
3 7191 7159 7249 
3 7250 7228 7192 
3 7194 7227 7193 
3 7196 7132 7229 
3 7251 7195 7133 
3 7133 7198 7251 
3 7252 7197 7196 
3 7197 7252 7253 
3 7253 7254 7200 
3 7200 7197 7253 
3 7254 7230 7200 
3 7137 7255 7199 
3 7137 7232 7255 
3 7256 7201 7230 
3 7256 7233 7201 
3 7233 7167 7201 
3 7257 7203 7233 
3 7258 7232 7231 
3 7231 7234 7258 
3 7168 7259 7234 
3 7205 7204 7260 
3 7169 7261 7262 
3 7169 7237 7261 
3 7236 7169 7262 
3 7262 7259 7236 
3 7259 7168 7236 
3 7205 7260 7238 
3 7263 7237 7207 
3 7207 7264 7263 
3 7172 7238 7265 
3 7207 7172 7265 
3 7265 7266 7207 
3 7266 7264 7207 
3 7267 7239 7240 
3 7175 7268 7269 
3 7175 7239 7268 
3 7239 7173 7240 
3 7240 7209 7267 
3 7175 7269 7208 
3 7270 7210 7208 
3 7209 7241 7271 
3 7210 7270 7242 
3 7241 7244 7272 
3 7273 7272 7244 
3 7244 7214 7273 
3 7213 7243 7274 
3 7274 7275 7183 
3 7274 7183 7213 
3 7276 7183 7275 
3 7183 7276 7217 
3 7276 7246 7217 
3 7277 7278 7214 
3 7214 7279 7277 
3 7214 7245 7279 
3 7280 7219 7246 
3 7245 7220 7279 
3 7279 7220 7281 
3 7281 7277 7279 
3 7247 7280 7282 
3 7280 7247 7219 
3 7220 7185 7281 
3 7282 7283 7221 
3 7282 7221 7247 
3 7283 7284 7221 
3 7284 7285 7221 
3 7286 7281 7185 
3 7186 7221 7285 
3 7185 7224 7286 
3 7285 7287 7186 
3 7224 7288 7286 
3 7287 7222 7186 
3 7287 7223 7222 
3 7189 7289 7224 
3 7290 7225 7223 
3 7290 7249 7225 
3 7289 7189 7248 
3 7227 7248 7190 
3 7192 7191 7250 
3 7229 7228 7250 
3 7291 7227 7194 
3 7195 7291 7194 
3 7229 7292 7196 
3 7252 7196 7292 
3 7293 7195 7251 
3 7251 7198 7294 
3 7294 7293 7251 
3 7198 7199 7294 
3 7295 7253 7252 
3 7295 7254 7253 
3 7199 7255 7294 
3 7230 7254 7256 
3 7296 7255 7232 
3 7203 7257 7297 
3 7235 7203 7297 
3 7297 7298 7235 
3 7299 7258 7234 
3 7204 7235 7298 
3 7259 7299 7234 
3 7260 7204 7300 
3 7238 7260 7300 
3 7300 7265 7238 
3 7261 7237 7263 
3 7263 7262 7261 
3 7301 7264 7266 
3 7266 7265 7301 
3 7264 7301 7263 
3 7302 7303 7268 
3 7302 7268 7239 
3 7269 7268 7303 
3 7303 7208 7269 
3 7271 7267 7209 
3 7303 7270 7208 
3 7304 7305 7271 
3 7241 7304 7271 
3 7306 7307 7241 
3 7307 7304 7241 
3 7272 7306 7241 
3 7306 7272 7308 
3 7272 7273 7308 
3 7309 7274 7243 
3 7274 7309 7275 
3 7273 7214 7278 
3 7310 7276 7275 
3 7246 7276 7280 
3 7311 7282 7280 
3 7311 7283 7282 
3 7284 7283 7312 
3 7313 7288 7224 
3 7313 7224 7289 
3 7314 7290 7223 
3 7248 7313 7289 
3 7314 7315 7290 
3 7249 7290 7315 
3 7315 7191 7249 
3 7248 7227 7316 
3 7315 7250 7191 
3 7317 7250 7315 
3 7317 7318 7250 
3 7318 7229 7250 
3 7227 7291 7316 
3 7229 7318 7292 
3 7319 7291 7195 
3 7195 7293 7319 
3 7320 7319 7293 
3 7321 7295 7252 
3 7322 7293 7294 
3 7295 7321 7254 
3 7294 7255 7322 
3 7255 7296 7322 
3 7296 7232 7323 
3 7256 7324 7233 
3 7233 7324 7257 
3 7258 7323 7232 
3 7297 7325 7298 
3 7258 7299 7326 
3 7204 7298 7327 
3 7326 7299 7259 
3 7259 7328 7326 
3 7329 7300 7204 
3 7204 7327 7329 
3 7265 7300 7329 
3 7330 7265 7329 
3 7262 7263 7301 
3 7267 7331 7239 
3 7239 7332 7333 
3 7239 7331 7332 
3 7333 7302 7239 
3 7302 7334 7303 
3 7335 7271 7305 
3 7304 7336 7305 
3 7242 7337 7338 
3 7337 7242 7270 
3 7304 7307 7336 
3 7308 7336 7307 
3 7307 7306 7308 
3 7339 7275 7309 
3 7339 7310 7275 
3 7276 7310 7340 
3 7340 7280 7276 
3 7341 7311 7280 
3 7280 7340 7341 
3 7342 7283 7311 
3 7283 7342 7343 
3 7283 7343 7312 
3 7286 7344 7277 
3 7277 7281 7286 
3 7345 7344 7286 
3 7288 7345 7286 
3 7284 7287 7285 
3 7223 7287 7346 
3 7314 7223 7346 
3 7347 7313 7248 
3 7248 7348 7347 
3 7348 7248 7316 
3 7349 7316 7291 
3 7291 7319 7349 
3 7350 7292 7318 
3 7319 7351 7349 
3 7352 7252 7292 
3 7292 7350 7352 
3 7320 7293 7322 
3 7252 7352 7321 
3 7353 7254 7321 
3 7254 7353 7256 
3 7296 7323 7322 
3 7256 7353 7354 
3 7355 7322 7323 
3 7256 7354 7356 
3 7258 7355 7323 
3 7356 7324 7256 
3 7356 7357 7324 
3 7357 7257 7324 
3 7358 7297 7257 
3 7358 7325 7297 
3 7328 7258 7326 
3 7325 7359 7298 
3 7327 7298 7359 
3 7359 7329 7327 
3 7329 7359 7360 
3 7328 7259 7262 
3 7360 7330 7329 
3 7360 7265 7330 
3 7265 7360 7361 
3 7362 7262 7301 
3 7262 7362 7363 
3 7363 7328 7262 
3 7361 7364 7265 
3 7265 7364 7365 
3 7301 7265 7365 
3 7366 7331 7367 
3 7331 7368 7367 
3 7368 7331 7267 
3 7267 7369 7368 
3 7333 7366 7370 
3 7366 7333 7332 
3 7366 7332 7331 
3 7371 7267 7271 
3 7302 7372 7334 
3 7302 7370 7372 
3 7370 7302 7333 
3 7373 7371 7271 
3 7335 7373 7271 
3 7374 7303 7334 
3 7374 7270 7303 
3 7305 7336 7335 
3 7336 7375 7335 
3 7270 7374 7376 
3 7376 7338 7337 
3 7376 7337 7270 
3 7338 7243 7242 
3 7243 7338 7377 
3 7377 7309 7243 
3 7273 7378 7308 
3 7273 7278 7378 
3 7379 7311 7341 
3 7342 7379 7380 
3 7379 7342 7311 
3 7344 7381 7277 
3 7380 7343 7342 
3 7380 7312 7343 
3 7284 7312 7382 
3 7382 7383 7284 
3 7383 7287 7284 
3 7383 7346 7287 
3 7384 7288 7313 
3 7347 7384 7313 
3 7385 7314 7346 
3 7385 7315 7314 
3 7386 7347 7348 
3 7316 7386 7348 
3 7316 7349 7387 
3 7388 7387 7349 
3 7349 7351 7388 
3 7319 7320 7389 
3 7351 7319 7389 
3 7390 7352 7350 
3 7320 7322 7389 
3 7352 7390 7391 
3 7352 7391 7353 
3 7353 7321 7352 
3 7392 7389 7322 
3 7393 7354 7353 
3 7354 7393 7357 
3 7357 7356 7354 
3 7355 7258 7394 
3 7358 7257 7357 
3 7358 7395 7325 
3 7258 7328 7394 
3 7359 7396 7360 
3 7396 7364 7361 
3 7361 7360 7396 
3 7397 7328 7363 
3 7363 7398 7397 
3 7397 7399 7328 
3 7362 7301 7400 
3 7400 7401 7362 
3 7363 7401 7398 
3 7363 7362 7401 
3 7365 7400 7301 
3 7402 7367 7368 
3 7402 7368 7369 
3 7267 7403 7369 
3 7371 7403 7267 
3 7366 7367 7370 
3 7371 7373 7404 
3 7405 7334 7372 
3 7370 7405 7372 
3 7406 7374 7334 
3 7334 7405 7406 
3 7375 7373 7335 
3 7376 7374 7407 
3 7376 7407 7338 
3 7336 7308 7375 
3 7308 7378 7408 
3 7409 7339 7309 
3 7410 7378 7411 
3 7378 7278 7411 
3 7411 7412 7410 
3 7413 7411 7278 
3 7310 7409 7414 
3 7409 7310 7339 
3 7340 7414 7415 
3 7414 7340 7310 
3 7278 7277 7381 
3 7278 7381 7413 
3 7340 7415 7416 
3 7416 7341 7340 
3 7416 7379 7341 
3 7380 7382 7312 
3 7383 7382 7417 
3 7383 7417 7418 
3 7346 7383 7418 
3 7419 7384 7347 
3 7386 7420 7347 
3 7315 7385 7421 
3 7315 7421 7317 
3 7317 7421 7422 
3 7422 7423 7317 
3 7423 7424 7317 
3 7424 7423 7425 
3 7424 7318 7317 
3 7425 7318 7424 
3 7425 7350 7318 
3 7389 7388 7351 
3 7426 7390 7350 
3 7426 7391 7390 
3 7427 7389 7392 
3 7391 7428 7353 
3 7427 7392 7429 
3 7322 7429 7392 
3 7322 7355 7429 
3 7430 7429 7355 
3 7430 7431 7429 
3 7355 7394 7430 
3 7395 7432 7325 
3 7359 7325 7432 
3 7396 7359 7432 
3 7397 7398 7433 
3 7397 7433 7399 
3 7365 7364 7434 
3 7400 7433 7401 
3 7398 7401 7433 
3 7400 7365 7434 
3 7435 7402 7369 
3 7402 7370 7367 
3 7403 7371 7404 
3 7404 7435 7403 
3 7435 7369 7403 
3 7436 7404 7373 
3 7406 7405 7374 
3 7375 7436 7373 
3 7375 7437 7438 
3 7308 7437 7375 
3 7439 7440 7437 
3 7437 7308 7439 
3 7338 7407 7441 
3 7408 7439 7308 
3 7441 7377 7338 
3 7377 7441 7442 
3 7408 7378 7412 
3 7377 7442 7309 
3 7378 7410 7412 
3 7442 7443 7309 
3 7443 7409 7309 
3 7409 7443 7444 
3 7412 7411 7413 
3 7444 7414 7409 
3 7379 7445 7446 
3 7446 7380 7379 
3 7380 7446 7447 
3 7448 7344 7345 
3 7449 7382 7380 
3 7345 7450 7448 
3 7449 7417 7382 
3 7345 7288 7450 
3 7384 7450 7288 
3 7419 7450 7384 
3 7450 7419 7451 
3 7346 7418 7385 
3 7420 7419 7347 
3 7316 7452 7386 
3 7316 7387 7452 
3 7425 7423 7422 
3 7425 7453 7350 
3 7454 7452 7387 
3 7387 7388 7454 
3 7455 7454 7388 
3 7350 7453 7456 
3 7388 7389 7455 
3 7456 7426 7350 
3 7391 7426 7457 
3 7389 7427 7458 
3 7391 7457 7428 
3 7429 7458 7427 
3 7353 7428 7393 
3 7428 7459 7393 
3 7460 7458 7429 
3 7429 7431 7460 
3 7393 7459 7357 
3 7430 7394 7461 
3 7461 7431 7430 
3 7462 7358 7357 
3 7395 7358 7462 
3 7463 7461 7394 
3 7394 7328 7463 
3 7464 7463 7328 
3 7465 7464 7328 
3 7328 7399 7465 
3 7434 7364 7466 
3 7364 7396 7466 
3 7433 7465 7399 
3 7467 7400 7434 
3 7467 7468 7400 
3 7468 7433 7400 
3 7402 7435 7469 
3 7435 7470 7471 
3 7435 7404 7470 
3 7472 7405 7370 
3 7473 7404 7436 
3 7473 7470 7404 
3 7405 7472 7374 
3 7438 7473 7436 
3 7375 7438 7436 
3 7437 7474 7438 
3 7475 7407 7374 
3 7440 7474 7437 
3 7407 7475 7476 
3 7476 7477 7441 
3 7476 7441 7407 
3 7439 7408 7440 
3 7440 7408 7478 
3 7477 7442 7441 
3 7479 7443 7442 
3 7443 7479 7480 
3 7480 7444 7443 
3 7480 7414 7444 
3 7412 7413 7481 
3 7414 7480 7415 
3 7413 7381 7482 
3 7416 7415 7445 
3 7445 7379 7416 
3 7482 7381 7344 
3 7446 7445 7483 
3 7483 7447 7446 
3 7448 7482 7344 
3 7380 7447 7449 
3 7484 7417 7449 
3 7450 7485 7448 
3 7484 7418 7417 
3 7451 7485 7450 
3 7385 7418 7486 
3 7451 7419 7487 
3 7488 7487 7419 
3 7419 7420 7488 
3 7489 7421 7385 
3 7421 7489 7422 
3 7425 7422 7490 
3 7491 7425 7490 
3 7491 7453 7425 
3 7453 7491 7492 
3 7493 7456 7453 
3 7456 7493 7426 
3 7455 7389 7494 
3 7458 7494 7389 
3 7426 7493 7457 
3 7428 7457 7495 
3 7459 7428 7495 
3 7459 7495 7496 
3 7496 7357 7459 
3 7497 7460 7431 
3 7357 7496 7498 
3 7461 7497 7431 
3 7357 7498 7462 
3 7461 7463 7499 
3 7500 7395 7462 
3 7432 7395 7500 
3 7500 7501 7432 
3 7501 7502 7432 
3 7464 7499 7463 
3 7396 7432 7502 
3 7502 7503 7396 
3 7396 7503 7466 
3 7504 7434 7466 
3 7467 7434 7504 
3 7402 7469 7505 
3 7471 7469 7435 
3 7370 7505 7506 
3 7505 7370 7402 
3 7507 7470 7508 
3 7370 7506 7472 
3 7470 7473 7508 
3 7374 7472 7509 
3 7508 7473 7438 
3 7374 7510 7475 
3 7408 7412 7478 
3 7478 7412 7481 
3 7511 7479 7442 
3 7480 7512 7415 
3 7413 7482 7481 
3 7513 7447 7483 
3 7447 7513 7449 
3 7485 7514 7448 
3 7486 7484 7515 
3 7486 7418 7484 
3 7487 7485 7451 
3 7487 7514 7485 
3 7420 7386 7488 
3 7488 7386 7516 
3 7386 7452 7516 
3 7422 7517 7518 
3 7422 7518 7490 
3 7452 7454 7519 
3 7520 7519 7454 
3 7453 7492 7493 
3 7454 7455 7520 
3 7520 7455 7494 
3 7493 7492 7521 
3 7458 7520 7494 
3 7493 7521 7457 
3 7522 7458 7460 
3 7523 7522 7460 
3 7460 7497 7523 
3 7498 7524 7462 
3 7524 7525 7462 
3 7462 7525 7500 
3 7497 7461 7499 
3 7526 7499 7464 
3 7504 7466 7503 
3 7503 7527 7504 
3 7464 7465 7526 
3 7468 7467 7504 
3 7526 7465 7433 
3 7433 7528 7526 
3 7468 7529 7433 
3 7505 7469 7530 
3 7531 7471 7470 
3 7507 7532 7531 
3 7531 7470 7507 
3 7533 7506 7505 
3 7532 7507 7508 
3 7533 7472 7506 
3 7532 7508 7438 
3 7533 7509 7472 
3 7438 7534 7532 
3 7510 7374 7509 
3 7474 7534 7438 
3 7510 7535 7475 
3 7440 7536 7474 
3 7476 7537 7477 
3 7440 7478 7536 
3 7477 7537 7442 
3 7478 7481 7538 
3 7480 7479 7511 
3 7511 7512 7480 
3 7512 7445 7415 
3 7445 7512 7539 
3 7445 7539 7540 
3 7483 7540 7541 
3 7483 7445 7540 
3 7513 7541 7542 
3 7541 7513 7483 
3 7542 7543 7544 
3 7542 7544 7513 
3 7545 7544 7543 
3 7544 7545 7449 
3 7544 7449 7513 
3 7514 7482 7448 
3 7449 7545 7546 
3 7546 7484 7449 
3 7546 7547 7484 
3 7547 7515 7484 
3 7486 7515 7548 
3 7486 7548 7549 
3 7486 7550 7385 
3 7551 7489 7385 
3 7489 7551 7422 
3 7422 7551 7517 
3 7552 7516 7452 
3 7517 7553 7518 
3 7553 7554 7518 
3 7554 7490 7518 
3 7554 7491 7490 
3 7554 7492 7491 
3 7555 7519 7520 
3 7556 7555 7520 
3 7520 7458 7556 
3 7521 7557 7457 
3 7557 7495 7457 
3 7495 7557 7558 
3 7495 7558 7559 
3 7522 7523 7560 
3 7522 7560 7458 
3 7495 7559 7561 
3 7561 7496 7495 
3 7496 7561 7562 
3 7562 7498 7496 
3 7562 7524 7498 
3 7562 7525 7524 
3 7525 7563 7500 
3 7563 7501 7500 
3 7501 7564 7502 
3 7503 7502 7564 
3 7527 7503 7564 
3 7504 7527 7565 
3 7468 7504 7565 
3 7565 7529 7468 
3 7529 7565 7566 
3 7566 7433 7529 
3 7433 7566 7528 
3 7530 7469 7471 
3 7471 7567 7530 
3 7471 7531 7567 
3 7530 7533 7505 
3 7535 7509 7533 
3 7534 7568 7532 
3 7535 7510 7509 
3 7474 7569 7534 
3 7569 7474 7570 
3 7475 7535 7571 
3 7572 7476 7475 
3 7475 7571 7572 
3 7570 7474 7536 
3 7476 7572 7537 
3 7573 7536 7478 
3 7574 7442 7537 
3 7538 7573 7478 
3 7442 7574 7575 
3 7575 7511 7442 
3 7538 7481 7576 
3 7511 7575 7577 
3 7577 7512 7511 
3 7540 7539 7578 
3 7481 7482 7579 
3 7578 7541 7540 
3 7541 7578 7580 
3 7580 7542 7541 
3 7580 7543 7542 
3 7581 7579 7482 
3 7482 7514 7581 
3 7543 7582 7545 
3 7582 7546 7545 
3 7583 7581 7514 
3 7582 7584 7547 
3 7547 7546 7582 
3 7585 7547 7584 
3 7547 7585 7515 
3 7585 7548 7515 
3 7548 7585 7549 
3 7586 7549 7585 
3 7549 7586 7486 
3 7550 7486 7586 
3 7487 7488 7587 
3 7588 7587 7488 
3 7587 7588 7589 
3 7589 7590 7587 
3 7588 7488 7589 
3 7591 7589 7488 
3 7550 7551 7385 
3 7488 7516 7591 
3 7516 7592 7591 
3 7593 7592 7516 
3 7516 7552 7593 
3 7594 7553 7517 
3 7452 7595 7552 
3 7554 7553 7594 
3 7595 7452 7519 
3 7555 7595 7519 
3 7595 7555 7596 
3 7555 7556 7597 
3 7597 7596 7555 
3 7458 7598 7556 
3 7458 7599 7598 
3 7521 7600 7601 
3 7601 7557 7521 
3 7601 7558 7557 
3 7602 7599 7458 
3 7602 7458 7560 
3 7560 7523 7602 
3 7603 7602 7523 
3 7497 7604 7603 
3 7523 7497 7603 
3 7561 7605 7562 
3 7605 7606 7562 
3 7525 7562 7606 
3 7607 7604 7497 
3 7606 7563 7525 
3 7607 7497 7499 
3 7501 7563 7564 
3 7499 7526 7607 
3 7527 7564 7608 
3 7608 7609 7527 
3 7610 7611 7526 
3 7526 7528 7610 
3 7528 7566 7610 
3 7530 7612 7613 
3 7531 7532 7614 
3 7615 7535 7616 
3 7616 7617 7612 
3 7612 7615 7616 
3 7617 7613 7612 
3 7613 7617 7533 
3 7530 7613 7533 
3 7614 7532 7568 
3 7617 7616 7533 
3 7568 7618 7614 
3 7616 7535 7533 
3 7534 7618 7568 
3 7569 7618 7534 
3 7569 7570 7619 
3 7620 7619 7570 
3 7570 7536 7620 
3 7572 7621 7537 
3 7620 7536 7573 
3 7573 7622 7620 
3 7621 7574 7537 
3 7622 7573 7538 
3 7538 7576 7622 
3 7623 7539 7512 
3 7624 7576 7481 
3 7481 7579 7624 
3 7625 7578 7539 
3 7625 7580 7578 
3 7581 7583 7579 
3 7543 7584 7582 
3 7514 7487 7583 
3 7626 7583 7587 
3 7627 7586 7585 
3 7583 7487 7587 
3 7590 7626 7587 
3 7627 7550 7586 
3 7627 7628 7550 
3 7591 7590 7589 
3 7628 7551 7550 
3 7595 7593 7552 
3 7554 7594 7492 
3 7596 7629 7595 
3 7630 7492 7594 
3 7492 7630 7631 
3 7631 7521 7492 
3 7631 7600 7521 
3 7556 7598 7597 
3 7632 7601 7600 
3 7599 7602 7598 
3 7632 7558 7601 
3 7633 7559 7558 
3 7558 7632 7633 
3 7633 7561 7559 
3 7605 7561 7634 
3 7606 7605 7634 
3 7604 7607 7635 
3 7636 7603 7604 
3 7604 7635 7636 
3 7563 7606 7634 
3 7609 7565 7527 
3 7637 7607 7526 
3 7566 7565 7611 
3 7526 7611 7637 
3 7611 7610 7566 
3 7638 7639 7530 
3 7567 7638 7530 
3 7640 7567 7531 
3 7531 7614 7640 
3 7641 7640 7614 
3 7615 7612 7642 
3 7612 7530 7639 
3 7535 7615 7642 
3 7618 7569 7619 
3 7643 7572 7571 
3 7572 7643 7644 
3 7621 7572 7644 
3 7644 7645 7621 
3 7645 7574 7621 
3 7575 7574 7646 
3 7646 7577 7575 
3 7647 7512 7577 
3 7539 7623 7648 
3 7649 7624 7579 
3 7650 7649 7579 
3 7651 7580 7625 
3 7651 7652 7543 
3 7543 7580 7651 
3 7579 7583 7650 
3 7653 7543 7652 
3 7650 7583 7654 
3 7653 7584 7543 
3 7653 7655 7584 
3 7655 7585 7584 
3 7626 7590 7656 
3 7590 7591 7657 
3 7657 7656 7590 
3 7658 7657 7591 
3 7659 7551 7628 
3 7660 7594 7517 
3 7593 7595 7629 
3 7594 7660 7661 
3 7629 7596 7662 
3 7661 7630 7594 
3 7663 7596 7597 
3 7664 7600 7631 
3 7663 7597 7598 
3 7664 7632 7600 
3 7665 7663 7598 
3 7598 7602 7665 
3 7665 7602 7666 
3 7667 7633 7632 
3 7667 7668 7633 
3 7668 7561 7633 
3 7669 7602 7603 
3 7669 7666 7602 
3 7634 7561 7668 
3 7636 7669 7603 
3 7634 7668 7670 
3 7563 7634 7670 
3 7670 7671 7563 
3 7563 7672 7564 
3 7672 7608 7564 
3 7608 7673 7609 
3 7565 7609 7673 
3 7674 7635 7637 
3 7607 7637 7635 
3 7611 7565 7675 
3 7611 7674 7637 
3 7638 7640 7676 
3 7638 7567 7640 
3 7639 7642 7612 
3 7641 7614 7677 
3 7678 7677 7614 
3 7614 7618 7678 
3 7535 7642 7679 
3 7618 7619 7678 
3 7679 7571 7535 
3 7571 7679 7643 
3 7620 7622 7680 
3 7681 7574 7645 
3 7681 7646 7574 
3 7622 7576 7680 
3 7646 7681 7682 
3 7682 7577 7646 
3 7576 7683 7680 
3 7682 7647 7577 
3 7576 7684 7683 
3 7576 7624 7684 
3 7647 7623 7512 
3 7685 7648 7623 
3 7648 7625 7539 
3 7686 7651 7625 
3 7649 7650 7687 
3 7654 7687 7650 
3 7652 7688 7653 
3 7655 7653 7688 
3 7626 7656 7689 
3 7656 7657 7689 
3 7690 7659 7628 
3 7658 7689 7657 
3 7591 7592 7658 
3 7551 7659 7691 
3 7691 7517 7551 
3 7691 7692 7660 
3 7660 7517 7691 
3 7593 7629 7592 
3 7660 7693 7661 
3 7694 7631 7630 
3 7631 7694 7695 
3 7696 7596 7663 
3 7695 7664 7631 
3 7663 7665 7696 
3 7664 7695 7632 
3 7665 7666 7697 
3 7698 7665 7697 
3 7632 7695 7699 
3 7667 7632 7699 
3 7697 7666 7669 
3 7667 7699 7700 
3 7700 7668 7667 
3 7700 7701 7668 
3 7701 7670 7668 
3 7702 7636 7635 
3 7671 7672 7563 
3 7672 7703 7608 
3 7673 7608 7703 
3 7703 7704 7673 
3 7565 7673 7704 
3 7704 7675 7565 
3 7674 7702 7635 
3 7675 7705 7611 
3 7674 7611 7705 
3 7639 7638 7706 
3 7676 7706 7638 
3 7642 7639 7707 
3 7706 7707 7639 
3 7640 7708 7676 
3 7677 7709 7641 
3 7710 7679 7642 
3 7677 7678 7711 
3 7711 7678 7619 
3 7619 7620 7711 
3 7643 7679 7712 
3 7644 7643 7712 
3 7620 7680 7713 
3 7645 7712 7714 
3 7712 7645 7644 
3 7714 7681 7645 
3 7715 7682 7681 
3 7715 7647 7682 
3 7647 7715 7716 
3 7716 7623 7647 
3 7716 7685 7623 
3 7624 7687 7684 
3 7685 7717 7648 
3 7717 7625 7648 
3 7717 7686 7625 
3 7687 7624 7649 
3 7651 7686 7718 
3 7652 7718 7719 
3 7718 7652 7651 
3 7719 7688 7652 
3 7688 7720 7655 
3 7721 7722 7654 
3 7721 7654 7583 
3 7655 7720 7585 
3 7626 7721 7583 
3 7627 7585 7720 
3 7720 7723 7627 
3 7724 7626 7689 
3 7690 7627 7723 
3 7690 7628 7627 
3 7658 7724 7689 
3 7658 7592 7725 
3 7726 7725 7592 
3 7592 7629 7726 
3 7660 7692 7693 
3 7629 7727 7726 
3 7629 7662 7727 
3 7693 7630 7661 
3 7662 7728 7727 
3 7630 7729 7694 
3 7596 7696 7728 
3 7662 7596 7728 
3 7695 7694 7729 
3 7696 7665 7728 
3 7695 7730 7699 
3 7731 7728 7665 
3 7731 7665 7698 
3 7698 7697 7669 
3 7732 7700 7699 
3 7732 7733 7700 
3 7701 7700 7733 
3 7701 7733 7734 
3 7734 7670 7701 
3 7702 7669 7636 
3 7734 7735 7671 
3 7671 7670 7734 
3 7735 7736 7671 
3 7672 7671 7736 
3 7703 7672 7736 
3 7702 7674 7705 
3 7640 7737 7708 
3 7737 7640 7641 
3 7707 7738 7642 
3 7709 7737 7641 
3 7710 7642 7738 
3 7710 7739 7740 
3 7740 7679 7710 
3 7679 7740 7712 
3 7620 7741 7711 
3 7741 7620 7713 
3 7680 7742 7713 
3 7683 7742 7680 
3 7684 7742 7683 
3 7743 7716 7715 
3 7743 7685 7716 
3 7684 7687 7744 
3 7745 7686 7717 
3 7718 7686 7746 
3 7687 7654 7744 
3 7746 7719 7718 
3 7654 7722 7744 
3 7747 7722 7721 
3 7721 7626 7747 
3 7724 7748 7626 
3 7658 7749 7724 
3 7749 7658 7725 
3 7725 7726 7749 
3 7727 7750 7726 
3 7751 7630 7693 
3 7630 7751 7729 
3 7695 7729 7752 
3 7752 7730 7695 
3 7730 7753 7699 
3 7731 7698 7754 
3 7754 7755 7731 
3 7698 7669 7754 
3 7732 7699 7756 
3 7733 7732 7757 
3 7732 7756 7757 
3 7734 7733 7757 
3 7757 7758 7734 
3 7759 7669 7702 
3 7758 7760 7734 
3 7734 7760 7761 
3 7702 7762 7759 
3 7761 7763 7734 
3 7763 7735 7734 
3 7736 7735 7763 
3 7764 7703 7736 
3 7704 7703 7764 
3 7764 7765 7704 
3 7765 7766 7704 
3 7675 7704 7766 
3 7705 7675 7766 
3 7702 7705 7762 
3 7767 7764 7736 
3 7706 7676 7768 
3 7676 7708 7768 
3 7769 7770 7738 
3 7738 7707 7769 
3 7709 7771 7737 
3 7710 7738 7770 
3 7709 7677 7772 
3 7773 7772 7677 
3 7677 7711 7773 
3 7774 7740 7739 
3 7711 7775 7773 
3 7774 7712 7740 
3 7741 7775 7711 
3 7712 7774 7776 
3 7713 7777 7741 
3 7776 7714 7712 
3 7777 7713 7742 
3 7778 7681 7714 
3 7714 7776 7778 
3 7779 7742 7684 
3 7780 7685 7743 
3 7744 7779 7684 
3 7780 7717 7685 
3 7781 7782 7686 
3 7686 7783 7781 
3 7686 7745 7783 
3 7746 7686 7782 
3 7719 7784 7688 
3 7720 7688 7785 
3 7722 7747 7786 
3 7785 7723 7720 
3 7747 7626 7786 
3 7748 7786 7626 
3 7787 7786 7748 
3 7748 7788 7789 
3 7789 7787 7748 
3 7790 7788 7748 
3 7748 7724 7790 
3 7788 7790 7789 
3 7723 7791 7690 
3 7790 7724 7792 
3 7792 7789 7790 
3 7749 7792 7724 
3 7690 7691 7659 
3 7691 7690 7793 
3 7793 7692 7691 
3 7693 7692 7794 
3 7751 7693 7794 
3 7727 7728 7795 
3 7796 7795 7728 
3 7752 7729 7751 
3 7728 7731 7755 
3 7753 7730 7752 
3 7755 7754 7797 
3 7756 7699 7753 
3 7756 7758 7757 
3 7762 7798 7759 
3 7669 7759 7798 
3 7758 7799 7760 
3 7761 7760 7799 
3 7763 7761 7799 
3 7799 7800 7763 
3 7736 7763 7800 
3 7765 7801 7766 
3 7766 7802 7705 
3 7762 7705 7802 
3 7707 7706 7803 
3 7708 7804 7768 
3 7804 7708 7737 
3 7804 7737 7771 
3 7803 7769 7707 
3 7769 7803 7805 
3 7805 7770 7769 
3 7806 7771 7709 
3 7805 7710 7770 
3 7709 7772 7806 
3 7739 7710 7805 
3 7807 7806 7772 
3 7773 7807 7772 
3 7773 7775 7808 
3 7809 7776 7774 
3 7777 7775 7741 
3 7809 7778 7776 
3 7810 7811 7681 
3 7810 7681 7778 
3 7811 7812 7681 
3 7812 7715 7681 
3 7813 7743 7715 
3 7742 7779 7814 
3 7717 7780 7815 
3 7815 7745 7717 
3 7815 7816 7745 
3 7779 7744 7817 
3 7816 7782 7781 
3 7816 7781 7783 
3 7816 7783 7745 
3 7746 7818 7784 
3 7784 7719 7746 
3 7746 7782 7818 
3 7784 7819 7688 
3 7786 7820 7722 
3 7785 7688 7821 
3 7723 7785 7821 
3 7821 7791 7723 
3 7792 7822 7787 
3 7792 7787 7789 
3 7690 7791 7823 
3 7690 7823 7793 
3 7824 7825 7749 
3 7749 7826 7824 
3 7749 7726 7826 
3 7827 7824 7826 
3 7726 7828 7827 
3 7827 7826 7726 
3 7793 7829 7692 
3 7692 7829 7794 
3 7828 7726 7750 
3 7830 7828 7750 
3 7831 7794 7829 
3 7750 7727 7830 
3 7751 7794 7831 
3 7795 7830 7727 
3 7830 7795 7832 
3 7832 7833 7830 
3 7795 7796 7834 
3 7834 7832 7795 
3 7796 7835 7834 
3 7728 7755 7836 
3 7835 7796 7836 
3 7728 7836 7796 
3 7835 7836 7755 
3 7753 7752 7837 
3 7838 7755 7797 
3 7754 7839 7797 
3 7756 7753 7840 
3 7841 7754 7669 
3 7754 7841 7839 
3 7669 7842 7841 
3 7840 7758 7756 
3 7758 7840 7843 
3 7798 7844 7842 
3 7669 7798 7842 
3 7799 7758 7843 
3 7844 7798 7762 
3 7843 7845 7799 
3 7845 7846 7799 
3 7800 7799 7846 
3 7847 7765 7764 
3 7764 7848 7847 
3 7801 7765 7847 
3 7801 7849 7766 
3 7802 7766 7849 
3 7736 7800 7767 
3 7767 7848 7764 
3 7850 7706 7851 
3 7851 7706 7768 
3 7768 7852 7851 
3 7706 7850 7803 
3 7852 7768 7804 
3 7804 7853 7852 
3 7804 7854 7853 
3 7804 7771 7854 
3 7771 7806 7855 
3 7805 7856 7739 
3 7807 7773 7808 
3 7774 7739 7856 
3 7856 7857 7774 
3 7775 7858 7808 
3 7774 7857 7859 
3 7775 7860 7858 
3 7774 7859 7809 
3 7860 7775 7777 
3 7861 7777 7742 
3 7810 7778 7809 
3 7861 7742 7862 
3 7811 7810 7863 
3 7863 7812 7811 
3 7864 7861 7862 
3 7715 7863 7865 
3 7863 7715 7812 
3 7742 7814 7862 
3 7715 7865 7813 
3 7866 7743 7813 
3 7866 7780 7743 
3 7779 7817 7814 
3 7867 7815 7780 
3 7816 7815 7868 
3 7868 7818 7782 
3 7868 7782 7816 
3 7818 7868 7869 
3 7818 7869 7784 
3 7817 7744 7722 
3 7817 7722 7820 
3 7819 7870 7688 
3 7870 7821 7688 
3 7786 7787 7822 
3 7786 7822 7820 
3 7791 7821 7871 
3 7872 7822 7792 
3 7792 7749 7873 
3 7873 7872 7792 
3 7873 7749 7825 
3 7829 7793 7874 
3 7829 7875 7831 
3 7830 7833 7828 
3 7833 7832 7876 
3 7876 7828 7833 
3 7875 7877 7831 
3 7831 7877 7751 
3 7832 7834 7876 
3 7834 7835 7876 
3 7751 7877 7752 
3 7877 7837 7752 
3 7878 7876 7835 
3 7878 7835 7838 
3 7755 7838 7835 
3 7879 7880 7837 
3 7753 7837 7880 
3 7881 7840 7753 
3 7841 7882 7839 
3 7841 7883 7882 
3 7844 7841 7842 
3 7840 7845 7843 
3 7845 7884 7846 
3 7801 7847 7885 
3 7849 7801 7885 
3 7849 7886 7802 
3 7762 7802 7886 
3 7886 7844 7762 
3 7800 7846 7884 
3 7884 7887 7800 
3 7887 7888 7800 
3 7767 7800 7888 
3 7847 7848 7889 
3 7890 7891 7850 
3 7890 7850 7851 
3 7891 7803 7850 
3 7852 7853 7892 
3 7771 7855 7854 
3 7805 7803 7893 
3 7893 7894 7805 
3 7895 7855 7806 
3 7896 7895 7806 
3 7856 7805 7894 
3 7806 7807 7896 
3 7807 7808 7896 
3 7897 7808 7858 
3 7860 7897 7858 
3 7809 7859 7898 
3 7861 7860 7777 
3 7810 7898 7899 
3 7898 7810 7809 
3 7810 7899 7900 
3 7810 7900 7863 
3 7901 7865 7863 
3 7862 7814 7864 
3 7813 7865 7901 
3 7902 7864 7814 
3 7813 7901 7903 
3 7903 7866 7813 
3 7904 7902 7814 
3 7867 7780 7866 
3 7814 7817 7904 
3 7815 7867 7868 
3 7905 7869 7868 
3 7905 7906 7869 
3 7906 7907 7869 
3 7869 7907 7784 
3 7819 7784 7907 
3 7907 7870 7819 
3 7817 7820 7908 
3 7821 7909 7910 
3 7909 7821 7870 
3 7820 7822 7908 
3 7910 7871 7821 
3 7910 7791 7871 
3 7791 7910 7911 
3 7791 7911 7823 
3 7912 7872 7873 
3 7913 7793 7823 
3 7914 7873 7825 
3 7914 7915 7873 
3 7825 7824 7914 
3 7914 7824 7916 
3 7827 7917 7824 
3 7827 7828 7917 
3 7828 7876 7918 
3 7837 7877 7919 
3 7919 7879 7837 
3 7879 7920 7880 
3 7920 7921 7880 
3 7797 7922 7838 
3 7753 7880 7921 
3 7922 7797 7839 
3 7753 7921 7881 
3 7839 7882 7922 
3 7841 7844 7883 
3 7845 7840 7923 
3 7885 7924 7849 
3 7886 7849 7924 
3 7844 7886 7924 
3 7923 7925 7845 
3 7925 7884 7845 
3 7887 7884 7925 
3 7925 7926 7887 
3 7888 7887 7926 
3 7889 7885 7847 
3 7926 7927 7888 
3 7767 7888 7927 
3 7927 7928 7767 
3 7848 7767 7928 
3 7929 7890 7851 
3 7929 7851 7852 
3 7852 7892 7929 
3 7853 7930 7892 
3 7930 7853 7854 
3 7803 7931 7893 
3 7803 7891 7931 
3 7854 7855 7932 
3 7895 7932 7855 
3 7896 7932 7895 
3 7894 7933 7856 
3 7808 7934 7896 
3 7857 7856 7933 
3 7934 7808 7897 
3 7857 7933 7859 
3 7935 7898 7859 
3 7897 7860 7861 
3 7936 7900 7899 
3 7900 7936 7937 
3 7937 7863 7900 
3 7937 7901 7863 
3 7901 7937 7903 
3 7938 7867 7866 
3 7867 7939 7940 
3 7867 7938 7939 
3 7867 7940 7941 
3 7941 7868 7867 
3 7817 7942 7904 
3 7942 7943 7904 
3 7817 7944 7942 
3 7817 7908 7944 
3 7907 7909 7870 
3 7907 7945 7909 
3 7945 7910 7909 
3 7945 7946 7910 
3 7822 7872 7908 
3 7947 7908 7872 
3 7948 7823 7911 
3 7947 7872 7949 
3 7912 7949 7872 
3 7912 7873 7915 
3 7915 7916 7912 
3 7948 7913 7823 
3 7950 7913 7948 
3 7915 7914 7916 
3 7913 7950 7951 
3 7913 7951 7793 
3 7874 7793 7951 
3 7917 7952 7916 
3 7824 7917 7916 
3 7952 7917 7918 
3 7917 7828 7918 
3 7875 7953 7919 
3 7919 7877 7875 
3 7838 7954 7878 
3 7919 7955 7879 
3 7920 7879 7955 
3 7922 7954 7838 
3 7883 7922 7882 
3 7883 7956 7922 
3 7881 7957 7840 
3 7957 7923 7840 
3 7957 7926 7923 
3 7925 7923 7926 
3 7889 7848 7958 
3 7889 7958 7959 
3 7885 7889 7959 
3 7885 7959 7960 
3 7926 7961 7927 
3 7928 7927 7961 
3 7961 7848 7928 
3 7961 7958 7848 
3 7962 7891 7890 
3 7962 7890 7929 
3 7929 7963 7962 
3 7929 7930 7963 
3 7930 7929 7892 
3 7854 7964 7930 
3 7965 7893 7931 
3 7932 7964 7854 
3 7894 7893 7965 
3 7965 7966 7894 
3 7896 7967 7932 
3 7894 7966 7933 
3 7934 7967 7896 
3 7859 7933 7968 
3 7968 7935 7859 
3 7864 7897 7861 
3 7898 7935 7936 
3 7936 7899 7898 
3 7864 7902 7969 
3 7970 7866 7903 
3 7903 7937 7970 
3 7866 7970 7971 
3 7971 7938 7866 
3 7943 7902 7904 
3 7971 7972 7938 
3 7973 7940 7939 
3 7939 7938 7972 
3 7972 7973 7939 
3 7940 7973 7941 
3 7868 7941 7974 
3 7974 7905 7868 
3 7974 7906 7905 
3 7975 7907 7906 
3 7945 7907 7975 
3 7976 7946 7945 
3 7911 7946 7976 
3 7946 7911 7910 
3 7976 7948 7911 
3 7947 7949 7977 
3 7912 7977 7949 
3 7912 7978 7977 
3 7978 7912 7916 
3 7916 7979 7978 
3 7979 7980 7978 
3 7948 7981 7950 
3 7951 7950 7981 
3 7916 7982 7983 
3 7983 7979 7916 
3 7916 7952 7982 
3 7984 7874 7951 
3 7918 7982 7952 
3 7982 7918 7985 
3 7986 7985 7918 
3 7986 7918 7876 
3 7829 7874 7875 
3 7874 7987 7875 
3 7875 7987 7953 
3 7988 7986 7876 
3 7988 7876 7878 
3 7878 7989 7988 
3 7990 7919 7953 
3 7991 7989 7878 
3 7990 7955 7919 
3 7954 7991 7878 
3 7992 7920 7955 
3 7920 7992 7993 
3 7993 7921 7920 
3 7881 7921 7993 
3 7993 7994 7881 
3 7883 7844 7956 
3 7994 7957 7881 
3 7844 7924 7956 
3 7959 7958 7995 
3 7885 7960 7924 
3 7930 7964 7996 
3 7997 7931 7891 
3 7891 7962 7997 
3 7932 7996 7964 
3 7998 7996 7932 
3 7931 7999 7965 
3 7931 7997 7999 
3 7967 7998 7932 
3 7966 7965 8000 
3 7967 7934 8001 
3 7966 8002 7933 
3 8003 7934 7897 
3 8004 8005 7897 
3 7864 8004 7897 
3 7969 8004 7864 
3 7937 7936 8006 
3 7943 7969 7902 
3 8007 7970 7937 
3 7937 8006 8007 
3 8007 7971 7970 
3 7973 7971 7941 
3 7971 7973 7972 
3 7943 7942 8008 
3 8009 7942 7944 
3 7974 8010 7906 
3 8010 7975 7906 
3 7975 8010 8011 
3 7945 7975 8011 
3 8012 7944 7908 
3 8011 7976 7945 
3 7908 7947 7977 
3 8013 7948 7976 
3 8013 8014 7948 
3 7977 7978 7980 
3 7977 7980 8015 
3 8015 8016 7977 
3 8017 7981 7948 
3 7979 8015 7980 
3 7951 7981 8017 
3 8017 8018 7951 
3 7951 8018 7984 
3 7979 7983 8019 
3 7984 8018 8020 
3 7985 8019 7983 
3 7983 7982 7985 
3 7984 8021 7874 
3 7874 8021 7987 
3 7987 7990 7953 
3 7988 7989 8022 
3 7991 8023 7989 
3 8022 7989 8023 
3 8023 7991 8024 
3 8025 8026 7990 
3 7955 7990 8026 
3 8024 7991 7954 
3 7954 8027 8024 
3 7955 8026 7992 
3 8028 7992 8026 
3 7954 8029 8030 
3 7954 8030 8027 
3 7992 8031 7993 
3 7954 8032 8029 
3 8032 7954 7922 
3 7922 7956 8033 
3 7922 8033 8032 
3 7956 7924 8034 
3 7926 7957 8035 
3 8036 7959 7995 
3 8037 7960 7959 
3 7959 8036 8037 
3 8037 8038 7960 
3 7924 7960 8038 
3 7924 8038 8034 
3 8039 7926 8035 
3 7958 7961 8040 
3 7958 8040 7995 
3 8041 7963 8042 
3 8043 8042 7963 
3 7963 7930 8043 
3 8044 7997 8041 
3 8041 7997 7962 
3 7963 8041 7962 
3 8044 7999 7997 
3 7967 8045 7998 
3 8046 8045 7967 
3 8000 8047 8002 
3 8000 8002 7966 
3 8001 8048 8046 
3 8046 7967 8001 
3 8047 7933 8002 
3 8003 8048 8001 
3 8047 8049 7933 
3 8001 7934 8003 
3 8049 7968 7933 
3 8050 8003 7897 
3 8049 8051 8052 
3 8052 7968 8049 
3 8051 8053 8052 
3 7935 8052 8053 
3 7935 7968 8052 
3 8005 8050 7897 
3 8053 7936 7935 
3 8004 8054 8005 
3 8004 7969 8054 
3 8055 8006 7936 
3 8054 7969 7943 
3 8054 7943 8056 
3 8056 7943 8057 
3 7971 8007 8058 
3 7971 8058 8059 
3 7971 8059 8060 
3 8060 7941 7971 
3 8057 7943 8008 
3 8060 8061 7941 
3 8061 8062 8063 
3 8063 7941 8061 
3 8064 8057 8008 
3 8063 8062 7974 
3 8063 7974 7941 
3 8008 8009 8064 
3 8009 8008 7942 
3 8010 7974 8065 
3 7944 8012 8009 
3 8065 8011 8010 
3 7977 8012 7908 
3 8012 7977 8066 
3 8066 8067 8012 
3 7977 8068 8066 
3 8068 8067 8066 
3 7977 8069 8068 
3 7976 8070 8013 
3 8013 8070 8014 
3 8069 7977 8016 
3 8071 8014 8070 
3 8014 8071 7948 
3 8017 7948 8071 
3 8072 8016 8015 
3 8015 7979 8072 
3 8017 8020 8018 
3 7979 8019 8072 
3 8021 7984 8073 
3 8073 8074 8021 
3 8075 7985 7986 
3 8074 8076 8021 
3 8021 8076 7987 
3 8075 7986 7988 
3 8075 7988 8077 
3 8076 7990 7987 
3 7988 8022 8077 
3 8023 8077 8022 
3 8078 8077 8023 
3 8024 8027 8079 
3 8079 8023 8024 
3 8079 8078 8023 
3 8026 8025 8028 
3 8079 8027 8030 
3 7992 8028 8031 
3 8029 8080 8030 
3 8079 8030 8080 
3 8032 8080 8029 
3 8031 8028 8081 
3 8081 7993 8031 
3 7994 7993 8081 
3 7956 8082 8033 
3 8083 8032 8033 
3 8083 8080 8032 
3 7956 8084 8082 
3 7994 8035 7957 
3 8034 8038 8085 
3 8034 8085 8084 
3 8084 7956 8034 
3 7994 8039 8035 
3 8086 8036 7995 
3 8086 8087 8036 
3 8036 8087 8037 
3 7961 7926 8088 
3 8089 8040 7961 
3 7961 8088 8089 
3 8090 7995 8040 
3 8040 8089 8090 
3 8091 8044 8041 
3 8041 8092 8091 
3 8041 8042 8092 
3 7996 7998 8093 
3 8000 7965 7999 
3 8044 8000 7999 
3 8094 8045 8046 
3 8046 8095 8094 
3 8046 8048 8095 
3 8000 8096 8047 
3 8097 8095 8048 
3 8049 8047 8096 
3 8003 8097 8048 
3 8050 8097 8003 
3 8053 8051 8098 
3 8098 7936 8053 
3 8050 8005 8054 
3 7936 8098 8099 
3 8099 8055 7936 
3 8100 8054 8056 
3 8101 8102 8007 
3 8007 8006 8101 
3 8103 8007 8102 
3 8058 8103 8059 
3 8103 8058 8007 
3 8104 8060 8059 
3 8060 8104 8105 
3 8105 8061 8060 
3 8061 8105 8106 
3 8106 8062 8061 
3 8009 8107 8064 
3 8108 8065 7974 
3 8009 8109 8107 
3 8009 8012 8109 
3 8067 8109 8012 
3 8110 8111 7976 
3 8111 8070 7976 
3 8067 8068 8069 
3 8112 8071 8070 
3 8112 8017 8071 
3 8069 8016 8072 
3 8017 8113 8020 
3 8073 7984 8020 
3 8114 8019 7985 
3 8075 8115 7985 
3 8116 8115 8075 
3 8116 8075 8077 
3 8117 8118 8076 
3 7990 8076 8118 
3 7990 8118 8119 
3 7990 8119 8025 
3 8025 8120 8028 
3 7994 8081 8028 
3 8121 8033 8082 
3 8122 8085 8038 
3 8082 8084 8121 
3 8123 8087 8086 
3 8038 8037 8087 
3 8087 8123 8038 
3 8123 8122 8038 
3 8124 8125 7994 
3 8039 7994 8125 
3 8039 8125 8126 
3 8127 7926 8039 
3 8039 8126 8127 
3 7926 8127 8088 
3 8090 8086 7995 
3 8128 8127 8126 
3 8128 8088 8127 
3 8088 8128 8129 
3 8129 8089 8088 
3 8129 8090 8089 
3 7930 8130 8131 
3 8132 8092 8042 
3 8042 8043 8132 
3 8131 8132 8043 
3 8043 7930 8131 
3 7930 7996 8130 
3 8133 8130 7996 
3 8134 8091 8092 
3 7996 8093 8135 
3 8136 8091 8134 
3 7998 8137 8093 
3 8044 8091 8136 
3 8136 8000 8044 
3 7998 8045 8137 
3 8000 8136 8138 
3 8137 8045 8094 
3 8139 8094 8095 
3 8138 8096 8000 
3 8140 8095 8097 
3 8051 8049 8096 
3 8097 8050 8140 
3 8141 8098 8051 
3 8050 8054 8142 
3 8143 8099 8098 
3 8144 8143 8145 
3 8055 8099 8143 
3 8143 8144 8055 
3 8146 8147 8054 
3 8144 8006 8055 
3 8054 8100 8146 
3 8100 8148 8146 
3 8101 8006 8144 
3 8149 8103 8102 
3 8102 8101 8149 
3 8057 8100 8056 
3 8057 8148 8100 
3 8149 8059 8103 
3 8104 8150 8106 
3 8104 8106 8105 
3 8150 8062 8106 
3 8150 7974 8062 
3 8151 8057 8064 
3 8152 8108 7974 
3 8065 8153 8011 
3 8011 8110 7976 
3 8110 8154 8111 
3 8067 8155 8156 
3 8154 8070 8111 
3 8155 8067 8069 
3 8154 8112 8070 
3 8155 8069 8157 
3 8158 8155 8157 
3 8157 8069 8072 
3 8017 8112 8113 
3 8072 8159 8157 
3 8157 8159 8158 
3 8019 8159 8072 
3 8113 8073 8020 
3 8159 8019 8160 
3 8019 8114 8160 
3 8114 7985 8115 
3 8117 8074 8161 
3 8117 8076 8074 
3 8161 8118 8117 
3 8077 8078 8116 
3 8119 8120 8025 
3 8116 8078 8162 
3 8162 8078 8163 
3 8163 8078 8079 
3 8079 8080 8163 
3 8080 8164 8163 
3 8080 8083 8164 
3 8124 7994 8028 
3 8083 8033 8121 
3 8083 8121 8164 
3 8085 8122 8165 
3 8123 8166 8122 
3 8166 8165 8122 
3 8085 8165 8084 
3 8167 8123 8086 
3 8123 8167 8166 
3 8125 8168 8126 
3 8168 8169 8126 
3 8128 8126 8169 
3 8170 8129 8128 
3 8171 8090 8129 
3 8090 8171 8086 
3 8130 8132 8131 
3 7996 8135 8133 
3 8137 8135 8093 
3 8136 8172 8138 
3 8139 8137 8094 
3 8172 8096 8138 
3 8096 8172 8173 
3 8095 8140 8139 
3 8096 8174 8051 
3 8140 8050 8142 
3 8175 8098 8141 
3 8143 8098 8175 
3 8147 8142 8054 
3 8175 8145 8143 
3 8145 8176 8144 
3 8177 8101 8144 
3 8177 8178 8149 
3 8177 8149 8101 
3 8149 8178 8059 
3 8057 8179 8148 
3 8180 8179 8057 
3 8181 8182 8059 
3 8057 8151 8180 
3 8104 8059 8182 
3 8182 8183 8104 
3 8104 8183 8150 
3 8150 8152 7974 
3 8184 8185 8152 
3 8151 8064 8186 
3 8108 8152 8185 
3 8065 8108 8185 
3 8107 8186 8064 
3 8107 8109 8187 
3 8188 8153 8189 
3 8153 8188 8011 
3 8188 8190 8110 
3 8188 8110 8011 
3 8187 8109 8067 
3 8187 8067 8156 
3 8190 8154 8110 
3 8158 8156 8155 
3 8073 8113 8191 
3 8159 8160 8192 
3 8073 8191 8193 
3 8194 8074 8073 
3 8115 8195 8114 
3 8195 8115 8116 
3 8074 8196 8161 
3 8161 8196 8197 
3 8197 8118 8161 
3 8196 8119 8197 
3 8118 8197 8119 
3 8198 8116 8162 
3 8199 8120 8119 
3 8163 8200 8162 
3 8200 8198 8162 
3 8199 8028 8120 
3 8164 8201 8163 
3 8202 8124 8028 
3 8164 8121 8201 
3 8165 8203 8084 
3 8124 8202 8204 
3 8125 8124 8204 
3 8205 8165 8166 
3 8128 8169 8170 
3 8086 8171 8206 
3 8206 8167 8086 
3 8167 8206 8207 
3 8207 8166 8167 
3 8169 8168 8170 
3 8129 8170 8208 
3 8209 8132 8130 
3 8209 8130 8133 
3 8133 8210 8209 
3 8211 8134 8132 
3 8132 8134 8092 
3 8212 8210 8133 
3 8212 8133 8135 
3 8211 8213 8136 
3 8136 8134 8211 
3 8213 8214 8136 
3 8173 8136 8214 
3 8173 8172 8136 
3 8174 8096 8173 
3 8140 8215 8139 
3 8216 8215 8140 
3 8217 8141 8051 
3 8051 8174 8217 
3 8140 8142 8216 
3 8142 8147 8218 
3 8176 8145 8175 
3 8219 8220 8176 
3 8147 8146 8221 
3 8221 8218 8147 
3 8220 8144 8176 
3 8144 8220 8177 
3 8146 8148 8221 
3 8222 8178 8177 
3 8223 8181 8178 
3 8181 8059 8178 
3 8178 8222 8223 
3 8183 8224 8225 
3 8183 8181 8224 
3 8181 8183 8182 
3 8225 8150 8183 
3 8180 8151 8226 
3 8225 8184 8152 
3 8225 8152 8150 
3 8186 8226 8151 
3 8153 8065 8185 
3 8185 8184 8153 
3 8227 8186 8107 
3 8107 8187 8227 
3 8189 8190 8188 
3 8227 8187 8156 
3 8156 8158 8228 
3 8229 8228 8158 
3 8230 8229 8158 
3 8231 8232 8233 
3 8112 8233 8232 
3 8232 8113 8112 
3 8230 8158 8159 
3 8232 8231 8191 
3 8113 8232 8191 
3 8159 8192 8230 
3 8073 8193 8194 
3 8195 8234 8160 
3 8160 8114 8195 
3 8074 8194 8235 
3 8236 8234 8195 
3 8236 8195 8116 
3 8235 8196 8074 
3 8235 8237 8196 
3 8119 8196 8238 
3 8196 8237 8238 
3 8199 8238 8237 
3 8199 8119 8238 
3 8200 8163 8239 
3 8239 8240 8198 
3 8200 8239 8198 
3 8240 8239 8163 
3 8163 8241 8240 
3 8241 8163 8201 
3 8242 8028 8199 
3 8243 8028 8242 
3 8244 8121 8084 
3 8244 8201 8121 
3 8084 8245 8244 
3 8202 8028 8243 
3 8084 8203 8245 
3 8125 8204 8246 
3 8246 8168 8125 
3 8246 8170 8168 
3 8247 8206 8171 
3 8206 8248 8207 
3 8170 8246 8208 
3 8208 8249 8129 
3 8171 8129 8249 
3 8249 8247 8171 
3 8247 8249 8248 
3 8248 8206 8247 
3 8250 8251 8132 
3 8209 8250 8132 
3 8209 8210 8250 
3 8132 8251 8211 
3 8210 8212 8252 
3 8252 8212 8135 
3 8135 8137 8253 
3 8253 8252 8135 
3 8214 8254 8173 
3 8137 8139 8255 
3 8254 8256 8173 
3 8174 8173 8256 
3 8257 8255 8139 
3 8174 8256 8258 
3 8215 8257 8139 
3 8216 8257 8215 
3 8217 8258 8259 
3 8217 8174 8258 
3 8141 8259 8260 
3 8259 8141 8217 
3 8260 8261 8141 
3 8262 8216 8142 
3 8175 8261 8263 
3 8261 8175 8141 
3 8175 8263 8264 
3 8142 8218 8262 
3 8219 8176 8175 
3 8175 8264 8219 
3 8265 8266 8220 
3 8220 8219 8265 
3 8266 8177 8220 
3 8148 8267 8221 
3 8177 8266 8222 
3 8268 8267 8148 
3 8148 8179 8268 
3 8223 8222 8181 
3 8179 8180 8268 
3 8269 8224 8181 
3 8180 8226 8270 
3 8271 8184 8225 
3 8270 8226 8186 
3 8184 8271 8272 
3 8273 8270 8186 
3 8272 8274 8184 
3 8274 8275 8153 
3 8153 8184 8274 
3 8275 8276 8153 
3 8277 8273 8186 
3 8186 8227 8277 
3 8189 8153 8276 
3 8278 8227 8156 
3 8156 8228 8278 
3 8154 8279 8233 
3 8233 8112 8154 
3 8230 8192 8229 
3 8280 8191 8231 
3 8192 8281 8229 
3 8281 8192 8160 
3 8282 8193 8191 
3 8160 8283 8281 
3 8283 8284 8281 
3 8193 8285 8194 
3 8283 8160 8234 
3 8235 8194 8286 
3 8234 8236 8287 
3 8283 8234 8287 
3 8237 8235 8286 
3 8288 8287 8236 
3 8289 8236 8116 
3 8116 8198 8289 
3 8198 8240 8289 
3 8237 8290 8199 
3 8241 8289 8240 
3 8199 8291 8242 
3 8201 8244 8292 
3 8242 8291 8243 
3 8244 8245 8293 
3 8294 8243 8291 
3 8295 8165 8205 
3 8165 8295 8203 
3 8296 8246 8204 
3 8297 8205 8166 
3 8205 8297 8298 
3 8246 8299 8208 
3 8248 8249 8300 
3 8300 8207 8248 
3 8301 8166 8207 
3 8301 8297 8166 
3 8296 8299 8246 
3 8302 8249 8208 
3 8303 8211 8251 
3 8213 8211 8304 
3 8304 8214 8213 
3 8253 8137 8255 
3 8255 8305 8306 
3 8305 8255 8257 
3 8258 8307 8308 
3 8308 8259 8258 
3 8258 8256 8307 
3 8308 8309 8260 
3 8260 8259 8308 
3 8261 8260 8309 
3 8216 8262 8310 
3 8311 8264 8263 
3 8261 8311 8263 
3 8219 8311 8312 
3 8311 8219 8264 
3 8262 8218 8313 
3 8312 8265 8219 
3 8218 8221 8314 
3 8314 8221 8267 
3 8267 8315 8314 
3 8267 8268 8315 
3 8316 8181 8222 
3 8317 8269 8181 
3 8318 8268 8180 
3 8319 8225 8224 
3 8320 8318 8180 
3 8319 8321 8225 
3 8180 8270 8320 
3 8225 8321 8271 
3 8272 8271 8321 
3 8189 8276 8322 
3 8277 8227 8278 
3 8190 8189 8323 
3 8190 8323 8154 
3 8323 8324 8325 
3 8325 8154 8323 
3 8325 8279 8154 
3 8326 8278 8228 
3 8228 8229 8326 
3 8326 8229 8327 
3 8231 8233 8280 
3 8229 8281 8327 
3 8281 8328 8327 
3 8328 8281 8284 
3 8329 8328 8284 
3 8282 8285 8193 
3 8286 8194 8285 
3 8330 8283 8287 
3 8331 8237 8286 
3 8332 8236 8289 
3 8288 8236 8332 
3 8288 8332 8287 
3 8333 8237 8331 
3 8334 8237 8333 
3 8334 8290 8237 
3 8289 8241 8335 
3 8334 8336 8290 
3 8336 8199 8290 
3 8199 8336 8291 
3 8241 8201 8337 
3 8337 8335 8241 
3 8244 8293 8338 
3 8338 8292 8244 
3 8245 8203 8339 
3 8245 8339 8293 
3 8243 8294 8202 
3 8298 8295 8205 
3 8295 8340 8203 
3 8341 8204 8202 
3 8301 8207 8300 
3 8301 8342 8297 
3 8342 8298 8297 
3 8340 8295 8298 
3 8296 8204 8341 
3 8343 8208 8299 
3 8208 8343 8302 
3 8301 8344 8342 
3 8249 8302 8300 
3 8250 8345 8251 
3 8211 8303 8346 
3 8347 8346 8303 
3 8348 8347 8303 
3 8303 8251 8348 
3 8345 8348 8251 
3 8250 8210 8349 
3 8252 8349 8210 
3 8211 8346 8304 
3 8350 8214 8304 
3 8255 8306 8253 
3 8351 8214 8350 
3 8214 8351 8254 
3 8256 8254 8351 
3 8305 8257 8306 
3 8256 8351 8307 
3 8352 8306 8257 
3 8257 8353 8352 
3 8351 8308 8307 
3 8353 8354 8352 
3 8308 8351 8309 
3 8353 8355 8354 
3 8353 8257 8216 
3 8216 8355 8353 
3 8355 8216 8310 
3 8311 8261 8309 
3 8310 8262 8313 
3 8311 8356 8312 
3 8357 8265 8356 
3 8356 8265 8312 
3 8358 8359 8265 
3 8218 8314 8313 
3 8266 8265 8359 
3 8315 8360 8314 
3 8266 8359 8361 
3 8361 8222 8266 
3 8222 8362 8316 
3 8360 8315 8268 
3 8317 8181 8316 
3 8269 8363 8319 
3 8319 8224 8269 
3 8269 8317 8363 
3 8272 8321 8364 
3 8320 8270 8273 
3 8274 8364 8365 
3 8364 8274 8272 
3 8274 8366 8275 
3 8322 8275 8366 
3 8275 8322 8276 
3 8322 8367 8323 
3 8322 8323 8189 
3 8277 8278 8368 
3 8368 8369 8277 
3 8370 8279 8324 
3 8324 8279 8325 
3 8326 8371 8278 
3 8280 8233 8279 
3 8372 8371 8326 
3 8373 8191 8280 
3 8191 8373 8282 
3 8327 8328 8374 
3 8329 8374 8328 
3 8375 8285 8282 
3 8330 8329 8284 
3 8284 8283 8330 
3 8376 8286 8285 
3 8377 8330 8287 
3 8378 8331 8286 
3 8379 8332 8289 
3 8379 8380 8287 
3 8332 8379 8287 
3 8381 8331 8378 
3 8331 8381 8333 
3 8289 8335 8382 
3 8382 8379 8289 
3 8333 8381 8334 
3 8381 8383 8334 
3 8335 8337 8384 
3 8383 8336 8334 
3 8337 8385 8386 
3 8386 8384 8337 
3 8386 8335 8384 
3 8387 8336 8383 
3 8385 8337 8201 
3 8336 8387 8291 
3 8338 8388 8292 
3 8201 8292 8389 
3 8201 8389 8385 
3 8390 8388 8338 
3 8338 8293 8390 
3 8388 8390 8391 
3 8391 8292 8388 
3 8291 8387 8294 
3 8390 8293 8339 
3 8339 8392 8390 
3 8339 8203 8392 
3 8203 8393 8392 
3 8298 8342 8340 
3 8203 8340 8394 
3 8395 8344 8300 
3 8301 8300 8344 
3 8342 8344 8395 
3 8294 8396 8341 
3 8341 8202 8294 
3 8296 8397 8299 
3 8343 8398 8302 
3 8399 8300 8302 
3 8342 8400 8340 
3 8341 8397 8296 
3 8401 8299 8397 
3 8401 8343 8299 
3 8343 8402 8398 
3 8403 8397 8341 
3 8347 8348 8345 
3 8345 8404 8347 
3 8404 8345 8250 
3 8404 8250 8349 
3 8405 8349 8252 
3 8304 8346 8406 
3 8252 8407 8405 
3 8406 8350 8304 
3 8407 8252 8253 
3 8253 8352 8408 
3 8352 8409 8408 
3 8253 8306 8352 
3 8309 8351 8410 
3 8355 8310 8411 
3 8411 8354 8355 
3 8311 8309 8412 
3 8313 8411 8310 
3 8311 8412 8413 
3 8413 8356 8311 
3 8357 8414 8358 
3 8415 8416 8313 
3 8357 8358 8265 
3 8415 8313 8314 
3 8314 8417 8415 
3 8417 8314 8360 
3 8362 8222 8361 
3 8358 8361 8359 
3 8360 8418 8417 
3 8317 8316 8362 
3 8418 8360 8268 
3 8317 8419 8363 
3 8268 8318 8420 
3 8421 8420 8318 
3 8319 8363 8422 
3 8423 8365 8321 
3 8422 8423 8321 
3 8318 8320 8421 
3 8422 8321 8319 
3 8365 8364 8321 
3 8424 8320 8273 
3 8274 8365 8425 
3 8425 8366 8274 
3 8273 8277 8369 
3 8323 8367 8370 
3 8278 8371 8368 
3 8323 8370 8324 
3 8426 8280 8279 
3 8280 8426 8427 
3 8326 8327 8372 
3 8327 8428 8372 
3 8280 8427 8373 
3 8327 8374 8428 
3 8374 8329 8429 
3 8376 8285 8375 
3 8429 8329 8330 
3 8330 8430 8429 
3 8430 8330 8431 
3 8377 8431 8330 
3 8377 8287 8432 
3 8432 8433 8377 
3 8431 8377 8433 
3 8286 8376 8434 
3 8286 8434 8378 
3 8432 8287 8380 
3 8434 8376 8435 
3 8434 8435 8381 
3 8381 8378 8434 
3 8436 8379 8382 
3 8379 8436 8380 
3 8383 8381 8435 
3 8382 8335 8386 
3 8292 8391 8389 
3 8437 8393 8394 
3 8203 8394 8393 
3 8394 8340 8437 
3 8395 8300 8438 
3 8395 8438 8342 
3 8342 8438 8400 
3 8439 8294 8387 
3 8343 8401 8402 
3 8440 8398 8402 
3 8402 8441 8440 
3 8399 8302 8398 
3 8300 8399 8438 
3 8442 8340 8400 
3 8396 8294 8439 
3 8403 8341 8396 
3 8402 8401 8441 
3 8443 8404 8349 
3 8346 8347 8444 
3 8404 8444 8347 
3 8405 8445 8349 
3 8349 8445 8443 
3 8407 8445 8405 
3 8446 8447 8445 
3 8445 8407 8446 
3 8407 8253 8408 
3 8408 8446 8407 
3 8446 8408 8447 
3 8350 8448 8351 
3 8409 8449 8408 
3 8409 8352 8450 
3 8451 8450 8352 
3 8352 8354 8451 
3 8450 8451 8354 
3 8354 8452 8450 
3 8354 8411 8452 
3 8412 8309 8410 
3 8453 8452 8411 
3 8313 8453 8411 
3 8454 8356 8413 
3 8412 8454 8413 
3 8454 8455 8414 
3 8454 8357 8356 
3 8456 8358 8414 
3 8454 8414 8357 
3 8416 8457 8313 
3 8458 8361 8358 
3 8456 8458 8358 
3 8415 8459 8416 
3 8459 8415 8417 
3 8361 8458 8362 
3 8417 8418 8459 
3 8460 8461 8362 
3 8317 8362 8419 
3 8418 8268 8462 
3 8462 8268 8420 
3 8420 8463 8462 
3 8421 8463 8420 
3 8362 8363 8419 
3 8362 8461 8363 
3 8461 8422 8363 
3 8423 8422 8464 
3 8464 8365 8423 
3 8421 8320 8424 
3 8273 8369 8424 
3 8465 8424 8369 
3 8366 8367 8322 
3 8369 8466 8465 
3 8466 8369 8368 
3 8466 8368 8371 
3 8371 8467 8466 
3 8426 8279 8370 
3 8468 8371 8372 
3 8469 8427 8426 
3 8468 8372 8428 
3 8427 8469 8373 
3 8373 8469 8470 
3 8471 8468 8428 
3 8373 8470 8472 
3 8472 8473 8373 
3 8473 8282 8373 
3 8473 8375 8282 
3 8374 8429 8474 
3 8429 8430 8474 
3 8430 8475 8474 
3 8430 8431 8476 
3 8476 8475 8430 
3 8431 8477 8476 
3 8380 8433 8432 
3 8478 8431 8433 
3 8433 8380 8478 
3 8478 8477 8431 
3 8478 8380 8479 
3 8380 8436 8480 
3 8480 8479 8380 
3 8382 8480 8436 
3 8481 8386 8385 
3 8385 8389 8482 
3 8483 8383 8435 
3 8481 8385 8482 
3 8390 8392 8484 
3 8484 8391 8390 
3 8391 8484 8389 
3 8483 8485 8383 
3 8485 8387 8383 
3 8484 8392 8393 
3 8340 8442 8486 
3 8486 8437 8340 
3 8387 8485 8487 
3 8441 8398 8440 
3 8441 8399 8398 
3 8439 8387 8487 
3 8399 8441 8488 
3 8488 8438 8399 
3 8401 8397 8489 
3 8490 8489 8403 
3 8489 8397 8403 
3 8491 8401 8489 
3 8492 8406 8346 
3 8444 8492 8346 
3 8445 8493 8443 
3 8493 8445 8447 
3 8406 8492 8448 
3 8448 8350 8406 
3 8447 8408 8494 
3 8447 8495 8493 
3 8496 8495 8447 
3 8447 8494 8496 
3 8449 8496 8494 
3 8449 8494 8408 
3 8497 8449 8450 
3 8409 8450 8449 
3 8498 8410 8351 
3 8450 8499 8497 
3 8450 8500 8499 
3 8450 8452 8500 
3 8501 8454 8412 
3 8453 8313 8457 
3 8501 8455 8454 
3 8455 8456 8414 
3 8455 8458 8456 
3 8416 8502 8457 
3 8502 8416 8459 
3 8460 8362 8458 
3 8503 8502 8459 
3 8459 8418 8503 
3 8418 8504 8503 
3 8504 8418 8462 
3 8460 8505 8461 
3 8421 8506 8463 
3 8507 8422 8461 
3 8508 8509 8510 
3 8510 8511 8508 
3 8511 8510 8464 
3 8464 8422 8511 
3 8365 8510 8509 
3 8510 8365 8464 
3 8421 8424 8512 
3 8365 8509 8513 
3 8425 8365 8513 
3 8465 8514 8424 
3 8515 8367 8366 
3 8516 8370 8367 
3 8516 8517 8370 
3 8517 8426 8370 
3 8426 8517 8518 
3 8519 8467 8371 
3 8520 8426 8518 
3 8519 8371 8468 
3 8469 8426 8520 
3 8428 8521 8471 
3 8522 8472 8470 
3 8521 8428 8374 
3 8522 8523 8472 
3 8521 8374 8474 
3 8473 8472 8523 
3 8523 8375 8473 
3 8476 8477 8475 
3 8524 8435 8376 
3 8477 8478 8479 
3 8479 8525 8477 
3 8526 8435 8524 
3 8480 8527 8479 
3 8528 8382 8386 
3 8382 8528 8529 
3 8382 8529 8480 
3 8483 8435 8530 
3 8531 8386 8481 
3 8386 8531 8528 
3 8437 8484 8393 
3 8438 8532 8400 
3 8532 8438 8488 
3 8400 8532 8442 
3 8486 8442 8533 
3 8534 8535 8485 
3 8487 8485 8535 
3 8491 8441 8401 
3 8536 8488 8441 
3 8488 8536 8532 
3 8442 8532 8533 
3 8537 8439 8487 
3 8532 8538 8533 
3 8403 8396 8539 
3 8490 8540 8489 
3 8491 8489 8540 
3 8537 8541 8439 
3 8396 8439 8541 
3 8541 8542 8396 
3 8542 8539 8396 
3 8539 8490 8403 
3 8543 8540 8490 
3 8490 8539 8543 
3 8444 8404 8544 
3 8545 8448 8492 
3 8492 8546 8545 
3 8495 8547 8493 
3 8495 8548 8547 
3 8548 8495 8449 
3 8449 8495 8496 
3 8351 8549 8498 
3 8549 8351 8448 
3 8550 8449 8551 
3 8497 8551 8449 
3 8551 8499 8550 
3 8551 8497 8499 
3 8498 8552 8410 
3 8500 8553 8499 
3 8452 8553 8500 
3 8552 8501 8412 
3 8552 8412 8410 
3 8453 8553 8452 
3 8457 8553 8453 
3 8501 8554 8458 
3 8501 8458 8455 
3 8458 8555 8460 
3 8504 8556 8503 
3 8504 8462 8556 
3 8556 8462 8463 
3 8555 8507 8505 
3 8507 8461 8505 
3 8555 8505 8460 
3 8421 8557 8506 
3 8512 8557 8421 
3 8558 8559 8511 
3 8511 8422 8558 
3 8507 8558 8422 
3 8511 8509 8508 
3 8560 8425 8513 
3 8512 8514 8561 
3 8514 8512 8424 
3 8366 8560 8562 
3 8560 8366 8425 
3 8563 8561 8514 
3 8563 8514 8465 
3 8563 8465 8466 
3 8564 8563 8466 
3 8367 8515 8516 
3 8466 8565 8564 
3 8517 8516 8566 
3 8467 8565 8466 
3 8565 8467 8519 
3 8567 8520 8568 
3 8567 8469 8520 
3 8469 8567 8522 
3 8522 8470 8469 
3 8468 8471 8519 
3 8471 8569 8519 
3 8471 8521 8569 
3 8523 8570 8571 
3 8571 8375 8523 
3 8571 8376 8375 
3 8376 8571 8572 
3 8376 8572 8573 
3 8573 8524 8376 
3 8477 8525 8574 
3 8575 8477 8574 
3 8479 8527 8525 
3 8574 8525 8576 
3 8530 8435 8526 
3 8525 8527 8576 
3 8577 8529 8528 
3 8528 8531 8577 
3 8577 8480 8529 
3 8527 8480 8577 
3 8578 8482 8389 
3 8481 8579 8531 
3 8484 8580 8389 
3 8580 8578 8389 
3 8484 8437 8581 
3 8580 8484 8581 
3 8582 8580 8581 
3 8583 8485 8483 
3 8584 8437 8486 
3 8583 8534 8485 
3 8585 8437 8584 
3 8437 8585 8581 
3 8583 8586 8534 
3 8486 8533 8584 
3 8533 8538 8584 
3 8535 8534 8537 
3 8487 8535 8537 
3 8538 8532 8536 
3 8587 8536 8441 
3 8542 8541 8588 
3 8588 8539 8542 
3 8589 8491 8540 
3 8541 8590 8588 
3 8588 8543 8539 
3 8543 8589 8540 
3 8589 8591 8491 
3 8589 8543 8592 
3 8591 8589 8592 
3 8593 8492 8444 
3 8593 8444 8544 
3 8544 8594 8593 
3 8544 8595 8594 
3 8595 8544 8404 
3 8404 8443 8595 
3 8443 8493 8595 
3 8448 8545 8549 
3 8547 8548 8596 
3 8548 8449 8596 
3 8596 8449 8550 
3 8597 8501 8552 
3 8499 8553 8550 
3 8554 8555 8458 
3 8598 8503 8556 
3 8598 8502 8503 
3 8598 8556 8463 
3 8463 8599 8598 
3 8463 8506 8599 
3 8559 8558 8555 
3 8558 8507 8555 
3 8506 8557 8599 
3 8509 8511 8559 
3 8509 8559 8600 
3 8600 8560 8513 
3 8600 8513 8509 
3 8601 8602 8512 
3 8512 8561 8601 
3 8601 8561 8602 
3 8602 8561 8563 
3 8603 8563 8604 
3 8515 8562 8605 
3 8562 8515 8366 
3 8563 8564 8604 
3 8604 8564 8606 
3 8515 8607 8516 
3 8565 8606 8564 
3 8518 8517 8566 
3 8520 8608 8568 
3 8520 8518 8608 
3 8609 8567 8568 
3 8609 8522 8567 
3 8610 8522 8609 
3 8570 8523 8522 
3 8475 8521 8474 
3 8570 8611 8571 
3 8572 8571 8611 
3 8611 8612 8572 
3 8573 8572 8612 
3 8524 8573 8612 
3 8475 8477 8575 
3 8524 8613 8526 
3 8524 8614 8613 
3 8574 8576 8575 
3 8615 8527 8577 
3 8576 8527 8615 
3 8577 8531 8579 
3 8579 8615 8577 
3 8578 8616 8482 
3 8616 8481 8482 
3 8481 8616 8579 
3 8580 8582 8578 
3 8530 8617 8483 
3 8618 8579 8616 
3 8483 8617 8583 
3 8617 8586 8583 
3 8619 8584 8538 
3 8586 8537 8534 
3 8587 8441 8491 
3 8538 8536 8620 
3 8587 8620 8536 
3 8621 8537 8586 
3 8621 8541 8537 
3 8587 8491 8591 
3 8590 8541 8621 
3 8622 8587 8591 
3 8592 8543 8588 
3 8591 8592 8622 
3 8592 8588 8623 
3 8592 8623 8622 
3 8593 8546 8492 
3 8549 8545 8546 
3 8595 8493 8547 
3 8549 8624 8498 
3 8595 8547 8625 
3 8596 8550 8547 
3 8624 8626 8498 
3 8550 8627 8628 
3 8628 8547 8550 
3 8552 8498 8626 
3 8627 8550 8553 
3 8597 8629 8501 
3 8554 8501 8629 
3 8553 8457 8630 
3 8457 8631 8630 
3 8457 8502 8631 
3 8599 8632 8598 
3 8632 8599 8557 
3 8557 8633 8632 
3 8633 8557 8512 
3 8634 8633 8512 
3 8559 8635 8636 
3 8559 8636 8600 
3 8512 8637 8634 
3 8636 8560 8600 
3 8636 8638 8560 
3 8638 8562 8560 
3 8512 8602 8637 
3 8602 8563 8603 
3 8607 8515 8605 
3 8604 8639 8603 
3 8639 8604 8606 
3 8606 8640 8639 
3 8640 8641 8639 
3 8642 8516 8607 
3 8606 8641 8640 
3 8566 8516 8642 
3 8641 8606 8565 
3 8518 8642 8643 
3 8642 8518 8566 
3 8565 8644 8641 
3 8643 8608 8518 
3 8643 8645 8608 
3 8568 8608 8645 
3 8565 8646 8644 
3 8645 8647 8609 
3 8609 8568 8645 
3 8646 8565 8519 
3 8519 8648 8646 
3 8609 8649 8610 
3 8569 8648 8519 
3 8522 8610 8650 
3 8651 8522 8650 
3 8569 8521 8652 
3 8651 8570 8522 
3 8653 8652 8521 
3 8654 8611 8570 
3 8521 8475 8653 
3 8655 8653 8475 
3 8611 8654 8612 
3 8612 8614 8524 
3 8475 8575 8655 
3 8575 8656 8655 
3 8657 8613 8614 
3 8530 8526 8613 
3 8658 8575 8576 
3 8613 8657 8659 
3 8530 8613 8659 
3 8660 8658 8576 
3 8659 8661 8530 
3 8576 8615 8660 
3 8615 8662 8660 
3 8661 8617 8530 
3 8663 8616 8578 
3 8618 8662 8579 
3 8615 8579 8662 
3 8664 8578 8582 
3 8664 8663 8578 
3 8616 8665 8618 
3 8585 8666 8581 
3 8582 8581 8667 
3 8585 8668 8666 
3 8581 8666 8669 
3 8669 8667 8581 
3 8582 8667 8664 
3 8661 8670 8617 
3 8586 8617 8670 
3 8619 8671 8672 
3 8672 8584 8619 
3 8584 8672 8673 
3 8673 8585 8584 
3 8674 8619 8538 
3 8586 8670 8675 
3 8538 8620 8674 
3 8675 8676 8586 
3 8621 8586 8676 
3 8677 8620 8587 
3 8620 8677 8674 
3 8676 8590 8621 
3 8678 8676 8675 
3 8590 8676 8679 
3 8679 8680 8590 
3 8588 8590 8680 
3 8680 8623 8588 
3 8622 8623 8681 
3 8682 8549 8546 
3 8546 8593 8682 
3 8683 8594 8595 
3 8595 8625 8683 
3 8625 8547 8628 
3 8624 8684 8626 
3 8628 8685 8625 
3 8685 8628 8627 
3 8597 8552 8626 
3 8553 8686 8627 
3 8686 8553 8630 
3 8687 8686 8630 
3 8688 8555 8554 
3 8687 8630 8631 
3 8502 8687 8631 
3 8687 8502 8689 
3 8598 8689 8502 
3 8690 8555 8691 
3 8690 8635 8559 
3 8690 8559 8555 
3 8634 8632 8633 
3 8635 8692 8636 
3 8637 8693 8634 
3 8636 8692 8638 
3 8694 8637 8602 
3 8562 8638 8605 
3 8603 8695 8602 
3 8696 8642 8607 
3 8697 8639 8641 
3 8643 8696 8645 
3 8696 8643 8642 
3 8646 8698 8644 
3 8649 8609 8647 
3 8646 8648 8699 
3 8648 8700 8699 
3 8648 8569 8700 
3 8569 8652 8700 
3 8651 8654 8570 
3 8654 8701 8612 
3 8614 8612 8701 
3 8702 8614 8701 
3 8575 8703 8656 
3 8614 8704 8657 
3 8575 8658 8703 
3 8659 8705 8661 
3 8665 8616 8663 
3 8585 8673 8668 
3 8664 8667 8706 
3 8668 8672 8671 
3 8668 8673 8672 
3 8666 8668 8669 
3 8669 8706 8667 
3 8664 8665 8663 
3 8662 8618 8707 
3 8671 8619 8674 
3 8618 8665 8708 
3 8708 8707 8618 
3 8707 8709 8662 
3 8710 8671 8674 
3 8711 8670 8661 
3 8675 8670 8711 
3 8712 8587 8622 
3 8713 8587 8712 
3 8713 8677 8587 
3 8678 8679 8676 
3 8714 8680 8679 
3 8715 8622 8681 
3 8716 8623 8680 
3 8623 8716 8681 
3 8717 8682 8593 
3 8593 8594 8718 
3 8683 8718 8594 
3 8717 8719 8682 
3 8593 8718 8717 
3 8683 8720 8718 
3 8549 8682 8719 
3 8721 8684 8624 
3 8721 8624 8549 
3 8722 8723 8683 
3 8683 8625 8722 
3 8724 8722 8625 
3 8720 8683 8723 
3 8722 8725 8723 
3 8725 8722 8724 
3 8725 8724 8625 
3 8726 8720 8723 
3 8726 8723 8725 
3 8725 8685 8726 
3 8725 8625 8685 
3 8727 8728 8629 
3 8629 8626 8727 
3 8626 8629 8597 
3 8688 8554 8629 
3 8688 8629 8729 
3 8730 8627 8686 
3 8687 8730 8686 
3 8688 8729 8731 
3 8688 8731 8732 
3 8732 8555 8688 
3 8732 8691 8555 
3 8733 8690 8691 
3 8598 8632 8734 
3 8735 8692 8635 
3 8690 8736 8635 
3 8737 8734 8632 
3 8634 8737 8632 
3 8634 8693 8737 
3 8738 8638 8692 
3 8638 8738 8739 
3 8739 8605 8638 
3 8602 8695 8694 
3 8607 8605 8739 
3 8740 8741 8607 
3 8603 8639 8742 
3 8742 8639 8697 
3 8741 8743 8645 
3 8645 8696 8741 
3 8741 8696 8607 
3 8744 8645 8743 
3 8697 8644 8745 
3 8745 8746 8697 
3 8744 8747 8645 
3 8644 8697 8641 
3 8698 8745 8644 
3 8747 8748 8647 
3 8645 8747 8647 
3 8748 8649 8647 
3 8749 8610 8748 
3 8610 8649 8748 
3 8698 8646 8699 
3 8750 8700 8652 
3 8652 8751 8750 
3 8650 8752 8651 
3 8652 8653 8751 
3 8752 8654 8651 
3 8654 8752 8753 
3 8654 8753 8754 
3 8653 8655 8755 
3 8701 8654 8754 
3 8754 8756 8701 
3 8655 8757 8755 
3 8757 8655 8656 
3 8756 8758 8701 
3 8759 8701 8758 
3 8701 8759 8702 
3 8704 8702 8759 
3 8614 8702 8704 
3 8703 8760 8656 
3 8760 8703 8761 
3 8703 8658 8761 
3 8762 8760 8761 
3 8659 8657 8763 
3 8660 8764 8658 
3 8764 8761 8658 
3 8765 8761 8764 
3 8763 8705 8659 
3 8660 8662 8764 
3 8764 8766 8767 
3 8766 8764 8662 
3 8766 8662 8709 
3 8710 8668 8671 
3 8665 8664 8768 
3 8769 8711 8661 
3 8711 8769 8770 
3 8771 8665 8768 
3 8675 8711 8770 
3 8674 8772 8710 
3 8771 8708 8665 
3 8773 8709 8707 
3 8772 8674 8774 
3 8708 8771 8773 
3 8707 8708 8773 
3 8775 8674 8677 
3 8674 8775 8776 
3 8678 8675 8777 
3 8678 8777 8778 
3 8775 8677 8713 
3 8713 8776 8775 
3 8776 8774 8674 
3 8779 8776 8713 
3 8778 8780 8678 
3 8622 8715 8712 
3 8679 8678 8780 
3 8780 8781 8679 
3 8714 8679 8781 
3 8782 8721 8549 
3 8782 8549 8719 
3 8782 8719 8717 
3 8718 8783 8717 
3 8720 8783 8718 
3 8626 8784 8727 
3 8785 8629 8728 
3 8627 8786 8685 
3 8787 8786 8627 
3 8785 8788 8629 
3 8788 8731 8729 
3 8788 8729 8629 
3 8730 8787 8627 
3 8687 8789 8730 
3 8790 8789 8687 
3 8791 8732 8792 
3 8792 8732 8731 
3 8733 8691 8791 
3 8732 8791 8691 
3 8687 8689 8793 
3 8793 8790 8687 
3 8733 8736 8690 
3 8794 8793 8689 
3 8794 8689 8598 
3 8635 8795 8735 
3 8796 8598 8734 
3 8693 8797 8737 
3 8694 8797 8693 
3 8693 8637 8694 
3 8798 8694 8695 
3 8799 8798 8695 
3 8739 8740 8607 
3 8695 8603 8799 
3 8741 8740 8800 
3 8801 8799 8603 
3 8603 8742 8801 
3 8741 8800 8743 
3 8801 8742 8697 
3 8802 8801 8697 
3 8802 8697 8746 
3 8743 8803 8744 
3 8803 8747 8744 
3 8804 8746 8745 
3 8805 8748 8803 
3 8748 8747 8803 
3 8749 8748 8805 
3 8698 8699 8806 
3 8699 8700 8807 
3 8807 8806 8699 
3 8610 8749 8808 
3 8808 8650 8610 
3 8750 8807 8700 
3 8750 8751 8807 
3 8650 8808 8752 
3 8653 8809 8751 
3 8810 8758 8756 
3 8810 8759 8758 
3 8759 8810 8704 
3 8656 8811 8757 
3 8812 8704 8810 
3 8811 8656 8760 
3 8704 8812 8813 
3 8657 8704 8813 
3 8657 8813 8763 
3 8765 8762 8761 
3 8705 8814 8815 
3 8705 8763 8814 
3 8816 8705 8815 
3 8816 8661 8705 
3 8769 8661 8816 
3 8664 8706 8817 
3 8769 8816 8770 
3 8669 8668 8818 
3 8817 8768 8664 
3 8668 8710 8819 
3 8819 8818 8668 
3 8710 8772 8819 
3 8771 8768 8773 
3 8770 8777 8675 
3 8774 8819 8772 
3 8709 8773 8820 
3 8821 8709 8820 
3 8779 8713 8712 
3 8776 8822 8774 
3 8779 8712 8823 
3 8822 8776 8779 
3 8712 8715 8824 
3 8712 8824 8825 
3 8825 8823 8712 
3 8680 8714 8716 
3 8826 8681 8716 
3 8826 8715 8681 
3 8782 8717 8827 
3 8827 8717 8783 
3 8684 8828 8829 
3 8828 8684 8721 
3 8721 8782 8828 
3 8830 8831 8783 
3 8783 8720 8830 
3 8829 8784 8626 
3 8626 8684 8829 
3 8784 8832 8727 
3 8726 8833 8720 
3 8726 8685 8833 
3 8834 8833 8685 
3 8785 8728 8832 
3 8727 8832 8728 
3 8835 8834 8685 
3 8836 8785 8837 
3 8832 8837 8785 
3 8685 8838 8835 
3 8838 8685 8786 
3 8786 8787 8838 
3 8836 8839 8840 
3 8840 8788 8836 
3 8785 8836 8788 
3 8840 8839 8841 
3 8841 8788 8840 
3 8841 8731 8788 
3 8730 8789 8787 
3 8842 8841 8839 
3 8841 8792 8731 
3 8843 8787 8789 
3 8789 8790 8843 
3 8791 8792 8842 
3 8841 8842 8792 
3 8733 8791 8842 
3 8844 8790 8793 
3 8845 8635 8736 
3 8736 8733 8845 
3 8846 8845 8733 
3 8598 8796 8794 
3 8847 8796 8734 
3 8737 8847 8734 
3 8848 8692 8735 
3 8849 8737 8797 
3 8848 8738 8692 
3 8850 8738 8848 
3 8738 8850 8739 
3 8797 8694 8851 
3 8798 8851 8694 
3 8852 8800 8740 
3 8852 8740 8739 
3 8801 8798 8799 
3 8800 8853 8743 
3 8854 8855 8803 
3 8803 8853 8854 
3 8853 8803 8743 
3 8855 8856 8803 
3 8802 8746 8804 
3 8803 8856 8805 
3 8749 8805 8856 
3 8745 8857 8804 
3 8857 8745 8698 
3 8857 8698 8806 
3 8808 8858 8859 
3 8860 8807 8751 
3 8809 8860 8751 
3 8752 8808 8753 
3 8753 8808 8861 
3 8754 8753 8861 
3 8809 8653 8755 
3 8755 8757 8862 
3 8862 8809 8755 
3 8754 8863 8756 
3 8863 8810 8756 
3 8862 8757 8864 
3 8864 8757 8811 
3 8811 8760 8762 
3 8865 8864 8811 
3 8811 8866 8865 
3 8811 8762 8867 
3 8868 8814 8763 
3 8762 8765 8869 
3 8867 8762 8869 
3 8868 8870 8814 
3 8764 8869 8765 
3 8870 8815 8814 
3 8869 8764 8767 
3 8870 8816 8815 
3 8818 8871 8669 
3 8669 8871 8872 
3 8706 8669 8872 
3 8817 8706 8872 
3 8709 8821 8766 
3 8873 8818 8819 
3 8873 8871 8818 
3 8874 8768 8817 
3 8874 8875 8768 
3 8876 8768 8877 
3 8819 8774 8878 
3 8777 8879 8778 
3 8773 8768 8876 
3 8773 8876 8820 
3 8879 8780 8778 
3 8878 8774 8880 
3 8780 8879 8881 
3 8822 8779 8882 
3 8880 8774 8822 
3 8780 8881 8883 
3 8883 8781 8780 
3 8882 8823 8825 
3 8882 8779 8823 
3 8714 8781 8883 
3 8882 8825 8824 
3 8824 8715 8884 
3 8885 8886 8714 
3 8715 8826 8884 
3 8714 8886 8716 
3 8826 8716 8884 
3 8716 8887 8884 
3 8828 8782 8827 
3 8783 8831 8827 
3 8888 8784 8829 
3 8831 8830 8889 
3 8720 8889 8830 
3 8888 8832 8784 
3 8833 8834 8889 
3 8889 8720 8833 
3 8890 8836 8837 
3 8891 8890 8832 
3 8890 8837 8832 
3 8892 8835 8838 
3 8893 8892 8838 
3 8838 8787 8893 
3 8787 8894 8893 
3 8787 8895 8894 
3 8894 8895 8843 
3 8895 8787 8843 
3 8896 8897 8898 
3 8843 8844 8894 
3 8790 8844 8843 
3 8846 8898 8897 
3 8896 8898 8733 
3 8896 8733 8842 
3 8899 8795 8845 
3 8846 8899 8845 
3 8898 8846 8733 
3 8795 8635 8845 
3 8900 8844 8793 
3 8901 8902 8735 
3 8795 8901 8735 
3 8794 8900 8793 
3 8735 8902 8848 
3 8847 8737 8903 
3 8902 8904 8848 
3 8737 8849 8903 
3 8797 8905 8849 
3 8850 8848 8904 
3 8906 8850 8907 
3 8852 8850 8906 
3 8908 8797 8851 
3 8850 8852 8739 
3 8851 8798 8909 
3 8852 8910 8800 
3 8798 8911 8909 
3 8911 8798 8801 
3 8802 8912 8801 
3 8804 8912 8802 
3 8913 8914 8915 
3 8915 8856 8913 
3 8915 8749 8856 
3 8915 8914 8916 
3 8806 8917 8857 
3 8916 8918 8749 
3 8749 8915 8916 
3 8918 8808 8749 
3 8919 8806 8807 
3 8808 8918 8858 
3 8859 8858 8920 
3 8921 8807 8860 
3 8920 8808 8859 
3 8921 8860 8809 
3 8920 8922 8808 
3 8923 8861 8922 
3 8808 8922 8861 
3 8754 8924 8925 
3 8862 8926 8809 
3 8925 8863 8754 
3 8927 8926 8862 
3 8928 8812 8863 
3 8863 8812 8810 
3 8862 8864 8927 
3 8864 8865 8927 
3 8866 8811 8867 
3 8868 8763 8813 
3 8867 8929 8866 
3 8930 8870 8868 
3 8869 8931 8867 
3 8766 8821 8932 
3 8932 8767 8766 
3 8767 8932 8933 
3 8873 8934 8871 
3 8817 8872 8935 
3 8816 8936 8770 
3 8934 8873 8819 
3 8872 8871 8935 
3 8875 8877 8768 
3 8821 8937 8932 
3 8936 8777 8770 
3 8874 8817 8935 
3 8878 8934 8819 
3 8938 8777 8936 
3 8820 8937 8821 
3 8938 8879 8777 
3 8877 8939 8876 
3 8938 8881 8879 
3 8820 8876 8939 
3 8881 8940 8883 
3 8941 8820 8939 
3 8714 8883 8940 
3 8822 8882 8942 
3 8880 8822 8942 
3 8943 8878 8880 
3 8714 8940 8944 
3 8944 8885 8714 
3 8882 8824 8884 
3 8885 8945 8886 
3 8946 8882 8884 
3 8946 8942 8882 
3 8886 8945 8716 
3 8887 8716 8947 
3 8948 8888 8829 
3 8829 8949 8948 
3 8949 8829 8828 
3 8950 8949 8828 
3 8828 8827 8950 
3 8889 8827 8831 
3 8951 8827 8889 
3 8889 8834 8952 
3 8890 8891 8953 
3 8953 8836 8890 
3 8954 8834 8835 
3 8835 8892 8954 
3 8953 8839 8836 
3 8953 8955 8839 
3 8893 8956 8892 
3 8956 8893 8894 
3 8839 8957 8842 
3 8842 8957 8896 
3 8844 8958 8894 
3 8846 8959 8960 
3 8959 8846 8897 
3 8961 8958 8844 
3 8960 8795 8899 
3 8960 8899 8846 
3 8961 8844 8900 
3 8962 8900 8794 
3 8796 8963 8794 
3 8962 8964 8900 
3 8847 8965 8796 
3 8966 8965 8847 
3 8903 8966 8847 
3 8967 8907 8904 
3 8905 8966 8849 
3 8966 8903 8849 
3 8850 8904 8907 
3 8906 8907 8968 
3 8906 8968 8852 
3 8969 8908 8851 
3 8970 8851 8909 
3 8970 8969 8851 
3 8909 8911 8970 
3 8800 8971 8972 
3 8973 8974 8853 
3 8853 8972 8973 
3 8800 8972 8853 
3 8975 8911 8801 
3 8912 8975 8801 
3 8912 8804 8976 
3 8917 8976 8804 
3 8913 8977 8914 
3 8917 8804 8857 
3 8914 8977 8978 
3 8916 8914 8978 
3 8978 8918 8916 
3 8919 8917 8806 
3 8978 8979 8918 
3 8918 8979 8980 
3 8980 8858 8918 
3 8807 8981 8919 
3 8981 8807 8921 
3 8920 8923 8922 
3 8923 8924 8861 
3 8754 8861 8924 
3 8926 8927 8982 
3 8925 8983 8928 
3 8928 8863 8925 
3 8812 8928 8984 
3 8985 8927 8865 
3 8985 8865 8866 
3 8812 8984 8813 
3 8930 8813 8984 
3 8868 8813 8930 
3 8867 8986 8929 
3 8931 8986 8867 
3 8869 8987 8931 
3 8986 8931 8987 
3 8930 8816 8870 
3 8816 8930 8988 
3 8767 8933 8869 
3 8933 8989 8869 
3 8937 8933 8932 
3 8816 8988 8936 
3 8871 8934 8990 
3 8874 8991 8875 
3 8937 8992 8933 
3 8939 8877 8993 
3 8938 8994 8881 
3 8937 8820 8995 
3 8940 8881 8994 
3 8944 8945 8885 
3 8884 8996 8946 
3 8945 8947 8716 
3 8997 8947 8945 
3 8997 8998 8947 
3 8887 8998 8884 
3 8998 8887 8947 
3 8999 8888 8948 
3 8948 9000 8999 
3 9000 8948 8949 
3 8999 8832 8888 
3 8951 9001 8827 
3 8951 8889 8952 
3 8999 8891 8832 
3 9002 8952 8834 
3 9002 8834 8954 
3 8954 9003 9002 
3 8891 8955 8953 
3 9004 8957 8839 
3 8955 9004 8839 
3 8957 8959 8896 
3 8894 9005 8956 
3 8896 8959 8897 
3 9005 8894 8958 
3 9005 8958 8961 
3 9006 8901 8795 
3 9007 9006 8795 
3 9007 8795 8960 
3 8964 8961 8900 
3 9008 8904 8902 
3 8902 8901 9008 
3 9009 9010 9011 
3 8904 9008 9011 
3 9012 8964 8962 
3 9012 8962 8794 
3 8794 8963 9012 
3 9013 8963 8796 
3 8796 8965 9013 
3 8907 9010 9009 
3 8904 9011 9010 
3 9010 8967 8904 
3 8967 9010 8907 
3 9009 8968 8907 
3 8905 8797 8908 
3 9014 8852 8968 
3 8910 9014 9015 
3 9014 8910 8852 
3 9015 8800 8910 
3 9015 9016 8800 
3 9015 9017 9016 
3 9016 9017 8971 
3 8971 8800 9016 
3 9018 8969 8911 
3 8970 8911 8969 
3 9017 8972 8971 
3 9019 8974 8973 
3 8854 8853 8974 
3 8974 9019 8854 
3 8854 9019 9020 
3 8855 8854 9020 
3 8913 8856 8855 
3 8912 8976 9021 
3 9022 9021 8976 
3 8976 8917 9022 
3 9023 8978 8977 
3 9023 8979 8978 
3 9024 9022 8919 
3 8917 8919 9022 
3 8980 9025 9026 
3 9026 8858 8980 
3 9026 9027 8858 
3 8919 9028 9024 
3 8919 8981 9028 
3 8920 8858 9027 
3 8981 8921 9028 
3 9027 9029 8920 
3 9030 9028 8921 
3 8923 8920 9029 
3 8923 9029 9031 
3 9030 8921 8809 
3 8809 9032 9030 
3 9031 8924 8923 
3 8924 9031 9033 
3 8924 9033 8983 
3 8925 8924 8983 
3 9032 8809 8926 
3 8982 9032 8926 
3 9034 8982 8927 
3 9035 8928 8983 
3 8928 9035 9036 
3 9036 8984 8928 
3 8866 8929 8985 
3 8986 8987 9037 
3 8987 8869 8989 
3 8987 8989 9037 
3 8930 9038 8988 
3 9039 8989 8933 
3 8988 9038 9040 
3 8936 8988 9040 
3 9041 8935 8871 
3 8933 8992 9039 
3 8990 9041 8871 
3 8874 8935 8991 
3 9041 8991 8935 
3 8875 8991 9042 
3 8875 9042 8877 
3 9043 8936 9040 
3 8936 9043 8938 
3 8934 9044 8990 
3 9042 8993 8877 
3 8937 8995 9045 
3 8992 8937 9045 
3 9044 8934 8878 
3 8820 8941 8995 
3 8940 8994 9046 
3 8878 8943 9047 
3 8878 9047 9048 
3 9048 9044 8878 
3 9049 8939 8993 
3 9049 8941 8939 
3 8995 8941 9050 
3 9050 9045 8995 
3 8942 9051 8880 
3 8880 9052 8943 
3 8941 9049 9050 
3 8940 9046 8944 
3 9051 9052 8880 
3 9053 8942 8946 
3 9053 9054 8942 
3 9054 9051 8942 
3 8945 8944 9055 
3 8996 8884 9056 
3 9057 8946 8996 
3 9057 9053 8946 
3 9055 8997 8945 
3 8998 8997 9058 
3 8998 9058 8884 
3 8884 9058 9056 
3 8950 8827 9001 
3 9059 9000 8949 
3 8950 9059 8949 
3 9060 8891 8999 
3 9061 9062 9001 
3 9061 9001 8951 
3 8951 8952 9061 
3 9063 9064 8891 
3 8891 9060 9063 
3 9064 9065 8891 
3 9003 8952 9002 
3 8955 9065 9066 
3 9065 8955 8891 
3 9067 9003 8954 
3 9067 8954 8892 
3 9068 8957 9004 
3 9068 8959 8957 
3 8956 9005 9069 
3 8960 9070 9007 
3 9008 9006 9007 
3 9007 9071 9008 
3 9072 9005 8961 
3 8964 9072 8961 
3 9008 8901 9006 
3 9008 9009 9011 
3 8964 9012 9072 
3 9012 8963 9073 
3 9013 9073 8963 
3 9074 9013 8965 
3 9072 9012 9075 
3 9074 8965 8966 
3 8966 9076 9074 
3 9077 8968 9009 
3 9078 9077 9079 
3 9077 9078 8968 
3 9080 9078 9081 
3 9079 9081 9078 
3 8905 8908 9082 
3 9078 9080 9083 
3 8968 9078 9014 
3 9083 9014 9078 
3 9083 9017 9015 
3 9083 9015 9014 
3 8969 9084 8908 
3 8969 9018 9084 
3 9085 9017 9086 
3 9017 9085 8972 
3 9018 9087 9088 
3 9089 9087 9018 
3 9090 9019 8973 
3 8973 9085 9086 
3 9086 9090 8973 
3 9085 8973 8972 
3 9018 8975 9089 
3 8911 8975 9018 
3 8975 9091 9089 
3 9090 9020 9019 
3 9091 8975 9092 
3 8975 8912 9092 
3 9093 8855 9020 
3 8912 9021 9092 
3 8913 8855 9093 
3 9093 9094 8913 
3 8913 9094 9095 
3 9095 8977 8913 
3 8977 9096 9023 
3 8979 9023 9096 
3 8979 9096 9025 
3 8980 8979 9025 
3 9025 9027 9026 
3 9097 9028 9030 
3 8927 8985 9034 
3 9036 9035 9098 
3 9098 8984 9036 
3 9099 8985 8929 
3 8929 9100 9099 
3 8986 9101 9100 
3 8929 8986 9100 
3 8984 9102 8930 
3 8986 9037 9101 
3 9102 9038 8930 
3 9102 9103 9038 
3 9039 9104 8989 
3 8990 9105 9041 
3 9043 9040 9106 
3 9048 9105 9044 
3 8990 9044 9105 
3 9107 9042 8991 
3 8992 9108 9039 
3 9108 9109 9039 
3 9104 9039 9109 
3 9108 9110 9109 
3 9043 9111 8938 
3 9046 8994 9112 
3 8943 9113 9047 
3 9048 9047 9113 
3 9108 8992 9045 
3 9052 9051 9114 
3 9114 8943 9052 
3 9051 9054 9115 
3 9112 8944 9046 
3 8996 9116 9057 
3 9053 9115 9054 
3 9112 9117 8944 
3 9117 9055 8944 
3 9056 9118 9119 
3 8996 9056 9119 
3 8996 9119 9116 
3 9117 8997 9055 
3 9056 9058 9118 
3 9117 9120 8997 
3 9120 9121 8997 
3 8997 9121 9058 
3 9000 9059 9122 
3 8950 9001 9062 
3 9060 9123 9124 
3 9123 9060 8999 
3 9125 9123 8999 
3 8999 9000 9125 
3 9124 9064 9063 
3 9124 9063 9060 
3 9065 9124 9126 
3 9124 9065 9064 
3 9061 8952 9003 
3 9127 9004 8955 
3 9127 8955 9066 
3 9066 9126 9127 
3 9126 9066 9065 
3 9003 9067 9128 
3 8892 9128 9067 
3 8892 9129 9128 
3 9130 8959 9068 
3 9129 8892 8956 
3 9130 9070 8959 
3 9129 8956 9131 
3 9069 9131 8956 
3 8959 9070 8960 
3 9069 9132 9131 
3 9132 9069 9133 
3 9005 9133 9069 
3 9007 9070 9071 
3 9133 9134 9132 
3 9133 9005 9134 
3 9135 9136 9137 
3 9137 9008 9135 
3 9072 9138 9139 
3 9139 9005 9072 
3 9009 9137 9136 
3 9009 9008 9137 
3 9012 9073 9075 
3 9076 9073 9013 
3 9076 9013 9074 
3 8966 9140 9076 
3 8905 9140 8966 
3 9079 9077 9009 
3 9140 9082 9076 
3 9082 9140 8905 
3 9082 8908 9141 
3 9080 9081 9083 
3 9142 9017 9083 
3 9141 8908 9084 
3 9143 9086 9017 
3 9142 9143 9017 
3 9018 9144 9084 
3 9018 9088 9144 
3 9145 9090 9086 
3 9088 9087 9144 
3 9020 9090 9146 
3 9146 9147 9020 
3 9147 9093 9020 
3 9092 9148 9091 
3 9093 9147 9094 
3 9021 9148 9092 
3 9095 9094 9149 
3 9022 9150 9021 
3 9095 9151 8977 
3 9150 9022 9024 
3 9096 8977 9151 
3 9151 9025 9096 
3 9027 9025 9152 
3 9152 9029 9027 
3 9152 9031 9029 
3 9030 9032 9097 
3 9034 9032 8982 
3 9032 9034 9153 
3 9154 9034 8985 
3 8984 9098 9155 
3 9156 8984 9155 
3 8984 9156 9157 
3 9158 9099 9100 
3 9157 9102 8984 
3 9158 9100 9101 
3 9157 9159 9102 
3 9160 9101 9037 
3 9102 9159 9161 
3 9102 9161 9103 
3 9103 9162 9038 
3 9038 9162 9040 
3 9041 9105 9163 
3 9163 9164 9041 
3 9104 9109 9165 
3 9165 9166 9104 
3 9111 8994 8938 
3 9167 9105 9048 
3 9164 8991 9041 
3 9109 9110 9165 
3 9114 9113 8943 
3 9113 9167 9048 
3 8991 9164 9107 
3 9107 9168 9042 
3 8993 9042 9049 
3 9166 9165 9110 
3 9108 9045 9110 
3 9169 8994 9111 
3 8994 9169 9112 
3 9115 9170 9114 
3 9051 9115 9114 
3 9171 9050 9049 
3 9045 9050 9171 
3 9171 9172 9045 
3 9172 9173 9045 
3 9116 9174 9057 
3 9053 9057 9174 
3 9115 9053 9174 
3 9174 9170 9115 
3 9045 9175 9110 
3 9120 9117 9176 
3 9122 9125 9000 
3 9062 9059 8950 
3 9125 9177 9123 
3 9059 9062 9178 
3 9123 9177 9124 
3 9126 9179 9127 
3 9003 9180 9061 
3 9004 9127 9181 
3 9180 9003 9182 
3 9182 9003 9183 
3 9184 9004 9181 
3 9003 9128 9183 
3 9004 9184 9068 
3 9185 9186 9183 
3 9183 9128 9185 
3 9129 9185 9128 
3 9184 9070 9130 
3 9130 9068 9184 
3 9129 9187 9185 
3 9129 9131 9187 
3 9188 9189 9070 
3 9189 9071 9070 
3 9131 9190 9191 
3 9189 9192 9071 
3 9131 9132 9193 
3 9193 9132 9134 
3 9192 9008 9071 
3 9194 9136 9135 
3 9192 9135 9008 
3 9192 9194 9135 
3 9139 9195 9196 
3 9196 9134 9139 
3 9134 9005 9139 
3 9195 9139 9138 
3 9136 9079 9009 
3 9138 9072 9075 
3 9076 9197 9073 
3 9198 9076 9082 
3 9198 9199 9076 
3 9199 9198 9141 
3 9141 9198 9082 
3 9083 9081 9142 
3 9200 9143 9142 
3 9141 9084 9144 
3 9086 9143 9200 
3 9141 9144 9201 
3 9200 9145 9086 
3 9087 9201 9144 
3 9145 9146 9090 
3 9089 9201 9087 
3 9201 9089 9202 
3 9091 9202 9089 
3 9202 9091 9203 
3 9204 9147 9146 
3 9148 9205 9202 
3 9202 9203 9148 
3 9203 9091 9148 
3 9204 9094 9147 
3 9205 9148 9206 
3 9206 9148 9021 
3 9204 9207 9094 
3 9207 9149 9094 
3 9149 9207 9208 
3 9208 9095 9149 
3 9021 9150 9206 
3 9151 9095 9208 
3 9151 9209 9025 
3 9025 9209 9210 
3 9152 9210 9211 
3 9025 9210 9152 
3 9152 9211 9212 
3 9213 9024 9028 
3 9213 9028 9097 
3 9031 9152 9212 
3 9212 9214 9031 
3 9214 9212 9215 
3 9032 9216 9097 
3 9031 9214 9033 
3 9217 9214 9215 
3 9218 9214 9217 
3 9032 9153 9216 
3 9219 9033 9214 
3 9214 9218 9219 
3 9217 9220 9218 
3 9033 9035 8983 
3 9035 9033 9219 
3 9220 9219 9218 
3 9034 9154 9153 
3 9098 9035 9219 
3 9220 9221 9222 
3 9219 9222 9098 
3 9222 9223 9098 
3 9098 9223 9155 
3 9224 9154 8985 
3 8985 9099 9224 
3 9156 9155 9225 
3 9156 9225 9157 
3 9157 9225 9226 
3 9158 9101 9227 
3 9228 9227 9101 
3 9228 9101 9160 
3 9037 8989 9160 
3 9229 9160 8989 
3 9229 8989 9104 
3 9103 9161 9162 
3 9104 9230 9229 
3 9040 9162 9106 
3 9230 9104 9166 
3 9162 9231 9106 
3 9232 9163 9105 
3 9163 9232 9164 
3 9233 9113 9114 
3 9168 9107 9234 
3 9168 9234 9235 
3 9042 9168 9049 
3 9166 9110 9236 
3 9231 9237 9106 
3 9043 9106 9237 
3 9049 9168 9235 
3 9171 9238 9172 
3 9172 9239 9173 
3 9043 9237 9111 
3 9116 9240 9174 
3 9240 9170 9174 
3 9175 9045 9173 
3 9175 9241 9110 
3 9110 9241 9236 
3 9169 9111 9242 
3 9242 9112 9169 
3 9119 9243 9116 
3 9242 9244 9112 
3 9117 9112 9244 
3 9245 9246 9243 
3 9118 9245 9243 
3 9119 9118 9243 
3 9118 9058 9245 
3 9176 9247 9120 
3 9120 9247 9248 
3 9248 9121 9120 
3 9248 9245 9121 
3 9058 9121 9245 
3 9122 9059 9178 
3 9124 9177 9249 
3 9126 9249 9179 
3 9126 9124 9249 
3 9180 9062 9061 
3 9127 9179 9181 
3 9062 9180 9250 
3 9181 9251 9184 
3 9180 9182 9252 
3 9183 9252 9182 
3 9070 9184 9253 
3 9253 9188 9070 
3 9185 9254 9186 
3 9185 9187 9254 
3 9187 9191 9254 
3 9187 9131 9191 
3 9189 9255 9192 
3 9194 9192 9255 
3 9193 9190 9131 
3 9196 9193 9134 
3 9193 9196 9195 
3 9256 9193 9195 
3 9256 9195 9138 
3 9256 9138 9075 
3 9075 9257 9256 
3 9257 9075 9073 
3 9079 9258 9259 
3 9079 9259 9081 
3 9197 9257 9073 
3 9260 9197 9076 
3 9259 9142 9081 
3 9261 9262 9076 
3 9199 9261 9076 
3 9262 9261 9141 
3 9261 9199 9141 
3 9141 9263 9264 
3 9201 9263 9141 
3 9263 9201 9202 
3 9202 9265 9263 
3 9204 9146 9266 
3 9202 9267 9265 
3 9267 9202 9205 
3 9205 9206 9267 
3 9204 9268 9207 
3 9269 9267 9206 
3 9208 9207 9270 
3 9270 9209 9208 
3 9269 9206 9150 
3 9151 9208 9209 
3 9271 9150 9024 
3 9210 9209 9272 
3 9272 9211 9210 
3 9211 9272 9273 
3 9274 9271 9024 
3 9273 9275 9211 
3 9274 9024 9213 
3 9276 9274 9213 
3 9211 9275 9212 
3 9277 9212 9275 
3 9276 9213 9097 
3 9097 9278 9276 
3 9277 9215 9212 
3 9277 9279 9215 
3 9097 9280 9278 
3 9216 9280 9097 
3 9215 9279 9217 
3 9281 9280 9216 
3 9216 9153 9281 
3 9282 9220 9217 
3 9282 9283 9220 
3 9153 9154 9284 
3 9284 9281 9153 
3 9219 9220 9222 
3 9221 9220 9283 
3 9221 9283 9285 
3 9154 9286 9284 
3 9222 9287 9223 
3 9287 9222 9221 
3 9288 9221 9285 
3 9286 9154 9224 
3 9289 9221 9288 
3 9290 9286 9224 
3 9287 9291 9223 
3 9291 9287 9221 
3 9225 9155 9223 
3 9225 9223 9291 
3 9291 9221 9289 
3 9290 9224 9099 
3 9292 9291 9289 
3 9289 9288 9292 
3 9291 9292 9225 
3 9158 9290 9099 
3 9225 9292 9226 
3 9159 9157 9226 
3 9229 9230 9236 
3 9293 9233 9114 
3 9113 9233 9294 
3 9113 9294 9167 
3 9105 9167 9295 
3 9230 9166 9236 
3 9293 9296 9297 
3 9105 9295 9232 
3 9164 9232 9295 
3 9295 9298 9164 
3 9107 9298 9299 
3 9107 9299 9300 
3 9300 9234 9107 
3 9297 9301 9116 
3 9301 9297 9296 
3 9296 9170 9301 
3 9170 9296 9293 
3 9170 9293 9114 
3 9107 9164 9298 
3 9235 9302 9049 
3 9238 9239 9172 
3 9302 9303 9049 
3 9171 9049 9303 
3 9303 9238 9171 
3 9304 9305 9111 
3 9111 9237 9304 
3 9240 9116 9301 
3 9240 9301 9170 
3 9239 9175 9173 
3 9175 9239 9241 
3 9305 9242 9111 
3 9305 9306 9242 
3 9306 9307 9242 
3 9307 9244 9242 
3 9117 9244 9308 
3 9308 9309 9117 
3 9117 9309 9176 
3 9310 9311 9176 
3 9176 9309 9310 
3 9176 9311 9247 
3 9245 9248 9247 
3 9247 9246 9245 
3 9312 9249 9177 
3 9125 9312 9177 
3 9062 9313 9178 
3 9179 9314 9181 
3 9062 9250 9315 
3 9314 9251 9181 
3 9250 9180 9316 
3 9188 9253 9317 
3 9318 9184 9251 
3 9252 9316 9180 
3 9252 9183 9319 
3 9253 9184 9318 
3 9319 9320 9252 
3 9186 9319 9183 
3 9319 9186 9320 
3 9254 9321 9186 
3 9254 9191 9321 
3 9255 9189 9188 
3 9191 9322 9321 
3 9190 9322 9191 
3 9323 9324 9136 
3 9136 9194 9323 
3 9255 9323 9194 
3 9322 9190 9325 
3 9325 9190 9326 
3 9193 9326 9190 
3 9327 9328 9324 
3 9328 9136 9324 
3 9328 9079 9136 
3 9326 9193 9256 
3 9328 9329 9258 
3 9258 9079 9328 
3 9329 9259 9258 
3 9197 9330 9257 
3 9329 9142 9259 
3 9076 9262 9260 
3 9141 9264 9262 
3 9145 9200 9142 
3 9142 9331 9145 
3 9146 9145 9331 
3 9332 9266 9146 
3 9268 9204 9266 
3 9269 9265 9267 
3 9270 9207 9268 
3 9270 9268 9209 
3 9271 9269 9150 
3 9333 9334 9272 
3 9272 9334 9273 
3 9275 9273 9334 
3 9335 9271 9274 
3 9274 9336 9335 
3 9274 9276 9337 
3 9337 9336 9274 
3 9277 9275 9338 
3 9278 9337 9276 
3 9339 9279 9277 
3 9279 9339 9340 
3 9279 9340 9217 
3 9217 9340 9282 
3 9282 9341 9283 
3 9282 9340 9341 
3 9341 9285 9283 
3 9290 9342 9286 
3 9290 9158 9343 
3 9288 9344 9292 
3 9158 9227 9343 
3 9292 9344 9226 
3 9226 9345 9159 
3 9345 9226 9344 
3 9227 9228 9346 
3 9346 9228 9160 
3 9161 9159 9345 
3 9347 9161 9345 
3 9160 9229 9348 
3 9229 9349 9348 
3 9233 9350 9351 
3 9351 9294 9233 
3 9293 9350 9233 
3 9229 9236 9349 
3 9162 9161 9352 
3 9352 9231 9162 
3 9353 9116 9354 
3 9353 9297 9116 
3 9297 9353 9293 
3 9167 9294 9355 
3 9355 9295 9167 
3 9349 9236 9356 
3 9354 9116 9243 
3 9298 9295 9357 
3 9298 9357 9358 
3 9358 9359 9298 
3 9299 9298 9359 
3 9359 9360 9299 
3 9300 9299 9360 
3 9234 9300 9360 
3 9235 9234 9361 
3 9234 9360 9361 
3 9362 9239 9238 
3 9238 9363 9362 
3 9303 9363 9238 
3 9356 9241 9239 
3 9356 9236 9241 
3 9231 9364 9237 
3 9361 9302 9235 
3 9303 9302 9361 
3 9307 9365 9244 
3 9365 9308 9244 
3 9366 9310 9309 
3 9247 9311 9367 
3 9246 9247 9367 
3 9310 9366 9367 
3 9367 9311 9310 
3 9249 9312 9368 
3 9125 9369 9312 
3 9125 9122 9370 
3 9370 9369 9125 
3 9178 9370 9122 
3 9179 9249 9368 
3 9368 9371 9179 
3 9313 9062 9315 
3 9371 9314 9179 
3 9370 9178 9313 
3 9253 9318 9317 
3 9255 9188 9372 
3 9317 9372 9188 
3 9316 9252 9373 
3 9373 9252 9320 
3 9373 9320 9374 
3 9186 9374 9320 
3 9374 9186 9375 
3 9321 9375 9186 
3 9321 9322 9376 
3 9322 9325 9377 
3 9326 9377 9325 
3 9329 9328 9327 
3 9378 9377 9326 
3 9326 9256 9378 
3 9330 9379 9256 
3 9256 9257 9330 
3 9330 9380 9379 
3 9330 9197 9381 
3 9260 9381 9197 
3 9382 9142 9329 
3 9383 9142 9382 
3 9264 9384 9262 
3 9385 9331 9383 
3 9331 9142 9383 
3 9263 9386 9264 
3 9331 9385 9332 
3 9332 9146 9331 
3 9332 9268 9266 
3 9269 9387 9265 
3 9269 9388 9387 
3 9271 9388 9269 
3 9333 9272 9209 
3 9271 9389 9388 
3 9390 9391 9392 
3 9393 9390 9392 
3 9392 9391 9394 
3 9389 9271 9335 
3 9391 9395 9394 
3 9336 9389 9335 
3 9275 9334 9396 
3 9338 9275 9396 
3 9395 9397 9394 
3 9392 9398 9393 
3 9394 9397 9392 
3 9398 9392 9397 
3 9337 9278 9336 
3 9399 9339 9338 
3 9400 9398 9397 
3 9393 9401 9402 
3 9393 9398 9401 
3 9400 9397 9403 
3 9277 9338 9339 
3 9404 9398 9400 
3 9400 9403 9405 
3 9406 9402 9401 
3 9398 9407 9401 
3 9407 9398 9404 
3 9402 9406 9408 
3 9407 9409 9401 
3 9407 9410 9409 
3 9410 9407 9404 
3 9410 9404 9400 
3 9405 9411 9400 
3 9340 9339 9412 
3 9401 9409 9406 
3 9400 9411 9410 
3 9412 9413 9340 
3 9405 9414 9411 
3 9415 9414 9405 
3 9411 9414 9410 
3 9410 9414 9409 
3 9280 9281 9416 
3 9406 9409 9417 
3 9414 9415 9418 
3 9409 9419 9417 
3 9414 9420 9409 
3 9417 9419 9421 
3 9419 9409 9420 
3 9414 9422 9420 
3 9422 9414 9418 
3 9420 9423 9419 
3 9423 9420 9422 
3 9423 9424 9419 
3 9424 9423 9422 
3 9422 9425 9424 
3 9424 9425 9419 
3 9426 9285 9341 
3 9427 9421 9419 
3 9428 9419 9425 
3 9281 9284 9429 
3 9419 9428 9427 
3 9422 9418 9425 
3 9284 9430 9429 
3 9431 9430 9284 
3 9284 9286 9431 
3 9428 9425 9432 
3 9288 9285 9426 
3 9426 9433 9288 
3 9433 9344 9288 
3 9342 9290 9343 
3 9343 9434 9342 
3 9433 9435 9344 
3 9343 9227 9434 
3 9227 9346 9434 
3 9160 9348 9346 
3 9436 9345 9344 
3 9347 9345 9436 
3 9347 9436 9437 
3 9353 9438 9439 
3 9440 9161 9347 
3 9347 9437 9440 
3 9439 9293 9353 
3 9438 9353 9354 
3 9439 9350 9293 
3 9440 9441 9352 
3 9352 9161 9440 
3 9352 9441 9231 
3 9231 9442 9364 
3 9295 9443 9357 
3 9295 9355 9443 
3 9358 9357 9444 
3 9359 9358 9444 
3 9444 9360 9359 
3 9445 9363 9303 
3 9362 9356 9239 
3 9303 9361 9445 
3 9237 9364 9304 
3 9354 9243 9246 
3 9305 9304 9446 
3 9446 9306 9305 
3 9307 9306 9446 
3 9446 9365 9307 
3 9308 9365 9447 
3 9308 9447 9448 
3 9309 9308 9448 
3 9449 9450 9448 
3 9450 9366 9309 
3 9309 9448 9450 
3 9367 9366 9450 
3 9369 9368 9312 
3 9451 9371 9368 
3 9368 9369 9452 
3 9453 9454 9251 
3 9314 9455 9453 
3 9453 9251 9314 
3 9455 9314 9371 
3 9371 9451 9455 
3 9456 9370 9313 
3 9457 9318 9251 
3 9250 9458 9315 
3 9457 9459 9317 
3 9251 9459 9457 
3 9250 9316 9458 
3 9460 9458 9316 
3 9323 9255 9372 
3 9317 9318 9457 
3 9316 9373 9460 
3 9460 9461 9458 
3 9462 9461 9460 
3 9460 9373 9462 
3 9373 9374 9462 
3 9374 9375 9463 
3 9321 9463 9375 
3 9324 9323 9464 
3 9463 9465 9374 
3 9321 9465 9463 
3 9376 9465 9321 
3 9324 9464 9327 
3 9327 9466 9467 
3 9376 9322 9468 
3 9377 9468 9322 
3 9467 9329 9327 
3 9379 9378 9256 
3 9383 9382 9329 
3 9380 9330 9469 
3 9330 9381 9469 
3 9260 9384 9381 
3 9262 9384 9260 
3 9469 9381 9384 
3 9384 9264 9470 
3 9385 9383 9471 
3 9386 9263 9472 
3 9472 9263 9265 
3 9332 9473 9268 
3 9473 9332 9474 
3 9265 9475 9472 
3 9475 9265 9387 
3 9473 9333 9268 
3 9475 9387 9388 
3 9473 9476 9333 
3 9476 9473 9474 
3 9209 9268 9333 
3 9474 9396 9476 
3 9333 9476 9334 
3 9334 9476 9396 
3 9477 9478 9479 
3 9478 9477 9480 
3 9480 9390 9478 
3 9393 9478 9390 
3 9479 9481 9477 
3 9478 9482 9479 
3 9482 9478 9393 
3 9395 9391 9483 
3 9477 9481 9484 
3 9479 9482 9481 
3 9483 9485 9395 
3 9486 9338 9396 
3 9399 9338 9486 
3 9487 9484 9481 
3 9336 9488 9389 
3 9487 9481 9482 
3 9489 9487 9490 
3 9397 9395 9403 
3 9403 9395 9485 
3 9482 9491 9487 
3 9491 9482 9408 
3 9408 9482 9393 
3 9403 9485 9492 
3 9336 9278 9488 
3 9339 9399 9412 
3 9393 9402 9408 
3 9491 9490 9487 
3 9405 9403 9492 
3 9493 9488 9278 
3 9492 9494 9405 
3 9492 9495 9494 
3 9278 9280 9493 
3 9408 9496 9491 
3 9408 9406 9496 
3 9493 9280 9416 
3 9496 9497 9491 
3 9415 9405 9494 
3 9498 9497 9496 
3 9413 9499 9340 
3 9417 9496 9406 
3 9416 9281 9500 
3 9421 9496 9417 
3 9501 9494 9502 
3 9340 9499 9341 
3 9497 9498 9503 
3 9496 9421 9498 
3 9415 9501 9418 
3 9501 9415 9494 
3 9281 9429 9500 
3 9421 9504 9498 
3 9499 9505 9341 
3 9503 9498 9506 
3 9498 9504 9506 
3 9426 9341 9505 
3 9507 9504 9421 
3 9426 9505 9508 
3 9509 9504 9507 
3 9421 9510 9507 
3 9421 9427 9510 
3 9507 9510 9509 
3 9511 9425 9418 
3 9510 9512 9509 
3 9427 9428 9432 
3 9427 9432 9510 
3 9513 9431 9286 
3 9286 9342 9513 
3 9432 9514 9510 
3 9433 9426 9435 
3 9342 9434 9515 
3 9516 9515 9434 
3 9434 9346 9517 
3 9435 9436 9344 
3 9518 9517 9346 
3 9346 9348 9518 
3 9439 9438 9519 
3 9520 9439 9519 
3 9521 9354 9522 
3 9521 9438 9354 
3 9350 9439 9520 
3 9520 9351 9350 
3 9440 9437 9441 
3 9441 9437 9436 
3 9436 9442 9441 
3 9442 9436 9523 
3 9524 9294 9351 
3 9524 9525 9294 
3 9294 9525 9355 
3 9231 9441 9442 
3 9364 9442 9526 
3 9354 9527 9522 
3 9360 9528 9529 
3 9530 9361 9529 
3 9445 9361 9530 
3 9446 9364 9526 
3 9522 9527 9531 
3 9528 9360 9444 
3 9360 9529 9361 
3 9356 9362 9532 
3 9356 9532 9349 
3 9357 9443 9444 
3 9246 9527 9354 
3 9362 9363 9445 
3 9527 9246 9533 
3 9304 9364 9446 
3 9534 9535 9531 
3 9531 9533 9534 
3 9533 9531 9527 
3 9536 9534 9533 
3 9534 9448 9447 
3 9533 9367 9536 
3 9367 9533 9246 
3 9446 9537 9365 
3 9365 9537 9447 
3 9534 9449 9448 
3 9449 9534 9536 
3 9536 9367 9449 
3 9450 9449 9367 
3 9538 9451 9368 
3 9368 9539 9538 
3 9539 9368 9452 
3 9369 9370 9456 
3 9454 9453 9455 
3 9454 9455 9451 
3 9372 9317 9540 
3 9540 9317 9459 
3 9540 9459 9251 
3 9251 9454 9540 
3 9313 9315 9541 
3 9372 9540 9542 
3 9541 9315 9458 
3 9323 9372 9542 
3 9464 9323 9543 
3 9461 9462 9544 
3 9462 9374 9544 
3 9374 9545 9544 
3 9546 9545 9374 
3 9374 9465 9546 
3 9464 9466 9327 
3 9546 9465 9545 
3 9465 9547 9545 
3 9465 9376 9547 
3 9466 9548 9549 
3 9549 9467 9466 
3 9547 9376 9468 
3 9467 9549 9548 
3 9547 9468 9550 
3 9548 9551 9552 
3 9552 9467 9548 
3 9553 9550 9468 
3 9468 9377 9553 
3 9383 9329 9552 
3 9552 9551 9383 
3 9552 9329 9467 
3 9554 9377 9378 
3 9378 9379 9554 
3 9380 9555 9379 
3 9384 9556 9469 
3 9471 9383 9557 
3 9384 9470 9558 
3 9264 9559 9470 
3 9471 9332 9385 
3 9386 9559 9264 
3 9560 9559 9386 
3 9332 9471 9561 
3 9386 9562 9563 
3 9562 9386 9472 
3 9332 9561 9474 
3 9474 9561 9564 
3 9564 9565 9474 
3 9565 9566 9474 
3 9472 9475 9567 
3 9566 9486 9474 
3 9396 9474 9486 
3 9568 9480 9477 
3 9568 9484 9569 
3 9570 9390 9480 
3 9391 9390 9570 
3 9391 9571 9572 
3 9484 9568 9477 
3 9389 9573 9574 
3 9574 9388 9389 
3 9391 9572 9483 
3 9399 9486 9575 
3 9573 9389 9488 
3 9399 9575 9576 
3 9412 9399 9576 
3 9577 9488 9493 
3 9491 9578 9490 
3 9576 9579 9412 
3 9413 9412 9579 
3 9579 9580 9413 
3 9578 9491 9497 
3 9495 9581 9494 
3 9416 9582 9493 
3 9499 9413 9580 
3 9497 9503 9578 
3 9494 9581 9502 
3 9416 9583 9582 
3 9580 9584 9499 
3 9583 9416 9500 
3 9500 9585 9583 
3 9584 9505 9499 
3 9586 9501 9502 
3 9585 9500 9429 
3 9586 9587 9501 
3 9504 9509 9506 
3 9588 9429 9430 
3 9589 9501 9587 
3 9501 9589 9418 
3 9588 9430 9431 
3 9418 9589 9511 
3 9590 9511 9589 
3 9591 9426 9508 
3 9508 9592 9591 
3 9593 9425 9511 
3 9594 9588 9431 
3 9425 9593 9595 
3 9593 9511 9590 
3 9594 9431 9513 
3 9595 9432 9425 
3 9596 9594 9513 
3 9591 9435 9426 
3 9595 9514 9432 
3 9513 9515 9596 
3 9513 9342 9515 
3 9516 9434 9517 
3 9517 9597 9516 
3 9598 9599 9435 
3 9517 9518 9597 
3 9599 9436 9435 
3 9521 9600 9601 
3 9521 9601 9602 
3 9603 9604 9521 
3 9602 9519 9438 
3 9519 9602 9520 
3 9518 9348 9605 
3 9598 9523 9599 
3 9522 9603 9521 
3 9351 9520 9606 
3 9605 9348 9349 
3 9436 9599 9523 
3 9606 9524 9351 
3 9529 9607 9530 
3 9522 9608 9603 
3 9609 9355 9524 
3 9610 9443 9609 
3 9528 9611 9529 
3 9349 9612 9605 
3 9523 9598 9526 
3 9522 9531 9608 
3 9525 9524 9355 
3 9443 9355 9609 
3 9610 9444 9443 
3 9610 9528 9444 
3 9612 9349 9532 
3 9523 9526 9442 
3 9531 9535 9608 
3 9445 9530 9613 
3 9613 9362 9445 
3 9362 9613 9614 
3 9614 9532 9362 
3 9446 9526 9615 
3 9447 9616 9617 
3 9447 9617 9534 
3 9617 9535 9534 
3 9618 9537 9446 
3 9619 9616 9537 
3 9616 9447 9537 
3 9620 9451 9538 
3 9538 9539 9620 
3 9539 9452 9369 
3 9620 9454 9451 
3 9621 9456 9313 
3 9540 9622 9542 
3 9541 9623 9313 
3 9624 9543 9625 
3 9542 9622 9543 
3 9543 9323 9542 
3 9626 9541 9458 
3 9458 9461 9626 
3 9543 9624 9464 
3 9461 9544 9626 
3 9544 9627 9626 
3 9545 9627 9544 
3 9628 9466 9624 
3 9466 9464 9624 
3 9628 9548 9466 
3 9548 9628 9629 
3 9629 9551 9548 
3 9377 9554 9553 
3 9554 9379 9555 
3 9555 9630 9554 
3 9557 9383 9631 
3 9556 9555 9380 
3 9380 9469 9556 
3 9558 9556 9384 
3 9470 9632 9558 
3 9471 9557 9633 
3 9632 9470 9634 
3 9559 9634 9470 
3 9561 9471 9633 
3 9634 9559 9560 
3 9633 9635 9561 
3 9634 9560 9636 
3 9563 9636 9560 
3 9560 9386 9563 
3 9635 9637 9564 
3 9562 9636 9563 
3 9561 9635 9564 
3 9637 9638 9565 
3 9636 9562 9639 
3 9637 9565 9564 
3 9567 9562 9472 
3 9567 9475 9640 
3 9568 9569 9641 
3 9480 9642 9643 
3 9480 9568 9642 
3 9570 9480 9643 
3 9388 9640 9475 
3 9569 9644 9645 
3 9569 9484 9644 
3 9571 9391 9570 
3 9572 9571 9646 
3 9640 9388 9574 
3 9574 9573 9640 
3 9575 9566 9647 
3 9645 9644 9484 
3 9486 9566 9575 
3 9648 9649 9645 
3 9645 9489 9648 
3 9484 9489 9645 
3 9483 9650 9485 
3 9485 9650 9651 
3 9647 9652 9575 
3 9484 9487 9489 
3 9576 9575 9652 
3 9489 9490 9648 
3 9651 9492 9485 
3 9653 9573 9488 
3 9648 9490 9654 
3 9651 9655 9492 
3 9577 9653 9488 
3 9653 9577 9656 
3 9654 9490 9657 
3 9657 9490 9578 
3 9495 9492 9655 
3 9582 9656 9577 
3 9577 9493 9582 
3 9658 9578 9503 
3 9583 9585 9582 
3 9503 9506 9658 
3 9502 9581 9659 
3 9659 9586 9502 
3 9660 9505 9584 
3 9429 9661 9585 
3 9659 9587 9586 
3 9662 9508 9505 
3 9505 9660 9662 
3 9658 9509 9663 
3 9506 9509 9658 
3 9661 9429 9588 
3 9589 9587 9664 
3 9662 9592 9508 
3 9509 9512 9665 
3 9588 9594 9666 
3 9666 9594 9596 
3 9667 9590 9589 
3 9592 9668 9591 
3 9512 9510 9669 
3 9669 9510 9514 
3 9670 9595 9593 
3 9593 9671 9670 
3 9671 9593 9590 
3 9590 9667 9671 
3 9514 9672 9669 
3 9672 9514 9595 
3 9672 9595 9670 
3 9596 9515 9516 
3 9516 9597 9596 
3 9668 9435 9591 
3 9598 9435 9668 
3 9600 9604 9673 
3 9601 9600 9674 
3 9600 9521 9604 
3 9601 9674 9602 
3 9673 9604 9603 
3 9602 9674 9675 
3 9518 9676 9597 
3 9602 9438 9521 
3 9675 9520 9602 
3 9520 9675 9677 
3 9673 9603 9678 
3 9606 9520 9677 
3 9679 9680 9681 
3 9605 9676 9518 
3 9678 9603 9682 
3 9603 9608 9682 
3 9680 9610 9681 
3 9680 9528 9610 
3 9528 9680 9611 
3 9607 9529 9611 
3 9683 9530 9607 
3 9684 9685 9678 
3 9681 9610 9609 
3 9683 9613 9530 
3 9613 9683 9686 
3 9686 9687 9614 
3 9532 9688 9612 
3 9598 9615 9526 
3 9615 9598 9689 
3 9690 9689 9691 
3 9678 9682 9684 
3 9686 9614 9613 
3 9689 9690 9615 
3 9691 9685 9692 
3 9685 9684 9692 
3 9535 9684 9682 
3 9688 9532 9614 
3 9684 9619 9692 
3 9684 9693 9619 
3 9693 9684 9535 
3 9535 9682 9608 
3 9690 9618 9615 
3 9618 9690 9691 
3 9618 9691 9692 
3 9692 9619 9618 
3 9693 9616 9619 
3 9693 9617 9616 
3 9617 9693 9535 
3 9446 9615 9618 
3 9537 9618 9619 
3 9694 9539 9369 
3 9369 9695 9694 
3 9540 9696 9622 
3 9697 9696 9540 
3 9540 9454 9697 
3 9698 9697 9454 
3 9454 9620 9698 
3 9695 9369 9456 
3 9621 9695 9456 
3 9623 9621 9313 
3 9622 9625 9543 
3 9541 9626 9699 
3 9627 9545 9700 
3 9700 9545 9547 
3 9631 9551 9629 
3 9547 9701 9702 
3 9701 9547 9550 
3 9701 9550 9553 
3 9631 9383 9551 
3 9703 9547 9702 
3 9630 9553 9554 
3 9631 9704 9633 
3 9555 9556 9705 
3 9557 9631 9633 
3 9706 9705 9556 
3 9706 9556 9558 
3 9558 9632 9707 
3 9706 9558 9707 
3 9707 9634 9706 
3 9707 9632 9634 
3 9708 9635 9633 
3 9635 9708 9638 
3 9634 9709 9706 
3 9638 9637 9635 
3 9634 9710 9709 
3 9710 9634 9636 
3 9636 9639 9710 
3 9566 9565 9638 
3 9711 9712 9641 
3 9641 9712 9713 
3 9710 9639 9714 
3 9639 9562 9714 
3 9714 9562 9567 
3 9715 9566 9638 
3 9569 9716 9711 
3 9717 9566 9715 
3 9649 9718 9716 
3 9716 9569 9649 
3 9569 9711 9641 
3 9641 9713 9719 
3 9718 9649 9720 
3 9568 9641 9719 
3 9642 9568 9719 
3 9721 9643 9642 
3 9721 9570 9643 
3 9722 9570 9721 
3 9570 9722 9571 
3 9722 9723 9571 
3 9571 9723 9646 
3 9714 9567 9724 
3 9724 9567 9640 
3 9647 9566 9717 
3 9569 9645 9649 
3 9646 9650 9572 
3 9572 9650 9483 
3 9573 9724 9640 
3 9725 9724 9573 
3 9652 9647 9726 
3 9649 9648 9727 
3 9654 9727 9648 
3 9728 9573 9653 
3 9576 9652 9729 
3 9655 9651 9730 
3 9656 9728 9653 
3 9576 9729 9731 
3 9732 9576 9731 
3 9579 9576 9732 
3 9733 9734 9654 
3 9495 9655 9735 
3 9654 9657 9733 
3 9735 9581 9495 
3 9736 9657 9578 
3 9733 9657 9736 
3 9737 9580 9579 
3 9581 9735 9738 
3 9737 9660 9580 
3 9578 9658 9736 
3 9581 9738 9659 
3 9660 9584 9580 
3 9739 9582 9585 
3 9736 9658 9663 
3 9585 9661 9739 
3 9740 9739 9661 
3 9666 9740 9661 
3 9663 9509 9665 
3 9661 9588 9666 
3 9741 9663 9665 
3 9662 9742 9592 
3 9743 9742 9662 
3 9665 9512 9744 
3 9667 9589 9664 
3 9596 9745 9666 
3 9668 9592 9742 
3 9742 9743 9668 
3 9669 9744 9512 
3 9745 9596 9597 
3 9746 9668 9743 
3 9747 9600 9673 
3 9748 9669 9672 
3 9672 9670 9749 
3 9667 9750 9751 
3 9751 9671 9667 
3 9752 9751 9750 
3 9747 9673 9753 
3 9748 9672 9749 
3 9670 9671 9754 
3 9751 9754 9671 
3 9668 9746 9598 
3 9753 9678 9755 
3 9678 9753 9673 
3 9756 9677 9675 
3 9598 9746 9757 
3 9685 9758 9755 
3 9677 9759 9760 
3 9677 9761 9759 
3 9759 9762 9760 
3 9757 9758 9691 
3 9691 9758 9685 
3 9606 9677 9760 
3 9762 9606 9760 
3 9762 9759 9763 
3 9680 9679 9764 
3 9680 9764 9611 
3 9611 9764 9607 
3 9755 9678 9685 
3 9609 9765 9681 
3 9607 9764 9766 
3 9683 9607 9766 
3 9683 9767 9686 
3 9524 9606 9762 
3 9768 9609 9524 
3 9524 9762 9768 
3 9768 9765 9609 
3 9683 9766 9767 
3 9686 9767 9687 
3 9769 9770 9688 
3 9598 9691 9689 
3 9691 9598 9757 
3 9687 9688 9614 
3 9770 9612 9688 
3 9697 9771 9696 
3 9698 9620 9772 
3 9773 9772 9620 
3 9620 9539 9773 
3 9621 9623 9695 
3 9622 9774 9625 
3 9775 9776 9622 
3 9622 9776 9774 
3 9623 9541 9777 
3 9541 9778 9777 
3 9774 9624 9625 
3 9541 9699 9778 
3 9779 9778 9699 
3 9627 9699 9626 
3 9780 9624 9781 
3 9627 9779 9699 
3 9780 9629 9628 
3 9780 9628 9624 
3 9627 9700 9779 
3 9779 9700 9782 
3 9547 9703 9700 
3 9783 9631 9629 
3 9700 9703 9782 
3 9783 9704 9631 
3 9784 9782 9703 
3 9702 9784 9703 
3 9785 9702 9701 
3 9630 9701 9553 
3 9785 9701 9786 
3 9630 9786 9701 
3 9705 9630 9555 
3 9704 9708 9633 
3 9708 9704 9787 
3 9788 9789 9787 
3 9790 9630 9791 
3 9791 9630 9705 
3 9705 9792 9791 
3 9708 9787 9789 
3 9789 9793 9708 
3 9791 9792 9794 
3 9795 9705 9706 
3 9796 9793 9789 
3 9789 9797 9796 
3 9705 9795 9792 
3 9706 9709 9795 
3 9638 9708 9793 
3 9638 9793 9796 
3 9638 9796 9797 
3 9646 9795 9709 
3 9711 9716 9798 
3 9798 9712 9711 
3 9715 9638 9797 
3 9716 9718 9799 
3 9797 9800 9715 
3 9722 9721 9794 
3 9723 9795 9646 
3 9717 9715 9800 
3 9801 9718 9720 
3 9719 9713 9802 
3 9722 9794 9723 
3 9803 9646 9709 
3 9710 9803 9709 
3 9721 9642 9802 
3 9642 9719 9802 
3 9717 9800 9804 
3 9650 9803 9710 
3 9805 9710 9714 
3 9647 9717 9804 
3 9726 9647 9804 
3 9650 9646 9803 
3 9710 9805 9650 
3 9805 9714 9724 
3 9805 9651 9650 
3 9725 9805 9724 
3 9652 9726 9806 
3 9805 9807 9651 
3 9805 9725 9807 
3 9728 9725 9573 
3 9652 9806 9729 
3 9654 9808 9727 
3 9651 9807 9730 
3 9725 9728 9807 
3 9806 9731 9729 
3 9728 9809 9807 
3 9728 9656 9809 
3 9734 9810 9808 
3 9808 9654 9734 
3 9811 9730 9807 
3 9807 9809 9811 
3 9655 9730 9811 
3 9812 9811 9809 
3 9735 9655 9811 
3 9656 9812 9809 
3 9810 9733 9813 
3 9733 9810 9734 
3 9735 9811 9812 
3 9656 9735 9812 
3 9737 9579 9732 
3 9656 9814 9735 
3 9815 9813 9733 
3 9656 9816 9814 
3 9656 9582 9816 
3 9733 9817 9815 
3 9817 9733 9736 
3 9735 9659 9738 
3 9659 9735 9814 
3 9739 9814 9816 
3 9660 9737 9818 
3 9818 9819 9820 
3 9736 9663 9817 
3 9739 9816 9582 
3 9820 9821 9822 
3 9814 9739 9659 
3 9820 9823 9818 
3 9823 9820 9822 
3 9824 9659 9739 
3 9739 9825 9824 
3 9825 9739 9740 
3 9826 9822 9821 
3 9817 9663 9827 
3 9662 9660 9818 
3 9826 9823 9822 
3 9587 9659 9824 
3 9826 9828 9823 
3 9587 9824 9829 
3 9740 9666 9825 
3 9830 9818 9823 
3 9663 9831 9827 
3 9829 9824 9825 
3 9662 9818 9830 
3 9826 9747 9828 
3 9825 9832 9829 
3 9825 9666 9832 
3 9830 9833 9662 
3 9833 9830 9823 
3 9834 9828 9747 
3 9663 9741 9831 
3 9587 9835 9664 
3 9835 9587 9829 
3 9836 9829 9832 
3 9836 9832 9666 
3 9666 9745 9836 
3 9828 9833 9823 
3 9743 9662 9833 
3 9741 9837 9831 
3 9665 9837 9741 
3 9838 9835 9829 
3 9838 9829 9836 
3 9836 9745 9838 
3 9828 9834 9833 
3 9744 9837 9665 
3 9839 9838 9745 
3 9747 9840 9841 
3 9667 9664 9835 
3 9842 9743 9833 
3 9835 9752 9667 
3 9752 9835 9838 
3 9753 9833 9834 
3 9837 9744 9843 
3 9750 9667 9752 
3 9745 9597 9839 
3 9842 9844 9743 
3 9844 9833 9753 
3 9841 9600 9747 
3 9744 9845 9843 
3 9845 9744 9669 
3 9669 9748 9845 
3 9743 9844 9746 
3 9833 9844 9842 
3 9841 9674 9600 
3 9674 9841 9846 
3 9838 9839 9752 
3 9753 9755 9844 
3 9753 9834 9747 
3 9670 9847 9749 
3 9670 9754 9847 
3 9754 9751 9848 
3 9752 9769 9751 
3 9839 9849 9752 
3 9846 9675 9674 
3 9675 9846 9850 
3 9850 9756 9675 
3 9839 9676 9849 
3 9676 9839 9597 
3 9844 9757 9746 
3 9758 9844 9755 
3 9752 9849 9769 
3 9757 9844 9758 
3 9843 9851 9852 
3 9843 9853 9851 
3 9853 9843 9854 
3 9748 9764 9854 
3 9677 9756 9761 
3 9763 9761 9756 
3 9765 9851 9853 
3 9854 9855 9853 
3 9679 9854 9764 
3 9849 9676 9605 
3 9763 9759 9761 
3 9852 9765 9768 
3 9765 9852 9851 
3 9853 9855 9765 
3 9854 9679 9855 
3 9766 9764 9749 
3 9766 9749 9856 
3 9856 9767 9766 
3 9857 9751 9688 
3 9751 9769 9688 
3 9770 9769 9849 
3 9770 9849 9605 
3 9762 9763 9852 
3 9855 9681 9765 
3 9855 9679 9681 
3 9762 9852 9768 
3 9857 9687 9767 
3 9857 9688 9687 
3 9612 9770 9605 
3 9697 9858 9771 
3 9858 9697 9698 
3 9698 9772 9858 
3 9539 9694 9773 
3 9622 9696 9859 
3 9696 9771 9859 
3 9860 9775 9622 
3 9622 9859 9860 
3 9861 9859 9771 
3 9778 9862 9777 
3 9862 9778 9779 
3 9783 9629 9780 
3 9783 9780 9781 
3 9863 9864 9862 
3 9862 9779 9863 
3 9863 9779 9865 
3 9782 9866 9779 
3 9779 9866 9865 
3 9787 9704 9783 
3 9783 9867 9787 
3 9788 9787 9867 
3 9788 9867 9868 
3 9866 9869 9865 
3 9869 9866 9782 
3 9782 9784 9869 
3 9870 9865 9871 
3 9784 9702 9785 
3 9789 9788 9868 
3 9872 9870 9873 
3 9874 9865 9869 
3 9789 9868 9875 
3 9871 9865 9874 
3 9870 9876 9873 
3 9877 9870 9871 
3 9871 9874 9877 
3 9878 9785 9786 
3 9879 9786 9630 
3 9870 9877 9876 
3 9874 9869 9784 
3 9798 9784 9785 
3 9786 9879 9878 
3 9630 9790 9879 
3 9876 9880 9873 
3 9784 9798 9874 
3 9798 9785 9878 
3 9878 9712 9798 
3 9879 9881 9878 
3 9881 9879 9790 
3 9875 9797 9789 
3 9799 9877 9874 
3 9882 9878 9881 
3 9881 9790 9882 
3 9790 9791 9794 
3 9877 9883 9876 
3 9877 9884 9883 
3 9884 9877 9799 
3 9799 9874 9798 
3 9712 9878 9882 
3 9882 9802 9712 
3 9802 9882 9790 
3 9880 9876 9885 
3 9876 9883 9885 
3 9801 9883 9884 
3 9801 9884 9799 
3 9790 9794 9802 
3 9795 9794 9792 
3 9885 9883 9801 
3 9716 9799 9798 
3 9800 9797 9886 
3 9713 9712 9802 
3 9718 9801 9799 
3 9721 9802 9794 
3 9723 9794 9795 
3 9720 9885 9801 
3 9887 9888 9889 
3 9890 9885 9891 
3 9892 9889 9888 
3 9893 9894 9887 
3 9720 9895 9885 
3 9892 9888 9891 
3 9887 9896 9893 
3 9896 9887 9889 
3 9891 9885 9895 
3 9897 9893 9898 
3 9896 9899 9893 
3 9896 9900 9899 
3 9900 9896 9889 
3 9900 9889 9892 
3 9727 9720 9649 
3 9901 9902 9903 
3 9901 9898 9902 
3 9904 9893 9899 
3 9904 9899 9900 
3 9808 9891 9895 
3 9720 9727 9895 
3 9726 9804 9806 
3 9904 9905 9893 
3 9905 9904 9900 
3 9891 9906 9892 
3 9891 9808 9906 
3 9808 9895 9727 
3 9900 9907 9905 
3 9900 9908 9907 
3 9892 9909 9900 
3 9905 9907 9893 
3 9909 9892 9906 
3 9908 9900 9909 
3 9906 9910 9909 
3 9906 9911 9910 
3 9911 9906 9808 
3 9898 9912 9902 
3 9912 9898 9893 
3 9893 9913 9912 
3 9913 9893 9907 
3 9914 9908 9909 
3 9909 9910 9914 
3 9915 9912 9913 
3 9907 9916 9913 
3 9916 9907 9908 
3 9916 9908 9914 
3 9810 9911 9808 
3 9917 9806 9902 
3 9902 9918 9917 
3 9902 9912 9918 
3 9913 9919 9915 
3 9910 9911 9810 
3 9912 9915 9918 
3 9919 9913 9916 
3 9916 9914 9910 
3 9910 9920 9916 
3 9732 9731 9806 
3 9921 9915 9919 
3 9910 9810 9813 
3 9806 9819 9732 
3 9806 9917 9819 
3 9915 9921 9918 
3 9813 9922 9910 
3 9917 9820 9819 
3 9820 9917 9918 
3 9923 9924 9919 
3 9919 9916 9923 
3 9920 9925 9916 
3 9920 9910 9922 
3 9921 9919 9924 
3 9926 9920 9922 
3 9737 9732 9819 
3 9820 9918 9921 
3 9921 9821 9820 
3 9821 9921 9924 
3 9815 9922 9813 
3 9927 9925 9928 
3 9925 9920 9928 
3 9920 9926 9928 
3 9926 9922 9815 
3 9926 9927 9928 
3 9818 9737 9819 
3 9815 9929 9926 
3 9929 9815 9817 
3 9929 9827 9926 
3 9827 9929 9817 
3 9926 9930 9931 
3 9930 9926 9827 
3 9932 9826 9821 
3 9826 9932 9933 
3 9934 9931 9930 
3 9934 9930 9827 
3 9846 9935 9931 
3 9846 9931 9934 
3 9747 9826 9933 
3 9933 9840 9747 
3 9936 9934 9827 
3 9937 9827 9831 
3 9827 9937 9936 
3 9938 9846 9934 
3 9837 9937 9831 
3 9938 9934 9936 
3 9756 9938 9936 
3 9936 9939 9756 
3 9939 9936 9937 
3 9837 9940 9937 
3 9850 9846 9938 
3 9940 9837 9843 
3 9850 9938 9756 
3 9937 9941 9939 
3 9941 9937 9940 
3 9941 9940 9843 
3 9845 9748 9843 
3 9848 9847 9754 
3 9756 9939 9941 
3 9854 9843 9748 
3 9856 9749 9847 
3 9941 9763 9756 
3 9852 9941 9843 
3 9764 9748 9749 
3 9856 9847 9848 
3 9857 9848 9751 
3 9941 9852 9763 
3 9848 9857 9856 
3 9767 9856 9857 
3 9942 9858 9772 
3 9943 9772 9773 
3 9772 9943 9942 
3 9773 9944 9943 
3 9773 9945 9944 
3 9945 9773 9694 
3 9860 9776 9775 
3 9946 9694 9695 
3 9781 9624 9774 
3 9774 9776 9781 
3 9947 9860 9859 
3 9945 9694 9946 
3 9946 9695 9623 
3 9947 9859 9861 
3 9861 9948 9947 
3 9949 9946 9623 
3 9860 9947 9776 
3 9950 9947 9948 
3 9949 9623 9777 
3 9947 9951 9776 
3 9947 9950 9951 
3 9776 9952 9781 
3 9781 9867 9783 
3 9781 9952 9867 
3 9949 9777 9953 
3 9864 9953 9777 
3 9862 9864 9777 
3 9776 9954 9952 
3 9951 9954 9776 
3 9950 9954 9951 
3 9868 9952 9954 
3 9953 9864 9863 
3 9867 9952 9868 
3 9955 9953 9863 
3 9865 9955 9863 
3 9956 9954 9950 
3 9955 9870 9872 
3 9870 9955 9865 
3 9954 9875 9868 
3 9875 9954 9956 
3 9875 9956 9957 
3 9873 9880 9872 
3 9957 9958 9875 
3 9959 9960 9957 
3 9957 9961 9959 
3 9886 9875 9958 
3 9958 9957 9960 
3 9875 9886 9797 
3 9894 9962 9959 
3 9958 9963 9886 
3 9963 9958 9960 
3 9959 9962 9960 
3 9880 9885 9890 
3 9963 9960 9962 
3 9880 9888 9964 
3 9880 9890 9888 
3 9963 9901 9886 
3 9962 9965 9963 
3 9963 9965 9901 
3 9962 9897 9965 
3 9962 9894 9897 
3 9966 9887 9894 
3 9887 9966 9964 
3 9964 9888 9887 
3 9804 9800 9886 
3 9886 9901 9967 
3 9890 9891 9888 
3 9886 9967 9804 
3 9965 9897 9901 
3 9894 9893 9897 
3 9901 9903 9967 
3 9897 9898 9901 
3 9804 9967 9806 
3 9806 9967 9903 
3 9903 9902 9806 
3 9925 9923 9916 
3 9923 9968 9924 
3 9927 9923 9925 
3 9969 9821 9924 
3 9969 9924 9968 
3 9923 9927 9968 
3 9970 9971 9969 
3 9969 9968 9970 
3 9926 9931 9972 
3 9973 9932 9821 
3 9821 9971 9973 
3 9974 9972 9931 
3 9933 9932 9973 
3 9933 9973 9975 
3 9935 9974 9931 
3 9933 9975 9840 
3 9935 9846 9974 
3 9840 9975 9976 
3 9976 9974 9846 
3 9841 9840 9846 
3 9846 9840 9976 
3 9771 9858 9942 
3 9948 9861 9771 
3 9771 9942 9948 
3 9943 9977 9942 
3 9944 9977 9943 
3 9944 9978 9977 
3 9979 9945 9946 
3 9949 9979 9946 
3 9950 9948 9980 
3 9981 9979 9949 
3 9950 9980 9982 
3 9949 9953 9983 
3 9982 9956 9950 
3 9872 9983 9953 
3 9956 9982 9984 
3 9955 9872 9953 
3 9984 9957 9956 
3 9985 9986 9987 
3 9985 9988 9986 
3 9988 9985 9872 
3 9957 9984 9961 
3 9989 9987 9986 
3 9988 9880 9986 
3 9880 9988 9872 
3 9880 9989 9986 
3 9961 9990 9959 
3 9959 9990 9991 
3 9990 9992 9991 
3 9992 9990 9993 
3 9964 9989 9880 
3 9991 9894 9959 
3 9894 9991 9992 
3 9894 9992 9993 
3 9989 9964 9993 
3 9993 9966 9894 
3 9966 9993 9964 
3 9821 9969 9971 
3 9970 9968 9927 
3 9927 9926 9972 
3 9927 9972 9994 
3 9974 9994 9972 
3 9994 9975 9973 
3 9975 9974 9976 
3 9978 9944 9945 
3 9995 9942 9977 
3 9982 9948 9942 
3 9982 9942 9995 
3 9948 9982 9980 
3 9945 9996 9997 
3 9945 9979 9996 
3 9998 9984 9995 
3 9982 9995 9984 
3 9981 9949 9983 
3 9985 9983 9872 
3 9987 9983 9985 
3 9999 9961 9984 
3 9990 9999 9993 
3 9961 9999 9990 
3 9989 9993 9987 
3 9970 9973 9971 
3 9927 9994 9970 
3 9970 9994 9973 
3 9994 9974 9975 
3 9995 9977 9998 
3 9998 9977 9978 
3 9945 9997 9978 
3 9998 9978 9997 
3 9996 9979 9981 
3 9996 9981 9983 
3 9997 9996 10000 
3 9984 9998 9999 
3 9996 10001 10000 
3 9996 9987 10001 
3 9987 9996 9983 
3 10001 9999 9998 
3 10001 9993 9999 
3 9993 10001 9987 
3 9997 10000 9998 
3 10000 10001 9998 

