# vtk DataFile Version 3.0
vtk output
ASCII
DATASET POLYDATA
POINTS 10002 double
-6.76107 8.36223 -193.389 -8.50965 9.80054 -193.252 -6.41678 10.767 -193.429 
-6.91773 6.03025 -193.127 -8.79566 7.45239 -192.993 -4.85614 7.00967 -193.213 
-10.3901 8.97462 -192.463 -4.66542 9.37046 -193.313 -10.0807 11.2936 -192.761 
-8.11435 12.2071 -193.29 -8.86663 5.1981 -192.5 -2.88948 8.06937 -192.994 
-4.85186 4.72834 -192.874 -10.5464 6.71487 -191.892 -2.857 5.80618 -192.767 
-1.02152 7.05247 -192.471 -1.27699 9.00799 -192.658 -2.61593 10.2975 -192.968 
-4.24039 11.7343 -193.2 -5.96202 13.1523 -193.283 -8.72627 3.0252 -191.816 
-6.88351 3.80588 -192.62 -2.76625 3.57248 -192.336 -0.865036 4.77333 -192.129 
0.67833 8.755 -192.013 -9.74017 13.6378 -192.82 -7.6957 14.6158 -193.11 
-11.4322 12.7873 -191.949 -4.78169 2.53476 -192.324 -10.4325 4.47493 -191.176 
-3.70449 14.0619 -192.902 -5.48922 15.4109 -192.977 -7.09496 16.9206 -192.754 
-9.59892 16.1786 -192.52 -8.5563 0.980195 -191.003 -10.1013 2.3332 -190.457 
-6.79502 1.6582 -191.919 -2.74599 1.38317 -191.769 -0.785817 2.55051 -191.644 
-11.7009 10.5729 -191.584 -1.9623 12.5619 -192.673 -11.8357 8.37558 -191.01 
-0.563613 10.8179 -192.412 -11.1074 14.6847 -192.119 -6.85259 -0.41423 -191.059 
0.906502 6.14739 -191.773 1.03573 3.84924 -191.377 1.22481 10.9384 -191.765 
-5.09539 17.2632 -192.595 -4.82259 0.38195 -191.642 0.557299 13.0561 -191.798 
-3.43096 16.2494 -192.521 -8.60414 -0.830997 -189.916 -9.75207 0.62004 -189.821 
2.62966 7.50534 -191.18 1.0837 1.64415 -190.866 2.7327 5.20744 -190.944 
2.85042 3.01245 -190.518 -12.45 14.3883 -190.98 -5.07917 -1.73545 -190.85 
-1.2628 15.0989 -192.145 -7.06579 -2.39188 -189.979 -8.6049 18.5475 -192.281 
-10.7414 18.2148 -191.768 -0.817778 0.304114 -191.06 -11.7485 16.3311 -191.469 
-6.04128 19.1736 -192.15 4.29246 8.66436 -190.267 4.28302 6.54751 -190.275 
2.6917 9.81643 -191.131 -2.91191 -0.835449 -191.118 -11.4074 3.6873 -189.383 
-11.8814 6.11175 -189.956 2.6887 12.0493 -190.927 -12.4971 18.1885 -190.548 
-9.86023 19.8312 -191.74 -8.13001 20.6632 -191.718 4.46806 4.42549 -189.967 
-12.697 8.09589 -189.392 -12.8096 10.0436 -189.891 -3.55471 18.299 -192.057 
-5.40253 -3.78138 -189.899 -8.80981 -2.59675 -188.305 -10.061 -0.42742 -188.435 
-11.4615 20.02 -190.96 -6.03265 21.6509 -191.303 -7.14346 -4.28638 -188.772 
-3.35512 -2.99074 -190.417 -3.81743 20.4834 -191.395 -0.966413 -2.24882 -190.323 
-12.7394 12.2595 -190.469 0.961183 15.292 -191.284 2.6148 14.2872 -190.605 
-1.82286 17.2016 -191.915 -5.54248 -5.71947 -188.757 -3.72876 -5.00891 -189.586 
1.09495 -0.610745 -190.248 2.89578 0.844255 -189.988 -10.0129 21.5384 -191.082 
-2.04472 -4.17137 -189.89 -13.5752 11.8449 -188.614 4.42849 10.8627 -189.956 
-8.09043 22.9873 -190.768 4.64651 2.24532 -189.492 5.49652 7.67869 -189.486 
-1.38503 19.1777 -191.178 4.62256 0.0481989 -188.988 0.0899248 17.0928 -191.238 
5.83879 5.95146 -189.213 -13.7225 18.0764 -188.841 -13.1787 16.1851 -189.943 
-6.03913 23.5164 -190.491 -10.8868 1.58351 -188.758 2.97735 -1.32661 -189.352 
-13.4576 9.27829 -187.802 -13.0453 20.2475 -189.465 -3.75061 -6.97304 -188.555 
-5.43533 -7.52659 -187.456 -8.26959 -4.49573 -187.365 -7.05508 -5.98652 -187.401 
1.05499 18.9322 -190.238 -1.87414 21.5212 -190.48 -3.96409 22.9197 -190.419 
-12.8677 6.73313 -188.017 -10.2638 23.5345 -190.139 -11.743 21.957 -190.136 
-1.94414 -5.96871 -189.14 6.1965 3.83665 -188.799 4.38254 13.0816 -189.644 
2.46204 16.766 -190.093 -0.299611 -4.55444 -189.414 1.33431 -2.92601 -189.469 
4.48977 -1.7893 -188.557 5.87442 9.46357 -189 3.10958 19.0561 -188.939 
-12.9103 22.2805 -189.029 -1.92642 23.3313 -189.681 -8.8441 24.7929 -189.822 
-3.5774 -8.85715 -187.391 6.59697 1.35443 -188.144 -0.068957 20.6153 -190.177 
-7.04031 24.9514 -189.793 6.81069 7.71361 -188.363 4.31902 15.2148 -189.206 
1.7006 20.8509 -189.172 6.02785 -1.16823 -187.925 -5.14036 -9.21995 -186.07 
-9.44777 -3.50903 -186.23 1.69529 -5.22449 -188.595 -13.5103 14.0854 -189.278 
6.15265 11.8537 -188.253 0.0284082 22.5942 -189.251 -11.9291 23.8328 -189.17 
-1.78295 -7.99021 -188.171 3.52786 -3.59951 -188.424 5.31473 -2.92478 -187.812 
7.92288 3.559 -187.47 -4.97473 24.9829 -189.548 -8.43036 -5.60818 -185.55 
-10.3923 -1.44224 -186.602 -12.2999 4.86427 -188.245 7.39184 5.69083 -187.951 
-10.4085 25.6989 -188.877 -8.16136 26.4597 -188.853 -6.82282 -7.5841 -185.836 
-6.37868 -9.20346 -184.291 -0.000586013 -6.70583 -188.527 -14.0792 16.0294 -188.06 
-12.206 25.3485 -188.11 -3.33899 -10.5871 -186.125 -1.57697 -9.95484 -187.036 
-2.88406 24.8968 -189.121 -11.9713 3.01516 -187.464 1.96353 -7.35916 -187.712 
3.59878 -6.02803 -187.592 5.60755 13.9593 -188.365 -0.821659 24.6782 -188.533 
0.283682 -8.78271 -187.525 -12.8375 4.90667 -186.601 2.15675 22.8021 -187.999 
-1.57705 -11.7778 -185.693 7.10409 -3.12075 -186.763 -11.3213 0.79147 -186.88 
8.89517 5.52916 -186.533 9.57963 3.46224 -186.049 3.55218 21.0974 -187.779 
0.617565 -10.9384 -186.215 -9.75029 -4.19839 -184.486 7.37103 9.7263 -187.423 
8.21631 7.6481 -186.915 -14.0565 19.6898 -187.938 -13.3485 23.6437 -187.747 
-11.5895 27.3129 -187.177 -9.3153 27.8998 -187.68 2.41272 -9.24943 -186.681 
8.63336 1.52935 -186.757 -13.8143 21.4772 -187.955 0.012946 -12.9112 -184.832 
-4.71234 -10.8143 -184.678 3.64773 -7.84123 -186.874 5.33829 -4.79545 -187.202 
-14.1694 13.8406 -187.392 4.52646 17.2965 -188.369 0.92376 24.2512 -187.971 
-1.69066 26.5226 -187.704 -3.16284 -11.9626 -184.892 5.81851 15.6253 -187.55 
-6.02049 26.6827 -188.636 -14.1453 11.6075 -186.669 -14.156 9.4464 -185.646 
4.83909 19.3426 -187.287 5.25971 -7.00672 -186.444 -10.6622 -2.39383 -184.658 
7.85034 -0.596585 -186.957 -14.5478 20.5719 -186.458 0.605544 26.1529 -186.931 
-3.84747 26.7131 -188.225 -7.09334 28.2318 -187.595 -1.96578 -13.3932 -183.893 
2.98797 -11.0038 -185.463 -13.5279 7.17078 -186.199 3.88117 23.0915 -186.514 
-9.3277 -5.64688 -183.268 -7.92845 -7.41239 -183.84 10.362 5.30319 -184.993 
9.51952 7.41352 -185.31 6.7907 13.7826 -186.856 -14.6875 15.7666 -186.096 
1.69582 -12.3466 -185.024 7.6763 11.7297 -186.262 -0.236818 -14.3364 -183.46 
4.75814 -9.26462 -185.632 7.03041 -5.70184 -185.978 9.0994 -2.05893 -185.834 
5.98074 17.5606 -186.472 -13.2488 25.6912 -186.675 -13.166 27.4826 -185.512 
1.57935 -13.9631 -183.603 3.25498 -12.6809 -184.138 9.39439 -0.118078 -186.008 
-12.5434 2.59856 -185.284 -14.5644 18.1802 -186.681 5.09396 21.3396 -186.085 
-14.2797 22.3797 -186.596 2.46347 24.7151 -186.738 4.94321 -11.3871 -184.231 
-5.79175 -10.7987 -182.825 -11.6137 -0.12543 -184.947 10.3159 1.43661 -185.443 
8.62781 9.59401 -185.684 -4.91552 28.3361 -187.261 3.31968 -14.0288 -182.863 
-7.40762 -9.01297 -182.29 6.86237 -7.95775 -185.137 6.74464 -10.0638 -184.036 
8.77601 -4.32243 -185.431 -13.5296 5.21705 -184.77 -14.2616 7.48645 -184.347 
0.612412 -15.4571 -182.076 -4.04627 -12.3742 -183.336 -2.56397 28.4398 -186.563 
10.9313 -0.931281 -184.842 -15.1529 19.6642 -184.685 -0.609144 27.7553 -186.392 
1.11629 27.9686 -185.307 -8.06761 29.6978 -186.346 4.85675 -13.1456 -182.827 
6.07887 19.551 -185.377 -10.25 29.3676 -186.221 -11.9586 28.8932 -185.712 
8.62874 -6.55781 -184.715 10.2906 -3.139 -184.866 10.3479 -5.05237 -184.294 
11.2177 3.29133 -184.565 -14.6968 13.6002 -185.562 6.90396 15.6368 -185.614 
-5.87724 29.8074 -186.133 6.63099 -12.0095 -182.657 8.42549 -10.7643 -182.425 
8.54733 -8.70777 -183.718 -15.2352 17.4146 -184.551 4.1499 24.9656 -185.136 
-4.00884 29.6882 -185.903 10.2592 -7.18967 -183.495 -10.73 -3.72627 -182.57 
12.0224 -5.66613 -183.254 12.1586 -3.1664 -183.848 -14.9464 22.1189 -184.745 
2.51896 -15.2508 -181.808 -1.31176 -15.0908 -182.117 12.0834 1.26543 -184.113 
-13.6213 3.5081 -183.248 7.69134 13.5809 -184.94 -14.2614 24.0081 -185.834 
2.68237 26.5263 -185.352 -0.545894 29.1962 -185.124 -6.7426 -10.6396 -180.848 
-5.05957 -12.4354 -181.384 31.2755 -10.5961 -184.505 28.7837 -10.8726 -184.012 
29.9964 -8.81377 -184.673 32.1034 -8.58968 -184.968 13.0469 -0.676333 -183.631 
-14.7744 11.5601 -184.778 27.8664 -8.66482 -184.243 29.1371 -6.83446 -184.772 
30.9256 -7.16241 -185.048 30.807 -5.04249 -185.173 -12.7285 1.12093 -183.303 
33.4906 -10.1776 -184.675 26.7172 -10.1927 -183.613 25.7753 -8.55746 -183.635 
27.0534 -6.63699 -184.302 25.0111 -6.53362 -183.698 28.4513 -4.72729 -184.773 
-14.4642 5.77466 -182.916 -15.1988 7.87277 -182.508 8.55962 11.4697 -184.34 
32.731 -12.1862 -184.167 30.472 -12.6403 -183.868 6.27407 -13.7787 -181.139 
8.13235 -12.6864 -180.912 24.6314 -10.7427 -182.678 34.1668 -8.04309 -185.048 
10.4851 -9.32394 -182.187 -8.9024 -7.21017 -181.747 -10.0802 -5.59442 -181.436 
26.3682 -4.55497 -184.27 24.3613 -4.46092 -183.684 10.8194 6.93723 -183.611 
31.9773 -14.1944 -183.458 28.5115 -12.9311 -183.385 32.6611 -6.49596 -185.258 
29.8693 -2.87422 -185.076 27.7771 -2.63343 -184.645 -15.8094 18.6969 -182.809 
-15.6393 20.8954 -182.83 29.5019 -14.84 -182.857 34.8863 -11.6317 -184.07 
26.7424 -12.0242 -183.11 23.6551 -8.52002 -182.882 22.9808 -6.45565 -183.043 
11.835 -7.52202 -182.56 14.0338 -4.36524 -182.897 25.7176 -2.49196 -184.109 
14.4017 -2.13138 -183.08 -11.8137 -1.26586 -183.011 -14.9336 9.59688 -183.741 
4.39401 -14.6904 -181.431 35.5573 -9.56929 -184.503 23.6607 -2.4153 -183.518 
31.6931 -3.0976 -185.351 6.82782 17.6783 -184.16 6.18784 21.399 -184.188 
-14.8711 24.1549 -184.121 -4.38031 31.2214 -184.367 -6.74111 31.2107 -184.784 
-3.23464 -13.9974 -181.881 21.5046 -8.38834 -182.15 33.0947 -4.3307 -185.418 
31.4296 -1.28177 -185.271 25.0087 -0.461019 -183.778 14.7438 -0.303872 -182.906 
29.3198 -0.805535 -184.891 27.1584 -0.615938 -184.389 13.0185 3.11378 -183.08 
9.7243 9.19104 -183.636 -11.3163 30.5967 -184.356 27.0647 -14.1061 -182.463 
34.1538 -13.5814 -183.519 37.3838 -8.76597 -183.988 36.1611 -7.34387 -184.818 
20.9538 -6.32348 -182.476 22.3521 -4.39934 -183.106 34.7305 -5.79038 -185.283 
21.5739 -2.4291 -182.987 -15.2467 13.3221 -184.01 2.96133 28.1522 -183.808 
-13.0553 29.1311 -184.209 31.5122 -16.2528 -182.523 24.9095 -13.1594 -181.966 
16.1494 -3.18039 -182.628 15.8031 -5.43834 -182.266 31.144 1.10425 -185.052 
14.0183 1.25877 -182.955 5.33328 23.2365 -184.74 4.39896 26.6573 -183.642 
-2.32821 30.262 -184.809 33.496 -15.5084 -182.792 22.2252 -10.3615 -181.819 
13.6568 -6.5519 -182.328 -12.1209 -2.33653 -180.976 26.5228 1.37534 -183.986 
28.7041 1.21434 -184.569 -13.838 2.07768 -181.592 -14.7631 4.26854 -181.335 
-2.1959 31.794 -182.989 -8.9633 31.0818 -184.809 1.70551 -16.4821 -180.303 
-0.341066 -16.4244 -180.401 29.5622 -17.2826 -181.678 27.4661 -16.2554 -181.598 
13.0403 -8.77437 -181.436 33.3561 -2.23276 -185.468 16.2703 -1.0096 -182.611 
22.7758 -0.411913 -183.142 24.2103 1.78272 -183.205 10.9194 8.03339 -182.184 
-15.2683 15.2311 -184.266 33.0666 -17.173 -181.981 22.7754 -12.3469 -181.325 
20.3651 -4.34745 -182.668 36.7801 -5.04613 -184.972 35.1864 -3.52207 -185.389 
33.3312 -0.0864981 -185.399 29.9956 2.8092 -184.646 11.8997 4.99536 -183.321 
-14.2483 25.7992 -184.776 3.66889 -16.0197 -180.043 35.4491 -14.8533 -182.462 
31.7734 3.5576 -184.87 33.4537 2.1969 -185.246 6.66721 19.7401 -183.628 
1.34614 29.4996 -183.755 31.6197 -18.234 -181.382 5.61291 -15.3324 -179.616 
36.2035 -12.8904 -183.027 10.0055 -11.5193 -180.77 36.8771 -10.8659 -183.515 
-8.3707 -8.8061 -180.251 37.9564 -6.6512 -184.221 -12.9638 -0.0960051 -181.509 
26.0105 3.09325 -183.536 35.4623 3.13373 -185.268 33.7516 4.57969 -184.993 
-15.7096 11.7225 -182.719 7.38559 15.3607 -183.538 8.06699 13.2344 -182.93 
-15.4262 23.1599 -182.676 5.575 24.9744 -183.268 11.736 -10.5206 -180.713 
19.1651 -8.18956 -181.554 37.5136 -2.58245 -185.006 18.1424 -1.8637 -182.539 
28.0793 3.43154 -184.069 -15.6157 6.4495 -181.028 35.9566 5.74454 -184.98 
32.0283 5.8691 -184.526 33.9122 6.99811 -184.615 35.5319 8.02227 -184.616 
34.2258 9.60046 -184.095 9.03146 11.1528 -182.306 38.7172 -7.96253 -183.332 
38.5223 -9.7354 -182.713 19.2348 -5.99612 -182.196 38.7269 -4.53236 -184.22 
18.1479 -4.30479 -182.407 19.741 -2.6619 -182.668 20.2893 -0.507312 -182.606 
36.9088 1.7999 -185.307 37.5662 3.67818 -185.15 30.149 4.77606 -184.341 
30.3575 7.06622 -183.902 32.1949 8.23015 -184.049 38.4648 5.9203 -184.924 
37.3936 7.92754 -184.714 -15.9167 16.5146 -182.703 -14.1974 27.5339 -183.573 
-0.386336 30.706 -183.485 34.7531 -16.757 -181.707 20.1318 -10.3266 -181.016 
15.2983 -7.58683 -181.569 14.9257 -9.29238 -180.737 17.4383 -6.72608 -181.817 
39.4988 -6.2947 -183.155 -11.2406 -4.5222 -180.218 35.3473 -1.28015 -185.433 
35.2888 0.912268 -185.413 -15.7587 9.64578 -182.103 6.82728 18.9019 -182.13 
33.9265 -18.667 -180.656 27.6874 -18.4163 -180.45 25.3225 -15.3117 -181.197 
4.76777 -16.4569 -178.454 23.1983 -14.4295 -180.603 7.64439 -14.444 -179.224 
13.6044 -10.6325 -180.066 16.805 -8.83927 -180.949 37.259 -0.113063 -185.242 
16.013 0.979342 -182.318 21.7873 1.53245 -182.532 22.7761 3.49157 -182.298 
24.7059 4.12663 -182.838 26.5698 4.9858 -183.28 28.4949 5.94255 -183.655 
36.5274 9.89317 -184.299 35.6835 11.8976 -183.681 -7.53846 32.4971 -183.237 
-5.68541 32.3594 -183.299 -2.35454 -15.5942 -180.232 17.9684 -10.5189 -180.288 
39.5213 -2.73659 -184.191 -16.6599 10.6826 -180.77 -16.7502 12.9948 -180.915 
-15.9298 14.2506 -182.599 4.58384 28.2262 -182.048 -9.75198 32.3521 -182.996 
29.7729 -19.3665 -180.431 25.7123 -17.3855 -180.261 -4.20445 -14.1116 -179.848 
21.0047 -11.8383 -180.74 39.3007 -0.857744 -184.629 25.2641 5.9533 -182.532 
28.8481 7.94144 -183.256 12.2318 6.49308 -181.543 39.6152 8.00445 -184.624 
40.7731 6.12027 -184.616 30.3677 9.57203 -183.224 32.3594 10.2942 -183.547 
-12.8859 30.5082 -182.944 -11.7952 31.9389 -182.29 40.5799 -4.088 -182.895 
18.0456 0.32686 -182.266 19.71 1.80677 -181.962 38.9945 1.59559 -184.949 
39.7665 3.98032 -184.864 38.7466 9.91473 -184.349 33.6005 11.9364 -183.32 
6.7201 21.0386 -182.272 6.36254 23.0754 -182.757 -15.0471 25.6117 -182.584 
3.09612 29.6504 -182.192 31.9909 -20.0774 -180.051 0.957442 -17.3833 -178.549 
23.7407 -16.4822 -179.799 -5.90573 -12.3448 -179.393 21.1585 -13.6193 -179.971 
15.7678 -10.6642 -179.893 26.8648 7.3874 -182.709 -14.0395 29.2271 -182.299 
-3.99906 32.8064 -182.256 3.05271 -17.0809 -178.477 38.1494 -11.9424 -181.837 
37.2138 -14.0794 -181.587 -10.0841 -6.79589 -179.558 21.03 3.13219 -181.819 
28.1127 9.59571 -182.485 29.2578 11.6255 -182.183 31.4545 12.1873 -182.683 
7.02279 16.9299 -182.264 24.2859 -18.2103 -179.026 -9.19363 -8.85548 -178.174 
23.5859 5.54248 -181.941 37.9536 11.9395 -183.843 5.7833 26.5951 -181.715 
35.72 -17.7203 -180.359 9.64518 -13.3558 -179.157 19.1283 -12.5535 -179.581 
-13.3677 -1.04459 -179.641 19.4555 3.94623 -180.942 40.8927 2.46066 -184.51 
41.85 4.19437 -184.306 13.6451 4.71531 -181.654 40.6091 11.8102 -183.77 
25.8647 -19.3415 -179.046 21.7063 -15.6848 -179.121 11.8757 -12.2877 -179.202 
14.3868 -12.2658 -178.763 41.0002 -1.62371 -183.514 41.0104 0.570688 -184.103 
21.6525 4.9009 -181.316 33.0386 13.7351 -182.542 7.30537 15.0569 -181.231 
6.56391 24.7086 -181.239 36.4693 -16.0432 -180.945 15.3081 3.03845 -181.719 
13.821 5.80357 -180.133 -16.3035 8.54158 -180.754 24.7201 7.52619 -181.724 
41.8475 8.19959 -184.258 26.0761 9.44974 -181.657 10.1906 9.42684 -181.341 
37.0143 13.9846 -183.126 34.8593 13.9372 -182.85 -16.3477 19.7553 -181.03 
-16.06 21.9695 -181.001 27.9146 -20.4438 -179.108 22.4984 -17.7053 -178.293 
-1.19563 -16.9531 -178.479 38.4375 -13.4066 -180.415 -12.6047 -3.17481 -178.881 
17.6365 2.35228 -181.609 40.6962 9.69917 -184.271 39.2618 13.9488 -183.225 
6.71691 -16.0952 -177.429 -7.55722 -10.5579 -178.879 16.7059 -12.3685 -178.917 
11.4918 8.0384 -180.218 30.1223 -21.2113 -179.103 2.56022 -17.8555 -176.63 
4.70475 -17.2313 -176.782 42.7517 0.0270322 -182.579 42.508 2.23573 -183.666 
27.2808 11.3826 -181.478 42.642 10.285 -183.774 9.31304 10.8349 -180.19 
8.2365 12.6417 -180.939 36.0913 15.9538 -182.189 -0.221703 32.0447 -181.692 
39.7175 -8.20825 -182.032 -11.7336 -5.29545 -178.028 -13.9684 0.818403 -180.202 
-16.0535 5.08587 -179.406 -16.8931 7.27794 -179.179 22.736 7.01334 -180.848 
41.5067 14.1725 -182.964 1.44179 30.9002 -182.123 1.44133 31.9921 -180.65 
23.7486 -19.7789 -177.487 11.0545 -13.9294 -177.806 39.5645 -10.1745 -180.915 
15.6774 4.93166 -179.937 43.7364 4.23139 -183.353 42.9923 6.28256 -183.957 
43.232 12.4806 -183.108 -16.72 15.3451 -180.965 31.602 14.6547 -181.721 
38.2479 15.8999 -182.437 33.7802 15.9162 -181.733 34.0975 -20.509 -178.995 
32.2834 -21.7001 -178.644 -4.91988 -14.0666 -177.808 -3.16991 -15.728 -178.189 
19.6668 -14.8668 -178.46 37.8841 -15.098 -179.771 39.3323 -12.0198 -179.718 
17.27 3.90554 -180.662 20.7222 6.13904 -180.064 30.0434 13.5043 -181.716 
40.1106 15.6251 -182.576 -1.97349 33.1146 -181.012 30.6521 -22.5762 -177.971 
0.285579 -17.8683 -176.622 -6.57698 -12.3306 -177.422 13.0203 -13.7675 -177.511 
-10.777 -7.34948 -177.082 -15.0906 2.64469 -179.464 44.1071 2.33423 -182.293 
12.9801 6.93215 -179.124 28.3363 13.3839 -181.077 -16.5765 17.583 -181.001 
6.70711 20.3395 -180.409 -14.8299 27.6353 -181.777 28.3894 -22.4784 -177.5 
17.562 -14.2328 -177.868 15.3225 -13.8901 -177.48 40.702 -6.40634 -181.51 
25.6029 11.0614 -180.726 24.03 9.39122 -180.468 21.3518 -18.8519 -176.619 
20.4286 -16.9 -177.524 42.1556 -2.41764 -181.905 45.0848 6.38798 -182.753 
45.0641 4.21778 -182.151 44.0385 8.49667 -183.497 -17.6022 14.1211 -179.332 
6.7328 26.3313 -179.691 -13.4823 31.1683 -180.94 37.1217 -17.2575 -178.844 
-17.4792 9.52029 -179.088 14.7454 6.17006 -178.307 4.57691 29.7484 -180.401 
-12.1695 32.8241 -180.616 25.9997 -21.2491 -177.565 -1.85983 -17.0718 -176.449 
-8.21096 -10.6952 -176.895 18.3978 5.45934 -179.345 -17.6782 11.8399 -179.204 
-15.7458 24.2848 -180.824 -15.4179 26.6053 -180.428 8.28501 -16.4433 -175.7 
9.30132 -15.1159 -177.191 -17.3184 5.91671 -177.61 22.0242 8.24474 -179.513 
29.7112 15.5649 -180.58 5.87541 28.1817 -180.105 2.99542 31.0493 -180.576 
-8.23222 33.6613 -181.435 -5.97567 33.4893 -181.694 35.7337 -19.1114 -178.958 
18.366 -16.1369 -176.813 44.8275 10.761 -182.904 -17.4283 16.313 -179.319 
41.7087 16.3065 -182.081 -14.8384 29.0608 -180.061 16.2285 -15.5566 -176.27 
38.962 -13.8122 -178.602 -13.2032 -3.78891 -176.746 -16.5061 3.85522 -177.634 
8.49307 11.9874 -179.252 31.8805 16.8922 -180.682 -3.99728 34.1609 -180.04 
40.6017 -8.43818 -180.093 13.7523 7.24039 -176.757 10.5696 9.35644 -179.026 
43.63 14.7456 -182.271 6.64925 17.7908 -180.282 6.81956 22.5999 -180.738 
-10.4544 33.412 -181.093 11.6644 -15.1018 -176.299 45.9378 8.91977 -182.347 
24.414 11.8778 -179.378 -18.1774 15.1402 -178.002 37.3559 17.7992 -181.407 
0.22554 33.1561 -179.602 22.1907 -20.699 -175.545 6.56509 -17.2239 -175.257 
17.1427 -17.2495 -175.139 -15.8489 1.81921 -177.193 46.1098 5.42173 -181.121 
20.2408 7.30331 -178.505 22.9352 10.1097 -179.086 26.4065 12.9006 -180.308 
7.54831 13.6799 -179.321 39.6118 17.4339 -181.706 35.4094 17.5719 -181.256 
32.3258 -23.0887 -177.175 30.2689 -23.805 -176.59 24.1959 -21.7837 -175.953 
19.2409 -17.9832 -175.831 13.9608 -15.2077 -176.057 -14.6006 0.382698 -178.456 
-18.5009 13.1746 -177.686 45.3537 13.0585 -182.132 33.9123 18.244 -180.507 
6.99678 24.2381 -179.218 34.1535 -21.9474 -177.384 10.2621 -16.2836 -175.088 
40.306 -10.3917 -178.722 41.777 -4.58231 -180.851 16.8265 6.00704 -177.898 
46.495 7.3616 -181.542 12.0278 8.14044 -177.796 2.48522 32.3377 -179.064 
-1.74694 34.0402 -179.305 -3.76259 -15.656 -176.127 -9.7693 -9.26475 -176.025 
-13.9545 -1.71659 -177.63 -18.24 8.1489 -177.223 32.23 18.9584 -179.57 
-16.3726 23.0958 -179.22 4.27007 31.2 -178.764 -14.3539 31.2512 -178.719 
-13.0841 32.87 -179.086 26.1486 -23.024 -175.898 -8.69631 -11.0351 -174.88 
43.3183 -1.15935 -180.966 30.4951 17.7042 -179.726 -16.7964 20.8049 -179.228 
-16.0064 25.3736 -178.916 20.1273 -19.742 -174.845 42.9162 -2.86718 -179.988 
21.569 9.34391 -177.97 28.5687 17.4597 -178.949 38.7415 19.6547 -180.341 
-9.06368 34.6224 -179.478 33.9544 -23.2538 -175.77 1.93994 -18.276 -174.729 
-0.292787 -17.9267 -174.652 -5.50545 -14.0143 -175.805 -7.16126 -12.4131 -175.5 
18.6734 6.67515 -177.66 22.7942 11.4304 -177.818 27.4585 15.0515 -179.775 
43.598 17.0005 -181.29 -17.1814 18.5238 -179.206 41.3691 18.4585 -180.985 
6.73743 22.0132 -178.82 35.7067 -20.5294 -177.256 14.9348 -16.6916 -174.708 
-17.6168 4.61131 -175.976 -16.8963 2.93196 -175.984 -18.2603 6.34748 -176.104 
44.2344 0.647924 -180.776 47.2914 9.36374 -180.632 46.6206 11.2825 -181.643 
36.0755 19.2707 -180.338 5.73693 29.7441 -178.464 4.42507 -17.9985 -174.582 
12.6087 -16.3561 -174.684 11.2797 -17.3415 -173.32 39.8463 -12.3326 -177.502 
45.4244 3.00828 -180.388 43.3648 19.1217 -180.135 36.6968 21.1296 -179.109 
-16.5873 24.2483 -177.42 -15.6334 27.6299 -178.403 28.1318 -24.2318 -175.533 
18.096 -18.9185 -174.098 -12.391 -5.93104 -175.495 -14.6054 -2.19637 -175.521 
-18.5695 10.748 -177.494 25.548 14.2521 -178.954 45.5543 15.3922 -181.215 
34.3809 20.2088 -179.338 -11.3038 34.0813 -179.203 -6.63666 34.6054 -179.798 
36.9451 -18.8879 -177.015 3.28156 -18.3781 -173.065 15.9539 -18.2393 -173.455 
8.64886 -17.368 -173.723 -2.38104 -16.9107 -174.427 -11.1999 -8.06213 -174.75 
-10.1133 -9.88089 -173.778 41.5134 -6.61061 -179.486 -15.2765 -0.199384 -176.371 
26.4504 16.3218 -178.337 6.68132 15.8732 -178.986 6.35541 19.7545 -178.594 
3.67562 32.5063 -177.147 -4.33618 -15.4711 -174.1 30.492 19.3706 -178.627 
30.104 -25.1496 -174.92 38.3672 -15.7286 -177.639 -13.8978 -4.09172 -174.572 
-16.5176 1.29296 -175.107 -19.3733 9.67735 -175.731 9.47381 10.7358 -178.02 
45.4783 17.6296 -180.163 22.8363 -22.1531 -174.512 6.50537 -17.8704 -173.475 
42.4464 -4.81266 -178.813 8.23849 12.3924 -177.586 41.1173 20.5036 -179.649 
6.77331 27.9622 -178.107 32.0908 -24.3973 -175.617 36.7333 -20.0567 -175.219 
47.0326 13.7054 -180.788 35.5086 -21.7602 -175.558 20.9354 -21.5199 -173.556 
23.9674 13.5229 -177.78 6.93846 23.7038 -177.298 37.8401 -17.3602 -176.769 
-15.9111 -0.650894 -174.211 -15.2128 -2.53981 -173.322 46.4773 4.92932 -179.009 
19.8788 8.32942 -176.523 38.9971 21.7838 -178.754 7.18696 25.9036 -177.696 
17.8484 7.07277 -176.19 47.0078 7.01675 -179.893 -19.4669 12.289 -175.775 
21.4639 10.6222 -176.181 34.8264 22.0035 -178.026 19.0535 -20.3277 -173.32 
13.6655 -17.652 -173.21 47.8318 11.9757 -180.061 24.3328 -23.2665 -174.364 
17.1766 -19.9717 -172.181 -17.7591 3.08169 -174.006 43.9848 -1.08528 -179.256 
15.777 6.7914 -176.213 24.9706 15.3415 -177.669 27.1664 18.0974 -177.621 
-17.7141 19.5998 -177.127 -17.0588 22.0787 -177.515 5.31117 31.2061 -176.814 
-7.68439 -12.4788 -173.878 39.2554 -14.2951 -176.401 -19.1262 7.49317 -175.12 
10.886 9.43121 -176.593 -18.9363 15.1129 -176.197 47.9941 10.6137 -179.101 
-18.0663 17.0596 -177.552 47.1857 16.0501 -179.756 6.22474 17.8313 -178.344 
32.5821 20.824 -178.354 37.0736 22.8848 -177.604 -16.1992 26.3933 -176.91 
1.72301 33.5069 -177.517 -0.803366 -17.6893 -172.709 41.3003 -8.47298 -177.652 
-13.3857 -5.56099 -173.45 42.0669 -6.46285 -177.741 7.08887 14.3524 -177.443 
47.1344 18.1916 -178.664 45.3432 19.594 -178.988 43.3011 20.9785 -178.767 
-12.345 34.318 -177.364 33.4133 -24.5595 -174.202 26.1266 -24.487 -174.097 
14.774 -19.0298 -171.806 5.18403 -18.2781 -172.299 -2.92145 -16.626 -172.445 
40.6828 -10.7595 -176.392 45.0042 0.890569 -178.696 -17.7129 21.522 -175.619 
-13.8528 32.9166 -177.225 -2.70854 34.9033 -177.941 -5.12475 35.2796 -178.089 
1.38274 -18.2825 -172.845 43.4607 -3.00674 -177.939 44.4989 -1.08186 -177.151 
47.5697 8.75441 -178.582 48.1728 14.3454 -179.058 6.26387 16.5672 -176.77 
25.502 17.1657 -176.621 28.7521 19.5794 -177.558 6.37142 21.4345 -176.986 
-0.422775 34.3132 -177.765 -7.50482 35.4991 -177.857 7.62324 -18.2061 -171.579 
37.7364 -18.2014 -175.051 42.8821 -4.99783 -176.809 22.7126 12.8445 -176.149 
41.2545 22.2934 -178.086 32.9341 22.5269 -176.987 -15.2036 29.7936 -177.662 
22.579 -23.1491 -172.962 19.137 -21.4524 -171.959 12.5048 -18.4215 -171.725 
10.155 -18.1417 -171.761 38.5607 -16.2689 -175.463 -8.8859 -11.627 -172.789 
45.9292 2.88745 -177.873 47.0629 6.7352 -177.639 28.0944 -25.5874 -173.694 
-6.19939 -13.8717 -173.903 9.4311 11.1124 -175.567 23.9249 14.9994 -176.302 
39.3098 23.445 -177.097 -14.7453 31.5173 -176.924 -10.0663 35.3729 -177.155 
-5.18719 -15.1557 -171.955 18.748 8.22039 -174.82 6.01551 19.103 -176.82 
7.27618 27.5709 -176.134 35.026 -23.0127 -173.959 36.2974 -21.2158 -173.488 
46.6135 4.76808 -176.634 20.14 9.78786 -174.434 48.345 16.6425 -177.902 
48.6633 14.8093 -177.016 27.1018 19.4279 -176.334 35.1228 23.6169 -176.479 
7.22148 25.4123 -175.767 6.62019 23.2037 -175.417 40.0468 -12.8058 -175.255 
12.5781 8.38651 -175.343 21.6207 12.1077 -174.004 48.3436 12.5427 -178.205 
7.85577 13.0486 -175.751 30.7551 21.182 -177.321 31.7356 -25.4728 -174.221 
39.3316 -14.8196 -174.222 -12.4429 -7.10898 -173.144 -18.6283 5.4209 -174.461 
-19.7453 14.1888 -174.593 2.88319 33.6198 -175.51 -20.0337 8.79557 -173.837 
11.2085 9.71688 -174.19 -18.6297 17.7121 -175.609 46.9122 19.8371 -177.744 
6.57938 29.5527 -176.488 -3.82956 35.7894 -176.037 30.1631 -26.2144 -173.238 
-7.31094 -13.3476 -172.212 -20.0923 10.7242 -174.46 15.8152 -20.4079 -170.358 
13.706 -19.5722 -170.171 3.33287 -18.3299 -171.001 14.7537 7.83384 -174.236 
43.5609 22.5316 -177.187 45.4543 21.172 -177.601 31.0891 22.7966 -175.883 
37.4416 24.5586 -175.659 -15.7972 28.5345 -176.215 -6.0721 35.96 -176.55 
-11.4099 -8.83474 -172.375 42.2423 -7.03766 -175.946 17.0222 7.67213 -174.405 
6.85889 14.7273 -175.751 25.6462 18.7716 -174.884 28.9804 21.2786 -176.122 
-17.1376 23.3238 -176.07 6.09335 31.0201 -174.827 -1.31562 35.1873 -176.139 
26.105 -25.6544 -172.304 24.2682 -24.4659 -172.602 -17.0924 0.832189 -172.904 
-19.4504 16.2685 -174.143 -11.7347 35.3087 -175.687 0.837473 -18.0143 -170.928 
-1.35513 -17.365 -170.81 -16.4068 -1.0722 -171.968 -18.3237 19.6716 -175.126 
33.1543 23.9776 -175.471 -16.7793 25.1576 -175.465 -5.82214 36.3713 -174.724 
20.8306 -22.8167 -171.665 17.7692 -21.4566 -170.536 19.3827 -22.4847 -170.607 
-8.81539 -12.4388 -170.369 -10.2687 -10.559 -171.431 -19.6209 6.57993 -173.081 
22.9595 14.3195 -174.51 -15.2816 30.7929 -175.299 9.4736 -18.6472 -169.986 
-12.4965 -7.83415 -171.136 -18.9354 4.38677 -172.397 45.441 0.910783 -176.527 
-20.2847 12.4979 -173.784 4.62764 32.4922 -175.145 0.884752 34.4961 -175.876 
32.244 -25.9352 -172.601 30.3669 -26.9319 -171.793 28.1761 -26.7266 -171.743 
37.3857 -19.2449 -173.14 38.4844 -16.9427 -173.126 27.3111 20.9086 -174.771 
5.96494 20.7788 -174.933 11.5576 -18.9517 -170.18 -14.4828 -4.30798 -172.382 
18.4354 9.13297 -172.873 24.2101 16.5154 -174.764 -7.92687 36.1704 -175.74 
48.2151 18.8062 -176.839 41.7399 23.8908 -176.158 -3.45467 -16.431 -170.524 
43.898 -3.17389 -175.826 46.2176 2.79166 -175.678 47.3542 8.61858 -176.309 
47.9211 10.6237 -177.304 24.6222 17.9416 -173.118 5.88775 18.1224 -174.946 
24.3499 -25.4846 -170.881 -6.82736 -14.2751 -170.29 41.5334 -9.18959 -175.127 
47.0141 6.63191 -175.217 22.3952 13.9029 -172.749 7.43111 13.8959 -174.099 
35.0801 24.9917 -174.687 -16.3299 27.2592 -174.781 7.12539 29.1749 -174.517 
22.5048 -24.2136 -171.156 -11.6544 -9.34843 -169.768 -13.6529 -6.09608 -171.229 
-17.347 0.202885 -170.919 -18.205 2.14998 -171.257 45.0395 -1.10482 -174.819 
21.4256 12.809 -171.543 -20.2312 14.625 -172.9 6.42003 15.8632 -174.506 
-18.3753 21.0055 -173.68 29.373 22.9461 -174.359 47.3546 20.7939 -176.25 
-13.2521 34.2648 -175.535 12.6839 -19.7726 -168.59 5.81349 -18.3898 -170.219 
4.46493 -18.2574 -168.755 -5.17645 -15.526 -170.049 -15.6413 -2.90546 -171.057 
-10.3362 -11.0761 -169.419 43.2273 -5.31934 -174.755 -20.6485 10.4717 -172.748 
39.694 24.657 -175.553 31.5568 -26.8666 -170.794 34.2115 -24.3439 -172.449 
-20.5495 8.02544 -171.496 16.4543 8.4228 -172.755 20.1849 10.9159 -172.318 
48.2138 12.7792 -176.106 -17.5427 23.5119 -174.041 31.4947 24.0601 -174.554 
-10.1541 36.124 -174.38 -12.3655 35.3329 -173.872 20.7232 -23.6826 -169.952 
40.822 -11.3126 -174.134 25.97 20.1095 -173.281 27.4447 22.0725 -173.076 
-15.8928 29.2746 -174.003 1.87557 34.5322 -173.873 -19.0078 18.6379 -173.701 
48.8591 17.1051 -175.779 39.0529 25.649 -173.997 7.43473 27.0797 -174.182 
-14.4499 32.7278 -175.409 26.0834 -26.4414 -170.828 7.69919 -18.5301 -169.586 
-2.00685 -17.0909 -168.951 -19.831 5.52707 -170.982 45.855 1.03937 -174.818 
33.0312 25.0943 -173.82 7.00285 24.9487 -173.846 39.3643 -15.1313 -172.4 
45.7265 22.4629 -176.016 29.5049 -27.443 -170.303 35.5769 -22.5307 -171.963 
15.0069 -20.8219 -168.459 10.8471 -19.163 -168.783 40.0822 -13.3499 -173.106 
46.5596 2.40684 -173.723 46.8387 4.56074 -174.347 9.84643 11.2127 -173.111 
47.5236 10.6867 -175.107 33.2772 -25.5604 -170.959 36.7446 -20.5019 -171.146 
2.27849 -18.0522 -169.036 13.037 8.96956 -173.025 -20.8605 12.5463 -171.863 
8.57128 12.3101 -174.098 5.69865 19.354 -173.224 6.06916 17.0926 -172.92 
3.70257 33.5698 -173.446 16.8116 -21.556 -169.212 0.107445 -17.6789 -169.083 
-0.683935 -17.4149 -167.575 -14.8523 -4.50472 -170.449 48.535 15.0349 -174.853 
44.0541 23.5966 -175.712 30.8697 24.7649 -172.853 -0.159642 35.2743 -174.323 
18.69 -22.7517 -169.101 -4.10625 -16.2609 -168.669 41.6307 -9.82186 -172.949 
42.5049 -7.55886 -173.599 -19.1582 3.71898 -170.522 14.9628 8.92301 -171.933 
36.8598 25.8989 -173.504 -7.96238 -13.7348 -168.34 44.2727 -3.54877 -173.698 
43.5712 -5.61802 -172.687 23.4029 15.7428 -172.86 7.06301 14.9184 -172.437 
34.6817 26.041 -172.769 -14.8761 32.4258 -173.756 -6.11247 -15.1509 -168.516 
-13.175 -7.43365 -169.186 -14.4921 -5.53655 -168.882 -16.7675 -1.46834 -169.408 
41.2399 25.253 -174.266 -16.388 28.0215 -172.648 -16.9139 25.9358 -173.368 
-13.9288 33.9655 -173.603 27.2318 -27.2362 -169.829 22.6827 -25.1707 -169.228 
20.4894 -24.1523 -168.279 11.5297 10.3084 -171.966 48.6494 19.6054 -174.556 
47.4611 22.0194 -174.506 -15.9408 29.7745 -172.113 13.4323 9.90806 -170.938 
6.27743 22.8988 -173.512 40.7456 26.2389 -172.463 38.6012 26.6087 -172.052 
7.38109 28.6573 -172.54 -7.74833 36.5821 -173.423 38.8955 -16.3008 -170.945 
37.8949 -18.3199 -171.123 -9.61945 -12.1875 -167.951 8.45423 12.9224 -172.389 
45.6496 23.6437 -174.403 43.4883 24.6342 -174.363 -15.4482 31.1502 -172.876 
5.30318 32.3036 -173.108 -2.06782 35.7742 -174.679 17.0209 9.70715 -170.92 
47.1487 8.65466 -173.958 22.64 14.9479 -170.736 28.8291 23.6291 -172.566 
2.47824 34.4269 -171.795 -9.58658 36.5008 -172.033 32.4879 -26.396 -169.71 
9.97606 11.9322 -171.007 29.3363 24.644 -171.027 25.0246 -26.4423 -169.459 
34.6729 -23.8725 -170.589 33.6858 -25.0878 -169.299 35.7608 -22.1271 -169.927 
-11.0869 -10.55 -167.629 5.78959 21.2533 -173.058 -18.3373 22.7461 -171.735 
-13.0395 35.0314 -171.58 18.835 -23.3203 -167.581 17.1042 -22.2083 -167.799 
6.64354 -18.4477 -168.246 42.3348 -8.62806 -171.85 -19.9285 17.1927 -171.931 
48.7661 17.2325 -173.56 26.2735 21.1072 -171.875 6.62288 30.6508 -172.832 
45.3149 -1.97707 -172.508 -17.5141 24.7468 -172.194 42.9274 25.6756 -172.614 
-11.3525 36.0209 -172.503 -1.55808 35.8649 -173.002 26.2374 -27.2895 -168.238 
-15.655 -3.62755 -168.892 -17.8993 0.577679 -169.094 18.9083 10.4463 -171.054 
47.7365 12.8997 -173.954 23.9482 17.1605 -171.139 25.1399 19.3 -171.542 
-17.0192 26.6661 -171.051 4.1986 33.3522 -171.358 -2.64188 -16.8926 -166.865 
-12.5294 -8.70762 -167.387 46.0276 0.228577 -173.189 48.0137 15.0529 -172.714 
1.41617 -17.7372 -167.081 3.41967 -18.0121 -167.407 9.07166 -18.8336 -167.984 
39.9598 -14.0452 -170.835 40.8716 -11.8339 -171.967 -17.4423 -0.801606 -167.072 
27.3779 22.7819 -171.03 6.68177 24.4917 -171.873 7.32781 26.5372 -172.206 
15.6434 -21.5896 -166.497 44.5596 -4.0829 -171.585 46.9653 1.69515 -171.841 
47.3011 6.51695 -172.592 -21.3222 12.4285 -169.827 -21.1488 10.2979 -170.693 
5.80384 18.4244 -171.33 0.542788 35.2486 -172.373 5.3028 -18.1692 -166.824 
47.136 23.2985 -172.858 -16.2763 29.0392 -170.594 -15.5531 31.2907 -170.465 
30.9861 -27.277 -169.145 24.0752 -26.3379 -167.873 -0.397704 -17.3988 -165.887 
41.7525 -10.1684 -170.907 43.0063 -7.2168 -171.762 -18.8408 2.44206 -168.955 
20.0968 11.8869 -170.223 45.1659 24.7345 -172.697 -14.6709 33.1313 -171.63 
-13.9972 34.2375 -169.902 -3.22895 36.2661 -171.786 -3.67985 36.2347 -173.807 
11.377 -19.527 -167.229 6.60401 16.2493 -170.821 -19.1815 20.0187 -171.876 
48.7926 19.2514 -172.181 48.443 21.4196 -172.757 5.99182 22.5555 -171.612 
32.7766 25.8698 -172.236 5.72897 31.9282 -171.085 7.57342 -18.4796 -166.37 
-8.79762 -13.2611 -166.132 -15.2365 -4.73543 -166.919 -16.3901 -2.74597 -167.001 
43.7675 -6.05202 -170.671 5.64487 20.5709 -171.512 47.954 22.7653 -171.47 
31.4125 25.8939 -170.865 13.5119 -20.4344 -166.851 -7.02071 -14.7526 -166.558 
46.3521 -0.512958 -171.22 11.8925 11.2457 -169.886 21.3536 13.6394 -169.354 
44.4269 25.7292 -170.72 -5.49094 36.5625 -172.487 -1.0965 35.7701 -171.13 
37.366 -19.2647 -169.258 38.3241 -17.4767 -169.254 -13.9457 -6.7356 -167.075 
-20.4967 6.42542 -169.325 -21.0677 8.38801 -169.551 15.2117 9.96707 -170.246 
-20.7845 14.7219 -170.92 47.1634 10.8398 -172.931 40.4497 26.9537 -170.571 
42.2603 26.44 -171.129 36.3853 26.8088 -171.447 22.0194 -25.2669 -167.322 
-18.422 1.12058 -166.948 -19.7135 4.3383 -168.979 47.2994 3.97193 -172.272 
14.1978 11.1238 -168.813 8.24279 14.0381 -170.218 -7.50138 36.6012 -170.881 
-9.53972 36.4369 -170.222 -5.03393 -15.9577 -166.85 42.7922 -8.20407 -170.017 
0.887701 35.069 -170.371 32.459 -26.2518 -168.273 34.8432 -23.3986 -168.667 
36.5275 -20.7463 -169.143 9.87852 -19.0277 -165.931 40.9756 -12.0294 -169.826 
47.206 8.99799 -171.684 25.7824 20.7363 -170.176 27.9697 24.0247 -169.162 
20.0618 -24.2054 -166.683 17.9116 -22.9604 -166.144 -21.4339 9.98476 -168.372 
-21.6329 12.455 -167.756 47.0422 11.1883 -170.882 22.3602 15.1892 -168.623 
-17.8037 24.7684 -170.715 46.6007 24.2796 -171.168 -11.2261 36.0421 -170.686 
-4.00121 -16.4919 -165.412 -10.3693 -11.6215 -165.833 47.7729 7.52446 -170.172 
47.9533 5.28912 -170.512 47.2568 12.9799 -171.91 6.11493 17.7882 -169.364 
28.7434 -27.7184 -168.333 33.7633 -24.6753 -167.531 35.842 -21.7341 -167.968 
8.3964 -18.5186 -164.563 16.5088 10.9585 -168.904 5.65262 19.8108 -169.686 
33.9011 26.7407 -170.598 7.36786 28.0415 -170.545 6.89757 30.1167 -170.85 
45.5819 -2.61207 -170.415 48.2325 17.0283 -171.328 -19.358 3.11981 -166.941 
18.456 11.2515 -169.348 -21.3056 14.5149 -168.95 47.4168 14.852 -170.629 
24.5701 18.6624 -169.558 5.7722 21.9019 -169.656 -15.9476 30.2666 -168.54 
34.9129 -22.9312 -166.731 1.45257 -17.6201 -165.201 0.107039 -17.4084 -164.036 
-2.14208 -17.0263 -164.728 44.7319 -4.59492 -169.488 23.4119 16.6907 -169.048 
-20.0115 19.1122 -170.121 -19.3027 21.4405 -170.017 -4.86017 36.3445 -170.084 
-20.2382 5.24806 -167.206 10.2623 12.7989 -168.884 12.3324 12.272 -167.8 
7.059 25.9504 -170.183 31.9479 26.6384 -168.863 36.8003 -20.0753 -167.515 
39.258 -15.6296 -169.036 38.6453 -16.7901 -167.719 -11.8155 -9.85929 -165.6 
-13.2342 -7.93698 -165.369 -20.972 7.45461 -167.723 47.0137 13.0212 -170.219 
29.8444 25.565 -169.153 6.09474 -18.1142 -164.956 48.4947 21.1266 -170.819 
38.2692 27.3039 -170.062 36.1269 27.4295 -169.387 25.3808 -27.1171 -166.737 
21.4778 -25.0983 -165.678 41.92 -10.1975 -168.82 19.9023 12.8348 -168.182 
21.3435 14.5446 -167.307 26.4134 22.1312 -168.834 -15.1445 32.2462 -168.185 
-14.8132 33.0833 -169.546 -8.66839 36.2771 -168.832 -6.76727 36.3187 -168.932 
23.3919 -26.149 -166.244 3.56756 -17.8558 -165.488 -15.7877 -3.9546 -164.952 
-16.8866 -2.01083 -164.982 47.3483 0.95028 -169.922 -20.7075 16.7745 -169.724 
-18.5304 23.6932 -169.51 6.35105 23.9431 -169.803 27.2484 -27.7182 -167.066 
30.8779 -27.2153 -167.412 37.7901 -18.3403 -167.501 -5.77758 -15.6422 -164.981 
-9.56961 -12.4812 -163.722 40.1996 -13.7334 -168.553 43.8074 -6.54166 -168.581 
7.22241 15.9116 -168.631 25.157 20.1564 -168.142 -12.6434 35.2217 -169.265 
-2.64645 36.0553 -170.172 47.4273 9.73299 -169.524 23.977 18.1897 -167.462 
-16.732 28.0675 -168.798 -19.795 4.16307 -165.062 34.1481 27.3496 -168.189 
-10.7307 35.9406 -168.815 16.3004 -22.0566 -164.858 12.095 -19.8434 -165.493 
18.0969 12.2755 -167.432 22.7098 16.3112 -167.081 -20.0601 20.5076 -168.658 
2.73089 34.1283 -169.68 -5.19935 35.8071 -167.596 33.7247 -24.3034 -165.746 
-7.67588 -14.3087 -164.419 39.4315 -15.1716 -166.864 16.0446 12.0497 -167.102 
5.6665 20.911 -167.807 -17.6349 25.8615 -169.046 47.5232 23.1792 -169.627 
42.5233 26.7333 -169.369 -11.0661 -10.8284 -164.141 47.8158 3.08453 -170.421 
32.4632 -25.9408 -166.631 14.2236 -20.8853 -165.141 -1.75557 -17.0077 -162.604 
41.0935 -11.9411 -167.781 -21.3034 16.3686 -167.788 5.80419 19.1318 -168.136 
6.04821 23.2247 -167.389 -3.04428 35.8082 -168.599 2.40756 -17.6465 -163.681 
-17.8553 -0.154047 -164.981 46.6134 -1.14188 -169.209 48.475 4.14374 -168.741 
47.1065 11.9256 -168.941 8.86647 14.4233 -167.698 -20.7116 18.6338 -168.262 
6.44508 17.6246 -167.335 5.97981 31.3387 -169.165 -13.9109 33.9782 -167.971 
-0.995347 35.5201 -169.31 10.6491 -19.1794 -164.209 -20.646 6.50628 -165.361 
4.46929 32.8919 -169.292 -7.63335 35.8592 -167.258 29.1222 -27.6214 -166.188 
24.7254 -26.8016 -165.148 40.3759 -13.3411 -166.851 14.1973 12.2479 -166.901 
48.2867 18.973 -169.967 4.70707 -17.8521 -163.495 -4.08269 -16.3947 -163.728 
-12.4185 -9.01315 -163.451 47.0588 14.1311 -168.711 -19.4591 22.429 -168.058 
28.45 24.8684 -167.29 26.7976 -27.5315 -165.632 6.95026 -18.1329 -163.196 
-17.2009 -1.19448 -163.01 22.7948 -25.8218 -164.605 19.5936 -24.0069 -165.124 
36.0097 -21.1399 -166.074 45.7375 -3.09796 -168.387 48.4626 6.32267 -168.526 
-21.591 10.5335 -166.194 -21.6422 14.3977 -167.24 47.4811 16.6252 -168.836 
26.8419 23.1622 -167.218 18.0033 -23.0624 -164.609 -14.5686 -5.95224 -165.133 
42.855 -8.45304 -167.674 -18.7984 1.91427 -164.588 47.6061 10.7006 -167.424 
48.112 8.49306 -168.019 21.4943 15.698 -165.11 23.2167 17.7387 -165.389 
6.92274 29.4621 -168.898 6.10032 30.6219 -167.594 0.836346 34.7061 -168.36 
20.9445 -24.7664 -164.067 38.361 -17.0936 -166.021 -13.7962 -7.10794 -163.772 
-16.1858 -3.08899 -162.956 10.7953 13.5212 -166.697 30.3309 26.1672 -167.194 
-12.0125 35.0915 -167.327 2.69042 33.4923 -167.322 -1.30345 35.1303 -167.527 
0.914438 -17.445 -162.276 37.1729 -19.1017 -165.484 -20.4695 20.6709 -166.682 
-18.4704 24.6491 -167.451 40.1796 27.4086 -168.282 -9.86169 35.6599 -167.148 
34.9528 -22.3952 -164.672 33.49 -24.1132 -164.023 9.20089 -18.6182 -162.874 
-6.13478 -15.3281 -163 -7.99674 -13.8629 -162.225 -9.5746 -12.1839 -161.22 
-10.9958 -10.7235 -162.266 -21.2786 8.56913 -166.484 19.7434 13.7823 -166.17 
13.0232 13.1478 -165.443 7.72176 16.0168 -166.314 6.7515 25.3794 -168.139 
46.0898 24.9322 -169.615 32.3298 27.0002 -166.68 44.6328 25.9179 -168.547 
37.8832 27.6938 -168.376 39.0546 -15.5129 -164.68 41.0037 -11.9746 -165.83 
48.12 2.25057 -168.797 31.1374 -26.857 -165.925 19.1042 -23.6732 -163.619 
47.1553 12.9662 -166.984 7.14905 27.3842 -168.562 28.2528 -27.4496 -164.394 
3.46969 -17.6797 -161.711 40.0529 -13.7134 -165.207 41.9245 -10.2616 -166.717 
-14.9111 -5.26634 -162.958 44.7961 -4.94239 -167.365 43.7671 -6.80619 -166.411 
17.7188 13.1445 -165.544 46.9704 15.2399 -166.758 47.579 18.8521 -167.737 
47.9905 20.9654 -168.729 32.3175 -25.654 -165.001 12.8518 -20.1243 -163.878 
15.5057 12.9173 -165.299 42.7481 26.7313 -166.937 36.3033 27.7371 -167.305 
4.79476 32.0619 -167.418 -13.0793 33.9908 -165.978 -18.0139 0.399199 -163.196 
48.5596 2.63483 -166.778 48.9088 5.10496 -166.797 9.46734 14.7369 -165.406 
24.6239 19.9192 -165.813 25.7077 21.4792 -167.092 -17.2333 27.0325 -166.755 
-15.3351 31.3452 -166.584 -16.2249 29.3243 -166.817 -6.50405 35.1952 -165.686 
5.87656 19.4626 -166.362 17.1654 -22.5184 -163.427 15.0436 -21.2902 -163.569 
-21.1585 8.61258 -164.626 -21.4916 10.7319 -164.04 -21.7017 15.7789 -165.884 
-21.2848 18.1559 -166.339 47.0553 17.1658 -166.67 46.3122 24.5523 -167.993 
-21.7784 13.0851 -165.502 -8.7928 35.1687 -165.605 42.7267 -8.63246 -165.542 
43.4768 -7.0433 -164.25 22.486 17.3643 -163.291 27.293 23.9368 -165.339 
6.6061 28.7998 -166.763 -3.17601 35.3573 -167.012 26.1169 -27.1681 -164.005 
30.4859 -26.7827 -164.355 11.4666 -19.4021 -162.639 5.65786 -17.903 -162.028 
47.5967 0.332446 -167.677 19.4062 14.4121 -164.12 24.1037 -26.3877 -163.501 
-13.5615 -7.21303 -161.991 -16.3949 -1.99703 -160.727 44.7571 -4.98889 -164.971 
46.628 -1.72791 -167.455 45.8395 -3.25758 -166.391 17.1569 13.6511 -163.592 
-19.4392 23.138 -165.996 6.8995 26.7437 -166.923 -4.25358 34.9784 -165.696 
13.7064 -20.476 -162.349 38.0239 -17.2684 -164.013 -15.507 -3.93424 -161.322 
-17.5078 0.0355245 -161.309 -18.4207 1.75885 -162.078 23.7572 19.1131 -163.616 
25.845 22.0733 -165.41 47.2592 22.7101 -167.465 29.0692 25.4651 -165.358 
-14.4696 32.9337 -166.576 -14.4874 -5.47147 -160.702 14.7697 13.4319 -163.369 
11.2036 13.9635 -164.792 5.71535 21.4579 -165.567 38.4627 27.7374 -166.565 
22.2283 -25.4053 -162.97 36.1766 -20.5365 -164.442 -19.2943 3.52143 -162.903 
-20.0275 5.16115 -163.551 -20.4502 6.83038 -163.021 34.4904 27.4911 -165.879 
5.30297 30.747 -165.901 -12.2232 -8.94257 -161.098 47.9901 0.692476 -165.652 
8.1375 16.0197 -163.679 -16.3024 28.5966 -165.341 0.237237 34.2377 -166.376 
-4.25737 -16.1564 -161.779 38.7306 -15.5409 -162.687 39.6924 -13.8783 -163.256 
10.3587 14.5778 -163.268 6.64968 17.7605 -165.13 -18.1689 25.2366 -165.348 
5.98343 23.481 -164.719 10.1247 -18.8383 -161.334 44.9169 25.4735 -166.512 
36.7394 27.6582 -165.079 40.5836 27.3537 -165.776 -11.0432 34.8126 -165.653 
-2.03374 34.6504 -165.838 -0.421407 -17.2141 -161.108 41.7058 -10.3861 -164.644 
47.3137 20.7132 -166.613 46.2268 23.8614 -166.054 30.8106 26.441 -165.41 
6.52667 27.1363 -165.183 -5.46907 34.3128 -164.076 32.0824 -25.3364 -163.278 
-2.34563 -16.7221 -160.582 7.68771 -18.2135 -161.33 48.7332 7.32058 -166.457 
-15.387 30.3305 -165.05 27.5324 -27.1373 -162.824 -10.8859 -10.4533 -160.052 
47.6009 11.7451 -165.351 -21.0944 19.6061 -164.945 6.51041 25.2085 -166.044 
5.71169 29.1264 -164.495 34.344 -22.6988 -162.829 16.1273 -21.818 -161.929 
40.6888 -12.1335 -163.856 -21.6501 12.779 -163.099 -21.788 15.1281 -163.84 
-16.7981 27.0961 -164.493 43.6593 25.9326 -164.85 -9.51024 -11.7819 -158.976 
-8.06092 -13.4403 -160.051 24.9547 20.9908 -163.553 1.37345 33.1572 -165.01 
-3.14977 34.0787 -164.222 25.526 -26.7256 -162.369 33.1493 -24.0417 -162.546 
36.901 -18.979 -163.104 46.9478 -1.32177 -165.545 48.9985 4.00931 -164.804 
-20.2661 21.5329 -164.483 -15.4619 28.9488 -163.729 -12.0672 33.7271 -164.39 
-7.76021 34.438 -164.105 14.4513 -20.8034 -160.852 1.44366 -17.4413 -160.47 
47.0381 13.9998 -164.984 -21.5669 17.5832 -164.37 20.9018 15.8014 -162.698 
46.8084 22.2095 -165.738 3.51081 32.1905 -165.47 -0.874297 33.7372 -164.552 
35.6323 -20.9631 -162.989 -6.31864 -14.951 -160.967 29.2419 -27.0278 -163.153 
-16.8487 -0.0805306 -159.103 -17.8138 1.66133 -159.871 48.4723 1.92101 -164.307 
48.2348 9.50519 -165.88 12.4918 13.7784 -163.202 5.87034 19.6517 -164.204 
26.331 22.8895 -163.388 -14.0414 32.3852 -164.891 -9.97454 34.3145 -164.201 
-13.2676 -7.14863 -159.869 -18.7288 3.38621 -160.697 12.3211 -19.7181 -161.145 
-12.0111 -8.68423 -158.89 -14.1049 -5.3475 -158.609 -15.2315 -3.68283 -159.419 
42.3664 -8.79921 -163.434 44.0492 -5.55788 -162.67 45.8919 -3.11281 -164.616 
-19.6159 5.13742 -161.647 23.2144 18.5381 -161.795 46.8916 18.7158 -165.536 
-18.9808 23.5776 -163.979 45.9507 22.6467 -164.195 28.0865 24.5738 -163.301 
30.1669 25.8914 -163.481 35.0075 27.2746 -163.56 6.22531 25.4731 -163.88 
30.581 -26.1751 -162.398 20.3814 -24.335 -162.494 22.1546 17.0445 -160.786 
-4.46825 -15.8108 -159.782 -6.38322 -14.5242 -158.885 -21.1728 10.7521 -161.953 
-20.8789 8.81357 -162.522 46.6683 16.4077 -164.561 46.536 20.6421 -164.582 
-15.6295 27.0276 -162.466 32.546 26.8687 -164.149 33.6322 26.7564 -162.172 
37.188 27.1964 -162.701 4.10367 30.7769 -163.893 -2.10208 33.2191 -163.097 
18.4258 -23.1762 -162.161 41.2884 -10.5015 -162.554 49.0757 6.15946 -164.82 
-21.399 16.9089 -162.305 -20.8371 19.521 -162.911 -0.144239 32.6735 -163.14 
5.4986 -17.8726 -160.424 3.44642 -17.6427 -159.561 47.5565 -0.0403196 -163.715 
-21.2655 12.4323 -161.273 -21.4529 14.4771 -161.716 16.3533 13.6261 -161.569 
13.9616 13.4921 -161.315 18.8508 14.4772 -161.812 24.2612 20.0266 -161.537 
40.2539 -12.2137 -161.834 -14.6687 -3.44457 -157.046 -17.4774 25.3588 -163.402 
42.1287 26.7607 -164.856 -11.0051 33.3829 -163.194 -4.38912 33.164 -162.431 
7.41167 -18.1671 -159.406 48.7266 8.25299 -164.332 46.2324 18.624 -163.298 
38.8789 27.4322 -164.248 28.9213 -26.6686 -161.744 9.12158 -18.5145 -160.117 
6.48785 17.9 -162.941 -12.6424 32.4388 -163.211 36.143 -19.6385 -161.405 
5.55103 21.5632 -162.909 23.5724 -25.9342 -161.873 16.1471 -21.7409 -160.45 
-13.6699 -5.28272 -156.832 -12.9677 -6.88668 -157.767 45.2279 -3.75068 -162.924 
25.5626 21.7915 -161.397 -6.94109 33.4608 -162.591 42.9253 -7.28125 -162.157 
48.0873 10.4566 -163.728 -19.5116 21.8254 -162.515 45.0415 24.5182 -164.465 
5.81749 27.4387 -163.082 -0.485963 -17.0836 -159.447 37.8034 -17.0342 -162.001 
46.4146 -1.92989 -163.239 20.6043 15.5453 -160.78 -17.9946 23.6347 -162.227 
45.6758 20.8742 -162.566 5.74366 23.8578 -162.401 29.3579 24.8694 -160.968 
40.8131 26.8542 -163.486 4.51656 29.1953 -162.385 -9.18244 33.4833 -162.812 
31.9887 -24.7023 -161.29 21.6777 -24.9357 -161.353 19.7472 -23.834 -160.938 
34.9512 -21.3826 -161.375 -20.5592 9.15011 -160.843 5.68674 19.5151 -162.346 
-13.6104 27.4179 -160.903 -13.7873 29.3905 -161.996 39.2748 26.7205 -161.848 
-14.1792 30.8837 -163.405 -10.9962 32.1604 -161.982 2.07246 31.9195 -163.459 
-15.8303 -1.78304 -158.239 -19.9457 7.17232 -160.659 48.74 3.25337 -162.643 
43.9226 25.0133 -163.128 33.6104 -23.0383 -161.258 17.7851 -22.6988 -160.693 
-18.9022 5.14535 -159.432 17.6819 13.7241 -160.097 7.26364 16.3355 -161.355 
46.7908 14.6959 -163.215 4.935 22.5335 -160.422 5.08632 20.2047 -160.753 
27.159 23.4722 -161.297 5.64815 25.7524 -161.784 42.5455 26.0045 -163.101 
27.0907 -26.6963 -161.234 30.1467 -25.792 -160.662 -4.56725 -15.4337 -157.729 
-8.01441 -12.9886 -157.869 41.8333 -8.85416 -161.31 47.3562 12.7302 -163.379 
-19.6373 20.0354 -160.976 23.728 18.6632 -159.406 1.46083 -17.3734 -158.529 
37.0318 -18.1389 -161.276 -10.7278 -10.059 -157.815 39.2883 -13.8626 -161.263 
-17.9619 3.36878 -158.521 49.0623 5.22422 -163.009 -20.6394 18.2375 -161.092 
-20.6176 16.0146 -160.085 9.32125 14.9182 -161.469 -16.608 25.0785 -161.975 
2.58241 30.5061 -161.899 -12.8481 31.1932 -162.247 32.7757 -23.3003 -159.667 
15.1082 -21.1098 -159.4 13.1054 -20.0608 -159.653 10.9891 -19.1276 -159.892 
-2.56878 -16.4404 -158.611 -17.0336 1.67654 -157.702 11.5922 13.9587 -161.329 
44.6876 23.2319 -162.198 -2.18531 32.0677 -161.493 28.5243 -26.3187 -160.387 
5.3509 -17.882 -158.507 -6.44728 32.2807 -161.124 -4.51154 31.9527 -160.837 
38.373 -15.3667 -160.653 -11.7898 -8.24916 -156.697 -19.9284 8.63213 -159.433 
-20.5163 10.7518 -159.856 46.2027 16.3299 -161.818 25.12 20.5525 -159.297 
25.1203 -26.2542 -160.747 15.5976 12.9978 -159.317 19.4957 14.4388 -159.598 
-8.66209 32.3277 -161.427 -9.36636 -11.3387 -156.731 48.9699 7.02023 -163.087 
-15.0638 25.4553 -161.001 5.30626 24.3751 -160.709 31.7293 26.1098 -161.697 
-12.0577 30.6249 -161.35 3.28228 -17.6296 -157.618 43.2377 -5.90344 -160.602 
44.3676 -4.15332 -160.825 47.9232 1.29923 -162.009 46.8119 -0.62658 -161.543 
48.3978 8.86064 -161.906 44.7513 21.1396 -160.484 35.4516 26.7368 -161.298 
0.380511 31.4126 -161.635 23.1264 -25.472 -160.278 18.8841 -23.2256 -159.405 
37.4762 -16.7706 -160.052 40.7235 -10.482 -160.377 42.3191 -7.40137 -160.361 
46.8383 13.7725 -161.586 45.5294 18.8823 -161.094 43.0567 24.7411 -161.352 
39.7064 -12.1912 -159.776 -10.5316 -9.57715 -155.586 -16.1195 -0.0161828 -156.967 
21.458 15.5147 -158.703 -16.4683 23.5878 -160.873 21.0392 -24.3832 -159.563 
34.205 -21.7064 -159.797 9.46022 -18.6594 -158.72 45.597 -2.40778 -161.167 
12.8888 13.1315 -159.466 -18.0847 21.8383 -160.843 -6.36609 -14.0898 -156.757 
-18.9115 7.10784 -158.162 47.6062 11.4457 -161.689 5.78786 18.1372 -160.986 
-14.6014 23.693 -159.894 4.68759 27.4593 -160.999 33.573 26.0969 -160.203 
41.2512 25.8862 -161.309 7.51627 -18.2828 -157.432 8.13652 14.8058 -159.696 
22.8623 17.0146 -158.478 4.4947 18.6125 -159.234 -11.9567 29.2249 -160.601 
37.5642 26.389 -160.331 16.982 -22.1586 -159.3 -0.659351 -16.8839 -157.181 
38.785 -13.6977 -159.191 18.1366 13.02 -158.078 10.4577 13.7759 -159.646 
-19.5151 18.1221 -159.574 -18.0319 19.8593 -159.441 -16.0481 21.514 -159.434 
2.93563 28.8713 -160.411 39.6826 25.6344 -159.55 -10.327 30.8488 -160.7 
-20.7388 13.3117 -159.799 -13.2055 25.5742 -159.937 26.987 -26.1372 -159.469 
11.6653 -19.4243 -158.4 -12.9306 23.8557 -159.209 -11.6331 27.4379 -159.736 
0.809743 29.9445 -160.175 31.1602 -24.6317 -159.394 -2.88289 -16.1153 -156.826 
48.7539 4.59469 -161.289 -13.7516 22.0112 -158.804 26.5463 22.2381 -159.339 
27.9975 23.5703 -159.477 22.8344 -25.0908 -158.724 35.4367 -20.0142 -159.808 
-12.7356 -6.34125 -155.746 5.82485 16.2956 -159.317 6.77788 14.2127 -158.062 
-5.94564 30.9201 -159.827 37.8593 -15.1266 -158.546 -19.7515 11.8384 -158.105 
-19.7443 14.2774 -158.263 46.8289 12.4437 -159.857 46.0461 14.7129 -159.682 
-16.4414 19.3997 -158.329 29.2706 -25.5755 -159.122 15.8006 -21.454 -157.962 
-7.87465 -12.5806 -155.712 9.13435 13.2757 -158.117 24.2149 17.4084 -156.964 
35.6582 25.848 -159.054 -8.1735 30.9442 -160.148 10.0553 -18.9134 -157.194 
-17.0068 3.41877 -156.417 48.742 6.49072 -161.308 47.5292 10.2339 -159.838 
11.5801 12.5235 -157.909 20.1779 13.9951 -157.9 -11.2242 25.2118 -158.879 
-9.91995 29.2775 -159.691 -1.13295 30.7542 -160.257 5.04171 -17.913 -156.584 
-11.7896 22.7196 -158.379 25.2612 19.1246 -157.185 24.7372 -25.8145 -159.222 
13.795 -20.3973 -158.139 12.2769 -19.7317 -156.883 1.47615 -17.3465 -156.779 
36.5145 -18.2933 -159.751 -4.53866 -15.07 -155.476 36.8809 -16.7033 -158.134 
-15.3225 -1.5122 -156.396 -19.4013 9.46005 -158.019 14.054 12.0555 -157.589 
16.1977 11.9828 -157.263 4.82591 15.104 -157.733 29.621 23.9586 -158.395 
-3.41925 30.5934 -159.678 2.84378 -17.5937 -155.706 39.0953 -12.1694 -157.981 
39.9127 -10.353 -157.937 43.2788 -4.54773 -158.719 -17.9379 5.08292 -157.308 
-17.7487 6.57871 -156.343 47.9992 7.9251 -159.539 10.1289 11.7811 -156.488 
7.64539 12.5006 -156.59 23.1603 15.682 -156.747 45.3477 17.0729 -159.419 
3.91084 20.8301 -158.916 26.5372 20.838 -157.327 31.5191 25.1906 -159.323 
19.6501 -23.5299 -158.004 34.7053 -20.4084 -158.527 41.2235 -8.45269 -158.904 
-13.6383 -4.28919 -155.17 -16.0847 1.6569 -155.595 5.06626 13.2943 -156.356 
21.757 14.0424 -156.619 3.38122 16.943 -157.802 -17.8081 17.6192 -157.981 
30.5067 -24.2934 -157.609 21.2926 -24.3391 -158.036 45.9117 -1.12074 -159.762 
8.59767 10.9374 -154.994 -9.58273 27.4107 -158.833 17.733 -22.5093 -157.932 
14.3886 -20.713 -156.637 42.2227 -6.38157 -158.684 46.9205 0.841509 -159.538 
48.1457 2.9722 -160.45 19.9818 12.6669 -156.444 -19.3553 16.3134 -158.485 
43.5059 23.0666 -159.814 3.13533 26.9719 -159.178 -18.1742 8.39942 -156.452 
12.6493 11.1551 -156.124 17.995 11.318 -155.787 20.0384 11.3509 -155.023 
3.54199 22.9082 -158.494 -10.1598 23.6225 -158.053 4.64946 25.664 -159.926 
37.8006 25.2389 -158.084 1.0205 28.1358 -158.828 -1.22615 29.2907 -158.988 
-5.25072 29.5627 -158.827 35.6812 -18.5612 -157.898 44.5581 -2.55312 -158.813 
-3.41388 28.642 -158.302 0.290725 -17.0261 -154.875 -6.42225 -13.6685 -154.953 
-9.12263 -10.9374 -154.506 3.01235 14.8527 -156.608 1.16657 16.3862 -156.562 
1.45726 18.1139 -157.078 2.70754 19.3086 -157.827 -14.5898 19.9271 -158.025 
4.52813 24.0824 -159.427 -9.07981 25.4594 -158.104 41.7323 24.5243 -159.343 
28.0682 -25.3598 -157.534 32.0316 -23.4325 -158.307 12.7726 -20.0196 -155.382 
36.1871 -16.5602 -156.249 11.0494 10.3342 -154.77 21.7377 12.3208 -155.083 
-18.352 15.2088 -157.147 26.0002 17.5567 -155.391 27.0926 19.2628 -155.556 
44.6889 19.3054 -159.043 28.0017 22.478 -157.664 -7.53732 29.153 -158.944 
33.6237 25.0263 -157.962 33.4201 -21.7949 -158.054 6.23756 11.5281 -154.932 
-2.20831 -16.2086 -155.177 -14.4934 -2.19867 -154.978 -15.2583 -0.228558 -155.079 
-15.9049 3.53938 -154.404 -18.6022 10.5956 -156.606 15.3563 10.691 -155.51 
4.32191 11.9619 -154.659 23.8023 13.7091 -154.859 44.2673 17.8236 -157.378 
43.7267 21.2266 -158.432 -7.82343 27.1677 -158.174 24.4008 -25.4293 -157.747 
-11.5969 -7.63696 -154.583 13.4866 9.74255 -154.2 -18.6522 12.8858 -156.764 
46.91 9.44195 -157.835 29.8475 22.6195 -156.393 16.39 -21.7513 -156.517 
34.4513 -19.8516 -157 38.1353 -13.1987 -156.846 -16.8474 5.25855 -155.385 
48.0957 5.29502 -159.251 46.6173 11.2849 -158.366 0.887651 14.4813 -155.464 
-1.05364 15.9852 -155.682 25.0142 15.7794 -155.211 -0.5409 18.0155 -156.412 
-12.4396 20.4752 -157.726 -10.1358 21.3329 -157.429 26.0723 -25.7901 -158.165 
45.3785 -0.539182 -157.882 -2.942 17.5622 -155.869 -15.4887 17.7199 -157.006 
45.8516 13.0916 -157.982 2.12021 21.4465 -157.547 -1.27592 27.0239 -157.716 
-5.67591 27.6179 -157.943 8.72021 -18.6147 -156.112 4.63494 -17.9504 -154.695 
37.1749 -14.959 -156.556 -10.3338 -9.02352 -153.443 7.19714 10.0758 -153.294 
19.2216 10.1129 -153.858 17.2941 9.89521 -154.127 4.95003 10.6611 -153.158 
21.2616 10.7189 -153.744 2.79406 13.0905 -155.133 0.580599 19.8629 -156.905 
22.536 -24.7517 -157.17 6.82723 -18.2719 -155.549 -13.4609 -2.86981 -153.103 
44.8406 15.3577 -157.308 31.6024 23.9659 -157.093 -3.58719 26.8753 -157.471 
-7.47466 -12.4343 -153.694 41.1063 -6.82826 -156.804 11.7636 9.04784 -152.966 
23.2381 11.5619 -153.54 25.2497 12.2782 -153.001 -8.48054 23.3835 -157.472 
1.29979 25.9507 -157.845 39.9634 24.0227 -157.264 35.7681 24.6048 -156.924 
20.4718 -23.8179 -156.487 18.3496 -22.7788 -156.503 15.7848 9.15942 -153.246 
-16.8648 16.0506 -156.574 -13.2684 18.3874 -156.864 3.2844 24.9253 -158.467 
40.335 -8.45204 -156.836 -14.4126 -0.848334 -153.634 26.1061 14.1185 -153.696 
42.1919 22.8007 -157.72 -12.5664 -5.47571 -153.776 42.0406 -4.96895 -156.713 
13.9712 8.48129 -152.174 9.50647 9.57686 -153.321 -3.28181 15.461 -154.931 
-1.20192 14.0869 -154.422 -16.9993 13.776 -155.686 -13.9496 16.7118 -155.991 
-11.0832 18.7959 -156.67 31.598 22.6005 -155.51 -16.7077 7.57347 -154.771 
20.669 9.39 -152.254 22.4608 10.154 -152.468 27.0569 15.9258 -154.006 
-8.09148 21.427 -156.969 -7.05513 25.4307 -157.538 -2.77029 25.0801 -156.944 
-0.544412 24.4717 -157.008 38.784 -11.0877 -156.131 39.3817 -9.10698 -155.543 
-14.9094 1.38436 -153.447 47.1654 7.1888 -157.386 2.87136 11.5455 -153.336 
-5.29465 16.7619 -155.389 -2.1332 20.1148 -156.386 -8.83201 19.3749 -156.535 
28.3831 20.9748 -155.847 43.7663 19.6478 -157.376 1.67765 23.6541 -157.447 
33.698 23.3728 -155.751 37.2634 -13.4347 -155.127 -8.75879 -10.6079 -152.181 
27.2077 12.6558 -152.24 -12.174 16.755 -155.728 44.8044 13.3664 -156.231 
29.5879 -24.1943 -156.001 10.6075 -19.1845 -155.724 -3.71673 -15.3237 -153.743 
-5.56471 -14.0321 -153.483 47.3142 3.06617 -158.249 0.86312 12.7516 -153.868 
24.4091 10.4544 -151.672 26.2952 11.3089 -151.598 -5.43958 14.7881 -154.179 
-9.7369 16.8339 -155.485 -4.83797 19.0157 -156.105 -4.90853 25.354 -157.136 
26.0684 -25.4081 -156.751 32.1136 -22.6395 -156.91 31.0533 -23.2355 -156.106 
-11.4354 -6.89411 -152.604 -17.3359 9.78995 -155.256 -17.69 11.6734 -155.649 
-7.53772 15.8007 -154.798 -7.1991 17.9809 -155.874 43.2474 16.6978 -155.436 
-0.0951883 22.0703 -156.803 -4.1399 23.5598 -156.692 42.544 20.8681 -156.499 
22.1863 -24.4427 -155.574 43.1002 -3.17161 -156.744 -15.6008 5.73062 -153.562 
46.0693 1.4575 -157.093 -11.6583 14.8437 -154.439 -15.3557 15.5028 -155.665 
33.2849 -20.8775 -156.142 44.0771 -1.6093 -156.743 -13.5823 15.052 -154.917 
-9.62728 14.5144 -153.952 28.0697 17.6563 -154.193 -6.64344 20.3279 -156.484 
-4.42357 21.4533 -156.464 -2.3496 22.7998 -156.577 35.8649 23.2284 -155.3 
37.6807 23.7959 -156.073 14.8769 -20.9936 -155.17 2.35755 -17.5462 -153.728 
16.1737 7.99813 -151.113 18.2496 8.78072 -152.117 -13.3639 13.0078 -153.704 
-11.5272 12.794 -153.025 30.4457 21.1142 -154.85 35.1185 -18.0944 -155.881 
40.7839 -5.25407 -154.793 -14.7324 3.80288 -152.507 -14.9158 8.40461 -152.994 
-16.0919 9.58475 -154.096 12.0568 8.01156 -151.098 45.524 11.2499 -156.382 
45.8272 8.80471 -155.724 32.5992 21.424 -154.368 6.62214 -18.387 -153.784 
8.74724 -18.7517 -154.728 -10.2498 -8.30989 -151.468 -13.7865 -0.359375 -152.042 
14.1792 7.48892 -150.146 -6.26376 22.9987 -156.904 34.794 21.7487 -154.208 
-12.2883 -4.63239 -151.834 40.0029 -7.15755 -155.03 47.0099 4.97972 -156.914 
-16.4093 11.5068 -154.628 -7.51309 13.9156 -153.329 28.1858 14.3286 -152.755 
42.86 18.8414 -155.783 40.7859 22.0502 -155.782 20.5358 -23.761 -154.918 
16.8819 -22.0075 -155.078 -2.00323 -16.1147 -153.155 44.3512 0.189032 -155.509 
10.3002 8.58399 -151.867 8.35525 8.83681 -151.642 22.4566 9.14264 -150.937 
-3.24663 13.6491 -153.465 43.5351 14.5436 -155.004 29.2068 19.3765 -154.422 
-6.70408 -12.7022 -151.812 -11.2442 -6.13213 -150.708 -13.2871 10.7396 -152.565 
-15.1272 13.3455 -154.524 -14.9047 11.0805 -153.573 24.1354 -25.0702 -156.18 
34.1417 -19.3113 -155.478 36.4529 -14.7182 -154.722 41.7461 -3.41551 -154.772 
18.3322 7.61933 -149.795 20.3934 8.27958 -150.409 1.14719 11.2459 -151.891 
30.2978 14.4684 -152.009 29.1747 12.7809 -151.424 39.0413 22.7027 -155.358 
37.1331 21.866 -154.327 18.8472 -22.99 -155.018 37.7563 -11.7168 -154.585 
6.06078 9.3008 -151.39 3.53938 9.99307 -151.121 45.9963 6.58748 -155.336 
-9.48924 12.6405 -152.381 -1.0361 12.445 -152.676 29.2025 16.0688 -153.088 
10.9439 -19.4273 -154.224 13.1767 -20.2851 -153.899 0.0415656 -16.9012 -152.508 
-5.25995 13.1068 -152.55 31.4474 19.5855 -153.696 27.7271 -24.8508 -155.623 
34.4366 -17.9426 -154.222 42.892 -1.66353 -154.965 30.2957 17.8077 -153.345 
32.0691 -21.7817 -155.25 -4.34025 -14.62 -151.758 -13.8584 1.96614 -151.374 
16.3284 7.10214 -149.038 32.4572 14.6204 -151.534 31.4115 16.227 -152.425 
39.2007 20.9364 -154.225 30.7105 -22.8059 -154.695 29.1461 -23.7509 -154.305 
35.4908 -16.3325 -154.466 36.6671 -12.5563 -153.126 -13.1546 8.36338 -151.433 
-14.206 6.07453 -151.841 -7.23897 12.3169 -151.641 24.3346 9.09347 -149.674 
26.3092 10.1226 -150.129 27.9255 11.3107 -150.723 38.3214 -9.66544 -153.984 
-12.7286 -2.18497 -150.746 -11.3463 10.5701 -151.419 41.1247 19.968 -154.736 
33.1575 -19.7836 -154.171 45.1963 2.43164 -155.116 31.2905 12.8753 -150.831 
46.4536 3.24218 -156.45 -2.94256 12.1279 -151.625 44.2497 10.2631 -154.2 
33.7109 19.89 -153.319 4.3346 -18.013 -152.846 41.7603 15.6432 -153.659 
35.6512 20.3041 -153.316 2.0614 -17.5294 -151.761 -9.19611 -9.46904 -150.398 
40.3637 -3.50624 -152.795 9.9445 7.86577 -150.235 12.028 7.16906 -149.147 
29.8942 11.3344 -149.94 19.527 -23.2676 -153.423 17.372 -22.2712 -153.608 
-7.81199 -11.1823 -150.241 14.2851 6.71226 -148.178 7.6039 8.10614 -149.734 
-9.06782 11.0739 -150.749 33.6326 16.356 -152.021 23.7764 -24.7374 -154.548 
35.7049 -14.4816 -152.931 44.3234 7.928 -153.558 33.7354 13.0257 -150.615 
34.3265 14.8451 -151.402 43.8531 12.4226 -154.58 15.3137 -21.2647 -153.687 
-2.16783 -15.8986 -151.109 41.4398 17.8003 -154.087 8.89167 -18.9559 -153.11 
-0.221914 -16.7776 -150.491 -13.0014 0.318067 -150.169 41.4351 -1.68617 -153 
-13.5039 4.11817 -150.689 5.27442 8.59523 -149.411 -0.674063 11.0699 -150.658 
-4.87844 11.675 -150.695 32.6073 18.0177 -152.788 25.7879 -24.9989 -155.094 
21.7525 -24.1539 -153.974 -10.1244 -7.61432 -149.553 38.8961 -7.58544 -153.428 
9.5294 7.04999 -148.084 45.7548 4.49573 -155.063 -6.80467 10.8988 -149.837 
6.46676 -18.5455 -151.801 34.7472 -16.217 -152.762 43.7937 1.66212 -153.785 
22.3579 8.16862 -149.107 28.2765 10.0735 -149.016 35.7763 16.0863 -151.813 
39.5331 -5.49243 -152.957 42.6781 0.0702335 -153.403 18.453 6.8356 -147.712 
44.8225 5.82981 -153.78 35.9368 14.1202 -151.176 35.1926 18.2637 -152.542 
23.3355 -24.4338 -152.897 33.6582 -17.9059 -152.531 37.2937 -10.218 -152.462 
-12.7672 2.39777 -149.452 39.9942 -1.537 -151 -12.7649 6.18626 -150.191 
25.4054 -24.628 -153.407 13.5216 -20.5469 -152.364 11.2714 -19.6778 -152.698 
20.4486 7.4078 -148.375 26.1832 8.89169 -148.07 42.0802 13.5019 -153.261 
37.8686 15.3153 -151.83 40.0204 14.4315 -152.296 39.7251 16.6131 -152.758 
39.4369 18.7855 -153.333 -11.6192 8.17709 -149.999 44.013 3.81129 -153.239 
42.4686 11.3862 -152.869 40.428 12.2848 -151.855 37.97 12.9635 -151.124 
37.5773 17.4782 -152.404 37.3779 19.6417 -153.148 27.3658 -24.393 -153.877 
38.3721 -5.92354 -151.348 -12.3241 -0.924171 -149.088 6.81828 7.4893 -147.818 
37.8323 -8.0626 -151.886 38.9017 -3.53975 -150.628 24.0223 8.22181 -148.111 
1.53372 9.97121 -149.742 32.475 9.96807 -148.064 32.0251 11.3455 -149.511 
30.3756 10.0827 -148.328 34.2146 11.1728 -149.437 35.7318 12.4175 -150.434 
3.94449 -18.0362 -151.234 16.4325 6.42584 -147.118 12.1729 6.42406 -147.191 
22.5279 7.47789 -147.28 3.37951 9.02934 -149.019 38.9146 11.1414 -150.769 
-11.9011 -4.16259 -150.157 -12.1142 0.780058 -148.275 40.8575 10.01 -151.344 
-6.02236 -12.9825 -149.916 35.6971 -12.6333 -151.173 42.9258 9.5664 -152.623 
36.6493 10.8227 -149.778 30.2906 -22.3034 -152.932 31.6986 -21.1602 -153.452 
-12.1604 4.35403 -148.826 4.5442 8.01659 -147.54 17.8441 -22.5281 -152.321 
9.21983 -19.2149 -151.466 32.44 -19.4295 -152.108 -8.73988 -9.4543 -148.583 
-11.0095 -5.1448 -148.629 -11.8455 -2.74404 -148.831 -10.2724 9.58701 -149.973 
-4.46299 10.407 -148.762 -2.53094 10.8396 -149.632 38.5358 9.44592 -149.889 
-4.0449 -14.5848 -149.524 36.343 -10.6263 -150.881 37.8498 -4.58612 -149.56 
15.8005 -21.5944 -151.96 1.99615 -17.5731 -149.67 42.4499 2.01514 -152.169 
20.7602 6.70423 -146.145 -8.54287 9.66725 -149.072 28.5938 9.06643 -147.189 
42.2274 7.99161 -151.684 -11.239 6.27433 -148.516 43.2468 6.02783 -152.258 
7.32182 -18.9178 -150.05 -9.8726 -7.08281 -147.575 2.15276 8.71746 -147.451 
-7.24205 -11.4631 -148.675 41.1527 0.243934 -151.508 42.0855 4.13353 -151.299 
37.3683 -6.37548 -149.868 28.7383 -23.277 -152.514 19.2227 -23.1426 -151.583 
11.5358 -19.9298 -151.111 10.1775 6.19336 -146.061 24.5939 7.78891 -146.591 
22.8483 -24.1597 -151.209 21.2298 -23.8759 -152.318 36.8639 -8.49385 -150.358 
14.5345 6.07354 -146.289 -10.0175 8.0835 -148.592 34.577 9.63463 -148.193 
31.1708 -20.6925 -151.524 33.9664 -16.189 -151.014 34.8957 -14.4651 -151.17 
-7.70074 -10.4573 -147.022 -11.605 -1.04069 -147.453 41.2954 6.14522 -150.635 
26.7692 8.14358 -146.045 40.107 7.94339 -150.201 -11.5425 2.69283 -147.412 
18.3791 6.20784 -145.803 40.8339 2.32804 -150.389 -0.251618 9.86771 -148.547 
29.8309 -21.8215 -151.03 8.13035 6.67478 -146.52 36.5025 8.90401 -148.495 
13.6114 -20.7494 -150.655 -11.0851 -3.18421 -147.024 38.6706 -1.08547 -148.9 
4.83477 -18.3519 -149.918 -2.19682 -15.8066 -149.402 36.463 -6.69813 -148.3 
-6.38275 9.57203 -147.973 -2.17879 9.69459 -147.618 30.7337 9.01243 -146.631 
32.8388 8.73299 -146.532 26.9538 -23.9884 -152.126 9.55231 -19.4921 -149.827 
-5.8343 -12.7512 -147.646 -10.4576 -5.14489 -146.736 39.6905 0.604984 -149.59 
-9.54 6.5487 -146.883 16.5106 5.93028 -145.534 23.0307 7.06163 -145.718 
34.8306 8.20658 -146.895 15.3386 -21.5568 -149.912 17.3014 -22.351 -150.799 
35.4808 -10.8769 -149.212 40.3148 4.36728 -149.645 28.8777 8.25319 -145.428 
37.7393 -2.72116 -148.237 38.0664 7.67452 -148.724 0.883768 -17.2721 -147.455 
-0.80049 -16.4797 -148.491 -3.39159 -14.8615 -147.445 17.8253 5.66233 -144.133 
24.9105 7.19399 -144.706 28.2895 -22.8565 -150.681 36.9998 -4.55776 -147.984 
-10.6673 4.64669 -146.889 12.5756 5.76904 -145.29 5.96746 6.90126 -145.776 
-8.11484 8.24622 -147.295 33.4258 7.48925 -145.126 11.5742 -20.1598 -149.374 
32.9343 -17.7644 -150.725 39.3112 2.76421 -148.642 0.0160604 8.78638 -146.438 
39.3687 6.14122 -149.082 31.858 -19.0434 -150.184 8.2535 6.06981 -144.897 
15.2086 5.49135 -144.235 20.088 5.99983 -144.219 24.9548 -24.3009 -151.707 
3.35293 -18.1128 -148.108 34.0773 -14.5397 -149.358 35.9855 -8.84297 -148.783 
-11.1055 0.817168 -146.248 20.7501 -23.6675 -150.573 27.1589 7.64806 -144.597 
-4.15622 9.23898 -146.83 36.4228 7.5181 -147.423 5.80677 -18.7518 -148.368 
34.8524 -12.7657 -149.4 -8.90427 -8.53227 -146.728 35.5963 -7.10607 -146.67 
38.3465 1.22936 -147.655 -2.00045 8.63608 -145.636 -6.05326 8.35491 -146.129 
38.8605 4.575 -148.236 37.4409 5.88234 -147.283 30.7087 -20.1475 -149.494 
7.86538 -19.2155 -148.639 -9.57214 -6.51993 -145.477 -10.8063 -1.43052 -145.586 
3.75948 7.61075 -145.996 16.7304 -22.254 -148.896 33.1975 -16.2176 -149.234 
-6.91436 -11.1346 -145.408 37.4895 -0.391135 -146.78 -10.0857 2.94176 -145.097 
22.3962 6.47462 -144.308 28.6233 7.49279 -143.745 31.0199 7.89865 -144.689 
18.7171 -22.9916 -149.787 0.069004 7.80493 -144.406 35.4004 6.71013 -145.899 
-10.1143 0.420623 -144.049 37.8672 3.5517 -146.992 -8.93471 5.21757 -145.074 
2.05224 7.76429 -145.235 26.4806 -23.6436 -150.366 -1.52037 -16.0921 -146.367 
32.3846 -17.5979 -149.165 6.30084 6.0059 -143.609 19.369 5.43824 -142.539 
-7.61525 6.99545 -145.466 29.369 -21.3569 -149.057 9.50013 -19.7238 -148.049 
-8.33594 -8.95226 -145.228 -10.3685 -3.84407 -145.318 8.61619 5.40457 -143.066 
-4.03456 8.16065 -144.983 24.4556 -24.0065 -149.978 37.0565 2.07776 -145.746 
10.5429 5.55608 -144.255 22.33 -23.9166 -149.459 13.3783 -20.8825 -148.805 
34.6817 -11.143 -147.546 35.1639 -9.22477 -147.183 4.07759 6.80302 -144.259 
17.0864 5.15718 -142.478 -5.78133 7.40098 -144.578 26.3721 6.99651 -143.248 
27.862 6.76449 -142.087 31.5435 -18.3283 -148.243 4.30881 -18.5372 -146.52 
2.20927 -17.8628 -146.447 32.2952 6.77402 -143.291 36.1353 4.61754 -145.198 
-3.60775 -14.6121 -145.048 36.5958 -2.29674 -145.944 12.8516 5.21098 -143.453 
21.6458 5.83818 -142.611 0.204072 -17.0513 -145.399 32.411 -16.503 -147.627 
-5.24911 -13.0988 -145.516 36.3992 0.483002 -144.705 34.2662 6.06028 -144.086 
20.1999 -23.4855 -148.747 14.7726 -21.5482 -147.953 11.4307 -20.3867 -147.487 
36.0795 -4.86285 -146.287 -6.67227 5.98361 -143.466 24.0068 6.39903 -142.873 
-2.03632 7.62539 -143.734 33.2609 -14.716 -147.51 34.0336 -12.9328 -147.564 
27.7818 -22.5294 -148.845 25.9489 -23.3641 -148.577 13.0296 -20.9888 -147.125 
6.83525 5.23765 -141.666 18.5901 4.93326 -140.872 -9.67068 -4.74846 -143.683 
14.8208 4.93767 -142.261 30.124 6.98015 -142.641 2.29273 -18.0084 -144.498 
-10.1195 -2.22161 -143.859 25.6006 6.3183 -141.626 -6.33704 -11.6324 -143.633 
-7.6903 -9.56521 -143.497 -8.83734 -7.25374 -143.548 12.9067 4.78728 -141.894 
7.05622 -19.2681 -146.73 16.3898 4.68116 -140.744 15.9506 -22.1583 -146.81 
34.6864 -7.70766 -144.864 10.9312 4.99744 -142.461 2.1004 6.8593 -143.22 
-2.04213 -15.7789 -144.139 18.0843 -22.8629 -147.809 -8.3787 4.06607 -143.281 
-9.03287 -5.5562 -141.966 35.8005 2.87236 -143.886 34.877 4.62623 -143.419 
23.9115 -23.7588 -148.189 -5.03503 -13.2209 -143.81 -9.26007 2.31732 -143.199 
4.29139 5.85936 -142.004 34.4888 -9.76256 -145.923 9.14909 4.80876 -141.259 
23.2867 5.69994 -140.932 -4.23678 7.0689 -143.311 28.8086 -21.1039 -147.121 
30.3538 -19.3825 -147.149 31.5479 -17.1261 -146.241 -0.0115701 6.87598 -142.473 
-8.1988 -7.94838 -141.715 35.2279 -5.40015 -144.665 -9.66187 -0.967153 -142.568 
25.3415 -23.172 -146.706 13.8102 -21.4588 -145.933 9.37658 -19.9861 -146.093 
35.6015 -3.24864 -144.31 20.7945 5.26144 -140.938 21.7768 -23.7212 -147.631 
-0.369778 -16.837 -143.178 33.3881 5.40026 -142.376 11.4414 -20.7213 -145.376 
-3.98449 -14.2055 -142.85 -9.49739 -3.07105 -142.209 35.6732 -0.919627 -143.565 
19.6356 -23.3579 -146.781 11.5784 4.47626 -140.497 -2.22327 6.62756 -141.938 
29.2375 6.26562 -140.895 -7.04723 -10.235 -141.679 33.9476 -11.302 -145.796 
-9.11322 0.879753 -142.061 14.1459 4.50704 -140.569 -4.51328 5.91614 -141.682 
27.0451 6.11003 -140.461 27.1924 -22.3318 -146.981 5.08144 -18.9662 -144.687 
32.4561 -15.0689 -145.749 -8.08724 2.84536 -141.693 25.1859 5.80671 -140.172 
35.3078 1.45801 -142.711 1.94027 6.02829 -141.255 33.2494 -13.116 -145.654 
33.9415 -9.49078 -144.221 34.7578 0.0733146 -141.51 -5.63212 -12.3566 -142 
-6.57179 4.60077 -141.621 34.4609 3.62141 -142.181 23.3012 -23.5919 -146.308 
21.2432 -23.6078 -145.733 7.46546 -19.6802 -144.574 -8.46906 -6.14972 -140.181 
34.4719 -5.58393 -142.85 -8.90821 -3.8444 -140.515 5.38341 4.94041 -140.015 
3.46693 5.30509 -140.133 -4.62966 4.76114 -140.033 9.57337 4.362 -139.711 
31.4175 6.02326 -141.489 17.3531 -22.7904 -145.443 1.22386 -17.7462 -142.08 
-7.96373 1.35346 -140.241 7.61747 4.58635 -139.883 -0.181483 5.98156 -140.619 
-8.89163 -1.14159 -140.727 -6.54062 3.29939 -140.031 26.1055 5.518 -138.891 
28.2488 5.64515 -139.186 26.5292 -22.2292 -144.978 34.9288 -3.975 -143.095 
19.331 -23.3588 -144.749 -2.54913 -15.4258 -141.808 33.277 -11.3028 -143.884 
-2.41964 5.62967 -140.215 14.8896 -22.0489 -144.561 9.34807 -20.2437 -144.346 
-4.55923 -13.5081 -140.315 32.4665 -13.3322 -143.544 33.9247 -7.51641 -142.627 
-8.39325 -2.46036 -138.891 34.9566 -2.1412 -142.349 13.2663 4.10166 -138.831 
34.0914 2.30058 -140.824 30.6881 -17.7751 -144.803 -7.57715 -8.49038 -139.501 
19.9465 4.74604 -139.273 1.75976 5.2477 -139.348 24.0478 5.30412 -139.006 
21.9928 5.05546 -139.29 32.6628 4.41958 -140.498 31.6539 -15.6862 -144.188 
10.9436 4.03135 -138.519 10.3034 -20.7326 -143.056 3.5248 -18.6626 -142.718 
-0.927108 -16.6288 -140.852 -6.55228 1.95576 -138.476 15.5861 4.24265 -139.014 
12.5808 -21.3637 -143.713 33.3487 -9.35489 -142.321 -8.47039 -4.49353 -139.059 
6.41075 4.25915 -138.201 17.8265 4.45895 -139.125 -0.380763 5.10187 -138.808 
30.4331 5.4114 -139.708 29.5167 -19.6222 -145.24 -2.86173 -15.2213 -139.446 
3.88092 4.54232 -138.159 28.1571 -21.069 -145.217 5.85825 -19.4514 -142.772 
-6.30489 -11.1337 -139.873 29.8825 -18.3345 -143.266 -2.62384 4.62279 -138.54 
24.617 -23.0921 -144.681 34.3429 -3.54546 -141.389 31.2743 4.296 -138.509 
29.3178 4.94704 -137.928 -4.77074 3.58714 -138.444 14.7013 3.82517 -137.247 
8.10456 -20.1304 -142.741 -7.78723 -0.133982 -138.668 8.69274 4.07588 -138.274 
20.8024 -23.5762 -143.989 -8.04389 -6.00648 -138.233 24.9576 4.96115 -137.35 
0.757814 -17.6818 -139.915 32.7174 -11.1031 -141.861 33.7177 -5.42573 -140.604 
16.9556 4.00545 -137.359 19.3942 4.24004 -137.268 2.45276 -18.4124 -141.002 
12.4133 3.70311 -136.997 32.832 2.83841 -138.966 22.5793 -23.5243 -144.32 
4.32837 -19.1561 -140.933 31.638 -14.4053 -142.103 30.8593 -16.4313 -142.709 
34.21 -1.35747 -140.349 19.2755 -23.4493 -142.382 16.0114 -22.6076 -143.195 
-6.80562 -9.81422 -137.68 -4.95473 2.42447 -136.886 21.1449 4.61503 -137.957 
22.8896 4.77703 -137.594 27.1521 5.06351 -137.442 13.7055 -22.0274 -141.954 
32.1351 -12.5885 -141.437 17.7974 -23.0806 -143.593 28.8771 -19.8397 -143.723 
-5.62069 -12.0428 -138.075 6.59602 -19.9357 -140.867 32.8545 -9.06351 -140.411 
10.0839 3.66742 -136.737 33.7878 0.825358 -139.532 1.49718 4.46782 -137.398 
30.0473 -17.1953 -141.169 -1.14724 -16.5916 -138.532 33.3743 -7.61222 -140.995 
5.41304 3.82664 -136.291 21.5254 -23.5448 -142.326 27.6012 -20.8909 -142.883 
2.66961 -18.6593 -139.273 -8.00619 -3.75029 -137.434 16.0024 3.58809 -135.648 
13.8407 3.42665 -135.418 17.0777 -23.0768 -141.751 -6.50719 0.661622 -136.86 
25.7513 -22.2862 -142.87 8.91085 -20.6385 -140.99 0.824981 -17.8768 -137.737 
-0.759119 4.22177 -137.037 21.5921 4.31234 -136.343 15.35 -22.6504 -141.325 
4.90308 -19.5858 -139.02 -3.08241 -15.048 -136.885 -4.30696 -13.8006 -138.225 
-7.53151 -1.47502 -137.026 -2.98273 3.6074 -136.942 23.7179 -23.1315 -142.317 
28.9805 -19.0579 -141.844 -7.50546 -7.49905 -137.043 7.74576 3.72306 -136.526 
-3.47639 2.66443 -135.61 3.1076 3.85156 -135.888 18.0816 3.74823 -135.575 
22.3071 -23.4239 -140.638 11.2136 -21.296 -141.385 30.9007 -15.2254 -140.583 
33.6776 -2.8487 -139.277 -4.96421 1.33626 -135.255 33.4123 -0.619919 -138.281 
32.7598 1.42958 -137.585 23.6789 4.44952 -135.871 25.8861 4.5367 -135.734 
26.505 -21.435 -140.837 32.9712 -6.74723 -139.018 32.4714 -8.63736 -138.642 
30.2105 4.15429 -137 28.3496 4.33688 -135.932 3.0591 -19.0292 -137.251 
-1.52095 3.28588 -135.377 31.6023 3.12309 -137.187 -6.38585 -0.592392 -135.189 
11.5648 3.32694 -135.154 0.809689 3.70033 -135.488 27.9552 -19.8987 -140.32 
5.48147 -20.0378 -137.126 -7.00798 -8.54149 -135.499 -4.94681 -12.9093 -136.323 
-7.6398 -5.20492 -136.144 17.0318 3.40034 -134.273 20.1623 3.8652 -135.064 
30.122 -16.1154 -138.966 25.0851 -22.442 -141.038 -6.20402 -10.7682 -135.921 
15.2691 3.20713 -133.884 23.7715 -22.9508 -139.881 29.1658 -18.0702 -139.609 
-1.00994 -16.823 -136.266 31.561 -13.1886 -140.024 32.1724 -10.8616 -139.614 
33.1328 -4.2309 -138.127 32.6809 -5.27351 -137.083 -7.26582 -2.85631 -135.44 
9.23233 3.30513 -134.923 17.9782 -23.45 -139.919 6.88755 3.32857 -134.67 
-2.87163 1.98047 -133.847 31.5921 2.02133 -135.697 14.0069 -22.4869 -139.645 
7.28461 -20.4196 -138.998 22.2804 3.971 -134.442 26.7511 3.99404 -134.086 
30.8623 -14.0902 -138.412 -7.34068 -6.56227 -135.159 24.4858 4.0717 -134.122 
30.2372 3.39285 -135.632 32.976 -1.9574 -137.007 13.0789 3.04469 -133.542 
10.7834 2.95919 -133.3 18.6856 3.44192 -133.713 11.9064 -21.8437 -139.451 
9.63203 -21.1537 -139.174 -6.99408 -4.51985 -133.793 32.4896 0.171866 -136.122 
4.55337 3.32441 -134.32 15.9376 -23.0376 -139.714 20.2992 -23.6162 -139.928 
-4.23611 -13.8216 -134.511 -0.226486 2.84871 -133.72 32.3782 -7.05232 -137.061 
28.8525 3.47419 -134.102 31.8773 -9.35997 -136.94 28.1841 -19.0475 -137.996 
26.8412 -20.7301 -138.566 6.06567 2.89803 -132.789 2.2023 3.20522 -133.938 
-5.63199 -11.6651 -134.108 -6.23353 -1.87812 -133.489 -4.92747 0.213406 -133.512 
18.6167 -23.6911 -138.148 7.89706 -20.9008 -137.102 -6.5417 -9.37395 -133.72 
8.44734 2.92994 -133.078 25.3296 -22.0498 -139.106 32.4795 -3.28924 -135.587 
30.4016 2.58818 -134.285 20.68 3.51443 -133.06 22.0824 -23.4075 -138.595 
31.4408 -11.9267 -137.849 16.4778 -23.4391 -137.491 -2.51663 -15.7059 -134.586 
-6.9695 -7.02648 -133.514 12.3478 2.67511 -131.667 6.03741 -20.4972 -135.253 
32.1497 -0.999244 -134.604 10.2154 -21.6563 -137.209 1.05198 -18.2149 -135.279 
31.8613 -7.08188 -134.986 31.2301 1.1131 -133.774 3.63374 2.78512 -132.431 
25.3982 3.64925 -132.449 14.6252 -22.9239 -137.988 -6.07252 -10.2649 -131.811 
5.18203 2.42792 -130.931 16.9058 3.08996 -132.633 22.9548 3.56751 -132.322 
12.5268 -22.411 -137.175 3.64927 -19.5154 -135.272 -0.917264 -17.059 -134.338 
10.0212 2.59229 -131.445 27.5774 3.32932 -132.447 23.8122 -22.7553 -137.597 
29.2703 -17.1164 -137.297 14.7039 2.83219 -131.99 20.1754 -23.7219 -137.333 
-5.06489 -12.5814 -132.256 -3.38035 0.74249 -131.911 29.5459 2.50361 -132.706 
2.06746 -18.9916 -133.191 32.2178 -5.21188 -135.315 -1.24568 1.87828 -131.974 
1.17518 2.49885 -132.118 7.65068 2.53469 -131.219 30.1205 -15.0552 -136.674 
-4.95106 -0.910638 -131.77 31.8007 -2.03134 -133.029 18.8441 3.10103 -131.813 
31.9577 -3.688 -133.684 13.9291 2.45605 -130.072 18.112 -23.8037 -136.032 
14.1895 -23.1015 -135.893 25.5075 -21.6286 -136.786 10.6442 -22.0782 -135.425 
27.0596 -20.0752 -136.229 31.2147 -10.8887 -135.569 11.5213 2.313 -129.79 
8.40518 -21.3997 -134.896 6.32456 -20.8409 -133.564 28.3254 -18.2536 -135.705 
30.7673 -12.9741 -136.194 30.117 -13.8182 -134.321 31.4141 -8.84376 -134.38 
24.3731 3.33113 -130.96 22.6013 3.09224 -130.115 -3.67143 -14.5856 -132.565 
9.16999 2.21709 -129.566 4.34876 -20.0535 -133.434 -6.5772 -7.8125 -131.618 
2.65979 2.18517 -130.597 21.9863 -23.388 -136.215 -0.106738 -17.7427 -132.751 
-2.01464 -16.2905 -132.52 31.6998 -5.14668 -133.147 4.2381 1.9137 -129.088 
15.8688 -23.639 -134.751 -6.55862 -5.37687 -131.622 -2.00477 0.833773 -130.228 
-6.00062 -3.00708 -131.672 -4.70358 -1.7883 -129.935 0.215409 1.69856 -130.326 
19.9362 -23.8113 -134.957 -5.53476 -11.3257 -129.64 -3.67691 -0.231936 -130.424 
26.2867 3.14684 -130.799 29.2744 -16.1117 -134.622 16.6907 2.69084 -130.463 
17.7044 -23.9807 -133.356 30.6535 -11.7985 -133.96 31.3888 -6.92167 -132.707 
31.006 -8.56324 -132.118 31.272 -0.217686 -132.208 20.7907 3.14243 -131.092 
1.75953 1.51532 -128.744 18.9875 2.81127 -130.153 27.3566 -19.2807 -133.963 
3.39458 1.3707 -127.248 6.74696 2.11322 -129.36 30.1407 1.36972 -131.367 
28.3977 2.53282 -130.88 23.8548 -22.5625 -135.166 12.0545 -22.6674 -134.553 
-5.69938 -3.88634 -129.77 30.129 -12.3457 -131.979 29.5287 -14.4031 -132.162 
-4.5332 -13.4643 -130.739 -0.567198 0.78718 -128.481 24.7258 2.89569 -129.077 
-6.18305 -8.58827 -129.598 15.3814 2.2654 -128.454 7.51127 -21.4441 -132.371 
-1.52307 -16.8675 -130.101 30.9906 -10.1228 -133.604 -6.21617 -6.14763 -129.682 
-2.81906 -0.528201 -128.504 5.73648 1.67014 -127.545 25.6928 -21.1397 -134.084 
10.5395 1.93749 -127.817 12.9483 2.08492 -128.131 21.8571 -23.3992 -133.551 
13.6316 -23.2969 -133.419 0.736695 -18.4677 -130.825 28.3656 -17.6659 -133.707 
9.85156 -22.1303 -133.316 11.408 -22.8241 -132.089 31.1747 -1.27583 -130.959 
20.4898 2.75869 -129.15 19.7653 -23.9217 -132.923 -5.51391 -4.65634 -128.16 
31.3671 -3.145 -131.264 15.2556 -23.8234 -132.187 2.9397 -19.6472 -131.343 
-3.32053 -15.0722 -130.469 -5.87608 -9.20724 -127.431 -4.33805 -2.61185 -127.747 
18.0352 2.42801 -128.346 28.7505 -16.3516 -132.038 5.19726 -20.6263 -131.756 
-5.79006 -6.60484 -127.405 22.3781 2.68645 -128.058 23.9114 -22.4084 -132.666 
30.5885 -10.3274 -131.802 26.5389 -19.9679 -131.832 31.1976 -5.20997 -130.868 
8.1289 1.81999 -127.659 29.0711 1.5915 -129.343 22.5151 -23.134 -131.287 
25.226 -21.3594 -131.67 -4.54536 -13.4035 -128.68 30.4318 0.15462 -129.961 
16.3876 2.08113 -126.918 13.0583 -23.4806 -130.884 1.66917 -19.2218 -129.012 
1.10752 0.791745 -126.772 8.85985 -22.1874 -130.532 27.7801 -18.1836 -131.844 
14.4004 1.9101 -126.576 27.1518 2.52629 -129.148 6.21014 -21.2592 -130.051 
-3.28165 -15.2293 -128.12 29.6202 -12.8689 -129.845 20.2093 2.38607 -127.104 
16.6671 -24.1289 -131.09 30.5674 -1.49114 -128.693 20.7009 -23.7771 -131.197 
3.87321 -20.3074 -129.568 30.9978 -6.91365 -130.764 -4.7927 -4.27086 -126.234 
24.2792 2.47898 -126.869 26.1117 2.44248 -127.632 30.114 -10.7264 -129.674 
18.5706 -24.1232 -131.183 28.9947 -14.8915 -129.857 -5.37595 -11.4482 -126.927 
-0.406575 -17.9366 -128.294 30.5565 -8.31393 -129.598 2.97031 0.824941 -125.319 
4.81238 1.26638 -126.033 11.9365 1.66803 -125.814 30.8048 -3.76586 -128.755 
-1.06362 -0.130821 -126.535 29.5037 0.46216 -127.814 27.0998 -18.7923 -129.571 
-2.70956 -1.26974 -126.525 18.16 2.06635 -126.036 4.76528 -20.9442 -127.713 
-5.63699 -9.47098 -125.162 30.0226 -9.18355 -127.374 30.734 -5.88713 -128.88 
22.1598 2.31513 -125.937 -5.70363 -7.69017 -125.732 -3.35635 -2.48955 -125.354 
6.82244 1.39342 -125.809 14.837 -24.0524 -129.357 24.0203 -22.1656 -129.904 
0.533991 -18.7628 -126.562 2.59006 -19.9314 -127.201 15.9961 1.7484 -124.889 
27.8855 1.77128 -127.503 10.8872 -23.0166 -129.602 25.7573 -20.584 -129.664 
-2.0605 -16.6205 -127.559 0.700952 -0.0316849 -124.478 9.24721 1.52769 -125.762 
29.6248 -11.4179 -127.589 20.1265 2.03524 -124.907 19.4382 -24.0959 -129.036 
13.8389 1.60918 -124.803 26.2772 1.92147 -125.691 17.221 -24.2873 -129.146 
12.3829 -23.6396 -128.339 -3.254 -15.3977 -125.743 18.0464 -24.4077 -126.936 
28.1796 -16.85 -129.703 21.8152 -23.3716 -128.766 15.8812 -24.4227 -127.02 
-5.21302 -11.5667 -124.455 -4.48088 -13.5084 -126.254 -1.59351 -1.13125 -124.744 
6.97837 -21.8369 -128.019 27.598 -17.4269 -127.306 -3.93501 -3.93675 -123.948 
-5.33003 -7.49244 -123.71 30.2774 -6.90339 -127.021 5.06287 0.924354 -124.325 
29.123 -13.4991 -127.692 29.6296 -0.72758 -126.094 5.50337 -21.5209 -125.73 
-2.3478 -2.37002 -123.201 7.53267 1.03034 -123.557 -1.53158 -17.2417 -125.535 
30.3651 -4.72367 -126.679 3.4375 -20.5902 -125.308 -5.12188 -5.83543 -124.911 
30.2265 -2.65827 -126.445 28.4725 -15.4533 -127.518 1.4003 -19.5056 -124.815 
-0.451446 -1.14092 -122.68 18.137 1.7322 -123.814 22.0253 1.97068 -123.734 
24.0401 2.12306 -124.766 10.5943 -23.2254 -127.498 9.01892 -22.6247 -127.889 
-5.36831 -9.49609 -122.798 10.1596 1.24817 -123.738 11.4184 -23.6903 -125.925 
24.9985 -21.2107 -127.878 29.8147 -7.90447 -125.051 28.3533 0.855176 -125.752 
13.6183 -24.1542 -126.583 26.3281 -19.522 -127.065 -0.269156 -18.415 -124.448 
-4.38683 -13.6801 -123.827 -5.05231 -11.7069 -122.045 3.01142 0.339073 -123.258 
16.7725 -24.6137 -125.192 7.45258 -22.33 -125.74 28.6831 -14.1376 -125.761 
12.3686 1.32216 -123.403 27.1163 1.13874 -123.748 23.6072 -22.3296 -127.092 
-4.4606 -5.54342 -122.581 -3.11117 -3.81688 -121.717 20.1382 -24.0304 -126.609 
-3.13803 -15.6756 -123.362 14.5105 1.37956 -122.984 25.4858 1.77298 -123.713 
25.0046 -21.0008 -125.612 29.8614 -3.74107 -124.399 16.4221 1.4674 -122.787 
21.9958 -23.312 -125.796 -4.90165 -7.44538 -121.342 29.9325 -5.76905 -124.692 
5.12514 0.497428 -122.181 8.93449 0.895704 -122.01 10.7875 0.958994 -121.585 
19.9945 1.69724 -122.64 4.27481 -21.2275 -123.447 27.9636 -15.9211 -124.833 
1.37502 -0.353463 -122.369 18.697 -24.4565 -124.281 28.5961 -0.130579 -123.88 
9.38415 -23.0693 -125.603 29.1303 -12.2866 -125.523 3.03081 -0.153047 -121.171 
7.11517 0.564437 -121.057 23.875 1.79301 -122.632 -4.26806 -13.9214 -121.445 
29.481 -1.82916 -124.134 12.965 1.02854 -121.163 14.8054 -24.5502 -124.707 
17.8796 1.39812 -121.579 25.7046 1.31863 -121.907 2.15922 -20.1583 -122.888 
0.124304 -18.8681 -122.618 29.5415 -10.107 -125.361 -5.12139 -9.6523 -120.44 
5.0554 0.0561817 -119.942 11.2964 0.617913 -119.043 13.4956 0.786916 -119.227 
-1.61895 -17.4038 -122.895 -1.40008 -2.38799 -121.069 9.03814 0.586137 -120 
15.3981 1.11332 -120.72 7.75 -22.781 -123.138 28.5475 -13.4702 -123.302 
-3.85667 -5.53072 -120.259 0.829838 -1.18018 -120.463 20.6618 -23.9357 -124.465 
17.3941 1.05956 -119.311 21.8857 1.64056 -121.479 29.0671 -11.1144 -123.34 
28.5572 -1.09293 -121.897 16.2523 -24.7875 -122.768 10.2217 -23.6244 -123.557 
26.1909 -19.3533 -124.252 27.1182 -17.9582 -125.267 6.07682 -21.9952 -123.959 
27.3833 0.3623 -121.787 23.5673 -22.2602 -124.409 -4.51247 -7.7228 -118.695 
-2.40939 -3.88307 -119.553 12.5064 -24.2044 -124.132 13.7293 -24.6397 -122.428 
-3.01712 -15.9836 -121.002 -4.89447 -11.9239 -119.696 29.2041 -2.86371 -122.097 
19.7174 1.37141 -120.378 22.0352 -23.2829 -123.207 3.17452 -20.9274 -121.109 
5.38966 -21.9385 -121.9 29.4746 -4.76991 -122.327 28.6876 -11.8538 -121.44 
29.3634 -8.95173 -123.07 24.9645 -20.8264 -122.994 7.10741 0.175953 -118.744 
0.733957 -19.5143 -120.282 28.9449 -10.0266 -121.129 -0.676264 -2.57636 -118.913 
1.26454 -1.63401 -118.022 23.8455 1.41607 -120.434 20.3375 -24.0772 -122.276 
-1.37878 -17.8041 -120.659 29.4947 -6.80997 -122.625 -3.28034 -5.5676 -117.963 
-1.81499 -4.03764 -117.376 18.3632 -24.6674 -121.376 11.4031 -24.2086 -121.785 
23.5472 -22.1564 -121.75 27.1167 -17.4876 -123.026 26.1319 -19.0708 -121.681 
3.04718 -0.648436 -119.019 12.9039 0.476127 -117.225 21.6645 1.33208 -119.259 
9.06723 -23.5425 -121.155 6.72667 -22.714 -120.445 -4.95778 -10.0602 -118.438 
5.15918 -0.355248 -117.652 27.813 -15.4238 -121.837 14.6791 -24.9293 -120.929 
12.7049 -24.7096 -120.234 -4.10072 -14.2112 -119.046 27.5621 -0.432467 -120.11 
25.8993 0.657276 -119.563 4.45412 -21.7743 -119.613 -2.80981 -16.375 -118.779 
19.335 1.06549 -118.169 16.9657 0.736196 -117.018 28.3195 -2.05733 -119.603 
2.28945 -20.6985 -118.722 -1.24779 -18.1224 -118.447 29.0968 -7.98626 -120.668 
15.0957 0.748575 -118.18 16.3098 -25.0185 -120.148 10.3941 -24.2051 -119.447 
5.76675 -22.5833 -118.15 28.2388 -13.3658 -120.384 28.7876 -9.15605 -119.167 
29.0259 -5.72553 -119.857 28.9763 -3.8281 -120.364 21.3345 1.05031 -117.091 
3.26069 -1.06541 -116.806 7.36402 -0.176051 -116.372 9.19076 0.242559 -117.647 
23.6383 1.08105 -118.182 8.04383 -23.4654 -118.799 -0.140696 -2.8567 -116.695 
1.66691 -1.98598 -115.827 24.9347 -20.6149 -120.385 -4.70025 -11.9271 -117.041 
28.5051 -11.1253 -118.962 10.9962 0.270051 -116.721 5.33646 -0.803593 -115.066 
3.64365 -21.6294 -117.297 1.68979 -20.584 -116.283 27.0089 -0.605508 -118.088 
0.290147 -19.4817 -117.559 27.024 -17.1129 -120.429 26.069 -18.7695 -119.112 
21.9374 -23.283 -120.592 -3.84618 -14.6969 -116.458 -4.63715 -9.29755 -116.542 
28.7588 -7.47799 -118.161 20.0876 -24.2075 -119.679 27.6363 -15.0817 -119.099 
9.63108 -0.0447008 -115.351 18.952 0.775987 -115.963 11.923 -24.7963 -117.917 
-1.46788 -18.0828 -116.187 -3.89475 -7.23568 -116.202 -2.69779 -5.56047 -115.667 
-1.23259 -4.19397 -115.098 3.30506 -1.45384 -114.93 -2.56567 -16.8208 -116.989 
25.3202 0.381703 -117.002 26.4742 -0.794265 -115.726 28.5012 -3.83329 -118.165 
14.6562 0.414356 -115.833 28.4993 -9.2182 -117.009 28.1794 -11.0471 -116.004 
27.6912 -2.16236 -116.906 12.1801 0.0937564 -114.729 16.6424 0.431423 -114.703 
-0.146852 -19.3518 -115.111 2.21393 -2.24828 -113.627 20.9761 0.778631 -114.885 
14.2 -25.0708 -118.946 23.5285 -22.0082 -119.085 26.903 -16.7696 -117.816 
-4.59181 -10.5189 -114.595 23.2558 0.8088 -115.945 18.0438 -24.8746 -118.814 
7.00965 -23.3297 -116.551 4.93809 -22.47 -115.796 -4.22685 -8.59661 -114.64 
0.427732 -3.10031 -114.4 28.0065 -13.0373 -117.629 28.5192 -5.5965 -116.912 
18.6852 0.497939 -113.675 9.40992 -24.2063 -116.802 -3.38571 -7.11919 -113.908 
21.7996 -23.2931 -117.641 27.4502 -14.7495 -116.398 24.8471 0.132382 -114.673 
19.648 -24.442 -117.154 7.88863 -0.468087 -113.985 13.6103 -25.2343 -116.594 
15.8676 -25.2218 -117.746 24.9288 -20.3386 -117.789 4.14192 -1.55142 -113.065 
27.1564 -2.26104 -114.432 17.5159 -25.1106 -116.313 26.0033 -18.4379 -116.514 
27.9954 -3.83398 -115.619 -2.98414 -16.292 -114.933 28.1879 -9.128 -114.405 
28.3906 -7.35084 -115.588 14.482 0.0982 -113.375 -4.52158 -12.6161 -114.829 
-0.601483 -4.3024 -112.789 25.9486 -0.975688 -113.308 6.24839 -1.02105 -112.538 
23.6469 -21.7173 -116.381 3.0083 -21.5406 -114.835 -1.87431 -17.7766 -113.814 
-2.10059 -5.5753 -113.33 2.9145 -2.44267 -111.319 1.04884 -3.30114 -112.055 
8.38663 -0.731497 -111.635 10.2272 -0.301382 -113.02 11.3826 -24.9474 -115.42 
1.18564 -20.48 -113.799 9.35901 -24.5124 -114.109 7.87551 -23.8794 -114.976 
27.7642 -12.7959 -114.843 -4.43634 -11.6971 -112.69 26.7641 -16.4405 -115.154 
-4.00005 -9.08783 -112.391 28.0741 -5.52051 -114.301 15.2769 -25.4332 -115.29 
6.169 -23.2373 -114.233 -4.06819 -14.1017 -113.706 4.93202 -1.69939 -110.867 
-3.31823 -15.7492 -112.445 22.8477 0.542905 -113.658 20.6862 0.517146 -112.617 
4.29496 -22.4214 -113.259 16.579 0.150928 -112.292 19.1419 -24.7137 -114.397 
25.9427 -18.0813 -113.827 24.9654 -19.9825 -115.13 -2.83361 -7.03665 -111.552 
2.49148 -21.4897 -112.275 -0.590173 -19.1612 -112.661 -1.39691 -5.49843 -111.041 
28.0209 -7.22567 -113.001 16.8455 -25.3862 -113.842 22.3715 0.298139 -111.323 
27.4897 -3.82016 -113.08 12.4893 -0.225255 -111.986 13.097 -25.4143 -114.093 
-2.23815 -17.4545 -111.345 27.244 -14.4996 -113.655 7.48399 -23.9638 -112.82 
0.0145933 -4.33036 -110.836 11.0205 -25.1374 -112.845 23.8552 -21.3274 -113.623 
22.4014 -22.8208 -114.789 -4.15897 -13.3436 -111.213 27.9064 -10.8916 -113.26 
6.7716 -1.20768 -110.584 24.3324 -0.0975026 -112.253 20.5209 0.309177 -110.667 
20.888 -23.8867 -115.523 26.5969 -2.32344 -111.895 18.6927 0.25424 -111.355 
26.6137 -16.1758 -112.475 27.8826 -8.95487 -111.785 14.6469 -0.185956 -110.821 
-0.942409 -19.0167 -110.219 25.0164 -19.5916 -112.368 25.8899 -17.7216 -111.093 
-3.56575 -15.2052 -109.713 14.7463 -25.6458 -112.75 18.0092 -25.2155 -112.363 
0.740353 -20.3807 -111.303 27.6193 -5.3987 -111.711 10.5635 -0.585095 -110.57 
-3.40183 -8.42195 -110.101 1.57524 -3.611 -109.461 25.3412 -1.10589 -110.754 
12.6849 -25.6045 -111.511 9.0003 -24.6726 -111.561 27.5129 -12.6422 -112.024 
-2.10388 -6.85106 -108.964 3.77196 -22.4153 -110.642 -2.40766 -17.3886 -108.923 
-0.329691 -5.08534 -109.04 3.80855 -2.50411 -109.015 8.41958 -1.09383 -109.085 
16.8968 -0.0822591 -109.821 19.6071 -24.6129 -111.652 21.087 -23.7579 -113.207 
5.95507 -1.72273 -108.846 26.9443 -3.7467 -110.464 12.729 -0.502828 -109.491 
23.6496 -0.27499 -109.76 5.5986 -23.2521 -111.688 14.9593 -0.464175 -108.011 
-4.09761 -10.666 -110.002 21.5627 0.084005 -109.13 16.3326 -25.6344 -111.385 
27.6407 -7.01331 -110.41 25.9644 -2.32005 -109.249 2.02397 -21.44 -109.723 
27.0029 -14.4431 -110.908 -4.15877 -12.7536 -109.045 22.6663 -22.5157 -112.046 
27.6393 -10.699 -110.531 27.5793 -8.67087 -109.205 26.4631 -16.0576 -110.162 
0.928837 -4.54377 -107.178 2.82833 -3.38779 -107.008 27.1376 -5.21147 -109.074 
6.99746 -24.0453 -110.271 -3.34522 -15.8656 -107.581 24.6006 -1.16253 -108.14 
19.262 0.0699612 -109.177 10.6285 -25.3069 -110.289 23.9904 -20.9796 -110.819 
0.358802 -20.2954 -108.874 4.94649 -2.41465 -106.827 7.19259 -1.6607 -106.904 
14.3607 -25.8567 -110.147 3.24263 -22.3808 -108.051 10.8377 -0.846896 -108.183 
8.54679 -24.7942 -109.036 5.06571 -23.2794 -109.068 -3.26045 -8.84977 -108.03 
22.8009 -22.3064 -109.275 21.3038 -23.622 -110.5 -3.93988 -13.7829 -107.31 
-3.88719 -11.067 -107.105 22.715 -0.397703 -107.312 17.7516 -0.237945 -107.456 
17.9679 -25.3198 -110.162 -1.14076 -18.9968 -107.827 -2.42871 -17.4707 -106.532 
27.2525 -6.75283 -107.815 9.2357 -1.21446 -106.956 12.2977 -25.7969 -108.899 
26.6452 -14.9301 -108.311 26.3613 -3.63662 -107.781 25.0423 -19.2282 -109.6 
27.213 -12.6013 -108.87 -2.11163 -7.50425 -106.385 27.289 -8.35221 -106.73 
16.083 -25.8326 -108.835 24.0565 -20.7035 -108.084 -0.718457 -5.91222 -106.952 
12.7218 -0.747359 -107.38 0.0421563 -20.2139 -106.804 1.49884 -21.3152 -107.244 
19.6994 -24.6367 -109.022 10.1796 -25.4516 -107.821 6.47962 -24.1106 -107.673 
25.8704 -17.2288 -108.189 25.2823 -2.28129 -106.579 14.0603 -26.0688 -107.503 
27.4076 -10.2817 -107.93 6.28325 -2.24418 -104.808 16.3498 -0.569993 -105.557 
13.8236 -0.836713 -105.591 17.8619 -25.473 -107.618 -3.09267 -9.09542 -105.947 
3.91957 -3.28947 -104.491 20.3423 -0.13059 -107.102 18.9176 -0.359283 -105.266 
19.6261 -24.7524 -106.439 21.3537 -23.5935 -107.816 8.11312 -24.9082 -106.61 
11.1551 -1.10857 -105.674 4.48128 -23.2597 -106.435 -1.0899 -19.2092 -105.474 
0.383286 -5.29288 -105.507 8.60409 -1.57996 -105.069 -3.48559 -15.3354 -105.247 
23.7706 -1.19188 -105.541 -3.90278 -12.651 -105.08 1.85251 -4.3455 -105.107 
17.7103 -25.654 -105.081 15.894 -26.0376 -106.253 24.9844 -19.0815 -107.257 
24.1745 -20.2729 -105.237 26.7846 -13.6242 -106.104 -0.799983 -6.48153 -104.749 
21.5078 -0.515667 -104.732 2.58357 -22.2297 -105.485 11.7557 -25.9828 -106.041 
-3.40833 -10.3262 -104.487 26.6541 -5.05418 -106.414 0.619092 -20.8666 -104.713 
9.63473 -25.523 -105.808 27.131 -11.5102 -106.133 -2.15738 -8.20725 -103.899 
24.6442 -2.29092 -103.957 22.8199 -22.1939 -106.574 -2.37444 -17.6477 -104.08 
-3.81633 -13.8684 -103.453 -2.82807 -9.71989 -102.123 0.670955 -5.47452 -103.602 
15.1434 -0.906298 -103.478 13.8898 -26.2965 -104.832 3.73027 -23.1198 -103.805 
25.7961 -3.57704 -105.117 5.96104 -24.1868 -104.805 5.5393 -2.85746 -102.581 
7.75721 -2.05698 -102.941 17.6137 -0.625922 -103.432 19.7145 -0.486262 -103.361 
21.2614 -23.6823 -105.236 -3.32545 -15.7997 -102.672 26.2057 -15.7847 -105.803 
26.8794 -6.61169 -105.237 2.29989 -4.49474 -102.843 10.1474 -1.52651 -103.235 
27.2324 -9.74058 -105.847 -3.67151 -11.8527 -102.851 12.6399 -1.18615 -103.433 
8.03308 -25.1335 -104.357 25.3919 -17.9457 -105.442 -0.982681 -19.5153 -103.121 
23.0753 -1.28567 -102.933 24.9097 -18.7119 -103.073 0.966636 -5.7197 -101.251 
-0.608708 -6.81112 -102.383 3.80227 -3.73955 -102.134 -3.27655 -11.3277 -100.54 
14.0071 -1.2374 -101.34 27.0079 -8.33453 -104.316 15.7482 -26.2395 -103.68 
11.9341 -26.2971 -103.219 9.9616 -25.8126 -103.894 19.4792 -24.9142 -103.92 
27.0036 -10.276 -103.921 1.85215 -21.9999 -102.936 22.6923 -22.2744 -103.946 
26.211 -5.03455 -103.795 0.309502 -20.863 -102.325 17.578 -25.8292 -102.555 
-3.68119 -13.6586 -101.43 -1.67606 -8.12686 -101.487 23.8219 -20.6838 -102.459 
26.3974 -14.4603 -103.611 6.93513 -2.6005 -100.772 -2.29742 -17.9075 -101.682 
9.17877 -1.96048 -101.044 11.564 -1.54637 -101.234 16.4897 -0.932788 -101.368 
18.9302 -0.698845 -101.468 21.1413 -0.749258 -102.01 13.8024 -26.5206 -102.178 
26.8086 -12.3633 -103.834 6.51853 -24.6916 -102.732 -0.921375 -19.7667 -100.848 
25.7741 -16.5807 -103.333 25.2996 -3.62504 -102.526 21.1094 -23.829 -102.707 
4.73352 -3.61575 -100.098 8.11026 -25.4017 -102.116 -2.09532 -9.1847 -99.5465 
26.7073 -8.73189 -101.577 26.5301 -6.68701 -102.646 2.67725 -4.67702 -100.536 
25.8103 -5.12028 -101.23 24.0936 -2.38399 -101.391 4.79122 -23.9018 -102.125 
-3.47325 -13.2102 -98.8415 -2.91241 -10.8853 -98.4974 10.0358 -26.0753 -101.541 
2.92722 -22.8972 -101.247 -3.25206 -15.813 -100.294 -0.406656 -7.20713 -99.6379 
6.33294 -3.07899 -98.8443 19.3679 -25.0553 -101.393 17.5268 -25.9715 -100.012 
26.7436 -11.033 -101.66 22.4654 -1.42605 -100.388 20.3478 -0.940708 -99.657 
15.6505 -26.4248 -101.1 0.880961 -21.4974 -100.271 8.19146 -2.46696 -98.8781 
12.9159 -1.57451 -99.1821 15.3732 -1.24356 -99.2298 26.4843 -13.1161 -101.433 
26.02 -15.2134 -101.181 3.16016 -4.77613 -98.2206 17.8943 -0.957239 -99.3118 
19.3643 -1.10855 -97.4577 6.03388 -24.7089 -100.354 22.5253 -22.4126 -101.39 
-2.31603 -17.9594 -99.3265 -1.02412 -8.21975 -97.6294 4.07385 -23.7282 -100.018 
26.4915 -11.7177 -99.3998 1.41976 -5.84018 -98.7936 10.4998 -1.95224 -99.0145 
24.8449 -3.72368 -100.001 8.21331 -25.6792 -99.8252 -2.06957 -9.6672 -97.0453 
24.5681 -19.2208 -101.058 25.3421 -17.3581 -101.02 11.8187 -26.5172 -100.643 
23.7044 -20.6777 -100.023 21.0285 -23.902 -100.163 4.96351 -3.89816 -97.4898 
-3.25722 -15.6541 -97.8952 26.1773 -6.75864 -100.029 10.018 -26.2751 -99.5082 
2.49816 -22.8839 -98.4467 0.482472 -21.4157 -97.5259 -0.952278 -19.8694 -98.5165 
6.90272 -3.15229 -96.9018 13.6474 -26.7122 -99.507 26.6078 -9.98894 -99.805 
9.3108 -2.49387 -96.5086 -3.00762 -11.6151 -96.703 23.5311 -2.47049 -98.9151 
0.468703 -6.99043 -96.6536 -3.44941 -13.6037 -96.7038 15.6366 -26.5829 -98.5574 
22.4853 -22.3617 -98.8798 11.2855 -26.6531 -97.8886 1.52832 -22.4387 -95.8458 
26.3654 -8.42517 -98.7883 2.03909 -5.7403 -96.7902 25.4033 -5.18874 -98.6995 
25.8025 -6.75974 -97.4587 24.7661 -18.4161 -98.783 23.6993 -20.4661 -97.5555 
26.3836 -10.1703 -97.7326 6.6119 -25.2335 -97.8829 4.5481 -24.1883 -98.0647 
-2.44386 -17.7523 -96.6313 26.1642 -13.7866 -98.9923 21.6979 -1.5169 -98.0331 
16.8105 -1.22389 -97.1899 25.632 -15.9796 -98.8458 24.3393 -3.75592 -97.5407 
11.8553 -1.9399 -97.032 -3.29662 -15.0339 -95.5084 -1.06669 -19.9292 -96.1411 
3.47688 -4.95966 -95.9256 14.2817 -1.56334 -97.1162 0.0810496 -21.2381 -95.4173 
5.29564 -4.08933 -95.1749 22.8442 -2.45665 -96.5869 21.0927 -23.8336 -97.6355 
-0.905854 -8.54473 -95.4611 19.3701 -25.1165 -98.7997 22.519 -22.2359 -96.4538 
21.3292 -23.6137 -95.5494 26.2255 -12.1601 -97.0065 11.061 -2.26239 -95.1672 
13.1459 -1.91484 -95.0685 13.6498 -26.9162 -96.6505 17.5304 -26.0791 -97.5081 
15.8052 -26.6829 -96.4865 -3.09514 -12.576 -94.7904 -2.15324 -10.3532 -94.821 
7.3192 -3.32224 -94.5704 20.8039 -1.55583 -95.8561 8.79255 -26.0792 -97.7257 
26.0517 -8.48434 -96.3231 24.9351 -5.20073 -96.1672 9.43842 -2.76483 -93.8429 
18.3432 -1.29383 -95.3549 3.32124 -23.6709 -95.9734 5.27574 -24.7984 -95.8383 
-2.1219 -18.5332 -94.6214 25.2873 -16.7236 -96.9732 1.97541 -6.14255 -94.8012 
7.39216 -25.7739 -95.7211 -2.95981 -16.5282 -93.9944 0.467484 -7.5032 -93.9423 
22.0415 -2.37595 -94.3651 23.7114 -3.6822 -95.1259 15.7064 -1.52947 -95.076 
24.6049 -18.4561 -96.1579 5.53306 -4.30201 -92.8933 7.58062 -3.52924 -92.1707 
17.1895 -26.3047 -95.1435 9.6113 -26.5186 -95.6849 -1.06575 -20.0776 -93.5631 
26.1228 -10.3761 -95.3608 19.4868 -25.0795 -95.964 -3.17473 -14.026 -93.105 
11.6766 -2.34513 -93.256 23.6311 -20.3944 -95.0593 3.65066 -5.22003 -93.6775 
25.4125 -6.84236 -94.9309 11.5425 -26.9246 -95.5699 -2.34438 -11.371 -92.3917 
19.8707 -1.6342 -93.6832 -0.975631 -9.1328 -93.1236 6.15598 -25.4255 -93.6978 
25.8042 -14.5316 -96.3573 25.7471 -8.64922 -93.8919 17.2887 -1.55622 -93.1521 
14.9694 -26.9401 -94.5654 4.10894 -24.3483 -93.7559 25.2236 -16.4584 -94.8651 
25.9766 -12.405 -94.5243 14.3265 -1.9426 -92.7055 24.4967 -18.3862 -93.7568 
24.3714 -5.21955 -93.3771 12.253 -2.41878 -91.3458 9.94084 -2.92428 -91.2608 
12.7223 -27.1371 -94.0442 2.26055 -23.1627 -93.7168 0.582762 -21.8285 -93.5665 
22.3819 -22.3122 -94.0859 -2.39265 -18.0191 -92.5007 2.02963 -6.50983 -92.4811 
8.34716 -26.3224 -93.6364 25.0969 -7.09559 -92.4755 10.539 -26.9232 -93.6708 
22.9491 -3.48862 -92.7629 20.7345 -24.1322 -93.6665 18.6854 -25.6436 -93.4107 
2.99582 -23.8493 -91.564 25.8621 -10.5521 -92.9602 1.2073 -22.5477 -91.3987 
25.6133 -14.4516 -93.5618 -1.02517 -9.64499 -90.8853 3.83938 -5.45589 -91.4087 
21.219 -2.33088 -92.1307 9.40895 -26.8314 -91.5452 7.14775 -26.0464 -91.6239 
-0.426682 -20.9906 -91.2552 -1.6795 -19.3753 -91.2259 -3.05064 -15.7787 -91.5526 
-2.91979 -13.4075 -90.6631 25.4539 -8.86038 -91.468 0.429571 -7.98736 -91.609 
25.0696 -16.4512 -92.4677 24.4502 -18.2217 -91.6617 24.3936 -5.99021 -91.1967 
16.4091 -26.6732 -92.8836 23.5224 -20.3461 -92.3108 4.98648 -25.0194 -91.6491 
-2.05671 -11.3722 -89.7233 -2.52801 -17.6593 -90.1255 18.9118 -1.81042 -91.1579 
25.7484 -12.5398 -92.084 5.81797 -4.46315 -90.6172 20.5979 -2.36316 -90.1045 
14.0652 -27.1994 -92.2844 11.725 -27.245 -91.7432 5.94612 -25.6805 -89.6879 
21.9511 -22.7489 -91.4212 24.7911 -7.35577 -90.0668 2.13851 -6.87618 -89.8978 
23.4985 -4.64731 -90.9403 22.1221 -3.2699 -90.4507 7.86484 -3.69112 -89.8026 
9.62206 -3.2138 -88.9917 11.5235 -2.7373 -89.3897 13.7986 -2.25854 -90.0688 
16.2285 -1.85631 -90.8359 25.6052 -10.7571 -90.5656 4.30639 -5.49682 -89.1081 
-1.47973 -19.7371 -88.9042 -2.97407 -15.4282 -89.1423 19.961 -24.8017 -91.4306 
17.8401 -26.1693 -91.1528 25.409 -14.5717 -91.1428 15.3518 -2.1508 -88.5051 
17.3738 -1.90578 -89.2833 8.09258 -26.5886 -89.5783 0.167418 -21.7798 -89.0636 
6.3336 -4.49677 -88.2944 15.5499 -27.0292 -90.6347 13.1966 -27.4012 -89.9724 
-0.99521 -9.97849 -88.9515 25.5223 -12.7796 -89.7463 3.85493 -24.5605 -89.5365 
25.1596 -9.10553 -88.9894 1.91396 -23.2813 -89.3046 -2.65628 -13.2598 -88.2019 
0.243804 -8.56981 -89.432 -1.60727 -11.2876 -87.1033 23.9136 -5.89203 -89.1345 
-2.5462 -17.5184 -87.7577 24.8248 -16.7209 -89.8857 8.42804 -3.73182 -87.4932 
10.6485 -3.12238 -87.2312 10.5911 -27.2674 -89.1824 24.0059 -19.1291 -89.9317 
3.18152 -6.46843 -87.4786 12.995 -2.59473 -87.6968 20.8808 -24.0098 -89.2763 
16.9939 -26.6494 -88.9251 19.0705 -25.5328 -89.2442 25.3563 -11.0673 -88.1635 
22.7394 -4.40448 -88.5942 14.837 -27.3201 -88.4235 6.77331 -26.2099 -88.0581 
-1.89406 -19.1967 -86.5764 19.0584 -2.12952 -88.6744 -0.140492 -9.38172 -87.2865 
20.9603 -3.02519 -87.9527 4.89315 -25.3082 -87.6919 23.132 -20.9716 -90.1142 
24.9262 -9.46319 -86.5296 24.372 -7.5061 -87.2803 -2.83818 -15.3606 -86.7384 
-2.44904 -13.3573 -85.752 -0.724566 -20.9515 -86.7452 -0.483592 -10.2792 -84.7152 
22.3281 -22.2189 -88.7124 5.03059 -5.36709 -86.7765 7.03871 -4.44615 -85.9092 
17.0047 -2.13484 -87.2528 8.50835 -26.9069 -87.3945 0.926926 -22.6575 -87.0419 
1.42978 -7.827 -87.5993 23.4196 -20.2864 -88.0435 25.2511 -14.6449 -89.1036 
12.6721 -27.5714 -87.6014 16.2287 -27.0426 -87.0767 2.80709 -24.0725 -87.374 
24.2694 -18.1463 -87.6199 25.2596 -13.3217 -87.2695 14.637 -2.44559 -86.1157 
10.5563 -27.4826 -86.4546 0.992234 -8.6023 -85.4331 -2.69675 -15.3056 -84.3113 
18.8337 -2.42887 -86.2977 18.2504 -26.1184 -86.7675 6.30841 -26.1522 -85.9341 
3.93108 -24.9255 -85.6282 23.3106 -5.71292 -86.7359 -1.71362 -11.9442 -84.7265 
24.8962 -15.8325 -87.3702 24.9687 -14.7469 -85.2258 5.61673 -5.36464 -84.1785 
9.40329 -3.66025 -84.975 -1.5643 -19.7511 -84.3383 -2.23744 -13.3918 -83.3544 
7.59162 -4.404 -83.8604 12.105 -2.95167 -85.3271 22.6368 -21.6678 -86.2845 
-2.51137 -17.47 -85.3579 2.54484 -7.23866 -85.5855 16.5527 -2.37989 -84.8866 
22.0256 -4.26384 -86.161 1.91295 -23.5968 -85.1596 0.799096 -9.12548 -83.4938 
23.674 -6.93748 -84.7034 20.3888 -3.18323 -85.1578 14.5253 -27.5045 -86.2147 
12.5242 -27.7267 -85.2136 8.52177 -27.0901 -85.0345 3.21681 -24.6501 -83.5196 
21.3613 -23.5003 -86.9796 20.0172 -24.8765 -87.5618 4.00149 -6.17287 -85.5508 
3.74449 -6.64083 -83.6483 4.93322 -25.6319 -84.1671 23.6416 -19.6293 -85.6275 
25.1327 -12.8835 -85.0789 25.1371 -11.3064 -85.7984 24.386 -8.34993 -84.9789 
18.4394 -2.63199 -83.8263 2.11666 -7.92595 -83.5445 13.9471 -2.74625 -83.4307 
0.0704685 -21.9651 -84.7427 -1.24386 -11.6968 -82.6049 22.661 -5.44395 -84.4099 
10.5137 -27.6411 -83.9782 20.0952 -24.8198 -85.4839 21.6242 -23.1574 -84.6133 
24.7068 -9.78916 -84.1238 24.4308 -17.239 -84.8982 -2.45528 -17.2875 -82.6105 
-1.80184 -19.4329 -81.8957 -2.53715 -14.9861 -82.1941 3.1695 -7.38903 -81.5293 
11.1737 -3.33037 -82.9466 21.4367 -4.22037 -83.7459 19.9192 -3.32772 -82.5982 
6.61275 -26.4942 -83.5454 22.8506 -21.24 -83.8495 0.0717554 -10.1401 -82.0617 
1.19083 -23.1779 -82.6213 -0.671519 -21.2431 -82.442 22.0851 -5.19465 -82.4888 
8.92459 -4.02361 -82.4093 16.3047 -2.57439 -82.4988 16.4595 -27.0384 -85.0269 
18.4951 -26.0683 -84.0369 22.9658 -6.43897 -82.4304 6.91147 -4.91573 -81.9974 
4.97406 -6.06618 -81.7213 23.7485 -19.236 -83.0774 21.0367 -4.35913 -81.354 
24.9601 -13.4657 -83.2422 14.4832 -27.6253 -83.8555 12.4619 -27.8693 -82.8187 
4.81657 -25.7166 -82.2632 24.736 -15.4781 -82.9684 8.51239 -27.2668 -82.5799 
23.9327 -8.22459 -82.4903 14.5265 -2.78542 -81.3009 10.2674 -3.74264 -80.6083 
24.9439 -11.5635 -83.5302 4.18246 -6.89891 -79.5435 18.0891 -2.83283 -81.3111 
-2.44883 -15.7175 -80.2367 12.525 -3.1506 -81.0582 19.5588 -3.54619 -80.0219 
16.0521 -2.76132 -80.1504 6.5677 -26.6557 -81.2069 20.349 -24.6291 -83.1122 
1.53833 -8.75538 -81.624 3.0101 -24.6903 -81.2244 21.8638 -22.8386 -82.1899 
23.017 -20.8791 -81.3948 16.5994 -27.0987 -82.2194 -1.25221 -20.4688 -79.8715 
24.7763 -14.0442 -81.0909 24.7644 -12.0527 -81.2873 -0.580161 -11.2773 -80.1697 
2.40977 -8.30666 -79.5562 6.10988 -5.58915 -79.8465 10.4969 -27.8146 -81.2317 
24.3242 -17.3259 -82.0313 -2.2511 -18.0592 -80.0567 24.4915 -10.1451 -81.6902 
8.13342 -4.5354 -80.2009 22.0395 -5.65028 -80.5323 18.9163 -25.8871 -81.6464 
0.0424507 -22.2113 -80.8142 24.6004 -15.7653 -80.9495 4.72317 -25.8475 -79.9409 
20.6269 -24.4074 -80.7955 -1.87544 -13.3307 -80.6533 0.841799 -9.71804 -79.8357 
13.8863 -3.02156 -79.3173 12.4696 -28.0146 -80.7572 14.2345 -27.8149 -81.4289 
23.7981 -18.9387 -80.5189 7.22341 -5.16611 -78.0703 15.5553 -2.97499 -77.7867 
8.29904 -27.3872 -80.0974 1.39386 -23.566 -80.025 11.6153 -3.52216 -78.7218 
-2.01064 -18.8428 -77.7296 6.40917 -26.7768 -78.7525 -2.00742 -14.3199 -78.1179 
23.0219 -7.1942 -80.1546 9.35392 -4.22883 -78.3259 17.7155 -3.04446 -78.7922 
11.4923 -28.0935 -78.9478 9.69564 -27.8519 -78.9411 0.331591 -10.5768 -77.9363 
23.8263 -8.90942 -79.7644 0.0250034 -22.3091 -78.6626 1.63301 -9.23179 -78.0175 
17.7469 -26.7164 -79.8105 2.98682 -24.8744 -78.7837 -1.02005 -12.2954 -78.1116 
20.8265 -4.70472 -78.9065 3.20383 -7.96695 -77.2671 1.44217 -23.7874 -77.6069 
-1.10101 -20.8681 -77.1373 22.1018 -22.4707 -79.4773 -2.36542 -16.5775 -77.9379 
5.23184 -6.38213 -77.7113 24.3548 -10.7424 -79.3345 13.2315 -3.2976 -76.9574 
24.2998 -16.9461 -79.5757 15.6593 -27.5996 -79.5722 22.0036 -6.20651 -78.2332 
19.2454 -3.80698 -77.5013 13.5599 -28.0524 -79.1357 8.09092 -27.5052 -77.6389 
23.2118 -20.3904 -79.2751 19.405 -25.6265 -79.7695 16.8947 -27.2368 -77.589 
24.5805 -14.8431 -79.1102 24.6064 -12.7374 -79.0976 4.52144 -7.13563 -75.4776 
6.34533 -5.84859 -75.9684 8.33396 -4.80683 -76.2137 20.701 -5.1817 -76.2738 
20.5772 -24.5183 -78.5421 0.169643 -22.625 -76.1828 23.0156 -7.86767 -77.8414 
23.7696 -9.61279 -77.4529 17.273 -3.23308 -76.3827 18.8394 -3.96808 -75.1218 
23.8049 -18.545 -77.7759 1.56815 -9.64632 -75.8215 24.3299 -15.9564 -77.2932 
24.2606 -11.5174 -77.1601 -0.0787003 -11.4228 -75.8871 22.0952 -6.90732 -76.0645 
-1.31187 -13.2331 -75.9523 24.4593 -13.6432 -77.0896 4.58138 -25.9664 -77.4645 
10.095 -28.0684 -76.6432 18.8729 -26.069 -77.9625 15.0401 -3.17423 -75.4352 
-0.920544 -21.1915 -74.6608 -1.78705 -19.5357 -75.6898 6.19664 -26.8757 -76.2433 
3.06146 -8.38387 -74.9537 -2.08766 -15.316 -75.8419 10.7197 -3.95814 -76.0904 
12.5425 -28.2436 -76.909 2.87241 -24.99 -76.3436 1.47946 -23.9772 -75.5022 
24.3063 -14.6416 -75.2173 12.7905 -3.52428 -74.569 14.7631 -27.9664 -77.2233 
21.72 -23.0822 -76.9089 -2.218 -17.599 -75.6738 7.91437 -27.6281 -75.165 
22.9188 -20.9299 -77.2947 23.7411 -10.4024 -75.2947 2.25555 -9.36149 -73.2691 
-0.524099 -12.3711 -73.8494 23.0357 -8.59149 -75.656 9.18016 -4.5835 -74.4405 
20.1316 -25.0231 -76.3381 7.46266 -5.37901 -74.2056 9.48849 -28.1391 -74.3051 
4.33906 -26.0187 -74.9189 24.1845 -12.4158 -75.1432 21.2988 -23.6924 -74.6874 
3.95422 -7.90109 -72.9582 5.69306 -6.47777 -73.792 13.7336 -28.277 -75.0031 
18.1872 -26.5989 -75.7557 2.52541 -24.8907 -73.9524 24.0696 -16.9901 -75.3707 
-1.54335 -14.2169 -73.7632 0.786589 -10.7935 -73.6316 20.0933 -5.07446 -73.8716 
10.8167 -4.08762 -73.4786 14.5137 -3.35317 -73.1482 16.001 -27.6994 -75.3163 
22.5823 -21.5709 -75.0665 -2.07424 -16.4219 -73.5571 23.4907 -19.3246 -75.3264 
21.3005 -6.20104 -74.5716 16.78 -3.37488 -74.086 19.6001 -25.5706 -74.1133 
-1.81494 -19.0574 -73.37 -0.824822 -13.2228 -71.7735 11.4572 -28.3793 -74.687 
5.97742 -26.9536 -73.7232 22.1781 -7.58321 -74.04 18.3613 -4.03516 -72.8783 
12.5415 -3.67467 -72.5687 23.8421 -17.7353 -73.3131 -0.804538 -21.3947 -72.1667 
0.174637 -11.7698 -71.9818 23.208 -19.968 -73.1092 23.6998 -11.2228 -73.1571 
8.78841 -4.9228 -72.2541 14.8973 -28.1505 -73.1939 0.627713 -23.2223 -73.5456 
2.89894 -9.04423 -71.3588 5.54367 -6.83246 -71.5282 6.86608 -5.86139 -72.4427 
13.5832 -3.61824 -70.7327 7.82399 -27.7688 -72.5325 20.924 -24.2183 -72.5013 
24.1022 -13.3615 -73.1991 24.1474 -15.5608 -73.38 12.5906 -28.5022 -72.8209 
1.99403 -24.6253 -71.5818 -1.97716 -17.3352 -71.2318 17.357 -27.168 -73.2261 
4.02637 -26.0195 -72.0903 1.49577 -10.4676 -71.0487 22.24 -22.1927 -72.8945 
23.026 -9.29151 -73.4854 21.1201 -6.44427 -72.7333 11.0387 -4.15977 -71.2326 
19.7119 -5.16355 -71.7021 10.2513 -28.3757 -72.5316 -1.64228 -19.5531 -70.7238 
16.2205 -3.50056 -71.8193 22.0931 -8.05794 -71.918 17.9179 -4.10501 -70.6865 
-1.66554 -15.1206 -71.521 20.87 -6.70432 -70.3284 5.81591 -27.0318 -71.5735 
0.127941 -12.2665 -69.6611 7.24792 -5.83543 -70.536 4.18311 -8.0524 -70.382 
2.89353 -9.35614 -69.3471 -0.792525 -21.492 -69.7361 22.9179 -9.88043 -71.0238 
23.6664 -12.1549 -70.8536 0.430022 -23.1651 -70.8877 23.9927 -16.2867 -71.6993 
15.7801 -3.62655 -69.5182 21.951 -22.7236 -70.6849 -1.0349 -13.9725 -69.9209 
13.8272 -28.4897 -71.0889 15.7743 -27.9884 -71.5765 19.2942 -25.9239 -71.8425 
2.97911 -25.513 -69.5453 1.50705 -24.3532 -69.5778 22.9273 -20.6384 -70.9634 
11.3402 -28.6248 -70.3138 23.6308 -18.1866 -70.871 24.0249 -14.3929 -71.3799 
1.62178 -10.7739 -68.3191 13.5552 -3.74424 -68.1519 -1.63069 -15.8164 -69.0214 
9.23091 -4.90717 -69.7533 4.80018 -26.6412 -69.6479 11.3834 -4.17737 -68.983 
20.6796 -24.5932 -70.3144 7.59465 -5.84349 -68.3287 -0.696691 -13.816 -67.8384 
5.79403 -6.9254 -69.2692 21.9535 -8.33801 -69.9667 -1.90058 -17.9651 -69.3262 
19.2869 -5.1619 -69.538 23.3159 -19.4255 -69.2145 22.3141 -9.31522 -68.5906 
9.52032 -4.9335 -67.5032 6.74602 -27.5411 -69.9972 17.5027 -27.2286 -70.4401 
-1.58532 -19.5854 -68.4418 8.8936 -28.2251 -70.4109 23.872 -15.6291 -69.4394 
0.5226 -12.2233 -66.9417 11.5203 -4.25637 -66.6756 4.41108 -8.17155 -68.1403 
6.09774 -6.96204 -67.0774 15.5832 -3.76373 -67.1881 17.5501 -4.1866 -68.4636 
15.2499 -28.2453 -69.5885 9.62842 -28.5335 -68.6803 23.0606 -10.7629 -69.1392 
20.1246 -6.18782 -68.338 0.335601 -23.1573 -68.5469 -1.57963 -19.316 -66.1108 
-0.862529 -21.3816 -67.373 21.1776 -7.63942 -67.9473 18.9001 -5.16172 -67.3606 
13.1335 -28.712 -68.7247 23.4057 -12.1258 -68.3255 -1.77872 -17.5084 -67.3169 
23.8112 -13.5822 -69.536 21.7087 -23.1548 -68.3817 22.7068 -21.1735 -68.8126 
7.8766 -5.87457 -66.1281 7.80634 -28.0632 -68.2222 -1.31798 -15.458 -66.3422 
19.3572 -25.9805 -69.9008 19.9458 -6.37269 -66.3397 17.3084 -4.30461 -66.2039 
16.6787 -27.7763 -67.9724 1.84653 -24.7535 -67.2466 23.6456 -17.6492 -68.2017 
23.248 -19.4717 -67.194 3.10438 -9.49316 -67.0825 3.84106 -26.2324 -67.2818 
-0.364026 -13.6968 -65.4094 20.8309 -7.68697 -65.4211 18.6472 -26.5873 -68.2382 
5.78879 -27.2811 -67.6352 20.3495 -25.0221 -68.1887 4.70913 -8.20517 -65.9547 
13.5737 -3.87395 -65.7837 23.6577 -13.8313 -67.5491 22.6042 -10.4321 -66.7617 
21.7613 -8.82574 -66.6636 11.0937 -28.8033 -67.6497 9.70966 -4.99923 -65.2322 
14.6514 -28.5458 -67.1995 -1.629 -17.209 -64.9182 1.91129 -10.8359 -65.9161 
-0.9875 -21.1516 -64.9845 23.717 -15.6987 -66.7405 12.6652 -28.9105 -66.2158 
0.179789 -23.0597 -66.1521 15.579 -3.92843 -64.8975 9.10835 -28.5438 -66.6674 
23.1805 -12.2473 -65.9686 19.6189 -6.43417 -63.9784 6.39729 -6.97756 -64.8807 
8.10034 -5.92513 -63.8564 -1.05664 -15.2987 -63.901 3.43149 -9.4955 -64.8475 
21.6521 -9.11964 -64.6982 7.08903 -27.9584 -65.9238 17.9865 -27.139 -66.1055 
0.862472 -12.1941 -64.5421 1.27141 -24.4239 -64.6015 22.5613 -21.4411 -66.477 
19.7612 -25.6966 -66.1949 23.5534 -17.5835 -65.7492 2.27942 -10.7893 -63.6111 
18.5863 -5.23426 -65.0777 16.0965 -28.1636 -65.5762 -1.56439 -19.0761 -63.6943 
11.6531 -4.34917 -64.3325 14.1883 -28.7993 -64.71 21.4074 -23.6374 -65.8026 
-1.07375 -20.9752 -62.5854 -0.0954708 -22.8304 -63.8074 -0.0538775 -13.6341 -63.0419 
13.7663 -4.00559 -63.451 20.594 -7.82139 -63.1463 2.94558 -25.809 -64.8611 
5.04982 -8.18307 -63.7423 22.4579 -10.8781 -63.9364 23.4898 -13.955 -65.2438 
3.82993 -9.4176 -62.5897 5.03178 -27.0903 -64.8997 10.64 -28.9065 -65.2176 
17.1658 -4.42567 -64.2347 23.5625 -15.686 -64.3035 2.71754 -10.6602 -61.3098 
9.87658 -5.07049 -62.8963 15.9134 -4.19535 -62.7551 12.221 -29.0754 -63.7447 
17.5113 -27.5614 -63.8722 22.5136 -21.4839 -64.0257 23.0949 -12.5781 -64.0245 
1.23342 -12.115 -62.2155 6.741 -27.9694 -63.8722 8.54948 -28.5425 -64.3737 
23.1675 -19.5033 -64.8431 11.8968 -4.41559 -62.0141 19.196 -26.3239 -64.1927 
2.05964 -25.3014 -62.5688 0.778371 -24.0611 -62.6804 -1.50696 -18.971 -61.2587 
-1.47394 -17.0584 -62.4873 6.66208 -7.00482 -62.6088 15.7303 -28.443 -63.1469 
-0.810238 -15.2209 -61.5153 22.7686 -12.1704 -62.1409 21.4733 -9.32176 -62.4319 
20.5605 -24.9165 -64.2852 17.9899 -5.15854 -62.6014 8.27213 -6.00199 -61.5195 
18.7636 -26.7817 -62.3624 21.6263 -23.3527 -63.0796 5.37884 -8.15718 -61.5116 
14.179 -4.14158 -61.2422 3.76678 -26.5431 -62.4853 23.2905 -13.8969 -63.0102 
4.26583 -9.29042 -60.3591 5.61896 -27.5776 -62.3163 23.4396 -17.5117 -63.3469 
19.3723 -6.54728 -61.6763 10.1188 -28.9736 -62.8134 13.8235 -29.0065 -62.273 
20.3545 -25.2016 -62.0705 0.272882 -13.5424 -60.732 20.4307 -8.04392 -60.9378 
23.1085 -19.4171 -62.4734 22.1226 -10.688 -61.686 6.81418 -7.11218 -60.3063 
-1.30286 -16.997 -60.007 17.3564 -27.7604 -61.5827 23.3882 -15.544 -61.9458 
23.0227 -13.6326 -60.7437 10.0968 -5.12305 -60.5955 23.3262 -17.3483 -61.0044 
12.3037 -4.45325 -59.8421 22.285 -11.6271 -59.7528 21.3986 -9.68301 -60.2977 
7.76888 -28.4542 -61.9287 -0.209407 -22.7652 -61.5457 22.5409 -21.3545 -61.6207 
21.7132 -23.2362 -60.7191 3.19996 -10.4767 -59.0468 5.59846 -8.18017 -59.5867 
16.4269 -4.548 -60.6943 11.7996 -29.2146 -61.3669 19.0916 -6.69023 -59.2859 
0.984634 -24.3751 -60.7115 18.0953 -5.48701 -60.4757 4.58279 -27.1885 -60.2695 
2.624 -25.916 -59.9636 -1.07253 -20.9698 -60.2097 9.68285 -29.0514 -60.4265 
-0.533854 -15.0999 -59.1746 1.65005 -11.9713 -59.9318 19.2224 -26.461 -60.0793 
6.22497 -27.9911 -60.4599 0.62906 -13.3821 -58.5515 8.40664 -6.11853 -59.1536 
14.6884 -4.32076 -59.1508 15.5112 -28.6422 -60.7877 4.79632 -9.05807 -58.2353 
23.0625 -19.2697 -60.1584 10.4601 -5.12129 -58.4012 20.4178 -8.45766 -58.8744 
6.61164 -7.53141 -57.8168 -1.41671 -19.0245 -58.8551 12.7765 -4.46583 -57.8408 
2.05962 -11.821 -57.7237 17.0007 -5.09579 -58.4845 13.4918 -29.1806 -59.9172 
11.3885 -29.3395 -59.0651 -0.182504 -22.8957 -59.2474 7.65845 -28.6032 -59.3808 
-1.04226 -21.0917 -57.958 21.3677 -10.1371 -58.1383 20.8154 -24.7389 -59.8303 
22.5471 -21.2602 -59.315 23.2054 -15.3441 -59.6349 5.75643 -27.9115 -58.4867 
-1.05869 -16.9307 -57.0855 8.68999 -6.14305 -56.5719 -0.154183 -14.7113 -57.3244 
0.926606 -13.2909 -56.4798 22.7727 -13.4762 -58.3921 11.0529 -4.9807 -56.4515 
23.2134 -17.1939 -58.7226 22.0922 -11.8421 -57.1382 21.2261 -10.4083 -55.8869 
18.297 -6.25323 -57.0178 14.8803 -4.4698 -57.024 19.5309 -7.50472 -57.6097 
1.05774 -24.6019 -58.3177 17.2833 -27.9092 -59.2854 3.64102 -10.3157 -56.8614 
5.24337 -8.88995 -56.0709 3.86252 -26.9269 -57.9704 2.29827 -25.855 -57.5221 
21.742 -23.2317 -58.4605 20.5224 -25.1697 -57.9472 18.8782 -26.9043 -57.626 
-0.17866 -22.9974 -56.9196 -1.36743 -19.3761 -56.9182 23.0322 -15.2594 -57.3499 
9.34613 -29.1483 -58.093 20.383 -8.83477 -56.8813 13.0392 -29.3673 -57.3548 
15.2999 -28.8227 -58.4979 5.20409 -27.8148 -55.9413 23.0055 -19.1838 -57.8847 
9.86707 -5.52817 -54.991 13.0407 -4.48425 -56.1297 2.38712 -11.7446 -55.5843 
-0.108771 -14.9494 -55.4176 3.94066 -10.2771 -54.7203 17.0435 -28.1751 -57.1156 
6.82701 -7.58359 -55.1757 1.14033 -24.8302 -55.681 8.3415 -6.48633 -54.0724 
19.2544 -7.53032 -55.8475 -1.30017 -18.855 -55.047 23.0973 -17.1793 -56.4577 
22.5798 -13.5537 -56.0345 15.1851 -28.9935 -56.2697 13.4199 -29.4858 -54.933 
3.02724 -26.5105 -55.7449 -0.864954 -16.7363 -54.1889 1.1573 -13.2907 -54.3671 
5.44079 -8.9414 -53.8211 10.8841 -29.4377 -57.1085 22.5161 -21.258 -57.0039 
16.5733 -5.13387 -55.9395 -1.05555 -21.0256 -55.8286 11.7458 -4.84359 -54.6677 
7.32901 -28.647 -57.0647 9.15188 -29.2637 -55.614 7.06235 -28.7073 -55.0871 
-1.11899 -20.6712 -53.6327 20.1879 -9.01253 -54.7889 14.2786 -4.6069 -54.603 
-0.342647 -22.8026 -54.5782 22.9345 -19.212 -55.5911 6.88548 -7.72032 -52.8088 
17.9142 -6.24891 -54.8362 18.3932 -27.4011 -55.5049 21.6178 -23.4703 -55.9457 
22.8803 -15.3804 -55.0552 0.105047 -14.9004 -53.13 1.39171 -13.2752 -52.1809 
11.4415 -29.572 -55.3458 2.62299 -11.7552 -53.4581 21.9041 -12.037 -54.7747 
19.0128 -7.6415 -53.7687 16.738 -28.4463 -55.2994 20.1236 -25.7452 -55.7856 
4.11726 -10.3478 -52.5674 10.0491 -5.53921 -53.181 12.1993 -4.83252 -52.6774 
2.03442 -25.8749 -53.5355 22.5108 -21.2325 -54.6746 22.9844 -17.3449 -54.1561 
3.87536 -27.2328 -53.7131 5.85307 -28.3172 -53.5603 0.466886 -24.2158 -53.0234 
21.0151 -10.5806 -53.6027 -0.657519 -22.3003 -52.2685 22.755 -15.6731 -52.7492 
15.2984 -29.0763 -54.0987 19.9644 -9.13424 -52.6429 14.4007 -4.75716 -52.1581 
16.286 -5.2448 -53.6248 22.4114 -13.7773 -53.67 2.82311 -11.7909 -51.2941 
-1.20493 -18.5283 -52.7136 2.7596 -26.6195 -51.5296 11.9759 -29.7085 -53.6187 
7.95187 -29.1188 -53.3568 21.0393 -24.6022 -53.8488 22.8523 -19.3686 -53.251 
8.44356 -6.55681 -51.8155 19.5244 -26.4815 -53.6921 21.9858 -22.8239 -53.7621 
13.4416 -29.6146 -52.7409 17.7199 -6.40869 -52.6665 -0.15612 -23.4583 -50.6734 
5.57262 -9.03763 -51.5843 16.2392 -5.45159 -51.4143 10.144 -29.5937 -53.4238 
1.13752 -25.172 -51.1616 -0.660603 -16.5678 -51.7725 17.413 -28.127 -53.3092 
-1.18391 -20.3107 -51.3625 4.29473 -10.3966 -50.3871 10.3187 -5.50791 -51.0641 
12.4618 -4.85906 -50.5314 4.6051 -27.8209 -51.6316 18.9635 -27.1207 -51.5714 
0.345813 -14.8249 -50.8437 22.2511 -14.085 -51.1047 1.62925 -13.249 -49.9495 
21.709 -12.2356 -52.4318 18.8694 -7.83535 -51.6884 20.5483 -25.3963 -51.8355 
22.8782 -17.6041 -51.8284 14.5637 -4.92539 -49.9965 8.98348 -29.5357 -51.0473 
6.63437 -28.7927 -51.4494 22.4614 -21.3748 -52.4171 -0.469191 -16.4763 -49.4267 
20.7482 -10.6744 -51.1246 7.05612 -7.75365 -50.5289 -1.09945 -18.3521 -50.3496 
8.72501 -6.49344 -49.597 11.3946 -29.7992 -51.7237 15.3093 -29.1913 -51.8305 
21.7225 -23.4071 -51.9267 10.6871 -5.43713 -48.9223 -0.913835 -21.7855 -50.3358 
22.7428 -19.642 -50.8861 19.7291 -9.13338 -50.8418 3.44775 -27.2628 -49.5122 
3.06912 -11.7642 -49.0605 4.58393 -10.3061 -48.2262 5.78878 -9.02642 -49.3762 
13.1011 -29.806 -50.1961 10.6769 -29.9188 -49.4213 17.102 -28.4722 -50.8013 
5.30672 -28.3447 -49.5899 22.6817 -16.0581 -50.766 17.6951 -6.71279 -50.496 
1.73984 -25.9243 -49.2002 18.8998 -8.22824 -49.6377 16.3331 -5.73997 -49.2853 
0.574193 -14.7659 -48.5645 7.37244 -7.6431 -48.3227 20.0289 -26.1472 -50.1362 
9.16788 -6.32561 -47.4398 19.9732 -9.81167 -49.156 18.5709 -27.5824 -49.197 
0.30264 -24.2908 -48.7965 -1.16426 -20.2847 -49.1074 21.5455 -12.348 -50.4499 
6.11951 -8.88174 -47.2381 -0.274156 -16.3696 -47.1436 -0.980978 -18.3339 -47.9488 
12.8479 -4.91157 -48.411 7.20481 -29.1745 -49.2606 22.2855 -21.8545 -50.1851 
1.88164 -13.2014 -47.6621 22.3853 -15.2627 -48.9889 21.7676 -13.282 -48.8652 
3.46206 -11.5889 -46.6204 21.2991 -24.2639 -49.5984 -0.714704 -22.3379 -48.5842 
11.2306 -5.3349 -46.7978 17.756 -7.11294 -48.1172 14.897 -5.15262 -47.9262 
22.7254 -17.6148 -49.2625 20.9416 -11.4807 -48.8912 5.9009 -28.7622 -47.8319 
4.23612 -27.9098 -47.5836 0.844679 -25.1365 -46.8585 15.2276 -29.3874 -49.5633 
20.1558 -26.0712 -48.1556 5.00533 -10.0404 -46.4111 19.0815 -8.81746 -47.5521 
-0.387738 -23.1994 -46.5662 6.37154 -8.82556 -44.9115 7.80732 -7.43097 -46.157 
20.1496 -10.4878 -47.0501 22.6192 -20.0559 -48.5794 16.4024 -5.93656 -47.482 
8.85295 -29.7008 -48.7273 2.44016 -26.6807 -47.2497 -1.05441 -20.653 -46.5621 
7.51364 -29.4379 -46.8468 -0.00729215 -16.0591 -45.2741 -0.802369 -18.068 -45.3715 
0.788821 -14.7035 -46.3476 -0.846512 -22.0932 -44.4449 16.7552 -28.7976 -48.8467 
21.1465 -12.3142 -46.9308 13.4363 -5.02247 -46.2614 22.4468 -16.211 -47.0606 
21.9411 -14.2178 -47.057 11.8894 -30.0796 -47.7622 9.80652 -29.9763 -47.1573 
22.6446 -18.3486 -46.8715 22.1336 -22.2957 -47.9038 17.0908 -6.67335 -46.0416 
9.74314 -6.08939 -45.3274 13.7054 -29.8796 -48.1949 5.31686 -28.6111 -45.9192 
2.07048 -13.2149 -45.3642 3.28072 -11.9643 -44.5392 15.2906 -29.5054 -47.1216 
4.61441 -10.5721 -44.7866 11.8575 -5.25191 -44.6854 17.4245 -28.5141 -47.1595 
8.85406 -29.9391 -44.9365 20.3544 -11.2748 -44.7259 18.2414 -7.90765 -46.2571 
19.1132 -9.25383 -45.1797 6.61708 -29.2993 -44.3632 21.2878 -24.3784 -46.9324 
22.516 -20.4763 -46.4285 3.35394 -27.5011 -45.4141 1.58278 -26.0712 -44.9938 
-1.12226 -20.0531 -44.3708 22.068 -14.997 -45.5421 18.9817 -27.3826 -47.1358 
22.0609 -22.5094 -45.6148 0.929799 -14.7526 -44.1663 15.4727 -5.54947 -45.9368 
20.0263 -26.3402 -45.5857 0.11975 -24.268 -44.6076 -0.127267 -16.536 -43.4655 
21.4267 -13.3049 -45.1729 13.1015 -30.0831 -46.1655 -0.87147 -18.5582 -42.9888 
21.2931 -24.4514 -44.4831 5.60175 -9.72727 -42.9854 11.0328 -30.2059 -45.4838 
0.880104 -15.0694 -41.8928 2.36607 -13.1279 -42.8785 8.35944 -7.11252 -43.9919 
16.2967 -6.2339 -44.0835 10.3372 -5.84934 -43.2454 4.47064 -28.3328 -43.7419 
18.2924 -28.035 -45.2927 17.7904 -7.62164 -44.4569 22.5845 -18.9439 -45.085 
22.3862 -16.7938 -44.7941 14.1331 -5.26304 -43.8686 16.4213 -29.183 -45.0603 
20.9754 -12.7321 -43.1124 -1.05142 -20.7589 -42.5537 -0.436782 -23.2703 -42.2247 
4.05818 -11.3055 -42.909 7.17392 -8.20917 -42.6063 0.865734 -25.426 -42.8448 
14.439 -29.9294 -44.6125 10.1967 -30.2731 -43.2392 2.52214 -27.0462 -43.2448 
19.4052 -9.97902 -43.327 12.2182 -5.21875 -42.8309 12.3899 -30.2951 -43.8396 
20.0082 -11.111 -42.277 22.4419 -20.6404 -44.3349 15.5047 -5.87758 -41.9731 
19.1024 -27.4648 -43.7361 21.7937 -14.6078 -43.784 18.4164 -8.63672 -42.9308 
-0.916633 -19.0867 -40.9302 15.5702 -29.6811 -43.23 -0.248198 -17.0151 -41.3312 
17.1323 -7.14858 -42.4042 8.90354 -6.79686 -41.8183 13.4898 -5.25784 -41.463 
2.07228 -13.6834 -40.4089 3.51185 -12.039 -40.9523 11.0772 -5.63893 -41.0131 
22.0435 -22.5658 -43.3355 7.92986 -29.8544 -42.7668 5.70777 -29.085 -42.1955 
20.3102 -26.1398 -43.0857 22.3938 -20.8028 -42.4432 22.4624 -18.6085 -42.8902 
21.4605 -14.1151 -41.7664 0.400991 -24.9704 -41.0616 -0.957375 -21.3526 -40.3828 
6.30201 -9.1363 -41.2935 13.9047 -30.1952 -42.3712 5.01987 -10.4596 -41.0988 
3.61438 -27.9792 -41.5786 7.53828 -7.97539 -40.4619 17.3998 -28.7767 -42.9582 
1.74725 -26.5209 -41.183 21.3608 -24.4206 -42.1137 18.9744 -9.66575 -41.4575 
17.8289 -8.18696 -40.8418 20.6058 -12.427 -40.8954 11.6442 -30.4667 -41.3133 
-0.344082 -23.642 -39.7934 22.1006 -16.094 -42.3823 4.86985 -28.8363 -40.0717 
16.4818 -6.74823 -40.3098 6.99494 -29.7011 -40.6873 19.0367 -27.6184 -41.741 
-0.468795 -17.6494 -39.6085 7.73785 -7.90448 -38.1845 6.07406 -9.50092 -39.1428 
21.8115 -15.3824 -40.6348 15.6101 -29.7654 -41.3385 20.4058 -26.1217 -40.8024 
0.636123 -15.6706 -39.4068 14.7884 -5.66838 -39.8178 18.4599 -9.28831 -39.3365 
9.22108 -30.2562 -41.1693 0.883162 -25.6792 -39.3903 -0.270474 -17.4498 -37.7739 
19.5801 -10.8356 -40.0333 12.7211 -5.33094 -39.3461 9.20319 -6.64731 -39.5984 
10.8389 -5.74257 -38.8808 8.26904 -30.176 -39.1868 4.40269 -11.238 -39.162 
22.4122 -19.8828 -40.7244 13.6799 -30.3684 -40.1028 -0.908914 -19.4342 -38.8668 
21.201 -13.9254 -39.7002 21.3713 -24.5058 -40.1079 22.0697 -22.4051 -40.8526 
-0.873722 -21.84 -37.9181 17.2566 -7.78411 -38.7281 10.14 -30.5024 -39.6749 
17.3959 -28.9298 -40.47 3.12217 -12.5876 -39.238 11.6866 -30.6285 -38.8171 
0.0022989 -24.4353 -37.7318 22.2365 -17.4288 -40.362 4.38231 -28.7263 -38.1678 
2.79235 -27.5539 -39.2082 19.0687 -27.6929 -39.488 1.44552 -26.466 -37.3782 
22.3739 -19.1049 -38.9911 6.15453 -29.5343 -38.5816 2.07528 -13.8645 -38.2452 
3.48524 -12.3357 -37.5218 4.95288 -10.8045 -37.1099 15.8423 -6.43752 -38.1772 
11.9228 -5.53316 -37.3001 9.63496 -30.5304 -37.7818 9.62703 -6.47862 -37.1888 
20.6174 -25.8586 -38.3663 21.7523 -15.669 -38.8278 20.2406 -12.2569 -38.3732 
14.044 -5.57142 -37.6824 21.7901 -23.4051 -38.5126 15.5374 -29.9166 -39.1037 
17.379 -29.0703 -38.2679 3.18497 -28.0449 -36.7512 22.2939 -21.0795 -38.7944 
22.1455 -17.5744 -37.952 0.909269 -15.4984 -36.9296 6.42143 -9.28205 -36.633 
13.5109 -30.5244 -37.7379 19.0622 -10.4355 -37.8035 2.35071 -13.7195 -36.1413 
7.91031 -7.83291 -35.934 16.6975 -7.42751 -36.5776 19.0083 -27.8817 -37.2765 
17.9245 -8.8848 -37.1921 7.4993 -30.0919 -37.0978 5.31223 -29.3101 -36.2391 
-0.866032 -19.4785 -36.7084 21.082 -14.1023 -37.5629 22.3035 -19.6296 -37.137 
0.432817 -25.3239 -35.7127 22.1308 -21.9341 -36.6787 -1.02851 -21.2373 -35.8528 
11.2425 -30.7621 -36.2103 7.03997 -30.0856 -35.1953 -0.621792 -23.1952 -35.9183 
3.83045 -12.1221 -35.4589 5.26941 -10.611 -34.9177 15.2037 -6.20801 -36.017 
15.5079 -30.0665 -36.6474 1.89152 -27.0919 -35.2343 8.87736 -30.5354 -35.6373 
20.3092 -26.475 -35.9539 -0.119218 -17.4013 -35.3207 21.6538 -15.8818 -36.6191 
18.5243 -9.98274 -35.6893 21.4751 -24.3145 -36.4132 19.5565 -11.4885 -36.152 
11.1057 -5.84809 -35.2625 9.30172 -6.72474 -35.0842 20.398 -12.8954 -36.3619 
6.67896 -9.12494 -34.4245 13.2969 -5.57925 -35.5627 1.22352 -15.2375 -34.7895 
20.9486 -14.2357 -35.4218 -0.895039 -19.7664 -34.5422 17.4267 -8.53113 -35.037 
13.3437 -30.7044 -35.3748 2.65047 -13.5396 -34.0291 17.4572 -29.1523 -36.4226 
0.414665 -16.4917 -33.5154 21.513 -16.0073 -34.1932 3.63217 -28.5213 -34.1551 
-0.320626 -24.1006 -33.9108 22.0619 -17.8765 -35.7452 0.822774 -26.0356 -33.6798 
-0.941629 -21.9414 -34.0995 16.1706 -7.13974 -34.405 8.16597 -7.68378 -33.848 
19.9862 -12.5519 -34.2927 16.5341 -29.7524 -34.73 2.06675 -27.4193 -33.3507 
18.1193 -9.72058 -33.5931 19.0338 -10.968 -34.3813 12.5496 -5.68901 -33.4433 
14.8131 -30.458 -34.5658 9.96054 -30.815 -34.2307 22.2132 -20.1508 -34.7682 
21.9525 -22.7684 -34.5697 -0.423263 -18.2467 -32.977 0.400279 -16.713 -31.6483 
1.49411 -15.0314 -32.7168 5.59975 -10.3792 -32.7097 16.9963 -8.26552 -32.8766 
14.5839 -6.05964 -33.8685 11.6568 -30.9452 -33.7662 5.79043 -29.6969 -33.7251 
4.12987 -11.9503 -33.2677 7.05411 -8.81355 -32.3445 10.119 -6.3738 -33.0591 
18.6535 -28.3268 -34.9073 21.191 -25.0645 -34.3319 8.04783 -30.4891 -33.3309 
20.7477 -14.145 -33.5699 2.91556 -13.3932 -31.848 13.4908 -30.8312 -33.1459 
20.1337 -26.8642 -34.1239 2.80678 -28.1332 -31.7223 -0.789738 -22.7962 -32.0263 
0.0131767 -24.9275 -31.8404 -0.931308 -20.485 -32.3583 1.26651 -26.7157 -31.7078 
11.8943 -5.82398 -31.2793 10.0509 -30.9455 -32.2191 17.3767 -29.3702 -32.8114 
8.45992 -7.47798 -32.0286 15.3733 -30.3514 -32.8361 15.682 -6.92077 -32.2493 
13.981 -5.97171 -31.7425 1.65913 -15.0061 -30.3369 20.9829 -14.9819 -32.0489 
18.9599 -11.2029 -32.2803 22.0093 -18.0655 -33.8689 6.46388 -30.126 -31.5304 
4.57469 -29.2598 -31.8018 19.2299 -27.9261 -32.6591 20.6755 -26.0665 -32.4283 
22.1398 -21.335 -32.9688 -0.504176 -18.8038 -30.4824 0.401983 -16.8468 -29.7516 
20.0819 -13.1123 -32.0527 13.3139 -5.90852 -29.6485 22.0984 -19.2626 -32.5042 
4.49916 -11.6974 -30.7629 6.19892 -9.81821 -30.5549 7.74068 -8.18265 -30.4306 
9.69421 -6.6472 -30.4245 18.1449 -28.9369 -30.7911 21.6884 -17.0381 -32.21 
3.12323 -13.2788 -29.942 15.1731 -6.73938 -30.0857 19.8535 -27.3023 -30.6077 
21.7156 -23.5133 -32.1846 -0.94027 -21.4022 -30.178 17.762 -9.51477 -31.4777 
11.9829 -31.0696 -31.4465 16.1436 -30.1203 -30.8726 22.0602 -20.7762 -30.7593 
16.6083 -8.05787 -30.7351 8.39058 -30.7497 -30.7846 -0.566642 -23.7269 -29.8997 
3.61125 -28.8516 -29.4149 0.424795 -25.7653 -29.8112 14.0312 -30.8232 -30.992 
20.3385 -13.9182 -30.1786 5.54177 -10.6438 -28.581 11.468 -5.89263 -29.4194 
19.3107 -12.0844 -30.1875 10.334 -31.1185 -29.8592 6.82659 -30.4153 -29.3342 
5.32244 -29.7712 -30.0561 18.38 -10.6065 -30.2743 17.45 -9.35485 -29.393 
21.8428 -22.9602 -29.6058 4.03531 -12.347 -28.438 1.80139 -27.4092 -29.7426 
21.1206 -25.2503 -30.2769 21.8205 -18.1294 -30.482 2.54728 -14.0511 -28.2541 
1.1038 -15.9021 -28.0906 21.2055 -15.9084 -30.2781 12.4904 -31.1674 -28.8989 
14.4802 -6.54006 -27.7038 8.61856 -30.9626 -28.4313 7.0915 -8.90182 -28.5792 
8.51949 -7.48297 -28.8011 10.1201 -6.44098 -28.1438 -0.834517 -20.1343 -28.3303 
-0.103582 -17.9394 -28.1448 19.6155 -12.8868 -28.3001 20.6118 -14.7969 -28.3712 
18.4071 -10.9349 -28.2724 16.2243 -7.88563 -28.5768 -0.905971 -22.3771 -28.0971 
0.903593 -26.5643 -28.201 21.4114 -24.5932 -27.986 -0.196945 -24.7694 -27.5946 
-0.98407 -21.1115 -26.7147 17.0193 -29.7657 -28.911 22.0384 -21.0426 -28.6932 
18.8914 -28.4109 -28.7489 20.3914 -26.6628 -28.4464 13.8455 -31.09 -26.9676 
14.8992 -30.6853 -28.9506 21.8935 -19.0752 -28.6745 12.2268 -5.92628 -27.7701 
5.23104 -29.8601 -28.0707 -0.577311 -19.2485 -26.3536 8.43729 -7.66445 -26.7184 
10.7299 -6.28786 -26.1153 0.834325 -26.5835 -26.3178 2.09783 -27.8474 -27.6387 
21.396 -16.8515 -28.4986 2.02065 -14.8198 -26.2356 4.94606 -11.4167 -26.5741 
6.89388 -30.5902 -27.0639 8.65223 -31.1178 -26.0733 17.1868 -9.25313 -27.2886 
3.46425 -13.1019 -26.4726 21.9031 -22.3588 -27.3398 -0.843873 -22.8917 -25.9381 
3.59523 -29.0526 -26.7797 4.20681 -12.3545 -24.6486 6.50247 -9.62588 -26.6265 
0.544223 -16.938 -25.8218 12.9691 -6.07359 -25.8808 15.9362 -30.413 -27.0301 
20.8648 -15.7184 -26.5548 19.9626 -13.7916 -26.484 -0.894789 -20.8906 -24.8727 
21.5424 -17.8166 -26.679 21.9163 -20.0706 -26.8661 5.14555 -29.9871 -25.7348 
17.8751 -29.3393 -26.9486 -0.197286 -24.9563 -25.017 18.9159 -11.9916 -26.4241 
15.9273 -7.77712 -26.4239 17.9421 -10.4878 -26.2937 14.6432 -6.69666 -25.6921 
-0.326987 -18.7369 -24.2389 2.91524 -13.8252 -24.7994 1.71763 -15.3341 -24.1382 
7.36524 -8.71716 -24.6848 9.31585 -7.04307 -24.4033 19.5071 -27.9107 -26.6087 
21.6148 -23.9175 -25.6971 5.73387 -10.5754 -24.698 16.9555 -9.23684 -24.954 
21.8886 -21.477 -24.8768 0.567423 -16.9906 -23.6217 10.464 -31.2851 -27.482 
6.76269 -30.6984 -24.7445 3.49533 -29.1746 -24.3779 0.826267 -26.7564 -24.0607 
15.4631 -7.50553 -24.4065 14.9403 -30.899 -25.1294 19.2853 -12.8652 -24.6341 
16.9118 -30.0479 -25.1562 2.10457 -28.0311 -25.3828 20.7953 -26.0689 -26.1554 
10.6258 -31.4375 -24.9469 4.97414 -30.0678 -23.372 13.7558 -6.39378 -24.1242 
-0.146501 -25.2872 -22.7719 -0.810867 -22.9964 -23.3873 21.7508 -23.3693 -23.6861 
21.0905 -16.7076 -24.6603 20.2705 -14.7013 -24.64 11.5932 -6.1563 -24.1205 
12.885 -31.3643 -25.0189 8.42134 -31.2136 -23.7235 15.9856 -30.5848 -23.6029 
18.2015 -11.1142 -24.6623 6.43613 -9.79944 -22.8327 8.08906 -8.0358 -22.7165 
16.2023 -8.51045 -22.7668 21.1827 -25.3197 -23.8542 2.03767 -28.1618 -23.0141 
21.6657 -18.9167 -24.8084 17.4577 -10.2292 -22.8761 14.6678 -7.04414 -22.4875 
18.507 -28.9593 -25.1711 3.10267 -13.7369 -22.7125 4.87539 -11.6598 -22.753 
-0.775507 -20.4703 -22.6734 -0.0477988 -18.2645 -22.1444 18.5873 -11.9764 -22.8165 
14.0126 -31.2582 -22.9725 10.1979 -6.65226 -22.0739 12.681 -6.26174 -22.2553 
1.30496 -16.052 -21.8077 6.54777 -30.7732 -22.4922 -0.665955 -24.1048 -21.4813 
-0.910418 -22.2454 -21.0172 3.38139 -29.2738 -21.9452 0.789946 -26.9011 -21.7406 
17.9028 -11.1449 -20.9586 17.8424 -29.5188 -23.112 20.5468 -15.6305 -22.6842 
19.8311 -27.5852 -24.0601 7.97751 -31.2453 -21.777 10.0013 -31.5481 -22.1802 
4.90718 -30.1887 -21.0256 19.6282 -13.7418 -22.7593 -0.110019 -25.5451 -20.8987 
21.3363 -17.8988 -22.5314 5.62429 -10.8241 -20.8821 1.97532 -28.2656 -20.5436 
4.09078 -12.6677 -20.6798 3.43808 -29.4654 -19.5307 21.7818 -19.9511 -23.188 
21.8719 -21.7809 -22.431 7.12192 -9.03877 -20.9919 15.9755 -30.6711 -21.7232 
16.7776 -9.48146 -20.9464 8.54998 -7.62706 -20.9829 21.578 -24.0937 -21.4641 
0.254498 -17.7952 -20.0865 18.961 -12.8321 -20.8831 15.4837 -7.90423 -20.7831 
13.8276 -6.69264 -20.5036 20.6748 -26.4778 -21.8015 -0.627284 -19.9475 -20.4904 
0.600313 -26.7318 -19.1714 19.3304 -28.3292 -21.5169 11.7805 -6.29782 -20.1606 
6.60647 -30.9263 -20.3639 -0.589375 -24.2349 -19.4026 21.7252 -19.867 -21.2905 
9.73271 -6.87581 -19.6611 18.2989 -11.9794 -18.9836 8.48411 -31.4541 -20.0638 
-0.884212 -21.7533 -18.8272 17.2549 -10.3794 -19.0401 2.52995 -14.5399 -20.2824 
4.94216 -11.7149 -18.8266 14.1034 -31.3789 -20.5452 21.3597 -18.2151 -20.3889 
-0.398869 -19.4081 -18.3398 2.10847 -28.537 -18.0915 17.6757 -29.7944 -20.5797 
19.9307 -14.5777 -20.767 6.42699 -9.8929 -19.0304 20.7727 -16.4618 -20.5906 
1.29215 -16.1488 -19.6994 16.1443 -8.83136 -19.0144 7.98069 -8.18194 -19.234 
21.8405 -21.8065 -20.1165 19.2824 -13.6086 -18.8553 18.6522 -12.7153 -17.2843 
14.7912 -7.42927 -18.7606 10.4498 -31.7366 -19.8084 21.0656 -25.8267 -19.5648 
5.13667 -30.4374 -18.7653 3.75456 -29.8042 -17.2465 21.6348 -19.6761 -19.1262 
0.637329 -17.2458 -18.1158 1.96573 -15.3449 -18.2159 11.0873 -6.43485 -17.9281 
9.12266 -7.30222 -17.4935 15.8944 -30.8424 -19.482 2.45313 -28.9892 -15.797 
20.1952 -27.4049 -20.0797 -0.83589 -23.3623 -17.4681 7.03038 -31.1909 -18.272 
-0.243745 -25.3864 -17.1803 10.767 -31.8755 -17.9005 9.0127 -31.6838 -17.9815 
3.4413 -13.5273 -18.5438 17.6285 -11.1607 -16.8317 7.37081 -8.84912 -17.2046 
0.939227 -27.4021 -16.5724 13.067 -6.50023 -18.3947 14.1481 -7.0881 -16.7185 
5.60021 -30.7786 -16.6068 21.0162 -17.4281 -18.3373 20.1823 -15.3448 -18.6603 
14.0968 -31.5095 -18.2987 -0.796107 -21.267 -16.4553 19.0657 -28.7406 -19.2591 
21.6788 -23.7609 -18.7162 4.31001 -12.5506 -16.7544 5.81366 -10.6871 -16.9963 
17.496 -30.0438 -18.2603 19.4919 -14.2396 -16.5139 -0.756445 -23.7732 -15.6323 
1.27887 -16.3829 -16.268 2.77751 -14.4165 -16.4713 21.8146 -21.5514 -17.7654 
16.648 -9.65674 -17.4195 15.59 -8.35114 -17.0215 21.1768 -25.623 -17.1752 
20.2334 -27.3945 -18.1086 14.983 -7.89033 -15.0438 9.86022 -31.9149 -15.772 
15.7564 -31.0218 -17.2316 14.1567 -31.6048 -16.3616 0.00381695 -18.5814 -16.2725 
7.59304 -31.4837 -16.1435 18.444 -12.5778 -15.3364 6.76782 -9.57272 -15.2098 
10.4665 -6.70291 -15.6991 21.714 -23.5061 -16.276 20.3789 -15.9601 -16.8199 
-0.887312 -22.0439 -14.4807 8.02673 -31.7272 -13.9553 21.5059 -19.352 -16.8707 
20.9123 -17.4042 -15.8246 -0.0108999 -25.9829 -14.9806 2.77928 -29.3904 -13.6128 
4.18331 -30.1957 -15.0819 20.2554 -27.4357 -15.7325 21.2392 -25.5213 -14.761 
3.64992 -13.4191 -14.7264 8.49235 -7.83611 -15.4064 18.9483 -28.9447 -16.9212 
0.624362 -17.4946 -14.3593 16.4481 -9.59668 -15.2795 12.4374 -6.45699 -16.2247 
13.6052 -6.88209 -14.9778 -0.460146 -19.8456 -14.414 17.3174 -30.2593 -15.9289 
5.20226 -11.4996 -14.9928 6.05857 -31.1016 -14.4891 1.23649 -27.9127 -14.3299 
-0.682341 -24.016 -13.3261 20.1345 -15.6759 -14.7975 6.13659 -10.38 -13.279 
9.74925 -7.09818 -13.5766 2.0803 -15.3758 -14.4807 4.56173 -12.3514 -13.0274 
21.4098 -19.1793 -14.6421 21.7607 -21.2424 -15.4981 14.077 -7.32297 -13.3187 
12.0725 -6.6156 -13.8183 15.4224 -31.2562 -14.7841 19.186 -13.9672 -13.9589 
0.184604 -26.4923 -12.8597 13.2556 -31.8779 -14.644 21.7356 -23.1773 -13.7208 
21.7055 -20.8745 -13.6478 17.5147 -11.1867 -14.6552 17.1488 -30.4712 -13.9673 
-0.729462 -21.2454 -12.6911 0.0678061 -18.6781 -12.4963 20.7977 -17.382 -13.5318 
7.81141 -8.50207 -13.4517 1.4319 -28.2704 -12.1609 9.98614 -32.0795 -13.2519 
1.41458 -16.3657 -12.5758 2.97642 -14.312 -12.7684 18.8217 -29.181 -14.3023 
15.6023 -8.70175 -13.2089 6.35184 -31.3384 -12.3623 4.50761 -30.5115 -12.9422 
-0.816471 -22.9894 -11.1213 16.8683 -10.3719 -13.0423 8.24596 -31.9007 -11.7597 
7.08762 -9.29372 -11.6148 8.82733 -7.69613 -11.6407 14.179 -31.7498 -13.0227 
20.3571 -27.425 -13.2987 18.0831 -12.2348 -12.9307 16.0561 -31.1001 -12.2506 
2.95172 -29.6551 -11.4309 -0.480486 -25.1133 -11.569 21.7425 -21.6395 -11.8842 
21.3925 -19.3887 -12.5344 20.8334 -17.7615 -11.2531 2.33334 -15.2088 -10.8359 
21.3115 -25.5066 -12.3926 19.9196 -15.5444 -12.228 10.1827 -32.2057 -10.9969 
17.236 -11.0943 -10.9968 13.0172 -6.90462 -11.6079 0.269901 -26.7909 -10.8201 
10.9106 -6.79467 -11.5798 4.67512 -30.7243 -10.7559 -0.413378 -20.1537 -10.444 
0.801512 -17.4224 -10.6949 7.89914 -8.48433 -10.1636 1.47683 -28.4401 -9.99612 
16.0868 -9.44199 -11.273 17.8572 -30.0843 -12.5801 14.0506 -31.8646 -11.0468 
5.5107 -11.2084 -11.3599 3.94349 -13.1799 -11.0863 18.9489 -13.7539 -11.9905 
6.52302 -31.5152 -10.2358 17.6905 -30.2563 -10.7146 15.8506 -31.3092 -9.79875 
19.1909 -28.9758 -11.847 14.7241 -7.93013 -11.4692 -0.820542 -22.5677 -8.97128 
18.2637 -12.7553 -10.5302 6.49628 -10.026 -9.76899 1.66437 -16.2309 -8.68737 
0.227123 -26.7857 -8.69511 -0.549139 -24.8802 -9.78672 4.97559 -11.9458 -9.41238 
9.55795 -7.37944 -9.41752 2.99642 -29.8067 -9.2152 20.5072 -27.3245 -10.9027 
21.7312 -23.7262 -11.5401 13.8334 -7.35663 -10.0395 8.34948 -32.036 -9.59618 
21.4137 -25.275 -10.1525 3.40858 -13.927 -9.11395 12.0478 -6.85244 -9.38924 
20.1754 -16.3387 -9.76417 19.244 -14.4647 -10.1904 1.4552 -28.5207 -7.79357 
-0.458741 -20.2966 -8.08117 17.4123 -11.5985 -8.54614 15.2044 -8.56951 -9.3429 
21.7426 -22.7186 -9.61037 21.463 -20.0407 -10.3888 7.64444 -8.82475 -8.3779 
0.288998 -18.3929 -9.06596 17.5247 -30.4625 -8.52407 15.6613 -31.505 -7.5481 
13.9426 -32.0086 -8.79268 -0.612483 -24.6903 -7.63536 20.9734 -18.3967 -9.00412 
19.5278 -15.2042 -8.06854 13.7414 -7.44688 -8.20905 10.2071 -32.3176 -8.70991 
20.655 -27.0708 -8.30741 4.56028 -12.549 -7.41181 16.473 -10.1113 -9.53785 
2.96754 -29.9228 -7.00049 19.2254 -29.007 -9.56581 0.452175 -18.2253 -7.25922 
1.66249 -16.3397 -6.36972 6.75158 -31.6992 -8.40256 4.84041 -30.9396 -8.33977 
3.05455 -14.462 -7.05258 0.159924 -26.7669 -6.20124 18.568 -13.4743 -8.3391 
21.5682 -24.7074 -8.24494 20.3597 -16.9682 -7.5625 14.8709 -8.35725 -7.29895 
8.91445 -7.82183 -6.96916 10.6429 -6.97856 -7.65538 -0.830075 -22.3991 -6.74772 
6.05377 -10.6416 -7.79175 8.19989 -32.1265 -7.13431 16.1141 -9.82353 -7.38988 
10.2634 -32.4357 -6.44636 -0.365882 -20.1651 -5.91357 21.7439 -22.8313 -7.09651 
12.2139 -6.96304 -6.9224 1.56162 -28.772 -5.5723 0.596827 -18.0763 -5.19062 
13.8036 -32.1505 -6.50258 15.4067 -31.7138 -5.23821 21.5325 -20.5976 -8.1063 
10.3974 -7.19815 -5.34632 -0.722438 -24.3525 -5.34225 5.63392 -11.2423 -5.71581 
7.15388 -9.40209 -6.24422 13.7788 -7.58623 -6.06143 6.00298 -31.5471 -6.50055 
4.3314 -30.8384 -6.16061 19.0481 -29.2632 -7.28988 19.7618 -15.8279 -6.24932 
18.9428 -14.3183 -6.21092 2.79787 -14.8611 -5.00071 17.9465 -12.6327 -6.39237 
8.83628 -32.3632 -5.18053 20.255 -27.8495 -5.86418 4.20341 -13.0754 -5.35277 
17.0393 -11.2193 -6.406 17.2572 -30.7357 -6.30073 21.0445 -18.8173 -6.72597 
16.2606 -10.207 -4.99598 21.3925 -25.3018 -6.07489 15.1071 -8.74547 -5.45924 
-0.785775 -22.0572 -4.48411 3.11417 -30.1483 -4.77386 1.7028 -29.0541 -3.06642 
0.577156 -27.6734 -4.25534 -0.31242 -25.9842 -3.80522 21.5384 -20.7539 -5.75934 
8.29302 -8.38003 -4.67935 12.3553 -7.09559 -4.65824 -0.170748 -19.7805 -3.72946 
17.2895 -11.7564 -4.56924 20.3718 -17.2031 -5.40143 7.14554 -32.0078 -4.76646 
5.04266 -31.2745 -4.14281 2.31086 -15.5726 -3.04364 1.63937 -16.4304 -4.598 
6.63021 -10.0605 -4.06727 9.42427 -7.64621 -3.00881 11.069 -7.05756 -3.36643 
18.6945 -29.6981 -5.03685 -0.819429 -23.8435 -2.99865 19.4606 -15.4486 -4.16533 
5.18489 -11.8786 -3.59278 13.5888 -32.3022 -4.09714 8.45468 -32.3821 -3.21951 
16.9157 -31.0377 -3.98642 3.76387 -13.6904 -3.26563 21.7317 -22.8101 -4.74991 
-0.676127 -21.5615 -2.2119 0.935908 -17.5993 -3.17395 10.2271 -32.544 -4.19672 
20.9889 -18.8295 -4.43017 13.9256 -7.81485 -3.87955 16.4833 -10.6753 -2.87541 
15.295 -9.09706 -3.30135 7.64492 -9.00704 -2.44066 0.342764 -27.3886 -2.29599 
3.13545 -14.5522 -1.14304 4.64724 -12.6173 -1.41323 6.57811 -31.9534 -2.46451 
20.9578 -26.7109 -4.4043 -0.49511 -25.5444 -1.47214 3.46211 -30.5061 -2.51242 
2.26005 -29.7124 -0.760816 1.46576 -16.8629 -0.924199 18.3225 -13.4345 -4.28235 
6.09623 -10.762 -1.88913 12.5003 -7.22526 -2.45791 21.5474 -24.8526 -3.60837 
20.2991 -17.1789 -3.4977 0.108456 -19.2465 -1.5644 4.96209 -31.376 -1.89007 
21.4736 -20.616 -3.40504 0.277781 -18.919 0.548039 1.21701 -17.2595 1.18684 
10.7539 -7.24476 -1.44712 15.0982 -31.9279 -2.81652 1.05353 -28.4898 -1.02326 
19.905 -28.4366 -3.71899 17.5766 -12.3644 -2.49285 -0.831437 -23.3959 -0.632544 
-0.542014 -21.096 -0.0120023 14.1226 -8.09416 -1.69208 0.142859 -27.1438 -0.0629309 
21.7283 -22.672 -2.41191 16.5855 -31.3092 -1.59868 18.3462 -30.08 -2.73928 
7.10349 -9.6266 -0.272337 15.5574 -9.53577 -1.21635 8.83864 -8.08998 -0.823987 
5.58498 -11.4571 0.318161 9.9685 -32.623 -1.87744 8.06427 -32.3955 -0.898006 
-0.585249 -25.2821 0.863508 5.9172 -31.8205 -0.0198604 3.88924 -30.8747 -0.355058 
18.6607 -14.1658 -2.17058 13.2987 -32.4578 -1.61694 19.7075 -16.0807 -1.90205 
2.42043 -15.5361 0.8716 16.7594 -11.2211 -0.813115 20.8757 -26.8404 -2.48408 
12.5742 -7.42007 -0.0336801 19.6638 -28.7704 -1.47908 3.99159 -13.513 1.04003 
1.1357 -28.6447 0.938118 20.7367 -18.3441 -1.94492 14.7773 -32.1219 -0.362637 
21.5251 -24.8655 -1.32859 6.65931 -10.1673 1.80663 9.67602 -32.6953 0.458418 
4.29319 -31.185 1.69183 -0.797169 -23.0082 1.85254 21.4354 -20.5681 -1.07434 
8.31029 -8.5549 1.29329 16.304 -31.5243 0.769309 17.8675 -12.9767 -0.439806 
7.75086 -32.4346 1.6986 10.3234 -7.48115 0.76836 18.9393 -14.7881 -0.125665 
5.86291 -31.9129 2.14044 18.0737 -30.371 -0.410887 21.7121 -22.7805 -0.115266 
20.8405 -18.7214 0.482727 2.56419 -30.0435 1.41517 1.74758 -16.5257 2.76125 
14.5001 -8.49594 0.335348 0.389316 -18.8022 2.83931 -0.395898 -20.615 1.78396 
20.7577 -27.0781 -0.241258 19.9595 -16.7062 0.101874 15.8629 -10.041 0.789824 
2.96297 -30.442 3.45074 0.0523457 -27.042 2.21387 -0.627783 -25.2392 2.84181 
18.1168 -13.5256 1.57863 17.0284 -11.7665 1.21281 21.4656 -25.1244 0.963786 
21.4639 -20.8367 1.21327 -0.548085 -21.3691 3.60045 19.1588 -15.3131 1.89202 
13.5773 -7.81756 1.67347 -0.776129 -23.8907 4.19818 2.93025 -14.91 2.52485 
9.53572 -32.7708 2.47597 19.477 -29.0561 0.800266 17.8538 -30.6013 1.87407 
1.22154 -28.8119 3.45931 5.24962 -11.936 2.59227 20.1177 -17.1614 2.21357 
17.2487 -12.244 3.24709 9.69328 -7.83291 3.15924 3.91983 -13.6719 3.60812 
11.9746 -7.37064 2.25924 21.6965 -23.128 2.19158 -0.0201145 -19.7721 5.18494 
18.3059 -13.9743 3.63076 7.73836 -9.06619 2.98457 19.3183 -15.7365 4.02155 
-0.182195 -26.5323 4.68838 20.9286 -19.1103 2.70996 12.9629 -32.5996 0.838992 
6.4696 -10.4323 3.84123 14.8694 -8.91347 2.24625 16.0627 -31.695 3.06995 
21.4986 -21.2283 3.50947 -0.712803 -24.5909 6.3523 -0.6886 -22.1721 5.64743 
13.602 -7.96526 3.45981 11.145 -32.803 1.84743 4.72382 -31.4905 3.66477 
1.16917 -17.478 4.83729 14.4748 -32.2808 2.03424 6.58695 -32.2243 3.83097 
20.6309 -27.3955 2.03107 19.2968 -29.3295 3.05042 11.8467 -7.48864 4.46309 
12.6133 -32.7197 3.23603 2.57114 -15.4399 4.40986 3.70458 -14.0063 6.16008 
8.50073 -32.689 4.07456 14.2199 -32.4145 4.35073 2.01691 -29.7989 5.14351 
16.1233 -10.5147 2.79904 5.14305 -12.1212 4.89616 8.00014 -8.91891 4.72726 
9.90245 -7.80482 5.56622 10.5974 -32.8844 4.3254 5.34183 -31.8483 5.63878 
17.6416 -30.805 4.12079 3.47386 -30.883 5.41596 20.4799 -27.7422 4.29932 
21.3849 -25.513 3.26461 9.23815 -32.8834 6.27448 0.653448 -18.4578 7.29092 
13.7439 -8.20266 5.84819 15.841 -31.8482 5.33468 15.0929 -9.29205 4.28729 
21.0029 -19.469 4.90227 17.4437 -12.6814 5.32667 18.4647 -14.3615 5.75134 
19.089 -29.6003 5.29639 0.839012 -28.5129 6.09522 -0.346203 -20.6915 6.94008 
16.3539 -10.97 4.86359 12.399 -32.8286 5.54561 14.0168 -32.5357 6.61432 
-0.175172 -26.7785 7.34054 21.6748 -23.5334 4.51944 20.2463 -17.5729 4.36386 
11.821 -7.5258 6.63677 6.53846 -10.414 5.9355 8.15887 -8.85369 6.82771 
4.10024 -31.3327 7.40434 -0.738155 -22.68 7.65379 2.10315 -16.1379 6.55276 
7.28817 -32.5128 5.92672 19.5048 -16.2093 6.41227 2.21665 -30.0405 7.35239 
-0.275157 -20.6503 9.04802 3.22167 -30.9019 9.05139 21.2926 -25.8845 5.56605 
10.9007 -32.9857 6.5512 10.1932 -33.0192 8.61525 17.4135 -31.0044 6.37136 
-0.705099 -24.8388 8.59576 5.24467 -12.0415 7.17382 9.9968 -7.8298 7.73759 
6.01264 -32.198 7.69634 21.5182 -21.5286 5.8076 18.8271 -29.8914 7.54102 
18.5888 -14.6528 7.65522 20.2938 -28.0744 6.60153 20.4224 -18.0421 6.15083 
1.83543 -16.5517 8.73026 17.6757 -13.1629 7.4433 6.689 -10.2995 8.09871 
7.99328 -32.7546 8.10122 15.6445 -31.9903 7.60574 21.653 -23.7975 6.81639 
8.2861 -8.81772 8.98732 15.417 -9.78367 6.44344 2.93871 -15.0286 7.94726 
4.11055 -13.5292 8.54263 21.0065 -19.5857 7.04141 -0.759518 -22.9495 9.48503 
13.1835 -7.85104 7.74313 12.2266 -32.9207 7.75375 0.770679 -28.5416 8.57087 
-0.182194 -26.814 9.778 16.612 -11.4769 6.98446 6.59227 -32.4748 9.74322 
21.2006 -26.1236 7.86518 0.729059 -18.3383 9.87529 20.2301 -17.7056 8.00691 
11.8062 -7.57653 8.72071 4.76616 -31.7661 9.37256 5.44676 -11.8301 9.42259 
-0.706472 -24.501 11.0886 14.5093 -8.82059 8.05859 19.2781 -15.8877 8.86402 
13.8818 -32.6354 8.87019 5.34474 -32.0875 11.0476 -0.58335 -21.8457 11.1159 
18.1177 -13.9642 9.69198 16.9023 -12.0289 9.15954 21.514 -21.6025 8.04087 
3.01014 -14.9622 9.83547 17.1966 -31.1955 8.58924 1.96637 -29.9418 9.93085 
0.733528 -28.5763 11.0258 15.7786 -10.3413 8.60304 8.46774 -32.9119 10.3438 
3.58929 -31.194 11.2411 20.0051 -28.4753 9.14521 4.2781 -13.3374 10.7724 
6.83036 -10.195 10.3112 13.4343 -8.1021 9.59136 1.8528 -16.5485 10.9955 
11.8803 -7.71557 10.8967 10.3486 -33.0995 11.1996 12.1122 -32.9908 9.99786 
20.9475 -19.4766 9.16869 -0.00689348 -19.8479 11.0832 15.5376 -32.0902 9.88606 
18.4618 -30.2692 9.43487 -0.174904 -26.8638 12.1825 21.6424 -23.8335 9.03083 
14.8596 -9.28407 10.1717 0.786793 -18.2522 12.1623 16.0437 -10.8052 10.7528 
5.56733 -11.705 11.6868 10.0643 -7.88609 9.91082 1.95942 -30.0215 12.3924 
19.1499 -15.719 11.0644 17.1261 -12.4564 11.3732 8.37052 -8.82004 11.1993 
20.1184 -17.5227 10.1479 3.08471 -14.8734 12.0678 13.8384 -32.7027 11.1443 
1.90517 -16.4777 13.296 21.492 -21.5105 10.1959 -0.172057 -20.4072 13.1654 
10.0815 -7.95755 12.1217 6.80727 -32.6019 11.8046 21.2015 -26.1049 10.1194 
18.1597 -14.0939 12.1406 17.1708 -31.2411 10.7688 -0.719108 -22.7792 12.7834 
6.90428 -10.1581 12.5749 8.56411 -32.9838 12.6436 13.6888 -8.42325 12.0399 
15.1835 -9.72293 11.9856 15.5374 -32.1252 12.2005 -0.68389 -24.8695 13.7897 
19.112 -15.6819 13.2255 4.34831 -13.2454 13.0558 10.3503 -33.1506 13.4878 
12.1106 -33.0482 12.288 8.39715 -8.8545 13.4496 5.06278 -32.0235 12.9035 
3.36478 -31.1722 13.852 18.8316 -29.9138 11.1994 21.6397 -23.7256 11.1907 
20.8948 -19.3545 11.2907 11.7799 -7.7772 13.1665 20.3149 -28.0734 11.5005 
20.0569 -17.4259 12.2661 0.816163 -18.2122 14.4647 -0.137759 -27.0973 14.1981 
5.60448 -11.6618 13.9831 6.67849 -32.6213 14.0279 0.713515 -28.6297 13.4142 
17.4115 -31.0899 13.2268 3.12269 -14.811 14.3643 13.7713 -32.7599 13.4697 
19.2966 -29.4655 13.2242 -0.475303 -26.1401 15.8579 21.2661 -25.95 12.3031 
-0.657546 -22.3213 14.7386 -0.0611367 -20.0615 15.663 10.0217 -8.00647 14.3044 
18.1219 -14.0673 14.2697 16.186 -11.1018 13.1499 1.87824 -30.0414 14.8863 
-0.794829 -24.0551 15.8781 17.3138 -12.7938 13.2542 14.8151 -9.39125 13.8389 
13.1895 -8.19361 14.7939 6.41301 -32.623 16.3547 8.49223 -33.0303 15.1787 
0.514224 -28.3763 15.9552 21.4564 -21.3979 12.3766 20.5216 -27.7648 13.3581 
1.93033 -16.4251 15.603 4.3535 -13.2175 15.3565 5.5976 -11.6477 16.2805 
18.4601 -30.3273 14.8763 20.84 -19.2417 13.4749 6.9242 -10.1559 14.8686 
11.4344 -7.74659 15.0756 10.3357 -33.2 15.4058 3.11342 -14.8015 16.6689 
7.71867 -32.9764 17.3218 15.4674 -32.1811 14.586 4.85307 -32.0223 15.213 
21.6174 -23.6592 13.3972 11.9521 -33.1072 14.5546 0.830423 -18.1451 16.7662 
3.24189 -31.1974 16.3199 20.0005 -17.3191 14.4202 8.41929 -8.86383 15.7018 
21.1994 -26.0365 14.711 17.0589 -31.3734 15.7386 15.4342 -32.2232 16.9136 
13.518 -32.8433 16.1136 16.9803 -12.3181 15.3484 21.4349 -21.3593 14.8578 
19.0688 -15.6124 15.3853 10.0905 -8.0147 16.4107 1.79235 -30.0465 17.393 
19.9015 -28.6692 15.3524 15.6671 -10.4166 15.4827 14.5326 -9.09811 15.7166 
4.72121 -32.0425 17.6137 -0.718886 -24.8498 17.9478 9.38083 -33.1883 17.2098 
-0.200088 -27.0567 17.5645 -0.620107 -22.0847 17.1675 0.00466633 -19.8312 17.6118 
0.650666 -18.5068 19.2628 18.0933 -14.0289 16.465 11.3347 -33.1905 16.8513 
21.6348 -23.6872 15.3243 19.95 -17.1898 16.6322 6.33979 -32.6614 18.6601 
1.89393 -16.4688 17.9418 4.32725 -13.2198 17.6449 11.8797 -7.83558 16.8111 
20.8323 -27.102 16.7306 0.574782 -28.5797 18.5279 21.4823 -24.9815 16.9151 
18.5191 -30.2498 16.904 3.07645 -14.8297 18.9759 13.5724 -8.40507 17.1356 
3.13345 -31.1922 18.8299 6.94873 -10.1194 17.1396 21.6221 -22.5455 16.9618 
20.766 -19.0164 15.7456 8.53943 -8.80429 17.9083 5.59584 -11.6143 18.5351 
10.4129 -8.00038 18.5299 12.4499 -33.0941 18.6413 -0.367095 -20.9152 19.2182 
14.1063 -32.7277 18.1838 16.9938 -31.3994 18.0973 19.8949 -28.6907 17.8829 
12.3378 -7.96422 18.8751 10.2407 -33.2604 19.4299 4.70229 -32.0722 20.1136 
-0.307497 -26.7425 19.5635 -0.78244 -22.9558 19.1544 -0.123113 -20.1729 21.2016 
14.9901 -9.60875 17.4538 21.2912 -20.5326 16.932 19.0768 -15.5979 17.6021 
13.9969 -8.72536 19.1972 12.8979 -8.13141 20.5561 20.7507 -18.9047 18.2616 
16.2329 -11.216 17.4609 18.5809 -30.1615 19.6069 21.0037 -26.5738 18.9588 
17.2494 -12.7254 17.4806 1.85989 -16.5048 20.3357 18.1217 -14.046 18.9957 
8.79281 -8.70764 20.0604 7.03834 -10.0255 19.331 1.6625 -29.982 19.845 
-0.770641 -24.5725 20.4435 -0.698357 -22.3348 20.9458 11.7896 -33.2232 21.0905 
2.92582 -31.0867 21.6395 4.74156 -32.1476 22.6423 0.460558 -28.4111 20.8566 
4.29635 -13.2295 19.9084 8.14089 -33.0769 19.1605 15.4194 -32.2378 19.1638 
21.6107 -23.7882 18.9524 0.787028 -18.2067 21.8465 21.4627 -21.289 18.812 
19.9047 -17.0361 18.5394 9.96315 -33.3234 22.0851 6.67064 -32.7909 21.2229 
-0.392848 -26.3985 21.9353 20.0238 -28.5203 19.8992 -0.571749 -21.5871 22.6164 
3.02911 -14.8699 21.2977 15.5127 -10.2499 19.7895 1.39116 -29.7302 21.9023 
5.62949 -11.5527 20.758 16.8748 -12.1381 19.3441 8.62196 -33.194 21.0022 
16.8068 -31.5135 20.4958 0.416507 -28.3229 23.4243 19.3233 -15.9648 19.8268 
17.6049 -13.1952 21.1552 21.4698 -25.0482 21.0854 4.2548 -13.2564 22.2011 
-0.779523 -23.8368 22.9383 18.6914 -14.8791 21.4068 7.19176 -9.89513 21.4198 
8.93623 -8.65319 22.1421 14.1852 -8.882 21.3265 21.6389 -22.4731 20.927 
1.84208 -16.4902 22.7568 10.9782 -7.99557 20.8626 8.11614 -33.1589 23.0202 
13.7837 -32.8215 20.4712 15.3771 -32.2684 21.128 1.81984 -30.2006 23.9421 
19.5195 -29.1883 21.7869 11.4382 -33.2877 23.4513 20.7029 -27.3629 21.3593 
-0.624922 -21.8294 24.5409 -0.0500997 -19.9146 23.3622 20.3228 -17.8228 20.3915 
16.5352 -11.5803 21.4883 12.9519 -33.0591 22.516 17.9923 -30.6765 22.2725 
-0.507365 -26.0521 24.3192 0.788214 -18.1446 24.2612 2.95698 -14.9249 23.6615 
4.1124 -13.3946 24.5227 21.174 -20.0054 20.7045 12.6233 -8.12362 22.4288 
14.1283 -8.86387 23.5979 3.38987 -31.4773 24.3647 -0.0425354 -27.5508 25.4844 
6.26995 -32.7522 23.8667 15.4342 -10.0906 22.4141 16.296 -31.8155 22.7032 
19.7288 -16.6098 22.0318 14.5379 -32.5978 22.7538 4.813 -32.2569 24.7206 
1.7965 -16.4953 25.1941 5.73385 -11.4231 23.1789 17.355 -31.1566 24.5143 
19.1332 -29.6 24.3099 -0.821539 -23.9338 25.5721 10.6599 -8.0789 23.3285 
8.6488 -8.83372 24.1662 2.29021 -30.6698 26.7647 7.41561 -9.68387 23.1119 
5.19788 -12.0089 25.6307 9.56303 -33.3371 24.4415 13.2739 -32.9601 24.7451 
20.7518 -18.7207 22.8768 4.1163 -31.9311 26.5704 0.863984 -29.1241 25.7968 
16.484 -11.4263 23.6639 20.311 -28.1123 23.1923 -0.577753 -25.9443 26.6164 
-0.0886382 -19.9485 25.6661 21.5155 -21.2962 22.8799 17.2639 -12.617 22.8059 
7.64242 -33.115 25.4245 5.80901 -32.6511 26.1578 12.3472 -8.1245 24.9619 
21.1715 -26.273 23.1977 21.6621 -23.8431 23.0489 19.1035 -15.4714 23.256 
2.9164 -14.9064 26.0288 6.81645 -10.257 24.8451 15.4418 -10.0414 24.7329 
11.1146 -33.3173 25.7579 0.738004 -18.1601 26.6846 0.0727712 -27.7971 27.4326 
18.1826 -14.0128 23.1124 -0.682246 -21.9306 26.8897 19.9114 -16.8502 24.2123 
17.5438 -12.9531 24.6591 16.6023 -11.4924 25.8954 10.0511 -8.26063 25.5823 
9.14191 -33.3257 26.8396 8.02318 -9.25407 26.2145 21.3342 -20.3109 24.8551 
21.4295 -25.3406 25.1938 3.96699 -13.5142 26.5184 6.29283 -10.7461 26.9488 
15.5064 -32.1953 24.7273 -0.157813 -20.0178 28.0398 14.1595 -8.85469 25.8574 
12.6119 -33.1218 27.1364 14.6583 -32.5327 26.7977 0.97733 -29.313 27.9026 
-0.854511 -24.0052 27.9647 15.4597 -9.99802 27.0304 1.79405 -16.4172 27.6248 
7.02948 -32.9995 28.1325 16.6634 -31.5791 26.5845 21.6961 -22.7659 24.9651 
11.2363 -8.03734 27.2385 20.529 -27.6671 25.1005 0.681206 -18.1742 29.0548 
3.18961 -14.4501 28.4828 18.837 -14.951 25.2268 10.7295 -33.3586 28.0021 
3.55775 -31.599 29.1826 20.6898 -18.3983 25.0489 4.78196 -12.4463 27.8112 
12.9173 -8.19235 26.9559 8.94593 -33.3204 29.2951 18.2085 -30.5054 26.1456 
7.42511 -9.67472 28.026 -0.549875 -26.0609 28.8882 5.15474 -32.4235 28.073 
0.253954 -28.0931 29.8902 20.0336 -16.9604 26.6075 21.045 -19.2572 26.7757 
1.69291 -30.1072 29.5646 19.4996 -29.1401 26.8077 20.846 -26.947 27.6155 
-0.737036 -22.0424 29.2482 14.0728 -8.7772 28.0558 21.6146 -21.6075 26.8539 
-0.224013 -20.1012 30.3614 6.07159 -10.9517 29.0399 12.0803 -33.2259 28.9858 
19.0353 -15.1185 27.3636 9.15209 -8.60913 27.7596 21.6381 -24.1825 27.1404 
-0.864638 -24.1779 30.2772 16.658 -11.4407 28.1631 1.77484 -16.3545 30.0123 
12.3706 -8.10988 28.8138 17.8582 -13.2752 27.0719 7.97498 -9.3411 29.9725 
5.41332 -32.5164 30.0996 -0.559663 -26.0945 30.8869 4.50874 -12.7071 29.9974 
7.24908 -33.0595 30.8975 13.7565 -32.8307 28.8347 3.03761 -14.5474 31.1039 
15.3791 -9.83729 29.5886 0.998509 -29.2893 31.9266 -0.138943 -27.2627 32.4055 
10.6999 -33.3504 30.2422 15.8451 -31.9734 28.9262 21.4156 -20.3603 28.781 
21.7427 -22.7818 28.9229 0.615546 -18.2119 31.3474 19.6923 -16.1276 28.8845 
10.346 -8.22602 29.4301 12.6628 -33.0813 30.9928 18.0045 -30.5732 28.364 
2.52989 -30.8937 31.5737 1.68895 -16.3985 32.3744 18.612 -14.2947 29.0454 
17.6174 -12.7451 29.1299 21.4874 -25.1942 29.4671 -0.764129 -22.2193 31.5747 
-0.781904 -24.7017 32.7391 16.8107 -11.4989 30.4009 5.99656 -11.005 31.1731 
9.10778 -33.3297 31.7479 20.6655 -18.1199 28.7571 11.774 -8.07607 30.9686 
19.6288 -28.9322 29.1846 19.2774 -15.237 30.8549 13.6417 -8.528 30.2166 
-0.274948 -20.1819 32.6412 14.4781 -32.576 30.5189 0.487171 -28.5434 34.2315 
9.67613 -8.44429 31.6665 5.54196 -32.5558 32.7664 4.06961 -31.923 31.4233 
4.41032 -12.763 32.1828 20.663 -27.362 30.3958 7.60421 -9.56939 32.4355 
15.782 -31.9828 31.3943 17.1272 -31.2097 30.318 18.4662 -30.1406 30.766 
-0.42043 -26.495 34.6694 21.7516 -23.6364 30.758 -0.777614 -22.2966 33.9191 
11.3118 -8.1061 33.1896 18.0876 -13.3087 31.1552 7.59869 -33.1279 33.3602 
3.50918 -31.5744 33.4764 1.81544 -30.2457 33.8332 21.6736 -21.4918 30.7744 
0.537121 -18.2843 33.6526 14.1353 -32.6567 32.5423 21.3508 -25.5306 32.1427 
14.6385 -9.05671 31.4915 19.6427 -28.9107 31.2698 9.21626 -8.62855 33.8865 
20.2885 -17.1016 30.8211 20.2677 -27.934 32.8112 21.1362 -19.1742 30.8105 
1.54574 -16.5305 34.7689 19.8564 -16.0876 32.7505 2.99827 -14.52 33.6449 
17.1894 -31.0976 32.3664 -0.848666 -24.3429 35.2904 4.43317 -12.6809 33.9898 
5.80185 -11.1545 33.2751 15.8433 -10.178 31.9254 10.9475 -33.3143 32.5642 
12.5438 -33.0901 33.2628 21.4994 -20.3377 32.8528 -0.315042 -20.2427 34.9722 
17.0728 -11.6996 32.6759 13.238 -8.33107 32.3561 18.9543 -14.5475 32.5665 
9.46178 -33.3251 34.141 6.37044 -32.8445 34.8709 7.21692 -9.84637 34.6121 
4.70418 -32.2126 35.2781 21.7533 -22.8501 32.6084 -0.60585 -25.9314 36.5964 
-0.795602 -22.2936 36.2997 14.6999 -9.09126 33.384 2.73539 -31.0256 36.0488 
18.7242 -29.7968 33.3036 16.074 -10.3345 34.1473 1.21632 -29.5883 35.7728 
10.8189 -8.17866 35.4395 15.5843 -32.0102 33.7407 20.9214 -26.645 34.6644 
0.458329 -18.3701 36.0922 20.7917 -18.0463 32.9031 1.50428 -16.5027 37.4537 
2.49539 -15.11 35.7895 -0.368481 -20.3467 37.403 3.78582 -13.4291 35.6527 
8.72673 -8.86591 36.0941 7.94417 -33.1648 35.7087 13.5822 -32.7665 35.0779 
-0.854298 -24.3267 37.5929 18.194 -13.2672 33.6055 6.72936 -10.2224 36.8127 
0.171578 -27.9264 36.7881 11.3872 -33.237 34.8154 17.0606 -31.1312 34.7401 
5.40744 -11.5348 35.3175 21.6414 -24.2643 34.4629 13.0606 -8.30425 34.8316 
4.1595 -31.9541 37.3185 19.7056 -28.6589 35.2181 21.7493 -21.7701 34.724 
4.76298 -12.1788 37.6857 17.2926 -11.8313 34.9724 21.2512 -19.1283 35.2644 
-0.462533 -26.3412 38.6393 20.3146 -16.7937 34.8273 14.9231 -9.19025 35.6139 
6.08163 -32.7164 37.2008 18.2248 -30.2123 36.0503 -0.814979 -22.4184 38.726 
2.98523 -14.3825 37.6506 1.39914 -29.754 37.9184 2.87435 -31.1324 38.7103 
10.2343 -8.29534 37.7172 9.88546 -33.3001 36.4478 16.8361 -31.2636 36.7778 
0.32443 -18.553 38.586 11.9102 -33.1293 37.0234 -0.440188 -20.507 39.8772 
8.20426 -9.13196 38.3599 20.4851 -27.4456 36.987 15.4747 -32.0247 36.0816 
21.813 -23.1705 36.22 18.4625 -13.4757 35.8481 16.32 -10.4772 36.4607 
12.2262 -8.10332 37.1424 19.1794 -29.2253 37.6284 17.5689 -12.0127 37.2438 
8.2521 -33.1709 38.045 -0.815605 -24.5475 39.979 20.702 -17.3986 36.6779 
19.2705 -14.9101 34.4238 13.8321 -8.47621 36.8728 0.379978 -28.2873 39.5506 
17.5346 -30.6987 38.6038 10.3047 -33.2659 38.6762 13.8889 -32.6411 37.6213 
12.3126 -33.0347 39.2489 19.7133 -15.4367 36.8254 21.4253 -25.2503 36.5631 
6.31646 -10.503 39.0529 4.60697 -32.1439 39.2927 16.6689 -10.7038 38.8343 
18.7159 -13.6277 38.0943 0.22967 -18.666 41.0114 2.15094 -15.4288 39.7325 
1.03782 -17.1397 39.763 4.92589 -11.8611 39.8229 3.60534 -13.4691 39.7037 
15.6947 -31.876 38.2669 -0.348373 -26.6281 41.0974 21.7833 -23.4342 38.4683 
21.7482 -21.1462 36.9757 -0.839805 -22.604 41.1798 -0.501996 -20.6339 42.3293 
3.16498 -31.2985 41.0747 1.6089 -29.9666 40.421 15.1361 -9.24161 38.1782 
13.466 -8.32594 38.793 11.6758 -8.10046 39.4162 9.68807 -8.46522 40.054 
20.0342 -28.0912 39.2811 21.3269 -18.9407 37.8408 2.81228 -14.4155 41.8001 
17.9058 -12.2644 39.5108 7.69277 -9.41706 40.659 6.58734 -32.8358 39.7495 
4.99376 -32.2773 41.561 -0.779946 -24.751 42.4144 5.89164 -10.8241 41.2263 
14.2272 -32.4919 39.8557 1.30037 -16.6371 42.0175 4.31243 -12.5104 41.6036 
8.65889 -33.1949 40.3094 20.611 -16.9703 38.609 19.7151 -15.1377 39.3077 
17.7223 -30.4667 41.1889 18.8082 -29.5698 39.6816 12.6949 -32.9208 41.4474 
10.7118 -33.2192 40.8715 0.551948 -28.531 42.069 15.73 -9.58958 40.6358 
16.0356 -31.634 40.5224 1.84717 -30.161 42.8376 7.00015 -32.9067 42.0073 
21.1407 -26.0499 38.7671 -0.855722 -22.7397 43.6077 21.7855 -20.8229 39.3745 
0.180802 -18.676 43.4285 18.8917 -13.6783 40.038 14.4609 -8.68338 40.187 
17.0884 -11.0211 41.1856 -0.745893 -24.8785 44.806 21.3217 -18.5928 40.1546 
11.1988 -8.14645 41.7432 3.49045 -31.4608 43.3738 13.0611 -8.19873 40.9833 
20.7944 -26.7499 41.0377 5.2622 -11.4061 43.3659 9.06753 -33.1928 42.5191 
7.42514 -32.9527 44.2147 14.532 -32.3314 42.0825 -0.252383 -26.8201 43.5341 
3.61467 -13.2767 43.7008 -0.538198 -20.6882 44.7842 18.4368 -12.792 41.9156 
14.4787 -8.67744 42.177 19.63 -14.7309 41.4953 19.3775 -28.822 41.7037 
18.0796 -30.0796 43.5164 20.5637 -16.584 40.8621 7.11715 -9.80271 42.914 
9.15291 -8.67833 42.3773 21.5839 -24.823 40.4141 -0.86294 -22.8349 46.0102 
2.12898 -15.2538 43.9658 5.39095 -32.3917 43.7852 21.9042 -22.7679 41.0517 
0.981752 -17.0304 44.3124 16.0878 -9.79835 43.1984 -0.711688 -24.974 47.1375 
0.193123 -18.5346 46.0435 21.2946 -18.1667 42.4707 2.14099 -30.3645 45.2034 
3.91551 -31.6608 45.6176 0.719039 -28.7085 44.5172 8.53065 -8.98958 44.6313 
10.7339 -8.24027 44.0465 12.7591 -8.14566 43.2301 11.1002 -33.1424 43.1392 
21.8124 -20.3832 41.7789 13.0379 -32.7874 43.6744 16.2394 -31.4312 43.1812 
14.5994 -32.2637 44.037 -0.176016 -26.9173 45.8992 9.43694 -33.1623 44.7692 
17.4852 -11.3348 43.1337 14.3727 -8.56948 44.5104 4.48783 -12.1734 45.5472 
6.38731 -10.3583 45.1285 -0.604717 -20.8277 47.2529 20.4962 -16.136 43.1229 
11.3974 -33.0342 45.7781 21.4988 -24.9203 42.796 17.2611 -10.857 45.0284 
5.87878 -32.5168 46.0024 21.9495 -22.3042 43.5018 21.8123 -19.9075 44.1483 
21.2557 -17.6879 44.7703 20.4405 -27.2832 43.3797 2.84544 -14.1709 45.8157 
7.68695 -9.44257 46.7909 19.3419 -28.8062 44.0173 1.4304 -16.2163 46.0374 
16.9811 -30.8613 45.5589 15.3091 -31.8648 45.6607 0.896732 -28.8303 47.1811 
19.5094 -14.242 43.7297 13.5401 -32.5714 45.8131 18.4389 -12.4919 44.4083 
10.1229 -8.42168 46.5568 18.5196 -29.579 45.7581 7.87572 -32.989 46.4067 
21.7045 -24.1355 45.3288 21.0581 -26.0744 44.9008 5.48482 -11.094 47.6174 
9.5554 -33.1338 46.766 2.6495 -30.7337 47.5085 -0.187522 -26.8252 47.9107 
12.4638 -8.12386 45.5564 4.52084 -31.9267 47.8655 -0.154187 -19.2036 48.3221 
20.4325 -15.6679 45.3887 -0.855119 -22.9763 48.4138 15.8882 -9.41591 45.7434 
2.01707 -15.2273 47.9151 3.55789 -13.1763 47.7052 0.720863 -17.3233 48.1095 
0.315765 -27.7795 49.5859 20.0023 -27.818 45.9555 22 -21.7655 45.9254 
17.1512 -10.4865 47.1725 12.3592 -32.805 48.1009 18.3626 -12.093 46.6366 
-0.648789 -20.9587 49.925 10.3914 -33.07 48.3901 -0.591267 -25.2888 49.6312 
6.50101 -32.6539 48.2538 1.68123 -29.7492 49.518 21.2202 -17.1963 47.0668 
19.4545 -13.8243 46.0249 12.1789 -8.11652 47.9668 3.39402 -31.2303 49.7669 
17.5122 -30.372 47.7931 21.0841 -25.8495 47.0378 15.9469 -31.4312 47.754 
14.3234 -8.4569 47.143 -0.868489 -23.1631 50.4873 1.21817 -16.374 50.0845 
0.0937927 -18.5516 50.2361 6.98495 -9.81084 48.9619 8.46777 -33.0168 48.5215 
5.27674 -32.2023 50.1746 8.69264 -8.87383 48.2554 -0.124345 -26.7116 51.7786 
15.9777 -9.30636 47.6752 21.8097 -19.3972 46.498 20.3835 -15.2146 47.6744 
4.14236 -12.3825 49.7188 14.2495 -32.2441 47.8601 2.61579 -14.2973 49.8276 
16.9499 -10.0786 49.2168 18.9252 -29.0661 48.0221 11.1947 -32.9327 50.5013 
9.22411 -33.0132 50.6266 0.989234 -28.7931 51.6213 18.2556 -11.6638 48.8505 
20.1663 -27.4493 48.6915 21.7868 -23.6476 47.7313 15.4319 -8.85937 49.3686 
-0.741572 -24.4877 52.1157 19.3952 -13.3983 48.307 5.50214 -10.9436 49.8365 
14.9683 -31.8697 49.5733 10.234 -8.38106 49.0703 6.41987 -10.1818 51.2939 
7.24414 -32.7735 50.5265 22.045 -21.238 48.3118 -0.847702 -22.2774 52.3245 
21.8069 -18.8638 48.8397 21.1809 -16.6935 49.3774 1.82004 -15.3353 51.9811 
8.32352 -9.06176 50.3275 10.0493 -32.9528 52.7711 4.73771 -11.6579 51.7296 
2.47264 -30.4599 51.6582 21.1995 -25.4551 49.4661 3.22924 -13.4055 51.8282 
13.2796 -32.484 50.4187 17.9932 -29.911 49.6395 16.4872 -30.9924 50.1816 
-0.453217 -20.0161 52.399 0.500075 -17.5665 52.6241 19.089 -28.7857 50.4134 
7.72884 -9.39382 53.1542 13.6718 -8.20733 49.6494 11.8062 -8.13876 50.3296 
4.17612 -31.6329 52.0616 1.78191 -29.6894 53.6326 19.3005 -12.9275 50.6124 
22.0916 -20.6362 50.6797 18.0402 -11.1379 51.0319 20.3155 -27.093 51.1843 
-0.416052 -25.833 54.1212 6.0768 -32.4069 52.5495 21.7807 -18.2496 51.1765 
21.8908 -23.1219 50.1167 16.5552 -9.57266 51.2598 14.8669 -8.53083 51.596 
13.0209 -8.13182 51.964 20.3291 -14.7532 49.9787 9.91127 -8.51131 51.4555 
3.177 -30.9557 53.5081 11.9483 -32.7536 52.664 2.40256 -14.3853 53.9147 
8.08029 -32.8469 52.7664 4.73895 -31.7896 54.6869 14.8358 -31.8479 51.6576 
-0.306532 -19.344 54.7918 -0.801351 -21.526 54.5928 17.7541 -30.0022 51.7848 
16.1769 -31.0809 52.9441 0.473989 -27.8805 53.8256 -0.83954 -23.698 54.4112 
0.509021 -17.3293 55.2944 5.49969 -10.8951 53.6924 13.4826 -32.3647 52.6915 
1.29623 -16.016 53.8927 3.82932 -12.5821 53.91 1.26321 -28.9687 55.8154 
21.3683 -24.9422 51.8248 19.1584 -12.3814 53.1413 11.3538 -8.2064 52.2734 
21.1214 -16.146 51.6432 20.2802 -14.3068 52.2657 9.89584 -8.53786 53.7383 
6.97812 -32.5654 54.8557 17.6616 -10.4881 53.0789 16.1054 -9.12876 53.4446 
2.81308 -30.5571 55.4354 1.54936 -15.4966 55.8363 19.0815 -28.6351 53.1783 
22.0093 -22.4733 52.502 14.5471 -31.8935 54.0247 11.8974 -8.18283 54.0232 
14.1197 -8.30612 54.2359 -0.614706 -25.0905 56.5311 2.83927 -13.6714 56.0455 
0.102378 -27.0977 56.1859 8.22339 -9.10901 55.6937 10.9885 -32.8118 54.8757 
4.3603 -11.8894 55.9872 -0.738179 -20.8545 56.9135 3.94105 -31.2914 57.1927 
18.4863 -11.2397 54.7698 17.3311 -9.95529 55.1093 9.01317 -32.8577 54.9293 
12.8475 -32.4726 54.6441 6.16539 -10.2973 55.7541 21.0467 -15.6235 53.5634 
15.8025 -31.1986 55.4882 2.23955 -29.991 57.6203 22.108 -19.8782 53.0687 
-0.896901 -22.9992 56.7623 21.6912 -17.459 53.449 -0.179575 -18.7685 57.1366 
14.3339 -8.26554 57.0245 15.8749 -8.86185 55.7521 20.5693 -26.5639 53.5419 
0.669403 -16.8455 57.6531 20.3991 -14.177 54.5903 19.5387 -12.5616 55.7824 
7.95748 -32.6767 57.0008 10.3538 -8.4171 55.8982 17.4143 -30.1729 54.2606 
5.90343 -32.1909 57.0059 14.027 -32.0022 56.4252 -0.918643 -22.2933 59.0803 
-0.625975 -20.1051 59.1536 17.0684 -30.3355 56.6298 0.855993 -28.3411 58.15 
-0.757392 -24.4124 58.9378 6.76397 -9.8305 57.8453 10.0214 -32.7846 57.0575 
21.5584 -24.3599 54.1135 -0.0345897 -18.2144 59.0793 12.4316 -8.14186 56.2543 
3.19599 -30.7633 59.0648 19.6786 -27.797 55.8068 18.4485 -10.9528 57.0649 
8.84881 -8.82674 57.8676 22.1187 -21.7243 55.199 21.4096 -16.2493 55.7565 
1.81103 -14.9447 58.1197 -0.157335 -26.4457 58.664 18.3496 -29.3276 55.4441 
22.0701 -18.8629 55.3905 22.2737 -20.1477 57.1549 4.86892 -11.2905 57.9932 
3.22844 -13.0413 58.1621 4.81945 -31.6818 59.1928 20.9151 -25.9089 55.4041 
12.7888 -8.08719 58.5974 12.0779 -32.5544 56.916 0.584129 -27.8415 60.5485 
-0.35774 -18.9958 61.024 16.0001 -8.81491 58.0902 6.82948 -32.391 59.0635 
10.9156 -8.27777 58.0621 1.86951 -29.5406 59.8634 15.4014 -31.2872 58.3026 
21.6057 -24.2025 56.4393 20.6111 -14.1844 57.062 2.15031 -14.2939 60.3648 
0.697035 -16.6235 60.3239 8.83491 -32.6891 59.0738 17.1031 -9.594 56.9563 
20.6776 -26.2358 57.4415 -0.363784 -25.7817 61.3912 19.7712 -12.545 58.3543 
18.2846 -29.2752 57.4723 22.1169 -22.2355 57.9195 22.0313 -18.0462 57.7515 
13.2904 -32.1623 58.8022 11.4172 -8.16355 59.9695 -0.873817 -23.6414 60.9442 
-0.876261 -21.5096 61.6039 14.5446 -8.25229 59.4968 7.657 -32.5034 60.7142 
11.0823 -32.6007 59.4214 19.4202 -27.9971 58.5442 -0.0471104 -17.9335 62.8213 
3.72543 -12.3465 60.1363 3.39443 -30.7483 61.2978 -0.686846 -19.858 62.9587 
18.8727 -11.1217 59.8647 5.75128 -31.9458 61.4772 17.5095 -9.81055 58.9703 
9.61941 -8.54912 60.0174 0.439805 -27.5484 62.6637 7.49768 -9.37201 59.9309 
5.49885 -10.6689 59.9547 12.8926 -8.0615 60.934 12.5735 -32.3046 60.7633 
17.0012 -30.2894 58.6664 1.12768 -15.6417 62.9664 2.77005 -13.3279 62.3294 
14.1948 -31.7588 60.8089 21.477 -24.5259 58.8749 22.3074 -20.0776 59.639 
21.4548 -15.8504 58.4689 16.1557 -30.7257 60.9807 20.7877 -14.09 59.6039 
7.60221 -32.3839 62.739 9.29819 -32.6187 61.2717 22.0536 -22.686 60.4182 
20.0478 -12.5684 61.0228 20.4381 -26.5324 59.9011 -0.808191 -23.9274 63.4853 
16.2541 -8.85605 60.4712 4.42536 -11.5124 61.9755 6.23498 -10.044 61.9208 
4.3363 -31.2739 63.2054 17.9733 -29.4307 59.8184 10.7579 -8.27329 62.2452 
14.7096 -8.23682 61.9073 11.1054 -32.4985 62.0533 -0.141167 -26.2964 64.1193 
1.58138 -29.1188 62.215 22.0238 -17.4556 60.1613 5.16533 -10.7423 63.5464 
5.90493 -31.8962 64.0642 2.77517 -30.184 63.8454 -0.949687 -21.5272 64.3157 
8.2998 -8.9677 62.0943 16.0812 -30.6546 63.775 17.6261 -29.6061 62.2747 
0.0690337 -17.4663 64.6643 6.77476 -9.63431 64.0077 17.8151 -9.87048 61.4318 
7.71246 -32.2838 65.1389 19.1541 -11.1291 62.4732 8.90145 -8.69926 64.3707 
11.0793 -8.1757 64.9166 9.40958 -32.5042 63.6556 11.1979 -32.36 64.4592 
12.8117 -32.1357 62.7384 1.10504 -28.3892 64.7572 16.4686 -8.84591 62.883 
19.1274 -28.2178 61.03 21.3041 -24.8669 61.3541 -0.606555 -25.0643 65.6229 
14.5152 -31.5034 63.1791 3.66725 -12.1557 64.0507 21.514 -15.5717 60.5721 
12.9343 -8.03693 63.3305 18.8391 -28.4032 63.4932 0.0670556 -26.6914 66.5322 
2.07416 -14.0607 64.6481 21.9818 -22.9885 62.8697 22.3623 -21.0941 61.9171 
4.96781 -10.8297 65.7622 14.868 -8.20599 64.2814 -0.60875 -19.372 64.7845 
21.1447 -14.3596 62.3192 20.1881 -26.7909 62.3675 -0.953029 -23.2419 66.0801 
22.3561 -18.9232 62.1673 -0.943919 -21.0033 66.6525 0.722027 -16.0935 65.6979 
3.02092 -12.7247 66.2254 20.3168 -12.5724 63.6651 4.2611 -31.1136 65.2219 
21.1311 -25.1055 63.8092 1.5839 -14.5493 66.9565 13.1336 -7.99522 65.7223 
-0.633371 -24.8617 67.7093 21.9446 -16.5652 62.3066 2.63305 -29.933 66.2114 
17.3822 -29.6808 64.7983 6.02636 -31.8059 66.4158 14.6223 -31.3235 65.637 
7.14643 -9.36411 66.2516 21.8947 -23.1808 65.2961 9.52434 -32.3843 66.1052 
1.24538 -28.4631 67.5202 18.5907 -28.5158 65.9743 21.3417 -14.2226 64.9963 
7.86272 -32.1826 67.565 0.395604 -16.453 68.1891 -0.378517 -18.4682 66.9859 
18.0438 -9.84381 63.9001 9.27529 -8.54267 66.6897 11.373 -8.10752 67.297 
11.3115 -32.212 66.9032 12.9424 -31.9634 65.1061 22.1383 -16.2327 66.0257 
22.3282 -17.7747 64.3585 21.8476 -15.7226 64.0366 19.3949 -11.1057 64.9994 
22.4079 -20.6196 64.3663 3.72349 -11.7866 68.0644 6.1554 -31.7069 68.8048 
4.32965 -31.0135 67.4762 19.9506 -26.9817 64.8192 -1.01195 -22.7309 68.4203 
16.032 -30.5663 65.9793 5.52891 -10.2238 68.2015 0.166145 -26.7275 69.3765 
2.39243 -13.3082 68.0597 17.0816 -29.7166 67.6088 2.75655 -29.9308 68.4921 
-0.946335 -20.4814 69.0444 20.5864 -12.6051 66.2274 15.0599 -8.16723 66.6632 
16.6551 -8.80493 65.2805 9.6838 -32.2467 68.5873 2.93924 -29.9923 70.371 
1.57726 -28.7557 69.9086 7.54292 -9.09556 68.5357 13.0969 -31.7649 67.5575 
20.9556 -25.3019 66.2365 18.2403 -9.79602 66.339 9.63211 -8.41956 69.0231 
13.3836 -7.95109 68.1216 4.3883 -30.9139 69.7347 22.5432 -18.8897 66.9322 
21.7185 -14.5826 67.7047 11.5074 -32.0335 69.3151 15.0004 -30.9542 68.2499 
-0.742105 -24.3881 70.1281 -1.07973 -22.192 70.8081 0.252918 -16.4185 70.6938 
-0.490567 -18.3498 69.797 2.52846 -12.9763 69.922 1.32571 -14.7117 69.2038 
8.01073 -32.0494 70.0205 19.7273 -27.143 67.2068 22.3588 -21.452 66.7262 
19.6042 -11.0715 67.4581 6.17318 -31.5229 71.4987 4.09629 -11.2467 70.2473 
5.93938 -9.82544 70.4782 4.03244 -30.5741 71.9153 2.3073 -29.3524 72.0441 
18.5308 -28.46 68.0714 20.7272 -25.5727 68.627 19.394 -27.404 69.4713 
21.7835 -23.4374 67.7031 -0.989806 -20.0787 71.5805 22.4255 -16.7937 68.0272 
11.6982 -8.03511 69.7151 1.27606 -14.5401 71.5504 16.8373 -8.75157 67.7043 
7.94399 -8.87831 70.8757 15.2792 -8.11769 69.1192 0.850975 -27.7608 71.9593 
13.2641 -31.5548 69.9725 -0.24912 -25.8257 72.0846 -0.545488 -18.0931 72.4049 
0.201952 -16.1922 73.2038 20.7827 -12.5576 68.7265 22.4051 -21.2143 69.1946 
13.6703 -7.89048 70.6188 -0.909188 -23.7495 72.5212 -1.14987 -21.7402 73.2999 
6.3609 -9.48312 72.8372 9.95204 -32.0439 71.3093 2.64547 -12.5823 72.4923 
17.8974 -28.9011 69.9563 16.2422 -30.1203 70.2638 22.4006 -16.1606 69.9274 
10.0166 -8.29307 71.463 14.7023 -30.941 70.734 18.4044 -9.72557 68.787 
8.11227 -31.919 72.1911 3.3126 -29.9959 74.0297 -0.543175 -25.0433 74.4328 
11.8835 -31.8187 71.3276 22.6757 -18.4669 69.6178 -1.02659 -19.7454 74.2407 
4.48706 -10.7257 72.5438 5.14655 -30.99 73.9095 17.2755 -29.2243 72.3082 
1.69984 -28.6446 74.2143 19.7338 -10.9586 69.9126 15.5131 -8.05509 71.6874 
21.7312 -14.0908 70.3383 17.0132 -8.68305 70.2077 12.0398 -7.94325 72.2441 
15.5037 -30.3622 72.6188 18.925 -27.7594 71.7151 -0.568347 -17.7593 75.0256 
1.17795 -14.3813 73.9951 8.35479 -8.67374 73.3425 10.3728 -8.15809 74.0192 
0.386454 -26.9657 74.3188 11.3451 -31.7267 73.3965 -1.03226 -23.2434 74.5798 
20.4069 -25.9395 70.9581 21.5957 -23.8225 70.0787 20.8288 -12.2857 71.2106 
13.4468 -31.2691 72.5584 22.7467 -17.7566 71.9658 2.04714 -13.0113 74.8473 
18.5283 -9.61637 71.3065 7.09497 -31.6036 73.9683 -0.0272818 -26.1108 76.6431 
-0.845767 -24.0416 76.4793 0.182803 -15.8834 75.7396 18.4544 -28.0584 74.0622 
22.6437 -20.1996 71.7085 22.3926 -15.5416 72.272 2.73037 -29.4413 76.2162 
4.21094 -30.4371 75.702 17.1927 -8.60734 72.8247 13.9504 -7.81278 73.2267 
9.20262 -31.8209 74.2043 1.21357 -27.9667 76.5743 5.90656 -31.0893 76.3227 
22.1757 -22.3356 71.4721 -1.19066 -21.7124 76.1214 3.28903 -11.6078 74.732 
4.94518 -10.2038 74.9127 6.78441 -9.17122 75.2612 21.3462 -24.2591 72.4133 
19.784 -10.7494 72.3863 20.0207 -26.3325 73.2467 1.12424 -14.1411 76.4122 
21.6968 -13.5872 72.8091 10.9076 -31.5846 75.9304 18.6796 -9.52168 73.8963 
16.6075 -29.4788 75.0536 14.6 -30.6246 74.8236 -1.06951 -19.3954 76.9336 
2.26215 -12.5169 76.8506 3.70279 -10.9986 77.0732 8.67417 -8.49104 75.8866 
-0.578326 -17.3728 77.6199 5.43173 -9.73948 77.2647 15.7342 -7.98411 74.3648 
7.78313 -31.5885 75.8531 12.7573 -31.2748 75.1119 22.7839 -16.9225 74.4027 
4.03761 -30.1738 77.7854 2.33076 -28.9462 78.5571 -1.11463 -23.0135 78.1287 
0.205557 -15.4735 78.2661 9.14713 -31.6024 76.9746 0.717311 -27.1504 79.1745 
19.8202 -10.5489 74.5562 12.3192 -7.8392 74.8609 -0.57696 -16.9275 80.1477 
20.7749 -11.8754 73.6671 13.8039 -30.8236 76.6379 -0.548173 -24.9089 78.652 
-1.2856 -21.1703 78.8088 22.7894 -19.343 74.1216 21.5836 -12.9624 75.2129 
10.6108 -8.03097 76.6103 1.24191 -13.6376 78.8269 2.01758 -28.5521 80.6702 
7.13542 -8.92352 77.3473 22.1885 -22.1253 73.9132 -1.11577 -19.0036 79.5422 
14.1548 -7.72191 75.9076 20.5629 -11.3018 76.0601 21.0238 -24.7082 74.7725 
19.6432 -26.6846 75.5031 17.4033 -8.5593 75.5428 10.6406 -31.4053 78.511 
12.3705 -31.1862 77.4919 18.2104 -28.1381 76.4875 22.3386 -14.7919 74.6929 
8.68587 -8.3885 78.6803 10.8646 -7.89597 78.7977 5.573 -30.7676 79.0484 
7.39706 -31.3368 77.9977 2.56302 -11.8923 79.2023 12.4786 -7.72929 77.4471 
0.280021 -14.9371 80.7696 21.7862 -23.1738 76.6068 19.0857 -9.66774 76.6807 
8.85345 -31.377 79.4946 15.2313 -30.15 77.1479 15.9011 -7.90023 77.083 
-1.06975 -23.2086 80.1624 -1.34863 -21.0054 81.5814 4.2255 -10.3724 79.3863 
3.77158 -29.8244 80.5141 22.611 -20.7486 76.3926 22.744 -15.8176 77.1343 
17.5395 -8.45993 78.23 14.2548 -7.61865 78.5748 22.1764 -13.9332 76.6544 
19.3852 -26.9006 77.4726 20.5982 -25.3246 77.055 -0.28842 -25.4176 80.9611 
22.9391 -18.3359 76.5333 6.22871 -9.21509 79.3228 16.8279 -29.1378 77.9788 
0.949139 -27.3276 81.8954 18.3705 -27.8343 78.8685 -1.15309 -18.5096 82.0524 
13.8386 -30.6333 78.7303 3.0545 -11.1222 81.4957 10.3367 -31.2236 81.0441 
12.1636 -31.0235 80.0199 2.69589 -28.9271 83.0878 21.4552 -12.4073 77.5341 
4.99646 -9.68046 81.4655 -0.562237 -16.4299 82.64 1.47486 -12.9531 81.2325 
20.3317 -10.757 78.5466 7.05115 -31.0819 80.4104 5.49551 -30.602 81.1685 
7.24354 -8.68692 81.2258 16.0505 -7.80232 79.7102 12.3954 -7.63635 79.9624 
18.9387 -9.29035 79.582 21.305 -24.1012 78.5823 22.2791 -21.8774 79.0065 
21.3933 -12.039 79.8765 -0.10253 -25.745 83.2772 -0.982827 -23.6042 82.5146 
22.8797 -19.6351 78.2871 17.5625 -8.30633 80.4417 9.94114 -7.97021 81.2021 
20.0258 -25.9722 79.4483 18.6794 -27.3936 81.1823 15.3995 -29.8685 79.7242 
21.3241 -23.946 80.7406 -1.45061 -19.9074 83.6859 4.75878 -30.1551 83.0162 
1.1117 -27.4207 84.3006 0.400088 -14.26 83.4034 -1.3899 -21.9116 84.1902 
23.0277 -17.6692 79.0095 17.0426 -28.8005 80.5476 13.7583 -30.4611 81.2544 
22.2397 -13.7998 78.7349 8.5101 -31.1566 81.9428 6.65962 -30.8086 82.7257 
22.2463 -13.479 81.1408 14.3313 -7.50989 81.1872 -1.19786 -18.0182 84.7769 
16.479 -7.7991 82.4315 -0.825461 -24.1922 84.8716 -0.557679 -15.9593 84.7273 
20.2443 -10.3994 81.3499 12.256 -7.52807 82.4926 22.8252 -15.4816 80.0299 
1.88178 -12.0905 83.4594 21.469 -11.9106 81.9366 3.84207 -10.2165 83.833 
5.88978 -9.06938 83.0103 11.8383 -30.8679 82.8012 9.9082 -31.0823 83.144 
7.81203 -8.35618 83.3209 0.0576209 -26.009 85.2704 22.8819 -19.6315 80.4873 
18.5445 -8.82372 82.0102 15.4307 -29.6349 82.56 2.43267 -28.6042 85.8497 
-1.53649 -20.3033 85.8638 22.2926 -21.7996 81.8575 0.979433 -27.1796 86.6146 
20.0974 -25.7591 82.1139 -1.313 -22.6023 86.628 -0.0341156 -14.5461 85.9098 
0.950893 -12.9996 85.0807 5.78675 -8.97896 85.0068 10.0674 -7.78383 83.9431 
4.17503 -29.7184 85.3867 17.4214 -28.3679 82.8753 -0.90899 -16.4684 86.8596 
-1.47986 -18.6472 87.6085 23.084 -17.3848 81.5609 8.32489 -30.9093 84.5415 
22.8532 -15.1663 82.6017 22.167 -13.0171 83.7576 21.0175 -11.0898 83.7362 
14.306 -7.36237 83.8109 12.1784 -7.39024 85.0449 18.8834 -27.0975 83.1697 
-0.375644 -25.1211 87.3836 21.3091 -23.8764 83.2861 22.2978 -21.7707 84.4142 
22.9163 -19.5337 83.0742 2.12513 -11.4593 85.6492 10.454 -30.8764 85.0307 
13.5897 -30.3719 83.426 18.0317 -8.29886 84.3668 6.12198 -30.4793 85.043 
7.93968 -8.1786 85.6865 -1.22031 -23.2012 89.144 19.6573 -9.55208 83.8764 
10.0923 -7.63722 86.4086 9.20904 -30.79 86.573 0.925859 -26.9995 88.9593 
-1.62096 -20.9237 88.3344 0.794441 -12.9022 87.0472 21.6724 -11.8479 85.625 
16.156 -7.49489 85.3536 12.404 -30.5546 85.2332 7.47897 -30.6107 86.9412 
19.8763 -25.8721 84.7977 3.76418 -9.95894 86.5376 5.78213 -8.77818 87.7893 
18.0663 -27.712 84.9366 21.3346 -23.7676 85.7558 -1.71328 -19.3966 90.1146 
16.2526 -29.016 84.9069 2.11033 -28.2555 87.9062 -1.25693 -16.8966 89.7442 
14.3433 -29.9595 85.0887 22.2528 -21.8986 86.5802 -0.315445 -25.2976 90.1375 
23.1347 -17.1767 84.138 17.8028 -7.98995 86.8173 22.9191 -14.9846 85.1196 
-0.333396 -14.6955 88.2888 5.5281 -30.1212 87.4008 14.0763 -7.18897 86.4497 
20.5801 -10.3197 86.2509 3.48776 -9.86266 89.1008 10.9169 -30.5917 87.529 
3.63997 -29.289 87.7824 1.99735 -11.2495 88.0084 21.4904 -23.3813 88.1605 
20.2033 -25.3676 87.4391 11.9887 -7.26338 87.5575 19.1653 -8.93023 85.853 
22.4692 -13.3335 86.4721 8.24765 -7.9467 88.1476 18.7162 -27.0143 87.0219 
1.68836 -11.2075 90.4927 10.1746 -7.49473 88.5625 15.1461 -29.4438 87.089 
22.9414 -19.4887 85.9535 4.86164 -8.9558 90.2027 13.1732 -30.1669 87.2868 
0.547061 -12.8408 89.3784 17.0037 -28.3871 87.0176 -1.66433 -21.5429 90.7536 
21.8367 -11.9183 88.2283 2.71141 -28.5197 90.1561 6.88316 -30.3053 89.2437 
8.82392 -30.5787 88.6036 4.89496 -29.7019 89.7656 15.8544 -7.24474 88.2684 
15.9601 -28.8706 89.1461 23.201 -16.8163 86.6486 6.7452 -8.23171 90.2368 
3.16616 -9.79246 91.8878 -0.586258 -14.6156 90.7182 0.934431 -26.9577 91.3579 
-0.250995 -25.452 92.2178 23.0133 -14.9582 87.2979 19.4027 -8.97526 88.2109 
9.01585 -7.62293 90.4653 -1.86069 -20.2018 92.1625 -1.75819 -18.3282 92.2438 
-1.12732 -23.6631 91.6264 22.7639 -13.9284 88.9899 0.191772 -12.8635 91.7242 
10.1909 -30.4113 90.2214 17.7808 -7.81183 88.9403 13.6317 -7.05528 88.6885 
-1.34904 -16.1725 92.4197 11.686 -7.15652 90.2505 8.24401 -30.3355 90.9611 
23.163 -18.3647 88.2159 20.8313 -10.387 88.7311 14.1312 -29.6894 89.1954 
-0.77751 -14.4059 92.6998 6.29701 -29.99 91.5944 -1.6484 -21.9766 93.1978 
12.1851 -30.2015 89.5761 2.35633 -28.1505 92.8699 19.1367 -26.5213 88.9477 
14.3613 -6.94135 90.6903 4.29836 -29.2882 92.173 22.6056 -20.7846 88.7603 
1.11881 -11.4177 93.0035 23.2113 -16.2469 89.2867 5.27398 -8.61996 92.2283 
20.2564 -25.1335 90.1812 -0.344816 -13.2433 93.9663 14.9935 -29.2144 90.8309 
13.4006 -29.7448 91.3187 17.7076 -27.7443 89.1372 -1.96756 -19.8774 94.5489 
16.7274 -7.28133 90.7675 -1.31044 -15.2938 94.5167 -1.83296 -17.4705 94.5533 
20.3267 -9.65768 90.5784 23.1362 -18.5476 90.5087 2.12526 -10.239 94.5581 
12.6428 -6.88257 92.7262 16.5974 -28.3083 91.6154 0.661202 -26.5832 93.6457 
-0.793196 -24.3794 94.206 18.7265 -8.25548 90.6319 21.552 -11.2028 90.7433 
3.88777 -9.11909 93.8905 3.79685 -28.9214 94.5786 15.3367 -6.84471 93.2791 
18.5366 -26.9303 91.0746 9.97599 -7.2803 92.7307 11.5217 -30.1065 91.9806 
5.58814 -8.31448 94.5802 5.74049 -29.6755 93.9592 0.317828 -26.1286 95.9211 
23.0814 -14.8654 91.4648 22.4674 -12.9037 91.0703 7.43922 -7.86689 92.6254 
9.597 -30.2188 92.704 7.67208 -30.0852 93.35 -1.88719 -16.5118 97.01 
-0.996276 -13.9971 96.2337 21.7199 -22.8493 90.5645 20.8645 -24.2278 92.5462 
-2.12339 -18.5899 96.4576 17.8645 -7.58284 92.8304 19.4224 -25.9887 92.9574 
8.07966 -7.50651 95.3165 -1.65333 -22.2483 95.7749 21.1049 -10.3829 92.8473 
3.3941 -9.19356 96.3297 17.7931 -27.3939 93.6701 0.342056 -11.9294 95.416 
14.7382 -29.1498 92.8461 12.9326 -29.684 93.5777 22.611 -20.7282 91.6233 
23.2847 -16.7755 91.7331 17.1693 -7.08907 95.2778 11.0139 -6.94757 94.8416 
13.2748 -6.68347 94.7058 1.93624 -27.7396 95.2455 19.7012 -8.85034 92.6773 
9.02174 -30.021 95.1737 19.0464 -8.10314 94.7636 7.12413 -29.8281 95.7461 
-0.872733 -24.3391 96.9134 -2.1065 -20.444 97.3028 22.1573 -12.0354 93.2246 
1.19767 -10.7453 97.0109 5.49799 -8.1157 97.1467 1.48358 -27.3054 97.5683 
23.114 -18.5731 93.4293 -2.29588 -18.705 98.6912 5.20782 -29.3593 96.327 
14.8625 -6.57388 96.4401 11.0844 -29.9457 94.6656 3.29083 -28.5417 96.943 
21.8988 -22.4845 92.602 1.96064 -9.84331 98.8538 22.4135 -21.1828 94.1166 
23.2622 -16.0012 93.7425 -0.436475 -12.5801 97.7703 16.0448 -28.4407 94.4619 
-1.66084 -22.5866 98.3089 14.2356 -29.1764 95.1937 22.8961 -13.8885 93.5813 
18.7548 -26.53 95.5764 9.77057 -6.98342 97.1959 20.5163 -9.45628 94.8068 
3.68165 -8.7581 98.5829 20.1803 -25.0659 94.9073 21.4116 -23.292 94.4994 
-0.728278 -24.6551 99.2515 12.2533 -6.65008 96.7718 -1.58181 -14.6881 98.6421 
0.108133 -25.8981 97.9442 -2.18483 -20.8962 99.8256 12.6836 -29.6099 95.559 
18.631 -7.62456 97.0174 19.911 -8.64833 96.4087 10.2915 -29.8475 97.0698 
7.39419 -7.40299 98.248 11.7983 -29.7022 96.745 6.62192 -29.5676 98.1308 
8.48971 -29.8202 97.5942 0.842485 -26.6351 100.054 21.7037 -11.0427 95.2772 
0.215605 -11.4013 99.4336 13.4058 -6.40169 98.896 -1.13521 -13.2207 100.109 
15.4338 -28.5813 96.9942 17.1698 -27.6936 96.2887 8.99317 -6.93335 99.2735 
-2.25653 -16.8396 99.8151 23.1938 -14.9871 95.8872 11.0398 -6.62438 99.087 
13.4165 -29.2669 97.605 4.70543 -29.0415 98.6965 23.2926 -17.3212 95.9796 
16.8967 -6.78424 97.8844 22.6271 -12.893 95.6801 0.810266 -10.5147 101.313 
2.79548 -28.146 99.3469 -2.03692 -15.1362 101.027 2.63995 -9.13133 100.781 
20.8778 -24.094 96.4512 -0.533619 -25.0561 101.551 -0.687662 -12.1662 101.81 
4.99471 -7.99133 100.095 21.9138 -22.2685 96.4339 15.3207 -6.39835 98.9099 
8.0679 -29.6059 99.9758 6.18148 -29.3052 100.487 19.7344 -25.4887 97.3966 
-1.57351 -23.1 100.654 21.0033 -9.84046 97.0925 7.34381 -7.13962 100.749 
22.8456 -19.8344 96.1415 -2.51999 -19.0821 101.575 -2.51065 -16.9146 101.965 
-2.14545 -21.7242 102.27 3.26475 -8.44881 102.821 -1.66563 -13.7917 102.123 
11.6401 -29.5749 98.7461 23.1421 -18.6684 98.3226 14.9459 -28.6495 99.4592 
9.89191 -29.6879 99.4176 16.652 -27.8888 98.7186 18.2287 -26.8661 98.1116 
23.025 -13.8996 97.8965 22.1851 -11.686 97.9653 19.9374 -8.5224 98.4889 
9.6736 -6.62409 101.226 5.47508 -7.42261 102.743 12.1958 -6.30718 101.282 
14.5836 -6.22412 101.013 0.797454 -26.606 102.821 -1.56672 -13.2844 104.014 
-0.306593 -11.3952 103.819 4.28895 -28.7459 101.072 -1.43385 -23.6568 102.555 
23.353 -16.1658 98.1612 21.2131 -9.89635 99.5775 16.6252 -6.51656 100.405 
19.316 -25.7952 100.19 1.32405 -9.77414 103.303 18.4317 -7.31909 99.5277 
2.45792 -27.8518 101.833 -2.3764 -15.5161 103.568 16.3532 -27.931 101.027 
14.6025 -28.6382 101.896 13.137 -29.1763 100.278 21.0497 -23.7134 98.7152 
22.8434 -13.0042 99.5963 7.89456 -6.706 103.145 11.3416 -29.4468 101.096 
17.7123 -27.1693 100.101 -2.5803 -20.5749 104.537 9.52278 -29.5098 101.771 
1.81193 -8.99649 105.335 3.77765 -7.75006 105.015 -0.610783 -25.0478 103.787 
22.3833 -21.1966 98.405 19.9819 -8.30848 101.276 5.77057 -29.0529 102.761 
-1.75499 -23.1007 104.316 -2.76496 -17.9995 103.882 7.64456 -29.38 102.308 
22.2675 -11.5174 100.601 23.2842 -14.837 100.062 10.7075 -6.20484 103.829 
5.99583 -6.84594 105.087 21.9052 -22.3032 100.238 22.7477 -20.233 100.424 
2.2936 -27.6685 104.296 -0.908799 -24.6945 106.01 23.3234 -17.4808 100.811 
-2.96278 -18.9187 105.852 -2.37372 -14.7802 106.072 -1.38372 -12.561 106.517 
0.127053 -10.5504 105.861 21.4744 -9.96418 102.021 18.1104 -6.92053 102.1 
3.99867 -28.5073 103.395 20.8703 -23.9583 101.424 -2.88058 -16.987 105.854 
13.6361 -6.03509 103.475 8.36534 -6.26306 105.559 -2.115 -22.5992 106.551 
22.9038 -19.7661 102.683 23.0018 -13.2863 101.586 16.0586 -6.21512 102.917 
12.759 -29.1049 102.669 17.8997 -26.9207 102.113 0.625209 -26.4234 105.262 
4.31583 -7.00596 107.184 7.061 -29.1373 104.546 5.36169 -28.8328 104.669 
16.1779 -27.8565 103.706 23.4023 -15.3706 102.494 10.9214 -29.3108 103.436 
9.02595 -29.318 104.087 22.0483 -21.9692 102.149 -3.12595 -18.4813 107.773 
20.749 -8.80009 103.429 23.368 -17.6305 103.691 22.4784 -11.6758 102.976 
-2.85223 -20.5064 107.224 14.0784 -28.6585 104.301 19.5299 -25.507 102.985 
12.5892 -5.83903 105.907 6.46174 -6.27816 107.444 22.2721 -21.5124 104.01 
-2.41358 -14.3364 108.481 2.32794 -8.10306 107.403 17.6569 -6.49041 104.671 
10.3893 -5.93128 106.299 3.92788 -28.3336 105.67 -2.95993 -16.3792 108.064 
22.8904 -19.8761 105.015 0.607473 -9.54942 107.845 19.4603 -7.55836 103.874 
8.74932 -5.85579 107.945 12.2098 -29.0322 105.035 2.15642 -27.4781 106.717 
2.91118 -7.12875 109.472 4.79905 -6.35339 109.137 15.3126 -5.89737 105.789 
5.96213 -28.7767 106.792 0.311587 -26.1255 107.904 18.1297 -26.6551 104.556 
-1.77288 -12.7431 109.025 21.0894 -23.5899 104.083 21.7733 -10.1419 104.385 
8.30331 -29.0994 106.369 19.7103 -25.2815 105.487 -1.37303 -24.2093 108.225 
23.1734 -13.5986 103.972 22.7198 -11.9427 105.404 -0.789614 -11.2058 108.385 
19.11 -7.07159 106.319 10.3195 -29.1648 105.769 17.3906 -6.16161 107.335 
21.9851 -22.0976 105.95 -3.12426 -20.1182 109.57 15.1608 -28.1945 106.143 
16.8664 -27.4069 106.265 -2.47553 -22.2143 108.904 20.7096 -8.55814 105.812 
-3.03874 -15.9265 110.356 6.71421 -5.73107 110.157 22.0388 -10.3522 106.839 
11.3156 -5.6226 108.426 18.4897 -26.3286 107.041 -0.673672 -25.2923 109.695 
-2.48577 -13.914 111.121 -0.404562 -10.0609 110.331 13.7034 -5.63093 107.738 
9.20414 -5.52708 109.965 11.5387 -28.9452 107.424 3.88039 -28.1721 108.026 
23.4862 -15.6997 105.03 -1.53575 -11.8333 110.802 1.06991 -8.44554 109.85 
13.3825 -28.6913 106.71 9.60577 -29.0024 108.085 -1.8216 -23.813 110.45 
-3.29659 -17.9873 110.013 7.55319 -28.8615 108.67 23.3301 -13.9282 106.436 
23.3538 -17.9594 106.199 17.273 -27.11 108.678 2.10563 -27.3849 109.194 
20.9077 -23.8863 106.414 18.9328 -6.70828 108.786 20.1069 -7.68378 107.823 
15.9266 -27.8229 107.864 14.5134 -28.3007 108.43 0.575362 -26.4536 110.49 
5.52789 -28.5236 109.37 -0.799963 -25.2878 111.678 -2.84972 -21.8117 111.295 
22.9293 -12.2316 107.853 -0.104206 -8.81154 112.266 20.0142 -24.9358 107.902 
-1.32805 -10.6069 112.771 21.2292 -8.90714 108.406 1.53907 -7.29232 111.792 
10.8734 -5.32121 111.179 -3.42231 -19.595 111.949 13.3376 -5.42317 110.026 
15.499 -5.64805 108.68 8.34785 -5.25833 112.078 12.7534 -28.663 109.12 
5.19713 -28.3516 111.367 3.75242 -28.0309 110.41 17.346 -5.8994 110.012 
3.78978 -6.08944 111.641 -3.45599 -17.4225 112.276 23.5422 -16.0728 107.502 
-3.15095 -15.6495 112.362 10.8749 -28.8344 109.775 21.5511 -22.8601 108.471 
22.7367 -20.3491 107.37 22.3022 -10.5707 109.304 8.91905 -28.821 110.374 
-2.99182 -14.5297 113.82 -2.25259 -12.5521 113.232 23.3187 -18.3758 108.616 
23.4441 -14.2451 108.882 5.80557 -5.26245 112.991 6.91548 -28.6351 110.958 
2.1262 -27.3754 111.737 1.82525 -6.354 113.477 15.8337 -27.7689 109.957 
20.2764 -7.62486 109.944 0.178491 -7.513 113.988 20.3822 -24.5344 110.34 
-3.51337 -16.5082 114.278 15.3903 -5.41574 111.335 7.52162 -4.88127 114.476 
10.0439 -5.0334 113.669 14.085 -28.297 110.779 18.8668 -26.0027 109.531 
0.488518 -26.4655 112.9 21.4939 -8.97222 110.839 -3.73634 -18.8403 114.585 
-3.84671 -17.2554 116.23 23.0697 -12.4204 110.276 3.8833 -27.9755 112.769 
22.6515 -20.7096 109.804 -2.20906 -11.2569 115.144 -2.15628 -23.6653 113.056 
22.4666 -10.6062 111.731 3.25075 -5.32327 114.584 12.2093 -28.6015 111.452 
17.5749 -26.8682 111.434 -1.24421 -9.26104 114.639 -0.893549 -25.3874 113.627 
23.5761 -16.4234 109.968 -2.91248 -13.2665 115.664 23.3021 -18.7116 111.007 
10.2823 -28.7057 112.063 -3.2892 -21.2944 113.737 -3.50838 -15.3548 116.183 
19.0315 -6.5012 111.297 0.730597 -6.1816 115.437 19.299 -25.6498 111.632 
12.8941 -5.15498 112.914 15.5336 -5.20528 113.901 17.4532 -5.68251 112.576 
-0.0341006 -26.2096 115.167 2.06817 -27.3189 114.581 -2.94057 -22.8973 115.439 
-1.66331 -24.7618 115.305 15.5775 -27.7869 112.354 13.6471 -28.2908 113.061 
20.5139 -7.52262 112.372 1.58617 -4.92238 116.953 21.7104 -8.89816 113.291 
5.3715 -4.80215 115.088 8.28718 -28.6369 112.674 23.5037 -14.4114 111.347 
3.97392 -4.46104 116.817 11.4726 -4.91332 115.086 -1.11973 -7.70867 116.211 
-0.815633 -5.89336 117.72 -2.47751 -9.90544 117.193 6.05063 -28.3841 113.344 
-2.92885 -12.0078 117.104 -4.06765 -18.9219 117.306 23.5934 -16.7225 112.732 
7.78351 -28.4822 115.01 -3.73306 -20.8845 116.123 23.267 -19.0883 113.075 
19.302 -6.34107 113.766 11.7065 -28.5279 113.7 9.76529 -28.5781 114.341 
21.6979 -22.7298 111.211 22.6864 -20.8193 112.17 -3.46409 -22.444 117.319 
23.1397 -12.3743 112.7 17.7682 -5.51385 115.027 -0.915133 -25.7279 117.279 
9.24198 -4.65485 116.394 4.30849 -28.0102 115.089 13.5961 -4.93772 115.492 
6.43146 -4.45006 116.692 18.8884 -25.9835 113.611 0.955385 -26.8785 117.134 
6.06018 -28.3002 115.608 -2.48571 -24.1283 117.325 -2.51808 -7.81372 118.401 
-2.73365 -6.0436 119.532 7.58725 -4.14831 118.74 20.595 -24.3227 113.027 
11.7714 -4.69307 117.237 0.332227 -4.43524 118.632 15.9617 -5.02292 116.354 
10.0591 -4.338 119.092 21.9147 -22.4667 113.304 23.536 -14.2121 113.857 
23.6941 -15.9364 115.426 -3.57376 -13.8816 118.272 20.8165 -7.41048 114.836 
13.17 -28.2817 115.276 -4.04879 -16.6554 118.555 -4.03642 -20.95 118.454 
-1.38512 -4.54749 119.573 2.36915 -3.79607 119.105 17.0663 -27.1309 114.031 
2.98923 -27.6356 117.055 23.2006 -12.1321 115.192 19.6725 -6.21528 116.212 
22.5892 -10.4713 114.203 -3.45604 -11.6741 119.014 18.1552 -5.35655 117.462 
-1.86756 -25.1844 119.358 -4.38034 -19.0096 119.775 15.1291 -27.8774 114.635 
21.5445 -23.1466 115.282 21.1432 -7.29249 117.372 14.1132 -4.72451 117.932 
5.05976 -3.91349 118.801 -2.94027 -4.60922 120.59 20.1084 -24.9536 115.565 
21.943 -8.7696 115.823 -3.57064 -9.66522 119.651 11.2336 -28.4481 115.95 
-3.39893 -23.2019 119.453 23.4659 -18.2928 115.008 23.5888 -13.7804 116.332 
16.5954 -27.3377 116.292 -3.90284 -7.7018 120.361 -4.49839 -17.1228 121.239 
5.00711 -28.0784 117.199 22.7261 -20.8262 114.729 22.7508 -10.2999 116.793 
9.29264 -28.4499 116.68 7.14363 -28.3079 117.512 -4.20585 -14.9831 120.638 
-3.98828 -13.096 120.39 -4.19982 -5.77599 121.093 -1.84389 -3.30618 121.24 
18.4365 -26.3527 115.879 0.1394 -3.40847 120.367 -5.65453 -5.37215 122.562 
-3.95853 -3.68299 122.058 16.3819 -4.83223 118.765 1.82751 -2.7226 121.655 
-5.92492 -3.27351 123.555 -0.0411097 -26.4784 119.37 -4.22384 -11.418 121.142 
12.7211 -28.2561 117.518 23.7878 -15.2775 117.855 -7.2436 -5.30476 123.974 
-2.30464 -2.07705 123 23.6748 -13.4879 118.484 -4.67742 -9.42202 121.656 
6.31734 -3.59062 120.734 4.02118 -3.20142 121.009 23.3309 -11.9527 117.757 
-7.88594 -3.67605 124.803 -0.23051 -2.25597 122.451 14.6586 -27.9477 116.858 
1.9596 -27.3045 119.225 -4.09404 -2.12495 123.424 23.676 -17.468 117.352 
19.9848 -6.05439 118.716 12.4103 -4.42751 119.748 23.2159 -19.7299 117.078 
-5.23429 -7.41278 122.047 8.58466 -3.86889 120.953 8.93028 -28.311 119.114 
3.95881 -27.8149 119.092 10.8264 -28.3561 118.258 -2.76426 -24.6622 121.103 
18.359 -5.14407 119.923 -5.1129 -1.34649 124.714 -1.19546 -26.039 121.773 
22.3789 -21.8924 117.226 18.0065 -26.6776 118.044 -4.61944 -13.458 122.536 
14.6898 -4.49786 120.371 1.53537 -1.76665 123.964 -6.84105 -2.0794 124.87 
19.6733 -25.4898 117.84 -3.90657 -23.2099 122.009 -4.3434 -21.1867 120.856 
-4.74073 -19.2008 122.244 12.3684 -28.2107 119.821 5.5996 -2.98714 122.738 
5.68177 -28.0959 118.965 -4.61776 -15.5853 122.544 -6.57821 -7.1526 123.553 
-3.00265 -0.956616 124.712 14.2663 -27.9872 119.122 21.1725 -23.8625 117.649 
-4.8924 -17.2231 123.597 22.9877 -10.2637 119.484 22.2096 -8.65334 118.465 
7.42009 -3.40814 122.379 16.1857 -27.4941 118.523 23.8734 -14.5062 120.213 
3.5248 -2.41436 123.266 -8.78836 -5.51536 125.517 21.4016 -7.1274 120.013 
16.6501 -4.65007 120.854 -0.595511 -1.05532 124.861 1.05291 -27.0305 121.461 
23.8583 -16.685 119.736 -5.04783 -15.0942 124.466 -5.43474 -12.8513 124.832 
10.8465 -4.02896 121.604 13.1369 -4.14833 122.257 -9.47226 -3.93553 126.385 
-8.30906 -2.12448 126.024 3.10813 -27.5704 121.217 -5.83325 -9.11556 123.388 
-7.93817 -7.09185 125.068 10.5121 -28.2508 120.624 7.04885 -28.1561 120.161 
5.12519 -27.9166 120.924 22.9738 -20.8126 118.894 -5.13443 -11.1681 123.162 
22.4749 -8.58507 121.16 23.5327 -18.934 119.316 5.39337 -2.38745 124.857 
-4.17069 -0.0241825 126.46 20.0636 -5.80059 121.265 -7.02529 -8.83114 124.967 
-9.81003 -2.26012 127.684 22.1592 -22.5697 119.559 -2.99322 -24.8812 123.089 
-4.74067 -21.3087 123.369 23.5886 -12.2365 120.534 15.4807 -4.33011 122.637 
-9.29353 -7.18419 126.795 -10.2153 -5.72668 127.392 -5.11986 -19.2359 124.729 
18.0472 -4.81695 122.565 -10.8346 -4.10387 128.351 -8.49372 -0.821696 127.471 
-6.59195 -0.534383 126.496 9.27018 -3.53812 123.19 13.9914 -27.999 121.427 
15.8939 -27.5996 120.787 2.27429 -27.3759 123.387 -6.14139 -10.7499 124.983 
0.246936 -26.8771 123.78 -5.39376 -17.0081 126.238 7.44531 -2.99456 124.218 
-1.97573 -0.01166 126.735 8.64092 -28.1643 121.6 17.7196 -26.893 120.19 
23.8239 -18.1117 121.686 21.5343 -6.87106 122.923 -8.25567 -8.66395 126.589 
12.1187 -28.1493 122.203 23.2522 -10.3081 122.122 23.7361 -11.851 123.045 
3.40702 -1.70526 125.496 23.1304 -20.6844 121.238 -11.4053 -5.7252 129.567 
4.23217 -27.6966 123.142 19.1547 -26.0156 119.613 20.6958 -24.6401 120.216 
1.60951 -0.972488 126.321 -3.35759 -24.9958 125.025 -4.27574 -23.3904 124.397 
-7.22507 -10.3398 126.659 13.9237 -3.89813 124.642 6.49797 -27.9502 122.94 
-1.78622 -26.0751 124.362 0.0597145 -0.179611 127.533 10.2717 -28.1438 122.993 
11.5139 -3.68633 124.092 9.60245 -3.12283 125.481 -5.36984 0.801929 128.521 
19.2522 -26.0367 121.62 -5.7071 -14.42 126.635 -10.5726 -7.26165 128.841 
-7.58105 0.398983 128.865 -5.16891 -21.3635 126.183 -5.46283 -19.162 126.802 
-9.48391 -8.59325 128.365 15.6639 -27.6789 123.06 1.55383 -27.2651 125.592 
-4.37059 -24.0621 126.91 22.8085 -8.69747 123.791 16.4239 -4.24715 124.788 
18.7655 -4.8224 124.982 -3.21432 0.81373 128.543 24.0511 -15.8421 122.162 
24.166 -17.1203 124.123 23.9795 -13.6651 122.644 19.9672 -5.49305 123.388 
3.52466 -1.11716 127.758 17.5466 -27.0352 122.423 6.86574 -27.8396 125.618 
8.49794 -28.0321 124.007 3.24735 -27.5163 124.974 -6.32872 -12.2507 126.735 
-8.37905 -10.0092 128.351 5.37448 -1.827 127.003 4.89118 -27.6896 125.261 
23.5621 -10.5219 124.604 -7.3372 -11.6689 128.483 12.1194 -3.2977 126.762 
-11.6971 -4.14537 130.269 -10.9559 -2.43084 129.809 -2.5924 -25.8866 126.482 
-9.51682 -0.671797 129.352 20.7262 -24.8885 123.014 7.45548 -2.49895 126.341 
-1.29693 0.598942 129.051 -0.535251 -26.8062 126.055 -9.43922 -9.68669 129.806 
-6.401 1.25335 130.851 13.795 -27.994 123.744 10.0208 -28.0547 124.963 
22.9901 -21.5983 123.685 23.7442 -19.3642 123.695 -6.038 -15.737 128.578 
20.7211 -5.81487 125.23 22.041 -23.0756 121.999 24.2672 -14.9586 124.649 
-6.51711 -13.5594 128.544 1.93545 -0.393738 128.769 -10.3918 -0.985069 131.719 
-8.54713 0.514123 131.264 -5.83675 -18.0398 128.563 24.0954 -12.6431 125.265 
-12.0228 -5.1551 131.868 0.486577 0.314483 130.048 -8.49836 -11.2412 130.422 
-10.5404 -8.59694 130.38 19.1322 -26.2566 124.001 14.9527 -3.75763 126.808 
9.54259 -2.63009 127.747 11.9133 -28.0752 124.831 17.2772 -27.2145 124.686 
-7.35256 -12.7978 129.995 -11.6319 -3.01137 132.007 3.78969 -0.669228 130.084 
-4.22601 1.36469 130.638 -1.42953 -26.7505 128.181 -11.5633 -7.08606 131.195 
18.7734 -26.6106 126.354 22.2099 -7.26988 125.62 17.4233 -4.25617 126.886 
3.11285 -27.4715 127.28 -3.4431 -25.712 128.514 -5.69753 -20.0348 128.244 
19.6595 -5.01219 127.133 5.3444 -27.6334 127.574 -2.46952 1.15202 130.462 
-0.981939 0.93098 131.408 7.3467 -1.99301 128.417 5.44286 -1.34024 129.127 
22.0097 -23.5113 124.407 -5.56705 -22.1317 129.049 24.2366 -18.2862 126.089 
8.77631 -27.9368 126.277 -6.47092 -16.7413 130.63 -6.84425 -14.527 130.407 
-4.81537 -24.3488 129.11 21.4802 -6.15679 127.547 -11.7649 -3.98394 134.036 
13.806 -3.22631 128.89 23.6571 -20.4004 125.665 22.9273 -22.1751 125.508 
-6.23812 -19.4124 130.612 15.37 -27.7603 125.274 10.726 -27.9997 126.905 
0.758009 -27.2313 127.862 24.5165 -16.2188 126.623 16.2364 -3.74462 128.818 
2.25324 -0.0128402 131.242 23.2368 -8.98253 126.321 -9.9944 -9.98576 131.632 
-7.20034 1.09522 133.166 24.5279 -14.2025 127.138 -11.8913 -6.3947 133.908 
11.3973 -2.67705 129.3 -10.7603 -1.80413 134.011 0.69857 0.584538 132.471 
-11.2304 -8.51587 132.662 9.08451 -2.07001 129.893 5.76962 -0.988053 131.254 
20.7261 -25.1687 125.852 7.15404 -1.55546 130.189 13.7333 -27.9824 125.737 
7.36488 -27.7648 127.959 24.3913 -12.4738 127.732 -5.1326 1.47997 132.881 
-2.33967 -26.7536 130.226 -7.871 -13.1279 131.695 22.7783 -7.61707 128.07 
18.5655 -4.38279 129.009 -9.13808 -0.0162655 133.666 9.37383 -27.8791 128.547 
-9.14429 -11.6284 132.7 -0.241831 -27.2821 130.04 -7.33472 -15.177 132.367 
13.0078 -2.64601 131.057 16.8026 -27.4296 126.955 4.11958 -0.364887 132.421 
-5.49881 -23.833 130.913 23.9428 -10.8319 127.083 -11.4935 -4.75311 135.65 
-10.6617 -2.89879 135.894 -2.78782 1.32355 132.8 22.3339 -23.4182 126.733 
-4.20775 -25.6051 130.587 1.92384 -27.4531 129.851 14.7821 -27.8531 127.4 
4.02438 -27.5202 129.628 -1.22409 -27.3657 131.766 -6.24948 -21.7745 131.716 
-5.95848 1.16317 134.639 -10.4585 -10.105 133.766 20.6427 -5.30721 129.494 
15.2843 -3.19937 130.83 -0.838784 1.0044 133.452 -7.51235 0.408072 135.287 
6.02058 -27.6145 129.834 8.19562 -1.4085 132.089 23.6831 -9.25837 128.854 
-11.3286 -8.31537 134.981 10.7272 -2.06953 131.518 2.43108 0.201281 133.649 
23.4313 -21.5351 127.393 -5.0752 -25.2728 132.667 24.8931 -15.3538 129.16 
24.783 -13.3964 129.439 -8.39512 -13.5449 133.668 -9.22946 -1.01101 135.778 
12.7617 -27.9996 127.339 -11.2597 -6.29228 136.332 23.0466 -22.8003 129.054 
21.6741 -24.6108 128.547 -6.08201 -23.5342 132.778 -6.89206 -19.7749 133.23 
-7.01863 -17.4437 132.755 -4.19177 1.17569 134.958 -3.11472 -26.8457 132.57 
-9.56236 -11.8779 134.735 17.5661 -3.80752 130.898 18.2309 -27.013 128.606 
0.768407 -27.6238 132.354 24.2315 -19.4646 127.972 19.701 -4.5798 131.301 
-5.7335 0.515889 136.349 11.5358 -27.9565 129.524 9.84735 -27.8557 130.546 
8.05696 -27.7414 130.239 4.83222 -27.5586 131.394 -7.90866 -15.6716 134.384 
24.7279 -17.3845 128.651 -10.5266 -10.0999 135.852 20.0334 -26.0329 128.29 
16.0992 -27.6672 129.507 -7.67373 -17.9235 134.958 22.2631 -6.57938 129.964 
23.2693 -7.92788 130.174 -10.7634 -8.12457 137.122 -7.42232 -0.643289 137.124 
-4.46712 -26.4789 134.644 14.543 -2.60856 132.936 10.2445 -1.50784 133.699 
-8.89363 -13.8908 135.647 12.3866 -2.04816 133.236 -10.3705 -4.21761 137.231 
0.498724 0.668062 134.713 13.8288 -27.9392 129.47 24.4364 -11.2598 129.801 
24.0982 -9.23195 131.691 16.7122 -3.21509 132.874 -1.87365 0.939408 135.41 
19.4097 -26.6143 130.068 6.18776 -0.716596 133.468 3.06439 -27.5674 131.794 
24.0926 -20.7789 129.691 24.8316 -18.7025 130.502 6.68509 -27.6501 132.362 
-6.12918 -24.4907 134.904 -9.79055 -12.046 136.732 4.4898 -27.6415 133.365 
-1.21727 -27.6823 133.804 -6.75965 -22.0555 133.998 -7.51213 -20.231 135.472 
-8.56425 -16.0572 136.485 16.0164 -2.61411 134.886 23.8379 -22.122 131.309 
24.769 -20.1996 132.088 21.6753 -5.70371 132.276 20.4777 -4.6878 133.36 
18.8089 -3.92347 133.064 21.0122 -25.6367 130.852 4.41477 -0.176275 134.732 
-0.0817743 0.50368 136.777 25.3151 -16.4371 131.608 25.2394 -14.2567 131.472 
13.9685 -2.01328 135.083 24.9957 -12.5967 131.325 6.53346 -0.469512 135.723 
-3.80211 0.473 137.012 17.9524 -27.284 130.894 -9.38447 -14.1132 137.697 
-9.90064 -5.91372 138.419 22.6467 -23.9402 130.92 -10.2405 -10.1205 137.868 
8.28367 -0.971171 134.532 14.7507 -27.922 131.267 13.034 -27.9825 131.672 
11.0802 -27.9158 132.084 -8.4521 -18.4572 137.362 24.9005 -11.1359 132.513 
10.0122 -1.08942 135.566 2.38795 0.253137 136.151 -2.01342 0.387063 137.484 
16.2948 -27.7662 132.095 2.45911 -27.776 134.134 -2.81357 -27.4781 134.752 
23.1617 -7.32349 132.187 24.1274 -8.28548 134.233 11.8577 -1.47694 135.385 
19.5767 -26.7512 132.127 0.483521 -27.9809 135.163 -9.89087 -12.1621 138.728 
18.0411 -3.29684 134.993 -9.04178 -2.25882 137.418 23.5624 -23.2097 132.739 
-7.29817 -22.4904 136.284 9.08317 -27.7846 132.346 -9.82902 -10.3272 139.816 
-9.8798 -8.2131 139.09 -8.04562 -20.763 137.354 4.81394 -0.0774804 137.015 
-8.772 -3.65599 138.659 -3.69311 -27.4106 136.562 25.4568 -18.2448 133.113 
25.441 -12.8231 133.32 25.7798 -14.6427 133.835 24.7809 -9.82137 133.943 
-5.54605 -0.541511 138.101 24.5487 -21.7015 133.537 20.0064 -4.1644 135.169 
-0.722725 -0.110705 138.882 -1.60894 -28.0354 136.538 -9.91742 -12.1757 140.492 
21.6856 -5.26455 134.941 -7.27867 -1.94184 138.607 22.4823 -24.7769 133.273 
-5.40259 -26.2337 136.802 23.0544 -6.63919 134.556 8.64467 -0.657808 136.705 
-3.40525 -0.601733 138.999 -8.72984 -6.6487 140.266 17.2851 -2.69807 136.614 
15.579 -2.06285 136.945 8.23987 -27.7676 134.527 -6.84461 -24.5867 137.617 
25.4521 -19.8657 134.512 -8.09576 -22.5343 138.863 1.25173 0.205131 137.929 
3.17144 0.0760719 138.402 18.0301 -27.4608 133.25 -9.30087 -16.1941 138.705 
-8.38892 -4.88631 139.717 -7.14524 -3.43242 139.85 -5.52664 -1.91851 139.622 
10.3633 -27.8905 134.32 3.99809 -27.8574 135.666 6.97376 -0.245544 137.98 
12.3813 -27.9989 134.025 14.5928 -27.998 133.627 -4.63914 -27.2159 138.265 
-9.3442 -18.0177 139.557 -9.84658 -14.0903 139.858 6.06099 -27.7322 134.935 
-5.99035 -26.2748 139.079 25.1645 -9.45869 136.271 25.4487 -11.2404 134.866 
-9.07244 -8.73241 141.009 20.9717 -26.0936 133.151 24.0232 -23.257 134.714 
-1.93793 -1.25708 140.645 -0.060585 -0.720954 140.686 2.08476 -28.116 136.606 
25.9765 -16.4192 134.497 13.4617 -1.42835 137.272 1.48141 -0.148437 139.709 
-8.84138 -20.0457 139.15 -3.92305 -2.17504 140.759 19.2606 -3.39907 137.388 
11.0179 -0.86854 137.599 16.5041 -27.8628 134.136 24.1867 -7.55381 136.543 
15.235 -1.51305 139.046 17.4933 -2.33577 138.819 9.09394 -0.340976 138.907 
19.4878 -3.0266 139.633 7.46952 -27.8797 136.718 9.50373 -27.9428 136.548 
0.25725 -28.3725 137.826 -3.18929 -27.9483 138.676 22.9523 -5.98055 136.887 
21.3271 -4.62307 137.125 5.31681 -0.00664195 139.313 5.51353 -27.9634 137.183 
-10.0872 -16.2471 141.209 -9.53408 -10.8648 141.764 13.5233 -28.1187 136.124 
19.9891 -26.8938 134.727 3.64345 -28.2165 138.036 -9.12141 -21.3368 140.62 
26.1312 -18.0093 135.572 26.0506 -13.0092 135.639 26.4424 -14.8277 136.235 
-7.01452 -5.29513 141.228 -5.54748 -3.48907 140.99 15.8141 -28.067 136.224 
11.5079 -28.0505 136.352 25.264 -21.5284 135.873 26.5722 -16.4189 136.571 
25.1401 -8.36591 138.144 -7.75141 -7.45278 142.139 7.43187 -0.000687655 140.282 
26.1249 -11.3671 137.215 17.9664 -27.6921 135.549 -1.49273 -28.4603 139.416 
-2.57188 -2.72447 142.21 13.0193 -0.80051 139.704 21.7164 -25.8727 134.787 
-10.1085 -13.3523 142.264 26.047 -9.81616 138.715 -4.72791 -27.4547 140.243 
-7.40381 -24.855 140.124 -8.69357 -23.2895 141.349 -9.88947 -19.1612 141.383 
1.84696 -28.5357 139.134 5.26947 -28.3393 139.461 -6.12753 -6.59297 143.256 
-5.13382 -4.88629 142.509 23.164 -24.7928 135.781 -3.1849 -28.2562 141.151 
22.6462 -5.18134 138.96 -6.32118 -26.5347 141.448 21.0007 -3.95604 139.209 
10.8837 -0.401856 139.77 3.59014 -0.111745 140.647 -8.50993 -9.42003 143.037 
-4.16141 -3.5142 141.969 14.9485 -1.01714 140.803 9.4981 -0.000293547 141.092 
-10.8018 -15.3646 143.673 -7.0772 -8.33301 144.204 26.2348 -19.6003 136.913 
1.67092 -0.81217 142.013 -9.84778 -21.5279 142.53 16.7238 -1.57779 140.867 
26.9048 -17.6002 137.831 -10.4077 -13.2941 144.822 5.7213 0.0568763 141.661 
0.12085 -28.7679 140.499 21.8589 -26.2385 136.918 -7.88144 -25.284 142.541 
-10.7268 -17.4679 143.007 26.946 -11.5449 139.483 -0.5864 -1.77919 142.281 
14.4146 -28.2909 138.265 27.1691 -19.1695 139.158 -10.8414 -19.5081 143.72 
-3.34764 -4.33482 143.415 -1.16223 -3.41842 144.19 -1.58595 -28.7774 142.095 
26.8014 -13.2313 137.964 -4.37293 -5.95774 144.344 3.95392 -0.353234 142.919 
-4.90341 -27.7188 142.657 -5.43895 -7.52271 145.318 26.2147 -21.4083 138.475 
27.2652 -15.3613 138.614 -9.42887 -11.4061 143.916 24.2927 -6.79626 139.006 
22.2439 -4.42773 140.581 11.5887 -0.131288 141.58 6.80238 -28.1052 138.554 
19.7455 -27.3887 137.236 1.72161 -28.9816 141.73 23.6838 -5.49233 140.888 
20.8728 -3.34113 141.469 23.8267 -24.8917 137.95 3.46147 -28.6706 140.499 
24.7288 -23.261 137.006 -9.37199 -23.7372 143.596 17.7494 -27.9857 137.754 
-11.1967 -14.8444 145.605 -11.5087 -17.1361 145.16 25.745 -8.32148 140.094 
18.7431 -2.32215 141.187 7.80395 0.239864 142.627 12.4621 -28.2702 138.437 
8.53016 -28.1311 138.699 2.54744 -1.12227 143.929 -8.18388 -10.031 145.224 
10.518 -28.1978 138.64 -6.66669 -26.8613 143.853 13.7144 -0.414069 142.031 
-8.45472 -25.6704 144.843 -10.7424 -13.3933 147.037 15.7799 -0.862103 142.506 
5.92234 0.0196888 144.016 16.1281 -28.2486 138.407 9.97183 0.3313 143.259 
3.37707 -29.1713 143.051 7.21263 -28.4927 140.799 25.2117 -6.84617 141.479 
19.8224 -2.30419 143.364 0.84762 -2.0178 143.932 5.16494 -28.8267 141.907 
22.927 -26.0949 138.94 -3.32418 -28.52 143.769 27.6892 -13.3495 140.238 
27.4026 -20.469 140.404 28.1977 -18.7824 141.253 -11.8114 -15.401 147.279 
26.8679 -9.89738 140.886 -6.62515 -9.01911 146.391 4.03977 -0.780177 145.021 
-3.67888 -6.81161 146.387 24.5213 -5.51506 142.964 17.8 -1.50253 142.889 
0.0267565 -29.1382 143.164 -5.20132 -27.9809 145.174 25.429 -23.5232 139.229 
-9.45142 -11.7035 146.223 -1.65669 -29.0713 144.73 26.9014 -22.2179 140.765 
-11.7841 -19.857 145.81 -2.475 -5.25446 145.368 12.2124 0.224457 143.635 
13.4221 -28.5231 140.46 21.3187 -27.1034 139.096 24.4107 -25.2216 140.025 
11.429 -28.5216 140.78 1.68574 -29.4279 144.372 -10.7136 -21.9049 144.643 
27.8351 -11.5595 141.636 26.5711 -8.296 142.26 0.637332 -3.04432 145.502 
22.8341 -4.35903 142.36 19.3425 -27.8835 139.448 -3.46482 -28.8292 146.661 
-12.4919 -17.8471 147.316 -0.322317 -4.47766 146.639 21.8099 -3.26503 143.88 
16.6592 -0.677633 144.448 -4.90851 -8.21216 147.503 9.42511 -28.4797 140.855 
14.4761 -0.11513 144.065 6.7702 -29.0536 143.398 27.8324 -17.1229 140.053 
26.0706 -6.79761 143.683 2.24623 -1.93324 145.485 8.06642 0.451774 145.184 
-10.1685 -24.1424 145.754 -12.7575 -16.1182 149.183 20.7866 -27.8079 141.265 
8.41989 -28.8218 142.661 -11.6474 -22.3473 146.69 -12.7754 -20.426 147.802 
-8.01386 -10.4749 147.493 3.7471 -1.55144 146.972 5.73307 -0.263145 146.283 
15.3958 -28.472 140.187 28.3335 -15.1142 141.155 27.7435 -9.82168 143 
10.5558 0.683994 145.293 17.361 -28.2965 139.867 -1.84895 -6.11357 147.434 
4.99655 -29.3767 144.382 3.37805 -29.6944 145.629 1.80688 -3.05962 147.087 
-9.21587 -26.0031 147.051 28.6697 -13.2222 142.419 -0.295855 -5.5505 148.406 
23.6583 -4.32968 144.412 -12.646 -22.8661 148.722 -0.00294815 -29.4839 145.747 
-7.20877 -27.1462 146.197 -8.01387 -27.3997 148.472 28.898 -16.7865 142.229 
27.4323 -8.19233 144.37 22.9185 -26.7729 141.006 -13.5079 -18.5663 149.225 
-3.07113 -7.48955 148.602 25.3269 -5.4519 145.038 12.8722 0.566856 145.636 
10.2497 -28.9522 143.322 -6.32334 -9.52748 148.653 18.6603 -1.35708 144.927 
16.674 -28.6299 141.972 14.5974 -28.7613 142.335 18.7475 -28.3574 141.621 
12.5304 -28.8442 142.774 -11.0817 -24.5547 147.857 20.7477 -2.163 145.787 
-1.52618 -29.3517 146.885 26.0512 -24.1408 141.337 28.3877 -20.7011 142.464 
-13.8258 -21.0427 149.793 -1.18658 -6.72586 149.51 -7.92023 -10.7874 149.777 
1.68041 -29.8611 147.011 -11.3143 -13.7276 149.488 -4.49285 -8.77053 149.837 
1.27544 -4.3861 148.614 -10.1312 -26.3627 149.227 22.7461 -3.27442 145.935 
-13.8858 -17.0124 150.935 28.7748 -11.3802 143.725 -9.5678 -11.9493 148.526 
15.4509 0.146554 146.254 8.27584 -29.3217 144.777 24.8855 -25.848 142.059 
-12.7763 -14.9002 151.382 3.42762 -2.69187 149.053 19.0914 -1.03826 146.954 
15.9245 -28.9826 144.122 3.65132 -30.282 148.383 29.4108 -14.8401 143.323 
17.5003 -0.577506 146.068 27.6554 -23.0661 142.867 29.6963 -12.9284 144.5 
-7.80241 -10.993 152.13 -9.59241 -12.0239 150.891 22.0906 -27.8651 143.081 
29.3326 -18.4608 143.272 7.36322 0.340078 147.621 18.0169 -28.804 143.772 
-0.223771 -29.7639 148.197 -5.82791 -28.187 147.654 -12.0858 -25.0432 150.003 
20.0909 -28.4756 143.434 28.6219 -9.59577 145.062 11.123 1.00817 147.208 
4.87585 -29.8799 146.502 29.386 -21.9848 144.699 24.4726 -4.30317 146.414 
25.8956 -5.29038 146.824 5.3721 -0.842786 148.394 9.20885 0.837856 146.866 
6.44998 -29.6512 145.778 -13.7418 -23.4032 150.833 30.0836 -16.4717 144.331 
23.7444 -27.0877 142.934 -14.6088 -19.2437 151.163 17.4177 -0.140752 147.743 
19.1493 -0.571849 149.022 13.8549 -29.1216 144.56 -6.77045 -28.3982 150.035 
-11.0861 -26.8704 151.472 26.9633 -6.67011 146.009 28.219 -8.1305 146.128 
20.7446 -1.56887 148.089 9.78373 -29.6058 146.093 0.638282 -5.75663 150.083 
11.7939 -29.3016 145.155 -4.53381 -28.9313 149.354 -14.9203 -17.775 152.47 
-6.13103 -9.93891 150.982 2.45563 -4.483 150.562 13.4373 0.917394 147.622 
7.83779 -30.0065 147.263 -14.1788 -16.0115 152.975 13.149 -29.6077 146.813 
26.6027 -25.0493 143.359 -8.95973 -27.7435 150.747 -15.0096 -21.5574 151.905 
23.5309 -3.254 147.867 25.2334 -26.6909 144.008 -2.30067 -29.4184 148.884 
-11.1911 -13.1477 152.238 -2.37951 -8.09157 151.208 7.00641 -0.032974 149.754 
9.24151 0.934774 148.968 15.1693 -29.3977 146.307 29.6996 -19.9022 144.258 
30.5715 -18.2436 145.217 11.6774 1.31372 149.108 17.2302 -29.2314 145.906 
-13.257 -25.7269 152.461 29.7219 -11.0331 145.809 -3.33973 -29.5437 151.231 
-15.0469 -23.824 152.98 25.3657 -4.37328 148.513 22.0557 -2.46947 147.361 
15.5959 0.639856 148.451 5.87705 -30.291 148.13 1.45581 -30.2486 149.55 
29.3951 -9.08076 147.314 -5.9879 -10.2939 153.42 20.8109 -1.13144 150.179 
-5.59025 -29.1511 151.757 28.3208 -24.3034 144.853 13.8724 1.25002 149.547 
11.1934 -29.8997 147.491 -15.9557 -19.5724 153.534 30.5618 -14.4649 145.42 
26.9779 -5.81222 148.155 5.36285 -1.44653 150.375 9.33369 -30.3391 148.591 
-9.40272 -11.9274 153.359 -0.203552 -7.08989 151.639 28.2617 -7.28675 147.791 
-11.9109 -27.6445 153.781 -15.5994 -17.2946 154.38 30.732 -12.5105 146.56 
30.6448 -10.6966 147.931 19.3748 -29.0363 145.589 -9.8843 -28.2846 153.102 
31.4993 -16.1849 146.62 -7.76203 -28.775 152.437 1.69804 -6.03086 152.101 
21.5345 -28.6428 145.178 -0.792407 -30.0338 150.857 -15.0124 -25.8329 154.561 
-16.3977 -22.0742 154.069 30.7264 -20.1908 145.859 -7.60834 -11.1231 154.653 
-4.28249 -9.31837 152.281 10.3828 1.32267 150.622 16.3718 -29.7208 148.083 
14.3598 -29.9508 148.545 -10.8781 -12.7205 154.745 4.23381 -3.09007 151.311 
17.3598 0.336848 149.743 23.5332 -27.8915 144.638 -13.5808 -27.143 154.592 
-12.8009 -14.1461 154.096 22.3087 -2.18755 149.142 -6.55223 -29.617 154.264 
29.9875 -23.6649 146.465 31.6684 -12.1113 148.686 8.54461 0.568363 151.52 
18.4891 -29.5521 147.714 7.28646 -30.8898 150.103 5.06698 -30.9293 150.523 
-17.1132 -18.5462 155.912 6.74652 -0.561793 151.443 12.2522 1.55316 150.986 
12.3947 -30.237 149.016 10.7122 -30.5161 149.462 30.7492 -21.9075 146.492 
31.6667 -13.9286 147.471 30.2994 -9.11935 149.47 23.3303 -28.7403 146.64 
1.15126 -30.573 151.618 25.3397 -27.7021 145.914 27.0268 -26.1893 145.295 
-4.45306 -29.7964 153.523 29.2573 -7.88265 149.082 3.45563 -4.73534 152.571 
5.8361 -1.80509 152.302 15.6774 0.989863 150.152 -2.31446 -30.1494 153.238 
-14.6962 -15.5008 155.338 14.4036 1.45009 151.424 -2.55085 -8.96534 153.698 
-1.01478 -8.13226 153.135 28.1415 -6.40963 149.925 19.0676 -0.065023 151.335 
-16.5681 -24.2138 155.064 -17.6063 -20.6245 155.695 20.992 -29.3766 147.539 
2.98983 -30.819 151.102 -9.13772 -11.8153 155.972 23.967 -3.05725 149.916 
25.3881 -28.6769 147.845 28.8675 -25.6291 146.716 -10.8112 -29.0335 155.532 
-16.3933 -16.6978 156.679 -4.18405 -9.82061 154.706 26.6972 -5.09612 149.762 
27.046 -5.09009 151.472 25.5729 -4.02602 150.705 -0.130709 -30.6495 153.342 
-8.70177 -29.3971 154.979 31.8348 -18.5239 147.12 -18.9772 -19.5496 157.809 
0.839934 -7.5654 154.066 29.564 -7.70468 150.891 5.04293 -3.38285 153.341 
10.6202 1.32174 152.474 9.33397 -31.2258 151.234 1.98389 -31.143 153.355 
-17.9549 -22.6914 156.08 22.482 -1.83374 151.436 -12.8212 -28.5753 156.104 
32.5825 -13.5573 149.549 32.4963 -15.1234 148.463 -12.0237 -13.2309 156.132 
-16.6562 -26.2174 156.488 31.8834 -20.6934 147.621 -19.0179 -21.4683 157.222 
-10.6225 -12.405 157.259 31.3811 -10.4933 150.15 16.7186 0.940026 151.875 
2.82832 -6.25372 154.08 27.3144 -27.3538 147.168 31.5222 -22.8194 147.999 
-18.259 -24.7445 157.003 32.8034 -16.9758 148.631 -13.5557 -14.1017 156.723 
32.3441 -11.9045 150.958 -14.9589 -27.843 156.668 -19.7145 -23.2065 157.853 
-17.8819 -17.7376 157.799 4.39016 -4.99449 154.516 7.38598 -0.605135 153.147 
20.82 -0.792454 152.01 -5.77753 -10.5704 155.966 28.4626 -6.3336 152.201 
24.2924 -2.9041 151.959 12.7486 1.64913 152.905 -12.2263 -13.0414 158.289 
6.51122 -2.08126 154.286 23.2929 -29.5167 148.714 4.23598 -31.6184 153.27 
33.4203 -15.4295 150.452 19.6274 -29.9693 149.529 -5.1644 -30.3369 155.925 
-16.8231 -27.8792 157.926 -7.35791 -11.1864 157.325 30.7312 -9.03857 151.653 
23.2535 -2.04998 153.205 11.4312 -30.983 151.077 21.5474 -29.9391 149.565 
-9.73588 -30.2311 157.506 -11.8664 -30.0084 157.94 2.52 -7.5254 155.925 
14.849 1.56211 153.342 13.4511 -30.6718 150.794 -3.46273 -30.3559 155.072 
3.84306 -6.333 155.615 9.103 0.444739 153.896 6.06132 -31.5404 152.187 
15.4793 -30.3395 150.321 -18.3764 -26.8461 158.153 -20.6232 -21.3958 158.746 
-15.3879 -15.1277 157.846 -2.58859 -9.5204 155.694 17.5074 -30.1036 149.85 
-7.33167 -30.4684 157.184 -13.9684 -29.7353 158.416 -32.6405 -28.0735 162.339 
-31.3264 -26.1433 161.693 -30.6096 -28.2769 161.695 -33.3759 -26.179 162.414 
-35.4096 -26.4099 163.578 -34.3744 -27.814 163.124 -32.2498 -24.1467 161.985 
-34.386 -24.4447 162.847 -33.5633 -22.0976 162.708 33.1882 -13.471 151.751 
-3.81638 -10.1673 157.091 -0.971342 -8.80674 155.152 25.7952 -3.92268 152.712 
0.651649 -31.356 155.512 29.2743 -26.8024 148.543 30.6509 -24.8936 148.248 
33.0037 -19.2393 148.996 -31.0742 -22.1018 161.919 -35.42 -23.0783 163.479 
-20.9964 -19.3762 159.866 24.5182 -2.8598 153.932 25.3981 -29.5336 149.869 
-32.1085 -30.1496 162.606 -30.0753 -24.0984 161.433 -36.403 -24.6805 164.155 
-35.6945 -21.2402 163.976 -32.1156 -20.0655 162.67 -34.2806 -19.6382 163.591 
-8.94474 -11.6853 158.726 18.276 0.573748 153.165 10.4687 -31.7275 152.805 
-1.62622 -30.8918 155.738 -34.1327 -29.6008 163.468 -29.247 -26.2119 161.216 
-21.9789 -23.6522 159.416 0.715572 -8.71894 156.612 29.7377 -7.65921 153.046 
7.49557 -31.8682 152.828 2.61167 -31.8927 155.574 -16.0678 -29.4632 158.956 
-36.1538 -28.5661 164.623 -20.1348 -25.4408 158.627 33.8119 -17.8451 150.566 
-14.0428 -13.803 159.218 27.4574 -28.3893 149.04 -30.007 -30.462 161.962 
32.8692 -21.5498 149.436 -29.8307 -20.1795 162.169 -19.2951 -17.7563 159.536 
-32.9824 -17.9501 163.638 -17.4621 -16.191 159.235 21.6876 -1.06185 153.722 
-28.4809 -28.4398 161.245 -28.7783 -22.1266 161.498 -36.2886 -19.1198 164.987 
-10.6657 -12.1831 159.834 19.857 -0.11364 153.394 -31.5862 -32.2412 163.116 
-18.1393 -28.9424 159.345 -27.8673 -30.6657 161.535 -22.6819 -21.1707 160.176 
34.1963 -16.6642 152.371 -29.4411 -32.5659 162.475 -22.0532 -26.4364 159.757 
-37.4407 -26.4993 165.298 -37.0855 -22.8041 164.791 -21.1344 -17.1669 161.548 
-34.9944 -17.4613 164.751 31.7596 -10.4333 152.495 28.5401 -6.3397 154.345 
11.2224 1.23261 154.72 13.2975 1.67779 154.488 33.8929 -20.1613 150.937 
-19.1597 -16.316 160.969 -33.5642 -15.8673 164.75 -1.47283 -9.69982 157.611 
5.81276 -3.7527 155.364 16.7289 1.1938 154.161 -33.6469 -31.673 163.958 
-5.29052 -31.1543 158.468 -20.1491 -27.8525 159.506 -36.8899 -17.1046 166.322 
-15.9936 -14.5468 160.349 -5.46493 -10.7521 158.518 7.94229 -0.907183 155.182 
5.97044 -32.3119 154.398 4.36962 -32.5394 156.12 23.1685 -30.2734 151.06 
-0.438946 -31.708 157.841 -3.54518 -30.9437 157.167 31.085 -25.9841 150.128 
-27.1625 -26.3552 160.867 -27.9429 -24.2025 161.052 12.4078 -31.6278 153.179 
27.4394 -29.2335 150.946 -31.0233 -34.257 163.874 29.389 -27.8195 150.392 
-26.1134 -28.632 160.909 -26.009 -30.9576 161.342 -23.9319 -25.2074 160.194 
-37.5589 -20.7803 165.573 -30.9137 -18.3119 162.984 -31.586 -16.385 163.889 
5.11302 -5.48966 156.389 27.2221 -5.06937 153.513 8.95526 -32.2733 153.844 
16.6797 -30.7373 152.046 1.2749 -32.0186 157.395 -8.71935 -31.3308 159.572 
32.2673 -23.8418 149.854 -24.3357 -22.8812 160.449 -23.0387 -19.0502 161.27 
7.40182 -32.8501 155.313 20.8208 -30.4248 151.254 18.733 -30.5276 151.578 
-27.2448 -32.7351 162.062 -28.8102 -34.5653 163.228 -10.8792 -31.2922 159.841 
-24.1834 -30.027 160.946 -23.9309 -27.5986 160.424 -22.0987 -28.9542 160.396 
-25.3813 -26.4207 160.565 -25.8829 -24.502 160.663 -26.5169 -22.3531 161.084 
-38.2695 -24.4547 165.916 -27.2556 -20.0455 161.876 -12.5167 -12.7224 160.729 
-3.28462 -10.4773 159.732 4.08401 -7.17731 157.243 23.1415 -1.86262 154.988 
-35.5885 -30.858 165.001 -24.7372 -32.6747 161.811 -22.3713 -31.3646 161.21 
-19.9721 -30.4713 160.655 -24.8384 -20.6823 161.168 -38.0949 -18.8644 166.729 
-35.5038 -15.3982 166.113 7.13645 -2.54112 156.306 -33.1014 -33.6747 164.656 
-14.4841 -13.2869 161.63 14.8435 1.58507 155.273 14.67 -31.0905 152.57 
2.68666 -32.6142 158.088 -2.12148 -31.4526 158.136 -22.4533 -33.6296 162.156 
-34.9995 -32.9296 165.626 -17.4444 -30.9763 160.609 -29.8429 -16.8451 163.41 
-7.07217 -11.1641 160 -26.547 -34.7826 162.893 -24.2858 -35.1982 162.95 
-20.7942 -32.4768 161.643 -15.2049 -31.2206 160.466 -28.7832 -18.2893 162.716 
-31.8072 -14.4083 164.858 0.581325 -9.64022 158.868 2.50147 -8.62198 157.999 
-32.5558 -35.7674 165.805 -28.0625 -36.4991 164.254 -18.8441 -32.6433 161.79 
-38.7667 -22.3587 166.569 -25.1407 -18.622 162.124 33.821 -14.8959 152.495 
-19.895 -15.1535 162.751 32.6621 -11.957 153.32 9.47188 0.0684059 156.001 
12.8655 1.44756 156.137 -25.9265 -36.8304 164.074 -37.2064 -30.0651 166.173 
-38.219 -28.3401 166.637 -17.9337 -14.9847 161.65 -38.5782 -17.0579 168.201 
-37.3077 -15.2016 167.869 -5.2633 -10.8539 160.686 -33.7865 -13.8639 165.955 
30.8419 -9.05222 153.942 10.551 -32.5324 154.752 -20.3438 -34.2596 162.601 
-38.9914 -20.5052 167.192 -26.8921 -17.9969 162.659 -29.8226 -15.078 164.18 
2.31797 -9.70619 160.078 5.65453 -6.35662 158.224 25.9127 -3.90804 154.756 
18.6095 0.573501 155.139 25.524 -30.1828 152.021 -13.035 -31.2778 160.177 
33.5652 -22.4825 151.44 33.4404 -13.6369 153.956 -11.0292 -11.9705 161.968 
-8.95236 -11.4894 161.73 6.48178 -4.39494 157.348 -27.233 -38.063 165.287 
-22.0616 -35.7884 163.351 -34.3062 -34.6418 166.199 -35.9538 -34.3624 167.667 
-6.85166 -31.4543 159.598 -5.26119 -32.1776 161.196 -36.8011 -31.9841 166.838 
-23.4672 -17.0547 162.593 -27.7968 -16.2051 163.53 -31.7674 -12.5121 165.902 
-33.6166 -12.0023 167.17 -30.2541 -36.1777 164.807 -31.2889 -37.3818 166.385 
-16.5555 -32.8945 162.038 0.656526 -32.5401 159.985 31.0008 -27.0253 152.072 
34.4529 -18.8365 152.604 -29.7765 -13.0892 165.115 -35.7179 -13.2561 167.8 
-34.8816 -11.418 168.711 8.86836 -33.2825 156.19 -18.1089 -34.6192 163.121 
-25.5073 -16.7032 163.134 -25.454 -38.7155 165.607 -23.7785 -37.3466 164.353 
-16.4533 -13.6597 162.627 20.3902 -0.242805 154.993 -7.55262 -32.2969 161.52 
-3.44896 -31.7245 159.589 32.6828 -24.8749 152.143 -39.4016 -26.0589 167.557 
-39.6381 -23.7931 167.592 -40.166 -21.6755 168.678 -27.7834 -13.8973 164.586 
5.89653 -33.2092 156.952 14.2002 -31.9279 154.79 18.064 -31.1268 153.721 
16.1034 -31.4402 154.232 27.3488 -29.7462 152.68 29.1267 -28.655 152.273 
-25.8034 -14.779 164.131 -27.7067 -11.893 165.586 -29.7052 -11.2209 166.183 
11.0362 0.72852 156.919 -19.8198 -36.2571 163.941 -22.16 -15.0483 163.599 
-25.7637 -12.7991 165.129 -1.11705 -10.2209 159.833 29.7088 -7.70426 155.25 
-33.2785 -10.3508 168.519 -31.6477 -10.7854 167.101 24.5331 -2.81902 155.932 
8.4143 -1.42485 157.157 -15.6451 -34.8938 163.807 -14.2612 -32.8619 162.101 
-38.691 -30.4494 168.346 -39.6202 -28.1255 168.473 16.5299 1.25049 156.232 
-39.6234 -19.1096 168.64 34.0657 -15.4838 154.249 -14.9879 -12.6887 163.496 
-12.8406 -12.1475 163.253 -27.7413 -10.001 166.785 4.43088 -8.35981 159.3 
14.4711 1.4069 157.206 -23.2712 -39.3122 166.121 -29.2619 -38.1756 166.158 
10.6415 -33.6066 157.152 -34.3892 -36.1486 167.662 -12.0108 -32.6428 161.951 
31.8098 -10.5515 154.855 -25.7068 -10.8814 166.181 27.2594 -5.10064 155.591 
-21.5365 -37.833 164.879 -32.7833 -37.6217 167.793 -17.616 -36.5677 164.655 
-13.14 -34.2849 163.807 12.3641 -32.6233 155.613 -1.53825 -32.1359 160.099 
-24.1248 -15.4851 163.659 -23.953 -13.826 164.586 21.6214 -0.900469 155.916 
-9.75564 -32.4607 161.769 34.379 -21.0474 153.06 34.4945 -17.515 154.425 
-20.5102 -13.3744 164.567 -29.8407 -9.51739 167.544 18.0618 0.747396 157.342 
4.30073 -33.3 158.806 21.9386 -30.8223 152.819 20.1294 -30.9599 153.289 
-37.7399 -33.0279 168.843 -6.38529 -11.0408 162.701 -23.7931 -11.9575 165.656 
-31.6058 -9.44514 168.339 9.73254 -0.461392 157.908 -22.3453 -13.0972 164.976 
0.292015 -10.3745 160.999 6.16136 -7.27235 159.673 -25.7772 -9.0147 167.455 
7.74109 -3.18987 158.264 7.20881 -5.37929 159.381 7.30155 -33.7958 157.769 
-31.0225 -38.8676 167.908 33.9061 -23.1648 153.652 -38.7887 -15.2984 169.768 
-28.0519 -8.08111 168.564 19.9514 -0.00635376 156.655 26.0744 -30.3849 154.458 
-6.3419 -32.9855 163.1 -37.0389 -35.1267 169.881 -40.8052 -26.5588 170.096 
-16.5958 -12.4712 164.568 -4.00772 -10.8357 162.261 -1.81077 -10.672 161.766 
5.79611 -33.9637 159.565 -39.9278 -17.2556 170.267 -18.4075 -13.6312 163.736 
-37.5754 -13.5213 169.64 8.93247 -1.97154 159.023 -32.3556 -39.2959 169.667 
-34.3852 -37.8602 169.769 23.759 -30.8288 153.538 -40.2968 -29.044 170.19 
28.4838 -6.40113 156.474 12.4744 0.976524 158.038 -20.965 -39.672 166.682 
15.825 -32.216 156.411 -39.8097 -30.8133 170.475 -38.971 -32.1046 169.981 
-40.6489 -24.1023 169.293 -25.1704 -40.456 167.534 -27.2739 -39.5694 166.906 
-19.2764 -38.1757 165.571 12.4856 -33.4034 157.399 -35.6881 -36.1943 169.149 
33.243 -24.7595 154.364 14.0415 -32.8102 156.918 -10.8391 -33.8564 163.817 
-2.97278 -32.5796 162.082 -40.9269 -19.7728 170.89 -14.4591 -11.7206 165.067 
-10.5024 -11.4508 163.924 -0.235263 -10.9817 163.199 3.95834 -9.93785 161.258 
30.7421 -9.17752 156.198 -23.6984 -10.0826 166.793 -14.0851 -36.1284 165.458 
32.0863 -26.2495 154.107 -30.5255 -8.21914 169.285 25.9172 -3.93509 156.787 
-22.7211 -41.1483 168.325 -29.1528 -40.0123 168.272 8.76596 -34.2586 158.517 
-15.8753 -36.8273 165.416 -8.31849 -33.5378 163.884 -38.7328 -13.8623 171.198 
1.88221 -10.6648 162.145 -36.3351 -11.7436 170.034 8.48987 -3.72948 160.122 
-27.1794 -41.1094 168.954 -17.1098 -38.3313 166.38 30.4019 -27.8853 154.054 
32.6637 -12.222 155.666 -32.6352 -8.82996 169.954 23.0115 -1.77248 157.005 
10.968 0.208078 158.539 -11.9298 -35.468 165.618 -4.51478 -33.1652 163.803 
-38.4599 -33.8312 170.87 34.6406 -19.6371 154.813 -8.33834 -11.1005 164.51 
2.57472 -33.2188 160.824 28.4266 -29.2838 154.192 -18.6893 -11.7817 165.705 
-21.4808 -11.3609 166.093 -37.7778 -12.2621 171.674 29.5831 -7.82297 157.414 
-34.7549 -9.9523 170.569 -29.343 -6.88031 170.68 24.4717 -2.82987 157.937 
-30.6561 -40.2185 169.544 21.8336 -31.3297 155.141 19.5288 -31.5058 155.4 
17.6095 -31.7552 155.813 34.0792 -16.1396 156.261 -25.067 -41.9295 169.649 
11.7329 -34.2814 159.024 10.0924 -34.5893 159.269 -0.93854 -32.8758 162.502 
-39.7992 -15.3782 171.834 -23.7923 -8.2644 168.129 -21.7139 -9.26221 167.553 
-25.7933 -7.31349 169.026 21.2947 -0.76206 157.857 17.4717 0.716337 159.263 
19.4343 0.119296 158.529 16.0194 1.15233 158.228 -36.1651 -36.9796 170.98 
-41.5537 -24.1023 171.335 -41.2034 -22.2454 170.518 -12.1965 -11.2039 165.532 
-2.58278 -11.0935 164.336 -35.122 -38.4654 171.805 -33.4847 -39.6205 171.599 
24.0754 -31.1426 156.022 -40.7961 -30.175 172.425 -41.7629 -26.1294 172.446 
33.4427 -14.1205 156.127 -15.0134 -37.9981 166.959 -39.6978 -32.2929 171.753 
-41.2357 -28.0517 171.734 34.4069 -21.7313 155.37 -33.6012 -8.2583 172.104 
27.2104 -5.16137 157.65 -27.409 -6.61838 170.201 -18.7416 -39.8825 167.435 
-12.9073 -37.2351 167.261 -2.30172 -33.4115 164.91 -4.72359 -10.9893 164.177 
-10.0253 -10.8937 166.196 -19.5455 -10.0212 167.202 -29.1039 -41.3321 170.347 
-9.69852 -34.9285 165.849 0.911639 -33.2064 162.897 31.6487 -10.7694 157.104 
5.85131 -8.79187 160.826 -37.6765 -35.7781 172.039 27.6592 -29.6342 156.241 
32.7308 -25.3793 156.23 -40.8546 -17.4457 172.452 -16.2171 -11.1279 166.243 
-13.9604 -10.6317 166.863 -36.4617 -10.5314 172.188 -21.896 -7.57426 168.955 
-31.5524 -7.42333 171.347 13.6254 -33.7718 158.892 -16.3689 -39.9866 168.635 
-31.2177 -40.9765 171.597 7.2735 -34.546 160.259 -36.485 -37.7871 173.389 
4.22151 -33.8307 161.557 17.4921 -32.416 157.899 29.5479 -28.4311 156.038 
33.7738 -23.6609 155.942 -41.6207 -19.4969 173.326 -41.7587 -21.7613 172.333 
-6.29591 -11.0052 165.377 22.7779 -1.73441 159.18 13.9155 0.984562 159.155 
-10.7837 -36.4645 167.578 31.2802 -26.9759 156.168 -40.5426 -15.6393 174.244 
-11.7596 -10.3938 167.578 -19.8311 -8.35575 168.578 -35.2111 -9.1349 172.748 
-23.8415 -6.69994 169.746 -20.3831 -40.9908 168.324 -13.8612 -39.034 168.922 
-39.1471 -13.3557 173.345 -22.0889 -6.33046 170.369 12.8445 -34.7343 160.849 
20.6227 -31.8839 157.331 18.9154 -31.9898 157.106 -39.1042 -34.2157 172.986 
-0.39611 -33.3635 164.611 34.4207 -18.1517 156.549 30.5771 -9.38772 158.334 
-17.633 -10.3472 167.074 25.8784 -4.00013 158.783 -18.7145 -41.3854 169.45 
-11.7245 -38.0799 169.26 10.7874 -35.1479 161.331 22.5955 -31.6642 157.765 
-15.7811 -9.8216 167.823 -17.734 -9.04671 168.33 11.8142 0.090225 160.008 
5.79731 -34.4041 162.236 25.8391 -30.5519 157.063 -7.76824 -34.5608 166.07 
-6.20783 -33.8317 165.091 -42.0971 -23.8183 173.441 3.51007 -11.12 163.182 
7.33579 -7.2862 160.819 8.45547 -5.61176 161.183 -37.745 -11.2243 173.827 
-36.2813 -9.52683 174.282 -25.7687 -5.97437 170.915 10.1816 -0.884244 159.619 
-21.0532 -42.154 170.015 -27.0525 -42.3506 171.104 -34.6161 -39.5496 173.445 
8.85041 -34.9842 160.853 2.60716 -33.6148 163.629 1.01677 -33.5373 165.51 
5.56769 -10.3407 162.372 20.7428 -0.613902 159.737 15.4091 0.858649 160.14 
-23.1986 -42.4767 170.372 15.7005 -33.1554 158.858 33.3739 -14.9418 158.154 
33.9435 -16.7902 157.957 1.40977 -11.4639 164.26 -13.593 -9.56912 168.684 
28.3807 -6.49878 158.567 -20.1702 -6.85675 170.11 9.57294 -2.36017 160.795 
4.27692 -34.0077 164.332 -41.7287 -28.1141 173.72 34.4133 -20.203 157.119 
32.4414 -12.6369 158.158 -30.3541 -6.24819 172.843 -27.9055 -5.67589 172.389 
-8.42488 -35.7922 168.115 -4.31025 -34.0115 166.319 28.7294 -28.7576 157.688 
-40.3407 -32.3944 173.968 -41.3792 -30.2645 175.333 -42.0631 -21.5083 174.524 
-41.3544 -17.7321 174.305 -0.597866 -11.616 165.541 -24.8444 -43.0331 171.768 
-32.7309 -40.8916 173.494 33.1635 -24.1651 158.231 -42.1683 -25.8801 174.61 
18.8256 0.146731 160.369 34.0166 -22.248 157.743 -4.33987 -11.1937 166.196 
-18.0149 -7.57409 169.859 9.37716 -4.04927 161.849 27.1313 -5.24258 159.683 
-32.3744 -6.95544 173.531 -19.3403 -42.6658 171.585 30.2087 -27.5323 158.149 
-7.95673 -10.8605 166.992 -9.68939 -10.4102 168.505 29.4613 -8.01714 159.524 
-16.9093 -41.7264 171.018 -42.2333 -23.6236 175.604 31.3893 -10.8858 158.973 
-15.6319 -8.39209 169.694 24.4948 -2.94873 159.869 10.6262 -1.21018 161.107 
7.41503 -34.9078 162.807 24.3737 -31.1786 158.455 8.73077 -7.53772 162.2 
9.62106 -5.88051 162.746 -16.5645 -7.07608 171.133 -23.618 -5.41157 171.857 
-21.0274 -5.62017 171.804 -2.51708 -34.0371 167.852 -5.94538 -11.1115 167.728 
-11.5301 -9.64773 169.594 -34.3966 -7.95264 174.548 -28.9637 -42.3866 172.591 
-14.699 -40.6644 170.755 9.14341 -35.2678 163.323 27.2522 -29.615 158.421 
7.34348 -9.07251 161.997 -39.8634 -13.8071 175.33 20.0738 -0.481881 161.57 
-22.1666 -43.2895 172.299 -38.2463 -36.0727 174.264 5.30071 -11.8942 164.307 
-13.2792 -8.63836 170.549 19.2987 -32.4055 158.945 -6.21325 -34.7692 167.371 
16.3648 -33.6929 161.106 17.707 -33.0283 160.129 -39.5837 -34.3906 175.12 
31.8355 -25.9337 158.412 -42.0055 -27.7963 175.958 -7.47283 -10.8521 169.661 
-38.8112 -12.0973 175.51 -25.7945 -5.08768 172.822 10.8895 -35.4324 163.989 
-9.90026 -37.1911 169.43 -0.672915 -33.6585 166.839 -41.7589 -19.309 175.494 
8.95815 -9.46944 163.13 16.8437 0.540679 161.125 12.2006 -35.3342 162.665 
-42.1551 -25.5863 176.734 -42.0317 -23.6766 177.435 10.4165 -2.54875 162.619 
11.6662 -0.756401 162.05 -26.7231 -43.3081 173.361 -30.7611 -42.1162 174.029 
-2.44212 -11.6973 167.008 7.33403 -10.788 163.323 -18.4582 -6.14589 171.826 
13.368 0.378647 161.102 14.8279 0.433564 162.026 5.97259 -34.3904 164.888 
14.7481 -34.1721 160.913 2.6863 -33.6228 166.409 3.00246 -12.1297 165.151 
10.3382 -7.99541 163.731 21.2391 -32.1645 159.591 -4.40584 -34.7054 168.854 
25.7924 -30.4395 159.106 25.82 -4.08517 160.767 23.3407 -2.18916 160.836 
-28.5085 -43.272 175.207 -12.5916 -39.669 171.048 -37.3126 -37.6537 176.097 
-40.6243 -32.6533 176.242 33.3456 -22.6689 160.033 33.3319 -16.4322 159.972 
-41.248 -17.1914 176.087 1.07322 -12.3373 166.4 21.8768 -1.32468 161.066 
-15.294 -41.9142 172.79 -8.24981 -36.9085 170.679 28.7398 -28.339 159.653 
33.8824 -20.6144 159.405 34.0248 -18.505 158.684 31.6596 -11.9937 160.462 
30.5214 -9.87976 160.549 28.2755 -6.62488 160.619 10.6593 -5.87687 164.191 
-35.5546 -39.2846 175.361 -36.0098 -39.1659 177.147 7.70855 -34.7427 165.344 
19.6607 -32.7837 161.487 -41.8936 -21.4222 177.016 -4.10364 -11.668 168.475 
-37.4464 -10.3033 175.932 -6.34915 -35.6462 169.758 26.8283 -29.5071 160.896 
-41.7232 -29.2123 177.34 -0.715221 -12.4996 167.844 10.121 -4.39967 163.279 
0.948525 -33.501 168.151 -5.49718 -11.48 169.627 -40.5515 -15.1474 176.589 
-9.72783 -9.88221 171.079 -35.8708 -8.70556 176.366 -32.1662 -41.7051 175.181 
-33.7788 -40.6708 175.238 -29.3514 -5.36557 174.676 -31.1555 -6.0184 174.649 
-17.545 -42.8738 173.233 -41.4631 -18.8764 177.668 -24.5245 -4.51636 174.204 
12.9647 -0.291517 163.024 -22.1021 -44.0869 174.884 -24.3762 -43.8398 174.031 
-13.5206 -40.9432 172.494 -10.2718 -38.4817 171.543 23.1025 -31.6601 160.155 
17.6992 -33.5419 162.493 4.48516 -33.6981 167.019 -39.7666 -34.4902 177.183 
4.24909 -12.9262 165.958 10.3588 -10.0702 164.129 -39.6399 -13.1967 177.104 
-16.2376 -6.29607 172.887 -22.2081 -4.67116 173.74 -19.9589 -43.5996 173.81 
-38.7762 -35.9117 176.149 -41.221 -31.0823 177.721 9.14491 -11.284 164.173 
-2.42114 -12.5961 169.353 -11.6345 -8.9785 171.288 -14.7757 -7.44412 171.719 
32.5976 -14.0475 160.149 7.52948 -12.4443 164.817 -19.892 -4.98628 173.609 
18.1733 0.0934972 162.212 24.4462 -3.03519 161.726 -17.8048 -5.30348 174.08 
-11.6346 -40.2064 173.624 -2.74219 -34.2787 170.516 33.4218 -18.8095 160.857 
32.6352 -15.2745 161.561 27.0334 -5.34113 161.705 -26.9231 -4.68151 174.926 
-26.0262 -44.0012 175.684 13.8308 -34.9527 162.881 30.5281 -26.6013 160.691 
9.27105 -12.8198 165.301 5.95088 -13.436 166.058 -38.4473 -11.3336 177.544 
-12.893 -7.98233 172.429 21.7549 -32.1665 161.863 8.07417 -14.197 166.517 
29.3255 -8.20161 161.599 -32.58 -6.54371 175.748 19.4071 -0.427381 163.397 
-13.6678 -41.6866 174.464 -34.5135 -40.3901 177.073 24.8336 -30.8133 160.747 
-40.5762 -32.9114 178.052 32.8063 -17.0655 162.166 2.68564 -13.2275 167.055 
10.894 -3.85769 164.609 -20.986 -4.25867 175.494 -32.6313 -41.6473 176.903 
-6.42052 -36.3342 172.202 -4.58396 -35.1675 171.362 -0.893596 -33.7175 169.483 
32.2827 -24.6197 160.503 -40.9241 -16.6718 178.227 10.9411 -11.7692 165.276 
11.6102 -9.63246 165.01 11.5774 -7.5342 165.169 11.327 -5.72699 165.419 
-14.314 -6.7962 173.772 -12.472 -7.60716 174.384 11.5395 -1.70594 163.927 
16.2339 0.287692 162.948 6.12599 -14.9961 167.724 4.3685 -14.1424 167.455 
-5.93742 -11.7394 171.455 -23.7816 -44.3506 176.468 -18.2456 -43.6396 175.458 
-15.8563 -42.7964 175.017 12.637 -35.303 164.663 31.8788 -13.5975 162.344 
-39.2343 -12.5909 179.04 -40.2019 -14.5541 178.633 28.1595 -6.78864 162.674 
22.9414 -2.05086 162.379 -30.6919 -42.6033 176.259 -8.21907 -37.7234 173.034 
9.47121 -34.9866 165.831 28.6612 -27.9677 161.886 -34.1369 -7.31721 177.024 
23.5079 -31.3834 162.523 -30.7073 -5.54567 176.469 6.3241 -33.8505 167.38 
-41.3112 -29.2907 179.514 10.3145 -13.8103 166.491 0.958992 -13.5122 168.452 
-7.75087 -10.8466 172.301 14.38 -0.0137967 163.852 15.8377 -34.3146 163.316 
20.6454 -32.5972 163.37 2.78104 -33.0105 169.309 -40.7104 -31.909 179.641 
32.5619 -23.0194 162.171 31.3099 -25.0033 162.916 33.1793 -20.9823 161.586 
32.7073 -19.2044 162.993 -41.2828 -20.4869 179.258 2.71216 -14.6716 168.884 
30.9626 -11.3406 162.365 -11.1084 -8.77446 172.916 25.6814 -4.14129 162.772 
-23.2069 -4.06611 175.894 -38.5378 -36.3224 178.221 7.69648 -15.8983 168.332 
9.41534 -15.2482 167.676 4.52931 -15.7035 169.082 6.08354 -16.3217 169.105 
-4.14569 -12.3781 170.632 11.6343 -2.53333 165.756 -19.1497 -4.58585 175.245 
-28.8659 -43.4686 177.685 -30.9565 -42.6003 178.709 19.1341 -33.1621 164.043 
30.1096 -9.66936 162.47 -37.0198 -9.62554 177.988 -25.2074 -44.3551 178.064 
-27.1184 -43.9727 177.181 11.2701 -35.0325 166.386 22.0695 -31.9807 164.097 
-0.713869 -13.7698 169.96 11.4929 -4.62435 166.369 -28.6632 -4.78865 176.818 
21.2472 -1.14148 162.848 20.6273 -1.02016 164.635 -20.2796 -44.1167 175.753 
-21.576 -44.4074 177.207 4.95206 -32.8322 169.391 32.2628 -15.558 163.003 
1.04548 -15.0259 170.281 12.0898 -12.7896 166.877 -2.51399 -14.019 171.733 
12.386 -10.9837 166.097 -15.883 -5.68466 175.06 -21.7788 -3.87581 177.631 
14.4595 -34.8512 165.248 -36.9216 -38.2759 178.492 25.4162 -30.1718 163.308 
29.2202 -8.56024 163.819 -32.1863 -6.12774 178.232 17.4507 -0.0167832 164.032 
-14.1467 -42.3737 176.775 -39.7136 -13.8337 180.253 -25.1739 -4.12338 176.142 
-26.644 -4.22814 177.422 13.1044 -34.8204 166.982 0.70145 -33.0112 170.716 
-1.20528 -33.2214 172.356 -3.1256 -34.2475 173.109 -39.8265 -34.1644 179.224 
-40.9274 -18.3112 179.771 17.4516 -33.8287 164.955 -37.6975 -37.298 179.966 
12.5389 -9.0927 166.311 -37.9707 -10.7751 179.558 -19.5875 -4.18152 177.028 
-9.66624 -39.0001 173.872 8.12387 -34.0276 167.749 7.05606 -17.3331 170.001 
12.0514 -6.8441 166.518 -33.9135 -7.06364 178.862 -35.4225 -8.15526 178.418 
12.7356 -0.927877 164.879 22.4227 -1.88113 164.148 -16.6183 -43.4285 177.594 
9.92652 -34.1585 168.174 -4.84952 -35.4198 173.883 29.894 -26.7141 162.866 
32.0548 -17.1834 164.323 15.7132 0.0416514 164.493 -8.30449 -38.329 175.345 
27.2367 -28.8987 163.07 2.89911 -16.5812 170.732 -24.3015 -3.88457 178.205 
14.2611 -0.398685 165.577 -6.59952 -36.8543 174.612 5.06428 -17.2934 170.442 
-4.61458 -13.1239 172.749 -9.38728 -9.78583 173.555 12.7879 -8.33515 167.795 
-36.4379 -9.11924 179.976 -29.88 -5.10395 178.585 11.3228 -14.7577 168.289 
1.11219 -16.4796 171.652 -0.459545 -15.4246 171.693 -6.35495 -12.1212 173.632 
-10.7982 -8.62178 174.924 18.6864 -0.435719 165.208 -35.2668 -39.8208 178.863 
20.5415 -32.5733 165.397 -38.7977 -35.6225 180.515 -40.3158 -15.9382 180.522 
-26.846 -44.052 179.444 -33.331 -41.2538 178.863 18.8753 -33.1926 166.531 
24.1346 -2.96677 163.607 -5.28793 -35.6952 176.286 16.0208 -34.3508 165.793 
26.9037 -5.45231 163.697 -17.6417 -4.78226 176.181 -28.0654 -4.49916 178.657 
-28.8792 -43.482 179.614 23.698 -31.0732 164.957 25.1184 -30.1387 165.717 
9.36603 -16.6174 169.44 30.2686 -10.5482 164.022 27.9484 -6.87845 164.672 
-12.0093 -41.115 176.271 11.7523 -34.1979 168.602 28.5407 -27.7266 163.993 
-13.8104 -6.4518 176.191 -32.8831 -6.5611 180.37 -19.3061 -44.1362 177.559 
32.4 -21.395 163.622 1.96829 -18.1232 172.47 31.0335 -12.5786 164.225 
-7.9095 -11.0213 174.634 -34.7225 -7.71567 180.273 16.3761 -0.224273 165.937 
18.1389 -0.508996 166.96 -10.0612 -39.7414 175.833 8.67791 -32.8592 169.918 
3.68566 -31.7455 171.325 -5.30702 -13.7588 174.866 13.3704 -34.1245 168.93 
3.9506 -18.6532 172.005 -40.7312 -19.8335 180.935 13.064 -10.9509 167.685 
-6.78665 -12.5566 175.856 12.6976 -1.46581 166.678 17.1028 -33.782 167.45 
10.5396 -33.0014 170.255 22.122 -31.7518 166.477 0.578958 -31.931 172.881 
-2.18658 -32.9991 174.637 5.63525 -31.4784 171.307 6.84822 -32.803 169.602 
-40.5851 -30.5372 181.541 -40.3556 -18.1317 181.808 25.4832 -4.22556 164.953 
11.8276 -3.28949 167.48 2.00071 -32.1705 171.529 29.9314 -26.203 164.71 
31.8974 -23.2217 163.953 31.627 -14.7793 164.385 -3.59255 -14.9826 174.007 
-38.7498 -12.1971 180.96 26.864 -5.65851 165.342 23.6252 -2.78026 165.455 
-41.2937 -26.6397 180.2 -41.0616 -24.2097 180.631 -41.7368 -25.0665 178.73 
11.401 -15.9997 170.308 15.0346 -34.2666 167.863 -3.61491 -33.9235 175.891 
26.8249 -28.9592 165.276 8.24107 -18.5632 171.352 0.130583 -17.3288 172.931 
-40.8415 -21.8282 180.891 -1.71836 -16.2147 173.366 29.6211 -9.75847 165.337 
-39.4162 -14.0151 181.964 12.0393 -5.81519 168.033 -30.8369 -5.58245 180.452 
-36.1667 -38.7646 180.832 5.99962 -18.8052 171.585 12.7895 -13.1067 168.37 
-22.9831 -44.5138 178.932 -25.7975 -44.0836 181.623 -24.4386 -44.3697 180.509 
-6.9288 -37.2818 176.992 -0.889196 -31.6848 174.663 -39.7739 -33.2699 181.479 
-28.4512 -4.7469 180.623 -26.3802 -4.1607 179.593 30.9735 -24.3908 165.217 
31.9042 -19.687 165.057 31.3444 -15.9546 165.864 -17.8755 -4.45565 178.323 
20.0491 -0.969359 166.389 21.8635 -1.72903 165.907 31.3139 -17.9184 166.426 
12.6503 -14.0933 169.89 30.2323 -11.4436 165.764 -38.097 -12.0148 183.13 
-11.977 -7.58695 176.107 14.3569 -0.707597 167.342 -32.0619 -41.8936 180.773 
20.4425 -32.4034 167.778 31.4637 -22.1579 165.689 -40.6071 -25.5577 182.166 
23.9159 -30.6564 167.656 4.41812 -29.831 172.974 -37.3272 -10.3558 181.536 
-15.8583 -5.24814 177.324 -22.241 -3.82854 179.869 -20.706 -44.3889 179.506 
28.4718 -27.4326 166.126 0.783632 -19.4161 173.929 2.76432 -20.216 173.459 
-40.3782 -23.1284 182.455 -9.31629 -9.82889 175.789 -8.08441 -11.3122 176.918 
-27.7153 -43.6751 181.374 -34.1432 -40.5306 180.765 -37.6157 -36.9083 181.823 
6.3649 -30.061 172.603 7.48866 -31.3533 171.482 31.074 -20.1741 167.086 
-1.03184 -18.3733 174.465 -2.91655 -17.2889 175.375 -20.0306 -3.98412 179.149 
-18.3319 -43.9715 179.769 -14.6389 -42.7704 178.734 2.30002 -30.8431 172.981 
-39.8383 -31.4753 183.329 -4.56305 -15.641 176.007 -35.6183 -8.69367 181.855 
-34.6659 -39.7231 182.719 -8.64636 -38.8403 177.654 -38.6626 -35.1613 182.308 
-40.7791 -28.0221 181.779 -40.2073 -20.5145 182.744 30.7838 -13.8056 166.252 
28.7076 -8.33207 165.887 26.2211 -5.23549 166.723 -29.877 -42.95 181.037 
25.8412 -29.4533 167.47 -0.653352 -20.5321 175.456 13.1534 -9.63865 169.3 
11.8509 -4.04772 169.136 -32.869 -41.0916 182.593 -12.2273 -7.2317 178.176 
-24.3411 -3.97082 180.738 -38.9456 -33.6864 183.66 -40.202 -29.1589 183.437 
5.01433 -20.7569 173.115 6.8652 -20.0715 172.531 -2.04015 -19.3498 175.916 
-4.19762 -17.3045 176.995 -39.8036 -16.1059 182.849 12.6295 -7.64616 169.099 
-9.29965 -9.9996 178.007 -33.7374 -7.33922 182.064 12.7216 -1.95453 168.677 
24.6958 -3.781 166.813 -14.1971 -5.92232 178.631 -16.1137 -5.01289 179.557 
-22.1627 -44.3578 181.34 14.3947 -33.4447 170.323 -36.2033 -38.0392 183.276 
18.6536 -32.895 169.333 9.35995 -31.3938 171.783 -23.8938 -44.013 183.102 
-12.6012 -41.6904 178.886 8.06325 -29.3368 173.124 -5.95643 -14.3393 177.012 
13.2713 -11.9479 169.608 -17.4876 -43.6002 181.898 -19.8009 -44.1027 181.734 
-16.0848 -43.3245 180.086 -10.4757 -40.2934 178.209 -4.52156 -34.5215 177.831 
29.7055 -25.6545 167.043 30.6383 -23.7943 166.911 10.1474 -17.5213 171.013 
30.6229 -15.982 167.742 12.4518 -33.2189 170.478 22.0045 -31.5299 168.908 
0.699921 -30.2549 174.483 3.42327 -22.525 174.232 -39.7984 -18.2496 183.885 
23.0849 -2.59424 167.143 -29.6498 -5.40126 182.411 16.4169 -33.4086 169.889 
20.4693 -32.1176 169.815 2.47069 -28.88 174.232 -38.9677 -14.2168 183.947 
27.5431 -6.76658 166.482 -31.7396 -6.25261 182.245 -18.1953 -4.40261 180.485 
1.21993 -21.9094 174.898 29.3226 -9.98528 166.921 -36.3841 -9.90486 183.428 
-27.8118 -4.84498 182.572 16.3031 -0.45541 167.911 -5.7714 -35.9272 178.587 
-39.6333 -30.1621 184.788 -39.972 -24.2915 184.034 12.579 -15.025 171.763 
12.0588 -6.19113 169.853 -34.5576 -8.34429 183.668 -26.2719 -4.36127 181.719 
-37.5731 -35.911 184.04 -2.29865 -31.5394 176.865 -3.64242 -32.7643 178.552 
27.2546 -28.3909 167.296 6.85142 -21.8754 173.557 29.8854 -11.9898 167.537 
-7.15105 -13.0403 178.124 -10.6532 -8.57603 176.983 -13.0705 -6.55411 179.959 
-22.4309 -4.0875 182.092 15.4358 -32.5965 172.048 -40.1537 -26.7494 183.77 
30.5822 -22.265 167.898 -3.37144 -19.0131 177.168 -36.8425 -11.145 185.005 
12.0548 -2.95271 170.191 17.9179 -0.619932 168.438 -14.1509 -42.4828 180.646 
-30.8132 -42.2011 182.792 11.3296 -31.7673 172.011 26.8078 -28.368 169.169 
25.1644 -29.5538 169.685 6.08351 -28.2127 173.644 -8.2325 -11.6569 179.22 
10.2237 -29.8864 173.278 9.36344 -27.6138 174.171 28.2549 -27.1642 168.299 
-39.5595 -28.0631 185.603 5.33532 -23.3277 174.072 30.1917 -13.8484 168.039 
11.6966 -4.64862 170.823 21.3985 -1.69158 167.66 19.5719 -0.999049 168.098 
-10.9675 -40.5892 180.608 -0.800203 -29.7302 176.167 4.20544 -27.4021 174.17 
0.760473 -28.168 175.482 -39.0242 -31.9896 185.184 30.5593 -18.4313 168.346 
30.2545 -20.5051 169.052 -5.3213 -16.2345 177.98 -32.6008 -7.12516 183.893 
-20.3526 -4.09926 181.298 -24.3988 -4.33262 182.934 -9.14655 -39.219 180.019 
2.07835 -24.2593 175.066 8.4328 -20.4576 172.963 12.6234 -8.31875 170.602 
26.9415 -6.49391 168.143 -34.6296 -38.9937 184.801 2.38988 -26.6009 174.933 
29.8664 -24.1766 168.633 -2.33384 -21.2582 177.325 -39.8737 -22.1889 184.059 
9.98922 -18.9068 172.397 11.5735 -17.1773 172.278 13.1213 -12.8655 171.447 
24.122 -3.50038 168.115 -26.335 -43.6365 183.336 -28.5939 -43.0582 183.104 
13.3597 -32.2522 172.121 23.3847 -30.5474 170.38 5.7155 -25.8134 174.233 
3.90218 -24.9681 174.523 0.522359 -23.9291 175.827 -0.6973 -22.755 176.404 
14.6234 -0.871957 169.188 -16.4273 -5.08918 181.752 -33.3876 -40.2885 184.158 
-4.79069 -34.206 179.849 21.5446 -31.3277 171.221 -0.745624 -27.4118 176.881 
7.52869 -26.7303 174.104 29.0237 -25.7518 169.123 -10.536 -8.69338 179.168 
0.705494 -25.8977 175.874 7.1174 -24.2323 174.199 -4.67934 -18.1872 178.614 
-30.4997 -6.16916 184.113 17.535 -32.5283 171.818 -0.764154 -25.0511 176.93 
8.58693 -22.6426 174.044 -39.5964 -20.3534 184.97 -39.2167 -16.2616 184.962 
13.091 -10.5758 171.109 11.9029 -6.7495 171.668 13.215 -1.68043 170.813 
22.841 -2.69457 168.759 -28.3431 -5.39961 184.127 -26.3226 -4.78239 183.699 
-7.38775 -37.6113 179.389 -3.93958 -20.2857 178.987 -39.1936 -18.3507 185.997 
-14.526 -5.7766 180.786 -18.5339 -4.64987 182.631 12.2129 -30.5722 173.496 
28.2332 -8.28143 167.702 25.4735 -4.79702 168.233 -15.5655 -42.9743 181.93 
-12.5848 -41.5863 181.237 13.0276 -13.793 173.375 -31.6696 -41.2456 184.508 
-6.21961 -35.9151 181.169 -8.05946 -37.9265 181.812 -35.9691 -37.2772 185.448 
19.6023 -32.0181 171.644 -2.00605 -28.927 178.056 -2.08569 -23.8891 178.075 
-39.5423 -25.3865 185.761 28.8441 -10.3206 168.854 29.4909 -12.6668 169.176 
-3.04174 -30.3599 179.449 -38.0151 -12.7819 184.894 -32.6394 -39.8604 186.248 
11.2121 -28.4596 174.444 10.5436 -26.0461 174.895 -9.31342 -10.2228 180.22 
11.9197 -3.20476 171.829 24.5675 -29.3589 171.991 8.84881 -25.1201 174.474 
-1.98435 -26.3981 178.368 -2.99802 -25.1107 179.85 29.715 -22.5057 169.895 
10.3048 -20.8625 173.921 -39.3796 -22.6717 186.026 -6.42153 -14.9422 179.2 
-11.7476 -7.60806 180.533 -35.1705 -9.49424 185.248 26.0598 -6.0515 169.856 
21.0122 -1.82639 169.642 -21.2377 -43.9249 183.565 -13.9921 -42.0317 183.06 
-29.5178 -42.199 184.824 10.2523 -23.5142 174.746 16.3588 -31.5768 173.792 
-38.9895 -20.331 187.103 27.6172 -8.13658 169.417 -33.3163 -8.15821 185.489 
16.731 -0.685688 169.781 14.2518 -31.2316 173.692 -38.033 -32.2957 187.165 
-38.0019 -34.0349 185.629 -2.86858 -27.726 179.918 -38.9374 -30.206 186.532 
-3.34129 -22.6039 179.422 11.2686 -18.8929 173.421 -27.2541 -42.8785 185.136 
18.4845 -31.4897 173.706 27.8419 -26.5903 170.631 -7.38788 -13.5302 180.411 
-38.3227 -14.3567 185.897 15.0415 -0.894494 170.742 -16.4078 -42.9185 183.707 
11.8202 -24.556 175.557 11.7578 -22.093 175.26 -5.08312 -19.0621 180.543 
-4.42363 -21.2642 180.94 12.7591 -15.8995 173.702 12.931 -11.5766 172.997 
24.3964 -4.06908 169.415 18.8578 -0.998744 169.682 12.3859 -17.8544 174.201 
-8.41086 -11.9033 181.683 -13.0867 -6.75078 181.873 -31.3403 -7.11387 185.716 
-9.87668 -39.508 182.36 -34.3481 -38.0926 186.938 -36.9031 -35.6616 186.05 
-38.9131 -24.2687 187.817 29.8939 -18.963 169.977 -5.76064 -16.9581 180.013 
29.801 -14.8135 169.462 11.4623 -5.07646 172.687 -11.7645 -40.796 182.881 
-4.08119 -31.955 181.153 20.7169 -30.8642 173.64 28.9689 -24.4975 170.541 
-38.3665 -16.485 187.329 12.3835 -9.12042 172.701 -8.97023 -38.2745 184.078 
13.0971 -29.3227 174.807 -38.9821 -26.5044 187.564 12.0161 -19.8389 174.763 
29.4335 -20.5807 170.939 29.9132 -17.0403 169.749 -38.6032 -18.6226 187.831 
-20.6389 -4.49583 183.452 -26.7161 -5.45074 185.566 -35.691 -36.2968 187.4 
12.2454 -27.0266 175.42 -38.7976 -28.5055 187.616 -22.6446 -4.60116 184.282 
-5.07643 -33.9893 181.707 26.2239 -28.1867 171.342 28.8301 -22.6128 171.828 
-14.8052 -6.00635 182.977 -18.7971 -43.552 183.759 22.7894 -30.2582 172.725 
28.8021 -11.6537 170.255 -37.1119 -12.495 186.46 -35.5713 -10.782 186.794 
-18.9456 -5.11449 184.708 18.0129 -0.982208 171.03 -24.6395 -4.92652 185.031 
-24.9355 -43.3036 185.291 -28.2466 -41.8823 186.815 -3.54111 -29.0566 181.543 
-6.64915 -15.5703 181.401 11.5687 -7.08401 173.652 22.976 -3.17822 170.41 
-22.5531 -43.4432 185.396 17.2948 -30.189 175.603 15.0759 -29.9866 175.199 
-10.4142 -8.99992 181.398 -36.9073 -34.3826 187.481 -3.88159 -23.6515 181.373 
-3.54088 -26.2911 181.635 19.6977 -1.53767 171.282 -10.8032 -39.6733 184.607 
-30.3993 -41.1235 186.469 29.1786 -15.8096 171.216 -11.6886 -8.00924 182.812 
-31.9119 -8.18461 187.288 -28.9856 -6.29365 186.055 -20.1177 -43.2481 185.544 
-15.1612 -41.9285 185.449 -5.80154 -34.7535 182.964 29.1399 -18.2893 171.632 
13.2813 -16.7957 175.636 11.8912 -8.92789 174.807 -7.17102 -36.353 183.802 
13.9742 -27.9497 175.982 13.1981 -18.8087 175.891 29.0347 -13.5556 170.781 
28.0691 -9.99257 170.606 24.5651 -4.74064 170.933 23.8289 -28.9387 174.168 
-37.86 -30.2678 188.819 13.1648 -23.2884 176.387 -5.93749 -17.7155 182.103 
13.2374 -14.795 175.336 12.7269 -2.10588 172.995 11.5794 -3.6191 173.827 
14.4657 -1.19552 172.323 -17.6367 -42.7231 185.63 -25.9763 -42.3599 187.149 
13.3722 -25.6742 176.34 -33.7975 -9.33922 187.076 -30.2211 -7.3104 187.284 
16.3962 -0.906585 171.69 26.9175 -26.5026 172.844 13.1319 -20.9553 176.183 
-38.147 -20.0633 189.249 11.1532 -5.41997 174.662 -16.8341 -5.43632 183.912 
-38.033 -27.5989 189.58 -38.4112 -25.5087 189.199 -9.4271 -10.3188 182.057 
26.9827 -8.12391 171.062 18.1587 -1.3987 172.82 25.508 -27.8932 173.435 
-38.5905 -22.1154 188.516 28.2692 -11.9969 171.68 -12.8541 -40.8981 185.063 
-5.24416 -19.9007 182.528 12.9267 -12.5471 175.129 12.4958 -10.576 174.291 
-37.2845 -14.1668 187.842 -22.9688 -5.34292 186.432 -8.34424 -37.1208 185.555 
-4.94068 -32.8655 183.261 -4.21093 -30.3585 183.343 -7.48265 -14.0286 182.67 
25.7162 -6.48428 171.637 -34.1367 -10.711 188.611 23.2445 -3.95692 172.044 
-28.4321 -7.04583 188.055 -27.0644 -6.17871 187.158 21.5664 -2.56021 171.612 
-23.6606 -42.6566 187.262 28.0232 -24.6646 172.416 28.5645 -20.518 172.797 
19.2559 -30.4775 175.205 -3.9266 -27.6054 183.402 28.5725 -16.7098 172.725 
-37.7211 -17.9739 189.448 -37.1131 -15.8455 189.409 -35.8531 -12.2769 188.263 
11.2689 -7.18381 175.629 -10.2886 -9.6487 183.728 -13.3087 -7.1598 184.129 
-30.8701 -39.9186 188.227 -32.6219 -38.5185 188.545 28.3229 -14.4737 172.681 
13.3646 -13.9204 176.748 27.3979 -10.1551 172.229 11.0369 -5.75782 176.366 
-25.1356 -5.73178 186.982 -21.3336 -42.6607 187.313 -9.83263 -38.3143 186.155 
-36.7894 -32.7582 189.088 28.2028 -18.5064 173.599 -17.463 -5.92181 185.935 
26.1028 -26.3642 174.487 14.1202 -17.9235 177.377 22.2162 -29.7432 174.634 
-4.18543 -24.6582 183.555 27.9068 -22.6298 173.657 -4.6332 -22.1114 182.897 
13.9351 -15.7367 177.485 -8.34402 -12.5557 183.926 13.9223 -1.57271 174.253 
-13.9323 -40.698 187.171 15.7497 -28.4663 176.573 27.6276 -20.5821 174.575 
-9.0948 -11.0794 183.312 24.5291 -5.33806 172.286 -32.2466 -9.45216 188.889 
-15.2886 -6.45735 185.181 12.2967 -2.60435 175.065 -20.9394 -5.11018 185.582 
15.91 -1.19158 173.525 14.6492 -24.7027 177.306 27.0386 -24.6921 174.25 
-11.8873 -8.52827 185.102 -18.9663 -42.341 187.377 -5.99213 -34.1912 184.733 
-35.5439 -34.8955 189.144 20.7451 -29.6289 175.802 -37.529 -21.8324 190.794 
-36.7663 -19.6036 191.504 12.3512 -10.6554 176.002 26.3583 -8.34407 172.667 
-34.4034 -12.3016 190.048 25.1607 -6.79302 173.168 11.3185 -4.17937 175.865 
20.2793 -2.26038 172.996 -35.3243 -33.2889 190.805 14.769 -26.703 176.917 
11.7222 -8.87683 176.747 -16.4239 -41.5375 187.642 -29.1843 -40.8825 188.079 
22.5938 -28.2799 176.29 14.4334 -22.317 177.428 -38.0689 -23.8 189.959 
-6.68216 -16.2636 183.805 27.5592 -12.3235 173.33 -32.6014 -10.9578 190.378 
17.3356 -28.5642 177.099 -37.4646 -25.6453 191.046 14.251 -20.0358 177.386 
-5.19603 -20.8183 184.486 -13.7905 -7.84176 186.588 -26.1276 -6.85777 188.819 
-27.1359 -41.0277 189.017 -34.1575 -36.8213 188.943 24.701 -27.267 175.396 
-36.4196 -31.1663 190.763 -30.059 -8.30641 189.014 -24.6466 -41.5724 189.085 
18.9315 -29.2688 176.698 26.8537 -22.7492 175.405 -5.84832 -18.6685 184.183 
-35.9825 -13.9349 189.67 11.3187 -7.14498 177.486 -19.373 -5.64213 186.435 
-11.7692 -39.5624 186.757 15.9761 -23.9536 178.343 16.3651 -26.559 177.751 
15.2805 -19.321 178.744 15.3576 -1.59087 175.386 -37.0998 -29.2642 190.738 
27.3866 -14.3777 174.504 26.5537 -10.3971 174.012 21.948 -3.47594 173.312 
-21.0161 -6.05598 187.809 -5.13457 -31.6822 185.432 -4.40269 -28.9213 185.161 
25.66 -25.0494 176.053 -4.71662 -22.6895 184.627 -35.8848 -15.4371 190.892 
-7.24623 -35.444 186.11 -7.5701 -14.3812 184.783 -6.99246 -15.9406 185.681 
-18.4896 -6.45345 187.757 20.4376 -28.1588 177.488 -4.30351 -26.4483 185.275 
13.0094 -12.319 177.258 -29.1378 -39.827 189.721 15.089 -17.275 179.036 
25.6875 -8.42715 173.991 -23.5811 -6.31049 188.454 19.2213 -2.35271 174.565 
-18.1598 -41.3805 188.977 -20.1338 -41.6772 189.056 -30.8693 -38.5737 190.133 
-32.4683 -37.034 190.524 -36.7047 -27.6211 191.86 15.5819 -21.5521 178.57 
27.2647 -18.5855 175.304 27.8118 -16.5106 174.182 12.4228 -10.51 177.885 
11.4849 -5.25923 177.91 17.2883 -1.68105 174.786 -33.9949 -35.2762 190.727 
-30.6595 -9.88183 190.644 -16.1816 -6.9696 187.263 -6.25362 -33.5617 186.523 
26.5921 -20.7644 176.259 -6.34145 -17.6932 185.858 26.8822 -12.5419 174.723 
-9.375 -11.2402 185.087 11.951 -8.81828 178.539 -10.7319 -10.0378 186.147 
-27.9648 -7.80089 189.568 12.1315 -3.36209 177.093 -16.5733 -40.407 189.816 
-22.3696 -41.7655 189.096 -8.51173 -12.9545 185.974 -32.8874 -12.6249 191.705 
23.5717 -5.2844 173.751 20.7779 -3.15662 174.418 -8.7435 -36.597 187.356 
23.8261 -26.3164 177.213 25.6694 -22.911 177.072 -34.5475 -14.086 191.376 
21.9472 -4.52713 175.018 -15.1872 -8.19002 188.719 -19.6742 -7.18587 189.542 
-14.84 -40.3168 188.862 18.4524 -27.5536 177.977 -34.8668 -31.634 192.431 
-4.61574 -24.1626 185.852 -12.1398 -9.13687 187.002 13.5525 -2.16419 176.247 
-10.5883 -37.8955 188.201 -5.67614 -19.8554 186.25 26.753 -16.3912 175.992 
-36.4189 -17.2342 191.156 24.5655 -7.38864 174.729 23.1351 -6.40109 175.663 
-5.09125 -29.6817 187.071 -36.8376 -23.7649 192.091 26.1954 -18.8625 176.989 
-28.6078 -8.99184 190.824 15.1673 -2.36412 177.218 17.8048 -25.4625 178.821 
-35.8307 -29.5963 192.349 16.7444 -20.8793 179.675 13.8473 -13.9141 178.462 
11.9367 -7.21709 179.208 -17.3584 -7.57129 189.181 16.632 -2.06194 176.296 
21.852 -26.7432 178.174 24.5911 -24.592 177.661 -4.78167 -25.8578 187.267 
-5.10191 -22.0289 186.334 -36.0681 -21.8402 192.912 13.4705 -11.9819 179.242 
12.7121 -10.2126 179.321 -25.4544 -40.4141 190.617 -12.8375 -39.0962 188.987 
-6.03557 -31.9078 187.733 23.0682 -25.0081 178.636 25.389 -21.0401 177.863 
26.4531 -13.9099 175.93 25.9564 -11.6752 175.739 -32.3496 -35.3191 192.253 
19.8074 -26.4236 178.783 -4.62342 -27.7223 186.612 -35.4874 -18.2732 192.689 
-34.6515 -16.2733 192.575 25.3351 -9.45914 175.32 20.1822 -3.91704 176.152 
-9.75861 -11.7116 187.212 -22.0203 -7.13634 189.899 -23.2017 -40.3963 191.042 
17.2188 -23.164 179.333 -32.9503 -14.447 192.948 -24.3361 -7.48994 190.308 
18.2393 -2.71341 176.264 -29.2505 -38.539 191.293 -30.4565 -36.8921 192.193 
-7.50807 -34.2578 188.266 -9.42802 -35.9218 189.373 24.277 -23.092 178.519 
-36.0205 -25.7848 193.076 -11.5202 -10.6101 188.515 12.3814 -4.23715 178.699 
-27.2562 -39.3226 191.321 16.5023 -18.7102 180.053 -35.2252 -23.9123 194.013 
-7.7049 -14.7898 186.74 -31.0996 -11.538 192.033 -26.5254 -8.17572 190.694 
-18.8902 -40.3221 190.799 -33.7412 -33.6097 192.338 19.1 -24.4538 179.606 
-5.77158 -21.2985 188.564 -6.96394 -16.7156 187.366 25.2307 -13.2024 177.376 
-16.3651 -8.87937 190.569 -29.1523 -10.6011 192.272 -14.7284 -39.1544 190.52 
21.1125 -25.0522 179.372 -5.15563 -23.6955 187.981 14.947 -15.4 179.544 
-35.0729 -20.0228 193.624 21.6407 -5.75085 176.724 -34.3165 -22.0498 194.699 
24.0168 -8.47774 176.348 -21.101 -40.8585 190.499 -11.363 -37.1799 190.182 
18.0738 -20.2223 180.572 24.9626 -19.172 178.559 -8.78396 -13.5621 188.013 
-16.7254 -38.9835 191.75 -24.9766 -39.1059 192.292 18.4632 -22.345 180.138 
-6.2957 -18.8107 187.915 12.7692 -8.96228 180.036 -27.1072 -9.64844 192.226 
-24.9947 -8.87359 191.984 18.6548 -4.25458 177.935 16.9203 -3.1146 177.775 
-6.00756 -29.942 189.09 -13.1132 -37.9552 190.885 -28.2121 -37.5679 192.786 
-33.1206 -31.9798 193.877 -35.1059 -27.8547 193.709 16.3766 -16.6923 180.501 
14.744 -13.6268 180.146 -7.92412 -15.5461 188.715 13.71 -10.6557 180.445 
22.5782 -7.65259 177.333 -13.32 -9.16668 188.55 -22.8255 -8.37422 191.644 
-26.3939 -38.0054 193.059 25.8957 -15.2166 177.115 24.6987 -10.6915 176.908 
13.5212 -3.14563 178.146 15.2762 -3.71675 178.971 -10.447 -35.2431 191.312 
-5.26103 -27.7809 188.371 -34.1377 -29.9323 193.958 25.6168 -17.0965 177.746 
-32.6337 -16.3826 194.228 -31.5626 -13.0962 193.015 -14.6031 -9.30982 190.007 
-20.6655 -8.19936 191.274 22.4069 -23.1134 179.702 18.2022 -18.052 181.068 
14.5355 -12.1432 180.647 21.3053 -7.03313 178.131 -29.6821 -12.7064 193.743 
20.1875 -5.66388 178.019 -8.66037 -33.8345 190.513 -33.9347 -18.238 194.071 
-18.5166 -8.42601 190.978 -7.1345 -32.0205 189.753 -32.2705 -33.7019 193.545 
-5.54596 -25.673 189.379 -25.5801 -10.481 193.485 17.0603 -4.81305 179.418 
23.9558 -21.1907 179.263 -7.20138 -17.6195 189.377 -10.2222 -12.5411 189.352 
12.497 -5.76056 179.685 -12.3876 -36.3652 191.992 20.3303 -23.2596 180.153 
-33.2135 -20.2127 195.207 23.2623 -9.77265 177.987 21.5507 -9.00914 179.115 
-34.2622 -26.0226 194.808 -27.5823 -11.4147 193.678 -23.496 -9.85405 193.218 
-26.7477 -36.4029 194.312 23.5436 -19.1677 179.866 -6.68675 -19.6948 190.04 
16.2068 -14.7966 180.938 20.1322 -7.49946 179.401 18.6826 -6.15082 179.52 
-20.9431 -39.5647 192.093 -22.8525 -38.6545 193.058 13.1949 -7.49456 180.561 
-13.318 -10.4296 190.344 -21.3945 -9.47088 192.841 13.6657 -4.60552 179.677 
-30.7325 -34.7345 193.816 -31.0198 -32.4662 195.043 -17.626 -10.0635 192.535 
-24.5544 -37.208 194.158 22.4275 -20.8993 180.307 24.9109 -15.3468 178.38 
-31.1743 -14.6184 194.215 -25.9777 -12.2782 194.84 -15.2304 -10.2737 191.61 
-18.8598 -38.5973 192.831 -6.41 -27.9419 190.627 -14.6267 -37.4113 192.429 
19.7011 -21.4327 180.679 24.3573 -17.2687 179.189 17.9243 -15.8513 181.4 
-9.22167 -14.4589 190.056 22.3217 -11.2949 179.558 -11.9572 -11.9497 190.821 
14.2957 -9.22812 181.103 20.0027 -9.20666 180.377 -33.2494 -28.1445 195.242 
23.8544 -11.9576 178.467 -19.5823 -9.27233 192.36 15.3022 -5.52846 180.388 
-8.43522 -16.4881 190.752 -16.9346 -37.2808 193.565 -28.7903 -35.7181 194.079 
-7.03688 -30.1918 190.78 -32.2044 -30.2566 195.314 -33.3803 -24.1521 195.587 
19.4535 -16.791 181.483 -31.9897 -18.3373 195.464 18.5754 -8.24022 180.692 
-24.0773 -11.5653 194.633 -8.47762 -31.6555 191.858 -27.1455 -34.4599 195.568 
21.1983 -21.9781 180.488 -5.97674 -23.5424 190.169 19.3805 -19.7323 181.035 
-30.7427 -16.5101 195.456 -29.3609 -14.8662 195.298 -11.7349 -34.2069 193.253 
-9.82494 -33.4744 192.169 -6.64661 -21.6816 191.011 -32.417 -22.2949 196.129 
24.1878 -13.8122 178.816 15.3017 -11.0863 181.351 15.9103 -12.9597 181.277 
22.9362 -13.3771 179.797 20.6014 -10.9073 180.606 -21.9712 -11.0849 194.327 
13.8136 -6.15177 180.6 -32.332 -26.2828 196.199 20.8623 -20.3152 180.895 
20.1866 -18.4394 181.244 23.62 -15.3433 179.668 -10.815 -13.6974 191.425 
16.9235 -6.8977 180.726 -20.8565 -37.9239 193.769 -25.1122 -35.0712 195.658 
21.2261 -12.9972 180.797 -29.0918 -33.7244 195.319 21.9353 -18.8525 180.795 
21.1102 -16.8533 181.205 19.8446 -14.8503 181.478 -30.9941 -20.4412 196.63 
21.9981 -15.0838 180.734 -9.91113 -15.5595 192.03 -27.7389 -13.4284 195.084 
-15.2818 -35.691 194.26 -13.5196 -35.6271 193.43 22.8592 -17.1272 180.384 
18.7612 -10.3678 181.305 14.9715 -7.47169 181.138 -19.0204 -36.8288 194.477 
-7.88059 -29.2858 192.307 -31.2543 -28.392 196.479 17.7254 -13.8409 181.626 
-17.2937 -35.4274 195.148 -6.63159 -25.5955 191.473 -7.86917 -18.5458 191.422 
-7.4649 -20.2831 191.838 -29.9688 -18.2631 196.547 -29.1004 -16.6179 196.31 
19.2768 -12.4952 181.495 -27.6282 -15.5362 196.327 -19.8276 -10.6139 193.713 
-29.1926 -31.9892 196.244 -30.181 -30.4147 196.433 -12.6559 -13.3438 192.811 
-13.8898 -11.7347 192.258 -22.4914 -37.1751 194.448 -9.36069 -17.5198 192.73 
16.5739 -9.34245 181.458 -7.17486 -23.6712 192.262 -30.7142 -22.6101 197.156 
-31.4412 -24.3607 196.839 -26.0133 -14.2104 196.071 -24.6117 -13.1421 195.695 
-18.1869 -11.8816 194.39 17.2529 -11.7526 181.695 -10.357 -32.0754 193.523 
-21.0286 -36.1803 195.2 -7.52472 -27.3316 192.484 -16.0013 -11.6799 193.421 
-19.3405 -34.9159 195.908 -22.6475 -13.1487 195.809 -29.19 -28.5713 197.45 
-20.3552 -12.3815 195.187 -23.0464 -35.6037 195.574 -9.29423 -30.3376 193.436 
-28.1851 -30.5516 197.234 -29.0021 -19.731 197.402 -11.578 -15.0707 193.297 
-13.7767 -33.979 194.726 -12.3021 -32.1631 194.9 -25.569 -32.9911 196.823 
-27.5217 -32.4847 196.599 -9.21667 -28.2228 194.038 -7.9703 -21.8572 192.984 
-27.7045 -17.9043 197.278 -30.2951 -26.4558 197.317 -29.1111 -21.7105 197.742 
-10.7263 -16.6004 193.595 -18.8274 -13.6942 195.826 -23.5252 -33.5347 196.816 
-15.7325 -33.7695 195.723 -8.08432 -25.7855 193.365 -9.09929 -19.8385 193.515 
-14.669 -13.2735 194.06 -16.7625 -13.3887 195.06 -13.471 -14.9823 194.559 
-21.427 -34.2131 196.5 -17.7338 -33.4156 196.518 -10.8889 -30.2563 194.795 
-10.8934 -18.2938 194.533 -27.0657 -28.7581 198.133 -25.7359 -16.3157 197.161 
-24.173 -14.8044 196.692 -26.1829 -30.887 197.673 -28.1807 -26.6439 198.177 
-8.77365 -23.9347 194.114 -29.2494 -24.253 197.886 -24.9155 -29.0971 198.502 
-9.93043 -26.1588 195.042 -19.7668 -32.8746 197.152 -24.131 -31.3292 197.837 
-11.3996 -28.2696 195.758 -9.73614 -22.1342 194.765 -25.3509 -18.5151 198.047 
-22.4402 -15.1002 196.952 -20.7943 -14.2969 196.457 -21.8488 -31.8266 197.752 
-12.2807 -16.7092 194.813 -23.3695 -16.9631 197.718 -17.6382 -15.2539 196.429 
-19.4439 -15.3424 196.863 -16.332 -31.6837 197.007 -14.3117 -31.9752 196.094 
-12.9138 -30.1566 196.141 -10.6117 -24.2668 195.658 -11.4739 -20.6068 195.701 
-27.3195 -22.9437 198.492 -18.3617 -31.3817 197.658 -25.8347 -26.6751 198.803 
-26.9898 -20.4223 198.185 -27.2925 -24.975 198.594 -15.5271 -15.0628 195.63 
-11.3679 -22.723 196.093 -20.0826 -31.1272 198.027 -15.0422 -29.8398 197.248 
-11.9793 -26.2749 196.465 -12.957 -18.6077 196.034 -24.8774 -20.3201 198.632 
-21.0676 -16.2437 197.437 -13.5758 -28.0741 197.059 -14.2946 -16.8289 195.998 
-16.4754 -17.0127 196.919 -22.7885 -29.56 198.586 -25.3266 -22.1371 198.86 
-18.9573 -17.276 197.595 -19.3857 -29.542 198.488 -13.0363 -22.4751 197.02 
-23.2934 -19.3398 198.533 -21.2802 -18.3551 198.233 -21.0704 -29.9621 198.507 
-13.9388 -20.5978 197.115 -15.1703 -18.7783 197.14 -17.2429 -29.5565 198.053 
-14.0269 -25.939 197.576 -12.4875 -24.3464 196.862 -25.625 -24.3039 198.979 
-23.4695 -27.3306 199.041 -24.1219 -25.4651 199.194 -23.3638 -21.4411 198.993 
-16.0394 -27.3728 198.162 -17.358 -19.0448 197.904 -21.433 -20.5738 198.848 
-15.0988 -22.6184 197.947 -16.1626 -20.7808 198.016 -23.6641 -23.5862 199.207 
-18.5788 -27.5996 198.794 -21.0411 -27.8627 198.994 -15.8198 -24.8026 198.312 
-14.1135 -24.0967 197.683 -19.4431 -19.6613 198.463 -18.0081 -20.8501 198.519 
-19.8523 -26.0285 199.174 -21.9338 -25.307 199.278 -21.6112 -22.8106 199.196 
-17.9328 -25.4742 198.872 -17.4904 -22.933 198.675 -19.6144 -21.8293 198.933 
-19.7363 -24.0675 199.159 12.0402 -31.364 -26.6749 11.9325 -31.5434 -23.3263 
12.1463 -31.6305 -21.3752 12.3114 -31.757 -19.1535 12.2606 -31.8887 -16.6894 
11.4782 -32.0674 -14.5557 12.162 -32.1146 -12.489 12.1113 -32.2445 -9.9867 
12.0758 -32.3582 -7.6983 11.9877 -32.4716 -5.36287 11.7908 -32.5893 -2.94443 
11.4938 -32.703 -0.514387 -41.5249 -22.7753 179.034 -41.8442 -27.3248 178.105 

POLYGONS 20000 80000
3 0 1 2 
3 0 3 4 
3 3 0 5 
3 0 4 1 
3 1 4 6 
3 0 7 5 
3 1 6 8 
3 2 7 0 
3 9 2 1 
3 3 10 4 
3 7 11 5 
3 1 8 9 
3 3 5 12 
3 10 13 4 
3 14 11 15 
3 11 14 5 
3 6 4 13 
3 11 16 15 
3 16 11 17 
3 7 18 17 
3 2 18 7 
3 18 2 19 
3 20 10 21 
3 3 12 21 
3 10 3 21 
3 5 14 12 
3 12 14 22 
3 14 23 22 
3 16 24 15 
3 17 11 7 
3 9 8 25 
3 9 19 2 
3 9 26 19 
3 25 8 27 
3 25 26 9 
3 12 22 28 
3 14 15 23 
3 13 10 29 
3 18 19 30 
3 19 26 31 
3 26 32 31 
3 32 26 33 
3 34 35 20 
3 20 36 34 
3 28 21 12 
3 37 22 38 
3 10 20 29 
3 28 22 37 
3 8 6 39 
3 27 8 39 
3 17 18 40 
3 30 19 31 
3 26 25 33 
3 36 21 28 
3 6 41 39 
3 42 24 16 
3 16 17 42 
3 42 17 40 
3 43 25 27 
3 34 36 44 
3 36 20 21 
3 23 45 46 
3 42 47 24 
3 40 18 30 
3 25 43 33 
3 32 48 31 
3 28 49 36 
3 38 22 23 
3 42 40 50 
3 31 51 30 
3 44 52 34 
3 52 53 34 
3 6 13 41 
3 23 15 45 
3 24 54 45 
3 45 15 24 
3 42 50 47 
3 44 36 49 
3 37 49 28 
3 38 46 55 
3 46 38 23 
3 46 56 57 
3 46 45 56 
3 27 58 43 
3 49 59 44 
3 57 55 46 
3 40 60 50 
3 30 60 40 
3 44 61 52 
3 33 62 32 
3 33 63 62 
3 64 37 38 
3 54 56 45 
3 33 43 65 
3 66 48 32 
3 66 32 62 
3 67 68 54 
3 69 67 54 
3 24 69 54 
3 47 69 24 
3 65 63 33 
3 59 61 44 
3 49 70 59 
3 37 70 49 
3 71 29 35 
3 56 54 68 
3 72 41 13 
3 73 69 47 
3 47 50 73 
3 60 30 51 
3 31 48 51 
3 74 63 65 
3 75 76 62 
3 66 62 76 
3 70 37 64 
3 38 55 64 
3 56 77 57 
3 72 13 29 
3 41 72 78 
3 39 41 79 
3 34 53 35 
3 35 29 20 
3 66 80 48 
3 75 62 63 
3 81 61 59 
3 82 52 61 
3 53 52 83 
3 77 56 68 
3 41 78 79 
3 80 51 48 
3 75 63 84 
3 76 85 66 
3 82 61 86 
3 87 59 70 
3 71 72 29 
3 58 65 43 
3 80 66 88 
3 81 86 61 
3 89 70 64 
3 39 79 90 
3 90 27 39 
3 91 92 50 
3 60 51 93 
3 51 80 93 
3 63 74 84 
3 86 81 94 
3 95 81 87 
3 59 87 81 
3 52 82 83 
3 89 87 70 
3 64 55 96 
3 97 96 55 
3 57 97 55 
3 73 50 92 
3 91 50 60 
3 76 75 98 
3 84 98 75 
3 95 87 99 
3 64 96 89 
3 100 90 79 
3 69 73 101 
3 66 85 88 
3 102 76 98 
3 85 76 102 
3 95 94 81 
3 97 57 103 
3 103 57 77 
3 68 67 104 
3 69 101 67 
3 80 88 105 
3 106 97 103 
3 93 107 60 
3 105 93 80 
3 104 108 68 
3 109 74 110 
3 85 102 111 
3 53 112 35 
3 113 97 106 
3 96 97 113 
3 77 68 108 
3 79 114 100 
3 107 91 60 
3 115 84 74 
3 116 117 94 
3 118 86 119 
3 118 82 86 
3 107 105 120 
3 105 107 93 
3 121 105 88 
3 111 122 85 
3 99 87 89 
3 123 78 72 
3 88 122 121 
3 122 88 85 
3 124 98 125 
3 102 98 124 
3 116 94 95 
3 126 95 99 
3 77 127 103 
3 101 73 128 
3 92 128 73 
3 74 109 115 
3 107 129 91 
3 95 126 116 
3 89 130 99 
3 131 89 96 
3 113 106 132 
3 133 104 67 
3 92 91 129 
3 134 129 120 
3 120 129 107 
3 135 125 115 
3 136 121 122 
3 102 124 137 
3 116 138 117 
3 119 94 117 
3 94 119 86 
3 99 130 126 
3 96 113 131 
3 139 106 103 
3 112 71 35 
3 110 65 58 
3 110 74 65 
3 120 105 140 
3 98 84 125 
3 141 102 137 
3 141 111 102 
3 139 103 127 
3 127 77 108 
3 104 142 108 
3 27 90 58 
3 143 92 129 
3 144 134 120 
3 140 105 121 
3 130 89 131 
3 106 145 132 
3 53 83 112 
3 128 92 143 
3 125 84 115 
3 138 146 117 
3 147 82 118 
3 130 131 148 
3 104 133 142 
3 67 101 133 
3 58 90 149 
3 101 128 150 
3 110 58 149 
3 151 140 121 
3 151 121 136 
3 124 125 152 
3 138 116 153 
3 126 153 116 
3 148 131 154 
3 132 155 154 
3 156 139 127 
3 157 122 111 
3 158 118 119 
3 159 82 147 
3 154 131 113 
3 154 113 132 
3 106 139 145 
3 72 160 123 
3 142 161 108 
3 149 90 100 
3 125 135 152 
3 152 162 124 
3 141 137 163 
3 164 146 165 
3 147 118 158 
3 126 130 166 
3 148 166 130 
3 156 127 161 
3 127 108 161 
3 114 79 78 
3 110 167 109 
3 162 152 168 
3 146 138 169 
3 170 169 138 
3 117 164 119 
3 155 132 145 
3 78 123 114 
3 140 151 144 
3 122 171 136 
3 124 162 137 
3 111 141 157 
3 170 138 153 
3 153 126 166 
3 172 71 112 
3 71 172 160 
3 160 72 71 
3 110 149 167 
3 120 140 144 
3 162 163 137 
3 173 166 148 
3 174 148 154 
3 101 150 133 
3 143 175 128 
3 151 136 176 
3 171 122 157 
3 153 166 177 
3 159 83 82 
3 123 160 178 
3 151 179 144 
3 169 170 180 
3 153 177 170 
3 174 173 148 
3 181 155 145 
3 112 182 172 
3 156 183 184 
3 185 134 144 
3 176 136 171 
3 170 177 186 
3 158 119 164 
3 147 158 187 
3 188 189 142 
3 175 150 128 
3 115 109 190 
3 144 179 185 
3 135 191 152 
3 162 168 192 
3 162 193 163 
3 186 180 170 
3 177 194 186 
3 156 195 139 
3 184 195 156 
3 135 115 196 
3 197 180 186 
3 169 198 146 
3 177 173 194 
3 166 173 177 
3 173 174 199 
3 200 154 155 
3 112 83 182 
3 149 100 201 
3 129 134 202 
3 115 190 196 
3 191 135 196 
3 151 176 203 
3 171 204 176 
3 205 169 180 
3 154 200 174 
3 83 159 182 
3 172 178 160 
3 189 183 161 
3 143 202 206 
3 202 143 129 
3 168 152 191 
3 163 207 141 
3 183 156 161 
3 189 161 142 
3 114 208 100 
3 114 209 208 
3 210 202 134 
3 134 185 210 
3 141 207 157 
3 198 169 205 
3 146 198 165 
3 211 199 174 
3 159 147 212 
3 145 139 213 
3 188 133 150 
3 143 206 175 
3 196 190 214 
3 179 151 203 
3 176 215 203 
3 207 216 157 
3 207 163 217 
3 197 218 180 
3 219 186 194 
3 164 117 146 
3 200 211 174 
3 139 195 213 
3 178 220 123 
3 114 123 220 
3 221 185 179 
3 216 171 157 
3 193 217 163 
3 194 173 199 
3 222 158 223 
3 213 181 145 
3 224 184 183 
3 183 189 225 
3 114 220 209 
3 142 133 188 
3 100 208 201 
3 175 226 150 
3 201 227 167 
3 205 180 218 
3 228 197 186 
3 186 219 228 
3 223 164 165 
3 155 181 200 
3 188 150 229 
3 226 175 206 
3 204 171 216 
3 192 193 162 
3 230 218 197 
3 231 194 199 
3 211 231 199 
3 181 232 200 
3 233 181 213 
3 202 210 234 
3 192 168 235 
3 192 235 236 
3 230 197 237 
3 219 238 228 
3 231 219 194 
3 212 147 187 
3 213 239 233 
3 213 195 239 
3 240 172 182 
3 241 109 167 
3 210 185 242 
3 242 185 221 
3 211 200 232 
3 167 227 241 
3 191 196 243 
3 179 244 221 
3 244 179 203 
3 237 197 228 
3 245 238 219 
3 246 165 198 
3 219 231 245 
3 247 182 159 
3 239 195 248 
3 240 178 172 
3 189 188 249 
3 149 201 167 
3 207 250 216 
3 238 251 237 
3 165 246 252 
3 165 252 223 
3 253 254 231 
3 164 223 158 
3 255 232 181 
3 256 257 220 
3 189 249 225 
3 229 249 188 
3 226 229 150 
3 176 204 215 
3 258 230 237 
3 238 237 228 
3 198 205 259 
3 245 231 254 
3 255 181 233 
3 190 109 241 
3 191 235 168 
3 204 216 260 
3 260 216 250 
3 205 218 259 
3 211 253 231 
3 158 222 187 
3 261 233 239 
3 184 248 195 
3 225 224 183 
3 234 206 202 
3 214 241 262 
3 215 263 264 
3 217 193 265 
3 251 238 266 
3 178 240 256 
3 256 220 178 
3 210 267 234 
3 210 242 267 
3 196 214 243 
3 193 192 268 
3 236 269 192 
3 217 250 207 
3 266 238 245 
3 211 232 253 
3 232 255 270 
3 271 255 233 
3 261 271 233 
3 212 247 159 
3 247 240 182 
3 244 203 215 
3 255 272 270 
3 273 248 184 
3 201 208 274 
3 226 206 275 
3 215 204 263 
3 260 263 204 
3 217 276 250 
3 277 266 245 
3 278 254 279 
3 272 255 271 
3 274 227 201 
3 241 227 280 
3 214 190 241 
3 221 244 281 
3 269 268 192 
3 282 260 250 
3 245 254 277 
3 232 270 253 
3 272 283 270 
3 284 212 187 
3 285 272 286 
3 287 214 262 
3 265 193 268 
3 265 276 217 
3 288 258 237 
3 289 230 258 
3 288 237 251 
3 277 254 278 
3 290 261 248 
3 256 240 291 
3 257 209 220 
3 226 292 229 
3 214 287 243 
3 191 243 293 
3 244 215 294 
3 263 295 264 
3 282 250 276 
3 296 246 297 
3 298 299 300 
3 301 298 300 
3 253 270 279 
3 279 270 283 
3 283 272 285 
3 302 286 261 
3 261 286 271 
3 303 274 208 
3 234 275 206 
3 243 287 293 
3 304 305 300 
3 304 300 299 
3 300 305 306 
3 300 306 301 
3 284 187 222 
3 306 305 307 
3 290 302 261 
3 248 261 239 
3 240 308 291 
3 280 262 241 
3 294 215 264 
3 309 298 301 
3 310 304 299 
3 304 310 311 
3 312 311 313 
3 305 304 312 
3 314 305 312 
3 314 307 305 
3 286 272 271 
3 308 240 247 
3 257 315 316 
3 208 209 303 
3 229 317 249 
3 229 292 317 
3 318 319 298 
3 320 277 321 
3 309 318 298 
3 311 310 322 
3 253 279 254 
3 309 301 323 
3 283 324 279 
3 222 325 326 
3 304 311 312 
3 313 327 312 
3 313 328 327 
3 314 312 327 
3 273 290 248 
3 273 184 224 
3 291 315 256 
3 329 224 225 
3 293 235 191 
3 319 299 298 
3 330 319 318 
3 299 319 331 
3 332 323 301 
3 332 301 306 
3 314 333 307 
3 334 333 314 
3 256 315 257 
3 262 335 336 
3 230 289 218 
3 319 337 331 
3 338 318 309 
3 310 299 339 
3 310 339 322 
3 299 331 339 
3 311 322 340 
3 341 313 340 
3 285 342 283 
3 222 326 284 
3 307 332 306 
3 285 286 343 
3 328 344 327 
3 345 286 302 
3 327 344 334 
3 212 346 247 
3 346 308 247 
3 316 347 257 
3 347 209 257 
3 260 295 263 
3 266 348 251 
3 246 296 252 
3 309 323 349 
3 311 340 313 
3 324 283 342 
3 341 328 313 
3 284 346 212 
3 343 286 345 
3 328 350 344 
3 351 307 333 
3 334 314 327 
3 234 352 275 
3 353 267 242 
3 293 287 354 
3 282 276 355 
3 265 356 276 
3 288 251 348 
3 337 319 330 
3 357 259 218 
3 338 309 349 
3 358 341 340 
3 332 307 359 
3 360 351 333 
3 344 350 361 
3 362 345 302 
3 360 333 363 
3 344 364 334 
3 334 363 333 
3 290 273 365 
3 225 366 329 
3 292 226 275 
3 267 352 234 
3 244 294 281 
3 268 269 367 
3 218 289 357 
3 368 331 337 
3 318 338 369 
3 331 368 339 
3 278 279 324 
3 370 349 371 
3 358 372 341 
3 373 341 372 
3 373 328 341 
3 374 323 332 
3 375 350 373 
3 364 344 361 
3 274 303 376 
3 377 294 264 
3 269 236 378 
3 337 330 379 
3 318 369 330 
3 368 380 339 
3 322 339 380 
3 349 323 371 
3 371 323 374 
3 381 382 343 
3 363 383 360 
3 334 364 363 
3 384 362 302 
3 262 336 287 
3 353 242 385 
3 281 294 386 
3 282 387 260 
3 369 388 330 
3 246 259 297 
3 340 322 389 
3 389 358 340 
3 390 285 343 
3 374 332 359 
3 328 373 350 
3 359 307 351 
3 381 343 345 
3 391 346 284 
3 364 361 392 
3 364 393 363 
3 363 393 383 
3 394 395 291 
3 347 303 209 
3 385 242 221 
3 260 387 295 
3 387 355 396 
3 265 397 356 
3 258 288 398 
3 258 399 289 
3 379 400 337 
3 337 400 401 
3 401 368 337 
3 266 277 320 
3 223 252 325 
3 342 402 324 
3 390 342 285 
3 351 403 359 
3 404 381 345 
3 361 405 406 
3 407 329 366 
3 408 227 274 
3 408 280 227 
3 367 269 378 
3 397 268 367 
3 330 388 379 
3 388 409 379 
3 259 246 198 
3 380 410 322 
3 373 372 411 
3 374 412 371 
3 374 359 413 
3 383 414 360 
3 392 393 364 
3 393 415 383 
3 416 273 224 
3 293 354 417 
3 417 235 293 
3 377 386 294 
3 418 288 348 
3 419 388 369 
3 320 348 266 
3 389 322 410 
3 412 374 413 
3 375 373 411 
3 403 413 359 
3 360 414 403 
3 406 392 361 
3 383 420 421 
3 291 395 315 
3 416 224 329 
3 376 408 274 
3 267 353 422 
3 377 264 423 
3 423 264 295 
3 268 397 265 
3 288 418 398 
3 399 258 398 
3 379 424 400 
3 409 424 379 
3 320 425 348 
3 338 426 369 
3 321 277 278 
3 278 324 427 
3 428 349 370 
3 325 252 429 
3 402 342 390 
3 325 222 223 
3 370 371 430 
3 371 412 430 
3 382 390 343 
3 346 391 431 
3 350 375 405 
3 405 361 350 
3 406 432 392 
3 420 383 415 
3 433 421 434 
3 421 420 434 
3 366 225 249 
3 435 303 347 
3 317 366 249 
3 436 437 292 
3 354 287 438 
3 439 385 281 
3 385 221 281 
3 439 281 386 
3 417 236 235 
3 349 428 338 
3 324 402 440 
3 441 372 358 
3 442 412 413 
3 404 443 381 
3 431 308 346 
3 404 345 362 
3 403 351 360 
3 414 383 421 
3 415 393 444 
3 392 444 393 
3 445 315 395 
3 434 446 433 
3 434 420 447 
3 434 447 448 
3 448 449 446 
3 446 434 448 
3 449 448 450 
3 435 376 303 
3 437 451 317 
3 352 436 275 
3 357 297 259 
3 452 453 370 
3 441 454 372 
3 412 455 430 
3 454 411 372 
3 455 412 442 
3 456 382 381 
3 375 411 457 
3 405 375 458 
3 290 384 302 
3 432 444 392 
3 459 433 460 
3 420 461 447 
3 420 415 461 
3 447 461 462 
3 463 448 447 
3 464 446 465 
3 408 466 280 
3 467 236 417 
3 467 378 236 
3 423 295 468 
3 409 388 469 
3 428 370 453 
3 358 389 470 
3 470 441 358 
3 402 471 472 
3 441 473 454 
3 452 370 430 
3 430 474 452 
3 326 475 284 
3 382 471 390 
3 471 382 473 
3 456 411 454 
3 457 411 456 
3 457 456 443 
3 443 456 381 
3 413 403 476 
3 457 458 375 
3 477 414 421 
3 290 365 384 
3 421 433 477 
3 444 461 415 
3 462 463 447 
3 463 450 448 
3 449 465 446 
3 478 435 347 
3 317 292 437 
3 422 479 352 
3 356 355 276 
3 409 480 424 
3 469 480 409 
3 481 401 400 
3 401 482 368 
3 425 483 418 
3 482 380 368 
3 482 484 380 
3 485 320 321 
3 380 484 410 
3 428 426 338 
3 321 278 427 
3 402 486 440 
3 473 441 487 
3 471 402 390 
3 456 454 473 
3 473 382 456 
3 442 476 488 
3 413 476 442 
3 476 403 414 
3 488 476 477 
3 477 476 414 
3 489 404 362 
3 291 308 394 
3 489 362 384 
3 406 490 491 
3 459 488 477 
3 477 433 459 
3 432 406 492 
3 432 493 444 
3 493 494 444 
3 444 494 461 
3 494 462 461 
3 465 449 495 
3 450 495 449 
3 496 495 450 
3 497 356 397 
3 498 355 356 
3 499 357 289 
3 388 419 469 
3 320 485 425 
3 441 500 487 
3 486 402 472 
3 487 471 473 
3 501 455 442 
3 458 457 443 
3 406 491 492 
3 460 433 446 
3 315 445 316 
3 460 446 464 
3 435 502 503 
3 504 376 435 
3 292 275 436 
3 280 335 262 
3 438 287 336 
3 386 377 505 
3 506 397 367 
3 397 506 497 
3 507 400 424 
3 482 401 508 
3 426 419 369 
3 357 509 297 
3 410 510 389 
3 470 389 510 
3 441 470 500 
3 487 472 471 
3 442 511 501 
3 405 458 490 
3 365 273 416 
3 492 512 493 
3 492 493 432 
3 347 316 478 
3 494 513 462 
3 329 407 514 
3 464 515 516 
3 513 517 462 
3 517 463 462 
3 450 463 518 
3 517 518 463 
3 366 317 451 
3 422 352 267 
3 378 519 367 
3 520 506 367 
3 355 387 282 
3 400 507 481 
3 508 401 481 
3 357 499 509 
3 501 521 455 
3 404 522 443 
3 523 458 522 
3 405 490 406 
3 488 459 524 
3 416 329 514 
3 464 525 460 
3 495 526 465 
3 527 450 518 
3 496 450 527 
3 422 353 528 
3 529 353 385 
3 530 417 354 
3 417 530 467 
3 377 531 505 
3 295 387 468 
3 532 424 480 
3 533 399 398 
3 534 482 508 
3 535 297 509 
3 536 510 410 
3 324 440 427 
3 472 537 486 
3 537 472 487 
3 475 391 284 
3 488 511 442 
3 490 458 523 
3 460 525 524 
3 459 460 524 
3 512 538 493 
3 494 493 538 
3 408 376 504 
3 539 378 467 
3 519 378 539 
3 423 531 377 
3 396 355 540 
3 541 398 418 
3 399 499 289 
3 426 542 543 
3 296 429 252 
3 325 544 326 
3 326 544 475 
3 522 404 489 
3 491 490 545 
3 517 546 547 
3 526 515 465 
3 518 517 548 
3 479 549 352 
3 354 438 530 
3 550 534 508 
3 535 296 297 
3 544 429 551 
3 431 394 308 
3 443 522 458 
3 545 490 523 
3 552 512 492 
3 538 513 494 
3 464 465 515 
3 495 553 526 
3 553 495 496 
3 436 352 549 
3 386 554 439 
3 532 507 424 
3 555 480 469 
3 484 482 534 
3 556 321 427 
3 470 510 557 
3 537 487 500 
3 455 474 430 
3 521 474 455 
3 431 391 558 
3 524 511 488 
3 545 523 559 
3 560 524 525 
3 516 561 525 
3 562 416 514 
3 516 525 464 
3 563 526 553 
3 408 504 466 
3 466 335 280 
3 439 529 385 
3 550 508 564 
3 565 484 534 
3 536 410 484 
3 566 427 440 
3 557 500 470 
3 537 567 486 
3 568 521 501 
3 568 501 511 
3 569 511 524 
3 569 524 560 
3 570 491 545 
3 492 491 552 
3 513 546 517 
3 548 517 547 
3 571 527 548 
3 572 436 549 
3 529 439 573 
3 468 387 396 
3 481 564 508 
3 418 348 425 
3 574 469 419 
3 574 419 543 
3 440 486 566 
3 453 542 428 
3 575 384 365 
3 365 416 562 
3 560 525 561 
3 576 562 514 
3 316 445 577 
3 512 578 538 
3 515 579 516 
3 513 538 546 
3 580 546 538 
3 366 581 407 
3 503 504 435 
3 527 518 548 
3 553 496 582 
3 527 583 496 
3 437 436 572 
3 336 584 585 
3 336 585 438 
3 479 422 528 
3 528 353 529 
3 586 481 507 
3 534 550 587 
3 499 399 588 
3 589 543 542 
3 536 557 510 
3 391 475 590 
3 568 511 569 
3 522 489 591 
3 559 523 591 
3 575 489 384 
3 552 491 570 
3 578 580 538 
3 592 579 515 
3 592 515 526 
3 592 526 563 
3 563 553 593 
3 582 496 583 
3 418 483 541 
3 594 425 485 
3 556 427 566 
3 296 595 429 
3 500 557 596 
3 596 567 537 
3 478 316 577 
3 552 578 512 
3 407 597 514 
3 435 478 502 
3 571 583 527 
3 520 367 519 
3 532 598 507 
3 598 586 507 
3 541 533 398 
3 599 541 600 
3 574 555 469 
3 419 426 543 
3 535 595 296 
3 596 537 500 
3 575 591 489 
3 569 601 568 
3 602 569 560 
3 602 560 561 
3 478 577 502 
3 547 546 603 
3 366 451 581 
3 592 563 604 
3 605 451 606 
3 582 593 553 
3 607 582 583 
3 396 608 468 
3 497 498 356 
3 565 534 587 
3 566 486 567 
3 609 453 452 
3 544 610 475 
3 609 452 474 
3 611 394 431 
3 591 523 522 
3 445 395 612 
3 570 545 559 
3 613 577 445 
3 614 578 552 
3 579 592 604 
3 563 593 615 
3 437 606 451 
3 468 616 423 
3 616 608 617 
3 498 540 355 
3 550 618 587 
3 425 594 483 
3 619 556 566 
3 542 426 428 
3 620 453 609 
3 391 590 558 
3 611 431 558 
3 576 621 562 
3 602 561 622 
3 570 614 552 
3 516 579 623 
3 623 561 516 
3 597 407 581 
3 604 563 624 
3 503 625 504 
3 571 548 626 
3 582 627 593 
3 583 571 628 
3 629 630 532 
3 586 564 481 
3 550 564 618 
3 588 399 533 
3 631 509 632 
3 484 565 536 
3 633 536 565 
3 543 589 634 
3 589 542 635 
3 620 542 453 
3 610 590 475 
3 636 575 621 
3 562 575 365 
3 637 614 570 
3 622 561 623 
3 548 547 638 
3 466 504 625 
3 639 593 627 
3 386 505 554 
3 531 423 616 
3 616 468 608 
3 608 396 640 
3 598 630 641 
3 642 533 599 
3 499 632 509 
3 509 631 535 
3 643 595 535 
3 644 566 567 
3 429 544 325 
3 544 551 645 
3 394 646 395 
3 622 647 602 
3 621 575 562 
3 576 514 648 
3 580 603 546 
3 649 638 547 
3 466 650 335 
3 651 479 528 
3 539 467 652 
3 530 652 467 
3 586 598 653 
3 533 642 588 
3 634 574 543 
3 633 557 536 
3 596 557 654 
3 567 596 655 
3 656 474 521 
3 646 612 395 
3 597 648 514 
3 657 580 658 
3 606 437 572 
3 554 573 439 
3 618 659 587 
3 587 660 565 
3 588 632 499 
3 321 556 485 
3 644 619 566 
3 635 542 620 
3 601 661 568 
3 636 591 575 
3 662 663 622 
3 662 622 623 
3 579 664 623 
3 665 625 503 
3 638 626 548 
3 628 571 626 
3 607 583 628 
3 666 573 554 
3 667 519 539 
3 629 532 480 
3 600 541 483 
3 574 668 555 
3 595 551 429 
3 656 609 474 
3 591 636 559 
3 445 612 613 
3 637 570 559 
3 577 613 669 
3 576 648 670 
3 669 502 577 
3 623 664 662 
3 603 580 657 
3 531 671 505 
3 672 520 667 
3 586 673 564 
3 660 633 565 
3 632 588 674 
3 557 633 654 
3 654 655 596 
3 675 595 643 
3 544 645 610 
3 661 521 568 
3 646 394 611 
3 636 676 559 
3 576 670 621 
3 604 664 579 
3 677 665 503 
3 615 593 639 
3 530 678 679 
3 519 667 520 
3 653 673 586 
3 618 564 673 
3 660 587 659 
3 680 594 681 
3 655 644 567 
3 647 622 663 
3 613 612 682 
3 676 637 559 
3 614 637 683 
3 658 614 683 
3 614 658 578 
3 624 563 615 
3 684 626 638 
3 466 625 650 
3 438 585 678 
3 678 530 438 
3 554 505 685 
3 616 686 531 
3 686 616 617 
3 506 687 497 
3 688 497 687 
3 540 640 396 
3 641 653 598 
3 480 555 689 
3 588 642 674 
3 681 485 556 
3 690 654 633 
3 535 631 643 
3 621 676 636 
3 578 658 580 
3 581 451 605 
3 677 503 502 
3 604 691 664 
3 604 624 691 
3 625 665 692 
3 639 693 615 
3 582 607 627 
3 652 694 539 
3 688 498 497 
3 598 532 630 
3 689 629 480 
3 541 599 533 
3 594 485 681 
3 655 654 695 
3 696 589 635 
3 610 697 590 
3 602 601 569 
3 698 612 646 
3 606 699 605 
3 547 603 649 
3 700 628 626 
3 694 667 539 
3 688 701 540 
3 689 555 668 
3 633 660 690 
3 695 654 690 
3 619 681 556 
3 702 620 609 
3 656 702 609 
3 601 602 647 
3 670 648 703 
3 581 704 597 
3 615 705 624 
3 692 650 625 
3 479 706 549 
3 528 529 707 
3 530 679 652 
3 687 506 708 
3 644 709 619 
3 595 675 551 
3 664 710 662 
3 691 710 664 
3 658 711 657 
3 665 712 692 
3 684 638 649 
3 627 607 713 
3 584 336 335 
3 573 707 529 
3 505 671 685 
3 617 608 714 
3 520 708 506 
3 540 701 640 
3 715 659 618 
3 600 594 716 
3 594 600 483 
3 668 574 634 
3 717 695 690 
3 646 718 698 
3 663 662 719 
3 720 637 676 
3 658 683 721 
3 711 658 721 
3 722 657 711 
3 572 723 606 
3 684 700 626 
3 639 627 724 
3 725 607 628 
3 713 607 725 
3 554 685 666 
3 531 686 671 
3 726 641 630 
3 653 641 727 
3 618 673 728 
3 717 690 729 
3 709 681 619 
3 644 655 730 
3 611 558 731 
3 637 720 683 
3 657 722 603 
3 712 665 732 
3 699 606 723 
3 691 624 733 
3 734 725 628 
3 735 707 573 
3 672 708 520 
3 726 630 736 
3 727 641 726 
3 630 629 736 
3 716 594 680 
3 737 680 681 
3 702 738 620 
3 661 739 521 
3 611 731 646 
3 612 698 682 
3 676 621 740 
3 740 621 670 
3 719 662 741 
3 597 742 648 
3 615 693 705 
3 700 734 628 
3 724 627 713 
3 651 706 479 
3 743 686 617 
3 640 714 608 
3 701 744 640 
3 659 729 660 
3 632 674 745 
3 681 709 737 
3 632 745 631 
3 746 551 675 
3 590 747 558 
3 558 747 731 
3 613 748 669 
3 741 662 710 
3 502 669 677 
3 605 704 581 
3 693 639 724 
3 749 734 700 
3 650 584 335 
3 678 585 750 
3 671 686 751 
3 667 752 753 
3 728 673 754 
3 730 655 695 
3 644 730 709 
3 746 675 755 
3 601 756 661 
3 731 718 646 
3 757 700 684 
3 549 706 572 
3 758 585 584 
3 679 678 759 
3 659 715 760 
3 739 661 761 
3 613 682 748 
3 683 762 721 
3 722 649 603 
3 624 705 733 
3 757 684 763 
3 724 713 764 
3 708 765 687 
3 640 744 714 
3 766 726 736 
3 642 599 767 
3 729 690 660 
3 768 674 642 
3 643 769 770 
3 589 696 634 
3 746 645 551 
3 739 656 521 
3 676 740 771 
3 772 711 721 
3 684 649 773 
3 705 693 774 
3 584 775 758 
3 775 584 650 
3 776 693 724 
3 651 707 777 
3 667 694 752 
3 714 743 617 
3 778 736 629 
3 689 778 629 
3 729 659 760 
3 767 768 642 
3 779 730 695 
3 738 635 620 
3 780 698 781 
3 682 782 748 
3 722 773 649 
3 749 700 757 
3 764 776 724 
3 686 743 751 
3 540 498 688 
3 745 769 631 
3 756 601 783 
3 720 676 771 
3 720 762 683 
3 710 784 741 
3 785 710 691 
3 713 725 786 
3 725 734 786 
3 685 671 787 
3 599 600 788 
3 779 695 717 
3 737 789 790 
3 791 696 635 
3 718 781 698 
3 698 780 682 
3 647 663 792 
3 691 733 785 
3 692 775 650 
3 774 776 793 
3 786 794 764 
3 795 759 750 
3 679 759 796 
3 679 694 652 
3 797 754 653 
3 729 798 717 
3 600 716 788 
3 789 730 779 
3 730 789 709 
3 610 799 697 
3 800 747 697 
3 704 742 597 
3 801 677 669 
3 721 762 772 
3 711 802 722 
3 733 705 803 
3 749 804 734 
3 707 651 528 
3 787 671 751 
3 708 672 805 
3 701 688 806 
3 806 688 687 
3 668 807 689 
3 767 788 808 
3 779 717 809 
3 810 680 737 
3 811 674 768 
3 674 811 745 
3 737 709 789 
3 812 746 813 
3 656 814 702 
3 747 590 697 
3 815 747 800 
3 647 783 601 
3 792 663 719 
3 773 722 802 
3 763 773 816 
3 705 774 803 
3 706 817 572 
3 651 818 706 
3 743 819 751 
3 805 672 753 
3 728 715 618 
3 778 689 807 
3 760 798 729 
3 820 745 811 
3 643 770 675 
3 656 739 814 
3 718 731 815 
3 801 669 748 
3 784 710 785 
3 773 763 684 
3 821 749 757 
3 776 774 693 
3 585 758 750 
3 786 734 804 
3 667 753 672 
3 805 765 708 
3 765 806 687 
3 727 822 797 
3 653 727 797 
3 653 754 673 
3 737 790 810 
3 696 823 634 
3 791 635 738 
3 610 645 799 
3 697 799 824 
3 718 815 825 
3 780 782 682 
3 748 826 801 
3 699 827 605 
3 817 723 572 
3 774 793 828 
3 573 666 735 
3 829 715 728 
3 830 788 716 
3 643 631 769 
3 812 645 746 
3 814 739 831 
3 827 699 832 
3 802 816 773 
3 793 776 833 
3 679 796 694 
3 666 685 834 
3 727 835 822 
3 807 836 778 
3 798 809 717 
3 716 810 830 
3 677 801 732 
3 723 832 699 
3 837 785 733 
3 733 803 837 
3 764 833 776 
3 713 786 764 
3 778 838 736 
3 715 839 760 
3 838 778 836 
3 788 767 599 
3 770 755 675 
3 783 647 792 
3 605 827 704 
3 711 840 802 
3 818 651 777 
3 735 841 777 
3 766 736 838 
3 668 823 842 
3 843 800 844 
3 815 731 747 
3 718 825 781 
3 792 719 845 
3 720 771 846 
3 803 774 828 
3 847 764 794 
3 834 848 666 
3 835 726 766 
3 727 726 835 
3 756 761 661 
3 771 740 849 
3 719 741 850 
3 850 741 784 
3 846 762 720 
3 801 851 732 
3 677 732 665 
3 762 852 772 
3 772 840 711 
3 833 764 847 
3 853 794 804 
3 759 678 750 
3 707 735 777 
3 735 666 848 
3 834 685 787 
3 854 760 839 
3 760 854 798 
3 790 789 855 
3 668 634 823 
3 824 800 697 
3 761 831 739 
3 784 785 856 
3 857 728 754 
3 829 728 857 
3 858 809 798 
3 810 716 680 
3 779 855 789 
3 668 842 807 
3 645 812 799 
3 800 843 815 
3 780 781 859 
3 783 860 756 
3 670 861 740 
3 816 802 862 
3 862 802 840 
3 863 763 816 
3 864 758 775 
3 758 864 865 
3 865 750 758 
3 751 866 787 
3 745 820 769 
3 867 755 770 
3 791 868 696 
3 826 748 869 
3 742 703 648 
3 827 870 704 
3 712 732 871 
3 872 784 856 
3 692 873 775 
3 874 837 803 
3 817 706 875 
3 876 804 749 
3 750 865 795 
3 853 877 794 
3 796 759 878 
3 819 866 751 
3 879 743 714 
3 715 829 839 
3 855 779 809 
3 768 880 811 
3 881 702 814 
3 882 824 799 
3 883 814 831 
3 785 837 856 
3 832 723 884 
3 817 884 723 
3 828 885 874 
3 875 706 818 
3 828 793 886 
3 887 793 833 
3 888 805 753 
3 835 766 889 
3 754 890 857 
3 809 858 891 
3 892 788 830 
3 893 820 811 
3 868 823 696 
3 894 738 881 
3 881 738 702 
3 843 825 815 
3 860 761 756 
3 895 783 792 
3 850 845 719 
3 861 849 740 
3 896 865 864 
3 853 804 876 
3 786 804 794 
3 877 847 794 
3 897 753 752 
3 744 701 898 
3 806 899 701 
3 890 754 797 
3 767 900 768 
3 761 860 901 
3 860 895 902 
3 903 850 784 
3 904 837 874 
3 817 905 884 
3 863 816 906 
3 875 905 817 
3 803 828 874 
3 907 821 763 
3 818 777 908 
3 714 909 879 
3 806 765 910 
3 798 854 858 
3 809 891 855 
3 830 810 911 
3 830 911 892 
3 912 807 842 
3 901 913 831 
3 782 869 748 
3 861 670 703 
3 772 914 840 
3 873 864 775 
3 763 821 757 
3 887 833 915 
3 853 876 916 
3 777 841 908 
3 694 796 917 
3 829 918 839 
3 919 854 839 
3 836 807 912 
3 900 767 808 
3 790 920 921 
3 921 810 790 
3 768 900 880 
3 842 823 922 
3 755 867 923 
3 792 845 924 
3 845 850 925 
3 856 837 904 
3 712 873 692 
3 863 907 763 
3 876 749 821 
3 759 795 878 
3 848 841 735 
3 819 743 879 
3 909 714 744 
3 898 701 899 
3 822 926 797 
3 921 911 810 
3 770 769 927 
3 883 881 814 
3 831 761 901 
3 870 742 704 
3 801 826 851 
3 827 928 870 
3 732 851 871 
3 840 929 862 
3 862 906 816 
3 915 847 930 
3 917 752 694 
3 931 897 752 
3 910 765 932 
3 892 808 788 
3 933 927 820 
3 770 927 867 
3 894 791 738 
3 846 849 934 
3 846 852 762 
3 840 914 929 
3 935 818 908 
3 834 936 848 
3 889 766 937 
3 836 938 838 
3 813 746 755 
3 831 913 883 
3 901 860 902 
3 939 924 845 
3 852 846 940 
3 852 914 772 
3 904 941 942 
3 943 863 906 
3 875 818 935 
3 793 887 886 
3 930 847 877 
3 877 853 944 
3 945 946 841 
3 753 897 888 
3 898 909 744 
3 926 890 797 
3 858 854 919 
3 922 823 868 
3 868 791 947 
3 947 791 894 
3 742 870 948 
3 832 928 827 
3 949 914 852 
3 856 950 872 
3 884 951 832 
3 874 885 941 
3 863 943 907 
3 821 952 876 
3 953 822 835 
3 857 918 829 
3 855 891 920 
3 769 820 927 
3 922 868 954 
3 799 812 955 
3 780 956 782 
3 849 846 771 
3 871 851 957 
3 871 873 712 
3 904 950 856 
3 929 906 862 
3 874 941 904 
3 916 944 853 
3 879 958 819 
3 806 910 899 
3 813 755 923 
3 799 955 882 
3 824 844 800 
3 825 859 781 
3 860 783 895 
3 895 792 924 
3 869 959 826 
3 960 948 870 
3 873 871 961 
3 885 886 962 
3 821 907 952 
3 916 876 952 
3 833 847 915 
3 946 908 841 
3 787 963 834 
3 917 931 752 
3 898 899 964 
3 822 953 965 
3 927 966 867 
3 782 956 869 
3 967 851 826 
3 940 949 852 
3 945 841 848 
3 936 834 963 
3 866 963 787 
3 888 932 805 
3 965 926 822 
3 835 889 953 
3 891 968 969 
3 970 808 892 
3 966 923 867 
3 780 859 956 
3 703 948 971 
3 846 934 940 
3 875 935 905 
3 885 828 886 
3 887 972 973 
3 952 974 916 
3 975 930 877 
3 976 917 796 
3 964 899 977 
3 790 855 920 
3 880 893 811 
3 978 812 813 
3 913 979 883 
3 861 980 849 
3 861 971 980 
3 742 948 703 
3 905 981 884 
3 982 943 906 
3 907 943 983 
3 984 795 865 
3 963 866 985 
3 805 932 765 
3 986 898 964 
3 987 890 926 
3 857 890 988 
3 918 857 988 
3 937 766 838 
3 920 891 969 
3 970 900 808 
3 947 954 868 
3 979 881 883 
3 843 989 825 
3 825 989 859 
3 980 934 849 
3 990 871 957 
3 952 907 983 
3 991 932 888 
3 910 977 899 
3 880 992 993 
3 893 880 993 
3 843 844 994 
3 703 971 861 
3 959 967 826 
3 961 995 864 
3 864 995 896 
3 915 972 887 
3 996 916 974 
3 795 997 878 
3 977 998 964 
3 839 999 919 
3 1000 919 1001 
3 923 1002 1003 
3 1003 813 923 
3 1004 869 956 
3 939 845 925 
3 925 850 903 
3 903 784 872 
3 1005 929 914 
3 962 886 973 
3 974 952 983 
3 887 973 886 
3 996 944 916 
3 796 878 976 
3 945 848 936 
3 1006 917 976 
3 909 898 986 
3 918 999 839 
3 919 1000 858 
3 921 1007 911 
3 842 922 912 
3 1002 923 966 
3 1008 955 978 
3 1009 956 859 
3 895 924 1010 
3 951 928 832 
3 851 1011 957 
3 914 949 1005 
3 904 942 950 
3 819 1012 866 
3 958 879 1013 
3 1014 1015 965 
3 926 1016 987 
3 933 820 893 
3 912 1017 836 
3 922 1018 912 
3 1003 978 813 
3 1010 902 895 
3 943 1019 983 
3 935 908 1020 
3 958 1012 819 
3 1013 909 986 
3 1016 926 965 
3 890 987 988 
3 969 1021 920 
3 921 1021 1007 
3 824 1022 844 
3 934 1023 940 
3 929 1024 906 
3 1006 931 917 
3 932 1025 910 
3 955 812 978 
3 1009 1004 956 
3 869 1004 959 
3 885 1026 941 
3 795 984 997 
3 972 915 1027 
3 877 944 975 
3 1013 879 909 
3 1016 965 1015 
3 891 858 968 
3 1028 933 893 
3 843 994 989 
3 1029 913 901 
3 924 1030 1010 
3 924 939 1030 
3 1023 934 980 
3 870 928 960 
3 903 1031 925 
3 1032 872 950 
3 951 884 981 
3 1024 1033 982 
3 935 1034 905 
3 984 865 896 
3 930 1027 915 
3 953 1014 965 
3 1035 988 987 
3 937 838 938 
3 900 970 992 
3 966 933 1036 
3 881 1037 894 
3 1037 881 979 
3 901 902 1029 
3 925 1038 939 
3 1032 903 872 
3 1005 949 1039 
3 1040 951 981 
3 1024 929 1005 
3 871 990 961 
3 864 873 961 
3 906 1024 982 
3 1019 943 982 
3 975 944 1041 
3 1042 976 878 
3 1043 963 985 
3 866 1012 985 
3 999 918 1044 
3 920 1021 921 
3 900 992 880 
3 1003 1045 978 
3 1046 882 955 
3 994 1047 989 
3 1048 1009 859 
3 1010 1049 902 
3 1011 851 967 
3 1050 1039 949 
3 1051 990 957 
3 981 905 1052 
3 995 1053 896 
3 885 962 1026 
3 1019 1054 983 
3 1055 962 973 
3 996 1041 944 
3 1042 878 997 
3 888 897 1056 
3 999 1001 919 
3 1021 969 1057 
3 1058 1059 970 
3 1060 933 1028 
3 1022 824 882 
3 844 1061 994 
3 1031 903 1032 
3 1045 1003 1062 
3 955 1008 1046 
3 1063 913 1029 
3 1048 859 989 
3 959 1064 967 
3 1034 935 1020 
3 975 1065 930 
3 1025 977 910 
3 1015 1014 1066 
3 1014 889 1067 
3 1014 953 889 
3 892 911 1058 
3 1017 912 1018 
3 927 933 966 
3 1036 1002 966 
3 959 1004 1068 
3 1069 1023 980 
3 1064 1011 967 
3 940 1070 949 
3 942 1071 950 
3 984 896 1072 
3 946 1020 908 
3 1073 996 974 
3 991 1074 932 
3 1075 991 1056 
3 988 1044 918 
3 1076 1001 999 
3 1037 1077 894 
3 981 1052 1040 
3 1019 1078 1079 
3 1072 997 984 
3 1006 976 1080 
3 963 1043 936 
3 1013 1081 958 
3 888 1056 991 
3 1067 889 937 
3 893 993 1028 
3 947 894 1077 
3 1046 1022 882 
3 913 1063 979 
3 1051 957 1011 
3 995 1082 1053 
3 1083 942 941 
3 1084 1065 975 
3 945 936 1085 
3 1085 936 1043 
3 897 931 1086 
3 1087 987 1016 
3 1088 1058 911 
3 1089 1028 993 
3 1047 1048 989 
3 1090 1004 1009 
3 1030 1091 1010 
3 1069 980 971 
3 1023 1070 940 
3 974 983 1054 
3 1073 974 1054 
3 1041 996 1092 
3 1027 930 1065 
3 945 1093 946 
3 931 1006 1086 
3 938 836 1017 
3 892 1058 970 
3 954 1094 1018 
3 1062 1003 1002 
3 1071 1032 950 
3 1052 905 1034 
3 973 1095 1055 
3 1054 1019 1079 
3 1073 1092 996 
3 897 1086 1056 
3 1015 1066 1096 
3 1016 1015 1096 
3 937 938 1097 
3 1000 968 858 
3 1057 969 1098 
3 1099 1007 1021 
3 954 1018 922 
3 1100 947 1077 
3 1029 902 1049 
3 1030 1101 1091 
3 1102 1101 1030 
3 928 1103 960 
3 1104 1031 1032 
3 1093 945 1085 
3 976 1042 1080 
3 1105 1066 1014 
3 938 1017 1106 
3 911 1007 1088 
3 1107 992 970 
3 1061 844 1022 
3 1049 1010 1091 
3 948 1108 971 
3 1064 1109 1011 
3 1110 928 951 
3 1034 1111 1112 
3 973 972 1095 
3 1012 958 1113 
3 1074 991 1075 
3 1014 1067 1105 
3 1035 987 1087 
3 1000 1114 968 
3 1115 993 992 
3 1116 1089 1115 
3 954 947 1100 
3 1046 1117 1022 
3 1004 1090 1068 
3 1110 951 1040 
3 1109 1051 1011 
3 1118 942 1083 
3 1020 1111 1034 
3 1019 982 1078 
3 1055 1026 962 
3 1119 972 1027 
3 1120 1092 1073 
3 1121 1013 986 
3 1044 988 1035 
3 1000 1001 1122 
3 938 1106 1097 
3 1028 1089 1123 
3 1028 1123 1060 
3 1060 1036 933 
3 1037 1124 1077 
3 979 1125 1037 
3 1125 979 1063 
3 1048 1126 1009 
3 1108 1127 971 
3 1078 982 1033 
3 896 1053 1072 
3 1054 1120 1073 
3 1041 1128 975 
3 932 1074 1025 
3 1076 999 1044 
3 1067 937 1097 
3 992 1107 1115 
3 1107 970 1059 
3 1129 1002 1036 
3 1117 1061 1022 
3 1063 1130 1131 
3 1069 971 1127 
3 949 1070 1050 
3 1132 1024 1005 
3 1133 1040 1052 
3 1132 1033 1024 
3 1041 1092 1134 
3 1086 1006 1135 
3 1025 998 977 
3 1099 1021 1057 
3 1036 1060 1136 
3 1094 954 1100 
3 978 1045 1008 
3 1137 1008 1045 
3 1117 1046 1138 
3 1047 994 1139 
3 1130 1029 1049 
3 1009 1126 1090 
3 925 1031 1038 
3 928 1110 1103 
3 1005 1039 1132 
3 1082 961 990 
3 1140 1027 1065 
3 1084 975 1128 
3 1141 1042 1142 
3 1056 1086 1143 
3 1087 1016 1144 
3 1145 1146 1076 
3 1060 1123 1136 
3 1008 1137 1046 
3 1063 1029 1130 
3 948 960 1108 
3 960 1103 1147 
3 961 1082 995 
3 1083 1026 1148 
3 1055 1148 1026 
3 1148 1055 1149 
3 1149 1055 1095 
3 1150 1080 1141 
3 958 1081 1113 
3 1035 1145 1044 
3 1000 1122 1114 
3 969 968 1098 
3 1138 1046 1137 
3 1108 1147 1151 
3 1108 960 1147 
3 946 1152 1020 
3 1153 1084 1154 
3 1042 1141 1080 
3 1155 1085 1043 
3 1056 1143 1075 
3 1156 998 1025 
3 1121 1081 1013 
3 1076 1044 1145 
3 1157 1158 1018 
3 1002 1159 1062 
3 939 1102 1030 
3 1040 1160 1110 
3 1052 1034 1112 
3 1119 1161 1095 
3 997 1072 1142 
3 972 1119 1095 
3 1027 1140 1162 
3 1140 1084 1153 
3 1140 1065 1084 
3 1163 1135 1006 
3 1012 1164 985 
3 1074 1156 1025 
3 986 1165 1121 
3 1016 1096 1144 
3 1122 1001 1076 
3 1124 1037 1125 
3 1069 1166 1023 
3 1031 1167 1038 
3 1103 1110 1160 
3 1168 1132 1039 
3 942 1118 1071 
3 1054 1079 1169 
3 1093 1152 946 
3 1119 1027 1162 
3 1135 1143 1086 
3 1081 1170 1113 
3 1156 1074 1171 
3 1066 1105 1172 
3 1098 968 1114 
3 993 1115 1089 
3 1017 1018 1158 
3 1173 1103 1160 
3 1052 1112 1133 
3 1083 941 1026 
3 1120 1169 1174 
3 997 1142 1042 
3 1175 1087 1144 
3 1105 1176 1177 
3 1106 1178 1097 
3 1129 1036 1136 
3 1045 1062 1179 
3 1068 1064 959 
3 1032 1071 1104 
3 1111 1020 1180 
3 1053 1181 1072 
3 1080 1150 1163 
3 1182 1075 1143 
3 1175 1035 1087 
3 1122 1146 1183 
3 1114 1122 1184 
3 1185 1059 1058 
3 1124 1125 1186 
3 1167 1031 1104 
3 1160 1040 1133 
3 990 1051 1187 
3 990 1187 1082 
3 1188 1118 1083 
3 1078 1189 1079 
3 1134 1128 1041 
3 1163 1006 1080 
3 985 1190 1043 
3 1012 1113 1164 
3 1067 1097 1176 
3 1106 1017 1158 
3 1049 1191 1130 
3 1127 1166 1069 
3 1188 1083 1148 
3 1072 1181 1192 
3 1152 1180 1020 
3 1161 1149 1095 
3 1162 1161 1119 
3 1153 1193 1140 
3 1074 1075 1194 
3 1195 1121 1165 
3 1144 1196 1175 
3 1172 1105 1177 
3 1058 1088 1185 
3 1094 1157 1018 
3 1117 1197 1061 
3 1198 1048 1047 
3 1108 1151 1127 
3 1023 1199 1070 
3 1118 1200 1071 
3 1033 1132 1201 
3 1033 1202 1078 
3 1072 1192 1142 
3 1169 1120 1054 
3 1203 1141 1142 
3 1162 1140 1193 
3 1204 1113 1170 
3 1175 1145 1035 
3 1205 1089 1116 
3 1206 1137 1045 
3 1139 994 1061 
3 1091 1207 1049 
3 1199 1023 1166 
3 1118 1208 1200 
3 1164 1190 985 
3 1171 1074 1194 
3 1194 1075 1182 
3 1105 1067 1176 
3 1178 1176 1097 
3 1122 1183 1184 
3 1116 1115 1209 
3 1107 1059 1210 
3 1088 1007 1211 
3 1100 1212 1094 
3 1124 1213 1077 
3 1198 1139 1214 
3 1202 1189 1078 
3 1079 1215 1169 
3 1152 1093 1216 
3 1084 1128 1154 
3 1085 1217 1093 
3 1122 1076 1146 
3 1184 1218 1098 
3 1007 1099 1211 
3 1002 1129 1159 
3 1138 1197 1117 
3 1125 1063 1131 
3 1130 1219 1131 
3 1207 1191 1049 
3 1207 1101 1220 
3 1102 1038 1221 
3 1222 1109 1223 
3 1050 1168 1039 
3 1104 1071 1200 
3 1111 1224 1112 
3 1170 1081 1225 
3 1210 1059 1226 
3 1197 1139 1061 
3 1047 1139 1198 
3 1207 1091 1101 
3 1223 1064 1068 
3 1223 1109 1064 
3 1147 1103 1173 
3 1161 1227 1149 
3 1228 1229 1150 
3 1081 1121 1225 
3 1096 1066 1230 
3 1230 1066 1172 
3 1231 1145 1175 
3 1116 1209 1232 
3 1232 1205 1116 
3 1115 1107 1209 
3 1205 1123 1089 
3 1100 1077 1213 
3 1213 1124 1233 
3 1186 1125 1234 
3 1048 1198 1235 
3 1235 1126 1048 
3 1050 1070 1236 
3 1142 1192 1203 
3 1162 1237 1161 
3 1155 1043 1190 
3 1163 1238 1135 
3 1239 1182 1238 
3 1240 1195 1241 
3 1098 1114 1184 
3 1242 1099 1057 
3 939 1038 1102 
3 1243 1133 1112 
3 1243 1112 1224 
3 1118 1188 1208 
3 1082 1244 1053 
3 1188 1148 1245 
3 1053 1244 1181 
3 1149 1246 1148 
3 1180 1152 1247 
3 1237 1227 1161 
3 1162 1193 1237 
3 1120 1248 1092 
3 1204 1249 1164 
3 1143 1135 1238 
3 1250 1185 1211 
3 1159 1129 1251 
3 1159 1179 1062 
3 1252 1197 1138 
3 1253 1139 1197 
3 1219 1254 1131 
3 1219 1130 1191 
3 1082 1187 1244 
3 1201 1202 1033 
3 1111 1255 1224 
3 1180 1255 1111 
3 1246 1227 1256 
3 1227 1246 1149 
3 1216 1093 1217 
3 1120 1174 1257 
3 1248 1134 1092 
3 1228 1150 1141 
3 1155 1217 1085 
3 1229 1163 1150 
3 1113 1204 1164 
3 1225 1121 1195 
3 1098 1258 1057 
3 1136 1259 1129 
3 1213 1212 1100 
3 1191 1207 1260 
3 1038 1167 1221 
3 1147 1261 1151 
3 1236 1070 1199 
3 1050 1262 1168 
3 1168 1201 1132 
3 1141 1203 1228 
3 1237 1193 1263 
3 1164 1249 1190 
3 1163 1229 1238 
3 1264 998 1156 
3 1195 1265 1225 
3 1258 1098 1218 
3 1250 1226 1185 
3 1226 1059 1185 
3 1158 1266 1106 
3 1157 1267 1158 
3 1137 1206 1268 
3 1269 1068 1090 
3 1223 1068 1270 
3 1127 1271 1166 
3 1272 1051 1109 
3 1167 1104 1273 
3 1272 1187 1051 
3 1273 1104 1200 
3 1215 1079 1189 
3 1247 1152 1216 
3 1274 1275 1153 
3 1128 1134 1276 
3 1143 1238 1182 
3 1196 1231 1175 
3 1231 1277 1145 
3 1277 1146 1145 
3 1259 1251 1129 
3 1094 1212 1157 
3 1138 1268 1252 
3 1124 1186 1233 
3 1278 1235 1198 
3 1279 1269 1090 
3 1068 1269 1270 
3 1280 1102 1221 
3 1151 1261 1281 
3 1282 1173 1160 
3 1120 1257 1248 
3 1153 1275 1193 
3 1128 1276 1154 
3 1283 1171 1284 
3 1156 1171 1283 
3 1099 1242 1211 
3 1210 1209 1107 
3 1123 1205 1285 
3 1285 1136 1123 
3 1179 1206 1045 
3 1286 1233 1186 
3 1131 1234 1125 
3 1126 1235 1279 
3 1271 1151 1281 
3 1151 1271 1127 
3 1147 1173 1261 
3 1275 1263 1193 
3 1287 1225 1265 
3 1288 1172 1177 
3 1177 1176 1289 
3 1106 1290 1178 
3 1258 1242 1057 
3 1291 1211 1242 
3 1213 1292 1212 
3 1252 1253 1197 
3 1214 1139 1253 
3 1167 1293 1221 
3 1294 1189 1202 
3 1215 1295 1174 
3 1230 1172 1288 
3 1296 1183 1146 
3 1297 1184 1183 
3 1178 1289 1176 
3 1137 1268 1138 
3 1298 1299 1222 
3 1300 1293 1273 
3 1293 1167 1273 
3 1168 1262 1301 
3 1133 1282 1160 
3 1192 1181 1302 
3 1192 1302 1203 
3 1227 1237 1303 
3 1304 1194 1182 
3 1240 1265 1195 
3 1296 1146 1277 
3 1285 1205 1305 
3 1266 1158 1267 
3 1159 1306 1179 
3 1233 1292 1213 
3 1234 1131 1254 
3 1198 1214 1278 
3 1279 1090 1126 
3 1307 1308 1221 
3 1222 1272 1109 
3 1133 1243 1282 
3 1200 1208 1309 
3 1243 1224 1310 
3 1311 1144 1096 
3 1177 1289 1312 
3 1313 1289 1178 
3 1211 1291 1250 
3 1291 1314 1250 
3 1185 1088 1211 
3 1298 1223 1270 
3 1166 1271 1315 
3 1262 1050 1236 
3 1273 1200 1309 
3 1310 1224 1316 
3 1294 1215 1189 
3 1317 1276 1134 
3 1318 1155 1319 
3 1190 1249 1319 
3 1170 1225 1287 
3 1283 1264 1156 
3 1177 1312 1288 
3 1320 1191 1260 
3 1260 1207 1220 
3 1208 1188 1321 
3 1257 1317 1248 
3 1154 1274 1153 
3 1317 1134 1248 
3 1284 1171 1304 
3 1266 1290 1106 
3 1322 1235 1278 
3 1281 1315 1271 
3 1236 1199 1323 
3 1222 1299 1324 
3 1309 1208 1325 
3 1202 1201 1326 
3 1202 1326 1294 
3 1247 1327 1255 
3 1303 1256 1227 
3 1303 1237 1263 
3 1228 1328 1229 
3 1155 1318 1217 
3 1194 1304 1171 
3 1311 1196 1144 
3 1312 1289 1329 
3 1232 1330 1331 
3 1232 1332 1205 
3 1254 1219 1333 
3 1280 1220 1101 
3 1280 1101 1102 
3 1323 1199 1166 
3 1222 1324 1272 
3 1201 1168 1334 
3 1325 1208 1321 
3 1244 1335 1336 
3 1244 1336 1181 
3 1240 1264 1337 
3 1230 1311 1096 
3 1297 1218 1184 
3 1290 1313 1178 
3 1285 1259 1136 
3 1159 1251 1306 
3 1191 1320 1219 
3 1338 1269 1279 
3 1339 1340 1261 
3 1188 1245 1321 
3 1215 1174 1169 
3 1341 1216 1217 
3 1342 1317 1257 
3 1217 1318 1341 
3 1290 1266 1343 
3 1267 1344 1345 
3 1206 1346 1347 
3 1234 1286 1186 
3 1219 1320 1333 
3 1322 1279 1235 
3 1270 1348 1298 
3 1309 1349 1300 
3 1187 1335 1244 
3 1255 1180 1247 
3 1257 1174 1350 
3 1183 1296 1297 
3 1226 1250 1351 
3 1347 1268 1206 
3 1348 1270 1269 
3 1281 1261 1340 
3 1309 1300 1273 
3 1246 1245 1148 
3 1256 1352 1246 
3 1154 1276 1353 
3 1353 1276 1354 
3 1355 1231 1196 
3 1277 1356 1296 
3 1205 1332 1305 
3 1357 1233 1286 
3 1222 1223 1298 
3 1323 1166 1315 
3 1236 1323 1358 
3 1262 1359 1301 
3 1360 1215 1294 
3 1229 1361 1362 
3 1362 1238 1229 
3 1363 1364 1283 
3 1337 1264 1283 
3 1277 1231 1365 
3 1226 1366 1210 
3 1344 1157 1212 
3 1179 1306 1346 
3 1253 1367 1368 
3 1253 1368 1214 
3 1260 1220 1369 
3 1282 1339 1173 
3 1272 1370 1187 
3 1326 1201 1334 
3 1255 1327 1316 
3 1371 1302 1181 
3 1216 1372 1247 
3 1274 1154 1353 
3 1354 1276 1317 
3 1196 1311 1373 
3 1288 1374 1230 
3 1343 1266 1375 
3 1250 1314 1351 
3 1376 1259 1285 
3 1344 1267 1157 
3 1306 1251 1377 
3 1378 1212 1292 
3 1234 1254 1286 
3 1333 1379 1254 
3 1308 1280 1221 
3 1358 1262 1236 
3 1243 1380 1282 
3 1187 1370 1335 
3 1294 1326 1381 
3 1327 1247 1372 
3 1360 1295 1215 
3 1190 1319 1155 
3 1182 1382 1304 
3 1383 1240 1337 
3 1337 1283 1364 
3 1232 1331 1332 
3 1210 1366 1209 
3 1330 1209 1366 
3 1305 1376 1285 
3 1179 1346 1206 
3 1384 1293 1300 
3 1385 1326 1334 
3 1228 1203 1386 
3 1239 1382 1182 
3 1355 1365 1231 
3 1357 1292 1233 
3 1387 1338 1322 
3 1358 1359 1262 
3 1168 1301 1334 
3 1354 1317 1388 
3 1363 1284 1389 
3 1218 1297 1390 
3 1291 1242 1391 
3 1269 1338 1348 
3 1293 1307 1221 
3 1384 1307 1293 
3 1315 1392 1323 
3 1393 1334 1301 
3 1394 1336 1335 
3 1381 1326 1385 
3 1174 1295 1350 
3 1317 1342 1388 
3 1389 1284 1304 
3 1287 1395 1170 
3 1240 1383 1265 
3 1364 1396 1337 
3 1329 1397 1312 
3 1242 1258 1391 
3 1366 1226 1351 
3 1259 1398 1251 
3 1378 1399 1344 
3 1254 1379 1286 
3 1400 1315 1281 
3 1316 1327 1401 
3 1245 1246 1352 
3 1381 1360 1294 
3 1402 1203 1302 
3 1352 1256 1403 
3 1275 1404 1263 
3 1404 1275 1274 
3 1238 1362 1239 
3 1382 1389 1304 
3 1373 1355 1196 
3 1356 1277 1365 
3 1306 1405 1346 
3 1406 1280 1308 
3 1173 1339 1261 
3 1324 1370 1272 
3 1224 1255 1316 
3 1371 1181 1336 
3 1203 1402 1386 
3 1284 1363 1283 
3 1288 1407 1374 
3 1312 1407 1288 
3 1218 1408 1258 
3 1330 1232 1209 
3 1331 1409 1332 
3 1345 1344 1399 
3 1306 1377 1405 
3 1378 1292 1410 
3 1279 1322 1338 
3 1220 1280 1406 
3 1370 1324 1411 
3 1334 1393 1385 
3 1310 1316 1412 
3 1413 1401 1327 
3 1395 1204 1170 
3 1414 1337 1396 
3 1407 1312 1397 
3 1366 1415 1330 
3 1368 1416 1214 
3 1278 1214 1416 
3 1417 1320 1260 
3 1406 1308 1418 
3 1358 1323 1392 
3 1419 1300 1349 
3 1420 1339 1282 
3 1421 1335 1370 
3 1243 1310 1380 
3 1412 1422 1310 
3 1249 1423 1319 
3 1382 1239 1424 
3 1265 1383 1425 
3 1425 1383 1414 
3 1383 1337 1414 
3 1426 1314 1291 
3 1378 1344 1212 
3 1417 1260 1369 
3 1220 1406 1369 
3 1427 1348 1338 
3 1400 1392 1315 
3 1380 1420 1282 
3 1301 1359 1393 
3 1370 1411 1421 
3 1394 1335 1421 
3 1302 1371 1402 
3 1228 1386 1328 
3 1249 1204 1428 
3 1429 1364 1363 
3 1430 1311 1374 
3 1431 1365 1355 
3 1313 1329 1289 
3 1290 1343 1313 
3 1399 1378 1432 
3 1410 1292 1357 
3 1281 1433 1400 
3 1433 1281 1340 
3 1434 1321 1245 
3 1434 1245 1352 
3 1372 1216 1341 
3 1287 1265 1425 
3 1364 1429 1396 
3 1435 1415 1366 
3 1305 1332 1436 
3 1436 1376 1305 
3 1251 1398 1377 
3 1437 1347 1346 
3 1367 1253 1252 
3 1349 1325 1438 
3 1380 1310 1422 
3 1349 1309 1325 
3 1371 1336 1439 
3 1440 1350 1295 
3 1424 1239 1362 
3 1428 1204 1395 
3 1441 1355 1373 
3 1408 1218 1390 
3 1366 1351 1435 
3 1442 1351 1314 
3 1346 1405 1437 
3 1368 1443 1416 
3 1412 1316 1401 
3 1311 1230 1374 
3 1356 1365 1444 
3 1356 1445 1296 
3 1343 1446 1313 
3 1415 1331 1330 
3 1447 1333 1320 
3 1427 1338 1387 
3 1307 1448 1308 
3 1449 1299 1298 
3 1384 1300 1419 
3 1324 1299 1450 
3 1321 1434 1451 
3 1452 1440 1295 
3 1256 1303 1403 
3 1257 1350 1342 
3 1423 1249 1428 
3 1445 1453 1297 
3 1432 1378 1410 
3 1454 1268 1347 
3 1286 1379 1455 
3 1278 1456 1322 
3 1417 1447 1320 
3 1384 1457 1458 
3 1438 1419 1349 
3 1359 1459 1393 
3 1393 1460 1385 
3 1321 1451 1325 
3 1461 1423 1462 
3 1287 1463 1395 
3 1356 1464 1445 
3 1390 1297 1453 
3 1313 1446 1329 
3 1266 1267 1375 
3 1376 1398 1259 
3 1399 1465 1345 
3 1347 1437 1466 
3 1347 1466 1454 
3 1268 1454 1252 
3 1467 1443 1368 
3 1278 1416 1456 
3 1418 1308 1448 
3 1468 1340 1339 
3 1350 1469 1342 
3 1461 1318 1319 
3 1361 1229 1328 
3 1424 1470 1382 
3 1382 1470 1389 
3 1471 1395 1463 
3 1414 1472 1425 
3 1311 1430 1373 
3 1355 1441 1431 
3 1365 1431 1444 
3 1297 1296 1445 
3 1473 1409 1331 
3 1391 1426 1291 
3 1474 1343 1375 
3 1345 1375 1267 
3 1375 1345 1465 
3 1394 1421 1475 
3 1402 1371 1476 
3 1350 1440 1469 
3 1353 1477 1274 
3 1461 1319 1423 
3 1471 1428 1395 
3 1429 1363 1478 
3 1425 1463 1287 
3 1397 1479 1480 
3 1426 1481 1314 
3 1482 1398 1376 
3 1377 1483 1484 
3 1405 1377 1485 
3 1454 1367 1252 
3 1286 1455 1357 
3 1486 1348 1427 
3 1298 1348 1486 
3 1358 1392 1487 
3 1340 1468 1488 
3 1422 1489 1380 
3 1336 1394 1439 
3 1490 1413 1372 
3 1491 1403 1303 
3 1342 1469 1492 
3 1263 1491 1303 
3 1404 1493 1263 
3 1354 1494 1353 
3 1363 1389 1478 
3 1258 1408 1391 
3 1314 1481 1442 
3 1465 1399 1495 
3 1432 1410 1496 
3 1456 1387 1322 
3 1369 1406 1497 
3 1307 1384 1458 
3 1340 1488 1433 
3 1450 1411 1324 
3 1438 1325 1451 
3 1477 1404 1274 
3 1470 1478 1389 
3 1407 1498 1374 
3 1499 1453 1445 
3 1438 1500 1419 
3 1420 1468 1339 
3 1359 1487 1459 
3 1318 1501 1341 
3 1494 1477 1353 
3 1461 1501 1318 
3 1441 1430 1502 
3 1415 1435 1503 
3 1399 1432 1504 
3 1455 1505 1357 
3 1467 1367 1506 
3 1379 1507 1508 
3 1486 1449 1298 
3 1392 1400 1509 
3 1487 1359 1358 
3 1489 1420 1380 
3 1459 1460 1393 
3 1510 1438 1451 
3 1394 1475 1439 
3 1511 1451 1434 
3 1512 1352 1403 
3 1452 1295 1360 
3 1490 1372 1341 
3 1498 1430 1374 
3 1513 1498 1407 
3 1464 1356 1444 
3 1391 1514 1426 
3 1399 1504 1495 
3 1367 1467 1368 
3 1406 1418 1497 
3 1515 1400 1433 
3 1392 1509 1487 
3 1511 1434 1512 
3 1491 1263 1493 
3 1493 1404 1516 
3 1494 1354 1517 
3 1423 1518 1462 
3 1470 1424 1519 
3 1430 1441 1373 
3 1474 1446 1343 
3 1351 1442 1435 
3 1520 1416 1443 
3 1447 1507 1333 
3 1521 1418 1522 
3 1458 1448 1307 
3 1523 1468 1420 
3 1381 1524 1525 
3 1381 1525 1360 
3 1327 1372 1413 
3 1402 1526 1386 
3 1341 1501 1490 
3 1527 1328 1528 
3 1362 1361 1424 
3 1396 1429 1529 
3 1331 1415 1473 
3 1437 1405 1485 
3 1508 1455 1379 
3 1520 1456 1416 
3 1400 1515 1509 
3 1422 1412 1530 
3 1530 1412 1401 
3 1472 1463 1425 
3 1397 1329 1479 
3 1531 1390 1453 
3 1532 1408 1390 
3 1391 1408 1514 
3 1533 1534 1449 
3 1515 1433 1488 
3 1419 1500 1457 
3 1489 1523 1420 
3 1450 1535 1411 
3 1500 1438 1510 
3 1411 1536 1421 
3 1421 1536 1475 
3 1451 1511 1537 
3 1491 1493 1538 
3 1446 1479 1329 
3 1436 1482 1376 
3 1505 1410 1357 
3 1497 1418 1521 
3 1449 1534 1539 
3 1539 1299 1449 
3 1457 1384 1419 
3 1460 1524 1385 
3 1371 1439 1476 
3 1403 1491 1538 
3 1328 1386 1528 
3 1388 1517 1354 
3 1527 1361 1328 
3 1423 1428 1518 
3 1478 1540 1429 
3 1407 1397 1513 
3 1415 1503 1473 
3 1505 1455 1541 
3 1541 1508 1542 
3 1508 1541 1455 
3 1507 1379 1333 
3 1299 1539 1450 
3 1459 1543 1460 
3 1381 1385 1524 
3 1476 1526 1402 
3 1452 1544 1440 
3 1545 1461 1462 
3 1472 1414 1546 
3 1547 1431 1441 
3 1502 1430 1548 
3 1426 1514 1549 
3 1435 1550 1503 
3 1454 1466 1506 
3 1506 1367 1454 
3 1497 1551 1369 
3 1509 1552 1487 
3 1535 1536 1411 
3 1451 1537 1510 
3 1360 1525 1452 
3 1477 1516 1404 
3 1428 1471 1518 
3 1441 1502 1547 
3 1444 1431 1553 
3 1532 1390 1531 
3 1437 1554 1466 
3 1443 1467 1555 
3 1508 1556 1542 
3 1447 1557 1558 
3 1515 1559 1509 
3 1476 1439 1560 
3 1512 1434 1352 
3 1386 1526 1528 
3 1501 1561 1490 
3 1388 1342 1492 
3 1396 1562 1546 
3 1514 1532 1563 
3 1474 1465 1564 
3 1496 1504 1432 
3 1496 1410 1505 
3 1467 1506 1565 
3 1566 1520 1443 
3 1456 1520 1567 
3 1551 1557 1417 
3 1486 1427 1533 
3 1460 1568 1524 
3 1525 1524 1569 
3 1538 1570 1403 
3 1440 1571 1469 
3 1572 1424 1361 
3 1414 1396 1546 
3 1529 1562 1396 
3 1408 1532 1514 
3 1332 1409 1436 
3 1573 1506 1554 
3 1447 1558 1507 
3 1515 1488 1574 
3 1468 1575 1488 
3 1413 1576 1401 
3 1512 1403 1570 
3 1501 1461 1545 
3 1494 1577 1477 
3 1361 1527 1572 
3 1540 1529 1429 
3 1578 1464 1444 
3 1479 1446 1579 
3 1474 1579 1446 
3 1474 1375 1465 
3 1554 1506 1466 
3 1456 1580 1387 
3 1581 1582 1427 
3 1551 1497 1521 
3 1427 1582 1533 
3 1450 1539 1535 
3 1468 1523 1575 
3 1530 1401 1576 
3 1583 1517 1388 
3 1577 1494 1517 
3 1462 1584 1545 
3 1426 1549 1481 
3 1437 1585 1554 
3 1417 1557 1447 
3 1417 1369 1551 
3 1581 1427 1387 
3 1551 1521 1586 
3 1523 1489 1587 
3 1440 1544 1571 
3 1588 1528 1526 
3 1501 1545 1561 
3 1492 1583 1388 
3 1584 1462 1518 
3 1471 1463 1589 
3 1463 1472 1589 
3 1563 1549 1514 
3 1590 1482 1436 
3 1483 1377 1398 
3 1591 1495 1592 
3 1467 1565 1555 
3 1593 1575 1523 
3 1594 1489 1422 
3 1595 1476 1560 
3 1596 1576 1413 
3 1452 1525 1569 
3 1397 1480 1513 
3 1499 1531 1453 
3 1436 1409 1590 
3 1481 1549 1597 
3 1495 1564 1465 
3 1520 1566 1567 
3 1387 1580 1581 
3 1559 1515 1574 
3 1526 1476 1595 
3 1516 1598 1493 
3 1583 1599 1517 
3 1600 1516 1477 
3 1424 1572 1519 
3 1519 1601 1470 
3 1589 1472 1602 
3 1602 1472 1546 
3 1431 1547 1553 
3 1603 1409 1473 
3 1592 1495 1504 
3 1377 1484 1485 
3 1496 1505 1604 
3 1507 1556 1508 
3 1558 1556 1507 
3 1486 1533 1449 
3 1594 1422 1530 
3 1512 1570 1605 
3 1538 1606 1570 
3 1469 1571 1607 
3 1538 1493 1598 
3 1545 1608 1561 
3 1478 1470 1601 
3 1529 1609 1562 
3 1480 1610 1513 
3 1409 1603 1611 
3 1442 1481 1612 
3 1437 1485 1585 
3 1458 1613 1448 
3 1460 1543 1568 
3 1528 1588 1614 
3 1547 1502 1615 
3 1484 1616 1485 
3 1541 1604 1505 
3 1617 1457 1500 
3 1475 1536 1618 
3 1569 1544 1452 
3 1490 1619 1413 
3 1607 1492 1469 
3 1584 1620 1545 
3 1479 1621 1480 
3 1532 1531 1622 
3 1409 1611 1590 
3 1481 1597 1612 
3 1564 1495 1591 
3 1592 1504 1623 
3 1456 1567 1580 
3 1539 1534 1624 
3 1625 1535 1539 
3 1439 1475 1560 
3 1596 1413 1619 
3 1626 1588 1526 
3 1561 1619 1490 
3 1598 1516 1627 
3 1577 1517 1599 
3 1499 1445 1464 
3 1628 1484 1629 
3 1506 1573 1565 
3 1566 1443 1555 
3 1594 1587 1489 
3 1524 1630 1569 
3 1528 1614 1527 
3 1471 1589 1631 
3 1602 1562 1632 
3 1547 1615 1633 
3 1633 1553 1547 
3 1498 1513 1548 
3 1548 1513 1610 
3 1610 1480 1634 
3 1579 1474 1635 
3 1435 1442 1550 
3 1483 1398 1482 
3 1496 1623 1504 
3 1623 1496 1604 
3 1557 1636 1558 
3 1551 1636 1557 
3 1637 1521 1522 
3 1448 1522 1418 
3 1475 1618 1638 
3 1638 1560 1475 
3 1588 1626 1639 
3 1640 1601 1519 
3 1540 1478 1601 
3 1602 1546 1562 
3 1540 1641 1529 
3 1430 1498 1548 
3 1563 1622 1642 
3 1643 1603 1473 
3 1539 1624 1625 
3 1617 1500 1644 
3 1459 1487 1552 
3 1535 1645 1536 
3 1459 1646 1543 
3 1645 1618 1536 
3 1568 1630 1524 
3 1605 1511 1512 
3 1605 1570 1647 
3 1526 1595 1626 
3 1545 1620 1608 
3 1518 1471 1648 
3 1602 1649 1589 
3 1609 1632 1562 
3 1641 1609 1529 
3 1634 1480 1621 
3 1650 1621 1479 
3 1532 1622 1563 
3 1479 1579 1650 
3 1651 1483 1482 
3 1559 1552 1509 
3 1502 1548 1652 
3 1473 1503 1643 
3 1566 1555 1653 
3 1566 1654 1567 
3 1586 1636 1551 
3 1521 1655 1586 
3 1613 1458 1656 
3 1458 1457 1656 
3 1574 1488 1657 
3 1646 1459 1552 
3 1530 1658 1594 
3 1544 1569 1659 
3 1647 1570 1606 
3 1519 1572 1660 
3 1601 1661 1540 
3 1641 1540 1661 
3 1474 1564 1635 
3 1616 1484 1628 
3 1662 1554 1585 
3 1663 1580 1567 
3 1535 1625 1645 
3 1518 1648 1584 
3 1640 1519 1660 
3 1549 1563 1664 
3 1442 1612 1550 
3 1590 1651 1482 
3 1585 1616 1665 
3 1662 1573 1554 
3 1573 1662 1666 
3 1667 1565 1573 
3 1542 1668 1541 
3 1542 1556 1669 
3 1670 1558 1636 
3 1671 1581 1580 
3 1613 1522 1448 
3 1575 1657 1488 
3 1568 1543 1672 
3 1658 1530 1576 
3 1673 1537 1511 
3 1560 1674 1595 
3 1647 1606 1675 
3 1588 1639 1614 
3 1571 1676 1677 
3 1599 1583 1678 
3 1660 1527 1614 
3 1527 1660 1572 
3 1649 1631 1589 
3 1578 1444 1553 
3 1635 1650 1579 
3 1523 1587 1593 
3 1630 1659 1569 
3 1619 1608 1679 
3 1544 1676 1571 
3 1502 1652 1615 
3 1680 1548 1610 
3 1499 1464 1681 
3 1642 1664 1563 
3 1549 1664 1597 
3 1585 1485 1616 
3 1543 1682 1672 
3 1511 1605 1673 
3 1544 1659 1676 
3 1577 1600 1477 
3 1680 1652 1548 
3 1590 1611 1683 
3 1683 1684 1651 
3 1585 1665 1662 
3 1573 1666 1667 
3 1685 1534 1686 
3 1510 1537 1687 
3 1647 1688 1605 
3 1639 1626 1689 
3 1677 1607 1571 
3 1690 1678 1583 
3 1691 1678 1690 
3 1692 1599 1678 
3 1584 1648 1693 
3 1648 1471 1631 
3 1649 1632 1694 
3 1632 1649 1602 
3 1695 1531 1499 
3 1623 1604 1696 
3 1604 1541 1668 
3 1667 1555 1565 
3 1522 1697 1637 
3 1698 1645 1625 
3 1699 1618 1645 
3 1638 1674 1560 
3 1688 1647 1675 
3 1596 1619 1679 
3 1608 1619 1561 
3 1538 1598 1606 
3 1631 1649 1700 
3 1700 1649 1694 
3 1701 1702 1503 
3 1590 1683 1651 
3 1629 1484 1483 
3 1580 1663 1671 
3 1586 1703 1636 
3 1686 1533 1582 
3 1613 1697 1522 
3 1685 1624 1534 
3 1624 1704 1705 
3 1706 1574 1707 
3 1708 1552 1559 
3 1708 1646 1552 
3 1500 1510 1644 
3 1709 1630 1568 
3 1483 1651 1629 
3 1592 1623 1710 
3 1666 1711 1667 
3 1656 1457 1617 
3 1559 1574 1706 
3 1673 1605 1688 
3 1626 1712 1689 
3 1712 1626 1595 
3 1607 1690 1492 
3 1713 1516 1600 
3 1584 1693 1620 
3 1661 1640 1714 
3 1715 1694 1632 
3 1531 1695 1622 
3 1702 1643 1503 
3 1612 1716 1701 
3 1696 1604 1668 
3 1654 1566 1653 
3 1533 1686 1534 
3 1656 1717 1613 
3 1618 1699 1638 
3 1537 1673 1687 
3 1709 1568 1672 
3 1688 1718 1673 
3 1674 1712 1595 
3 1583 1492 1690 
3 1516 1713 1627 
3 1600 1577 1719 
3 1719 1577 1599 
3 1640 1661 1601 
3 1652 1680 1720 
3 1464 1578 1681 
3 1695 1499 1681 
3 1716 1612 1721 
3 1629 1651 1684 
3 1670 1556 1558 
3 1654 1663 1567 
3 1703 1586 1655 
3 1521 1637 1655 
3 1657 1575 1593 
3 1587 1594 1722 
3 1658 1722 1594 
3 1719 1599 1692 
3 1660 1723 1640 
3 1609 1715 1632 
3 1635 1724 1650 
3 1625 1705 1698 
3 1698 1699 1645 
3 1576 1596 1725 
3 1690 1607 1677 
3 1714 1640 1723 
3 1615 1652 1720 
3 1553 1726 1578 
3 1642 1622 1727 
3 1728 1666 1729 
3 1669 1556 1730 
3 1581 1671 1582 
3 1725 1658 1576 
3 1630 1731 1659 
3 1609 1732 1715 
3 1609 1641 1732 
3 1623 1696 1710 
3 1733 1668 1542 
3 1656 1617 1734 
3 1574 1657 1707 
3 1735 1638 1699 
3 1606 1598 1736 
3 1608 1620 1737 
3 1603 1738 1611 
3 1597 1721 1612 
3 1635 1564 1739 
3 1564 1591 1739 
3 1556 1670 1730 
3 1636 1740 1670 
3 1741 1646 1708 
3 1644 1510 1687 
3 1742 1674 1735 
3 1718 1688 1743 
3 1709 1731 1630 
3 1744 1725 1596 
3 1712 1674 1742 
3 1744 1596 1679 
3 1677 1676 1745 
3 1737 1679 1608 
3 1719 1746 1600 
3 1620 1693 1747 
3 1714 1748 1661 
3 1680 1610 1749 
3 1681 1750 1751 
3 1681 1751 1695 
3 1650 1752 1621 
3 1738 1603 1643 
3 1701 1503 1550 
3 1550 1612 1701 
3 1753 1685 1686 
3 1624 1685 1704 
3 1625 1624 1705 
3 1734 1717 1656 
3 1543 1646 1682 
3 1725 1754 1658 
3 1755 1756 1689 
3 1737 1620 1747 
3 1746 1713 1600 
3 1692 1757 1719 
3 1758 1660 1614 
3 1723 1759 1714 
3 1760 1648 1631 
3 1700 1760 1631 
3 1634 1749 1610 
3 1729 1666 1662 
3 1667 1761 1555 
3 1733 1542 1669 
3 1762 1582 1671 
3 1762 1686 1582 
3 1763 1655 1637 
3 1697 1613 1717 
3 1673 1718 1687 
3 1735 1674 1638 
3 1736 1627 1764 
3 1627 1736 1598 
3 1614 1639 1758 
3 1746 1719 1757 
3 1748 1714 1759 
3 1732 1641 1748 
3 1726 1553 1633 
3 1752 1765 1621 
3 1766 1727 1622 
3 1671 1767 1762 
3 1706 1708 1559 
3 1706 1768 1708 
3 1769 1587 1722 
3 1687 1770 1644 
3 1771 1772 1725 
3 1659 1773 1676 
3 1774 1679 1737 
3 1627 1775 1764 
3 1661 1748 1641 
3 1615 1720 1776 
3 1615 1776 1633 
3 1680 1749 1777 
3 1684 1683 1778 
3 1629 1684 1779 
3 1696 1668 1780 
3 1780 1668 1733 
3 1686 1762 1753 
3 1644 1781 1617 
3 1699 1782 1735 
3 1722 1658 1754 
3 1672 1783 1709 
3 1774 1744 1679 
3 1675 1606 1736 
3 1639 1756 1758 
3 1648 1760 1693 
3 1621 1765 1634 
3 1749 1634 1765 
3 1650 1724 1752 
3 1738 1643 1784 
3 1785 1724 1635 
3 1665 1616 1786 
3 1787 1592 1710 
3 1663 1654 1788 
3 1763 1637 1789 
3 1790 1698 1791 
3 1587 1792 1593 
3 1790 1699 1698 
3 1712 1742 1793 
3 1675 1743 1688 
3 1747 1693 1794 
3 1723 1758 1795 
3 1795 1759 1723 
3 1680 1777 1720 
3 1749 1765 1796 
3 1695 1751 1766 
3 1766 1622 1695 
3 1797 1798 1642 
3 1799 1597 1664 
3 1799 1721 1597 
3 1800 1683 1611 
3 1761 1667 1711 
3 1555 1761 1653 
3 1654 1653 1801 
3 1593 1802 1657 
3 1781 1644 1770 
3 1803 1736 1764 
3 1758 1723 1660 
3 1694 1715 1804 
3 1720 1805 1776 
3 1701 1716 1806 
3 1591 1592 1787 
3 1769 1792 1587 
3 1807 1808 1715 
3 1611 1738 1800 
3 1779 1628 1629 
3 1809 1739 1591 
3 1616 1628 1786 
3 1665 1729 1662 
3 1729 1665 1810 
3 1636 1703 1740 
3 1767 1671 1663 
3 1811 1753 1762 
3 1753 1812 1685 
3 1781 1734 1617 
3 1672 1682 1783 
3 1718 1813 1687 
3 1814 1731 1709 
3 1744 1771 1725 
3 1793 1689 1712 
3 1794 1693 1760 
3 1700 1694 1804 
3 1633 1776 1815 
3 1642 1798 1664 
3 1785 1635 1739 
3 1801 1788 1654 
3 1767 1663 1788 
3 1768 1706 1816 
3 1707 1816 1706 
3 1817 1708 1768 
3 1792 1802 1593 
3 1646 1741 1682 
3 1782 1699 1790 
3 1689 1756 1639 
3 1732 1818 1807 
3 1750 1681 1578 
3 1683 1800 1778 
3 1819 1786 1628 
3 1697 1717 1820 
3 1657 1802 1707 
3 1689 1793 1821 
3 1744 1822 1771 
3 1803 1675 1736 
3 1773 1745 1676 
3 1690 1677 1823 
3 1691 1690 1823 
3 1795 1758 1756 
3 1795 1824 1759 
3 1715 1732 1807 
3 1643 1702 1784 
3 1825 1702 1806 
3 1810 1665 1786 
3 1826 1669 1827 
3 1740 1730 1670 
3 1828 1829 1703 
3 1828 1655 1763 
3 1830 1717 1734 
3 1831 1743 1803 
3 1803 1743 1675 
3 1713 1746 1775 
3 1691 1832 1678 
3 1692 1678 1832 
3 1794 1760 1833 
3 1732 1748 1818 
3 1834 1726 1815 
3 1726 1750 1578 
3 1835 1766 1751 
3 1825 1784 1702 
3 1836 1739 1809 
3 1837 1710 1696 
3 1838 1780 1733 
3 1817 1741 1708 
3 1839 1781 1770 
3 1709 1783 1814 
3 1743 1840 1718 
3 1841 1803 1764 
3 1775 1627 1713 
3 1720 1777 1805 
3 1787 1809 1591 
3 1842 1787 1710 
3 1810 1786 1843 
3 1801 1653 1844 
3 1740 1703 1829 
3 1741 1845 1682 
3 1846 1793 1742 
3 1725 1772 1754 
3 1813 1718 1840 
3 1841 1764 1775 
3 1824 1795 1756 
3 1833 1760 1700 
3 1804 1833 1700 
3 1751 1750 1847 
3 1847 1835 1751 
3 1752 1848 1765 
3 1721 1849 1716 
3 1785 1739 1836 
3 1710 1837 1842 
3 1826 1733 1669 
3 1730 1740 1850 
3 1637 1697 1789 
3 1851 1816 1707 
3 1707 1802 1851 
3 1770 1687 1813 
3 1742 1735 1852 
3 1689 1821 1755 
3 1823 1677 1745 
3 1804 1715 1808 
3 1847 1750 1834 
3 1798 1799 1664 
3 1721 1799 1849 
3 1806 1702 1701 
3 1684 1778 1853 
3 1837 1696 1780 
3 1762 1854 1811 
3 1717 1830 1820 
3 1855 1830 1734 
3 1769 1722 1856 
3 1735 1782 1852 
3 1742 1852 1846 
3 1772 1856 1754 
3 1821 1846 1857 
3 1793 1846 1821 
3 1773 1659 1731 
3 1858 1737 1747 
3 1859 1832 1691 
3 1746 1757 1860 
3 1748 1759 1818 
3 1633 1815 1726 
3 1716 1861 1806 
3 1684 1853 1779 
3 1819 1628 1779 
3 1789 1697 1820 
3 1855 1734 1781 
3 1698 1705 1791 
3 1792 1769 1862 
3 1856 1722 1754 
3 1682 1845 1863 
3 1864 1856 1772 
3 1756 1755 1865 
3 1692 1866 1757 
3 1867 1727 1766 
3 1738 1784 1868 
3 1809 1787 1869 
3 1761 1844 1653 
3 1812 1704 1685 
3 1768 1870 1817 
3 1792 1871 1802 
3 1790 1791 1872 
3 1873 1852 1782 
3 1874 1846 1852 
3 1682 1863 1783 
3 1831 1840 1743 
3 1858 1747 1875 
3 1860 1775 1746 
3 1876 1860 1757 
3 1759 1877 1818 
3 1834 1750 1726 
3 1766 1835 1867 
3 1868 1800 1738 
3 1842 1869 1787 
3 1703 1655 1828 
3 1878 1705 1704 
3 1872 1782 1790 
3 1874 1852 1873 
3 1821 1857 1879 
3 1858 1774 1737 
3 1794 1875 1747 
3 1815 1776 1880 
3 1798 1881 1799 
3 1733 1826 1838 
3 1878 1704 1812 
3 1816 1870 1768 
3 1871 1851 1802 
3 1792 1862 1871 
3 1855 1781 1839 
3 1839 1770 1813 
3 1879 1857 1882 
3 1879 1755 1821 
3 1865 1755 1883 
3 1823 1859 1691 
3 1866 1692 1832 
3 1794 1884 1875 
3 1777 1749 1885 
3 1800 1868 1886 
3 1829 1850 1740 
3 1762 1767 1854 
3 1753 1811 1812 
3 1789 1887 1763 
3 1845 1741 1817 
3 1857 1846 1874 
3 1888 1857 1874 
3 1882 1857 1888 
3 1755 1879 1883 
3 1773 1889 1890 
3 1773 1890 1745 
3 1824 1756 1865 
3 1880 1776 1805 
3 1891 1847 1834 
3 1752 1724 1892 
3 1886 1778 1800 
3 1893 1729 1810 
3 1711 1666 1728 
3 1894 1895 1862 
3 1807 1896 1808 
3 1799 1881 1849 
3 1809 1869 1897 
3 1729 1893 1728 
3 1878 1898 1899 
3 1769 1894 1862 
3 1855 1839 1900 
3 1856 1894 1769 
3 1839 1813 1901 
3 1873 1902 1874 
3 1865 1877 1824 
3 1805 1777 1903 
3 1904 1797 1867 
3 1727 1797 1642 
3 1779 1853 1905 
3 1898 1878 1812 
3 1878 1791 1705 
3 1906 1871 1862 
3 1862 1895 1906 
3 1783 1863 1907 
3 1860 1841 1775 
3 1832 1908 1866 
3 1877 1759 1824 
3 1909 1807 1818 
3 1796 1765 1848 
3 1892 1848 1752 
3 1849 1881 1910 
3 1905 1819 1779 
3 1827 1669 1730 
3 1801 1911 1788 
3 1912 1820 1830 
3 1913 1830 1855 
3 1851 1871 1914 
3 1845 1817 1915 
3 1870 1915 1817 
3 1882 1916 1879 
3 1883 1917 1865 
3 1884 1794 1833 
3 1909 1818 1877 
3 1804 1918 1833 
3 1909 1896 1807 
3 1880 1805 1903 
3 1825 1806 1919 
3 1914 1871 1906 
3 1894 1856 1864 
3 1888 1920 1882 
3 1783 1921 1814 
3 1814 1889 1731 
3 1917 1877 1865 
3 1884 1833 1918 
3 1815 1880 1922 
3 1815 1922 1834 
3 1727 1867 1797 
3 1881 1798 1923 
3 1881 1924 1910 
3 1925 1784 1825 
3 1724 1926 1892 
3 1778 1927 1853 
3 1928 1836 1897 
3 1809 1897 1836 
3 1711 1929 1761 
3 1811 1930 1812 
3 1820 1912 1789 
3 1914 1931 1851 
3 1870 1816 1932 
3 1895 1894 1933 
3 1916 1883 1879 
3 1731 1889 1773 
3 1774 1822 1744 
3 1934 1745 1890 
3 1804 1808 1935 
3 1891 1834 1922 
3 1797 1923 1798 
3 1936 1925 1825 
3 1785 1926 1724 
3 1937 1869 1842 
3 1842 1938 1937 
3 1761 1929 1844 
3 1827 1939 1826 
3 1940 1941 1854 
3 1930 1811 1854 
3 1830 1942 1912 
3 1816 1851 1931 
3 1943 1914 1906 
3 1878 1899 1791 
3 1906 1895 1944 
3 1945 1863 1845 
3 1872 1873 1782 
3 1840 1946 1813 
3 1771 1947 1772 
3 1948 1889 1814 
3 1745 1949 1823 
3 1935 1808 1896 
3 1796 1885 1749 
3 1847 1950 1835 
3 1951 1848 1892 
3 1861 1716 1849 
3 1925 1868 1784 
3 1952 1837 1780 
3 1953 1711 1728 
3 1954 1911 1801 
3 1767 1788 1940 
3 1944 1895 1955 
3 1956 1845 1915 
3 1933 1894 1957 
3 1958 1902 1873 
3 1813 1946 1901 
3 1935 1918 1804 
3 1885 1959 1903 
3 1847 1891 1960 
3 1923 1924 1881 
3 1836 1926 1785 
3 1838 1952 1780 
3 1730 1850 1827 
3 1829 1961 1850 
3 1887 1789 1912 
3 1943 1906 1944 
3 1943 1944 1962 
3 1894 1864 1957 
3 1783 1907 1921 
3 1920 1916 1882 
3 1883 1916 1963 
3 1823 1949 1859 
3 1876 1757 1866 
3 1909 1877 1917 
3 1832 1859 1908 
3 1777 1885 1903 
3 1867 1964 1904 
3 1923 1904 1965 
3 1838 1826 1966 
3 1828 1967 1829 
3 1968 1828 1763 
3 1930 1898 1812 
3 1932 1816 1931 
3 1870 1969 1915 
3 1791 1899 1970 
3 1969 1956 1915 
3 1970 1872 1791 
3 1913 1855 1900 
3 1956 1945 1845 
3 1971 1803 1841 
3 1858 1875 1972 
3 1966 1952 1838 
3 1826 1939 1966 
3 1801 1844 1954 
3 1854 1941 1973 
3 1914 1974 1931 
3 1942 1830 1913 
3 1975 1870 1932 
3 1976 1969 1975 
3 1933 1955 1895 
3 1907 1863 1945 
3 1814 1921 1948 
3 1947 1771 1977 
3 1916 1920 1978 
3 1774 1858 1979 
3 1745 1934 1949 
3 1883 1963 1917 
3 1866 1980 1876 
3 1875 1884 1981 
3 1918 1935 1982 
3 1896 1983 1935 
3 1847 1960 1950 
3 1797 1904 1923 
3 1926 1984 1892 
3 1836 1928 1926 
3 1985 1939 1827 
3 1940 1788 1911 
3 1854 1973 1930 
3 1974 1914 1943 
3 1772 1947 1864 
3 1971 1831 1803 
3 1986 1935 1983 
3 1964 1867 1835 
3 1868 1925 1987 
3 1905 1853 1988 
3 1989 1819 1905 
3 1786 1819 1843 
3 1940 1854 1767 
3 1957 1990 1933 
3 1873 1872 1958 
3 1991 1957 1992 
3 1839 1901 1900 
3 1993 1992 1957 
3 1902 1994 1874 
3 1888 1874 1994 
3 1771 1822 1995 
3 1916 1978 1996 
3 1841 1860 1997 
3 1981 1972 1875 
3 1980 1866 1908 
3 1903 1959 1998 
3 1999 1885 1796 
3 2000 1924 1965 
3 1951 1892 1984 
3 1861 1849 1910 
3 1928 2001 1984 
3 1893 1953 1728 
3 1827 1850 1985 
3 1943 1962 2002 
3 1969 1870 1975 
3 1976 2003 1969 
3 2003 1956 1969 
3 1970 1899 2004 
3 1955 1933 1990 
3 1991 1990 1957 
3 1921 2005 2006 
3 1840 2007 1946 
3 2008 1890 1889 
3 1831 2007 1840 
3 1996 1963 1916 
3 1979 1822 1774 
3 1963 2009 1917 
3 2010 1859 1949 
3 2009 1909 1917 
3 1982 1981 1884 
3 1918 1982 1884 
3 1983 1896 2009 
3 2011 1796 1848 
3 1835 1950 1964 
3 1806 1861 1919 
3 1927 1778 1886 
3 1927 1988 1853 
3 1967 1961 1829 
3 1974 1943 2002 
3 1944 2012 1962 
3 2012 1944 1955 
3 1970 1958 1872 
3 1970 2004 1958 
3 2008 1934 1890 
3 1858 1972 1979 
3 1841 1997 1971 
3 1859 2010 1908 
3 1982 1935 1986 
3 2009 1896 1909 
3 2013 1886 1868 
3 2013 1927 1886 
3 1837 1938 1842 
3 1711 2014 1929 
3 1844 1929 2015 
3 1954 2016 1911 
3 1887 1968 1763 
3 1930 2017 1898 
3 2018 1931 1974 
3 2012 1955 2019 
3 2020 1945 1956 
3 1947 1993 1864 
3 1946 2007 2021 
3 1977 1771 1995 
3 2022 2007 1831 
3 2023 1963 1996 
3 1979 1995 1822 
3 2024 1891 1922 
3 1951 2011 1848 
3 1810 1843 2025 
3 2025 1893 1810 
3 1711 1953 2014 
3 2026 2018 1974 
3 2018 1932 1931 
3 1899 1898 2027 
3 1913 2028 1942 
3 1957 1864 1993 
3 1934 2008 2029 
3 1963 2023 2009 
3 2030 1965 1904 
3 2011 1951 2031 
3 1868 1987 2013 
3 1984 1926 1928 
3 2032 1897 1869 
3 1937 2032 1869 
3 1837 1952 1938 
3 2033 1940 1911 
3 1887 1912 2034 
3 2026 1974 2002 
3 2035 2028 1913 
3 2035 1913 1900 
3 1990 1991 2036 
3 1991 2037 2036 
3 2020 2038 1945 
3 2039 2037 1991 
3 1888 2040 1920 
3 1920 2041 1978 
3 2006 1948 1921 
3 1860 1876 1997 
3 2042 1922 1880 
3 1964 2030 1904 
3 1989 1843 1819 
3 2043 1961 1967 
3 2039 2044 2037 
3 1991 1992 2039 
3 1902 1958 2045 
3 1900 1901 2046 
3 2038 2005 1907 
3 1902 2045 1994 
3 2040 1888 1994 
3 1947 2047 1993 
3 2008 1889 1948 
3 1831 1971 2022 
3 2048 1981 1982 
3 2049 1983 2009 
3 1924 1923 1965 
3 2050 1861 1910 
3 1919 2051 1936 
3 2052 1928 1897 
3 1843 1989 2053 
3 1954 1844 2015 
3 2034 1968 1887 
3 2012 2054 1962 
3 1975 2055 1976 
3 1975 2018 2056 
3 2054 2012 2057 
3 1976 2055 2058 
3 1990 2059 1955 
3 1956 2003 2020 
3 2059 1990 2036 
3 2004 1899 2027 
3 1993 2060 1992 
3 1986 2048 1982 
3 2061 1960 1891 
3 2062 1861 2050 
3 1936 1825 1919 
3 1953 2063 2014 
3 1985 1850 1961 
3 1941 1940 2033 
3 1932 2018 1975 
3 2056 2055 1975 
3 2003 1976 2058 
3 1920 2040 2041 
3 2064 1901 1946 
3 1934 2065 1949 
3 2066 2048 1986 
3 1986 2049 2066 
3 2049 1986 1983 
3 2042 2024 1922 
3 1919 1861 2062 
3 1928 2052 2001 
3 1905 2067 1989 
3 2068 1952 1966 
3 2043 1985 1961 
3 1930 1973 2017 
3 2002 2069 2026 
3 1942 2034 1912 
3 1898 2017 2027 
3 2020 2003 2070 
3 2020 2070 2071 
3 2064 2046 1901 
3 2047 2060 1993 
3 1977 2047 1947 
3 1978 2041 2072 
3 1981 2073 1972 
3 2073 1981 2048 
3 2049 2009 2023 
3 1876 2074 1997 
3 2075 1908 2010 
3 1903 1998 1880 
3 1960 2061 2076 
3 1960 2076 1950 
3 2077 1950 2076 
3 1951 1984 2031 
3 1843 2053 2025 
3 1967 1828 1968 
3 2078 2018 2026 
3 2018 2078 2056 
3 2003 2058 2070 
3 1958 2004 2079 
3 2080 2040 1994 
3 1992 2060 2039 
3 1972 2081 1979 
3 1949 2065 2010 
3 2075 1980 1908 
3 1999 1796 2011 
3 2082 1938 1952 
3 2083 2014 2063 
3 2014 2015 1929 
3 2071 2084 2020 
3 2020 2084 2038 
3 1994 2045 2080 
3 1907 1945 2038 
3 2072 1996 1978 
3 2085 1971 1997 
3 1999 1959 1885 
3 1988 2067 1905 
3 1893 2025 2086 
3 1893 2086 1953 
3 2068 1966 2087 
3 2078 2026 2088 
3 2088 2026 2069 
3 2002 2089 2069 
3 2037 2044 2090 
3 2037 2091 2036 
3 2004 2092 2079 
3 2045 2093 2080 
3 2040 2080 2094 
3 2041 2040 2094 
3 1921 1907 2005 
3 1972 2073 2081 
3 1995 1979 2081 
3 2065 2029 2095 
3 2061 1891 2024 
3 2077 1964 1950 
3 1925 1936 1987 
3 2014 2083 2015 
3 1939 2087 1966 
3 1973 1941 2096 
3 1962 2089 2002 
3 2055 2097 2058 
3 2058 2098 2070 
3 2059 2019 1955 
3 2099 2005 2038 
3 1946 2021 2064 
3 2041 2100 2072 
3 2023 1996 2101 
3 2066 2102 2048 
3 2048 2103 2073 
3 1980 2074 1876 
3 2104 1938 2105 
3 2015 2083 2106 
3 2033 1911 2016 
3 2054 2089 1962 
3 2098 2058 2097 
3 2034 1942 2107 
3 2107 1942 2028 
3 2019 2059 2108 
3 2099 2038 2084 
3 2044 2109 2090 
3 2039 2060 2110 
3 2111 2100 2041 
3 2112 1948 2006 
3 1948 2112 2008 
3 2007 2022 2113 
3 1977 2081 2114 
3 2085 2022 1971 
3 2101 2049 2023 
3 1997 2074 2085 
3 2065 2115 2010 
3 1880 1998 2042 
3 2052 2032 2116 
3 2117 2053 1989 
3 1938 2104 1937 
3 2068 2082 1952 
3 1941 2033 2096 
3 2118 2084 2071 
3 2046 2035 1900 
3 2079 2045 1958 
3 2080 2119 2094 
3 2046 2064 2120 
3 2110 2044 2039 
3 2041 2094 2111 
3 2047 1977 2114 
3 2114 2081 2073 
3 2081 1977 1995 
3 1996 2072 2101 
3 2029 2065 1934 
3 2102 2103 2048 
3 1998 1959 2121 
3 1964 2077 2030 
3 1924 2000 2122 
3 2122 1910 1924 
3 1910 2122 2050 
3 2013 2123 1927 
3 2124 1927 2123 
3 2124 1988 1927 
3 2032 2052 1897 
3 2015 2106 1954 
3 1968 2125 1967 
3 1968 2034 2125 
3 2019 2108 2057 
3 2059 2126 2108 
3 2127 2128 2071 
3 2059 2036 2126 
3 2037 2090 2091 
3 2109 2129 2090 
3 2119 2130 2094 
3 2044 2131 2109 
3 2114 2073 2103 
3 2008 2112 2029 
3 2066 2049 2132 
3 2133 2042 1998 
3 2134 2135 1959 
3 2135 2121 1959 
3 2025 2053 2136 
3 2086 2063 1953 
3 2096 2137 1973 
3 2019 2057 2012 
3 2017 2138 2027 
3 2139 2109 2140 
3 2111 2130 2140 
3 2130 2111 2094 
3 2044 2110 2131 
3 2021 2141 2064 
3 2114 2103 2142 
3 2143 2102 2132 
3 2144 2022 2085 
3 2075 2010 2115 
3 2042 2133 2024 
3 2061 2145 2076 
3 2025 2136 2086 
3 2146 1939 1985 
3 2016 2147 2033 
3 2148 2043 1967 
3 2017 1973 2137 
3 2071 2070 2127 
3 2130 2119 2149 
3 2140 2130 2139 
3 2093 2045 2150 
3 2132 2049 2101 
3 2011 2134 1999 
3 2134 2011 2151 
3 2152 1985 2043 
3 2147 2096 2033 
3 2036 2091 2126 
3 2027 2092 2004 
3 2153 2149 2119 
3 2130 2149 2154 
3 2150 2045 2079 
3 2155 2005 2099 
3 2140 2131 2156 
3 2109 2131 2140 
3 2131 2110 2157 
3 2142 2158 2110 
3 2142 2110 2060 
3 2047 2142 2060 
3 2047 2114 2142 
3 2007 2113 2021 
3 2102 2143 2158 
3 2102 2158 2103 
3 2132 2102 2066 
3 2159 2075 2115 
3 2160 1980 2075 
3 2161 1965 2030 
3 2031 2151 2011 
3 2162 1987 1936 
3 2146 2087 1939 
3 2152 2146 1985 
3 2148 1967 2125 
3 2078 2088 2163 
3 2055 2164 2097 
3 2149 2153 2165 
3 2149 2166 2154 
3 2139 2130 2154 
3 2155 2006 2005 
3 2157 2156 2131 
3 2158 2157 2110 
3 2167 2095 2029 
3 2095 2115 2065 
3 1984 2168 2031 
3 1988 2124 2067 
3 2068 2087 2169 
3 2147 2016 2170 
3 2096 2171 2172 
3 2172 2137 2096 
3 2069 2173 2088 
3 2055 2056 2164 
3 2017 2137 2138 
3 2028 2174 2175 
3 2129 2109 2139 
3 2028 2035 2174 
3 2093 2153 2119 
3 2080 2093 2119 
3 2140 2156 2111 
3 2156 2100 2111 
3 2143 2157 2158 
3 2158 2142 2103 
3 2095 2176 2115 
3 2177 2062 2178 
3 2104 2032 1937 
3 2136 2053 2179 
3 2106 2083 2180 
3 2181 2088 2173 
3 2098 2127 2070 
3 2092 2027 2138 
3 2028 2175 2107 
3 2156 2182 2100 
3 2157 2182 2156 
3 2182 2157 2143 
3 2182 2143 2132 
3 2182 2132 2101 
3 2072 2182 2101 
3 2159 2115 2183 
3 1919 2062 2051 
3 2184 2063 2086 
3 2185 2082 2068 
3 1954 2106 2016 
3 2164 2056 2078 
3 2034 2107 2186 
3 2137 2187 2138 
3 2188 2129 2139 
3 2099 2084 2189 
3 2182 2072 2100 
3 2021 2190 2141 
3 2022 2144 2113 
3 2191 2144 2085 
3 2085 2074 2191 
3 2076 2145 2192 
3 2193 2030 2077 
3 2030 2193 2161 
3 2161 2000 1965 
3 2051 2162 1936 
3 2194 2123 2013 
3 2067 2117 1989 
3 2152 2043 2195 
3 2195 2043 2148 
3 2173 2069 2196 
3 2089 2054 2197 
3 2034 2186 2125 
3 2097 2198 2098 
3 2091 2090 2199 
3 2093 2150 2153 
3 2150 2079 2092 
3 2200 2120 2064 
3 2006 2201 2112 
3 2029 2112 2167 
3 2160 2074 1980 
3 2062 2177 2051 
3 2013 1987 2194 
3 2067 2124 2202 
3 2179 2203 2136 
3 2165 2204 2166 
3 2166 2149 2165 
3 2205 2206 2165 
3 2189 2084 2118 
3 2120 2174 2046 
3 2095 2167 2176 
3 2075 2159 2160 
3 2207 2061 2024 
3 2061 2207 2145 
3 2050 2122 2178 
3 2168 1984 2001 
3 2105 1938 2082 
3 2078 2163 2164 
3 2165 2206 2204 
3 2128 2118 2071 
3 2134 1959 1999 
3 2208 2031 2168 
3 2052 2209 2001 
3 2184 2086 2136 
3 2169 2087 2210 
3 2096 2147 2171 
3 2164 2163 2211 
3 2164 2212 2097 
3 2098 2198 2127 
3 2213 2108 2126 
3 2188 2139 2154 
3 2035 2046 2174 
3 2214 2189 2215 
3 2216 2074 2160 
3 2217 2159 2183 
3 2024 2133 2207 
3 2218 2077 2076 
3 2209 2052 2116 
3 2219 2116 2032 
3 2083 2063 2180 
3 2210 2087 2146 
3 2106 2170 2016 
3 2069 2089 2196 
3 2089 2197 2196 
3 2054 2220 2197 
3 2220 2054 2057 
3 2057 2108 2221 
3 2172 2187 2137 
3 2222 2186 2107 
3 2223 2188 2154 
3 2092 2138 2187 
3 2091 2199 2224 
3 2129 2199 2090 
3 2214 2225 2189 
3 2225 2155 2099 
3 2159 2217 2160 
3 2122 2000 2226 
3 2226 2000 2227 
3 1987 2228 2194 
3 2032 2104 2219 
3 2224 2126 2091 
3 2129 2229 2199 
3 2205 2165 2153 
3 2150 2205 2153 
3 2006 2155 2201 
3 2167 2112 2201 
3 2176 2167 2230 
3 2191 2074 2216 
3 2231 1998 2121 
3 2000 2161 2227 
3 2178 2122 2226 
3 2050 2178 2062 
3 2168 2232 2208 
3 1987 2162 2228 
3 2152 2233 2146 
3 2088 2181 2163 
3 2166 2223 2154 
3 2205 2150 2092 
3 2215 2189 2118 
3 2225 2099 2189 
3 2064 2141 2200 
3 2201 2155 2234 
3 2231 2133 1998 
3 2134 2151 2235 
3 2236 2202 2124 
3 2067 2202 2117 
3 2136 2203 2184 
3 2185 2105 2082 
3 2237 2170 2106 
3 2238 2211 2163 
3 2212 2164 2211 
3 2206 2172 2171 
3 2187 2206 2205 
3 2187 2205 2092 
3 2239 2240 2214 
3 2225 2214 2240 
3 2201 2230 2167 
3 2191 2216 2241 
3 2121 2242 2243 
3 2001 2244 2168 
3 2209 2116 2245 
3 2169 2185 2068 
3 2246 2171 2247 
3 2187 2172 2206 
3 2126 2224 2213 
3 2223 2248 2188 
3 2127 2249 2250 
3 2128 2251 2118 
3 2218 2193 2077 
3 2208 2151 2031 
3 2168 2244 2232 
3 2116 2219 2245 
3 2104 2105 2252 
3 2253 2180 2063 
3 2180 2237 2106 
3 2195 2233 2152 
3 2171 2204 2206 
3 2204 2254 2166 
3 2250 2128 2127 
3 2175 2222 2107 
3 2191 2255 2144 
3 2242 2121 2135 
3 2135 2134 2235 
3 2256 2235 2151 
3 2252 2219 2104 
3 2210 2146 2233 
3 2148 2257 2195 
3 2204 2171 2246 
3 2251 2128 2250 
3 2239 2214 2258 
3 2225 2240 2234 
3 2113 2144 2190 
3 2183 2115 2176 
3 2209 2244 2001 
3 2053 2117 2179 
3 2125 2186 2259 
3 2181 2238 2163 
3 2221 2108 2213 
3 2166 2254 2223 
3 2188 2229 2129 
3 2224 2199 2260 
3 2174 2261 2175 
3 2155 2225 2234 
3 2176 2262 2183 
3 2160 2217 2216 
3 2218 2076 2192 
3 2256 2151 2208 
3 2263 2162 2051 
3 2259 2148 2125 
3 2220 2057 2221 
3 2200 2141 2264 
3 2241 2255 2191 
3 2217 2183 2265 
3 2162 2266 2228 
3 2194 2236 2123 
3 2123 2236 2124 
3 2267 2179 2117 
3 2268 2169 2210 
3 2247 2147 2170 
3 2247 2171 2147 
3 2173 2269 2270 
3 2269 2196 2197 
3 2198 2097 2212 
3 2229 2260 2199 
3 2251 2271 2215 
3 2021 2113 2190 
3 2255 2190 2144 
3 2217 2241 2216 
3 2218 2272 2273 
3 2273 2193 2218 
3 2177 2263 2051 
3 2117 2274 2267 
3 2270 2275 2181 
3 2276 2269 2197 
3 2127 2198 2249 
3 2254 2277 2223 
3 2229 2188 2248 
3 2251 2215 2118 
3 2239 2278 2240 
3 2262 2176 2230 
3 2279 2145 2207 
3 2280 2244 2209 
3 2238 2181 2275 
3 2281 2222 2175 
3 2239 2282 2283 
3 2120 2284 2174 
3 2161 2193 2285 
3 2228 2286 2194 
3 2259 2257 2148 
3 2181 2173 2270 
3 2283 2278 2239 
3 2201 2234 2230 
3 2287 2141 2190 
3 2288 2178 2226 
3 2288 2177 2178 
3 2208 2232 2256 
3 2266 2162 2263 
3 2228 2289 2286 
3 2180 2253 2290 
3 2291 2268 2210 
3 2210 2233 2291 
3 2170 2237 2292 
3 2173 2196 2269 
3 2204 2246 2254 
3 2276 2220 2293 
3 2197 2220 2276 
3 2220 2221 2293 
3 2260 2294 2224 
3 2248 2295 2229 
3 2261 2174 2284 
3 2284 2120 2200 
3 2296 2234 2240 
3 2262 2265 2183 
3 2297 2279 2207 
3 2145 2279 2298 
3 2243 2231 2121 
3 2179 2267 2299 
3 2252 2105 2300 
3 2184 2253 2063 
3 2180 2290 2237 
3 2292 2247 2170 
3 2269 2276 2301 
3 2222 2302 2186 
3 2223 2277 2248 
3 2248 2277 2303 
3 2240 2278 2296 
3 2141 2287 2264 
3 2242 2135 2235 
3 2304 2177 2288 
3 2194 2286 2236 
3 2244 2280 2305 
3 2300 2105 2185 
3 2195 2257 2306 
3 2212 2307 2198 
3 2302 2259 2186 
3 2224 2294 2213 
3 2271 2251 2308 
3 2258 2214 2215 
3 2278 2283 2309 
3 2234 2296 2230 
3 2227 2161 2285 
3 2304 2263 2177 
3 2209 2245 2280 
3 2169 2268 2310 
3 2311 2233 2195 
3 2311 2195 2306 
3 2211 2238 2312 
3 2313 2302 2222 
3 2295 2260 2229 
3 2239 2258 2282 
3 2309 2283 2314 
3 2296 2278 2315 
3 2297 2207 2133 
3 2279 2316 2298 
3 2256 2232 2317 
3 2179 2299 2203 
3 2318 2219 2252 
3 2310 2185 2169 
3 2237 2290 2319 
3 2268 2291 2320 
3 2292 2321 2247 
3 2247 2321 2246 
3 2257 2259 2302 
3 2308 2251 2250 
3 2278 2309 2315 
3 2296 2315 2262 
3 2296 2262 2230 
3 2297 2133 2231 
3 2279 2322 2316 
3 2218 2192 2272 
3 2285 2323 2227 
3 2227 2324 2226 
3 2324 2288 2226 
3 2300 2185 2310 
3 2307 2212 2325 
3 2249 2326 2250 
3 2200 2327 2284 
3 2264 2327 2200 
3 2309 2314 2328 
3 2327 2264 2329 
3 2264 2287 2330 
3 2190 2255 2287 
3 2255 2241 2331 
3 2324 2227 2323 
3 2219 2318 2245 
3 2233 2311 2291 
3 2246 2332 2254 
3 2333 2306 2257 
3 2211 2325 2212 
3 2249 2198 2307 
3 2284 2334 2261 
3 2283 2282 2314 
3 2284 2327 2334 
3 2329 2335 2327 
3 2314 2336 2328 
3 2329 2330 2328 
3 2337 2309 2328 
3 2329 2264 2330 
3 2338 2241 2217 
3 2297 2231 2339 
3 2244 2305 2232 
3 2300 2310 2340 
3 2253 2341 2290 
3 2325 2211 2312 
3 2293 2342 2276 
3 2271 2258 2215 
3 2287 2331 2330 
3 2255 2331 2287 
3 2241 2338 2331 
3 2217 2265 2338 
3 2298 2192 2145 
3 2285 2193 2273 
3 2340 2343 2300 
3 2344 2340 2310 
3 2344 2310 2268 
3 2319 2292 2237 
3 2307 2345 2249 
3 2221 2213 2346 
3 2222 2281 2313 
3 2261 2281 2175 
3 2347 2348 2349 
3 2271 2348 2258 
3 2348 2350 2282 
3 2314 2282 2351 
3 2335 2329 2336 
3 2330 2337 2328 
3 2309 2337 2315 
3 2331 2337 2330 
3 2337 2338 2315 
3 2315 2265 2262 
3 2263 2352 2266 
3 2317 2232 2305 
3 2252 2300 2343 
3 2275 2353 2238 
3 2301 2354 2270 
3 2325 2355 2307 
3 2356 2293 2221 
3 2221 2346 2356 
3 2213 2294 2346 
3 2271 2308 2349 
3 2282 2350 2351 
3 2336 2357 2335 
3 2331 2338 2337 
3 2315 2338 2265 
3 2192 2298 2272 
3 2352 2263 2304 
3 2318 2252 2343 
3 2203 2358 2184 
3 2184 2358 2253 
3 2320 2344 2268 
3 2359 2319 2290 
3 2301 2270 2269 
3 2333 2257 2302 
3 2348 2282 2258 
3 2335 2357 2360 
3 2327 2335 2334 
3 2336 2329 2328 
3 2231 2243 2339 
3 2274 2202 2361 
3 2280 2245 2362 
3 2202 2274 2117 
3 2333 2302 2313 
3 2308 2250 2326 
3 2261 2334 2363 
3 2336 2351 2364 
3 2360 2334 2335 
3 2314 2351 2336 
3 2242 2365 2243 
3 2242 2235 2366 
3 2228 2266 2289 
3 2321 2292 2367 
3 2368 2342 2293 
3 2355 2345 2307 
3 2303 2295 2248 
3 2348 2271 2349 
3 2281 2261 2363 
3 2348 2347 2350 
3 2334 2360 2363 
3 2351 2350 2364 
3 2336 2364 2357 
3 2297 2322 2279 
3 2273 2272 2369 
3 2324 2370 2288 
3 2366 2256 2371 
3 2372 2299 2267 
3 2373 2358 2203 
3 2253 2358 2374 
3 2254 2375 2277 
3 2295 2303 2376 
3 2294 2260 2377 
3 2357 2378 2360 
3 2256 2366 2235 
3 2379 2236 2286 
3 2380 2245 2318 
3 2299 2373 2203 
3 2253 2374 2341 
3 2381 2340 2344 
3 2290 2341 2359 
3 2270 2354 2275 
3 2321 2332 2246 
3 2295 2377 2260 
3 2285 2273 2382 
3 2289 2266 2383 
3 2384 2311 2306 
3 2312 2238 2353 
3 2312 2385 2325 
3 2355 2325 2385 
3 2276 2342 2301 
3 2368 2293 2356 
3 2375 2254 2332 
3 2277 2386 2303 
3 2326 2387 2308 
3 2349 2308 2387 
3 2363 2388 2281 
3 2297 2339 2322 
3 2370 2304 2288 
3 2321 2367 2389 
3 2326 2249 2345 
3 2281 2390 2313 
3 2388 2363 2360 
3 2365 2242 2366 
3 2391 2304 2370 
3 2372 2267 2274 
3 2299 2372 2392 
3 2346 2393 2356 
3 2285 2382 2323 
3 2372 2274 2394 
3 2373 2374 2358 
3 2311 2395 2291 
3 2389 2332 2321 
3 2333 2396 2384 
3 2390 2396 2333 
3 2340 2397 2343 
3 2319 2367 2292 
3 2291 2395 2320 
3 2398 2243 2365 
3 2398 2339 2243 
3 2369 2272 2399 
3 2370 2324 2400 
3 2236 2361 2202 
3 2245 2380 2362 
3 2384 2395 2311 
3 2301 2401 2354 
3 2345 2355 2402 
3 2390 2333 2313 
3 2316 2403 2404 
3 2382 2273 2369 
3 2361 2236 2379 
3 2340 2381 2397 
3 2298 2404 2272 
3 2318 2343 2405 
3 2275 2354 2406 
3 2389 2407 2332 
3 2332 2407 2375 
3 2402 2326 2345 
3 2390 2281 2388 
3 2364 2378 2357 
3 2364 2350 2408 
3 2409 2365 2366 
3 2410 2305 2411 
3 2372 2394 2412 
3 2380 2318 2405 
3 2392 2373 2299 
3 2341 2374 2413 
3 2306 2333 2384 
3 2414 2396 2390 
3 2415 2387 2326 
3 2416 2388 2360 
3 2316 2404 2298 
3 2343 2397 2405 
3 2417 2367 2319 
3 2312 2353 2418 
3 2384 2396 2419 
3 2368 2356 2393 
3 2375 2386 2277 
3 2294 2420 2346 
3 2294 2377 2420 
3 2388 2414 2390 
3 2350 2347 2408 
3 2365 2421 2398 
3 2400 2324 2323 
3 2319 2359 2417 
3 2401 2301 2422 
3 2295 2376 2377 
3 2360 2378 2416 
3 2408 2423 2364 
3 2424 2323 2382 
3 2374 2373 2425 
3 2320 2426 2344 
3 2407 2386 2375 
3 2415 2326 2402 
3 2423 2378 2364 
3 2427 2352 2304 
3 2410 2317 2305 
3 2428 2379 2286 
3 2280 2362 2411 
3 2405 2397 2429 
3 2413 2359 2341 
3 2275 2406 2353 
3 2342 2422 2301 
3 2303 2386 2430 
3 2376 2303 2430 
3 2431 2377 2376 
3 2349 2387 2432 
3 2347 2433 2408 
3 2434 2339 2398 
3 2323 2424 2400 
3 2435 2370 2400 
3 2394 2274 2361 
3 2394 2361 2436 
3 2373 2392 2437 
3 2395 2419 2438 
3 2389 2439 2407 
3 2406 2440 2353 
3 2440 2418 2353 
3 2312 2418 2385 
3 2355 2441 2402 
3 2346 2420 2393 
3 2414 2388 2416 
3 2423 2408 2442 
3 2404 2399 2272 
3 2443 2382 2444 
3 2409 2366 2371 
3 2370 2435 2391 
3 2266 2352 2383 
3 2289 2428 2286 
3 2380 2445 2362 
3 2441 2355 2385 
3 2396 2446 2419 
3 2415 2447 2387 
3 2427 2383 2352 
3 2317 2371 2256 
3 2394 2436 2412 
3 2373 2437 2425 
3 2425 2413 2374 
3 2381 2344 2448 
3 2320 2438 2426 
3 2431 2420 2377 
3 2433 2347 2432 
3 2416 2378 2449 
3 2304 2391 2427 
3 2384 2419 2395 
3 2434 2322 2339 
3 2450 2451 2383 
3 2428 2452 2379 
3 2305 2280 2411 
3 2426 2448 2344 
3 2440 2453 2418 
3 2414 2446 2396 
3 2402 2454 2415 
3 2433 2442 2408 
3 2398 2421 2455 
3 2444 2369 2399 
3 2421 2365 2409 
3 2381 2456 2397 
3 2367 2457 2389 
3 2406 2354 2458 
3 2422 2342 2459 
3 2386 2407 2460 
3 2442 2433 2461 
3 2369 2444 2382 
3 2424 2462 2400 
3 2463 2371 2317 
3 2438 2419 2464 
3 2393 2420 2465 
3 2466 2446 2414 
3 2414 2416 2466 
3 2449 2466 2416 
3 2424 2382 2443 
3 2371 2467 2409 
3 2400 2462 2435 
3 2451 2428 2289 
3 2451 2452 2428 
3 2381 2448 2456 
3 2438 2320 2395 
3 2457 2367 2417 
3 2422 2468 2401 
3 2453 2440 2469 
3 2418 2470 2385 
3 2459 2342 2368 
3 2441 2454 2402 
3 2471 2322 2434 
3 2472 2383 2427 
3 2411 2473 2410 
3 2405 2474 2380 
3 2359 2413 2475 
3 2406 2469 2440 
3 2446 2464 2419 
3 2476 2399 2404 
3 2451 2289 2383 
3 2317 2410 2463 
3 2474 2445 2380 
3 2417 2359 2475 
3 2407 2439 2460 
3 2447 2415 2477 
3 2431 2465 2420 
3 2431 2376 2478 
3 2387 2447 2432 
3 2449 2423 2479 
3 2378 2423 2449 
3 2479 2423 2442 
3 2471 2316 2322 
3 2404 2403 2476 
3 2391 2480 2427 
3 2427 2480 2472 
3 2411 2362 2481 
3 2372 2412 2482 
3 2392 2372 2482 
3 2474 2429 2483 
3 2456 2429 2397 
3 2457 2439 2389 
3 2484 2438 2464 
3 2454 2477 2415 
3 2465 2431 2485 
3 2478 2430 2486 
3 2487 2446 2466 
3 2466 2488 2487 
3 2347 2349 2432 
3 2434 2398 2455 
3 2409 2489 2421 
3 2391 2435 2490 
3 2392 2482 2491 
3 2392 2491 2437 
3 2492 2475 2413 
3 2458 2354 2401 
3 2459 2368 2493 
3 2393 2493 2368 
3 2430 2478 2376 
3 2443 2444 2494 
3 2410 2495 2463 
3 2361 2379 2436 
3 2436 2496 2412 
3 2405 2429 2474 
3 2448 2426 2497 
3 2457 2417 2498 
3 2453 2470 2418 
3 2385 2499 2441 
3 2430 2386 2460 
3 2477 2500 2447 
3 2432 2447 2501 
3 2316 2471 2403 
3 2450 2383 2472 
3 2473 2411 2481 
3 2425 2492 2413 
3 2426 2438 2484 
3 2470 2499 2385 
3 2430 2460 2486 
3 2446 2487 2464 
3 2466 2449 2488 
3 2476 2502 2399 
3 2452 2436 2379 
3 2445 2481 2362 
3 2458 2469 2406 
3 2499 2454 2441 
3 2503 2465 2485 
3 2447 2500 2501 
3 2479 2488 2449 
3 2461 2433 2501 
3 2442 2504 2479 
3 2467 2371 2463 
3 2475 2492 2505 
3 2506 2484 2464 
3 2507 2439 2457 
3 2393 2508 2493 
3 2504 2442 2461 
3 2434 2509 2471 
3 2489 2409 2467 
3 2451 2450 2510 
3 2495 2511 2463 
3 2473 2495 2410 
3 2459 2512 2468 
3 2422 2459 2468 
3 2453 2513 2470 
3 2486 2460 2514 
3 2515 2421 2489 
3 2490 2435 2516 
3 2517 2482 2412 
3 2437 2518 2425 
3 2425 2518 2492 
3 2468 2512 2519 
3 2464 2487 2506 
3 2478 2486 2520 
3 2478 2485 2431 
3 2433 2432 2501 
3 2521 2403 2471 
3 2444 2399 2502 
3 2511 2467 2463 
3 2475 2498 2417 
3 2426 2484 2497 
3 2506 2522 2484 
3 2458 2401 2523 
3 2476 2403 2524 
3 2515 2455 2421 
3 2424 2443 2525 
3 2526 2445 2527 
3 2474 2527 2445 
3 2475 2505 2498 
3 2459 2528 2512 
3 2453 2469 2529 
3 2465 2508 2393 
3 2514 2460 2439 
3 2530 2520 2486 
3 2487 2488 2506 
3 2454 2531 2477 
3 2531 2532 2500 
3 2479 2504 2488 
3 2467 2533 2489 
3 2472 2534 2535 
3 2474 2483 2527 
3 2501 2536 2461 
3 2403 2521 2524 
3 2434 2455 2509 
3 2450 2472 2535 
3 2445 2526 2481 
3 2518 2437 2491 
3 2519 2523 2468 
3 2522 2506 2537 
3 2488 2537 2506 
3 2462 2424 2525 
3 2451 2510 2452 
3 2452 2510 2538 
3 2491 2482 2517 
3 2497 2539 2448 
3 2468 2523 2401 
3 2469 2458 2540 
3 2529 2513 2453 
3 2541 2499 2470 
3 2507 2514 2439 
3 2503 2508 2465 
3 2485 2478 2520 
3 2521 2471 2509 
3 2502 2494 2444 
3 2542 2450 2535 
3 2495 2543 2511 
3 2544 2436 2452 
3 2496 2436 2544 
3 2448 2539 2456 
3 2497 2522 2545 
3 2461 2546 2504 
3 2546 2461 2536 
3 2547 2476 2524 
3 2502 2476 2547 
3 2548 2525 2443 
3 2549 2462 2525 
3 2517 2412 2496 
3 2429 2456 2550 
3 2523 2540 2458 
3 2528 2459 2493 
3 2508 2528 2493 
3 2551 2530 2514 
3 2454 2499 2552 
3 2531 2454 2552 
3 2553 2503 2485 
3 2462 2549 2516 
3 2467 2511 2533 
3 2450 2542 2510 
3 2473 2554 2495 
3 2473 2481 2555 
3 2520 2553 2485 
3 2504 2537 2488 
3 2509 2556 2557 
3 2525 2548 2558 
3 2516 2435 2462 
3 2534 2472 2480 
3 2538 2544 2452 
3 2429 2550 2483 
3 2519 2512 2559 
3 2443 2494 2548 
3 2473 2555 2554 
3 2539 2550 2456 
3 2539 2497 2545 
3 2529 2560 2513 
3 2518 2491 2561 
3 2507 2457 2498 
3 2529 2469 2562 
3 2541 2470 2513 
3 2536 2501 2563 
3 2556 2455 2515 
3 2525 2558 2549 
3 2535 2564 2542 
3 2492 2518 2565 
3 2540 2562 2469 
3 2552 2566 2531 
3 2480 2391 2490 
3 2496 2544 2567 
3 2555 2481 2526 
3 2568 2517 2496 
3 2569 2491 2517 
3 2570 2562 2540 
3 2541 2552 2499 
3 2571 2534 2480 
3 2497 2484 2522 
3 2560 2529 2572 
3 2532 2531 2566 
3 2537 2504 2546 
3 2500 2563 2501 
3 2573 2548 2494 
3 2571 2480 2490 
3 2491 2569 2561 
3 2527 2483 2574 
3 2565 2505 2492 
3 2540 2523 2575 
3 2576 2528 2508 
3 2557 2521 2509 
3 2556 2509 2455 
3 2538 2510 2577 
3 2575 2523 2519 
3 2486 2514 2530 
3 2477 2531 2500 
3 2502 2578 2494 
3 2517 2568 2569 
3 2518 2561 2565 
3 2507 2498 2579 
3 2503 2576 2508 
3 2502 2547 2578 
3 2535 2534 2564 
3 2568 2496 2567 
3 2569 2580 2561 
3 2522 2537 2581 
3 2537 2546 2582 
3 2583 2524 2521 
3 2543 2495 2554 
3 2544 2538 2584 
3 2498 2505 2585 
3 2586 2512 2528 
3 2510 2542 2577 
3 2527 2587 2526 
3 2574 2587 2527 
3 2507 2579 2551 
3 2559 2588 2519 
3 2559 2512 2586 
3 2514 2507 2551 
3 2552 2541 2589 
3 2553 2520 2590 
3 2583 2521 2557 
3 2556 2515 2591 
3 2591 2515 2592 
3 2571 2490 2516 
3 2533 2543 2593 
3 2511 2543 2533 
3 2503 2594 2576 
3 2503 2553 2594 
3 2563 2500 2532 
3 2569 2568 2595 
3 2550 2596 2483 
3 2597 2505 2565 
3 2498 2585 2579 
3 2570 2540 2575 
3 2520 2530 2590 
3 2552 2589 2566 
3 2583 2557 2598 
3 2578 2573 2494 
3 2548 2599 2558 
3 2516 2549 2600 
3 2489 2533 2592 
3 2567 2544 2584 
3 2550 2539 2601 
3 2541 2513 2602 
3 2528 2576 2586 
3 2524 2603 2547 
3 2515 2489 2592 
3 2542 2604 2577 
3 2574 2483 2596 
3 2522 2581 2545 
3 2546 2536 2605 
3 2573 2599 2548 
3 2549 2558 2606 
3 2600 2571 2516 
3 2607 2584 2538 
3 2608 2565 2561 
3 2601 2539 2609 
3 2545 2609 2539 
3 2562 2572 2529 
3 2551 2590 2530 
3 2605 2582 2546 
3 2547 2603 2610 
3 2558 2599 2606 
3 2596 2550 2601 
3 2588 2611 2575 
3 2553 2590 2612 
3 2563 2532 2613 
3 2603 2524 2583 
3 2567 2614 2568 
3 2526 2587 2615 
3 2580 2569 2595 
3 2565 2608 2597 
3 2505 2616 2585 
3 2575 2611 2570 
3 2617 2572 2562 
3 2602 2513 2560 
3 2551 2618 2590 
3 2566 2619 2532 
3 2620 2557 2556 
3 2571 2621 2534 
3 2622 2543 2554 
3 2614 2595 2568 
3 2579 2585 2623 
3 2612 2594 2553 
3 2589 2624 2566 
3 2598 2557 2620 
3 2621 2564 2534 
3 2505 2597 2616 
3 2519 2588 2575 
3 2625 2545 2581 
3 2586 2576 2626 
3 2619 2613 2532 
3 2564 2604 2542 
3 2627 2554 2555 
3 2615 2587 2628 
3 2629 2609 2625 
3 2592 2533 2593 
3 2622 2554 2627 
3 2607 2538 2577 
3 2584 2607 2630 
3 2630 2567 2584 
3 2627 2555 2615 
3 2615 2555 2526 
3 2545 2625 2609 
3 2579 2631 2551 
3 2562 2570 2617 
3 2581 2537 2582 
3 2589 2541 2602 
3 2610 2578 2547 
3 2593 2543 2622 
3 2579 2623 2631 
3 2617 2570 2611 
3 2618 2551 2631 
3 2618 2612 2590 
3 2632 2582 2605 
3 2633 2583 2598 
3 2603 2633 2634 
3 2635 2571 2600 
3 2580 2595 2636 
3 2596 2637 2574 
3 2608 2580 2638 
3 2623 2585 2616 
3 2559 2586 2639 
3 2639 2586 2640 
3 2618 2631 2641 
3 2632 2581 2582 
3 2556 2591 2620 
3 2600 2549 2606 
3 2574 2628 2587 
3 2580 2608 2561 
3 2611 2588 2642 
3 2594 2626 2576 
3 2613 2643 2563 
3 2644 2578 2610 
3 2635 2621 2571 
3 2645 2604 2564 
3 2616 2646 2623 
3 2559 2647 2588 
3 2586 2626 2640 
3 2626 2594 2648 
3 2536 2643 2605 
3 2536 2563 2643 
3 2634 2610 2603 
3 2603 2583 2633 
3 2597 2649 2616 
3 2646 2650 2623 
3 2647 2642 2588 
3 2639 2647 2559 
3 2581 2632 2625 
3 2624 2651 2619 
3 2573 2578 2644 
3 2580 2636 2638 
3 2649 2646 2616 
3 2594 2612 2648 
3 2613 2619 2652 
3 2598 2620 2653 
3 2654 2596 2601 
3 2649 2597 2608 
3 2655 2610 2634 
3 2607 2577 2656 
3 2628 2657 2615 
3 2608 2638 2649 
3 2623 2650 2631 
3 2618 2658 2612 
3 2599 2573 2659 
3 2600 2660 2635 
3 2656 2577 2604 
3 2630 2607 2661 
3 2622 2627 2662 
3 2574 2637 2663 
3 2649 2638 2664 
3 2665 2609 2629 
3 2611 2666 2617 
3 2632 2667 2625 
3 2618 2641 2658 
3 2648 2612 2658 
3 2624 2619 2566 
3 2668 2592 2593 
3 2595 2614 2669 
3 2574 2663 2628 
3 2596 2654 2637 
3 2601 2609 2665 
3 2602 2560 2670 
3 2671 2626 2648 
3 2672 2589 2673 
3 2632 2605 2674 
3 2660 2600 2606 
3 2622 2675 2593 
3 2611 2642 2676 
3 2641 2631 2650 
3 2624 2589 2672 
3 2605 2643 2674 
3 2573 2644 2659 
3 2677 2660 2606 
3 2678 2564 2621 
3 2668 2593 2675 
3 2679 2604 2645 
3 2567 2630 2614 
3 2627 2615 2657 
3 2680 2650 2646 
3 2572 2617 2681 
3 2673 2589 2602 
3 2619 2651 2652 
3 2606 2599 2682 
3 2628 2683 2657 
3 2636 2595 2669 
3 2638 2636 2684 
3 2666 2611 2676 
3 2639 2685 2647 
3 2681 2617 2666 
3 2686 2572 2681 
3 2572 2686 2560 
3 2671 2648 2687 
3 2688 2674 2643 
3 2613 2688 2643 
3 2689 2591 2592 
3 2679 2656 2604 
3 2656 2679 2690 
3 2638 2684 2664 
3 2639 2691 2685 
3 2667 2632 2674 
3 2671 2640 2626 
3 2687 2648 2658 
3 2610 2655 2644 
3 2653 2620 2692 
3 2621 2635 2693 
3 2621 2693 2678 
3 2694 2669 2614 
3 2654 2601 2665 
3 2591 2692 2620 
3 2689 2668 2695 
3 2668 2689 2592 
3 2614 2630 2694 
3 2670 2560 2686 
3 2641 2696 2658 
3 2653 2697 2598 
3 2654 2665 2698 
3 2688 2699 2674 
3 2688 2652 2700 
3 2697 2633 2598 
3 2689 2692 2591 
3 2678 2645 2564 
3 2607 2656 2661 
3 2657 2662 2627 
3 2650 2701 2641 
3 2666 2702 2681 
3 2693 2635 2703 
3 2704 2646 2649 
3 2642 2647 2705 
3 2685 2705 2647 
3 2701 2696 2641 
3 2651 2624 2672 
3 2706 2655 2634 
3 2659 2682 2599 
3 2682 2677 2606 
3 2622 2662 2675 
3 2636 2707 2684 
3 2637 2654 2698 
3 2646 2704 2680 
3 2696 2687 2658 
3 2672 2708 2651 
3 2709 2679 2645 
3 2657 2710 2662 
3 2663 2637 2711 
3 2649 2664 2704 
3 2702 2712 2681 
3 2686 2713 2670 
3 2645 2714 2709 
3 2630 2661 2694 
3 2663 2683 2628 
3 2702 2666 2715 
3 2686 2681 2712 
3 2691 2640 2671 
3 2673 2602 2670 
3 2674 2716 2667 
3 2688 2613 2652 
3 2706 2634 2717 
3 2678 2693 2718 
3 2662 2719 2675 
3 2657 2683 2710 
3 2676 2642 2705 
3 2625 2667 2629 
3 2640 2691 2639 
3 2719 2720 2675 
3 2680 2701 2650 
3 2629 2721 2665 
3 2700 2699 2688 
3 2706 2722 2655 
3 2659 2644 2723 
3 2703 2635 2660 
3 2668 2675 2720 
3 2669 2694 2724 
3 2637 2698 2711 
3 2725 2701 2680 
3 2699 2716 2674 
3 2673 2670 2726 
3 2727 2672 2673 
3 2708 2728 2651 
3 2729 2682 2659 
3 2703 2660 2677 
3 2668 2720 2695 
3 2662 2730 2719 
3 2712 2713 2686 
3 2652 2651 2728 
3 2717 2634 2633 
3 2644 2731 2723 
3 2695 2732 2689 
3 2733 2694 2661 
3 2703 2734 2693 
3 2656 2690 2661 
3 2683 2735 2710 
3 2705 2736 2676 
3 2629 2667 2737 
3 2676 2715 2666 
3 2671 2687 2738 
3 2713 2726 2670 
3 2726 2727 2673 
3 2717 2633 2697 
3 2732 2692 2689 
3 2695 2720 2739 
3 2740 2679 2709 
3 2663 2741 2683 
3 2655 2731 2644 
3 2718 2693 2734 
3 2714 2678 2718 
3 2741 2663 2711 
3 2685 2691 2742 
3 2691 2671 2738 
3 2743 2706 2717 
3 2743 2722 2706 
3 2740 2690 2679 
3 2667 2716 2737 
3 2736 2715 2676 
3 2744 2653 2692 
3 2745 2714 2718 
3 2664 2684 2746 
3 2698 2665 2721 
3 2737 2721 2629 
3 2747 2702 2748 
3 2712 2702 2747 
3 2722 2749 2731 
3 2704 2750 2680 
3 2715 2748 2702 
3 2655 2722 2731 
3 2697 2653 2751 
3 2692 2732 2744 
3 2752 2703 2677 
3 2714 2645 2678 
3 2709 2745 2753 
3 2694 2733 2724 
3 2754 2687 2696 
3 2727 2726 2755 
3 2728 2700 2652 
3 2756 2723 2749 
3 2723 2729 2659 
3 2718 2757 2745 
3 2758 2690 2740 
3 2759 2661 2690 
3 2636 2669 2707 
3 2760 2750 2704 
3 2750 2725 2680 
3 2701 2761 2696 
3 2672 2727 2708 
3 2744 2751 2653 
3 2723 2756 2729 
3 2735 2683 2741 
3 2725 2761 2701 
3 2762 2717 2697 
3 2751 2762 2697 
3 2695 2763 2732 
3 2753 2740 2709 
3 2730 2662 2710 
3 2764 2669 2724 
3 2685 2765 2705 
3 2725 2766 2761 
3 2734 2703 2752 
3 2709 2714 2745 
3 2760 2704 2664 
3 2691 2738 2767 
3 2768 2713 2712 
3 2769 2743 2762 
3 2731 2749 2723 
3 2770 2682 2729 
3 2771 2739 2720 
3 2661 2759 2733 
3 2684 2707 2746 
3 2664 2746 2760 
3 2772 2698 2721 
3 2766 2725 2773 
3 2737 2774 2721 
3 2775 2737 2716 
3 2727 2776 2708 
3 2777 2708 2776 
3 2752 2677 2770 
3 2763 2695 2739 
3 2764 2707 2669 
3 2713 2755 2726 
3 2744 2778 2751 
3 2735 2779 2780 
3 2711 2698 2772 
3 2738 2687 2754 
3 2747 2768 2712 
3 2755 2776 2727 
3 2781 2699 2700 
3 2728 2782 2700 
3 2782 2728 2777 
3 2734 2757 2718 
3 2783 2753 2745 
3 2767 2742 2691 
3 2784 2761 2766 
3 2785 2716 2699 
3 2708 2777 2728 
3 2762 2743 2717 
3 2711 2779 2741 
3 2742 2765 2685 
3 2761 2754 2696 
3 2716 2785 2775 
3 2760 2786 2750 
3 2736 2787 2715 
3 2738 2788 2767 
3 2789 2744 2763 
3 2783 2757 2790 
3 2791 2764 2724 
3 2774 2737 2775 
3 2736 2705 2765 
3 2754 2761 2784 
3 2785 2699 2781 
3 2781 2700 2782 
3 2733 2759 2792 
3 2746 2707 2793 
3 2788 2738 2754 
3 2768 2747 2794 
3 2795 2713 2768 
3 2713 2795 2755 
3 2739 2771 2796 
3 2719 2771 2720 
3 2690 2758 2759 
3 2721 2774 2772 
3 2778 2797 2751 
3 2744 2732 2763 
3 2724 2733 2798 
3 2748 2715 2787 
3 2748 2799 2747 
3 2769 2762 2800 
3 2739 2801 2763 
3 2802 2740 2753 
3 2740 2802 2758 
3 2730 2803 2719 
3 2710 2804 2730 
3 2710 2735 2804 
3 2779 2735 2741 
3 2779 2805 2806 
3 2807 2760 2746 
3 2765 2808 2736 
3 2749 2722 2809 
3 2797 2762 2751 
3 2798 2733 2792 
3 2807 2786 2760 
3 2772 2805 2711 
3 2730 2804 2803 
3 2808 2765 2810 
3 2742 2810 2765 
3 2766 2811 2784 
3 2736 2808 2787 
3 2788 2754 2784 
3 2785 2812 2775 
3 2729 2756 2813 
3 2789 2778 2744 
3 2677 2682 2770 
3 2752 2814 2734 
3 2814 2790 2757 
3 2758 2792 2759 
3 2771 2719 2803 
3 2780 2804 2735 
3 2707 2764 2793 
3 2799 2794 2747 
3 2776 2755 2815 
3 2782 2777 2816 
3 2803 2817 2771 
3 2818 2793 2764 
3 2815 2819 2776 
3 2785 2781 2820 
3 2776 2819 2777 
3 2800 2762 2797 
3 2807 2746 2793 
3 2805 2779 2711 
3 2774 2821 2772 
3 2787 2822 2748 
3 2808 2823 2787 
3 2768 2794 2824 
3 2825 2770 2729 
3 2814 2752 2826 
3 2827 2807 2793 
3 2773 2725 2750 
3 2773 2811 2766 
3 2774 2775 2828 
3 2742 2767 2829 
3 2795 2768 2824 
3 2795 2815 2755 
3 2749 2809 2830 
3 2749 2830 2756 
3 2756 2830 2813 
3 2826 2752 2770 
3 2734 2814 2757 
3 2789 2763 2801 
3 2796 2801 2739 
3 2821 2805 2772 
3 2750 2786 2773 
3 2820 2812 2785 
3 2831 2722 2743 
3 2813 2825 2729 
3 2758 2832 2792 
3 2798 2791 2724 
3 2788 2784 2833 
3 2831 2743 2769 
3 2757 2783 2745 
3 2779 2806 2834 
3 2835 2820 2782 
3 2831 2809 2722 
3 2780 2836 2804 
3 2791 2818 2764 
3 2812 2828 2775 
3 2811 2833 2784 
3 2799 2748 2822 
3 2789 2837 2838 
3 2780 2779 2834 
3 2839 2810 2829 
3 2840 2829 2767 
3 2781 2782 2820 
3 2816 2777 2819 
3 2796 2771 2817 
3 2841 2792 2832 
3 2807 2842 2786 
3 2842 2843 2786 
3 2809 2831 2844 
3 2770 2825 2826 
3 2826 2845 2814 
3 2814 2845 2790 
3 2846 2798 2841 
3 2810 2847 2808 
3 2829 2810 2742 
3 2797 2778 2848 
3 2841 2798 2792 
3 2793 2818 2827 
3 2806 2805 2849 
3 2821 2849 2805 
3 2821 2774 2828 
3 2808 2847 2823 
3 2820 2850 2812 
3 2824 2851 2795 
3 2820 2835 2850 
3 2782 2816 2835 
3 2831 2769 2852 
3 2804 2853 2803 
3 2846 2791 2798 
3 2807 2827 2842 
3 2843 2773 2786 
3 2839 2847 2810 
3 2823 2822 2787 
3 2830 2809 2854 
3 2848 2778 2838 
3 2758 2855 2832 
3 2803 2853 2817 
3 2804 2836 2853 
3 2856 2791 2846 
3 2818 2791 2856 
3 2822 2823 2857 
3 2858 2790 2845 
3 2758 2802 2855 
3 2821 2828 2859 
3 2788 2840 2767 
3 2795 2851 2815 
3 2852 2769 2800 
3 2825 2860 2826 
3 2753 2783 2861 
3 2836 2834 2862 
3 2812 2863 2828 
3 2829 2864 2839 
3 2863 2812 2850 
3 2819 2865 2816 
3 2813 2830 2866 
3 2867 2846 2841 
3 2840 2864 2829 
3 2839 2864 2868 
3 2799 2869 2794 
3 2870 2819 2815 
3 2866 2830 2854 
3 2871 2813 2866 
3 2826 2860 2845 
3 2783 2790 2872 
3 2861 2802 2753 
3 2855 2802 2873 
3 2849 2821 2859 
3 2857 2823 2874 
3 2835 2816 2875 
3 2876 2800 2848 
3 2800 2876 2852 
3 2801 2837 2789 
3 2877 2801 2796 
3 2818 2856 2827 
3 2840 2788 2833 
3 2857 2878 2822 
3 2878 2799 2822 
3 2824 2794 2869 
3 2879 2831 2852 
3 2880 2841 2832 
3 2773 2843 2811 
3 2843 2881 2811 
3 2870 2815 2851 
3 2835 2882 2850 
3 2875 2816 2865 
3 2825 2813 2871 
3 2790 2858 2872 
3 2883 2861 2872 
3 2884 2834 2806 
3 2849 2884 2806 
3 2859 2828 2863 
3 2879 2844 2831 
3 2871 2860 2825 
3 2783 2872 2861 
3 2833 2885 2886 
3 2847 2839 2887 
3 2888 2877 2796 
3 2796 2817 2888 
3 2874 2847 2887 
3 2869 2799 2878 
3 2848 2800 2797 
3 2789 2838 2778 
3 2889 2843 2842 
3 2843 2889 2881 
3 2859 2890 2849 
3 2886 2840 2833 
3 2868 2887 2839 
3 2824 2891 2851 
3 2865 2819 2870 
3 2854 2809 2844 
3 2861 2873 2802 
3 2884 2849 2892 
3 2857 2893 2878 
3 2844 2894 2854 
3 2834 2836 2780 
3 2823 2847 2874 
3 2895 2871 2866 
3 2896 2876 2848 
3 2871 2897 2860 
3 2838 2837 2898 
3 2837 2801 2877 
3 2841 2880 2867 
3 2836 2899 2853 
3 2890 2892 2849 
3 2900 2893 2857 
3 2901 2902 2858 
3 2837 2877 2903 
3 2904 2905 2888 
3 2862 2906 2836 
3 2881 2885 2811 
3 2907 2870 2908 
3 2879 2894 2844 
3 2896 2848 2838 
3 2845 2860 2901 
3 2855 2909 2832 
3 2906 2899 2836 
3 2811 2885 2833 
3 2910 2874 2887 
3 2891 2824 2869 
3 2866 2854 2895 
3 2845 2901 2858 
3 2858 2911 2872 
3 2846 2867 2912 
3 2912 2856 2846 
3 2886 2913 2864 
3 2852 2876 2914 
3 2915 2861 2883 
3 2861 2915 2873 
3 2855 2916 2909 
3 2862 2884 2917 
3 2868 2913 2918 
3 2864 2840 2886 
3 2850 2882 2863 
3 2860 2897 2901 
3 2904 2817 2853 
3 2862 2834 2884 
3 2919 2854 2894 
3 2858 2902 2911 
3 2888 2817 2904 
3 2920 2827 2856 
3 2881 2921 2885 
3 2909 2880 2832 
3 2920 2922 2827 
3 2922 2842 2827 
3 2917 2884 2892 
3 2923 2889 2922 
3 2924 2913 2886 
3 2879 2852 2914 
3 2879 2914 2925 
3 2880 2926 2867 
3 2899 2904 2853 
3 2922 2889 2842 
3 2910 2900 2874 
3 2870 2907 2865 
3 2920 2856 2912 
3 2889 2927 2881 
3 2875 2865 2928 
3 2879 2925 2894 
3 2903 2877 2929 
3 2921 2881 2927 
3 2924 2885 2921 
3 2913 2868 2864 
3 2891 2869 2930 
3 2882 2835 2875 
3 2894 2931 2919 
3 2895 2854 2919 
3 2898 2837 2903 
3 2904 2899 2932 
3 2933 2934 2906 
3 2935 2890 2859 
3 2878 2930 2869 
3 2891 2936 2851 
3 2907 2928 2865 
3 2898 2896 2838 
3 2918 2913 2937 
3 2878 2893 2930 
3 2930 2938 2891 
3 2851 2936 2870 
3 2903 2939 2898 
3 2937 2940 2918 
3 2941 2887 2868 
3 2900 2857 2874 
3 2863 2882 2942 
3 2938 2936 2891 
3 2908 2870 2936 
3 2875 2928 2943 
3 2944 2914 2876 
3 2896 2944 2876 
3 2945 2871 2895 
3 2911 2883 2872 
3 2877 2888 2929 
3 2905 2929 2888 
3 2922 2920 2946 
3 2886 2885 2924 
3 2873 2916 2855 
3 2947 2948 2905 
3 2880 2909 2949 
3 2905 2904 2932 
3 2917 2933 2862 
3 2921 2950 2924 
3 2924 2937 2913 
3 2882 2875 2943 
3 2928 2907 2951 
3 2916 2873 2915 
3 2912 2867 2952 
3 2906 2862 2933 
3 2923 2927 2889 
3 2935 2859 2863 
3 2930 2893 2953 
3 2945 2897 2871 
3 2954 2902 2901 
3 2915 2955 2916 
3 2948 2929 2905 
3 2906 2956 2899 
3 2920 2912 2957 
3 2923 2958 2927 
3 2959 2941 2918 
3 2918 2941 2868 
3 2896 2960 2944 
3 2932 2947 2905 
3 2949 2926 2880 
3 2867 2926 2952 
3 2934 2956 2906 
3 2912 2952 2957 
3 2961 2900 2910 
3 2962 2893 2900 
3 2907 2908 2951 
3 2925 2914 2963 
3 2964 2895 2919 
3 2915 2883 2965 
3 2955 2915 2965 
3 2929 2966 2903 
3 2899 2956 2932 
3 2921 2958 2950 
3 2942 2935 2863 
3 2967 2897 2945 
3 2967 2945 2968 
3 2967 2901 2897 
3 2939 2903 2966 
3 2946 2923 2922 
3 2969 2890 2935 
3 2937 2924 2950 
3 2941 2910 2887 
3 2962 2900 2961 
3 2908 2936 2970 
3 2925 2931 2894 
3 2901 2967 2954 
3 2960 2898 2939 
3 2921 2927 2958 
3 2970 2936 2938 
3 2925 2963 2971 
3 2896 2898 2960 
3 2972 2946 2957 
3 2892 2890 2973 
3 2962 2953 2893 
3 2925 2971 2931 
3 2931 2974 2919 
3 2975 2883 2911 
3 2976 2909 2916 
3 2976 2949 2909 
3 2977 2952 2926 
3 2920 2957 2946 
3 2946 2978 2923 
3 2930 2979 2938 
3 2964 2945 2895 
3 2966 2929 2980 
3 2981 2911 2902 
3 2982 2957 2952 
3 2946 2972 2978 
3 2892 2973 2917 
3 2983 2908 2970 
3 2960 2984 2944 
3 2948 2980 2929 
3 2956 2934 2985 
3 2951 2908 2983 
3 2954 2981 2902 
3 2986 2960 2939 
3 2914 2944 2963 
3 2974 2964 2919 
3 2945 2964 2968 
3 2975 2965 2883 
3 2957 2982 2972 
3 2933 2917 2987 
3 2969 2973 2890 
3 2910 2941 2988 
3 2940 2959 2918 
3 2961 2910 2988 
3 2943 2989 2942 
3 2953 2979 2930 
3 2990 2963 2984 
3 2960 2986 2991 
3 2981 2975 2911 
3 2992 2949 2976 
3 2977 2982 2952 
3 2987 2917 2973 
3 2935 2942 2993 
3 2953 2994 2979 
3 2968 2964 2995 
3 2996 2965 2975 
3 2955 2976 2916 
3 2932 2956 2985 
3 2978 2958 2923 
3 2997 2937 2950 
3 2984 2963 2944 
3 2998 2967 2968 
3 2966 2999 2939 
3 2953 2962 3000 
3 2943 2928 3001 
3 2998 3002 2954 
3 2976 3003 2992 
3 2947 3004 2948 
3 2979 3005 2970 
3 3006 2974 2931 
3 2992 2926 2949 
3 3007 2973 2969 
3 3005 2983 2970 
3 2960 2991 2984 
3 2986 2939 2999 
3 2988 2941 2959 
3 2943 2942 2882 
3 2989 2943 3001 
3 2951 3001 2928 
3 3008 2963 2990 
3 2981 3009 2975 
3 2933 3010 2934 
3 2987 3010 2933 
3 2972 3011 2978 
3 2935 2993 2969 
3 2993 2942 2989 
3 3012 3013 2951 
3 3002 2981 2954 
3 2985 3014 2947 
3 2932 2985 2947 
3 2970 2938 2979 
3 3015 2931 2971 
3 3004 3016 2948 
3 3004 2947 3014 
3 2977 2926 3017 
3 2940 2937 2997 
3 2953 3000 2994 
3 3001 2951 3013 
3 3018 2955 2965 
3 2980 2999 2966 
3 2948 3016 2980 
3 2934 3019 2985 
3 3007 2969 2993 
3 3020 2940 2997 
3 3021 2959 2940 
3 3000 2962 3022 
3 2963 3008 2971 
3 2975 3009 2996 
3 2996 3018 2965 
3 2926 2992 3017 
3 3007 3023 2973 
3 2958 3024 2950 
3 2989 3025 2993 
3 3022 2962 2961 
3 2998 2954 2967 
3 2986 2999 3026 
3 2976 2955 3003 
3 2978 3027 2958 
3 3027 3024 2958 
3 2994 3028 2979 
3 3006 2931 3015 
3 2964 2974 2995 
3 3029 3009 3002 
3 3030 2977 3017 
3 3014 3019 3031 
3 3019 2934 3010 
3 3010 2987 3032 
3 3023 3032 2987 
3 2973 3023 2987 
3 2997 2950 3024 
3 2979 3028 3005 
3 3005 3033 2983 
3 2977 3030 3034 
3 2978 3035 3027 
3 2940 3020 3021 
3 3021 3036 2959 
3 3015 2971 3008 
3 2974 3037 2995 
3 2991 3038 2984 
3 2982 2977 3034 
3 3038 2990 2984 
3 3039 2996 3040 
3 3018 2996 3039 
3 2982 3011 2972 
3 3011 3035 2978 
3 2994 3000 3041 
3 3001 3013 3042 
3 3012 2951 2983 
3 2968 2995 3043 
3 3038 2991 3044 
3 3009 2981 3002 
3 2955 3045 3003 
3 3019 3014 2985 
3 3024 3046 2997 
3 3022 2961 3047 
3 2986 3044 2991 
3 3031 3048 3014 
3 2961 2988 3047 
3 2989 3001 3042 
3 3033 3005 3049 
3 3050 3015 3008 
3 3009 3029 3040 
3 3014 3048 3004 
3 2997 3046 3020 
3 3000 3022 3051 
3 3042 3025 2989 
3 3052 3013 3012 
3 3015 3050 3053 
3 3006 3015 3053 
3 3006 3037 2974 
3 2995 3054 3043 
3 2955 3018 3045 
3 3003 3045 3055 
3 3053 3050 3056 
3 2995 3037 3054 
3 2986 3026 3044 
3 2999 2980 3057 
3 3058 3008 2990 
3 3053 3059 3037 
3 3060 3017 3061 
3 3062 3024 3027 
3 2988 2959 3036 
3 3051 3041 3000 
3 2994 3041 3028 
3 2968 3043 2998 
3 3017 3060 3030 
3 3010 3032 3019 
3 3002 3063 3029 
3 3064 3026 3057 
3 3016 3057 2980 
3 3065 3035 3011 
3 2988 3036 3047 
3 3052 3042 3013 
3 3063 3002 2998 
3 3009 3040 2996 
3 2992 3003 3061 
3 2992 3061 3017 
3 3066 3034 3030 
3 3067 3019 3032 
3 3008 3058 3050 
3 3003 3055 3061 
3 3027 3035 3062 
3 3024 3062 3046 
3 2993 3025 3007 
3 3068 3036 3021 
3 3020 3068 3021 
3 3033 3012 2983 
3 3038 3058 2990 
3 3004 3069 3016 
3 3031 3019 3067 
3 3025 3070 3007 
3 3005 3028 3049 
3 3063 3071 3029 
3 3035 3065 3072 
3 3068 3073 3036 
3 3037 3006 3053 
3 3045 3018 3074 
3 3069 3004 3048 
3 3032 3023 3075 
3 3076 3040 3029 
3 3074 3018 3039 
3 3077 3011 2982 
3 3077 3065 3011 
3 3067 3032 3075 
3 3035 3072 3062 
3 3023 3007 3078 
3 2999 3057 3026 
3 3079 3057 3016 
3 3077 2982 3034 
3 3078 3007 3070 
3 3047 3036 3073 
3 3039 3040 3080 
3 3046 3062 3081 
3 3082 3028 3041 
3 3033 3049 3083 
3 3052 3012 3084 
3 3084 3012 3033 
3 3054 3085 3043 
3 3086 2998 3043 
3 3030 3087 3066 
3 3073 3088 3047 
3 3053 3056 3059 
3 3089 3085 3054 
3 3044 3090 3038 
3 3040 3076 3080 
3 3064 3057 3079 
3 3030 3060 3087 
3 3031 3067 3091 
3 3066 3077 3034 
3 3075 3023 3078 
3 3042 3052 3092 
3 2998 3086 3063 
3 3022 3047 3088 
3 3042 3092 3025 
3 3093 3089 3054 
3 3090 3044 3094 
3 3039 3095 3074 
3 3045 3074 3055 
3 3096 3061 3055 
3 3069 3079 3016 
3 3097 3087 3060 
3 3081 3062 3072 
3 3020 3046 3098 
3 3068 3020 3098 
3 3049 3028 3082 
3 3056 3099 3059 
3 3085 3086 3043 
3 3100 3071 3063 
3 3079 3069 3101 
3 3096 3060 3061 
3 3051 3022 3102 
3 3088 3102 3022 
3 3092 3052 3103 
3 3084 3033 3083 
3 3104 3038 3090 
3 3086 3100 3063 
3 3077 3066 3105 
3 3072 3065 3106 
3 3107 3050 3058 
3 3071 3076 3029 
3 3094 3044 3026 
3 3095 3039 3080 
3 3060 3096 3097 
3 3058 3038 3104 
3 3064 3094 3026 
3 3055 3074 3108 
3 3041 3051 3109 
3 3110 3052 3084 
3 3107 3056 3050 
3 3037 3059 3093 
3 3104 3090 3111 
3 3105 3106 3065 
3 3075 3078 3112 
3 3070 3025 3092 
3 3041 3113 3082 
3 3114 3107 3058 
3 3093 3054 3037 
3 3115 3105 3066 
3 3116 3067 3075 
3 3117 3068 3098 
3 3073 3118 3088 
3 3108 3096 3055 
3 3115 3066 3087 
3 3119 3088 3118 
3 3109 3051 3102 
3 3082 3120 3049 
3 3076 3071 3121 
3 3079 3122 3064 
3 3046 3123 3098 
3 3124 3099 3056 
3 3094 3111 3090 
3 3116 3091 3067 
3 3117 3073 3068 
3 3125 3070 3092 
3 3103 3052 3110 
3 3085 3126 3086 
3 3048 3127 3069 
3 3081 3123 3046 
3 3098 3123 3128 
3 3073 3129 3118 
3 3102 3088 3119 
3 3113 3041 3109 
3 3130 3110 3084 
3 3101 3122 3079 
3 3096 3131 3097 
3 3127 3101 3069 
3 3070 3132 3078 
3 3125 3132 3070 
3 3109 3102 3133 
3 3083 3049 3120 
3 3083 3130 3084 
3 3056 3107 3124 
3 3134 3093 3059 
3 3104 3114 3058 
3 3085 3089 3126 
3 3129 3073 3117 
3 3135 3120 3082 
3 3110 3136 3103 
3 3099 3134 3059 
3 3076 3137 3080 
3 3080 3138 3095 
3 3139 3127 3048 
3 3031 3139 3048 
3 3087 3140 3115 
3 3065 3077 3105 
3 3112 3078 3132 
3 3141 3117 3128 
3 3142 3143 3133 
3 3113 3135 3082 
3 3031 3091 3139 
3 3128 3117 3098 
3 3125 3092 3103 
3 3076 3121 3137 
3 3074 3095 3144 
3 3145 3081 3072 
3 3118 3146 3119 
3 3109 3133 3147 
3 3126 3100 3086 
3 3148 3100 3126 
3 3108 3131 3096 
3 3122 3101 3149 
3 3115 3150 3105 
3 3151 3123 3081 
3 3129 3146 3118 
3 3107 3152 3124 
3 3114 3152 3107 
3 3127 3149 3101 
3 3123 3151 3128 
3 3153 3135 3147 
3 3130 3083 3154 
3 3144 3108 3074 
3 3127 3139 3155 
3 3075 3112 3116 
3 3081 3145 3151 
3 3156 3132 3125 
3 3154 3083 3120 
3 3099 3157 3134 
3 3126 3089 3158 
3 3111 3094 3159 
3 3080 3137 3138 
3 3094 3064 3160 
3 3064 3122 3160 
3 3105 3150 3106 
3 3071 3100 3161 
3 3087 3097 3140 
3 3072 3106 3145 
3 3141 3129 3117 
3 3136 3162 3103 
3 3111 3163 3104 
3 3161 3100 3148 
3 3115 3164 3150 
3 3106 3165 3145 
3 3136 3110 3130 
3 3093 3166 3089 
3 3166 3134 3167 
3 3166 3158 3089 
3 3163 3114 3104 
3 3148 3126 3158 
3 3138 3144 3095 
3 3168 3108 3144 
3 3133 3102 3119 
3 3071 3161 3121 
3 3169 3097 3131 
3 3112 3132 3170 
3 3120 3135 3171 
3 3134 3166 3093 
3 3171 3154 3120 
3 3152 3114 3172 
3 3137 3121 3173 
3 3159 3094 3160 
3 3125 3103 3162 
3 3173 3121 3174 
3 3168 3131 3108 
3 3112 3175 3116 
3 3119 3142 3133 
3 3171 3135 3153 
3 3163 3172 3114 
3 3155 3176 3149 
3 3155 3149 3127 
3 3155 3139 3177 
3 3091 3177 3139 
3 3147 3133 3143 
3 3147 3113 3109 
3 3147 3135 3113 
3 3134 3157 3167 
3 3159 3178 3111 
3 3129 3141 3179 
3 3142 3119 3146 
3 3180 3137 3173 
3 3155 3181 3176 
3 3165 3106 3150 
3 3132 3156 3170 
3 3099 3124 3157 
3 3182 3183 3151 
3 3136 3130 3184 
3 3124 3152 3185 
3 3161 3148 3174 
3 3186 3168 3144 
3 3116 3187 3091 
3 3188 3189 3165 
3 3175 3112 3170 
3 3154 3184 3130 
3 3124 3185 3190 
3 3191 3158 3166 
3 3192 3172 3163 
3 3161 3174 3121 
3 3193 3194 3159 
3 3140 3097 3169 
3 3177 3181 3155 
3 3182 3145 3165 
3 3195 3128 3151 
3 3129 3179 3146 
3 3142 3196 3143 
3 3197 3184 3154 
3 3172 3185 3152 
3 3158 3198 3148 
3 3148 3199 3174 
3 3178 3163 3111 
3 3159 3160 3193 
3 3200 3140 3169 
3 3164 3115 3140 
3 3187 3177 3091 
3 3195 3141 3128 
3 3179 3141 3201 
3 3144 3138 3186 
3 3149 3202 3122 
3 3182 3151 3145 
3 3167 3203 3204 
3 3178 3159 3194 
3 3122 3193 3160 
3 3164 3140 3200 
3 3116 3175 3187 
3 3193 3122 3202 
3 3205 3131 3168 
3 3162 3206 3156 
3 3162 3136 3207 
3 3124 3190 3157 
3 3198 3158 3191 
3 3174 3208 3173 
3 3168 3186 3209 
3 3162 3156 3125 
3 3171 3153 3210 
3 3191 3166 3167 
3 3137 3180 3138 
3 3131 3205 3169 
3 3188 3165 3150 
3 3211 3210 3153 
3 3209 3205 3168 
3 3156 3212 3170 
3 3141 3195 3201 
3 3192 3163 3178 
3 3207 3206 3162 
3 3204 3191 3167 
3 3199 3148 3198 
3 3208 3213 3173 
3 3180 3214 3186 
3 3215 3177 3187 
3 3143 3216 3147 
3 3211 3153 3216 
3 3217 3203 3157 
3 3218 3191 3204 
3 3208 3174 3199 
3 3208 3199 3219 
3 3173 3213 3180 
3 3180 3186 3138 
3 3149 3176 3220 
3 3215 3221 3181 
3 3181 3177 3215 
3 3187 3175 3222 
3 3223 3222 3175 
3 3171 3197 3154 
3 3197 3210 3224 
3 3189 3182 3165 
3 3183 3225 3195 
3 3201 3226 3179 
3 3227 3142 3146 
3 3136 3184 3207 
3 3197 3228 3184 
3 3199 3198 3229 
3 3202 3149 3220 
3 3183 3230 3231 
3 3223 3170 3212 
3 3151 3183 3195 
3 3178 3194 3232 
3 3169 3205 3233 
3 3233 3200 3169 
3 3181 3234 3176 
3 3215 3187 3222 
3 3156 3206 3212 
3 3179 3227 3146 
3 3196 3142 3235 
3 3216 3143 3196 
3 3157 3203 3167 
3 3201 3195 3225 
3 3236 3226 3201 
3 3227 3179 3226 
3 3142 3227 3235 
3 3207 3184 3228 
3 3213 3237 3238 
3 3239 3206 3207 
3 3228 3197 3224 
3 3240 3180 3213 
3 3240 3214 3180 
3 3241 3242 3194 
3 3150 3164 3188 
3 3210 3197 3171 
3 3157 3190 3217 
3 3192 3243 3172 
3 3229 3219 3199 
3 3238 3240 3213 
3 3186 3214 3209 
3 3205 3244 3233 
3 3200 3245 3164 
3 3222 3246 3215 
3 3182 3189 3230 
3 3225 3183 3231 
3 3247 3190 3185 
3 3248 3202 3220 
3 3200 3233 3245 
3 3215 3246 3221 
3 3212 3206 3239 
3 3218 3198 3191 
3 3241 3193 3202 
3 3244 3205 3209 
3 3175 3170 3223 
3 3227 3249 3235 
3 3185 3172 3243 
3 3247 3185 3243 
3 3198 3218 3229 
3 3194 3242 3232 
3 3208 3219 3237 
3 3213 3208 3237 
3 3194 3193 3241 
3 3220 3176 3234 
3 3221 3234 3181 
3 3183 3182 3230 
3 3216 3153 3147 
3 3210 3211 3250 
3 3251 3218 3204 
3 3178 3232 3192 
3 3252 3214 3240 
3 3164 3245 3253 
3 3254 3255 3189 
3 3225 3231 3256 
3 3201 3225 3236 
3 3209 3214 3257 
3 3227 3226 3249 
3 3239 3258 3259 
3 3253 3188 3164 
3 3212 3260 3223 
3 3216 3196 3261 
3 3258 3207 3228 
3 3234 3262 3263 
3 3230 3189 3255 
3 3222 3223 3260 
3 3264 3212 3239 
3 3196 3235 3265 
3 3211 3261 3266 
3 3240 3267 3252 
3 3256 3231 3268 
3 3224 3250 3269 
3 3204 3203 3270 
3 3232 3271 3192 
3 3240 3238 3267 
3 3257 3244 3209 
3 3262 3234 3221 
3 3189 3188 3254 
3 3260 3212 3264 
3 3241 3248 3272 
3 3241 3202 3248 
3 3273 3245 3233 
3 3262 3221 3246 
3 3207 3258 3239 
3 3224 3210 3250 
3 3228 3224 3274 
3 3247 3275 3190 
3 3251 3204 3270 
3 3219 3229 3276 
3 3239 3259 3264 
3 3192 3271 3243 
3 3237 3219 3277 
3 3214 3252 3257 
3 3245 3278 3253 
3 3254 3188 3253 
3 3230 3279 3231 
3 3261 3196 3265 
3 3261 3211 3216 
3 3211 3266 3250 
3 3190 3275 3217 
3 3248 3220 3280 
3 3222 3281 3246 
3 3249 3265 3235 
3 3282 3250 3266 
3 3218 3251 3283 
3 3284 3254 3253 
3 3274 3224 3269 
3 3243 3285 3247 
3 3272 3248 3286 
3 3260 3281 3222 
3 3259 3258 3287 
3 3282 3269 3250 
3 3247 3285 3288 
3 3277 3219 3276 
3 3280 3286 3248 
3 3234 3280 3220 
3 3230 3255 3279 
3 3249 3226 3289 
3 3203 3217 3270 
3 3275 3247 3288 
3 3270 3290 3251 
3 3229 3218 3283 
3 3256 3236 3225 
3 3289 3226 3236 
3 3217 3275 3291 
3 3242 3292 3232 
3 3253 3278 3284 
3 3268 3231 3279 
3 3236 3256 3293 
3 3294 3264 3259 
3 3275 3295 3291 
3 3271 3285 3243 
3 3272 3296 3242 
3 3234 3263 3280 
3 3260 3264 3297 
3 3294 3297 3264 
3 3228 3274 3258 
3 3298 3244 3257 
3 3263 3262 3299 
3 3300 3299 3262 
3 3261 3265 3301 
3 3295 3275 3288 
3 3242 3296 3292 
3 3257 3252 3298 
3 3233 3244 3302 
3 3245 3273 3278 
3 3279 3255 3303 
3 3281 3260 3297 
3 3287 3304 3259 
3 3271 3232 3292 
3 3289 3236 3305 
3 3270 3217 3291 
3 3271 3306 3285 
3 3238 3237 3307 
3 3308 3252 3267 
3 3302 3273 3233 
3 3303 3255 3309 
3 3293 3305 3236 
3 3237 3277 3307 
3 3272 3242 3241 
3 3261 3301 3266 
3 3283 3276 3229 
3 3252 3308 3298 
3 3310 3268 3311 
3 3293 3256 3268 
3 3289 3312 3313 
3 3294 3259 3304 
3 3314 3283 3251 
3 3238 3307 3315 
3 3251 3290 3314 
3 3283 3314 3316 
3 3317 3283 3316 
3 3283 3317 3276 
3 3263 3318 3280 
3 3302 3319 3273 
3 3320 3296 3272 
3 3321 3278 3273 
3 3281 3300 3246 
3 3289 3313 3249 
3 3274 3287 3258 
3 3286 3320 3272 
3 3300 3262 3246 
3 3309 3255 3254 
3 3300 3281 3322 
3 3291 3295 3323 
3 3291 3290 3270 
3 3324 3277 3276 
3 3244 3298 3325 
3 3318 3286 3280 
3 3303 3311 3279 
3 3326 3293 3310 
3 3325 3298 3327 
3 3279 3311 3268 
3 3322 3281 3297 
3 3328 3269 3329 
3 3269 3328 3274 
3 3329 3269 3282 
3 3277 3330 3307 
3 3238 3315 3267 
3 3265 3249 3313 
3 3266 3331 3282 
3 3287 3274 3328 
3 3288 3332 3295 
3 3292 3306 3271 
3 3333 3296 3320 
3 3254 3284 3309 
3 3290 3291 3323 
3 3276 3317 3324 
3 3306 3292 3334 
3 3334 3292 3296 
3 3321 3335 3284 
3 3315 3307 3336 
3 3308 3327 3298 
3 3325 3302 3244 
3 3273 3319 3321 
3 3337 3308 3267 
3 3335 3338 3309 
3 3339 3300 3322 
3 3340 3323 3295 
3 3312 3289 3305 
3 3329 3341 3328 
3 3342 3297 3294 
3 3343 3301 3265 
3 3340 3295 3332 
3 3290 3344 3314 
3 3334 3296 3333 
3 3267 3315 3337 
3 3337 3345 3308 
3 3308 3345 3327 
3 3320 3286 3346 
3 3319 3302 3325 
3 3305 3293 3326 
3 3316 3347 3317 
3 3317 3347 3324 
3 3346 3286 3318 
3 3311 3303 3348 
3 3268 3310 3293 
3 3301 3331 3266 
3 3349 3314 3344 
3 3350 3351 3306 
3 3330 3336 3307 
3 3319 3325 3352 
3 3299 3353 3263 
3 3278 3321 3284 
3 3338 3348 3303 
3 3305 3354 3312 
3 3287 3355 3304 
3 3355 3287 3328 
3 3341 3329 3356 
3 3344 3290 3323 
3 3332 3288 3357 
3 3306 3351 3285 
3 3297 3342 3322 
3 3342 3294 3358 
3 3358 3294 3304 
3 3328 3341 3355 
3 3359 3356 3329 
3 3349 3316 3314 
3 3333 3320 3360 
3 3284 3335 3309 
3 3361 3299 3339 
3 3309 3338 3303 
3 3343 3362 3301 
3 3351 3357 3285 
3 3299 3300 3339 
3 3265 3313 3343 
3 3337 3363 3345 
3 3364 3333 3365 
3 3345 3366 3327 
3 3305 3326 3354 
3 3323 3340 3367 
3 3367 3344 3323 
3 3368 3340 3332 
3 3357 3288 3285 
3 3315 3369 3337 
3 3325 3327 3352 
3 3318 3263 3353 
3 3370 3339 3322 
3 3313 3312 3371 
3 3362 3331 3301 
3 3330 3277 3324 
3 3346 3360 3320 
3 3335 3321 3372 
3 3373 3310 3311 
3 3374 3304 3355 
3 3371 3343 3313 
3 3349 3344 3375 
3 3316 3376 3347 
3 3318 3377 3346 
3 3378 3338 3335 
3 3370 3322 3342 
3 3359 3329 3282 
3 3316 3349 3376 
3 3330 3379 3336 
3 3345 3363 3380 
3 3366 3352 3327 
3 3372 3378 3335 
3 3381 3348 3338 
3 3373 3311 3348 
3 3382 3326 3310 
3 3383 3371 3312 
3 3358 3304 3374 
3 3362 3384 3331 
3 3385 3332 3386 
3 3359 3282 3331 
3 3368 3332 3385 
3 3380 3366 3345 
3 3299 3361 3353 
3 3338 3378 3381 
3 3354 3326 3387 
3 3353 3377 3318 
3 3310 3373 3382 
3 3342 3388 3370 
3 3343 3389 3362 
3 3355 3341 3390 
3 3324 3347 3391 
3 3334 3350 3306 
3 3391 3379 3330 
3 3389 3343 3371 
3 3389 3392 3362 
3 3334 3333 3364 
3 3393 3319 3352 
3 3393 3321 3319 
3 3356 3394 3341 
3 3395 3340 3368 
3 3364 3350 3334 
3 3369 3315 3336 
3 3361 3339 3396 
3 3354 3383 3312 
3 3358 3374 3397 
3 3362 3392 3384 
3 3395 3367 3340 
3 3391 3330 3324 
3 3379 3398 3336 
3 3399 3360 3346 
3 3400 3393 3352 
3 3321 3393 3372 
3 3339 3370 3396 
3 3326 3382 3387 
3 3357 3351 3386 
3 3386 3351 3401 
3 3369 3363 3337 
3 3377 3399 3346 
3 3361 3402 3353 
3 3396 3403 3361 
3 3358 3388 3342 
3 3341 3394 3390 
3 3357 3386 3332 
3 3398 3369 3336 
3 3360 3399 3404 
3 3366 3400 3352 
3 3353 3402 3377 
3 3373 3381 3405 
3 3373 3406 3382 
3 3367 3375 3344 
3 3350 3401 3351 
3 3388 3407 3370 
3 3355 3390 3374 
3 3408 3347 3376 
3 3408 3391 3347 
3 3366 3380 3409 
3 3387 3383 3354 
3 3388 3358 3397 
3 3397 3374 3410 
3 3359 3331 3384 
3 3356 3359 3411 
3 3360 3365 3333 
3 3375 3412 3349 
3 3364 3413 3350 
3 3363 3369 3414 
3 3382 3415 3387 
3 3383 3387 3416 
3 3367 3417 3375 
3 3398 3379 3418 
3 3382 3406 3415 
3 3371 3383 3419 
3 3365 3360 3404 
3 3402 3361 3403 
3 3371 3419 3389 
3 3410 3374 3390 
3 3349 3412 3376 
3 3412 3420 3376 
3 3398 3414 3369 
3 3384 3411 3359 
3 3421 3418 3379 
3 3350 3413 3401 
3 3378 3372 3422 
3 3394 3356 3411 
3 3367 3395 3417 
3 3422 3372 3393 
3 3401 3423 3424 
3 3401 3424 3386 
3 3425 3400 3366 
3 3426 3393 3400 
3 3393 3426 3422 
3 3381 3373 3348 
3 3394 3427 3390 
3 3386 3424 3385 
3 3408 3376 3420 
3 3400 3425 3426 
3 3373 3405 3406 
3 3415 3416 3387 
3 3391 3408 3421 
3 3391 3421 3379 
3 3407 3396 3370 
3 3384 3392 3428 
3 3429 3368 3385 
3 3413 3423 3401 
3 3363 3414 3430 
3 3380 3431 3409 
3 3407 3432 3396 
3 3419 3383 3433 
3 3384 3428 3411 
3 3434 3375 3417 
3 3429 3395 3368 
3 3412 3375 3434 
3 3363 3430 3380 
3 3425 3366 3409 
3 3404 3399 3435 
3 3397 3436 3388 
3 3365 3437 3364 
3 3377 3438 3399 
3 3422 3439 3378 
3 3403 3432 3440 
3 3395 3429 3441 
3 3423 3413 3442 
3 3377 3402 3438 
3 3443 3381 3378 
3 3378 3439 3443 
3 3436 3407 3388 
3 3444 3389 3419 
3 3441 3417 3395 
3 3445 3414 3446 
3 3380 3430 3431 
3 3381 3443 3405 
3 3416 3433 3383 
3 3410 3390 3427 
3 3447 3429 3385 
3 3420 3412 3448 
3 3408 3449 3421 
3 3404 3450 3365 
3 3397 3451 3436 
3 3417 3452 3434 
3 3453 3438 3402 
3 3403 3453 3402 
3 3444 3392 3389 
3 3434 3448 3412 
3 3424 3447 3385 
3 3408 3420 3449 
3 3446 3398 3418 
3 3437 3413 3364 
3 3416 3415 3454 
3 3455 3392 3456 
3 3428 3392 3455 
3 3429 3447 3457 
3 3422 3458 3439 
3 3415 3406 3459 
3 3445 3430 3414 
3 3460 3394 3411 
3 3457 3441 3429 
3 3422 3426 3458 
3 3428 3460 3411 
3 3460 3428 3461 
3 3462 3447 3463 
3 3448 3464 3420 
3 3463 3424 3423 
3 3444 3419 3465 
3 3392 3444 3456 
3 3463 3447 3424 
3 3418 3421 3466 
3 3430 3445 3467 
3 3468 3405 3443 
3 3459 3454 3415 
3 3469 3433 3416 
3 3433 3469 3465 
3 3394 3460 3427 
3 3437 3442 3413 
3 3450 3437 3365 
3 3409 3431 3470 
3 3465 3419 3433 
3 3471 3451 3410 
3 3414 3398 3446 
3 3470 3425 3409 
3 3425 3470 3472 
3 3399 3438 3435 
3 3405 3468 3473 
3 3427 3471 3410 
3 3457 3474 3475 
3 3452 3417 3441 
3 3441 3475 3452 
3 3475 3441 3457 
3 3476 3477 3442 
3 3430 3467 3431 
3 3435 3450 3404 
3 3438 3478 3435 
3 3443 3439 3479 
3 3443 3479 3468 
3 3480 3471 3427 
3 3457 3447 3462 
3 3466 3481 3418 
3 3473 3406 3405 
3 3469 3416 3454 
3 3465 3456 3444 
3 3448 3434 3482 
3 3449 3466 3421 
3 3418 3481 3446 
3 3426 3425 3472 
3 3483 3458 3426 
3 3432 3407 3484 
3 3410 3451 3397 
3 3427 3460 3480 
3 3482 3434 3452 
3 3485 3445 3446 
3 3445 3485 3467 
3 3428 3455 3461 
3 3448 3486 3464 
3 3420 3464 3449 
3 3478 3438 3487 
3 3488 3479 3439 
3 3473 3459 3406 
3 3451 3471 3489 
3 3461 3480 3460 
3 3486 3448 3482 
3 3463 3423 3490 
3 3431 3467 3491 
3 3487 3438 3453 
3 3488 3439 3458 
3 3472 3483 3426 
3 3477 3490 3442 
3 3450 3476 3437 
3 3470 3492 3472 
3 3458 3483 3488 
3 3493 3488 3483 
3 3473 3468 3494 
3 3456 3495 3455 
3 3496 3482 3452 
3 3497 3481 3466 
3 3498 3484 3436 
3 3496 3452 3475 
3 3466 3499 3497 
3 3403 3396 3432 
3 3468 3479 3494 
3 3454 3459 3500 
3 3469 3454 3501 
3 3455 3502 3461 
3 3480 3461 3503 
3 3463 3504 3462 
3 3490 3504 3463 
3 3437 3476 3442 
3 3505 3492 3470 
3 3435 3506 3450 
3 3440 3432 3507 
3 3494 3508 3473 
3 3509 3465 3469 
3 3499 3466 3449 
3 3490 3423 3442 
3 3510 3453 3440 
3 3469 3501 3509 
3 3491 3470 3431 
3 3506 3435 3478 
3 3492 3511 3472 
3 3456 3465 3512 
3 3464 3486 3513 
3 3449 3464 3499 
3 3450 3514 3476 
3 3506 3514 3450 
3 3453 3403 3440 
3 3493 3483 3511 
3 3436 3484 3407 
3 3502 3455 3495 
3 3491 3467 3515 
3 3508 3459 3473 
3 3471 3480 3516 
3 3477 3514 3517 
3 3470 3491 3505 
3 3518 3508 3494 
3 3507 3432 3484 
3 3489 3498 3451 
3 3503 3461 3502 
3 3474 3457 3462 
3 3467 3485 3515 
3 3494 3479 3519 
3 3520 3500 3459 
3 3451 3498 3436 
3 3512 3465 3509 
3 3485 3446 3481 
3 3511 3521 3493 
3 3495 3512 3522 
3 3514 3477 3476 
3 3523 3510 3440 
3 3516 3489 3471 
3 3475 3524 3496 
3 3482 3496 3525 
3 3526 3486 3482 
3 3527 3474 3462 
3 3499 3464 3513 
3 3510 3528 3487 
3 3453 3510 3487 
3 3481 3497 3529 
3 3477 3530 3490 
3 3507 3484 3531 
3 3454 3500 3501 
3 3524 3475 3474 
3 3481 3529 3485 
3 3485 3529 3532 
3 3483 3472 3511 
3 3440 3507 3523 
3 3488 3519 3479 
3 3474 3533 3524 
3 3485 3532 3515 
3 3492 3534 3511 
3 3535 3519 3488 
3 3495 3456 3512 
3 3482 3525 3526 
3 3517 3536 3477 
3 3537 3506 3478 
3 3508 3520 3459 
3 3538 3501 3500 
3 3491 3515 3539 
3 3491 3539 3505 
3 3540 3509 3501 
3 3509 3540 3541 
3 3502 3495 3542 
3 3504 3490 3530 
3 3523 3528 3510 
3 3494 3519 3518 
3 3531 3484 3498 
3 3541 3512 3509 
3 3503 3502 3543 
3 3480 3544 3516 
3 3545 3525 3496 
3 3486 3526 3513 
3 3487 3546 3478 
3 3528 3546 3487 
3 3493 3535 3488 
3 3495 3522 3542 
3 3513 3547 3499 
3 3532 3548 3515 
3 3506 3549 3514 
3 3489 3550 3498 
3 3542 3543 3502 
3 3533 3474 3527 
3 3527 3504 3551 
3 3504 3527 3462 
3 3506 3537 3549 
3 3552 3500 3520 
3 3538 3500 3552 
3 3503 3543 3544 
3 3553 3513 3526 
3 3514 3549 3517 
3 3554 3493 3521 
3 3554 3535 3493 
3 3555 3528 3523 
3 3523 3507 3556 
3 3557 3520 3508 
3 3538 3540 3501 
3 3496 3524 3545 
3 3556 3507 3531 
3 3550 3558 3531 
3 3489 3516 3559 
3 3522 3512 3541 
3 3497 3499 3560 
3 3515 3548 3539 
3 3534 3492 3505 
3 3521 3561 3562 
3 3556 3555 3523 
3 3480 3503 3544 
3 3513 3553 3547 
3 3530 3551 3504 
3 3478 3546 3537 
3 3508 3518 3557 
3 3520 3557 3552 
3 3550 3531 3498 
3 3553 3526 3563 
3 3529 3497 3564 
3 3505 3565 3534 
3 3535 3566 3519 
3 3538 3552 3567 
3 3489 3559 3550 
3 3533 3568 3569 
3 3565 3505 3539 
3 3511 3534 3521 
3 3521 3534 3561 
3 3546 3528 3570 
3 3555 3570 3528 
3 3559 3516 3571 
3 3543 3572 3544 
3 3524 3533 3573 
3 3530 3477 3536 
3 3574 3532 3529 
3 3562 3554 3521 
3 3566 3535 3554 
3 3540 3538 3575 
3 3576 3577 3522 
3 3516 3544 3571 
3 3564 3497 3560 
3 3548 3532 3574 
3 3578 3537 3546 
3 3573 3545 3524 
3 3560 3499 3547 
3 3579 3549 3537 
3 3569 3573 3533 
3 3570 3578 3546 
3 3580 3552 3557 
3 3542 3522 3577 
3 3572 3581 3582 
3 3583 3560 3547 
3 3538 3567 3575 
3 3525 3563 3526 
3 3547 3553 3583 
3 3530 3584 3551 
3 3585 3539 3548 
3 3586 3566 3554 
3 3587 3564 3560 
3 3585 3565 3539 
3 3588 3578 3570 
3 3519 3566 3518 
3 3518 3589 3557 
3 3540 3590 3541 
3 3578 3579 3537 
3 3557 3589 3580 
3 3550 3591 3558 
3 3559 3591 3550 
3 3575 3590 3540 
3 3590 3576 3541 
3 3563 3592 3553 
3 3553 3592 3583 
3 3593 3586 3554 
3 3522 3541 3576 
3 3577 3581 3542 
3 3517 3594 3536 
3 3595 3594 3517 
3 3561 3534 3565 
3 3556 3531 3558 
3 3525 3545 3596 
3 3551 3568 3527 
3 3560 3583 3587 
3 3584 3536 3597 
3 3584 3530 3536 
3 3568 3551 3598 
3 3529 3564 3574 
3 3597 3536 3594 
3 3552 3580 3599 
3 3599 3567 3552 
3 3572 3571 3544 
3 3527 3568 3533 
3 3551 3584 3598 
3 3565 3585 3600 
3 3601 3556 3558 
3 3596 3563 3525 
3 3602 3592 3563 
3 3574 3564 3603 
3 3574 3604 3605 
3 3566 3589 3518 
3 3606 3575 3567 
3 3596 3545 3607 
3 3548 3605 3585 
3 3600 3561 3565 
3 3588 3570 3608 
3 3555 3608 3570 
3 3609 3575 3606 
3 3607 3545 3573 
3 3581 3572 3543 
3 3543 3542 3581 
3 3603 3564 3587 
3 3574 3605 3548 
3 3561 3610 3562 
3 3556 3601 3555 
3 3591 3559 3611 
3 3589 3566 3612 
3 3549 3595 3517 
3 3561 3600 3613 
3 3561 3613 3610 
3 3566 3586 3612 
3 3573 3569 3614 
3 3593 3554 3562 
3 3567 3599 3606 
3 3571 3611 3559 
3 3614 3607 3573 
3 3584 3615 3598 
3 3590 3575 3609 
3 3596 3616 3602 
3 3596 3602 3563 
3 3604 3603 3617 
3 3579 3595 3549 
3 3601 3618 3555 
3 3612 3619 3589 
3 3620 3601 3558 
3 3591 3620 3558 
3 3555 3618 3608 
3 3621 3618 3601 
3 3589 3619 3580 
3 3574 3603 3604 
3 3622 3623 3597 
3 3610 3593 3562 
3 3608 3624 3588 
3 3624 3608 3618 
3 3592 3625 3583 
3 3587 3583 3626 
3 3585 3627 3600 
3 3579 3578 3628 
3 3611 3571 3629 
3 3577 3630 3581 
3 3587 3626 3603 
3 3584 3597 3615 
3 3585 3605 3627 
3 3595 3622 3594 
3 3631 3579 3628 
3 3591 3632 3620 
3 3590 3633 3576 
3 3634 3613 3600 
3 3620 3621 3601 
3 3611 3632 3591 
3 3605 3604 3635 
3 3623 3615 3597 
3 3631 3595 3579 
3 3599 3580 3636 
3 3590 3609 3633 
3 3637 3577 3576 
3 3630 3582 3581 
3 3616 3596 3607 
3 3604 3638 3635 
3 3582 3629 3572 
3 3597 3594 3622 
3 3580 3619 3636 
3 3639 3606 3599 
3 3611 3629 3640 
3 3625 3626 3583 
3 3598 3615 3641 
3 3634 3600 3627 
3 3595 3631 3622 
3 3642 3612 3586 
3 3599 3636 3639 
3 3572 3629 3571 
3 3643 3568 3598 
3 3641 3644 3645 
3 3646 3628 3588 
3 3646 3588 3624 
3 3611 3640 3632 
3 3609 3647 3633 
3 3633 3648 3637 
3 3637 3630 3577 
3 3649 3607 3614 
3 3650 3651 3614 
3 3598 3641 3643 
3 3605 3635 3627 
3 3613 3634 3652 
3 3593 3610 3653 
3 3654 3606 3639 
3 3609 3606 3654 
3 3650 3614 3569 
3 3569 3643 3650 
3 3578 3588 3628 
3 3637 3576 3633 
3 3655 3629 3582 
3 3568 3643 3569 
3 3592 3656 3625 
3 3618 3621 3657 
3 3658 3620 3632 
3 3609 3659 3647 
3 3582 3630 3660 
3 3602 3656 3592 
3 3603 3626 3661 
3 3613 3652 3610 
3 3586 3593 3642 
3 3656 3602 3616 
3 3625 3662 3626 
3 3635 3663 3627 
3 3622 3631 3664 
3 3619 3612 3665 
3 3649 3616 3607 
3 3625 3666 3662 
3 3662 3661 3626 
3 3634 3627 3667 
3 3653 3642 3593 
3 3620 3658 3621 
3 3655 3582 3660 
3 3653 3610 3652 
3 3665 3612 3668 
3 3640 3669 3670 
3 3630 3637 3671 
3 3625 3656 3666 
3 3665 3636 3619 
3 3670 3658 3632 
3 3603 3661 3617 
3 3624 3618 3657 
3 3659 3609 3654 
3 3637 3648 3671 
3 3622 3672 3623 
3 3672 3622 3664 
3 3639 3673 3654 
3 3659 3654 3674 
3 3648 3633 3647 
3 3651 3650 3675 
3 3616 3676 3656 
3 3604 3617 3638 
3 3635 3638 3677 
3 3624 3678 3646 
3 3651 3649 3614 
3 3641 3679 3643 
3 3615 3644 3641 
3 3623 3644 3615 
3 3652 3634 3680 
3 3647 3681 3648 
3 3655 3640 3629 
3 3644 3623 3682 
3 3682 3623 3672 
3 3665 3683 3636 
3 3684 3621 3658 
3 3655 3669 3640 
3 3616 3649 3685 
3 3616 3685 3676 
3 3677 3663 3635 
3 3653 3652 3686 
3 3612 3642 3668 
3 3687 3669 3655 
3 3650 3679 3675 
3 3679 3650 3643 
3 3645 3679 3641 
3 3653 3686 3688 
3 3653 3688 3642 
3 3657 3621 3684 
3 3640 3670 3632 
3 3676 3666 3656 
3 3689 3662 3666 
3 3690 3628 3646 
3 3678 3624 3657 
3 3659 3681 3647 
3 3627 3663 3667 
3 3684 3691 3657 
3 3692 3660 3671 
3 3693 3651 3675 
3 3662 3694 3661 
3 3631 3690 3664 
3 3660 3687 3655 
3 3692 3687 3660 
3 3651 3693 3649 
3 3695 3672 3664 
3 3686 3652 3680 
3 3696 3646 3678 
3 3678 3657 3691 
3 3697 3671 3648 
3 3660 3630 3671 
3 3682 3672 3698 
3 3667 3680 3634 
3 3690 3631 3628 
3 3639 3636 3683 
3 3670 3699 3658 
3 3700 3681 3701 
3 3649 3693 3702 
3 3703 3617 3661 
3 3617 3704 3638 
3 3683 3673 3639 
3 3689 3694 3662 
3 3705 3645 3644 
3 3663 3677 3706 
3 3690 3695 3664 
3 3642 3688 3668 
3 3702 3685 3649 
3 3695 3698 3672 
3 3707 3683 3665 
3 3666 3676 3708 
3 3708 3689 3666 
3 3704 3617 3703 
3 3706 3667 3663 
3 3691 3684 3709 
3 3658 3699 3684 
3 3707 3665 3668 
3 3699 3709 3684 
3 3710 3676 3685 
3 3705 3644 3682 
3 3690 3646 3696 
3 3670 3669 3711 
3 3685 3702 3710 
3 3645 3712 3679 
3 3659 3674 3701 
3 3676 3710 3708 
3 3679 3712 3713 
3 3661 3694 3703 
3 3714 3703 3694 
3 3677 3638 3704 
3 3691 3715 3678 
3 3681 3697 3648 
3 3671 3697 3692 
3 3705 3712 3645 
3 3703 3716 3704 
3 3690 3717 3695 
3 3688 3686 3718 
3 3719 3673 3683 
3 3673 3674 3654 
3 3669 3720 3711 
3 3697 3681 3700 
3 3669 3687 3720 
3 3721 3722 3708 
3 3675 3679 3713 
3 3723 3677 3704 
3 3724 3706 3677 
3 3725 3667 3706 
3 3725 3680 3667 
3 3696 3717 3690 
3 3680 3726 3686 
3 3727 3715 3691 
3 3688 3728 3668 
3 3691 3709 3727 
3 3699 3670 3711 
3 3708 3722 3689 
3 3729 3730 3698 
3 3678 3715 3696 
3 3683 3707 3719 
3 3699 3731 3709 
3 3732 3693 3675 
3 3705 3682 3733 
3 3734 3694 3689 
3 3686 3735 3718 
3 3713 3732 3675 
3 3698 3733 3682 
3 3706 3736 3725 
3 3680 3725 3726 
3 3692 3737 3687 
3 3724 3677 3723 
3 3736 3706 3724 
3 3715 3738 3696 
3 3739 3673 3719 
3 3674 3673 3739 
3 3720 3737 3740 
3 3737 3720 3687 
3 3741 3702 3693 
3 3717 3696 3738 
3 3735 3686 3726 
3 3668 3728 3707 
3 3701 3681 3659 
3 3702 3741 3742 
3 3743 3734 3722 
3 3712 3705 3744 
3 3745 3727 3709 
3 3742 3710 3702 
3 3734 3714 3694 
3 3688 3718 3728 
3 3719 3707 3746 
3 3699 3747 3731 
3 3711 3720 3748 
3 3733 3698 3730 
3 3701 3749 3750 
3 3701 3751 3700 
3 3752 3697 3700 
3 3697 3753 3692 
3 3689 3722 3734 
3 3695 3729 3698 
3 3715 3727 3754 
3 3719 3755 3739 
3 3721 3708 3710 
3 3756 3724 3723 
3 3757 3725 3736 
3 3692 3753 3737 
3 3710 3742 3721 
3 3758 3759 3713 
3 3716 3703 3714 
3 3716 3723 3704 
3 3707 3728 3746 
3 3752 3753 3697 
3 3693 3732 3741 
3 3744 3705 3733 
3 3717 3729 3695 
3 3719 3746 3755 
3 3758 3713 3712 
3 3724 3756 3736 
3 3738 3760 3717 
3 3674 3739 3749 
3 3747 3699 3711 
3 3750 3751 3701 
3 3761 3762 3753 
3 3722 3721 3763 
3 3763 3743 3722 
3 3744 3758 3712 
3 3723 3716 3764 
3 3717 3760 3729 
3 3765 3739 3755 
3 3766 3741 3732 
3 3741 3767 3742 
3 3718 3735 3768 
3 3738 3754 3769 
3 3759 3732 3713 
3 3714 3734 3770 
3 3769 3760 3738 
3 3754 3738 3715 
3 3754 3727 3771 
3 3714 3772 3716 
3 3764 3756 3723 
3 3735 3726 3773 
3 3748 3720 3740 
3 3728 3718 3774 
3 3674 3749 3701 
3 3748 3747 3711 
3 3741 3766 3767 
3 3770 3734 3743 
3 3726 3757 3773 
3 3775 3768 3735 
3 3747 3776 3731 
3 3762 3737 3753 
3 3736 3756 3777 
3 3777 3757 3736 
3 3729 3778 3730 
3 3757 3726 3725 
3 3735 3773 3775 
3 3728 3774 3746 
3 3779 3750 3749 
3 3780 3751 3750 
3 3752 3700 3751 
3 3768 3774 3718 
3 3742 3781 3721 
3 3730 3782 3733 
3 3755 3746 3783 
3 3731 3745 3709 
3 3739 3765 3749 
3 3778 3729 3760 
3 3745 3731 3776 
3 3784 3752 3751 
3 3714 3770 3772 
3 3744 3785 3758 
3 3727 3745 3771 
3 3759 3786 3766 
3 3759 3758 3787 
3 3716 3772 3764 
3 3754 3771 3788 
3 3789 3776 3747 
3 3784 3761 3752 
3 3752 3761 3753 
3 3766 3790 3767 
3 3759 3766 3732 
3 3743 3763 3791 
3 3756 3792 3777 
3 3740 3737 3793 
3 3781 3742 3767 
3 3794 3774 3768 
3 3748 3740 3795 
3 3762 3793 3737 
3 3743 3796 3770 
3 3782 3797 3733 
3 3798 3771 3799 
3 3793 3795 3740 
3 3777 3800 3757 
3 3801 3773 3800 
3 3773 3757 3800 
3 3794 3768 3775 
3 3764 3802 3756 
3 3775 3803 3794 
3 3788 3769 3754 
3 3765 3779 3749 
3 3790 3766 3786 
3 3785 3744 3804 
3 3733 3797 3744 
3 3747 3748 3789 
3 3795 3789 3748 
3 3763 3721 3781 
3 3782 3730 3778 
3 3765 3805 3806 
3 3793 3762 3807 
3 3763 3781 3808 
3 3787 3758 3785 
3 3764 3809 3802 
3 3746 3774 3810 
3 3810 3783 3746 
3 3755 3783 3805 
3 3807 3762 3761 
3 3797 3782 3811 
3 3769 3812 3760 
3 3801 3775 3773 
3 3796 3743 3791 
3 3764 3772 3809 
3 3797 3804 3744 
3 3812 3778 3760 
3 3767 3813 3781 
3 3765 3755 3805 
3 3814 3790 3786 
3 3763 3808 3791 
3 3770 3815 3772 
3 3782 3778 3816 
3 3788 3817 3769 
3 3810 3774 3794 
3 3761 3818 3807 
3 3767 3790 3813 
3 3781 3813 3819 
3 3759 3787 3786 
3 3810 3794 3820 
3 3761 3784 3818 
3 3815 3770 3796 
3 3772 3815 3809 
3 3821 3801 3800 
3 3812 3769 3817 
3 3794 3803 3820 
3 3765 3806 3779 
3 3793 3807 3822 
3 3793 3822 3795 
3 3786 3823 3814 
3 3824 3791 3808 
3 3816 3811 3782 
3 3825 3815 3796 
3 3799 3745 3776 
3 3789 3826 3776 
3 3781 3819 3808 
3 3801 3827 3775 
3 3788 3771 3798 
3 3779 3780 3750 
3 3811 3804 3797 
3 3812 3828 3778 
3 3824 3796 3791 
3 3778 3828 3816 
3 3828 3817 3829 
3 3771 3745 3799 
3 3799 3776 3826 
3 3830 3806 3805 
3 3831 3779 3806 
3 3832 3792 3802 
3 3801 3833 3827 
3 3827 3803 3775 
3 3806 3830 3834 
3 3806 3834 3831 
3 3824 3825 3796 
3 3751 3780 3784 
3 3784 3780 3835 
3 3818 3784 3835 
3 3811 3836 3804 
3 3837 3777 3792 
3 3838 3810 3820 
3 3822 3807 3839 
3 3823 3786 3787 
3 3837 3800 3777 
3 3817 3828 3812 
3 3795 3840 3789 
3 3809 3815 3841 
3 3837 3792 3832 
3 3800 3837 3821 
3 3842 3820 3803 
3 3826 3789 3840 
3 3780 3779 3831 
3 3838 3783 3810 
3 3826 3843 3799 
3 3840 3795 3844 
3 3818 3839 3807 
3 3845 3846 3813 
3 3808 3819 3847 
3 3825 3848 3841 
3 3785 3849 3850 
3 3783 3838 3851 
3 3805 3783 3851 
3 3830 3851 3852 
3 3850 3787 3785 
3 3756 3802 3792 
3 3795 3822 3844 
3 3846 3819 3813 
3 3824 3808 3847 
3 3824 3853 3825 
3 3836 3811 3854 
3 3855 3817 3856 
3 3798 3799 3857 
3 3839 3858 3822 
3 3816 3854 3811 
3 3855 3829 3817 
3 3838 3820 3859 
3 3818 3835 3860 
3 3790 3845 3813 
3 3809 3841 3861 
3 3862 3803 3827 
3 3826 3863 3843 
3 3845 3790 3814 
3 3850 3823 3787 
3 3785 3804 3849 
3 3809 3861 3802 
3 3836 3849 3804 
3 3798 3856 3788 
3 3840 3863 3826 
3 3822 3858 3844 
3 3864 3847 3819 
3 3865 3849 3866 
3 3849 3865 3850 
3 3851 3830 3805 
3 3832 3802 3861 
3 3856 3798 3867 
3 3850 3865 3823 
3 3868 3854 3816 
3 3817 3788 3856 
3 3780 3831 3835 
3 3818 3860 3839 
3 3869 3837 3832 
3 3869 3832 3870 
3 3816 3828 3868 
3 3871 3821 3869 
3 3799 3843 3857 
3 3872 3852 3859 
3 3831 3873 3835 
3 3835 3873 3860 
3 3874 3844 3875 
3 3840 3844 3874 
3 3824 3876 3853 
3 3854 3877 3836 
3 3878 3803 3862 
3 3842 3803 3878 
3 3852 3851 3838 
3 3858 3875 3844 
3 3847 3876 3824 
3 3841 3815 3825 
3 3879 3861 3841 
3 3866 3836 3877 
3 3832 3880 3870 
3 3829 3868 3828 
3 3869 3821 3837 
3 3881 3863 3874 
3 3831 3834 3882 
3 3860 3883 3839 
3 3823 3884 3814 
3 3823 3885 3884 
3 3821 3871 3833 
3 3838 3859 3852 
3 3843 3863 3886 
3 3863 3840 3874 
3 3864 3819 3846 
3 3880 3861 3879 
3 3833 3801 3821 
3 3830 3887 3834 
3 3882 3873 3831 
3 3865 3885 3823 
3 3836 3866 3849 
3 3830 3852 3888 
3 3858 3839 3883 
3 3877 3854 3889 
3 3889 3854 3868 
3 3820 3842 3859 
3 3852 3872 3888 
3 3874 3875 3890 
3 3884 3845 3814 
3 3861 3880 3832 
3 3855 3891 3829 
3 3846 3892 3893 
3 3894 3853 3876 
3 3891 3895 3829 
3 3896 3847 3864 
3 3847 3896 3876 
3 3857 3843 3897 
3 3830 3888 3887 
3 3834 3887 3882 
3 3860 3898 3883 
3 3892 3846 3845 
3 3833 3862 3827 
3 3882 3899 3873 
3 3848 3879 3841 
3 3868 3829 3895 
3 3891 3855 3900 
3 3857 3867 3798 
3 3872 3901 3888 
3 3874 3890 3881 
3 3875 3858 3902 
3 3893 3864 3846 
3 3848 3825 3853 
3 3903 3871 3869 
3 3855 3856 3900 
3 3843 3886 3897 
3 3904 3873 3899 
3 3890 3875 3905 
3 3883 3898 3906 
3 3894 3876 3907 
3 3908 3885 3865 
3 3867 3900 3856 
3 3859 3842 3909 
3 3897 3867 3857 
3 3859 3909 3872 
3 3858 3883 3902 
3 3845 3884 3892 
3 3907 3876 3896 
3 3910 3848 3894 
3 3877 3911 3866 
3 3912 3911 3877 
3 3881 3886 3863 
3 3873 3904 3860 
3 3898 3860 3904 
3 3866 3908 3865 
3 3892 3884 3913 
3 3913 3884 3885 
3 3908 3866 3911 
3 3914 3870 3880 
3 3915 3891 3916 
3 3862 3917 3878 
3 3918 3901 3872 
3 3915 3895 3891 
3 3887 3888 3919 
3 3920 3896 3864 
3 3868 3921 3889 
3 3842 3878 3909 
3 3922 3869 3870 
3 3867 3923 3900 
3 3919 3888 3901 
3 3899 3882 3924 
3 3894 3848 3853 
3 3870 3914 3922 
3 3886 3881 3925 
3 3890 3925 3881 
3 3882 3887 3924 
3 3908 3926 3885 
3 3927 3880 3879 
3 3915 3928 3895 
3 3920 3864 3893 
3 3913 3885 3926 
3 3894 3907 3929 
3 3926 3908 3930 
3 3868 3895 3921 
3 3871 3931 3833 
3 3909 3918 3872 
3 3880 3927 3914 
3 3931 3862 3833 
3 3909 3878 3932 
3 3933 3898 3904 
3 3902 3883 3906 
3 3893 3934 3920 
3 3911 3930 3908 
3 3878 3917 3932 
3 3897 3923 3867 
3 3918 3909 3932 
3 3893 3892 3935 
3 3879 3848 3910 
3 3912 3877 3889 
3 3936 3912 3889 
3 3928 3921 3895 
3 3871 3903 3931 
3 3924 3887 3919 
3 3919 3937 3924 
3 3922 3903 3869 
3 3931 3917 3862 
3 3938 3906 3933 
3 3939 3896 3920 
3 3896 3939 3907 
3 3900 3923 3916 
3 3940 3879 3910 
3 3941 3933 3904 
3 3913 3935 3892 
3 3942 3922 3914 
3 3934 3893 3935 
3 3907 3943 3929 
3 3929 3910 3894 
3 3931 3903 3944 
3 3891 3900 3916 
3 3897 3886 3945 
3 3899 3924 3946 
3 3902 3947 3905 
3 3920 3948 3949 
3 3949 3939 3920 
3 3950 3932 3917 
3 3923 3897 3951 
3 3925 3945 3886 
3 3952 3927 3940 
3 3953 3918 3932 
3 3926 3954 3913 
3 3940 3910 3955 
3 3952 3914 3927 
3 3956 3917 3931 
3 3950 3953 3932 
3 3946 3924 3937 
3 3890 3957 3925 
3 3902 3905 3875 
3 3904 3899 3941 
3 3901 3918 3958 
3 3905 3957 3890 
3 3940 3959 3952 
3 3927 3879 3940 
3 3914 3952 3960 
3 3912 3961 3911 
3 3921 3936 3889 
3 3962 3903 3922 
3 3951 3897 3945 
3 3919 3901 3963 
3 3906 3898 3933 
3 3930 3911 3961 
3 3951 3964 3923 
3 3965 3933 3941 
3 3906 3947 3902 
3 3960 3942 3914 
3 3928 3966 3921 
3 3967 3935 3913 
3 3907 3939 3943 
3 3931 3944 3956 
3 3917 3956 3950 
3 3953 3958 3918 
3 3925 3968 3945 
3 3922 3942 3962 
3 3963 3937 3919 
3 3957 3968 3925 
3 3938 3947 3906 
3 3947 3969 3905 
3 3970 3934 3935 
3 3962 3944 3903 
3 3916 3923 3964 
3 3946 3941 3899 
3 3934 3948 3920 
3 3943 3939 3971 
3 3912 3972 3961 
3 3901 3958 3963 
3 3948 3934 3970 
3 3954 3967 3913 
3 3926 3930 3973 
3 3910 3929 3955 
3 3957 3905 3969 
3 3933 3965 3938 
3 3967 3970 3935 
3 3974 3967 3954 
3 3949 3971 3939 
3 3954 3926 3973 
3 3975 3928 3915 
3 3916 3976 3915 
3 3976 3916 3964 
3 3940 3955 3959 
3 3976 3975 3915 
3 3963 3958 3977 
3 3936 3972 3912 
3 3975 3966 3928 
3 3937 3963 3978 
3 3946 3937 3979 
3 3980 3957 3969 
3 3981 3930 3961 
3 3982 3960 3952 
3 3983 3951 3945 
3 3957 3980 3968 
3 3984 3951 3983 
3 3984 3964 3951 
3 3985 3986 3969 
3 3968 3983 3945 
3 3977 3978 3963 
3 3966 3936 3921 
3 3936 3966 3987 
3 3950 3988 3953 
3 3952 3959 3982 
3 3972 3936 3987 
3 3975 3989 3966 
3 3976 3964 3990 
3 3991 3950 3956 
3 3992 3983 3968 
3 3938 3985 3947 
3 3973 3930 3981 
3 3993 3956 3944 
3 3993 3991 3956 
3 3994 3976 3990 
3 3995 3929 3943 
3 3975 3976 3994 
3 3996 3971 3949 
3 3997 3974 3954 
3 3995 3955 3929 
3 3953 3988 3958 
3 3965 3998 3938 
3 3960 3999 4000 
3 3937 3978 3979 
3 3949 3948 3996 
3 3943 4001 3995 
3 3982 3999 3960 
3 3990 3964 3984 
3 3958 3988 4002 
3 3958 4002 3977 
3 3981 3997 3973 
3 4003 3944 3962 
3 3946 3979 4004 
3 4005 3948 3970 
3 3948 4005 3996 
3 3954 3973 3997 
3 4006 3955 3995 
3 4007 3959 4006 
3 3994 4008 3989 
3 4004 4009 3965 
3 4010 3967 3974 
3 3961 4011 3981 
3 4000 3942 3960 
3 3941 3946 4004 
3 3998 3985 3938 
3 3970 3967 4010 
3 4006 3959 3955 
3 3944 4003 3993 
3 3943 3971 4001 
3 4012 3942 4000 
3 4012 3962 3942 
3 3950 3991 3988 
3 3968 3980 3992 
3 3965 3941 4004 
3 3998 3965 4009 
3 4005 3970 4010 
3 3996 4013 3971 
3 4014 4011 3961 
3 3987 4014 3972 
3 4012 4003 3962 
3 3990 3984 4015 
3 4002 3988 4016 
3 3961 3972 4014 
3 3966 3989 3987 
3 3991 3993 4017 
3 4018 4015 3984 
3 4019 4004 3979 
3 3981 4020 3997 
3 4019 3979 4021 
3 3980 3969 3986 
3 4021 3979 3978 
3 3985 3969 3947 
3 3996 4022 4013 
3 3995 4023 4006 
3 3959 4007 3982 
3 3994 3990 4024 
3 4001 3971 4013 
3 4025 4020 4011 
3 3989 3975 3994 
3 4002 4026 3977 
3 3977 4027 3978 
3 4005 4010 4028 
3 3997 4029 3974 
3 4030 4007 4006 
3 3989 4031 3987 
3 4032 3993 4003 
3 3991 4017 4033 
3 4027 4021 3978 
3 4020 4029 3997 
3 3995 4001 4023 
3 4023 4030 4006 
3 3991 4033 3988 
3 3977 4026 4027 
3 4034 3980 3986 
3 4004 4035 4009 
3 3998 4009 4036 
3 3974 4037 4010 
3 4011 4014 4038 
3 4010 4037 4028 
3 4003 4039 4032 
3 4018 3983 3992 
3 3987 4040 4014 
3 4008 4031 3989 
3 3988 4033 4016 
3 3980 4034 4041 
3 4035 4004 4019 
3 3998 4042 3985 
3 4020 4043 4029 
3 3999 4044 4000 
3 4014 4040 4038 
3 4032 4045 4017 
3 3983 4018 3984 
3 4041 3992 3980 
3 4046 3996 4005 
3 4029 4037 3974 
3 4001 4013 4047 
3 4001 4047 4023 
3 4018 3992 4048 
3 4041 4048 3992 
3 3986 4042 4049 
3 4022 3996 4046 
3 4012 4039 4003 
3 4002 4016 4026 
3 4044 4012 4000 
3 4012 4044 4039 
3 4008 3994 4024 
3 4035 4050 4009 
3 4042 3986 3985 
3 3981 4011 4020 
3 4031 4051 4040 
3 4031 4040 3987 
3 4017 3993 4032 
3 4036 4042 3998 
3 4043 4020 4025 
3 4052 4044 3999 
3 4045 4053 4017 
3 4017 4053 4033 
3 4038 4025 4011 
3 4051 4054 4040 
3 4055 4024 4015 
3 4024 3990 4015 
3 4035 4019 4056 
3 4037 4057 4028 
3 4058 3982 4007 
3 4058 3999 3982 
3 4040 4054 4038 
3 4016 4059 4026 
3 4056 4019 4021 
3 4007 4030 4058 
3 4026 4060 4027 
3 4021 4027 4061 
3 4021 4061 4056 
3 4036 4009 4050 
3 4005 4028 4046 
3 3999 4058 4052 
3 4027 4060 4061 
3 4034 3986 4049 
3 4050 4062 4036 
3 4013 4022 4063 
3 4063 4047 4013 
3 4043 4025 4064 
3 4008 4065 4066 
3 4046 4028 4067 
3 4068 4058 4030 
3 4044 4069 4039 
3 4008 4066 4031 
3 4070 4037 4029 
3 4068 4030 4071 
3 4072 4016 4033 
3 4025 4038 4073 
3 4055 4015 4074 
3 4075 4048 4041 
3 4035 4056 4076 
3 4049 4077 4034 
3 4078 4022 4046 
3 4079 4044 4052 
3 4066 4051 4031 
3 4065 4008 4024 
3 4072 4033 4053 
3 4041 4034 4075 
3 4046 4067 4078 
3 4072 4059 4016 
3 4074 4015 4018 
3 4080 4036 4062 
3 4036 4080 4042 
3 4071 4023 4047 
3 4073 4038 4054 
3 4074 4048 4081 
3 4080 4082 4049 
3 4071 4030 4023 
3 4075 4034 4077 
3 4035 4076 4050 
3 4070 4057 4037 
3 4083 4045 4032 
3 4077 4084 4075 
3 4049 4042 4080 
3 4057 4067 4028 
3 4070 4029 4043 
3 4085 4047 4063 
3 4032 4039 4083 
3 4053 4045 4086 
3 4061 4060 4087 
3 4064 4025 4073 
3 4055 4065 4024 
3 4088 4059 4089 
3 4059 4088 4026 
3 4077 4049 4082 
3 4090 4079 4052 
3 4086 4072 4053 
3 4091 4092 4055 
3 4074 4018 4048 
3 4087 4056 4061 
3 4022 4078 4063 
3 4093 4052 4058 
3 4052 4093 4090 
3 4094 4051 4066 
3 4095 4080 4062 
3 4058 4068 4093 
3 4073 4096 4064 
3 4044 4079 4069 
3 4097 4045 4083 
3 4057 4098 4067 
3 4070 4099 4057 
3 4043 4100 4070 
3 4047 4085 4071 
3 4068 4101 4102 
3 4054 4103 4073 
3 4069 4083 4039 
3 4045 4097 4086 
3 4065 4055 4092 
3 4075 4081 4048 
3 4095 4082 4080 
3 4078 4067 4104 
3 4043 4064 4100 
3 4054 4051 4105 
3 4094 4066 4106 
3 4106 4066 4065 
3 4072 4086 4107 
3 4088 4060 4026 
3 4076 4062 4050 
3 4105 4051 4094 
3 4074 4081 4091 
3 4095 4062 4108 
3 4098 4057 4099 
3 4109 4083 4069 
3 4056 4087 4110 
3 4110 4076 4056 
3 4111 4071 4085 
3 4081 4075 4084 
3 4062 4076 4112 
3 4113 4064 4096 
3 4114 4110 4087 
3 4076 4110 4112 
3 4105 4103 4054 
3 4083 4109 4097 
3 4097 4115 4086 
3 4107 4089 4072 
3 4116 4087 4060 
3 4102 4093 4068 
3 4103 4096 4073 
3 4072 4089 4059 
3 4084 4117 4081 
3 4062 4112 4108 
3 4079 4118 4069 
3 4055 4074 4091 
3 4117 4091 4081 
3 4084 4077 4119 
3 4105 4120 4103 
3 4092 4106 4065 
3 4091 4117 4121 
3 4088 4116 4060 
3 4119 4077 4082 
3 4112 4110 4122 
3 4085 4063 4123 
3 4124 4099 4070 
3 4124 4070 4100 
3 4079 4090 4125 
3 4126 4063 4078 
3 4106 4127 4094 
3 4086 4128 4107 
3 4087 4116 4114 
3 4063 4126 4123 
3 4085 4123 4111 
3 4101 4068 4071 
3 4069 4118 4109 
3 4129 4112 4122 
3 4127 4105 4094 
3 4088 4089 4130 
3 4116 4131 4114 
3 4108 4132 4095 
3 4111 4101 4071 
3 4088 4130 4116 
3 4082 4095 4133 
3 4134 4098 4099 
3 4135 4126 4104 
3 4092 4091 4136 
3 4121 4136 4091 
3 4119 4137 4084 
3 4110 4114 4122 
3 4099 4124 4134 
3 4093 4102 4138 
3 4139 4125 4140 
3 4079 4125 4118 
3 4121 4117 4141 
3 4133 4142 4119 
3 4112 4129 4108 
3 4119 4082 4133 
3 4132 4133 4095 
3 4143 4098 4134 
3 4144 4092 4136 
3 4141 4117 4084 
3 4100 4064 4113 
3 4125 4139 4145 
3 4092 4146 4106 
3 4098 4104 4067 
3 4096 4147 4113 
3 4096 4103 4148 
3 4090 4093 4138 
3 4148 4103 4120 
3 4125 4145 4118 
3 4145 4109 4118 
3 4137 4141 4084 
3 4114 4131 4149 
3 4123 4126 4150 
3 4127 4106 4146 
3 4116 4130 4131 
3 4114 4149 4122 
3 4098 4143 4104 
3 4135 4150 4126 
3 4109 4145 4151 
3 4144 4146 4092 
3 4152 4100 4113 
3 4115 4097 4109 
3 4142 4153 4137 
3 4078 4104 4126 
3 4133 4154 4142 
3 4155 4134 4124 
3 4101 4156 4102 
3 4102 4156 4138 
3 4148 4147 4096 
3 4157 4158 4120 
3 4159 4089 4107 
3 4089 4159 4130 
3 4154 4133 4132 
3 4101 4111 4160 
3 4161 4115 4151 
3 4162 4141 4153 
3 4119 4142 4137 
3 4163 4155 4124 
3 4158 4148 4120 
3 4115 4109 4151 
3 4086 4115 4128 
3 4123 4164 4111 
3 4152 4163 4124 
3 4147 4165 4113 
3 4140 4125 4090 
3 4127 4157 4105 
3 4130 4166 4131 
3 4132 4108 4167 
3 4124 4100 4152 
3 4127 4146 4168 
3 4136 4121 4169 
3 4141 4170 4121 
3 4167 4108 4129 
3 4104 4143 4171 
3 4111 4164 4160 
3 4144 4168 4146 
3 4129 4122 4172 
3 4171 4135 4104 
3 4173 4143 4134 
3 4090 4138 4140 
3 4174 4145 4139 
3 4157 4120 4105 
3 4107 4128 4175 
3 4122 4149 4172 
3 4113 4165 4152 
3 4176 4139 4140 
3 4174 4151 4145 
3 4157 4127 4177 
3 4115 4161 4128 
3 4159 4107 4175 
3 4143 4173 4178 
3 4134 4155 4173 
3 4123 4150 4164 
3 4156 4101 4160 
3 4138 4156 4179 
3 4136 4169 4144 
3 4170 4169 4121 
3 4180 4132 4167 
3 4150 4135 4181 
3 4177 4127 4168 
3 4182 4144 4169 
3 4130 4159 4166 
3 4162 4153 4183 
3 4153 4141 4137 
3 4131 4184 4149 
3 4149 4184 4185 
3 4178 4171 4143 
3 4171 4181 4135 
3 4151 4174 4186 
3 4186 4161 4151 
3 4187 4159 4175 
3 4166 4184 4131 
3 4179 4140 4138 
3 4140 4179 4176 
3 4144 4182 4168 
3 4169 4170 4188 
3 4164 4150 4189 
3 4185 4172 4149 
3 4154 4132 4180 
3 4190 4155 4163 
3 4191 4175 4128 
3 4156 4192 4179 
3 4148 4193 4147 
3 4194 4163 4165 
3 4158 4157 4195 
3 4175 4191 4196 
3 4170 4162 4188 
3 4162 4170 4141 
3 4183 4153 4197 
3 4142 4197 4153 
3 4155 4198 4173 
3 4139 4176 4199 
3 4177 4195 4157 
3 4161 4191 4128 
3 4196 4187 4175 
3 4167 4129 4200 
3 4173 4201 4178 
3 4181 4189 4150 
3 4163 4152 4165 
3 4165 4147 4202 
3 4203 4176 4204 
3 4161 4205 4191 
3 4187 4166 4159 
3 4200 4129 4172 
3 4167 4200 4206 
3 4180 4167 4206 
3 4193 4202 4147 
3 4193 4148 4158 
3 4139 4199 4174 
3 4207 4188 4162 
3 4190 4198 4155 
3 4190 4163 4194 
3 4208 4156 4160 
3 4187 4209 4166 
3 4166 4209 4184 
3 4142 4154 4197 
3 4182 4169 4210 
3 4208 4192 4156 
3 4204 4179 4192 
3 4168 4211 4177 
3 4212 4187 4196 
3 4210 4169 4188 
3 4213 4160 4164 
3 4168 4182 4211 
3 4214 4171 4178 
3 4164 4189 4213 
3 4194 4165 4202 
3 4154 4215 4197 
3 4215 4154 4180 
3 4171 4214 4181 
3 4201 4173 4198 
3 4195 4177 4216 
3 4212 4196 4217 
3 4183 4207 4162 
3 4200 4172 4218 
3 4180 4219 4215 
3 4178 4220 4214 
3 4221 4198 4190 
3 4160 4213 4208 
3 4202 4193 4222 
3 4203 4199 4176 
3 4211 4182 4223 
3 4191 4224 4196 
3 4178 4201 4220 
3 4225 4189 4226 
3 4158 4227 4193 
3 4161 4186 4205 
3 4205 4224 4191 
3 4223 4182 4210 
3 4206 4219 4180 
3 4213 4189 4225 
3 4218 4172 4185 
3 4200 4228 4206 
3 4190 4194 4229 
3 4230 4231 4192 
3 4179 4204 4176 
3 4199 4203 4232 
3 4158 4195 4227 
3 4174 4199 4233 
3 4212 4209 4187 
3 4234 4184 4209 
3 4234 4185 4184 
3 4235 4201 4198 
3 4233 4236 4186 
3 4226 4189 4181 
3 4192 4231 4204 
3 4193 4227 4222 
3 4223 4210 4237 
3 4188 4238 4210 
3 4194 4239 4229 
3 4202 4239 4194 
3 4197 4215 4240 
3 4215 4219 4240 
3 4228 4200 4218 
3 4232 4233 4199 
3 4238 4188 4207 
3 4241 4218 4185 
3 4197 4240 4183 
3 4242 4221 4229 
3 4229 4221 4190 
3 4222 4243 4202 
3 4244 4209 4212 
3 4228 4245 4206 
3 4246 4208 4213 
3 4211 4216 4177 
3 4223 4247 4211 
3 4212 4248 4244 
3 4185 4234 4241 
3 4206 4245 4219 
3 4226 4181 4214 
3 4249 4213 4225 
3 4213 4249 4246 
3 4250 4195 4216 
3 4244 4234 4209 
3 4251 4207 4183 
3 4214 4252 4226 
3 4208 4230 4192 
3 4239 4202 4243 
3 4250 4227 4195 
3 4247 4216 4211 
3 4201 4235 4253 
3 4254 4242 4229 
3 4247 4223 4237 
3 4217 4196 4224 
3 4214 4220 4252 
3 4230 4208 4246 
3 4212 4217 4248 
3 4233 4186 4174 
3 4236 4255 4205 
3 4207 4251 4256 
3 4227 4250 4257 
3 4205 4255 4224 
3 4258 4237 4210 
3 4234 4259 4241 
3 4240 4251 4183 
3 4260 4233 4232 
3 4238 4258 4210 
3 4253 4220 4201 
3 4221 4261 4235 
3 4216 4247 4262 
3 4237 4263 4247 
3 4218 4241 4264 
3 4218 4264 4228 
3 4235 4198 4221 
3 4265 4250 4262 
3 4263 4262 4247 
3 4259 4234 4244 
3 4245 4228 4266 
3 4267 4263 4237 
3 4258 4238 4268 
3 4207 4256 4238 
3 4269 4226 4252 
3 4204 4231 4270 
3 4243 4271 4272 
3 4250 4265 4257 
3 4273 4248 4217 
3 4274 4244 4248 
3 4219 4275 4240 
3 4252 4220 4276 
3 4233 4260 4236 
3 4256 4268 4238 
3 4256 4251 4277 
3 4278 4231 4230 
3 4222 4257 4271 
3 4257 4222 4227 
3 4186 4236 4205 
3 4251 4240 4279 
3 4219 4245 4275 
3 4226 4269 4225 
3 4246 4249 4280 
3 4281 4230 4246 
3 4239 4254 4229 
3 4239 4243 4254 
3 4270 4282 4203 
3 4282 4232 4203 
3 4220 4253 4276 
3 4276 4283 4252 
3 4269 4249 4225 
3 4280 4281 4246 
3 4231 4278 4270 
3 4284 4236 4260 
3 4244 4274 4259 
3 4251 4279 4277 
3 4281 4278 4230 
3 4224 4255 4285 
3 4240 4275 4279 
3 4264 4266 4228 
3 4254 4286 4242 
3 4255 4236 4284 
3 4221 4242 4261 
3 4287 4249 4269 
3 4261 4242 4286 
3 4262 4250 4216 
3 4284 4288 4255 
3 4241 4289 4264 
3 4245 4290 4275 
3 4291 4253 4235 
3 4288 4285 4255 
3 4274 4248 4292 
3 4204 4270 4203 
3 4271 4243 4222 
3 4271 4257 4293 
3 4264 4289 4294 
3 4264 4294 4266 
3 4235 4261 4291 
3 4295 4256 4277 
3 4296 4259 4274 
3 4287 4280 4249 
3 4297 4232 4282 
3 4293 4257 4265 
3 4297 4260 4232 
3 4285 4217 4224 
3 4241 4259 4289 
3 4290 4266 4298 
3 4283 4269 4252 
3 4285 4299 4273 
3 4295 4268 4256 
3 4290 4300 4275 
3 4266 4290 4245 
3 4254 4243 4272 
3 4276 4253 4301 
3 4302 4283 4276 
3 4303 4270 4278 
3 4303 4282 4270 
3 4268 4267 4258 
3 4292 4248 4273 
3 4279 4275 4300 
3 4304 4287 4269 
3 4282 4305 4297 
3 4304 4269 4283 
3 4306 4267 4268 
3 4266 4294 4298 
3 4254 4272 4307 
3 4271 4308 4272 
3 4263 4309 4262 
3 4299 4285 4288 
3 4274 4292 4296 
3 4276 4301 4302 
3 4310 4287 4304 
3 4287 4310 4280 
3 4282 4303 4305 
3 4311 4260 4297 
3 4284 4260 4311 
3 4237 4258 4267 
3 4312 4289 4296 
3 4279 4300 4277 
3 4309 4265 4262 
3 4313 4288 4284 
3 4259 4296 4289 
3 4291 4301 4253 
3 4313 4314 4288 
3 4267 4315 4263 
3 4294 4316 4298 
3 4265 4317 4293 
3 4299 4288 4314 
3 4306 4318 4267 
3 4319 4318 4306 
3 4320 4277 4300 
3 4321 4300 4290 
3 4271 4293 4308 
3 4284 4311 4313 
3 4273 4217 4285 
3 4277 4322 4295 
3 4322 4277 4320 
3 4309 4263 4315 
3 4298 4321 4290 
3 4278 4281 4323 
3 4286 4324 4261 
3 4323 4303 4278 
3 4317 4265 4309 
3 4318 4315 4267 
3 4325 4292 4273 
3 4296 4292 4326 
3 4324 4291 4261 
3 4327 4328 4281 
3 4254 4307 4286 
3 4307 4272 4329 
3 4273 4299 4325 
3 4330 4331 4286 
3 4303 4332 4305 
3 4308 4329 4272 
3 4297 4305 4333 
3 4317 4309 4334 
3 4316 4294 4312 
3 4323 4332 4303 
3 4335 4283 4302 
3 4280 4327 4281 
3 4268 4295 4306 
3 4322 4336 4295 
3 4302 4301 4337 
3 4301 4291 4338 
3 4339 4327 4310 
3 4281 4328 4323 
3 4340 4293 4317 
3 4306 4295 4336 
3 4341 4316 4312 
3 4298 4342 4321 
3 4316 4342 4298 
3 4283 4335 4304 
3 4327 4280 4310 
3 4340 4308 4293 
3 4333 4311 4297 
3 4315 4334 4309 
3 4299 4314 4343 
3 4292 4325 4326 
3 4289 4312 4294 
3 4314 4313 4344 
3 4325 4345 4326 
3 4301 4338 4337 
3 4346 4338 4324 
3 4324 4338 4291 
3 4313 4311 4344 
3 4343 4325 4299 
3 4347 4296 4326 
3 4323 4328 4348 
3 4325 4343 4345 
3 4347 4312 4296 
3 4312 4347 4349 
3 4322 4320 4350 
3 4333 4351 4311 
3 4317 4334 4352 
3 4318 4353 4315 
3 4336 4322 4350 
3 4337 4354 4355 
3 4331 4324 4286 
3 4348 4328 4356 
3 4311 4357 4344 
3 4358 4314 4344 
3 4326 4345 4359 
3 4349 4341 4312 
3 4302 4337 4360 
3 4329 4330 4307 
3 4329 4308 4361 
3 4352 4340 4317 
3 4314 4358 4343 
3 4320 4300 4362 
3 4362 4300 4321 
3 4354 4337 4338 
3 4302 4360 4335 
3 4286 4307 4330 
3 4323 4348 4332 
3 4333 4305 4363 
3 4342 4316 4364 
3 4304 4365 4310 
3 4310 4365 4339 
3 4359 4347 4326 
3 4365 4366 4367 
3 4363 4305 4332 
3 4351 4363 4368 
3 4346 4354 4338 
3 4356 4328 4327 
3 4369 4336 4350 
3 4364 4370 4342 
3 4304 4335 4365 
3 4324 4331 4346 
3 4332 4348 4371 
3 4340 4361 4308 
3 4372 4340 4352 
3 4347 4373 4349 
3 4320 4374 4350 
3 4331 4375 4346 
3 4330 4329 4376 
3 4361 4340 4372 
3 4352 4334 4377 
3 4377 4334 4353 
3 4315 4353 4334 
3 4362 4374 4320 
3 4316 4341 4364 
3 4321 4342 4370 
3 4370 4362 4321 
3 4339 4356 4327 
3 4358 4378 4379 
3 4336 4319 4306 
3 4319 4336 4369 
3 4337 4380 4360 
3 4332 4371 4363 
3 4343 4358 4381 
3 4345 4343 4381 
3 4318 4382 4353 
3 4369 4350 4383 
3 4383 4350 4374 
3 4375 4384 4346 
3 4385 4331 4330 
3 4376 4329 4361 
3 4357 4311 4351 
3 4363 4351 4333 
3 4381 4386 4345 
3 4364 4387 4388 
3 4382 4318 4319 
3 4386 4359 4345 
3 4346 4384 4354 
3 4375 4331 4385 
3 4348 4356 4389 
3 4376 4361 4390 
3 4372 4352 4391 
3 4377 4391 4352 
3 4385 4330 4376 
3 4366 4335 4360 
3 4392 4339 4393 
3 4392 4356 4339 
3 4356 4392 4389 
3 4394 4371 4348 
3 4368 4363 4371 
3 4319 4395 4382 
3 4366 4365 4335 
3 4358 4379 4381 
3 4369 4395 4319 
3 4396 4368 4371 
3 4391 4377 4397 
3 4354 4398 4355 
3 4394 4348 4389 
3 4395 4369 4399 
3 4399 4369 4383 
3 4388 4400 4370 
3 4371 4394 4396 
3 4361 4372 4390 
3 4370 4401 4362 
3 4377 4353 4402 
3 4381 4403 4386 
3 4379 4403 4381 
3 4373 4347 4359 
3 4337 4355 4380 
3 4357 4351 4404 
3 4344 4378 4358 
3 4362 4401 4374 
3 4360 4380 4366 
3 4367 4393 4339 
3 4405 4389 4392 
3 4368 4404 4351 
3 4378 4344 4357 
3 4397 4377 4402 
3 4380 4355 4406 
3 4354 4384 4398 
3 4367 4366 4407 
3 4339 4365 4367 
3 4407 4393 4367 
3 4385 4376 4408 
3 4372 4409 4390 
3 4409 4372 4391 
3 4349 4387 4341 
3 4370 4364 4388 
3 4387 4364 4341 
3 4410 4387 4349 
3 4375 4385 4411 
3 4412 4408 4376 
3 4353 4382 4402 
3 4401 4370 4400 
3 4413 4355 4398 
3 4401 4414 4374 
3 4396 4394 4415 
3 4416 4373 4359 
3 4374 4414 4383 
3 4417 4401 4400 
3 4413 4406 4355 
3 4366 4380 4418 
3 4366 4418 4407 
3 4419 4394 4389 
3 4420 4357 4404 
3 4357 4420 4378 
3 4359 4386 4416 
3 4349 4373 4410 
3 4421 4384 4375 
3 4404 4368 4422 
3 4403 4423 4386 
3 4414 4401 4417 
3 4388 4387 4424 
3 4400 4388 4425 
3 4392 4393 4426 
3 4411 4427 4421 
3 4392 4426 4405 
3 4385 4408 4411 
3 4428 4379 4378 
3 4402 4429 4397 
3 4379 4430 4403 
3 4382 4431 4402 
3 4432 4383 4414 
3 4379 4428 4430 
3 4399 4383 4432 
3 4398 4384 4421 
3 4408 4433 4411 
3 4389 4405 4419 
3 4376 4390 4412 
3 4391 4434 4409 
3 4378 4420 4428 
3 4382 4395 4431 
3 4417 4400 4435 
3 4380 4406 4418 
3 4407 4418 4436 
3 4437 4407 4436 
3 4375 4411 4421 
3 4390 4438 4412 
3 4420 4439 4428 
3 4399 4440 4395 
3 4373 4416 4441 
3 4437 4426 4393 
3 4368 4396 4422 
3 4442 4404 4422 
3 4410 4441 4443 
3 4410 4443 4424 
3 4425 4388 4424 
3 4418 4406 4444 
3 4398 4445 4413 
3 4421 4445 4398 
3 4437 4393 4407 
3 4412 4446 4408 
3 4387 4410 4424 
3 4447 4424 4443 
3 4435 4400 4425 
3 4448 4422 4396 
3 4373 4441 4410 
3 4442 4420 4404 
3 4449 4438 4409 
3 4416 4386 4423 
3 4420 4442 4439 
3 4450 4440 4399 
3 4451 4405 4426 
3 4408 4446 4433 
3 4403 4430 4452 
3 4423 4453 4454 
3 4416 4423 4454 
3 4413 4455 4444 
3 4413 4444 4406 
3 4456 4436 4444 
3 4415 4448 4396 
3 4403 4452 4423 
3 4450 4399 4432 
3 4445 4421 4457 
3 4427 4411 4433 
3 4415 4394 4419 
3 4458 4426 4437 
3 4427 4457 4421 
3 4434 4391 4397 
3 4429 4459 4397 
3 4416 4454 4441 
3 4431 4395 4440 
3 4417 4460 4414 
3 4405 4461 4419 
3 4390 4409 4438 
3 4431 4429 4402 
3 4450 4432 4462 
3 4414 4460 4432 
3 4463 4460 4417 
3 4417 4435 4463 
3 4464 4428 4439 
3 4443 4441 4465 
3 4433 4466 4427 
3 4438 4446 4412 
3 4447 4443 4467 
3 4424 4447 4425 
3 4397 4459 4434 
3 4423 4452 4453 
3 4468 4450 4462 
3 4460 4462 4432 
3 4457 4427 4469 
3 4470 4415 4419 
3 4470 4419 4461 
3 4442 4422 4471 
3 4440 4472 4431 
3 4473 4454 4453 
3 4474 4439 4475 
3 4465 4441 4454 
3 4435 4425 4476 
3 4477 4458 4437 
3 4461 4405 4451 
3 4446 4438 4478 
3 4434 4449 4409 
3 4431 4472 4429 
3 4450 4468 4440 
3 4466 4469 4427 
3 4478 4438 4449 
3 4479 4452 4430 
3 4455 4413 4445 
3 4426 4458 4451 
3 4471 4422 4448 
3 4429 4480 4459 
3 4430 4428 4464 
3 4481 4429 4472 
3 4452 4482 4453 
3 4447 4476 4425 
3 4444 4436 4418 
3 4446 4483 4433 
3 4448 4484 4471 
3 4476 4447 4485 
3 4437 4436 4477 
3 4439 4474 4464 
3 4473 4465 4454 
3 4460 4486 4462 
3 4435 4487 4463 
3 4433 4483 4466 
3 4434 4488 4449 
3 4472 4440 4489 
3 4468 4489 4440 
3 4415 4484 4448 
3 4490 4458 4477 
3 4458 4491 4451 
3 4492 4470 4461 
3 4488 4434 4459 
3 4452 4479 4482 
3 4455 4445 4493 
3 4458 4490 4491 
3 4494 4466 4483 
3 4470 4484 4415 
3 4473 4453 4495 
3 4496 4468 4462 
3 4443 4465 4467 
3 4467 4485 4447 
3 4466 4494 4469 
3 4462 4486 4496 
3 4492 4497 4470 
3 4453 4482 4495 
3 4473 4498 4499 
3 4463 4486 4460 
3 4456 4444 4455 
3 4457 4493 4445 
3 4475 4442 4471 
3 4475 4439 4442 
3 4430 4464 4479 
3 4496 4500 4468 
3 4487 4435 4476 
3 4501 4478 4449 
3 4480 4429 4481 
3 4489 4468 4500 
3 4486 4463 4502 
3 4436 4456 4503 
3 4504 4461 4451 
3 4505 4471 4484 
3 4471 4505 4475 
3 4499 4467 4465 
3 4502 4463 4487 
3 4459 4480 4488 
3 4477 4503 4506 
3 4451 4491 4504 
3 4504 4492 4461 
3 4483 4446 4478 
3 4497 4484 4470 
3 4507 4474 4508 
3 4474 4509 4464 
3 4506 4490 4477 
3 4436 4503 4477 
3 4510 4505 4497 
3 4511 4493 4457 
3 4484 4497 4505 
3 4481 4489 4512 
3 4513 4476 4485 
3 4457 4469 4511 
3 4488 4501 4449 
3 4480 4514 4488 
3 4481 4515 4480 
3 4472 4489 4481 
3 4516 4456 4455 
3 4517 4503 4456 
3 4518 4488 4514 
3 4507 4509 4474 
3 4498 4473 4495 
3 4478 4519 4483 
3 4488 4518 4501 
3 4475 4508 4474 
3 4464 4509 4479 
3 4486 4502 4520 
3 4521 4485 4467 
3 4476 4513 4487 
3 4455 4493 4522 
3 4523 4490 4506 
3 4523 4491 4490 
3 4524 4525 4482 
3 4500 4512 4489 
3 4506 4503 4517 
3 4511 4526 4493 
3 4519 4478 4501 
3 4522 4516 4455 
3 4526 4522 4493 
3 4524 4482 4479 
3 4482 4527 4495 
3 4485 4528 4513 
3 4511 4469 4529 
3 4505 4508 4475 
3 4517 4456 4516 
3 4506 4517 4530 
3 4526 4511 4529 
3 4500 4531 4512 
3 4473 4499 4465 
3 4532 4533 4496 
3 4480 4515 4514 
3 4496 4533 4500 
3 4467 4499 4521 
3 4506 4534 4523 
3 4494 4483 4535 
3 4501 4536 4519 
3 4536 4501 4518 
3 4482 4525 4527 
3 4527 4498 4495 
3 4486 4532 4496 
3 4532 4486 4520 
3 4537 4491 4523 
3 4492 4504 4538 
3 4519 4535 4483 
3 4505 4510 4539 
3 4514 4515 4540 
3 4515 4481 4512 
3 4533 4531 4500 
3 4469 4494 4541 
3 4537 4504 4491 
3 4542 4519 4536 
3 4509 4524 4479 
3 4509 4507 4543 
3 4487 4544 4502 
3 4504 4537 4538 
3 4535 4545 4494 
3 4497 4492 4546 
3 4535 4519 4542 
3 4547 4507 4508 
3 4509 4543 4524 
3 4512 4548 4515 
3 4520 4502 4544 
3 4522 4549 4516 
3 4529 4469 4541 
3 4508 4550 4547 
3 4531 4548 4512 
3 4522 4526 4549 
3 4542 4551 4535 
3 4539 4508 4505 
3 4544 4487 4513 
3 4552 4498 4527 
3 4553 4517 4516 
3 4543 4554 4555 
3 4555 4525 4524 
3 4499 4498 4556 
3 4528 4485 4521 
3 4553 4530 4517 
3 4538 4546 4492 
3 4546 4510 4497 
3 4508 4539 4550 
3 4543 4507 4547 
3 4557 4520 4544 
3 4528 4521 4558 
3 4553 4516 4549 
3 4537 4523 4559 
3 4541 4560 4529 
3 4540 4515 4548 
3 4532 4520 4561 
3 4521 4499 4556 
3 4506 4530 4534 
3 4494 4545 4541 
3 4545 4535 4551 
3 4518 4562 4536 
3 4562 4518 4563 
3 4521 4556 4558 
3 4544 4513 4564 
3 4543 4555 4524 
3 4565 4526 4529 
3 4531 4566 4548 
3 4529 4560 4565 
3 4567 4539 4510 
3 4568 4567 4510 
3 4525 4555 4569 
3 4569 4527 4525 
3 4556 4498 4570 
3 4546 4538 4571 
3 4533 4532 4561 
3 4557 4561 4520 
3 4528 4564 4513 
3 4572 4549 4526 
3 4553 4573 4530 
3 4523 4534 4559 
3 4574 4538 4537 
3 4510 4546 4568 
3 4543 4547 4554 
3 4540 4563 4514 
3 4569 4552 4527 
3 4531 4533 4575 
3 4564 4528 4576 
3 4577 4553 4549 
3 4566 4531 4578 
3 4564 4557 4544 
3 4526 4565 4572 
3 4538 4574 4571 
3 4567 4550 4539 
3 4518 4514 4563 
3 4558 4576 4528 
3 4577 4573 4553 
3 4536 4579 4542 
3 4562 4579 4536 
3 4580 4557 4564 
3 4549 4572 4577 
3 4560 4545 4581 
3 4548 4582 4540 
3 4575 4533 4583 
3 4545 4560 4541 
3 4550 4567 4584 
3 4585 4572 4565 
3 4547 4550 4586 
3 4584 4586 4550 
3 4586 4554 4547 
3 4587 4557 4580 
3 4537 4559 4574 
3 4568 4546 4571 
3 4561 4557 4587 
3 4588 4556 4570 
3 4580 4564 4589 
3 4589 4564 4576 
3 4555 4590 4591 
3 4552 4570 4498 
3 4558 4592 4576 
3 4593 4551 4542 
3 4582 4563 4540 
3 4566 4582 4548 
3 4534 4594 4595 
3 4559 4534 4595 
3 4551 4596 4545 
3 4597 4593 4579 
3 4579 4562 4598 
3 4582 4566 4599 
3 4555 4591 4569 
3 4581 4545 4596 
3 4568 4571 4600 
3 4584 4567 4601 
3 4602 4570 4552 
3 4588 4592 4558 
3 4572 4585 4603 
3 4562 4563 4598 
3 4569 4604 4552 
3 4559 4605 4574 
3 4561 4583 4533 
3 4570 4602 4606 
3 4560 4607 4565 
3 4560 4581 4607 
3 4591 4604 4569 
3 4576 4592 4589 
3 4608 4571 4574 
3 4590 4555 4554 
3 4558 4556 4588 
3 4572 4603 4577 
3 4551 4609 4596 
3 4593 4609 4551 
3 4593 4542 4579 
3 4598 4597 4579 
3 4610 4578 4575 
3 4583 4587 4611 
3 4567 4568 4601 
3 4566 4612 4599 
3 4575 4578 4531 
3 4613 4573 4577 
3 4530 4573 4594 
3 4605 4559 4595 
3 4568 4614 4601 
3 4598 4563 4615 
3 4582 4615 4563 
3 4610 4575 4583 
3 4561 4587 4583 
3 4616 4605 4595 
3 4604 4602 4552 
3 4611 4587 4617 
3 4530 4594 4534 
3 4606 4588 4570 
3 4595 4594 4618 
3 4607 4581 4619 
3 4574 4605 4608 
3 4568 4600 4614 
3 4620 4586 4584 
3 4578 4612 4566 
3 4621 4606 4622 
3 4618 4616 4595 
3 4596 4619 4581 
3 4599 4623 4615 
3 4615 4582 4599 
3 4624 4603 4585 
3 4565 4607 4585 
3 4619 4596 4625 
3 4609 4625 4596 
3 4608 4600 4571 
3 4626 4554 4586 
3 4610 4583 4611 
3 4580 4617 4587 
3 4589 4627 4580 
3 4577 4603 4613 
3 4586 4620 4626 
3 4611 4628 4610 
3 4629 4573 4613 
3 4629 4594 4573 
3 4600 4608 4630 
3 4626 4590 4554 
3 4631 4626 4620 
3 4610 4632 4578 
3 4627 4589 4633 
3 4592 4633 4589 
3 4592 4634 4635 
3 4636 4618 4629 
3 4600 4630 4614 
3 4604 4591 4637 
3 4634 4588 4606 
3 4607 4624 4585 
3 4638 4597 4598 
3 4578 4632 4612 
3 4606 4621 4634 
3 4580 4627 4617 
3 4639 4603 4624 
3 4584 4601 4640 
3 4631 4620 4640 
3 4623 4599 4641 
3 4612 4641 4599 
3 4602 4604 4622 
3 4622 4606 4602 
3 4588 4634 4592 
3 4592 4635 4633 
3 4618 4594 4629 
3 4609 4642 4625 
3 4593 4597 4643 
3 4644 4601 4614 
3 4611 4645 4628 
3 4629 4613 4646 
3 4607 4619 4647 
3 4648 4591 4590 
3 4591 4648 4637 
3 4611 4617 4645 
3 4610 4628 4632 
3 4649 4646 4613 
3 4629 4646 4636 
3 4647 4624 4607 
3 4614 4630 4650 
3 4593 4643 4609 
3 4638 4643 4597 
3 4598 4615 4651 
3 4604 4637 4622 
3 4603 4639 4613 
3 4616 4652 4653 
3 4642 4609 4643 
3 4613 4639 4649 
3 4625 4654 4619 
3 4653 4608 4605 
3 4655 4630 4653 
3 4638 4651 4656 
3 4623 4651 4615 
3 4618 4636 4657 
3 4653 4605 4616 
3 4650 4644 4614 
3 4590 4626 4658 
3 4658 4648 4590 
3 4637 4648 4659 
3 4619 4654 4647 
3 4608 4653 4630 
3 4601 4644 4640 
3 4637 4660 4622 
3 4617 4661 4645 
3 4617 4627 4661 
3 4662 4633 4635 
3 4636 4646 4663 
3 4638 4598 4651 
3 4634 4664 4635 
3 4652 4616 4657 
3 4618 4657 4616 
3 4654 4625 4665 
3 4623 4666 4651 
3 4641 4612 4667 
3 4627 4668 4661 
3 4642 4643 4669 
3 4641 4666 4623 
3 4639 4624 4670 
3 4630 4655 4650 
3 4671 4647 4654 
3 4653 4652 4672 
3 4656 4673 4638 
3 4674 4651 4666 
3 4675 4626 4631 
3 4675 4658 4626 
3 4648 4658 4659 
3 4622 4660 4676 
3 4649 4639 4677 
3 4653 4672 4655 
3 4651 4674 4656 
3 4632 4628 4678 
3 4584 4640 4620 
3 4643 4638 4673 
3 4658 4675 4679 
3 4676 4621 4622 
3 4621 4676 4680 
3 4681 4645 4661 
3 4627 4633 4668 
3 4635 4664 4662 
3 4671 4654 4682 
3 4632 4667 4612 
3 4659 4660 4637 
3 4628 4683 4678 
3 4649 4663 4646 
3 4677 4639 4670 
3 4625 4642 4665 
3 4665 4642 4669 
3 4679 4659 4658 
3 4621 4680 4664 
3 4664 4634 4621 
3 4636 4663 4684 
3 4647 4670 4624 
3 4684 4657 4636 
3 4652 4685 4672 
3 4640 4644 4686 
3 4645 4683 4628 
3 4662 4668 4633 
3 4686 4631 4640 
3 4666 4641 4687 
3 4683 4645 4681 
3 4656 4674 4688 
3 4689 4650 4655 
3 4669 4673 4690 
3 4673 4669 4643 
3 4644 4691 4686 
3 4632 4678 4667 
3 4663 4649 4692 
3 4647 4671 4670 
3 4684 4693 4685 
3 4694 4644 4650 
3 4673 4656 4688 
3 4660 4695 4696 
3 4665 4682 4654 
3 4668 4697 4661 
3 4687 4641 4667 
3 4696 4676 4660 
3 4661 4697 4681 
3 4670 4698 4677 
3 4655 4672 4699 
3 4649 4677 4692 
3 4700 4684 4663 
3 4652 4657 4685 
3 4665 4701 4682 
3 4699 4689 4655 
3 4702 4675 4631 
3 4703 4666 4687 
3 4631 4686 4702 
3 4674 4666 4703 
3 4704 4678 4683 
3 4698 4670 4671 
3 4701 4665 4705 
3 4689 4694 4650 
3 4695 4659 4679 
3 4667 4678 4706 
3 4678 4704 4706 
3 4664 4707 4662 
3 4659 4695 4660 
3 4664 4680 4708 
3 4687 4667 4709 
3 4709 4667 4706 
3 4692 4700 4663 
3 4688 4690 4673 
3 4676 4710 4680 
3 4668 4711 4697 
3 4662 4711 4668 
3 4711 4662 4707 
3 4684 4700 4693 
3 4644 4694 4691 
3 4712 4675 4702 
3 4687 4713 4703 
3 4713 4687 4709 
3 4664 4708 4707 
3 4665 4669 4705 
3 4714 4702 4686 
3 4715 4683 4681 
3 4677 4698 4716 
3 4685 4657 4684 
3 4690 4705 4669 
3 4714 4686 4691 
3 4717 4695 4679 
3 4683 4715 4704 
3 4716 4692 4677 
3 4718 4698 4671 
3 4682 4718 4671 
3 4702 4719 4712 
3 4713 4720 4703 
3 4672 4685 4721 
3 4722 4694 4689 
3 4674 4703 4723 
3 4712 4679 4675 
3 4689 4724 4722 
3 4725 4691 4694 
3 4710 4676 4696 
3 4697 4726 4681 
3 4708 4680 4727 
3 4706 4728 4709 
3 4721 4699 4672 
3 4689 4699 4724 
3 4679 4712 4717 
3 4713 4709 4728 
3 4674 4723 4688 
3 4718 4729 4698 
3 4730 4724 4699 
3 4731 4732 4704 
3 4681 4726 4715 
3 4733 4711 4707 
3 4716 4698 4734 
3 4735 4700 4692 
3 4736 4737 4690 
3 4702 4714 4738 
3 4720 4723 4703 
3 4719 4738 4739 
3 4719 4740 4712 
3 4728 4706 4732 
3 4704 4732 4706 
3 4741 4710 4696 
3 4715 4742 4731 
3 4697 4711 4743 
3 4692 4716 4744 
3 4744 4735 4692 
3 4698 4729 4734 
3 4745 4685 4693 
3 4746 4696 4695 
3 4741 4747 4710 
3 4727 4680 4710 
3 4707 4708 4748 
3 4745 4721 4685 
3 4682 4749 4718 
3 4701 4705 4750 
3 4725 4694 4722 
3 4702 4738 4719 
3 4751 4693 4700 
3 4749 4729 4718 
3 4737 4705 4690 
3 4736 4690 4688 
3 4712 4740 4717 
3 4733 4707 4748 
3 4730 4699 4721 
3 4736 4688 4723 
3 4695 4717 4746 
3 4682 4701 4749 
3 4719 4739 4740 
3 4720 4713 4752 
3 4741 4696 4746 
3 4691 4725 4714 
3 4747 4727 4710 
3 4728 4752 4713 
3 4717 4753 4746 
3 4754 4716 4734 
3 4701 4755 4749 
3 4715 4731 4704 
3 4743 4726 4697 
3 4751 4700 4735 
3 4756 4730 4721 
3 4750 4705 4737 
3 4717 4740 4753 
3 4708 4727 4748 
3 4733 4743 4711 
3 4757 4722 4758 
3 4757 4725 4722 
3 4759 4714 4725 
3 4754 4744 4716 
3 4760 4724 4730 
3 4757 4759 4725 
3 4726 4742 4715 
3 4748 4761 4733 
3 4762 4751 4735 
3 4745 4693 4751 
3 4763 4729 4749 
3 4755 4701 4750 
3 4722 4724 4758 
3 4764 4748 4727 
3 4765 4734 4729 
3 4743 4766 4726 
3 4730 4756 4760 
3 4724 4760 4758 
3 4742 4726 4766 
3 4767 4766 4743 
3 4765 4754 4734 
3 4740 4739 4768 
3 4752 4769 4720 
3 4732 4770 4728 
3 4731 4770 4732 
3 4720 4771 4723 
3 4727 4747 4764 
3 4733 4767 4743 
3 4761 4767 4733 
3 4735 4744 4762 
3 4745 4751 4772 
3 4721 4745 4773 
3 4774 4749 4755 
3 4774 4755 4775 
3 4736 4776 4737 
3 4759 4738 4714 
3 4739 4777 4778 
3 4768 4753 4740 
3 4728 4770 4779 
3 4767 4761 4780 
3 4736 4723 4771 
3 4763 4749 4774 
3 4776 4736 4781 
3 4752 4728 4779 
3 4745 4772 4773 
3 4721 4773 4756 
3 4781 4736 4771 
3 4738 4777 4739 
3 4746 4782 4741 
3 4783 4747 4741 
3 4784 4764 4747 
3 4785 4748 4764 
3 4748 4785 4761 
3 4786 4763 4774 
3 4787 4720 4769 
3 4782 4746 4753 
3 4788 4782 4753 
3 4767 4789 4766 
3 4763 4765 4729 
3 4790 4774 4775 
3 4776 4791 4737 
3 4759 4757 4792 
3 4738 4759 4777 
3 4771 4720 4787 
3 4739 4778 4768 
3 4741 4782 4783 
3 4786 4774 4790 
3 4750 4775 4755 
3 4742 4793 4731 
3 4744 4754 4794 
3 4765 4763 4795 
3 4737 4791 4750 
3 4791 4776 4796 
3 4759 4792 4777 
3 4793 4770 4731 
3 4766 4797 4742 
3 4794 4762 4744 
3 4772 4751 4798 
3 4791 4775 4750 
3 4799 4757 4758 
3 4757 4799 4792 
3 4783 4784 4747 
3 4767 4780 4789 
3 4800 4756 4773 
3 4801 4799 4758 
3 4802 4754 4765 
3 4781 4796 4776 
3 4803 4769 4779 
3 4753 4768 4788 
3 4783 4782 4804 
3 4742 4797 4793 
3 4761 4805 4780 
3 4798 4751 4762 
3 4769 4752 4779 
3 4770 4806 4779 
3 4762 4794 4807 
3 4772 4798 4808 
3 4809 4773 4772 
3 4793 4810 4770 
3 4811 4793 4797 
3 4802 4794 4754 
3 4808 4809 4772 
3 4760 4801 4758 
3 4796 4812 4791 
3 4787 4781 4771 
3 4782 4788 4813 
3 4782 4813 4804 
3 4785 4805 4761 
3 4800 4773 4809 
3 4760 4756 4814 
3 4815 4791 4812 
3 4803 4779 4806 
3 4770 4810 4806 
3 4766 4789 4797 
3 4791 4815 4775 
3 4787 4816 4781 
3 4817 4768 4818 
3 4769 4803 4819 
3 4817 4788 4768 
3 4820 4794 4802 
3 4815 4790 4775 
3 4810 4793 4811 
3 4785 4764 4784 
3 4789 4780 4821 
3 4794 4820 4807 
3 4807 4798 4762 
3 4798 4822 4808 
3 4763 4786 4795 
3 4800 4814 4756 
3 4796 4781 4816 
3 4783 4804 4823 
3 4824 4785 4784 
3 4785 4825 4805 
3 4787 4769 4819 
3 4823 4784 4783 
3 4760 4814 4801 
3 4826 4827 4777 
3 4798 4807 4822 
3 4777 4792 4826 
3 4777 4827 4778 
3 4778 4818 4768 
3 4828 4829 4803 
3 4811 4830 4810 
3 4784 4823 4824 
3 4789 4831 4797 
3 4832 4792 4799 
3 4814 4833 4801 
3 4778 4827 4818 
3 4834 4815 4812 
3 4835 4799 4801 
3 4792 4832 4826 
3 4836 4826 4832 
3 4795 4786 4837 
3 4812 4796 4838 
3 4816 4787 4819 
3 4803 4829 4819 
3 4785 4824 4825 
3 4795 4802 4765 
3 4790 4839 4786 
3 4815 4840 4790 
3 4835 4832 4799 
3 4811 4797 4831 
3 4841 4820 4842 
3 4795 4842 4802 
3 4837 4842 4795 
3 4796 4816 4843 
3 4810 4830 4806 
3 4780 4805 4844 
3 4845 4809 4808 
3 4838 4796 4843 
3 4827 4826 4846 
3 4823 4847 4824 
3 4847 4825 4824 
3 4825 4844 4805 
3 4844 4825 4848 
3 4801 4833 4835 
3 4839 4837 4786 
3 4849 4833 4850 
3 4843 4816 4851 
3 4852 4817 4818 
3 4853 4804 4813 
3 4789 4821 4831 
3 4854 4822 4855 
3 4813 4788 4817 
3 4830 4828 4806 
3 4811 4856 4830 
3 4820 4802 4842 
3 4854 4845 4808 
3 4817 4852 4857 
3 4806 4828 4803 
3 4834 4812 4858 
3 4857 4813 4817 
3 4825 4847 4848 
3 4849 4835 4833 
3 4821 4780 4844 
3 4838 4858 4812 
3 4859 4832 4835 
3 4860 4800 4845 
3 4851 4816 4819 
3 4853 4857 4861 
3 4856 4811 4831 
3 4862 4823 4804 
3 4800 4809 4845 
3 4800 4860 4850 
3 4818 4827 4863 
3 4854 4808 4822 
3 4863 4852 4818 
3 4804 4853 4862 
3 4844 4864 4821 
3 4864 4844 4848 
3 4865 4842 4837 
3 4850 4833 4814 
3 4866 4851 4829 
3 4867 4829 4828 
3 4836 4859 4868 
3 4843 4869 4870 
3 4871 4860 4845 
3 4863 4827 4846 
3 4872 4865 4837 
3 4840 4815 4834 
3 4849 4873 4835 
3 4836 4868 4846 
3 4846 4826 4836 
3 4828 4830 4874 
3 4831 4875 4856 
3 4821 4875 4831 
3 4841 4842 4865 
3 4873 4859 4835 
3 4859 4836 4832 
3 4838 4843 4870 
3 4829 4851 4819 
3 4813 4857 4853 
3 4874 4830 4876 
3 4875 4821 4877 
3 4837 4839 4872 
3 4850 4814 4800 
3 4790 4840 4839 
3 4878 4846 4868 
3 4829 4867 4866 
3 4879 4857 4852 
3 4879 4861 4857 
3 4851 4869 4843 
3 4852 4863 4880 
3 4847 4862 4881 
3 4881 4882 4847 
3 4882 4848 4847 
3 4883 4872 4839 
3 4858 4884 4834 
3 4858 4838 4870 
3 4853 4861 4885 
3 4885 4862 4853 
3 4823 4862 4847 
3 4867 4828 4874 
3 4830 4856 4876 
3 4856 4886 4876 
3 4884 4858 4887 
3 4851 4866 4869 
3 4888 4880 4863 
3 4880 4879 4852 
3 4821 4864 4877 
3 4822 4889 4855 
3 4845 4854 4871 
3 4890 4871 4854 
3 4839 4840 4883 
3 4888 4863 4878 
3 4856 4875 4886 
3 4885 4881 4862 
3 4891 4860 4871 
3 4873 4849 4892 
3 4877 4893 4875 
3 4889 4822 4807 
3 4894 4841 4865 
3 4874 4895 4867 
3 4893 4886 4875 
3 4872 4896 4865 
3 4860 4897 4850 
3 4898 4834 4884 
3 4870 4887 4858 
3 4899 4855 4889 
3 4871 4890 4900 
3 4900 4891 4871 
3 4878 4863 4846 
3 4877 4864 4901 
3 4890 4854 4855 
3 4873 4902 4903 
3 4887 4904 4884 
3 4905 4866 4906 
3 4864 4907 4901 
3 4908 4841 4894 
3 4855 4909 4890 
3 4897 4849 4850 
3 4869 4866 4905 
3 4906 4866 4867 
3 4910 4894 4896 
3 4899 4909 4855 
3 4896 4894 4865 
3 4876 4911 4874 
3 4912 4881 4885 
3 4913 4882 4881 
3 4848 4907 4864 
3 4840 4834 4898 
3 4868 4859 4903 
3 4893 4914 4886 
3 4898 4884 4915 
3 4897 4891 4916 
3 4898 4883 4840 
3 4917 4869 4905 
3 4895 4874 4911 
3 4886 4918 4911 
3 4901 4919 4893 
3 4901 4893 4877 
3 4883 4920 4872 
3 4897 4860 4891 
3 4870 4869 4917 
3 4861 4921 4922 
3 4922 4885 4861 
3 4886 4911 4876 
3 4882 4907 4848 
3 4920 4896 4872 
3 4903 4859 4873 
3 4878 4923 4924 
3 4895 4911 4925 
3 4926 4894 4910 
3 4892 4849 4897 
3 4923 4878 4868 
3 4888 4878 4924 
3 4921 4879 4880 
3 4879 4921 4861 
3 4927 4907 4882 
3 4928 4901 4907 
3 4929 4888 4924 
3 4880 4888 4929 
3 4895 4906 4867 
3 4890 4909 4930 
3 4903 4931 4932 
3 4929 4921 4880 
3 4933 4916 4891 
3 4897 4916 4892 
3 4923 4868 4903 
3 4912 4913 4881 
3 4926 4908 4894 
3 4916 4934 4892 
3 4887 4870 4917 
3 4918 4935 4925 
3 4885 4922 4912 
3 4914 4893 4919 
3 4920 4936 4896 
3 4932 4923 4903 
3 4905 4906 4937 
3 4919 4901 4928 
3 4890 4930 4900 
3 4898 4938 4883 
3 4873 4892 4902 
3 4928 4907 4927 
3 4939 4909 4940 
3 4933 4900 4941 
3 4883 4938 4920 
3 4895 4942 4906 
3 4914 4918 4886 
3 4909 4939 4930 
3 4933 4891 4900 
3 4938 4898 4915 
3 4903 4902 4931 
3 4942 4937 4906 
3 4900 4930 4941 
3 4904 4915 4884 
3 4934 4943 4902 
3 4905 4944 4917 
3 4918 4925 4911 
3 4912 4922 4945 
3 4882 4913 4927 
3 4936 4910 4896 
3 4934 4916 4946 
3 4902 4892 4934 
3 4947 4922 4921 
3 4916 4933 4946 
3 4946 4933 4948 
3 4936 4920 4938 
3 4944 4949 4917 
3 4925 4942 4895 
3 4904 4887 4950 
3 4887 4917 4949 
3 4945 4951 4912 
3 4952 4926 4910 
3 4918 4914 4953 
3 4913 4951 4954 
3 4904 4955 4915 
3 4949 4950 4887 
3 4956 4929 4924 
3 4942 4925 4957 
3 4947 4945 4922 
3 4919 4958 4914 
3 4951 4913 4912 
3 4952 4910 4936 
3 4955 4904 4950 
3 4919 4928 4959 
3 4899 4940 4909 
3 4938 4915 4960 
3 4924 4923 4961 
3 4943 4934 4962 
3 4902 4943 4931 
3 4923 4932 4961 
3 4935 4918 4953 
3 4958 4919 4959 
3 4963 4936 4938 
3 4915 4955 4960 
3 4924 4961 4956 
3 4959 4928 4964 
3 4930 4939 4965 
3 4931 4966 4932 
3 4944 4905 4937 
3 4964 4928 4927 
3 4967 4950 4949 
3 4958 4953 4914 
3 4927 4954 4968 
3 4963 4938 4960 
3 4935 4969 4957 
3 4935 4957 4925 
3 4970 4939 4940 
3 4965 4941 4930 
3 4939 4970 4965 
3 4948 4933 4941 
3 4943 4966 4931 
3 4971 4961 4932 
3 4944 4967 4949 
3 4969 4935 4972 
3 4973 4921 4929 
3 4974 4945 4947 
3 4975 4926 4952 
3 4943 4962 4966 
3 4976 4967 4944 
3 4977 4956 4961 
3 4968 4964 4927 
3 4978 4946 4948 
3 4913 4954 4927 
3 4963 4979 4936 
3 4934 4946 4962 
3 4942 4980 4937 
3 4951 4945 4981 
3 4952 4936 4979 
3 4976 4944 4982 
3 4937 4982 4944 
3 4929 4956 4983 
3 4957 4980 4942 
3 4958 4984 4953 
3 4968 4954 4985 
3 4986 4950 4967 
3 4929 4983 4973 
3 4932 4966 4971 
3 4987 4969 4988 
3 4973 4947 4921 
3 4959 4989 4958 
3 4985 4954 4951 
3 4940 4990 4970 
3 4955 4991 4960 
3 4961 4971 4977 
3 4969 4987 4957 
3 4992 4948 4941 
3 4992 4993 4948 
3 4978 4962 4946 
3 4986 4955 4950 
3 4986 4967 4994 
3 4995 4956 4977 
3 4937 4980 4982 
3 4987 4980 4957 
3 4996 4973 4983 
3 4935 4953 4972 
3 4997 4968 4998 
3 4997 4964 4968 
3 4952 4999 4975 
3 4941 4965 4992 
3 4993 5000 4978 
3 5001 4963 4960 
3 4966 5002 4971 
3 4976 4994 4967 
3 4995 4983 4956 
3 5003 4965 4970 
3 4966 5004 5002 
3 4953 4984 4972 
3 4945 4974 4981 
3 4990 5005 5006 
3 5007 4947 4973 
3 4988 4969 5008 
3 5009 4985 4981 
3 4962 5010 5004 
3 5007 4974 4947 
3 4989 5011 5012 
3 4964 5011 4959 
3 4964 4997 5011 
3 4952 4979 4999 
3 5013 4992 5003 
3 4982 5014 4976 
3 4982 4980 5015 
3 4989 4984 4958 
3 5016 4975 4999 
3 5002 5017 4971 
3 4996 5007 4973 
3 5006 5003 4970 
3 4963 5018 4979 
3 4986 5019 4955 
3 4971 5017 4977 
3 5014 4982 5015 
3 5007 5020 4974 
3 5021 4981 4974 
3 4951 4981 4985 
3 4965 5003 4992 
3 5022 4979 5018 
3 4991 5001 4960 
3 4987 5015 4980 
3 4959 5011 4989 
3 4992 5013 4993 
3 5004 4966 4962 
3 5019 4991 4955 
3 5014 4994 4976 
3 5023 4987 4988 
3 5018 4963 5001 
3 4985 4998 4968 
3 4999 4979 5022 
3 5002 5024 5017 
3 4996 4983 4995 
3 5025 4996 4995 
3 4987 5023 5015 
3 5007 5026 5020 
3 4985 5009 4998 
3 4948 4993 4978 
3 4994 5027 4986 
3 5028 4972 4984 
3 5024 5002 5004 
3 4972 5008 4969 
3 4974 5020 5021 
3 5008 4972 5028 
3 4984 4989 5029 
3 5010 4978 5000 
3 5030 4991 5019 
3 5021 5009 4981 
3 4989 5012 5029 
3 4970 4990 5006 
3 4978 5010 4962 
3 5001 4991 5031 
3 5029 5012 5032 
3 5033 5006 5005 
3 4999 5034 5016 
3 5034 4999 5022 
3 4996 5026 5007 
3 5034 5035 5016 
3 5036 4995 4977 
3 5037 5013 5003 
3 5019 4986 5027 
3 4977 5017 5036 
3 5028 4984 5029 
3 5031 4991 5030 
3 5003 5006 5037 
3 5018 5001 5031 
3 4988 5038 5023 
3 5009 5021 5039 
3 5040 4997 4998 
3 5030 5019 5041 
3 4995 5036 5025 
3 5015 5042 5014 
3 4996 5025 5026 
3 5043 5017 5024 
3 5038 4988 5008 
3 5044 5037 5033 
3 5027 5041 5019 
3 4994 5014 5045 
3 5046 5045 5014 
3 5047 5004 5010 
3 5048 5000 5049 
3 5031 5030 5050 
3 5051 5030 5041 
3 5052 5020 5026 
3 5053 4998 5009 
3 5018 5054 5022 
3 5025 5036 5055 
3 5046 5014 5042 
3 5029 5056 5028 
3 5039 5053 5009 
3 4998 5053 5040 
3 5057 5058 5012 
3 5057 5011 4997 
3 5047 5024 5004 
3 5036 5017 5059 
3 5042 5015 5023 
3 5032 5056 5029 
3 5040 5057 4997 
3 5034 5022 5060 
3 5022 5054 5060 
3 5031 5054 5018 
3 5055 5036 5059 
3 5056 5008 5028 
3 5021 5061 5039 
3 5013 5037 5062 
3 5027 4994 5045 
3 5021 5020 5061 
3 5032 5012 5058 
3 5054 5031 5050 
3 5063 5010 5000 
3 5043 5024 5064 
3 5020 5052 5061 
3 5049 4993 5013 
3 5024 5047 5064 
3 5046 5042 5065 
3 5006 5033 5037 
3 5062 5049 5013 
3 4993 5049 5000 
3 5010 5063 5047 
3 5030 5051 5050 
3 5057 5012 5011 
3 5044 5062 5037 
3 5065 5042 5023 
3 5039 5061 5066 
3 5067 5040 5053 
3 5043 5059 5017 
3 5068 5026 5025 
3 5061 5052 5069 
3 5070 5071 5045 
3 5046 5070 5045 
3 5072 5032 5058 
3 5073 5057 5040 
3 5074 5035 5034 
3 5068 5052 5026 
3 5023 5038 5075 
3 5048 5063 5000 
3 5047 5076 5064 
3 5025 5055 5068 
3 5074 5034 5060 
3 5045 5071 5027 
3 5074 5077 5035 
3 5041 5078 5051 
3 5027 5071 5041 
3 5071 5070 5079 
3 5065 5023 5075 
3 5080 5038 5008 
3 5074 5060 5081 
3 5059 5043 5082 
3 5059 5083 5055 
3 5065 5084 5046 
3 5056 5080 5008 
3 5085 5039 5066 
3 5085 5053 5039 
3 5057 5073 5058 
3 5076 5047 5063 
3 5086 5076 5063 
3 5069 5066 5061 
3 5087 5044 5033 
3 5088 5068 5055 
3 5089 5069 5052 
3 5073 5072 5058 
3 5073 5040 5067 
3 5090 5081 5060 
3 5082 5043 5064 
3 5046 5084 5070 
3 5083 5059 5082 
3 5056 5032 5091 
3 5062 5044 5092 
3 5093 5049 5062 
3 5054 5050 5090 
3 5071 5078 5041 
3 5094 5082 5064 
3 5083 5088 5055 
3 5067 5053 5085 
3 5093 5048 5049 
3 5089 5052 5068 
3 5095 5056 5091 
3 5044 5087 5096 
3 5080 5056 5095 
3 5066 5097 5085 
3 5072 5091 5032 
3 5067 5085 5098 
3 5077 5074 5099 
3 5050 5051 5100 
3 5080 5101 5038 
3 5099 5074 5102 
3 5048 5093 5103 
3 5048 5086 5063 
3 5104 5094 5064 
3 5102 5074 5081 
3 5079 5105 5078 
3 5106 5079 5070 
3 5107 5106 5084 
3 5108 5089 5088 
3 5090 5050 5100 
3 5078 5109 5051 
3 5110 5107 5084 
3 5089 5068 5088 
3 5104 5064 5076 
3 5079 5078 5071 
3 5075 5038 5101 
3 5111 5096 5087 
3 5092 5093 5062 
3 5112 5101 5095 
3 5073 5113 5072 
3 5076 5086 5114 
3 5076 5114 5104 
3 5115 5073 5067 
3 5116 5093 5092 
3 5060 5054 5090 
3 5103 5086 5048 
3 5117 5082 5094 
3 5084 5106 5070 
3 5083 5118 5088 
3 5075 5110 5065 
3 5097 5119 5098 
3 5115 5113 5073 
3 5044 5096 5092 
3 5103 5120 5086 
3 5101 5080 5095 
3 5091 5121 5095 
3 5098 5085 5097 
3 5102 5081 5122 
3 5090 5122 5081 
3 5117 5118 5083 
3 5117 5083 5082 
3 5088 5118 5108 
3 5115 5067 5098 
3 5102 5123 5099 
3 5124 5066 5069 
3 5124 5097 5066 
3 5116 5103 5093 
3 5120 5114 5086 
3 5065 5110 5084 
3 5089 5108 5125 
3 5101 5126 5075 
3 5092 5096 5127 
3 5128 5129 5102 
3 5127 5116 5092 
3 5100 5051 5109 
3 5105 5079 5106 
3 5100 5130 5090 
3 5121 5091 5131 
3 5117 5094 5132 
3 5075 5126 5110 
3 5126 5101 5133 
3 5125 5069 5089 
3 5097 5124 5134 
3 5135 5108 5118 
3 5112 5133 5101 
3 5097 5134 5119 
3 5131 5091 5072 
3 5136 5114 5120 
3 5094 5104 5137 
3 5069 5125 5124 
3 5125 5138 5124 
3 5112 5095 5121 
3 5098 5119 5139 
3 5072 5113 5131 
3 5098 5139 5115 
3 5120 5103 5140 
3 5130 5122 5090 
3 5141 5130 5100 
3 5109 5141 5100 
3 5109 5078 5142 
3 5105 5142 5078 
3 5103 5116 5140 
3 5137 5104 5114 
3 5131 5113 5143 
3 5144 5096 5111 
3 5109 5145 5141 
3 5125 5108 5146 
3 5115 5147 5113 
3 5144 5127 5096 
3 5148 5110 5149 
3 5149 5126 5133 
3 5150 5136 5120 
3 5117 5132 5151 
3 5110 5148 5107 
3 5108 5135 5146 
3 5112 5152 5133 
3 5131 5153 5121 
3 5109 5142 5145 
3 5137 5132 5094 
3 5138 5125 5146 
3 5124 5138 5134 
3 5128 5102 5122 
3 5114 5136 5137 
3 5105 5154 5142 
3 5107 5155 5106 
3 5126 5149 5110 
3 5106 5155 5105 
3 5119 5134 5156 
3 5156 5139 5119 
3 5139 5147 5115 
3 5130 5128 5122 
3 5117 5157 5118 
3 5143 5153 5131 
3 5102 5129 5123 
3 5129 5158 5159 
3 5143 5113 5147 
3 5160 5123 5129 
3 5132 5137 5161 
3 5162 5107 5148 
3 5118 5157 5135 
3 5148 5149 5163 
3 5153 5143 5164 
3 5159 5160 5129 
3 5165 5144 5111 
3 5166 5141 5145 
3 5155 5107 5162 
3 5117 5151 5157 
3 5138 5146 5167 
3 5120 5140 5150 
3 5161 5137 5136 
3 5168 5121 5153 
3 5140 5169 5150 
3 5166 5170 5141 
3 5155 5154 5105 
3 5112 5121 5168 
3 5130 5170 5128 
3 5141 5170 5130 
3 5157 5151 5171 
3 5172 5135 5171 
3 5127 5144 5173 
3 5154 5145 5142 
3 5174 5116 5127 
3 5175 5146 5135 
3 5168 5152 5112 
3 5161 5136 5176 
3 5133 5177 5149 
3 5176 5136 5150 
3 5145 5154 5178 
3 5163 5149 5177 
3 5174 5140 5116 
3 5162 5148 5179 
3 5164 5180 5153 
3 5139 5181 5182 
3 5161 5183 5132 
3 5183 5151 5132 
3 5171 5135 5157 
3 5184 5156 5134 
3 5144 5165 5185 
3 5144 5185 5173 
3 5140 5174 5169 
3 5134 5138 5184 
3 5168 5186 5152 
3 5139 5156 5181 
3 5147 5164 5143 
3 5187 5185 5165 
3 5163 5179 5148 
3 5175 5167 5146 
3 5182 5147 5139 
3 5158 5129 5128 
3 5138 5167 5184 
3 5151 5188 5171 
3 5178 5154 5189 
3 5151 5183 5188 
3 5164 5147 5190 
3 5191 5150 5169 
3 5171 5192 5172 
3 5182 5190 5147 
3 5193 5159 5194 
3 5135 5172 5175 
3 5174 5127 5173 
3 5154 5155 5195 
3 5171 5188 5192 
3 5177 5133 5152 
3 5153 5186 5168 
3 5181 5196 5182 
3 5170 5158 5128 
3 5150 5191 5176 
3 5178 5166 5145 
3 5195 5189 5154 
3 5176 5197 5161 
3 5161 5197 5183 
3 5184 5198 5199 
3 5199 5156 5184 
3 5199 5181 5156 
3 5180 5164 5200 
3 5201 5173 5185 
3 5169 5174 5202 
3 5166 5203 5170 
3 5184 5167 5198 
3 5153 5180 5186 
3 5196 5190 5182 
3 5162 5195 5155 
3 5163 5204 5179 
3 5204 5163 5205 
3 5175 5172 5206 
3 5152 5207 5177 
3 5187 5208 5185 
3 5170 5203 5158 
3 5166 5209 5203 
3 5210 5167 5175 
3 5186 5211 5152 
3 5159 5212 5194 
3 5190 5200 5164 
3 5162 5179 5213 
3 5211 5186 5214 
3 5160 5159 5193 
3 5201 5174 5173 
3 5166 5178 5215 
3 5189 5215 5178 
3 5162 5213 5195 
3 5206 5210 5175 
3 5201 5202 5174 
3 5209 5166 5215 
3 5167 5210 5198 
3 5180 5216 5186 
3 5217 5183 5197 
3 5163 5177 5205 
3 5191 5169 5218 
3 5191 5219 5220 
3 5220 5176 5191 
3 5197 5176 5221 
3 5213 5222 5195 
3 5214 5186 5216 
3 5216 5180 5200 
3 5223 5196 5181 
3 5207 5205 5177 
3 5223 5181 5199 
3 5190 5224 5200 
3 5212 5159 5158 
3 5217 5188 5183 
3 5224 5190 5196 
3 5203 5212 5158 
3 5189 5195 5222 
3 5192 5188 5225 
3 5211 5214 5226 
3 5227 5179 5204 
3 5185 5228 5201 
3 5229 5202 5201 
3 5221 5176 5220 
3 5230 5206 5231 
3 5152 5211 5207 
3 5199 5198 5232 
3 5196 5223 5233 
3 5231 5172 5192 
3 5234 5224 5196 
3 5201 5228 5229 
3 5203 5235 5212 
3 5236 5217 5197 
3 5199 5232 5223 
3 5202 5218 5169 
3 5179 5227 5213 
3 5226 5207 5211 
3 5185 5208 5228 
3 5218 5219 5191 
3 5209 5235 5203 
3 5227 5204 5237 
3 5198 5210 5238 
3 5193 5194 5239 
3 5240 5228 5208 
3 5241 5194 5212 
3 5217 5225 5188 
3 5206 5172 5231 
3 5210 5206 5242 
3 5218 5202 5229 
3 5206 5230 5242 
3 5242 5238 5210 
3 5189 5243 5215 
3 5236 5197 5221 
3 5222 5243 5189 
3 5217 5244 5225 
3 5245 5231 5192 
3 5208 5246 5240 
3 5236 5244 5217 
3 5222 5213 5247 
3 5192 5225 5245 
3 5200 5248 5216 
3 5238 5232 5198 
3 5249 5214 5250 
3 5251 5233 5223 
3 5252 5220 5219 
3 5230 5253 5242 
3 5226 5214 5249 
3 5224 5248 5200 
3 5247 5213 5227 
3 5254 5238 5242 
3 5255 5229 5228 
3 5220 5252 5221 
3 5209 5215 5256 
3 5221 5252 5257 
3 5230 5231 5245 
3 5223 5232 5251 
3 5234 5196 5233 
3 5218 5229 5258 
3 5221 5257 5236 
3 5242 5253 5254 
3 5219 5258 5259 
3 5245 5260 5230 
3 5205 5237 5204 
3 5205 5207 5261 
3 5262 5232 5238 
3 5248 5224 5263 
3 5264 5215 5243 
3 5261 5207 5226 
3 5232 5262 5251 
3 5247 5227 5265 
3 5225 5266 5245 
3 5253 5230 5260 
3 5248 5250 5216 
3 5235 5241 5212 
3 5267 5258 5229 
3 5222 5268 5243 
3 5268 5222 5247 
3 5269 5270 5260 
3 5205 5261 5237 
3 5271 5263 5234 
3 5239 5194 5272 
3 5228 5240 5255 
3 5273 5252 5219 
3 5209 5256 5274 
3 5265 5227 5237 
3 5263 5224 5234 
3 5209 5274 5235 
3 5256 5215 5264 
3 5249 5275 5226 
3 5250 5214 5216 
3 5254 5262 5238 
3 5233 5271 5234 
3 5267 5229 5255 
3 5244 5236 5276 
3 5277 5266 5244 
3 5275 5261 5226 
3 5248 5278 5250 
3 5257 5252 5279 
3 5264 5243 5280 
3 5241 5272 5194 
3 5272 5241 5281 
3 5241 5282 5281 
3 5218 5258 5219 
3 5280 5243 5268 
3 5266 5225 5244 
3 5251 5262 5283 
3 5249 5250 5284 
3 5251 5285 5233 
3 5257 5276 5236 
3 5276 5277 5244 
3 5245 5266 5260 
3 5286 5262 5254 
3 5246 5287 5240 
3 5288 5240 5287 
3 5255 5240 5288 
3 5273 5219 5259 
3 5257 5279 5289 
3 5278 5284 5250 
3 5263 5278 5248 
3 5285 5271 5233 
3 5290 5267 5255 
3 5258 5267 5291 
3 5291 5259 5258 
3 5289 5276 5257 
3 5277 5269 5266 
3 5261 5292 5237 
3 5275 5292 5261 
3 5285 5251 5283 
3 5293 5239 5272 
3 5290 5255 5288 
3 5274 5282 5235 
3 5273 5279 5252 
3 5266 5269 5260 
3 5265 5237 5294 
3 5292 5294 5237 
3 5295 5253 5260 
3 5249 5296 5275 
3 5297 5256 5264 
3 5241 5235 5282 
3 5256 5297 5274 
3 5271 5298 5263 
3 5299 5274 5297 
3 5295 5300 5253 
3 5267 5290 5291 
3 5282 5274 5299 
3 5301 5273 5259 
3 5265 5302 5247 
3 5253 5300 5254 
3 5278 5263 5298 
3 5293 5272 5303 
3 5297 5264 5304 
3 5302 5265 5294 
3 5305 5283 5286 
3 5306 5288 5287 
3 5307 5291 5290 
3 5308 5277 5276 
3 5270 5295 5260 
3 5296 5249 5284 
3 5302 5309 5268 
3 5285 5283 5310 
3 5281 5311 5303 
3 5304 5264 5280 
3 5289 5308 5276 
3 5292 5275 5312 
3 5281 5303 5272 
3 5290 5288 5313 
3 5302 5268 5247 
3 5262 5286 5283 
3 5285 5310 5314 
3 5294 5292 5315 
3 5314 5271 5285 
3 5290 5316 5307 
3 5281 5282 5317 
3 5280 5318 5304 
3 5309 5302 5319 
3 5300 5286 5254 
3 5311 5281 5317 
3 5317 5282 5299 
3 5259 5320 5301 
3 5270 5321 5295 
3 5298 5322 5278 
3 5259 5291 5320 
3 5301 5279 5273 
3 5309 5280 5268 
3 5270 5323 5321 
3 5312 5275 5296 
3 5318 5280 5309 
3 5277 5324 5269 
3 5325 5299 5297 
3 5326 5294 5315 
3 5312 5315 5292 
3 5284 5327 5296 
3 5271 5314 5298 
3 5307 5328 5320 
3 5294 5326 5302 
3 5278 5322 5284 
3 5306 5313 5288 
3 5325 5297 5304 
3 5279 5301 5329 
3 5289 5330 5308 
3 5277 5308 5324 
3 5319 5302 5326 
3 5329 5289 5279 
3 5315 5312 5331 
3 5332 5312 5296 
3 5318 5333 5304 
3 5334 5309 5319 
3 5305 5310 5283 
3 5308 5335 5324 
3 5331 5336 5315 
3 5322 5298 5337 
3 5308 5338 5335 
3 5300 5295 5339 
3 5340 5313 5306 
3 5291 5307 5320 
3 5325 5341 5299 
3 5324 5335 5323 
3 5269 5324 5323 
3 5317 5342 5311 
3 5320 5328 5343 
3 5323 5270 5269 
3 5326 5315 5336 
3 5295 5321 5339 
3 5344 5286 5300 
3 5301 5320 5343 
3 5343 5329 5301 
3 5318 5309 5334 
3 5344 5305 5286 
3 5289 5329 5330 
3 5319 5326 5345 
3 5332 5346 5331 
3 5347 5314 5310 
3 5341 5342 5317 
3 5325 5304 5333 
3 5300 5339 5348 
3 5314 5349 5298 
3 5318 5350 5333 
3 5335 5351 5323 
3 5345 5326 5336 
3 5331 5352 5336 
3 5310 5353 5347 
3 5337 5298 5349 
3 5352 5354 5336 
3 5346 5352 5331 
3 5332 5331 5312 
3 5348 5344 5300 
3 5349 5314 5347 
3 5355 5330 5329 
3 5334 5319 5356 
3 5345 5336 5354 
3 5353 5310 5305 
3 5293 5303 5357 
3 5316 5290 5313 
3 5308 5330 5338 
3 5353 5305 5358 
3 5322 5337 5359 
3 5311 5342 5360 
3 5317 5299 5341 
3 5334 5350 5318 
3 5361 5334 5356 
3 5329 5343 5355 
3 5362 5338 5355 
3 5335 5363 5351 
3 5356 5319 5345 
3 5359 5337 5364 
3 5349 5364 5337 
3 5365 5340 5306 
3 5328 5307 5366 
3 5321 5323 5367 
3 5357 5303 5368 
3 5369 5316 5313 
3 5311 5368 5303 
3 5325 5333 5370 
3 5323 5351 5367 
3 5341 5371 5342 
3 5325 5370 5341 
3 5296 5327 5332 
3 5322 5327 5284 
3 5355 5338 5330 
3 5364 5349 5372 
3 5359 5327 5322 
3 5368 5373 5357 
3 5348 5374 5375 
3 5313 5340 5376 
3 5376 5369 5313 
3 5311 5360 5368 
3 5363 5338 5362 
3 5374 5339 5321 
3 5347 5372 5349 
3 5368 5377 5373 
3 5343 5328 5378 
3 5332 5379 5346 
3 5380 5344 5348 
3 5358 5305 5344 
3 5359 5379 5327 
3 5381 5347 5353 
3 5307 5316 5366 
3 5339 5374 5348 
3 5327 5379 5332 
3 5358 5381 5353 
3 5372 5347 5382 
3 5366 5316 5369 
3 5347 5381 5382 
3 5340 5365 5383 
3 5370 5371 5341 
3 5338 5363 5335 
3 5340 5383 5376 
3 5384 5366 5369 
3 5342 5371 5385 
3 5386 5378 5328 
3 5371 5370 5387 
3 5350 5388 5333 
3 5321 5367 5374 
3 5380 5348 5375 
3 5376 5383 5389 
3 5342 5385 5360 
3 5361 5350 5334 
3 5351 5390 5367 
3 5358 5344 5380 
3 5386 5328 5366 
3 5370 5333 5388 
3 5372 5391 5364 
3 5392 5360 5385 
3 5379 5359 5393 
3 5356 5394 5361 
3 5395 5396 5352 
3 5364 5391 5393 
3 5364 5393 5359 
3 5387 5397 5371 
3 5343 5398 5355 
3 5377 5368 5360 
3 5378 5398 5343 
3 5387 5370 5388 
3 5399 5351 5363 
3 5395 5346 5400 
3 5401 5373 5377 
3 5377 5392 5402 
3 5385 5371 5397 
3 5355 5403 5362 
3 5388 5350 5404 
3 5354 5405 5345 
3 5354 5352 5396 
3 5406 5372 5382 
3 5380 5407 5358 
3 5382 5381 5408 
3 5391 5372 5406 
3 5366 5384 5386 
3 5409 5386 5384 
3 5356 5345 5405 
3 5355 5398 5403 
3 5410 5399 5363 
3 5394 5356 5405 
3 5374 5367 5411 
3 5400 5379 5393 
3 5381 5407 5408 
3 5369 5376 5412 
3 5407 5381 5358 
3 5412 5384 5369 
3 5361 5404 5350 
3 5354 5413 5405 
3 5390 5351 5399 
3 5395 5352 5346 
3 5377 5360 5392 
3 5378 5386 5414 
3 5399 5410 5415 
3 5396 5413 5354 
3 5346 5379 5400 
3 5401 5377 5402 
3 5409 5416 5414 
3 5404 5417 5388 
3 5378 5414 5398 
3 5389 5418 5419 
3 5376 5389 5412 
3 5363 5362 5410 
3 5399 5415 5390 
3 5367 5390 5411 
3 5414 5386 5409 
3 5388 5417 5387 
3 5385 5397 5420 
3 5421 5410 5362 
3 5380 5375 5422 
3 5408 5423 5382 
3 5424 5384 5412 
3 5403 5421 5362 
3 5425 5404 5361 
3 5422 5407 5380 
3 5406 5382 5423 
3 5420 5397 5426 
3 5413 5396 5427 
3 5374 5411 5375 
3 5385 5420 5392 
3 5387 5428 5397 
3 5394 5425 5361 
3 5429 5405 5413 
3 5430 5411 5390 
3 5395 5431 5396 
3 5422 5432 5407 
3 5412 5389 5433 
3 5392 5420 5434 
3 5417 5404 5435 
3 5436 5408 5432 
3 5397 5428 5426 
3 5400 5393 5437 
3 5373 5401 5383 
3 5392 5434 5402 
3 5438 5375 5411 
3 5436 5423 5408 
3 5417 5428 5387 
3 5375 5438 5439 
3 5439 5422 5375 
3 5432 5408 5407 
3 5391 5437 5393 
3 5383 5418 5389 
3 5394 5440 5425 
3 5441 5415 5410 
3 5391 5406 5442 
3 5402 5443 5401 
3 5444 5403 5398 
3 5445 5421 5403 
3 5446 5431 5395 
3 5424 5433 5447 
3 5428 5417 5448 
3 5403 5444 5445 
3 5441 5410 5421 
3 5429 5394 5405 
3 5431 5427 5396 
3 5446 5395 5400 
3 5433 5389 5419 
3 5398 5414 5444 
3 5390 5449 5430 
3 5429 5413 5450 
3 5406 5451 5442 
3 5443 5418 5401 
3 5384 5424 5409 
3 5390 5415 5449 
3 5437 5446 5400 
3 5443 5419 5418 
3 5452 5416 5409 
3 5411 5430 5438 
3 5422 5439 5453 
3 5409 5424 5452 
3 5441 5421 5454 
3 5455 5437 5391 
3 5455 5391 5442 
3 5427 5456 5413 
3 5457 5402 5434 
3 5458 5452 5447 
3 5441 5454 5459 
3 5427 5431 5460 
3 5446 5461 5431 
3 5452 5424 5447 
3 5440 5462 5425 
3 5406 5423 5451 
3 5448 5417 5435 
3 5394 5429 5440 
3 5412 5433 5424 
3 5463 5438 5430 
3 5438 5463 5439 
3 5434 5420 5464 
3 5420 5426 5464 
3 5465 5444 5414 
3 5444 5466 5445 
3 5421 5445 5454 
3 5462 5435 5425 
3 5422 5453 5432 
3 5455 5467 5437 
3 5468 5433 5419 
3 5416 5452 5469 
3 5428 5470 5426 
3 5425 5435 5404 
3 5453 5439 5471 
3 5467 5461 5446 
3 5432 5472 5436 
3 5437 5467 5446 
3 5442 5451 5473 
3 5402 5457 5443 
3 5465 5414 5416 
3 5444 5465 5466 
3 5430 5449 5474 
3 5474 5463 5430 
3 5471 5439 5463 
3 5432 5453 5472 
3 5473 5451 5475 
3 5452 5458 5469 
3 5476 5419 5477 
3 5448 5470 5428 
3 5440 5450 5478 
3 5449 5415 5479 
3 5464 5480 5434 
3 5426 5481 5464 
3 5470 5481 5426 
3 5466 5482 5445 
3 5445 5482 5454 
3 5435 5462 5483 
3 5462 5440 5478 
3 5459 5415 5441 
3 5456 5450 5413 
3 5467 5455 5484 
3 5465 5416 5469 
3 5479 5415 5459 
3 5485 5474 5449 
3 5460 5456 5427 
3 5461 5460 5431 
3 5467 5486 5461 
3 5487 5472 5453 
3 5451 5423 5488 
3 5480 5457 5434 
3 5477 5419 5443 
3 5489 5466 5465 
3 5479 5485 5449 
3 5460 5490 5456 
3 5460 5461 5491 
3 5492 5436 5472 
3 5436 5492 5488 
3 5478 5450 5493 
3 5494 5463 5474 
3 5455 5473 5484 
3 5436 5488 5423 
3 5442 5473 5455 
3 5465 5469 5489 
3 5456 5493 5450 
3 5477 5443 5457 
3 5495 5457 5480 
3 5485 5496 5474 
3 5433 5468 5447 
3 5478 5497 5462 
3 5476 5468 5419 
3 5479 5498 5485 
3 5429 5450 5440 
3 5484 5486 5467 
3 5492 5499 5488 
3 5447 5500 5458 
3 5448 5501 5470 
3 5448 5483 5501 
3 5483 5462 5497 
3 5479 5459 5498 
3 5460 5502 5490 
3 5481 5503 5464 
3 5459 5454 5504 
3 5490 5493 5456 
3 5471 5487 5453 
3 5472 5487 5505 
3 5492 5472 5505 
3 5506 5468 5476 
3 5507 5508 5484 
3 5488 5475 5451 
3 5503 5509 5480 
3 5454 5482 5510 
3 5511 5490 5502 
3 5494 5471 5463 
3 5471 5512 5487 
3 5513 5476 5514 
3 5447 5468 5500 
3 5509 5495 5480 
3 5454 5510 5504 
3 5486 5491 5461 
3 5515 5499 5492 
3 5457 5495 5477 
3 5506 5500 5468 
3 5469 5516 5517 
3 5489 5469 5517 
3 5481 5518 5503 
3 5519 5483 5497 
3 5493 5520 5478 
3 5475 5499 5521 
3 5503 5480 5464 
3 5483 5448 5435 
3 5471 5494 5512 
3 5514 5476 5477 
3 5481 5470 5518 
3 5497 5478 5520 
3 5496 5494 5474 
3 5521 5507 5475 
3 5499 5475 5488 
3 5476 5513 5506 
3 5469 5458 5516 
3 5470 5501 5522 
3 5459 5504 5498 
3 5520 5493 5523 
3 5524 5496 5485 
3 5511 5523 5490 
3 5491 5502 5460 
3 5475 5507 5473 
3 5477 5495 5514 
3 5482 5525 5510 
3 5493 5490 5523 
3 5526 5505 5487 
3 5486 5484 5508 
3 5500 5527 5516 
3 5482 5528 5525 
3 5501 5483 5519 
3 5484 5473 5507 
3 5492 5505 5515 
3 5522 5518 5470 
3 5518 5529 5503 
3 5500 5506 5527 
3 5466 5489 5528 
3 5494 5530 5512 
3 5495 5531 5514 
3 5529 5509 5503 
3 5529 5518 5532 
3 5528 5482 5466 
3 5533 5510 5525 
3 5519 5534 5501 
3 5535 5498 5504 
3 5535 5536 5498 
3 5496 5530 5494 
3 5499 5537 5521 
3 5522 5501 5534 
3 5504 5510 5535 
3 5511 5502 5538 
3 5487 5512 5526 
3 5508 5539 5486 
3 5495 5509 5531 
3 5540 5528 5489 
3 5510 5541 5535 
3 5485 5498 5524 
3 5539 5542 5491 
3 5507 5543 5508 
3 5521 5544 5507 
3 5545 5527 5546 
3 5489 5517 5540 
3 5502 5491 5542 
3 5506 5513 5546 
3 5516 5458 5500 
3 5547 5525 5528 
3 5520 5548 5497 
3 5498 5536 5524 
3 5515 5537 5499 
3 5534 5549 5522 
3 5550 5496 5524 
3 5496 5550 5530 
3 5512 5551 5526 
3 5552 5526 5551 
3 5553 5529 5532 
3 5520 5523 5554 
3 5526 5555 5505 
3 5537 5556 5521 
3 5557 5546 5513 
3 5506 5546 5527 
3 5551 5512 5530 
3 5518 5522 5532 
3 5532 5522 5549 
3 5530 5558 5551 
3 5539 5508 5543 
3 5505 5555 5515 
3 5559 5545 5546 
3 5509 5560 5531 
3 5561 5516 5527 
3 5529 5560 5509 
3 5525 5547 5533 
3 5548 5562 5519 
3 5491 5486 5539 
3 5507 5544 5543 
3 5563 5514 5531 
3 5563 5513 5514 
3 5528 5540 5547 
3 5524 5564 5550 
3 5527 5545 5561 
3 5565 5517 5561 
3 5565 5540 5517 
3 5541 5510 5533 
3 5534 5519 5562 
3 5554 5523 5566 
3 5556 5544 5521 
3 5511 5566 5523 
3 5537 5515 5567 
3 5534 5568 5549 
3 5563 5557 5513 
3 5560 5529 5569 
3 5569 5529 5553 
3 5548 5519 5497 
3 5515 5555 5567 
3 5548 5520 5554 
3 5536 5564 5524 
3 5502 5542 5538 
3 5555 5526 5552 
3 5560 5570 5571 
3 5561 5517 5516 
3 5542 5539 5572 
3 5548 5573 5562 
3 5511 5574 5566 
3 5537 5567 5575 
3 5576 5547 5540 
3 5532 5549 5577 
3 5538 5574 5511 
3 5571 5563 5531 
3 5540 5565 5576 
3 5553 5532 5577 
3 5534 5562 5568 
3 5530 5550 5558 
3 5572 5538 5542 
3 5543 5578 5539 
3 5578 5543 5579 
3 5556 5537 5575 
3 5580 5561 5545 
3 5541 5533 5581 
3 5572 5539 5578 
3 5546 5582 5559 
3 5583 5533 5547 
3 5535 5541 5584 
3 5584 5536 5535 
3 5564 5585 5586 
3 5538 5572 5587 
3 5557 5563 5588 
3 5582 5546 5557 
3 5568 5562 5589 
3 5566 5574 5590 
3 5591 5580 5545 
3 5550 5592 5558 
3 5551 5593 5552 
3 5563 5571 5588 
3 5573 5589 5562 
3 5551 5558 5593 
3 5575 5594 5556 
3 5577 5568 5595 
3 5596 5583 5547 
3 5577 5549 5568 
3 5589 5597 5568 
3 5533 5583 5581 
3 5536 5585 5564 
3 5543 5544 5579 
3 5553 5598 5569 
3 5541 5581 5584 
3 5548 5554 5573 
3 5599 5593 5558 
3 5577 5598 5553 
3 5595 5568 5597 
3 5594 5600 5544 
3 5594 5544 5556 
3 5601 5576 5565 
3 5536 5584 5585 
3 5550 5564 5592 
3 5555 5602 5567 
3 5589 5573 5603 
3 5590 5604 5566 
3 5587 5574 5538 
3 5567 5602 5605 
3 5560 5569 5570 
3 5565 5580 5601 
3 5566 5604 5554 
3 5579 5544 5600 
3 5558 5592 5599 
3 5602 5555 5552 
3 5605 5575 5567 
3 5571 5531 5560 
3 5592 5564 5586 
3 5552 5593 5606 
3 5602 5552 5606 
3 5594 5575 5607 
3 5608 5588 5571 
3 5585 5584 5609 
3 5582 5557 5588 
3 5565 5561 5580 
3 5610 5571 5570 
3 5598 5611 5569 
3 5595 5612 5577 
3 5554 5604 5573 
3 5600 5594 5613 
3 5588 5608 5614 
3 5601 5580 5615 
3 5612 5598 5577 
3 5581 5583 5616 
3 5584 5581 5617 
3 5607 5575 5605 
3 5611 5570 5569 
3 5596 5547 5576 
3 5583 5596 5616 
3 5585 5609 5586 
3 5609 5618 5586 
3 5578 5579 5619 
3 5591 5545 5559 
3 5597 5589 5603 
3 5617 5609 5584 
3 5604 5620 5573 
3 5574 5587 5621 
3 5600 5619 5579 
3 5622 5613 5623 
3 5620 5603 5573 
3 5624 5620 5604 
3 5578 5619 5625 
3 5594 5607 5613 
3 5626 5598 5612 
3 5595 5627 5612 
3 5625 5572 5578 
3 5571 5610 5608 
3 5587 5572 5628 
3 5591 5615 5580 
3 5626 5611 5598 
3 5597 5627 5595 
3 5592 5629 5599 
3 5621 5587 5630 
3 5631 5605 5632 
3 5613 5622 5600 
3 5633 5576 5601 
3 5596 5576 5633 
3 5581 5616 5634 
3 5634 5617 5581 
3 5617 5634 5635 
3 5617 5635 5609 
3 5624 5604 5590 
3 5592 5586 5629 
3 5590 5574 5621 
3 5619 5600 5622 
3 5608 5636 5614 
3 5582 5588 5614 
3 5601 5615 5637 
3 5615 5638 5637 
3 5637 5633 5601 
3 5639 5616 5596 
3 5593 5599 5640 
3 5641 5591 5559 
3 5570 5611 5642 
3 5603 5643 5597 
3 5586 5618 5644 
3 5586 5644 5629 
3 5628 5572 5625 
3 5582 5641 5559 
3 5587 5628 5630 
3 5640 5606 5593 
3 5632 5602 5606 
3 5605 5631 5607 
3 5570 5642 5610 
3 5596 5633 5639 
3 5620 5645 5603 
3 5621 5646 5590 
3 5614 5636 5647 
3 5615 5591 5648 
3 5616 5639 5649 
3 5624 5645 5620 
3 5602 5632 5605 
3 5650 5626 5612 
3 5597 5643 5627 
3 5643 5603 5645 
3 5635 5651 5618 
3 5649 5634 5616 
3 5652 5599 5629 
3 5652 5640 5599 
3 5619 5653 5625 
3 5648 5591 5641 
3 5615 5648 5638 
3 5654 5639 5633 
3 5640 5655 5606 
3 5653 5619 5622 
3 5654 5633 5637 
3 5627 5650 5612 
3 5618 5609 5635 
3 5630 5628 5656 
3 5614 5647 5657 
3 5642 5611 5658 
3 5659 5649 5639 
3 5628 5625 5656 
3 5655 5632 5606 
3 5641 5582 5614 
3 5641 5614 5657 
3 5630 5660 5621 
3 5656 5661 5630 
3 5627 5643 5662 
3 5640 5652 5663 
3 5641 5657 5648 
3 5626 5658 5611 
3 5634 5664 5635 
3 5646 5624 5590 
3 5665 5660 5630 
3 5631 5666 5667 
3 5668 5622 5623 
3 5662 5643 5669 
3 5644 5670 5629 
3 5671 5613 5607 
3 5672 5648 5657 
3 5673 5610 5642 
3 5642 5674 5673 
3 5634 5649 5664 
3 5646 5621 5660 
3 5652 5629 5670 
3 5661 5665 5630 
3 5653 5656 5625 
3 5653 5622 5668 
3 5607 5631 5671 
3 5640 5663 5655 
3 5608 5610 5673 
3 5675 5654 5637 
3 5650 5676 5626 
3 5655 5666 5632 
3 5666 5631 5632 
3 5671 5623 5613 
3 5677 5647 5636 
3 5639 5654 5659 
3 5662 5678 5627 
3 5664 5679 5651 
3 5618 5651 5680 
3 5680 5644 5618 
3 5624 5646 5681 
3 5653 5682 5656 
3 5636 5673 5683 
3 5674 5642 5658 
3 5657 5647 5672 
3 5608 5673 5636 
3 5658 5626 5684 
3 5684 5626 5676 
3 5649 5659 5685 
3 5664 5651 5635 
3 5644 5686 5670 
3 5667 5671 5631 
3 5649 5685 5664 
3 5670 5687 5652 
3 5687 5688 5663 
3 5654 5675 5659 
3 5687 5663 5652 
3 5678 5650 5627 
3 5689 5624 5681 
3 5681 5646 5660 
3 5690 5691 5668 
3 5692 5675 5637 
3 5693 5685 5659 
3 5624 5689 5645 
3 5648 5694 5638 
3 5669 5645 5689 
3 5679 5680 5651 
3 5661 5656 5682 
3 5682 5653 5695 
3 5648 5672 5694 
3 5692 5637 5638 
3 5696 5658 5684 
3 5645 5669 5643 
3 5644 5680 5686 
3 5660 5697 5681 
3 5698 5683 5673 
3 5638 5694 5699 
3 5674 5658 5696 
3 5700 5687 5670 
3 5701 5655 5663 
3 5701 5666 5655 
3 5671 5690 5623 
3 5702 5696 5684 
3 5678 5676 5650 
3 5683 5677 5636 
3 5699 5692 5638 
3 5703 5702 5684 
3 5664 5685 5704 
3 5664 5704 5679 
3 5660 5665 5697 
3 5668 5695 5653 
3 5695 5668 5691 
3 5690 5671 5705 
3 5705 5667 5706 
3 5674 5698 5673 
3 5675 5692 5707 
3 5671 5667 5705 
3 5667 5666 5708 
3 5690 5668 5623 
3 5701 5688 5709 
3 5672 5647 5710 
3 5683 5711 5677 
3 5698 5711 5683 
3 5696 5698 5674 
3 5681 5712 5689 
3 5708 5706 5667 
3 5699 5713 5692 
3 5692 5713 5707 
3 5659 5675 5714 
3 5697 5712 5681 
3 5675 5707 5714 
3 5659 5714 5693 
3 5695 5715 5682 
3 5666 5701 5708 
3 5676 5716 5703 
3 5704 5685 5717 
3 5680 5679 5718 
3 5689 5712 5719 
3 5720 5661 5682 
3 5647 5677 5710 
3 5672 5710 5721 
3 5721 5694 5672 
3 5722 5699 5694 
3 5689 5719 5669 
3 5680 5718 5686 
3 5701 5663 5688 
3 5715 5720 5682 
3 5705 5723 5690 
3 5724 5678 5662 
3 5662 5669 5725 
3 5697 5665 5726 
3 5688 5687 5727 
3 5701 5728 5708 
3 5729 5695 5691 
3 5730 5710 5677 
3 5677 5711 5730 
3 5703 5684 5676 
3 5678 5716 5676 
3 5717 5685 5693 
3 5725 5669 5719 
3 5718 5731 5686 
3 5713 5699 5722 
3 5693 5714 5732 
3 5716 5678 5724 
3 5661 5733 5665 
3 5695 5729 5715 
3 5691 5690 5723 
3 5704 5734 5679 
3 5722 5694 5721 
3 5693 5732 5717 
3 5725 5724 5662 
3 5712 5697 5735 
3 5670 5686 5700 
3 5697 5726 5735 
3 5715 5736 5720 
3 5701 5709 5728 
3 5729 5737 5715 
3 5705 5706 5738 
3 5721 5710 5739 
3 5734 5718 5679 
3 5706 5728 5740 
3 5712 5741 5719 
3 5686 5731 5700 
3 5720 5733 5661 
3 5723 5705 5738 
3 5725 5742 5724 
3 5743 5709 5688 
3 5728 5709 5744 
3 5743 5688 5727 
3 5739 5710 5730 
3 5711 5698 5745 
3 5731 5718 5746 
3 5729 5691 5747 
3 5738 5706 5740 
3 5730 5711 5748 
3 5749 5748 5711 
3 5750 5714 5707 
3 5732 5714 5750 
3 5717 5751 5704 
3 5700 5727 5687 
3 5729 5752 5737 
3 5696 5745 5698 
3 5745 5696 5702 
3 5727 5700 5753 
3 5723 5747 5691 
3 5754 5722 5721 
3 5745 5702 5755 
3 5700 5731 5753 
3 5715 5737 5736 
3 5742 5725 5756 
3 5665 5733 5726 
3 5738 5757 5723 
3 5716 5724 5758 
3 5719 5756 5725 
3 5751 5734 5704 
3 5746 5718 5734 
3 5731 5746 5759 
3 5743 5727 5760 
3 5720 5736 5733 
3 5706 5708 5728 
3 5759 5753 5731 
3 5761 5726 5733 
3 5728 5744 5740 
3 5762 5739 5730 
3 5707 5713 5763 
3 5736 5761 5733 
3 5764 5741 5712 
3 5743 5760 5765 
3 5744 5709 5765 
3 5723 5766 5747 
3 5739 5767 5754 
3 5721 5739 5754 
3 5703 5768 5702 
3 5726 5761 5735 
3 5765 5709 5743 
3 5752 5729 5747 
3 5769 5740 5744 
3 5756 5719 5741 
3 5764 5712 5735 
3 5760 5727 5753 
3 5703 5716 5758 
3 5742 5758 5724 
3 5770 5751 5717 
3 5739 5762 5767 
3 5730 5748 5762 
3 5754 5771 5722 
3 5771 5713 5722 
3 5768 5755 5702 
3 5732 5750 5772 
3 5773 5774 5764 
3 5761 5773 5735 
3 5757 5766 5723 
3 5713 5771 5763 
3 5775 5750 5707 
3 5768 5703 5776 
3 5777 5758 5742 
3 5778 5746 5734 
3 5779 5747 5766 
3 5741 5780 5756 
3 5764 5774 5741 
3 5758 5776 5703 
3 5770 5732 5772 
3 5732 5770 5717 
3 5751 5778 5734 
3 5781 5759 5746 
3 5749 5711 5745 
3 5749 5745 5755 
3 5707 5763 5775 
3 5780 5741 5774 
3 5782 5769 5744 
3 5748 5783 5762 
3 5764 5735 5773 
3 5773 5761 5784 
3 5785 5738 5740 
3 5756 5786 5742 
3 5787 5778 5751 
3 5744 5765 5782 
3 5752 5788 5737 
3 5746 5778 5781 
3 5789 5753 5759 
3 5760 5753 5789 
3 5779 5752 5747 
3 5785 5740 5769 
3 5790 5766 5757 
3 5750 5775 5772 
3 5751 5770 5787 
3 5756 5780 5786 
3 5784 5761 5791 
3 5761 5736 5791 
3 5785 5769 5792 
3 5771 5793 5763 
3 5770 5794 5787 
3 5737 5791 5736 
3 5795 5782 5765 
3 5754 5796 5793 
3 5797 5748 5749 
3 5742 5786 5777 
3 5796 5754 5767 
3 5783 5748 5797 
3 5776 5758 5777 
3 5765 5760 5795 
3 5757 5738 5785 
3 5798 5760 5789 
3 5798 5795 5760 
3 5788 5752 5799 
3 5779 5766 5790 
3 5772 5775 5800 
3 5794 5772 5801 
3 5762 5802 5767 
3 5793 5771 5754 
3 5755 5803 5749 
3 5803 5797 5749 
3 5770 5772 5794 
3 5804 5805 5780 
3 5759 5781 5806 
3 5784 5807 5773 
3 5799 5752 5779 
3 5757 5808 5790 
3 5783 5797 5809 
3 5810 5803 5755 
3 5792 5769 5782 
3 5785 5808 5757 
3 5783 5802 5762 
3 5763 5811 5775 
3 5812 5789 5806 
3 5791 5813 5784 
3 5814 5791 5788 
3 5737 5788 5791 
3 5768 5810 5755 
3 5776 5810 5768 
3 5772 5800 5801 
3 5815 5777 5786 
3 5778 5787 5816 
3 5801 5817 5794 
3 5794 5817 5787 
3 5813 5791 5814 
3 5783 5809 5802 
3 5786 5780 5805 
3 5816 5781 5778 
3 5759 5806 5789 
3 5812 5798 5789 
3 5799 5818 5788 
3 5819 5792 5782 
3 5767 5820 5796 
3 5774 5773 5821 
3 5808 5822 5790 
3 5792 5808 5785 
3 5777 5823 5776 
3 5824 5807 5813 
3 5814 5788 5818 
3 5779 5790 5825 
3 5817 5816 5787 
3 5781 5826 5806 
3 5821 5773 5807 
3 5813 5807 5784 
3 5819 5782 5795 
3 5775 5811 5800 
3 5826 5781 5816 
3 5797 5827 5809 
3 5827 5797 5803 
3 5828 5801 5800 
3 5829 5808 5792 
3 5802 5820 5767 
3 5830 5793 5796 
3 5830 5831 5793 
3 5831 5763 5793 
3 5776 5823 5810 
3 5780 5774 5804 
3 5832 5819 5795 
3 5831 5811 5763 
3 5815 5833 5777 
3 5804 5774 5821 
3 5829 5792 5834 
3 5808 5829 5822 
3 5835 5827 5803 
3 5836 5803 5810 
3 5798 5832 5795 
3 5837 5836 5810 
3 5823 5777 5833 
3 5838 5817 5801 
3 5815 5805 5839 
3 5840 5816 5817 
3 5786 5805 5815 
3 5822 5829 5841 
3 5816 5840 5826 
3 5813 5814 5842 
3 5843 5796 5820 
3 5843 5830 5796 
3 5811 5844 5845 
3 5839 5805 5846 
3 5825 5799 5779 
3 5822 5825 5790 
3 5810 5823 5837 
3 5845 5800 5811 
3 5806 5826 5847 
3 5847 5812 5806 
3 5842 5824 5813 
3 5792 5819 5834 
3 5848 5809 5827 
3 5848 5827 5835 
3 5815 5849 5833 
3 5804 5846 5805 
3 5799 5825 5850 
3 5833 5851 5823 
3 5829 5834 5852 
3 5803 5836 5835 
3 5807 5853 5821 
3 5824 5853 5807 
3 5851 5833 5854 
3 5804 5821 5855 
3 5852 5841 5829 
3 5839 5849 5815 
3 5853 5855 5821 
3 5812 5847 5856 
3 5853 5824 5857 
3 5798 5812 5858 
3 5835 5836 5859 
3 5837 5823 5851 
3 5860 5817 5838 
3 5840 5817 5860 
3 5846 5804 5855 
3 5812 5856 5858 
3 5861 5832 5858 
3 5818 5842 5814 
3 5832 5861 5862 
3 5799 5863 5818 
3 5864 5802 5809 
3 5809 5865 5864 
3 5828 5838 5801 
3 5846 5855 5866 
3 5798 5858 5832 
3 5862 5819 5832 
3 5867 5847 5826 
3 5842 5818 5868 
3 5818 5863 5868 
3 5825 5822 5869 
3 5809 5848 5865 
3 5844 5811 5831 
3 5837 5859 5836 
3 5842 5870 5824 
3 5863 5799 5850 
3 5830 5844 5831 
3 5857 5824 5870 
3 5864 5820 5802 
3 5820 5871 5843 
3 5872 5830 5843 
3 5873 5852 5834 
3 5874 5844 5830 
3 5846 5875 5839 
3 5826 5840 5867 
3 5830 5872 5874 
3 5860 5838 5876 
3 5877 5840 5860 
3 5869 5878 5850 
3 5879 5845 5844 
3 5828 5800 5845 
3 5866 5875 5846 
3 5869 5850 5825 
3 5869 5822 5841 
3 5837 5880 5859 
3 5867 5840 5877 
3 5834 5819 5862 
3 5863 5878 5881 
3 5882 5828 5845 
3 5854 5833 5849 
3 5849 5839 5875 
3 5873 5834 5862 
3 5841 5852 5883 
3 5859 5884 5835 
3 5874 5879 5844 
3 5880 5837 5851 
3 5854 5849 5885 
3 5886 5856 5847 
3 5845 5879 5882 
3 5847 5867 5886 
3 5866 5855 5887 
3 5888 5889 5856 
3 5887 5853 5857 
3 5889 5858 5856 
3 5863 5881 5868 
3 5867 5877 5890 
3 5853 5887 5855 
3 5891 5861 5858 
3 5852 5873 5892 
3 5843 5871 5893 
3 5865 5848 5894 
3 5895 5877 5860 
3 5858 5889 5891 
3 5842 5896 5870 
3 5897 5892 5873 
3 5898 5838 5828 
3 5886 5867 5890 
3 5896 5842 5868 
3 5864 5871 5820 
3 5893 5872 5843 
3 5899 5864 5865 
3 5899 5871 5864 
3 5835 5884 5848 
3 5894 5848 5884 
3 5884 5859 5900 
3 5901 5862 5861 
3 5898 5828 5882 
3 5902 5849 5875 
3 5869 5841 5903 
3 5892 5883 5852 
3 5851 5854 5880 
3 5863 5850 5878 
3 5903 5878 5869 
3 5879 5874 5904 
3 5859 5880 5900 
3 5880 5854 5905 
3 5875 5866 5906 
3 5891 5907 5901 
3 5881 5908 5868 
3 5865 5894 5899 
3 5862 5901 5873 
3 5883 5903 5841 
3 5887 5909 5866 
3 5873 5901 5897 
3 5898 5876 5838 
3 5876 5910 5895 
3 5885 5849 5902 
3 5911 5887 5857 
3 5856 5886 5888 
3 5896 5868 5908 
3 5878 5912 5881 
3 5872 5893 5913 
3 5860 5876 5895 
3 5900 5880 5914 
3 5877 5915 5890 
3 5916 5891 5889 
3 5901 5861 5891 
3 5914 5880 5905 
3 5879 5917 5882 
3 5872 5913 5874 
3 5913 5904 5874 
3 5917 5879 5918 
3 5916 5889 5888 
3 5892 5919 5883 
3 5899 5920 5871 
3 5900 5914 5921 
3 5905 5854 5885 
3 5886 5890 5922 
3 5909 5887 5911 
3 5922 5888 5886 
3 5916 5907 5891 
3 5920 5893 5871 
3 5923 5920 5899 
3 5923 5899 5894 
3 5882 5917 5898 
3 5915 5877 5895 
3 5922 5890 5924 
3 5903 5912 5878 
3 5919 5892 5925 
3 5905 5885 5926 
3 5884 5900 5927 
3 5906 5928 5902 
3 5906 5902 5875 
3 5908 5929 5896 
3 5908 5881 5930 
3 5883 5931 5903 
3 5927 5894 5884 
3 5914 5905 5932 
3 5924 5890 5915 
3 5933 5908 5930 
3 5934 5893 5920 
3 5935 5915 5895 
3 5936 5909 5911 
3 5937 5870 5896 
3 5929 5937 5896 
3 5912 5930 5881 
3 5892 5897 5925 
3 5893 5934 5913 
3 5937 5911 5857 
3 5903 5938 5912 
3 5932 5905 5926 
3 5939 5910 5898 
3 5876 5898 5910 
3 5927 5900 5921 
3 5921 5914 5940 
3 5857 5870 5937 
3 5929 5908 5933 
3 5923 5941 5920 
3 5923 5942 5943 
3 5927 5942 5894 
3 5898 5917 5939 
3 5937 5929 5944 
3 5923 5894 5942 
3 5945 5926 5885 
3 5907 5946 5897 
3 5904 5947 5918 
3 5909 5906 5866 
3 5930 5948 5933 
3 5918 5879 5904 
3 5949 5929 5933 
3 5946 5925 5897 
3 5895 5910 5935 
3 5950 5922 5924 
3 5951 5916 5888 
3 5897 5901 5907 
3 5913 5947 5904 
3 5888 5952 5951 
3 5931 5883 5919 
3 5885 5902 5945 
3 5928 5945 5902 
3 5922 5952 5888 
3 5946 5907 5953 
3 5936 5911 5944 
3 5911 5937 5944 
3 5954 5907 5916 
3 5938 5903 5931 
3 5927 5955 5942 
3 5921 5955 5927 
3 5910 5939 5956 
3 5941 5923 5943 
3 5928 5957 5945 
3 5928 5906 5958 
3 5906 5909 5958 
3 5959 5924 5915 
3 5924 5959 5960 
3 5918 5961 5962 
3 5962 5917 5918 
3 5962 5939 5917 
3 5956 5935 5910 
3 5915 5935 5959 
3 5960 5950 5924 
3 5952 5922 5950 
3 5954 5953 5907 
3 5912 5963 5930 
3 5918 5947 5961 
3 5954 5916 5951 
3 5958 5957 5928 
3 5964 5938 5931 
3 5919 5965 5931 
3 5925 5966 5919 
3 5967 5932 5926 
3 5936 5968 5909 
3 5949 5944 5929 
3 5930 5963 5948 
3 5921 5940 5955 
3 5969 5954 5951 
3 5970 5949 5933 
3 5933 5948 5970 
3 5925 5946 5971 
3 5934 5920 5941 
3 5947 5913 5972 
3 5972 5973 5947 
3 5914 5932 5940 
3 5958 5909 5968 
3 5913 5934 5972 
3 5974 5959 5935 
3 5975 5946 5953 
3 5965 5964 5931 
3 5976 5943 5942 
3 5935 5956 5974 
3 5969 5951 5977 
3 5975 5971 5946 
3 5938 5963 5912 
3 5965 5919 5966 
3 5942 5955 5976 
3 5952 5977 5951 
3 5953 5954 5978 
3 5934 5941 5979 
3 5936 5944 5980 
3 5981 5944 5949 
3 5966 5925 5971 
3 5963 5938 5964 
3 5947 5973 5961 
3 5982 5940 5983 
3 5979 5972 5934 
3 5984 5985 5943 
3 5939 5962 5986 
3 5977 5952 5950 
3 5963 5987 5948 
3 5940 5988 5955 
3 5962 5989 5986 
3 5940 5932 5983 
3 5983 5932 5967 
3 5953 5978 5975 
3 5972 5979 5990 
3 5986 5956 5939 
3 5926 5991 5967 
3 5959 5974 5992 
3 5993 5958 5968 
3 5977 5950 5994 
3 5954 5969 5978 
3 5949 5970 5995 
3 5990 5973 5972 
3 5976 5955 5988 
3 5981 5949 5995 
3 5996 5987 5963 
3 5963 5964 5996 
3 5926 5945 5991 
3 5992 5960 5959 
3 5960 5994 5950 
3 5970 5948 5997 
3 5943 5985 5941 
3 5962 5961 5989 
3 5974 5998 5992 
3 5980 5999 5968 
3 5966 6000 5965 
3 5961 5973 6001 
3 5957 5958 5993 
3 5965 6002 5964 
3 6003 5967 5991 
3 5957 5991 5945 
3 5975 5978 6004 
3 6005 6006 5990 
3 5988 6007 5976 
3 5988 5940 5982 
3 5974 5956 6008 
3 5979 5985 6005 
3 5979 6005 5990 
3 6001 5989 5961 
3 5974 6008 5998 
3 5969 6009 5978 
3 6000 6002 5965 
3 5980 5944 5981 
3 5985 5979 5941 
3 5984 5943 5976 
3 5999 5993 5968 
3 5960 6010 5994 
3 5978 6009 6004 
3 5970 6011 5995 
3 6002 6012 5996 
3 5995 6013 5981 
3 6014 6015 5982 
3 6010 5960 5992 
3 5968 5936 5980 
3 5980 5981 6016 
3 5997 5948 5987 
3 6004 6017 5975 
3 5975 6017 5971 
3 5966 6018 6000 
3 5971 6018 5966 
3 5984 5976 6007 
3 5957 6019 5991 
3 6020 5992 5998 
3 6021 5969 5977 
3 6022 6001 5973 
3 6014 5983 5967 
3 5993 6023 5957 
3 6011 5970 5997 
3 6002 5996 5964 
3 6008 5956 5986 
3 6024 5977 5994 
3 6024 6021 5977 
3 6017 6018 5971 
3 6011 6013 5995 
3 5987 6012 6025 
3 6014 5982 5983 
3 6026 6020 5998 
3 5994 6010 6027 
3 5999 6016 6028 
3 5987 5996 6012 
3 6022 5973 5990 
3 5991 6019 6003 
3 6023 6019 5957 
3 6021 6009 5969 
3 6029 6001 6030 
3 6008 5986 6031 
3 5992 6020 6010 
3 6032 6033 6018 
3 6012 6002 6034 
3 5984 6035 5985 
3 5986 5989 6031 
3 5967 6003 6014 
3 6023 5993 6036 
3 5993 5999 6036 
3 6005 5985 6035 
3 6035 5984 6037 
3 6006 6022 5990 
3 6007 6038 6039 
3 6040 6008 6031 
3 6040 5998 6008 
3 5998 6040 6026 
3 5980 6016 5999 
3 6027 6024 5994 
3 5997 5987 6025 
3 6041 6006 6005 
3 5988 5982 6038 
3 6036 5999 6028 
3 5981 6013 6016 
3 6011 5997 6042 
3 6025 6012 6043 
3 6033 6000 6018 
3 6005 6035 6041 
3 6044 6045 6004 
3 6000 6034 6002 
3 5982 6015 6038 
3 6010 6020 6046 
3 6037 6007 6039 
3 6001 6022 6030 
3 6047 6016 6013 
3 6034 6000 6033 
3 6037 5984 6007 
3 6010 6046 6027 
3 6018 6017 6032 
3 6041 6035 6048 
3 6007 5988 6038 
3 6019 6049 6003 
3 6023 6049 6019 
3 6044 6004 6009 
3 6042 6025 6050 
3 6045 6017 6004 
3 6051 6022 6006 
3 6052 6049 6023 
3 6053 6036 6028 
3 5997 6025 6042 
3 6029 6031 5989 
3 6047 6054 6028 
3 6051 6030 6022 
3 6049 6055 6003 
3 6056 6009 6021 
3 6032 6045 6057 
3 6001 6029 5989 
3 6058 6015 6014 
3 6036 6052 6023 
3 6059 6021 6024 
3 6056 6044 6009 
3 6038 6060 6061 
3 6031 6029 6062 
3 6014 6003 6055 
3 6011 6063 6013 
3 6056 6021 6059 
3 6017 6045 6032 
3 6039 6064 6037 
3 6053 6052 6036 
3 6065 6063 6011 
3 6043 6012 6034 
3 6058 6014 6055 
3 6011 6042 6065 
3 6033 6032 6066 
3 6060 6015 6067 
3 6028 6016 6047 
3 6065 6042 6050 
3 6041 6068 6006 
3 6006 6068 6051 
3 6069 6070 6049 
3 6027 6059 6024 
3 6035 6037 6048 
3 6062 6040 6031 
3 6063 6047 6013 
3 6071 6057 6045 
3 6015 6060 6038 
3 6054 6053 6028 
3 6041 6048 6072 
3 6073 6029 6030 
3 6070 6055 6049 
3 6062 6074 6040 
3 6071 6045 6044 
3 6062 6029 6073 
3 6034 6033 6075 
3 6034 6075 6043 
3 6064 6048 6037 
3 6030 6051 6076 
3 6026 6040 6074 
3 6077 6027 6046 
3 6063 6078 6047 
3 6075 6033 6066 
3 6041 6072 6068 
3 6020 6026 6079 
3 6043 6080 6025 
3 6038 6061 6039 
3 6081 6056 6059 
3 6082 6044 6056 
3 6050 6025 6080 
3 6032 6057 6066 
3 6020 6079 6046 
3 6054 6047 6078 
3 6059 6083 6081 
3 6081 6082 6056 
3 6039 6061 6064 
3 6084 6074 6062 
3 6055 6085 6058 
3 6086 6069 6052 
3 6083 6059 6027 
3 6087 6050 6080 
3 6088 6048 6064 
3 6076 6073 6030 
3 6055 6070 6085 
3 6077 6083 6027 
3 6071 6044 6082 
3 6050 6089 6065 
3 6046 6090 6077 
3 6091 6072 6048 
3 6074 6092 6026 
3 6093 6076 6051 
3 6084 6062 6094 
3 6026 6092 6079 
3 6089 6050 6087 
3 6093 6051 6068 
3 6015 6058 6067 
3 6085 6067 6058 
3 6046 6079 6090 
3 6078 6095 6054 
3 6065 6096 6063 
3 6066 6097 6075 
3 6048 6088 6091 
3 6073 6076 6098 
3 6067 6099 6060 
3 6100 6070 6069 
3 6049 6052 6069 
3 6073 6098 6094 
3 6060 6101 6061 
3 6070 6100 6085 
3 6075 6102 6043 
3 6079 6092 6103 
3 6104 6083 6105 
3 6096 6065 6089 
3 6106 6057 6071 
3 6072 6091 6107 
3 6098 6076 6108 
3 6052 6053 6086 
3 6066 6057 6109 
3 6092 6084 6110 
3 6103 6090 6079 
3 6063 6096 6078 
3 6087 6080 6111 
3 6112 6053 6054 
3 6095 6078 6113 
3 6082 6114 6071 
3 6057 6106 6109 
3 6102 6080 6043 
3 6115 6088 6064 
3 6064 6061 6115 
3 6099 6101 6060 
3 6095 6112 6054 
3 6096 6113 6078 
3 6116 6082 6081 
3 6117 6087 6111 
3 6085 6118 6067 
3 6092 6074 6084 
3 6086 6053 6112 
3 6111 6080 6102 
3 6107 6068 6072 
3 6093 6068 6107 
3 6073 6094 6062 
3 6118 6099 6067 
3 6119 6120 6091 
3 6108 6076 6093 
3 6110 6084 6121 
3 6104 6081 6083 
3 6087 6117 6122 
3 6102 6075 6097 
3 6118 6085 6123 
3 6069 6086 6124 
3 6102 6125 6111 
3 6092 6110 6126 
3 6113 6096 6127 
3 6127 6089 6122 
3 6082 6116 6114 
3 6127 6096 6089 
3 6128 6106 6071 
3 6129 6115 6101 
3 6069 6124 6100 
3 6128 6071 6114 
3 6130 6066 6109 
3 6097 6066 6130 
3 6120 6107 6091 
3 6077 6090 6105 
3 6083 6077 6105 
3 6106 6128 6131 
3 6107 6132 6093 
3 6115 6061 6101 
3 6084 6094 6121 
3 6100 6123 6085 
3 6108 6093 6132 
3 6133 6086 6112 
3 6116 6081 6104 
3 6134 6090 6103 
3 6135 6112 6095 
3 6095 6113 6136 
3 6137 6116 6104 
3 6117 6111 6125 
3 6119 6091 6088 
3 6130 6109 6138 
3 6120 6119 6139 
3 6126 6103 6092 
3 6128 6140 6131 
3 6094 6141 6121 
3 6142 6123 6100 
3 6135 6133 6112 
3 6143 6116 6137 
3 6087 6122 6089 
3 6138 6109 6106 
3 6107 6120 6132 
3 6114 6116 6143 
3 6119 6088 6144 
3 6099 6145 6146 
3 6145 6099 6118 
3 6103 6126 6134 
3 6090 6147 6105 
3 6148 6137 6104 
3 6088 6115 6144 
3 6094 6098 6141 
3 6149 6118 6123 
3 6124 6142 6100 
3 6124 6086 6133 
3 6105 6147 6148 
3 6148 6104 6105 
3 6128 6114 6140 
3 6150 6138 6131 
3 6151 6097 6152 
3 6130 6152 6097 
3 6102 6097 6151 
3 6098 6108 6153 
3 6129 6144 6115 
3 6153 6141 6098 
3 6154 6121 6141 
3 6090 6134 6147 
3 6127 6122 6155 
3 6131 6138 6106 
3 6102 6151 6125 
3 6114 6143 6140 
3 6146 6129 6101 
3 6133 6135 6156 
3 6155 6122 6157 
3 6146 6101 6099 
3 6158 6123 6142 
3 6126 6110 6159 
3 6135 6095 6136 
3 6160 6153 6108 
3 6136 6161 6135 
3 6162 6142 6124 
3 6117 6125 6163 
3 6163 6125 6164 
3 6152 6165 6151 
3 6118 6149 6145 
3 6133 6162 6124 
3 6127 6166 6113 
3 6167 6130 6138 
3 6167 6152 6130 
3 6108 6132 6160 
3 6168 6141 6153 
3 6166 6136 6113 
3 6119 6144 6169 
3 6166 6127 6155 
3 6170 6143 6137 
3 6120 6139 6171 
3 6171 6132 6120 
3 6168 6153 6172 
3 6173 6129 6146 
3 6168 6154 6141 
3 6174 6147 6175 
3 6117 6157 6122 
3 6132 6171 6160 
3 6176 6177 6146 
3 6178 6110 6121 
3 6178 6159 6110 
3 6126 6159 6179 
3 6134 6126 6179 
3 6161 6156 6135 
3 6180 6148 6174 
3 6134 6179 6175 
3 6140 6181 6131 
3 6181 6150 6131 
3 6164 6125 6151 
3 6144 6173 6182 
3 6183 6170 6137 
3 6143 6184 6140 
3 6173 6144 6129 
3 6178 6154 6185 
3 6142 6186 6158 
3 6134 6175 6147 
3 6162 6133 6156 
3 6148 6183 6137 
3 6158 6149 6123 
3 6148 6147 6174 
3 6157 6187 6155 
3 6167 6138 6150 
3 6188 6165 6152 
3 6166 6189 6136 
3 6189 6166 6190 
3 6167 6188 6152 
3 6182 6169 6144 
3 6139 6119 6169 
3 6177 6173 6146 
3 6121 6154 6178 
3 6136 6189 6161 
3 6155 6190 6166 
3 6155 6187 6190 
3 6150 6191 6167 
3 6165 6164 6151 
3 6172 6153 6160 
3 6192 6160 6171 
3 6142 6162 6186 
3 6157 6163 6193 
3 6163 6157 6117 
3 6188 6167 6191 
3 6164 6194 6163 
3 6195 6154 6168 
3 6195 6185 6154 
3 6193 6163 6194 
3 6183 6148 6180 
3 6183 6196 6170 
3 6184 6143 6170 
3 6140 6184 6181 
3 6158 6197 6149 
3 6186 6162 6198 
3 6156 6198 6162 
3 6173 6199 6182 
3 6176 6146 6145 
3 6176 6145 6149 
3 6200 6201 6165 
3 6192 6172 6160 
3 6197 6176 6149 
3 6159 6202 6179 
3 6170 6203 6184 
3 6178 6204 6159 
3 6180 6196 6183 
3 6191 6150 6205 
3 6206 6139 6169 
3 6173 6177 6199 
3 6207 6181 6184 
3 6204 6178 6185 
3 6174 6175 6208 
3 6191 6200 6188 
3 6168 6172 6195 
3 6188 6200 6165 
3 6201 6194 6164 
3 6172 6209 6195 
3 6193 6210 6187 
3 6194 6211 6193 
3 6171 6139 6212 
3 6213 6169 6182 
3 6187 6157 6193 
3 6150 6214 6205 
3 6164 6165 6201 
3 6212 6192 6171 
3 6213 6182 6199 
3 6190 6215 6189 
3 6139 6206 6212 
3 6199 6177 6216 
3 6217 6185 6195 
3 6202 6159 6204 
3 6156 6218 6198 
3 6219 6175 6179 
3 6189 6215 6220 
3 6203 6170 6196 
3 6202 6219 6179 
3 6219 6208 6175 
3 6221 6180 6174 
3 6161 6189 6220 
3 6150 6181 6214 
3 6222 6223 6201 
3 6213 6206 6169 
3 6197 6158 6224 
3 6224 6158 6186 
3 6156 6161 6218 
3 6225 6180 6221 
3 6226 6215 6190 
3 6207 6184 6203 
3 6187 6210 6227 
3 6207 6214 6181 
3 6228 6192 6212 
3 6220 6218 6161 
3 6180 6225 6196 
3 6200 6191 6229 
3 6229 6191 6205 
3 6176 6197 6230 
3 6193 6211 6210 
3 6172 6192 6231 
3 6199 6232 6213 
3 6230 6177 6176 
3 6208 6233 6234 
3 6187 6226 6190 
3 6211 6194 6223 
3 6192 6228 6231 
3 6172 6231 6209 
3 6235 6216 6230 
3 6236 6204 6185 
3 6237 6233 6219 
3 6221 6174 6208 
3 6214 6238 6205 
3 6239 6212 6206 
3 6209 6217 6195 
3 6198 6240 6186 
3 6241 6221 6234 
3 6200 6242 6201 
3 6243 6217 6209 
3 6197 6224 6244 
3 6225 6221 6241 
3 6211 6245 6210 
3 6205 6238 6246 
3 6194 6201 6223 
3 6216 6232 6199 
3 6224 6186 6240 
3 6198 6218 6247 
3 6215 6248 6220 
3 6196 6249 6203 
3 6227 6210 6245 
3 6239 6228 6212 
3 6177 6230 6216 
3 6237 6202 6250 
3 6247 6240 6198 
3 6208 6234 6221 
3 6225 6249 6196 
3 6197 6251 6230 
3 6185 6217 6236 
3 6250 6202 6204 
3 6202 6237 6219 
3 6247 6252 6253 
3 6252 6218 6220 
3 6254 6207 6255 
3 6238 6214 6254 
3 6246 6229 6205 
3 6222 6201 6242 
3 6209 6231 6256 
3 6233 6208 6219 
3 6254 6214 6207 
3 6209 6256 6243 
3 6244 6251 6197 
3 6224 6257 6244 
3 6204 6236 6250 
3 6222 6242 6258 
3 6259 6206 6213 
3 6213 6232 6259 
3 6251 6235 6230 
3 6260 6250 6236 
3 6257 6224 6240 
3 6252 6247 6218 
3 6261 6241 6234 
3 6222 6262 6223 
3 6229 6242 6200 
3 6231 6228 6263 
3 6255 6203 6249 
3 6242 6229 6264 
3 6217 6265 6236 
3 6252 6220 6248 
3 6227 6226 6187 
3 6259 6239 6206 
3 6235 6266 6216 
3 6247 6267 6240 
3 6268 6248 6226 
3 6269 6249 6270 
3 6246 6264 6229 
3 6228 6271 6263 
3 6240 6267 6257 
3 6271 6228 6239 
3 6231 6263 6256 
3 6225 6241 6270 
3 6226 6248 6215 
3 6223 6272 6211 
3 6265 6217 6243 
3 6257 6273 6244 
3 6274 6237 6250 
3 6249 6225 6270 
3 6255 6207 6203 
3 6245 6275 6227 
3 6266 6232 6216 
3 6235 6251 6276 
3 6253 6277 6247 
3 6248 6278 6252 
3 6269 6255 6249 
3 6264 6258 6242 
3 6250 6260 6274 
3 6259 6232 6279 
3 6236 6265 6260 
3 6270 6241 6261 
3 6226 6227 6268 
3 6245 6211 6272 
3 6264 6280 6258 
3 6273 6257 6267 
3 6281 6233 6237 
3 6234 6282 6261 
3 6253 6252 6278 
3 6222 6283 6262 
3 6263 6271 6284 
3 6279 6285 6259 
3 6276 6244 6286 
3 6244 6276 6251 
3 6237 6274 6281 
3 6261 6287 6270 
3 6288 6254 6255 
3 6222 6258 6283 
3 6259 6285 6239 
3 6243 6256 6289 
3 6267 6247 6277 
3 6261 6290 6287 
3 6275 6245 6291 
3 6292 6256 6263 
3 6232 6266 6279 
3 6268 6227 6275 
3 6223 6262 6272 
3 6271 6239 6285 
3 6289 6265 6243 
3 6293 6291 6245 
3 6294 6280 6264 
3 6295 6274 6260 
3 6282 6233 6281 
3 6282 6234 6233 
3 6255 6269 6288 
3 6296 6246 6238 
3 6254 6297 6238 
3 6258 6280 6298 
3 6263 6284 6292 
3 6279 6299 6285 
3 6266 6235 6300 
3 6269 6270 6301 
3 6269 6302 6288 
3 6303 6279 6266 
3 6300 6235 6276 
3 6273 6267 6304 
3 6277 6253 6305 
3 6268 6306 6248 
3 6269 6301 6302 
3 6254 6288 6297 
3 6258 6298 6283 
3 6266 6300 6307 
3 6278 6248 6306 
3 6303 6266 6307 
3 6261 6282 6290 
3 6287 6301 6270 
3 6275 6308 6268 
3 6264 6246 6294 
3 6309 6284 6310 
3 6273 6286 6244 
3 6311 6277 6305 
3 6305 6253 6278 
3 6291 6312 6275 
3 6272 6262 6293 
3 6246 6296 6294 
3 6286 6273 6313 
3 6314 6281 6274 
3 6277 6304 6267 
3 6283 6315 6262 
3 6292 6284 6309 
3 6281 6314 6282 
3 6306 6268 6308 
3 6297 6316 6317 
3 6315 6293 6262 
3 6318 6289 6292 
3 6316 6297 6288 
3 6238 6297 6296 
3 6310 6284 6271 
3 6319 6300 6276 
3 6304 6313 6273 
3 6311 6304 6277 
3 6297 6317 6296 
3 6298 6280 6320 
3 6283 6298 6321 
3 6310 6271 6285 
3 6285 6299 6322 
3 6289 6256 6292 
3 6323 6314 6274 
3 6288 6302 6316 
3 6280 6294 6320 
3 6321 6315 6283 
3 6324 6265 6289 
3 6306 6325 6278 
3 6308 6275 6312 
3 6272 6293 6245 
3 6326 6317 6316 
3 6327 6318 6292 
3 6303 6299 6279 
3 6328 6289 6318 
3 6310 6285 6322 
3 6274 6295 6323 
3 6282 6314 6329 
3 6305 6278 6325 
3 6317 6330 6296 
3 6282 6329 6290 
3 6286 6319 6276 
3 6331 6307 6332 
3 6324 6295 6260 
3 6287 6333 6301 
3 6334 6330 6317 
3 6293 6315 6335 
3 6294 6296 6330 
3 6309 6336 6327 
3 6327 6292 6309 
3 6289 6328 6324 
3 6324 6260 6265 
3 6291 6335 6337 
3 6338 6339 6320 
3 6309 6340 6336 
3 6341 6322 6342 
3 6319 6332 6307 
3 6295 6324 6343 
3 6291 6337 6312 
3 6326 6334 6317 
3 6335 6315 6344 
3 6286 6345 6319 
3 6345 6286 6313 
3 6346 6313 6304 
3 6323 6347 6314 
3 6299 6303 6342 
3 6348 6303 6307 
3 6295 6343 6323 
3 6302 6349 6316 
3 6311 6346 6304 
3 6320 6294 6330 
3 6319 6307 6300 
3 6325 6306 6350 
3 6308 6350 6306 
3 6320 6351 6298 
3 6332 6345 6352 
3 6353 6347 6323 
3 6302 6301 6354 
3 6291 6293 6335 
3 6340 6310 6322 
3 6331 6348 6307 
3 6346 6311 6355 
3 6305 6356 6311 
3 6349 6357 6326 
3 6344 6315 6321 
3 6351 6358 6321 
3 6324 6328 6343 
3 6287 6290 6359 
3 6308 6360 6350 
3 6349 6302 6354 
3 6342 6303 6348 
3 6319 6345 6332 
3 6361 6313 6346 
3 6362 6329 6314 
3 6325 6363 6305 
3 6359 6333 6287 
3 6334 6326 6357 
3 6321 6298 6351 
3 6340 6309 6310 
3 6299 6342 6322 
3 6356 6355 6311 
3 6329 6364 6359 
3 6312 6360 6308 
3 6316 6349 6326 
3 6354 6301 6365 
3 6366 6349 6354 
3 6338 6330 6334 
3 6320 6330 6338 
3 6361 6345 6313 
3 6314 6347 6362 
3 6337 6367 6312 
3 6368 6328 6318 
3 6355 6369 6346 
3 6366 6354 6370 
3 6360 6312 6367 
3 6320 6339 6351 
3 6339 6371 6351 
3 6341 6340 6322 
3 6323 6343 6353 
3 6372 6347 6353 
3 6350 6373 6325 
3 6318 6327 6368 
3 6301 6333 6365 
3 6374 6343 6328 
3 6352 6375 6332 
3 6352 6345 6361 
3 6372 6362 6347 
3 6329 6362 6364 
3 6356 6305 6363 
3 6329 6359 6290 
3 6327 6336 6376 
3 6377 6348 6331 
3 6363 6325 6373 
3 6360 6373 6350 
3 6357 6378 6334 
3 6375 6331 6332 
3 6369 6355 6379 
3 6336 6340 6380 
3 6376 6368 6327 
3 6353 6343 6381 
3 6371 6358 6351 
3 6374 6381 6343 
3 6382 6375 6352 
3 6366 6357 6349 
3 6367 6383 6360 
3 6344 6321 6358 
3 6384 6376 6336 
3 6369 6361 6346 
3 6385 6365 6386 
3 6337 6335 6387 
3 6344 6387 6335 
3 6378 6338 6334 
3 6339 6388 6389 
3 6340 6341 6380 
3 6339 6389 6371 
3 6336 6380 6384 
3 6380 6341 6390 
3 6391 6341 6342 
3 6328 6368 6374 
3 6392 6393 6394 
3 6393 6363 6373 
3 6367 6337 6395 
3 6396 6379 6355 
3 6365 6333 6386 
3 6360 6394 6373 
3 6366 6397 6357 
3 6376 6384 6398 
3 6376 6399 6368 
3 6368 6399 6374 
3 6400 6352 6361 
3 6401 6362 6372 
3 6395 6337 6387 
3 6348 6377 6391 
3 6376 6398 6399 
3 6375 6402 6331 
3 6362 6401 6364 
3 6365 6385 6370 
3 6378 6357 6403 
3 6341 6391 6390 
3 6382 6352 6400 
3 6400 6361 6369 
3 6359 6386 6333 
3 6370 6354 6365 
3 6331 6402 6377 
3 6404 6353 6381 
3 6394 6360 6383 
3 6397 6366 6405 
3 6386 6359 6364 
3 6406 6402 6375 
3 6363 6396 6356 
3 6396 6363 6393 
3 6397 6403 6357 
3 6339 6338 6388 
3 6407 6381 6374 
3 6406 6375 6382 
3 6408 6386 6364 
3 6393 6373 6394 
3 6409 6367 6395 
3 6378 6388 6338 
3 6371 6410 6358 
3 6342 6348 6391 
3 6404 6372 6353 
3 6409 6383 6367 
3 6410 6411 6358 
3 6380 6390 6412 
3 6407 6413 6414 
3 6414 6404 6381 
3 6355 6356 6396 
3 6378 6415 6388 
3 6391 6377 6416 
3 6383 6392 6394 
3 6366 6370 6405 
3 6344 6358 6411 
3 6408 6364 6401 
3 6387 6344 6411 
3 6399 6407 6374 
3 6369 6417 6400 
3 6387 6418 6395 
3 6415 6378 6403 
3 6388 6419 6389 
3 6389 6420 6371 
3 6380 6412 6384 
3 6398 6421 6399 
3 6393 6422 6396 
3 6423 6392 6383 
3 6391 6416 6390 
3 6390 6424 6412 
3 6425 6377 6402 
3 6401 6426 6427 
3 6428 6385 6429 
3 6430 6405 6431 
3 6411 6418 6387 
3 6402 6406 6425 
3 6369 6379 6417 
3 6431 6370 6385 
3 6370 6431 6405 
3 6420 6410 6371 
3 6407 6399 6421 
3 6398 6384 6432 
3 6425 6416 6377 
3 6400 6417 6433 
3 6392 6422 6393 
3 6407 6414 6381 
3 6426 6372 6404 
3 6396 6434 6379 
3 6405 6430 6397 
3 6433 6382 6400 
3 6386 6408 6429 
3 6409 6395 6435 
3 6436 6398 6432 
3 6372 6426 6401 
3 6422 6434 6396 
3 6427 6408 6401 
3 6437 6438 6403 
3 6412 6432 6384 
3 6436 6421 6398 
3 6421 6439 6413 
3 6414 6413 6440 
3 6382 6433 6441 
3 6442 6443 6433 
3 6379 6444 6417 
3 6444 6379 6434 
3 6428 6431 6385 
3 6418 6435 6395 
3 6424 6390 6416 
3 6382 6441 6406 
3 6408 6427 6445 
3 6392 6446 6422 
3 6438 6415 6403 
3 6419 6447 6389 
3 6389 6447 6420 
3 6448 6430 6431 
3 6411 6410 6449 
3 6415 6450 6419 
3 6421 6413 6407 
3 6442 6433 6417 
3 6444 6442 6417 
3 6429 6385 6386 
3 6420 6451 6410 
3 6404 6414 6452 
3 6437 6397 6430 
3 6437 6403 6397 
3 6453 6416 6425 
3 6441 6433 6443 
3 6423 6446 6392 
3 6409 6423 6383 
3 6404 6454 6426 
3 6455 6428 6429 
3 6428 6456 6448 
3 6435 6457 6409 
3 6415 6419 6388 
3 6414 6440 6452 
3 6422 6458 6434 
3 6447 6459 6420 
3 6453 6424 6416 
3 6427 6426 6460 
3 6461 6445 6427 
3 6457 6423 6409 
3 6451 6420 6459 
3 6408 6445 6429 
3 6415 6438 6450 
3 6438 6462 6450 
3 6412 6463 6432 
3 6454 6404 6452 
3 6464 6437 6430 
3 6411 6449 6418 
3 6451 6449 6410 
3 6465 6406 6441 
3 6406 6466 6425 
3 6423 6467 6446 
3 6447 6419 6468 
3 6424 6463 6412 
3 6436 6439 6421 
3 6453 6425 6469 
3 6460 6426 6454 
3 6435 6418 6470 
3 6449 6470 6418 
3 6468 6419 6450 
3 6436 6432 6471 
3 6440 6413 6439 
3 6448 6431 6428 
3 6432 6463 6471 
3 6439 6472 6440 
3 6454 6473 6460 
3 6455 6429 6445 
3 6456 6428 6455 
3 6424 6474 6463 
3 6469 6425 6466 
3 6406 6465 6466 
3 6422 6475 6458 
3 6476 6455 6445 
3 6477 6462 6438 
3 6444 6434 6458 
3 6475 6422 6446 
3 6439 6478 6472 
3 6466 6465 6479 
3 6440 6472 6480 
3 6424 6453 6474 
3 6435 6481 6457 
3 6470 6481 6435 
3 6482 6451 6459 
3 6467 6423 6483 
3 6449 6484 6470 
3 6485 6459 6447 
3 6486 6469 6466 
3 6487 6465 6443 
3 6465 6441 6443 
3 6455 6488 6456 
3 6423 6457 6483 
3 6448 6489 6464 
3 6439 6436 6478 
3 6452 6440 6480 
3 6446 6467 6475 
3 6448 6456 6489 
3 6464 6430 6448 
3 6450 6462 6490 
3 6490 6491 6468 
3 6454 6452 6492 
3 6427 6460 6461 
3 6493 6463 6474 
3 6454 6492 6473 
3 6460 6473 6494 
3 6445 6461 6476 
3 6492 6452 6480 
3 6442 6495 6443 
3 6458 6496 6444 
3 6497 6483 6457 
3 6497 6457 6481 
3 6498 6453 6469 
3 6487 6443 6495 
3 6495 6442 6496 
3 6442 6444 6496 
3 6498 6474 6453 
3 6475 6467 6499 
3 6489 6500 6464 
3 6501 6470 6484 
3 6502 6436 6471 
3 6469 6486 6498 
3 6503 6473 6492 
3 6494 6473 6504 
3 6456 6488 6505 
3 6449 6451 6484 
3 6506 6479 6487 
3 6507 6458 6475 
3 6505 6489 6456 
3 6501 6481 6470 
3 6478 6436 6502 
3 6479 6486 6466 
3 6460 6494 6461 
3 6476 6488 6455 
3 6508 6467 6483 
3 6451 6482 6484 
3 6474 6498 6493 
3 6509 6472 6510 
3 6477 6437 6464 
3 6511 6484 6482 
3 6485 6512 6459 
3 6468 6485 6447 
3 6513 6471 6463 
3 6514 6492 6480 
3 6438 6437 6477 
3 6482 6459 6512 
3 6478 6515 6510 
3 6471 6513 6502 
3 6509 6480 6472 
3 6463 6493 6513 
3 6496 6458 6516 
3 6476 6461 6517 
3 6464 6518 6477 
3 6477 6519 6462 
3 6520 6490 6462 
3 6478 6510 6472 
3 6495 6496 6521 
3 6507 6475 6499 
3 6497 6481 6522 
3 6468 6491 6485 
3 6523 6487 6495 
3 6514 6503 6492 
3 6516 6521 6496 
3 6524 6500 6489 
3 6501 6522 6481 
3 6524 6489 6505 
3 6521 6523 6495 
3 6516 6458 6507 
3 6499 6467 6508 
3 6479 6465 6487 
3 6514 6480 6509 
3 6468 6450 6490 
3 6503 6504 6473 
3 6494 6504 6517 
3 6517 6461 6494 
3 6483 6497 6525 
3 6518 6464 6500 
3 6526 6513 6493 
3 6483 6525 6508 
3 6511 6527 6501 
3 6511 6501 6484 
3 6486 6528 6529 
3 6530 6488 6476 
3 6500 6531 6518 
3 6518 6532 6519 
3 6491 6490 6533 
3 6529 6498 6486 
3 6530 6534 6488 
3 6535 6520 6519 
3 6490 6520 6533 
3 6519 6520 6462 
3 6511 6482 6536 
3 6476 6517 6530 
3 6534 6505 6488 
3 6518 6519 6477 
3 6527 6522 6501 
3 6512 6536 6482 
3 6502 6513 6537 
3 6524 6531 6500 
3 6538 6493 6498 
3 6508 6539 6499 
3 6498 6529 6538 
3 6509 6510 6540 
3 6541 6514 6509 
3 6542 6517 6504 
3 6543 6505 6534 
3 6543 6524 6505 
3 6537 6513 6544 
3 6541 6545 6514 
3 6506 6487 6523 
3 6527 6546 6522 
3 6485 6491 6547 
3 6513 6526 6544 
3 6493 6538 6526 
3 6479 6506 6528 
3 6545 6503 6514 
3 6543 6534 6548 
3 6497 6522 6549 
3 6550 6538 6529 
3 6528 6486 6479 
3 6504 6551 6542 
3 6517 6552 6530 
3 6499 6539 6553 
3 6525 6549 6554 
3 6497 6549 6525 
3 6549 6522 6546 
3 6478 6502 6515 
3 6510 6515 6540 
3 6551 6504 6503 
3 6532 6518 6531 
3 6491 6533 6555 
3 6512 6485 6547 
3 6556 6524 6543 
3 6545 6541 6557 
3 6558 6533 6520 
3 6551 6503 6545 
3 6559 6521 6516 
3 6507 6499 6553 
3 6530 6552 6560 
3 6560 6534 6530 
3 6534 6560 6548 
3 6561 6512 6547 
3 6502 6537 6515 
3 6559 6516 6507 
3 6556 6531 6524 
3 6562 6549 6546 
3 6547 6491 6555 
3 6541 6509 6540 
3 6563 6564 6523 
3 6563 6521 6559 
3 6527 6511 6565 
3 6536 6565 6511 
3 6536 6512 6561 
3 6566 6526 6567 
3 6528 6506 6568 
3 6564 6568 6506 
3 6525 6554 6569 
3 6570 6571 6555 
3 6572 6515 6573 
3 6552 6517 6542 
3 6508 6525 6569 
3 6523 6521 6563 
3 6574 6532 6531 
3 6575 6547 6555 
3 6555 6571 6575 
3 6573 6515 6537 
3 6515 6572 6540 
3 6564 6506 6523 
3 6576 6543 6548 
3 6569 6539 6508 
3 6535 6519 6532 
3 6566 6544 6526 
3 6559 6577 6563 
3 6553 6559 6507 
3 6565 6578 6527 
3 6520 6535 6558 
3 6544 6579 6573 
3 6573 6537 6544 
3 6580 6550 6529 
3 6561 6581 6536 
3 6576 6556 6543 
3 6561 6547 6575 
3 6582 6583 6552 
3 6531 6556 6574 
3 6535 6532 6584 
3 6546 6578 6562 
3 6546 6527 6578 
3 6567 6526 6538 
3 6550 6567 6538 
3 6565 6536 6581 
3 6541 6540 6585 
3 6585 6557 6541 
3 6582 6542 6551 
3 6553 6586 6559 
3 6569 6587 6539 
3 6532 6574 6584 
3 6578 6565 6588 
3 6561 6589 6581 
3 6575 6589 6561 
3 6554 6590 6569 
3 6568 6564 6591 
3 6592 6591 6564 
3 6593 6551 6545 
3 6552 6583 6560 
3 6594 6553 6539 
3 6584 6595 6535 
3 6581 6588 6565 
3 6528 6568 6596 
3 6545 6597 6593 
3 6554 6549 6562 
3 6545 6557 6597 
3 6577 6592 6563 
3 6582 6552 6542 
3 6595 6558 6535 
3 6558 6570 6533 
3 6598 6568 6591 
3 6551 6593 6582 
3 6553 6594 6586 
3 6587 6569 6590 
3 6596 6580 6528 
3 6559 6586 6577 
3 6599 6560 6583 
3 6560 6599 6548 
3 6570 6555 6533 
3 6567 6550 6600 
3 6601 6584 6574 
3 6579 6544 6566 
3 6602 6566 6603 
3 6580 6600 6550 
3 6580 6529 6528 
3 6604 6557 6585 
3 6605 6554 6562 
3 6595 6584 6606 
3 6566 6602 6579 
3 6540 6572 6585 
3 6568 6598 6596 
3 6594 6539 6587 
3 6607 6576 6548 
3 6574 6556 6608 
3 6578 6609 6562 
3 6570 6558 6595 
3 6610 6573 6579 
3 6610 6572 6573 
3 6610 6611 6572 
3 6570 6595 6612 
3 6588 6581 6613 
3 6575 6614 6589 
3 6590 6554 6605 
3 6588 6615 6578 
3 6611 6585 6572 
3 6616 6592 6577 
3 6571 6614 6575 
3 6613 6581 6589 
3 6563 6592 6564 
3 6577 6617 6616 
3 6586 6617 6577 
3 6618 6605 6609 
3 6584 6601 6606 
3 6609 6578 6615 
3 6595 6606 6612 
3 6619 6593 6597 
3 6620 6582 6593 
3 6621 6586 6594 
3 6548 6599 6607 
3 6556 6576 6608 
3 6622 6588 6613 
3 6570 6623 6571 
3 6598 6624 6625 
3 6620 6593 6619 
3 6583 6582 6620 
3 6615 6588 6622 
3 6603 6566 6567 
3 6567 6600 6603 
3 6626 6600 6580 
3 6617 6627 6616 
3 6628 6599 6583 
3 6612 6623 6570 
3 6629 6604 6585 
3 6604 6597 6557 
3 6630 6597 6604 
3 6608 6576 6631 
3 6608 6601 6574 
3 6616 6624 6592 
3 6609 6605 6562 
3 6630 6619 6597 
3 6632 6628 6583 
3 6587 6633 6594 
3 6576 6607 6631 
3 6623 6614 6571 
3 6634 6598 6625 
3 6598 6634 6596 
3 6621 6594 6633 
3 6626 6635 6600 
3 6626 6580 6596 
3 6605 6636 6590 
3 6637 6610 6579 
3 6636 6605 6618 
3 6638 6611 6610 
3 6634 6626 6596 
3 6636 6587 6590 
3 6636 6618 6639 
3 6613 6589 6640 
3 6635 6603 6600 
3 6592 6624 6591 
3 6620 6632 6583 
3 6607 6599 6641 
3 6598 6591 6624 
3 6624 6616 6627 
3 6589 6614 6640 
3 6640 6642 6613 
3 6610 6637 6638 
3 6643 6620 6619 
3 6644 6631 6607 
3 6645 6609 6615 
3 6623 6646 6614 
3 6633 6587 6647 
3 6587 6636 6647 
3 6648 6608 6631 
3 6645 6649 6618 
3 6650 6606 6601 
3 6606 6651 6612 
3 6602 6637 6579 
3 6652 6653 6602 
3 6629 6585 6611 
3 6620 6643 6632 
3 6617 6586 6621 
3 6641 6599 6628 
3 6639 6618 6649 
3 6608 6648 6601 
3 6612 6654 6623 
3 6642 6622 6613 
3 6619 6655 6643 
3 6621 6633 6656 
3 6641 6644 6607 
3 6657 6645 6615 
3 6653 6637 6602 
3 6626 6634 6658 
3 6659 6630 6604 
3 6628 6632 6660 
3 6645 6618 6609 
3 6654 6612 6651 
3 6658 6635 6626 
3 6661 6627 6617 
3 6641 6628 6660 
3 6615 6622 6657 
3 6652 6602 6603 
3 6635 6652 6603 
3 6630 6662 6655 
3 6663 6625 6624 
3 6643 6664 6632 
3 6617 6621 6656 
3 6631 6665 6666 
3 6648 6631 6666 
3 6648 6650 6601 
3 6650 6651 6606 
3 6667 6654 6651 
3 6642 6657 6622 
3 6623 6668 6646 
3 6659 6604 6669 
3 6634 6670 6658 
3 6619 6630 6655 
3 6671 6644 6641 
3 6665 6631 6644 
3 6651 6650 6667 
3 6611 6638 6629 
3 6627 6663 6624 
3 6641 6660 6672 
3 6647 6673 6633 
3 6646 6640 6614 
3 6674 6638 6637 
3 6661 6617 6656 
3 6644 6671 6665 
3 6647 6639 6675 
3 6625 6670 6634 
3 6647 6636 6639 
3 6649 6676 6639 
3 6676 6649 6677 
3 6645 6677 6649 
3 6637 6653 6674 
3 6632 6664 6660 
3 6672 6671 6641 
3 6654 6668 6623 
3 6646 6678 6640 
3 6668 6679 6646 
3 6680 6625 6663 
3 6681 6643 6655 
3 6627 6661 6682 
3 6670 6625 6680 
3 6683 6661 6684 
3 6648 6685 6650 
3 6685 6648 6666 
3 6686 6674 6653 
3 6635 6687 6652 
3 6663 6627 6682 
3 6633 6673 6656 
3 6675 6673 6647 
3 6676 6675 6639 
3 6642 6688 6657 
3 6678 6646 6679 
3 6642 6640 6678 
3 6635 6658 6687 
3 6630 6659 6662 
3 6638 6674 6689 
3 6689 6629 6638 
3 6629 6689 6669 
3 6669 6604 6629 
3 6681 6664 6643 
3 6654 6667 6690 
3 6653 6652 6686 
3 6661 6683 6682 
3 6691 6664 6681 
3 6673 6684 6656 
3 6645 6657 6692 
3 6690 6668 6654 
3 6693 6668 6690 
3 6692 6657 6688 
3 6681 6655 6662 
3 6674 6686 6694 
3 6695 6681 6662 
3 6696 6660 6664 
3 6666 6697 6685 
3 6677 6698 6676 
3 6645 6692 6677 
3 6642 6699 6688 
3 6652 6700 6686 
3 6674 6694 6701 
3 6663 6682 6702 
3 6664 6691 6696 
3 6650 6703 6667 
3 6667 6703 6704 
3 6687 6700 6652 
3 6701 6689 6674 
3 6680 6705 6670 
3 6683 6706 6682 
3 6696 6707 6672 
3 6708 6658 6670 
3 6680 6702 6705 
3 6663 6702 6680 
3 6696 6672 6660 
3 6699 6642 6678 
3 6662 6659 6709 
3 6661 6656 6684 
3 6672 6710 6671 
3 6679 6668 6693 
3 6687 6658 6711 
3 6706 6683 6712 
3 6713 6691 6681 
3 6714 6673 6675 
3 6666 6665 6697 
3 6690 6667 6704 
3 6699 6715 6688 
3 6711 6658 6708 
3 6673 6714 6684 
3 6675 6676 6716 
3 6650 6685 6703 
3 6711 6700 6687 
3 6709 6695 6662 
3 6707 6710 6672 
3 6671 6717 6665 
3 6689 6718 6669 
3 6679 6719 6678 
3 6701 6718 6689 
3 6682 6706 6702 
3 6681 6695 6713 
3 6692 6720 6677 
3 6704 6703 6721 
3 6722 6686 6700 
3 6723 6709 6659 
3 6710 6717 6671 
3 6698 6677 6720 
3 6724 6703 6685 
3 6659 6669 6723 
3 6670 6705 6708 
3 6725 6726 6706 
3 6685 6697 6724 
3 6727 6679 6693 
3 6722 6694 6686 
3 6688 6728 6692 
3 6718 6723 6669 
3 6729 6676 6698 
3 6719 6699 6678 
3 6714 6675 6716 
3 6730 6693 6690 
3 6719 6679 6727 
3 6731 6705 6702 
3 6717 6697 6665 
3 6716 6676 6729 
3 6721 6703 6724 
3 6724 6732 6721 
3 6730 6733 6693 
3 6711 6708 6734 
3 6683 6684 6735 
3 6721 6736 6704 
3 6688 6715 6728 
3 6737 6700 6711 
3 6706 6726 6702 
3 6683 6735 6712 
3 6717 6738 6697 
3 6728 6720 6692 
3 6704 6730 6690 
3 6739 6734 6708 
3 6708 6705 6739 
3 6696 6691 6740 
3 6729 6698 6741 
3 6738 6724 6697 
3 6742 6709 6723 
3 6695 6709 6742 
3 6735 6684 6714 
3 6743 6701 6744 
3 6743 6718 6701 
3 6745 6723 6718 
3 6746 6715 6699 
3 6719 6746 6699 
3 6743 6745 6718 
3 6734 6739 6747 
3 6739 6705 6731 
3 6740 6707 6696 
3 6714 6716 6748 
3 6704 6749 6730 
3 6723 6745 6742 
3 6736 6721 6750 
3 6736 6749 6704 
3 6727 6693 6733 
3 6700 6737 6722 
3 6717 6710 6751 
3 6734 6737 6711 
3 6726 6731 6702 
3 6752 6753 6713 
3 6714 6748 6735 
3 6754 6716 6729 
3 6751 6738 6717 
3 6720 6741 6698 
3 6732 6724 6738 
3 6694 6722 6744 
3 6715 6755 6728 
3 6756 6733 6730 
3 6744 6701 6694 
3 6707 6757 6758 
3 6713 6753 6759 
3 6757 6707 6740 
3 6754 6729 6760 
3 6738 6751 6761 
3 6762 6744 6722 
3 6759 6691 6713 
3 6691 6759 6740 
3 6746 6763 6715 
3 6719 6727 6764 
3 6751 6710 6765 
3 6760 6729 6741 
3 6764 6727 6766 
3 6752 6695 6742 
3 6707 6758 6710 
3 6744 6767 6743 
3 6748 6768 6735 
3 6741 6720 6769 
3 6755 6715 6763 
3 6734 6770 6737 
3 6752 6713 6695 
3 6710 6758 6765 
3 6754 6748 6716 
3 6751 6765 6771 
3 6771 6761 6751 
3 6761 6732 6738 
3 6720 6728 6755 
3 6772 6745 6743 
3 6727 6733 6766 
3 6719 6764 6746 
3 6773 6740 6759 
3 6767 6744 6762 
3 6774 6762 6722 
3 6742 6775 6752 
3 6731 6726 6776 
3 6773 6757 6740 
3 6777 6746 6764 
3 6770 6734 6747 
3 6742 6745 6778 
3 6742 6778 6775 
3 6750 6721 6732 
3 6722 6737 6774 
3 6769 6720 6755 
3 6735 6779 6712 
3 6732 6761 6780 
3 6749 6756 6730 
3 6733 6756 6766 
3 6737 6770 6774 
3 6748 6754 6781 
3 6732 6780 6750 
3 6736 6750 6782 
3 6783 6776 6726 
3 6771 6784 6761 
3 6770 6785 6786 
3 6739 6787 6747 
3 6739 6731 6787 
3 6788 6757 6773 
3 6736 6782 6749 
3 6763 6746 6789 
3 6777 6789 6746 
3 6778 6745 6772 
3 6725 6712 6779 
3 6790 6771 6765 
3 6712 6725 6706 
3 6768 6748 6781 
3 6761 6784 6780 
3 6766 6777 6764 
3 6770 6747 6785 
3 6726 6725 6783 
3 6788 6758 6757 
3 6765 6791 6790 
3 6755 6792 6769 
3 6743 6767 6772 
3 6735 6768 6779 
3 6781 6793 6768 
3 6791 6765 6758 
3 6771 6790 6784 
3 6794 6750 6780 
3 6795 6777 6766 
3 6786 6774 6770 
3 6796 6785 6747 
3 6752 6775 6797 
3 6797 6753 6752 
3 6759 6753 6798 
3 6792 6755 6799 
3 6789 6799 6763 
3 6776 6787 6731 
3 6800 6769 6792 
3 6782 6750 6801 
3 6802 6775 6778 
3 6741 6769 6800 
3 6801 6750 6794 
3 6803 6777 6795 
3 6804 6787 6776 
3 6776 6783 6804 
3 6753 6797 6798 
3 6755 6763 6799 
3 6795 6766 6805 
3 6756 6805 6766 
3 6774 6786 6806 
3 6773 6759 6798 
3 6754 6760 6781 
3 6801 6807 6782 
3 6803 6789 6777 
3 6778 6808 6802 
3 6798 6797 6809 
3 6760 6810 6781 
3 6741 6811 6760 
3 6812 6756 6749 
3 6782 6807 6812 
3 6813 6767 6762 
3 6813 6814 6767 
3 6790 6815 6816 
3 6784 6790 6816 
3 6772 6767 6814 
3 6796 6787 6804 
3 6817 6818 6783 
3 6758 6788 6791 
3 6810 6760 6811 
3 6788 6819 6791 
3 6800 6811 6741 
3 6820 6799 6789 
3 6774 6806 6762 
3 6787 6796 6747 
3 6821 6804 6783 
3 6783 6818 6821 
3 6782 6812 6749 
3 6812 6822 6805 
3 6783 6725 6817 
3 6823 6788 6773 
3 6800 6792 6824 
3 6794 6825 6801 
3 6772 6808 6778 
3 6826 6796 6804 
3 6768 6793 6779 
3 6780 6784 6827 
3 6827 6794 6780 
3 6805 6756 6812 
3 6820 6789 6803 
3 6828 6829 6786 
3 6808 6772 6814 
3 6773 6798 6823 
3 6793 6830 6779 
3 6801 6825 6807 
3 6762 6806 6813 
3 6791 6819 6815 
3 6810 6831 6781 
3 6803 6832 6820 
3 6833 6834 6795 
3 6785 6828 6786 
3 6835 6797 6775 
3 6821 6826 6804 
3 6725 6779 6817 
3 6791 6815 6790 
3 6827 6784 6816 
3 6799 6820 6836 
3 6803 6795 6834 
3 6814 6813 6837 
3 6829 6806 6786 
3 6817 6779 6830 
3 6793 6781 6831 
3 6820 6832 6838 
3 6814 6837 6839 
3 6839 6808 6814 
3 6798 6840 6823 
3 6841 6788 6823 
3 6811 6800 6842 
3 6843 6794 6827 
3 6841 6819 6788 
3 6799 6836 6792 
3 6812 6807 6822 
3 6844 6822 6807 
3 6809 6840 6798 
3 6824 6842 6800 
3 6794 6843 6825 
3 6775 6802 6835 
3 6797 6835 6809 
3 6845 6809 6835 
3 6793 6846 6830 
3 6846 6793 6831 
3 6847 6815 6819 
3 6824 6792 6836 
3 6802 6808 6848 
3 6820 6838 6836 
3 6834 6849 6803 
3 6850 6806 6829 
3 6850 6813 6806 
3 6819 6841 6847 
3 6813 6850 6837 
3 6802 6848 6851 
3 6802 6851 6835 
3 6830 6852 6817 
3 6825 6843 6853 
3 6822 6833 6805 
3 6846 6854 6830 
3 6855 6831 6810 
3 6856 6827 6816 
3 6795 6805 6833 
3 6857 6828 6796 
3 6823 6858 6841 
3 6827 6856 6843 
3 6807 6825 6844 
3 6859 6829 6828 
3 6785 6796 6828 
3 6818 6817 6852 
3 6810 6811 6860 
3 6857 6859 6828 
3 6826 6821 6861 
3 6854 6852 6830 
3 6822 6862 6833 
3 6808 6839 6848 
3 6857 6796 6826 
3 6823 6840 6858 
3 6855 6810 6860 
3 6824 6836 6863 
3 6836 6838 6863 
3 6864 6844 6825 
3 6832 6803 6849 
3 6818 6865 6821 
3 6866 6818 6852 
3 6867 6858 6840 
3 6833 6868 6834 
3 6869 6816 6815 
3 6842 6860 6811 
3 6849 6834 6868 
3 6851 6845 6835 
3 6809 6870 6840 
3 6871 6841 6858 
3 6859 6872 6829 
3 6809 6845 6870 
3 6829 6872 6850 
3 6838 6873 6874 
3 6868 6833 6862 
3 6875 6837 6850 
3 6847 6841 6871 
3 6869 6856 6816 
3 6844 6876 6822 
3 6850 6872 6877 
3 6878 6839 6879 
3 6839 6878 6848 
3 6845 6880 6870 
3 6881 6842 6824 
3 6882 6853 6843 
3 6876 6862 6822 
3 6850 6877 6875 
3 6866 6865 6818 
3 6840 6870 6867 
3 6843 6856 6882 
3 6853 6864 6825 
3 6868 6883 6849 
3 6837 6879 6839 
3 6866 6852 6854 
3 6884 6856 6869 
3 6874 6863 6838 
3 6885 6859 6857 
3 6826 6886 6857 
3 6865 6861 6821 
3 6863 6881 6824 
3 6887 6862 6876 
3 6870 6880 6867 
3 6815 6847 6888 
3 6815 6888 6869 
3 6889 6855 6860 
3 6883 6868 6890 
3 6837 6875 6879 
3 6891 6877 6872 
3 6859 6891 6872 
3 6851 6848 6892 
3 6893 6846 6855 
3 6862 6890 6868 
3 6894 6832 6849 
3 6857 6886 6885 
3 6846 6831 6855 
3 6842 6895 6860 
3 6895 6842 6881 
3 6882 6896 6853 
3 6851 6897 6845 
3 6826 6861 6886 
3 6869 6898 6884 
3 6888 6898 6869 
3 6856 6884 6882 
3 6864 6853 6899 
3 6890 6862 6887 
3 6891 6859 6885 
3 6866 6900 6865 
3 6901 6867 6880 
3 6884 6902 6882 
3 6864 6899 6903 
3 6897 6851 6892 
3 6845 6897 6880 
3 6866 6904 6900 
3 6838 6832 6873 
3 6849 6905 6894 
3 6878 6906 6907 
3 6892 6848 6878 
3 6861 6865 6908 
3 6901 6909 6867 
3 6863 6874 6910 
3 6876 6844 6903 
3 6876 6911 6887 
3 6867 6909 6858 
3 6846 6912 6854 
3 6913 6888 6847 
3 6914 6898 6888 
3 6896 6882 6902 
3 6853 6896 6899 
3 6864 6903 6844 
3 6876 6903 6911 
3 6883 6905 6849 
3 6865 6900 6908 
3 6915 6871 6909 
3 6893 6912 6846 
3 6889 6860 6895 
3 6916 6903 6899 
3 6894 6873 6832 
3 6907 6892 6878 
3 6847 6871 6913 
3 6902 6884 6917 
3 6881 6863 6910 
3 6884 6898 6917 
3 6877 6891 6918 
3 6909 6871 6858 
3 6919 6912 6893 
3 6877 6918 6875 
3 6885 6920 6891 
3 6866 6854 6904 
3 6875 6918 6921 
3 6921 6879 6875 
3 6904 6854 6912 
3 6893 6855 6889 
3 6885 6886 6922 
3 6861 6923 6886 
3 6908 6923 6861 
3 6889 6895 6924 
3 6924 6895 6925 
3 6881 6925 6895 
3 6910 6925 6881 
3 6926 6874 6873 
3 6927 6887 6911 
3 6913 6914 6888 
3 6910 6874 6926 
3 6928 6911 6903 
3 6929 6930 6883 
3 6905 6883 6930 
3 6879 6921 6906 
3 6871 6915 6913 
3 6887 6927 6890 
3 6906 6878 6879 
3 6931 6901 6880 
3 6932 6933 6902 
3 6934 6897 6892 
3 6935 6909 6901 
3 6889 6936 6893 
3 6937 6925 6910 
3 6938 6905 6930 
3 6892 6907 6934 
3 6923 6908 6939 
3 6936 6889 6924 
3 6896 6902 6933 
3 6896 6940 6899 
3 6894 6941 6873 
3 6894 6905 6938 
3 6942 6897 6934 
3 6923 6922 6886 
3 6898 6914 6943 
3 6944 6945 6920 
3 6942 6880 6897 
3 6899 6940 6916 
3 6941 6926 6873 
3 6946 6918 6891 
3 6900 6947 6908 
3 6898 6943 6917 
3 6925 6948 6924 
3 6940 6896 6933 
3 6920 6946 6891 
3 6939 6908 6947 
3 6910 6926 6937 
3 6941 6894 6938 
3 6935 6915 6909 
3 6903 6916 6928 
3 6949 6911 6928 
3 6950 6918 6946 
3 6880 6942 6931 
3 6904 6947 6900 
3 6883 6890 6929 
3 6949 6927 6911 
3 6950 6921 6918 
3 6951 6922 6923 
3 6952 6913 6915 
3 6921 6950 6953 
3 6921 6953 6906 
3 6922 6920 6885 
3 6936 6919 6893 
3 6916 6954 6955 
3 6927 6929 6890 
3 6951 6923 6939 
3 6931 6956 6901 
3 6956 6935 6901 
3 6947 6904 6957 
3 6937 6926 6958 
3 6907 6959 6934 
3 6945 6946 6920 
3 6912 6957 6904 
3 6960 6915 6935 
3 6913 6961 6914 
3 6902 6917 6932 
3 6962 6959 6907 
3 6925 6937 6963 
3 6906 6962 6907 
3 6961 6913 6952 
3 6961 6943 6914 
3 6924 6964 6936 
3 6917 6943 6932 
3 6929 6927 6965 
3 6952 6915 6960 
3 6925 6963 6948 
3 6941 6958 6926 
3 6966 6928 6955 
3 6965 6927 6949 
3 6947 6957 6967 
3 6948 6964 6924 
3 6968 6957 6919 
3 6919 6957 6912 
3 6928 6916 6955 
3 6966 6949 6928 
3 6953 6962 6906 
3 6951 6944 6922 
3 6931 6942 6969 
3 6970 6960 6956 
3 6919 6936 6971 
3 6964 6971 6936 
3 6956 6960 6935 
3 6961 6952 6972 
3 6932 6943 6973 
3 6933 6974 6975 
3 6963 6937 6976 
3 6938 6977 6941 
3 6978 6942 6934 
3 6979 6939 6947 
3 6943 6980 6973 
3 6958 6941 6977 
3 6961 6980 6943 
3 6933 6975 6940 
3 6929 6981 6930 
3 6982 6949 6966 
3 6959 6978 6934 
3 6942 6978 6969 
3 6947 6967 6979 
3 6960 6970 6983 
3 6983 6952 6960 
3 6968 6971 6984 
3 6963 6985 6948 
3 6938 6986 6977 
3 6986 6938 6930 
3 6965 6949 6982 
3 6987 6950 6946 
3 6974 6932 6973 
3 6920 6922 6944 
3 6964 6948 6985 
3 6965 6981 6929 
3 6987 6946 6945 
3 6951 6988 6944 
3 6989 6970 6956 
3 6932 6974 6933 
3 6986 6930 6981 
3 6931 6969 6989 
3 6989 6956 6931 
3 6937 6958 6976 
3 6966 6955 6990 
3 6959 6991 6992 
3 6992 6978 6959 
3 6993 6944 6988 
3 6939 6988 6951 
3 6985 6994 6964 
3 6953 6950 6995 
3 6996 6962 6953 
3 6995 6950 6987 
3 6967 6968 6997 
3 6967 6957 6968 
3 6968 6919 6971 
3 6972 6998 6980 
3 6999 6976 6958 
3 6984 6997 6968 
3 6980 6961 6972 
3 6994 7000 6971 
3 6994 6971 6964 
3 6985 6963 7001 
3 6962 6991 6959 
3 7002 6972 6952 
3 6993 7003 6945 
3 6979 6967 6997 
3 7003 6987 6945 
3 6979 7004 6939 
3 6975 6954 6940 
3 6965 7005 6981 
3 6982 6966 7006 
3 7007 6997 6984 
3 7008 6974 6973 
3 6916 6940 6954 
3 6990 6955 7009 
3 6986 7010 6977 
3 6982 7011 6965 
3 6978 6992 7012 
3 7004 6988 6939 
3 6984 6971 7000 
3 7008 6973 7013 
3 6966 6990 7006 
3 7012 6969 6978 
3 6983 7002 6952 
3 7014 6984 7000 
3 6980 7013 6973 
3 6955 6954 7009 
3 6976 7001 6963 
3 6954 6975 7015 
3 6958 6977 7016 
3 7006 7017 6982 
3 6945 6944 6993 
3 6958 7016 6999 
3 6995 6987 7018 
3 6962 6996 6991 
3 7019 6989 6969 
3 6990 7020 7021 
3 7022 7010 6986 
3 7005 6965 7011 
3 6995 6996 6953 
3 7003 7018 6987 
3 6991 7023 6992 
3 7019 7024 6989 
3 7004 7025 6988 
3 7013 6980 6998 
3 7026 6974 7008 
3 6990 7021 7006 
3 6986 6981 7022 
3 7025 6993 6988 
3 6979 7027 7004 
3 6989 7024 6970 
3 7027 6979 6997 
3 6976 7028 7001 
3 7015 7009 6954 
3 7011 6982 7017 
3 6991 6996 7029 
3 7023 7012 6992 
3 7030 7004 7027 
3 7031 6983 6970 
3 6994 6985 7032 
3 7001 7032 6985 
3 7032 7001 7033 
3 7034 7015 6975 
3 7016 7010 7035 
3 6977 7010 7016 
3 7036 6996 6995 
3 6991 7029 7023 
3 6969 7012 7019 
3 7025 7004 7030 
3 7018 7036 6995 
3 6974 7034 6975 
3 6976 6999 7028 
3 7020 6990 7009 
3 7022 7037 7010 
3 7005 7022 6981 
3 7027 7007 7038 
3 7039 6998 7002 
3 6993 7040 7003 
3 7025 7041 6993 
3 7007 7027 6997 
3 6983 7031 7042 
3 7042 7002 6983 
3 7002 6998 6972 
3 6974 7026 7034 
3 7043 6999 7016 
3 7039 7002 7042 
3 7044 7008 7013 
3 7006 7045 7017 
3 7029 6996 7036 
3 7024 7031 6970 
3 7043 7046 7028 
3 7028 6999 7043 
3 7007 6984 7014 
3 7033 7001 7028 
3 7011 7047 7005 
3 7047 7011 7017 
3 7025 7048 7041 
3 7049 7031 7024 
3 7008 7050 7026 
3 7051 7015 7034 
3 7005 7052 7022 
3 7052 7005 7047 
3 7045 7053 7017 
3 7054 7036 7018 
3 7019 7012 7055 
3 7032 7056 6994 
3 7057 7034 7026 
3 7033 7028 7046 
3 7015 7051 7058 
3 7021 7045 7006 
3 7059 7054 7018 
3 7003 7059 7018 
3 7054 7060 7036 
3 7025 7030 7048 
3 7031 7049 7061 
3 6998 7039 7062 
3 7000 6994 7056 
3 7029 7063 7023 
3 7056 7032 7064 
3 7050 7057 7026 
3 7015 7058 7009 
3 7058 7020 7009 
3 7035 7043 7016 
3 7047 7017 7053 
3 7040 6993 7041 
3 7014 7000 7065 
3 7062 7013 6998 
3 7044 7013 7062 
3 7057 7051 7034 
3 7010 7037 7035 
3 7059 7003 7040 
3 7060 7063 7029 
3 7066 7041 7048 
3 7067 7024 7019 
3 7027 7038 7068 
3 7033 7064 7032 
3 7035 7069 7070 
3 7061 7042 7031 
3 7065 7000 7056 
3 7071 7072 7040 
3 7049 7024 7073 
3 7060 7029 7036 
3 7012 7023 7055 
3 7043 7035 7070 
3 7023 7063 7074 
3 7023 7074 7055 
3 7019 7055 7067 
3 7030 7027 7068 
3 7061 7049 7075 
3 7076 7039 7042 
3 7064 7033 7077 
3 7051 7078 7058 
3 7030 7068 7079 
3 7057 7080 7051 
3 7048 7030 7079 
3 7046 7043 7081 
3 7058 7082 7020 
3 7053 7083 7047 
3 7014 7038 7007 
3 7039 7084 7062 
3 7047 7085 7052 
3 7022 7086 7037 
3 7087 7053 7045 
3 7059 7088 7054 
3 7089 7090 7074 
3 7049 7073 7075 
3 7035 7037 7069 
3 7069 7037 7091 
3 7092 7021 7020 
3 7072 7059 7040 
3 7062 7084 7093 
3 7056 7064 7094 
3 7095 7050 7044 
3 7052 7086 7022 
3 7060 7054 7096 
3 7071 7041 7066 
3 7067 7055 7090 
3 7097 7068 7038 
3 7014 7098 7038 
3 7044 7050 7008 
3 7078 7082 7058 
3 7053 7087 7083 
3 7071 7040 7041 
3 7076 7042 7061 
3 7014 7065 7098 
3 7093 7044 7062 
3 7099 7046 7081 
3 7070 7081 7043 
3 7054 7088 7096 
3 7100 7063 7060 
3 7084 7039 7076 
3 7050 7101 7102 
3 7090 7055 7074 
3 7067 7073 7024 
3 7097 7038 7098 
3 7056 7094 7065 
3 7102 7057 7050 
3 7046 7077 7033 
3 7080 7078 7051 
3 7091 7037 7086 
3 7047 7083 7085 
3 7094 7103 7065 
3 7077 7104 7064 
3 7077 7046 7099 
3 7087 7045 7105 
3 7092 7020 7082 
3 7045 7021 7092 
3 7103 7098 7065 
3 7086 7052 7085 
3 7080 7057 7102 
3 7045 7092 7105 
3 7088 7059 7072 
3 7063 7106 7074 
3 7107 7073 7067 
3 7104 7094 7064 
3 7082 7108 7092 
3 7089 7074 7106 
3 7071 7109 7072 
3 7070 7069 7110 
3 7111 7108 7082 
3 7097 7112 7079 
3 7095 7093 7113 
3 7110 7081 7070 
3 7078 7111 7082 
3 7085 7114 7086 
3 7115 7116 7087 
3 7117 7088 7072 
3 7063 7100 7106 
3 7066 7109 7071 
3 7066 7048 7118 
3 7119 7075 7073 
3 7093 7095 7044 
3 7120 7099 7081 
3 7116 7083 7087 
3 7121 7122 7113 
3 7123 7077 7099 
3 7086 7114 7091 
3 7096 7100 7060 
3 7124 7090 7089 
3 7067 7090 7107 
3 7103 7125 7098 
3 7102 7126 7080 
3 7120 7081 7110 
3 7101 7050 7095 
3 7107 7119 7073 
3 7127 7076 7061 
3 7095 7113 7101 
3 7123 7099 7128 
3 7108 7129 7092 
3 7130 7096 7088 
3 7090 7124 7107 
3 7066 7131 7109 
3 7061 7075 7127 
3 7111 7078 7132 
3 7097 7079 7068 
3 7133 7127 7075 
3 7121 7093 7084 
3 7094 7134 7103 
3 7077 7123 7104 
3 7109 7117 7072 
3 7079 7118 7048 
3 7101 7135 7102 
3 7128 7099 7120 
3 7136 7103 7134 
3 7126 7102 7135 
3 7080 7132 7078 
3 7137 7100 7096 
3 7138 7076 7127 
3 7093 7121 7113 
3 7134 7094 7104 
3 7101 7139 7135 
3 7110 7069 7140 
3 7091 7140 7069 
3 7111 7141 7108 
3 7115 7087 7105 
3 7129 7105 7092 
3 7138 7121 7084 
3 7142 7118 7112 
3 7112 7118 7079 
3 7125 7097 7098 
3 7139 7101 7113 
3 7132 7080 7126 
3 7143 7144 7114 
3 7114 7085 7143 
3 7145 7140 7091 
3 7146 7119 7147 
3 7148 7127 7149 
3 7076 7138 7084 
3 7143 7085 7083 
3 7091 7114 7145 
3 7117 7150 7151 
3 7119 7146 7133 
3 7133 7075 7119 
3 7148 7138 7127 
3 7140 7152 7110 
3 7145 7114 7144 
3 7125 7103 7136 
3 7108 7141 7129 
3 7141 7153 7129 
3 7128 7120 7154 
3 7152 7154 7120 
3 7155 7105 7129 
3 7137 7156 7100 
3 7134 7104 7157 
3 7123 7157 7104 
3 7122 7139 7113 
3 7158 7129 7153 
3 7156 7106 7100 
3 7143 7116 7159 
3 7141 7160 7161 
3 7126 7162 7132 
3 7120 7110 7152 
3 7163 7089 7106 
3 7149 7127 7133 
3 7135 7164 7126 
3 7129 7158 7155 
3 7089 7163 7124 
3 7107 7147 7119 
3 7143 7083 7116 
3 7155 7115 7105 
3 7137 7096 7130 
3 7165 7122 7121 
3 7166 7134 7157 
3 7160 7111 7132 
3 7160 7141 7111 
3 7161 7153 7141 
3 7163 7156 7167 
3 7107 7124 7147 
3 7121 7138 7168 
3 7166 7169 7136 
3 7145 7170 7140 
3 7130 7117 7151 
3 7137 7130 7171 
3 7137 7172 7156 
3 7149 7133 7146 
3 7173 7097 7125 
3 7174 7125 7136 
3 7148 7175 7168 
3 7174 7136 7169 
3 7128 7176 7123 
3 7170 7145 7177 
3 7178 7149 7146 
3 7162 7126 7164 
3 7159 7116 7179 
3 7179 7116 7115 
3 7130 7088 7117 
3 7106 7156 7163 
3 7180 7147 7124 
3 7131 7066 7118 
3 7097 7173 7112 
3 7148 7168 7138 
3 7121 7168 7165 
3 7157 7123 7176 
3 7143 7181 7144 
3 7155 7182 7115 
3 7180 7124 7163 
3 7183 7131 7142 
3 7146 7147 7184 
3 7140 7170 7152 
3 7159 7181 7143 
3 7158 7182 7155 
3 7185 7180 7163 
3 7142 7131 7118 
3 7186 7148 7149 
3 7161 7187 7188 
3 7179 7182 7189 
3 7167 7156 7172 
3 7112 7190 7142 
3 7136 7134 7166 
3 7132 7162 7160 
3 7159 7179 7191 
3 7144 7177 7145 
3 7153 7161 7192 
3 7177 7144 7193 
3 7159 7191 7181 
3 7191 7179 7194 
3 7117 7109 7150 
3 7195 7173 7174 
3 7174 7173 7125 
3 7166 7196 7197 
3 7198 7164 7135 
3 7170 7199 7152 
3 7193 7144 7181 
3 7200 7171 7151 
3 7150 7109 7131 
3 7190 7183 7142 
3 7166 7157 7196 
3 7122 7201 7139 
3 7173 7190 7112 
3 7168 7202 7165 
3 7176 7196 7157 
3 7192 7161 7203 
3 7204 7153 7192 
3 7137 7171 7172 
3 7163 7167 7185 
3 7131 7183 7205 
3 7147 7180 7206 
3 7186 7175 7148 
3 7165 7201 7122 
3 7196 7176 7207 
3 7139 7198 7135 
3 7199 7154 7152 
3 7170 7177 7208 
3 7130 7151 7171 
3 7209 7207 7176 
3 7164 7198 7210 
3 7187 7160 7162 
3 7170 7208 7199 
3 7150 7131 7205 
3 7147 7206 7184 
3 7210 7162 7164 
3 7154 7209 7128 
3 7193 7211 7177 
3 7212 7186 7178 
3 7168 7175 7202 
3 7165 7202 7213 
3 7188 7203 7161 
3 7187 7161 7160 
3 7179 7115 7182 
3 7151 7150 7214 
3 7190 7195 7215 
3 7213 7201 7165 
3 7128 7209 7176 
3 7216 7199 7208 
3 7191 7217 7181 
3 7182 7158 7218 
3 7219 7203 7188 
3 7205 7214 7150 
3 7190 7220 7183 
3 7190 7173 7195 
3 7201 7198 7139 
3 7154 7221 7209 
3 7162 7210 7222 
3 7217 7193 7181 
3 7204 7158 7153 
3 7223 7172 7171 
3 7175 7186 7224 
3 7224 7202 7175 
3 7225 7169 7166 
3 7207 7226 7196 
3 7171 7200 7223 
3 7214 7205 7227 
3 7197 7196 7226 
3 7199 7221 7154 
3 7221 7199 7216 
3 7187 7228 7188 
3 7229 7201 7213 
3 7180 7185 7230 
3 7146 7184 7178 
3 7178 7186 7149 
3 7212 7224 7186 
3 7169 7231 7174 
3 7207 7209 7232 
3 7187 7222 7228 
3 7151 7214 7200 
3 7167 7233 7234 
3 7174 7231 7195 
3 7235 7201 7229 
3 7210 7198 7236 
3 7221 7232 7209 
3 7211 7208 7177 
3 7237 7219 7188 
3 7218 7158 7204 
3 7203 7219 7238 
3 7185 7167 7234 
3 7239 7205 7183 
3 7198 7201 7235 
3 7228 7237 7188 
3 7203 7240 7192 
3 7237 7241 7242 
3 7239 7183 7220 
3 7162 7222 7187 
3 7193 7243 7211 
3 7243 7193 7217 
3 7240 7244 7204 
3 7245 7242 7241 
3 7238 7219 7242 
3 7212 7178 7246 
3 7195 7231 7215 
3 7231 7169 7225 
3 7210 7236 7247 
3 7210 7247 7222 
3 7179 7189 7194 
3 7219 7237 7242 
3 7182 7218 7189 
3 7204 7192 7240 
3 7248 7223 7200 
3 7234 7230 7185 
3 7215 7220 7190 
3 7226 7249 7197 
3 7235 7236 7198 
3 7250 7245 7241 
3 7238 7240 7203 
3 7238 7242 7251 
3 7180 7230 7206 
3 7197 7225 7166 
3 7249 7226 7252 
3 7247 7253 7222 
3 7254 7189 7218 
3 7218 7255 7254 
3 7205 7239 7227 
3 7184 7246 7178 
3 7252 7226 7256 
3 7245 7250 7257 
3 7240 7238 7258 
3 7259 7200 7214 
3 7233 7172 7223 
3 7260 7184 7206 
3 7222 7253 7228 
3 7255 7218 7204 
3 7204 7244 7255 
3 7261 7242 7245 
3 7233 7167 7172 
3 7200 7259 7248 
3 7184 7260 7246 
3 7249 7262 7197 
3 7263 7208 7211 
3 7217 7191 7264 
3 7225 7265 7231 
3 7266 7237 7228 
3 7241 7237 7266 
3 7194 7189 7267 
3 7258 7238 7251 
3 7251 7242 7261 
3 7234 7233 7268 
3 7206 7269 7260 
3 7216 7208 7263 
3 7270 7223 7248 
3 7227 7259 7214 
3 7206 7230 7269 
3 7271 7224 7212 
3 7225 7197 7262 
3 7272 7211 7243 
3 7240 7258 7244 
3 7261 7245 7273 
3 7233 7223 7270 
3 7212 7274 7271 
3 7231 7275 7215 
3 7263 7211 7272 
3 7239 7276 7227 
3 7226 7207 7256 
3 7236 7277 7247 
3 7243 7217 7278 
3 7278 7217 7264 
3 7258 7279 7244 
3 7245 7280 7273 
3 7281 7276 7239 
3 7220 7281 7239 
3 7224 7271 7282 
3 7224 7282 7283 
3 7265 7275 7231 
3 7213 7283 7284 
3 7232 7256 7207 
3 7254 7267 7189 
3 7285 7270 7248 
3 7213 7284 7229 
3 7277 7236 7235 
3 7253 7266 7228 
3 7264 7191 7194 
3 7255 7286 7254 
3 7287 7230 7234 
3 7283 7202 7224 
3 7288 7277 7235 
3 7289 7250 7241 
3 7261 7290 7251 
3 7248 7259 7291 
3 7215 7292 7220 
3 7229 7284 7293 
3 7229 7288 7235 
3 7256 7232 7294 
3 7221 7295 7232 
3 7289 7241 7266 
3 7296 7267 7254 
3 7297 7259 7227 
3 7252 7298 7249 
3 7216 7295 7221 
3 7244 7299 7255 
3 7250 7300 7257 
3 7230 7287 7269 
3 7275 7292 7215 
3 7216 7263 7301 
3 7278 7302 7243 
3 7299 7286 7255 
3 7261 7273 7290 
3 7248 7291 7285 
3 7202 7283 7213 
3 7229 7293 7288 
3 7295 7216 7301 
3 7233 7270 7268 
3 7297 7227 7276 
3 7246 7274 7212 
3 7251 7303 7258 
3 7257 7280 7245 
3 7246 7260 7304 
3 7262 7265 7225 
3 7262 7249 7305 
3 7291 7259 7297 
3 7277 7306 7307 
3 7308 7309 7264 
3 7257 7300 7310 
3 7311 7280 7257 
3 7269 7312 7260 
3 7289 7266 7313 
3 7272 7243 7302 
3 7289 7314 7250 
3 7257 7310 7311 
3 7270 7285 7315 
3 7316 7287 7234 
3 7317 7269 7287 
3 7275 7265 7318 
3 7319 7247 7277 
3 7247 7319 7253 
3 7301 7320 7295 
3 7300 7250 7314 
3 7296 7254 7286 
3 7299 7244 7279 
3 7317 7312 7269 
3 7281 7220 7292 
3 7265 7262 7321 
3 7313 7266 7253 
3 7286 7299 7322 
3 7290 7273 7323 
3 7246 7304 7274 
3 7277 7307 7319 
3 7272 7324 7263 
3 7314 7289 7325 
3 7311 7310 7326 
3 7290 7303 7251 
3 7315 7268 7270 
3 7292 7275 7327 
3 7328 7282 7271 
3 7283 7329 7284 
3 7256 7330 7252 
3 7331 7302 7278 
3 7314 7332 7300 
3 7333 7310 7300 
3 7334 7293 7284 
3 7313 7325 7289 
3 7302 7335 7272 
3 7267 7308 7194 
3 7326 7310 7336 
3 7311 7326 7337 
3 7311 7338 7280 
3 7271 7274 7328 
3 7321 7318 7265 
3 7262 7305 7321 
3 7305 7249 7298 
3 7288 7293 7306 
3 7295 7294 7232 
3 7294 7295 7320 
3 7339 7308 7267 
3 7310 7333 7336 
3 7234 7268 7316 
3 7327 7275 7318 
3 7330 7256 7294 
3 7194 7308 7264 
3 7273 7280 7338 
3 7291 7340 7285 
3 7291 7297 7341 
3 7287 7316 7317 
3 7304 7312 7342 
3 7298 7252 7330 
3 7319 7343 7313 
3 7301 7263 7324 
3 7333 7300 7332 
3 7342 7344 7304 
3 7345 7293 7334 
3 7288 7306 7277 
3 7253 7319 7313 
3 7296 7339 7267 
3 7286 7346 7296 
3 7322 7346 7286 
3 7279 7258 7303 
3 7323 7347 7290 
3 7337 7338 7311 
3 7348 7268 7315 
3 7349 7341 7297 
3 7350 7321 7305 
3 7284 7329 7334 
3 7351 7320 7301 
3 7325 7352 7314 
3 7332 7314 7352 
3 7278 7264 7309 
3 7285 7353 7315 
3 7297 7276 7349 
3 7293 7345 7306 
3 7330 7354 7355 
3 7356 7299 7279 
3 7341 7340 7291 
3 7321 7357 7318 
3 7357 7321 7350 
3 7294 7320 7354 
3 7313 7343 7325 
3 7335 7324 7272 
3 7358 7336 7333 
3 7290 7347 7303 
3 7359 7312 7317 
3 7260 7312 7304 
3 7324 7351 7301 
3 7309 7331 7278 
3 7360 7281 7361 
3 7361 7292 7327 
3 7329 7283 7282 
3 7319 7307 7343 
3 7299 7356 7322 
3 7279 7362 7356 
3 7338 7323 7273 
3 7363 7364 7328 
3 7364 7282 7328 
3 7364 7329 7282 
3 7330 7294 7354 
3 7325 7343 7365 
3 7331 7309 7366 
3 7303 7362 7279 
3 7316 7268 7348 
3 7367 7317 7316 
3 7276 7281 7360 
3 7344 7274 7304 
3 7328 7368 7363 
3 7339 7296 7346 
3 7347 7369 7303 
3 7348 7315 7370 
3 7361 7281 7292 
3 7335 7302 7331 
3 7371 7339 7372 
3 7338 7373 7323 
3 7316 7348 7367 
3 7349 7360 7374 
3 7368 7274 7344 
3 7306 7375 7307 
3 7332 7376 7333 
3 7308 7371 7309 
3 7377 7373 7338 
3 7333 7376 7358 
3 7339 7371 7308 
3 7367 7359 7317 
3 7312 7359 7342 
3 7334 7329 7378 
3 7379 7345 7334 
3 7352 7325 7365 
3 7380 7332 7352 
3 7381 7340 7341 
3 7382 7344 7342 
3 7368 7328 7274 
3 7363 7383 7364 
3 7329 7364 7378 
3 7345 7375 7306 
3 7354 7320 7384 
3 7384 7320 7351 
3 7385 7386 7335 
3 7346 7372 7339 
3 7303 7369 7362 
3 7323 7387 7347 
3 7318 7357 7327 
3 7350 7305 7388 
3 7371 7366 7309 
3 7360 7349 7276 
3 7350 7388 7389 
3 7298 7388 7305 
3 7330 7390 7298 
3 7335 7386 7391 
3 7356 7362 7392 
3 7381 7341 7393 
3 7394 7367 7395 
3 7359 7396 7342 
3 7355 7390 7330 
3 7397 7343 7307 
3 7380 7352 7398 
3 7332 7380 7376 
3 7356 7399 7322 
3 7338 7337 7377 
3 7342 7396 7382 
3 7334 7378 7379 
3 7366 7385 7331 
3 7373 7387 7323 
3 7353 7285 7340 
3 7367 7348 7395 
3 7367 7400 7359 
3 7361 7374 7360 
3 7388 7298 7390 
3 7307 7375 7397 
3 7401 7355 7354 
3 7397 7402 7365 
3 7398 7352 7365 
3 7335 7331 7385 
3 7371 7403 7366 
3 7404 7336 7358 
3 7336 7405 7326 
3 7363 7406 7383 
3 7364 7383 7378 
3 7365 7343 7397 
3 7326 7407 7337 
3 7337 7407 7377 
3 7315 7353 7370 
3 7374 7393 7349 
3 7374 7361 7408 
3 7363 7368 7406 
3 7402 7398 7365 
3 7324 7335 7391 
3 7322 7409 7346 
3 7407 7326 7405 
3 7387 7410 7347 
3 7370 7395 7348 
3 7349 7393 7341 
3 7344 7411 7368 
3 7347 7410 7369 
3 7380 7398 7412 
3 7372 7403 7371 
3 7336 7404 7405 
3 7413 7373 7377 
3 7340 7381 7414 
3 7395 7370 7415 
3 7416 7357 7417 
3 7418 7375 7345 
3 7351 7391 7419 
3 7409 7372 7346 
3 7399 7356 7392 
3 7414 7353 7340 
3 7357 7420 7327 
3 7388 7421 7389 
3 7422 7397 7375 
3 7392 7362 7423 
3 7405 7424 7407 
3 7425 7413 7377 
3 7411 7406 7368 
3 7357 7350 7417 
3 7422 7402 7397 
3 7423 7362 7369 
3 7417 7350 7389 
3 7426 7345 7379 
3 7390 7355 7427 
3 7404 7358 7428 
3 7409 7322 7399 
3 7429 7369 7410 
3 7394 7400 7367 
3 7327 7420 7361 
3 7390 7421 7388 
3 7421 7390 7427 
3 7402 7430 7398 
3 7431 7376 7380 
3 7396 7359 7400 
3 7374 7408 7432 
3 7345 7426 7418 
3 7391 7351 7324 
3 7366 7433 7385 
3 7433 7366 7403 
3 7434 7403 7372 
3 7370 7435 7415 
3 7436 7381 7393 
3 7416 7420 7357 
3 7375 7418 7422 
3 7402 7422 7437 
3 7404 7438 7405 
3 7392 7423 7439 
3 7405 7438 7424 
3 7423 7369 7429 
3 7373 7440 7387 
3 7353 7435 7370 
3 7393 7374 7432 
3 7441 7406 7411 
3 7402 7437 7430 
3 7376 7442 7358 
3 7409 7434 7372 
3 7435 7353 7414 
3 7443 7436 7432 
3 7344 7382 7411 
3 7384 7351 7444 
3 7412 7398 7430 
3 7385 7445 7386 
3 7442 7428 7358 
3 7396 7400 7446 
3 7408 7361 7420 
3 7447 7383 7406 
3 7448 7379 7378 
3 7419 7386 7449 
3 7386 7419 7391 
3 7446 7400 7450 
3 7406 7441 7447 
3 7419 7444 7351 
3 7425 7407 7424 
3 7410 7451 7452 
3 7440 7373 7413 
3 7448 7426 7379 
3 7409 7399 7453 
3 7453 7399 7454 
3 7404 7428 7438 
3 7425 7377 7407 
3 7420 7416 7455 
3 7378 7383 7456 
3 7389 7457 7417 
3 7431 7442 7376 
3 7445 7385 7433 
3 7392 7454 7399 
3 7458 7395 7415 
3 7400 7394 7450 
3 7378 7456 7448 
3 7459 7418 7426 
3 7460 7422 7418 
3 7401 7354 7384 
3 7412 7431 7380 
3 7454 7392 7439 
3 7458 7394 7395 
3 7432 7436 7393 
3 7383 7447 7461 
3 7427 7355 7401 
3 7419 7462 7444 
3 7463 7438 7428 
3 7452 7429 7410 
3 7382 7396 7446 
3 7383 7461 7456 
3 7433 7403 7464 
3 7465 7466 7416 
3 7467 7426 7448 
3 7426 7467 7459 
3 7468 7414 7381 
3 7415 7469 7458 
3 7382 7470 7411 
3 7471 7457 7389 
3 7449 7462 7419 
3 7433 7472 7445 
3 7434 7409 7453 
3 7429 7473 7423 
3 7436 7468 7381 
3 7455 7408 7420 
3 7444 7474 7384 
3 7430 7475 7412 
3 7412 7475 7431 
3 7445 7449 7386 
3 7425 7476 7413 
3 7421 7427 7477 
3 7474 7401 7384 
3 7428 7442 7478 
3 7472 7433 7464 
3 7479 7403 7434 
3 7478 7463 7428 
3 7480 7424 7438 
3 7481 7473 7429 
3 7460 7418 7459 
3 7442 7431 7482 
3 7434 7453 7483 
3 7439 7484 7454 
3 7438 7463 7480 
3 7485 7408 7455 
3 7465 7417 7457 
3 7477 7471 7421 
3 7482 7431 7475 
3 7483 7453 7486 
3 7453 7454 7486 
3 7387 7451 7410 
3 7440 7451 7387 
3 7487 7414 7468 
3 7488 7394 7458 
3 7382 7446 7470 
3 7465 7416 7417 
3 7389 7421 7471 
3 7427 7489 7477 
3 7464 7403 7479 
3 7484 7486 7454 
3 7423 7473 7439 
3 7440 7413 7490 
3 7415 7435 7469 
3 7408 7485 7432 
3 7491 7447 7441 
3 7422 7460 7437 
3 7492 7430 7437 
3 7444 7493 7474 
3 7445 7494 7449 
3 7425 7424 7495 
3 7487 7435 7414 
3 7458 7496 7488 
3 7394 7488 7450 
3 7455 7416 7466 
3 7475 7430 7497 
3 7444 7462 7493 
3 7470 7498 7441 
3 7492 7460 7499 
3 7495 7476 7425 
3 7458 7469 7496 
3 7448 7456 7467 
3 7464 7479 7500 
3 7434 7483 7479 
3 7436 7443 7501 
3 7411 7470 7441 
3 7442 7482 7478 
3 7502 7439 7473 
3 7476 7490 7413 
3 7485 7443 7432 
3 7461 7503 7456 
3 7489 7427 7504 
3 7430 7492 7497 
3 7463 7478 7505 
3 7463 7506 7480 
3 7440 7507 7451 
3 7501 7468 7436 
3 7508 7485 7455 
3 7447 7491 7509 
3 7466 7508 7455 
3 7509 7461 7447 
3 7401 7504 7427 
3 7424 7480 7495 
3 7490 7507 7440 
3 7510 7498 7470 
3 7452 7481 7429 
3 7511 7487 7468 
3 7501 7511 7468 
3 7510 7470 7446 
3 7446 7512 7510 
3 7498 7513 7491 
3 7456 7514 7467 
3 7437 7460 7492 
3 7474 7504 7401 
3 7476 7515 7490 
3 7446 7450 7512 
3 7482 7475 7516 
3 7449 7494 7517 
3 7518 7464 7500 
3 7439 7502 7484 
3 7452 7519 7481 
3 7451 7507 7452 
3 7515 7476 7520 
3 7475 7497 7516 
3 7472 7494 7445 
3 7472 7464 7518 
3 7488 7521 7450 
3 7491 7441 7498 
3 7456 7503 7514 
3 7486 7522 7483 
3 7507 7519 7452 
3 7476 7495 7520 
3 7459 7499 7460 
3 7474 7523 7504 
3 7482 7524 7478 
3 7486 7484 7522 
3 7503 7461 7509 
3 7449 7517 7462 
3 7483 7525 7479 
3 7502 7473 7526 
3 7508 7466 7527 
3 7528 7503 7509 
3 7477 7529 7471 
3 7477 7530 7529 
3 7492 7499 7531 
3 7482 7516 7524 
3 7520 7495 7532 
3 7533 7435 7487 
3 7523 7474 7493 
3 7478 7534 7505 
3 7525 7500 7479 
3 7495 7480 7532 
3 7508 7535 7536 
3 7527 7535 7508 
3 7465 7527 7466 
3 7503 7537 7514 
3 7538 7467 7514 
3 7539 7459 7467 
3 7478 7524 7534 
3 7490 7540 7507 
3 7521 7512 7450 
3 7541 7509 7491 
3 7508 7536 7485 
3 7503 7528 7537 
3 7492 7531 7497 
3 7542 7516 7497 
3 7518 7543 7472 
3 7487 7511 7533 
3 7533 7469 7435 
3 7544 7501 7443 
3 7498 7510 7545 
3 7545 7513 7498 
3 7513 7541 7491 
3 7457 7546 7465 
3 7467 7538 7539 
3 7517 7494 7547 
3 7483 7522 7525 
3 7515 7540 7490 
3 7540 7515 7548 
3 7496 7549 7550 
3 7496 7551 7488 
3 7552 7512 7521 
3 7553 7499 7539 
3 7531 7499 7553 
3 7473 7481 7526 
3 7546 7457 7554 
3 7457 7471 7554 
3 7554 7471 7529 
3 7542 7497 7531 
3 7516 7555 7524 
3 7520 7548 7515 
3 7443 7485 7556 
3 7541 7528 7509 
3 7516 7542 7555 
3 7494 7472 7543 
3 7469 7533 7549 
3 7557 7511 7501 
3 7539 7538 7558 
3 7559 7560 7493 
3 7524 7555 7561 
3 7561 7534 7524 
3 7506 7532 7480 
3 7548 7520 7562 
3 7521 7488 7551 
3 7536 7556 7485 
3 7541 7563 7528 
3 7539 7499 7459 
3 7500 7564 7518 
3 7522 7565 7525 
3 7506 7463 7505 
3 7546 7527 7465 
3 7531 7553 7566 
3 7525 7567 7500 
3 7505 7568 7506 
3 7569 7526 7481 
3 7570 7533 7511 
3 7570 7549 7533 
3 7489 7530 7477 
3 7571 7489 7504 
3 7571 7504 7523 
3 7572 7523 7560 
3 7543 7547 7494 
3 7573 7543 7518 
3 7500 7567 7564 
3 7519 7507 7574 
3 7550 7551 7496 
3 7556 7575 7544 
3 7462 7559 7493 
3 7534 7568 7505 
3 7502 7576 7484 
3 7512 7577 7510 
3 7578 7546 7579 
3 7564 7573 7518 
3 7481 7519 7569 
3 7540 7574 7507 
3 7501 7544 7557 
3 7552 7521 7580 
3 7556 7544 7443 
3 7577 7512 7552 
3 7528 7581 7537 
3 7530 7489 7571 
3 7571 7523 7572 
3 7542 7582 7555 
3 7523 7493 7560 
3 7517 7559 7462 
3 7577 7552 7583 
3 7510 7577 7545 
3 7584 7541 7513 
3 7538 7585 7586 
3 7542 7531 7566 
3 7521 7551 7580 
3 7513 7545 7584 
3 7553 7558 7587 
3 7566 7582 7542 
3 7573 7564 7588 
3 7565 7567 7525 
3 7522 7484 7576 
3 7578 7589 7535 
3 7546 7578 7527 
3 7537 7585 7514 
3 7579 7590 7578 
3 7517 7547 7591 
3 7592 7547 7593 
3 7511 7557 7570 
3 7575 7556 7594 
3 7537 7581 7585 
3 7585 7538 7514 
3 7587 7566 7553 
3 7576 7502 7595 
3 7569 7574 7596 
3 7536 7594 7556 
3 7554 7529 7597 
3 7598 7597 7529 
3 7539 7558 7553 
3 7529 7530 7598 
3 7567 7599 7564 
3 7578 7535 7527 
3 7558 7538 7586 
3 7530 7571 7600 
3 7591 7547 7592 
3 7601 7576 7595 
3 7574 7569 7519 
3 7574 7540 7602 
3 7602 7540 7548 
3 7603 7557 7544 
3 7603 7544 7575 
3 7598 7530 7600 
3 7604 7582 7566 
3 7559 7517 7591 
3 7568 7534 7605 
3 7549 7496 7469 
3 7536 7535 7606 
3 7566 7587 7604 
3 7607 7555 7582 
3 7565 7522 7608 
3 7606 7594 7536 
3 7606 7535 7589 
3 7561 7555 7607 
3 7502 7526 7595 
3 7520 7532 7562 
3 7570 7557 7609 
3 7549 7570 7610 
3 7550 7549 7611 
3 7612 7558 7586 
3 7600 7571 7613 
3 7608 7614 7565 
3 7576 7608 7522 
3 7595 7526 7615 
3 7574 7616 7596 
3 7557 7603 7617 
3 7618 7545 7577 
3 7541 7584 7619 
3 7579 7554 7597 
3 7620 7621 7572 
3 7543 7573 7593 
3 7588 7564 7599 
3 7567 7565 7622 
3 7602 7616 7574 
3 7549 7610 7611 
3 7575 7623 7603 
3 7552 7580 7583 
3 7545 7624 7584 
3 7619 7563 7541 
3 7604 7625 7582 
3 7605 7534 7561 
3 7547 7543 7593 
3 7626 7573 7588 
3 7599 7567 7622 
3 7568 7627 7506 
3 7532 7506 7627 
3 7589 7628 7606 
3 7554 7579 7546 
3 7613 7571 7572 
3 7593 7573 7626 
3 7569 7615 7526 
3 7629 7585 7581 
3 7625 7607 7582 
3 7562 7532 7627 
3 7557 7617 7609 
3 7630 7551 7550 
3 7581 7528 7563 
3 7607 7625 7631 
3 7560 7620 7572 
3 7620 7559 7591 
3 7632 7605 7561 
3 7608 7576 7601 
3 7596 7615 7569 
3 7629 7633 7586 
3 7587 7558 7612 
3 7601 7595 7634 
3 7568 7635 7627 
3 7611 7630 7550 
3 7577 7583 7618 
3 7563 7619 7636 
3 7585 7629 7586 
3 7637 7579 7597 
3 7638 7639 7598 
3 7640 7613 7572 
3 7572 7621 7640 
3 7560 7559 7620 
3 7568 7605 7635 
3 7622 7565 7614 
3 7634 7595 7615 
3 7641 7602 7548 
3 7630 7580 7551 
3 7623 7575 7594 
3 7579 7637 7590 
3 7612 7586 7633 
3 7590 7642 7589 
3 7643 7592 7593 
3 7644 7596 7616 
3 7645 7619 7584 
3 7642 7628 7589 
3 7625 7646 7631 
3 7607 7631 7632 
3 7592 7647 7591 
3 7627 7635 7648 
3 7570 7609 7610 
3 7606 7628 7649 
3 7589 7578 7590 
3 7613 7638 7600 
3 7632 7561 7607 
3 7647 7592 7643 
3 7545 7618 7624 
3 7594 7606 7649 
3 7581 7563 7650 
3 7598 7600 7638 
3 7651 7620 7591 
3 7608 7601 7652 
3 7562 7641 7548 
3 7641 7653 7602 
3 7654 7605 7632 
3 7655 7626 7588 
3 7655 7588 7656 
3 7656 7588 7599 
3 7653 7616 7602 
3 7580 7630 7657 
3 7581 7650 7658 
3 7658 7629 7581 
3 7642 7590 7659 
3 7633 7629 7660 
3 7597 7598 7639 
3 7652 7614 7608 
3 7627 7648 7562 
3 7615 7661 7662 
3 7653 7644 7616 
3 7623 7663 7603 
3 7658 7660 7629 
3 7664 7587 7612 
3 7604 7587 7664 
3 7635 7605 7665 
3 7666 7648 7635 
3 7641 7648 7667 
3 7603 7663 7617 
3 7630 7611 7668 
3 7669 7618 7583 
3 7636 7619 7645 
3 7563 7636 7650 
3 7659 7590 7637 
3 7670 7601 7634 
3 7671 7611 7610 
3 7672 7609 7617 
3 7584 7624 7645 
3 7673 7650 7636 
3 7674 7664 7612 
3 7675 7625 7604 
3 7620 7651 7621 
3 7648 7641 7562 
3 7596 7644 7661 
3 7676 7669 7583 
3 7677 7658 7650 
3 7621 7678 7640 
3 7605 7654 7665 
3 7601 7670 7652 
3 7634 7615 7662 
3 7672 7610 7609 
3 7676 7580 7657 
3 7676 7583 7580 
3 7640 7679 7613 
3 7631 7680 7632 
3 7591 7647 7651 
3 7680 7654 7632 
3 7653 7641 7667 
3 7671 7668 7611 
3 7668 7657 7630 
3 7623 7594 7681 
3 7594 7649 7681 
3 7642 7682 7628 
3 7593 7626 7643 
3 7683 7684 7644 
3 7615 7596 7661 
3 7610 7672 7671 
3 7685 7624 7618 
3 7597 7686 7637 
3 7686 7597 7639 
3 7622 7687 7599 
3 7661 7644 7688 
3 7649 7628 7682 
3 7633 7660 7689 
3 7640 7678 7679 
3 7690 7653 7667 
3 7618 7669 7685 
3 7633 7689 7612 
3 7643 7626 7691 
3 7655 7691 7626 
3 7652 7692 7614 
3 7693 7672 7617 
3 7617 7663 7693 
3 7612 7689 7674 
3 7621 7651 7694 
3 7695 7696 7656 
3 7687 7656 7599 
3 7653 7690 7683 
3 7697 7652 7670 
3 7687 7622 7692 
3 7614 7692 7622 
3 7675 7604 7664 
3 7696 7698 7691 
3 7699 7657 7700 
3 7624 7685 7701 
3 7624 7701 7645 
3 7702 7673 7636 
3 7678 7621 7694 
3 7647 7703 7651 
3 7643 7704 7647 
3 7705 7670 7634 
3 7706 7676 7699 
3 7613 7679 7638 
3 7648 7666 7667 
3 7677 7650 7673 
3 7674 7707 7664 
3 7625 7675 7646 
3 7708 7631 7646 
3 7704 7703 7647 
3 7665 7666 7635 
3 7644 7653 7683 
3 7692 7652 7697 
3 7709 7671 7672 
3 7623 7681 7710 
3 7685 7669 7711 
3 7712 7689 7660 
3 7686 7713 7637 
3 7639 7714 7715 
3 7638 7679 7714 
3 7662 7705 7634 
3 7710 7663 7623 
3 7657 7699 7676 
3 7702 7636 7645 
3 7654 7716 7665 
3 7691 7704 7643 
3 7667 7666 7717 
3 7693 7718 7672 
3 7719 7668 7671 
3 7706 7669 7676 
3 7642 7720 7682 
3 7686 7715 7721 
3 7664 7707 7675 
3 7722 7678 7694 
3 7723 7654 7680 
3 7697 7670 7724 
3 7705 7724 7670 
3 7719 7671 7709 
3 7637 7713 7659 
3 7678 7725 7679 
3 7703 7694 7651 
3 7665 7716 7666 
3 7716 7717 7666 
3 7690 7667 7717 
3 7693 7663 7726 
3 7645 7701 7727 
3 7691 7655 7696 
3 7690 7728 7683 
3 7692 7729 7687 
3 7668 7719 7700 
3 7730 7710 7681 
3 7669 7706 7711 
3 7721 7713 7686 
3 7679 7725 7714 
3 7731 7708 7646 
3 7732 7678 7722 
3 7708 7680 7631 
3 7654 7723 7716 
3 7688 7662 7661 
3 7727 7702 7645 
3 7681 7649 7730 
3 7733 7673 7702 
3 7660 7734 7735 
3 7736 7674 7689 
3 7736 7707 7674 
3 7672 7718 7709 
3 7726 7663 7710 
3 7701 7685 7737 
3 7738 7711 7706 
3 7677 7673 7733 
3 7689 7712 7736 
3 7723 7739 7716 
3 7717 7716 7740 
3 7655 7656 7696 
3 7688 7644 7684 
3 7741 7730 7649 
3 7702 7742 7733 
3 7741 7649 7682 
3 7639 7638 7714 
3 7731 7675 7707 
3 7739 7740 7716 
3 7743 7703 7704 
3 7744 7677 7733 
3 7745 7704 7691 
3 7687 7695 7656 
3 7746 7692 7697 
3 7688 7747 7662 
3 7668 7700 7657 
3 7737 7685 7711 
3 7659 7720 7642 
3 7660 7735 7712 
3 7686 7639 7715 
3 7646 7675 7731 
3 7748 7680 7708 
3 7690 7749 7728 
3 7717 7749 7690 
3 7729 7750 7695 
3 7662 7747 7705 
3 7697 7724 7751 
3 7734 7658 7677 
3 7707 7752 7731 
3 7748 7753 7723 
3 7740 7749 7717 
3 7734 7660 7658 
3 7713 7754 7659 
3 7684 7755 7688 
3 7746 7697 7751 
3 7754 7720 7659 
3 7712 7735 7756 
3 7732 7725 7678 
3 7680 7748 7723 
3 7723 7753 7739 
3 7695 7757 7696 
3 7692 7746 7729 
3 7758 7713 7721 
3 7731 7752 7759 
3 7704 7745 7743 
3 7757 7695 7750 
3 7695 7687 7729 
3 7747 7760 7705 
3 7727 7701 7761 
3 7742 7702 7727 
3 7730 7741 7762 
3 7734 7763 7735 
3 7758 7754 7713 
3 7707 7736 7764 
3 7725 7732 7765 
3 7684 7683 7766 
3 7747 7688 7755 
3 7724 7705 7760 
3 7709 7718 7767 
3 7710 7730 7762 
3 7677 7744 7734 
3 7754 7758 7768 
3 7769 7736 7756 
3 7770 7771 7728 
3 7727 7772 7742 
3 7752 7707 7764 
3 7725 7773 7714 
3 7740 7739 7774 
3 7749 7740 7770 
3 7691 7698 7745 
3 7775 7760 7747 
3 7776 7733 7742 
3 7777 7774 7739 
3 7726 7718 7693 
3 7761 7701 7737 
3 7778 7754 7768 
3 7715 7779 7721 
3 7780 7748 7708 
3 7781 7722 7694 
3 7782 7743 7745 
3 7729 7746 7783 
3 7784 7706 7699 
3 7776 7744 7733 
3 7715 7714 7773 
3 7780 7708 7731 
3 7703 7781 7694 
3 7728 7749 7770 
3 7755 7775 7747 
3 7785 7710 7762 
3 7786 7761 7737 
3 7761 7772 7727 
3 7720 7754 7778 
3 7779 7715 7773 
3 7725 7765 7773 
3 7743 7782 7787 
3 7788 7745 7698 
3 7783 7746 7751 
3 7706 7784 7738 
3 7744 7763 7734 
3 7728 7766 7683 
3 7789 7762 7741 
3 7790 7737 7711 
3 7741 7791 7789 
3 7763 7792 7735 
3 7735 7792 7756 
3 7756 7736 7712 
3 7769 7764 7736 
3 7753 7777 7739 
3 7770 7740 7774 
3 7718 7726 7793 
3 7737 7790 7786 
3 7741 7682 7791 
3 7794 7752 7795 
3 7722 7781 7796 
3 7743 7787 7781 
3 7797 7788 7698 
3 7696 7797 7698 
3 7757 7797 7696 
3 7751 7724 7798 
3 7799 7719 7709 
3 7784 7699 7800 
3 7711 7738 7790 
3 7801 7775 7755 
3 7795 7752 7764 
3 7752 7794 7759 
3 7731 7759 7780 
3 7780 7802 7748 
3 7771 7766 7728 
3 7684 7766 7755 
3 7719 7803 7700 
3 7785 7726 7710 
3 7804 7744 7776 
3 7763 7744 7804 
3 7764 7769 7795 
3 7758 7721 7779 
3 7722 7796 7732 
3 7753 7748 7802 
3 7760 7798 7724 
3 7750 7729 7805 
3 7805 7729 7783 
3 7791 7682 7720 
3 7806 7792 7763 
3 7794 7807 7759 
3 7703 7743 7781 
3 7757 7750 7808 
3 7775 7809 7760 
3 7793 7810 7718 
3 7699 7700 7800 
3 7782 7745 7788 
3 7783 7751 7811 
3 7810 7767 7718 
3 7790 7812 7786 
3 7784 7813 7738 
3 7796 7781 7814 
3 7788 7797 7815 
3 7801 7755 7816 
3 7709 7767 7799 
3 7790 7817 7812 
3 7789 7818 7762 
3 7819 7776 7742 
3 7820 7773 7765 
3 7771 7816 7766 
3 7811 7751 7798 
3 7719 7799 7803 
3 7700 7803 7800 
3 7720 7778 7791 
3 7768 7821 7778 
3 7821 7768 7822 
3 7823 7794 7795 
3 7765 7732 7824 
3 7825 7777 7753 
3 7826 7775 7801 
3 7760 7809 7798 
3 7820 7779 7773 
3 7753 7802 7825 
3 7766 7816 7755 
3 7826 7809 7775 
3 7793 7726 7785 
3 7819 7742 7772 
3 7777 7827 7774 
3 7828 7814 7787 
3 7757 7829 7797 
3 7808 7829 7757 
3 7772 7761 7830 
3 7776 7819 7831 
3 7776 7831 7804 
3 7832 7791 7778 
3 7759 7833 7780 
3 7784 7800 7813 
3 7772 7830 7834 
3 7791 7832 7789 
3 7835 7778 7821 
3 7836 7795 7769 
3 7807 7833 7759 
3 7774 7837 7770 
3 7787 7814 7781 
3 7783 7838 7805 
3 7799 7767 7839 
3 7785 7762 7840 
3 7817 7738 7813 
3 7834 7819 7772 
3 7789 7841 7818 
3 7824 7732 7796 
3 7808 7750 7805 
3 7803 7799 7842 
3 7843 7786 7812 
3 7804 7806 7763 
3 7756 7844 7769 
3 7820 7765 7845 
3 7846 7796 7814 
3 7837 7774 7827 
3 7771 7847 7816 
3 7782 7788 7848 
3 7797 7829 7815 
3 7849 7793 7785 
3 7738 7817 7790 
3 7850 7831 7819 
3 7789 7832 7841 
3 7795 7836 7851 
3 7851 7823 7795 
3 7837 7852 7771 
3 7853 7788 7815 
3 7808 7854 7829 
3 7844 7756 7792 
3 7794 7823 7807 
3 7855 7827 7777 
3 7782 7848 7787 
3 7853 7848 7788 
3 7803 7856 7800 
3 7847 7771 7852 
3 7808 7805 7857 
3 7811 7838 7783 
3 7762 7818 7840 
3 7858 7817 7813 
3 7758 7859 7768 
3 7814 7860 7846 
3 7861 7801 7816 
3 7862 7798 7809 
3 7799 7839 7842 
3 7761 7786 7830 
3 7863 7844 7792 
3 7844 7836 7769 
3 7851 7864 7823 
3 7860 7814 7828 
3 7848 7828 7787 
3 7865 7849 7840 
3 7813 7800 7856 
3 7866 7813 7856 
3 7786 7843 7830 
3 7806 7863 7792 
3 7836 7867 7868 
3 7869 7802 7833 
3 7846 7824 7796 
3 7870 7871 7826 
3 7872 7839 7767 
3 7803 7842 7856 
3 7768 7859 7822 
3 7779 7859 7758 
3 7859 7779 7873 
3 7820 7873 7779 
3 7780 7833 7802 
3 7846 7874 7824 
3 7825 7855 7777 
3 7771 7770 7837 
3 7862 7875 7811 
3 7810 7793 7876 
3 7858 7813 7866 
3 7844 7867 7836 
3 7837 7827 7877 
3 7871 7862 7809 
3 7838 7811 7875 
3 7810 7872 7767 
3 7812 7878 7879 
3 7834 7850 7819 
3 7868 7851 7836 
3 7861 7816 7847 
3 7880 7861 7847 
3 7857 7805 7838 
3 7849 7785 7840 
3 7878 7817 7858 
3 7806 7881 7863 
3 7845 7882 7820 
3 7824 7845 7765 
3 7883 7852 7877 
3 7847 7852 7880 
3 7848 7884 7828 
3 7808 7857 7854 
3 7812 7879 7843 
3 7867 7885 7868 
3 7874 7845 7824 
3 7869 7825 7802 
3 7877 7852 7837 
3 7884 7848 7853 
3 7810 7876 7872 
3 7849 7876 7793 
3 7830 7843 7886 
3 7886 7834 7830 
3 7831 7887 7804 
3 7778 7835 7832 
3 7887 7881 7806 
3 7887 7888 7881 
3 7873 7889 7859 
3 7860 7890 7846 
3 7809 7826 7871 
3 7818 7841 7891 
3 7804 7887 7806 
3 7889 7822 7859 
3 7868 7892 7851 
3 7893 7877 7827 
3 7827 7855 7893 
3 7894 7828 7884 
3 7811 7798 7862 
3 7875 7895 7838 
3 7866 7856 7896 
3 7878 7812 7817 
3 7818 7891 7840 
3 7855 7825 7897 
3 7898 7815 7829 
3 7872 7876 7899 
3 7900 7839 7872 
3 7901 7876 7849 
3 7842 7839 7902 
3 7903 7863 7881 
3 7851 7892 7864 
3 7815 7904 7853 
3 7801 7861 7826 
3 7898 7904 7815 
3 7872 7899 7900 
3 7901 7849 7865 
3 7896 7856 7842 
3 7834 7886 7905 
3 7906 7841 7832 
3 7838 7895 7857 
3 7902 7896 7842 
3 7903 7867 7863 
3 7822 7907 7821 
3 7908 7892 7868 
3 7874 7846 7890 
3 7877 7909 7883 
3 7894 7860 7828 
3 7901 7899 7876 
3 7834 7905 7850 
3 7835 7906 7832 
3 7825 7869 7897 
3 7897 7869 7910 
3 7911 7843 7879 
3 7867 7844 7863 
3 7873 7820 7882 
3 7912 7823 7864 
3 7893 7855 7913 
3 7914 7880 7852 
3 7900 7902 7839 
3 7915 7881 7888 
3 7912 7807 7823 
3 7893 7909 7877 
3 7914 7852 7883 
3 7916 7853 7904 
3 7907 7835 7821 
3 7917 7864 7892 
3 7918 7845 7874 
3 7870 7826 7861 
3 7865 7840 7891 
3 7903 7881 7915 
3 7919 7807 7912 
3 7919 7833 7807 
3 7919 7869 7833 
3 7884 7853 7916 
3 7829 7854 7898 
3 7857 7920 7854 
3 7921 7858 7866 
3 7886 7843 7911 
3 7922 7841 7906 
3 7917 7923 7864 
3 7912 7864 7923 
3 7924 7870 7880 
3 7898 7925 7904 
3 7900 7899 7926 
3 7927 7911 7879 
3 7928 7889 7873 
3 7919 7910 7869 
3 7898 7929 7925 
3 7920 7857 7895 
3 7930 7835 7907 
3 7931 7928 7882 
3 7932 7910 7933 
3 7870 7861 7880 
3 7929 7854 7920 
3 7921 7866 7896 
3 7934 7865 7891 
3 7891 7841 7922 
3 7903 7885 7867 
3 7908 7868 7885 
3 7889 7935 7822 
3 7918 7882 7845 
3 7862 7871 7936 
3 7901 7937 7899 
3 7905 7886 7938 
3 7887 7831 7939 
3 7903 7915 7940 
3 7907 7822 7935 
3 7901 7865 7941 
3 7939 7831 7850 
3 7835 7930 7906 
3 7874 7942 7918 
3 7875 7943 7895 
3 7878 7944 7879 
3 7930 7907 7945 
3 7940 7885 7903 
3 7946 7947 7894 
3 7871 7870 7948 
3 7898 7854 7929 
3 7862 7949 7875 
3 7941 7937 7901 
3 7865 7934 7941 
3 7950 7858 7921 
3 7950 7878 7858 
3 7885 7940 7951 
3 7885 7951 7908 
3 7935 7889 7952 
3 7912 7933 7919 
3 7946 7884 7916 
3 7936 7949 7862 
3 7934 7891 7953 
3 7888 7887 7939 
3 7908 7954 7892 
3 7942 7874 7890 
3 7914 7924 7880 
3 7955 7956 7925 
3 7937 7926 7899 
3 7900 7926 7957 
3 7939 7958 7888 
3 7959 7940 7915 
3 7892 7954 7917 
3 7873 7882 7928 
3 7960 7961 7890 
3 7960 7860 7894 
3 7962 7904 7925 
3 7871 7948 7936 
3 7949 7943 7875 
3 7902 7900 7957 
3 7921 7896 7963 
3 7890 7961 7942 
3 7964 7914 7883 
3 7894 7884 7946 
3 7955 7929 7920 
3 7957 7965 7902 
3 7850 7966 7939 
3 7917 7954 7967 
3 7910 7932 7968 
3 7924 7914 7969 
3 7920 7895 7970 
3 7970 7895 7943 
3 7971 7950 7921 
3 7917 7972 7923 
3 7910 7968 7897 
3 7924 7948 7870 
3 7925 7929 7955 
3 7973 7965 7957 
3 7965 7896 7902 
3 7922 7906 7974 
3 7915 7888 7975 
3 7976 7908 7951 
3 7933 7910 7919 
3 7909 7964 7883 
3 7969 7914 7964 
3 7977 7946 7916 
3 7956 7962 7925 
3 7886 7911 7938 
3 7978 7953 7922 
3 7979 7905 7938 
3 7952 7889 7928 
3 7923 7980 7912 
3 7882 7918 7931 
3 7893 7981 7909 
3 7922 7953 7891 
3 7905 7979 7850 
3 7855 7897 7913 
3 7960 7894 7947 
3 7936 7982 7983 
3 7926 7984 7957 
3 7930 7974 7906 
3 7985 7935 7986 
3 7960 7890 7860 
3 7987 7943 7983 
3 7988 7926 7937 
3 7944 7878 7950 
3 7978 7922 7974 
3 7940 7959 7989 
3 7933 7912 7980 
3 7990 7931 7918 
3 7963 7896 7965 
3 7927 7879 7944 
3 7979 7966 7850 
3 7966 7979 7991 
3 7940 7989 7951 
3 7951 7992 7976 
3 7976 7954 7908 
3 7947 7946 7993 
3 7904 7994 7916 
3 7920 7995 7955 
3 7970 7995 7920 
3 7970 7943 7987 
3 7983 7943 7949 
3 7984 7973 7957 
3 7950 7971 7996 
3 7911 7927 7997 
3 7959 7915 7975 
3 7945 7907 7985 
3 7935 7985 7907 
3 7942 7990 7918 
3 7990 7942 7998 
3 7968 7932 7999 
3 7893 7913 7981 
3 7988 7984 7926 
3 7963 7971 7921 
3 7911 7997 7938 
3 7992 7951 7989 
3 7977 7916 7994 
3 7956 8000 7962 
3 7991 8001 7966 
3 7966 7958 7939 
3 7930 7945 8002 
3 7917 7967 7972 
3 7948 7982 7936 
3 7987 8003 7970 
3 8004 7963 7965 
3 7952 7986 7935 
3 7954 7976 8005 
3 7928 8006 7952 
3 8006 7928 7931 
3 7947 8007 7960 
3 8008 7948 7924 
3 7994 7904 7962 
3 8009 7971 7963 
3 8005 7967 7954 
3 7933 7980 8010 
3 7981 8011 7909 
3 7960 8012 7961 
3 7995 7970 8003 
3 8001 7958 7966 
3 7930 8002 7974 
3 7959 8013 7989 
3 8014 7972 7967 
3 8015 7931 7990 
3 7998 8016 7990 
3 7998 7942 7961 
3 7937 7941 8017 
3 7958 7975 7888 
3 8013 7959 8018 
3 8019 7986 7952 
3 8015 7990 8016 
3 7964 7909 8011 
3 7983 7949 7936 
3 7958 8001 8020 
3 7913 7897 7968 
3 7964 8021 7969 
3 8008 7982 7948 
3 8022 7941 7934 
3 7944 7996 7927 
3 7979 7938 8023 
3 7989 8024 7992 
3 7976 8025 8005 
3 7931 8015 8006 
3 7975 7958 8020 
3 7985 8026 7945 
3 7999 7932 8027 
3 7913 7968 8028 
3 7977 7993 7946 
3 7983 8029 7987 
3 7984 8030 8031 
3 7950 7996 7944 
3 7938 7997 8023 
3 7976 7992 8025 
3 7967 8005 8014 
3 8032 8010 7980 
3 8010 7932 7933 
3 7981 7913 8028 
3 8033 7924 7969 
3 7995 8034 7955 
3 7941 8022 8017 
3 7965 7973 8004 
3 8035 7953 7978 
3 8013 8036 7989 
3 7980 7923 8037 
3 7998 7961 8012 
3 7960 8007 8012 
3 7962 8038 7994 
3 7973 7984 8031 
3 8001 8039 8020 
3 8040 8002 7945 
3 8028 7968 7999 
3 7964 8011 8021 
3 8020 8018 7975 
3 8015 8016 8041 
3 8029 7983 8042 
3 8017 8043 7988 
3 7988 7937 8017 
3 8004 8009 7963 
3 8035 7934 7953 
3 8035 8022 7934 
3 7971 8044 7996 
3 7927 7996 8045 
3 7959 7975 8018 
3 8014 8005 8046 
3 8007 7947 7993 
3 7924 8033 8008 
3 8008 8047 7982 
3 7987 8048 8003 
3 8029 8048 7987 
3 8004 8049 8050 
3 7991 7979 8023 
3 8026 8051 7945 
3 8026 7985 7986 
3 8015 8052 8006 
3 7972 8037 7923 
3 8053 8016 7998 
3 8034 7956 7955 
3 8022 8035 8054 
3 8044 8045 7996 
3 8055 8023 7997 
3 8056 8035 7978 
3 7978 7974 8057 
3 8001 8058 8039 
3 7952 8006 8019 
3 7998 8012 8059 
3 7969 8060 8033 
3 8008 8033 8061 
3 8042 7983 7982 
3 7995 8003 8062 
3 8063 7991 8023 
3 8001 7991 8058 
3 7974 8002 8057 
3 8064 7972 8014 
3 8037 8032 7980 
3 8062 8003 8065 
3 8052 8015 8041 
3 8066 8067 7981 
3 8012 8007 8068 
3 8008 8061 8047 
3 7994 8038 7977 
3 7956 8034 8069 
3 8004 8050 8009 
3 8035 8056 8054 
3 8056 7978 8057 
3 7992 8070 8025 
3 8025 8071 8005 
3 8019 8006 8052 
3 7972 8064 8037 
3 8059 8053 7998 
3 7981 8067 8011 
3 8042 7982 8047 
3 8034 7995 8062 
3 8017 8072 8043 
3 7997 7927 8073 
3 8005 8071 8046 
3 8032 8074 8010 
3 8010 8027 7932 
3 8059 8012 8068 
3 7977 8075 7993 
3 7927 8045 8073 
3 8021 8060 7969 
3 8000 8038 7962 
3 8056 8076 8054 
3 7991 8063 8058 
3 8077 8057 8002 
3 8013 8018 8078 
3 8046 8079 8014 
3 8028 7999 8080 
3 8068 8081 8082 
3 8081 8068 8007 
3 8081 7993 8083 
3 7977 8038 8075 
3 8069 8000 7956 
3 8044 7971 8009 
3 8073 8055 7997 
3 8084 8063 8023 
3 8018 8020 8085 
3 8051 8040 7945 
3 7992 8024 8070 
3 8026 7986 8086 
3 8019 8086 7986 
3 8087 8046 8071 
3 8074 8027 8010 
3 8021 8011 8088 
3 8068 8089 8059 
3 8033 8090 8061 
3 8091 8029 8042 
3 8043 8030 7988 
3 8009 8092 8044 
3 8055 8073 8093 
3 8085 8078 8018 
3 8094 8071 8025 
3 8079 8064 8014 
3 7993 8075 8083 
3 8038 8000 8095 
3 8049 8004 7973 
3 8040 8077 8002 
3 8036 8013 8096 
3 8052 8097 8098 
3 8032 8037 8099 
3 8066 8028 8080 
3 7981 8028 8066 
3 8030 7984 7988 
3 8078 8096 8013 
3 8100 8070 8024 
3 8051 8026 8101 
3 8070 8094 8025 
3 8026 8086 8101 
3 8102 8071 8094 
3 8087 8071 8102 
3 8103 8074 8032 
3 8041 8016 8104 
3 8104 8016 8053 
3 8034 8062 8105 
3 7973 8031 8049 
3 8103 8032 8099 
3 8088 8011 8067 
3 8106 8060 8021 
3 7993 8081 8007 
3 8060 8090 8033 
3 8107 8056 8057 
3 8024 7989 8036 
3 8040 8051 8108 
3 8109 8094 8070 
3 8098 8110 8019 
3 8052 8041 8097 
3 8111 8099 8037 
3 8112 8097 8041 
3 8022 8054 8072 
3 8077 8107 8057 
3 8036 8113 8024 
3 8094 8114 8102 
3 8046 8115 8079 
3 8106 8116 8060 
3 8117 8047 8061 
3 8118 8095 8000 
3 8072 8017 8022 
3 8050 8092 8009 
3 8113 8036 8096 
3 8024 8113 8100 
3 8064 8111 8037 
3 8027 8119 7999 
3 8106 8021 8088 
3 8082 8120 8068 
3 8083 8075 8121 
3 8075 8095 8121 
3 8048 8091 8122 
3 8094 8109 8114 
3 8123 8099 8111 
3 8060 8116 8090 
3 8061 8090 8124 
3 8048 8065 8003 
3 8065 8048 8122 
3 8054 8125 8072 
3 8110 8086 8019 
3 8019 8052 8098 
3 8087 8115 8046 
3 8119 8080 7999 
3 8042 8047 8117 
3 8105 8069 8034 
3 8105 8062 8065 
3 8054 8076 8125 
3 8073 8126 8093 
3 8070 8100 8109 
3 8110 8098 8127 
3 8103 8099 8123 
3 8089 8053 8059 
3 8061 8124 8117 
3 8128 8043 8072 
3 8084 8055 8093 
3 8129 8039 8058 
3 8039 8085 8020 
3 8100 8113 8130 
3 8108 8051 8101 
3 8131 8119 8027 
3 8132 8053 8089 
3 8095 8133 8121 
3 8075 8038 8095 
3 8000 8069 8118 
3 8050 8049 8134 
3 8092 8050 8134 
3 8072 8125 8135 
3 8056 8107 8076 
3 8136 8078 8085 
3 8096 8078 8137 
3 8041 8104 8112 
3 8027 8074 8131 
3 8088 8138 8106 
3 8081 8083 8082 
3 8065 8122 8139 
3 8140 8134 8049 
3 8063 8141 8058 
3 8058 8141 8129 
3 8142 8116 8106 
3 8120 8089 8068 
3 8091 8042 8143 
3 8048 8029 8091 
3 8144 8045 8044 
3 8140 8031 8145 
3 8100 8130 8146 
3 8147 8102 8114 
3 8111 8064 8148 
3 8080 8149 8066 
3 8106 8138 8142 
3 8150 8030 8043 
3 8031 8140 8049 
3 8085 8039 8151 
3 8152 8113 8096 
3 8100 8146 8109 
3 8153 8154 8155 
3 8153 8156 8154 
3 8157 8156 8158 
3 8159 8154 8156 
3 8156 8157 8160 
3 8160 8161 8159 
3 8160 8159 8156 
3 8162 8127 8097 
3 8163 8080 8119 
3 8164 8067 8066 
3 8067 8164 8088 
3 8121 8165 8083 
3 8072 8135 8128 
3 8084 8093 8166 
3 8167 8077 8168 
3 8156 8153 8158 
3 8086 8169 8101 
3 8161 8170 8159 
3 8161 8160 8171 
3 8102 8147 8087 
3 8172 8087 8147 
3 8121 8173 8165 
3 8076 8174 8125 
3 8085 8151 8136 
3 8153 8155 8175 
3 8154 8159 8176 
3 8160 8177 8171 
3 8159 8170 8176 
3 8171 8178 8161 
3 8179 8170 8161 
3 8180 8179 8161 
3 8161 8178 8180 
3 8103 8181 8074 
3 8080 8163 8149 
3 8164 8066 8149 
3 8082 8083 8165 
3 8105 8182 8069 
3 8139 8105 8065 
3 8092 8134 8183 
3 8023 8055 8084 
3 8167 8107 8077 
3 8063 8184 8141 
3 8185 8158 8153 
3 8186 8155 8154 
3 8114 8187 8147 
3 8169 8086 8110 
3 8079 8148 8064 
3 8104 8053 8132 
3 8164 8188 8088 
3 8089 8189 8132 
3 8044 8092 8190 
3 8045 8126 8073 
3 8166 8093 8191 
3 8130 8113 8192 
3 8158 8185 8193 
3 8157 8158 8193 
3 8109 8194 8114 
3 8154 8176 8186 
3 8194 8187 8114 
3 8127 8195 8110 
3 8162 8097 8112 
3 8111 8148 8196 
3 8144 8044 8190 
3 8126 8045 8144 
3 8076 8107 8197 
3 8039 8129 8151 
3 8040 8168 8077 
3 8175 8155 8198 
3 8109 8146 8194 
3 8108 8101 8199 
3 8169 8199 8101 
3 8170 8179 8200 
3 8087 8201 8115 
3 8172 8201 8087 
3 8180 8202 8179 
3 8079 8115 8203 
3 8181 8131 8074 
3 8088 8188 8138 
3 8204 8095 8118 
3 8117 8143 8042 
3 8145 8031 8030 
3 8152 8096 8137 
3 8205 8198 8155 
3 8155 8186 8205 
3 8176 8170 8206 
3 8180 8178 8207 
3 8103 8208 8181 
3 8133 8095 8204 
3 8069 8209 8118 
3 8128 8150 8043 
3 8145 8030 8150 
3 8093 8126 8191 
3 8175 8198 8210 
3 8175 8185 8153 
3 8146 8130 8211 
3 8168 8040 8108 
3 8198 8205 8212 
3 8177 8160 8157 
3 8213 8172 8147 
3 8115 8201 8203 
3 8195 8127 8214 
3 8097 8127 8098 
3 8208 8103 8123 
3 8084 8184 8063 
3 8210 8198 8215 
3 8212 8215 8198 
3 8152 8192 8113 
3 8194 8216 8187 
3 8157 8217 8177 
3 8187 8213 8147 
3 8218 8178 8171 
3 8219 8201 8172 
3 8180 8207 8220 
3 8202 8180 8220 
3 8221 8112 8104 
3 8189 8120 8222 
3 8223 8224 8122 
3 8174 8076 8197 
3 8078 8136 8137 
3 8199 8169 8225 
3 8218 8171 8177 
3 8201 8226 8203 
3 8227 8202 8220 
3 8228 8149 8163 
3 8229 8124 8090 
3 8139 8230 8105 
3 8139 8122 8224 
3 8084 8166 8184 
3 8231 8175 8210 
3 8232 8151 8129 
3 8192 8211 8130 
3 8231 8185 8175 
3 8194 8146 8233 
3 8206 8170 8200 
3 8220 8207 8234 
3 8203 8235 8148 
3 8163 8119 8236 
3 8117 8124 8237 
3 8105 8230 8182 
3 8126 8238 8239 
3 8135 8125 8240 
3 8241 8184 8166 
3 8141 8184 8242 
3 8129 8242 8232 
3 8167 8168 8243 
3 8205 8186 8244 
3 8216 8194 8233 
3 8186 8176 8245 
3 8176 8206 8245 
3 8148 8079 8203 
3 8196 8123 8111 
3 8164 8149 8228 
3 8120 8189 8089 
3 8229 8090 8116 
3 8134 8246 8183 
3 8125 8174 8240 
3 8174 8197 8247 
3 8210 8215 8248 
3 8249 8197 8167 
3 8212 8250 8251 
3 8250 8212 8205 
3 8205 8244 8250 
3 8244 8186 8245 
3 8216 8252 8187 
3 8169 8110 8195 
3 8178 8218 8253 
3 8253 8207 8178 
3 8202 8254 8179 
3 8227 8255 8202 
3 8142 8256 8116 
3 8082 8257 8120 
3 8143 8223 8091 
3 8238 8144 8190 
3 8183 8258 8092 
3 8246 8134 8140 
3 8259 8145 8150 
3 8166 8191 8260 
3 8197 8249 8247 
3 8136 8151 8261 
3 8233 8146 8211 
3 8262 8168 8108 
3 8187 8252 8263 
3 8263 8213 8187 
3 8213 8264 8172 
3 8179 8254 8200 
3 8255 8254 8202 
3 8196 8148 8235 
3 8190 8265 8238 
3 8126 8239 8191 
3 8128 8266 8267 
3 8267 8150 8128 
3 8241 8166 8260 
3 8268 8269 8215 
3 8268 8215 8212 
3 8212 8251 8268 
3 8136 8261 8270 
3 8262 8243 8168 
3 8271 8250 8272 
3 8271 8272 8273 
3 8251 8250 8271 
3 8250 8274 8272 
3 8272 8216 8273 
3 8233 8273 8216 
3 8274 8250 8244 
3 8216 8272 8252 
3 8274 8252 8272 
3 8245 8275 8244 
3 8217 8157 8193 
3 8245 8276 8275 
3 8218 8177 8277 
3 8206 8200 8278 
3 8196 8279 8123 
3 8228 8163 8280 
3 8142 8281 8256 
3 8256 8229 8116 
3 8173 8121 8133 
3 8282 8173 8133 
3 8143 8117 8237 
3 8122 8091 8223 
3 8265 8190 8258 
3 8258 8190 8092 
3 8144 8238 8126 
3 8283 8185 8231 
3 8284 8271 8285 
3 8251 8271 8284 
3 8268 8251 8284 
3 8273 8285 8271 
3 8283 8193 8185 
3 8286 8233 8211 
3 8273 8233 8286 
3 8244 8275 8274 
3 8252 8274 8275 
3 8263 8252 8275 
3 8225 8169 8195 
3 8213 8263 8287 
3 8287 8264 8213 
3 8253 8288 8207 
3 8172 8264 8219 
3 8201 8219 8226 
3 8227 8220 8289 
3 8257 8082 8165 
3 8124 8290 8237 
3 8231 8210 8291 
3 8197 8107 8167 
3 8286 8285 8273 
3 8235 8292 8196 
3 8132 8221 8104 
3 8138 8281 8142 
3 8293 8139 8224 
3 8294 8140 8145 
3 8295 8260 8191 
3 8267 8259 8150 
3 8296 8184 8241 
3 8285 8297 8284 
3 8184 8296 8242 
3 8242 8129 8141 
3 8137 8136 8270 
3 8298 8283 8231 
3 8211 8299 8286 
3 8177 8217 8277 
3 8276 8263 8275 
3 8276 8287 8263 
3 8206 8276 8245 
3 8276 8206 8278 
3 8255 8300 8254 
3 8181 8301 8131 
3 8131 8236 8119 
3 8236 8131 8301 
3 8222 8120 8257 
3 8302 8284 8303 
3 8297 8303 8284 
3 8297 8285 8304 
3 8305 8192 8152 
3 8211 8192 8299 
3 8262 8108 8199 
3 8200 8254 8306 
3 8288 8234 8207 
3 8307 8255 8227 
3 8280 8163 8236 
3 8228 8308 8188 
3 8309 8138 8188 
3 8124 8229 8290 
3 8215 8269 8248 
3 8210 8248 8291 
3 8310 8291 8248 
3 8269 8302 8311 
3 8294 8145 8259 
3 8269 8268 8302 
3 8302 8268 8284 
3 8285 8286 8304 
3 8291 8298 8231 
3 8299 8312 8286 
3 8312 8304 8286 
3 8218 8277 8313 
3 8313 8253 8218 
3 8264 8287 8314 
3 8200 8306 8278 
3 8162 8315 8127 
3 8300 8306 8254 
3 8226 8219 8316 
3 8112 8317 8162 
3 8204 8118 8209 
3 8209 8069 8182 
3 8143 8237 8318 
3 8139 8293 8230 
3 8293 8224 8319 
3 8320 8311 8302 
3 8192 8305 8299 
3 8321 8322 8193 
3 8278 8287 8276 
3 8235 8203 8323 
3 8324 8325 8234 
3 8280 8236 8326 
3 8327 8307 8227 
3 8328 8221 8132 
3 8318 8223 8143 
3 8329 8258 8183 
3 8140 8294 8246 
3 8266 8135 8240 
3 8128 8135 8266 
3 8304 8330 8297 
3 8217 8193 8322 
3 8253 8313 8331 
3 8331 8288 8253 
3 8287 8278 8314 
3 8278 8306 8332 
3 8333 8255 8307 
3 8309 8308 8334 
3 8309 8281 8138 
3 8256 8281 8335 
3 8257 8165 8336 
3 8230 8337 8182 
3 8174 8247 8338 
3 8339 8137 8270 
3 8339 8152 8137 
3 8249 8167 8243 
3 8340 8199 8225 
3 8314 8278 8332 
3 8162 8341 8315 
3 8221 8317 8112 
3 8333 8300 8255 
3 8279 8342 8208 
3 8181 8208 8343 
3 8344 8229 8256 
3 8311 8320 8345 
3 8303 8297 8346 
3 8298 8347 8348 
3 8349 8151 8232 
3 8349 8261 8151 
3 8232 8350 8349 
3 8152 8339 8305 
3 8351 8283 8298 
3 8262 8199 8340 
3 8352 8264 8314 
3 8219 8264 8352 
3 8353 8306 8300 
3 8208 8342 8343 
3 8188 8164 8228 
3 8354 8327 8355 
3 8327 8354 8307 
3 8165 8173 8336 
3 8356 8269 8311 
3 8356 8248 8269 
3 8310 8356 8357 
3 8329 8183 8246 
3 8312 8330 8304 
3 8358 8312 8299 
3 8241 8260 8359 
3 8358 8299 8305 
3 8249 8243 8360 
3 8283 8351 8321 
3 8321 8193 8283 
3 8195 8361 8225 
3 8315 8214 8127 
3 8306 8353 8332 
3 8333 8353 8300 
3 8220 8234 8289 
3 8327 8227 8289 
3 8362 8333 8307 
3 8355 8363 8364 
3 8182 8337 8209 
3 8365 8265 8258 
3 8302 8303 8320 
3 8346 8297 8330 
3 8366 8330 8312 
3 8191 8239 8295 
3 8351 8298 8348 
3 8314 8332 8367 
3 8353 8367 8332 
3 8189 8328 8132 
3 8368 8345 8320 
3 8369 8303 8346 
3 8303 8369 8320 
3 8291 8310 8347 
3 8240 8174 8338 
3 8298 8291 8347 
3 8214 8361 8195 
3 8370 8292 8235 
3 8229 8344 8290 
3 8209 8371 8204 
3 8371 8209 8337 
3 8310 8248 8356 
3 8312 8358 8366 
3 8261 8349 8372 
3 8232 8373 8350 
3 8374 8243 8262 
3 8217 8322 8375 
3 8376 8313 8277 
3 8313 8377 8331 
3 8234 8288 8324 
3 8226 8323 8203 
3 8378 8353 8333 
3 8362 8307 8354 
3 8320 8369 8368 
3 8379 8238 8265 
3 8239 8238 8379 
3 8258 8329 8365 
3 8380 8246 8294 
3 8259 8381 8382 
3 8259 8382 8294 
3 8295 8359 8260 
3 8247 8383 8338 
3 8383 8247 8384 
3 8350 8372 8349 
3 8374 8360 8243 
3 8375 8277 8217 
3 8353 8385 8367 
3 8353 8378 8385 
3 8362 8378 8333 
3 8362 8386 8378 
3 8354 8387 8362 
3 8319 8223 8388 
3 8366 8389 8330 
3 8346 8330 8389 
3 8340 8374 8262 
3 8314 8367 8352 
3 8316 8219 8390 
3 8316 8323 8226 
3 8370 8235 8323 
3 8301 8181 8343 
3 8391 8385 8378 
3 8280 8392 8228 
3 8391 8378 8386 
3 8362 8387 8386 
3 8328 8189 8393 
3 8355 8394 8395 
3 8173 8396 8336 
3 8290 8397 8237 
3 8397 8318 8237 
3 8319 8224 8223 
3 8398 8358 8399 
3 8400 8401 8322 
3 8352 8390 8219 
3 8301 8326 8236 
3 8308 8228 8392 
3 8354 8355 8395 
3 8344 8256 8335 
3 8402 8230 8293 
3 8358 8305 8399 
3 8399 8305 8339 
3 8403 8288 8331 
3 8341 8404 8315 
3 8370 8405 8292 
3 8196 8292 8279 
3 8279 8292 8406 
3 8393 8189 8222 
3 8387 8407 8386 
3 8281 8408 8335 
3 8395 8387 8354 
3 8402 8293 8409 
3 8368 8369 8410 
3 8311 8411 8356 
3 8412 8365 8329 
3 8358 8398 8366 
3 8380 8294 8382 
3 8347 8413 8348 
3 8249 8360 8384 
3 8414 8339 8270 
3 8375 8322 8401 
3 8415 8221 8328 
3 8309 8408 8281 
3 8416 8391 8386 
3 8355 8364 8394 
3 8386 8407 8416 
3 8257 8417 8222 
3 8204 8282 8133 
3 8418 8410 8369 
3 8357 8419 8310 
3 8366 8398 8420 
3 8398 8399 8421 
3 8380 8422 8246 
3 8296 8241 8423 
3 8315 8404 8214 
3 8352 8424 8390 
3 8279 8208 8123 
3 8425 8385 8391 
3 8282 8204 8426 
3 8371 8426 8204 
3 8388 8223 8318 
3 8357 8356 8411 
3 8310 8413 8347 
3 8246 8422 8329 
3 8247 8249 8384 
3 8339 8414 8399 
3 8427 8270 8261 
3 8351 8400 8321 
3 8340 8225 8428 
3 8361 8214 8429 
3 8424 8352 8367 
3 8430 8316 8390 
3 8385 8424 8367 
3 8424 8385 8425 
3 8289 8234 8325 
3 8363 8327 8289 
3 8387 8395 8431 
3 8407 8387 8431 
3 8336 8417 8257 
3 8432 8337 8402 
3 8413 8310 8419 
3 8295 8239 8433 
3 8434 8266 8240 
3 8266 8435 8267 
3 8351 8348 8436 
3 8277 8375 8376 
3 8377 8403 8331 
3 8324 8288 8403 
3 8326 8301 8437 
3 8438 8425 8391 
3 8391 8416 8438 
3 8394 8439 8395 
3 8440 8388 8318 
3 8369 8346 8418 
3 8346 8389 8418 
3 8345 8411 8311 
3 8359 8423 8241 
3 8372 8427 8261 
3 8270 8427 8414 
3 8373 8242 8296 
3 8232 8242 8373 
3 8361 8428 8225 
3 8214 8404 8429 
3 8430 8390 8441 
3 8221 8415 8317 
3 8301 8343 8437 
3 8442 8308 8392 
3 8335 8408 8443 
3 8439 8431 8395 
3 8416 8407 8444 
3 8445 8344 8446 
3 8445 8290 8344 
3 8379 8265 8447 
3 8420 8389 8366 
3 8419 8357 8448 
3 8296 8423 8373 
3 8340 8449 8374 
3 8376 8377 8313 
3 8325 8324 8450 
3 8325 8363 8289 
3 8431 8451 8407 
3 8397 8440 8318 
3 8371 8337 8452 
3 8412 8329 8422 
3 8453 8338 8383 
3 8372 8350 8454 
3 8348 8455 8436 
3 8375 8401 8456 
3 8341 8162 8317 
3 8370 8457 8405 
3 8406 8342 8279 
3 8458 8280 8326 
3 8280 8459 8392 
3 8188 8308 8309 
3 8363 8355 8327 
3 8451 8444 8407 
3 8452 8426 8371 
3 8379 8460 8433 
3 8433 8239 8379 
3 8381 8267 8435 
3 8321 8400 8322 
3 8340 8428 8449 
3 8324 8461 8450 
3 8323 8316 8462 
3 8462 8457 8370 
3 8463 8363 8325 
3 8290 8445 8397 
3 8464 8397 8445 
3 8282 8396 8173 
3 8452 8337 8432 
3 8448 8465 8419 
3 8419 8466 8413 
3 8414 8421 8399 
3 8467 8434 8240 
3 8381 8259 8267 
3 8401 8468 8456 
3 8325 8450 8463 
3 8323 8462 8370 
3 8469 8393 8222 
3 8319 8388 8470 
3 8471 8410 8418 
3 8460 8379 8447 
3 8266 8434 8435 
3 8472 8380 8382 
3 8351 8436 8400 
3 8473 8400 8474 
3 8376 8375 8475 
3 8376 8475 8377 
3 8461 8324 8403 
3 8425 8390 8424 
3 8334 8308 8442 
3 8410 8476 8368 
3 8368 8476 8477 
3 8418 8478 8471 
3 8479 8412 8422 
3 8413 8480 8348 
3 8449 8481 8374 
3 8316 8430 8462 
3 8405 8406 8292 
3 8458 8326 8437 
3 8402 8337 8230 
3 8345 8368 8477 
3 8482 8479 8422 
3 8348 8480 8455 
3 8240 8338 8467 
3 8427 8483 8414 
3 8373 8484 8350 
3 8473 8468 8400 
3 8461 8403 8485 
3 8405 8486 8406 
3 8486 8405 8457 
3 8342 8487 8343 
3 8459 8488 8442 
3 8489 8408 8334 
3 8393 8490 8328 
3 8416 8491 8438 
3 8335 8446 8344 
3 8357 8411 8448 
3 8478 8389 8420 
3 8492 8398 8421 
3 8493 8374 8481 
3 8360 8374 8493 
3 8459 8280 8458 
3 8490 8415 8328 
3 8425 8441 8390 
3 8439 8494 8431 
3 8417 8336 8495 
3 8409 8293 8319 
3 8410 8471 8496 
3 8497 8411 8477 
3 8365 8498 8447 
3 8447 8265 8365 
3 8419 8465 8466 
3 8498 8365 8412 
3 8398 8492 8499 
3 8466 8480 8413 
3 8454 8500 8372 
3 8406 8487 8342 
3 8450 8501 8463 
3 8502 8334 8442 
3 8425 8438 8441 
3 8363 8503 8364 
3 8464 8445 8504 
3 8410 8496 8476 
3 8505 8477 8476 
3 8411 8345 8477 
3 8506 8478 8420 
3 8499 8420 8398 
3 8453 8467 8338 
3 8373 8423 8484 
3 8360 8507 8384 
3 8341 8317 8508 
3 8335 8443 8446 
3 8444 8491 8416 
3 8439 8394 8509 
3 8509 8494 8439 
3 8494 8451 8431 
3 8336 8396 8495 
3 8510 8396 8282 
3 8426 8510 8282 
3 8440 8511 8388 
3 8418 8389 8478 
3 8497 8448 8411 
3 8512 8492 8421 
3 8513 8454 8350 
3 8514 8436 8455 
3 8428 8361 8515 
3 8377 8485 8403 
3 8343 8516 8437 
3 8503 8363 8463 
3 8417 8469 8222 
3 8483 8512 8421 
3 8295 8433 8517 
3 8517 8359 8295 
3 8372 8500 8427 
3 8518 8383 8384 
3 8429 8515 8361 
3 8475 8375 8456 
3 8519 8430 8520 
3 8441 8520 8430 
3 8503 8463 8521 
3 8438 8491 8520 
3 8522 8393 8469 
3 8364 8523 8394 
3 8494 8524 8451 
3 8510 8525 8396 
3 8388 8511 8470 
3 8497 8526 8448 
3 8483 8421 8414 
3 8435 8434 8527 
3 8482 8380 8472 
3 8528 8381 8435 
3 8529 8382 8381 
3 8382 8529 8472 
3 8400 8436 8474 
3 8468 8401 8400 
3 8429 8404 8530 
3 8508 8317 8415 
3 8516 8343 8487 
3 8442 8488 8502 
3 8522 8490 8393 
3 8520 8441 8438 
3 8476 8496 8531 
3 8477 8505 8497 
3 8412 8532 8533 
3 8532 8412 8479 
3 8528 8529 8381 
3 8518 8453 8383 
3 8423 8534 8484 
3 8450 8535 8501 
3 8519 8462 8430 
3 8408 8309 8334 
3 8491 8536 8537 
3 8538 8536 8444 
3 8525 8495 8396 
3 8426 8539 8510 
3 8540 8541 8432 
3 8402 8409 8542 
3 8531 8505 8476 
3 8465 8448 8526 
3 8543 8480 8466 
3 8380 8482 8422 
3 8350 8484 8513 
3 8456 8544 8475 
3 8545 8377 8475 
3 8535 8450 8461 
3 8486 8546 8406 
3 8458 8547 8459 
3 8442 8392 8459 
3 8491 8537 8520 
3 8523 8364 8503 
3 8491 8444 8536 
3 8432 8402 8542 
3 8470 8409 8319 
3 8506 8420 8499 
3 8533 8498 8412 
3 8548 8466 8549 
3 8527 8467 8550 
3 8518 8384 8507 
3 8514 8474 8436 
3 8551 8468 8473 
3 8552 8544 8456 
3 8508 8553 8341 
3 8457 8462 8519 
3 8509 8394 8523 
3 8452 8539 8426 
3 8465 8549 8466 
3 8554 8499 8492 
3 8543 8466 8548 
3 8507 8360 8493 
3 8474 8555 8473 
3 8468 8556 8456 
3 8449 8428 8557 
3 8557 8428 8515 
3 8404 8553 8530 
3 8463 8501 8521 
3 8523 8558 8509 
3 8446 8504 8445 
3 8495 8559 8417 
3 8444 8451 8538 
3 8560 8538 8451 
3 8561 8471 8478 
3 8478 8506 8561 
3 8512 8562 8492 
3 8435 8527 8528 
3 8500 8483 8427 
3 8423 8359 8534 
3 8484 8563 8513 
3 8377 8545 8485 
3 8458 8564 8547 
3 8564 8458 8437 
3 8487 8546 8565 
3 8519 8520 8566 
3 8469 8417 8559 
3 8464 8440 8397 
3 8505 8567 8497 
3 8467 8527 8434 
3 8453 8550 8467 
3 8568 8483 8500 
3 8569 8359 8517 
3 8569 8534 8359 
3 8508 8415 8570 
3 8490 8570 8415 
3 8571 8408 8489 
3 8497 8567 8526 
3 8499 8554 8506 
3 8514 8455 8572 
3 8573 8453 8518 
3 8574 8493 8481 
3 8575 8461 8485 
3 8461 8575 8535 
3 8547 8488 8459 
3 8486 8576 8577 
3 8503 8578 8523 
3 8537 8536 8579 
3 8580 8524 8494 
3 8524 8560 8451 
3 8554 8492 8562 
3 8532 8479 8581 
3 8455 8543 8572 
3 8544 8545 8475 
3 8404 8341 8553 
3 8576 8486 8457 
3 8457 8519 8576 
3 8537 8566 8520 
3 8578 8503 8521 
3 8582 8561 8506 
3 8549 8465 8583 
3 8460 8447 8584 
3 8585 8543 8548 
3 8482 8581 8479 
3 8586 8433 8460 
3 8543 8455 8480 
3 8472 8529 8587 
3 8507 8588 8518 
3 8473 8555 8551 
3 8449 8589 8481 
3 8556 8552 8456 
3 8590 8485 8591 
3 8516 8592 8437 
3 8516 8487 8565 
3 8494 8509 8580 
3 8539 8593 8510 
3 8452 8541 8539 
3 8432 8541 8452 
3 8540 8432 8542 
3 8409 8594 8542 
3 8470 8594 8409 
3 8506 8554 8582 
3 8512 8568 8595 
3 8586 8517 8433 
3 8493 8596 8507 
3 8591 8545 8544 
3 8575 8597 8535 
3 8546 8577 8598 
3 8546 8486 8577 
3 8408 8571 8443 
3 8599 8566 8537 
3 8600 8558 8523 
3 8601 8536 8538 
3 8510 8593 8525 
3 8471 8602 8496 
3 8471 8561 8602 
3 8603 8554 8562 
3 8447 8498 8584 
3 8489 8334 8502 
3 8546 8487 8406 
3 8501 8604 8521 
3 8601 8605 8579 
3 8606 8532 8581 
3 8528 8607 8608 
3 8528 8608 8529 
3 8609 8514 8572 
3 8610 8534 8569 
3 8588 8573 8518 
3 8474 8514 8555 
3 8468 8551 8556 
3 8611 8515 8429 
3 8570 8490 8612 
3 8612 8490 8522 
3 8576 8519 8613 
3 8566 8613 8519 
3 8559 8495 8614 
3 8509 8558 8580 
3 8561 8582 8615 
3 8603 8562 8616 
3 8533 8532 8617 
3 8527 8618 8607 
3 8507 8596 8588 
3 8557 8589 8449 
3 8590 8575 8485 
3 8604 8501 8535 
3 8619 8577 8576 
3 8613 8566 8620 
3 8599 8537 8579 
3 8511 8621 8470 
3 8615 8602 8561 
3 8603 8582 8554 
3 8583 8465 8526 
3 8460 8622 8586 
3 8623 8550 8453 
3 8529 8608 8587 
3 8624 8568 8500 
3 8513 8625 8454 
3 8574 8596 8493 
3 8544 8552 8626 
3 8592 8564 8437 
3 8627 8489 8502 
3 8446 8443 8628 
3 8628 8629 8446 
3 8578 8630 8631 
3 8600 8523 8578 
3 8629 8504 8446 
3 8538 8632 8601 
3 8633 8440 8464 
3 8621 8511 8633 
3 8496 8602 8634 
3 8635 8567 8505 
3 8549 8636 8548 
3 8637 8498 8533 
3 8512 8595 8562 
3 8638 8517 8586 
3 8624 8500 8625 
3 8639 8569 8638 
3 8544 8626 8591 
3 8571 8489 8640 
3 8576 8613 8619 
3 8525 8614 8495 
3 8641 8539 8541 
3 8594 8642 8542 
3 8643 8531 8496 
3 8498 8637 8584 
3 8572 8543 8585 
3 8568 8512 8483 
3 8581 8482 8644 
3 8472 8587 8644 
3 8644 8482 8472 
3 8623 8453 8573 
3 8609 8555 8514 
3 8545 8591 8485 
3 8645 8646 8530 
3 8488 8647 8502 
3 8598 8577 8648 
3 8648 8577 8619 
3 8469 8649 8522 
3 8599 8620 8566 
3 8599 8579 8650 
3 8504 8651 8464 
3 8617 8637 8533 
3 8586 8652 8638 
3 8527 8607 8528 
3 8625 8500 8454 
3 8653 8556 8551 
3 8556 8653 8552 
3 8515 8654 8557 
3 8508 8655 8553 
3 8601 8579 8536 
3 8580 8656 8524 
3 8560 8657 8632 
3 8440 8633 8511 
3 8642 8540 8542 
3 8470 8621 8594 
3 8583 8526 8567 
3 8568 8658 8595 
3 8517 8638 8569 
3 8513 8659 8625 
3 8660 8573 8588 
3 8551 8661 8662 
3 8481 8589 8574 
3 8663 8590 8591 
3 8664 8597 8575 
3 8647 8488 8665 
3 8502 8647 8627 
3 8546 8598 8565 
3 8604 8630 8521 
3 8443 8571 8628 
3 8657 8560 8524 
3 8531 8643 8666 
3 8549 8667 8636 
3 8532 8606 8617 
3 8460 8584 8622 
3 8563 8659 8513 
3 8668 8574 8589 
3 8626 8552 8669 
3 8645 8530 8553 
3 8613 8620 8619 
3 8560 8632 8538 
3 8464 8651 8633 
3 8670 8641 8541 
3 8496 8634 8643 
3 8615 8634 8602 
3 8585 8548 8636 
3 8557 8671 8589 
3 8570 8655 8508 
3 8592 8672 8564 
3 8604 8535 8597 
3 8620 8599 8673 
3 8579 8605 8650 
3 8504 8629 8674 
3 8614 8675 8559 
3 8676 8580 8558 
3 8676 8656 8580 
3 8656 8657 8524 
3 8615 8677 8634 
3 8534 8563 8484 
3 8555 8609 8661 
3 8588 8678 8660 
3 8654 8671 8557 
3 8547 8564 8672 
3 8516 8565 8679 
3 8598 8680 8565 
3 8612 8522 8681 
3 8674 8651 8504 
3 8540 8670 8541 
3 8682 8615 8582 
3 8555 8661 8551 
3 8626 8669 8683 
3 8626 8663 8591 
3 8429 8530 8611 
3 8611 8530 8646 
3 8570 8612 8684 
3 8627 8640 8489 
3 8619 8685 8648 
3 8619 8620 8685 
3 8559 8649 8469 
3 8686 8525 8593 
3 8687 8633 8651 
3 8562 8595 8616 
3 8688 8584 8637 
3 8688 8622 8584 
3 8658 8568 8624 
3 8618 8527 8550 
3 8623 8689 8550 
3 8592 8516 8679 
3 8628 8690 8629 
3 8620 8673 8685 
3 8629 8690 8691 
3 8673 8692 8685 
3 8605 8693 8694 
3 8686 8614 8525 
3 8505 8531 8635 
3 8695 8659 8563 
3 8569 8639 8610 
3 8653 8551 8662 
3 8655 8645 8553 
3 8679 8696 8592 
3 8680 8598 8697 
3 8697 8598 8648 
3 8631 8698 8600 
3 8629 8691 8674 
3 8605 8601 8693 
3 8567 8635 8699 
3 8583 8567 8699 
3 8582 8603 8700 
3 8667 8549 8583 
3 8637 8617 8701 
3 8702 8623 8573 
3 8653 8669 8552 
3 8547 8665 8488 
3 8640 8703 8571 
3 8597 8704 8604 
3 8600 8578 8631 
3 8632 8693 8601 
3 8670 8705 8641 
3 8706 8666 8643 
3 8609 8572 8707 
3 8586 8622 8652 
3 8563 8534 8610 
3 8573 8660 8702 
3 8671 8668 8589 
3 8627 8708 8640 
3 8571 8703 8628 
3 8648 8685 8709 
3 8559 8675 8649 
3 8676 8558 8698 
3 8650 8605 8694 
3 8643 8634 8706 
3 8682 8677 8615 
3 8707 8572 8585 
3 8710 8608 8607 
3 8624 8625 8711 
3 8712 8644 8713 
3 8661 8609 8714 
3 8574 8715 8596 
3 8716 8653 8662 
3 8611 8654 8515 
3 8679 8717 8696 
3 8630 8604 8718 
3 8650 8673 8599 
3 8657 8719 8632 
3 8719 8693 8632 
3 8635 8531 8666 
3 8582 8700 8682 
3 8720 8701 8617 
3 8637 8701 8688 
3 8658 8721 8595 
3 8587 8710 8713 
3 8710 8587 8608 
3 8722 8695 8563 
3 8668 8715 8574 
3 8663 8723 8590 
3 8664 8575 8590 
3 8696 8672 8592 
3 8690 8628 8703 
3 8681 8522 8649 
3 8690 8703 8724 
3 8593 8539 8641 
3 8621 8633 8687 
3 8725 8540 8642 
3 8617 8726 8720 
3 8595 8721 8616 
3 8625 8659 8711 
3 8727 8728 8683 
3 8663 8626 8683 
3 8697 8648 8709 
3 8674 8729 8651 
3 8730 8621 8687 
3 8677 8706 8634 
3 8635 8666 8731 
3 8583 8699 8732 
3 8726 8617 8606 
3 8658 8624 8711 
3 8618 8550 8689 
3 8707 8714 8609 
3 8678 8588 8596 
3 8672 8733 8547 
3 8703 8640 8734 
3 8650 8735 8673 
3 8729 8687 8651 
3 8736 8737 8642 
3 8699 8635 8731 
3 8738 8622 8688 
3 8739 8581 8644 
3 8638 8740 8639 
3 8570 8684 8655 
3 8627 8647 8741 
3 8718 8604 8704 
3 8690 8724 8742 
3 8600 8698 8558 
3 8670 8540 8725 
3 8743 8710 8607 
3 8744 8711 8659 
3 8702 8745 8623 
3 8716 8669 8653 
3 8590 8723 8664 
3 8565 8680 8679 
3 8686 8746 8614 
3 8593 8747 8686 
3 8621 8730 8736 
3 8594 8621 8736 
3 8699 8731 8748 
3 8732 8699 8748 
3 8667 8583 8732 
3 8700 8603 8749 
3 8750 8707 8585 
3 8607 8618 8743 
3 8751 8662 8661 
3 8668 8671 8752 
3 8646 8645 8753 
3 8597 8664 8754 
3 8647 8665 8755 
3 8735 8650 8694 
3 8747 8593 8756 
3 8700 8757 8682 
3 8721 8658 8758 
3 8622 8738 8652 
3 8740 8638 8652 
3 8702 8660 8759 
3 8654 8760 8671 
3 8654 8611 8761 
3 8761 8611 8646 
3 8684 8762 8655 
3 8741 8647 8755 
3 8547 8733 8665 
3 8681 8763 8612 
3 8764 8681 8649 
3 8742 8765 8691 
3 8630 8578 8521 
3 8675 8764 8649 
3 8675 8614 8746 
3 8692 8673 8735 
3 8736 8642 8594 
3 8766 8585 8636 
3 8766 8767 8750 
3 8688 8768 8738 
3 8710 8743 8769 
3 8587 8713 8644 
3 8770 8723 8663 
3 8708 8627 8741 
3 8733 8672 8771 
3 8672 8696 8771 
3 8717 8679 8680 
3 8742 8691 8690 
3 8772 8631 8630 
3 8730 8687 8729 
3 8749 8603 8616 
3 8606 8581 8739 
3 8758 8658 8773 
3 8744 8659 8695 
3 8722 8610 8639 
3 8702 8774 8745 
3 8759 8660 8678 
3 8716 8662 8775 
3 8753 8761 8646 
3 8723 8754 8664 
3 8776 8755 8665 
3 8733 8776 8665 
3 8708 8734 8640 
3 8724 8703 8734 
3 8674 8691 8777 
3 8739 8644 8712 
3 8740 8778 8639 
3 8751 8661 8714 
3 8771 8696 8779 
3 8780 8704 8597 
3 8781 8680 8697 
3 8630 8718 8772 
3 8691 8765 8777 
3 8782 8698 8631 
3 8674 8777 8729 
3 8705 8756 8641 
3 8783 8784 8667 
3 8784 8636 8667 
3 8744 8773 8711 
3 8689 8623 8745 
3 8780 8597 8754 
3 8717 8779 8696 
3 8785 8656 8786 
3 8785 8657 8656 
3 8682 8787 8677 
3 8688 8701 8768 
3 8710 8769 8713 
3 8702 8759 8774 
3 8663 8683 8770 
3 8770 8788 8723 
3 8612 8763 8684 
3 8719 8789 8693 
3 8593 8641 8756 
3 8736 8730 8790 
3 8725 8642 8737 
3 8706 8791 8792 
3 8706 8792 8666 
3 8682 8757 8787 
3 8700 8749 8793 
3 8749 8616 8794 
3 8766 8636 8784 
3 8795 8618 8689 
3 8713 8769 8796 
3 8738 8797 8652 
3 8610 8722 8563 
3 8714 8798 8751 
3 8678 8596 8715 
3 8752 8671 8760 
3 8788 8754 8723 
3 8741 8799 8708 
3 8762 8684 8763 
3 8742 8724 8800 
3 8704 8801 8718 
3 8735 8802 8692 
3 8693 8803 8694 
3 8677 8787 8804 
3 8711 8773 8658 
3 8707 8805 8714 
3 8775 8662 8806 
3 8728 8770 8683 
3 8807 8724 8734 
3 8776 8733 8808 
3 8709 8809 8697 
3 8692 8810 8685 
3 8786 8656 8676 
3 8804 8791 8706 
3 8731 8666 8792 
3 8750 8805 8707 
3 8722 8639 8778 
3 8751 8806 8662 
3 8761 8760 8654 
3 8645 8811 8753 
3 8655 8811 8645 
3 8762 8811 8655 
3 8708 8812 8734 
3 8812 8807 8734 
3 8808 8733 8771 
3 8801 8704 8780 
3 8772 8782 8631 
3 8813 8735 8694 
3 8814 8670 8725 
3 8677 8804 8706 
3 8757 8700 8793 
3 8794 8616 8721 
3 8750 8585 8766 
3 8805 8798 8714 
3 8815 8746 8686 
3 8816 8802 8735 
3 8686 8747 8815 
3 8793 8749 8817 
3 8818 8744 8695 
3 8753 8819 8761 
3 8811 8820 8753 
3 8821 8764 8675 
3 8719 8657 8822 
3 8803 8693 8789 
3 8731 8823 8748 
3 8721 8758 8794 
3 8739 8824 8606 
3 8715 8825 8678 
3 8826 8807 8812 
3 8812 8708 8827 
3 8697 8809 8781 
3 8828 8772 8718 
3 8829 8709 8810 
3 8746 8821 8675 
3 8719 8822 8789 
3 8731 8792 8823 
3 8783 8667 8732 
3 8824 8726 8606 
3 8830 8743 8795 
3 8796 8712 8713 
3 8652 8797 8740 
3 8825 8759 8678 
3 8812 8831 8826 
3 8831 8812 8827 
3 8827 8708 8799 
3 8800 8724 8807 
3 8680 8781 8717 
3 8764 8832 8681 
3 8810 8709 8685 
3 8833 8786 8676 
3 8705 8814 8834 
3 8737 8736 8790 
3 8757 8793 8835 
3 8836 8766 8784 
3 8618 8795 8743 
3 8689 8837 8795 
3 8751 8838 8806 
3 8839 8753 8820 
3 8840 8741 8755 
3 8765 8841 8777 
3 8841 8729 8777 
3 8676 8698 8833 
3 8803 8813 8694 
3 8842 8813 8803 
3 8843 8836 8784 
3 8773 8844 8758 
3 8845 8773 8744 
3 8695 8846 8818 
3 8846 8695 8722 
3 8715 8668 8847 
3 8848 8754 8788 
3 8807 8826 8849 
3 8799 8741 8840 
3 8800 8850 8742 
3 8765 8851 8852 
3 8853 8854 8829 
3 8730 8729 8855 
3 8856 8814 8725 
3 8847 8668 8752 
3 8827 8857 8831 
3 8827 8858 8857 
3 8799 8858 8827 
3 8849 8800 8807 
3 8859 8779 8717 
3 8851 8765 8742 
3 8816 8735 8813 
3 8785 8822 8657 
3 8792 8791 8860 
3 8860 8823 8792 
3 8861 8804 8787 
3 8862 8787 8757 
3 8863 8720 8726 
3 8722 8778 8846 
3 8825 8715 8847 
3 8864 8811 8762 
3 8865 8801 8866 
3 8801 8828 8718 
3 8821 8867 8764 
3 8756 8868 8747 
3 8856 8725 8737 
3 8862 8861 8787 
3 8783 8732 8869 
3 8870 8794 8758 
3 8701 8720 8871 
3 8701 8871 8768 
3 8743 8830 8769 
3 8872 8759 8825 
3 8819 8760 8761 
3 8819 8753 8839 
3 8811 8864 8820 
3 8799 8840 8858 
3 8780 8754 8848 
3 8832 8764 8867 
3 8833 8698 8873 
3 8732 8748 8869 
3 8818 8845 8744 
3 8837 8874 8795 
3 8837 8689 8745 
3 8780 8848 8866 
3 8763 8681 8832 
3 8850 8851 8742 
3 8853 8810 8802 
3 8782 8873 8698 
3 8747 8868 8815 
3 8786 8833 8875 
3 8797 8738 8876 
3 8774 8837 8745 
3 8774 8759 8872 
3 8775 8806 8877 
3 8878 8849 8826 
3 8840 8755 8879 
3 8849 8850 8800 
3 8781 8880 8717 
3 8841 8765 8852 
3 8786 8875 8785 
3 8730 8855 8790 
3 8670 8814 8705 
3 8881 8737 8790 
3 8862 8757 8835 
3 8726 8824 8863 
3 8882 8824 8739 
3 8882 8712 8796 
3 8739 8712 8882 
3 8883 8769 8830 
3 8740 8797 8884 
3 8751 8798 8838 
3 8877 8806 8885 
3 8847 8886 8887 
3 8819 8888 8760 
3 8819 8839 8889 
3 8770 8890 8788 
3 8891 8858 8840 
3 8892 8864 8762 
3 8776 8879 8755 
3 8780 8866 8801 
3 8809 8829 8893 
3 8746 8894 8821 
3 8803 8895 8842 
3 8789 8895 8803 
3 8784 8783 8843 
3 8896 8798 8805 
3 8897 8898 8831 
3 8899 8900 8857 
3 8826 8831 8878 
3 8771 8779 8901 
3 8841 8855 8729 
3 8802 8810 8692 
3 8902 8855 8841 
3 8816 8813 8903 
3 8813 8842 8903 
3 8904 8869 8748 
3 8905 8869 8904 
3 8869 8843 8783 
3 8749 8794 8817 
3 8883 8906 8769 
3 8906 8796 8769 
3 8892 8763 8907 
3 8763 8892 8762 
3 8908 8782 8772 
3 8909 8910 8823 
3 8767 8766 8836 
3 8871 8720 8911 
3 8912 8830 8874 
3 8899 8857 8858 
3 8899 8858 8891 
3 8913 8879 8776 
3 8859 8717 8880 
3 8709 8829 8809 
3 8841 8852 8914 
3 8915 8822 8785 
3 8916 8834 8917 
3 8856 8737 8881 
3 8918 8791 8804 
3 8919 8860 8791 
3 8748 8823 8910 
3 8920 8797 8876 
3 8797 8920 8884 
3 8825 8847 8887 
3 8888 8752 8760 
3 8820 8864 8921 
3 8857 8897 8831 
3 8922 8891 8879 
3 8879 8891 8840 
3 8849 8878 8923 
3 8808 8901 8924 
3 8925 8850 8849 
3 8832 8907 8763 
3 8926 8853 8802 
3 8916 8868 8756 
3 8705 8916 8756 
3 8895 8927 8842 
3 8834 8916 8705 
3 8861 8918 8804 
3 8824 8882 8928 
3 8929 8750 8767 
3 8884 8778 8740 
3 8837 8774 8930 
3 8820 8921 8839 
3 8897 8857 8900 
3 8776 8808 8913 
3 8859 8901 8779 
3 8867 8931 8832 
3 8853 8829 8810 
3 8833 8873 8932 
3 8814 8933 8834 
3 8933 8814 8856 
3 8862 8835 8934 
3 8720 8863 8911 
3 8912 8883 8830 
3 8896 8805 8750 
3 8849 8923 8925 
3 8935 8865 8866 
3 8865 8828 8801 
3 8875 8833 8932 
3 8936 8789 8822 
3 8936 8822 8937 
3 8895 8789 8936 
3 8863 8938 8911 
3 8773 8845 8844 
3 8939 8846 8778 
3 8818 8940 8941 
3 8845 8818 8941 
3 8837 8930 8874 
3 8798 8896 8942 
3 8942 8838 8798 
3 8889 8888 8819 
3 8943 8848 8788 
3 8808 8771 8901 
3 8772 8828 8908 
3 8915 8785 8875 
3 8844 8870 8758 
3 8882 8796 8944 
3 8929 8945 8896 
3 8907 8832 8931 
3 8946 8851 8850 
3 8893 8781 8809 
3 8908 8828 8947 
3 8903 8842 8948 
3 8817 8835 8793 
3 8794 8870 8949 
3 8928 8938 8863 
3 8950 8768 8871 
3 8896 8750 8929 
3 8795 8874 8830 
3 8738 8768 8876 
3 8897 8900 8951 
3 8913 8808 8924 
3 8952 8852 8851 
3 8841 8914 8902 
3 8953 8873 8954 
3 8855 8902 8955 
3 8916 8956 8868 
3 8955 8790 8855 
3 8927 8948 8842 
3 8861 8862 8957 
3 8910 8904 8748 
3 8869 8905 8843 
3 8817 8794 8949 
3 8928 8863 8824 
3 8958 8871 8911 
3 8845 8959 8844 
3 8960 8872 8825 
3 8839 8961 8889 
3 8943 8788 8890 
3 8878 8831 8898 
3 8922 8879 8913 
3 8854 8893 8829 
3 8955 8881 8790 
3 8881 8962 8856 
3 8949 8870 8963 
3 8796 8906 8944 
3 8846 8940 8818 
3 8774 8964 8930 
3 8752 8886 8847 
3 8899 8891 8965 
3 8908 8954 8782 
3 8937 8822 8915 
3 8895 8936 8966 
3 8881 8955 8967 
3 8844 8968 8870 
3 8941 8959 8845 
3 8774 8872 8964 
3 8969 8900 8899 
3 8891 8922 8965 
3 8901 8859 8970 
3 8893 8971 8781 
3 8972 8952 8946 
3 8973 8954 8908 
3 8873 8782 8954 
3 8915 8875 8974 
3 8917 8956 8916 
3 8862 8934 8957 
3 8888 8886 8752 
3 8878 8898 8975 
3 8976 8922 8977 
3 8859 8978 8970 
3 8850 8925 8946 
3 8979 8893 8854 
3 8953 8932 8873 
3 8966 8936 8937 
3 8980 8834 8933 
3 8856 8962 8933 
3 8767 8981 8929 
3 8883 8982 8906 
3 8939 8778 8884 
3 8896 8983 8942 
3 8887 8960 8825 
3 8961 8839 8921 
3 8965 8969 8899 
3 8976 8965 8922 
3 8866 8984 8935 
3 8781 8971 8880 
3 8852 8952 8914 
3 8815 8894 8746 
3 8967 8962 8881 
3 8909 8823 8860 
3 8910 8909 8985 
3 8986 8836 8843 
3 8950 8871 8958 
3 8982 8883 8912 
3 8944 8906 8987 
3 8939 8940 8846 
3 8866 8848 8984 
3 8851 8946 8952 
3 8894 8815 8988 
3 8815 8868 8988 
3 8963 8870 8968 
3 8968 8959 8989 
3 8882 8944 8990 
3 8768 8950 8876 
3 8880 8978 8859 
3 8821 8991 8867 
3 8821 8894 8991 
3 8903 8992 8816 
3 8937 8915 8993 
3 8918 8919 8791 
3 8905 8904 8994 
3 8882 8990 8928 
3 8912 8874 8995 
3 8896 8945 8983 
3 8995 8930 8996 
3 8806 8838 8885 
3 8997 8897 8951 
3 8878 8975 8923 
3 8892 8907 8998 
3 8931 8867 8999 
3 8974 8993 8915 
3 8948 8992 8903 
3 8966 8927 8895 
3 8985 8904 8910 
3 8835 9000 8934 
3 8911 9001 8958 
3 8906 8982 8987 
3 8872 9002 8964 
3 8900 8969 8951 
3 8997 8898 8897 
3 8848 8943 8984 
3 8907 8931 8998 
3 8999 8867 8991 
3 8828 8865 8947 
3 9003 8853 8926 
3 8932 8953 9004 
3 8992 8926 8816 
3 8932 8974 8875 
3 8918 9005 8919 
3 8861 8957 9005 
3 8960 9002 8872 
3 8888 8889 9006 
3 8965 8976 9007 
3 8977 8913 8924 
3 8864 8892 9008 
3 9009 8978 8880 
3 9010 8953 8954 
3 8854 8853 9003 
3 9011 9012 8980 
3 8843 8905 8986 
3 8949 9013 8817 
3 9014 8950 8958 
3 8884 8920 9015 
3 8888 9006 8886 
3 8922 8913 8977 
3 8970 8924 8901 
3 9016 8970 8978 
3 8973 9010 8954 
3 8988 8868 8956 
3 8980 8917 8834 
3 9017 9001 8938 
3 8885 8838 8942 
3 8969 8965 9018 
3 9019 8943 8890 
3 8997 8975 8898 
3 8925 8923 9020 
3 8978 9009 9021 
3 8880 8971 9009 
3 8908 8947 8973 
3 9022 8955 8902 
3 8926 8802 8816 
3 8990 8944 9023 
3 9024 9014 8958 
3 9025 8982 8912 
3 8995 9025 8912 
3 8939 9026 8940 
3 9027 8941 8940 
3 9028 8920 9029 
3 8877 8885 9030 
3 8984 8943 9031 
3 8998 9008 8892 
3 8971 8893 8979 
3 8991 8894 9032 
3 9033 8902 8914 
3 8933 9011 8980 
3 8861 9005 8918 
3 8985 8994 8904 
3 9000 8817 9013 
3 8944 8987 9023 
3 8939 9034 9026 
3 9002 8960 9035 
3 9035 8960 8887 
3 8886 9036 8887 
3 8864 9037 8921 
3 8924 8970 9038 
3 8925 9020 8946 
3 8865 8935 9039 
3 9032 9040 8991 
3 8988 8956 9041 
3 9000 8835 8817 
3 8963 9013 8949 
3 8920 9028 9015 
3 9042 9043 9044 
3 8997 9045 8975 
3 9011 8962 8967 
3 8767 8836 8981 
3 8938 8928 9046 
3 8941 9047 8959 
3 8884 9015 9034 
3 9034 8939 8884 
3 9029 8876 8950 
3 8874 8930 8995 
3 8964 9048 8930 
3 8951 9049 8997 
3 9007 8976 9050 
3 9051 9019 8890 
3 9050 8976 8977 
3 8924 9052 8977 
3 9053 8998 8931 
3 8935 8984 9054 
3 9055 8914 8952 
3 8974 8932 9056 
3 8929 9057 8945 
3 9027 9047 8941 
3 8920 8876 9029 
3 8951 8969 9058 
3 8977 9052 9050 
3 8923 8975 9059 
3 9054 9039 8935 
3 8972 9055 8952 
3 9040 8999 8991 
3 9056 8932 9004 
3 8860 8919 9060 
3 9061 8985 9062 
3 8968 9063 8963 
3 9001 8911 8938 
3 8950 9014 9029 
3 9064 9027 8940 
3 8885 8942 9065 
3 9037 8864 9008 
3 9016 9038 8970 
3 8865 9039 8947 
3 8953 9010 9004 
3 8993 8974 9066 
3 8993 9067 8937 
3 8986 8981 8836 
3 8844 8959 8968 
3 9002 9048 8964 
3 8885 9065 9030 
3 9068 8887 9036 
3 9006 8889 9069 
3 8961 9037 9070 
3 8924 9038 9052 
3 8902 9033 9022 
3 8948 9071 8992 
3 9072 9073 8917 
3 8933 8962 9011 
3 8966 8937 9067 
3 8996 8930 9048 
3 8961 9069 8889 
3 9074 9069 8961 
3 9037 8961 8921 
3 9075 8975 9045 
3 8998 9076 9008 
3 9077 9039 9054 
3 8979 8854 9078 
3 9003 9078 8854 
3 8956 8917 9073 
3 9079 9011 8967 
3 8986 8905 9080 
3 9081 8987 8982 
3 8982 9025 9081 
3 9068 9035 8887 
3 9082 9036 9006 
3 9006 9036 8886 
3 9043 9042 9083 
3 8965 9007 9018 
3 9059 9020 8923 
3 9016 8978 9021 
3 9053 9076 8998 
3 8988 9032 8894 
3 8929 8981 9057 
3 9084 8995 8996 
3 9085 9015 9028 
3 9068 9036 9082 
3 9019 9031 8943 
3 9086 8947 9039 
3 8926 8992 9087 
3 9088 8927 8966 
3 9089 9060 8919 
3 9047 8989 8959 
3 9090 9002 9035 
3 9018 9058 8969 
3 9091 9092 9007 
3 9093 9051 9043 
3 9094 9095 9009 
3 9060 8909 8860 
3 8985 9061 9096 
3 8986 9097 8981 
3 9057 8981 9097 
3 9098 8983 8945 
3 9099 9028 9100 
3 8983 9065 8942 
3 9082 9069 9101 
3 9082 9006 9069 
3 9018 9007 9092 
3 9050 9052 9102 
3 9052 9038 9103 
3 8946 9020 8972 
3 9009 8971 9094 
3 9039 9077 9086 
3 8956 9073 9041 
3 9066 9067 8993 
3 8948 8927 9104 
3 8957 9105 9005 
3 9106 8957 8934 
3 8989 9063 8968 
3 9046 8990 9023 
3 9107 9034 9015 
3 9108 9030 9065 
3 9050 9102 9091 
3 9038 9016 9109 
3 9094 8971 8979 
3 8914 9055 9033 
3 9086 9110 8973 
3 9089 8919 9005 
3 8985 9096 8994 
3 9097 9111 9057 
3 9013 8963 9112 
3 9046 8928 8990 
3 9100 9029 9014 
3 9029 9100 9028 
3 9099 9085 9028 
3 9113 9065 8983 
3 9114 9083 9042 
3 9052 9103 9102 
3 9019 9051 9115 
3 9115 9031 9019 
3 9109 9103 9038 
3 9037 9008 9116 
3 9117 9053 8931 
3 9032 9118 9040 
3 9032 8988 9041 
3 9087 8992 9071 
3 9022 8967 8955 
3 8909 9062 8985 
3 8905 9119 9080 
3 8986 9080 9097 
3 9034 9107 9026 
3 9120 8996 9048 
3 9091 9102 9121 
3 9076 9116 9008 
3 9020 9122 8972 
3 9033 9055 9123 
3 9124 9097 9080 
3 9015 9085 9107 
3 9120 9084 8996 
3 9058 9049 8951 
3 8975 9075 9059 
3 9021 9009 9095 
3 8973 8947 9086 
3 9003 9125 9078 
3 9110 9010 8973 
3 8966 9126 9088 
3 9062 8909 9060 
3 9098 8945 9057 
3 9065 9127 9108 
3 9030 9108 9128 
3 9007 9050 9091 
3 9129 9130 9058 
3 9131 9102 9103 
3 9109 9132 9103 
3 9133 9054 8984 
3 8972 9122 9134 
3 9095 9094 9135 
3 9010 9110 9136 
3 9033 9137 9022 
3 9138 9032 9041 
3 9087 9139 9003 
3 9071 9140 9087 
3 9056 9066 8974 
3 9141 9062 9060 
3 9005 9105 9089 
3 9142 9017 9046 
3 8938 9046 9017 
3 9143 9098 9057 
3 9144 8987 9081 
3 8995 9084 9025 
3 9145 9100 9014 
3 9043 9083 9093 
3 8984 9031 9133 
3 8931 8999 9117 
3 9003 8926 9087 
3 9067 9126 8966 
3 9141 9060 9089 
3 9062 9146 9061 
3 9147 8934 9000 
3 8958 9001 9024 
3 9144 9023 8987 
3 9098 9113 8983 
3 9100 9148 9099 
3 9051 9093 9115 
3 9149 9109 9016 
3 9020 9059 9150 
3 8972 9134 9055 
3 9125 9003 9139 
3 9012 9072 8980 
3 9151 9152 9105 
3 9089 9105 9152 
3 9153 9105 8957 
3 8957 9106 9153 
3 8994 9119 8905 
3 9013 9154 9000 
3 9155 8989 9047 
3 9148 9100 9145 
3 9068 9156 9035 
3 9157 9068 9082 
3 9018 9092 9129 
3 9074 8961 9070 
3 9045 8997 9158 
3 9116 9159 9070 
3 9149 9016 9021 
3 9059 9075 9150 
3 9079 8967 9022 
3 8917 8980 9072 
3 9147 9106 8934 
3 9024 9001 9160 
3 9025 9161 9081 
3 9161 9025 9084 
3 9162 9064 9026 
3 9048 9002 9090 
3 9163 9129 9092 
3 9031 9115 9164 
3 9004 9010 9136 
3 9073 9165 9041 
3 9166 9066 9056 
3 8994 9096 9119 
3 9097 9124 9111 
3 9112 9154 9013 
3 9112 8963 9063 
3 9167 9046 9023 
3 9144 9081 9168 
3 9162 9026 9107 
3 9107 9169 9162 
3 9018 9129 9058 
3 9069 9074 9101 
3 9049 9058 9130 
3 9070 9037 9116 
3 9170 9054 9133 
3 9170 9077 9054 
3 9040 9171 8999 
3 9118 9032 9138 
3 9139 9087 9140 
3 9166 9056 9172 
3 9004 9172 9056 
3 9022 9137 9079 
3 9104 9173 9071 
3 9000 9154 9147 
3 9026 9064 8940 
3 9157 9156 9068 
3 9163 9092 9174 
3 9174 9092 9091 
3 9131 9121 9102 
3 9074 9070 9159 
3 9122 9020 9150 
3 9053 9175 9076 
3 9086 9176 9110 
3 9177 9066 9166 
3 9178 9011 9079 
3 9011 9178 9012 
3 9179 9063 8989 
3 9014 9024 9145 
3 9156 9090 9035 
3 9128 9108 9180 
3 9181 9093 9083 
3 9158 8997 9049 
3 9075 9045 9182 
3 9183 9055 9134 
3 9086 9077 9176 
3 9040 9118 9171 
3 9110 9184 9136 
3 9136 9172 9004 
3 9185 9067 9066 
3 9057 9111 9143 
3 9186 9098 9143 
3 9187 9188 9047 
3 9161 9168 9081 
3 9048 9090 9189 
3 9129 9190 9130 
3 9174 9091 9121 
3 9116 9076 9191 
3 9021 9095 9192 
3 8979 9193 9094 
3 9125 9139 9194 
3 9195 9088 9126 
3 9067 9185 9126 
3 9152 9141 9089 
3 9142 9167 9196 
3 9001 9017 9160 
3 9144 9167 9023 
3 9186 9113 9098 
3 9048 9189 9120 
3 9197 9114 9128 
3 9157 9082 9198 
3 9101 9198 9082 
3 9083 9114 9197 
3 9103 9199 9131 
3 9200 9176 9077 
3 9183 9123 9055 
3 9123 9201 9137 
3 9202 9012 9178 
3 8927 9088 9104 
3 9153 9106 9203 
3 9080 9119 9204 
3 9142 9160 9017 
3 9145 9024 9205 
3 9120 9206 9207 
3 9208 9085 9099 
3 9103 9132 9199 
3 9135 9209 9095 
3 9117 9175 9053 
3 9193 9135 9094 
3 9137 9033 9123 
3 9185 9066 9177 
3 9142 9046 9167 
3 9024 9160 9205 
3 9064 9187 9027 
3 9148 9210 9211 
3 9099 9148 9208 
3 9107 9085 9169 
3 9212 9189 9090 
3 9090 9156 9212 
3 9213 9197 9128 
3 9214 9190 9129 
3 9215 9159 9116 
3 9164 9133 9031 
3 9078 9193 8979 
3 9123 9183 9216 
3 9072 9217 9073 
3 9071 8948 9104 
3 9072 9012 9218 
3 9062 9141 9146 
3 9153 9151 9105 
3 9154 9219 9147 
3 9187 9047 9027 
3 9120 9207 9084 
3 9220 9064 9162 
3 9085 9208 9221 
3 9162 9169 9222 
3 9180 9108 9223 
3 9101 9224 9225 
3 9132 9109 9226 
3 9165 9138 9041 
3 9172 9136 9227 
3 9217 9165 9073 
3 9140 9071 9173 
3 9228 9104 9088 
3 9126 9229 9195 
3 9219 9154 9230 
3 9222 9220 9162 
3 9221 9169 9085 
3 9163 9174 9231 
3 9198 9101 9225 
3 9083 9197 9181 
3 9190 9232 9130 
3 9049 9130 9232 
3 9149 9226 9109 
3 9233 9134 9122 
3 9125 9193 9078 
3 9171 9118 9234 
3 9110 9176 9184 
3 9126 9185 9229 
3 9203 9106 9147 
3 9143 9111 9235 
3 9169 9221 9236 
3 9236 9222 9169 
3 9237 9157 9198 
3 9238 9121 9131 
3 9093 9181 9239 
3 9239 9115 9093 
3 9240 9158 9049 
3 9241 9182 9045 
3 9242 9150 9075 
3 9149 9021 9192 
3 9138 9165 9243 
3 9244 9096 9061 
3 9119 9096 9245 
3 9119 9245 9204 
3 9142 9246 9160 
3 9127 9113 9186 
3 9084 9247 9161 
3 9205 9210 9145 
3 9187 9064 9220 
3 9221 9208 9248 
3 9231 9249 9163 
3 9249 9214 9163 
3 9231 9174 9250 
3 9174 9121 9251 
3 9131 9199 9238 
3 9191 9215 9116 
3 9134 9233 9183 
3 9117 8999 9171 
3 9252 9079 9137 
3 9253 9140 9173 
3 9254 9235 9111 
3 9155 9188 9255 
3 9256 9168 9161 
3 9222 9257 9220 
3 9208 9148 9258 
3 9237 9259 9156 
3 9221 9248 9249 
3 9249 9236 9221 
3 9214 9249 9248 
3 9129 9163 9214 
3 9250 9174 9251 
3 9191 9076 9175 
3 9125 9260 9193 
3 9216 9201 9123 
3 9196 9246 9142 
3 8989 9155 9179 
3 9160 9246 9205 
3 9258 9248 9208 
3 9261 9222 9236 
3 9236 9249 9231 
3 9231 9261 9236 
3 9261 9231 9250 
3 9214 9248 9262 
3 9190 9214 9262 
3 9121 9238 9251 
3 9240 9049 9232 
3 9132 9263 9199 
3 9227 9136 9184 
3 9264 9166 9172 
3 9072 9218 9217 
3 9144 9265 9167 
3 9196 9167 9265 
3 9108 9127 9223 
3 9266 9261 9250 
3 9251 9266 9250 
3 9190 9267 9232 
3 9159 9224 9074 
3 9268 9164 9115 
3 9133 9164 9269 
3 9150 9270 9122 
3 9233 9271 9183 
3 9137 9201 9272 
3 9264 9172 9227 
3 9165 9217 9273 
3 9274 9177 9166 
3 9218 9012 9202 
3 9229 9185 9275 
3 9112 9063 9276 
3 9127 9065 9113 
3 9145 9210 9148 
3 9258 9148 9211 
3 9157 9237 9156 
3 9248 9258 9262 
3 9267 9190 9262 
3 9199 9263 9277 
3 9263 9132 9226 
3 9075 9182 9242 
3 9278 9269 9164 
3 9133 9269 9170 
3 9135 9193 9260 
3 9140 9279 9139 
3 9279 9194 9139 
3 9137 9272 9252 
3 9228 9280 9173 
3 9080 9204 9124 
3 9254 9111 9124 
3 9155 9047 9188 
3 9205 9281 9210 
3 9156 9259 9212 
3 9261 9257 9222 
3 9164 9268 9278 
3 9095 9209 9192 
3 9117 9171 9282 
3 9118 9138 9283 
3 9243 9283 9138 
3 9273 9243 9165 
3 9104 9228 9173 
3 9153 9284 9151 
3 9219 9285 9147 
3 9205 9246 9281 
3 9266 9257 9261 
3 9101 9074 9224 
3 9158 9240 9241 
3 9158 9241 9045 
3 9286 9242 9182 
3 9270 9233 9122 
3 9175 9117 9282 
3 9178 9079 9252 
3 9284 9153 9203 
3 9287 9254 9124 
3 9179 9276 9063 
3 9276 9288 9289 
3 9290 9186 9143 
3 9168 9291 9144 
3 9168 9256 9291 
3 9257 9292 9220 
3 9266 9251 9293 
3 9294 9181 9197 
3 9295 9296 9191 
3 9270 9150 9242 
3 9216 9183 9271 
3 9096 9244 9245 
3 9204 9287 9124 
3 9247 9084 9207 
3 9297 9188 9187 
3 9212 9206 9189 
3 9180 9213 9128 
3 9238 9293 9251 
3 9199 9277 9238 
3 9191 9296 9215 
3 9298 9077 9170 
3 9234 9118 9283 
3 9228 9088 9195 
3 9287 9299 9254 
3 9291 9265 9144 
3 9256 9161 9247 
3 9220 9292 9187 
3 9120 9189 9206 
3 9211 9300 9301 
3 9115 9239 9268 
3 9298 9200 9077 
3 9302 9135 9260 
3 9303 9201 9216 
3 9276 9230 9112 
3 9255 9179 9155 
3 9247 9207 9304 
3 9211 9210 9300 
3 9262 9258 9305 
3 9306 9257 9266 
3 9307 9306 9293 
3 9237 9198 9308 
3 9232 9267 9309 
3 9310 9239 9181 
3 9226 9149 9311 
3 9311 9149 9192 
3 9234 9282 9171 
3 9125 9312 9260 
3 9313 9184 9176 
3 9283 9314 9234 
3 9125 9194 9312 
3 9315 9217 9218 
3 9185 9177 9275 
3 9316 9141 9152 
3 9316 9146 9141 
3 9203 9317 9284 
3 9318 9204 9245 
3 9154 9112 9230 
3 9305 9319 9267 
3 9225 9308 9198 
3 9232 9309 9240 
3 9209 9135 9302 
3 9303 9272 9201 
3 9255 9288 9179 
3 9320 9196 9265 
3 9306 9292 9257 
3 9239 9310 9268 
3 9278 9268 9321 
3 9282 9234 9322 
3 9313 9176 9200 
3 9184 9323 9227 
3 9217 9315 9273 
3 9178 9324 9202 
3 9285 9203 9147 
3 9276 9179 9288 
3 9246 9325 9281 
3 9326 9223 9327 
3 9292 9306 9328 
3 9258 9211 9305 
3 9329 9180 9223 
3 9305 9267 9262 
3 9238 9330 9293 
3 9240 9309 9331 
3 9061 9146 9244 
3 9332 9245 9244 
3 9203 9285 9317 
3 9318 9287 9204 
3 9290 9143 9235 
3 9246 9196 9325 
3 9333 9265 9291 
3 9334 9206 9212 
3 9301 9305 9211 
3 9293 9306 9266 
3 9319 9309 9267 
3 9277 9330 9238 
3 9335 9192 9209 
3 9336 9170 9269 
3 9337 9252 9272 
3 9264 9274 9166 
3 9324 9178 9252 
3 9317 9338 9284 
3 9187 9292 9297 
3 9127 9327 9223 
3 9319 9305 9301 
3 9319 9301 9339 
3 9329 9213 9180 
3 9197 9213 9294 
3 9319 9340 9309 
3 9341 9342 9277 
3 9241 9343 9182 
3 9344 9270 9242 
3 9175 9295 9191 
3 9336 9298 9170 
3 9314 9283 9345 
3 9202 9346 9218 
3 9320 9325 9196 
3 9127 9186 9327 
3 9328 9306 9307 
3 9241 9240 9331 
3 9347 9241 9331 
3 9311 9192 9335 
3 9302 9348 9209 
3 9184 9313 9323 
3 9345 9283 9243 
3 9194 9279 9349 
3 9350 9227 9323 
3 9230 9351 9219 
3 9254 9299 9235 
3 9352 9235 9299 
3 9290 9353 9186 
3 9186 9353 9327 
3 9281 9300 9210 
3 9307 9293 9330 
3 9354 9310 9294 
3 9224 9355 9225 
3 9356 9341 9263 
3 9215 9357 9159 
3 9286 9344 9242 
3 9312 9194 9349 
3 9358 9303 9216 
3 9324 9252 9337 
3 9318 9245 9332 
3 9219 9359 9285 
3 9230 9289 9351 
3 9188 9297 9360 
3 9291 9361 9333 
3 9291 9256 9361 
3 9334 9212 9259 
3 9237 9362 9259 
3 9308 9362 9237 
3 9363 9269 9278 
3 9364 9233 9270 
3 9338 9151 9284 
3 9289 9365 9351 
3 9290 9235 9352 
3 9325 9366 9281 
3 9366 9300 9281 
3 9297 9292 9328 
3 9367 9294 9213 
3 9368 9347 9331 
3 9225 9355 9369 
3 9159 9370 9224 
3 9182 9343 9286 
3 9278 9321 9371 
3 9357 9215 9296 
3 9282 9295 9175 
3 9234 9314 9322 
3 9177 9274 9275 
3 9372 9228 9195 
3 9274 9373 9275 
3 9219 9351 9359 
3 9290 9374 9353 
3 9265 9333 9320 
3 9326 9329 9223 
3 9301 9300 9375 
3 9301 9375 9339 
3 9213 9376 9367 
3 9368 9331 9309 
3 9181 9294 9310 
3 9355 9224 9370 
3 9341 9277 9263 
3 9370 9159 9357 
3 9363 9278 9371 
3 9348 9335 9209 
3 9140 9253 9279 
3 9280 9228 9372 
3 9229 9377 9195 
3 9276 9289 9230 
3 9255 9378 9288 
3 9304 9207 9379 
3 9206 9379 9207 
3 9362 9308 9380 
3 9340 9319 9339 
3 9263 9226 9356 
3 9322 9295 9282 
3 9216 9271 9358 
3 9349 9279 9381 
3 9315 9218 9346 
3 9382 9316 9152 
3 9256 9247 9383 
3 9247 9304 9383 
3 9308 9225 9369 
3 9347 9343 9241 
3 9310 9321 9268 
3 9296 9295 9384 
3 9200 9298 9385 
3 9386 9313 9200 
3 9350 9264 9227 
3 9372 9387 9280 
3 9346 9324 9388 
3 9324 9346 9202 
3 9229 9275 9389 
3 9151 9382 9152 
3 9390 9244 9146 
3 9332 9244 9390 
3 9332 9391 9318 
3 9328 9392 9297 
3 9369 9380 9308 
3 9340 9368 9309 
3 9311 9356 9226 
3 9335 9393 9311 
3 9358 9271 9394 
3 9253 9173 9280 
3 9273 9315 9395 
3 9377 9372 9195 
3 9275 9373 9389 
3 9146 9316 9396 
3 9285 9359 9317 
3 9320 9333 9397 
3 9398 9325 9320 
3 9334 9259 9362 
3 9213 9329 9376 
3 9344 9364 9270 
3 9233 9364 9271 
3 9260 9312 9399 
3 9273 9345 9243 
3 9327 9353 9400 
3 9400 9326 9327 
3 9360 9255 9188 
3 9379 9206 9334 
3 9401 9402 9307 
3 9367 9354 9294 
3 9393 9356 9311 
3 9388 9403 9346 
3 9359 9351 9404 
3 9299 9287 9405 
3 9360 9378 9255 
3 9328 9307 9402 
3 9406 9370 9357 
3 9336 9269 9363 
3 9349 9407 9312 
3 9350 9323 9408 
3 9274 9264 9409 
3 9410 9316 9382 
3 9338 9382 9151 
3 9338 9317 9411 
3 9412 9288 9378 
3 9361 9256 9383 
3 9355 9413 9369 
3 9414 9343 9347 
3 9394 9364 9415 
3 9260 9399 9302 
3 9416 9289 9288 
3 9398 9366 9325 
3 9375 9300 9366 
3 9366 9417 9375 
3 9402 9392 9328 
3 9401 9307 9330 
3 9330 9342 9401 
3 9418 9414 9347 
3 9406 9357 9419 
3 9420 9384 9295 
3 9420 9295 9322 
3 9345 9421 9314 
3 9350 9409 9264 
3 9315 9346 9403 
3 9316 9410 9396 
3 9374 9290 9352 
3 9422 9383 9304 
3 9376 9329 9423 
3 9424 9340 9339 
3 9342 9330 9277 
3 9355 9370 9413 
3 9413 9370 9406 
3 9341 9356 9425 
3 9343 9426 9286 
3 9296 9419 9357 
3 9381 9279 9253 
3 9427 9303 9428 
3 9427 9272 9303 
3 9427 9429 9272 
3 9229 9389 9377 
3 9430 9382 9338 
3 9431 9332 9390 
3 9432 9339 9375 
3 9407 9399 9312 
3 9433 9323 9313 
3 9350 9434 9409 
3 9429 9337 9272 
3 9324 9337 9435 
3 9392 9360 9297 
3 9334 9436 9379 
3 9437 9368 9340 
3 9414 9426 9343 
3 9438 9371 9321 
3 9425 9356 9393 
3 9386 9200 9385 
3 9394 9439 9358 
3 9280 9440 9253 
3 9280 9387 9440 
3 9396 9390 9146 
3 9411 9430 9338 
3 9318 9405 9287 
3 9416 9288 9412 
3 9353 9374 9400 
3 9320 9397 9398 
3 9366 9398 9417 
3 9339 9432 9424 
3 9376 9441 9367 
3 9367 9442 9354 
3 9419 9296 9384 
3 9348 9302 9443 
3 9336 9385 9298 
3 9314 9444 9322 
3 9443 9302 9399 
3 9433 9313 9386 
3 9345 9273 9395 
3 9403 9388 9445 
3 9388 9324 9435 
3 9446 9304 9379 
3 9367 9441 9442 
3 9437 9340 9424 
3 9447 9321 9310 
3 9448 9419 9384 
3 9350 9408 9434 
3 9317 9449 9411 
3 9365 9289 9416 
3 9432 9375 9417 
3 9376 9423 9441 
3 9342 9341 9450 
3 9354 9447 9310 
3 9321 9447 9438 
3 9286 9426 9451 
3 9451 9452 9344 
3 9420 9448 9384 
3 9364 9344 9452 
3 9453 9385 9336 
3 9408 9323 9433 
3 9253 9440 9381 
3 9409 9373 9274 
3 9389 9454 9377 
3 9332 9431 9391 
3 9365 9404 9351 
3 9318 9391 9405 
3 9416 9455 9365 
3 9378 9360 9456 
3 9457 9360 9392 
3 9379 9436 9446 
3 9451 9344 9286 
3 9393 9335 9458 
3 9348 9458 9335 
3 9363 9453 9336 
3 9459 9314 9421 
3 9460 9433 9386 
3 9461 9421 9395 
3 9421 9345 9395 
3 9358 9428 9303 
3 9409 9462 9463 
3 9463 9373 9409 
3 9315 9403 9464 
3 9430 9410 9382 
3 9465 9390 9396 
3 9334 9466 9436 
3 9334 9362 9466 
3 9467 9380 9369 
3 9369 9413 9467 
3 9444 9420 9322 
3 9394 9271 9364 
3 9358 9439 9428 
3 9409 9434 9462 
3 9456 9412 9378 
3 9468 9397 9333 
3 9456 9360 9457 
3 9326 9423 9329 
3 9469 9392 9402 
3 9470 9413 9406 
3 9471 9363 9371 
3 9363 9472 9453 
3 9385 9453 9473 
3 9444 9314 9459 
3 9474 9394 9415 
3 9443 9399 9475 
3 9474 9439 9394 
3 9476 9349 9381 
3 9299 9477 9478 
3 9478 9352 9299 
3 9418 9347 9368 
3 9479 9419 9448 
3 9426 9480 9451 
3 9448 9420 9481 
3 9407 9475 9399 
3 9482 9439 9474 
3 9454 9389 9483 
3 9429 9435 9337 
3 9396 9410 9484 
3 9449 9317 9359 
3 9485 9365 9455 
3 9422 9304 9446 
3 9486 9326 9400 
3 9380 9466 9362 
3 9437 9418 9368 
3 9487 9467 9413 
3 9386 9385 9473 
3 9349 9476 9407 
3 9461 9395 9464 
3 9488 9440 9387 
3 9373 9483 9389 
3 9468 9333 9361 
3 9446 9436 9489 
3 9414 9418 9490 
3 9450 9341 9425 
3 9419 9479 9406 
3 9422 9491 9383 
3 9401 9492 9402 
3 9467 9493 9380 
3 9494 9342 9450 
3 9495 9426 9414 
3 9348 9496 9458 
3 9497 9429 9427 
3 9435 9445 9388 
3 9411 9449 9498 
3 9485 9404 9365 
3 9398 9499 9417 
3 9380 9493 9466 
3 9493 9467 9500 
3 9487 9500 9467 
3 9443 9501 9348 
3 9421 9502 9459 
3 9503 9433 9460 
3 9504 9381 9440 
3 9427 9505 9497 
3 9315 9464 9395 
3 9387 9372 9506 
3 9377 9506 9372 
3 9483 9373 9463 
3 9507 9435 9429 
3 9465 9431 9390 
3 9508 9424 9432 
3 9469 9402 9492 
3 9493 9509 9466 
3 9492 9401 9494 
3 9471 9472 9363 
3 9444 9481 9420 
3 9475 9407 9510 
3 9505 9427 9428 
3 9511 9410 9430 
3 9512 9416 9412 
3 9512 9412 9456 
3 9374 9513 9400 
3 9361 9491 9514 
3 9398 9397 9499 
3 9423 9326 9486 
3 9436 9509 9489 
3 9470 9406 9479 
3 9515 9516 9438 
3 9517 9415 9452 
3 9444 9459 9518 
3 9519 9460 9473 
3 9520 9518 9459 
3 9439 9521 9428 
3 9403 9522 9464 
3 9361 9514 9468 
3 9513 9523 9486 
3 9432 9417 9524 
3 9509 9436 9466 
3 9494 9401 9342 
3 9413 9470 9487 
3 9415 9364 9452 
3 9415 9525 9474 
3 9503 9408 9433 
3 9411 9526 9430 
3 9359 9404 9449 
3 9477 9405 9527 
3 9361 9383 9491 
3 9491 9422 9528 
3 9508 9529 9424 
3 9437 9424 9529 
3 9530 9447 9354 
3 9458 9531 9393 
3 9532 9448 9481 
3 9517 9525 9415 
3 9460 9533 9503 
3 9421 9461 9502 
3 9504 9476 9381 
3 9440 9488 9504 
3 9454 9506 9377 
3 9397 9534 9499 
3 9535 9442 9441 
3 9536 9418 9437 
3 9418 9536 9490 
3 9450 9537 9494 
3 9481 9444 9518 
3 9533 9460 9519 
3 9538 9510 9476 
3 9483 9463 9539 
3 9445 9522 9403 
3 9410 9511 9484 
3 9396 9484 9465 
3 9540 9527 9391 
3 9527 9405 9391 
3 9352 9478 9541 
3 9542 9528 9422 
3 9523 9543 9486 
3 9446 9542 9422 
3 9542 9446 9489 
3 9524 9508 9432 
3 9414 9490 9495 
3 9495 9480 9426 
3 9515 9438 9447 
3 9393 9531 9425 
3 9501 9496 9348 
3 9443 9475 9501 
3 9482 9521 9439 
3 9544 9434 9408 
3 9431 9545 9540 
3 9546 9397 9468 
3 9423 9486 9543 
3 9493 9547 9509 
3 9447 9530 9515 
3 9450 9425 9548 
3 9549 9453 9472 
3 9474 9525 9550 
3 9474 9550 9482 
3 9505 9428 9521 
3 9551 9488 9387 
3 9551 9387 9506 
3 9526 9411 9498 
3 9404 9552 9449 
3 9405 9477 9299 
3 9352 9541 9374 
3 9534 9397 9546 
3 9469 9457 9392 
3 9553 9508 9554 
3 9508 9553 9529 
3 9529 9536 9437 
3 9490 9536 9555 
3 9453 9549 9473 
3 9386 9473 9460 
3 9544 9408 9503 
3 9507 9497 9556 
3 9429 9497 9507 
3 9430 9526 9511 
3 9498 9449 9552 
3 9513 9374 9541 
3 9524 9417 9499 
3 9557 9423 9543 
3 9354 9442 9530 
3 9548 9425 9531 
3 9479 9532 9558 
3 9451 9517 9452 
3 9559 9481 9518 
3 9502 9520 9459 
3 9461 9464 9560 
3 9506 9561 9551 
3 9507 9445 9435 
3 9457 9562 9456 
3 9457 9469 9563 
3 9564 9489 9509 
3 9565 9492 9494 
3 9450 9548 9537 
3 9532 9479 9448 
3 9559 9532 9481 
3 9472 9566 9549 
3 9463 9462 9539 
3 9567 9455 9416 
3 9512 9456 9562 
3 9546 9468 9514 
3 9565 9494 9537 
3 9516 9471 9438 
3 9531 9568 9569 
3 9434 9544 9462 
3 9464 9522 9560 
3 9570 9551 9561 
3 9528 9571 9514 
3 9524 9554 9508 
3 9572 9469 9492 
3 9547 9493 9500 
3 9451 9480 9573 
3 9471 9371 9438 
3 9570 9488 9551 
3 9431 9540 9391 
3 9477 9527 9574 
3 9552 9404 9485 
3 9486 9400 9513 
3 9554 9524 9499 
3 9441 9423 9557 
3 9490 9575 9495 
3 9517 9451 9573 
3 9458 9568 9531 
3 9576 9518 9520 
3 9476 9510 9407 
3 9483 9577 9454 
3 9578 9522 9445 
3 9511 9526 9579 
3 9511 9580 9484 
3 9478 9477 9581 
3 9478 9581 9582 
3 9478 9582 9541 
3 9563 9469 9572 
3 9535 9441 9583 
3 9584 9536 9529 
3 9500 9487 9585 
3 9479 9586 9470 
3 9586 9479 9558 
3 9517 9573 9587 
3 9576 9559 9518 
3 9521 9482 9588 
3 9445 9507 9589 
3 9567 9416 9512 
3 9541 9590 9513 
3 9564 9542 9489 
3 9557 9583 9441 
3 9503 9533 9591 
3 9544 9503 9591 
3 9504 9488 9592 
3 9593 9512 9562 
3 9590 9523 9513 
3 9571 9546 9514 
3 9563 9562 9457 
3 9500 9594 9547 
3 9584 9555 9536 
3 9585 9594 9500 
3 9548 9531 9595 
3 9532 9596 9558 
3 9559 9596 9532 
3 9501 9597 9496 
3 9549 9519 9473 
3 9525 9598 9550 
3 9599 9475 9510 
3 9462 9544 9600 
3 9488 9570 9592 
3 9505 9521 9601 
3 9578 9445 9589 
3 9589 9507 9556 
3 9526 9602 9579 
3 9484 9603 9465 
3 9584 9529 9553 
3 9535 9530 9442 
3 9586 9487 9470 
3 9587 9525 9517 
3 9604 9496 9597 
3 9519 9605 9533 
3 9502 9461 9606 
3 9528 9514 9491 
3 9534 9554 9499 
3 9509 9547 9564 
3 9575 9490 9555 
3 9461 9560 9606 
3 9462 9600 9539 
3 9607 9560 9522 
3 9577 9483 9539 
3 9454 9561 9506 
3 9578 9607 9522 
3 9455 9608 9485 
3 9590 9541 9582 
3 9609 9528 9542 
3 9609 9542 9564 
3 9547 9594 9610 
3 9568 9496 9604 
3 9519 9549 9611 
3 9606 9520 9502 
3 9560 9612 9606 
3 9592 9613 9538 
3 9538 9504 9592 
3 9614 9570 9561 
3 9498 9615 9526 
3 9534 9546 9616 
3 9546 9571 9616 
3 9543 9523 9617 
3 9572 9492 9618 
3 9586 9585 9487 
3 9595 9531 9569 
3 9568 9458 9496 
3 9549 9566 9611 
3 9501 9475 9597 
3 9597 9475 9599 
3 9510 9619 9599 
3 9560 9607 9612 
3 9454 9577 9561 
3 9620 9497 9505 
3 9545 9431 9465 
3 9574 9581 9477 
3 9485 9608 9621 
3 9548 9622 9537 
3 9623 9586 9558 
3 9624 9472 9471 
3 9625 9520 9606 
3 9606 9626 9625 
3 9476 9504 9538 
3 9505 9601 9620 
3 9540 9574 9527 
3 9563 9627 9562 
3 9534 9616 9554 
3 9610 9564 9547 
3 9530 9535 9628 
3 9629 9594 9585 
3 9595 9622 9548 
3 9623 9585 9586 
3 9550 9588 9482 
3 9544 9630 9600 
3 9620 9631 9556 
3 9465 9603 9545 
3 9621 9552 9485 
3 9632 9553 9554 
3 9633 9583 9557 
3 9584 9634 9555 
3 9495 9635 9480 
3 9635 9573 9480 
3 9624 9566 9472 
3 9605 9519 9611 
3 9636 9588 9550 
3 9570 9637 9592 
3 9638 9556 9631 
3 9567 9608 9455 
3 9528 9639 9571 
3 9528 9609 9639 
3 9564 9640 9609 
3 9618 9641 9572 
3 9565 9537 9642 
3 9642 9537 9622 
3 9515 9628 9643 
3 9471 9516 9624 
3 9644 9587 9573 
3 9645 9598 9587 
3 9510 9538 9619 
3 9591 9630 9544 
3 9589 9556 9638 
3 9646 9540 9545 
3 9647 9615 9498 
3 9552 9647 9498 
3 9567 9512 9593 
3 9562 9648 9593 
3 9649 9639 9609 
3 9554 9616 9632 
3 9557 9543 9633 
3 9610 9594 9650 
3 9628 9515 9530 
3 9651 9558 9596 
3 9652 9596 9559 
3 9550 9598 9636 
3 9620 9556 9497 
3 9526 9615 9602 
3 9590 9582 9653 
3 9654 9616 9571 
3 9609 9640 9649 
3 9572 9655 9563 
3 9655 9572 9641 
3 9565 9618 9492 
3 9642 9618 9565 
3 9516 9656 9624 
3 9624 9657 9566 
3 9652 9559 9658 
3 9520 9625 9576 
3 9588 9601 9521 
3 9578 9659 9607 
3 9580 9603 9484 
3 9543 9617 9633 
3 9597 9599 9660 
3 9607 9659 9612 
3 9637 9570 9614 
3 9577 9661 9561 
3 9545 9662 9646 
3 9563 9655 9627 
3 9663 9584 9553 
3 9629 9650 9594 
3 9652 9651 9596 
3 9657 9611 9566 
3 9611 9664 9605 
3 9577 9539 9665 
3 9661 9577 9665 
3 9666 9578 9589 
3 9511 9579 9580 
3 9574 9667 9581 
3 9668 9582 9581 
3 9669 9670 9608 
3 9654 9571 9639 
3 9654 9632 9616 
3 9610 9640 9564 
3 9650 9671 9610 
3 9535 9672 9628 
3 9643 9516 9515 
3 9644 9573 9635 
3 9611 9657 9664 
3 9525 9587 9598 
3 9604 9597 9660 
3 9619 9673 9599 
3 9601 9588 9674 
3 9614 9561 9661 
3 9675 9540 9646 
3 9663 9553 9632 
3 9584 9663 9634 
3 9634 9676 9555 
3 9643 9628 9677 
3 9623 9558 9651 
3 9678 9569 9568 
3 9533 9679 9591 
3 9606 9612 9626 
3 9613 9592 9637 
3 9600 9680 9539 
3 9602 9681 9579 
3 9574 9675 9667 
3 9669 9567 9593 
3 9653 9682 9590 
3 9632 9683 9663 
3 9640 9610 9671 
3 9684 9642 9622 
3 9676 9575 9555 
3 9678 9685 9569 
3 9651 9652 9686 
3 9559 9576 9658 
3 9658 9576 9625 
3 9687 9613 9637 
3 9680 9665 9539 
3 9589 9638 9666 
3 9681 9580 9579 
3 9540 9675 9574 
3 9647 9552 9621 
3 9567 9669 9608 
3 9523 9682 9617 
3 9672 9535 9583 
3 9623 9629 9585 
3 9591 9688 9630 
3 9602 9615 9689 
3 9627 9648 9562 
3 9690 9654 9639 
3 9671 9649 9640 
3 9618 9642 9691 
3 9692 9495 9575 
3 9516 9643 9693 
3 9656 9657 9624 
3 9605 9679 9533 
3 9612 9694 9626 
3 9694 9612 9659 
3 9666 9659 9578 
3 9608 9670 9621 
3 9643 9695 9693 
3 9693 9656 9516 
3 9568 9604 9678 
3 9625 9626 9696 
3 9580 9681 9697 
3 9647 9621 9698 
3 9523 9590 9682 
3 9632 9654 9683 
3 9699 9676 9634 
3 9650 9629 9700 
3 9692 9635 9495 
3 9701 9678 9604 
3 9645 9587 9644 
3 9630 9680 9600 
3 9681 9602 9702 
3 9703 9646 9662 
3 9593 9648 9669 
3 9634 9704 9699 
3 9595 9705 9622 
3 9598 9645 9706 
3 9625 9696 9658 
3 9680 9707 9708 
3 9659 9666 9709 
3 9638 9631 9710 
3 9580 9697 9603 
3 9603 9662 9545 
3 9627 9711 9648 
3 9649 9690 9639 
3 9704 9663 9683 
3 9628 9672 9677 
3 9685 9705 9595 
3 9598 9706 9636 
3 9703 9675 9646 
3 9647 9712 9689 
3 9667 9675 9713 
3 9617 9682 9714 
3 9683 9654 9690 
3 9583 9715 9672 
3 9716 9692 9575 
3 9595 9569 9685 
3 9635 9717 9644 
3 9701 9718 9678 
3 9644 9719 9645 
3 9701 9604 9660 
3 9626 9720 9696 
3 9660 9599 9673 
3 9538 9721 9619 
3 9538 9613 9721 
3 9708 9722 9665 
3 9661 9665 9722 
3 9710 9666 9638 
3 9647 9689 9615 
3 9675 9723 9713 
3 9618 9691 9641 
3 9684 9691 9642 
3 9651 9724 9623 
3 9658 9725 9652 
3 9679 9688 9591 
3 9680 9630 9707 
3 9666 9710 9709 
3 9726 9620 9601 
3 9710 9631 9727 
3 9703 9723 9675 
3 9728 9698 9670 
3 9668 9581 9667 
3 9582 9668 9653 
3 9627 9655 9729 
3 9730 9633 9617 
3 9634 9663 9704 
3 9716 9575 9676 
3 9629 9623 9731 
3 9718 9685 9678 
3 9657 9732 9664 
3 9725 9658 9696 
3 9733 9679 9605 
3 9626 9694 9720 
3 9734 9721 9613 
3 9665 9680 9708 
3 9661 9735 9614 
3 9722 9735 9661 
3 9713 9668 9667 
3 9736 9690 9649 
3 9649 9671 9736 
3 9737 9716 9676 
3 9731 9623 9724 
3 9717 9635 9692 
3 9719 9644 9738 
3 9686 9652 9725 
3 9720 9694 9739 
3 9679 9740 9688 
3 9619 9721 9673 
3 9694 9741 9739 
3 9621 9670 9698 
3 9742 9670 9669 
3 9641 9729 9655 
3 9743 9656 9693 
3 9694 9659 9741 
3 9613 9687 9734 
3 9614 9744 9637 
3 9662 9603 9697 
3 9745 9669 9648 
3 9648 9711 9745 
3 9682 9746 9714 
3 9747 9729 9641 
3 9705 9684 9622 
3 9700 9629 9731 
3 9724 9651 9686 
3 9657 9656 9743 
3 9645 9719 9706 
3 9688 9707 9630 
3 9707 9748 9708 
3 9744 9614 9735 
3 9727 9749 9710 
3 9726 9631 9620 
3 9631 9726 9727 
3 9671 9650 9750 
3 9705 9685 9751 
3 9752 9660 9673 
3 9588 9753 9674 
3 9726 9601 9674 
3 9647 9698 9712 
3 9754 9712 9698 
3 9627 9729 9711 
3 9730 9617 9714 
3 9683 9755 9704 
3 9756 9743 9693 
3 9738 9644 9717 
3 9664 9733 9605 
3 9720 9757 9696 
3 9758 9757 9720 
3 9636 9753 9588 
3 9659 9709 9741 
3 9637 9744 9687 
3 9746 9682 9653 
3 9672 9759 9677 
3 9700 9750 9650 
3 9707 9688 9760 
3 9708 9761 9722 
3 9762 9713 9723 
3 9742 9728 9670 
3 9745 9742 9669 
3 9641 9691 9747 
3 9715 9583 9633 
3 9763 9750 9700 
3 9684 9705 9764 
3 9717 9692 9765 
3 9751 9685 9718 
3 9739 9741 9766 
3 9767 9766 9741 
3 9767 9741 9709 
3 9749 9709 9710 
3 9768 9697 9681 
3 9768 9662 9697 
3 9769 9703 9662 
3 9633 9730 9715 
3 9671 9750 9736 
3 9752 9701 9660 
3 9758 9720 9739 
3 9770 9636 9706 
3 9766 9758 9739 
3 9679 9733 9740 
3 9673 9721 9771 
3 9770 9753 9636 
3 9771 9721 9734 
3 9772 9722 9761 
3 9753 9773 9674 
3 9702 9602 9689 
3 9653 9668 9774 
3 9746 9653 9774 
3 9774 9775 9746 
3 9736 9755 9690 
3 9677 9695 9643 
3 9716 9765 9692 
3 9696 9757 9725 
3 9776 9687 9744 
3 9726 9674 9773 
3 9777 9703 9769 
3 9777 9723 9703 
3 9778 9736 9750 
3 9672 9715 9759 
3 9724 9779 9731 
3 9664 9780 9733 
3 9748 9760 9781 
3 9734 9687 9782 
3 9722 9772 9735 
3 9783 9768 9681 
3 9784 9711 9729 
3 9779 9724 9686 
3 9743 9732 9657 
3 9726 9773 9727 
3 9681 9702 9783 
3 9689 9785 9702 
3 9723 9777 9762 
3 9775 9714 9746 
3 9683 9690 9755 
3 9786 9699 9704 
3 9731 9779 9787 
3 9788 9765 9716 
3 9701 9752 9789 
3 9757 9758 9790 
3 9791 9752 9673 
3 9770 9706 9792 
3 9793 9758 9766 
3 9688 9740 9760 
3 9689 9712 9785 
3 9730 9794 9715 
3 9704 9755 9786 
3 9787 9700 9731 
3 9705 9751 9764 
3 9725 9795 9686 
3 9795 9725 9757 
3 9749 9767 9709 
3 9744 9735 9796 
3 9797 9749 9727 
3 9737 9676 9699 
3 9695 9756 9693 
3 9718 9789 9798 
3 9732 9780 9664 
3 9706 9719 9792 
3 9780 9740 9733 
3 9776 9782 9687 
3 9748 9761 9708 
3 9773 9797 9727 
3 9799 9783 9702 
3 9668 9800 9774 
3 9745 9711 9801 
3 9747 9784 9729 
3 9730 9802 9794 
3 9677 9759 9803 
3 9763 9700 9787 
3 9788 9737 9804 
3 9805 9732 9743 
3 9701 9789 9718 
3 9795 9757 9790 
3 9766 9806 9793 
3 9766 9767 9806 
3 9782 9771 9734 
3 9748 9807 9761 
3 9713 9762 9800 
3 9800 9668 9713 
3 9742 9745 9808 
3 9711 9784 9801 
3 9778 9750 9763 
3 9809 9800 9762 
3 9755 9810 9786 
3 9811 9747 9691 
3 9812 9699 9786 
3 9695 9677 9803 
3 9732 9813 9780 
3 9780 9814 9740 
3 9815 9728 9816 
3 9714 9775 9802 
3 9755 9736 9810 
3 9778 9810 9736 
3 9684 9811 9691 
3 9699 9812 9737 
3 9684 9817 9811 
3 9818 9756 9695 
3 9743 9756 9805 
3 9819 9686 9795 
3 9820 9738 9821 
3 9790 9822 9795 
3 9758 9823 9790 
3 9758 9793 9823 
3 9807 9748 9781 
3 9796 9776 9744 
3 9761 9824 9772 
3 9753 9825 9773 
3 9773 9825 9797 
3 9769 9662 9768 
3 9802 9730 9714 
3 9826 9759 9794 
3 9786 9827 9812 
3 9812 9828 9737 
3 9827 9828 9812 
3 9818 9695 9803 
3 9737 9828 9804 
3 9788 9716 9737 
3 9779 9819 9829 
3 9795 9822 9819 
3 9820 9719 9738 
3 9830 9752 9791 
3 9767 9749 9831 
3 9832 9768 9783 
3 9833 9762 9777 
3 9762 9833 9809 
3 9715 9794 9759 
3 9827 9810 9778 
3 9827 9786 9810 
3 9787 9779 9829 
3 9686 9819 9779 
3 9751 9718 9798 
3 9765 9821 9717 
3 9822 9790 9834 
3 9814 9780 9813 
3 9830 9789 9752 
3 9791 9673 9771 
3 9760 9748 9707 
3 9749 9797 9831 
3 9796 9735 9772 
3 9770 9825 9753 
3 9832 9769 9768 
3 9754 9785 9712 
3 9816 9728 9742 
3 9774 9835 9775 
3 9836 9827 9778 
3 9827 9836 9828 
3 9778 9763 9836 
3 9828 9836 9837 
3 9804 9828 9837 
3 9804 9838 9788 
3 9756 9839 9805 
3 9822 9840 9829 
3 9819 9822 9829 
3 9813 9732 9805 
3 9834 9840 9822 
3 9789 9841 9798 
3 9740 9842 9760 
3 9831 9806 9767 
3 9807 9824 9761 
3 9785 9799 9702 
3 9843 9785 9844 
3 9698 9728 9754 
3 9800 9835 9774 
3 9787 9845 9763 
3 9787 9829 9845 
3 9756 9818 9839 
3 9846 9823 9793 
3 9781 9760 9842 
3 9770 9847 9825 
3 9797 9847 9831 
3 9799 9848 9783 
3 9808 9745 9801 
3 9801 9784 9849 
3 9794 9850 9826 
3 9836 9763 9845 
3 9845 9837 9836 
3 9845 9829 9840 
3 9851 9788 9838 
3 9765 9788 9851 
3 9820 9792 9719 
3 9847 9797 9825 
3 9792 9847 9770 
3 9852 9848 9799 
3 9728 9815 9754 
3 9808 9801 9849 
3 9784 9747 9853 
3 9764 9854 9855 
3 9840 9837 9845 
3 9856 9813 9805 
3 9738 9717 9821 
3 9813 9857 9814 
3 9823 9858 9834 
3 9814 9859 9842 
3 9772 9860 9796 
3 9775 9861 9862 
3 9775 9862 9802 
3 9817 9684 9764 
3 9837 9838 9804 
3 9765 9851 9821 
3 9790 9823 9834 
3 9814 9842 9740 
3 9863 9830 9791 
3 9771 9864 9791 
3 9824 9860 9772 
3 9865 9769 9832 
3 9759 9826 9803 
3 9838 9858 9851 
3 9866 9798 9841 
3 9830 9841 9789 
3 9791 9864 9863 
3 9831 9867 9806 
3 9867 9831 9847 
3 9847 9792 9867 
3 9848 9832 9783 
3 9865 9777 9769 
3 9754 9844 9785 
3 9808 9816 9742 
3 9794 9802 9850 
3 9747 9811 9853 
3 9811 9868 9853 
3 9869 9818 9870 
3 9817 9764 9855 
3 9869 9839 9818 
3 9840 9838 9837 
3 9839 9856 9805 
3 9834 9858 9838 
3 9859 9814 9857 
3 9793 9806 9846 
3 9871 9872 9781 
3 9860 9873 9776 
3 9799 9843 9852 
3 9800 9809 9835 
3 9803 9826 9870 
3 9846 9867 9874 
3 9806 9867 9846 
3 9792 9820 9867 
3 9776 9796 9860 
3 9875 9816 9808 
3 9817 9868 9811 
3 9840 9834 9838 
3 9858 9823 9846 
3 9856 9857 9813 
3 9874 9858 9846 
3 9821 9874 9820 
3 9867 9820 9874 
3 9871 9842 9859 
3 9771 9782 9864 
3 9832 9848 9876 
3 9865 9832 9876 
3 9875 9815 9816 
3 9849 9784 9877 
3 9853 9877 9784 
3 9851 9858 9874 
3 9874 9821 9851 
3 9781 9842 9871 
3 9776 9878 9782 
3 9848 9879 9876 
3 9843 9799 9785 
3 9850 9802 9862 
3 9854 9751 9798 
3 9872 9880 9807 
3 9879 9848 9852 
3 9754 9815 9844 
3 9862 9881 9850 
3 9807 9781 9872 
3 9824 9807 9880 
3 9873 9860 9882 
3 9824 9882 9860 
3 9777 9865 9883 
3 9849 9884 9808 
3 9885 9881 9862 
3 9764 9751 9854 
3 9886 9856 9839 
3 9841 9830 9887 
3 9844 9888 9843 
3 9883 9833 9777 
3 9889 9815 9875 
3 9890 9891 9809 
3 9891 9861 9835 
3 9861 9775 9835 
3 9808 9884 9875 
3 9892 9849 9877 
3 9855 9893 9817 
3 9866 9854 9798 
3 9894 9857 9856 
3 9859 9857 9894 
3 9873 9878 9776 
3 9815 9888 9844 
3 9849 9892 9884 
3 9870 9826 9895 
3 9868 9817 9893 
3 9886 9839 9896 
3 9897 9866 9841 
3 9864 9782 9878 
3 9898 9873 9882 
3 9865 9876 9883 
3 9890 9833 9899 
3 9895 9826 9850 
3 9830 9863 9887 
3 9880 9882 9824 
3 9852 9843 9900 
3 9891 9835 9809 
3 9892 9877 9901 
3 9895 9850 9881 
3 9877 9853 9901 
3 9853 9868 9901 
3 9870 9818 9803 
3 9854 9866 9902 
3 9856 9886 9894 
3 9863 9864 9903 
3 9878 9903 9864 
3 9878 9904 9903 
3 9900 9843 9888 
3 9833 9890 9809 
3 9893 9855 9902 
3 9887 9897 9841 
3 9887 9863 9905 
3 9879 9906 9876 
3 9852 9907 9879 
3 9900 9907 9852 
3 9875 9908 9889 
3 9862 9861 9885 
3 9854 9902 9855 
3 9909 9902 9866 
3 9815 9889 9888 
3 9881 9885 9910 
3 9897 9909 9866 
3 9906 9883 9876 
3 9861 9891 9885 
3 9892 9908 9884 
3 9871 9859 9911 
3 9872 9912 9880 
3 9883 9899 9833 
3 9913 9885 9891 
3 9881 9910 9914 
3 9895 9881 9914 
3 9901 9868 9915 
3 9916 9869 9870 
3 9839 9869 9896 
3 9859 9894 9911 
3 9903 9905 9863 
3 9912 9872 9871 
3 9873 9904 9878 
3 9899 9883 9906 
3 9891 9890 9913 
3 9913 9917 9910 
3 9892 9901 9918 
3 9895 9914 9916 
3 9895 9916 9870 
3 9893 9915 9868 
3 9896 9869 9916 
3 9873 9898 9904 
3 9919 9906 9879 
3 9890 9920 9913 
3 9908 9875 9884 
3 9921 9908 9892 
3 9902 9922 9893 
3 9911 9894 9923 
3 9871 9911 9912 
3 9880 9912 9924 
3 9924 9925 9880 
3 9906 9926 9899 
3 9887 9927 9897 
3 9905 9927 9887 
3 9928 9912 9911 
3 9904 9898 9929 
3 9882 9880 9925 
3 9930 9898 9925 
3 9926 9906 9919 
3 9931 9907 9900 
3 9888 9932 9900 
3 9888 9889 9932 
3 9920 9890 9899 
3 9889 9933 9932 
3 9893 9922 9915 
3 9898 9882 9925 
3 9879 9907 9919 
3 9932 9931 9900 
3 9934 9915 9922 
3 9922 9902 9935 
3 9916 9936 9896 
3 9897 9927 9909 
3 9907 9937 9919 
3 9899 9926 9920 
3 9910 9938 9914 
3 9901 9915 9918 
3 9909 9935 9902 
3 9939 9886 9896 
3 9918 9921 9892 
3 9918 9915 9934 
3 9938 9940 9914 
3 9916 9914 9940 
3 9936 9916 9940 
3 9936 9939 9896 
3 9939 9894 9886 
3 9911 9923 9928 
3 9904 9941 9903 
3 9928 9924 9912 
3 9929 9941 9904 
3 9929 9898 9930 
3 9937 9907 9931 
3 9922 9942 9934 
3 9935 9942 9922 
3 9939 9923 9894 
3 9919 9943 9926 
3 9944 9931 9932 
3 9889 9908 9933 
3 9908 9921 9933 
3 9921 9918 9945 
3 9909 9946 9935 
3 9939 9947 9923 
3 9941 9905 9903 
3 9948 9924 9928 
3 9925 9924 9948 
3 9933 9944 9932 
3 9921 9949 9933 
3 9934 9945 9918 
3 9946 9909 9927 
3 9946 9927 9950 
3 9905 9950 9927 
3 9951 9941 9929 
3 9937 9943 9919 
3 9952 9920 9926 
3 9917 9913 9920 
3 9913 9910 9885 
3 9939 9936 9953 
3 9941 9950 9905 
3 9930 9954 9929 
3 9930 9948 9954 
3 9925 9948 9930 
3 9943 9937 9955 
3 9935 9956 9942 
3 9923 9957 9928 
3 9958 9948 9928 
3 9943 9959 9926 
3 9926 9959 9952 
3 9917 9920 9952 
3 9945 9949 9921 
3 9935 9946 9960 
3 9947 9939 9953 
3 9950 9961 9946 
3 9941 9951 9950 
3 9951 9929 9954 
3 9962 9931 9944 
3 9931 9962 9937 
3 9944 9933 9949 
3 9949 9945 9963 
3 9964 9963 9945 
3 9910 9917 9938 
3 9940 9938 9965 
3 9934 9942 9964 
3 9965 9953 9936 
3 9935 9960 9956 
3 9946 9961 9960 
3 9951 9961 9950 
3 9962 9955 9937 
3 9943 9955 9959 
3 9917 9966 9938 
3 9945 9934 9964 
3 9965 9938 9967 
3 9964 9942 9956 
3 9965 9936 9940 
3 9953 9968 9947 
3 9923 9947 9957 
3 9949 9963 9969 
3 9970 9961 9951 
3 9968 9971 9957 
3 9969 9962 9944 
3 9944 9949 9969 
3 9966 9917 9952 
3 9956 9960 9972 
3 9973 9972 9960 
3 9960 9961 9973 
3 9968 9953 9974 
3 9970 9973 9961 
3 9954 9970 9951 
3 9955 9962 9975 
3 9962 9969 9975 
3 9955 9976 9959 
3 9952 9959 9976 
3 9977 9969 9963 
3 9963 9964 9978 
3 9956 9978 9964 
3 9965 9974 9953 
3 9972 9978 9956 
3 9928 9957 9958 
3 9979 9954 9958 
3 9975 9976 9955 
3 9967 9938 9966 
3 9974 9965 9967 
3 9947 9968 9957 
3 9971 9958 9957 
3 9979 9980 9970 
3 9954 9979 9970 
3 9958 9954 9948 
3 9981 9976 9975 
3 9952 9976 9966 
3 9966 9982 9967 
3 9983 9974 9982 
3 9979 9958 9971 
3 9970 9980 9973 
3 9984 9975 9969 
3 9984 9981 9975 
3 9984 9969 9977 
3 9982 9966 9976 
3 9963 9978 9977 
3 9974 9967 9982 
3 9972 9977 9978 
3 9977 9972 9985 
3 9985 9972 9973 
3 9968 9974 9983 
3 9971 9983 9986 
3 9973 9980 9985 
3 9986 9980 9979 
3 9986 9979 9971 
3 9976 9981 9982 
3 9983 9982 9987 
3 9971 9968 9983 
3 9980 9986 9985 
3 9987 9981 9984 
3 9985 9984 9977 
3 9984 9985 9987 
3 9981 9987 9982 
3 9987 9986 9983 
3 9986 9987 9985 
3 986 964 1165 
3 1241 1165 964 
3 1241 964 998 
3 1241 1264 1240 
3 1241 1195 1165 
3 1264 1241 998 
3 4807 4820 4889 
3 4841 9988 4820 
3 4841 4908 9988 
3 9988 4889 4820 
3 9988 4899 4889 
3 9988 4908 4899 
3 9989 4899 4908 
3 4926 9989 4908 
3 9989 4940 4899 
3 4940 9989 9990 
3 4926 9990 9989 
3 9990 4990 4940 
3 9990 4975 9991 
3 9991 4990 9990 
3 5005 4990 9991 
3 4926 4975 9990 
3 9991 4975 5016 
3 5005 9991 9992 
3 5016 9992 9991 
3 9992 5016 5035 
3 9992 5033 5005 
3 5077 9992 5035 
3 5077 9993 9992 
3 9993 5033 9992 
3 9993 5087 5033 
3 9994 5111 5087 
3 9994 9993 5077 
3 5099 9994 5077 
3 9994 5087 9993 
3 5111 9994 9995 
3 9995 9994 5123 
3 5099 5123 9994 
3 9995 5160 9996 
3 9996 5165 9995 
3 5111 9995 5165 
3 5160 9995 5123 
3 5160 5193 9996 
3 5187 5165 9996 
3 5193 9997 9996 
3 5187 9996 9997 
3 5246 5208 5187 
3 9997 5193 5239 
3 9997 5246 5187 
3 5246 9997 9998 
3 9997 5239 9998 
3 9998 5287 5246 
3 9999 5306 5287 
3 5239 5293 9998 
3 9999 5287 9998 
3 9999 9998 5293 
3 9999 5293 5357 
3 5357 5365 9999 
3 5306 9999 5365 
3 5373 5365 5357 
3 5373 5383 5365 
3 5383 5401 5418 
3 8727 8683 8669 
3 8727 8669 8716 
3 8728 10000 8770 
3 10000 8728 9044 
3 10000 8890 8770 
3 8727 8716 10001 
3 8727 9044 8728 
3 8716 8775 10001 
3 8877 10001 8775 
3 8890 10000 9051 
3 10000 9044 9043 
3 9044 10001 9042 
3 9043 9051 10000 
3 8727 10001 9044 
3 8877 9042 10001 
3 9042 8877 9114 
3 9030 9114 8877 
3 9128 9114 9030 

