# vtk DataFile Version 3.0
vtk output
ASCII
DATASET POLYDATA
POINTS 10002 double
2.33121 4.57136 152.613 3.86008 3.30499 152.644 3.64363 5.03096 152.552 
2.20474 6.10087 152.512 2.53133 3.01783 152.683 3.4421 2.12457 152.705 
1.35928 5.78062 152.542 1.52358 3.86459 152.649 1.07074 6.7576 152.445 
1.48826 6.32029 152.507 1.13602 4.84117 152.598 1.29334 2.79279 152.661 
0.33339 5.64501 152.517 0.552703 4.24929 152.6 4.75024 5.55049 152.446 
4.77984 4.0579 152.557 5.24384 6.16048 152.352 4.44444 6.90496 152.33 
3.87664 6.85975 152.389 5.05246 2.86953 152.599 4.43811 1.7225 152.668 
3.35659 6.43259 152.455 3.36892 7.67826 152.298 3.02875 7.34963 152.373 
2.1881 7.19149 152.406 3.39252 1.17361 152.712 2.09004 8.00324 152.295 
1.33696 7.71773 152.343 2.52071 1.81674 152.707 2.63284 1.0741 152.708 
1.15491 8.16498 152.274 0.364847 7.71061 152.304 1.5743 1.27248 152.649 
-0.149356 6.62412 152.404 0.604173 2.31028 152.631 -0.628299 7.16258 152.309 
0.421726 1.80679 152.601 -0.411551 5.86722 152.46 0.00426439 3.44601 152.583 
-0.0244753 2.52108 152.588 -0.918454 5.96444 152.391 -0.342722 4.95229 152.513 
-0.838554 4.38405 152.477 5.86166 5.22463 152.355 5.84223 3.58074 152.47 
5.41569 6.79405 152.244 5.03885 6.9198 152.266 5.68909 6.26189 152.278 
5.59173 1.85983 152.571 3.95361 8.04403 152.159 4.92164 0.74571 152.627 
2.56875 8.33979 152.207 3.99547 0.447179 152.669 2.47104 8.82466 152.098 
0.982693 8.62641 152.173 2.85201 0.425673 152.671 -0.711053 7.94827 152.204 
-1.2755 6.99684 152.263 0.366456 1.06283 152.531 -0.268073 2.14704 152.54 
-1.30449 7.55075 152.206 -0.597949 3.12783 152.526 -1.41204 6.12147 152.32 
-0.929153 2.76573 152.467 -1.19952 3.73211 152.438 -1.74541 6.20659 152.263 
-1.46908 5.09864 152.36 -1.3405 3.2518 152.413 6.68528 4.28807 152.275 
6.36333 5.65848 152.215 6.75354 2.60921 152.365 5.59401 6.7296 152.223 
5.95205 6.60632 152.161 5.24107 7.39859 152.132 6.22277 2.36151 152.483 
6.28364 1.50547 152.48 4.63948 8.16904 152.056 5.61668 0.516315 152.548 
6.37916 0.473134 152.447 5.12926 8.51911 151.88 4.28477 8.52708 152.016 
3.48445 9.13748 151.941 4.58557 -0.511181 152.557 3.37341 -0.400235 152.609 
1.49201 9.55728 151.987 1.8533 -0.504051 152.517 -0.0682475 9.8438 151.966 
0.174383 9.27115 152.071 -0.382111 8.78811 152.127 -1.19448 8.45517 152.126 
-1.77073 7.40269 152.169 -0.686409 1.89112 152.452 -2.30455 6.1155 152.187 
-2.02677 5.24219 152.268 -1.38523 2.74155 152.378 -1.81841 3.96323 152.324 
-2.4442 6.77416 152.134 -2.40958 5.34382 152.206 -2.6169 5.63269 152.164 
-2.32267 4.72397 152.234 6.53714 6.34055 152.074 7.13659 5.38384 152.06 
7.66514 3.42554 152.118 6.17221 7.35555 151.959 6.7858 1.41071 152.39 
5.72089 -0.685212 152.456 2.69769 10.2624 151.751 3.38268 -1.50726 152.453 
0.991858 10.5017 151.814 -0.878888 9.17136 152.057 -1.9637 8.5483 152.052 
0.120365 0.110524 152.421 -0.495343 1.08066 152.42 -1.42387 1.8467 152.319 
-2.61123 7.38061 152.082 -2.12742 3.02306 152.246 -2.95466 6.03172 152.097 
-2.52068 2.49481 152.152 -2.59138 4.14016 152.185 -2.71233 5.02141 152.162 
-2.82893 4.61522 152.146 6.96577 6.66523 151.922 6.96077 7.50883 151.774 
7.27688 1.88737 152.281 7.12156 0.738883 152.33 6.40148 8.16944 151.741 
6.78211 -0.407873 152.363 4.49273 9.80178 151.656 4.91866 -2.24128 152.278 
1.9748 11.1629 151.602 2.50458 -1.84188 152.39 0.465833 11.4448 151.562 
-0.371577 10.5733 151.791 1.71354 -1.97755 152.307 -1.51514 9.75444 151.888 
0.480035 -1.19295 152.313 -0.731995 -0.264102 152.289 -2.43416 9.07401 151.927 
-0.956765 0.713613 152.328 -3.04543 8.22919 151.948 -1.89027 1.28813 152.216 
-3.26259 7.04085 152.026 -2.44966 2.91252 152.184 -2.68357 3.30498 152.152 
-3.08601 4.73065 152.096 -2.97722 3.90972 152.11 -3.02224 3.56809 152.095 
-2.96759 3.23662 152.093 -3.40313 5.42574 152.044 7.97878 5.1436 151.89 
7.49277 6.14376 151.882 7.42652 6.94895 151.776 8.3529 3.99394 151.933 
8.83061 2.90576 151.928 7.93638 1.41525 152.172 7.53574 0.50107 152.269 
7.29395 0.136291 152.31 6.33305 9.16673 151.528 6.19389 -1.61495 152.326 
-3.08978 9.61878 151.613 -1.50753 0.451023 152.241 -4.0609 8.28686 151.706 
-2.28812 0.810448 152.153 -2.76602 1.65244 152.095 -3.70449 7.39166 151.94 
-3.81963 6.03607 151.98 -3.15692 3.04163 152.051 -3.32893 3.88084 152.042 
-3.19216 2.45901 152.034 -3.5545 4.90726 152.018 -3.66706 3.30741 151.975 
-3.88437 4.51588 151.966 8.74597 4.6124 151.788 7.8377 6.32998 151.773 
7.80461 7.05807 151.666 7.4011 7.46423 151.691 7.33404 7.92548 151.606 
7.91662 -0.158475 152.21 7.20499 -1.46515 152.239 6.62709 -3.00752 152.026 
2.91249 -3.18575 152.087 -1.52442 11.2275 151.432 -1.83693 -0.123274 152.157 
-4.21328 7.20653 151.869 -2.85295 1.15332 152.09 -3.27106 2.01956 152.022 
-3.72025 2.52659 151.972 -4.58347 6.48231 151.868 -3.3987 1.65266 152.034 
-3.00426 0.656209 152.066 -3.99351 3.16118 151.932 -4.48369 5.19565 151.915 
-4.20984 3.88749 151.924 -4.91703 5.91429 151.868 -4.28943 3.15737 151.929 
-5.00686 5.22902 151.881 8.34008 6.03588 151.697 9.17881 0.87235 151.978 
5.35923 10.2711 151.432 7.96815 -1.20161 152.172 3.86829 11.1582 151.421 
1.98396 12.2989 151.283 -0.0333496 12.7683 151.064 0.591954 -2.97955 151.981 
-0.93682 -1.37594 152.117 -5.42592 9.38624 150.851 -4.83364 7.62585 151.637 
-4.03008 1.54981 152.021 -5.15768 6.61682 151.742 -4.13979 2.33164 151.98 
-5.2855 5.74621 151.813 -4.76541 4.20922 151.905 -5.27242 5.24387 151.856 
-5.18373 4.78999 151.872 -4.7745 3.12016 151.943 -4.52743 2.25797 151.993 
-5.21628 4.1163 151.888 -5.53283 4.96183 151.776 -5.27223 3.44877 151.911 
-5.60414 4.08032 151.8 9.12358 5.70866 151.592 8.30544 7.12157 151.548 
9.57231 3.99151 151.703 10.0814 2.38813 151.732 7.89386 8.38393 151.421 
8.83048 -0.109921 152.076 8.84173 -0.918909 152.012 6.30622 10.1736 151.327 
8.12268 -2.1917 151.997 7.91526 -3.56898 151.75 -3.49491 11.1356 151.001 
-2.73313 -0.873051 151.897 -5.57325 7.39939 151.391 -3.96464 0.614492 151.93 
-4.55413 1.94836 152.011 -4.54759 1.57756 151.974 -5.7605 6.06764 151.547 
-5.02827 2.47841 151.93 -5.5968 3.42953 151.805 -6.28153 4.32111 151.375 
9.86445 4.91809 151.568 9.68223 5.97299 151.485 9.07384 7.25746 151.412 
7.35524 9.66594 151.281 9.41826 -0.146955 151.943 5.52486 10.8764 151.287 
3.62162 12.4038 151.153 -1.59468 -2.73008 151.759 -4.38952 -0.507607 151.523 
-5.09396 1.34051 151.72 -5.68339 2.748 151.69 10.5282 3.72293 151.552 
10.2641 5.33065 151.476 9.97307 6.59814 151.386 8.62153 8.85893 151.244 
10.4133 0.865428 151.662 9.8618 0.19463 151.839 10.337 -0.649774 151.572 
6.56906 10.7732 151.181 9.463 -1.88413 151.703 5.23517 11.9016 151.105 
2.78662 13.2669 150.955 5.11198 -4.71237 151.64 1.46159 13.5827 150.856 
-4.91915 12.1495 150.108 -6.72629 6.94109 150.783 -6.35425 2.11607 151.205 
10.8815 4.89817 151.389 10.6036 5.93557 151.357 10.6227 2.68779 151.617 
9.67346 7.90417 151.255 11.1256 2.2446 151.424 7.96966 10.5202 151.027 
6.63616 11.4806 151.04 9.15995 -3.15751 151.525 4.36164 13.1491 150.839 
1.82164 -4.23856 151.769 -2.41165 13.1293 150.486 -3.50715 -2.57147 151.265 
-5.67912 0.348994 151.179 11.4377 5.76239 151.101 11.5768 3.84806 151.203 
10.5241 7.02286 151.233 9.47059 9.28497 151.013 7.22088 11.6474 150.933 
8.04665 11.5093 150.797 6.01938 12.5948 150.815 5.18919 12.5823 150.952 
7.22786 -4.86799 151.417 2.75814 14.5783 150.369 0.0808409 14.6952 150.221 
-0.5592 -3.87991 151.655 -5.43623 -1.8727 150.597 -7.34789 8.72309 150.059 
-7.33903 3.26725 150.74 10.3091 8.20468 151.085 11.6991 0.520346 151.098 
9.44621 11.0354 150.468 7.31266 12.2398 150.739 10.9278 -2.4886 151.028 
8.60627 -4.44762 151.305 2.99773 -5.52559 151.41 0.612588 -5.07032 151.355 
-7.21391 0.695211 150.367 -7.8302 5.05378 150.346 -7.21662 2.10334 150.718 
11.2496 7.54523 150.902 10.6666 9.12592 150.713 8.13851 12.25 150.498 
10.0277 -4.33632 150.824 7.08725 13.2929 150.32 5.16763 14.3566 150.225 
-1.64302 -4.02133 151.43 -2.41112 -3.38789 151.447 12.721 4.47906 150.633 
12.7302 2.22723 150.667 12.6355 6.57144 150.443 12.0502 8.44874 150.325 
8.70511 13.2768 149.79 6.41849 -6.9068 150.714 -4.55497 14.5634 149.143 
-0.794219 -4.57986 151.396 -1.55152 -5.34142 150.882 -2.81059 -4.2326 151.011 
-7.24581 10.0895 149.804 -4.39627 -2.84832 150.831 11.4541 10.1804 149.995 
2.02438 -6.9728 150.743 13.496 -0.124245 150.07 11.9729 -1.15462 150.779 
7.20561 15.0042 149.431 -6.84288 11.4238 149.59 -4.27642 -4.04205 150.386 
-7.98258 2.42483 150.251 13.9107 5.21425 149.895 13.3261 7.84273 149.816 
10.857 12.2563 149.335 4.61957 -6.62783 151.044 -2.15269 15.1106 149.671 
12.9848 9.36732 149.503 3.81377 15.7215 149.78 5.2024 15.7863 149.555 
3.57081 -7.25993 150.789 0.16155 -6.7701 150.515 -8.83721 7.33949 149.366 
13.8755 6.62669 149.737 14.1015 3.29512 149.923 12.0966 -2.15872 150.589 
8.74242 -6.18078 150.508 14.3592 1.55915 149.755 11.868 -2.55641 150.658 
11.5987 -3.80267 150.357 2.01314 16.7669 149.175 -8.32279 3.69847 150.109 
12.5185 10.8787 149.13 13.2143 -1.93817 149.967 8.4998 14.3588 149.35 
11.7218 -2.86823 150.646 5.85637 16.7965 148.786 -0.74749 16.522 149.176 
-2.74882 -5.13393 150.752 -2.61757 -5.43123 150.652 12.434 -2.73195 150.285 
-1.25386 -6.79564 150.167 -6.51423 13.0389 149.034 -2.59515 -5.99061 150.228 
-2.86215 -5.31378 150.686 -2.90366 -5.39292 150.584 -3.24236 -5.1017 150.49 
-8.42338 9.68292 149.157 14.0292 -1.29435 149.595 12.0427 -2.73981 150.539 
12.0338 -3.02646 150.439 4.17699 16.723 149.164 -0.394359 -7.94153 149.699 
-7.99611 11.0548 149.086 14.3366 7.41837 149.252 11.0707 -6.00858 149.701 
-7.29673 -1.1428 149.807 -8.77339 1.85052 149.636 14.9924 4.23294 149.254 
14.0553 8.57829 149.1 14.7745 2.39677 149.543 7.02404 16.2289 148.865 
0.231297 17.9434 148.384 4.7885 -8.12926 150.319 -5.73461 -3.84249 149.712 
-6.67665 -2.75652 149.635 -7.91368 -0.0654696 149.763 -9.37701 4.78474 149.348 
9.53085 14.7632 148.605 12.2488 -3.30606 150.213 12.7053 -3.40225 149.923 
12.4104 -3.88517 149.928 12.2044 -4.9379 149.654 1.34311 -8.25899 149.915 
-3.77144 -5.76088 149.794 -8.45571 0.641816 149.608 15.1817 6.04482 148.861 
14.8608 0.346917 149.337 13.1583 -3.04913 149.752 7.88494 15.9284 148.716 
7.26134 17.051 148.215 6.32528 -8.98103 149.638 -2.90478 16.408 148.737 
-8.98219 3.14332 149.648 15.2888 2.94532 149.142 11.2548 13.3694 148.581 
3.13759 -8.42989 150.104 -6.57947 14.3644 148.301 -1.98443 -7.19095 149.674 
-7.98684 -2.31572 149.1 7.90417 -8.12881 149.814 2.39005 -9.46631 149.271 
-1.22257 -7.46567 149.778 15.1607 7.98075 148.436 16.4722 3.66573 148.153 
12.6473 12.3524 148.305 14.3209 -1.92808 149.298 14.1727 -2.9716 149.175 
13.2706 -4.26288 149.332 -1.58699 17.8497 148.137 -5.24493 -5.91788 148.989 
15.3996 1.74171 149.09 15.1962 1.01458 149.209 15.0452 -1.07304 149.002 
12.0294 -5.85308 149.399 -4.53464 16.3237 148.178 -5.91327 15.6572 147.913 
-1.11128 -8.6703 148.98 -1.38783 -7.88936 149.434 -3.11694 -6.84578 149.422 
-8.8209 -0.429632 149.164 14.2942 10.276 148.198 8.48892 16.4666 148.1 
4.16995 18.1749 148.074 -0.36731 19.0537 147.427 4.36313 -9.7863 149.167 
-7.5819 12.2998 148.857 -7.75066 11.7099 149.052 -8.19935 11.9471 148.617 
-9.05437 11.3012 148.159 -10.4073 6.21817 148.549 16.1522 0.359229 148.495 
9.77977 -8.28695 149.092 1.82203 19.2 147.376 -3.6246 17.7534 147.448 
-8.10583 13.2324 147.901 -4.01497 -6.51219 149.22 -9.77724 9.425 148.255 
-10.6147 7.77581 148.103 -10.311 3.12938 148.806 6.14806 18.2447 147.618 
8.02988 -9.88452 148.622 0.421149 -9.5082 148.783 -2.40379 -8.08234 148.912 
-7.35995 15.1392 147.263 -7.16758 -4.4428 148.792 -9.59671 1.17826 149.051 
8.0285 17.2824 147.742 11.9911 -6.53924 149.081 -9.31838 -1.64712 148.685 
11.6452 14.1114 147.863 15.0598 -2.19661 148.799 12.7904 -6.10197 148.867 
-2.08208 19.0227 146.947 -5.41028 16.9617 147.218 -10.045 0.411283 148.73 
16.026 2.33038 148.599 8.89098 17.309 147.22 11.9857 -8.29887 148.033 
6.18074 -10.372 148.637 -10.7417 5.04745 148.477 -10.0179 -0.488003 148.624 
16.0285 1.52877 148.62 9.47628 16.2798 147.682 7.63365 18.1352 147.165 
5.23756 19.3535 146.908 -3.89733 -7.38055 148.755 -10.8847 6.7606 148.16 
-10.8181 5.74955 148.364 -10.8617 6.00142 148.308 -10.9777 1.40054 148.453 
15.8563 6.98075 148.175 15.4331 -1.81373 148.637 14.114 -5.5852 148.449 
-9.81359 12.6705 146.843 -10.4959 10.888 147.205 -10.9342 9.3951 147.433 
-10.9778 6.29349 148.186 -8.88395 -3.28127 148.496 -11.4852 6.70034 147.752 
-11.1935 5.75093 148.128 -10.1348 -2.06412 148.367 -10.1388 -1.1659 148.482 
-12.1765 4.6784 147.658 -11.4988 2.94569 148.21 -10.5768 0.257221 148.509 
13.8732 12.0232 147.689 13.3837 13.5854 147.032 15.7195 -1.66314 148.505 
11.0158 16.4459 146.55 3.88908 19.7188 146.804 -11.0314 -0.422776 148.348 
16.6903 6.2454 147.636 16.5135 1.70639 148.252 15.9821 -1.12816 148.444 
2.45081 -10.8638 148.031 -1.9581 -9.7463 147.929 -3.48161 -8.62338 148.176 
-11.7968 8.42451 147.082 -12.2903 2.43644 147.92 16.4523 2.48625 148.258 
15.6347 -2.16806 148.469 15.477 -2.98133 148.433 14.619 -4.25509 148.648 
13.8777 -7.30693 147.657 -5.06481 18.119 146.255 -6.71978 -5.95388 148.353 
-8.70668 -5.23636 148.021 -10.1681 -3.68864 148.084 -11.3232 -1.97091 148.175 
-11.676 -0.847893 148.242 -11.9668 0.97733 148.153 -12.1771 -0.0153656 148.154 
16.2074 7.65144 147.716 16.7639 2.38529 148.035 6.78614 19.6276 146.101 
9.70862 -9.95205 148.068 0.244696 20.003 146.559 4.97957 -11.4669 147.589 
-6.59172 16.2915 147.002 -7.56095 -5.89748 148.09 -12.145 -0.996841 148.163 
-13.1179 1.24173 147.767 15.8595 8.91438 147.56 17.0586 1.83797 147.861 
17.0102 1.20204 147.928 16.1033 -1.99958 148.241 14.9988 -5.17311 148.21 
8.86445 18.9539 145.721 -3.65591 19.0697 146.074 -7.08774 -6.4265 148.019 
-6.456 -6.92049 148.044 -8.11354 -6.30247 147.796 -12.6489 7.04879 146.843 
-13.6984 3.07175 147.144 -13.0309 -0.248603 147.97 17.232 2.44292 147.686 
16.5234 -1.23857 148.119 15.6132 -4.28392 148.097 15.1321 -6.16533 147.615 
5.03073 20.713 145.529 -7.49047 -6.82951 147.762 -11.6268 -3.65421 147.866 
-12.5817 -1.93582 147.991 -13.7249 0.668224 147.662 17.1841 8.11301 146.74 
17.6272 1.62595 147.444 17.2138 -0.767994 147.756 10.6413 -9.26857 148.2 
2.91615 20.8851 145.615 1.18332 20.572 145.975 7.01313 -11.2275 147.699 
-1.00312 19.8927 146.41 -5.11637 -8.05194 147.954 -14.8072 1.3889 146.9 
-13.6074 -1.03605 147.81 -13.9885 0.023025 147.624 17.8145 4.87148 146.968 
18.0676 2.85947 146.952 16.1063 10.5243 146.639 17.5106 0.524267 147.588 
16.7878 -2.73846 147.637 15.4854 -5.22927 147.913 -12.8547 -3.36723 147.753 
14.717 11.8878 147.101 16.1504 -5.00294 147.408 10.8227 -10.3692 147.215 
-0.00445311 -11.1788 147.283 -8.65572 -7.12089 147.427 -13.7165 -2.24751 147.714 
-14.8855 -0.970512 147.238 17.7858 6.37861 146.761 18.5976 0.926327 146.63 
13.7265 15.2238 145.646 8.93203 -11.6538 146.72 -6.45884 17.2113 146.156 
-8.98737 14.8248 146.011 -11.2386 12.0358 146.048 -11.7624 10.264 146.466 
-10.4925 -5.60697 147.585 -13.5576 5.87803 146.556 -14.0731 4.55761 146.584 
-12.5137 -5.09861 147.423 -13.9703 -3.77909 147.46 -14.5583 -2.48155 147.486 
18.1133 -0.389186 147.144 15.4071 13.0243 145.813 -2.3374 20.027 145.596 
-6.92417 -8.14086 147.405 -15.5864 3.92242 145.759 17.7798 -1.41058 147.31 
18.157 -2.33756 146.673 -0.622299 20.9605 144.975 -5.0244 19.0506 145.038 
-10.1781 -7.45566 147.12 -14.9406 -3.2187 147.32 -15.3012 -2.33162 147.203 
18.4808 6.90151 146.031 18.2937 -1.16837 146.941 17.5572 -4.68563 146.209 
-7.50195 16.1803 146.251 -4.03139 -9.60909 147.408 -10.5536 13.5101 145.707 
-5.69193 -9.42297 147.071 -11.7072 -6.72712 147.137 -15.7767 -3.3309 146.891 
-16.2784 -1.85246 146.559 18.4714 5.68238 146.342 18.8872 -0.858278 146.276 
15.0683 -7.76098 146.637 6.76081 -12.3154 146.498 18.2423 8.36668 145.753 
3.2007 -12.1407 146.802 -8.15075 -9.04977 146.784 -13.6702 7.31458 146.069 
-14.7641 4.55562 146.157 -14.1806 -5.7126 146.909 -15.0091 -4.23668 147.083 
16.2027 -6.62125 146.448 10.36 18.4997 145.299 4.04475 21.7228 144.552 
-3.17019 -10.697 146.912 -9.20557 -8.11115 147.03 -13.1871 9.10469 145.792 
-12.7748 -6.58954 147.013 17.6537 9.7754 145.663 17.0939 11.611 145.209 
1.30874 21.5085 144.727 -3.8264 19.864 144.814 1.66127 -11.9801 146.826 
-6.1379 18.1232 145.32 -1.91409 -11.2021 146.833 -7.85755 17.131 144.676 
-6.8177 -9.28996 146.908 -9.73147 -8.18098 146.957 -14.2249 6.39095 145.962 
-11.2945 -7.91468 146.858 -12.3243 -7.38249 146.873 -12.2967 -6.91498 147.018 
12.688 17.0457 145.057 7.72626 20.2387 145.092 -6.50017 -10.3249 146.333 
-15.9925 -5.04519 146.416 -16.8992 -3.35403 146.185 19.096 7.71598 145.087 
19.0774 4.37927 145.881 -4.7085 -10.7613 146.425 -9.39674 -8.69305 146.815 
-10.223 -8.46295 146.809 -14.6419 5.2434 146.025 -13.4371 -7.51074 146.573 
15.3428 14.8861 144.613 14.1296 -9.62126 145.915 12.4311 -10.9036 145.861 
-12.2279 -8.47877 146.512 -16.5146 2.39549 145.589 -16.8807 0.356394 145.78 
11.4528 18.3038 144.84 -6.25123 18.647 144.35 -3.15343 -11.8962 145.884 
-9.62789 15.7306 144.561 -9.76943 -9.57943 146.362 -14.1728 8.13775 145.452 
-14.3851 7.22434 145.594 -11.0225 -8.87292 146.568 -15.258 -7.38142 145.973 
19.2945 2.12406 145.838 19.4117 1.01622 145.794 8.4538 20.7379 144.136 
6.7921 21.2307 144.32 0.522218 -12.3603 146.236 -1.18129 -12.2723 146.004 
-10.67 14.6318 144.713 -17.7401 -1.73409 145.471 19.3981 0.244664 145.796 
18.4745 -3.43214 145.927 14.1666 16.3095 144.538 10.8697 -11.7542 145.917 
2.71122 22.3709 143.611 4.7293 -12.9768 145.763 -12.6393 11.4202 145.177 
-8.02773 -10.7891 145.796 -11.5361 -9.71422 146.04 18.8999 5.78211 145.935 
19.0286 -2.39412 145.686 12.2598 18.1583 144.47 11.8573 18.5482 144.425 
17.2835 -7.04 145.084 10.2038 19.9689 143.885 2.1544 -13.1516 145.484 
-11.8058 13.1672 144.853 -14.5406 7.74509 145.324 -15.3448 5.19423 145.537 
19.3487 6.05934 145.334 16.8956 13.4278 144.197 19.0794 -4.35383 144.651 
-14.8558 8.15247 144.93 -13.5081 -9.12559 145.844 15.9674 -8.72116 145.192 
-14.9043 7.42308 145.135 -15.0456 6.34049 145.374 -16.2783 3.1726 145.56 
-17.0336 -6.30502 145.48 20.1213 0.676398 144.863 18.1621 -5.81968 144.952 
5.13762 22.0051 143.921 -2.90853 20.7851 143.917 -5.65321 -12.2487 144.822 
-13.4092 12.8831 143.563 -10.1014 -11.0809 145.27 -16.6471 3.2421 145.243 
-17.3142 -4.67809 145.768 20.1389 4.73754 144.628 20.1378 2.81228 144.817 
15.1673 16.2382 143.71 13.4455 17.6592 143.928 11.9724 18.9876 143.735 
0.203298 22.4199 142.937 -14.5447 9.11374 144.766 -15.8508 7.62198 144.247 
-16.1101 5.38925 144.867 -17.9358 -3.48698 145.424 14.3586 16.8174 143.981 
4.09744 22.3335 143.723 7.85843 -12.7182 145.833 6.89219 -13.3826 145.032 
-7.00386 18.614 143.384 -12.0517 14.2082 143.817 -14.1417 10.6874 144.274 
-12.4389 -10.5883 145.143 18.6199 9.14074 145.013 18.4153 10.7194 144.356 
19.436 -1.47107 145.502 -5.2038 19.8735 143.261 -15.2281 8.67059 144.406 
-13.8694 -10.1096 145.086 -17.6749 2.85514 144.53 -15.3118 -9.30026 144.931 
19.7188 -0.689489 145.281 0.0793134 -13.0889 145.341 -10.3989 15.5072 144.081 
-8.13896 -11.9883 144.756 -15.6441 9.55879 143.542 -16.0687 4.56269 145.218 
-18.3137 -4.99998 144.84 17.7424 12.0908 144.3 20.0065 -2.01499 144.485 
-1.7757 21.8208 142.927 -2.22353 -12.6735 145.364 -10.1811 16.3454 143.141 
-16.9974 3.94047 144.675 -17.5161 1.73142 145.066 20.1497 6.66923 144.13 
-11.122 15.1787 143.733 -17.3243 6.29344 143.427 -16.4082 4.49829 144.965 
-17.9889 1.10567 144.853 -19.0591 0.366171 144.007 19.5793 8.92463 143.904 
21.0553 3.3186 143.574 13.6034 -10.9866 145.187 10.1636 -12.7084 145.107 
8.71404 -13.1934 144.905 -8.41199 17.9319 142.705 -18.3162 1.74699 144.392 
-16.7477 -8.01862 145.057 18.391 12.5198 143.193 14.4868 17.114 143.572 
13.5873 -11.977 144.024 0.397798 -14.2593 143.962 -3.06008 -13.1038 144.623 
7.95756 21.9874 142.758 4.28454 22.9469 142.599 1.70065 23.328 141.881 
-1.35297 -13.306 144.827 -17.0747 4.87824 144.245 -18.0122 -7.25687 144.233 
9.19701 21.3392 142.983 -11.4542 -11.8188 143.926 -19.0504 -2.62994 144.364 
6.2393 22.5924 142.586 3.77669 -13.7412 144.767 -18.3131 4.39995 143.278 
20.8253 1.63144 143.947 16.2851 15.1209 143.521 14.1635 -10.9948 144.83 
11.7303 -12.6632 144.388 2.96852 23.2187 142.293 -9.43196 -12.3081 144.056 
-19.0726 2.45875 143.4 14.2464 17.8052 143.033 10.0453 21.208 142.527 
14.6107 -10.6109 144.869 -13.9236 -10.8541 143.957 20.7922 7.86766 142.715 
20.2528 -0.776492 144.533 13.2872 18.9576 142.57 14.7898 -11.1796 144.083 
-12.2575 15.0179 142.711 -12.8451 14.0897 143.174 -17.3845 -8.31259 144.614 
-18.8406 -5.78437 144.086 -19.3892 -4.54079 143.793 21.1059 6.07268 143.066 
20.8172 5.11043 143.716 19.6299 10.7484 142.771 15.0201 17.1344 142.974 
-15.2078 11.6041 142.697 -16.36 8.61423 143.369 -17.1619 7.84958 142.901 
-17.5386 7.0472 142.923 -17.8178 6.73232 142.762 -16.8434 -8.97457 144.493 
17.0477 -9.03819 143.76 16.4174 -9.21795 144.434 11.4557 20.9122 141.583 
15.2949 -10.1863 144.611 -3.59088 21.5798 141.671 -17.4794 -8.67033 144.243 
20.9421 0.285447 143.67 20.6679 -0.514187 143.975 20.5751 -1.20789 143.968 
16.1253 16.3908 142.473 20.5376 -3.64805 143.009 18.682 -7.04207 143.415 
9.32975 22.1446 141.619 5.26575 -14.2747 143.896 -7.68622 -13.0477 143.313 
-20.1081 -1.17062 143.336 17.5949 14.6732 142.369 16.1668 -9.66081 144.27 
2.94157 -14.4467 143.837 -17.6128 -8.70033 143.474 21.4801 4.7004 142.853 
19.4102 12.3037 142.024 7.60437 23.1079 140.981 7.86572 -14.395 143.187 
-12.0174 16.2826 141.057 -13.4699 14.0568 142.541 -16.3747 -9.80665 143.379 
21.2355 -1.3292 142.8 10.3262 -13.7615 143.411 -16.7435 9.13112 142.695 
-16.9274 10.424 141.7 -17.0972 -9.21963 144.105 -17.2493 -9.15896 143.9 
-19.2712 -6.10332 143.025 -20.275 -2.87049 143.045 20.2439 9.33677 142.786 
14.8667 18.2166 141.827 -1.76402 22.8717 140.904 -7.21745 19.1737 141.873 
-9.65492 17.741 141.306 -9.95996 -13.0356 142.387 -18.5486 6.32302 142.131 
-20.2591 0.0431221 143.009 21.6168 1.16158 142.691 20.0796 -5.48657 142.679 
15.9811 -10.7085 143.272 -1.92855 -14.2903 143.491 -17.8225 7.1613 142.546 
-20.0625 -4.59923 142.727 22.068 3.13119 142.026 18.8218 13.4796 141.862 
0.0843828 23.4336 141.08 -14.699 13.3576 141.889 -19.8051 1.68284 142.983 
13.8418 19.1615 141.822 13.1461 19.8662 141.573 3.24575 23.8376 140.912 
-3.93334 -13.9758 143.185 -13.8588 14.7211 141.331 -20.6974 1.30969 142.114 
-18.4907 -7.78984 142.339 21.597 5.55716 142.518 5.45397 23.5916 140.964 
-19.7854 3.51441 142.246 -20.072 2.39914 142.461 -20.694 -1.57664 142.751 
12.6755 -13.1858 143.035 11.7359 -13.5445 143.156 -0.752685 -15.7505 142.04 
-8.43787 18.4104 141.728 -16.201 12.3345 141.175 -17.5969 8.8182 141.895 
-20.8247 -3.64803 141.771 21.644 6.41036 142.065 20.3211 11.5151 141.179 
1.2757 24.0594 140.179 1.79578 -15.5897 142.481 -19.5994 4.93243 141.726 
-17.4567 -9.18039 142.212 -20.85 -0.509187 142.444 20.904 9.62882 141.518 
14.0329 19.6228 140.966 13.0738 20.6043 140.528 14.9469 -11.8837 142.892 
6.25273 -15.1653 142.381 -5.64187 20.594 140.957 -8.34901 18.7795 140.955 
-12.8305 -12.2175 141.98 -21.2177 -1.76197 141.866 22.0335 4.98472 141.845 
17.2097 16.0951 141.454 16.4255 17.2872 141.048 -3.1715 22.4613 140.343 
4.26692 -15.5243 142.298 -18.043 7.66725 141.994 -14.7582 -11.1779 142.49 
18.7992 14.6712 140.602 -5.83904 -13.7836 142.639 21.7615 7.76431 141.155 
21.7683 -3.52378 140.998 17.8934 15.5191 141.148 15.7275 18.3986 140.537 
-7.26405 19.8119 140.074 22.4079 1.50264 141.494 14.0692 -13.0431 141.804 
-2.75156 -15.1051 142.163 -21.5968 -0.000554323 141.291 19.7535 13.0466 140.781 
22.4293 -0.134729 141.101 6.59808 23.9371 139.661 12.0198 -14.0855 141.736 
-4.40838 -15.0457 141.256 -8.14089 -13.688 141.73 -7.0062 -13.7615 142.188 
-18.8508 7.35871 141.242 -16.7452 -9.94543 141.995 -20.5685 2.82394 141.746 
-20.1102 -5.54141 141.398 8.89988 22.9936 140.424 16.0847 -11.9318 141.292 
20.8981 -4.65801 142.012 14.9072 19.2872 140.317 9.96822 22.6159 140.165 
-14.522 -11.6858 141.373 -18.351 8.27028 141.31 -15.8408 -10.7565 141.413 
-20.6059 3.94522 141.153 17.8296 16.5092 139.893 14.3875 19.9224 140.049 
20.0598 -7.1581 141.392 18.3863 -8.95196 142.135 -0.613699 23.9092 139.329 
-14.8234 14.05 141.132 -21.1875 2.79761 140.996 22.1887 -1.7427 141.035 
21.0757 -5.52935 141.064 13.9327 20.3293 139.973 19.187 -8.01838 142.006 
17.2684 -10.3914 141.995 9.71905 -15.0046 141.359 -4.30672 21.9975 139.328 
-10.9773 17.6534 139.637 -15.5472 13.5963 140.812 -19.3339 -6.77182 141.817 
-9.00611 18.8056 139.7 -9.15986 -13.6319 141.322 -16.4925 13.1621 140.235 
-11.217 -13.1438 140.982 -17.298 11.5993 140.584 -18.4276 9.21384 140.773 
-18.9601 8.12272 140.741 -19.4575 6.46048 141.074 -19.5486 5.81859 141.317 
22.3768 6.05294 140.803 21.3487 10.7811 139.873 20.6901 12.2567 139.835 
14.6354 20.4457 138.55 -14.3828 15.6646 139.396 -19.7974 7.24146 140.351 
-21.9922 1.87092 140.127 -21.9337 -1.01102 140.734 22.7955 3.99699 140.524 
22.7548 2.351 140.878 8.49927 23.6372 139.028 -2.74548 22.9862 139.483 
-6.02376 20.8216 139.555 -18.2437 10.6585 140.176 12.3055 21.7472 139.311 
-12.5113 16.77 139.614 -14.9504 14.4489 140.524 22.8804 1.18485 140.596 
19.1782 15.4387 138.879 4.69125 24.4043 139.093 -1.91235 23.4606 139.317 
-9.93687 -13.5491 140.925 -17.0069 -9.82596 140.833 -19.0972 -7.41721 140.127 
13.4628 20.999 139.343 19.4698 -8.70522 140.822 18.3961 -10.1732 140.563 
7.6047 -15.4782 141.456 6.08479 -15.9453 141.221 1.10334 -16.9077 141.041 
2.90039 -16.4536 141.425 -6.75124 20.4547 139.084 -15.8429 14.1567 139.906 
-17.9995 -8.74205 140.943 22.0188 9.01367 139.899 11.0988 22.3175 139.605 
17.372 -11.0925 140.902 2.60067 24.4917 139.249 4.5463 -16.6274 140.774 
-17.0699 12.4098 140.258 -18.0138 12.0277 139.519 -19.4516 8.43306 140.121 
-20.4246 5.59336 140.5 -21.705 -2.47845 140.392 22.5963 7.33315 139.791 
16.6383 18.0755 139.636 15.7297 19.1274 139.405 -16.8531 13.5909 139.474 
-21.4841 3.94088 140.014 6.61868 24.3591 138.338 -17.2905 12.8945 139.645 
-12.6209 -12.7902 139.583 -20.492 7.99677 139.255 -22.2306 0.177483 140.194 
10.2182 23.1079 138.799 1.09368 24.5928 138.481 2.84906 -17.483 140.201 
-7.6402 20.0614 138.335 -15.0085 -11.5524 140.319 -19.5323 9.47301 139.488 
-20.7645 6.70646 139.629 11.5086 -14.9963 140.158 -6.59716 -14.3614 140.838 
-13.9331 -12.1548 140.476 -21.0363 -4.24049 140.45 11.2687 22.8367 138.182 
15.0468 -13.1371 140.414 -2.68545 -16.1874 140.755 -8.71833 -13.9496 139.876 
-17.8946 13.285 138.531 -16.0424 -10.7555 139.344 13.7268 -14.3117 139.213 
-5.99316 21.1275 138.349 -1.01526 -17.4866 140.045 -16.5286 14.464 138.827 
-21.5421 5.74357 138.981 17.5543 18.1717 137.795 16.5041 18.8514 138.662 
8.27484 -15.9979 140.21 -2.22364 23.5644 137.558 -22.3779 -0.732498 139.515 
23.1492 5.67154 139.306 21.5348 11.8717 138.355 20.2666 13.7583 138.86 
17.4284 -11.5655 139.764 2.99759 24.9234 137.509 10.0864 -15.7724 139.527 
-20.375 9.00335 138.833 -21.1587 6.96012 139.035 13.2347 21.7142 138.066 
19.6826 -9.33445 139.349 -12.464 17.4902 138.153 -10.6623 -13.5106 139.592 
-17.5629 -9.3128 139.06 -20.5023 -5.53117 139.074 -22.6203 0.932288 139.046 
23.3253 2.05377 139.58 23.0846 -1.64924 139.152 20.2859 -8.19206 139.898 
12.2454 22.4811 137.738 9.91944 23.747 137.119 5.437 24.8692 137.024 
7.15492 -16.0537 140.657 6.49754 -16.6605 139.903 -9.98457 18.9106 137.699 
-19.1945 10.9647 138.872 22.3491 9.99024 138.398 18.7281 16.5803 138.07 
22.0377 -5.09831 139.531 15.9425 19.6111 138.218 16.0088 -12.8609 139.336 
-21.5667 -3.60542 138.955 23.1567 0.344775 139.785 22.6826 -3.7541 139.05 
21.345 -6.66986 139.363 19.8822 -8.78227 140.072 1.03011 -18.3083 139.501 
-5.22241 -15.5505 139.133 -18.8993 12.2324 138.306 -22.3865 3.6643 138.466 
23.4816 3.75766 139.041 -0.296209 24.4489 137.714 4.67056 -17.605 139.36 
-16.2572 15.5962 137.555 -22.2788 -1.84646 138.617 23.705 0.50533 138.427 
16.6734 19.1175 137.905 7.75117 24.4534 136.931 -3.88505 -16.0573 140.006 
-14.4139 16.9229 137.187 -14.4695 -11.9163 138.99 -21.4156 7.369 138.181 
-22.6223 2.14346 138.86 23.0891 7.02183 138.927 -4.71487 22.1937 136.799 
-20.2936 9.75883 138.225 22.8647 8.20235 138.673 20.0513 15.484 136.764 
2.99607 -18.7616 138.494 -3.14716 -17.2204 138.821 -18.7759 12.9475 137.776 
-20.8954 8.62635 138.219 18.6354 -10.7405 138.858 1.02924 24.9086 136.81 
-7.07822 -14.603 138.829 -17.4855 14.4112 137.733 23.5225 6.74409 137.969 
23.7924 4.71345 138.047 15.6926 20.2457 137.189 -19.8447 11.3857 137.288 
-22.7849 0.127836 137.623 16.4568 19.6265 137.242 3.99506 25.1904 136.088 
-0.448828 24.5576 136.358 -6.45941 21.0663 136.998 -19.5612 -7.03683 138.016 
11.7215 -15.4058 138.968 8.3582 -16.7676 138.534 -11.6143 18.5329 136.563 
-11.468 -13.305 137.543 -22.0505 -2.71882 137.311 18.8498 17.1385 136.845 
16.9639 19.0924 137.364 -7.96727 20.3132 136.291 -18.7186 13.5631 136.494 
-19.1738 12.5728 137.526 -18.5529 -8.25999 137.927 -22.8528 2.10851 137.753 
24.0323 2.43375 137.678 13.829 21.7437 136.777 11.4421 23.2604 136.621 
-0.576995 -18.9492 138.623 -9.87821 -13.7736 138.226 -21.2409 -4.40065 137.143 
12.7059 22.5709 136.569 -1.73911 -18.2939 138.896 -13.0229 17.9394 136.55 
-22.271 5.9413 137.001 23.297 8.79468 137.143 22.211 -5.77937 138.457 
20.8693 -8.22211 138.061 5.3325 25.1935 135.328 10.6977 -16.1451 137.973 
0.719665 24.9345 135.025 -6.49851 -15.0864 137.135 -13.4928 -12.4367 137.211 
21.4975 13.1844 136.676 15.1206 21.1412 135.572 -8.37984 -14.1912 137.086 
-21.3911 8.82688 136.404 -22.5501 -1.35449 137.279 22.7485 -4.84514 138.014 
19.6517 -10.1591 136.906 -1.22525 24.2122 134.678 -3.32676 23.1357 135.113 
1.0801 -19.6479 137.828 -14.031 17.9149 135.3 -16.6136 -10.2763 137.928 
22.7112 10.8515 136.568 2.44397 25.1883 135.679 -10.0938 19.5885 134.883 
-17.4808 15.012 136.878 -16.8845 15.7586 136.548 23.9796 5.564 137.338 
24.1352 0.768997 137.32 15.7096 -13.5535 137.693 -4.86122 -16.4349 137.004 
-15.9075 16.7165 135.784 -20.2581 -6.083 136.749 23.4118 -3.28414 137.479 
22.4001 -6.26406 136.783 6.29064 -17.5246 138.536 -22.3836 -1.75388 136.222 
24.0334 -0.684154 137.043 18.3277 18.1156 136.227 17.2135 19.2351 136.395 
6.67062 24.9386 135.768 -17.419 15.556 135.655 23.7155 7.41976 137.145 
23.9104 6.50228 137.146 24.2465 4.25354 136.857 10.6624 23.7528 136.18 
17.5165 -12.0942 137.627 7.87955 24.7504 135.402 23.7251 -2.01234 137.431 
16.3212 20.0905 136.207 12.3502 -15.495 137.915 4.95248 -18.5155 137.786 
-15.4621 -11.1874 137.062 -22.8353 3.83133 136.516 -22.7402 -0.483294 136.257 
23.7192 7.90463 136.798 17.7499 18.6239 136.582 10.0858 24.0859 135.552 
8.96876 24.3802 135.863 -1.9597 -18.9162 137.7 -10.0423 -13.7213 136.782 
23.4261 9.56626 136.067 23.1936 9.81041 136.558 -0.521561 -20.052 137.02 
23.9558 7.11071 136.608 11.0051 23.737 135.558 11.9558 -16.1461 136.146 
3.79465 -19.2567 137.425 -7.65875 20.7142 134.488 -12.3651 18.6656 135.24 
-20.4363 11.4653 134.843 -17.2231 -9.65357 136.441 -22.9469 1.88528 135.941 
23.7868 8.20354 136.252 24.1908 5.77688 136.539 17.8807 18.7889 135.902 
13.3245 22.5209 135.087 11.9251 23.3251 135.213 14.7449 -14.4746 136.828 
24.0232 -2.27539 136.154 19.3972 17.1962 135.323 17.6653 19.1642 135.441 
13.4174 -15.1881 137.166 -6.06588 21.5131 135.153 -19.0008 -7.74473 136.005 
6.84501 25.0678 134.049 2.28203 25.1901 133.737 -3.39317 -18.1256 136.665 
-22.9255 0.542233 136.236 24.4442 0.951462 136.157 17.1295 19.8301 134.607 
7.04924 -18.0973 136.827 -22.7872 5.23542 135.463 9.00511 24.5847 134.336 
-4.65961 22.3846 135.159 2.82335 -20.1038 136.488 24.5717 2.74162 135.899 
18.3901 18.5538 134.946 23.256 -4.56362 136.701 10.7299 23.9986 134.374 
3.87293 25.3137 134.728 -16.5915 16.6493 134.651 -18.1979 14.935 134.574 
-20.8125 -5.10441 135.182 -21.7144 -3.09978 135.094 21.3059 -8.37205 135.822 
-22.4596 6.74924 134.906 -19.9481 -6.51605 134.801 24.2346 6.88636 135.59 
5.56612 -18.8612 136.719 4.53687 -19.4848 136.449 -21.5374 9.57125 134.231 
-22.8487 3.97058 134.502 21.4666 14.377 134.845 9.53843 -17.0699 136.655 
-4.62735 22.332 133.61 0.937034 -20.7959 136.064 -15.175 17.659 134.384 
-10.8904 -13.4338 135.45 -22.7875 0.501456 135.122 22.5162 12.4631 134.903 
20.5228 15.944 134.7 5.15242 25.3009 134.093 -7.2582 -14.6577 135.873 
24.5868 4.55987 135.443 23.7605 -3.59708 135.978 12.186 23.435 133.211 
16.0874 -13.5401 135.412 -2.48557 23.4115 132.992 -12.4303 -12.9055 135.688 
23.8993 8.77086 135.234 0.509582 24.7614 132.827 -13.137 18.6075 134.364 
-22.0993 8.22046 134.433 -6.6455 21.2266 134.181 -1.97757 -19.8541 135.648 
5.5463 25.2193 132.952 14.0197 -15.1753 135.614 -15.9003 17.2797 134.544 
-22.412 -1.06688 134.937 24.8893 1.48547 134.213 20.0083 17.0544 133.751 
18.3457 -11.5611 135.355 5.8834 -19.3657 135.444 -8.39559 20.4959 132.845 
-14.282 -11.9053 134.389 -19.2291 13.6643 133.537 -22.779 5.50574 134.415 
23.3992 10.5921 134.786 19.2262 17.8801 134.236 15.8813 21.2002 132.878 
10.0773 24.3603 132.444 10.4414 -17.2313 134.971 -15.6893 17.5207 134.103 
-16.0163 17.2934 134.082 -17.9524 -8.91699 134.503 24.5146 -0.851401 134.805 
23.4955 -4.68202 135.324 20.4131 -9.66339 134.804 14.0788 22.3909 133.24 
15.0412 -14.5449 135.764 -6.05848 21.5294 133.596 -3.43304 -18.5976 135.253 
-6.07856 -15.5174 134.902 -9.46364 -13.8164 135.426 24.3238 7.7931 134.522 
24.8299 3.0267 134.875 19.5478 -10.5596 135.168 4.10375 25.2696 133.206 
8.69517 -17.9882 135.293 -0.376447 -20.8901 135.615 -12.1572 19.1018 133.516 
-13.9333 18.4133 133.297 -15.8799 17.4101 134.285 -15.9301 17.3689 134.326 
-17.3798 15.9739 134.236 -22.7222 1.84184 133.945 18.8722 18.5523 133.083 
22.4007 -7.06542 134.525 -16.6064 16.7952 133.408 24.6865 6.02662 134.193 
-1.06049 24.1529 132.981 -4.51931 -17.2118 135.33 -15.4897 17.6532 133.149 
-15.8758 -10.8425 135.419 -20.2835 12.1973 133.121 24.0128 9.35069 134.098 
24.1305 -3.09006 134.425 14.9892 -14.6167 135.134 -6.95464 21.0745 133.368 
-16.4431 -10.3571 133.958 7.316 -18.7601 135.154 1.60577 25.0858 132.585 
-10.6023 19.7751 132.108 -8.02155 -14.2744 134.401 -11.8995 -13.024 133.79 
22.3959 13.5223 133.341 21.2632 15.4893 133.084 23.1213 -5.78184 134.659 
17.432 20.0675 132.454 21.4403 -8.39933 133.705 2.91119 24.9985 131.969 
-21.0253 10.7333 132.548 -20.9528 -4.55377 133.591 -22.4205 0.0429535 133.588 
24.4062 8.2952 133.578 23.6849 -4.6854 133.597 13.0358 -15.9018 134.445 
1.12076 25.0259 132.446 -6.14268 21.3151 131.562 -17.7115 15.6858 132.752 
-19.0928 -7.60573 133.661 24.5418 7.31918 134.056 8.31125 24.8902 132.601 
2.15209 -21.3488 134.188 -2.91162 -19.3369 134.367 25.0129 3.51559 133.768 
6.69799 24.9436 131.675 4.39807 -20.5867 134.246 -9.94719 -13.5956 133.354 
-22.392 7.35812 133.746 -22.5342 3.26348 132.589 23.1205 11.9878 133.619 
14.4861 -14.8434 133.705 6.81173 -19.5706 134.017 0.522864 -21.4163 134.699 
-0.746171 -21.071 134.265 -1.99633 -20.2991 133.812 11.8317 -16.6612 134.276 
-19.8306 -6.65355 133.662 -22.4837 5.8942 132.836 1.39553 24.8701 131.932 
9.59934 -18.0138 134.002 -3.92852 -18.0531 134.102 -21.9782 8.40367 132.792 
-21.9597 -1.67602 133.403 24.6603 7.12241 133.568 23.6925 10.7929 133.265 
24.8628 -0.282816 133.038 4.80072 24.9882 131.597 -4.95963 -16.6746 134.015 
-20.3243 -5.81 133.546 13.2514 23.0826 131.694 25.1651 2.17652 132.926 
11.887 23.6053 130.489 8.20539 24.8433 131.249 24.8427 6.26127 133.133 
20.2991 17.0688 132.389 -0.872552 23.7372 131.524 -3.72932 22.4741 131.732 
-17.812 -9.06293 132.636 25.0269 4.92375 132.835 22.2383 14.2761 131.945 
14.6637 22.28 131.027 15.8259 -13.3243 133.119 0.840675 24.7939 132.043 
24.6033 7.79551 133.012 24.7648 7.01467 132.868 24.1323 9.6176 133.065 
22.3879 -7.16527 133.019 20.5222 -9.44711 133.583 19.2933 -10.3851 133.527 
8.99975 24.7682 131.686 0.759943 24.4106 131.417 8.28926 -18.7937 133.895 
5.75113 -20.0579 134.193 -6.69967 -14.8449 132.544 -11.1614 -13.2362 132.064 
-21.4056 9.34695 130.762 -22.2888 1.11272 132.241 -18.5597 14.687 131.348 
-15.441 -11.2018 132.928 -16.3485 -10.4913 131.644 23.1856 12.3943 132.114 
25.2268 2.83857 132.746 24.5571 -1.93509 132.849 21.7613 -7.53449 131.912 
12.5826 -16.437 132.478 10.9032 -17.4562 133.325 6.02434 -20.4616 132.847 
-2.37461 23.0875 131.489 -16.3185 17.0777 131.56 -21.3165 -3.29768 132.752 
-21.9996 -0.568222 132.23 17.3023 -11.9696 133.423 9.43452 24.3624 130.338 
7.76736 -19.7833 132.278 -14.7462 18.1329 131.251 -19.7621 -6.61062 132.723 
24.4353 8.86067 132.205 23.9614 10.5861 132.005 24.1353 -3.50918 132.668 
23.0729 -6.04335 133.185 16.7409 20.813 130.403 -12.7514 -12.6781 131.833 
-5.52806 -15.8728 133.051 -19.8774 12.7468 131.436 24.696 7.57518 132.41 
9.59956 -18.579 132.407 -2.77209 22.5365 130.685 3.4014 -21.5007 132.814 
-8.95911 20.3253 130.459 -2.84027 -19.2397 132.847 -17.327 16.1282 130.589 
25.2056 3.51 132.494 21.2375 16.0073 131.073 18.3491 19.4269 131.347 
20.4786 -8.90354 132.276 13.4203 23.0364 130.529 3.90654 24.5963 130.431 
0.613864 -21.6226 133.094 -2.04448 -20.2986 133.067 -12.7798 19.0709 131.101 
-4.42221 -17.1742 132.723 -8.32698 -13.9766 131.744 -21.9731 7.38628 130.929 
-21.6161 -1.9307 132.045 25.0751 0.8953 132.132 24.9382 6.3117 131.798 
19.7028 18.016 131.167 -22.2561 4.17117 131.077 25.232 2.39409 131.637 
2.2605 24.2437 130.328 -1.79937 22.9488 130.637 -3.82297 21.7889 130.097 
-1.16849 -20.7626 132.454 -20.328 -5.23881 131.372 23.4576 -4.84088 131.665 
-7.35783 20.5862 129.405 -14.6401 -11.7278 131.798 -19.0225 -7.57169 131.497 
-21.6083 -0.884205 130.939 24.2322 9.98805 131.526 5.42758 24.2226 129.358 
-20.6674 11.091 130.506 24.6931 7.79783 131.816 24.0639 10.6252 131.223 
-5.29903 -15.8402 131.167 23.7162 11.5637 130.488 22.6269 13.8606 130.384 
22.6674 -6.40691 131.905 17.7388 -10.5779 131.763 7.5728 24.4628 129.825 
-18.0403 15.2697 130.041 -22.1534 5.7699 130.685 -22.1745 2.30084 131.183 
-21.9688 0.0736736 131.55 25.203 4.17687 131.289 0.625397 23.5085 130.01 
-16.543 16.9492 130.337 -17.7861 -9.16391 130.743 -21.1166 -2.94158 131.136 
24.6084 8.33658 131.575 24.5477 8.73851 131.257 19.172 -9.62715 131.821 
8.9654 -19.5494 130.752 -1.91897 22.2164 129.522 2.29026 -21.7987 131.617 
4.71727 -21.3658 131.163 -11.1875 19.639 129.748 -21.9446 0.739299 131.049 
24.2172 10.1956 130.722 24.3989 9.4231 131.234 18.7196 19.1796 129.638 
-15.9055 17.3163 129.647 -18.7928 14.1538 129.755 25.1541 5.23028 130.627 
24.7903 -0.905091 131.339 16.0534 -11.9506 131.336 3.8984 24.0288 129.095 
-0.821533 22.9929 130.078 6.79264 -20.7605 131.042 -12.6572 19.1358 128.948 
-16.7573 16.6742 129.738 24.7621 7.73964 130.839 24.2542 -2.8566 131.185 
13.8188 22.6025 128.963 14.871 -13.9525 131.728 13.895 -15.2342 131.769 
0.54364 -21.6318 131.23 -2.16197 -19.4188 130.926 -14.1378 18.4014 128.947 
-10.0119 -13.4748 130.736 -13.7131 -12.2479 130.352 -19.778 12.3222 129.156 
-21.9504 2.83116 129.982 20.3067 17.4127 129.522 6.91177 23.7521 128.207 
1.78752 23.4868 129.288 0.0298999 22.4669 128.82 -15.2836 -11.2866 129.709 
-21.6999 0.409854 130.289 11.0961 -17.7173 131.81 -5.32213 20.8173 128.71 
-3.64728 -17.7283 131.151 -11.4146 -13.1523 130.753 21.6089 15.6387 129.2 
15.2893 21.882 129.545 8.68577 23.764 128.146 2.64239 23.4815 128.833 
-8.74681 20.1515 128.677 -6.92229 -14.4281 130.208 -20.7112 -3.74879 130.131 
17.4617 20.1821 128.49 7.88522 -20.2699 130.888 -17.346 15.7133 128.579 
-21.8989 4.61265 129.273 -21.8886 1.50249 130.363 14.0586 -14.7461 130.582 
10.344 -18.5305 130.756 -10.1166 19.844 128.683 -16.8189 -10.1444 129.875 
-21.4461 8.1189 129.184 -21.7978 6.46921 129.332 -20.3338 -4.6608 129.344 
-21.0914 -2.06458 129.746 24.5293 9.03092 130.208 25.0543 6.16408 129.985 
24.9818 0.70456 129.68 10.6419 23.6334 128.494 1.30271 23.0034 128.878 
-19.4374 -6.78271 129.689 23.2458 12.8231 129.244 18.3959 -9.44186 130.871 
12.2033 23.1817 128.363 13.135 -15.941 130.485 -2.86713 21.2066 128.276 
-20.6472 10.086 128.592 23.4838 -3.90599 129.611 15.7354 21.2504 127.866 
19.5875 -8.63868 130.751 -18.6043 -8.18593 129.856 25.23 2.80522 130.103 
14.6301 -13.315 129.912 -8.51286 -13.7423 129.529 24.2106 10.2418 129.407 
20.8545 -7.76443 130.786 18.3264 -8.65136 129.742 1.97286 23.1105 128.654 
-0.581219 -20.6976 130.252 -18.7365 13.7114 128.081 -21.4488 -0.38678 129.799 
11.7132 -17.4412 130.176 2.0154 22.4915 127.837 -11.8348 19.035 127.211 
-21.6852 2.92316 128.608 -21.6267 1.1637 129.405 22.5664 14.1424 128.672 
24.397 -1.76717 129.43 17.0168 -9.8504 130.334 -13.1943 18.809 127.89 
-5.68229 -15.1056 129.444 -12.347 -12.8226 129.814 24.87 7.5342 129.043 
25.2141 4.37196 129.445 19.5125 18.3323 128.379 16.6718 -10.7224 130.988 
16.217 -10.9349 130.783 4.63879 23.9773 128.651 4.59276 23.5423 128.095 
4.27925 23.7957 128.411 1.43769 -21.7155 130.031 -1.6194 -19.575 129.762 
-15.5921 17.1731 127.493 -17.7719 -9.1977 129.101 18.4843 19.2879 128.021 
16.4003 -10.4971 130.584 15.88 -10.7634 130.066 15.298 -11.9118 130.057 
3.61019 23.3817 128.195 -1.13709 21.5718 128.07 -2.22588 -18.9776 129.897 
-4.06631 -16.5544 129.169 -20.6925 -3.35553 129.119 24.5601 8.96609 128.732 
23.7603 11.5392 128.654 22.0415 -6.10141 130.019 -7.45631 20.0032 127.395 
0.542321 -21.4769 129.998 0.203084 21.6153 127.487 3.01185 -21.455 128.883 
-21.3871 1.09248 128.108 16.8434 -8.99686 128.891 16.2271 -9.7922 129.557 
-9.61588 19.6002 127.265 -2.87752 -18.2386 130.012 -11.0564 -13.1991 129.515 
-13.5811 -12.2227 128.648 20.5957 16.8282 127.559 14.8476 -11.709 128.735 
7.95897 -20.5114 129.521 -6.53306 -14.3812 128.731 -19.985 -5.67654 129.5 
-21.2442 -0.456413 128.691 11.5661 22.8237 126.919 9.99991 -19.1004 128.742 
-1.05047 20.4709 126.214 6.38925 -21.2459 129.629 -18.6581 -7.91651 128.396 
10.0014 23.1687 126.92 5.40371 -21.3838 128.353 -13.968 18.0555 126.647 
-21.5085 5.57683 127.809 23.1621 12.8847 127.917 25.1324 2.56723 128.54 
21.8243 15.276 127.889 19.907 -7.42362 129.213 15.6273 -10.0369 128.719 
5.37139 22.7753 127.059 3.7956 22.7555 127.399 -3.8027 20.3211 126.877 
-5.59995 20.1446 127.024 0.673345 -20.7756 128.572 -9.96596 -13.3591 128.58 
-16.6052 -10.2452 128.271 -21.4155 7.0348 128.113 -21.7706 4.0976 128.465 
24.2024 9.91628 127.455 18.2129 -7.99538 128.452 -20.9299 8.15683 127.389 
-19.6896 -5.65506 127.657 -20.4956 -3.70079 128.343 -20.87 -2.26351 128.511 
14.0652 21.9018 127.001 7.44951 22.9655 126.805 -2.1757 -18.4579 128.83 
-7.48747 -13.9528 128.665 -21.695 4.48613 128.138 24.6599 -0.664868 128.658 
19.0845 18.4096 126.973 12.5941 -16.4653 128.986 -19.3421 11.8231 126.628 
-21.6318 3.78649 127.925 -21.2366 0.125321 127.923 24.7539 7.92808 127.473 
25.1161 5.80273 128.202 24.9383 1.27236 127.843 24.6148 0.0475128 127.659 
22.434 -4.53387 127.891 8.80357 23.0435 126.619 1.15676 21.2433 126.535 
-0.914905 -19.8062 128.882 -5.58593 -14.9315 128.054 -4.29141 -15.6338 127.103 
-21.7402 4.21903 128.214 -21.2894 2.32552 126.983 -20.683 -3.17937 128.657 
-21.1372 -0.488676 127.889 25.1083 4.04555 127.56 17.2695 19.6831 126.501 
13.5123 -15.0828 129.117 11.6169 -17.5565 128.212 23.5988 11.645 127.249 
3.17726 21.5186 126.146 -16.6327 15.7592 125.89 -11.7309 -12.8823 127.934 
-15.0414 -11.3043 127.446 -20.2585 9.48951 126.564 -21.0775 6.70423 126.857 
-21.0656 -1.10603 128.182 22.4232 14.1572 127.251 12.9249 22.504 127.216 
-15.3055 16.937 125.697 -18.0336 14.1703 126.462 -21.3628 4.14849 126.979 
20.8398 -5.91585 127.696 16.1179 -9.177 128.075 13.8064 -13.735 127.71 
-2.85959 -17.028 127.517 -10.3721 18.7863 125.565 -17.6728 -9.14922 127.643 
-20.6977 -2.64722 127.719 25.0012 6.93142 127.892 21.5267 15.333 126.591 
24.2837 -1.42954 128.013 14.7979 21.1217 126.124 10.7072 22.3514 125.748 
-7.00234 -14.0639 127.498 -13.29 -12.2061 126.701 -20.3911 -3.64889 127.398 
23.5905 -2.85431 127.927 15.848 20.6173 126.235 9.52556 22.6439 125.935 
14.9551 -10.7561 127.873 -4.90367 19.5471 125.662 -6.34921 19.6598 126.166 
-21.0625 0.000214185 127.024 -20.943 -1.39947 127.662 19.6947 17.3439 125.813 
8.39517 22.1591 125.524 -12.993 18.0781 125.376 -8.50436 -13.6006 127.674 
-18.2778 -8.07168 126.639 22.0889 14.2076 125.992 12.6667 21.2993 125.249 
8.42593 -20.3792 127.577 7.02435 -21.1108 128.262 -1.52281 -18.1931 127.179 
-20.9555 5.29614 125.944 23.5918 10.9378 125.838 22.8836 12.8101 126.256 
24.8078 2.34479 126.805 19.0151 -7.00536 127.329 17.0006 -8.32451 127.11 
4.9208 21.2849 125.354 24.9863 6.44293 126.96 25.0489 5.20298 126.795 
24.841 0.849877 127.384 22.6089 -3.34116 126.37 21.3454 -4.51655 126.088 
2.08417 -20.5817 126.733 -0.546369 -19.5256 127.786 -11.8413 18.3207 125.109 
-20.6508 -2.16125 126.671 24.7917 1.14876 127.077 20.6278 16.221 125.841 
18.5273 18.2815 125.427 10.7026 -18.3197 126.255 -7.47515 19.1884 125.533 
-8.79762 19.2378 125.993 -1.28116 -19.0622 128.16 -20.2066 -3.87817 126.591 
9.68997 22.039 125.207 12.5445 -16.0593 127.099 3.57211 19.9138 124.028 
9.5815 -19.5945 127.023 -16.5951 -9.90651 126.025 -20.2808 7.42387 125.053 
15.5044 -9.83151 127.352 -15.6619 16.1025 124.512 24.8386 0.945238 127.203 
23.6732 -1.51217 126.621 14.3631 -11.7261 126.391 1.43182 20.2731 125.07 
-6.10258 19.0072 124.927 -2.287 -17.1914 126.777 -2.80729 -16.3523 125.91 
-18.7986 -6.73291 125.335 24.4769 8.50232 126.314 24.7193 0.74325 127.096 
6.60411 21.8024 125.533 4.42531 -20.7386 125.973 -17.4109 14.4066 124.938 
-14.5834 -11.3741 125.45 -19.6563 9.88499 125.206 24.1899 0.677863 126.135 
10.5917 21.5265 124.804 -2.95554 19.4861 125.112 -10.0739 -13.1555 126.449 
-11.7873 -12.6983 126.03 24.1237 9.44283 125.848 15.2459 19.8049 124.712 
-5.87405 -14.4489 126.396 -20.748 -0.835061 125.82 24.6959 7.18892 125.975 
21.1606 14.9153 124.848 13.1568 -14.5701 126.23 0.269051 -19.2506 126.219 
24.744 4.16264 125.872 6.80792 -20.8676 126.499 -14.2587 17.0053 124.451 
-20.2754 -3.10613 125.697 -20.8185 3.1339 125.056 -19.7396 -4.63704 125.522 
-8.73971 18.2401 124.136 -20.7689 0.691151 125.194 -20.4905 -1.96831 125.445 
24.7582 5.74959 125.659 17.1751 18.5317 124.47 19.7005 -5.70777 125.902 
9.16886 21.1801 124.46 13.6032 -13.5 126.29 8.77763 -19.8916 125.748 
-7.06891 18.5705 124.367 19.8458 16.308 124.319 7.63751 21.0614 124.546 
-1.48316 19.4491 124.662 6.04453 20.4437 124.209 -4.46564 18.2984 123.579 
-6.11166 18.4411 124.019 -10.9525 17.8291 123.869 -12.8271 -12.1892 124.759 
23.7451 9.77957 124.781 -4.47091 -14.9311 125.387 -18.2189 13.1264 125.068 
-18.6347 11.4212 124.141 -19.3221 9.20448 123.704 -20.5018 -1.06502 124.814 
24.0612 2.72518 124.875 22.0707 13.5341 124.932 15.6345 -9.45412 125.577 
12.537 -15.4441 125.292 0.0554089 19.1322 123.759 -17.7374 -8.46095 125.09 
23.3576 10.8302 124.722 22.689 12.0074 124.496 18.4608 17.5955 124.172 
18.1291 -6.88138 125.709 -12.6316 17.4631 123.9 -7.94363 -13.5548 125.645 
-16.5004 15.0876 124.233 -10.8718 -12.6971 124.348 -17.1673 13.5124 123.504 
-20.3637 4.81646 123.98 -20.0012 -2.86963 124.235 24.2146 8.15007 124.846 
19.1309 17.4496 124.68 -1.98739 -17.3002 126.411 11.7534 -16.7246 125.152 
1.60225 -19.9133 125.627 -1.36109 -17.5339 125.701 24.4245 6.63511 124.767 
16.8668 -7.88282 125.301 10.5685 20.4171 123.887 1.76717 19.485 123.833 
21.8999 -3.79636 125.695 22.7243 -2.21945 125.499 8.16811 19.6957 123.308 
9.70882 -18.9158 124.553 -2.00517 18.6639 123.572 2.60578 -20.1453 125.284 
18.9229 17.484 124.304 15.8397 17.999 123.148 13.0781 -13.8243 124.707 
6.11511 -20.5866 125.129 -6.64657 17.78 123.127 -19.0878 -5.24938 123.684 
23.0531 -0.7706 125.064 19.0585 17.1392 124.122 21.9279 -3.09259 125.207 
18.6148 -5.97856 124.868 23.0913 10.5104 123.797 23.956 5.21612 123.886 
20.2507 -4.4506 125.019 13.4927 19.6682 123.685 -9.53162 -13.1144 125.099 
-15.1317 15.2603 122.871 20.3541 14.9452 123.227 21.9769 -1.78591 124.464 
19.1961 -5.14866 124.683 5.69843 19.0048 122.732 -3.33417 -15.041 123.651 
-5.78224 -14.0335 124.553 -19.4861 7.50125 122.88 21.4007 -3.76732 125.237 
-14.043 -11.4926 123.955 -15.4484 -10.4932 123.99 17.3907 17.2063 123.155 
20.9474 -3.99161 125.12 10.6556 -17.6164 123.993 2.11199 18.6653 122.545 
7.2364 -20.287 124.878 1.56563 -19.0674 124.328 -1.85197 -16.5084 124.491 
-18.4401 10.2631 122.554 21.1618 13.4518 123.088 18.7383 16.4793 123.265 
12.0829 19.7817 123.49 14.5525 -10.7452 124.595 13.7431 -12.0649 124.26 
-2.39895 17.613 122.158 -0.266669 -17.5501 123.943 -9.92831 17.22 122.663 
-9.05136 -13.0005 123.949 -17.8223 -7.69436 123.679 -20.2625 3.13007 123.142 
-20.365 1.50307 123.388 -19.6014 -3.84322 123.471 -20.2248 -0.61385 123.456 
20.6164 -3.00125 124.168 15.1454 -9.50721 123.754 3.79471 18.7785 122.508 
-4.60815 -14.4943 124.41 23.948 7.24454 123.673 23.9882 7.98816 123.894 
14.3179 18.569 122.987 18.4418 -5.64568 124.286 -0.882879 17.9837 122.282 
-4.74704 -14.2524 123.8 -11.7456 16.6453 122.295 -13.4891 16.4819 122.945 
-17.6214 11.8857 122.548 -19.8563 5.96776 123.017 23.6229 8.87331 123.686 
19.4641 -4.1935 124.145 17.3333 -6.54036 123.724 10.624 18.7884 122.625 
3.53492 -19.5754 123.845 23.0847 1.05033 124.134 8.63882 18.2982 122.158 
-18.9432 8.75937 122.4 -16.8055 -9.28166 124.116 22.1315 11.6697 122.907 
16.1836 -8.32667 124.3 11.7406 -15.6464 123.41 0.534689 18.1006 122.068 
-7.40868 -13.289 123.539 -12.0834 -12.3261 123.725 -12.9579 -11.8738 123.15 
23.8262 7.9974 123.494 12.8574 18.4599 122.555 5.92692 -19.5526 123.398 
-5.24299 17.1466 122.087 -8.16446 17.0203 122.135 22.876 3.21436 122.749 
22.2083 -0.309588 123.828 19.6226 15.4981 122.943 18.5025 -4.94963 123.796 
-15.9717 12.9635 121.254 -19.743 -3.18915 123.208 20.2074 14.4306 122.504 
17.7467 16.0425 122.299 -3.74698 16.9359 121.56 21.5958 1.05857 122.469 
4.68528 18.0521 121.489 -19.3738 -4.02148 122.755 7.32469 18.5154 122.274 
8.29652 -19.443 123.955 -1.49562 -16.1724 123.193 -5.17467 -13.722 122.368 
-8.52273 -12.8734 122.85 -14.3131 -10.9518 122.572 -19.6817 4.28118 121.841 
-19.8481 -2.25215 122.872 20.1225 14.8139 122.61 20.0036 15.0278 122.7 
3.23876 18.2515 121.775 -18 -6.50176 122.02 23.3982 8.182 122.86 
16.1993 16.3086 121.918 -6.44921 16.7615 121.63 -9.72861 -12.4812 122.108 
-11.6206 -12.2042 122.621 -18.9345 7.75051 121.699 14.4675 17.2351 122.069 
17.8579 -4.8107 122.816 13.9118 -10.9562 122.855 -0.576856 -16.6253 122.632 
23.1139 7.07674 122.243 22.5351 9.77384 122.3 19.7392 14.848 122.349 
13.7237 17.9018 122.278 12.8032 -12.9929 122.693 6.82699 17.7811 121.408 
2.46245 -18.2974 122.327 -13.2922 15.712 121.806 21.1098 -0.874294 123.223 
13.4991 17.3905 121.962 13.3002 17.8136 122.144 12.9855 17.5475 122.002 
12.0563 17.4812 121.855 7.70138 17.9992 121.829 9.44147 -18.4188 123.255 
1.00851 -18.0276 123.125 -9.74317 16.2703 121.209 -17.4421 11.0442 121.433 
-16.1317 -9.18698 122.148 -19.814 2.17102 121.673 22.7135 5.41266 121.7 
21.3826 12.4039 122.23 18.8282 -3.46424 122.957 13.1606 17.1882 121.844 
12.869 17.203 121.826 10.0316 17.4786 121.559 15.8323 -8.23047 123.058 
-0.321668 17.1761 120.951 -1.38098 17.3187 121.475 4.39735 -19.2923 122.956 
3.69692 -19.0273 122.75 -7.70113 -12.7897 121.691 -19.6479 -3.06695 122.684 
18.819 15.2996 122.217 13.1819 16.8721 121.621 8.35722 17.593 121.468 
12.43 -14.2774 123.162 -18.1616 9.16136 121.122 -19.9572 0.506388 122.087 
-18.8864 -5.16097 122.557 20.4764 12.6734 121.385 19.4116 14.036 121.626 
17.471 14.9198 121.26 11.7725 16.383 120.913 2.54492 18.0476 121.524 
-11.7607 15.2361 120.329 -19.1933 6.188 121.405 21.4761 11.4961 121.697 
19.7001 -1.16834 122.145 14.3116 15.691 120.888 1.63183 17.5673 121 
4.63596 -18.6004 121.883 -4.86726 16.1509 120.664 0.368549 -16.9826 121.956 
5.62334 16.8045 119.654 -7.21058 15.9015 120.282 -3.47902 -14.3651 122.15 
-19.7163 -1.08909 121.795 22.7831 8.36897 121.984 8.12086 -18.4786 122.417 
-14.0483 14.6295 121.08 -18.8463 -4.63135 121.744 -19.4141 -2.93425 121.864 
16.0128 15.197 120.946 9.79412 -16.8683 121.878 3.34025 17.5976 120.811 
-2.13518 16.6518 120.75 -18.583 7.35094 120.659 14.6531 -9.28837 122.029 
-12.845 -11.4443 121.336 20.4755 11.544 120.532 -16.6135 10.7682 119.714 
21.7024 8.43477 120.688 22.4961 6.87505 121.258 21.6534 3.0617 121.219 
20.6538 -0.0661603 122.374 17.0425 -5.28761 121.506 11.8956 -14.4419 122.085 
-1.97504 -15.3742 122.275 22.2804 4.15016 121.394 20.3851 0.487887 121.694 
18.3378 -2.47182 121.464 15.6956 -7.42479 121.407 8.92419 16.6308 120.327 
5.74263 -18.7678 121.978 6.70271 -18.2934 121.485 -1.0629 -16.05 122.246 
17.8434 -3.8802 121.914 -3.54046 16.0596 120.367 -2.77827 -14.7938 122.281 
-13.8333 13.6088 119.421 -16.712 -7.62152 120.053 21.4346 10.3875 121.03 
12.7386 15.3531 120.116 11.1546 15.6498 119.825 12.6951 -11.6581 121.017 
-9.41334 15.5107 119.891 -19.337 0.51784 120.284 -18.8866 -3.68077 120.815 
13.7118 -10.4161 121.602 11.7168 -13.5776 121.034 -0.517281 -16.3615 121.996 
-3.77415 -13.9772 121.367 -11.1764 -11.942 121.025 20.5857 1.73253 120.843 
-0.932896 -15.7808 121.349 -2.5015 -14.6106 121.086 -18.0938 -5.28106 120.287 
19.605 0.473256 120.694 18.671 -0.9342 120.448 0.667524 16.6453 119.854 
19.133 12.9133 120.381 17.9432 13.6824 120.373 -8.79926 -12.3282 120.744 
-15.3551 12.4699 119.665 17.5648 -3.45704 120.59 16.2016 -6.07388 120.156 
8.06917 -17.5574 121.12 -1.00114 16.1407 119.586 -4.02907 15.7334 120.118 
-4.22238 15.649 119.992 -8.22194 15.1762 119.007 -14.4307 -10.4424 121.074 
-19.0866 -1.96327 120.223 21.9717 6.54854 120.625 20.6468 10.2438 120.09 
19.889 12.3593 120.466 13.9718 14.6327 119.66 11.0873 -15.3304 121.644 
-3.83685 15.6319 119.877 -2.9408 15.7037 119.539 -3.96465 15.5872 119.942 
21.3932 4.88993 120.186 15.9808 14.1057 119.854 -18.7958 6.4451 120.55 
-19.0144 4.92773 120.341 -18.9194 3.32848 119.509 2.54026 16.6422 119.421 
5.73129 -18.3238 121.32 -4.6764 15.5368 119.595 -6.16454 -12.8676 120.459 
-7.79726 -12.2362 119.597 -17.6855 8.18757 119.351 1.65112 -16.9893 120.41 
-11.7477 14.1959 118.517 -18.828 5.88581 120.326 12.3781 14.7579 119.054 
-9.78226 -11.8629 119.493 -15.2605 -9.39919 119.985 -18.5507 5.60014 119.522 
17.5459 12.5138 119.022 18.0063 -2.2023 120.449 14.5838 -8.67139 120.942 
-9.98764 14.8254 118.743 -15.406 11.8596 118.784 -13.6025 -10.5421 119.442 
21.004 6.96702 119.601 19.2792 11.9821 119.748 7.94286 16.1529 119.078 
5.85573 -17.4244 120.096 3.52391 -17.5479 120.399 -11.8435 -11.3845 119.528 
-18.4345 6.61053 119.835 -18.5549 -3.57745 119.697 20.7159 3.11642 120.031 
9.91575 15.3068 118.447 13.5612 -9.80232 120.473 11.3085 -14.5797 121.147 
0.0273456 -15.9933 120.148 -4.0656 -13.493 119.903 -18.7029 4.73534 119.48 
-18.2098 5.27631 118.509 19.765 10.9625 119.558 -6.00568 14.9591 118.345 
-14.698 12.7445 118.965 -17.9715 6.38912 118.598 -18.6144 1.31656 118.139 
7.23883 -17.4527 120.54 0.320637 15.7342 118.466 -14.0438 12.9113 118.316 
-15.7679 -8.5574 119.055 -17.2239 -6.12713 118.791 19.6153 9.39318 118.816 
19.0813 0.411782 119.879 3.94963 16.2224 118.426 -3.84651 15.1813 118.671 
-18.7118 -0.627107 118.527 18.6597 11.1627 118.792 16.94 -4.6958 119.714 
14.3798 -8.17425 119.762 10.3675 -14.8464 120.293 -1.91039 15.1893 118.19 
-1.23869 -15.1205 120.099 -18.3561 -2.49723 118.281 20.6301 8.19099 119.388 
19.4941 1.74101 119.168 18.6926 0.0207961 119.211 17.741 -2.06481 119.115 
12.0693 -11.0359 119.136 11.1126 -12.8689 119.43 -15.8437 10.7881 118.151 
14.278 13.5601 118.255 8.11617 -16.3555 119.762 -2.21219 -14.3427 119.547 
-8.3403 14.5767 117.75 -10.2469 13.8954 116.924 -14.6761 12.3742 118.297 
2.24373 15.6675 117.754 -12.7775 12.9801 117.102 -14.9543 11.549 117.582 
17.3763 -3.52929 119.68 15.3866 -7.01629 119.892 5.32383 16.0386 118.017 
-5.92519 -12.4684 118.684 -16.5198 9.32096 117.855 -17.8822 -4.44302 118.544 
20.1644 3.81343 119.031 7.36197 15.6401 117.745 2.52255 -16.7551 119.065 
-0.91334 -14.9036 118.662 -16.1623 -7.47816 117.939 -17.1667 7.66383 117.674 
-18.0923 5.90677 118.578 16.3076 -5.46916 119.123 4.07933 -16.8255 118.683 
0.957543 -15.9936 118.705 -8.52904 -11.8151 118.396 -18.0616 5.93123 118.509 
-17.93 5.9753 118.195 -17.4118 6.16555 117.061 -18.3264 4.05449 118.132 
20 7.63178 118.654 16.0427 13.0361 118.612 16.6826 -4.99314 119.051 
4.06236 15.5627 117.193 -0.633105 15.1128 117.704 -3.81931 14.7788 117.728 
-14.1153 12.3209 117.476 18.0962 10.3746 117.837 12.0142 14.1958 117.746 
-2.60729 -13.7667 118.236 -12.5086 -10.8443 118.215 19.8909 5.68642 118.416 
17.2352 -3.6961 119.189 15.6491 -6.29817 119.152 0.106696 14.833 116.813 
-4.90481 14.3602 116.809 -6.88851 14.301 116.819 -14.7984 -9.20866 118.128 
17.5908 11.3577 118.042 16.491 12.486 118.226 14.856 -7.01479 118.836 
-13.4742 -10.2035 117.773 -17.8915 4.63915 117.281 -16.9473 -5.44182 116.891 
16.8102 -4.77533 119.013 12.8884 -9.43362 118.664 6.77857 -16.5298 118.962 
-18.0557 0.0414458 116.529 16.9395 -4.3557 118.938 -7.32605 -11.8635 117.593 
-18.2917 -1.27453 117.428 18.3123 -0.127467 118.196 15.6869 12.5951 117.837 
16.9971 -3.49416 118.404 5.74095 -16.4604 118.162 -1.19403 14.8439 117.326 
-11.0791 -11.1546 117.591 17.1276 10.7386 117.214 13.652 -7.84786 117.871 
-8.42028 14.0646 116.467 -15.4449 10.2048 116.747 18.6727 7.48929 117.305 
19.0289 3.28233 117.642 18.8754 0.804484 118.503 16.5224 11.7923 117.582 
16.4119 -4.69721 118.322 14.8756 12.0618 116.617 15.6196 -5.69959 118.242 
9.05358 15.0476 117.251 5.67775 15.4445 116.944 2.42411 14.774 116.108 
-2.46266 14.4151 116.553 -4.24108 -12.802 117.626 -18.111 3.07981 117.154 
17.0719 -2.37322 117.661 10.3942 14.0393 116.243 15.2412 -6.354 118.496 
11.6474 -10.5129 117.627 2.38684 -15.9963 117.182 18.1934 9.28793 117.411 
10.6992 -11.9244 117.476 -14.0016 11.3332 115.852 -18.0975 1.62291 116.668 
-17.6453 -3.58107 116.964 19.0349 1.32654 118.305 12.9088 13.1425 116.575 
14.6549 -6.37882 117.623 6.88361 14.7297 115.892 7.24762 -15.7235 117.959 
-16.0398 8.17858 115.61 -13.8782 -9.41517 116.31 -17.7176 -2.12532 116.188 
18.6054 5.232 116.844 17.484 9.93588 117.037 18.6338 0.884656 117.837 
-12.4454 -10.426 116.63 -7.45442 13.8708 115.689 -9.00662 -11.4174 116.819 
18.917 1.72233 117.918 9.141 -14.1418 117.82 18.1976 0.296941 117.485 
17.5272 -0.753724 117.137 -5.89566 13.9048 115.594 16.2047 10.6018 116.375 
16.3114 -3.43699 117.13 15.1347 -4.86824 116.615 8.47735 14.8085 116.489 
4.43574 -16.2647 117.225 -0.0460907 -14.9138 116.945 -1.55529 -14.1282 117.293 
-5.72338 -12.0984 116.902 17.1781 8.91549 116.267 4.75322 14.7284 115.741 
6.21615 -15.8274 117.094 -17.1869 4.68181 115.501 16.9726 10.095 116.682 
-0.833292 13.8909 114.806 -15.2206 -7.99373 116.206 -17.5289 -3.16422 116.221 
18.1553 6.21894 116.35 5.42972 -16.1491 117.154 -4.2213 13.9579 115.614 
-11.3063 12.6592 114.785 -12.7475 12.1921 115.379 -16.625 6.44431 115.226 
18.1129 1.19437 116.876 16.6421 -1.96587 116.476 12.2142 -9.18195 116.851 
3.37848 14.0945 114.716 0.81635 14.361 115.631 -2.74811 -13.2617 116.596 
13.6309 11.8756 115.265 -3.00533 13.8016 114.972 -16.1466 -6.6897 116.23 
17.6622 3.22968 115.5 7.2602 -14.7652 116.107 -17.3203 2.0606 114.744 
12.868 -7.81783 116.264 -6.68505 -11.5496 115.06 -17.0917 -3.84478 115.502 
14.5019 11.6052 115.613 9.48997 -12.6836 115.721 5.27879 -15.6505 116.107 
-6.89571 13.5136 114.427 -8.86959 13.4451 114.94 -8.68206 -11.0969 114.714 
-13.0874 11.6844 114.825 -15.0453 9.86791 115.596 -16.4028 -5.85856 115.518 
17.9731 5.17319 115.931 17.6287 7.01961 115.914 17.7458 5.95607 115.73 
12.0093 12.757 115.217 13.7378 -6.93606 116.789 14.1208 -6.01586 116.288 
-1.47677 -13.8878 116.179 17.222 -0.229843 116.109 15.008 10.9138 115.439 
8.60396 -13.7918 116.076 -4.23687 -12.3164 115.481 17.3712 -0.552546 116.602 
17.0353 -0.955102 116.32 11.0102 -11.0003 116.85 17.3067 -0.6357 116.547 
3.70472 -15.8282 116.041 -10.7117 -10.6187 114.74 -17.6442 -0.867728 115.455 
11.3103 -10.3103 116.471 10.5652 -11.0794 115.626 -4.75762 13.4728 113.994 
15.763 9.37836 115.008 14.3682 11.2333 115.078 12.0707 -8.58957 115.577 
8.61919 14.0622 115.252 -0.661201 -14.1357 115.29 -14.5592 9.67833 114.447 
-17.4672 0.028411 114.867 -12.4759 11.9541 114.481 17.4728 5.08942 115.146 
17.3218 6.18194 115.203 17.3119 1.04831 115.547 16.3938 -1.12861 115.314 
14.012 -5.38434 115.319 13.3352 -6.72505 115.722 7.28473 13.702 114.247 
11.3558 -9.52748 115.143 1.51123 13.9791 114.655 -12.8021 -9.7522 115.005 
-17.1213 -1.58876 114.235 14.2127 10.2134 113.939 15.3997 -3.04142 115.291 
0.994716 -15.008 115.471 -16.6768 -5.1888 115.519 -17.2335 -2.6282 115.007 
16.5984 7.19672 114.622 9.66255 13.5536 114.867 5.92776 14.1045 114.69 
4.81105 13.9436 114.379 -2.24518 -13.0856 114.828 -13.0611 11.0331 113.805 
-15.8254 -6.32708 114.58 -16.2821 -5.75379 114.937 16.8211 -0.380369 115.402 
10.6516 12.7613 114.221 -16.2005 7.02912 114.592 -16.4496 -5.51896 115.126 
-16.4376 -5.18234 114.747 16.887 0.13769 115.2 13.6969 -6.02033 115.534 
-16.0594 6.23027 113.697 -14.244 -8.25836 113.984 12.2936 11.5779 113.712 
-2.74107 13.4608 113.779 2.54785 -15.4755 115.4 -15.8959 7.35222 114.225 
-16.5217 4.21349 113.516 5.77488 13.175 113.041 14.3121 -4.32165 114.668 
12.3035 -7.58249 114.574 16.9989 5.67461 114.518 16.7753 -0.260246 115.205 
16.7931 -0.360866 115.291 16.6893 -0.472834 115.223 4.04074 13.4735 113.493 
16.847 4.34893 113.855 16.4649 0.888414 114.039 16.5289 -0.26833 114.843 
15.295 -1.99688 114.142 8.32673 -13.4682 114.744 2.55336 13.552 113.64 
5.90252 -14.8707 114.836 -1.05711 -13.6258 114.31 8.91656 13.0637 113.741 
7.05611 -14.1676 114.39 -3.43702 -12.313 114.218 -9.60243 12.6492 113.055 
-12.0871 11.893 113.882 3.96958 -15.0422 114.323 -16.8992 -3.08159 114.278 
-7.82283 13.0899 113.144 11.7923 -8.63957 114.917 9.09677 -12.6001 114.28 
0.619191 13.2232 112.784 -4.37135 -11.7988 113.047 -7.8218 -11.0404 113.119 
-9.14608 -10.8673 113.718 -15.1086 8.05509 113.419 15.318 8.26251 113.479 
13.2481 -6.13824 114.77 7.45243 12.8027 112.775 9.719 -11.675 114.091 
-1.57923 13.2799 113.044 0.119236 -14.1376 114.036 -6.32557 13.2089 113.105 
-11.4209 11.6698 112.686 -16.9211 0.283078 113.392 -16.5192 -4.26168 114.014 
13.4953 -5.16229 114.066 -16.1995 -5.22493 114.017 14.5474 -3.55506 114.304 
11.1019 11.8568 113.069 3.0377 13.0018 112.347 -3.50075 13.0117 111.991 
-2.79329 -12.4411 113.417 16.5353 5.70719 113.688 16.6789 2.69862 113.586 
15.8207 -0.791718 114.028 10.4372 -10.2041 113.461 1.86432 -14.7831 114.045 
-13.9259 9.5065 112.955 -12.4628 -9.57897 113.307 13.7043 -4.48505 113.704 
-16.23 2.88292 112.114 14.0049 -3.84804 113.59 10.0346 12.0518 112.658 
11.5798 -8.67216 114.322 -5.32476 13.0721 112.362 -16.733 1.55341 112.962 
-16.4584 -3.17434 112.988 14.6025 -2.99265 113.83 -15.0161 6.97771 112.035 
-15.5283 5.20876 111.69 -15.9873 -4.98745 113.059 12.675 -6.12905 113.452 
11.1216 -9.16514 113.734 -1.40824 12.9343 111.756 -12.7683 10.1675 111.92 
14.6475 -2.3395 113.262 6.74105 12.661 112.292 -1.24144 -13.1351 113.062 
-6.19432 -11.273 112.622 -11.1304 -10.1503 112.559 12.9041 10.3319 112.539 
15.0657 -1.5619 113.297 8.59448 12.2187 112.151 11.4725 -8.24329 113.25 
-6.72911 12.8452 111.644 -8.34603 12.6328 111.774 15.8521 6.54216 112.921 
16.0824 1.80317 112.529 15.1937 -0.621746 112.61 5.84938 -14.2029 113.378 
-15.2718 -6.46826 112.92 16.1236 4.99816 112.503 11.924 -7.16801 112.913 
4.38547 13.0484 112.602 8.60387 -12.8915 113.782 7.67973 -13.1992 113.064 
-9.39044 -10.6229 112.233 13.7932 9.18165 112.106 14.5557 8.7922 112.789 
13.9896 -3.04976 112.661 11.3349 10.8568 111.668 13.1677 -4.63315 112.677 
7.09373 12.4786 112.043 8.92542 -12.275 113.198 -16.2497 0.838621 111.633 
7.55327 12.2746 111.811 1.78172 12.6391 111.126 2.71523 -14.5084 113.06 
4.04828 -13.9207 111.892 -5.25302 12.8237 111.138 -13.3833 -8.62822 111.896 
-16.3497 -1.44972 112.016 -16.0063 -3.91652 111.976 1.12537 -13.7759 112.068 
-14.5711 -7.16716 111.756 16.0262 3.21252 111.949 -13.9947 8.48943 111.692 
-15.4403 -5.23663 111.455 14.7138 7.49029 111.634 6.47621 12.2152 111.246 
4.4416 12.5594 111.429 -0.181477 12.6306 110.679 -9.68523 11.981 111.158 
-11.2869 10.7941 110.576 -12.1188 -9.54502 111.738 -16.1814 -2.92082 111.89 
15.7132 0.701188 112.473 10.8285 -9.01501 112.537 8.41799 -12.1215 111.872 
-12.7706 9.17551 110.252 14.5461 -1.9268 112.613 7.9816 11.699 110.81 
3.0998 12.5813 111.211 -2.56792 -12.2448 111.823 -14.1635 6.88726 110.059 
12.1333 -6.10287 111.904 6.2523 -13.4496 112.006 -6.1452 12.5805 110.14 
-7.82759 12.2802 110.033 -15.7849 -3.11413 110.844 9.48685 11.379 111.096 
11.2103 -7.72555 111.545 -5.29018 -11.3342 111.517 -6.95573 -10.9073 110.265 
15.497 5.83211 111.619 12.6887 9.66685 111.235 9.43719 -11.1896 112.34 
-15.3727 3.99159 110.402 -15.4757 -0.648041 109.418 -2.27083 12.5967 110.165 
-1.02434 -12.7042 110.904 15.2174 0.197918 111.768 -14.9797 5.25417 110.316 
-15.5232 2.18343 109.981 -13.8536 -7.76359 110.541 15.8027 2.05917 111.65 
15.4613 1.1214 111.457 9.87467 -9.66354 110.823 8.73152 -11.251 110.807 
-4.4938 12.549 109.636 15.5491 4.56834 110.962 14.8445 5.7113 110.062 
15.3701 1.95673 110.67 13.3724 8.51027 110.477 14.0856 -1.90067 111.454 
-3.81157 -11.5817 110.084 -15.3198 -4.45926 110.027 14.7357 -0.543105 111.403 
13.3154 -3.48558 111.557 7.32747 -12.7607 111.534 -10.7816 -10.0196 110.859 
14.9231 0.191068 111.004 -11.4076 9.88352 108.629 -14.6764 -6.16669 109.926 
11.783 9.3526 109.372 10.1146 10.4294 109.669 -9.2396 -10.4678 110.402 
15.1444 3.21436 109.795 13.9367 7.18007 109.6 1.07395 12.2939 109.733 
14.315 -0.650819 110.345 12.4955 -4.67649 110.84 11.6302 -6.17126 110.22 
2.9617 12.1707 109.927 -9.56816 11.3404 109.047 -12.4892 -8.91934 110.199 
8.6843 10.9781 109.669 6.88915 11.1769 108.931 7.74739 -12.0552 110.599 
-12.8039 8.39911 108.863 -0.681519 12.1385 108.339 2.40268 -13.4707 110.284 
-2.18022 -12.1125 110.367 6.06975 -12.82 110.415 -3.02241 12.3153 108.425 
-15.0546 3.50934 109.22 15.1084 4.48449 109.82 0.434195 -12.9375 109.375 
14.8153 0.631696 110.196 13.1843 -2.96615 110.35 4.97798 11.8024 109.607 
-15.3738 -3.10223 109.39 13.7745 -1.78023 110.381 -14.6742 4.9054 109.236 
14.573 1.23218 109.029 12.9019 8.1103 108.879 14.426 -0.00408167 109.709 
-7.9586 11.8545 108.312 7.65595 -11.2479 108.631 4.0161 -13.2613 109.886 
-10.0147 -10.2007 109.827 -15.0321 2.79164 108.77 13.6472 -1.54173 109.471 
10.715 -7.63102 109.397 -6.37358 12.2069 108.371 -13.3182 7.243 108.275 
-13.971 6.02405 108.451 -14.9495 -4.52946 108.643 12.4949 -4.04882 109.745 
12.0077 -5.0196 109.566 1.63172 11.9179 108.495 -10.8771 -9.70487 109.228 
-13.5853 -7.53755 109.05 -1.53259 -12.3188 110.109 -1.13565 -12.4101 109.548 
-2.43791 -11.9089 109.665 -5.1481 -11.0167 107.993 -14.2982 -6.07479 108.18 
10.3979 9.7289 108.389 -1.84383 -12.1185 109.647 -9.14244 -10.3157 108.905 
-15.0082 1.78133 108.365 14.4936 4.38225 108.442 13.3008 7.13699 108.172 
8.78007 10.2209 107.941 -10.108 10.6052 107.584 -12.1366 8.41888 107.121 
13.9415 6.01467 108.306 -4.61145 12.1562 107.201 -13.2563 6.19141 106.851 
14.3933 0.19052 109.362 5.27474 11.3063 108.309 -2.04298 -11.9698 108.605 
-15.0427 -2.78428 108.084 14.3479 -0.0259745 109.449 14.1437 -0.450588 109.408 
12.847 -3.05184 109.078 12.2211 -4.26013 108.822 9.55843 -9.04688 108.127 
3.61646 11.4833 107.889 5.01023 -12.6248 108.69 2.52898 -13.0309 108.318 
-12.1891 -8.64425 108.248 -14.8303 0.714309 107.492 13.8967 -0.83294 109.142 
11.4533 -5.70128 108.167 -0.803987 -12.4395 108.712 -3.63984 -11.3579 107.546 
-8.73291 11.2373 107.176 -14.212 4.72558 107.842 -14.7064 3.91221 108.507 
-14.8672 3.32476 108.549 14.29 2.46194 107.715 13.8445 -0.595936 108.568 
-6.37834 -10.8305 108.18 -11.0081 9.75357 106.998 13.2198 -2.03455 108.503 
11.0715 9.19307 107.952 12.4731 -3.26995 107.396 -10.3864 -9.6293 107.443 
12.0755 8.554 108.134 11.6094 8.92261 108.069 5.53547 10.8203 106.895 
-2.66638 12.0309 106.615 -0.409679 -12.4206 107.38 -13.3039 -7.22867 107.325 
1.37322 11.5175 106.485 -7.6085 -10.5938 107.657 -14.6074 3.12034 107.759 
-14.7592 -1.27306 106.954 12.4665 7.7462 107.502 -9.81655 10.2561 106.075 
7.16388 10.4714 107.158 -14.6887 2.20653 107.49 -14.7341 1.73732 107.444 
-11.9337 -8.33697 106.338 12.7983 6.44248 106.541 11.3011 8.45566 106.932 
10.0513 9.36255 107.178 10.4811 -7.43521 107.62 -7.36573 11.7211 107.039 
-8.99982 -10.2523 107.591 -14.7924 -4.02314 107.5 -14.5926 -4.99616 107.529 
13.6889 5.04109 106.982 13.2352 -1.71722 107.803 -0.814618 11.7339 105.786 
-14.3236 1.92045 106.202 -14.0509 -5.72453 106.751 13.7508 0.429221 106.981 
13.4471 -0.927349 107.317 13.036 -1.82345 106.948 7.84541 9.98035 106.34 
-6.05951 -10.7943 106.898 8.91551 9.59558 106.454 1.06419 -12.9374 107.906 
-4.06012 11.8657 105.098 -14.5233 0.261961 106.293 4.13027 -12.7256 107.758 
6.74457 10.1662 105.803 -14.6033 -3.29938 106.65 1.52016 -13.0527 107.911 
1.28044 -13.0411 107.814 -6.14587 11.8444 106.356 13.7804 3.54855 106.435 
5.4243 -12.23 107.346 1.50987 -13.0067 107.663 2.04751 -12.8976 107.136 
1.05049 -12.7761 106.987 -2.34719 -11.7026 106.421 -11.9101 7.34049 104.905 
-13.8399 4.07876 106.221 -14.3217 -0.949673 105.3 -14.4711 -4.54204 106.734 
3.61435 10.9057 105.533 -10.9673 9.58009 106.142 -8.90402 -10.1629 106.367 
11.9789 7.51176 106.42 12.7034 -2.2081 105.855 3.47361 -12.6836 106.795 
-10.3943 -9.35027 105.458 -5.14473 11.9335 105.834 -7.68592 10.9855 105.074 
-11.4236 9.25311 106.398 -11.5527 8.73897 105.934 -14.2492 0.40652 105.266 
13.5727 1.78831 105.675 8.20479 9.46899 105.336 9.7511 -8.18561 105.976 
8.45253 -10.1186 106.46 -4.53146 -10.9779 106.668 10.7512 -6.60858 106.483 
6.86649 -11.4803 106.492 -11.2765 9.4153 106.172 -7.1108 -10.5934 105.467 
-13.043 5.22532 105.016 -2.32317 11.7489 104.593 -11.2532 9.27648 105.976 
11.4148 -5.07516 105.745 7.8301 -10.9529 106.938 0.571118 11.352 104.664 
-5.05026 -10.8661 106.575 -13.1088 -6.64549 105.533 -14.2789 -2.68548 105.347 
11.1151 7.19408 104.812 5.47289 10.2597 104.757 -10.7607 9.15159 105.215 
13.1575 -1.02403 106.057 9.69263 8.82356 105.661 -9.42964 9.80467 104.343 
12.071 -3.48165 105.215 5.00101 -12.19 105.899 -5.61989 11.591 104.699 
-4.12762 -11.1323 105.736 -4.72917 -10.8655 106.389 -13.9882 -4.63666 105.458 
7.33244 9.87861 105.495 1.90085 -12.6543 106.019 -4.72988 -10.8982 106.15 
-14.0047 -0.581028 104.051 12.9959 4.64752 105.242 6.99932 9.94423 105.334 
7.04391 9.72605 104.725 -5.38551 -10.8546 105.723 -13.688 3.02483 104.735 
7.78535 -10.8803 106.287 0.540287 -12.4599 105.935 -0.872439 -12.0166 105.267 
2.07195 11.0171 104.438 10.4992 -6.6768 104.907 7.41139 -10.8647 105.348 
-13.4533 4.10081 104.916 12.2984 5.89266 105.033 -13.9325 0.91645 104.259 
-13.9274 -2.30155 103.802 -0.704931 11.4278 103.7 -10.193 9.18889 104.217 
-13.8605 1.98339 104.531 12.4137 -2.37962 104.503 12.7146 -1.90441 105.126 
8.55436 8.58997 103.5 -10.742 8.49657 104.09 13.2196 2.86706 104.693 
13.038 -0.0603812 104.477 -4.47737 11.4916 103.187 -2.91556 -11.4253 104.193 
-12.4093 5.57698 103.485 12.8912 -1.53489 105.398 6.09398 -11.6527 105.167 
-3.27305 11.6622 103.527 1.25415 -12.2221 104.129 -11.7124 -7.96511 104.127 
8.36173 -9.55258 104.058 3.21731 -12.4633 105.261 -8.93415 -10.0488 104.575 
13.0795 1.53046 103.917 12.9897 -1.03257 105.155 4.49548 -12.1075 104.458 
-10.2419 -9.30963 103.903 -13.0329 4.01317 103.548 -9.84012 8.97836 103.228 
12.7591 -1.43934 104.606 11.5679 -4.38681 104.431 -2.08876 11.4592 102.665 
-6.1548 10.933 102.764 -8.34346 9.71463 102.292 -10.9227 7.53024 102.872 
-11.8958 6.49777 103.43 -13.1253 -5.56626 103.487 12.0563 5.1245 103.688 
1.21128 10.9244 102.688 -13.8194 -3.86282 104.125 3.79783 10.2856 102.699 
-5.41486 -10.9078 103.785 -13.3549 1.85515 102.742 6.28326 9.52976 102.947 
3.05996 -12.3565 104.373 -1.11206 -11.7806 103.69 12.9461 2.34122 103.592 
10.9506 -5.46405 103.539 9.68736 -7.89159 104.243 12.6907 3.49434 103.567 
10.0477 7.27218 102.962 6.17844 -11.216 103.695 -7.62266 -10.454 103.349 
-12.1234 5.94908 103.099 12.3597 -1.60112 102.912 12.9129 1.83654 103.265 
11.0589 6.11907 102.94 11.7374 -3.58305 103.219 -2.2343 -11.4065 102.313 
-11.7815 6.24875 102.729 3.18251 -12.2179 103.691 -3.30995 11.4097 102.143 
-13.6024 -0.472108 102.543 -13.5017 -4.06826 102.911 -9.28452 -9.80847 102.852 
9.25718 7.61123 102.032 -9.94642 8.52751 102.46 -13.7919 -1.47562 103.095 
12.7095 2.2974 102.803 7.28447 8.81787 101.719 -12.0868 5.72465 102.688 
-12.1854 5.40815 102.555 -12.3962 4.82146 102.488 -10.7115 -8.75605 102.481 
12.2455 4.05366 102.822 10.1692 -6.95956 103.488 -0.535976 11.0999 101.641 
-0.510935 -11.7722 102.641 -6.4553 10.2661 100.466 -4.01001 -11.1105 102.318 
-9.38251 9.0473 102.417 -11.5385 5.79003 101.523 -13.4738 -2.68137 102.104 
12.3768 3.3193 102.506 12.8569 1.51159 103 9.34734 -8.12899 102.802 
2.6666 -11.9496 102.346 -12.0019 -7.03048 101.894 12.8557 0.859897 103.089 
4.32591 -11.9005 103.178 -10.2525 7.60774 101.447 -10.1532 8.1217 102.115 
5.7626 9.16538 100.391 -9.49856 8.64337 101.798 -8.29545 -10.203 101.53 
12.6392 1.4568 102.266 8.34967 8.16763 101.59 -13.1843 0.137305 100.975 
-13.2837 -4.90264 102.648 11.6715 4.29701 101.75 2.39615 10.4195 101.069 
0.722057 -11.8785 102.208 -4.43321 11.0306 101.075 -7.81691 9.54019 100.524 
-6.6836 -10.6827 101.821 7.13516 -10.355 101.948 -2.29541 11.0683 100.448 
-12.4611 3.60305 101.278 12.3524 2.60672 101.892 8.3156 -9.36144 101.979 
1.00506 10.677 100.596 -13.0239 -4.8972 101.875 12.5458 0.210903 102.1 
10.2937 6.39069 101.729 4.90568 -11.4091 101.687 10.1138 -6.7476 101.984 
-8.99681 8.45851 100.246 -5.35231 -10.9048 101.809 -13.1957 -1.66171 100.66 
-9.81148 -9.3411 101.17 10.9042 -4.97442 101.067 9.18725 7.07332 100.536 
-10.9744 -8.28259 100.964 -12.926 -3.84224 100.292 12.3132 1.67958 101.149 
7.80615 -9.88356 101.479 3.70913 9.84905 99.8701 -4.47848 -10.9779 100.541 
12.1211 2.84543 101.278 11.6946 -2.82023 100.96 9.11617 -8.21477 101.053 
-5.94181 -10.8091 100.576 -12.7223 1.53499 99.921 12.1098 -0.961552 100.732 
7.86437 -9.64287 100.449 -0.871294 -11.4633 100.887 7.66972 8.16523 100.279 
6.21444 -10.7112 100.186 -0.342026 10.8069 99.8929 -10.3117 6.96792 100.286 
-11.5961 4.47294 99.3954 -12.4116 -5.75859 100.417 -3.27748 -11.1437 101.315 
-7.49142 9.41419 99.1764 -10.8221 5.92731 99.5517 -12.1879 3.00291 99.3033 
2.19224 10.264 99.6779 1.29813 -11.7139 101.013 -2.39383 -11.2568 101.187 
-11.6298 -7.22131 100.241 9.92709 -6.81929 100.019 -8.95321 -9.79037 100.018 
10.5243 5.42696 100.373 11.9002 2.8801 100.569 -7.34208 -10.492 99.8204 
-11.9897 -6.07736 98.997 11.3362 4.00736 100.196 0.999963 10.4086 98.8823 
3.01314 -11.5947 100.475 -12.8414 -0.580309 99.0906 4.62736 -11.2742 99.8921 
-4.75924 10.6249 99.0834 -2.82593 -11.1332 100.185 -6.20537 10.062 98.5345 
-12.5735 0.757928 98.4215 11.9951 1.58709 99.8888 12.2244 0.470827 100.521 
-12.5345 -5.006 99.5438 -0.96965 10.6112 98.1676 -3.64524 10.9336 99.7562 
-12.8786 -2.51553 99.2167 -10.497 -8.3895 99.0527 11.5543 2.88808 99.4441 
9.75507 5.95488 99.1687 7.0149 8.13661 98.8108 -9.79409 7.03954 98.7764 
11.682 -1.85878 99.1844 8.55594 6.97812 98.695 10.7495 4.35045 98.988 
-3.10029 10.7804 98.6276 1.14594 -11.371 99.0297 -12.5773 -4.14005 98.6748 
11.8544 0.0649564 99.0435 4.82122 9.32673 99.0655 -8.42457 8.31359 97.8509 
11.697 1.69501 98.8868 8.87086 -8.40942 99.0972 -5.27191 10.2839 97.5822 
-5.63849 -10.8504 98.8389 -12.1413 2.08298 97.7093 11.1226 -3.85253 98.8715 
5.57213 8.71488 97.9016 7.13824 -10.0685 98.7892 -3.84032 -11.0012 98.6828 
-11.7708 3.50231 98.2421 -1.63562 -11.1442 98.3379 9.77728 -6.95193 97.9873 
3.49874 -11.2665 98.7196 -4.09492 10.5778 97.7475 -10.6517 5.46 97.8567 
-8.70364 -9.89157 98.3675 5.45906 -10.793 98.3071 -11.3788 4.2875 98.0615 
2.70446 9.88861 98.2658 -7.00281 -10.6298 97.4677 11.2467 2.73051 98.285 
4.14157 9.42444 98.2252 -12.607 -2.34355 97.6086 10.4909 -5.60271 99.0385 
-6.10895 9.94643 97.4135 9.98569 5.21775 98.1575 7.47533 7.21111 96.7814 
-6.97718 9.41785 97.4969 -12.4225 0.000554732 97.0505 11.6472 -1.12064 98.2292 
9.42279 6.02652 98.2617 1.26548 10.0671 97.0406 -12.2374 -5.11037 97.8824 
-9.40838 6.9815 96.9824 11.3297 -2.2613 97.4857 8.93808 -8.24666 97.4252 
8.03437 -9.42506 99.0307 -5.81494 9.73394 95.9785 -11.3114 3.81589 96.7733 
-11.6204 -6.42395 97.3558 11.499 1.27562 97.9048 10.5391 3.77319 97.3541 
-9.70887 -9.22192 97.2709 -10.661 -8.1047 96.9508 -12.4648 -3.98433 97.4951 
10.4625 -5.42603 97.364 -4.40392 10.3503 96.6993 11.1184 2.29045 97.2134 
3.73682 9.20333 96.1796 -2.77581 10.5382 96.7981 -3.39922 -11.048 96.6996 
9.30696 5.49062 96.9868 -12.3707 -3.58701 96.469 11.4781 -0.263556 97.3133 
8.08577 -9.24508 97.8586 4.19335 -10.9793 97.2804 -0.574921 10.3021 95.7633 
0.346767 -11.0838 96.2638 -7.65046 8.59761 95.9848 -8.56381 7.86883 96.3707 
-9.99656 5.71376 95.524 -12.2119 -4.83497 97.0251 10.9375 -3.94568 97.1701 
2.59379 -11.1074 97.1116 -8.53508 -10.047 96.4365 -10.9027 3.95616 94.9708 
5.85624 8.15827 95.8679 9.95818 -6.55025 96.8023 -4.82573 -10.9724 97.3286 
11.2699 1.2384 96.8096 6.93688 -9.9844 96.989 -8.94722 7.25775 95.5926 
-1.76837 -11.0658 96.1739 -5.79889 -10.892 97.4218 -12.2966 -1.78165 95.5396 
-11.2449 -6.92742 95.5416 11.0807 1.99669 96.5679 -3.86406 10.2447 95.3099 
10.8292 2.65211 96.4675 9.37009 -7.51505 96.3489 -11.7884 2.58427 96.2151 
-12.0039 -5.09247 96.0481 11.2144 0.418428 96.1208 -2.26988 10.4179 95.2541 
10.2596 3.26765 95.4275 7.09696 7.12192 94.8744 5.45262 -10.5621 96.2617 
1.60171 9.79109 95.144 -12.0035 1.5241 95.8615 10.9093 -3.3337 95.9776 
8.24696 -8.90168 96.025 -9.91126 -8.94172 95.3881 -11.5421 2.95887 95.635 
-12.1496 0.163224 95.3076 -5.68171 -10.9551 96.107 9.96455 -6.24296 95.6054 
-1.30488 10.3073 94.33 -4.56243 -11.0382 96.2176 10.9571 1.75717 95.8896 
10.5893 -4.76033 96.1822 3.93757 -10.8478 95.832 -8.39991 7.87996 95.5148 
-9.05388 6.90163 94.7421 11.1307 -1.25127 95.7602 -11.7346 2.66329 95.7995 
-11.7582 2.4125 95.5896 8.67494 5.30196 94.1636 -8.57481 7.63374 95.145 
-7.19626 -10.6705 95.3236 2.52196 -10.9282 95.1351 -8.32757 7.70433 94.5681 
-11.5202 2.23927 94.49 5.02443 8.50622 95.0393 2.82983 9.34232 94.3421 
-8.70751 7.43504 94.992 -12.1983 -3.70427 95.2908 10.3984 -4.73825 94.7985 
6.92221 -9.82763 94.864 -2.7672 10.2425 93.86 -10.2308 4.96154 94.1966 
-4.98693 9.62678 93.0425 -11.9261 0.988122 94.7608 -11.8661 -5.04868 94.6891 
8.90872 -7.98791 94.4638 -2.80079 -11.0975 95.1258 5.96814 7.84915 94.1974 
4.37227 8.63038 93.7361 1.85261 9.63044 93.9294 -8.49546 -10.0925 94.7328 
-10.5963 3.91649 93.1413 10.9656 0.631859 94.9654 10.7356 -2.89746 94.455 
0.431338 9.94209 93.5175 -6.97603 8.74466 94.1264 -4.43551 -11.1278 94.7553 
-11.8229 -0.178332 93.401 -10.707 -7.87994 94.3195 -12.0195 -3.19808 93.8213 
-1.39569 -11.112 93.9935 -6.04094 -10.9892 94.4281 -11.3494 -6.43409 93.8971 
10.7563 1.92032 95.0949 -10.1615 -8.66654 94.0063 5.07915 -10.5214 94.2981 
-9.30476 6.14027 93.0914 7.24813 6.73172 93.1194 10.6158 1.82168 94.2458 
10.861 -0.963844 94.0841 8.04839 -9.05308 94.5475 1.06138 -10.97 93.4054 
-7.9691 7.773 93.0359 -1.36152 10.1784 92.9864 -9.28766 -9.44508 93.5905 
3.76036 -10.7857 94.6394 -11.2427 2.04343 92.4998 9.64716 -6.47551 93.4023 
2.48593 9.27468 92.5906 -11.7997 -4.90279 93.5431 10.787 0.526811 93.7786 
-2.77765 10.043 91.8759 -7.39045 -10.6483 92.9518 10.0136 2.91657 93.3654 
-3.18592 -11.2089 93.7094 3.49214 -10.7699 93.1053 -0.412753 -11.0801 92.5111 
-6.96807 8.52519 92.0935 -10.4564 -7.85662 92.5652 6.44563 -10.0514 93.1434 
1.06582 9.67511 92.0315 -11.8135 -4.20435 92.6866 10.6145 -0.369344 92.6796 
10.5382 -2.47397 92.9116 10.2358 -4.4874 93.1514 -4.51355 -11.3042 92.601 
-5.62392 -11.1372 93.2662 -10.0188 4.65505 91.3951 5.92505 7.60498 92.2224 
7.79859 -9.17667 93.0473 10.5266 1.31301 93.0469 4.39254 8.35784 91.3215 
-0.45687 9.88151 91.039 -2.97783 -11.3481 91.9275 -8.12985 7.40167 91.3138 
-10.6832 3.18916 91.1865 -11.7142 -2.89957 91.6467 -11.4515 -5.6531 92.5827 
8.11968 5.79316 92.6558 6.92359 6.86736 91.8278 0.572636 -11.0442 91.5305 
-4.32889 9.74103 90.4985 -11.4383 0.875734 91.6045 9.41673 3.76703 92.4481 
8.796 -8.04975 92.5708 -11.1115 1.9196 90.9813 10.2807 1.83592 92.2737 
9.92056 2.66561 92.081 8.67937 4.74853 91.6337 5.33435 -10.4462 92.2156 
-7.31414 8.18096 90.7017 7.66072 6.09783 91.5708 -2.75352 9.93582 89.5026 
-6.16044 8.91039 90.31 -11.5299 -0.625658 90.8765 -11.6145 -4.55811 91.8033 
10.3635 -1.89612 91.5421 10.0996 -4.09947 91.4585 -9.00057 -9.64162 91.8312 
9.73852 -5.91239 91.8261 6.79991 -9.8633 91.469 -1.5069 -11.2134 92.1399 
-11.1203 -5.89896 90.8906 9.55062 2.9055 90.9998 -5.89835 -11.2148 91.9108 
10.4598 0.859167 92.0952 10.3417 1.34855 91.8063 5.60052 7.65391 90.8397 
4.25724 -10.6912 91.0803 10.1117 1.68011 91.3958 1.65727 9.4061 90.825 
-10.5156 -7.57362 91.0043 10.3444 -0.0440868 91.3125 9.16629 -7.3605 91.5351 
6.67761 6.77657 90.2444 3.02206 8.93291 90.7726 -6.86811 -11.0607 90.8469 
-7.9933 -10.5261 91.0883 -11.5428 -4.3296 91.1512 2.39558 -10.9196 90.7449 
-11.2292 0.872325 90.089 -9.82009 -8.70636 90.7213 10.3389 0.9462 91.5518 
-9.17049 5.84563 89.9015 10.0983 -2.90812 90.175 -0.700652 -11.2127 91.0424 
10.2287 -1.33677 90.5095 -1.96609 -11.3821 90.8593 9.41952 -6.73742 90.7647 
-5.1285 -11.4439 90.2469 -11.4117 -4.17829 90.2367 5.25367 7.69523 89.4865 
8.17972 -8.71449 90.6249 5.68835 -10.3738 90.3066 -8.73472 -9.96331 90.1412 
3.79898 8.48384 89.4476 -10.7493 2.35435 89.3276 10.2456 0.869832 91.212 
9.8833 1.84877 90.7464 -11.3442 -2.48487 89.1598 2.51825 9.03257 89.5892 
10.0686 0.921767 90.5955 9.72001 1.8688 89.984 9.70505 -5.72733 90.6902 
1.01725 9.4345 88.7676 -5.0229 9.4383 88.9772 8.99211 3.69028 89.7183 
-11.2853 -0.433876 89.2382 9.01447 -7.54264 90.2306 -3.12926 -11.5938 89.7706 
-10.1405 4.04123 89.6015 -7.75411 -10.7381 89.9259 -10.3762 -7.57898 89.7579 
-11.1942 -5.18435 89.7515 9.44212 2.74701 89.9731 8.03668 5.27872 89.7514 
-7.73705 7.5807 89.1219 -4.05413 9.7929 89.0807 -6.31887 8.61217 87.6885 
10.1382 -0.282299 90.1866 9.79153 -4.85594 89.7345 6.97266 -9.79142 89.7344 
-1.14468 9.84957 88.4778 0.678046 -11.1643 89.6644 -10.8421 -6.16218 89.0765 
2.80674 8.80365 88.0697 -1.31532 -11.4858 89.2145 -9.42725 -9.05583 88.9865 
9.89072 0.560917 89.2139 -10.9913 0.725713 88.3073 10.0391 -1.44182 89.0609 
-11.1489 -4.61959 88.8481 9.43171 2.44671 89.1298 9.37981 -6.51881 89.6578 
4.25596 -10.7286 89.0874 -3.93269 9.57686 87.2568 -6.86017 -11.1292 89.384 
-8.03625 -10.4375 88.458 9.67014 1.61213 89.0805 -2.48103 9.90302 88.0812 
-8.77906 6.19455 87.1121 -10.2718 3.38012 88.0023 6.31514 6.73297 87.6147 
9.8828 -3.58345 88.4056 8.77256 -7.71783 88.7419 -4.29207 -11.7896 88.1345 
-9.69771 4.68174 87.8036 7.65446 -9.22126 88.0141 -10.1254 -7.70895 87.8538 
9.58818 1.54277 87.8369 9.0844 3.12383 88.0144 4.4799 7.95517 87.3998 
-0.215358 9.60303 86.3405 -7.72682 7.51029 86.9924 -11.0949 -1.06564 87.6614 
8.54488 4.35022 88.3987 8.07516 5.07138 88.0784 7.39922 5.86943 88.4765 
2.89088 -10.9415 89.0199 -2.75244 -11.7871 88.2037 -10.025 3.64762 86.3627 
6.17375 -10.2193 88.4541 1.68169 9.15514 86.9372 -11.0432 -4.02104 87.5503 
9.8958 -0.290395 87.401 2.04473 -11.0389 89.0104 -9.48187 4.88773 86.0565 
-10.5516 2.06993 86.9904 -11.0839 -2.62254 87.2501 -2.01269 9.82322 87.0506 
-10.7231 -5.88837 87.4508 -6.24227 -11.3912 87.7325 9.96062 -2.17523 87.0339 
3.03268 8.62069 86.2518 8.56275 4.09994 86.9675 8.37208 4.61722 87.7271 
9.42683 -5.85373 87.8342 -1.41668 -11.751 87.1607 -9.06083 -9.32481 87.0633 
1.50455 -11.149 88.3982 0.571148 -11.3705 87.6665 -5.85699 8.72813 85.4443 
8.21063 4.7986 87.3713 7.72683 5.26281 86.6335 2.86816 -11.043 87.368 
-7.69511 -10.6074 86.2123 -10.2818 -7.14555 86.5346 -10.8016 0.186933 86.421 
-9.74853 -8.22247 86.2407 5.26645 -10.6084 86.8511 -3.15949 -11.9957 86.6559 
8.67413 -7.76226 86.2104 -10.8069 -2.18054 85.5329 -10.9156 -3.63828 86.3949 
9.74751 0.765059 85.8427 1.61528 9.10892 85.2698 -2.16097 9.67759 85.134 
9.25027 2.4729 85.8757 9.79144 -4.08421 86.2145 -8.12702 6.96918 85.3897 
-4.87457 -11.9353 86.2059 6.80133 6.16192 85.534 6.71914 -10.0571 86.9186 
-10.7703 -5.03417 86.3697 -10.5109 -6.27862 86.158 -7.15817 7.96109 85.8504 
-6.33005 -11.5152 85.6482 -10.228 2.63306 85.1165 5.5683 7.15647 85.5195 
4.2365 8.00411 85.4334 3.14445 8.4968 84.4557 1.72316 -11.3193 86.2769 
-1.65053 -11.9861 85.4335 -10.5403 1.32727 85.4146 9.98201 -1.0998 85.0259 
9.96229 -2.63006 85.6383 0.199854 9.46883 84.3445 7.48452 -9.51778 85.5946 
-4.21794 9.29285 84.4104 0.334306 -11.629 85.6488 -8.94161 5.7173 84.8443 
-9.6486 4.14388 84.4242 9.40151 -5.9642 85.7145 -8.93629 -9.19383 84.7249 
-0.85596 9.69026 84.8688 -10.6832 -4.42456 85.3724 4.27829 -10.9038 85.8287 
-10.6038 -0.0498452 84.5333 -10.065 -7.16629 85.1079 8.54543 3.89763 84.6376 
6.47024 -10.2709 85.7811 -7.21317 7.69566 83.9238 -10.5183 -5.78047 85.4925 
6.52797 6.27651 83.602 -3.41913 -12.1974 84.5986 7.60102 5.24285 84.3541 
-10.4997 -4.11844 83.9507 5.51456 -10.6324 84.7316 9.6502 1.41172 84.4357 
4.72186 7.62032 83.6279 6.75427 -10.1567 84.8988 -5.72021 8.70363 83.715 
-10.3387 1.62409 83.986 3.20295 -11.198 84.5102 -0.507806 -11.8959 84.6512 
-8.32304 6.5467 83.8988 -10.6268 -1.59242 84.0242 -1.08332 9.61325 83.8225 
-10.6271 -2.60347 84.0944 -10.3955 -5.65472 84.5747 9.6548 -5.06577 84.4701 
-10.0222 2.85901 83.6414 -9.68942 -7.74122 83.4604 9.93568 -3.27483 84.006 
0.783491 -11.732 83.748 -5.34609 -11.9591 84.3438 -10.1258 -6.50511 83.7829 
1.79207 8.9689 83.4299 -8.79495 5.47339 82.4908 -10.3844 0.701407 83.1511 
9.3154 2.37573 83.3278 -8.05611 6.74977 83.0565 -7.15888 -10.9684 83.7099 
8.26646 -8.62096 83.8906 9.15985 -6.83487 83.7264 7.02431 -9.88942 83.5643 
9.89029 0.391858 84.2784 -9.15007 -8.81412 83.0256 -10.3185 -5.53905 83.7782 
3.28364 8.37656 82.902 -6.12802 8.31079 82.2726 0.0935938 9.30662 82.602 
-1.24578 -12.1032 83.5964 -10.0245 2.10829 82.0301 -10.4535 -2.618 82.7693 
-2.46337 9.38917 82.4332 -4.36518 -12.2892 83.1038 -9.64624 3.69896 82.7505 
-8.46405 -9.75154 82.9762 8.15894 4.44935 82.8014 7.48085 5.34294 83.0431 
-10.4785 -0.688562 83.0264 10.0823 -1.63007 82.4757 8.84822 3.37471 82.6467 
9.68649 -5.11438 82.5413 4.7745 -10.9162 83.8316 -7.51294 7.14687 82.0416 
-5.60954 -11.9717 82.5909 -10.1718 -5.65112 82.796 -4.71147 9.02184 82.6997 
-9.97451 -6.79986 82.9744 10.0129 -0.247999 83.1598 9.79763 0.965258 82.8901 
7.33292 5.3842 81.5569 4.19466 7.87674 81.9461 -10.3389 -4.15257 82.6235 
2.36929 8.63107 81.2927 -2.83997 -12.3424 82.486 5.49366 -10.6805 82.8404 
-10.2952 0.354863 82.0369 -9.49751 -7.92285 82.1286 -9.8201 -7.16701 82.4456 
5.69801 6.88481 81.784 -9.96935 -6.57913 82.3732 4.51032 -11.0037 83.4169 
9.1732 2.74505 81.9277 7.94115 -9.11096 82.1806 2.60725 -11.494 81.8791 
4.20968 -11.0918 82.6737 -10.3145 -1.11435 81.4038 8.67803 -8.08048 82.2201 
-0.156897 9.19132 80.6532 -4.63128 8.87702 80.8692 -6.44212 7.91698 80.5621 
-7.87626 -10.2523 81.5743 9.53636 1.81639 81.1998 0.412345 -11.941 82.1029 
-4.43483 -12.2579 81.2601 -8.88223 -9.03944 81.7849 10.0143 -0.0484675 81.1411 
8.71555 3.51273 80.8459 -1.16964 -12.2266 81.81 -9.46423 3.83004 81.2894 
-10.3136 -3.64824 81.9702 -10.1664 -4.6808 81.6035 -9.84473 -6.47929 81.292 
6.84053 -9.92548 81.0389 -2.45962 9.24397 79.6922 -6.56819 -11.4075 81.4987 
9.21982 -6.85181 81.0926 -7.89699 6.4282 80.0784 6.33549 6.35756 79.845 
-5.60163 -12.0165 81.4515 10.0086 -3.47011 81.3929 -10.1048 0.646789 80.3896 
-9.32604 -7.96304 80.7521 -10.2297 -3.1357 80.8516 -5.46826 8.53356 79.5095 
-8.96554 4.79021 80.298 4.57181 7.61218 80.3706 1.35682 -11.8292 81.0571 
-2.21932 -12.3338 80.2558 4.78123 -10.933 80.939 -10.0108 -4.90198 80.1212 
0.107581 -12.1001 80.4464 -9.59199 2.98786 78.9381 -8.58432 -9.18965 80.2057 
9.75025 -5.1312 80.5376 8.33273 -8.55675 80.4131 10.1708 -1.86118 80.0659 
-10.1654 -1.31111 79.1066 -4.27966 9.01662 79.1518 1.57179 8.84852 79.4958 
-0.128254 9.12256 78.7339 3.50142 -11.3646 80.3355 -7.20501 -10.6268 79.1999 
7.8091 4.85363 79.298 3.24425 8.27416 79.3691 9.38595 2.29034 79.4479 
-6.50751 7.75854 78.6965 -8.72689 5.10638 78.7323 2.11437 -11.7244 79.8493 
9.86425 0.955579 79.3189 10.0377 -3.92603 78.6995 -5.70644 -11.8083 80.3686 
-10.0666 -3.59595 78.8692 6.93947 5.9298 78.0274 -9.59699 -7.04811 79.8876 
5.05155 7.35609 78.1887 4.07977 -11.2068 78.7996 -5.09951 8.65781 78.3544 
9.46507 -6.21944 79.0641 -7.74301 6.48784 77.7783 -9.80578 -6.09564 79.6572 
10.1584 -0.474891 79.1154 -2.0001 9.19134 77.8791 -3.43144 9.16751 78.401 
-0.672392 -12.3018 79.1182 8.94719 -7.61257 79.4233 -10.0254 0.800483 78.6151 
-9.19975 -7.96494 79.2664 5.92531 -10.4422 79.2768 -4.56127 -12.0345 78.3592 
-9.86145 -5.25162 78.5321 8.50086 -8.36979 78.9639 2.21277 8.58041 77.6 
-8.60069 5.34011 77.4379 -8.55274 -9.08665 78.6362 -9.58306 -6.68181 78.5981 
7.54764 -9.26315 78.3711 -10.0984 -2.57267 77.2646 -4.25617 9.02003 78.2467 
-1.94934 -12.4096 78.2026 10.0715 0.268393 77.5563 -10.1567 -1.16861 77.3311 
0.710878 -12.0852 78.9489 8.85589 3.36503 78.467 -9.10737 4.41106 77.8483 
-9.91025 1.71954 78.0319 -10.1297 -0.186362 77.745 -9.13191 -7.79953 77.577 
-9.94408 -4.17462 77.2298 -8.10791 -9.75992 78.0173 -10.0215 0.972368 77.2556 
10.3013 -1.76593 77.6205 9.57973 1.89659 77.7895 6.3816 6.5998 77.0682 
1.8712 -11.8572 77.6365 -0.169383 -12.2867 77.7868 -5.66717 8.23911 77.4384 
-4.00781 8.84781 77.1535 8.11593 4.6032 77.3021 -6.638 7.55755 77.1804 
-9.32986 3.85794 77.4444 7.32045 5.72392 76.455 -9.6277 -5.86079 76.7862 
5.75506 -10.4941 77.3753 -0.202878 9.07651 77.2218 -8.93341 4.63685 76.6775 
-8.54665 -9.08642 77.5012 4.25687 7.92361 76.4595 -1.84493 9.05771 76.1358 
-9.8169 2.11427 77.2339 -7.74625 -10.1052 76.6735 8.8506 -7.63174 77.9114 
-2.7857 -12.4627 76.8716 -8.09458 5.88613 76.1421 10.2981 -3.10562 77.3678 
-8.71296 -8.60917 76.5233 10.2696 -0.456241 75.8315 5.58806 7.23525 76.6125 
-9.4214 3.32065 76.3189 -6.51076 -11.2365 77.3804 -10.1058 -0.118532 76.1419 
-10.1312 -1.48072 76.0775 -7.13386 6.99197 76.1657 -5.71756 7.9745 75.8167 
-9.1685 -7.28724 75.6935 10.1597 -3.99098 76.6509 9.04301 3.13795 76.4622 
9.58089 -5.871 77.0052 5.21874 7.48917 75.1743 2.72301 8.4913 75.4674 
7.02787 -9.61358 75.8564 3.79433 -11.3167 76.2992 -10.054 -2.56474 75.4991 
-10.0148 -3.3992 76.3897 9.81095 1.43715 75.7592 8.35904 -8.2685 76.416 
0.452273 8.92929 75.6816 0.103274 -12.2697 76.0389 -5.87321 -11.6944 76.2133 
6.46438 6.62521 75.848 -1.33576 -12.4721 76.8706 -3.77841 8.70435 74.9818 
10.4131 -1.90851 75.7967 9.04755 -7.22484 76.5368 -9.87086 1.56848 75.5706 
4.07219 8.07547 75.2919 -10.0638 -0.816193 73.8885 10.3767 -2.79234 76.4894 
-1.69415 8.97407 73.745 -4.0774 -12.2966 75.4573 9.89174 -4.99181 75.4377 
8.19977 4.62635 75.2195 -6.82949 -11.1393 76.4504 -8.60454 4.84832 74.9002 
1.90064 -11.8838 75.7994 -1.93869 -12.5062 75.5125 -7.08106 6.75148 73.9278 
-8.53574 -8.70024 75.0809 5.47526 -10.6291 75.6068 -9.87567 -4.10478 75.4175 
-6.88773 -11.049 75.5437 7.25341 5.88032 75.1301 9.24546 2.95921 74.3718 
-5.32055 8.15993 73.8837 -10.0482 0.434746 74.8272 10.3018 -3.27159 74.9437 
6.41723 6.66935 74.3202 9.81751 1.77225 74.1293 -9.5444 -5.59609 74.4463 
-9.95314 -2.84872 73.7593 -6.02019 -11.5791 74.1343 -7.59932 -10.1705 74.2647 
8.09427 -8.49602 74.9761 -9.34574 3.15574 73.4992 3.67306 8.18458 73.7157 
1.1123 8.83615 73.5941 -4.03309 8.60407 73.0592 10.1624 0.521902 74.1549 
9.11929 -6.84469 74.9917 -9.06153 -7.13624 73.6642 6.00439 -10.2243 73.948 
10.4172 -1.34312 73.9658 9.89792 -4.92087 73.6638 -0.751839 -12.4022 74.1252 
-8.32295 5.15765 72.9349 -9.918 1.15694 73.6447 -9.78768 -4.15433 73.733 
2.49649 -11.6999 74.3847 -2.72593 -12.5239 73.7556 5.3412 7.4359 73.4576 
7.43311 5.65877 73.6676 7.33272 -9.23941 74.138 -0.484847 9.03754 72.1018 
-2.97596 8.84792 72.4114 0.919417 -12.1097 74.569 4.31976 -11.0884 74.3133 
8.44897 4.36746 73.1374 -4.37787 -12.3001 73.4243 -8.44178 -8.77597 73.5423 
8.24134 -8.09751 73.4164 -5.1897 8.29261 73.0758 -7.71668 6.05791 72.5647 
-9.39956 -5.84106 73.0841 -9.59635 -4.82883 72.7506 -5.79888 7.90343 73.0665 
9.63284 2.34515 73.4483 0.75914 8.96152 72.1078 -5.45861 8.21859 73.3219 
9.92553 1.61757 72.8131 3.03178 -11.4738 72.6876 -2.20922 8.9331 71.5937 
-6.98272 -10.8909 73.3748 10.3543 0.0811926 72.2525 6.26449 6.73772 72.4006 
2.02018 8.67583 71.8109 -9.78624 1.93703 72.1934 -7.51305 -10.1794 72.4467 
-9.22548 -5.88847 71.4932 10.3797 -3.03579 72.5038 9.22232 -6.503 72.5955 
4.69803 -10.8277 72.5871 0.704515 -12.1006 72.4236 -5.25436 8.07014 72.114 
-6.31892 7.37481 72.2054 -8.03469 -9.58062 73.2467 10.5385 -1.43786 72.0397 
9.31036 3.02466 72.4196 6.90918 -9.33815 72.2656 -4.00856 8.4407 71.1041 
-9.98808 0.676383 71.9277 -8.25189 -9.094 72.6371 -9.92057 -2.05148 71.7058 
-9.80221 -3.49374 72.3862 4.63655 7.82769 72.5063 3.65886 8.19256 71.853 
5.74995 -10.262 72.4007 -7.20608 6.51845 71.7995 -8.01181 5.59919 71.7229 
5.33957 7.45317 72.3544 -6.52456 -11.265 72.6708 -10.0054 -0.566803 71.3644 
-8.68744 -7.9187 72.1941 9.94828 -4.85909 71.5035 -8.77008 4.31825 71.1577 
-9.4956 2.8661 71.408 8.55818 4.28077 71.4143 -1.54978 -12.4765 72.4349 
-3.48527 -12.4427 71.6244 -5.36973 -11.9379 72.2235 7.57315 5.48676 71.736 
0.33341 8.93332 70.6455 -6.06418 7.24643 70.2345 -8.17641 -8.96053 71.5912 
8.29447 -7.81336 71.3764 4.83694 7.61295 70.9558 -9.74903 -3.17831 71.1341 
-9.60735 -4.20965 71.5241 10.0923 1.30195 71.6322 2.1434 -11.7033 70.8875 
-9.80522 1.79278 70.5974 -8.55866 -7.67951 70.0445 -7.72294 5.73636 70.2983 
1.54625 8.73696 70.2948 -9.38061 3.05931 69.6989 10.5567 -2.27376 71.2975 
-1.27502 8.98425 70.5509 10.2732 0.757591 70.9951 10.5432 -0.724483 71.4372 
3.62749 -11.1883 71.2526 -7.50788 -9.82108 70.4427 9.74885 2.20959 71.5214 
5.15428 -10.3813 70.5194 -5.09256 -12.0248 70.359 6.42817 6.50465 70.2039 
-2.83176 8.67812 69.4102 0.684652 -12.1112 69.9441 -6.43621 -11.1826 71.2167 
-9.51481 -3.94357 70.119 10.4148 -3.24565 69.9652 2.91014 8.34766 70.0681 
-1.38954 -12.4544 70.2679 -9.02784 -6.27995 70.1724 10.4786 -0.171327 70.7474 
10.5908 -1.44164 70.5743 -9.22168 -5.38738 69.9367 9.24936 3.2212 70.1868 
-9.94982 0.43374 70.0051 -9.85427 -1.30107 69.4639 9.96072 1.72821 70.5142 
7.10815 -8.90032 69.6721 -9.76196 -2.54748 70.2873 9.29016 -6.3578 70.5716 
5.05835 7.38463 68.7925 -4.61144 8.03557 68.8324 7.95773 5.03484 69.581 
2.97 -11.3756 69.3928 -7.30859 6.02022 68.2874 -8.59872 4.48653 68.6683 
10.5445 -0.536675 69.3177 -9.66318 -2.64087 69.3757 10.292 0.723097 69.7461 
4.0335 7.93746 69.3467 0.954122 8.66207 68.523 -1.1111 8.83968 68.8304 
-8.97987 -6.19466 69.1563 -9.78011 1.62097 68.4876 9.89638 1.93319 68.939 
-6.27037 -11.1951 69.1388 -9.9129 0.0626349 68.3816 -3.94249 8.25006 67.3869 
-5.75443 7.2715 67.3274 -3.66576 -12.4533 69.0197 -9.26527 -4.74374 68.7924 
9.90338 -5.11159 69.6877 8.49425 -7.4744 69.5594 -7.70295 -9.32583 68.015 
-9.50201 -3.39605 68.8381 8.82226 4.03629 68.574 3.23765 8.09249 67.5436 
6.58744 6.32806 67.7058 -8.12224 5.12477 66.9552 -9.3594 3.10053 67.9379 
10.6147 -1.8 69.0157 9.42558 3.05632 68.4111 -8.76755 -6.92859 68.7019 
-8.50831 -7.62325 68.2606 10.3549 0.462628 67.8385 1.77643 -11.8122 69.5696 
-5.08558 -12.0791 68.9984 -9.64817 -2.36683 68.4992 -9.7606 -1.62709 68.2944 
5.74981 -9.91887 68.5342 -0.408763 -12.3831 68.5175 -9.83316 -1.0588 67.711 
6.66425 -9.22078 67.7648 10.0594 -4.76499 67.766 9.28684 -6.32121 68.6613 
-4.8379 7.90987 67.601 -1.913 -12.5736 68.0864 -8.9208 -6.13045 67.1523 
4.08145 -10.8466 67.7108 -1.17893 8.61056 66.2758 -9.43789 -3.53922 67.6337 
-9.68489 -2.07761 67.6535 10.5986 -1.07481 67.8277 -2.47245 8.63065 67.5496 
1.27967 -11.9601 68.1397 -4.83817 7.85942 66.9496 -9.90596 0.245956 66.3832 
10.5453 -2.72741 67.3089 8.06556 -7.85313 67.4286 -5.15077 -12.0446 67.5103 
-8.98524 3.86001 66.3085 9.11255 3.61388 67.388 8.18001 4.83823 67.123 
-3.34067 -12.5652 66.473 -7.18895 6.08293 66.2228 -9.64513 2.2611 66.5069 
-9.74099 -2.10713 66.2362 5.02587 7.34262 66.9498 1.06959 8.49931 65.9466 
-6.5263 -11.0227 67.3045 9.85785 2.13077 66.7879 -4.59061 7.79925 65.5978 
-0.694861 -12.4392 66.3971 -8.41218 -7.8609 67.0945 9.32388 -6.27275 67.0008 
-9.3447 -4.1711 66.3221 2.59438 -11.5235 67.7145 -9.51298 2.79658 64.959 
5.55958 -10.0066 66.8616 -3.06533 8.36753 65.9588 -8.13572 5.07557 65.1965 
-6.13544 6.88098 65.0108 10.5653 -0.807168 65.5641 7.23976 5.81879 65.8521 
-8.1759 -8.5055 65.316 10.3345 0.709209 66.4853 -7.17475 -10.3092 66.059 
-9.14162 -5.19252 66.0896 9.08274 3.63159 65.8049 5.9228 6.78738 65.2567 
6.63856 -9.19035 66.1907 -8.56868 -7.47513 66.4197 -9.56467 -3.43301 65.3875 
8.17329 4.8397 64.6408 -5.96315 -11.642 65.5857 10.3034 0.953321 65.6178 
2.59087 8.2252 65.3066 -7.24205 6.00479 64.5154 -4.81897 -12.3203 66.0382 
-8.66002 -7.22233 65.8983 -9.78424 -2.62742 64.9718 9.84653 -5.44179 65.8275 
10.3548 -4.16806 66.0917 4.13563 7.71583 65.3706 -9.05513 -5.74153 65.4697 
-9.98727 -0.938551 65.0996 -9.94027 -1.80331 64.9437 -2.86281 8.19598 63.181 
-8.94129 3.90066 63.8111 5.68709 -9.90674 65.6491 -0.479953 8.53085 64.1096 
-9.84403 1.55033 64.9551 -9.31221 -4.61856 65.2825 1.34892 8.42098 63.9706 
10.0813 1.77214 65.142 8.88371 -6.87532 65.4563 7.09716 5.92953 64.3094 
4.3973 -10.65 65.2215 -8.85681 -6.57129 65.5626 1.97136 -11.7484 65.7598 
6.08599 -9.56502 64.2653 -6.5268 6.52602 62.8911 -9.61264 -3.66588 64.0359 
10.3505 0.833926 63.9521 9.684 2.64809 65.1023 -5.10863 7.40119 63.6243 
-4.54868 -12.4222 64.5848 -7.07308 -10.578 63.7402 -10.0234 -0.0289658 63.7941 
-9.21849 -5.34259 64.2665 10.5339 -3.22108 64.9783 -8.96622 -6.32597 64.3352 
-9.91519 -2.26388 64.2291 7.59082 -8.29598 65.0634 -0.0901472 -12.44 64.3158 
-10.0312 -1.35542 64.2029 -7.86612 5.33645 63.2458 -8.69752 -7.19543 64.8363 
9.22594 3.36731 63.5022 -2.31279 -12.6926 63.9051 -9.71825 2.09207 63.1676 
10.2217 -4.63754 64.7788 3.04323 8.04329 63.6875 0.0694072 8.51927 62.5919 
4.7239 7.3894 63.3972 1.20147 -12.1458 63.182 -5.80078 -11.8943 63.5736 
10.6542 -2.50068 63.1764 -9.10878 -5.90833 63.8917 9.92 2.13682 64.0867 
-1.16535 8.50493 62.8446 9.59044 -5.83284 64.139 8.39403 -7.39492 63.4084 
2.89059 -11.4415 63.7626 10.6758 -0.806818 62.7447 6.26015 6.51506 63.0027 
-9.18535 -5.65809 63.6623 7.20018 -8.65521 63.5962 -8.75742 -7.07414 62.9408 
-9.95744 -2.03337 63.0648 -9.33854 -5.06867 63.2162 7.60233 5.40737 62.5899 
-8.05161 -8.95656 62.3147 -9.09859 -6.00556 63.3535 -1.23715 8.48764 61.6397 
8.44893 4.49277 62.9831 6.62769 -9.16432 63.1384 -6.2665 -11.6787 61.7973 
1.73042 8.30459 62.218 10.209 -4.47557 63.0645 2.42686 -11.6746 62.1933 
-9.28995 3.29124 61.9724 -7.29894 -10.4574 61.0118 -0.566378 -12.6253 62.6303 
-8.5121 4.53652 61.6817 -5.11036 7.34356 61.6584 -9.23116 -5.54612 62.1981 
3.43709 7.84504 61.8242 4.37264 -10.6538 62.5678 -4.53063 -12.5458 61.8996 
-10.0758 -0.979647 61.7912 5.12359 7.1193 61.1505 -10.0259 0.663042 61.903 
-9.6467 -3.81016 61.9674 8.59453 4.20082 61.0635 9.38814 -6.07548 62.4683 
10.5446 -3.60511 61.3461 7.12463 -8.64981 62.0361 9.98445 1.90105 62.5998 
10.4581 0.51448 61.7537 6.65451 6.20213 61.1716 2.01131 8.18022 60.37 
-6.36578 6.63857 61.0358 -9.96242 -2.28329 61.7476 10.7942 -2.12247 61.3277 
0.290346 8.45624 60.8928 -2.34869 8.34411 60.6977 -7.41916 5.76176 61.324 
-9.76266 2.03509 60.7577 5.99441 -9.61145 62.5736 -5.71588 -12.2461 60.7837 
9.54037 2.77683 61.4792 -9.08852 3.6572 60.3125 8.51244 -7.18032 61.0928 
-2.04609 -12.8369 61.2949 7.55925 5.42185 60.7579 -5.6471 7.02366 59.6584 
-8.56168 -7.62166 60.386 3.59226 7.73586 60.1082 0.579651 -12.3748 60.6664 
-3.80033 7.8704 59.8853 -9.38462 -4.96473 61.2317 3.04503 -11.3761 60.8293 
-1.1583 8.46644 59.8756 -10.0853 -0.0643317 60.0934 -9.08744 -5.9581 60.7358 
-7.98239 -9.18358 60.1566 5.99841 6.61114 59.7397 5.61853 -9.81347 60.7488 
-6.85291 6.21587 59.8512 10.1009 1.59027 60.712 -6.32272 -11.7413 59.3984 
-9.50828 -4.32517 60.2733 -8.03209 5.01275 59.2935 9.5743 2.66864 59.425 
4.32587 -10.693 60.8502 -9.91707 -2.32659 60.4294 10.7421 -0.859499 60.6039 
9.77948 -5.39963 60.628 4.62446 7.27524 58.7899 10.7663 -2.97334 60.1938 
-5.13671 -12.5453 59.8771 -9.48185 2.9213 58.945 6.91167 5.97801 59.7414 
-8.94515 3.91712 59.015 -7.40388 -10.2028 58.2788 -9.18776 -5.34307 58.8312 
-2.38345 8.29891 59.1921 0.374418 8.36342 58.7922 -9.98327 1.39091 58.7659 
-10.0459 -1.47943 58.6836 10.5256 0.28794 59.8223 10.247 1.24086 59.1008 
7.21318 -8.48931 59.5427 -3.4265 -12.935 59.2567 -9.69281 -3.37005 58.779 
10.467 -4.08971 59.5877 10.8345 -2.00626 59.8149 7.70053 5.20271 59.1719 
-6.53692 6.31285 58.0904 -8.21545 -8.46074 58.5846 -8.89374 -6.49835 59.554 
2.43765 8.01148 58.4363 4.13406 -10.7678 59.1457 -10.1635 0.0161986 58.3653 
8.74792 -6.89967 58.3399 -1.5437 -12.9528 59.5591 6.27101 6.33315 57.869 
-4.9067 7.29228 57.7412 -8.83503 3.94264 57.3731 -1.36646 8.36521 58.2915 
2.3327 -11.7226 59.4394 1.13435 -12.2191 58.3108 10.7258 -1.06767 58.0857 
9.95759 -5.25953 58.3311 -2.93475 8.00619 57.4753 8.6995 4.04605 58.4357 
-0.505936 -12.7959 58.645 5.87374 -9.60842 58.3581 -4.97862 -12.5682 58.0024 
-9.69532 2.39751 57.2177 -8.70426 -6.94556 58.3755 10.0423 1.78422 58.0122 
-9.87366 -2.51429 57.2887 0.996743 8.27082 57.5187 -0.479949 8.24004 56.2899 
10.7346 -2.94494 58.7993 4.90591 7.13959 57.3353 -10.1423 -0.787435 57.1185 
10.5586 0.250734 58.5995 3.57555 7.65352 56.958 -7.53358 5.37114 56.6511 
10.4292 0.788428 57.9257 7.80098 5.08797 57.1232 2.74588 -11.5124 58.1224 
-6.68692 -11.3974 57.8111 -8.95757 -5.91369 57.0441 -9.43819 -4.27197 57.3068 
10.6249 0.0207489 57.9866 7.05724 -8.61752 56.5614 9.50744 2.87668 57.0415 
10.4867 -4.10514 58.0691 -10.1022 0.840179 57.0199 -6.05026 -11.9933 57.4349 
-5.96161 6.53453 55.5469 -9.28694 3.20473 55.6804 -7.9893 -8.87219 57.1066 
-8.66583 -6.89733 57.2166 -10.0331 -1.7477 56.0456 1.70663 8.12762 56.5914 
3.78283 -10.9402 57.3666 2.27127 -11.6172 56.2216 -0.490384 -12.6736 56.7048 
-8.41117 -7.72025 57.194 10.5852 0.156856 57.2773 5.05966 -10.1998 57.283 
-1.89423 -13.025 58.0561 -9.6333 -3.61672 55.6537 8.73554 4.08873 56.6926 
-9.85727 1.87585 55.3632 10.2526 1.27584 56.4652 -4.2926 7.48094 56.0627 
9.55737 -5.96147 56.6077 -2.97214 7.82819 55.1001 -3.06072 -12.9187 56.2803 
10.641 -3.17784 56.9543 -7.52226 -9.72552 55.8973 -8.62556 -6.9352 56.4047 
-9.23248 -4.94474 56.2725 10.2335 -4.72018 56.5693 4.92579 7.08362 55.7666 
-6.57408 -11.2669 56.161 -7.22295 5.58314 55.0166 -8.26733 4.51079 54.7416 
-8.22401 -8.04092 55.6495 -10.1721 -0.0978431 55.0631 8.67108 -7.06527 55.4446 
2.66625 7.88063 54.8851 1.10338 8.19805 55.4909 -8.91358 -6.00438 55.0893 
9.13511 3.6163 55.5782 6.76602 5.99825 55.3103 -4.53083 7.27379 54.5743 
8.30023 4.67803 55.1993 4.52716 -10.4486 56.0301 5.83651 -9.66679 56.8706 
5.4914 -9.94348 56.8458 10.6342 -0.193876 55.8603 5.39764 -9.9783 56.5334 
10.7334 -2.01701 55.0573 -5.18199 -12.3769 55.9482 5.78691 -9.64435 55.8783 
0.651653 8.17066 54.186 -10.0534 -1.92869 54.8453 9.81075 2.49891 54.5521 
10.4253 0.951352 54.4836 9.8285 -5.49219 54.2604 -6.94344 5.69135 53.3284 
5.60578 6.80349 54.2324 7.63699 5.39612 53.8628 -1.56126 7.98703 53.1863 
-3.8737 7.40548 53.0059 -9.28832 3.08037 53.7627 -9.89906 -3.10218 53.8387 
10.4813 -3.84597 55.1263 10.727 -0.427336 53.7724 9.08416 3.79448 54.3311 
6.31217 -9.20217 54.7377 5.26419 -9.92972 54.7967 -5.75173 -11.9246 53.9188 
-7.75491 -9.07961 54.2454 -10.2474 -1.22354 53.3164 4.39465 7.35599 53.8016 
3.80983 -10.7396 54.2997 -9.44846 -4.53467 54.2444 8.55768 4.53076 53.4194 
6.41262 6.29418 53.0782 2.20769 -11.5791 54.4619 -1.40844 -12.8449 55.1374 
0.370074 -12.3009 54.4078 -6.96148 -10.5564 54.0745 -9.97418 1.53218 53.4066 
-5.4848 6.68723 53.218 -8.2999 -7.73013 53.7953 7.5528 -8.17195 53.4356 
10.5331 0.815979 52.7474 -4.22177 -12.695 54.2588 -10.2698 0.262665 53.0877 
5.28694 6.98038 53.1932 1.86113 8.05032 53.2065 -2.25983 -12.8459 53.2867 
10.2626 1.6311 53.4743 10.5894 -3.47731 52.8483 3.17404 7.75663 53.0826 
-7.92444 -8.6691 53.2697 -9.14122 -5.55762 53.3543 9.48176 -6.24413 52.3874 
8.91476 -6.88738 53.4875 -7.51281 -9.55827 52.9175 -9.6193 -4.30605 53.0593 
10.8288 -1.68256 52.8249 7.82093 5.27342 52.2837 2.2934 -11.4358 52.8392 
-6.45797 -11.3165 52.9409 -8.7182 -6.64591 53.4092 4.55803 7.21148 51.6563 
0.553804 8.1224 51.9666 -9.50982 2.64914 51.9675 -8.27061 4.35483 51.6936 
-9.36662 -5.14484 52.173 10.0589 2.1411 52.1063 9.34016 3.49036 52.8796 
5.63449 -9.58509 53.2054 -3.308 7.52992 50.8379 -6.96321 -10.5981 52.6152 
-10.3425 -0.212818 52.2719 -9.9112 -3.47856 52.8036 -8.47648 -7.30416 52.8329 
-10.3531 -1.10206 51.2869 -10.1318 -2.55869 52.4447 -5.35104 6.65057 51.0593 
2.42276 7.90818 51.8658 -9.86812 -3.79642 51.5368 -1.30096 7.9982 50.6894 
-8.10322 -8.25149 52.1636 10.8218 -0.442456 51.6837 -6.22494 6.18321 51.9888 
-10.1448 1.02547 51.3141 8.75947 4.34277 51.9727 0.041827 -12.3539 52.1679 
-6.96845 5.61753 51.5537 -4.59059 -12.5724 52.1982 10.1222 -5.13095 51.7412 
8.7396 -7.1199 52.0655 -7.28629 -10.0682 51.1618 -8.81535 -6.55091 51.9586 
6.77715 6.03341 50.9987 -6.51645 -11.3192 51.9695 4.17767 -10.4386 52.5326 
-9.37085 -5.33182 50.6879 -6.94194 5.59395 50.0691 -6.00228 -11.8588 52.1927 
10.5511 0.9138 50.9632 -6.37257 6.05038 51.0994 -6.26972 -11.6736 52.0676 
2.88636 7.81053 50.5983 1.64067 8.07171 50.6493 1.60003 -11.6855 50.6925 
-6.26538 -11.6902 51.9838 10.9021 -1.96227 50.8319 8.29877 4.80671 50.4159 
-6.23948 -11.7006 51.6261 -5.79268 -12.0214 50.8801 -8.46322 -7.52834 50.8197 
6.66289 -8.83423 51.5945 3.57984 -10.6961 51.0394 -9.40551 2.87371 49.977 
-8.01435 -8.60105 50.4879 7.98861 -7.7648 50.6494 0.456927 8.11947 49.7695 
-6.55715 -11.291 51.0312 -10.4127 0.151683 49.7877 -10.2045 -2.52217 51.4292 
9.36693 3.45037 50.9482 -8.91619 -6.55587 50.0208 -10.2479 -2.5178 50.1769 
-1.64256 -12.8417 50.9709 -3.2563 -12.9386 51.1181 10.6467 -3.87628 50.2688 
-5.93343 6.34091 48.9234 -1.22611 8.00269 48.6219 -4.70258 7.00154 49.5037 
-6.89931 -10.8909 50.4022 -10.1323 1.48191 48.9286 9.44889 -6.23308 50.5906 
5.28379 -9.72809 51.1975 -2.51176 7.7922 49.3836 -10.4886 -1.08601 49.2737 
10.9396 -0.810203 50.4694 10.8237 0.0181242 50.1889 -0.135712 -12.4391 50.588 
-6.50772 -11.4113 50.032 -9.85493 -4.17811 48.9618 5.77897 6.64472 49.2932 
3.60673 7.57974 49.0165 -4.5812 -12.635 50.0478 10.1033 2.0065 49.2267 
7.29844 5.70592 49.3186 1.49631 8.10512 49.7984 -3.79645 7.40534 48.7296 
-8.35547 4.31921 48.7766 6.57734 -8.83976 49.6358 2.25933 7.97486 49.7988 
-9.34587 -5.6144 49.1936 -10.3823 -2.28699 48.3063 10.9737 -2.48776 48.6431 
-5.13154 6.82998 47.8673 -7.19172 5.46644 47.8308 -7.15625 -10.4943 49.8467 
-8.43694 -7.77699 49.3461 10.6082 0.848466 49.8394 10.953 -0.857117 49.1754 
9.13715 3.76646 49.2179 -1.10282 -12.7038 49.3357 -6.88589 -10.9793 49.8156 
-7.70287 -9.47834 48.854 10.2125 -5.10282 50.3347 1.79441 8.01371 48.8916 
3.02564 -10.9299 49.5154 -5.86634 -11.9078 49.1029 0.386172 -12.1977 49.4399 
-2.96713 -12.9134 49.2277 -10.4963 0.140898 48.2066 4.69584 -10.0022 49.1707 
1.66329 -11.581 48.7164 -9.49766 2.8593 47.6178 8.23382 4.86093 48.3078 
0.556701 8.07329 47.4519 7.7245 -7.97897 49.141 -6.87087 -10.9148 48.9072 
-9.02033 -6.58403 47.9373 -10.5725 -1.02527 47.8351 6.89047 6.00094 47.6391 
-6.23693 6.21363 47.3254 10.7218 0.419024 48.9966 8.79006 -6.91553 48.3379 
10.2321 -4.98351 48.8978 -4.6929 -12.4609 47.9411 -7.23162 -10.4449 47.7972 
-2.78845 7.72097 47.6696 10.7858 -3.75064 48.7822 3.78 7.59788 47.3432 
2.55962 7.88011 47.372 5.1109 7.05177 47.1673 7.32021 -8.27582 48.046 
9.19113 3.611 47.3085 -10.2596 1.26492 46.9743 -8.39083 -8.09275 47.8637 
-9.49009 -5.38053 48.2025 -10.5233 -1.68817 46.849 10.9596 -0.96562 47.0102 
10.8741 -0.185823 48.1448 -1.49522 7.96821 46.3153 3.20687 -10.7753 47.6158 
-0.240085 -12.3559 47.4676 10.8384 -3.56826 47.3742 5.99071 -9.2011 47.7877 
-4.24678 7.2456 46.802 -8.01778 -9.03927 46.9248 -10.2189 -3.17101 46.7032 
10.614 0.672333 47.4688 4.73935 -9.93872 47.2321 -1.91697 -12.8462 48.038 
-8.45194 4.25735 45.9052 -6.44177 -11.2654 46.9239 -9.64466 -5.11166 46.653 
3.74913 7.63843 45.814 -8.60988 -7.75786 46.3122 -10.5564 -0.346875 46.6275 
-3.18081 -12.8328 47.1617 -9.83661 2.28827 45.543 -7.59443 -9.90955 47.3611 
7.95106 5.11738 46.0302 -5.80198 6.48185 45.8341 -7.01839 5.66498 46.2588 
-3.20182 7.62614 45.7429 -7.25311 -10.4641 47.0636 10.0271 2.13103 46.3489 
11.0518 -2.34085 47.15 6.42124 6.3916 45.7445 1.61295 -11.5557 47.1103 
-1.88376 -12.8163 46.8868 7.81882 -7.86442 46.6473 6.75162 -8.68982 46.796 
0.181304 8.12449 45.1992 10.1489 -5.21001 46.6823 1.90103 8.01672 45.6029 
9.03205 -6.73082 46.0516 10.8346 -3.78512 45.803 -4.69595 -12.2701 45.3296 
-7.46911 -10.0726 46.3364 11.0388 -2.30632 45.6152 -9.14476 -6.53553 45.897 
5.17676 7.13156 45.3439 3.93013 -10.3509 45.6459 10.6212 0.617699 45.252 
2.26117 -11.2148 45.6104 -10.4227 0.554529 45.25 -10.4857 -1.66751 44.892 
5.61635 -9.3925 45.8662 -2.38201 7.86449 44.7556 -4.5626 7.12293 44.7555 
-10.063 -4.0156 44.6454 -8.03611 -9.0328 45.042 -8.81212 -7.45178 44.4501 
9.15888 3.67583 44.8107 -7.21904 5.51164 44.5473 -9.53189 2.75793 43.791 
-10.2276 1.35312 44.0338 9.92486 -5.74293 45.1701 -1.20007 8.06383 44.2314 
0.823394 -11.9013 45.8985 5.88356 6.80623 43.811 -3.39043 7.58675 43.8499 
-2.53769 -12.8049 45.5834 10.959 -3.193 44.3683 7.13365 5.93981 44.4736 
6.87829 -8.5701 45.6239 -1.36203 -12.7129 46.1208 -8.42143 4.35746 43.2464 
-6.19323 -11.4541 45.1521 10.5902 -4.55179 44.7976 1.38857 8.13179 43.9255 
-0.558674 -12.4548 45.2788 10.0706 2.11865 44.1912 10.9519 -0.808447 44.8379 
0.179116 8.18431 43.2458 -7.06283 -10.5571 45.006 8.06604 5.10079 43.9081 
7.86877 -7.79105 44.8793 -2.28423 7.88703 43.3242 4.51985 7.45409 44.2151 
-9.46699 -5.87374 44.327 -1.5502 -12.7558 45.3514 -10.5004 -0.0599186 43.7201 
3.06006 7.88272 43.6335 -6.00121 6.32234 43.3156 -7.53389 -9.84594 43.3956 
-1.73372 -12.7444 44.4539 -9.86613 -5.01689 42.4187 9.13843 -6.64911 44.1702 
-10.3376 -3.18164 43.0861 7.10225 6.01344 42.8364 -6.24682 -11.2722 43.5239 
1.69753 8.13844 41.7018 0.740012 -11.8914 43.9115 10.1545 -5.39106 43.6444 
6.22307 -8.93883 43.8009 -4.48346 7.1274 42.9132 -7.38341 5.39537 42.8692 
-3.10895 -12.7063 43.8484 -4.61789 -12.2447 42.7176 2.84705 -10.8699 43.3576 
-8.33718 -8.5033 43.3153 9.57557 3.12593 43.082 -3.10862 7.58824 41.4331 
10.5254 1.06688 43.5343 4.62825 7.44887 42.5286 -10.2491 0.774617 42.0553 
11 -1.43087 42.8447 7.98734 5.25553 42.3827 4.63026 -9.92461 44.1172 
10.7924 -3.79352 42.6873 -9.0168 -7.1226 42.1864 10.8086 0.0142847 43.7221 
10.2234 1.88207 42.3257 8.80815 4.27989 42.8327 7.84026 -7.76107 42.5712 
-1.07777 8.08943 42.1052 -7.93597 4.89026 42.1666 0.235462 8.21906 41.9182 
-1.88947 -12.7302 43.0173 -0.807905 -12.5078 43.7348 -10.5283 -1.5738 42.5282 
6.00138 6.77959 41.6047 -9.39779 2.90624 42.148 4.43748 -9.97684 41.8646 
-8.59819 4.018 41.4444 10.3236 -5.10208 42.368 7.42628 5.76161 40.8377 
-7.17867 5.34768 41.1514 -10.3487 -3.5616 41.062 10.7018 0.506797 42.491 
9.4931 -6.21739 42.0454 -5.19944 6.65003 41.2187 -3.03496 -12.6863 42.0964 
-9.55716 -6.02801 41.2328 -8.01496 -9.06128 41.8686 9.42436 3.38607 41.3011 
3.49676 7.84427 41.5922 -7.09325 -10.3896 42.0172 10.585 1.06798 41.5821 
8.45948 4.74005 41.4475 -0.803175 -12.4266 42.0863 6.15965 -8.93397 41.4058 
0.171493 8.20863 40.4095 -9.70064 2.20674 40.2581 -10.6176 -1.7637 40.408 
-6.00068 -11.3806 41.3584 11.0586 -2.51249 41.7523 1.03597 -11.7005 41.4376 
10.8368 0.142462 41.3681 3.29809 7.9089 39.7088 10.4269 -4.76389 40.7396 
10.4431 1.45825 40.3952 2.64284 -10.9348 40.9066 -1.38517 8.04721 39.8431 
-6.07476 5.9686 39.3044 -10.5249 0.0217448 39.6181 -9.88968 -5.22361 40.6084 
4.74238 7.43854 40.4528 11.0396 -0.778726 41.226 10.9898 -3.07046 40.7281 
-1.97448 -12.7242 41.9883 -4.29847 6.99205 39.2348 -8.55161 3.86073 39.7149 
-10.5178 -3.27575 39.793 -4.30754 -12.3036 40.272 -2.26452 -12.6223 40.8082 
-7.31285 -10.0172 40.1941 11.1059 -1.65675 40.906 8.59982 4.58071 39.8622 
1.6922 8.16713 38.9551 -10.1431 -4.69764 38.5151 10.9777 -0.291111 40.1099 
-8.43266 -8.32606 40.4755 6.183 6.68951 39.3286 8.40698 -7.30016 40.436 
-9.27468 -6.70858 39.8392 -10.6298 -2.91576 39.0105 7.23577 -8.21961 40.6211 
-2.62364 7.71682 38.9218 -7.46978 4.90099 39.1794 7.62227 5.62607 38.5099 
-10.773 -1.63651 38.5887 9.52363 -6.15512 39.6468 -0.727022 -12.2969 39.8034 
-10.3069 1.03083 38.2874 9.68123 3.07699 39.2034 7.454 -8.03309 39.1304 
6.10343 -8.93398 39.1824 -6.01787 -11.3502 39.5828 -8.27371 -8.63671 38.4955 
10.8345 0.601795 39.3443 4.992 -9.62623 40.0811 3.49614 -10.4573 39.2684 
1.32643 -11.5396 38.6181 -3.50692 7.26526 37.5479 11.1083 -1.83424 39.1624 
10.8633 -3.59014 39.2255 8.49193 -7.15193 38.0626 -6.94719 5.1795 37.9337 
3.23485 7.95738 37.4554 -9.50029 2.54452 38.4991 -0.205705 8.15534 37.7692 
4.77756 7.43325 38.1699 -5.23681 -11.9422 38.3462 10.6259 1.26427 38.1962 
-1.53402 8.02554 38.4085 -2.77564 -12.5909 38.6458 -8.45107 3.75591 37.6507 
-9.28893 -6.854 37.4696 11.023 -0.204726 38.7858 9.85674 2.98938 37.5346 
10.281 -4.9484 38.114 4.71192 -9.76261 38.5634 -10.7381 -0.423532 38.0223 
-5.35616 6.18734 37.0178 8.89719 4.32558 37.9207 -2.02891 7.80216 37.1925 
-4.16227 -12.4716 38.64 -6.88644 -10.5354 37.7758 8.06629 5.28273 36.6499 
-0.959159 -12.4023 37.2728 -9.96784 1.71016 36.4987 -10.6644 -2.9664 37.513 
1.76012 8.18905 36.6358 2.62452 -10.9218 37.7607 -7.30629 4.708 36.2866 
-10.82 -1.50474 36.7856 11.1464 -0.825338 37.2246 10.9829 -3.00633 37.3719 
3.70838 -10.3275 37.0712 -7.8695 -9.38361 37.2213 10.4252 2.11967 36.4464 
9.50765 -6.16246 38.0439 -9.81321 -5.79602 37.2418 6.47457 6.53246 36.6528 
6.77309 -8.43594 37.065 -8.45195 -8.48874 36.5694 -10.6456 0.126576 36.7996 
3.05699 8.03988 35.6845 -8.97049 3.02021 35.1501 -10.4436 -4.01276 35.7621 
10.9827 0.679933 36.5311 4.57534 7.57121 35.6386 -1.11657 7.93581 35.2223 
-10.0236 -5.33441 36.5661 -3.3485 7.13955 35.4471 -4.1217 -12.454 37.2437 
-5.5257 -11.7426 36.4812 5.19467 -9.45386 37.1731 0.485307 -11.9774 36.451 
-2.71902 -12.6851 36.4509 -10.5727 0.523691 35.8444 10.9056 1.26856 35.2108 
1.96812 -11.2871 36.1256 -9.65821 -6.23906 36.3008 -10.7379 -2.70936 36.2449 
9.39161 -6.12759 36.1694 9.35123 3.8921 35.8008 -6.32862 5.40877 35.2641 
0.553702 8.20056 35.5517 1.97654 8.18604 34.4059 -6.67057 -10.8529 35.8044 
-9.12418 -7.35892 35.2445 10.312 2.57832 35.1238 -7.59398 4.3389 34.281 
-7.60832 -9.7757 36.0333 4.43594 -9.90406 36.0073 11.2822 -0.286311 35.3383 
10.5648 -4.31527 35.3932 7.81725 5.61078 34.5082 -9.95955 1.78704 34.9679 
7.91338 -7.53243 35.6419 -5.10086 6.17851 34.8655 -1.70202 -12.6988 35.6535 
-10.4681 0.729221 34.7398 -10.7609 -2.13794 34.898 -10.7631 -0.485591 35.4409 
-9.89285 -5.78929 34.8818 0.211002 8.15236 33.7932 -3.99604 -12.4645 34.7846 
11.2542 -2.13393 35.1026 -8.24075 -8.87195 34.924 0.657466 -11.9689 34.987 
-5.82929 -11.5254 34.7769 6.08194 6.90892 34.0805 6.67665 -8.467 35.0524 
5.31778 -9.36252 35.1978 -0.546586 -12.4185 35.3508 -10.339 -4.69121 33.6317 
3.50877 7.96951 34.321 3.49594 -10.4667 34.6955 11.2225 0.519629 33.8085 
11.4459 -0.869676 33.8937 -6.20354 5.3443 33.482 -0.936236 7.97392 33.5532 
-2.58199 -12.7829 35.0718 -10.6183 -3.39072 33.7661 9.87576 3.39122 34.2591 
4.60239 7.66375 33.3057 -2.15887 7.53555 33.4295 -4.24034 6.49684 32.8794 
-10.0192 1.54561 33.4444 -10.7286 -0.581073 33.7672 -10.7372 -2.03854 32.6685 
9.07515 4.4355 33.8677 9.81721 -5.57345 34.2749 1.3935 8.20406 32.2905 
-1.62416 -12.7149 34.1738 3.12228 8.07521 32.658 -7.50819 4.30175 32.4156 
-7.15002 -10.2989 33.8235 10.5785 2.20801 33.6529 -10.5452 0.445111 33.3838 
-8.63233 -8.33561 32.9028 6.04492 -8.87099 33.5499 7.01973 6.4051 32.6625 
8.63817 -6.77715 33.5819 -8.9244 2.99589 32.5828 10.4207 -4.65522 33.0902 
-0.655145 7.94848 31.9052 -9.46173 -6.85514 33.6163 8.33776 5.29687 32.0736 
-2.74241 -12.795 34.2986 -5.50041 -11.7623 32.8236 -9.98004 -5.8113 32.991 
9.70318 3.70981 32.7032 7.26308 -7.99684 34.0091 11.0588 -3.30213 33.6065 
-0.0972919 -12.306 33.7043 -2.67319 -12.767 33.1581 1.50383 -11.5962 33.4514 
9.69176 -5.70476 33.1837 -2.57833 7.27169 31.6983 -6.2263 5.10803 30.7489 
-3.90622 -12.5657 32.569 -8.23064 3.5949 30.613 -10.5484 -3.86569 31.9494 
5.75551 7.22793 31.9959 4.5803 -9.83527 33.0912 -6.65721 -10.9132 32.0887 
-10.5747 -0.0516791 31.7181 -10.2994 -4.99683 32.4628 11.412 -0.257084 32.2714 
4.3239 7.84294 31.3673 3.02797 -10.7954 32.1528 -9.51662 -6.86347 32.0629 
0.396588 -12.1498 32.3679 11.022 1.34449 32.1909 11.4023 -1.88505 32.7952 
-0.949829 -12.5619 32.0886 -9.97973 1.59544 31.5585 -7.64113 -9.85536 31.0546 
-3.86965 6.54477 30.3259 10.3916 2.70921 31.9367 6.88739 6.60505 30.892 
-9.05436 -7.79982 31.2473 5.36416 7.51811 29.9861 -10.138 -5.4604 31.2994 
0.906896 8.22385 30.7434 -10.7576 -2.16092 30.1159 9.6223 -5.63121 31.8292 
2.73302 8.19427 30.4536 9.57514 3.99482 30.3155 11.0273 -3.28829 31.6386 
5.53073 -9.20562 31.799 -2.7341 -12.7957 31.0135 10.4768 -4.50838 31.7193 
7.0056 -8.12153 32.437 11.2407 0.769888 30.5816 4.25508 -10.0693 31.3845 
-4.51959 -12.393 30.9477 -9.50025 2.31356 30.2901 -8.56308 -8.60057 31.2299 
4.13725 7.97226 30.1212 -10.3158 0.940198 29.7742 -1.7914 7.53192 29.9964 
-6.16463 -11.4011 30.5568 10.7154 2.20174 30.6416 8.09391 -7.13839 31.2461 
11.4138 -1.22778 30.1759 4.98911 -9.5897 29.8838 -9.58726 -6.81741 30.3242 
-10.5282 -4.16629 29.7974 -0.151154 8.08069 30.0031 -10.1211 -5.60098 29.4881 
10.4271 -4.42872 30.2681 7.94635 5.83203 29.7166 6.53887 -8.43681 30.6162 
3.35723 -10.6579 30.115 11.0305 1.64353 29.6655 6.64249 6.8838 29.2028 
1.21861 8.27573 29.2963 -1.05681 -12.6633 29.981 -8.76127 -8.34641 29.7191 
1.13575 -11.8441 30.3677 -5.1499 5.69635 28.6536 -8.96975 2.83479 28.9269 
-9.85905 1.69739 28.2434 -10.7144 -0.459497 29.3182 10.5856 2.60704 28.951 
9.12384 -6.05006 29.6346 3.96937 8.03411 28.9294 -7.65568 3.90869 28.4591 
11.2603 0.885563 28.3581 -0.355113 8.00064 28.2385 -2.91726 6.95292 27.8537 
11.1279 -2.96658 29.7245 2.57199 8.29472 28.655 -3.68972 -12.7709 29.5295 
4.03974 -10.2786 28.6389 -6.41294 4.8729 28.7737 -10.5337 0.241455 27.7126 
-10.4144 -4.79524 27.8453 9.78987 3.93378 28.2743 8.71253 5.20278 28.1184 
-7.06729 -10.6687 29.5832 -7.7758 -9.89085 28.5012 -9.61032 -6.84948 28.0717 
7.518 -7.59663 29.3154 10.8031 -3.7544 28.3395 7.27929 6.51245 27.8437 
10.0791 -4.92544 28.6926 5.5255 7.51458 27.8059 1.5379 8.30585 27.9488 
6.19419 -8.69767 29.0004 -6.49417 -11.2547 28.2523 -2.33927 -12.9026 28.7764 
-5.01507 -12.2536 29.0612 2.81348 -11.0688 28.3704 -4.75689 5.86171 26.9129 
-10.8321 -1.51979 27.5095 -10.7558 -3.21339 28.0617 11.3465 -2.27511 28.0357 
-8.7281 -8.57399 27.6041 3.21595 8.17961 26.9098 -0.442579 -12.598 27.7291 
9.40996 -5.74396 27.9366 -1.2492 7.77739 27.0419 -9.01496 2.55412 26.9803 
10.4024 3.07383 27.3191 9.45036 4.42454 26.5764 6.7471 -8.23695 27.4071 
0.913163 8.25858 26.8028 5.15586 -9.4943 27.6475 -6.31436 4.81398 27.0669 
-3.82291 -12.7495 27.7904 3.85122 -10.4506 27.2063 -2.06813 7.40028 26.1417 
-0.295858 8.11209 26.996 -10.7134 -3.80554 27.0856 10.1653 -4.79079 26.8562 
10.8776 2.1743 27.8822 11.5185 -0.864271 27.8407 6.60989 7.06357 26.3931 
-3.673 6.45963 25.267 -10.0585 1.05405 25.9171 1.56321 -11.8133 27.3109 
-2.33663 -12.9284 26.6121 8.27821 -6.889 27.7177 -5.25907 -12.1403 27.2602 
8.02361 5.99396 25.9998 -7.77945 3.56994 25.8993 -10.6829 -0.584922 25.8106 
5.27462 7.71872 25.6963 -0.432549 8.01174 25.8053 -7.28034 -10.5769 27.1631 
-10.7981 -3.08863 26.039 -10.1045 -5.8646 25.8783 9.03167 -6.14485 26.2699 
-10.6049 -4.31581 26.3205 10.9792 1.94374 26.8002 1.74525 8.28668 24.896 
11.5181 -0.150808 26.6982 -8.02596 -9.71995 26.28 11.3581 0.840417 26.4474 
11.0078 -3.3492 26.0832 -6.54923 4.48396 25.0014 -5.39959 5.35961 25.5041 
-6.54313 -11.2381 25.7819 -9.12728 -8.07135 25.4773 11.5111 -1.64624 25.869 
9.16102 4.86416 24.4068 5.59518 -9.14528 25.2325 0.643728 -12.3257 25.8824 
11.1264 1.47155 25.4056 2.84138 -11.1281 26.7173 -1.79362 7.47799 24.4927 
-0.811703 -12.8247 25.2783 -10.8593 -1.71815 25.8082 -10.731 -3.84096 25.9475 
-9.11442 2.11126 24.466 6.76583 7.02613 24.7579 -10.4035 0.00267601 24.1871 
10.3916 3.00348 25.3132 11.4557 -0.018246 24.9531 3.84611 8.13489 24.7793 
-10.6299 -4.23234 25.4144 7.52834 -7.56071 25.2452 -2.38592 -12.9754 24.5896 
-4.24403 -12.5584 25.4863 3.53739 -10.686 25.8663 2.24846 -11.4886 24.9785 
-7.56405 3.48288 23.3201 8.0142 6.15103 23.9891 4.48212 -10.012 26.0777 
-10.4724 -4.85113 25.776 10.4866 -4.3732 25.2948 -9.9722 1.03335 24.2927 
-10.6775 -3.63769 24.2064 -10.4046 -5.08691 25.2676 8.70108 -6.52503 24.5521 
-7.77115 -10.1678 24.7702 -9.71508 -6.97058 24.9238 -0.0887525 8.08985 23.9816 
-10.7226 -1.85092 24.0698 -10.2489 -5.57661 24.8503 11.5511 -1.66516 23.9955 
9.74385 -5.38017 24.7161 5.41689 7.67538 23.6655 -10.4246 -4.93222 24.1364 
-5.39425 5.17571 23.0566 -9.9588 -6.37301 23.8861 11.0307 1.52584 23.5313 
1.30529 8.31688 23.1047 -8.40229 -9.36907 24.9194 -9.13132 -8.27077 23.9664 
-9.49669 -7.54132 24.2471 -1.20204 7.70995 22.8645 11.3661 -2.69717 24.6195 
3.99975 -10.3402 24.4818 11.57 -2.11378 24.6688 8.68032 5.57118 23.3625 
3.37281 8.17566 22.7205 -2.92759 6.78487 22.5707 10.7279 -3.96924 23.2288 
-5.64349 -11.9579 23.5321 7.96586 -7.22917 22.7595 -8.35121 -9.45652 23.2973 
-6.82966 3.92768 21.2187 -3.56968 -12.8784 22.8525 -7.11343 -10.8606 23.8415 
-10.4397 -0.669435 22.5998 9.03283 -6.23914 23.4037 0.0676566 8.12342 22.4157 
11.3833 -2.62419 23.6013 8.30408 5.96018 22.5934 7.09905 6.83619 22.8729 
4.84909 -9.69935 23.3223 3.01582 -11.003 23.2378 -9.8793 0.767537 22.7518 
-9.32758 -7.91061 22.788 -10.294 -5.13363 21.9693 10.1688 3.42369 23.1748 
11.5397 -2.31753 24.2145 -10.545 -4.30877 23.184 3.93285 -10.3692 22.862 
0.550861 -12.3808 24.216 11.4546 -0.411667 22.772 -8.90568 2.02808 22.2035 
-9.81953 -6.78046 21.9639 9.67894 -5.5264 22.8628 1.48654 8.31011 21.2497 
-10.6137 -3.36786 22.4893 9.22267 4.92161 22.5211 1.56352 -11.8539 22.3656 
-9.53788 1.0244 21.3462 10.7563 2.37314 21.9557 6.0754 -8.73381 22.3959 
-0.99097 -12.8859 22.6112 -8.01875 2.85632 21.309 -10.5662 -1.91634 21.8441 
8.72321 5.56076 21.7887 5.93751 7.39206 21.1267 11.2714 0.895898 21.2677 
8.05837 6.10103 21.0992 -2.62066 -13.2742 20.9616 -6.89952 -11.108 22.0812 
-10.1207 -0.522508 20.4507 10.1084 3.65386 21.4753 4.45953 -9.9486 21.7902 
11.3824 -2.23225 21.9406 8.92739 -6.3901 21.8881 -0.955751 7.68717 20.5892 
-4.18264 5.91484 20.7215 -5.62775 4.85168 20.5807 3.71854 8.22214 19.9524 
-3.87479 -13.0384 21.2771 -5.23667 -12.3659 21.2791 9.25754 4.9029 21.0208 
3.20452 -10.8423 21.7085 -2.82316 6.78716 20.6881 11.0848 -3.44383 21.4448 
8.17775 -7.09862 21.0153 7.16366 -7.8997 20.7103 -8.82197 -8.86961 21.3417 
-9.4343 -7.72148 20.7375 -9.95662 -6.40288 20.4005 0.914416 8.35588 19.8413 
-7.67915 2.98477 19.6876 -8.94141 1.57811 20.1199 -10.481 -3.20901 19.9403 
11.5085 -0.692895 21.003 -2.97255 6.6336 18.7316 -7.95995 -10.0689 20.7693 
10.7391 -4.22063 20.5546 9.78652 -5.46775 20.9189 3.76321 -10.419 20.4837 
-6.54482 3.98818 19.2654 -4.13009 -12.9905 19.8087 -6.76674 -11.3442 20.0125 
10.7939 2.39336 20.4894 11.2433 -3.09224 20.0359 2.06319 8.50018 19.6752 
0.354008 -12.5915 20.1366 10.092 3.74248 19.9132 5.99411 -8.7655 20.0054 
-10.2579 -5.22603 19.864 0.527039 8.25243 18.3416 -1.17233 -13.2559 20.2226 
7.80114 6.33287 18.8399 5.8869 7.58856 18.5535 -2.04989 -13.444 19.9151 
-10.4596 -1.75993 19.1952 11.4915 0.0523176 19.6188 9.12787 5.05627 19.5034 
4.87293 -9.59709 20.2633 11.5214 -1.45684 19.4243 11.2309 1.30669 19.6255 
8.80841 -6.54049 20.3673 -5.03929 5.14663 18.5162 -2.79962 -13.3719 19.5337 
2.64586 8.51813 17.9376 2.46555 -11.3005 19.8097 -5.65338 -12.236 19.3739 
10.8044 2.44862 18.8998 -10.299 -1.09099 18.5435 -9.63743 0.208352 18.2522 
1.53594 8.51561 19.0182 -8.80352 -8.85855 19.2436 7.97054 -7.26403 19.5049 
-10.2552 -5.03978 17.986 -10.078 -6.00569 19.2184 -0.47795 -13.1355 19.5756 
-9.68951 -7.04734 18.7652 11.3748 0.884018 17.9402 11.5635 -0.334623 18.4602 
-7.31698 3.19874 18.4481 10.2835 -5.01043 18.9253 4.47872 8.23368 17.9659 
-6.80167 -11.312 17.8999 -7.79391 -10.2897 18.9146 10.0628 3.85255 18.3142 
-1.24269 7.59623 18.1888 -0.905414 -13.2869 19.2746 -1.80629 -13.3194 18.6105 
-8.28891 2.02305 17.771 11.3669 -2.809 18.0448 10.9884 -3.95543 18.8184 
9.09385 -6.27106 18.6988 5.75625 7.86243 16.4573 -3.92854 5.97103 17.0169 
9.18771 5.06269 17.9807 6.74739 -8.18883 18.8201 3.87535 -10.2973 19.1378 
-6.69015 3.59987 17.0513 5.1138 -9.35702 18.0948 -0.338152 -12.989 18.4695 
-10.511 -2.31196 18.1461 -10.5181 -3.44709 18.0828 11.5946 -0.656691 16.8354 
10.8048 2.52859 17.2932 7.38477 6.86274 16.7341 1.36352 8.49704 16.1625 
-3.07836 6.60193 17.1413 1.2945 -12.0584 17.8025 -3.59338 -13.0921 18.0501 
7.75976 -7.40205 17.7411 -10.1976 -1.27426 17.0258 8.69221 5.70301 16.8673 
-5.22618 -12.4725 17.9541 4.20188 8.41343 16.6286 -0.480933 7.95626 16.379 
3.25807 -10.691 17.3287 -9.22641 -8.0835 17.5407 -8.37536 -9.41974 16.899 
-2.14429 7.1659 16.816 -5.12603 4.95072 16.0663 9.9907 -5.39226 17.146 
3.10497 8.60741 15.3099 -4.04337 5.86524 15.5412 -10.4284 -3.18827 16.5348 
-9.79322 -6.73968 16.4506 11.2791 1.47408 16.7441 9.92346 4.13807 16.4986 
10.8008 -4.39462 17.5657 -3.09102 6.58427 15.9457 6.46827 -8.34885 17.2102 
4.42408 -9.80499 16.7229 -1.09533 -13.0742 17.0065 11.4328 -2.63599 16.268 
11.1479 -3.77076 17.8661 11.5013 0.787372 16.9392 11.5494 0.425884 17.0996 
11.1846 -3.6311 17.0757 0.0665471 -12.6982 16.8148 11.557 0.583678 16.9535 
8.81844 -6.52997 16.5777 -9.40975 0.212065 15.8977 -9.21536 -8.07655 16.5186 
-10.2444 -5.13418 15.438 5.35582 -9.07772 15.6924 -6.35924 3.65893 14.1335 
-2.7945 -12.9937 16.1155 -8.00548 2.00312 15.0502 11.5664 0.411018 16.7908 
10.9383 2.34783 15.5269 8.34361 6.16819 15.9294 11.4816 0.783719 16.0943 
9.09875 5.35332 15.3207 -10.1551 -1.68715 15.1598 6.89504 7.31003 15.5846 
-1.75509 7.41109 14.4976 -6.17583 -11.8465 16.5034 -7.26389 -10.8118 15.9761 
10.8182 -4.2181 15.6455 9.75202 -5.64759 15.5786 4.80777 8.29069 15.2402 
1.10193 -12.0747 15.8724 2.12351 -11.491 16.4617 -9.22836 -7.88693 15.3198 
7.33531 -7.68023 15.9276 1.81334 8.65458 14.6746 -4.8598 -12.5319 16.236 
2.18597 8.69528 13.0099 0.477198 8.37342 14.2965 -9.07436 0.551413 14.1103 
7.9166 6.54456 14.8489 10.0633 -5.32002 13.9999 4.01591 -10.062 15.9362 
11.6364 0.0989545 15.3938 11.6482 -1.66113 15.4567 -10.0615 -6.0749 15.5255 
-9.93805 -6.29061 14.7984 -3.34622 6.39195 14.5848 10.1151 3.98669 14.405 
2.84535 -10.8785 15.0691 -4.54816 5.38857 13.9206 -10.3097 -3.45144 14.3467 
11.7152 -0.659598 14.1883 6.28845 7.65021 14.254 11.51 -2.5341 14.5131 
-0.707403 -12.7194 15.1576 -10.2654 -4.73312 13.8855 8.67485 -6.62835 14.5123 
-6.40516 -11.5363 14.7191 -8.15844 -9.50432 14.1226 11.4591 1.00481 14.4979 
4.41847 8.39489 13.4358 -5.37101 4.57045 12.7569 -9.74186 -0.611589 14.2028 
4.21006 -9.82371 15.03 -0.469586 8.15829 12.9695 -1.5975 7.6297 12.2242 
-3.0741 6.60482 12.9237 -7.5149 2.41626 13.6665 6.75749 -8.05637 13.9631 
9.11308 5.39425 13.5178 5.2783 -9.0741 14.0374 -8.3065 1.33847 12.7781 
-10.0007 -1.93559 13.29 4.55359 -9.56556 14.4849 0.942923 -12.0221 14.3137 
-7.24174 2.58137 12.6799 -10.0139 -4.05621 12.1108 -10.2091 -5.4409 14.346 
10.9458 2.53177 13.3422 7.79708 6.67837 12.6575 4.28668 -9.70497 14.7226 
4.23009 -9.73999 14.7684 -4.68786 -12.4643 14.3461 4.06553 -9.89853 14.5978 
4.22931 -9.72818 14.7035 -9.35966 -0.300909 12.8023 -9.4685 -7.05457 13.3357 
11.0972 -3.83055 12.9665 0.670884 8.56744 12.6623 -6.1973 3.60956 11.6243 
-10.0512 -5.55162 13.4328 11.7337 -1.97068 12.4989 9.34323 -6.09254 13.2097 
3.93487 -10.054 13.4221 -5.9773 -11.897 13.2999 -7.02296 -10.9906 12.909 
11.5291 1.02402 12.5628 -2.74456 -12.7623 13.6729 10.126 4.12214 12.3873 
1.88455 -11.4337 13.0391 -0.460856 -12.4567 12.7674 5.98612 7.87226 11.5157 
4.65481 -9.50361 13.8719 9.10946 5.52227 11.5912 4.83797 -9.38612 13.5067 
10.0771 -5.39556 11.9478 3.78642 8.61856 11.3251 -4.27306 5.56627 11.1549 
-7.67796 1.82239 11.1387 5.4681 -8.96633 12.6619 -6.26967 -11.6608 12.3656 
-9.89751 -5.64716 12.3865 8.1692 -7.01744 12.2727 -4.88161 -12.2783 12.3635 
-8.70814 0.353398 11.2651 11.8563 -0.364493 11.8043 1.1678 8.70545 11.9141 
4.1397 -9.94383 11.758 -7.89861 -9.767 12.1217 -9.55539 -1.57298 11.4586 
1.78088 8.73526 10.7869 0.0023459 8.3743 11.4711 -8.84909 -8.06863 11.9913 
-2.58466 7.02427 11.1243 -8.30127 1.1754 11.6962 -9.61635 -6.23098 11.5681 
6.7987 -8.02459 12.6155 2.85907 -10.8359 11.9078 -2.70008 -12.7381 11.6461 
10.9496 2.74712 10.8175 9.97677 4.49191 10.7441 -1.35159 7.80195 10.5985 
-9.92552 -5.27279 11.7323 3.23341 8.81838 9.76038 -6.66396 -11.0277 10.9725 
11.5851 -2.94214 10.7087 7.91674 6.73918 10.2754 11.6678 0.94847 10.8501 
6.64767 -8.13044 11.5326 -8.2526 -8.88493 10.6858 11.9241 -1.37143 10.8046 
4.77519 8.52046 9.60096 11.0316 -4.28424 11.3067 9.08408 -6.32684 10.637 
-5.57572 4.17466 9.24024 -9.57361 -2.74917 10.1896 11.9219 -0.116162 10.0214 
9.23339 5.50264 10.0169 -6.70712 2.85989 10.0258 -9.84385 -5.14043 11.0935 
1.10934 -11.8413 11.0418 6.44496 7.85321 9.15741 5.19942 -9.16818 10.4454 
-2.26035 7.26566 8.76954 -9.63712 -4.58603 9.88324 3.14416 -10.6287 10.425 
-0.985966 -12.6484 10.9246 0.0121111 8.34168 9.59583 -4.43667 -12.3948 10.461 
-9.63285 -5.63494 10.5006 10.0584 4.42872 8.93666 10.705 -4.86301 10.8522 
-8.19304 0.799224 9.83655 -9.2033 -6.75637 10.3094 7.38686 -7.58668 9.65029 
-4.16034 5.73087 8.63256 10.9943 -4.33944 9.92478 1.94991 8.79959 8.76252 
-2.4071 -12.8265 9.8991 -7.38694 1.87438 9.26794 8.74795 6.09256 8.57144 
-6.56945 2.89737 8.73393 11.005 2.88738 8.68384 10.1573 -5.40541 10.1166 
-8.89685 -0.82559 9.42979 -9.54189 -5.60463 9.99862 -7.73372 -9.51355 9.25505 
7.6239 7.16538 8.52594 11.6108 1.38478 9.15302 3.6357 8.81867 8.45307 
-9.18828 -2.86594 8.3429 -8.64078 -7.84087 9.52697 -9.45383 -5.63113 9.60661 
11.9275 -1.45947 9.04391 5.19912 8.44739 7.51465 0.155802 8.49169 7.41161 
-3.5271 6.47943 6.97258 -4.80829 5.11856 6.90886 -0.403365 -12.5083 9.44209 
-3.80151 -12.6388 8.68808 -6.9977 2.19476 7.64998 -9.44995 -5.24872 9.1912 
-9.1369 -6.24701 9.01768 11.4571 -3.26069 8.35827 3.77073 -10.1638 8.47432 
-6.80252 -10.8875 9.36091 9.12578 -6.27874 9.12686 1.65202 -11.5561 9.04791 
5.60138 -8.84819 8.66597 -1.86402 -12.8451 8.24506 -5.66591 -11.779 9.14705 
-9.30625 -4.80984 8.52962 7.93284 6.92258 7.11574 11.94 0.036178 8.60194 
10.2115 -5.1959 8.09736 6.81798 7.75526 7.65919 2.80196 8.87506 6.71227 
-7.93357 0.795096 8.20329 -8.53623 -7.69257 8.44249 11.8913 -1.97994 7.77598 
-1.45714 8.01567 6.85873 -6.03489 3.53248 7.35741 11.8176 0.818143 7.77305 
11.4241 2.04491 7.45062 10.6497 3.56343 7.10584 -8.3919 -0.654741 6.96392 
9.38472 5.3658 6.67625 -7.89873 -8.96536 7.72062 -6.7475 -10.6536 7.87397 
11.9657 -0.659275 7.11257 -0.609679 8.48729 5.86638 -4.98553 -11.9989 7.23441 
-9.01937 -4.28054 7.16609 -8.9343 -6.01982 7.81321 -8.47602 -7.42304 7.25352 
-2.46889 7.4256 6.63553 11.7594 0.988707 6.61223 6.67049 7.82378 6.16019 
-8.78946 -2.5154 6.41231 8.31551 -6.894 7.09535 6.44313 -8.23571 7.40545 
-6.48542 2.81704 6.15087 -3.0567 -12.736 6.91718 2.07647 -11.2965 7.41068 
0.117929 -12.3353 7.56593 11.7385 -2.53473 6.59596 4.98344 -9.27283 7.3487 
-3.99247 6.10641 5.91146 -7.33045 1.43107 6.12658 0.914329 8.90233 5.40528 
-1.70573 7.98703 5.65974 -5.51992 4.17918 5.34485 4.94464 8.59657 5.0197 
-8.70713 -5.85049 6.46502 2.70804 9.12147 4.47187 -2.91556 7.09119 4.96358 
-7.42081 -9.53124 6.44723 -4.35224 5.69637 4.81906 -1.44602 -12.8187 6.83452 
-8.06582 -8.44452 6.73689 10.9733 -4.23461 6.31917 -7.69347 0.446103 4.98701 
-8.31662 -1.21788 5.20206 -8.5903 -2.42521 5.23396 -8.32604 -7.39293 6.10137 
11.3007 2.25257 5.41682 6.82152 7.73813 4.53811 10.3623 4.0457 5.50251 
3.51486 -10.3234 5.9792 -6.33394 2.8755 4.25969 -6.16346 -10.8213 5.52185 
8.10068 6.74264 5.31321 5.39052 -8.98668 6.14924 -4.06078 -12.1502 4.90489 
11.8841 0.230171 5.30807 11.9394 -1.56834 5.19511 9.71398 -5.79437 5.66574 
-0.663102 8.49271 4.02779 -8.66321 -3.94795 5.3738 -7.90343 -8.51815 5.85712 
9.48 5.26799 4.32185 11.4769 -3.36955 4.72452 1.21877 -11.7671 5.93367 
-0.413782 -12.5242 5.96334 -7.37132 -9.04289 4.61289 -8.38743 -6.13688 4.88263 
-7.11671 1.59277 4.65289 -8.05007 -7.747 5.12342 6.71465 -8.08435 5.46191 
1.21383 9.1331 3.91607 -1.91023 -12.6755 5.32684 -4.79106 5.10277 2.62499 
5.14436 -9.22261 4.42536 -7.72703 -0.178348 3.62357 11.7261 0.97078 3.4595 
10.6837 3.52675 4.0152 -8.24498 -2.20775 3.71319 10.5951 -4.96215 4.35458 
8.21381 -7.10405 4.21385 1.95592 -11.3267 4.50682 -3.6265 6.50073 3.2858 
-7.98528 -7.36304 4.00706 6.15459 8.15433 3.05231 4.06355 9.00881 2.72333 
8.07677 6.74875 3.23994 -8.33107 -4.50747 3.44406 11.8424 -2.27513 3.30758 
10.0902 4.46282 2.66376 2.2418 9.27883 2.94624 -6.95435 1.58499 3.22829 
11.0696 -4.3369 2.35707 3.36029 -10.4927 3.3521 -0.039627 -12.2179 4.00948 
11.9971 -0.707085 3.93102 -2.28743 7.62731 2.53936 -5.90136 3.36958 1.80222 
6.66291 -8.21893 3.37495 9.58779 -6.10722 3.82382 11.2952 2.35469 3.82291 
9.25806 5.58707 2.91826 0.912004 9.10724 2.62075 -4.07947 -11.9709 2.72133 
-2.31262 -12.4453 3.1004 -6.5493 -10.1929 4.03354 -7.61607 -8.0057 3.03757 
-8.20121 -6.14067 3.48929 11.1272 2.63447 2.34254 -0.438354 8.66246 1.26751 
5.16564 -9.35295 2.02935 -5.58644 -10.9826 3.19437 10.2526 -5.53298 3.05181 
-3.42254 6.7319 1.69285 11.9925 -0.810772 2.17462 7.26021 7.45671 1.1103 
-7.21304 0.724153 2.17238 -7.67135 -0.603492 2.20154 -8.0423 -5.84221 2.22713 
8.93211 -6.70431 2.90905 1.61947 -11.521 3.04158 -7.94238 -1.91743 1.81502 
-8.17988 -3.1866 2.37525 -6.86347 -9.33899 2.70984 5.56099 8.5741 1.59514 
2.26448 9.20778 0.819486 -8.12648 -4.33577 1.89413 9.14682 5.66279 1.45549 
-6.5369 2.04506 1.09226 -7.97614 -6.89992 2.95259 9.6129 -6.20177 2.63152 
4.39527 9.02934 0.90633 10.4291 3.96457 0.921113 3.70055 -10.3801 1.57495 
-2.2759 7.73271 0.192541 -0.913321 -12.3982 2.38369 11.7943 0.877522 1.04085 
8.18485 -7.23675 2.49703 7.5552 -7.63859 2.82315 -7.78965 -7.12705 2.22147 
11.8364 -2.59633 1.17425 -7.08958 0.566965 0.610716 -6.1385 -10.0334 1.40915 
0.407889 -12.013 1.54315 -4.86315 -11.2116 0.897757 12.0879 -0.922467 -0.116522 
2.34603 -11.1771 1.56214 10.1061 -5.72499 1.94264 7.26405 -7.95737 1.20853 
-4.98124 4.81881 0.0909021 -7.92333 -3.18372 0.799603 8.70795 6.18058 -0.746003 
-3.84716 6.30677 0.104577 -7.58885 -0.823289 0.998457 -7.42985 -7.99132 1.95257 
9.05697 -6.66717 1.35451 -1.66258 -12.3086 0.786254 -3.32512 -12.1257 1.36933 
-7.82685 -5.20309 0.557945 11.3071 2.33139 0.411959 -7.71595 -1.72081 0.487012 
-6.99036 -8.44465 0.816791 10.2875 -5.60626 0.235251 -1.02988 8.55342 -0.33748 
-7.63956 -6.89547 1.22677 9.8115 4.91101 0.0171873 11.4037 -4.10999 -0.196511 
5.75047 8.51314 -0.0643016 0.241606 8.96347 -0.976762 3.26335 -10.7569 0.173435 
4.16816 9.08926 -0.854503 -5.76692 3.46345 -0.231106 10.7333 3.52743 -0.271594 
10.3393 4.21116 -0.18306 -6.31181 2.20714 -0.934105 9.41362 -6.48456 -0.0781842 
5.72224 -9.19085 -0.43801 -7.33993 -0.60947 -0.350866 -6.87086 0.702171 -1.04533 
-7.41443 -6.87118 -0.161662 11.6907 1.46161 0.351042 -3.07706 7.1389 -1.83875 
-7.5329 -2.26088 -1.0651 7.1177 7.64064 -0.992299 8.57675 -7.15519 -0.426456 
4.41015 -10.0017 0.506712 5.72812 8.51745 -2.53126 2.43811 9.29113 -2.41066 
-1.49157 8.3051 -1.76283 -6.07396 -9.6319 -0.550679 11.9615 -2.75401 -0.716812 
-4.32493 5.76467 -1.70413 -3.44019 -11.829 -0.722724 11.773 1.24918 -0.412085 
11.9994 0.319886 -0.0194091 11.1599 2.7213 -1.08929 -5.73862 3.43041 -1.4993 
-7.48708 -5.65636 -1.34368 12.062 0.191983 -0.665805 4.18088 9.14179 -2.25217 
-0.178966 -12.1212 -0.571691 -6.93577 -8.10215 -0.680058 10.1736 4.42036 -1.39914 
1.71686 -11.5429 -0.58874 -5.2184 4.39587 -1.62081 -4.91131 -10.8657 -1.17655 
-7.69598 -4.01515 -0.70937 12.1501 -0.232726 -1.56484 -5.71776 3.282 -3.0147 
9.62949 -6.38769 -1.34431 7.36786 -8.12737 -1.43845 4.31137 -10.2155 -0.965573 
11.9979 0.658865 -1.31512 11.7852 -3.73678 -1.96063 -7.1965 -7.12218 -1.45705 
3.18277 -10.923 -1.27571 -1.61478 -12.1677 -1.63464 -6.49988 1.44501 -2.32231 
-6.62777 -8.41284 -1.99378 12.2178 -2.01861 -2.57197 -0.183726 8.89912 -3.47647 
-3.90068 6.29288 -3.52944 9.23529 5.70602 -2.59345 11.7313 1.54448 -2.07004 
-4.81885 5.0249 -2.9634 7.89693 7.04724 -2.96433 -7.03286 -0.372261 -2.32356 
-7.37749 -4.09459 -2.62378 -7.27326 -6.53215 -2.06934 10.9319 -5.14326 -2.31115 
12.0475 0.5602 -1.94351 12.1425 0.237851 -2.90247 10.9948 3.21266 -2.78151 
-2.36803 7.76815 -3.94332 -5.49426 -9.82273 -3.05427 -7.12872 -6.19175 -3.01349 
8.70483 -7.19419 -1.98958 4.17533 9.15179 -3.48582 6.31518 -8.92777 -1.87056 
-6.98172 -7.37048 -2.50311 10.1088 4.67855 -3.54921 4.01483 -10.5261 -2.37909 
-4.22333 -11.2468 -2.39104 0.38874 -11.9535 -2.95567 -7.25224 -2.20693 -3.03438 
9.12164 5.94474 -4.32805 9.64661 -6.49647 -3.1919 3.05191 9.40074 -4.96445 
5.41247 -9.62454 -2.47072 1.38731 9.37049 -4.43918 2.67949 -11.2143 -2.7252 
6.88397 7.8833 -4.51621 -6.47707 1.08278 -4.3392 -6.71003 -8.10553 -2.78185 
-2.92208 -11.8802 -2.81895 -6.41582 -8.61319 -2.89668 11.7491 2.0144 -4.12022 
-6.97094 -1.14152 -4.38942 6.85613 -8.67438 -2.97353 12.4417 -0.888474 -3.84067 
11.9937 -3.5184 -2.88361 11.7031 -4.25512 -2.98034 5.16627 8.80332 -5.5525 
-4.8468 4.91867 -4.6366 8.2363 -7.67521 -3.21663 -1.517 -12.1248 -3.38325 
-6.48627 -7.98886 -3.72397 12.2991 0.547165 -4.35482 8.13365 6.96412 -5.16606 
4.53868 -10.3153 -4.51276 12.481 -1.77803 -3.74932 0.0463138 9.13388 -5.57414 
-1.34877 8.54785 -5.16895 -3.8337 -11.2568 -4.04436 -7.05891 -3.46771 -5.02336 
12.3946 -2.3876 -4.11668 -3.70334 6.57496 -5.72555 11.9535 -3.61056 -3.90405 
11.4672 -4.66015 -3.6234 12.5281 -1.67785 -4.51187 -6.7451 -0.334191 -5.87639 
-7.03876 -5.30812 -4.39903 12.1763 1.40189 -4.84313 12.5243 -0.679909 -5.07956 
10.894 3.63457 -4.46513 9.14785 -7.0852 -4.8224 -2.4497 7.87081 -5.79014 
10.9756 -5.18446 -5.09741 1.52987 9.46359 -5.86906 2.23995 -11.4707 -4.70353 
-2.34908 -11.9226 -4.50292 10.0922 4.86353 -5.68133 9.0452 6.11546 -5.92793 
-6.77335 -6.69977 -4.49573 6.23796 -9.22615 -4.05183 -5.58853 -9.20123 -5.06845 
-5.72391 3.11764 -5.5757 -4.45281 -10.4976 -5.43667 7.62061 -8.28964 -4.50842 
2.54125 9.49996 -6.91906 -6.9177 -1.88984 -6.07193 3.75435 9.35709 -6.34155 
12.0552 1.84768 -5.5099 11.4124 3.08423 -6.19459 0.705507 -11.9564 -5.11433 
-0.771014 -12.0985 -4.79526 -1.47468 8.51139 -6.92526 -6.82912 -5.35109 -5.90074 
12.3975 0.772023 -5.52622 8.39717 -7.85332 -6.08386 -2.92476 7.50564 -7.03455 
-4.92506 4.79505 -6.81326 -6.19151 -7.76465 -5.89039 12.3412 -2.57191 -5.82145 
-2.97801 -11.5127 -5.79498 -6.72415 -6.32013 -5.42545 7.14033 7.71431 -6.43242 
3.32179 -11.0387 -6.63986 -6.33207 1.19882 -7.0685 3.97222 9.2671 -8.05617 
6.73147 -9.01281 -5.71895 -6.78928 -3.59126 -7.56414 9.74523 -6.73499 -6.589 
8.35312 6.78957 -6.71065 6.00568 8.37145 -8.28796 0.545236 9.27197 -7.53876 
-3.93491 6.38715 -8.14776 -1.62831 -11.9638 -5.86695 -6.83971 -4.58396 -6.52109 
12.288 1.43897 -7.02629 -0.053713 -11.9493 -6.70625 -5.70607 3.14167 -7.60744 
-6.7186 -1.14291 -7.76738 12.6141 -0.477759 -6.54104 11.8845 -4.12886 -7.37554 
1.65247 -11.7052 -6.33658 -6.54252 -6.55191 -6.41414 2.14276 9.50405 -8.87094 
-4.94289 -9.56608 -7.08098 9.28527 5.84803 -7.57484 11.8671 2.59395 -7.3001 
5.51504 -9.85849 -7.57997 10.5565 4.41906 -7.60614 -5.14542 4.39561 -9.21736 
-6.48922 -6.04838 -7.68389 -1.80631 -11.7333 -7.28327 11.4872 3.24379 -7.99019 
8.9725 -7.49233 -7.18079 -3.40267 -10.9914 -7.30976 -5.77927 -8.23797 -7.61628 
7.87695 -8.29342 -7.71614 -2.55203 7.8473 -8.54325 -6.26795 -7.23981 -7.11558 
12.7778 -0.358399 -8.27545 0.280959 9.233 -9.87415 12.743 -1.70865 -7.60758 
-1.09992 8.73545 -8.74131 12.0698 2.27925 -8.14396 9.94434 5.16684 -8.93834 
12.5086 -2.96342 -8.03353 7.82879 7.15958 -8.24732 -6.1435 -7.38165 -7.88027 
-6.47363 0.245781 -9.03871 -6.56343 -5.06668 -8.81117 10.8645 4.09545 -9.25383 
10.9475 -5.54332 -7.86516 -6.01841 2.08953 -9.46299 12.5177 1.13546 -8.99235 
3.23905 9.47389 -9.70915 -3.32245 7.21619 -9.66892 -0.458839 -11.793 -8.80327 
-6.71772 -2.55693 -9.10783 9.61201 -6.95572 -8.44274 3.84099 -10.8114 -8.41357 
-4.22837 6.11221 -10.2029 12.0941 -4.04446 -9.9148 4.53148 9.1016 -10.743 
4.80682 -10.315 -9.24455 1.83262 -11.5372 -8.57127 -5.83679 -7.89838 -8.63015 
-4.96055 4.82671 -11.6918 -6.17444 -7.17214 -8.27284 6.95883 7.76703 -10.5779 
2.17908 9.54252 -11.0969 -5.61751 3.31306 -10.8446 8.80131 6.28557 -9.66714 
11.8561 2.64744 -9.65375 6.92062 -8.93511 -9.76004 -2.20207 -11.4225 -8.93758 
-6.09974 -7.11389 -8.8458 12.8448 -2.1038 -9.33373 10.7974 -5.8258 -9.6856 
-5.04728 -9.07958 -8.95026 -6.26112 -6.24674 -9.46471 -3.75325 -10.4522 -9.03503 
-6.59833 -4.13549 -9.69378 -1.93134 8.35236 -10.8261 -6.62129 -1.22193 -9.85551 
-5.57455 -7.87215 -10.1151 11.0705 3.83217 -10.9543 8.5966 -7.76451 -9.64118 
5.68301 -9.78886 -9.29134 -6.47932 -5.24858 -9.61834 -6.59907 -2.70167 -10.6922 
9.95363 5.13431 -10.5437 -3.40806 7.19935 -10.8731 0.0935771 9.32304 -12.0788 
-5.99447 2.01582 -11.4665 -6.35416 0.283633 -11.0919 12.581 1.13328 -10.8739 
12.9619 -0.54368 -10.2452 3.43872 -10.9539 -10.4125 -3.06071 7.63052 -11.9927 
0.525042 -11.7044 -10.8482 12.8354 -2.80414 -10.4366 8.48489 6.55154 -11.9621 
9.81313 -6.77986 -10.6195 5.31572 -9.9405 -11.0236 -2.55227 -11.089 -10.6465 
-3.97696 6.52952 -12.019 -6.34779 -5.43998 -10.4412 13.0468 -1.98675 -10.7244 
5.74194 8.676 -12.3679 2.00334 -11.5025 -10.5615 -1.16623 -11.6435 -10.3123 
-4.16151 -9.73683 -11.0967 -6.03667 -6.5997 -10.6373 -6.39853 -4.25496 -11.5632 
3.3391 9.59029 -12.7572 -6.52934 -1.42022 -11.4146 8.4678 -7.77999 -11.9744 
10.2257 4.82107 -12.5583 6.95355 7.87161 -12.5258 12.9889 -0.0933913 -11.7779 
-1.22592 8.98509 -12.8451 11.05 -5.5402 -11.5983 -5.60634 3.20669 -12.5225 
-6.11375 -5.91101 -11.5745 11.8995 2.5917 -11.7606 -2.29676 8.37245 -12.9372 
-5.73575 -7.17892 -11.5442 11.2455 3.62512 -12.2721 4.56925 9.29469 -12.7817 
6.6986 -9.01539 -11.7119 -4.44116 5.7488 -14.2261 13.0914 -1.38029 -11.8684 
-6.45661 -2.52386 -12.4224 12.8074 -2.78468 -11.6633 12.0968 -4.08473 -13.0032 
-5.17575 4.34342 -13.2202 2.04787 -11.4129 -12.4391 -3.23577 7.48083 -13.5822 
-1.18082 -11.5155 -12.1791 -6.37277 -0.851615 -12.8801 12.6414 1.04085 -13.1414 
-5.15425 -8.33052 -11.6973 7.25519 7.61854 -14.0858 5.81726 -9.56669 -12.6542 
-2.74478 -10.8737 -12.1896 -6.07167 1.18348 -13.4163 6.19124 8.44743 -13.4882 
1.69221 9.67793 -13.3374 -0.101719 9.44606 -14.2085 -6.1176 -5.22268 -12.8512 
11.5143 3.21103 -14.0669 13.0508 -0.584207 -12.9371 9.93529 -6.64667 -12.5412 
3.94162 -10.6501 -12.9279 0.40623 -11.6704 -12.9264 -5.48799 -7.40614 -12.9092 
-5.88041 -6.4632 -12.3918 -6.27772 -2.15475 -14.6535 8.93128 6.16854 -13.7102 
-4.64619 -8.90804 -12.9184 3.06142 9.64542 -14.2465 5.14897 9.04358 -13.8289 
6.89666 -8.80283 -13.4747 5.04937 -10.0537 -12.7544 -1.52911 8.94755 -13.9982 
-6.31448 -3.68458 -13.1582 -5.82917 -6.35134 -13.1713 4.10374 9.46769 -13.921 
-3.53434 -10.1723 -13.2403 -6.26921 -0.437586 -14.077 11.0391 -5.56272 -13.7599 
-2.32477 8.41806 -14.4191 -2.15145 -11.082 -13.8005 -5.07302 -7.97861 -14.005 
5.83782 8.61248 -14.4594 -6.14834 -4.26592 -14.215 12.4092 1.77079 -14.6093 
12.8905 -1.97679 -13.871 9.36769 -7.13202 -12.7418 9.22239 -7.21234 -13.2043 
-5.95235 -5.54561 -13.9129 -5.68605 -6.83925 -13.3052 13.0041 -0.336255 -14.1355 
9.98826 5.12264 -14.6349 9.59665 -6.94726 -13.0976 9.83917 -6.65915 -14.0608 
9.42984 -7.08927 -12.998 4.52228 9.10916 -15.6725 1.83735 9.67074 -15.1728 
-5.48046 3.46383 -14.6498 -5.72575 -6.52338 -13.8373 12.8136 0.696245 -15.3535 
6.1208 8.3847 -15.0717 8.44476 -7.67817 -14.4512 -5.62587 -6.98282 -13.4706 
-1.34891 9.02385 -15.392 -2.86684 7.84886 -16.1699 -4.22122 -9.12508 -14.7759 
5.14133 -9.90602 -14.4887 -6.17589 0.0503575 -15.2192 8.50681 6.5795 -15.3563 
-5.94809 1.66933 -15.2985 11.7578 -4.69653 -14.6366 -5.52183 -7.069 -14.0033 
0.206302 9.59516 -16.1576 -0.548887 -11.5268 -14.3791 10.7644 4.32064 -15.7727 
-5.64386 -6.74938 -14.0442 -5.7596 -6.01685 -14.6693 12.2693 2.11556 -16.05 
1.13847 -11.5422 -14.5741 -5.04513 4.86802 -16.0789 -4.34185 6.20887 -16.8925 
-5.28536 -7.03707 -15.6207 -5.61586 -6.67042 -14.4037 12.2922 -3.5673 -15.331 
-5.9776 -5.03623 -14.8296 -5.78023 2.57563 -16.3869 -3.02034 -10.4212 -14.8371 
6.88656 7.88258 -15.9995 2.73516 -11.1461 -14.5952 -6.04613 -4.12645 -15.8401 
11.3523 -5.24502 -14.9524 6.7995 -8.7748 -15.6778 3.82941 -10.6752 -14.6654 
-5.48629 3.76905 -16.3163 8.08829 6.98702 -17.2567 12.9937 -0.74689 -15.4679 
11.5718 -4.77509 -15.9167 10.752 -5.76996 -15.3311 -1.08134 9.19249 -17.1662 
-1.70135 -11.0407 -16.0242 -5.80604 -5.47382 -15.52 9.68815 5.5001 -16.4868 
9.60107 -6.68967 -16.003 1.95366 9.67912 -16.9916 11.5093 3.38899 -16.2116 
-3.26021 -9.93719 -16.5153 12.8465 -0.0616495 -17.5216 12.7574 -1.97478 -16.4403 
3.59582 9.42861 -17.8608 -5.36887 4.30363 -17.3573 6.48437 8.18225 -17.2085 
-6.04886 0.931302 -16.7983 0.361595 9.68379 -17.6742 6.89675 7.9896 -16.6522 
4.94541 8.99584 -17.3277 -6.18056 -0.986779 -16.9113 -6.14616 -2.70844 -16.8841 
12.7102 1.10256 -16.693 7.07305 7.84901 -16.7369 3.52294 -10.6855 -16.366 
10.8343 4.28488 -17.5623 6.98983 7.95106 -16.6875 6.89493 8.00357 -16.7853 
8.16439 -7.75651 -16.7876 -3.66931 7.28513 -19.0695 -4.9865 5.26143 -17.4367 
0.242358 -11.4223 -16.5671 -5.65799 3.28715 -17.3495 -4.35712 -8.64763 -16.5838 
7.48122 7.53396 -18.4567 1.91123 -11.3048 -16.1149 -5.74734 -5.36385 -16.6408 
9.66183 5.57848 -18.3651 -1.97811 8.72153 -18.7598 11.8149 2.93956 -17.6822 
6.81809 -8.68779 -17.5866 5.34153 -9.65257 -17.1396 1.50356 9.70207 -19.2171 
-5.90886 -4.19107 -18.0066 10.7539 -5.50369 -17.1293 -5.89519 2.04561 -18.0149 
12.4599 1.63455 -17.8572 5.18262 8.88741 -18.6596 -0.912242 -11.2162 -17.5388 
-2.0649 -10.5937 -18.5471 -4.7688 5.77042 -18.7454 -5.26137 4.74046 -18.4666 
6.59687 8.15416 -18.7768 -0.453733 9.48381 -18.6919 -6.0819 0.0795913 -18.8953 
12.0119 -3.65485 -17.8947 9.43143 -6.67424 -18.1986 3.60366 9.45078 -19.3939 
-5.43672 -6.1386 -18.1506 12.722 -1.72931 -18.41 -5.65001 3.42762 -18.8396 
8.58329 6.60619 -19.4908 -6.07905 -2.22355 -18.8633 11.9895 2.55075 -19.3625 
7.80404 -7.93615 -18.7437 -3.86977 -9.00829 -18.5285 1.88043 -11.1077 -18.004 
-4.82494 -7.70471 -17.6439 11.371 3.60783 -18.9524 -0.08127 -11.1861 -18.9561 
-5.36129 4.59118 -20.2027 10.6245 4.56717 -19.3778 12.5333 -2.33642 -19.9775 
9.82647 5.45238 -19.8983 4.71873 9.07712 -20.2486 3.80061 -10.3608 -18.9462 
-0.731196 9.39797 -20.5802 7.37652 7.61056 -19.6189 6.21338 8.33797 -20.0974 
-5.68799 -5.06721 -19.4695 12.5236 1.12118 -19.7164 10.7427 -5.34071 -19.3314 
-5.95235 1.7621 -19.8544 3.08472 9.55308 -21.1894 -2.62798 8.43154 -20.8862 
-5.87809 -3.8617 -19.9832 12.7764 -0.596866 -20.0966 -4.83655 -7.44592 -19.403 
-6.07769 -1.25342 -20.3415 12.0137 2.30766 -21.1145 9.78958 -6.32761 -19.5297 
1.01894 9.77018 -21.3911 -3.91728 7.35228 -21.5243 -5.8088 2.93621 -20.765 
10.4358 4.77919 -20.6535 -4.68885 6.1332 -20.695 5.95626 -9.16978 -19.4562 
-6.04491 0.261396 -21.3886 11.8182 -3.87088 -20.4278 8.87875 -7.08519 -19.8907 
7.6855 7.28049 -21.3302 5.44032 8.68861 -22.1299 -3.05816 -9.70268 -20.6376 
-5.98146 1.783 -21.1691 -5.97805 -2.65443 -20.8445 9.52215 5.703 -21.3953 
-2.08669 -10.5899 -20.189 11.272 3.66971 -20.5704 -4.21887 -8.37109 -20.5254 
-1.27536 -10.9459 -20.0744 -5.35989 -6.12298 -20.1589 12.7224 -1.46605 -21.2144 
10.6293 4.49124 -21.7332 1.79241 -10.9302 -20.6291 7.47145 -8.13619 -20.5538 
-5.62949 -5.01397 -20.8697 9.90875 -6.17487 -20.7746 -1.78658 9.0818 -22.3151 
12.3399 -2.65205 -21.7026 -0.281064 9.64289 -22.7665 -5.27726 5.10722 -22.1133 
-6.01661 -1.59125 -21.66 -4.90456 -7.05946 -21.4166 10.9588 -5.07822 -21.3728 
1.80597 9.8213 -23.2468 -5.66989 3.78206 -21.8337 -5.36427 -5.89024 -21.5036 
3.66256 9.49041 -22.9122 -0.259963 -11.0612 -21.1287 -5.77367 -3.95628 -21.643 
-4.66842 6.45282 -22.5684 12.4253 0.858309 -22.109 -3.17985 8.1749 -23.0644 
8.68654 -7.19597 -21.6916 -4.11497 7.3106 -22.8622 6.15976 -9.02263 -21.388 
4.20345 -10.0945 -21.7585 12.7431 -0.582741 -21.5415 11.3952 3.35877 -22.3696 
10.2126 4.90638 -23.3702 12.0062 2.23892 -22.2202 4.64608 9.18829 -23.6753 
-5.87199 -2.82722 -22.4735 7.25326 -8.29143 -22.3435 -5.14198 5.56138 -23.8629 
-1.8011 -10.5865 -21.5456 -5.93142 2.23109 -22.5807 -5.53044 -5.05284 -22.2594 
8.81637 6.34576 -22.9647 11.665 -4.04763 -22.2156 -4.07899 -8.29097 -22.7012 
12.5427 -1.13601 -22.6572 0.625545 -11.0218 -22.7065 -2.88059 -9.74029 -22.5159 
-5.97198 -1.23149 -23.243 -5.23106 -6.05344 -22.7192 7.3926 7.49209 -23.5313 
-6.03082 0.569605 -23.286 10.1084 -5.91397 -22.9445 3.41595 9.6481 -24.4674 
-0.818549 -10.8701 -22.7559 -5.63997 4.04116 -23.3303 -4.86763 -6.95487 -22.8974 
11.0589 -4.94827 -22.5309 -4.28724 7.07207 -24.2166 -5.6519 -4.09124 -23.2815 
-1.69369 9.16194 -24.2046 12.4172 0.114969 -23.7945 12.0234 -2.93956 -23.6103 
5.90524 8.52806 -24.2158 11.9001 2.35608 -23.0906 2.22568 -10.8342 -22.684 
5.8429 -9.25413 -23.0323 8.91315 6.26664 -25.0169 -3.16793 8.22716 -25.2951 
-5.44611 -5.08844 -23.422 -5.07486 -6.4007 -23.4676 11.2992 3.40295 -24.1191 
-5.84882 3.0542 -24.4625 -6.01571 0.196582 -25.0722 6.93793 -8.55028 -23.8985 
11.2232 -4.57749 -23.5353 4.78317 9.16017 -24.782 8.37558 -7.44699 -23.8686 
4.63203 -9.97907 -23.8418 -1.97464 -10.3173 -23.4951 12.0469 1.72872 -24.5072 
-6.0023 1.6008 -24.1637 -5.75802 -3.10817 -24.1354 -4.83086 -6.77909 -24.2357 
12.3282 -1.26847 -24.5106 -5.90403 -1.75984 -24.784 10.4724 4.6103 -25.7194 
0.126051 9.76697 -24.8174 -5.52096 4.52842 -24.808 1.3651 -10.9457 -24.1263 
-5.249 -5.69206 -24.0676 7.22228 7.67266 -25.4417 -4.90196 6.02561 -25.8283 
-3.1752 -9.31572 -24.1792 -5.53425 -4.37245 -24.7407 12.2969 0.22259 -25.22 
1.94213 9.911 -25.3051 3.05058 -10.6261 -24.205 -4.13124 7.33742 -25.7513 
-4.18276 -7.89701 -25.2178 -5.95767 2.10183 -25.3942 -5.63635 -3.90304 -24.2031 
10.6558 -5.25176 -24.6274 4.17372 9.39881 -25.8956 -1.39546 9.31656 -26.842 
11.4373 3.13137 -25.6194 5.72852 8.65644 -25.7922 9.67398 -6.29414 -25.1527 
5.80423 -9.35287 -25.3649 -0.558325 -10.7146 -24.8151 -2.26925 -10.0029 -25.0426 
-5.62419 -3.8575 -24.6084 12.177 1.19949 -25.6844 -5.64226 -3.70748 -24.9785 
-5.58872 -3.99702 -24.9011 3.04825 9.7931 -25.6853 4.18989 -10.258 -25.1496 
-5.74089 -3.1119 -25.5135 -5.5939 -3.97061 -25.0385 -5.26406 -5.3073 -25.8282 
11.4114 -4.04064 -25.0966 7.40876 -8.24943 -25.2632 -3.77485 7.66682 -27.4753 
-5.93861 -1.37931 -26.1322 -5.59759 -3.92139 -25.0044 11.9764 -2.6171 -25.3451 
2.74979 9.75796 -27.2454 1.51831 -10.9182 -26.2216 10.6356 -5.11168 -26.2221 
8.51763 -7.38206 -26.0889 0.733221 9.8873 -26.5432 -4.7986 -6.69226 -25.4926 
-5.62436 -3.815 -25.1693 12.1514 -1.30126 -26.4025 6.765 8.02418 -26.8962 
-5.66798 3.87724 -26.2837 -5.66053 -3.63164 -25.2822 -5.62599 -3.84891 -25.2577 
11.907 1.96709 -26.6354 -3.20971 -9.14068 -25.9826 3.18033 -10.6765 -25.8681 
-5.67699 -3.56653 -25.3893 -5.6729 -3.60609 -25.4458 -5.63251 -3.85216 -25.5829 
-5.55879 -4.23022 -25.8037 5.31031 8.85998 -27.6399 -5.99375 1.83082 -27.0261 
-5.79587 -2.54913 -27.118 8.26007 6.92266 -27.1567 -5.61821 -3.95813 -25.9176 
9.53128 5.76649 -26.7894 -5.62046 -3.86386 -26.3825 -5.54398 -4.30395 -26.112 
12.2066 0.484497 -26.6268 -6.03397 0.0319692 -26.8735 -5.59322 -4.09652 -26.0881 
11.2031 3.51526 -27.3308 -2.03576 -10.002 -26.5879 -5.58283 -4.14438 -26.2709 
-5.95423 -1.10606 -27.8014 -5.51672 -4.39174 -26.3462 10.3023 4.91235 -27.8699 
7.41862 -8.32649 -27.3938 0.428876 10.0038 -28.6157 -5.13169 5.71428 -28.0559 
-1.03612 9.70687 -28.6632 4.25378 -10.2741 -26.7634 -3.97964 -8.01508 -27.1599 
-5.44679 -4.52117 -27.1365 11.538 -3.40636 -26.9444 -4.71951 -6.69192 -26.6373 
9.62734 -6.30965 -27.0911 2.93234 -10.7901 -27.1862 -6.04838 0.548827 -28.7354 
12.1081 0.881568 -28.0361 -5.80121 3.70369 -28.2855 7.02175 7.87978 -28.5039 
12.178 -0.5941 -28.119 -5.14514 -5.44384 -27.5979 11.7581 2.1068 -29.1238 
-2.30283 9.02464 -29.0423 -0.490471 -10.619 -27.41 9.3645 5.98366 -28.1988 
10.6373 -4.98436 -28.123 -5.55464 -3.71633 -28.3871 4.22094 9.37501 -29.3544 
-6.03473 2.26967 -28.8746 8.50952 6.77345 -29.2144 2.21697 9.97369 -29.3107 
-4.54699 6.98635 -28.8635 11.9586 -2.10914 -28.0675 5.50794 8.83026 -28.9658 
-3.07605 -9.11621 -27.5074 8.58074 -7.38157 -27.8783 5.71286 -9.5331 -28.0912 
-3.88653 7.7959 -29.8324 6.07597 8.52089 -28.8055 3.71172 -10.5099 -29.1688 
-5.57542 4.88002 -29.5147 -5.37589 -4.61711 -28.1371 0.854054 -10.9495 -28.1802 
-3.58512 -8.24789 -29.0607 -5.77417 -2.3277 -28.7117 -0.732562 9.91817 -30.1848 
-4.58985 -6.68017 -28.3377 10.9922 3.87698 -29.3607 11.48 -3.44577 -29.0313 
0.845778 10.2307 -30.6177 9.85369 5.45896 -30.0012 0.177037 10.1852 -29.7724 
6.30435 8.3538 -30.289 8.07485 -7.86693 -28.2539 2.09528 -10.9637 -28.003 
-4.97718 6.3295 -29.9785 12.1261 -0.0177014 -29.9823 7.00815 -8.74114 -28.9151 
-2.0711 -9.74195 -28.5756 -5.92437 3.44169 -30.0768 -5.18487 -4.93952 -29.2606 
2.84135 9.93669 -31.0147 -6.07389 1.72484 -30.5303 -0.204876 -10.5452 -29.9591 
-5.88551 -1.19662 -29.683 9.57444 -6.35785 -28.9076 8.19357 -7.78735 -29.515 
12.0172 -1.84952 -29.7475 7.53713 7.55255 -29.6523 8.95234 6.42388 -30.3523 
10.6319 -4.98353 -30.2195 -0.157691 10.2382 -31.3169 -5.4497 -3.95157 -29.4932 
11.5029 2.86761 -30.8434 -2.6155 8.92552 -31.1813 1.64674 -10.9207 -29.2563 
-5.49261 -3.32823 -30.741 4.54208 9.3533 -31.4512 8.07834 7.14542 -30.6461 
-4.48991 -6.64849 -30.0549 -5.55179 4.97029 -31.2013 -6.00655 0.0788833 -30.873 
6.39251 -9.25129 -29.7664 5.33642 -9.854 -29.4441 7.24226 -8.65369 -29.8562 
-2.46609 -9.23404 -30.7865 10.8979 4.0906 -31.3136 9.07387 6.29207 -31.5529 
-3.75907 -7.85951 -30.804 11.9497 1.12781 -32.0959 9.53358 -6.45097 -30.3949 
-4.51333 7.15305 -32.3343 5.45719 -9.83267 -30.7771 11.5978 -3.23534 -30.8272 
-1.02717 9.92736 -32.3512 -5.80941 -1.33702 -31.5295 0.304731 10.3163 -32.1312 
12.1181 -1.44913 -31.0597 11.9929 -2.25248 -31.0747 7.42168 -8.54319 -30.4348 
7.25934 -8.68229 -30.1974 7.045 -8.84425 -30.2653 10.1276 5.17083 -32.2974 
1.69143 10.2281 -32.8367 -6.00905 3.02825 -32.2303 -4.97302 -5.32879 -31.0133 
8.96802 -7.10638 -31.3204 3.55094 9.802 -32.833 4.62911 9.39127 -32.8482 
5.73522 8.75583 -32.6947 6.78205 -9.03824 -31.0192 1.97158 -10.8459 -30.9348 
-4.3808 -6.72961 -31.6675 7.72693 7.39526 -32.8367 -5.14554 -4.66874 -31.9487 
12.1158 -0.729457 -31.8828 -2.8088 8.98582 -33.2761 0.575513 -10.747 -32.0641 
-5.61869 -2.22245 -32.7868 -5.28317 -4.00309 -32.4994 11.057 -4.33343 -32.1113 
7.83325 -8.19528 -31.6708 -5.93043 -0.393683 -32.3461 10.0122 -5.89994 -31.8304 
4.00388 -10.5126 -32.1078 -5.67784 4.88463 -33.1295 -3.41572 -8.17163 -32.3877 
-6.05538 0.955587 -32.6613 11.8163 -2.53082 -32.6055 11.4919 2.92516 -32.575 
-3.97654 8.26923 -33.9685 -1.17833 -10.0791 -32.3765 9.28243 6.06874 -33.2088 
-4.82441 -5.66747 -32.252 6.32276 -9.37146 -33.1293 -2.43655 -9.27563 -32.2988 
-5.79728 -1.19012 -32.8245 10.9106 4.08997 -33.0445 -4.99354 -4.98692 -33.1363 
0.1911 10.2491 -33.5025 1.21308 10.1722 -35.2986 8.97801 -7.11651 -33.0601 
-3.0486 9.05642 -35.019 -5.33999 6.19283 -34.2789 11.7997 1.9937 -33.9427 
11.2608 -3.98128 -33.3498 -4.37148 -6.5253 -33.4044 -5.47626 -2.85392 -33.501 
-5.43198 -3.23512 -32.7008 11.3309 3.25182 -34.4019 10.2569 4.91203 -34.7744 
-4.7113 7.47386 -34.2233 -5.28329 -3.73984 -33.8619 4.75278 9.29412 -34.5714 
7.82663 -8.24404 -33.092 2.1282 -10.8797 -33.0202 6.43734 8.34534 -34.3341 
2.93429 9.96404 -34.459 12.0399 -0.904015 -33.6931 10.4364 -5.32345 -33.71 
-1.15779 9.86836 -34.7252 -6.07628 3.42933 -34.1901 -5.87382 -0.575379 -33.8774 
11.3163 -3.7129 -34.9521 -2.37363 -9.19594 -33.6745 8.87074 6.44635 -34.608 
3.47723 -10.8149 -33.8288 -4.15922 8.22946 -35.0758 -6.13338 2.0704 -33.9057 
11.9862 0.54413 -34.8787 -6.06377 0.913728 -34.8997 -5.7202 -1.53188 -33.5329 
-5.5935 -2.16593 -34.5476 -5.86999 4.75652 -34.6323 11.8655 -2.20831 -34.3868 
6.20771 8.50876 -36.1702 7.93896 -8.16295 -34.4662 4.66105 -10.4252 -33.8744 
0.233568 -10.5507 -34.0186 -5.57198 5.67206 -35.9107 -3.5315 -7.89265 -34.0758 
-4.82321 7.27524 -35.6419 -1.21727 -10.0283 -33.8527 -6.15297 2.41731 -35.49 
2.31835 -10.8217 -35.1624 -3.52883 8.66086 -36.6625 -6.03822 3.96175 -35.758 
9.37029 -6.74629 -35.2466 -4.13067 -6.78903 -35.4947 -4.86035 -5.15542 -34.7283 
7.67738 7.47193 -35.385 -2.03377 9.60386 -36.355 11.7426 2.04869 -35.7991 
10.4524 -5.37216 -35.4055 3.49606 9.72177 -36.6712 6.70819 -9.17913 -35.7699 
11.2185 3.41982 -36.3591 5.05751 9.15172 -36.5358 -2.96786 -8.45238 -35.3964 
11.843 -1.64189 -36.2277 5.20408 -10.129 -35.3256 -5.86595 -0.553165 -36.1797 
10.5588 4.40788 -37.5137 9.08081 6.20176 -36.8204 -0.271602 10.0718 -36.9606 
3.94954 -10.6893 -34.9997 -1.39651 -9.73868 -35.3585 10.7354 -4.90732 -36.761 
-4.7179 7.18765 -37.9188 -6.10268 3.17015 -36.9588 -5.28119 -3.60956 -35.7293 
7.45865 7.65038 -37.4512 -5.60342 -2.1479 -36.6576 11.3341 -3.56254 -37.125 
-4.83581 -5.09343 -36.6048 1.64268 10.1198 -37.5654 -6.07958 1.50874 -37.134 
11.9063 0.624423 -37.3979 10.0337 -6.01348 -36.4432 5.70469 8.74723 -38.5844 
-5.7854 4.8295 -37.4178 -3.49887 -7.7137 -36.957 8.1055 -8.05014 -36.5018 
-1.81261 9.65828 -38.2143 0.423335 -10.46 -36.3003 -5.77623 -1.24679 -37.6524 
3.72864 -10.5783 -36.8494 0.614548 10.118 -39.2111 -3.28158 8.87535 -38.4219 
5.47358 -9.9101 -37.3693 -1.15729 -9.71508 -37.474 11.2443 3.33509 -37.9254 
-2.41818 -8.90617 -36.7696 11.6097 2.36642 -37.7365 9.25156 -6.91962 -37.2267 
-4.30802 -6.38802 -37.1813 -5.34993 -3.26169 -37.8016 -5.94551 -0.000908886 -38.2541 
3.04537 9.8374 -39.3242 -6.02149 3.46327 -38.9803 6.92119 -9.00479 -37.8624 
1.95664 -10.7059 -37.1437 -5.64002 -2.03002 -37.847 10.096 -5.86667 -37.6881 
-5.72803 -1.51686 -39.1816 9.80018 5.34665 -39.1154 11.5696 -2.69353 -38.5788 
8.22835 -7.90163 -38.501 -5.53517 5.65596 -39.0914 11.8676 -1.0273 -38.5084 
8.41529 6.87873 -38.8063 10.7592 -4.60875 -38.9889 7.32365 7.78349 -38.7479 
-2.69973 -8.46058 -38.6159 -3.92436 -6.95803 -38.2043 -4.71085 -5.26377 -38.5711 
11.1959 2.99268 -40.0548 -1.32549 9.84158 -40.3407 -2.50549 9.44051 -39.2691 
-3.3424 8.80321 -40.0006 11.7367 1.62575 -38.7358 -4.81791 7.21507 -40.3522 
-6.07355 1.48283 -39.021 4.62954 9.30922 -40.7441 5.76756 -9.69132 -39.2509 
0.583499 -10.3702 -38.6287 2.5868 -10.6154 -38.7813 11.8004 0.467283 -39.5733 
9.47243 -6.53186 -39.0668 1.93336 10.1409 -40.4048 8.92183 6.3668 -40.5486 
4.24439 -10.328 -39.1984 7.46805 7.64602 -39.9851 -5.73351 5.35104 -40.8944 
-5.35218 -3.241 -39.8983 10.094 4.98796 -40.8513 -1.13608 -9.66614 -39.133 
-6.12246 2.13777 -40.4547 7.07059 -8.8107 -39.8223 -6.09628 3.60731 -40.8923 
-3.91788 -6.80714 -39.6655 -6.00145 0.375501 -40.1995 11.6744 -1.73317 -40.4422 
6.25609 8.4564 -41.1585 0.866567 10.1912 -41.2245 11.3613 -3.24769 -39.8581 
-2.36918 9.53112 -41.6542 -4.72725 -5.10211 -40.6308 -5.67158 -1.96035 -40.38 
-3.81331 8.56631 -41.9757 -1.85764 -9.1889 -40.1342 8.42171 -7.5908 -40.5523 
2.91259 9.91885 -41.6327 -5.09081 7.05963 -42.2971 -5.85762 -0.939106 -41.3072 
-2.95705 -8.14128 -40.5719 9.47326 5.764 -42.5692 1.76078 -10.5033 -40.7265 
-0.213275 -10.0584 -40.7983 3.12842 -10.5277 -40.1148 -6.17869 2.69531 -41.9518 
-6.01698 0.235697 -41.4115 7.83975 7.31641 -41.8076 9.87862 -5.79152 -41.4199 
-0.686767 10.1159 -42.559 -5.61 -2.306 -41.1593 10.6215 4.29866 -41.8795 
5.78656 -9.55588 -40.9691 4.9406 -10.044 -40.2892 -6.11132 1.22143 -41.6133 
11.0855 -3.67176 -41.2036 4.95896 9.12695 -42.7438 -5.29253 -3.51504 -41.6499 
11.7473 0.387334 -41.934 -3.89393 -6.75664 -41.4834 3.86207 -10.2896 -41.7043 
-6.08553 4.28383 -42.201 6.6884 8.15493 -42.7768 1.36235 10.2192 -42.9572 
-5.79248 5.6877 -42.5468 -1.83189 -9.14876 -41.5895 -5.6802 -2.0825 -42.6541 
11.1903 3.32626 -42.4653 3.10467 9.82506 -43.7455 7.18101 -8.60687 -41.7828 
-2.55187 9.5345 -43.2819 0.810403 -10.4286 -41.2585 -6.04697 0.300646 -42.4179 
11.5516 -2.00232 -42.9863 -4.25719 8.32178 -44.1982 -4.70608 -5.09847 -42.6947 
8.55098 -7.36625 -42.664 -2.92823 -8.09431 -42.0714 -6.17995 1.66762 -43.0833 
11.5717 2.14341 -42.5374 2.44453 -10.5119 -42.183 -6.21708 3.2788 -43.3944 
-5.93591 -0.698458 -42.9773 -5.33613 -3.46597 -43.079 10.6454 4.31393 -43.3616 
10.7757 -4.22053 -43.2582 -1.24357 10.1391 -44.4231 -0.579484 -9.87358 -42.6804 
0.202412 10.3319 -43.8949 1.0083 -10.3962 -42.218 -6.05399 4.86466 -43.5583 
7.95145 7.18211 -43.5649 5.76547 -9.42149 -42.8944 -5.52861 6.45242 -43.834 
9.70712 -5.98505 -44.0434 6.3119 8.32354 -44.389 1.37004 10.1851 -44.6373 
-1.93483 -8.95485 -43.405 -5.14767 -4.10636 -44.584 11.3363 2.84036 -44.3687 
10.0063 5.23134 -44.0926 7.3431 -8.40074 -43.7127 11.7744 1.18372 -43.6811 
11.8292 -0.196834 -43.9025 -6.22221 3.94455 -44.4914 -3.55186 -7.12071 -43.4984 
9.11221 6.16807 -44.2491 -0.0398273 10.3297 -44.9435 -2.79204 9.55072 -44.7559 
10.6125 4.37716 -44.6761 3.15134 -10.497 -42.5953 -6.26442 2.2714 -45.0253 
-5.58533 -2.65459 -44.0347 3.4984 -10.4676 -42.4486 -6.10171 0.422507 -43.9419 
2.47035 -10.4339 -43.5154 0.589985 -10.2028 -44.2572 11.2818 -3.01308 -44.6338 
8.53374 -7.35756 -44.3739 4.57734 9.24534 -44.5019 3.44094 -10.4209 -42.9153 
4.15359 -10.0542 -44.0999 -5.99987 5.29397 -44.9031 -5.90492 -1.16182 -44.5017 
8.07943 7.03922 -45.3811 -0.756577 -9.78202 -43.8743 11.7037 -1.23686 -45.2728 
-5.40016 6.88667 -45.5092 -4.46449 -5.65218 -44.2895 9.74715 5.47387 -45.4991 
10.6258 -4.49965 -45.1311 -0.804098 10.236 -45.448 -2.06192 9.82707 -46.074 
5.27298 8.84545 -45.6155 3.23018 9.58109 -45.9908 6.10392 -9.15557 -44.9522 
11.7543 0.828867 -45.4938 9.10511 -6.67216 -45.8797 -6.15478 0.358705 -45.5156 
6.60348 8.09317 -45.9417 7.69457 -8.06356 -45.4858 0.204162 10.0839 -46.4513 
-2.50045 -8.3512 -45.1274 -6.23971 4.04434 -45.5662 -3.59988 9.11591 -45.7239 
-3.87912 -6.58913 -45.7636 -5.64747 -2.53634 -45.5217 10.7873 4.02963 -45.958 
9.99619 -5.58971 -45.4834 -4.60167 8.20495 -46.0899 -0.928258 -9.60207 -45.2253 
4.77435 -9.76177 -46.361 -6.01819 5.33332 -46.4896 -4.66853 -5.27112 -45.1904 
5.72092 8.48319 -47.2663 11.3734 2.57668 -46.601 11.799 -0.147679 -46.4483 
-5.35451 7.13312 -47.5569 -6.31919 3.42882 -46.9453 8.94258 6.31757 -46.8329 
2.49493 -10.2863 -46.0889 -4.90561 -4.6973 -46.341 -5.37453 -3.55033 -45.915 
11.2203 -2.89494 -46.5051 3.85022 9.26151 -48.2481 7.62954 7.3741 -46.9902 
-6.03198 -0.885722 -46.902 1.95125 9.80409 -47.7662 -3.8238 8.90127 -47.4555 
-1.72385 -9.09895 -46.3866 -6.31721 1.32183 -47.176 10.0868 5.06195 -47.1352 
0.550062 -10.1683 -46.1314 -6.19954 5.01905 -48.5538 -2.68945 -8.18959 -46.7273 
11.5957 0.903695 -48.1527 11.6657 -1.01793 -46.9696 8.45766 6.76649 -47.6958 
10.2092 -5.0551 -46.8803 -5.56771 -2.91034 -47.3851 -1.90325 9.74669 -48.3514 
9.22413 6.01313 -48.155 8.10308 -7.67473 -46.8808 -0.545432 -9.76789 -47.4948 
0.31382 9.93351 -48.8134 -4.30839 -5.8715 -47.5024 10.8663 3.86356 -47.3735 
6.65812 -8.77644 -46.9734 -4.78445 8.2218 -49.2774 -1.85258 -8.99713 -47.4709 
-6.2906 0.340295 -48.3249 7.77994 7.20061 -48.7308 2.5671 9.5466 -49.76 
-3.43539 -7.22616 -47.78 10.3195 4.61433 -48.8909 1.1197 -10.2815 -47.496 
11.1564 3.02118 -48.2592 8.98645 -6.69811 -47.9348 5.7693 8.39667 -49.4746 
-5.93593 -1.65875 -48.0443 11.4388 -1.6341 -48.6545 5.21723 -9.59619 -48.1013 
-6.44102 2.68313 -48.9291 3.80961 -10.1124 -47.7037 10.8655 -3.63103 -48.1912 
-2.53184 -8.34737 -48.0144 -6.12691 -0.775123 -48.8768 -3.57689 9.17885 -49.2597 
-6.40149 1.27544 -48.6245 4.21912 9.07992 -49.6655 -4.939 -4.58002 -48.3338 
9.22906 5.95764 -49.5451 -2.55996 9.57272 -50.6054 -5.7725 6.76333 -49.6957 
7.7478 -7.94618 -48.0213 2.36182 -10.2734 -48.8203 0.667355 -10.1757 -48.7373 
10.0176 -5.21136 -49.1487 0.692347 9.8283 -50.9233 -1.697 -9.01633 -48.7726 
-6.3771 0.849738 -50.1079 -5.83348 -2.11854 -49.1368 11.0319 3.09913 -50.3314 
4.06763 -10.0307 -48.906 -4.06812 -6.17267 -49.4117 6.6158 -8.75911 -48.7801 
-6.29616 5.45391 -50.3438 -6.4786 4.1445 -50.1367 -4.10882 8.89635 -50.8366 
-2.84324 -7.86403 -49.3455 -5.43795 -3.38027 -49.1477 -5.22625 7.862 -51.1129 
7.33069 7.54171 -50.1807 11.5153 1.41395 -50.7481 4.90947 8.68649 -51.4909 
-0.981781 9.88112 -50.1782 11.6136 -0.0532354 -50.1311 -4.96585 -4.50861 -50.3413 
8.50042 6.6463 -50.4856 9.11984 -6.51854 -49.2921 8.05834 -7.59 -49.4335 
5.15789 -9.53966 -49.6424 -0.480896 -9.70448 -49.581 9.87026 5.16283 -51.4016 
6.65538 7.91277 -50.9899 2.58854 9.46189 -52.0763 -6.04246 -1.20203 -50.8805 
-5.58523 -2.91937 -50.678 10.942 -3.26685 -50.0042 -6.48266 4.66109 -51.9139 
3.678 -10.0136 -50.0381 -6.01088 6.46442 -51.5984 11.4424 -1.44326 -51 
8.59793 6.52611 -51.7544 7.75291 7.24577 -51.2207 9.09793 -6.44867 -50.7302 
0.866378 -10.1048 -50.0267 -6.54587 2.82705 -51.0461 -3.20974 9.31298 -52.7215 
-1.8068 -8.76185 -50.5829 10.7729 3.81219 -52.0253 6.55384 -8.68525 -50.3676 
11.2666 2.54282 -52.9366 11.5912 0.37366 -52.3308 -4.55376 8.60296 -52.2882 
7.81164 -7.75837 -50.9337 -6.51418 1.61131 -52.0378 -6.31759 0.129209 -52.1782 
-0.889763 9.77741 -52.5893 10.2861 -4.66864 -51.2759 -3.26803 -7.26273 -51.3878 
11.0479 -2.9045 -52.1193 1.05791 9.75134 -52.6748 4.63166 -9.54419 -51.5177 
2.12345 -10.0461 -51.144 -5.22965 -3.90602 -51.836 -5.38828 7.65602 -53.2064 
-4.30727 -5.78448 -51.1539 -5.68091 -2.54322 -52.8882 -4.76703 -4.96759 -51.8925 
7.39675 7.35197 -52.6498 8.26406 -7.30859 -52.3687 -0.249078 -9.60898 -51.5544 
6.75012 -8.48662 -51.9421 2.2823 9.51623 -54.0172 4.21852 8.92251 -54.026 
-6.23488 5.96362 -53.4626 10.5453 4.26533 -53.4649 11.4801 -1.23179 -53.0625 
9.08169 6.04745 -52.965 9.59391 -5.77393 -52.9619 10.5345 -4.15866 -53.0624 
-6.08872 -1.06932 -52.4526 -4.35113 8.73725 -53.6593 9.89596 5.23128 -53.1279 
0.76008 9.74634 -54.1108 -2.01842 -8.56612 -52.5569 -6.58692 4.53186 -53.6782 
-6.62568 3.02535 -53.1034 5.95138 8.16797 -53.6558 -2.06821 9.61432 -54.3683 
-6.50953 1.30548 -53.6425 -5.85541 6.93351 -55.0631 -4.1628 -6.04001 -52.6565 
2.85846 -9.94419 -52.8121 -4.8764 -4.69896 -53.4713 -6.18168 -0.613692 -53.946 
11.1132 -2.53274 -54.6147 8.51014 6.50937 -54.1617 5.58894 -9.10133 -53.4053 
-3.23001 -7.40588 -53.7445 7.30483 7.34441 -54.9986 4.1905 -9.69609 -52.9465 
-3.45348 9.19777 -54.7873 0.894709 -9.90025 -53.0383 7.30147 -8.09491 -53.3765 
-0.413917 9.73304 -55.472 9.72815 5.33683 -54.7071 10.2676 -4.66084 -54.6151 
11.6484 -0.0805003 -53.9275 -0.904742 -9.34551 -53.5909 8.59934 -6.93455 -54.6493 
-4.8134 8.29203 -55.2164 -6.50202 5.13996 -55.1774 -6.66703 2.5423 -54.602 
-5.29757 -3.75491 -55.2712 11.5838 1.12224 -54.6132 -5.82316 -2.14767 -54.8016 
11.054 3.32937 -54.8062 5.74456 8.24181 -55.1789 -6.68908 3.73908 -54.509 
11.3664 2.42069 -55.1682 1.69427 9.57157 -55.9345 9.61281 -5.79885 -54.4863 
1.83553 -9.98172 -54.1214 -4.15063 -6.13037 -54.1749 11.5557 -0.922605 -54.4744 
3.63444 -9.76939 -54.3131 -2.14726 -8.57862 -54.1735 10.6275 4.12488 -55.2843 
8.68889 6.30854 -55.5438 3.24219 9.23824 -55.4716 6.38114 7.81319 -56.7866 
6.94275 -8.31725 -54.9256 -2.30635 9.4766 -56.193 11.647 -0.0282134 -55.0518 
-6.54127 1.31019 -55.8295 4.60743 8.70388 -56.4089 -6.71727 3.45294 -55.6794 
-6.10512 -1.05866 -55.936 0.60936 9.68315 -57.1704 -3.77542 8.94975 -56.3263 
-4.48261 -5.58598 -55.6612 11.4851 1.73335 -56.2012 11.0859 2.94112 -57.1141 
0.155685 -9.73754 -54.9751 -5.50454 7.55045 -56.112 -6.08481 6.40147 -56.9269 
11.5099 -0.907877 -55.5896 -1.43271 -9.09924 -55.0595 9.50671 5.46568 -56.904 
-4.86298 8.07644 -57.0044 -6.66302 4.67333 -56.5487 5.31651 -9.21392 -55.3927 
1.92317 -9.96028 -55.6981 -2.60298 -8.1605 -55.7305 -3.67976 -6.90055 -55.2978 
-5.71257 -2.58482 -56.1791 8.05394 6.72327 -57.0784 10.3415 4.48382 -56.3268 
9.726 -5.53907 -55.9578 -1.06942 -9.27367 -56.7427 3.11254 9.2172 -56.9008 
3.68842 -9.75647 -56.3915 -6.77577 3.3709 -57.1301 11.5685 0.336282 -56.4002 
1.86118 9.4468 -58.2264 -4.93972 -4.73056 -56.5575 10.3899 4.31297 -57.6817 
11.2961 -1.55898 -57.1646 7.83406 -7.63048 -56.4255 5.31682 8.27574 -58.0709 
-0.879614 9.62043 -57.7751 1.94465 -10.0104 -58.0637 10.6239 -3.78401 -56.8428 
6.52813 -8.56507 -56.8453 0.497436 9.67009 -58.1662 -6.33379 -0.100729 -57.551 
-5.90695 -1.91243 -57.53 -3.55764 -7.12017 -57.1284 -6.67561 4.89385 -57.6311 
5.11929 -9.32221 -57.0821 -3.22653 8.97182 -58.1098 -4.51365 -5.64079 -57.8328 
-5.32045 -3.80555 -57.603 9.89922 4.86561 -59.0703 8.91993 -6.53055 -57.2071 
3.80596 8.89924 -58.2173 11.4775 1.39161 -57.4073 0.532496 -9.85387 -56.674 
-5.22933 7.47283 -58.9734 8.94288 5.97285 -58.1801 -6.80696 4.07292 -58.925 
-6.39585 5.80583 -58.5508 -6.68807 1.89098 -58.0998 8.21264 6.56108 -58.4272 
6.90305 7.33363 -58.9635 9.92107 -5.16128 -58.0949 4.0162 -9.7184 -58.2945 
-2.40406 -8.40355 -57.842 11.4821 0.12295 -58.272 0.206022 9.60948 -59.2106 
11.4149 1.4026 -58.6677 -1.63743 9.44349 -59.6682 11.2783 -1.44589 -59.5133 
4.60411 8.4271 -59.8391 10.7381 3.55536 -59.0686 10.9911 -2.78716 -58.5217 
-5.75161 -2.5515 -59.3653 7.75523 -7.58647 -58.7733 1.55151 9.38495 -60.1604 
0.0972717 -9.77642 -58.0252 -6.14178 -1.04202 -58.8162 11.2311 1.91968 -60.1826 
11.4291 0.256476 -59.9901 8.68982 6.06603 -59.7209 10.5559 -3.96355 -58.7865 
-1.11287 -9.30528 -58.8829 9.22411 -6.09747 -59.4013 5.6816 -9.01156 -58.9001 
-6.49279 0.500504 -59.3079 -3.09135 -7.8048 -58.5067 -4.94437 -4.88799 -58.9867 
2.9875 9.07432 -59.5095 -6.44964 5.87796 -60.2764 -6.83321 2.37417 -59.9976 
-3.49544 8.76815 -60.417 -2.48684 -8.40537 -60.0119 -3.65973 -7.08863 -59.0429 
-5.1755 7.58054 -61.3427 10.6705 3.45659 -61.265 -0.220694 9.52626 -60.8602 
-4.43283 -5.95465 -60.0071 -5.32034 -3.97068 -59.4022 5.94248 7.71413 -60.9062 
-1.93398 9.35799 -61.3094 10.0367 -4.83833 -60.1883 3.00411 -10.0609 -59.9843 
7.55208 6.81136 -61.085 -6.64415 1.00201 -61.0738 10.8406 -3.09866 -60.0224 
4.39043 -9.65888 -59.5963 8.53773 -6.86328 -60.289 -7.01038 4.22481 -60.9262 
-5.02923 -4.7606 -60.2154 9.77498 4.9551 -60.9484 -6.19518 -0.902099 -60.5267 
2.94872 8.9702 -60.7895 0.554161 -9.96634 -59.7705 -3.61059 -7.27924 -60.8182 
1.49294 9.24534 -62.0026 7.8893 -7.48314 -60.4331 1.90257 -10.2037 -59.8276 
-6.9229 5.36951 -61.2591 -6.98161 2.65958 -61.8542 -5.48737 -3.53044 -60.9665 
8.9798 5.75365 -61.8096 6.34873 7.40933 -62.5466 4.06433 8.4487 -62.2362 
6.81459 -8.27904 -60.6539 -5.84944 -2.31011 -60.9227 11.3354 -1.04017 -61.1821 
9.58877 -5.63989 -60.1791 4.68614 -9.52033 -61.2162 -0.775813 9.42608 -62.5226 
-3.15097 8.87737 -62.8982 11.1133 -2.15394 -60.9821 2.24287 -10.2621 -60.275 
9.27509 -5.98423 -60.7207 -0.909763 -9.51038 -60.7939 -6.52946 6.16731 -62.1111 
-4.22957 -6.44598 -61.4632 -5.33373 7.56942 -63.3673 -7.07704 5.04145 -61.8929 
11.4084 0.243222 -61.6763 7.97763 6.479 -62.9138 -6.04075 -1.66217 -62.0317 
10.6657 -3.34465 -61.7808 11.2051 -1.78754 -61.5313 8.19485 -7.11025 -61.8443 
1.83282 -10.2295 -60.8569 11.0786 -2.25502 -61.64 0.684694 9.36791 -63.8738 
6.37535 -8.64942 -62.5555 -7.15792 4.09753 -62.5311 -4.88901 -5.11724 -61.8053 
10.1358 4.48465 -63.1189 11.2578 -1.53849 -61.8217 9.63833 -5.31724 -61.9735 
-6.80016 1.50748 -62.5521 11.3082 -1.06805 -62.4293 0.452536 -10.0479 -61.6935 
-6.45571 0.0194331 -62.3353 11.1917 -1.82575 -61.7543 11.1857 -1.84392 -61.6414 
11.162 -1.9475 -61.7228 11.1131 -2.06655 -62.1316 2.34043 9.01971 -63.3937 
2.93939 -10.1224 -61.5097 -1.76994 -9.09687 -61.8228 -5.78067 -2.65577 -61.8075 
11.2913 1.15525 -63.1281 -3.79979 -7.16042 -62.1433 -4.34022 -6.33233 -62.6096 
-2.88359 -8.17736 -62.286 6.92501 7.05225 -64.2899 -7.03635 5.21545 -62.8159 
-7.0731 2.83811 -64.1442 10.9349 2.96784 -63.3484 11.4104 -0.0471193 -62.7357 
10.142 -4.42156 -63.2454 -6.60204 6.02747 -63.9749 10.9029 -2.5352 -63.6338 
1.88724 -10.2229 -62.4828 -0.737341 -9.68945 -62.3277 -7.10195 4.59865 -63.6406 
9.11552 5.62826 -63.4473 -1.19898 9.39297 -64.0275 3.4528 8.62142 -64.3362 
-5.74306 -2.928 -63.3516 5.23853 7.88186 -64.1334 -4.20296 8.50149 -64.6316 
-6.74034 1.11337 -63.349 8.32338 6.20067 -64.66 -3.83064 -7.15245 -63.5843 
10.8226 3.37306 -64.7515 2.04158 9.10023 -64.54 -6.25485 -0.981154 -63.3033 
3.35391 -10.0424 -62.6568 4.78836 -9.59256 -63.5426 0.402486 -10.0358 -63.544 
-4.86363 -5.39441 -64.095 -6.55073 0.213338 -63.5311 10.3155 4.34895 -64.6643 
11.315 -0.665814 -63.4206 9.11534 -6.06677 -63.6232 7.47762 -7.90959 -64.0145 
1.20807 9.28651 -65.2003 6.17184 -8.93331 -63.7665 -5.53758 7.50477 -65.1983 
9.55801 5.17592 -64.986 -6.77773 1.0705 -64.114 11.2171 2.19078 -64.4827 
-0.213953 9.41376 -65.3363 -6.55892 -0.0865242 -64.5139 -1.55475 -9.24728 -63.5559 
-7.03745 4.76282 -64.6907 10.038 -4.68171 -64.8782 2.48982 8.8895 -65.9128 
-6.2251 -1.32284 -64.0759 7.20785 6.83961 -66.0369 -2.36683 9.17855 -65.3825 
-2.85046 -8.29061 -64.0433 5.90716 7.52914 -65.6828 -0.454403 -9.84704 -65.163 
-6.64817 5.9567 -65.9263 10.2856 4.23229 -65.9265 11.2468 -0.91842 -64.8305 
4.42456 8.17698 -65.8862 6.02899 -9.10183 -64.7971 -4.26983 -6.60277 -64.752 
-6.90563 1.33904 -64.9539 -6.34857 -1.23952 -65.1749 0.940029 9.25859 -66.2747 
-5.5226 -3.99629 -64.7133 10.81 -3.00073 -65.8626 2.60139 -10.1648 -64.1971 
11.3302 0.966568 -65.813 11.1791 2.3552 -65.3709 8.45833 6.02191 -66.4882 
-5.9248 -3.02932 -65.6027 -3.58134 -7.52577 -65.1909 -7.1555 4.32678 -65.6276 
-7.1654 2.37207 -66.2049 8.82513 -6.60721 -65.4264 3.47962 8.46699 -67.388 
-4.18822 8.58521 -66.1863 -6.81554 0.544749 -65.7406 -2.15658 -8.87819 -65.6402 
-7.24523 3.51363 -65.8599 -5.43174 -4.51598 -65.79 -6.58811 -0.267496 -65.2415 
7.38816 -8.20426 -65.822 10.9294 2.80388 -66.5224 9.44792 5.1601 -66.7963 
5.30827 7.78758 -66.5305 -5.55332 7.66396 -66.9601 5.89002 7.46886 -67.2878 
4.75163 7.98801 -67.2377 -2.81788 9.10236 -67.2691 -6.61572 -0.310249 -65.6133 
4.39987 -9.86915 -65.3152 -0.627614 9.30242 -67.0953 1.09366 -10.2275 -65.1354 
-4.29302 8.62562 -67.4856 -5.80157 -3.72668 -66.3683 9.9648 -5.11653 -67.1598 
5.89677 -9.32328 -66.2429 -4.64331 -6.04605 -66.1296 -6.52633 6.48332 -67.4844 
-7.20026 4.55803 -67.3469 -6.38211 -1.65827 -66.7452 -6.68352 -0.319877 -66.3985 
2.63738 -10.278 -66.4757 0.65798 -10.2118 -66.3457 -0.692084 -9.80662 -66.8907 
11.2602 -1.35159 -66.8294 11.2838 1.52448 -67.4945 7.15227 6.78034 -67.8312 
1.63437 8.98209 -67.6953 -6.0154 -3.10172 -67.0845 8.56686 -7.11898 -66.9065 
-5.92654 7.44811 -68.1507 -5.29442 -5.00677 -66.5634 10.9154 2.72558 -68.5851 
11.4181 0.0237548 -67.887 -1.79034 9.20905 -68.5069 -7.06751 1.04829 -67.3456 
4.37273 8.00326 -68.9812 10.0081 4.31963 -68.0351 -7.39717 2.77529 -67.9697 
2.90705 8.59435 -68.4469 -3.4437 -7.67476 -67.0486 -5.63476 -4.25682 -66.9436 
8.42834 5.87182 -68.6226 4.55751 -9.95839 -66.6627 -5.02355 8.22255 -68.1231 
6.02188 7.34132 -68.531 -2.06523 -9.04029 -67.7902 -6.62724 6.4453 -68.9479 
-6.78079 -0.392056 -67.9291 -0.058889 9.14978 -68.9558 4.23886 -10.1204 -68.0373 
-7.31287 1.61555 -68.9276 10.8974 -3.09723 -67.5701 5.6105 -9.5746 -67.4644 
-3.64457 8.79883 -68.7659 7.23954 -8.45957 -67.5786 2.81854 -10.3811 -68.0929 
1.09379 -10.3171 -68.2913 -7.55495 3.93506 -68.7797 -5.31036 7.9142 -69.1943 
-7.37311 5.02593 -69.1511 -5.23483 -5.11536 -67.2822 -7.06372 0.630341 -68.3777 
-6.39729 -1.94196 -68.39 11.3496 1.20074 -68.9679 10.7273 -3.89696 -68.9865 
11.2585 -1.78773 -68.901 -3.2711 -7.95318 -69.431 -1.97964 9.02539 -70.3332 
-4.61957 -6.10825 -68.2264 -5.69162 -4.03778 -68.4447 9.03224 -6.7086 -68.6144 
1.93631 8.75621 -69.5623 -7.57655 3.01523 -69.2246 10.2775 3.94894 -69.6673 
10.1379 -5.21933 -68.9217 6.42157 7.04328 -69.8228 0.153915 9.02005 -70.3979 
-6.74606 -0.786902 -69.0073 11.1802 2.10855 -69.8076 11.4336 -0.112028 -69.5047 
-4.16248 8.50104 -70.3793 -0.780714 -9.86891 -68.4469 -7.61824 4.15615 -70.1886 
-7.53381 2.42696 -70.2832 10.8051 3.10848 -70.1878 -5.95915 7.36905 -70.8168 
-6.99803 0.174539 -69.4079 7.7713 -8.10261 -69.238 2.97814 8.35651 -70.8098 
5.93059 -9.42629 -69.0798 -7.16086 5.82337 -70.4721 9.19349 5.19641 -70.3994 
3.42594 -10.3604 -69.7659 -7.23514 1.08163 -69.9996 -3.32792 8.79259 -71.3153 
-6.6574 -1.2459 -69.6434 -5.17986 -5.22849 -69.4696 7.79908 6.28031 -70.8818 
10.0712 -5.36679 -70.3347 10.119 4.14834 -71.4592 1.23972 8.74312 -71.4332 
-1.69338 -9.42698 -69.5676 11.0741 -2.78529 -70.5511 4.63983 -10.0827 -69.1 
-6.31187 -2.43966 -69.9609 -7.32952 1.37088 -70.6455 8.85709 -7.03779 -70.4264 
-0.585528 8.9505 -71.6701 -6.8393 -0.548902 -69.7287 11.33 1.14005 -70.9664 
4.55178 7.75952 -71.3381 8.44608 5.88413 -71.5976 -4.50135 -6.387 -69.8035 
-5.73142 -4.07659 -70.1987 -7.09095 0.502924 -69.9786 -6.9037 -0.289209 -69.8167 
10.4848 -4.70712 -69.5923 10.6977 -4.15543 -70.1894 -0.242303 -10.1714 -69.9638 
-6.87231 -0.436099 -69.9091 11.109 2.39859 -70.7966 10.807 3.13962 -71.3502 
6.3031 7.01009 -72.2213 -7.24032 1.09658 -70.2734 -6.97154 -0.00422246 -70.0261 
-6.93648 -0.146418 -69.855 -6.88499 -0.408683 -70.1393 11.3476 -0.878409 -70.9811 
-7.21017 0.999946 -70.2112 -7.16774 0.818677 -70.289 -7.13639 0.681527 -70.1595 
-7.02787 0.248168 -69.9566 -6.80523 -0.761252 -70.1419 1.3724 -10.5235 -70.7031 
-6.7665 -0.990338 -70.6588 -7.21546 1.02797 -70.258 -7.0645 0.349694 -70.4261 
7.35651 -8.45709 -70.8064 -2.59814 8.78375 -72.6904 -7.21954 1.02225 -70.3967 
-6.94448 -0.159829 -70.3226 -6.83977 -0.62918 -70.2375 4.85308 -10.0165 -69.7278 
-4.53003 8.31906 -71.9326 -6.91098 -0.318481 -70.3644 -6.92018 -0.324188 -70.5564 
-6.84137 -0.641758 -70.3654 8.86328 5.4521 -72.6028 -2.3205 -9.03138 -70.7206 
-5.07581 -5.45142 -70.7626 -7.23745 1.06436 -70.6067 -7.17698 0.8393 -70.6411 
-7.23732 1.04214 -70.7549 -7.04438 0.104636 -71.0146 11.0547 2.42308 -72.0771 
-7.69034 3.45774 -71.4701 -7.19549 0.906739 -70.7921 -7.18668 0.874405 -70.798 
-7.14438 0.663888 -70.7424 2.66078 8.25395 -72.5722 -6.2195 7.37281 -73.0419 
-6.97433 6.4646 -71.8157 -4.10555 -6.99829 -71.2486 -7.28535 1.16592 -70.8676 
-7.21521 0.911707 -70.9106 -7.14292 0.576481 -70.9203 5.27898 -9.79945 -71.1484 
-6.13461 -3.09155 -71.1012 -7.33468 1.28505 -71.0935 -3.0806 -8.30111 -71.2453 
-6.56617 -1.76164 -71.4206 -6.91922 -0.441234 -71.0136 7.7547 6.30734 -72.4227 
0.122508 8.66297 -73.5328 -7.57554 5.05071 -71.9327 -5.67026 -4.25689 -71.6379 
-7.23949 0.824841 -71.4 -6.88357 -0.628983 -71.1257 -6.86123 -0.730885 -71.162 
10.7486 -3.83808 -71.5399 -1.2195 -9.80759 -71.2446 -7.50816 2.01724 -71.5492 
-6.9508 -0.407592 -71.6816 -6.80065 -0.957204 -71.2155 9.65136 -6.04873 -71.6439 
10.2957 -4.92785 -72.0464 -4.6051 8.3061 -73.4291 11.2058 1.66591 -72.6634 
7.02727 6.65845 -73.4106 0.0708254 -10.3483 -71.6414 3.84782 -10.4076 -71.3217 
2.75554 -10.6164 -71.7137 -7.2861 6.22459 -72.833 -7.34178 1.1025 -72.5076 
8.6996 -7.2133 -72.3031 -6.65821 -1.52785 -73.0422 10.5988 3.39222 -72.5676 
11.1683 -1.95528 -72.6939 -4.92447 -5.72054 -72.4541 -7.70157 3.32532 -73.3583 
-6.16395 -3.01886 -72.5128 -7.04152 -0.232079 -73.019 -2.19214 -9.13024 -72.1647 
11.2916 0.385631 -73.2945 4.46119 7.62719 -73.3601 2.53707 8.03852 -74.8599 
7.88054 6.16568 -73.6195 3.94262 -10.417 -72.6345 -7.6527 5.34767 -73.3618 
-3.35424 -7.98445 -72.7251 7.10705 -8.71435 -73.0089 -7.30486 6.3722 -73.9854 
10.7017 -3.78427 -73.4996 9.88552 -5.58818 -73.4011 5.95857 7.05445 -74.0062 
-5.64928 -4.29148 -73.1373 10.8218 2.57074 -74.3638 -4.20053 -6.91716 -72.5452 
9.8272 4.33533 -73.7439 5.46203 -9.81998 -73.0602 1.39134 -10.5971 -72.801 
7.09202 6.5037 -74.6125 8.43463 5.60304 -74.9275 -7.35881 0.881603 -74.0351 
11.2992 -0.874442 -74.1022 -1.94586 8.75267 -74.4658 -3.87142 8.4702 -74.8929 
-4.19641 -6.89061 -73.9082 -6.87109 -0.884753 -73.2801 -6.97032 -0.578505 -73.7739 
8.80324 -7.19625 -74.8827 -5.50589 7.9055 -74.5479 -6.70674 7.04253 -74.9121 
-7.68978 5.29013 -74.6337 -6.06794 -3.28719 -75.0761 -6.79991 -1.13828 -73.5195 
0.482764 8.45315 -75.3924 2.72204 -10.6795 -72.8792 -0.907689 8.67655 -75.2257 
-0.718157 -10.0051 -73.3655 -2.26082 -9.04336 -73.6094 -6.70008 -1.47354 -74.2308 
11.1213 -2.01054 -74.7745 4.62073 -10.2124 -73.9869 4.69777 7.40125 -75.0116 
-7.41282 6.27207 -75.0076 -7.02421 -0.515243 -74.8475 11.2767 -0.116026 -75.4993 
10.4127 -4.59186 -74.4362 7.47656 -8.55566 -74.5732 6.03969 6.90493 -75.2669 
2.92358 -10.5887 -74.166 -5.15094 -5.27493 -74.3202 11.2088 1.20936 -74.9469 
10.7035 -3.72002 -75.6281 6.94712 6.37799 -76.3304 10.0422 -5.35303 -75.243 
-7.8636 3.91356 -75.5739 -7.73499 2.28806 -75.0566 6.16119 -9.47536 -74.5787 
1.39006 8.12589 -76.617 -7.44488 0.703258 -75.7828 9.68547 4.35375 -76.5714 
-3.11961 -8.22863 -74.4287 -2.42382 8.62633 -75.9688 -5.65799 7.65502 -76.3088 
-7.35773 5.92032 -76.3683 8.27387 5.57523 -76.942 5.32373 7.04873 -76.3285 
-0.770055 8.45863 -76.7856 -1.66975 -9.43801 -75.2491 3.75006 7.57178 -76.2068 
0.921891 -10.5188 -74.7924 2.63426 7.89008 -76.2123 -4.00069 8.35465 -76.6472 
-3.7714 -7.49409 -75.0787 -6.67456 -1.65619 -75.4216 -7.93481 2.45346 -76.5167 
-5.30848 -4.998 -75.6159 -4.40113 -6.54808 -76.0502 -6.98586 -0.811133 -76.0077 
-8.07158 3.80576 -77.4134 7.51866 -8.60581 -75.9753 -0.395428 -10.1971 -75.0758 
10.6857 2.97987 -76.8427 5.90872 6.70817 -77.5175 4.5161 -10.224 -75.444 
4.38446 7.20874 -77.6601 11.0947 -1.87705 -77.0133 6.00882 -9.62457 -76.1642 
0.332506 8.16391 -77.9428 11.129 1.63486 -76.5034 2.7973 7.71973 -77.2195 
-7.78968 5.56039 -78.5293 -6.62695 -2.02484 -77.071 -7.6988 1.08382 -77.104 
9.713 -6.09779 -76.2742 0.136424 -10.3442 -76.7042 -6.5894 6.99503 -78.2703 
-5.39946 -4.93388 -77.1765 11.2518 0.177111 -77.5694 10.2966 -4.93338 -76.8295 
-2.87231 8.41386 -77.6741 -3.07437 -8.2343 -76.0099 9.32931 -6.80974 -76.6164 
7.15296 6.05143 -78.7031 8.74848 -7.54657 -76.7758 -4.82888 7.99123 -78.1524 
-6.20378 -3.14208 -76.7362 10.4445 3.35928 -78.7296 10.7466 -3.63605 -77.3998 
8.75713 5.18496 -78.1669 -1.33496 8.26726 -78.6878 -8.0686 2.34325 -77.545 
2.49377 -10.6101 -76.3421 -7.20986 -0.352752 -76.9577 11.1966 -1.10098 -79.0945 
5.49972 6.73992 -78.6072 1.63728 7.89963 -78.0141 -1.79247 -9.36912 -77.3563 
-8.11803 2.89318 -77.1522 10.9728 2.36257 -77.9803 11.1957 1.41867 -78.1433 
-5.94682 -3.79644 -76.9575 -7.50751 0.190354 -78.0419 -7.86721 1.3261 -77.8232 
11.2521 0.544407 -78.9567 9.28402 -6.95715 -77.3751 9.7736 -6.09328 -77.7245 
4.7405 -10.2207 -77.4141 6.78246 -9.22094 -77.5277 8.07363 -8.25369 -77.5267 
-3.25302 -8.05538 -77.9229 -6.15042 -3.38529 -77.8214 -7.06419 -0.948073 -77.7315 
-4.53656 -6.46186 -78.5779 9.57356 4.48565 -78.8002 0.721632 7.84862 -79.6877 
1.57393 -10.7464 -77.4973 2.80557 -10.8006 -78.2377 -3.57231 8.18198 -79.612 
11.0848 1.74384 -79.6269 2.87374 7.50133 -78.7037 -5.81232 -4.21001 -77.9469 
4.3329 7.05377 -79.1226 -8.07086 1.80996 -78.6661 -8.22596 3.00208 -78.2306 
-5.23981 -5.38906 -78.6184 8.672 5.10981 -79.815 9.0217 -7.23336 -78.3126 
-7.02915 -1.32005 -78.8178 -8.34285 3.97273 -79.3654 -1.71996 8.12687 -80.4158 
10.4327 -4.62187 -78.4639 -5.56089 -4.79987 -78.5969 -7.45069 6.53235 -79.8798 
10.905 -3.00626 -78.7718 7.8559 -8.44445 -79.1187 -5.7097 7.61434 -80.0575 
-0.587493 -10.1826 -78.4546 -5.90319 -4.09063 -79.0416 -7.6587 0.150622 -79.234 
9.86804 3.98903 -80.7001 5.52072 6.56174 -80.0874 6.70461 6.14754 -80.172 
1.04408 -10.7485 -78.661 10.7027 2.82085 -80.5412 4.29943 -10.6232 -79.1565 
-8.19085 5.64252 -79.7413 -6.41483 -2.87426 -78.9882 11.0077 -2.61495 -80.5292 
5.99968 -9.83156 -79.119 -5.31924 -5.3242 -80.0419 11.2747 0.0236473 -80.2416 
3.25208 7.15151 -80.62 -1.89859 -9.44752 -79.7599 9.90883 -5.75009 -79.9509 
8.96214 -7.29435 -79.6282 -8.38645 2.41019 -79.6371 7.5199 5.70097 -80.7277 
-4.59875 8.02228 -80.8 -8.13831 1.23861 -79.6736 -3.45941 -7.981 -79.8305 
-7.39231 -0.862089 -80.1988 -8.38313 5.43258 -80.3127 -6.78585 -2.28505 -80.3527 
-8.58128 3.06159 -80.4885 3.21856 -10.9246 -79.2403 -0.516902 7.89455 -81.3591 
-0.117599 -10.4558 -79.7834 -8.20556 6.08997 -80.2052 -8.37676 5.88156 -80.1509 
-7.86959 0.269448 -80.1368 10.6257 -4.09117 -79.7359 1.1828 7.48692 -81.9074 
-7.98921 6.11743 -80.9073 -8.34384 5.96553 -80.3483 -8.37677 6.02523 -80.2175 
-8.4366 1.94471 -80.2237 11.2299 -1.19253 -80.2664 6.80378 -9.37952 -80.7093 
-3.47888 8.11162 -81.2658 -8.48687 4.6351 -81.4021 11.2515 0.92742 -80.8017 
6.42237 6.13245 -81.1873 11.1158 1.67152 -81.5444 3.41087 -10.8966 -80.2356 
2.36706 -10.9678 -79.3799 -4.37873 -6.84271 -80.3677 -6.1481 -3.74474 -80.5611 
-8.21861 1.06721 -80.4493 5.18351 -10.4065 -79.8966 4.51128 -10.6793 -80.0715 
1.47089 -10.9045 -80.5717 11.2574 -1.11566 -81.0251 10.598 -4.21132 -80.6369 
-2.01913 8.03997 -81.9147 -6.88949 7.0171 -81.2093 8.66229 4.89091 -81.7765 
-5.30013 7.69137 -82.0889 -8.53779 1.97633 -81.1669 8.7213 -7.56197 -81.0975 
5.81638 -10.0837 -80.1747 7.1234 5.6235 -82.6956 -2.83276 -8.81587 -80.6907 
-7.95765 0.106313 -81.3362 5.02576 6.45161 -82.2479 11.3154 0.00927831 -81.731 
-7.24898 -1.52769 -81.3522 10.6093 -4.17499 -82.1182 5.00165 -10.4564 -81.0749 
-3.36784 7.9945 -82.6462 -8.72014 3.22777 -81.3764 10.6211 2.9059 -82.0691 
11.2186 -1.82046 -82.1504 9.78712 3.84403 -83.1042 -3.64329 -7.91669 -81.6689 
-7.44093 6.48988 -82.857 -8.85517 3.0495 -82.5742 -8.51905 1.38653 -82.076 
2.95793 6.97684 -82.6722 -0.795485 7.72791 -82.9802 -6.72682 -2.81793 -81.9862 
2.96528 -11.0028 -82.2563 9.79861 -6.01356 -81.518 -5.84496 -4.69405 -82.6288 
-8.30282 0.384935 -82.7624 7.53482 -8.92934 -82.3318 -2.35923 -9.31492 -80.8332 
-4.80028 -6.31647 -81.6248 11.0472 2.02187 -82.9009 -2.20252 7.95691 -82.8839 
-0.391568 -10.4181 -81.5247 -1.94473 -9.61036 -81.5407 -2.69827 -9.02014 -81.4048 
-8.66432 5.05142 -83.316 10.6759 2.7473 -83.5295 -8.70593 1.55562 -82.7884 
8.52213 4.79091 -83.5315 9.62894 -6.38137 -82.8798 5.83882 5.96712 -84.0671 
8.60316 -7.89972 -82.7386 1.19598 -10.9952 -82.2523 -7.56607 -1.28932 -82.844 
3.87427 6.52171 -84.3829 1.3596 7.12618 -84.2334 11.3008 0.843434 -83.0355 
6.19075 -9.90752 -82.2223 -2.66999 -9.01547 -82.3607 -2.64757 7.77468 -84.0245 
-4.40755 7.80141 -83.6182 11.0847 1.72852 -84.2221 11.3913 -0.66149 -83.1202 
11.187 -2.46811 -83.1355 -5.85785 7.4153 -83.87 -4.72672 -6.59518 -83.2622 
11.3543 -1.62668 -83.122 -8.3161 5.97539 -84.3978 -8.66704 1.04589 -83.4313 
4.83181 -10.5972 -83.1959 -8.92393 2.03909 -83.343 -1.60093 -9.86306 -83.4922 
-0.857212 7.47333 -84.6406 -8.33655 -0.110526 -84.3635 7.49789 5.15242 -85.2207 
10.4417 -4.87535 -83.8564 -6.95304 -2.87852 -83.9546 11.395 0.0932344 -84.5509 
11.3675 -1.52453 -83.9459 6.59271 -9.73923 -83.9413 10.3466 3.02101 -85.2315 
7.93604 -8.67201 -83.4938 0.267698 -10.8422 -83.4216 1.72081 -11.1646 -83.5755 
-3.44505 -8.2603 -83.7934 -9.10133 4.1806 -83.8868 11.0518 -3.11627 -84.2107 
9.14945 4.22789 -84.7259 -9.13906 2.96684 -83.9721 8.81672 -7.6798 -84.0913 
-4.65563 7.51449 -85.2819 -8.91517 1.58891 -84.1358 5.52283 5.88548 -85.6958 
7.86574 -8.75078 -84.6064 -8.95453 5.12694 -84.5081 -6.37551 -4.17257 -84.5872 
-7.6142 -1.60185 -84.1767 11.1769 1.39609 -85.9466 2.66598 6.70779 -85.2915 
-7.09381 6.81584 -85.231 -9.2215 4.10914 -84.9045 -9.24259 2.51918 -85.0289 
-0.0649645 7.12418 -85.9169 1.74256 6.76424 -86.1193 -8.92856 1.18865 -84.8848 
11.4015 -1.40214 -85.4156 9.82849 -6.17243 -84.9089 -4.80106 -6.80834 -85.0958 
-5.69438 -5.38451 -84.6641 3.1577 -11.1509 -84.971 -2.27102 7.40497 -86.0607 
-8.72852 5.47812 -85.7389 5.06419 -10.6366 -84.8065 10.6821 -4.41042 -85.2698 
3.64578 6.30569 -86.42 -6.04237 7.18075 -86.9622 -2.68875 -9.16975 -85.0219 
-7.7143 -1.84437 -85.5223 -0.385033 -10.6989 -84.7846 -8.87769 0.594439 -85.5643 
-9.21045 1.56518 -85.5289 11.4703 0.0359699 -86.0484 10.7613 2.42328 -86.8047 
-1.59489 -10.119 -85.7338 11.4958 -0.781721 -86.4074 9.14356 4.08563 -86.3768 
-9.42474 3.67669 -86.1269 10.2987 -5.38228 -86.1594 6.58866 5.43327 -86.569 
-4.03402 7.37556 -86.9727 -3.88309 -8.08882 -85.7842 -9.42027 2.37347 -85.7957 
11.1432 -2.9223 -85.7471 -1.0402 7.07216 -87.0817 1.04327 -11.1601 -85.0333 
8.63584 -7.85873 -86.2118 7.15546 -9.38921 -85.53 -9.37617 1.77216 -85.9007 
10.16 3.26256 -86.9175 -8.53656 -0.449015 -86.1779 11.3472 -1.81391 -87.0005 
10.8556 -3.93205 -86.9167 9.75827 -6.37129 -86.2005 5.55165 5.6666 -87.3835 
-7.91365 6.44624 -87.1358 -9.2856 1.49223 -85.7813 -9.27532 1.30632 -86.0923 
0.511099 6.75918 -87.3776 -6.97139 -3.36187 -85.7255 -6.38015 -4.48588 -85.7723 
11.3919 0.718964 -86.7721 7.61953 4.80722 -87.8544 -5.87646 -5.54615 -86.49 
11.1013 1.30341 -87.8958 6.02804 -10.2159 -85.6037 -0.127372 -10.9318 -86.3682 
-9.61536 2.31964 -86.5656 -2.13775 7.18105 -87.3886 11.4484 -0.161979 -87.1845 
4.80104 -10.8281 -86.3715 -2.90644 -9.19961 -86.4991 -7.55917 -2.68558 -87.0664 
-7.1467 6.92314 -88.6913 -9.26098 4.99879 -87.5548 -9.05726 0.492366 -86.5599 
-2.89756 7.32749 -87.1136 -4.95906 -6.93751 -86.617 -6.88339 -4.02973 -87.2537 
-9.79393 3.35369 -87.2963 9.52213 3.64827 -88.0957 9.99869 -5.91253 -87.7007 
-5.07781 7.18587 -88.3341 -9.48407 1.32096 -87.0629 10.4738 2.72994 -87.9233 
2.24787 6.43129 -87.489 -8.20879 -1.45376 -87.0827 -9.88259 2.64511 -87.189 
-9.81947 2.15917 -87.2799 5.91195 5.34017 -89.1084 -3.23345 7.17272 -88.0086 
-1.38459 6.79469 -88.6886 6.58932 -9.85953 -87.4493 1.59952 -11.3846 -87.1258 
3.83905 5.93648 -88.5298 -2.15502 -9.90935 -86.8545 -6.47348 -5.04168 -88.0414 
-9.95772 2.71103 -87.6819 1.44179 6.28716 -89.0389 -1.40557 -10.4379 -87.3581 
11.3779 -0.838746 -88.9966 11.1883 -2.91122 -88.3861 10.8412 -4.15925 -88.2857 
3.36397 -11.3408 -87.3817 -8.59001 6.22073 -88.5104 -8.19156 -2.08597 -88.5304 
-9.14901 0.0520076 -88.0099 -9.80797 1.87507 -87.9809 -4.32374 -8.00653 -87.8711 
-5.6687 -6.28474 -87.9431 -2.74432 -9.58985 -87.9725 9.05897 -7.46885 -87.6848 
8.22333 -8.49512 -88.0813 -7.49113 -3.20005 -88.0965 -10.0062 3.4057 -88.715 
4.75897 -10.9317 -87.9844 10.2633 2.54382 -89.7717 7.32144 4.66252 -90.2819 
-9.53112 5.36366 -89.3275 7.39124 -9.39992 -88.9481 -7.37456 -3.95012 -89.4033 
8.83615 3.93576 -89.5141 9.17758 -7.36283 -88.8628 -3.9353 6.93936 -89.5813 
-0.103251 -11.1033 -88.2395 -10.003 1.62362 -89.1545 -5.93788 7.03409 -89.811 
2.47144 -11.5439 -88.3494 -9.05898 -0.935097 -89.5222 11.0512 -3.69345 -88.8504 
10.8147 -4.28813 -89.5856 -8.57053 6.47472 -89.8855 11.117 0.936771 -89.6784 
4.78854 5.4807 -90.22 -0.240263 6.25376 -90.647 1.455 -11.5423 -89.4253 
11.2673 -2.62435 -89.5229 6.04437 5.17577 -90.2562 -5.67312 -6.80031 -89.6333 
11.357 0.087102 -90.4811 -10.3512 4.28562 -90.4823 -9.8578 0.494669 -89.9047 
11.1368 -3.38251 -89.0993 10.0051 -6.09203 -89.6317 -7.42699 6.91993 -90.2531 
-6.40874 -5.49975 -89.0699 8.25852 -8.52689 -89.4554 3.1389 5.82242 -90.0713 
-2.58384 6.60617 -90.5621 -1.76589 -10.4421 -89.1035 -3.70976 -9.00307 -89.1917 
-10.4386 2.34342 -90.2814 6.67632 -9.9827 -89.0965 10.4437 -5.37993 -90.472 
5.5901 -10.58 -89.2916 3.55307 -11.3601 -89.3433 -2.85138 -9.74617 -89.14 
11.0132 1.17044 -91.1902 -10.2516 1.46345 -89.9577 11.4179 -1.76374 -90.0596 
-5.13834 6.86398 -90.868 -4.70451 -8.06276 -89.5671 5.90529 5.00935 -91.3253 
9.21118 -7.38156 -90.7485 1.86768 5.92228 -90.6726 -6.69612 6.91761 -91.2297 
-9.69871 5.77417 -90.9193 1.25655 5.81409 -91.8154 -4.13551 6.735 -90.9275 
-10.9929 3.09131 -91.8115 7.06342 -9.63194 -90.6956 -1.88557 6.33233 -91.6394 
-8.59937 -2.1576 -90.2977 -10.3194 1.29679 -90.4072 11.4628 -1.06411 -90.7399 
-8.4881 6.62087 -91.7311 -6.67381 -5.49209 -90.3125 11.4039 -0.0865839 -91.7641 
8.93665 3.58732 -91.3538 3.64811 5.37055 -92.0203 -0.378138 -11.2227 -90.0301 
11.2963 -2.62954 -90.9597 -9.46545 -0.738144 -90.691 10.2285 2.29382 -92.2645 
10.7832 -4.63546 -91.7489 10.0748 -6.12721 -90.5392 -5.22662 -7.78071 -90.8804 
10.3017 -5.76859 -90.9567 -4.66402 6.73963 -91.184 -3.08667 -9.74073 -90.3815 
-7.2787 6.79574 -92.7796 10.1912 -5.98789 -90.7489 -0.490324 5.98874 -92.4754 
11.5016 -1.35146 -92.1432 10.0501 -6.21965 -90.8854 -4.45938 6.68789 -91.3887 
-4.66489 6.70853 -91.335 -4.77562 6.72689 -91.4639 -1.72105 -10.7037 -90.6821 
-4.29753 -8.70139 -90.3822 -3.90916 6.55981 -92.097 -5.6263 6.78986 -91.9644 
-10.6638 4.8838 -91.9385 -10.3533 0.809447 -91.404 10.2117 -5.9584 -90.8124 
4.8751 -10.9525 -91.1186 2.45338 -11.6651 -91.6946 0.666071 -11.6203 -91.0644 
-9.90138 5.93621 -92.2784 -4.47867 -8.83175 -92.0017 -6.34764 -6.5326 -91.8755 
11.3818 -2.70673 -92.8743 5.84372 4.76967 -92.7571 -2.20812 6.23802 -92.6583 
-8.21202 -3.25437 -91.2613 -9.35783 -1.68513 -92.1666 7.40124 4.31405 -92.2886 
10.0735 -6.21709 -91.745 1.40204 5.49199 -93.5364 8.29887 -8.63111 -92.2542 
-9.28293 6.25601 -93.599 5.91433 -10.5231 -92.1328 -0.741705 -11.2904 -91.6446 
-7.43612 -4.67349 -91.5465 11.1413 0.801165 -93.0353 -11.4289 3.98607 -93.0064 
11.4918 -0.402084 -92.8886 -5.70765 6.64476 -93.32 -11.2676 1.74711 -92.9222 
8.91755 3.28438 -93.692 6.98275 -9.87418 -93.1907 5.02277 4.74573 -93.9926 
0.589632 -11.7656 -92.5144 -2.54179 -10.4073 -92.2976 -5.49331 -7.73969 -91.9174 
-10.5214 -0.0587679 -92.9593 3.33892 5.07987 -93.9639 -8.391 6.72469 -92.9299 
-11.5023 2.98987 -92.7483 -4.33685 6.44355 -93.7148 10.4571 1.91702 -94.2424 
-10.7645 5.27135 -93.2598 -8.37734 -3.5852 -92.764 -1.62422 5.98495 -93.8153 
-3.11339 6.28549 -93.4517 -0.225713 5.76858 -93.6055 -8.17552 6.69377 -93.5128 
11.5775 -1.25024 -93.5447 9.39774 -7.39304 -92.7886 11.121 -4.14335 -94.0189 
6.95404 4.20154 -94.0334 4.57793 -11.1978 -93.5056 -7.39262 6.50339 -94.5954 
-11.7073 2.89213 -93.3518 10.3396 -5.92515 -93.432 -4.02085 -9.63231 -93.7838 
-5.6849 -7.78933 -92.9497 -10.13 -1.35298 -93.9723 11.4923 -0.175971 -93.8157 
2.50336 5.06283 -94.835 -11.4164 4.56906 -93.8517 11.2993 0.595158 -94.7964 
4.0671 4.65832 -95.5338 -0.260222 5.58138 -94.7786 -0.98249 -11.3864 -93.3324 
-5.34617 6.4454 -94.5851 -7.64794 -5.08864 -93.5787 -9.19298 -2.73356 -93.8384 
9.70848 2.61821 -95.6027 -3.39323 6.10983 -94.9997 11.6009 -2.13904 -94.7851 
-1.7149 5.83911 -94.9119 -6.6567 -6.8544 -94.2062 -11.2238 0.396619 -94.3438 
-11.7985 3.46779 -94.275 11.5943 -0.648538 -94.6267 -5.06295 -8.66222 -93.5405 
2.39591 -11.8578 -93.5511 1.5226 -11.9405 -93.0251 -11.74 2.06693 -93.9721 
6.1086 4.2211 -95.5745 -10.9605 5.07825 -94.9831 1.31782 5.21784 -95.139 
-2.57439 -10.7592 -94.376 8.49101 -8.63601 -93.803 9.5228 -7.46735 -94.7169 
0.674355 -11.9205 -94.3995 -9.7535 -2.38067 -94.9488 -1.61443 5.6198 -96.0553 
-8.55554 -3.83143 -94.1195 10.8377 1.54839 -95.6866 8.03117 3.56594 -95.607 
-5.77131 -8.04871 -94.1891 2.37361 4.83961 -96.1398 11.4664 -3.69415 -95.7223 
-5.58674 6.22746 -96.0477 -9.23845 6.05704 -95.3881 10.6939 -5.63369 -95.59 
7.72025 -9.49536 -94.6942 -7.63774 -5.70677 -95.151 -9.12685 -3.31436 -95.0296 
-5.12248 -8.89989 -94.8165 11.6243 -0.249718 -96.0511 11.3361 0.776941 -95.7907 
6.40319 -10.4535 -95.1767 -8.58193 -4.30899 -95.3831 -10.6534 -1.34724 -95.5784 
-12.1301 3.43562 -95.918 -1.20846 -11.5213 -94.8779 -11.9927 1.84307 -95.1687 
11.8735 -2.15363 -96.6495 0.505548 5.10673 -96.5545 -4.13456 -9.97441 -95.7599 
-11.6929 0.145591 -96.0109 -7.22566 -6.77238 -96.2719 11.2045 1.05276 -96.4462 
8.56776 -8.73378 -95.0685 2.751 -11.8847 -95.2008 7.07277 3.70445 -97.2768 
-3.64353 5.78311 -97.1925 -9.73684 -2.99942 -96.312 8.99422 2.96603 -97.0913 
-7.78767 6.09637 -97.1688 -9.12016 -3.54185 -95.5749 10.4246 1.97715 -96.876 
9.73982 -7.41663 -96.4076 5.31563 4.20442 -96.7996 -2.41828 -11.1678 -96.3164 
-10.0614 5.71129 -96.5029 -8.1073 -5.4578 -96.3428 -11.6086 4.9041 -97.308 
-12.5424 1.58427 -96.8644 8.93833 -8.39853 -95.8949 7.84196 -9.51441 -96.1512 
-6.12846 -7.95628 -95.446 3.78099 4.34536 -97.4609 4.65875 -11.4293 -96.004 
2.03712 4.6404 -97.4517 -5.59966 6.01917 -97.3909 11.5999 -4.27612 -97.6973 
10.5492 -6.34866 -97.2913 -0.63283 -11.8415 -96.0549 11.3062 0.912675 -97.6197 
1.07099 -12.1473 -96.7934 -8.91829 -4.48635 -96.9767 -11.9875 -0.319502 -97.384 
-12.8272 3.41595 -97.421 12.0219 -0.592804 -97.5878 -11.289 -1.13832 -96.9398 
6.39462 -10.7322 -97.4957 -1.28343 5.22408 -97.8111 3.15439 -12.0278 -97.0494 
9.92745 2.2543 -98.4865 9.69017 -7.76551 -97.9534 -5.41269 -8.97145 -96.2224 
-9.89102 5.79665 -97.739 -10.5964 -1.89919 -96.5245 12.2986 -1.95817 -98.2502 
8.77855 -8.72267 -97.1179 -10.6793 -2.09397 -97.1881 0.790105 4.63502 -98.6122 
-6.42894 -8.08144 -96.9762 -12.7539 4.33357 -98.0642 -13.4447 2.15659 -98.3892 
11.956 0.250882 -98.5141 8.36598 3.14407 -98.3385 -4.91023 -9.60879 -96.7312 
12.3595 -0.642977 -98.6396 7.81388 -9.7312 -97.5773 5.52437 3.93388 -98.0873 
-3.91581 -10.4735 -97.1317 -8.85609 5.99196 -98.6372 -8.24248 -5.98672 -97.9474 
6.95717 3.44511 -99.1684 4.50719 3.76385 -99.724 4.59668 -11.6878 -97.6647 
-5.60257 -9.18687 -97.6424 -9.36194 -4.47649 -98.332 -13.4243 3.69214 -98.7688 
-12.8193 0.3483 -98.4151 2.663 4.28759 -98.6347 -2.82522 5.34062 -98.789 
-1.12795 -11.9189 -97.9531 -11.2647 -1.57153 -97.7164 -4.50515 -9.99655 -96.8488 
-9.60762 -3.7062 -97.5004 -10.5013 -2.90131 -98.3092 -11.6657 -0.900352 -97.4609 
-1.1624 4.83856 -99.568 -5.20617 5.71279 -98.9093 -4.53999 -10.0832 -97.3054 
-4.63712 -9.959 -97.1014 -4.79894 -9.86226 -97.2959 -7.3342 -7.26511 -97.8372 
-11.5389 -1.10547 -97.5253 -11.6587 -0.986336 -97.607 12.618 -1.24288 -99.5265 
11.2794 1.12387 -99.2884 -4.66785 -9.95115 -97.1773 -11.6841 -1.00974 -97.7148 
10.7625 -6.49236 -99.0269 -7.38628 5.96512 -99.0225 -3.0987 -11.1698 -98.1338 
-4.60511 -10.2876 -98.5219 -10.4235 5.67934 -99.2018 -12.4309 4.91689 -99.2853 
-11.8088 -1.26151 -98.4507 8.68091 2.86185 -99.4491 2.15574 4.03565 -100.14 
8.52052 -9.27467 -98.8083 12.2151 0.0186713 -99.5596 12.5154 -2.95457 -99.7292 
3.67098 -12.0972 -98.3785 -6.73725 -8.22937 -98.4082 2.24027 -12.3347 -98.3756 
-8.32008 5.89366 -100.084 -13.9127 0.989446 -99.7716 0.349454 4.34841 -100.316 
-3.0563 5.08573 -100.275 7.47396 -10.1456 -98.3616 11.8616 -4.80245 -99.7239 
8.06876 2.88401 -100.614 6.47154 3.28822 -100.589 9.68151 -8.09384 -99.2955 
-7.47983 -7.49045 -98.8195 9.96539 2.02814 -100.463 5.06442 -11.7443 -99.4873 
-14.2921 2.65066 -99.8947 7.141 -10.6 -99.6125 -7.80654 -6.92225 -98.5383 
-6.53436 5.74442 -100.215 -9.92288 -4.24146 -99.4261 12.843 -1.66165 -100.743 
0.634234 -12.3612 -98.6416 12.5532 -0.516613 -100.483 -8.12992 -6.87725 -99.494 
-11.5056 -2.31555 -99.5674 -7.27876 -8.06252 -99.7233 11.747 0.628822 -101.029 
-9.76491 5.83275 -101.195 -11.365 5.60849 -100.509 -12.7322 -1.12021 -100.122 
3.2799 3.66517 -100.888 -1.32053 4.42527 -101.58 -6.10877 -9.18308 -99.3382 
9.21234 -8.90524 -100.259 3.30108 -12.3046 -99.4425 -13.7941 4.12513 -100.384 
11.4228 -6.11451 -100.95 1.71718 -12.5724 -100.113 -4.83139 5.33677 -100.872 
-9.1123 -5.56653 -99.7134 -10.758 -3.53895 -100.097 10.2168 -7.77481 -100.625 
-0.564084 -12.4157 -100.077 -2.58181 -11.7574 -99.6963 -12.6625 5.2063 -101.45 
-7.22839 5.76741 -100.832 -3.63347 -11.1201 -99.137 -14.61 1.74843 -100.3 
5.61792 3.19252 -101.584 8.38153 -9.79159 -100.456 -3.34697 4.84088 -101.776 
-5.3368 -10.2293 -100.547 -10.0262 -4.74263 -100.544 4.24364 3.42314 -101.349 
3.766 -12.4412 -101.025 -6.2824 5.51554 -101.469 -15.0548 2.02724 -101.247 
-7.82093 5.71869 -101.566 -14.1164 -0.189064 -101.302 12.493 -4.04532 -101.468 
2.3641 3.68576 -101.398 6.30428 -11.4991 -101.32 -9.49316 -6.08371 -101.598 
-8.73081 -6.51708 -100.494 12.8561 -2.68534 -101.015 -4.01139 -11.1164 -100.115 
-14.6503 1.1162 -100.759 10.7198 1.37553 -102.15 9.04869 2.26467 -101.996 
-11.1773 5.75558 -101.687 -11.7777 -2.78342 -100.869 -14.768 3.27731 -101.267 
12.6108 -0.635018 -101.591 3.21727 3.34761 -102.242 5.10764 -12.0726 -101.139 
1.05453 3.83836 -101.859 -2.0524 -12.3247 -101.235 7.73448 -10.5572 -101.422 
0.50618 -12.787 -101.359 -6.82514 -8.99609 -101.04 7.32692 2.82211 -101.912 
-8.19152 -7.49143 -101.076 12.9035 -2.07862 -102.209 9.30523 -9.29313 -102.211 
2.1553 3.50741 -102.296 4.74757 3.04084 -102.649 -6.63945 5.32666 -102.856 
-11.0089 -4.26099 -101.766 -8.76371 5.64065 -103.028 -10.3336 5.83001 -102.487 
12.1723 0.166834 -102.245 11.6677 0.732273 -102.256 -4.83378 5.03119 -102.44 
-14.3264 4.26616 -102.22 -12.9933 -2.66341 -102.829 -14.9755 0.820207 -101.69 
11.9678 -5.92754 -102.88 10.8354 -7.45999 -102.187 2.03802 3.14128 -103.994 
-0.853062 -12.6968 -101.692 -11.6277 5.65419 -102.944 12.5803 -0.645951 -102.717 
-3.26967 -11.844 -101.174 -8.79861 -7.30653 -102.245 2.15175 -12.8922 -102.127 
-4.36748 -11.2359 -101.498 8.29583 2.29077 -103.179 -0.466582 3.74143 -103.687 
9.88287 1.60334 -103.5 3.64463 -12.7312 -102.319 -2.98571 4.34257 -103.639 
-15.0094 -0.352415 -103.086 6.5882 2.58048 -103.501 5.06577 -12.3738 -102.812 
-2.21412 -12.5839 -102.964 -5.85394 -10.3891 -102.633 -15.6052 2.77714 -103.011 
-15.463 1.33768 -102.451 11.694 0.410139 -103.418 3.87586 2.91014 -103.664 
-2.76292 -12.2696 -101.915 12.9885 -3.68648 -103.962 -10.3706 5.72256 -103.653 
-7.96703 -8.49055 -102.774 -13.3474 5.12224 -103.484 0.08609 -13.0404 -102.992 
-5.17455 4.79225 -103.979 -3.02872 -12.2351 -102.348 -10.6911 -5.58072 -103.328 
-3.32003 -12.0432 -101.964 -3.71278 -11.7817 -101.815 -3.92286 -11.7812 -102.656 
10.6198 -8.21666 -103.361 -15.026 4.26637 -104.04 7.4317 -11.2566 -103.487 
11.3041 -7.22248 -103.158 -7.12873 5.0974 -104.685 -9.51566 -7.10987 -103.467 
-11.5847 -4.34819 -103.031 -14.3543 -1.80448 -103.712 12.8322 -1.31091 -103.97 
8.61601 1.84483 -104.898 -15.9635 1.18159 -103.533 5.12264 2.69737 -103.857 
1.76734 -13.2784 -103.927 4.64107 2.56521 -104.677 -9.42312 5.4781 -104.834 
-11.8206 -4.79743 -104.18 10.6723 0.978465 -105.175 3.35273 -13.0107 -103.477 
12.2445 -0.150677 -105.081 9.95601 -9.12774 -103.677 9.3027 -10.0127 -104.389 
5.8583 2.36538 -104.909 11.6465 -7.19565 -104.211 -11.7985 5.50329 -105.009 
-14.2681 4.96646 -105.405 -12.9094 -3.99875 -104.721 12.5263 -5.68376 -104.334 
-4.18343 4.34302 -104.966 -5.40857 4.58264 -105.29 7.17346 2.14801 -105.058 
3.6554 2.67066 -104.819 -14.0941 -2.4084 -104.114 6.10239 -12.3734 -104.688 
0.0573745 3.07879 -105.965 -4.9281 -11.3819 -103.593 -1.73466 3.68399 -105.178 
13.3383 -2.17269 -105.101 4.77377 2.21285 -106.206 -3.0835 3.95135 -105.47 
-5.8997 -11.0132 -104.581 13.0651 -1.12325 -105.288 10.5942 -8.77195 -104.668 
-4.09214 -12.1109 -104.542 -7.48742 -9.67218 -104.36 -16.2949 3.35006 -105.034 
-16.6923 1.78863 -104.726 12.4538 -6.49441 -105.225 9.61616 1.38403 -105.992 
-1.06096 -13.1717 -104.311 -8.3507 5.07474 -106.469 -10.5871 -6.4832 -104.604 
-13.6552 -3.05441 -104.417 -15.2333 -1.72984 -104.937 -16.301 0.17334 -104.628 
3.05972 2.56958 -105.649 4.30063 -13.1301 -105.163 -15.5994 4.30465 -105.304 
13.1103 -5.12624 -105.452 1.89366 2.65958 -106.107 13.401 -1.67827 -105.994 
7.82975 1.89805 -105.756 2.8705 -13.3554 -104.713 -8.96531 -8.35443 -104.548 
-11.0958 -5.83661 -104.555 13.6586 -3.28531 -106.43 12.7753 -0.578902 -106.425 
6.82079 1.97906 -106.107 -6.2734 4.59139 -106.393 -10.2684 5.40708 -106.227 
11.6729 0.363363 -106.249 8.4944 1.55029 -106.826 -14.2719 -2.67221 -104.773 
-16.3536 4.11274 -106.9 -2.24623 3.37276 -107.072 0.24318 -13.4435 -104.826 
-2.37139 -13.0083 -105.213 -17.3905 0.724059 -105.935 -4.33512 4.07274 -106.419 
-12.2389 -4.96282 -105.146 11.7344 -7.93395 -105.86 1.76654 -13.6258 -105.633 
-11.0213 -6.19835 -104.999 -16.7541 -0.595518 -105.828 10.3563 0.982859 -106.983 
7.0756 -12.0093 -105.185 8.2219 -11.3543 -105.725 -8.75588 -9.22408 -105.772 
-10.1362 -7.3956 -105.117 -11.5761 -5.98294 -105.559 13.5048 -5.18337 -106.573 
12.8867 -6.5099 -106.338 -7.38062 -10.4486 -105.946 -13.0927 5.36989 -106.218 
-17.5911 2.27099 -106.498 1.39621 2.35417 -107.77 3.00634 -13.496 -105.479 
-5.68039 -11.7938 -106.495 -10.8514 -6.74917 -105.46 -10.9778 -6.37798 -105.181 
-12.8748 -4.92965 -106.026 -14.1742 -3.39462 -105.683 10.2278 -9.88857 -106.427 
-1.06502 -13.4525 -105.664 13.4462 -1.56102 -106.957 3.05903 2.22652 -107.146 
-0.392747 2.7081 -107.895 11.7483 0.239358 -107.659 -5.40975 4.07485 -107.904 
6.34908 -12.7382 -106.722 -3.83437 3.65809 -107.742 -14.2786 5.11575 -107.141 
6.55858 1.68249 -107.709 -12.0346 5.36926 -107.466 -15.3151 -2.56665 -106.107 
-16.5199 -1.80498 -106.809 12.4161 -7.69439 -106.94 -7.10272 4.59794 -107.601 
-9.81245 -8.23067 -105.855 -11.0585 -7.4411 -106.747 -15.3451 -3.28506 -107.145 
12.943 -0.69623 -108.044 11.6548 -8.79784 -107.252 -17.7913 -0.271527 -107.079 
13.8046 -2.01809 -108.193 13.4505 -6.06775 -107.173 13.0268 -7.01303 -107.305 
-0.011108 -13.7536 -106.546 -9.88184 5.21916 -107.468 -10.0082 -8.80499 -107.147 
9.40072 1.1823 -107.96 4.53216 1.73332 -108.53 -3.76812 -12.7381 -106.397 
13.9024 -5.0114 -107.647 -8.68838 -9.87061 -106.928 -18.252 0.978966 -107.159 
14.2665 -3.6271 -108.419 4.31379 -13.5542 -107.018 3.00796 -13.6851 -106.448 
-8.55253 4.86269 -108.194 -14.1881 5.22601 -108.884 -18.1913 2.91162 -107.988 
8.19995 1.23533 -108.969 2.82955 1.9382 -108.503 -7.0414 4.3149 -109.113 
-15.6975 4.86228 -108.299 -14.0804 -4.73094 -107.426 12.5649 -8.08514 -108.04 
8.75817 -11.775 -107.996 -16.7151 4.44274 -108.25 -16.6812 -2.84376 -108.292 
11.2068 -10.199 -109.043 -2.08132 -13.561 -107.456 -18.1862 -1.27361 -108.628 
11.9104 0.0673463 -109.435 -7.66495 -10.9926 -107.685 -10.3758 5.07457 -109.146 
-18.7607 1.77003 -108.106 -1.60889 2.69413 -109.198 1.49346 -14.0346 -107.588 
13.5167 -6.61547 -108.169 10.242 0.783813 -108.981 -3.08221 3.27392 -108.512 
-6.31258 -12.014 -108.096 -12.6008 -6.31347 -107.504 -17.6807 3.81962 -108.701 
2.00094 1.87601 -109.262 -4.20698 3.56969 -108.669 -12.66 5.21092 -109.976 
13.3498 -0.980561 -109.924 -18.8312 0.435992 -108.429 3.26628 1.61486 -109.647 
-0.280038 -14.0632 -108.111 14.4758 -2.60771 -109.797 4.69994 -13.9438 -108.928 
3.169 -13.971 -107.826 -15.1493 -4.09396 -107.998 6.29045 1.37774 -109.413 
-5.23777 3.73945 -109.359 -16.8807 4.4999 -109.371 -15.7299 -3.53193 -107.989 
14.3976 -5.47224 -109.402 -1.20962 -14.2417 -109.535 -11.9653 -7.54106 -108.258 
0.523405 2.14385 -109.329 -3.59448 3.14521 -109.747 -4.67501 -12.8501 -108.281 
-13.8693 -5.97713 -108.761 -15.6813 4.98908 -109.649 -14.9795 -4.97213 -108.87 
14.6629 -3.85543 -109.45 7.06575 -13.1752 -108.996 -9.42308 -9.91442 -108.215 
-11.4367 -7.8112 -107.86 -14.973 5.05778 -111.082 -11.0458 -8.19622 -107.821 
-11.5526 -8.14753 -108.511 -15.9364 -3.94596 -108.743 13.3251 -8.013 -109.656 
-10.9537 -8.91431 -108.778 15.0527 -4.07003 -110.492 10.6958 0.481777 -110.95 
8.94979 0.831421 -110.875 -8.73539 4.69021 -109.563 -19.0052 2.32695 -108.797 
9.61946 -11.9022 -109.543 0.602234 -14.4229 -109.39 -8.67816 -11.0118 -109.356 
-18.7543 2.89314 -109.224 -6.28373 3.87071 -110.297 -17.0622 -3.56955 -109.573 
-19.5318 1.65458 -110.022 12.1293 -0.0557674 -111.204 4.9015 1.18491 -110.869 
-18.506 3.53061 -110.789 -17.9629 -2.54418 -109.557 7.08858 1.04713 -110.796 
8.4937 -12.6854 -109.527 -7.26837 -11.7459 -108.855 -11.2948 4.97188 -111.162 
10.3921 -11.7422 -110.398 2.44813 -14.3558 -109.164 -2.19285 2.40748 -110.924 
-8.10185 4.25219 -111.086 -11.6202 -8.43767 -109.016 -13.0336 -7.42335 -109.539 
14.3102 -1.68796 -111.19 -9.7058 4.76986 -110.527 -12.0528 -8.10494 -109.161 
-16.3039 -4.70203 -110.021 -19.4219 -0.171461 -109.822 2.10473 1.45739 -110.9 
-6.22307 -12.4227 -109.147 -16.7269 4.65123 -110.844 11.4422 -11.2683 -111.15 
-0.23343 1.9212 -110.792 -17.2619 -4.0334 -110.313 9.20995 -12.8056 -110.839 
-3.18234 -13.8124 -109.854 -13.3298 4.99945 -112.346 -11.7395 -8.64564 -109.494 
-3.87784 2.90206 -111.119 15.1979 -5.7851 -111.174 -10.1874 -9.96842 -109.486 
-19.357 -1.65815 -110.71 15.1145 -2.83598 -111.459 12.7189 -9.89334 -111.039 
-4.99689 3.42147 -110.525 -14.9296 -6.28419 -110.356 6.26199 -14.0372 -110.523 
-12.2572 -8.42239 -109.893 6.36587 0.891264 -111.844 3.34262 -14.6396 -110.509 
-10.0747 4.63202 -111.966 -9.92905 -10.6886 -110.65 14.4713 -7.07968 -110.674 
14.0226 -8.57509 -111.388 1.65344 -14.7613 -110.786 -5.47691 -13.1141 -110.466 
-7.29705 -12.1048 -109.984 15.7658 -4.34688 -112.167 9.69573 0.481062 -112.789 
4.7457 -14.5188 -110.756 -2.87054 2.19604 -112.426 -11.5938 -9.36949 -110.467 
-6.05519 3.50633 -111.656 -18.2447 -3.38881 -110.794 -19.8025 2.43562 -111.443 
-20.3396 0.024909 -111.423 13.35 -0.758946 -111.958 7.76753 -13.4127 -110.357 
-16.5326 4.77645 -112.208 -4.90473 3.21559 -111.288 -13.9714 -8.01907 -111.459 
-20.5792 1.49776 -112.327 15.0096 -7.49405 -111.943 7.6471 0.668958 -112.577 
10.4656 -12.2762 -111.5 15.5733 -3.05128 -112.486 3.67078 0.813303 -112.588 
0.744928 1.35805 -111.965 -1.93231 -14.4529 -111.185 -12.7502 -8.48033 -110.604 
11.1817 0.272501 -112.328 -4.60135 2.88085 -112.166 -3.64931 -14.193 -112.125 
14.8263 -1.90682 -113.111 -8.54042 -11.6163 -110.695 12.1937 -0.0970446 -112.655 
-0.884892 1.58879 -112.418 -17.6211 4.36945 -112.02 -17.4458 -4.46635 -110.997 
-0.194894 -14.7145 -111.145 5.72661 0.633783 -112.976 5.53134 -14.7204 -112.224 
1.98856 0.966474 -112.575 3.99192 -14.8755 -111.72 -9.18082 4.27553 -112.737 
-16.761 -5.56615 -111.476 15.8483 -6.38757 -112.769 -11.7105 4.76433 -113.271 
-20.776 -1.35468 -112.726 9.91837 -13.1877 -112.686 7.76339 -13.9771 -112.014 
-7.67541 3.68999 -113.329 -7.33329 -12.503 -111.398 -15.892 -7.06839 -112.283 
-4.04516 2.29065 -113.572 -5.67423 2.94901 -113.425 8.52415 0.416226 -113.772 
-1.74432 1.55128 -113.289 -9.13424 -11.7209 -112.185 0.775961 0.985318 -113.147 
-10.9977 -10.4677 -111.839 13.0577 -0.570453 -113.779 12.4758 -11.1078 -112.466 
16.1041 -3.49144 -113.537 14.598 -8.79925 -112.535 11.342 -12.111 -112.48 
-12.8312 -9.00493 -111.488 -18.5867 3.88679 -112.93 -19.7762 2.8775 -112.619 
1.26157 -15.0744 -112.739 -5.85111 -13.4675 -112.44 -10.3496 4.49339 -113.336 
-17.3839 4.49387 -113.174 -18.6415 -4.55707 -112.467 -19.6366 -2.83741 -112.083 
7.11003 0.16047 -114.702 2.75577 -14.9711 -111.816 -15.8379 4.76251 -113.753 
-21.1443 0.166097 -112.881 11.3056 0.081216 -113.888 2.59001 0.352352 -114.247 
15.4028 -8.19603 -113.331 -12.2264 -9.69203 -111.894 13.6665 -9.92706 -112.54 
16.588 -5.24884 -113.882 9.70046 0.144049 -114.821 -2.56858 1.63645 -113.919 
4.55432 0.399585 -113.841 -14.9515 -8.24656 -112.843 -21.3065 0.905436 -113.773 
-17.4517 -6.09796 -112.749 -20.5659 2.16455 -114.035 14.5556 -9.58047 -113.511 
5.62502 0.292427 -114.185 6.83597 -14.8232 -113.679 -0.575868 0.771011 -114.581 
-1.31889 -14.9127 -113.208 -9.51245 4.11418 -114.274 -13.5722 4.73782 -114.863 
-11.9841 -10.2396 -112.787 -13.4899 -9.31825 -112.939 16.4451 -7.30768 -114.519 
12.1891 -11.8505 -113.263 -10.7434 -11.1143 -113.241 -20.5822 -3.12133 -113.634 
16.9414 -4.20531 -114.89 11.4821 -12.6727 -113.776 4.96492 -0.0618344 -115.114 
-11.0534 4.46521 -114.651 -4.83428 2.14019 -115.171 -7.43379 -12.8008 -112.717 
13.3584 -11.322 -114.257 8.74397 -14.2921 -113.893 3.72125 -15.1615 -113.414 
-4.59838 -14.2933 -113.881 -17.2399 -7.05143 -113.586 -17.9992 4.17 -114.656 
-16.0903 -7.85395 -113.459 16.1515 -2.63318 -115.17 17.6095 -5.97885 -115.919 
-3.53886 1.75799 -114.699 -12.1495 4.66407 -114.718 -19.4557 3.33613 -114.053 
-18.7109 -5.99109 -113.927 14.253 -1.10235 -115.672 5.43072 -15.0844 -113.598 
-2.51099 1.18111 -115.22 -6.63025 2.93816 -115.056 -8.31744 3.50733 -115.507 
-21.5729 -0.337686 -114.017 10.3108 -13.7094 -114.284 -8.19114 -12.6196 -113.623 
-15.3616 -8.72892 -114.044 -9.47552 -11.9409 -113.683 15.4274 -9.46273 -114.882 
12.3463 -0.300688 -115.265 11.1834 -0.0122451 -115.211 0.438375 -15.2318 -114.389 
-6.49662 -13.5526 -114.102 -12.2446 -10.586 -114.21 -16.8301 4.55792 -115.178 
-3.09931 -14.7397 -113.778 -19.9031 -4.68841 -114.024 1.97973 -15.2967 -114.456 
-10.2097 3.99626 -116.341 -21.4929 -1.67619 -114.098 14.7447 -10.9582 -115.729 
3.52309 -0.427502 -115.878 -3.54233 -14.8249 -114.891 -19.5336 3.12561 -115.81 
9.66367 -14.4967 -115.37 6.04271 -0.293385 -115.815 -5.89187 2.25295 -116.5 
-8.80458 -12.5079 -114.603 -10.4002 -11.7673 -115.1 -15.8908 4.557 -116.089 
-21.5339 0.783317 -115.51 1.63715 -0.517185 -116.241 -17.0567 -7.90682 -114.549 
17.529 -3.94597 -116.343 15.7881 -1.85585 -116.14 17.1013 -8.62253 -116.651 
12.8317 -0.478389 -116.091 -3.623 1.43869 -115.76 5.63889 -15.2999 -115.119 
-18.2409 -7.05052 -114.587 11.6073 -13.5079 -115.564 8.74754 -0.295996 -116.399 
7.85794 -15.0275 -115.237 -7.17849 2.83212 -116.593 16.7673 -2.5083 -116.837 
11.5129 -0.364732 -116.606 13.6401 -12.4777 -116.454 -0.896577 -15.2416 -115.525 
-17.3846 4.37376 -115.851 -20.1719 -5.53609 -115.183 13.1851 -0.611889 -116.591 
5.11312 -1.00481 -117.018 -7.69786 -13.1174 -114.76 -12.1267 4.47181 -116.064 
-19.076 -6.56463 -114.919 -20.9808 -3.98857 -114.82 -21.6851 -2.53748 -114.96 
15.7951 -10.1822 -116.267 -2.33116 -15.045 -114.713 -21.8953 -1.02453 -114.926 
3.29999 -15.3963 -115.766 -14.2188 -9.78898 -114.876 -18.23 4.0382 -115.899 
6.92111 -0.420022 -116.34 18.4391 -5.08848 -117.272 15.5554 -1.57255 -116.941 
1.23684 -15.3422 -116.011 -6.7646 -13.7108 -115.521 -16.3477 -8.97459 -115.674 
-0.665907 -0.330249 -116.877 -4.24915 1.11837 -117.345 -2.73354 -15.1027 -116.076 
-19.0147 -7.45055 -116.054 -20.765 2.23416 -117.165 15.1401 -11.3086 -116.769 
7.31208 -15.4787 -116.82 -1.79226 0.539663 -116.068 -4.90933 -14.5124 -115.925 
14.0538 -0.998588 -117.809 3.22505 -0.942336 -116.766 -8.46559 3.19546 -117.598 
-22.2299 -1.50178 -115.917 9.71906 -0.83719 -118.062 7.57391 -0.955723 -117.645 
-2.90183 0.898386 -116.354 -13.8558 4.46599 -117.588 -21.9525 -3.86706 -116.198 
-17.6569 4.06252 -116.969 18.356 -3.61869 -118.406 -11.8282 -11.1018 -115.189 
-12.9468 -10.712 -115.71 8.92425 -15.1477 -116.419 -8.29647 -13.0561 -116.151 
-11.7479 -11.328 -116.004 -21.0287 -5.84634 -116.409 18.0531 -7.18537 -116.877 
10.4122 -14.6997 -116.616 2.6072 -1.86405 -117.951 0.708489 -1.18871 -117.467 
-2.29901 0.148338 -117.302 -21.8746 1.0939 -117.095 18.6254 -6.50158 -117.476 
16.4342 -1.95868 -118.284 5.06122 -15.5193 -117.365 -0.244844 -1.14091 -117.748 
-6.44321 2.03871 -118.287 -9.99735 3.69834 -118.216 -11.7673 4.15945 -118.12 
16.1306 -10.6219 -117.329 11.4383 -14.2721 -116.678 -1.54675 -0.368603 -117.564 
12.244 -13.8325 -116.85 -10.8722 -11.8825 -116.924 -22.8331 -2.19746 -117.047 
11.9056 -0.91164 -118.763 15.0178 -12.322 -118.06 -0.0105702 -15.3274 -117.021 
-14.8732 -10.2122 -116.882 -19.1021 3.31616 -117.949 2.31929 -15.3769 -116.8 
-1.23981 -0.971439 -118.113 -15.921 4.33527 -117.885 -22.5143 -0.392693 -116.943 
-1.4849 -15.3117 -117.202 -9.70201 -12.3782 -116.511 -21.5379 1.69408 -118.054 
18.3368 -7.76161 -117.65 8.44493 -1.52495 -118.987 11.3609 -14.6805 -117.564 
6.5482 -2.0634 -118.987 3.18439 -15.4044 -117.329 -2.00124 -0.407787 -117.963 
-12.793 -11.1599 -117.43 12.9699 -13.8517 -117.887 -21.3207 -6.85228 -117.509 
-22.454 0.459758 -118.146 19.2889 -5.6243 -118.593 1.53842 -15.2528 -118.199 
-6.52793 -14.0478 -116.756 18.1455 -9.06766 -118.516 17.0218 -10.2385 -118.138 
9.39683 -15.4379 -117.904 0.208498 -2.12783 -118.616 -0.442397 -15.3184 -118.199 
-9.41386 -12.7808 -118.097 -22.2548 -5.32923 -117.293 10.1805 -1.58566 -119.859 
-2.94535 -0.541978 -118.854 -23.4362 -3.87148 -118.129 17.6715 -2.29829 -120.074 
-3.18813 -15.2138 -118.111 -11.405 -11.889 -118.766 -20.4508 2.50003 -118.805 
-17.4908 -9.45314 -117.821 -23.3526 -1.52106 -118.312 19.1695 -7.57412 -118.893 
-9.0696 3.24745 -119.047 -17.2025 3.93488 -118.853 4.58564 -2.26474 -118.635 
-4.17901 0.453117 -118.749 -10.4408 3.57979 -119.902 -12.9858 4.34241 -118.686 
3.5516 -3.06976 -119.271 -1.53655 -2.0227 -119.252 -5.01899 0.984754 -118.856 
-7.91268 2.68235 -119.105 -13.6235 4.35288 -118.988 -20.0348 -8.40294 -118.164 
15.5376 -1.45375 -119.848 16.223 -11.1742 -118.117 13.639 -1.09472 -119.673 
13.74 -14.0181 -119.036 11.6395 -15.3431 -119.361 3.71822 -15.3106 -118.696 
19.8744 -4.74033 -119.712 -5.47342 -14.7124 -118.035 -14.9747 4.19119 -119.609 
5.20564 -3.31761 -120.018 7.15576 -15.7554 -118.849 8.27472 -2.50468 -120.368 
-22.9989 -6.09467 -118.487 20.4007 -6.48671 -120.23 16.4537 -11.5732 -118.938 
-7.34514 -13.9096 -118.187 -21.7929 1.37762 -119.449 18.8592 -9.11876 -119.57 
18.3452 -9.80315 -119.477 17.6493 -10.498 -119.277 1.88988 -3.78474 -119.762 
-1.60225 -15.3374 -118.24 -14.4689 -10.7813 -118.463 -24.0456 -2.77562 -118.949 
15.4159 -13.4111 -119.994 -5.70314 1.03136 -119.838 -22.1166 -7.81262 -119.005 
9.2234 -16.0088 -119.651 -18.7312 3.20561 -120.074 -23.1117 -0.241023 -119.544 
12.2595 -1.38955 -120.5 5.3112 -15.4895 -119.174 -4.47417 0.136961 -119.725 
-4.74221 -15.2737 -119.55 -12.7558 4.10379 -119.87 19.6547 -3.38746 -120.744 
19.8013 -8.63961 -120.467 18.5572 -10.552 -120.508 17.1195 -11.7826 -120.035 
-15.8428 -10.345 -118.459 -8.57074 2.76453 -120.288 18.6052 -2.32397 -121.604 
14.2516 -1.49571 -121.468 13.5835 -14.7783 -119.96 -7.05299 1.90109 -120.103 
-20.967 -9.04708 -119.621 -14.0165 3.92726 -121.578 -19.0201 -9.60333 -119.279 
20.9347 -4.88742 -121.042 6.76039 -2.99742 -120.285 3.59398 -3.96038 -120.142 
0.16601 -15.2023 -119.162 -2.50618 -1.8278 -119.713 -24.2555 -2.02933 -119.967 
-2.11855 -2.81665 -120.146 -1.29178 -15.2981 -119.454 -6.24452 -14.7709 -119.688 
-10.2683 -12.553 -119.925 -0.736416 -3.89461 -120.259 -3.19925 -1.46404 -120.031 
-16.8815 -10.247 -119.156 -17.7976 -9.97717 -119.136 -24.6177 -3.75818 -119.68 
10.9664 -2.12992 -121.378 2.7882 -14.9948 -119.988 -2.91815 -2.37182 -120.411 
-3.8982 -0.818304 -120.233 -16.8074 3.81043 -120.416 -23.755 -0.783749 -120.81 
9.74177 -2.35654 -120.969 4.48479 -15.0896 -120.457 -5.14546 0.186997 -120.573 
-15.497 -10.8256 -120.047 -20.5618 2.22151 -120.436 0.783944 -14.9027 -120.945 
-3.93738 -1.81303 -121.001 -4.47781 -0.454964 -120.574 -3.28382 -15.4978 -120.407 
-11.9286 -11.8429 -120.851 -24.3994 -5.45134 -119.589 16.732 -1.7604 -121.933 
17.4304 -12.7684 -121.449 2.97347 -4.71591 -120.736 -4.18705 -0.72611 -120.549 
-6.1539 0.797978 -121.052 -9.46901 2.95417 -121.649 -13.3785 -11.2674 -119.602 
10.3601 -16.1732 -120.35 -22.5794 0.509796 -121.02 21.5469 -6.15003 -121.468 
-3.05962 -3.90154 -121.325 -4.27213 -0.892461 -120.765 -8.3548 -13.77 -120.499 
-15.7443 3.86978 -121.339 -23.7771 -7.17938 -119.814 19.8179 -2.69728 -122.433 
12.9233 -15.6066 -120.682 4.47629 -4.57195 -121.147 0.948485 -5.09738 -120.743 
-11.6488 3.60703 -121.954 -19.534 2.44061 -122.039 21.3097 -3.77921 -122.602 
21.3945 -8.04676 -121.91 12.5328 -1.86534 -121.899 7.92281 -16.0346 -120.461 
6.3617 -15.5249 -120.768 18.5636 -2.07271 -123.184 14.2537 -14.9789 -120.852 
7.0779 -3.98964 -121.823 -5.06511 -0.605993 -121.365 19.0232 -11.591 -121.936 
9.25423 -3.03603 -121.727 2.08636 -5.07894 -120.83 -17.7727 -10.4206 -120.321 
-21.5629 1.52049 -120.642 -22.1495 -8.6966 -119.852 15.6364 -14.6167 -121.747 
-4.82202 -15.4865 -120.738 -7.71656 1.84512 -121.697 -17.4347 3.30563 -122.09 
-14.2554 -11.1623 -120.66 -22.9727 -8.3552 -120.066 13.5264 -2.17456 -123.448 
11.57 -2.60591 -122.735 -19.9362 -10.117 -120.745 22.4568 -6.38905 -122.502 
9.43531 -16.3403 -121.124 -0.435639 -5.77599 -121.465 -25.3265 -3.50642 -121.14 
21.9799 -5.18181 -122.104 20.0859 -10.0835 -121.805 10.082 -2.59593 -121.556 
11.5341 -16.2998 -121.377 2.90697 -5.70846 -122.134 1.77096 -5.55735 -121.2 
-22.2384 -9.57686 -120.964 -25.3122 -6.82136 -121.146 15.2813 -1.72549 -123.079 
5.17549 -5.15355 -122.34 3.32671 -14.5578 -121.982 -1.82847 -5.1566 -121.288 
-4.78316 -1.62376 -121.777 -5.49208 -15.285 -120.369 -25.3545 -4.95735 -120.714 
-4.73867 -2.68653 -122.168 -6.20076 -15.156 -121.548 -13.4217 -11.4066 -121.066 
-24.732 -1.89924 -121.796 1.17401 -5.8492 -121.485 -5.69375 -1.31144 -122.559 
-6.55832 0.309443 -122.378 -21.2421 1.47048 -121.867 21.3538 -9.93444 -122.899 
10.3778 -2.83364 -122.178 20.3104 -11.5678 -123.127 13.8077 -15.9404 -122.009 
5.45956 -14.7874 -122.541 -8.78037 2.39761 -122.759 -10.088 3.01787 -123.117 
-14.7673 -11.3296 -121.807 0.723273 -6.45639 -122.42 20.2986 -2.4577 -124.411 
9.93563 -3.71398 -123.507 -10.4653 -12.7009 -121.53 -24.0867 -8.51731 -121.034 
22.9826 -5.05174 -123.463 22.4812 -3.41854 -124.715 18.7927 -12.759 -122.762 
7.96464 -15.933 -122.109 -1.56429 -15.3185 -121.295 -23.6598 -0.586211 -121.968 
22.0906 -8.92516 -122.967 -2.69865 -5.42144 -121.725 -13.5466 3.58956 -123.648 
22.9301 -7.81341 -123.325 17.5294 -14.314 -123.193 -2.15104 -6.20283 -122.082 
-4.41497 -15.6503 -121.893 -16.6705 -11.0553 -121.737 -18.6006 -10.9934 -121.974 
15.5003 -15.7532 -123.107 -1.06005 -6.8593 -122.708 -15.5285 3.62042 -122.864 
23.2798 -6.36947 -123.349 -3.65755 -5.87912 -122.524 -11.5479 3.36884 -123.733 
14.2705 -16.4797 -123.173 10.2603 -16.6829 -123.026 -5.0523 -4.46781 -122.888 
-7.9852 1.38332 -123.342 -18.6927 2.44557 -123.814 -20.8743 -11.0099 -122.294 
16.7242 -1.92514 -124.523 15.0384 -1.93303 -124.052 6.46328 -5.20353 -123.472 
4.9044 -5.70264 -123.394 -3.00492 -15.5985 -121.941 -12.1443 -11.7742 -121.707 
-11.7225 -12.0536 -121.931 -12.8602 -11.8233 -122.265 -26.2456 -5.26462 -122.368 
6.66362 -15.3391 -122.169 -22.611 0.148138 -123.178 22.5423 -9.8178 -123.875 
8.0633 -4.68147 -123.749 -9.16486 2.30889 -123.828 -20.512 1.39611 -124.073 
-25.7961 -3.26828 -122.681 19.7545 -13.2947 -124.124 11.9078 -3.03866 -123.985 
0.419394 -14.5961 -122.992 2.00428 -14.1809 -123.601 -2.97406 -7.13716 -123.371 
-0.631615 -15.006 -122.374 -7.84425 -14.535 -122.356 -9.40945 -13.7455 -122.762 
1.73501 -6.68807 -123.904 0.0540336 -7.09916 -123.533 -6.21627 -2.84231 -123.572 
-16.9695 3.05842 -124.068 -22.4689 -10.5993 -122.131 14.5869 -2.34729 -125.127 
-23.8959 -10.236 -122.296 12.8542 -16.9043 -123.324 8.59364 -16.0537 -124.093 
-2.06558 -15.3935 -122.889 7.02678 -15.2158 -123.463 -24.2431 -1.22044 -123.164 
-25.5595 -8.87797 -122.345 24.323 -6.40781 -124.589 -4.24206 -6.82397 -123.383 
-7.2571 -0.459958 -124.034 -5.46148 -15.8414 -123.46 24.095 -4.33723 -125.237 
21.6211 -10.9311 -123.769 4.20115 -13.986 -124.705 -1.37326 -7.53115 -124.077 
-5.05293 -6.09004 -123.439 -10.4508 2.76504 -124.613 -7.09351 -15.3563 -123.439 
-11.3909 -12.792 -123.159 23.9496 -8.77662 -124.668 4.01535 -6.18709 -124.767 
-5.9456 -4.22655 -123.463 -3.71326 -15.793 -123.33 -25.2499 -2.23537 -123.112 
25.1386 -7.86749 -125.429 18.6565 -1.99995 -124.438 15.0914 -16.7931 -124.353 
-6.54232 -4.54259 -124.04 -8.35389 -14.6938 -123.494 -16.0532 -11.5143 -122.862 
18.8414 -14.8302 -124.976 12.8615 -3.02091 -125.208 9.03095 -4.69372 -124.815 
-9.05999 1.36852 -125.149 -17.4006 -11.4718 -122.88 22.297 -11.0126 -124.382 
0.627317 -14.3687 -124.302 -4.8721 -7.32303 -124.536 -5.80142 -4.6519 -123.382 
-15.3966 3.38589 -124.349 -26.5471 -7.45499 -122.736 21.5936 -12.0363 -124.577 
6.05047 -14.4854 -124.536 -5.84865 -5.03868 -123.522 -6.04096 -4.638 -123.558 
-5.91886 -4.76881 -123.474 -5.88236 -4.80751 -123.455 -10.3358 -13.6725 -123.765 
-14.7289 -12.0494 -123.472 -22.6185 -11.5319 -123.043 23.3966 -11.0105 -125.36 
18.7565 -2.0011 -125.66 11.4005 -3.64431 -124.96 5.8179 -5.73339 -124.563 
-0.852626 -14.9374 -124.008 -6.11454 -6.05612 -124.176 -25.7891 -2.88422 -123.612 
25.3806 -4.85301 -126.177 16.837 -15.7441 -124.305 -7.23733 -3.29706 -124.713 
-25.4938 -10.6916 -123.435 -27.0388 -9.37144 -123.981 23.6345 -3.04686 -126.789 
21.6725 -2.4461 -126.268 20.0866 -13.9527 -125.031 21.0873 -13.3597 -125.298 
7.50497 -5.30899 -125.167 -7.4017 -1.89769 -124.879 -12.2875 3.20621 -125.191 
-19.3253 1.92191 -124.791 -18.9451 -12.0125 -123.438 -21.0971 -12.2839 -123.595 
24.834 -3.82121 -126.427 10.2478 -4.34514 -125.56 -23.6247 -0.89785 -124.549 
-25.0578 -2.17304 -124.44 25.9145 -6.50656 -126.176 20.21 -2.09481 -126.233 
-2.91591 -7.9004 -124.96 -14.4632 3.1964 -125.692 -18.2531 2.14282 -125.888 
-26.4768 -4.07431 -124.37 25.0301 -9.55881 -126.03 13.6483 -17.7599 -125.157 
11.7375 -17.424 -124.426 -2.6463 -15.6386 -124.531 -7.35026 -4.4407 -124.887 
-16.7963 -12.0944 -123.748 10.1774 -17.1277 -125.056 0.247882 -7.38807 -125.133 
-4.61118 -16.3945 -125.26 -13.0248 -12.381 -123.645 -27.5492 -6.86635 -124.372 
26.0284 -8.00996 -126.41 7.39597 -15.2362 -125.513 2.278 -6.84586 -126.022 
-7.07318 -5.61556 -124.847 -9.52811 -14.6384 -124.318 -24.1044 -11.6707 -123.511 
17.1724 -2.12825 -126.903 15.5492 -2.34626 -126.272 2.75132 -13.8183 -125.096 
-16.316 2.95788 -125.396 -19.7369 1.53005 -125.441 22.6039 -12.7222 -126.042 
20.5302 -14.2971 -125.817 -8.36369 -0.759598 -126.227 -13.9307 -12.9552 -124.478 
17.2428 -16.6772 -126.017 -6.56299 -6.84439 -125.115 -7.65656 -3.76918 -125.288 
-8.118 -15.4326 -124.446 -11.3043 -14.0369 -124.561 -12.485 -13.0835 -124.284 
11.9335 -18.1435 -125.812 1.565 -14.0828 -125.422 -22.9236 -13.2957 -124.486 
13.8575 -3.08082 -127.18 -1.41177 -7.89122 -125.348 -7.94626 -2.55247 -125.87 
-11.0471 2.43598 -126.463 -20.6928 0.855157 -125.843 -27.6366 -5.40673 -125.487 
-26.4229 -11.2797 -124.466 26.5908 -5.07743 -127.518 11.7261 -3.86961 -126.473 
-27.973 -8.60459 -124.871 27.1824 -7.03271 -127.857 8.97605 -4.97896 -126.08 
5.79942 -14.1886 -126.396 -15.917 -13.1346 -124.597 -17.8598 -12.9477 -124.37 
25.5529 -3.52766 -127.95 24.5444 -10.8729 -126.288 15.4134 -17.4871 -125.579 
5.94289 -5.86866 -126.225 -7.70045 -4.89054 -125.906 -7.28438 -6.22049 -125.463 
-6.69068 -16.4416 -125.22 -19.9769 -13.631 -124.52 -25.1672 -12.3802 -124.543 
26.3148 -8.96794 -127.268 19.7425 -15.3513 -126.521 8.794 -16.3188 -125.604 
-0.0905508 -14.7127 -125.609 -1.56961 -15.3411 -125.496 19.1919 -1.99778 -127.281 
9.45586 -17.0781 -126.258 -22.1278 -0.0492696 -125.665 24.1942 -11.5979 -126.496 
23.5572 -12.0662 -126.263 20.7006 -2.06543 -127.362 21.7191 -13.7655 -126.28 
-12.8671 2.97127 -126.804 15.605 -2.53509 -127.503 7.7517 -5.4511 -127.381 
10.5066 -18.0519 -126.518 4.56993 -13.736 -126.715 -2.89541 -16.1444 -126.114 
23.8739 -12.621 -127.232 9.95414 -4.74176 -127.489 2.99809 -13.9149 -126.552 
-0.696843 -7.83303 -126.647 -5.8957 -7.67538 -125.841 -7.06736 -6.82978 -126.32 
-5.63501 -16.8308 -125.813 -13.1396 -14.0594 -125.004 -23.8231 -1.41184 -126.227 
-21.6318 -15.1731 -125.207 -25.5135 -2.84623 -126.141 25.3815 -10.9477 -127.521 
21.3672 -14.5359 -126.916 4.16563 -6.39983 -127.55 -2.26785 -8.14526 -126.223 
-9.73228 0.940419 -127.278 -14.6617 -13.9129 -125.059 -26.9078 -4.22519 -126.401 
-28.4047 -8.22135 -126.157 16.0123 -17.6312 -126.204 13.5693 -18.6953 -126.586 
8.14339 -16.5123 -127.182 0.903579 -7.34865 -126.908 -4.15474 -8.13339 -126.592 
-16.2582 2.55717 -126.956 -17.7339 -14.267 -124.957 -27.2674 -10.9835 -125.111 
-28.2465 -6.5474 -125.948 15.0098 -18.139 -126.298 -8.24849 -1.55161 -126.304 
-9.07529 -16.2344 -125.546 -19.7885 1.18295 -126.628 -27.9765 -9.84044 -125.488 
21.9767 -2.2344 -128.107 22.6643 -13.8754 -127.341 -8.14644 -3.16819 -126.972 
-12.256 -15.6474 -125.549 -15.9912 -14.4997 -125.18 -26.5095 -12.5926 -125.775 
18.0933 -2.16272 -128.5 -14.3978 2.81631 -127.353 -10.5253 -15.3099 -125.247 
6.83983 -15.0782 -127.145 -19.5463 -15.6982 -125.227 -17.5883 2.11629 -127.186 
23.8121 -2.39924 -129.208 6.02524 -5.94836 -128.064 -8.32404 -1.74344 -126.732 
-7.66874 -5.88192 -126.685 -12.0306 2.64809 -127.542 -14.6398 -15.5005 -125.464 
-19.0538 1.48405 -127.069 -17.2235 -16.1082 -125.41 -23.3345 -15.1608 -125.579 
-25.0284 -14.3405 -125.985 20.9802 -15.3051 -127.791 19.1723 -16.3993 -127.734 
2.1395 -7.00435 -128.127 0.991752 -14.6676 -127.184 -7.81393 -4.9227 -127.337 
-21.2458 0.106479 -127.328 -18.8069 -16.9508 -125.457 -27.9417 -5.4957 -126.861 
26.7976 -4.11606 -128.532 27.3467 -9.03255 -129.06 24.7728 -12.7548 -128.741 
16.5315 -2.40848 -128.275 -1.13164 -15.7302 -127.048 22.0981 -14.6028 -127.751 
15.2864 -2.85339 -128.745 16.2596 -17.9496 -127.023 11.8232 -4.10927 -128.428 
8.65631 -5.2641 -129.263 -5.9423 -7.83938 -126.899 -13.7728 -17.201 -125.942 
-19.6577 0.823513 -128.143 -27.668 -11.4584 -126.401 26.2674 -11.4124 -129.516 
20.0769 -2.04142 -128.641 -7.95279 -17.8182 -126.67 -20.2414 -17.518 -125.565 
-24.4841 -2.19008 -127.699 14.9962 -18.8378 -127.432 -1.99715 -8.12528 -127.669 
-4.05779 -16.8394 -126.489 -8.52006 -1.21043 -127.243 -11.3063 1.9245 -128.351 
-10.767 -16.4636 -125.91 -12.0282 -17.5347 -126.308 -18.4142 1.63552 -127.615 
-15.7629 -17.5455 -125.783 -18.2134 -18.5252 -125.818 -22.4679 -0.623162 -127.115 
-21.1411 -16.4657 -125.488 26.6544 -3.41344 -129.858 17.5808 -17.4505 -127.711 
-6.58103 -7.19328 -127.725 -7.40229 -6.2776 -127.352 -21.9432 -0.17594 -126.76 
-22.6045 -16.8308 -125.971 27.602 -5.02782 -129.149 11.9507 -19.3804 -127.45 
9.43878 -17.6348 -127.073 -5.50241 -17.6682 -126.826 -8.87524 -0.915759 -128.232 
-15.215 2.13263 -128.835 -21.4855 -17.195 -125.625 28.1847 -6.42756 -129.215 
28.014 -7.41942 -128.96 22.6123 -14.4139 -127.986 0.13041 -7.59942 -128.662 
2.4408 -14.7001 -128.154 -8.44069 -1.94741 -127.56 -14.6788 -18.5267 -126.153 
-16.0779 -19.3571 -126.19 -22.4093 -0.964595 -128.587 -23.3285 -1.36255 -127.757 
23.4851 -13.8065 -128.283 22.4349 -14.7755 -128.624 5.14045 -13.919 -127.412 
-5.16405 -7.92214 -128.1 -10.1396 -17.8924 -126.648 -17.208 1.85473 -128.315 
-13.3657 -18.5524 -126.445 -21.3087 -17.5417 -125.629 -26.2691 -13.8614 -126.727 
22.8878 -14.2652 -128.092 18.9349 -2.22399 -130.02 13.6898 -3.54642 -129.664 
9.90742 -18.8851 -127.764 -13.0421 2.49738 -128.352 -19.6984 -18.52 -125.717 
-20.519 -18.6414 -125.879 -21.274 -18.1629 -125.868 -21.5695 -17.3959 -125.621 
20.6914 -16.0472 -129.234 16.9149 -2.52613 -129.541 13.7278 -19.4413 -127.643 
6.88427 -5.77472 -129.457 -8.11687 -3.17032 -128.386 -19.7818 -19.2734 -126.053 
-21.7716 -17.5295 -125.754 -24.168 -15.9954 -126.353 -28.4856 -6.8538 -127.417 
-28.3581 -10.1023 -127.095 4.14251 -14.1917 -127.821 -10.0777 0.625932 -128.924 
-18.8874 -20.802 -126.757 -27.1435 -4.53865 -128.113 25.397 -2.64029 -129.71 
14.6695 -19.7846 -128.626 10.2682 -4.75334 -129.325 0.249384 -15.778 -128.345 
-22.074 -18.1032 -126.133 21.4486 -2.08814 -130.185 -7.05088 -5.62531 -128.821 
-12.2209 1.99189 -129.283 -17.3455 -20.285 -126.345 -21.4951 -19.5734 -126.748 
-25.8847 -3.31872 -127.801 16.4833 -18.6507 -128.643 8.89306 -17.882 -127.759 
5.52792 -14.8194 -128.01 -11.3663 1.06906 -130.225 5.13323 -6.23241 -129.691 
-11.9609 -19.5997 -127.284 -15.9746 -21.0356 -126.941 -22.9156 -18.279 -126.696 
28.4817 -5.72826 -130.462 15.5998 -3.01612 -130.299 13.2247 -20.1788 -128.364 
6.73489 -15.7901 -128.098 -14.3323 -19.8012 -126.729 -23.5827 -1.79099 -128.829 
-24.3117 -17.4061 -127.257 -27.1769 -13.2303 -127.712 18.5781 -17.4181 -129.284 
-1.63566 -8.00702 -129.08 -3.32068 -8.12147 -128.595 -25.1805 -15.9394 -127.114 
25.6764 -2.53017 -130.926 23.7868 -14.0824 -129.569 7.92605 -17.838 -128.391 
1.25427 -15.0832 -128.34 -2.99833 -17.2918 -127.563 -8.46259 -2.05333 -129.572 
-18.4957 1.06858 -129.103 -20.9405 -0.353954 -129.52 -28.0054 -5.68251 -128.294 
28.4363 -7.26486 -130.007 -5.89451 -7.17192 -128.888 -17.4014 -21.1769 -126.721 
-26.1903 -14.9004 -127.598 27.7757 -4.25197 -131.134 10.5483 -20.2689 -128.49 
8.73164 -18.7818 -128.387 -28.0246 -11.5618 -127.695 7.0757 -16.8616 -128.48 
3.07897 -6.75033 -129.962 1.65287 -7.14633 -129.484 -9.10818 -19.8313 -128.048 
-24.7806 -2.71269 -129.206 24.6444 -2.2146 -130.683 22.3782 -15.2352 -130.18 
-7.1481 -18.9052 -127.581 -26.1592 -3.78728 -129.257 -28.6205 -8.68237 -128.634 
27.3785 -10.3451 -130.567 23.3478 -2.0795 -131.004 17.4742 -2.63659 -131.297 
11.5386 -4.33344 -130.58 7.67536 -5.55567 -131.002 8.97394 -20.1351 -128.947 
-1.07182 -16.9999 -128.495 -19.6146 0.374965 -129.604 26.5247 -3.02173 -131.893 
11.9028 -20.9215 -128.888 7.72916 -19.1899 -129.092 6.62999 -18.095 -129.204 
5.57474 -16.5945 -129.042 -4.15118 -19.2759 -128.568 -5.96872 -19.2747 -128.048 
-13.322 1.78107 -129.994 -16.9656 1.13717 -130.193 28.7766 -6.6885 -131.328 
25.2784 -12.9676 -130.412 3.71863 -15.7199 -128.961 -23.6811 -19.1863 -127.729 
26.5679 -11.731 -131.008 19.7834 -2.26883 -131.706 14.6725 -3.3859 -131.084 
9.50582 -4.97917 -131.004 -0.768567 -7.71304 -130.029 -7.65365 -3.57671 -130.052 
-13.7819 -21.3411 -127.838 -17.2436 -22.0435 -127.447 21.1748 -16.0817 -130.613 
13.6215 -21.0202 -129.504 -9.42371 -0.613961 -130.247 -7.1155 -19.8831 -128.317 
13.3587 -3.77038 -131.568 -18.624 -22.5321 -127.961 -20.7408 -22.0661 -128.204 
15.8861 -3.08202 -131.627 15.6501 -20.2275 -130.447 9.8443 -21.7531 -129.697 
1.67508 -15.9034 -128.979 -4.32925 -7.48568 -129.754 -1.75514 -18.723 -129.149 
-27.1919 -5.12861 -130.246 -25.8454 -16.6355 -128.495 -26.8289 -14.457 -128.305 
-27.166 -14.1381 -128.955 -5.7405 -6.50381 -129.922 -11.9862 -21.1097 -128.315 
-28.462 -10.6312 -128.588 28.5537 -5.37944 -132.2 23.9136 -14.29 -131.194 
4.14477 -17.1133 -129.591 0.384001 -17.1078 -129.221 -0.642548 -17.8417 -129.223 
28.2906 -8.5311 -131.311 22.0225 -2.1541 -132.296 19.9832 -16.7991 -130.583 
7.53588 -20.494 -129.68 -10.9127 -20.5357 -128.19 -15.056 1.42697 -130.551 
-18.942 0.232824 -130.687 -20.035 -0.139378 -130.41 -23.1019 -20.9637 -128.498 
-28.3115 -6.68977 -129.04 0.834686 -7.20112 -130.903 -5.85014 -20.5352 -129.078 
-12.7239 -22.3437 -129.221 -15.4233 -22.4139 -128.176 17.3735 -18.6374 -130.227 
6.43475 -19.6742 -129.814 2.45478 -17.8447 -129.839 -2.31906 -7.80737 -130.033 
-7.47772 -20.7303 -129.012 24.5431 -2.31443 -132.464 27.4018 -10.5832 -132.109 
22.0758 -15.5907 -131.973 18.6687 -17.7908 -131.096 0.180841 -18.7115 -129.833 
-8.34841 -2.14715 -130.78 -10.642 -21.5203 -129.22 -23.0773 -1.95532 -130.549 
-19.1351 -23.5495 -129.197 -27.9989 -12.0843 -128.847 4.8478 -18.5567 -129.914 
-6.36107 -5.04195 -130.906 -25.1316 -18.4595 -128.715 -26.7301 -15.1733 -128.98 
-2.68024 -20.3131 -129.739 -16.9984 -23.3821 -128.987 27.5014 -3.94602 -133.411 
25.6527 -12.7173 -132.55 18.5908 -2.56785 -132.779 -4.22956 -21.0092 -129.849 
-13.8267 1.08302 -131.458 -27.6153 -13.2327 -129.352 20.806 -16.3889 -131.302 
11.9928 -22.456 -130.243 6.04561 -6.01669 -131.268 8.37371 -21.2702 -129.734 
-1.10966 -7.46445 -130.993 -0.674951 -20.7057 -130.662 -8.66245 -21.477 -129.686 
-24.5254 -19.8897 -128.948 8.39402 -22.0153 -130.165 -4.62999 -6.35646 -131.189 
-17.7205 0.243732 -131.622 -14.074 -22.4786 -128.685 -28.6401 -10.0376 -129.474 
28.7556 -6.93842 -132.802 16.8152 -2.98831 -133.149 7.16335 -21.6221 -130.4 
-7.49604 -3.17668 -131.835 -22.576 -22.4568 -129.413 1.58474 -20.0855 -130.741 
-2.71821 -7.14252 -131.249 -10.3763 -0.0759425 -131.583 -6.72572 -21.75 -130.217 
-15.8093 0.475831 -132.181 -20.6512 -0.995957 -131.658 -25.5023 -3.62088 -130.812 
14.9109 -3.37552 -132.506 10.6189 -4.58271 -131.744 13.9772 -22.0454 -130.832 
4.35343 -6.42663 -131.618 6.5886 -20.7009 -130.135 5.32751 -20.7213 -130.634 
-12.6146 1.25131 -130.974 -24.4828 -20.9695 -129.874 -28.2348 -7.36848 -130.686 
-28.0185 -12.3569 -129.886 -28.3814 -11.1629 -129.804 26.0435 -2.84042 -133.542 
20.1018 -16.8467 -132.234 11.7704 -4.12407 -132.569 8.34887 -5.22722 -132.327 
10.2374 -23.1964 -130.611 -5.37179 -21.4982 -130.039 17.3851 -19.0313 -131.836 
2.66842 -6.76485 -131.916 -8.96343 -1.38652 -132.141 -14.4716 -23.3684 -129.745 
-21.0705 -23.5902 -130.003 -23.6059 -21.7876 -129.477 11.2532 -23.9432 -131.217 
8.29339 -23.1348 -131.077 3.44647 -19.8243 -130.632 -26.0971 -17.7466 -129.779 
-27.447 -14.1753 -130.414 -28.495 -9.68118 -130.784 20.2913 -2.42842 -133.506 
9.87164 -24.1012 -131.324 -2.70485 -21.6387 -130.831 -5.2301 -5.19503 -132.392 
-6.41286 -4.24212 -132.314 -17.9234 -24.2574 -130.167 28.206 -8.83519 -133.513 
15.1056 -21.6442 -131.68 -25.6329 -19.3602 -130.304 -27.8165 -13.008 -130.209 
12.9136 -23.443 -131.558 -12.116 0.542594 -132.05 -9.8715 -22.3558 -130.667 
28.4983 -5.56543 -134.164 13.5595 -3.62939 -133.267 6.94197 -5.6596 -132.631 
-0.74529 -6.94868 -132.34 -4.81155 -22.4077 -131.397 23.8781 -14.3833 -132.624 
9.86405 -4.60907 -132.904 -10.4991 -0.468989 -133.096 -8.35558 -22.5126 -131.247 
-18.9369 -0.407689 -132.061 -16.1749 -24.3051 -130.997 -26.7296 -16.2235 -130.107 
27.0462 -10.8547 -133.805 5.87765 -22.5372 -131.642 22.5844 -2.54187 -134.689 
-26.4033 -4.36658 -131.164 -22.6426 -23.2453 -130.571 28.6364 -7.11114 -134.386 
24.8333 -2.589 -134.425 24.3812 -13.7939 -133.922 16.2037 -20.5864 -132.593 
14.2544 -22.7486 -131.974 3.605 -6.37788 -133.518 -3.05678 -6.07863 -132.937 
-14.0961 0.383671 -132.828 -11.5048 -22.8053 -130.627 -12.933 -23.2724 -130.381 
18.6018 -2.81496 -134.243 14.9634 -3.39233 -134.614 -1.27407 -22.2929 -131.921 
-19.3531 -24.4024 -130.721 -22.0121 -23.8967 -131.266 -28.0993 -12.0787 -131.063 
18.6424 -17.9727 -132.642 5.40676 -6.08885 -132.953 -17.7019 -0.437974 -132.933 
-27.5091 -6.19882 -132.355 23.014 -14.8873 -133.63 -23.8958 -22.2623 -130.666 
6.91363 -23.4372 -131.953 3.16937 -21.7098 -131.86 -14.2709 -24.0232 -131.17 
27.5898 -4.54328 -135.501 10.5852 -24.7716 -131.917 1.14996 -6.7932 -133.209 
1.01343 -21.4905 -131.633 0.00345868 -22.002 -131.915 -26.2321 -4.61631 -132.258 
-26.6218 -17.6877 -131.322 -27.2545 -15.5585 -131.636 28.2902 -8.18987 -134.819 
25.6514 -12.1221 -135.435 21.2495 -15.8961 -134.34 -6.76646 -22.6802 -131.614 
-13.5429 -23.7019 -130.728 -19.4387 -1.23034 -133.291 8.13858 -4.94042 -134.04 
9.20007 -24.7565 -132.362 -4.68521 -4.98331 -133.769 -2.88742 -22.622 -131.967 
-6.93669 -3.42594 -133.181 -7.99314 -2.30761 -133.676 -24.306 -3.33439 -132.589 
19.4296 -17.2852 -134.001 12.3998 -3.68062 -134.141 15.1398 -22.1122 -132.821 
-22.486 -2.2912 -132.652 -25.4508 -20.9032 -131.891 26.1217 -3.34609 -135.358 
11.0408 -4.0082 -133.911 -0.816726 -6.53358 -133.508 -9.24487 -1.27918 -133.755 
-15.1405 0.313468 -132.868 20.1437 -2.81867 -135.213 13.5586 -3.48102 -134.379 
13.8399 -23.7307 -133.338 11.9514 -24.6573 -132.306 7.6183 -24.0881 -132.337 
0.286299 -6.93368 -133.306 -0.214256 -22.5295 -132.454 -5.95833 -4.21102 -133.557 
-20.7779 -24.4096 -131.701 -28.2444 -10.4291 -132.687 28.0483 -7.30891 -135.926 
17.6696 -18.9541 -134.211 -2.22211 -23.0907 -133.163 -15.5132 0.130319 -133.101 
-28.1067 -8.19129 -132.865 28.5797 -6.31281 -135.07 23.2546 -14.244 -135.434 
6.41587 -5.61413 -133.997 0.841509 -22.6601 -133.269 -14.3132 -0.112148 -133.84 
-15.0208 0.0859196 -133.336 -10.4657 -23.3479 -132.724 -15.9214 -0.500694 -134.006 
-27.8002 -13.4073 -131.701 17.112 -3.29077 -135.162 -12.4882 -0.206101 -133.963 
-14.658 -24.4028 -132.786 -23.3346 -23.3261 -132.209 -26.2491 -19.3073 -131.818 
-27.5723 -14.3243 -131.599 5.22429 -5.89319 -134.366 0.7127 -7.01345 -133.475 
-3.7253 -23.1388 -132.909 -12.8001 -23.7283 -131.677 -25.1481 -4.65222 -134.417 
-24.4956 -22.297 -131.99 28.23 -5.74082 -135.746 10.841 -25.4422 -132.976 
0.611762 -7.04351 -133.52 -1.8492 -5.93698 -134.272 12.9003 -3.4375 -135.574 
0.674127 -7.05221 -133.566 0.431137 -6.86188 -133.617 -3.48623 -5.2432 -134.989 
-8.86451 -1.67571 -134.894 -7.87654 -23.2176 -132.885 -21.1842 -2.12867 -133.733 
-17.948 -24.709 -131.42 -27.0632 -16.7688 -132.534 27.3665 -9.6329 -135.38 
24.3774 -2.89632 -135.834 15.9884 -21.2894 -134.801 6.20378 -23.8284 -133.109 
-26.7283 -5.61627 -133.733 4.49748 -22.9814 -132.902 -6.8851 -3.21244 -134.805 
-22.9973 -3.29694 -134.405 -27.6389 -14.085 -132.621 -27.9893 -12.32 -132.728 
21.2297 -3.07042 -136.343 12.2726 -25.2676 -133.501 2.9296 -22.9831 -133.759 
-0.739881 -22.8642 -132.993 -18.0436 -1.34823 -134.389 -17.1052 -24.8489 -133.029 
-27.4441 -6.76539 -133.931 18.5993 -3.20085 -135.675 19.9838 -16.6589 -135.128 
2.10289 -6.24345 -134.874 -0.0385994 -6.23813 -134.594 -5.42447 -4.23348 -135.285 
-21.9656 -24.198 -132.447 9.75345 -25.8012 -134.007 -6.19359 -23.1434 -132.658 
27.8961 -6.19527 -136.651 11.1502 -3.61429 -135.173 9.95515 -4.04019 -134.703 
-10.4052 -0.988304 -135.001 -5.01763 -23.3097 -133.241 -27.3422 -15.5011 -132.881 
18.9768 -17.4111 -135.606 6.6014 -5.07964 -135.826 4.16943 -5.89539 -135.378 
-14.0526 -0.649066 -135.013 -19.1642 -24.8204 -132.473 -27.8638 -11.1217 -134.235 
27.4988 -5.37598 -136.897 24.1155 -12.6276 -137.595 -1.65841 -5.67293 -135.529 
-26.6586 -18.5502 -133.097 22.9315 -3.34293 -137.108 9.20324 -4.04306 -135.738 
7.93385 -24.9692 -133.68 -27.9831 -9.40338 -134.127 21.767 -15.2279 -135.894 
17.0376 -19.6531 -135.457 4.59414 -23.7371 -134.504 -6.54131 -23.6085 -134.414 
-26.2718 -19.7693 -132.487 24.9502 -3.67592 -137.238 15.9229 -3.72652 -136.367 
10.3446 -3.59512 -135.399 1.77628 -23.1592 -134.687 -27.7115 -12.9016 -133.92 
19.5705 -3.48098 -136.723 14.3007 -3.64693 -136.752 10.8029 -3.50758 -136.583 
10.3102 -3.55784 -135.715 10.0119 -3.66866 -135.493 11.4995 -26.0155 -134.456 
-20.8777 -24.6267 -133.85 -27.0753 -16.498 -133.793 26.499 -4.39562 -137.104 
26.2809 -10.9009 -136.621 10.2324 -3.51044 -135.606 13.1737 -25.2064 -134.96 
-12.7143 -24.0044 -133.361 -19.7501 -2.17138 -134.844 17.5549 -18.5257 -136.926 
-9.07796 -2.00087 -136.759 -22.5029 -24.061 -133.567 -26.4292 -6.27186 -135.249 
-24.8247 -22.2483 -133.425 -27.3885 -14.6208 -133.928 27.0083 -6.84321 -137.7 
8.75282 -25.9254 -135.489 6.58638 -24.8324 -135.35 -7.99638 -2.32415 -135.321 
-16.9489 -1.50113 -135.284 -21.3749 -3.00443 -135.304 -27.4221 -7.94225 -134.98 
26.7163 -9.02794 -137.24 20.9261 -3.85851 -137.778 20.282 -16.0395 -136.617 
17.5849 -3.96051 -137.023 14.6216 -23.6152 -135.452 2.78216 -5.94428 -136.431 
2.85417 -23.5247 -135.749 -25.813 -21.0325 -133.571 -26.2275 -20.1109 -133.121 
-0.484125 -5.86113 -135.766 -3.86062 -23.6361 -135.05 -12.3034 -0.886258 -135.811 
-15.5593 -1.47663 -135.97 25.9767 -11.6867 -136.384 12.5031 -3.42557 -137.48 
-23.4269 -4.50859 -136.071 25.6268 -11.7176 -136.875 18.9244 -17.1453 -136.762 
0.802416 -5.98039 -136.166 -14.002 -24.3453 -134.916 -18.1182 -2.31426 -135.959 
-23.5767 -23.3946 -134.347 -27.2042 -13.2903 -135.25 16.8088 -19.9403 -135.936 
-9.02113 -23.6103 -134.877 -11.8817 -23.8856 -134.689 22.15 -14.5001 -137.164 
15.5603 -22.2353 -137.172 12.3357 -26.2762 -136.198 4.61674 -5.52852 -137.286 
-13.7787 -1.26922 -136.439 26.6047 -5.48174 -138.056 10.6261 -26.5098 -135.678 
-1.17566 -23.3064 -134.447 -19.8777 -3.13923 -136.321 -15.7911 -24.7528 -134.342 
8.63264 -3.94512 -137.639 0.50036 -23.356 -136.207 -2.87802 -5.33683 -136.881 
-4.43871 -4.74858 -136.613 -6.52703 -3.42976 -136.329 -22.4193 -3.62251 -135.66 
-26.61 -18.0049 -135.207 25.5091 -10.7429 -137.897 19.1019 -4.53369 -138.178 
-16.8521 -1.96601 -136.116 -18.7862 -24.936 -134.353 -10.9078 -1.34155 -136.679 
-10.566 -23.6669 -134.651 -27.6059 -12.1285 -134.772 23.8409 -4.202 -138.485 
6.52978 -4.70845 -138.166 -17.2089 -24.9164 -134.849 -26.2909 -20.0078 -134.5 
20.5646 -5.04679 -139.146 1.75406 -6.01181 -137.315 -26.5472 -7.36419 -136.185 
-25.5574 -21.4795 -134.854 -26.925 -15.5436 -135.272 25.1916 -5.1082 -138.823 
15.4457 -4.67368 -138.401 16.4959 -20.3971 -136.609 10.6207 -3.45785 -138.769 
-7.39219 -2.85298 -136.514 22.2844 -4.41811 -138.807 13.664 -3.84212 -138.276 
3.06482 -5.92916 -137.865 4.85723 -24.2351 -136.592 -0.93441 -5.73907 -136.979 
-25.0187 -5.50205 -136.032 -22.3007 -24.1487 -135.113 -27.3501 -9.6188 -135.489 
24.4413 -11.0726 -139.022 -1.79622 -23.6276 -136.193 -24.573 -22.5469 -135.184 
14.1212 -24.8968 -137.332 -16.6022 -2.68359 -137.28 -21.474 -3.99928 -136.704 
-27.1821 -11.341 -135.652 18.86 -16.7103 -137.817 -5.69569 -4.08936 -137.216 
-6.90279 -3.15274 -136.759 0.397809 -5.97418 -137.581 -2.0057 -5.8861 -138.582 
-23.9597 -5.92354 -137.244 -26.7685 -8.456 -136.293 -7.68179 -3.04818 -138.142 
-10.5601 -1.98298 -138.041 -6.09161 -23.8297 -136.219 -12.4148 -1.77763 -137.699 
-12.751 -24.0085 -136.145 -26.2855 -19.6941 -135.813 9.96619 -26.6747 -137.209 
6.27815 -24.9615 -137.096 -6.76811 -3.3574 -137.339 -14.5755 -2.2062 -137.658 
-18.3344 -3.54245 -137.531 -25.9402 -20.7459 -135.71 25.9207 -6.44267 -138.906 
22.3941 -13.6226 -138.619 17.4556 -5.21853 -138.668 -14.3742 -24.164 -136.99 
-25.5133 -6.61922 -136.706 -25.9764 -9.78543 -137.192 25.0806 -8.70222 -139.229 
23.4045 -5.38287 -139.695 20.7499 -14.843 -138.55 19.7266 -15.8358 -138.112 
12.3454 -3.60984 -139.129 7.73405 -4.05829 -139.107 7.93509 -25.8186 -137.435 
1.57611 -6.33217 -138.866 -4.48766 -5.1262 -138.816 -19.7755 -4.10025 -137.606 
-19.9122 -24.8137 -135.452 -26.5494 -14.3165 -136.532 2.08443 -23.4515 -137.239 
-7.61322 -23.7516 -136.108 -16.029 -24.6177 -136.002 -26.1958 -16.5542 -137.147 
23.0705 -12.2707 -139.575 4.044 -5.7291 -138.374 3.4859 -23.7361 -137.631 
-10.9754 -23.7034 -136.359 -18.2921 -24.7302 -136.321 -21.1503 -24.5841 -135.761 
-25.862 -7.89311 -137.085 13.5222 -4.50369 -139.817 11.4687 -26.8751 -137.151 
-22.2816 -5.25282 -137.636 -21.9179 -24.2259 -136.404 -24.9813 -21.7017 -136.574 
-5.11936 -23.8384 -137.576 -20.6251 -5.02079 -138.231 24.8673 -6.60467 -139.669 
21.904 -5.54715 -139.907 18.9445 -15.7032 -139.245 16.3142 -20.114 -138.312 
8.92759 -3.68004 -139.391 -9.05853 -23.557 -137.101 -23.1678 -23.3229 -136.584 
18.8421 -6.01231 -139.532 17.7009 -17.09 -138.979 -0.366171 -6.21347 -138.756 
-0.477924 -5.8737 -137.769 -6.41743 -3.96316 -138.833 -26.4123 -12.3493 -136.824 
1.2731 -23.2813 -138.062 24.2758 -5.97155 -139.865 15.1339 -23.3994 -138.655 
3.39504 -6.08419 -139.297 -0.961874 -5.85368 -137.977 -9.21716 -2.96282 -139.321 
-25.8322 -20.4014 -136.658 21.4667 -13.512 -139.734 12.763 -26.5578 -138.025 
4.99578 -5.43983 -139.257 5.63506 -24.6451 -137.797 -26.0716 -18.982 -136.922 
16.6002 -7.03821 -140.17 6.66582 -4.69035 -140.021 -7.12586 -23.6406 -137.941 
-13.5107 -3.18276 -139.54 -20.226 -24.5975 -136.721 -21.2182 -24.4713 -136.687 
-10.4576 -23.3241 -138.057 -18.3167 -5.1784 -139.304 23.7796 -10.6793 -139.983 
20.5654 -6.38957 -140.156 11.2821 -3.5669 -140.197 2.47596 -23.3493 -138.702 
-3.12206 -23.7393 -137.428 -15.4683 -3.51152 -138.98 -12.6369 -23.6626 -137.797 
16.6335 -18.2392 -139.488 9.67583 -3.88227 -141.099 11.3794 -26.9883 -138.86 
-17.0463 -4.10212 -138.808 -22.5064 -7.05868 -138.811 -25.5561 -13.8874 -138.336 
23.1363 -7.25384 -140.349 -21.434 -5.80783 -138.575 -24.6067 -7.29595 -137.748 
6.55394 -25.1218 -138.43 4.89597 -24.249 -138.299 0.0297538 -23.1834 -138.633 
-7.42393 -3.79007 -139.753 22.6375 -6.08883 -140.29 14.5713 -5.90887 -140.337 
15.608 -21.7253 -139.382 -1.42286 -23.5086 -137.836 -19.2021 -24.2408 -138.093 
-21.2603 -24.0803 -137.548 -25.2315 -8.30756 -137.698 21.9062 -6.50147 -140.441 
19.1757 -7.93538 -140.577 19.9689 -14.3998 -139.866 14.6262 -24.616 -139.325 
13.7881 -25.9282 -139.319 -25.5066 -11.6466 -138.013 21.867 -12.4882 -140.442 
16.9917 -17.1737 -139.862 13.6033 -5.38291 -140.833 12.2737 -3.94666 -140.437 
9.5572 -26.5797 -138.853 1.36564 -22.9538 -139.581 -11.3429 -2.83324 -139.582 
-20.3064 -6.49543 -139.576 -24.5145 -10.4001 -138.765 -25.1381 -20.4266 -138.138 
-2.5575 -23.5374 -138.604 -24.3243 -8.60824 -138.371 22.6022 -11.3644 -140.584 
21.1813 -7.46553 -140.637 5.71962 -24.6553 -138.599 -5.37991 -23.7372 -138.683 
-4.05473 -23.419 -139.171 -16.5617 -24.0935 -138.347 23.015 -9.70668 -140.537 
8.03005 -4.09722 -140.384 20.2458 -13.0826 -140.673 15.0819 -23.3166 -140.31 
-1.31894 -6.64616 -140.002 -3.04092 -6.74752 -140.822 -11.4533 -23.5495 -137.726 
-14.4202 -23.7225 -138.617 17.3417 -16.2869 -140.223 2.44401 -6.99597 -140.804 
-6.00711 -23.7788 -138.432 -25.3144 -16.5597 -139.364 -23.591 -22.1609 -138.614 
21.0584 -9.26016 -140.906 15.8003 -19.8392 -140.394 11.3972 -4.04242 -141.579 
12.8058 -26.834 -139.459 -8.89805 -22.8582 -139.312 -11.7953 -23.4831 -138.116 
-22.1328 -23.3056 -138.485 21.3931 -11.8844 -140.908 17.4302 -9.12812 -140.993 
18.2314 -14.6416 -140.687 12.7305 -4.90378 -141.506 7.97406 -25.7851 -139.8 
3.99734 -23.7127 -139.359 -6.19912 -23.2822 -139.451 -11.3583 -23.3179 -138.367 
-11.5269 -23.5019 -137.996 -17.2029 -4.7788 -139.475 -25.5681 -18.436 -138.549 
21.7182 -10.7786 -140.978 14.8454 -7.523 -141.22 4.18722 -6.25153 -140.857 
0.194302 -7.37143 -140.807 -10.2591 -3.67987 -140.921 -12.0597 -23.1072 -138.992 
-24.82 -11.9978 -138.921 16.4778 -17.1304 -140.538 14.2127 -25.0219 -141.166 
5.8487 -24.5775 -139.829 -6.39584 -4.70616 -140.359 -1.74141 -22.9476 -139.821 
-6.6867 -4.08616 -139.741 -14.7035 -4.16498 -140.228 -16.1746 -5.12028 -140.326 
-20.4109 -23.5336 -139.293 18.8349 -10.0306 -141.112 18.3531 -12.8563 -141.21 
13.6848 -6.45044 -141.742 -5.08195 -5.95696 -141.041 -10.8367 -22.6179 -139.633 
-24.1444 -20.968 -139.639 20.0147 -11.4003 -141.124 -8.49421 -4.54969 -141.58 
12.1539 -26.9392 -140.37 2.84611 -22.9913 -140.388 -13.7401 -4.16854 -140.753 
-23.0772 -9.40029 -139.628 -24.2215 -12.8912 -139.987 -24.751 -14.844 -140.009 
15.6239 -9.73355 -141.674 15.7712 -18.0693 -141.232 10.3855 -26.5832 -140.967 
-7.52569 -23.2214 -139.243 -12.1771 -4.52571 -141.645 17.2708 -10.59 -141.359 
-13.4398 -23.0437 -139.598 -24.1223 -11.3339 -139.51 18.1891 -11.486 -141.332 
5.62276 -5.4765 -140.95 -18.4853 -7.11178 -140.825 -23.7331 -10.4952 -139.562 
16.8979 -13.9595 -141.475 -16.7449 -6.78187 -141.41 -21.6063 -8.46459 -140.204 
7.33209 -5.18773 -142.221 16.607 -12.2049 -141.663 15.971 -15.9174 -141.696 
15.221 -21.6361 -141.657 0.133906 -22.6754 -140.217 -7.57268 -22.6548 -140.159 
-21.0323 -7.52143 -139.983 10.5511 -4.2715 -142.77 13.2655 -26.4423 -140.666 
-10.2536 -4.35651 -141.999 -21.7659 -22.6558 -139.991 -25.089 -18.1528 -139.875 
14.1376 -8.34255 -142.35 14.8583 -23.3926 -141.837 1.69371 -8.65688 -142.545 
0.101374 -8.8137 -142.372 -1.4743 -7.31021 -141.09 -12.3297 -22.1413 -140.575 
-15.2767 -23.1672 -140.188 -18.327 -23.6091 -139.806 -21.7338 -10.358 -141.185 
-14.4202 -5.1465 -141.38 -23.2806 -11.1406 -140.272 15.1669 -19.572 -142.348 
7.06725 -25.0992 -141.171 -3.37991 -22.6328 -140.68 -24.7703 -19.5608 -139.754 
13.3818 -26.0285 -141.743 4.59619 -23.4247 -141.27 -4.94862 -22.5228 -140.761 
-19.8662 -8.63508 -141.258 15.6631 -13.9038 -142.058 8.40173 -25.7583 -141.831 
-22.9488 -21.6532 -140.439 14.8023 -12.4252 -142.63 3.7054 -7.52462 -142.531 
-1.26838 -8.41243 -142.138 -16.7774 -23.4968 -140.204 -24.2655 -16.4007 -141.082 
14.0337 -10.1414 -143.331 12.3684 -26.4921 -141.726 5.24184 -6.33281 -142.249 
-5.15855 -7.48654 -142.731 1.48321 -22.0937 -141.422 -0.566671 -21.91 -141.468 
-6.61076 -5.88955 -142.107 -9.76159 -22.0131 -140.573 -24.864 -17.4397 -140.407 
12.827 -5.90452 -142.813 13.3386 -7.39052 -143.243 -2.13639 -7.64008 -141.647 
-23.8435 -14.4484 -141.126 14.5969 -14.7104 -142.993 11.7787 -4.97682 -143.222 
9.34846 -4.65026 -143.173 -6.56123 -22.2405 -140.914 -15.9943 -6.28891 -141.461 
14.9182 -17.854 -142.875 -8.29834 -21.2016 -141.637 -15.3661 -6.10932 -141.713 
-19.5331 -22.3562 -141.235 -2.96693 -8.27431 -142.453 -9.83 -4.94279 -142.652 
-22.757 -12.7517 -141.582 -24.2114 -18.4619 -141.061 -14.6774 -6.17591 -142.203 
-10.7484 -21.1576 -141.539 14.6604 -16.4292 -143.145 14.3426 -24.0991 -142.792 
6.04778 -24.294 -141.557 3.26691 -22.4019 -141.898 -2.36604 -21.919 -141.564 
-14.1044 -21.9624 -141.25 14.7502 -22.7422 -143.212 -10.7356 -4.81752 -142.546 
-13.7662 -5.82044 -142.335 -12.7809 -20.57 -142.215 -16.4099 -22.8935 -141.116 
-23.6397 -20.296 -140.906 10.5125 -5.06459 -144.266 9.59741 -26.0368 -142.982 
-3.89312 -21.8544 -141.685 -17.2692 -8.75628 -142.487 14.0429 -13.5159 -143.433 
13.7038 -8.66203 -143.17 7.07489 -24.589 -142.738 -9.13066 -5.64029 -143.044 
-20.1894 -10.8197 -142.547 -17.5872 -23.0164 -140.998 14.6908 -21.0479 -144.155 
-7.95477 -5.97849 -142.938 -15.5374 -6.86137 -142.196 -15.6076 -22.1464 -141.589 
-0.698951 -9.59374 -142.986 -15.0698 -6.60352 -142.32 -18.5421 -10.3566 -142.988 
-21.5675 -21.8304 -141.281 5.79739 -7.7254 -144.4 -1.48934 -20.9998 -142.494 
-3.28871 -20.7234 -142.713 -22.6813 -15.3597 -142.603 13.8796 -12.304 -143.8 
14.6518 -19.1421 -143.763 8.77995 -6.10482 -144.897 13.1266 -25.2883 -143.177 
0.403269 -20.4352 -142.979 -15.3253 -7.98651 -142.991 -21.3842 -11.923 -142.434 
13.4902 -8.71645 -143.956 5.71331 -23.5329 -142.655 3.30247 -9.53167 -144.113 
0.408154 -10.2623 -143.359 -2.27361 -10.2018 -143.502 -4.27212 -9.32292 -143.637 
-14.4528 -6.85985 -142.807 -17.1345 -21.9492 -141.942 -22.4217 -20.9216 -141.617 
-23.2385 -17.472 -142.399 11.6666 -5.7233 -144.792 -5.5025 -21.1074 -142.184 
-12.8486 -6.35589 -143.1 -22.66 -19.3454 -142.309 13.5843 -9.67949 -144.4 
12.5499 -6.32082 -144.148 13.5416 -10.9529 -145.246 11.2649 -26.1274 -143.06 
8.32719 -25.4102 -143.209 -7.04652 -6.90396 -143.264 2.89465 -21.0734 -143.255 
-8.85142 -7.1893 -143.9 -10.8045 -5.96975 -143.301 -15.4023 -20.1728 -142.83 
14.3163 -17.4994 -144.189 1.82463 -10.357 -143.79 13.2566 -8.87801 -145.253 
13.7481 -13.3855 -143.972 14.4881 -18.2862 -143.816 14.5852 -22.5015 -144.249 
4.5795 -22.4014 -143.045 -20.8999 -20.6098 -142.485 13.0444 -7.61229 -144.518 
13.8682 -14.4013 -144.315 -0.765019 -10.4688 -143.478 -13.557 -7.75687 -143.691 
14.0706 -23.5666 -144.307 2.02961 -19.3398 -144.039 -6.96537 -8.08912 -143.922 
-9.77841 -19.9546 -142.674 -19.2541 -11.5467 -143.471 14.1146 -15.9475 -144.139 
6.42357 -22.7859 -144.545 -1.72894 -19.7184 -143.362 -6.59542 -19.0414 -143.482 
-14.0987 -9.0308 -143.979 -15.421 -9.54734 -143.658 13.6737 -13.0392 -144.818 
14.4484 -19.4781 -144.855 -0.76204 -11.9192 -143.972 -5.73926 -8.8218 -143.892 
-18.5317 -20.2631 -142.999 10.8421 -6.18927 -145.764 -3.79535 -10.3466 -143.98 
-12.0928 -7.29094 -143.929 -21.6927 -13.4051 -142.89 14.3791 -18.5786 -144.466 
14.3357 -22.4057 -144.992 -4.67484 -19.7843 -143.311 -11.1274 -19.3057 -143.028 
-16.5813 -11.0462 -143.859 1.22986 -12.1998 -144.304 -20.3175 -12.5954 -143.443 
12.3553 -7.1638 -145.77 10.2756 -25.6689 -144.256 8.99593 -25.2311 -144.325 
7.76415 -24.5288 -144.074 -0.344077 -18.7831 -143.816 -5.55808 -9.7765 -144.249 
-6.887 -9.43898 -144.451 -8.64263 -19.3392 -143.179 -18.1815 -11.7564 -143.849 
-21.1877 -18.8386 -143.37 11.5889 -25.0978 -144.798 2.6226 -11.1875 -144.604 
0.820935 -19.1301 -143.786 -2.43638 -12.1374 -144.209 -22.5091 -16.9448 -143.168 
4.77719 -21.1479 -144.525 -4.10214 -11.4907 -144.339 -4.75612 -10.3737 -144.232 
-9.75955 -18.677 -143.514 -22.2965 -17.9587 -143.19 13.3185 -9.61626 -146.064 
13.5789 -12.6224 -145.82 13.8821 -15.5133 -145.195 -1.82283 -13.7238 -144.408 
-8.26172 -8.76099 -144.498 -18.9809 -12.5799 -143.99 13.7488 -14.2318 -146.29 
14.0406 -16.7675 -145.342 1.12444 -17.6999 -144.356 -3.32534 -19.3379 -143.599 
-12.2322 -8.8768 -144.418 -12.9603 -18.3598 -143.556 -20.058 -19.5777 -143.397 
12.9853 -8.75437 -146.647 14.1456 -21.6006 -145.8 4.66874 -10.7459 -145.776 
3.8062 -19.5872 -144.838 -0.415333 -17.5976 -144.191 -2.35265 -17.7286 -144.125 
-6.23589 -10.9203 -144.639 -10.8205 -7.60523 -144.224 -10.5341 -17.0137 -144.141 
-20.8797 -14.5628 -143.684 14.1976 -18.3567 -145.667 7.87187 -8.15225 -146.435 
10.0173 -24.5261 -145.705 3.38393 -10.717 -144.933 0.172285 -16.825 -144.333 
-8.4704 -17.7677 -144.045 13.5413 -22.8422 -145.864 10.001 -7.33973 -146.791 
12.9063 -24.2137 -145.119 3.33805 -11.3918 -145.167 -0.0994774 -14.457 -144.392 
-0.763569 -16.6244 -144.315 -4.48206 -18.5775 -143.905 13.9396 -15.9095 -146.163 
8.32545 -23.915 -145.416 3.04277 -12.8579 -145.32 1.54368 -14.2548 -144.734 
-0.112966 -15.9965 -144.371 -0.565756 -15.7611 -144.377 -0.525251 -16.136 -144.352 
-1.53412 -15.6668 -144.424 -0.584228 -16.0246 -144.36 -0.761506 -16.0774 -144.369 
-3.58273 -13.3474 -144.58 -8.54296 -10.3157 -144.845 -15.0835 -17.2626 -144.103 
13.0614 -10.0433 -146.951 14.2018 -20.1118 -146.015 3.10721 -17.8565 -145.13 
0.898341 -15.8757 -144.54 -2.91315 -14.7323 -144.598 -9.98205 -8.88554 -144.623 
-8.92767 -16.436 -144.474 -13.7921 -10.9176 -144.465 -12.8445 -15.6961 -144.436 
-17.2202 -18.1847 -143.97 -19.431 -18.0729 -143.936 -21.2859 -16.8031 -143.672 
-3.31167 -15.9951 -144.527 -6.00082 -13.1021 -144.814 -5.32221 -16.8941 -144.393 
-7.0156 -17.5193 -144.233 -7.58139 -16.3676 -144.552 -15.3618 -12.6963 -144.502 
-17.55 -13.5789 -144.407 13.2723 -12.1315 -147.077 6.27758 -9.1342 -146.151 
2.6186 -15.6664 -145.234 -4.58943 -14.8501 -144.701 -10.9847 -15.2936 -144.613 
-19.4577 -13.7361 -144.127 -19.2668 -15.5604 -144.31 7.9792 -22.0734 -146.717 
5.72961 -21.235 -145.333 -9.06981 -14.649 -144.799 -10.9503 -10.7532 -144.866 
-11.4739 -13.9368 -144.799 -6.6388 -14.9732 -144.782 -7.843 -11.9877 -144.975 
-12.0389 -12.2674 -144.85 -13.4902 -13.3437 -144.692 -15.4105 -14.8023 -144.584 
5.5501 -19.8429 -146.051 -9.37094 -11.6547 -145.034 -10.343 -12.6296 -144.98 
-16.8578 -14.9823 -144.67 -16.7361 -16.2335 -144.541 -18.1061 -16.7215 -144.45 
14.0261 -17.038 -146.82 -7.37371 -13.9904 -144.918 -7.84565 -13.2849 -144.981 
-8.9256 -12.803 -145.031 -17.7252 -15.4068 -144.628 13.9495 -15.7363 -147.238 
4.49978 -16.419 -146.394 6.49098 -21.2044 -146.079 13.0412 -9.21107 -147.153 
11.4596 -7.20068 -146.827 4.53736 -12.8193 -146.43 4.67458 -18.2478 -146.06 
9.24117 -23.3883 -146.659 12.5714 -9.10706 -147.465 12.2831 -7.9635 -147.059 
7.22517 -10.3288 -147.406 4.23707 -14.3748 -146.361 11.7267 -23.2189 -146.7 
5.12358 -13.6032 -147.041 13.3126 -21.0931 -147.268 13.8143 -18.6812 -147.671 
9.56722 -9.27889 -147.773 6.07634 -12.4557 -147.48 11.7752 -10.9491 -148.326 
11.3708 -8.45539 -147.61 13.5505 -13.5547 -147.934 6.00562 -14.7329 -147.672 
13.7858 -14.8582 -148.176 6.65752 -17.5614 -147.778 10.2162 -23.5014 -146.901 
13.8046 -16.497 -148.514 7.22423 -20.0389 -147.401 9.98204 -22.0019 -147.807 
13.0025 -12.6745 -148.53 12.9994 -19.4871 -148.823 7.5573 -11.8132 -148.305 
9.13582 -11.405 -148.632 8.06909 -13.3669 -148.882 13.5048 -15.2113 -149.329 
11.8183 -20.7853 -148.568 13.2915 -13.9681 -149.087 7.88587 -15.4497 -149.023 
8.72456 -20.557 -148.216 12.3904 -13.0535 -149.368 8.4268 -18.923 -148.74 
13.1878 -17.7299 -149.443 12.4723 -14.7745 -150.009 12.0501 -18.6896 -149.816 
10.6723 -13.3203 -149.639 9.47421 -16.9758 -149.813 13.2168 -16.1554 -149.807 
10.2547 -19.4315 -149.342 9.42288 -14.8473 -149.85 12.1437 -16.7132 -150.403 
10.951 -15.4813 -150.395 11.0753 -17.6918 -150.352 11.0002 -16.671 -150.606 

POLYGONS 20000 80000
3 0 1 2 
3 0 2 3 
3 1 0 4 
3 4 5 1 
3 3 6 0 
3 4 0 7 
3 3 8 9 
3 6 10 0 
3 7 0 10 
3 9 6 3 
3 7 11 4 
3 10 6 12 
3 7 10 13 
3 14 2 15 
3 16 17 14 
3 14 17 18 
3 19 15 1 
3 1 15 2 
3 20 19 1 
3 14 18 21 
3 21 2 14 
3 18 22 23 
3 1 5 20 
3 21 18 23 
3 21 3 2 
3 21 23 24 
3 3 21 24 
3 5 25 20 
3 26 24 23 
3 24 26 27 
3 4 28 5 
3 25 5 28 
3 8 3 24 
3 27 8 24 
3 28 29 25 
3 30 31 27 
3 27 31 8 
3 28 4 11 
3 11 32 28 
3 29 28 32 
3 6 9 8 
3 8 31 33 
3 12 6 8 
3 32 11 34 
3 35 33 31 
3 11 7 13 
3 12 8 33 
3 12 13 10 
3 36 32 34 
3 33 37 12 
3 11 13 38 
3 38 34 11 
3 38 39 34 
3 36 34 39 
3 40 37 33 
3 12 41 13 
3 12 37 41 
3 41 38 13 
3 40 41 37 
3 41 42 38 
3 16 14 43 
3 14 44 43 
3 45 46 47 
3 47 16 43 
3 15 19 44 
3 14 15 44 
3 46 16 47 
3 48 44 19 
3 16 46 17 
3 46 49 17 
3 48 19 20 
3 22 17 49 
3 22 18 17 
3 50 48 20 
3 51 22 49 
3 26 22 51 
3 23 22 26 
3 20 52 50 
3 53 54 51 
3 26 51 54 
3 52 20 25 
3 54 30 26 
3 27 26 30 
3 25 55 52 
3 55 25 29 
3 54 31 30 
3 29 32 55 
3 31 54 56 
3 56 35 31 
3 35 40 33 
3 56 57 35 
3 57 40 35 
3 36 58 32 
3 58 36 59 
3 57 56 60 
3 39 38 61 
3 61 59 39 
3 36 39 59 
3 57 62 40 
3 63 59 61 
3 61 38 42 
3 42 41 40 
3 64 63 61 
3 57 65 62 
3 66 40 62 
3 42 40 66 
3 66 64 42 
3 42 64 61 
3 64 67 63 
3 65 66 62 
3 68 69 43 
3 44 70 68 
3 71 47 72 
3 69 72 47 
3 43 44 68 
3 72 73 71 
3 47 43 69 
3 73 45 71 
3 47 71 45 
3 45 73 46 
3 74 70 44 
3 74 44 48 
3 74 75 70 
3 46 73 49 
3 76 49 73 
3 48 75 74 
3 77 78 75 
3 48 77 75 
3 79 80 76 
3 79 81 80 
3 80 49 76 
3 48 50 77 
3 81 49 80 
3 53 49 81 
3 50 82 77 
3 53 51 49 
3 52 82 50 
3 52 83 82 
3 84 54 53 
3 83 52 55 
3 55 85 83 
3 86 87 84 
3 54 84 87 
3 32 85 55 
3 54 87 88 
3 88 56 54 
3 56 88 89 
3 85 32 58 
3 56 89 90 
3 90 60 56 
3 57 60 90 
3 90 65 57 
3 59 63 91 
3 58 59 91 
3 90 92 65 
3 65 93 66 
3 67 94 63 
3 91 63 94 
3 93 65 92 
3 67 64 95 
3 93 95 66 
3 64 66 95 
3 95 94 67 
3 92 90 96 
3 93 92 97 
3 98 97 92 
3 93 97 99 
3 95 93 99 
3 100 69 101 
3 102 101 68 
3 68 101 69 
3 68 70 102 
3 103 72 100 
3 69 100 72 
3 73 72 103 
3 70 75 104 
3 75 78 104 
3 73 79 76 
3 77 105 78 
3 82 105 77 
3 81 106 84 
3 84 53 81 
3 83 107 82 
3 108 84 106 
3 107 83 85 
3 84 108 86 
3 87 86 109 
3 109 88 87 
3 109 89 88 
3 89 109 110 
3 58 111 85 
3 110 90 89 
3 112 111 58 
3 112 58 91 
3 91 113 112 
3 110 114 90 
3 113 91 94 
3 96 90 114 
3 113 94 115 
3 114 116 96 
3 95 115 94 
3 92 96 116 
3 98 92 116 
3 113 115 117 
3 118 95 99 
3 97 98 119 
3 99 97 119 
3 118 115 95 
3 119 98 116 
3 118 99 119 
3 118 119 120 
3 121 122 103 
3 100 101 121 
3 103 100 121 
3 123 102 70 
3 124 123 104 
3 123 70 104 
3 125 79 103 
3 79 73 103 
3 104 78 124 
3 126 124 78 
3 78 105 126 
3 79 127 81 
3 81 127 106 
3 128 105 82 
3 107 128 82 
3 129 108 106 
3 107 85 130 
3 108 131 132 
3 86 108 132 
3 130 85 133 
3 86 132 134 
3 134 109 86 
3 133 85 135 
3 134 110 109 
3 85 111 135 
3 135 111 136 
3 134 137 110 
3 136 111 138 
3 111 112 138 
3 110 137 139 
3 113 138 112 
3 110 139 114 
3 138 113 140 
3 139 141 114 
3 142 117 115 
3 116 114 141 
3 118 143 115 
3 143 142 115 
3 142 143 117 
3 116 144 119 
3 120 119 144 
3 120 144 118 
3 144 145 118 
3 143 118 145 
3 146 147 143 
3 117 143 147 
3 148 144 116 
3 145 146 143 
3 101 149 150 
3 101 102 149 
3 151 121 150 
3 121 101 150 
3 152 149 102 
3 122 121 151 
3 153 152 102 
3 102 154 153 
3 102 123 154 
3 122 125 103 
3 123 124 154 
3 155 154 124 
3 156 155 124 
3 125 157 79 
3 124 126 156 
3 126 105 158 
3 105 128 158 
3 108 129 131 
3 159 137 134 
3 136 138 160 
3 137 159 139 
3 160 138 140 
3 139 159 161 
3 140 113 117 
3 160 140 162 
3 117 163 140 
3 161 164 139 
3 141 139 164 
3 162 140 163 
3 164 165 141 
3 117 147 166 
3 116 141 165 
3 165 148 116 
3 145 167 146 
3 147 146 167 
3 145 144 167 
3 166 147 167 
3 166 168 117 
3 163 117 168 
3 167 144 169 
3 170 166 167 
3 165 169 148 
3 144 148 169 
3 169 171 167 
3 171 170 167 
3 149 152 172 
3 153 172 152 
3 149 173 150 
3 174 175 151 
3 173 174 151 
3 151 150 173 
3 151 175 122 
3 176 122 175 
3 125 122 176 
3 157 125 176 
3 177 154 155 
3 155 156 177 
3 156 126 177 
3 127 79 157 
3 178 177 126 
3 126 158 178 
3 158 128 179 
3 180 128 107 
3 180 107 130 
3 181 132 131 
3 134 132 181 
3 134 181 159 
3 160 182 136 
3 162 182 160 
3 161 183 164 
3 162 163 184 
3 168 166 170 
3 168 185 163 
3 165 164 183 
3 170 186 168 
3 165 183 187 
3 186 185 168 
3 163 185 188 
3 184 163 188 
3 188 189 184 
3 165 171 169 
3 186 170 190 
3 188 185 186 
3 187 191 165 
3 171 165 191 
3 192 190 170 
3 193 191 187 
3 191 192 171 
3 171 192 170 
3 186 190 194 
3 193 195 191 
3 192 194 190 
3 149 172 196 
3 196 174 173 
3 149 196 173 
3 174 176 175 
3 197 153 154 
3 177 197 154 
3 157 198 127 
3 177 178 199 
3 179 178 158 
3 127 200 106 
3 106 200 129 
3 201 131 129 
3 131 201 202 
3 180 130 133 
3 133 203 180 
3 135 203 133 
3 136 204 135 
3 204 136 182 
3 161 159 205 
3 205 206 161 
3 182 162 189 
3 183 161 206 
3 162 184 189 
3 187 183 206 
3 189 188 207 
3 206 208 187 
3 193 187 208 
3 209 188 186 
3 208 210 193 
3 194 209 186 
3 188 209 207 
3 195 193 210 
3 195 211 191 
3 192 191 211 
3 195 210 212 
3 195 213 211 
3 194 192 211 
3 209 194 214 
3 214 215 209 
3 207 209 215 
3 194 211 214 
3 212 213 195 
3 216 214 211 
3 211 213 216 
3 213 212 217 
3 216 218 214 
3 218 216 219 
3 217 219 216 
3 220 221 196 
3 220 172 222 
3 196 221 174 
3 196 172 220 
3 153 222 172 
3 223 222 153 
3 197 223 153 
3 221 224 176 
3 176 174 221 
3 225 197 177 
3 177 226 225 
3 226 177 199 
3 198 157 227 
3 226 199 228 
3 199 178 228 
3 198 200 127 
3 178 179 228 
3 229 228 179 
3 200 201 129 
3 202 181 131 
3 230 159 181 
3 204 203 135 
3 159 230 205 
3 204 182 231 
3 189 231 182 
3 205 232 206 
3 231 189 233 
3 207 233 189 
3 208 206 232 
3 234 235 207 
3 233 207 235 
3 212 210 217 
3 215 234 207 
3 208 236 210 
3 214 237 215 
3 217 210 236 
3 218 237 214 
3 234 215 237 
3 216 213 217 
3 238 237 218 
3 219 217 239 
3 219 238 218 
3 239 238 219 
3 240 241 220 
3 220 222 240 
3 241 242 220 
3 242 224 221 
3 220 242 221 
3 224 243 157 
3 157 176 224 
3 197 225 244 
3 225 226 244 
3 227 157 243 
3 245 198 227 
3 198 245 200 
3 200 246 201 
3 247 203 204 
3 247 204 231 
3 231 233 248 
3 208 232 236 
3 233 249 248 
3 237 235 234 
3 235 249 233 
3 237 249 235 
3 238 250 237 
3 250 249 237 
3 239 250 238 
3 240 251 252 
3 252 253 241 
3 240 222 251 
3 242 241 253 
3 241 240 252 
3 223 251 222 
3 242 254 224 
3 243 224 254 
3 255 223 197 
3 256 255 197 
3 256 197 244 
3 257 256 244 
3 257 244 226 
3 243 258 227 
3 259 257 226 
3 260 245 258 
3 227 258 245 
3 226 228 259 
3 245 260 200 
3 200 260 246 
3 246 261 201 
3 128 262 179 
3 180 262 128 
3 201 263 202 
3 205 230 264 
3 265 236 232 
3 239 217 236 
3 250 266 249 
3 250 239 266 
3 267 268 252 
3 252 251 267 
3 253 252 268 
3 251 223 269 
3 270 242 253 
3 254 242 270 
3 223 255 271 
3 254 272 243 
3 258 243 272 
3 273 258 272 
3 258 273 260 
3 259 228 274 
3 228 229 274 
3 260 275 246 
3 261 246 275 
3 263 201 261 
3 203 276 180 
3 277 230 181 
3 248 278 231 
3 265 232 205 
3 248 249 279 
3 236 265 239 
3 249 266 279 
3 280 268 267 
3 267 251 281 
3 253 282 270 
3 253 268 282 
3 251 269 271 
3 271 269 223 
3 270 283 254 
3 272 254 283 
3 256 257 255 
3 284 272 285 
3 272 284 273 
3 286 273 284 
3 273 286 260 
3 260 286 287 
3 275 260 287 
3 229 179 288 
3 263 261 289 
3 179 262 288 
3 290 202 263 
3 277 181 202 
3 291 203 247 
3 264 230 277 
3 231 278 247 
3 278 248 292 
3 293 265 205 
3 292 248 279 
3 266 239 294 
3 281 280 267 
3 282 268 280 
3 251 271 281 
3 282 295 270 
3 295 283 270 
3 271 255 296 
3 296 255 257 
3 297 272 283 
3 272 297 285 
3 298 284 285 
3 299 257 259 
3 284 298 286 
3 259 274 299 
3 275 287 286 
3 288 300 229 
3 261 275 289 
3 263 289 290 
3 301 262 180 
3 276 301 180 
3 203 302 276 
3 291 302 203 
3 266 303 279 
3 304 294 239 
3 266 294 305 
3 282 280 306 
3 307 295 306 
3 295 282 306 
3 295 307 283 
3 285 308 298 
3 309 299 274 
3 310 286 298 
3 286 310 311 
3 275 286 311 
3 300 274 229 
3 302 301 276 
3 291 247 312 
3 312 247 313 
3 313 247 278 
3 303 292 279 
3 304 239 265 
3 280 281 314 
3 271 315 281 
3 283 307 297 
3 297 308 285 
3 277 202 290 
3 266 305 303 
3 280 314 316 
3 316 317 306 
3 306 280 316 
3 306 317 307 
3 315 271 296 
3 297 318 308 
3 308 310 298 
3 309 274 300 
3 275 311 289 
3 319 288 262 
3 277 320 264 
3 291 321 302 
3 321 322 302 
3 312 321 291 
3 312 322 321 
3 278 323 313 
3 205 324 293 
3 292 325 278 
3 281 315 314 
3 307 326 297 
3 308 318 310 
3 301 302 327 
3 323 312 313 
3 317 326 307 
3 296 328 315 
3 329 296 257 
3 257 299 329 
3 330 310 318 
3 331 205 264 
3 322 312 323 
3 325 332 278 
3 305 333 303 
3 316 314 334 
3 317 316 335 
3 336 297 326 
3 318 297 336 
3 330 311 310 
3 337 262 301 
3 290 338 277 
3 278 332 323 
3 326 317 339 
3 329 328 296 
3 340 311 341 
3 340 289 311 
3 342 337 301 
3 322 343 302 
3 292 332 325 
3 265 293 344 
3 333 305 294 
3 335 316 345 
3 316 334 345 
3 346 334 314 
3 317 335 339 
3 315 346 314 
3 347 329 299 
3 330 341 311 
3 288 348 300 
3 262 337 319 
3 301 327 342 
3 327 302 343 
3 324 205 331 
3 344 304 265 
3 346 315 349 
3 350 347 299 
3 299 309 351 
3 348 309 300 
3 289 352 290 
3 320 277 338 
3 294 304 353 
3 315 328 349 
3 326 354 336 
3 328 329 355 
3 329 347 355 
3 318 356 330 
3 350 299 357 
3 341 330 358 
3 319 348 288 
3 352 289 340 
3 352 359 290 
3 322 323 360 
3 360 361 322 
3 354 326 339 
3 355 347 362 
3 350 362 347 
3 357 299 351 
3 363 343 322 
3 264 320 364 
3 365 322 361 
3 360 366 361 
3 367 361 366 
3 367 365 361 
3 360 367 366 
3 323 368 360 
3 367 360 368 
3 368 323 332 
3 369 293 324 
3 370 328 355 
3 371 350 357 
3 372 371 357 
3 351 372 357 
3 340 341 373 
3 338 290 359 
3 374 343 363 
3 322 365 363 
3 331 264 364 
3 368 365 367 
3 375 324 331 
3 333 294 353 
3 345 376 335 
3 371 362 350 
3 362 371 372 
3 377 309 348 
3 369 344 293 
3 292 303 378 
3 303 333 379 
3 346 380 334 
3 339 335 381 
3 349 382 346 
3 330 383 358 
3 352 384 359 
3 337 385 319 
3 385 337 342 
3 292 386 332 
3 386 292 387 
3 378 303 388 
3 389 304 344 
3 330 356 390 
3 362 372 391 
3 391 392 362 
3 351 391 372 
3 351 393 391 
3 393 392 391 
3 394 393 351 
3 358 373 341 
3 343 395 327 
3 332 396 368 
3 375 369 324 
3 397 388 303 
3 398 345 334 
3 335 376 381 
3 328 399 349 
3 362 400 355 
3 400 362 392 
3 401 330 390 
3 401 383 330 
3 383 402 358 
3 394 351 377 
3 351 309 377 
3 403 319 385 
3 338 359 404 
3 365 368 396 
3 378 387 292 
3 379 397 303 
3 333 353 405 
3 405 379 333 
3 345 398 376 
3 334 380 398 
3 382 406 346 
3 390 336 407 
3 390 318 336 
3 390 356 318 
3 327 408 342 
3 408 327 395 
3 320 338 404 
3 343 374 395 
3 364 320 409 
3 363 365 410 
3 411 387 378 
3 380 346 406 
3 401 402 383 
3 373 352 340 
3 412 348 319 
3 412 319 403 
3 342 408 385 
3 413 408 395 
3 414 374 363 
3 389 353 304 
3 415 381 376 
3 406 416 380 
3 417 336 354 
3 370 355 418 
3 418 355 419 
3 400 419 355 
3 394 420 393 
3 384 421 359 
3 359 421 404 
3 414 363 410 
3 396 332 422 
3 389 405 353 
3 349 423 382 
3 399 424 349 
3 407 336 417 
3 399 328 425 
3 425 328 370 
3 400 392 420 
3 420 392 393 
3 394 377 426 
3 404 427 320 
3 409 320 428 
3 429 374 430 
3 430 374 414 
3 431 365 396 
3 432 378 388 
3 432 388 397 
3 433 339 381 
3 433 354 339 
3 423 349 424 
3 390 434 401 
3 435 373 358 
3 421 384 436 
3 385 437 403 
3 437 385 408 
3 427 428 320 
3 414 410 430 
3 410 365 431 
3 331 364 438 
3 439 331 438 
3 375 331 439 
3 439 440 375 
3 369 375 441 
3 411 378 432 
3 344 442 389 
3 376 398 415 
3 443 424 399 
3 443 399 425 
3 419 400 420 
3 401 434 402 
3 348 412 444 
3 445 384 352 
3 445 436 384 
3 427 404 446 
3 364 409 447 
3 396 422 448 
3 447 438 364 
3 332 386 422 
3 441 375 440 
3 441 449 369 
3 449 344 369 
3 450 442 344 
3 389 451 405 
3 380 416 398 
3 423 406 382 
3 417 354 433 
3 370 418 425 
3 358 452 435 
3 348 444 377 
3 352 373 435 
3 453 412 403 
3 421 446 404 
3 395 454 413 
3 431 455 410 
3 456 447 409 
3 448 431 396 
3 439 438 440 
3 438 447 440 
3 387 457 386 
3 397 379 458 
3 379 405 451 
3 458 432 397 
3 381 415 433 
3 423 424 443 
3 434 459 402 
3 426 377 460 
3 452 358 402 
3 352 435 445 
3 437 408 413 
3 454 395 374 
3 410 455 430 
3 428 456 409 
3 441 440 447 
3 411 457 387 
3 449 450 344 
3 461 411 432 
3 451 458 379 
3 417 462 407 
3 419 463 418 
3 464 420 394 
3 464 394 426 
3 436 465 421 
3 466 428 427 
3 458 467 432 
3 406 468 416 
3 390 407 462 
3 469 459 434 
3 426 460 464 
3 470 377 444 
3 453 444 412 
3 403 437 471 
3 446 421 465 
3 446 466 427 
3 454 374 429 
3 389 442 472 
3 432 473 461 
3 472 451 389 
3 473 432 467 
3 423 468 406 
3 474 468 423 
3 463 425 418 
3 390 475 434 
3 459 476 402 
3 477 435 452 
3 429 430 455 
3 455 431 478 
3 448 478 431 
3 478 448 422 
3 479 442 450 
3 480 442 481 
3 480 472 442 
3 451 482 458 
3 482 467 458 
3 483 415 398 
3 443 474 423 
3 463 484 425 
3 464 485 420 
3 452 402 476 
3 377 470 460 
3 403 471 453 
3 486 441 447 
3 457 422 386 
3 441 487 449 
3 488 450 449 
3 479 489 442 
3 461 490 411 
3 450 491 479 
3 489 479 491 
3 481 442 489 
3 480 481 492 
3 472 480 492 
3 489 492 481 
3 461 493 490 
3 461 473 494 
3 451 472 495 
3 496 451 495 
3 497 473 467 
3 496 482 451 
3 482 497 467 
3 417 433 498 
3 498 499 417 
3 484 500 425 
3 469 475 501 
3 469 434 475 
3 470 464 460 
3 435 502 445 
3 457 411 490 
3 492 489 491 
3 494 493 461 
3 472 492 495 
3 494 473 503 
3 497 503 473 
3 482 503 497 
3 416 504 398 
3 468 474 505 
3 443 505 474 
3 500 506 425 
3 462 501 390 
3 469 476 459 
3 502 435 477 
3 454 507 413 
3 429 455 508 
3 478 509 455 
3 488 510 450 
3 450 510 491 
3 493 494 503 
3 482 496 511 
3 468 512 416 
3 505 512 468 
3 499 462 417 
3 500 484 513 
3 513 484 463 
3 463 419 514 
3 420 515 419 
3 485 515 420 
3 464 470 516 
3 466 446 517 
3 422 457 518 
3 488 449 487 
3 490 519 457 
3 493 520 490 
3 493 503 521 
3 522 521 503 
3 482 523 503 
3 523 524 503 
3 482 511 523 
3 524 522 503 
3 504 483 398 
3 525 415 483 
3 512 526 416 
3 505 526 512 
3 425 506 443 
3 513 463 514 
3 515 514 419 
3 475 390 501 
3 516 485 464 
3 452 527 477 
3 444 453 528 
3 445 529 436 
3 530 471 437 
3 429 508 454 
3 428 466 531 
3 457 532 518 
3 519 532 457 
3 520 519 490 
3 491 495 492 
3 520 493 521 
3 496 495 511 
3 521 522 533 
3 523 511 534 
3 533 522 524 
3 524 523 534 
3 433 415 535 
3 505 536 526 
3 537 505 443 
3 500 538 506 
3 500 513 538 
3 485 539 515 
3 501 540 469 
3 446 541 517 
3 509 508 455 
3 542 543 518 
3 543 422 518 
3 532 542 518 
3 519 544 532 
3 545 491 510 
3 511 495 546 
3 534 511 546 
3 524 547 533 
3 547 524 534 
3 415 525 535 
3 548 416 526 
3 548 526 536 
3 537 536 505 
3 506 549 443 
3 513 514 538 
3 515 550 514 
3 515 539 550 
3 539 485 551 
3 551 485 516 
3 527 452 476 
3 477 552 502 
3 413 507 437 
3 441 486 487 
3 542 553 543 
3 553 542 532 
3 520 521 554 
3 521 555 554 
3 533 555 521 
3 547 555 533 
3 534 556 547 
3 535 525 557 
3 525 483 504 
3 548 536 558 
3 536 537 558 
3 443 549 559 
3 549 506 538 
3 469 540 476 
3 470 444 560 
3 528 560 444 
3 445 502 561 
3 561 562 445 
3 562 529 445 
3 471 563 453 
3 564 465 436 
3 428 531 456 
3 422 565 478 
3 534 546 566 
3 555 547 567 
3 556 534 566 
3 568 567 547 
3 556 568 547 
3 569 504 416 
3 416 548 570 
3 535 571 433 
3 558 537 572 
3 537 443 572 
3 549 538 573 
3 573 538 514 
3 550 573 514 
3 550 539 574 
3 574 539 551 
3 527 476 540 
3 529 564 436 
3 565 422 543 
3 532 544 553 
3 555 575 554 
3 568 556 566 
3 525 504 557 
3 443 559 572 
3 433 576 498 
3 499 498 576 
3 499 501 462 
3 550 574 577 
3 574 551 577 
3 477 527 552 
3 560 578 470 
3 579 507 454 
3 519 580 544 
3 581 575 555 
3 555 567 581 
3 568 582 567 
3 582 581 567 
3 569 583 504 
3 504 583 557 
3 416 570 569 
3 548 558 570 
3 557 571 535 
3 558 572 584 
3 433 571 576 
3 549 573 559 
3 585 501 499 
3 573 550 577 
3 560 528 578 
3 502 552 561 
3 586 528 453 
3 471 530 563 
3 587 531 466 
3 588 447 456 
3 478 565 509 
3 589 487 486 
3 488 487 590 
3 580 519 591 
3 519 520 591 
3 545 592 495 
3 545 495 491 
3 593 546 495 
3 575 594 554 
3 581 595 575 
3 566 582 568 
3 581 582 596 
3 559 597 572 
3 437 507 530 
3 446 465 541 
3 579 454 508 
3 447 588 486 
3 510 488 590 
3 580 553 544 
3 554 591 520 
3 591 554 594 
3 595 581 596 
3 584 570 558 
3 597 584 572 
3 576 598 499 
3 453 563 586 
3 599 541 465 
3 543 600 565 
3 546 601 566 
3 594 575 595 
3 576 571 598 
3 597 559 602 
3 559 573 602 
3 602 573 603 
3 564 529 604 
3 465 564 599 
3 605 517 541 
3 517 587 466 
3 600 543 553 
3 591 606 580 
3 593 495 592 
3 601 546 593 
3 607 595 596 
3 608 607 596 
3 582 608 596 
3 557 583 609 
3 602 610 597 
3 577 611 573 
3 612 456 531 
3 613 508 509 
3 613 509 565 
3 614 486 588 
3 565 600 615 
3 594 616 591 
3 607 608 617 
3 608 582 618 
3 583 569 619 
3 584 597 620 
3 620 597 610 
3 551 516 621 
3 562 604 529 
3 622 563 530 
3 456 612 588 
3 615 613 565 
3 553 580 600 
3 591 616 606 
3 618 617 608 
3 583 619 609 
3 623 557 609 
3 602 603 610 
3 530 507 624 
3 625 600 580 
3 545 626 592 
3 601 593 627 
3 595 628 594 
3 629 628 595 
3 629 595 607 
3 629 607 617 
3 603 620 610 
3 585 499 598 
3 630 611 577 
3 631 540 501 
3 561 552 632 
3 633 508 613 
3 589 486 614 
3 634 625 580 
3 545 510 635 
3 606 634 580 
3 594 636 616 
3 623 637 557 
3 598 571 638 
3 611 603 573 
3 551 630 577 
3 561 639 562 
3 640 541 599 
3 641 507 579 
3 517 605 642 
3 508 643 579 
3 644 612 587 
3 612 531 587 
3 600 645 615 
3 600 625 645 
3 589 590 487 
3 510 590 635 
3 634 606 646 
3 647 592 626 
3 616 648 606 
3 649 616 650 
3 636 650 616 
3 594 628 636 
3 637 571 557 
3 501 585 651 
3 527 540 652 
3 586 563 622 
3 599 564 604 
3 624 507 641 
3 587 517 642 
3 642 644 587 
3 612 644 588 
3 653 615 645 
3 626 545 635 
3 649 648 616 
3 649 650 636 
3 628 629 654 
3 618 655 617 
3 609 656 623 
3 569 657 619 
3 571 637 638 
3 528 586 578 
3 604 562 639 
3 643 508 633 
3 658 615 653 
3 625 653 645 
3 634 659 625 
3 646 659 634 
3 646 606 660 
3 659 646 660 
3 648 660 606 
3 661 593 592 
3 593 661 627 
3 649 636 662 
3 662 636 628 
3 657 569 570 
3 663 585 598 
3 621 630 551 
3 621 516 664 
3 470 664 516 
3 578 665 470 
3 605 541 640 
3 613 658 633 
3 615 658 613 
3 662 666 649 
3 601 667 566 
3 668 582 566 
3 618 582 668 
3 617 654 629 
3 631 501 669 
3 642 605 670 
3 671 643 633 
3 644 672 588 
3 673 659 660 
3 635 674 626 
3 675 647 626 
3 648 676 660 
3 648 666 676 
3 649 666 648 
3 667 668 566 
3 677 628 654 
3 584 678 570 
3 584 679 678 
3 651 669 501 
3 680 652 540 
3 527 652 681 
3 552 527 681 
3 682 641 579 
3 670 644 642 
3 643 683 579 
3 683 643 671 
3 588 684 614 
3 659 673 625 
3 675 626 674 
3 660 676 673 
3 592 647 661 
3 601 627 661 
3 685 618 668 
3 655 654 617 
3 678 657 570 
3 620 686 584 
3 611 687 603 
3 688 651 585 
3 689 578 586 
3 690 639 561 
3 624 691 530 
3 684 588 672 
3 692 635 590 
3 673 693 625 
3 666 694 676 
3 619 657 695 
3 687 696 603 
3 663 688 585 
3 697 669 651 
3 669 697 698 
3 611 630 699 
3 631 700 540 
3 578 689 665 
3 530 691 622 
3 682 701 641 
3 658 671 633 
3 702 589 614 
3 692 590 589 
3 653 625 693 
3 674 703 675 
3 676 694 673 
3 661 704 601 
3 677 662 628 
3 609 705 656 
3 609 695 705 
3 695 609 619 
3 679 584 686 
3 706 598 638 
3 696 620 603 
3 707 687 611 
3 624 641 701 
3 692 589 702 
3 708 703 674 
3 662 709 666 
3 630 621 710 
3 680 681 652 
3 664 470 665 
3 632 690 561 
3 682 579 683 
3 702 614 684 
3 711 703 708 
3 675 712 647 
3 661 647 712 
3 712 704 661 
3 667 601 713 
3 677 654 714 
3 655 618 685 
3 705 695 657 
3 715 679 686 
3 716 707 611 
3 699 716 611 
3 700 631 669 
3 717 632 552 
3 552 681 717 
3 718 599 604 
3 719 658 653 
3 720 692 702 
3 673 721 693 
3 721 673 694 
3 703 711 675 
3 711 712 675 
3 694 666 709 
3 722 667 713 
3 709 662 677 
3 655 723 654 
3 657 724 705 
3 678 725 657 
3 726 688 663 
3 727 651 688 
3 651 727 697 
3 669 698 728 
3 728 698 697 
3 680 540 700 
3 729 639 690 
3 719 671 658 
3 674 635 730 
3 711 708 731 
3 704 732 601 
3 601 722 713 
3 723 655 733 
3 723 714 654 
3 663 598 706 
3 734 688 726 
3 632 735 690 
3 604 639 729 
3 736 586 622 
3 737 622 691 
3 670 738 644 
3 739 702 684 
3 635 692 740 
3 732 704 712 
3 741 694 709 
3 742 623 656 
3 637 623 742 
3 715 678 679 
3 743 638 637 
3 696 744 620 
3 687 707 696 
3 727 688 734 
3 697 727 728 
3 728 700 669 
3 640 599 718 
3 745 605 640 
3 720 702 739 
3 730 635 740 
3 730 708 674 
3 730 746 708 
3 731 708 746 
3 712 711 731 
3 741 709 747 
3 722 748 667 
3 677 749 709 
3 743 637 742 
3 724 657 725 
3 620 750 686 
3 630 710 699 
3 621 664 710 
3 717 735 632 
3 622 737 736 
3 605 745 670 
3 751 701 682 
3 672 752 684 
3 693 719 653 
3 721 753 693 
3 720 740 692 
3 754 746 730 
3 732 755 601 
3 747 709 749 
3 733 655 685 
3 723 756 714 
3 743 757 638 
3 744 750 620 
3 696 758 744 
3 759 604 729 
3 604 759 718 
3 760 683 671 
3 672 761 752 
3 753 719 693 
3 754 730 740 
3 754 731 746 
3 722 762 748 
3 667 763 668 
3 705 764 656 
3 638 757 706 
3 644 761 672 
3 752 765 684 
3 731 732 712 
3 766 732 731 
3 767 755 732 
3 601 755 767 
3 762 601 767 
3 762 722 601 
3 667 748 763 
3 763 768 668 
3 668 768 769 
3 685 668 769 
3 656 770 742 
3 724 725 771 
3 707 758 696 
3 772 664 665 
3 586 773 689 
3 736 774 586 
3 624 701 691 
3 683 751 682 
3 775 644 738 
3 739 684 765 
3 694 741 721 
3 776 768 763 
3 714 777 677 
3 733 756 723 
3 764 705 724 
3 778 757 743 
3 778 706 757 
3 750 715 686 
3 758 750 744 
3 779 727 734 
3 780 772 665 
3 736 737 774 
3 701 751 781 
3 671 782 760 
3 765 752 761 
3 748 776 763 
3 776 769 768 
3 656 764 770 
3 770 743 742 
3 715 725 678 
3 680 783 681 
3 784 735 717 
3 773 586 774 
3 729 690 785 
3 738 670 745 
3 786 683 760 
3 782 671 719 
3 767 732 787 
3 788 777 714 
3 756 788 714 
3 779 734 726 
3 700 789 680 
3 789 783 680 
3 721 741 790 
3 787 732 766 
3 762 767 787 
3 777 749 677 
3 791 685 769 
3 791 733 685 
3 717 681 792 
3 690 735 784 
3 701 793 691 
3 745 640 718 
3 644 775 761 
3 787 766 794 
3 791 756 733 
3 725 795 771 
3 796 663 706 
3 772 797 664 
3 798 665 689 
3 785 690 799 
3 721 800 753 
3 762 787 794 
3 801 776 748 
3 769 776 801 
3 663 796 726 
3 779 802 727 
3 803 789 700 
3 664 797 804 
3 780 797 772 
3 665 798 780 
3 805 741 747 
3 806 770 764 
3 750 807 715 
3 728 727 808 
3 809 797 780 
3 792 681 783 
3 792 784 717 
3 798 689 773 
3 784 799 690 
3 786 751 683 
3 810 739 765 
3 720 739 811 
3 777 788 812 
3 788 756 813 
3 756 791 814 
3 814 813 756 
3 815 764 816 
3 743 770 817 
3 725 715 795 
3 807 750 758 
3 818 779 726 
3 765 761 810 
3 819 754 740 
3 731 754 820 
3 766 731 821 
3 822 823 766 
3 749 777 824 
3 816 764 724 
3 771 816 724 
3 808 727 802 
3 699 710 825 
3 825 710 826 
3 803 700 827 
3 664 828 710 
3 828 664 804 
3 809 804 797 
3 759 829 718 
3 760 782 786 
3 739 810 811 
3 731 820 821 
3 747 749 805 
3 762 794 748 
3 812 824 777 
3 788 830 812 
3 824 812 830 
3 743 817 778 
3 715 831 795 
3 807 832 715 
3 833 807 758 
3 834 726 796 
3 835 758 707 
3 699 836 716 
3 803 837 789 
3 837 783 789 
3 809 828 804 
3 691 838 737 
3 839 753 800 
3 805 790 741 
3 821 822 766 
3 840 791 769 
3 764 815 806 
3 831 715 832 
3 706 841 796 
3 808 827 728 
3 836 699 825 
3 728 827 700 
3 842 826 710 
3 828 842 710 
3 793 838 691 
3 829 745 718 
3 701 843 793 
3 843 701 781 
3 751 786 781 
3 790 800 721 
3 819 740 720 
3 844 830 788 
3 816 845 815 
3 846 778 817 
3 841 706 778 
3 807 833 832 
3 818 802 779 
3 836 707 716 
3 803 827 837 
3 847 792 783 
3 848 737 838 
3 761 849 810 
3 850 720 811 
3 805 749 851 
3 824 851 749 
3 771 845 816 
3 852 833 758 
3 796 841 834 
3 773 774 853 
3 854 754 855 
3 754 854 820 
3 856 851 824 
3 830 857 856 
3 824 830 856 
3 830 844 857 
3 813 858 788 
3 791 859 814 
3 770 860 817 
3 833 852 832 
3 861 808 802 
3 848 774 737 
3 862 759 729 
3 759 862 829 
3 738 745 863 
3 738 863 775 
3 775 864 761 
3 850 811 810 
3 800 790 865 
3 766 823 866 
3 866 794 766 
3 794 801 748 
3 840 769 867 
3 771 795 868 
3 795 831 868 
3 726 834 818 
3 707 836 869 
3 870 842 828 
3 848 853 774 
3 838 793 843 
3 786 782 871 
3 753 839 719 
3 854 821 820 
3 822 872 823 
3 851 856 857 
3 791 840 859 
3 859 873 814 
3 771 874 845 
3 770 806 860 
3 831 832 852 
3 841 778 875 
3 707 869 835 
3 828 809 870 
3 785 876 729 
3 862 729 876 
3 819 720 877 
3 821 872 822 
3 857 844 851 
3 769 801 878 
3 831 852 868 
3 861 802 818 
3 808 861 879 
3 879 880 808 
3 825 826 842 
3 870 825 842 
3 773 853 798 
3 785 799 881 
3 871 781 786 
3 871 782 882 
3 882 782 719 
3 810 883 850 
3 720 850 877 
3 769 878 884 
3 769 884 867 
3 788 858 885 
3 788 885 844 
3 813 814 858 
3 874 771 868 
3 783 837 847 
3 754 819 855 
3 845 886 815 
3 835 852 758 
3 827 808 880 
3 887 784 792 
3 881 799 784 
3 872 866 823 
3 801 794 888 
3 889 878 801 
3 859 840 890 
3 834 861 818 
3 847 887 792 
3 798 891 780 
3 798 892 891 
3 798 853 892 
3 871 893 781 
3 863 894 775 
3 894 864 775 
3 895 819 877 
3 896 854 855 
3 858 814 873 
3 873 859 897 
3 815 898 806 
3 899 846 817 
3 785 881 900 
3 843 781 901 
3 849 883 810 
3 855 819 895 
3 821 854 896 
3 888 794 902 
3 888 889 801 
3 844 903 851 
3 889 884 878 
3 867 904 840 
3 860 905 817 
3 905 860 806 
3 879 906 880 
3 906 879 861 
3 827 880 907 
3 809 780 908 
3 785 900 876 
3 909 848 838 
3 910 745 829 
3 745 910 863 
3 893 901 781 
3 894 863 911 
3 790 805 912 
3 859 890 913 
3 914 845 874 
3 875 778 846 
3 915 834 841 
3 916 861 834 
3 908 870 809 
3 917 829 862 
3 918 838 843 
3 864 894 911 
3 872 821 919 
3 866 872 919 
3 805 851 920 
3 840 904 890 
3 904 913 890 
3 815 886 898 
3 845 914 886 
3 921 841 875 
3 906 907 880 
3 918 909 838 
3 864 849 761 
3 719 839 922 
3 800 865 839 
3 790 912 865 
3 904 867 884 
3 923 905 806 
3 924 852 835 
3 925 915 841 
3 834 915 916 
3 926 861 916 
3 927 863 910 
3 794 866 902 
3 903 844 885 
3 899 817 905 
3 928 874 868 
3 780 929 908 
3 843 901 918 
3 927 911 863 
3 871 882 930 
3 719 922 882 
3 913 904 931 
3 932 875 846 
3 846 899 932 
3 868 852 933 
3 929 780 891 
3 887 847 934 
3 853 935 892 
3 871 930 893 
3 936 930 882 
3 839 937 938 
3 896 919 821 
3 919 939 866 
3 851 903 940 
3 941 889 888 
3 858 873 942 
3 898 923 806 
3 914 898 886 
3 837 943 847 
3 870 908 944 
3 935 891 892 
3 938 922 839 
3 839 865 937 
3 904 884 931 
3 933 928 868 
3 925 841 921 
3 835 869 945 
3 946 906 861 
3 943 837 947 
3 784 887 881 
3 929 891 935 
3 850 883 877 
3 912 805 920 
3 920 948 912 
3 896 949 919 
3 851 950 920 
3 950 851 940 
3 888 951 941 
3 941 884 889 
3 942 873 897 
3 932 921 875 
3 925 952 915 
3 953 906 946 
3 869 836 954 
3 955 836 825 
3 876 956 862 
3 883 957 877 
3 949 939 919 
3 951 888 902 
3 958 884 941 
3 897 859 913 
3 959 933 852 
3 945 869 960 
3 961 906 953 
3 961 907 906 
3 836 962 954 
3 962 836 955 
3 827 947 837 
3 955 825 963 
3 908 929 944 
3 964 935 853 
3 965 910 829 
3 966 849 864 
3 967 877 957 
3 968 885 858 
3 921 952 925 
3 835 945 924 
3 963 825 870 
3 965 829 917 
3 864 911 969 
3 937 865 970 
3 967 895 877 
3 967 971 895 
3 865 912 972 
3 895 973 855 
3 974 896 855 
3 949 975 939 
3 976 866 939 
3 866 977 902 
3 923 898 978 
3 979 899 905 
3 980 932 899 
3 960 869 954 
3 953 981 961 
3 964 853 848 
3 966 864 969 
3 982 883 849 
3 896 974 949 
3 975 983 939 
3 866 976 977 
3 931 884 984 
3 931 985 913 
3 874 986 914 
3 987 874 928 
3 980 899 979 
3 960 924 945 
3 861 926 946 
3 946 981 953 
3 870 944 963 
3 988 847 943 
3 876 900 956 
3 989 917 862 
3 910 990 927 
3 973 991 855 
3 950 948 920 
3 939 983 976 
3 942 968 858 
3 978 898 914 
3 986 874 987 
3 916 915 952 
3 992 827 907 
3 936 882 922 
3 982 849 993 
3 957 994 967 
3 974 975 949 
3 941 951 958 
3 984 884 958 
3 933 995 928 
3 921 996 952 
3 881 887 997 
3 998 862 956 
3 966 993 849 
3 994 957 883 
3 999 970 865 
3 950 940 1000 
3 1001 885 968 
3 1002 961 981 
3 1002 907 961 
3 955 1003 962 
3 1004 1003 955 
3 934 847 988 
3 997 887 934 
3 964 848 1005 
3 909 1005 848 
3 989 862 998 
3 1006 909 918 
3 901 1007 1008 
3 1009 927 990 
3 893 1007 901 
3 994 1010 967 
3 940 903 1000 
3 1011 903 885 
3 923 1012 905 
3 914 986 978 
3 995 987 928 
3 924 959 852 
3 992 907 1002 
3 1004 955 963 
3 1013 947 827 
3 1014 963 944 
3 947 988 943 
3 881 997 1015 
3 901 1008 918 
3 1016 918 1008 
3 965 990 910 
3 927 969 911 
3 971 967 1010 
3 895 971 1017 
3 895 1017 973 
3 1018 991 973 
3 1019 975 974 
3 1020 976 983 
3 976 1020 977 
3 1020 902 977 
3 985 1021 913 
3 1021 897 913 
3 923 978 1022 
3 979 905 1012 
3 1023 926 916 
3 1024 946 926 
3 1014 1004 963 
3 900 881 1015 
3 883 982 994 
3 1010 1025 971 
3 855 991 974 
3 983 975 1019 
3 1011 1000 903 
3 951 902 1020 
3 984 958 1026 
3 1023 916 952 
3 954 962 1003 
3 1027 997 934 
3 1025 1028 971 
3 971 1028 1017 
3 1028 1018 1017 
3 1017 1018 973 
3 1029 972 912 
3 1030 983 1019 
3 931 984 1031 
3 1023 1024 926 
3 946 1024 981 
3 992 1013 827 
3 988 947 1032 
3 1027 934 988 
3 1015 1033 900 
3 965 917 989 
3 1034 1008 1007 
3 1035 927 1009 
3 982 1010 994 
3 948 950 1036 
3 1037 1019 974 
3 1030 1038 983 
3 983 1038 1020 
3 1026 951 1020 
3 951 1026 958 
3 1001 968 942 
3 1012 923 1022 
3 1013 1032 947 
3 964 1039 935 
3 1016 1006 918 
3 969 927 1035 
3 922 938 1040 
3 1040 938 937 
3 999 865 972 
3 912 948 1041 
3 974 991 1037 
3 897 1021 1042 
3 1043 1032 1013 
3 1044 944 929 
3 930 1045 893 
3 936 1045 930 
3 1046 937 970 
3 1025 1047 1028 
3 1048 1036 950 
3 1048 950 1000 
3 942 897 1042 
3 992 1043 1013 
3 929 1049 1044 
3 909 1006 1005 
3 1008 1034 1016 
3 990 965 1050 
3 1051 1007 893 
3 1040 937 1046 
3 1052 1025 1010 
3 1041 1029 912 
3 1030 1019 1037 
3 1038 1053 1020 
3 1011 885 1001 
3 952 1054 1023 
3 1055 1024 1023 
3 929 935 1049 
3 1056 964 1005 
3 956 900 1033 
3 956 1057 998 
3 998 1057 989 
3 990 1050 1009 
3 1040 936 922 
3 1025 1052 1047 
3 1018 1028 1047 
3 948 1036 1041 
3 1031 985 931 
3 1021 985 1058 
3 978 1059 1022 
3 978 986 1059 
3 1060 980 979 
3 1061 921 932 
3 1004 1014 1062 
3 944 1062 1014 
3 1015 997 1063 
3 964 1064 1039 
3 1045 1051 893 
3 1065 1030 1037 
3 1030 1066 1038 
3 1038 1066 1053 
3 1020 1053 1026 
3 1061 996 921 
3 1023 1054 1055 
3 1067 992 1002 
3 1004 1068 1003 
3 935 1039 1049 
3 964 1056 1064 
3 993 966 1069 
3 999 1046 970 
3 999 972 1070 
3 1000 1011 1071 
3 1072 942 1042 
3 1073 1031 984 
3 995 1074 987 
3 932 980 1061 
3 933 959 1075 
3 1067 1002 981 
3 954 1003 1076 
3 1077 1043 992 
3 988 1032 1078 
3 1027 1079 997 
3 1080 1005 1006 
3 1006 1016 1081 
3 1082 966 969 
3 982 993 1069 
3 1083 991 1018 
3 1058 985 1031 
3 1012 1084 979 
3 986 987 1074 
3 996 1085 952 
3 924 960 1086 
3 1087 1024 1055 
3 1088 1062 944 
3 989 1057 965 
3 972 1029 1070 
3 1037 991 1083 
3 1001 942 1072 
3 1042 1021 1089 
3 933 1090 995 
3 924 1075 959 
3 952 1085 1054 
3 924 1086 1091 
3 1092 960 954 
3 1093 1076 1003 
3 1033 1015 1063 
3 1007 1051 1094 
3 1082 969 1035 
3 936 1040 1095 
3 1010 982 1052 
3 1047 1096 1018 
3 984 1026 1097 
3 1073 1058 1031 
3 1059 986 1098 
3 1098 986 1074 
3 1090 933 1075 
3 954 1076 1092 
3 1067 1077 992 
3 1043 1078 1032 
3 1088 944 1044 
3 1099 956 1033 
3 1100 1081 1016 
3 1007 1094 1034 
3 1101 1052 982 
3 1096 1083 1018 
3 1058 1102 1021 
3 1103 1074 1090 
3 995 1090 1074 
3 1104 1055 1054 
3 1087 981 1024 
3 1027 988 1105 
3 1056 1005 1080 
3 1035 1009 1050 
3 1106 1045 936 
3 982 1107 1101 
3 1108 1041 1036 
3 1109 1066 1030 
3 1109 1053 1066 
3 1011 1001 1071 
3 1073 984 1110 
3 1111 1022 1059 
3 1068 1093 1003 
3 988 1078 1105 
3 1006 1081 1080 
3 1112 1050 965 
3 1046 999 1070 
3 1083 1113 1037 
3 1026 1053 1097 
3 1055 1104 1087 
3 1086 960 1092 
3 1100 1016 1034 
3 1069 966 1082 
3 1097 1110 984 
3 1021 1102 1089 
3 1022 1114 1012 
3 1075 1103 1090 
3 1115 996 1061 
3 1079 1063 997 
3 1099 1057 956 
3 1112 965 1057 
3 1116 1034 1094 
3 1106 1117 1045 
3 936 1095 1106 
3 1107 982 1069 
3 1118 1096 1047 
3 1065 1119 1030 
3 980 1060 1061 
3 1091 1075 924 
3 1068 1004 1120 
3 1088 1044 1049 
3 1099 1033 1121 
3 1040 1046 1122 
3 1119 1109 1030 
3 1115 1085 996 
3 1068 1076 1093 
3 1027 1105 1079 
3 1123 1047 1052 
3 1037 1113 1065 
3 1022 1111 1114 
3 1059 1124 1111 
3 1125 1059 1098 
3 1060 979 1084 
3 1126 981 1087 
3 1081 1056 1080 
3 1108 1029 1041 
3 1096 1127 1083 
3 1000 1071 1048 
3 1089 1072 1042 
3 1073 1128 1058 
3 1059 1125 1124 
3 1129 1087 1104 
3 1129 1126 1087 
3 1004 1062 1120 
3 1130 1063 1079 
3 1057 1099 1131 
3 1112 1132 1050 
3 1132 1035 1050 
3 1117 1051 1045 
3 1095 1040 1122 
3 1052 1101 1123 
3 1113 1083 1127 
3 1001 1072 1133 
3 1084 1012 1114 
3 1134 1039 1064 
3 1135 1064 1056 
3 1099 1121 1131 
3 1136 1069 1082 
3 1029 1137 1070 
3 1065 1113 1119 
3 1102 1138 1089 
3 1139 1054 1085 
3 1140 1129 1104 
3 1135 1056 1081 
3 1034 1116 1100 
3 1141 1082 1035 
3 1047 1142 1118 
3 1143 1096 1118 
3 1001 1144 1071 
3 1073 1110 1145 
3 1128 1102 1058 
3 1124 1114 1111 
3 1074 1146 1098 
3 1103 1146 1074 
3 1085 1115 1139 
3 1067 981 1147 
3 1043 1077 1148 
3 1039 1134 1049 
3 1033 1063 1121 
3 1051 1149 1094 
3 1046 1070 1150 
3 1151 1072 1089 
3 1097 1145 1110 
3 1140 1104 1054 
3 1077 1067 1152 
3 1078 1043 1148 
3 1051 1153 1149 
3 1117 1153 1051 
3 1107 1069 1154 
3 1118 1142 1143 
3 1096 1143 1127 
3 1001 1133 1144 
3 1109 1155 1053 
3 1114 1156 1084 
3 1157 1086 1092 
3 1092 1076 1158 
3 1159 1130 1079 
3 1064 1160 1134 
3 1160 1064 1135 
3 1131 1121 1161 
3 1122 1162 1095 
3 1142 1047 1123 
3 1163 1029 1108 
3 1156 1114 1124 
3 1164 1061 1060 
3 1165 981 1126 
3 1165 1147 981 
3 1152 1148 1077 
3 1117 1106 1095 
3 1046 1166 1122 
3 1167 1119 1113 
3 1151 1089 1138 
3 1168 1138 1102 
3 1086 1169 1091 
3 1068 1120 1170 
3 1057 1131 1171 
3 1057 1172 1112 
3 1173 1094 1149 
3 1069 1136 1154 
3 1154 1174 1107 
3 1029 1163 1137 
3 1071 1175 1048 
3 1084 1176 1060 
3 1164 1115 1061 
3 1086 1157 1169 
3 1076 1068 1158 
3 1121 1063 1177 
3 1178 1082 1141 
3 1070 1137 1150 
3 1179 1101 1180 
3 1101 1179 1123 
3 1123 1179 1142 
3 1119 1167 1109 
3 1097 1053 1155 
3 1168 1102 1128 
3 1125 1181 1124 
3 1146 1103 1182 
3 1158 1068 1170 
3 1147 1152 1067 
3 1183 1088 1049 
3 1130 1177 1063 
3 1116 1094 1173 
3 1136 1082 1178 
3 1184 1117 1095 
3 1166 1046 1150 
3 1107 1185 1101 
3 1048 1108 1036 
3 1186 1072 1151 
3 1073 1145 1128 
3 1156 1176 1084 
3 1098 1146 1125 
3 1075 1091 1187 
3 1158 1188 1092 
3 1171 1172 1057 
3 1189 1081 1100 
3 1035 1132 1141 
3 1155 1109 1167 
3 1072 1186 1133 
3 1138 1168 1190 
3 1191 1103 1075 
3 1192 1054 1139 
3 1193 1140 1054 
3 1193 1129 1140 
3 1079 1105 1194 
3 1195 1142 1179 
3 1142 1127 1143 
3 1196 1156 1124 
3 1124 1197 1196 
3 1124 1181 1197 
3 1125 1198 1181 
3 1191 1182 1103 
3 1148 1199 1078 
3 1200 1062 1088 
3 1201 1194 1105 
3 1185 1180 1101 
3 1127 1167 1113 
3 1125 1146 1198 
3 1060 1176 1164 
3 1202 1191 1075 
3 1092 1188 1157 
3 1193 1203 1129 
3 1204 1134 1160 
3 1121 1177 1161 
3 1100 1205 1189 
3 1180 1195 1179 
3 1048 1206 1108 
3 1207 1097 1155 
3 1207 1145 1097 
3 1168 1128 1208 
3 1208 1190 1168 
3 1209 1156 1196 
3 1202 1075 1187 
3 1210 1193 1054 
3 1203 1126 1129 
3 1200 1120 1062 
3 1211 1078 1199 
3 1105 1078 1212 
3 1159 1079 1194 
3 1134 1204 1049 
3 1131 1161 1171 
3 1100 1116 1205 
3 1153 1213 1149 
3 1107 1174 1185 
3 1137 1214 1150 
3 1156 1215 1216 
3 1216 1176 1156 
3 1192 1210 1054 
3 1165 1126 1203 
3 1211 1212 1078 
3 1088 1183 1200 
3 1217 1173 1149 
3 1217 1149 1213 
3 1162 1184 1095 
3 1122 1166 1162 
3 1185 1195 1180 
3 1209 1196 1218 
3 1170 1120 1200 
3 1219 1199 1148 
3 1201 1105 1212 
3 1160 1220 1204 
3 1116 1221 1205 
3 1141 1222 1178 
3 1213 1153 1117 
3 1154 1136 1223 
3 1224 1167 1127 
3 1071 1144 1225 
3 1128 1145 1226 
3 1227 1215 1156 
3 1181 1228 1197 
3 1169 1187 1091 
3 1229 1193 1210 
3 1230 1152 1147 
3 1231 1219 1148 
3 1183 1049 1232 
3 1081 1189 1135 
3 1108 1206 1163 
3 1175 1071 1225 
3 1227 1156 1209 
3 1218 1196 1197 
3 1202 1233 1191 
3 1139 1115 1234 
3 1157 1188 1169 
3 1193 1229 1235 
3 1049 1204 1236 
3 1132 1112 1237 
3 1141 1132 1237 
3 1223 1136 1178 
3 1154 1223 1174 
3 1142 1224 1127 
3 1238 1133 1186 
3 1228 1181 1198 
3 1202 1187 1233 
3 1234 1192 1139 
3 1192 1229 1210 
3 1165 1230 1147 
3 1152 1231 1148 
3 1219 1211 1199 
3 1201 1239 1194 
3 1194 1239 1159 
3 1049 1236 1232 
3 1240 1161 1177 
3 1237 1222 1141 
3 1117 1241 1213 
3 1184 1241 1117 
3 1226 1242 1128 
3 1209 1218 1227 
3 1197 1228 1218 
3 1146 1182 1243 
3 1182 1191 1243 
3 1244 1203 1193 
3 1245 1135 1189 
3 1175 1206 1048 
3 1133 1238 1144 
3 1155 1246 1207 
3 1216 1215 1176 
3 1193 1235 1244 
3 1244 1165 1203 
3 1231 1152 1230 
3 1247 1212 1211 
3 1112 1172 1248 
3 1116 1173 1249 
3 1146 1250 1198 
3 1251 1229 1192 
3 1252 1169 1188 
3 1253 1211 1219 
3 1201 1212 1247 
3 1220 1236 1204 
3 1177 1130 1254 
3 1240 1177 1254 
3 1237 1112 1248 
3 1116 1249 1221 
3 1150 1214 1166 
3 1195 1185 1255 
3 1256 1142 1195 
3 1151 1257 1186 
3 1138 1258 1151 
3 1128 1242 1208 
3 1252 1187 1169 
3 1251 1235 1229 
3 1170 1259 1158 
3 1253 1219 1231 
3 1245 1189 1205 
3 1155 1167 1260 
3 1260 1246 1155 
3 1186 1261 1238 
3 1207 1226 1145 
3 1218 1228 1262 
3 1158 1259 1188 
3 1205 1263 1245 
3 1205 1221 1264 
3 1167 1224 1265 
3 1258 1257 1151 
3 1266 1226 1207 
3 1227 1218 1262 
3 1146 1243 1250 
3 1115 1164 1267 
3 1251 1192 1234 
3 1253 1247 1211 
3 1239 1201 1247 
3 1130 1159 1254 
3 1268 1160 1135 
3 1135 1245 1268 
3 1263 1205 1264 
3 1248 1172 1269 
3 1269 1237 1248 
3 1173 1270 1249 
3 1271 1185 1174 
3 1214 1137 1272 
3 1144 1238 1225 
3 1207 1246 1266 
3 1226 1273 1242 
3 1274 1164 1176 
3 1115 1267 1275 
3 1251 1244 1235 
3 1276 1159 1239 
3 1221 1249 1264 
3 1277 1162 1166 
3 1206 1175 1225 
3 1208 1242 1273 
3 1278 1228 1198 
3 1275 1234 1115 
3 1279 1233 1187 
3 1280 1253 1231 
3 1281 1183 1232 
3 1282 1172 1171 
3 1217 1270 1173 
3 1283 1137 1163 
3 1186 1257 1261 
3 1284 1215 1227 
3 1268 1220 1160 
3 1285 1171 1161 
3 1223 1286 1174 
3 1260 1167 1287 
3 1237 1288 1222 
3 1241 1289 1213 
3 1227 1262 1284 
3 1276 1239 1290 
3 1291 1232 1236 
3 1254 1159 1276 
3 1292 1185 1271 
3 1190 1258 1138 
3 1208 1273 1293 
3 1228 1278 1262 
3 1198 1250 1278 
3 1243 1294 1250 
3 1234 1275 1295 
3 1279 1187 1252 
3 1231 1230 1280 
3 1170 1200 1296 
3 1263 1264 1297 
3 1222 1298 1178 
3 1255 1185 1292 
3 1137 1283 1272 
3 1163 1299 1283 
3 1256 1300 1142 
3 1224 1142 1300 
3 1301 1266 1246 
3 1190 1208 1293 
3 1215 1302 1176 
3 1164 1274 1267 
3 1303 1251 1234 
3 1244 1304 1165 
3 1253 1305 1247 
3 1236 1220 1291 
3 1220 1268 1306 
3 1172 1282 1269 
3 1217 1213 1289 
3 1271 1307 1292 
3 1255 1292 1308 
3 1309 1225 1238 
3 1302 1215 1284 
3 1233 1310 1191 
3 1252 1311 1279 
3 1312 1259 1170 
3 1230 1165 1313 
3 1281 1232 1314 
3 1285 1161 1240 
3 1297 1245 1263 
3 1288 1237 1315 
3 1289 1241 1316 
3 1317 1184 1162 
3 1214 1318 1166 
3 1299 1163 1206 
3 1167 1265 1287 
3 1260 1301 1246 
3 1319 1284 1262 
3 1250 1320 1278 
3 1294 1320 1250 
3 1311 1252 1188 
3 1165 1304 1313 
3 1280 1230 1313 
3 1170 1296 1321 
3 1200 1183 1281 
3 1314 1232 1291 
3 1254 1276 1322 
3 1323 1268 1245 
3 1217 1324 1270 
3 1289 1324 1217 
3 1223 1178 1325 
3 1317 1162 1277 
3 1271 1174 1326 
3 1307 1327 1292 
3 1327 1328 1292 
3 1328 1308 1292 
3 1318 1214 1272 
3 1329 1195 1255 
3 1273 1226 1330 
3 1302 1274 1176 
3 1244 1251 1331 
3 1188 1259 1332 
3 1307 1308 1327 
3 1328 1327 1308 
3 1308 1333 1255 
3 1258 1190 1293 
3 1278 1334 1262 
3 1170 1321 1312 
3 1290 1322 1276 
3 1171 1335 1282 
3 1336 1241 1184 
3 1174 1286 1326 
3 1271 1337 1307 
3 1307 1337 1308 
3 1333 1308 1337 
3 1206 1338 1299 
3 1224 1300 1339 
3 1206 1225 1338 
3 1340 1302 1284 
3 1191 1310 1243 
3 1233 1279 1341 
3 1295 1303 1234 
3 1331 1251 1303 
3 1305 1253 1280 
3 1314 1291 1342 
3 1240 1254 1322 
3 1285 1335 1171 
3 1237 1269 1315 
3 1222 1288 1343 
3 1343 1298 1222 
3 1336 1316 1241 
3 1286 1223 1325 
3 1225 1344 1338 
3 1309 1344 1225 
3 1284 1319 1340 
3 1245 1297 1345 
3 1336 1184 1317 
3 1286 1325 1326 
3 1256 1195 1329 
3 1311 1341 1279 
3 1346 1285 1240 
3 1345 1323 1245 
3 1315 1343 1288 
3 1178 1347 1325 
3 1277 1166 1348 
3 1348 1166 1318 
3 1283 1349 1272 
3 1334 1319 1262 
3 1350 1267 1274 
3 1267 1351 1275 
3 1311 1188 1352 
3 1304 1244 1353 
3 1259 1354 1332 
3 1354 1259 1312 
3 1296 1200 1281 
3 1281 1314 1342 
3 1322 1355 1240 
3 1268 1323 1306 
3 1356 1265 1224 
3 1357 1257 1258 
3 1330 1358 1273 
3 1359 1340 1319 
3 1294 1243 1310 
3 1275 1351 1295 
3 1311 1360 1341 
3 1361 1291 1220 
3 1346 1362 1285 
3 1315 1363 1343 
3 1333 1329 1255 
3 1256 1329 1364 
3 1238 1365 1309 
3 1261 1365 1238 
3 1266 1330 1226 
3 1366 1319 1334 
3 1295 1331 1303 
3 1305 1367 1247 
3 1239 1247 1367 
3 1346 1240 1355 
3 1270 1368 1249 
3 1369 1289 1316 
3 1338 1344 1299 
3 1278 1370 1334 
3 1331 1353 1244 
3 1332 1352 1188 
3 1290 1239 1371 
3 1264 1372 1297 
3 1326 1337 1271 
3 1373 1348 1318 
3 1333 1364 1329 
3 1349 1283 1299 
3 1260 1287 1374 
3 1330 1266 1375 
3 1376 1274 1302 
3 1342 1377 1281 
3 1345 1297 1378 
3 1324 1379 1270 
3 1380 1324 1289 
3 1289 1381 1380 
3 1298 1347 1178 
3 1272 1373 1318 
3 1364 1300 1256 
3 1319 1366 1359 
3 1360 1311 1352 
3 1371 1239 1367 
3 1291 1377 1342 
3 1382 1220 1306 
3 1372 1264 1249 
3 1363 1298 1343 
3 1289 1369 1381 
3 1317 1277 1348 
3 1339 1356 1224 
3 1383 1365 1261 
3 1301 1260 1384 
3 1293 1273 1358 
3 1278 1320 1370 
3 1370 1320 1294 
3 1310 1233 1341 
3 1385 1285 1362 
3 1306 1323 1386 
3 1324 1380 1379 
3 1369 1316 1387 
3 1287 1265 1388 
3 1374 1384 1260 
3 1389 1258 1293 
3 1366 1390 1359 
3 1334 1390 1366 
3 1391 1302 1340 
3 1350 1274 1376 
3 1294 1310 1392 
3 1290 1393 1322 
3 1362 1346 1385 
3 1270 1379 1368 
3 1394 1336 1317 
3 1261 1257 1395 
3 1280 1313 1396 
3 1377 1291 1361 
3 1383 1261 1395 
3 1391 1376 1302 
3 1370 1294 1397 
3 1351 1267 1350 
3 1305 1280 1398 
3 1371 1367 1399 
3 1382 1361 1220 
3 1272 1349 1373 
3 1388 1374 1287 
3 1358 1389 1293 
3 1400 1390 1334 
3 1401 1331 1295 
3 1355 1385 1346 
3 1285 1402 1335 
3 1282 1335 1402 
3 1403 1269 1282 
3 1249 1368 1372 
3 1309 1404 1344 
3 1388 1265 1356 
3 1266 1301 1384 
3 1257 1357 1395 
3 1370 1405 1334 
3 1350 1406 1351 
3 1407 1313 1304 
3 1408 1281 1377 
3 1371 1393 1290 
3 1285 1385 1409 
3 1315 1269 1363 
3 1336 1387 1316 
3 1410 1359 1390 
3 1400 1411 1390 
3 1359 1412 1340 
3 1354 1413 1332 
3 1312 1414 1354 
3 1415 1312 1321 
3 1399 1367 1416 
3 1409 1417 1285 
3 1418 1386 1323 
3 1345 1418 1323 
3 1345 1378 1418 
3 1372 1419 1297 
3 1336 1394 1387 
3 1348 1420 1317 
3 1373 1349 1421 
3 1356 1422 1388 
3 1330 1423 1358 
3 1415 1414 1312 
3 1296 1415 1321 
3 1393 1355 1322 
3 1402 1285 1417 
3 1419 1378 1297 
3 1300 1364 1424 
3 1299 1344 1425 
3 1404 1426 1344 
3 1404 1309 1365 
3 1375 1423 1330 
3 1390 1411 1410 
3 1340 1412 1391 
3 1350 1376 1427 
3 1397 1428 1370 
3 1351 1401 1295 
3 1429 1310 1341 
3 1430 1413 1354 
3 1396 1313 1407 
3 1305 1416 1367 
3 1431 1361 1382 
3 1382 1306 1432 
3 1432 1306 1386 
3 1419 1433 1378 
3 1434 1403 1282 
3 1435 1333 1337 
3 1435 1364 1333 
3 1374 1388 1384 
3 1384 1375 1266 
3 1258 1389 1436 
3 1358 1437 1389 
3 1280 1396 1398 
3 1281 1438 1296 
3 1439 1416 1305 
3 1431 1377 1361 
3 1378 1440 1418 
3 1403 1363 1269 
3 1441 1435 1337 
3 1365 1383 1442 
3 1436 1357 1258 
3 1443 1359 1410 
3 1444 1391 1412 
3 1334 1405 1400 
3 1427 1376 1391 
3 1341 1360 1445 
3 1352 1446 1360 
3 1446 1352 1332 
3 1447 1304 1353 
3 1433 1440 1378 
3 1402 1434 1282 
3 1433 1419 1372 
3 1441 1337 1326 
3 1349 1299 1448 
3 1359 1443 1412 
3 1391 1444 1427 
3 1445 1429 1341 
3 1281 1408 1438 
3 1399 1416 1439 
3 1385 1417 1409 
3 1394 1317 1449 
3 1421 1349 1448 
3 1356 1339 1450 
3 1451 1410 1411 
3 1386 1452 1432 
3 1403 1434 1453 
3 1454 1372 1368 
3 1363 1455 1298 
3 1455 1347 1298 
3 1369 1456 1381 
3 1457 1364 1435 
3 1458 1405 1370 
3 1310 1429 1392 
3 1459 1401 1351 
3 1353 1331 1460 
3 1332 1413 1446 
3 1414 1461 1354 
3 1398 1396 1462 
3 1463 1355 1393 
3 1379 1464 1368 
3 1456 1465 1381 
3 1325 1347 1466 
3 1449 1467 1394 
3 1325 1466 1326 
3 1420 1348 1468 
3 1426 1425 1344 
3 1384 1388 1469 
3 1436 1389 1470 
3 1423 1437 1358 
3 1410 1451 1443 
3 1294 1471 1397 
3 1351 1406 1459 
3 1415 1296 1438 
3 1386 1418 1452 
3 1339 1300 1450 
3 1389 1437 1470 
3 1472 1451 1411 
3 1458 1370 1428 
3 1350 1427 1406 
3 1401 1459 1473 
3 1460 1447 1353 
3 1304 1447 1407 
3 1354 1461 1430 
3 1387 1394 1467 
3 1441 1326 1466 
3 1348 1373 1468 
3 1395 1442 1383 
3 1384 1474 1375 
3 1443 1444 1412 
3 1428 1475 1458 
3 1475 1428 1397 
3 1397 1471 1475 
3 1355 1476 1385 
3 1385 1476 1417 
3 1402 1477 1434 
3 1477 1453 1434 
3 1478 1363 1403 
3 1464 1379 1380 
3 1479 1380 1381 
3 1387 1456 1369 
3 1364 1457 1424 
3 1395 1357 1480 
3 1360 1481 1445 
3 1481 1360 1446 
3 1455 1363 1482 
3 1479 1381 1465 
3 1483 1299 1425 
3 1424 1450 1300 
3 1404 1365 1484 
3 1470 1437 1485 
3 1486 1444 1443 
3 1392 1471 1294 
3 1473 1331 1401 
3 1398 1439 1305 
3 1393 1371 1487 
3 1463 1476 1355 
3 1380 1479 1464 
3 1450 1488 1356 
3 1365 1442 1484 
3 1442 1395 1480 
3 1451 1489 1443 
3 1489 1451 1472 
3 1490 1444 1486 
3 1411 1400 1472 
3 1462 1396 1407 
3 1461 1414 1415 
3 1452 1418 1440 
3 1449 1491 1467 
3 1488 1422 1356 
3 1472 1400 1405 
3 1444 1492 1427 
3 1493 1406 1427 
3 1413 1494 1446 
3 1415 1438 1495 
3 1496 1371 1399 
3 1478 1403 1453 
3 1317 1420 1449 
3 1497 1424 1457 
3 1299 1483 1448 
3 1498 1384 1469 
3 1480 1357 1436 
3 1423 1375 1499 
3 1437 1423 1500 
3 1444 1490 1492 
3 1405 1458 1501 
3 1496 1487 1371 
3 1502 1402 1417 
3 1420 1491 1449 
3 1503 1457 1435 
3 1504 1426 1404 
3 1469 1388 1422 
3 1436 1470 1505 
3 1500 1485 1437 
3 1443 1506 1507 
3 1506 1443 1489 
3 1460 1331 1473 
3 1494 1481 1446 
3 1494 1413 1430 
3 1415 1508 1461 
3 1399 1439 1496 
3 1487 1463 1393 
3 1431 1382 1432 
3 1417 1476 1502 
3 1509 1452 1440 
3 1510 1453 1477 
3 1511 1454 1368 
3 1425 1426 1483 
3 1474 1499 1375 
3 1472 1405 1501 
3 1510 1478 1453 
3 1372 1454 1512 
3 1456 1479 1465 
3 1347 1513 1466 
3 1387 1467 1456 
3 1474 1384 1498 
3 1480 1436 1505 
3 1500 1423 1514 
3 1490 1515 1492 
3 1515 1490 1486 
3 1516 1486 1443 
3 1459 1406 1493 
3 1460 1473 1517 
3 1415 1495 1508 
3 1372 1512 1433 
3 1518 1503 1435 
3 1424 1519 1450 
3 1516 1443 1507 
3 1501 1520 1472 
3 1501 1458 1475 
3 1392 1521 1471 
3 1521 1392 1429 
3 1408 1522 1438 
3 1523 1476 1463 
3 1524 1477 1402 
3 1525 1440 1433 
3 1455 1513 1347 
3 1466 1513 1526 
3 1503 1527 1457 
3 1489 1472 1528 
3 1486 1516 1515 
3 1529 1429 1445 
3 1517 1447 1460 
3 1530 1462 1407 
3 1398 1462 1530 
3 1377 1531 1408 
3 1431 1532 1377 
3 1524 1510 1477 
3 1533 1464 1479 
3 1456 1534 1479 
3 1441 1466 1535 
3 1536 1373 1421 
3 1537 1448 1483 
3 1488 1450 1538 
3 1539 1499 1474 
3 1485 1500 1514 
3 1495 1438 1522 
3 1532 1531 1377 
3 1502 1524 1402 
3 1468 1373 1536 
3 1518 1435 1441 
3 1538 1450 1519 
3 1404 1484 1504 
3 1514 1423 1499 
3 1489 1528 1506 
3 1492 1493 1427 
3 1473 1459 1540 
3 1541 1487 1496 
3 1476 1542 1502 
3 1502 1543 1524 
3 1426 1544 1483 
3 1480 1484 1442 
3 1485 1505 1470 
3 1514 1545 1485 
3 1408 1531 1522 
3 1546 1432 1452 
3 1482 1363 1547 
3 1511 1368 1464 
3 1456 1467 1548 
3 1535 1466 1526 
3 1421 1448 1549 
3 1528 1507 1506 
3 1550 1540 1459 
3 1447 1551 1407 
3 1439 1552 1496 
3 1523 1553 1476 
3 1525 1433 1512 
3 1464 1533 1511 
3 1482 1554 1455 
3 1534 1456 1548 
3 1420 1555 1491 
3 1555 1420 1468 
3 1480 1505 1556 
3 1459 1493 1550 
3 1529 1445 1481 
3 1447 1517 1557 
3 1553 1542 1476 
3 1524 1543 1510 
3 1558 1440 1525 
3 1527 1503 1518 
3 1457 1559 1497 
3 1497 1519 1424 
3 1474 1498 1560 
3 1499 1561 1514 
3 1551 1530 1407 
3 1531 1532 1562 
3 1452 1509 1563 
3 1478 1547 1363 
3 1554 1564 1455 
3 1564 1513 1455 
3 1548 1467 1491 
3 1549 1536 1421 
3 1559 1519 1497 
3 1504 1565 1426 
3 1422 1566 1469 
3 1498 1469 1567 
3 1556 1568 1480 
3 1505 1485 1569 
3 1556 1505 1569 
3 1516 1570 1515 
3 1570 1516 1507 
3 1507 1528 1570 
3 1528 1472 1571 
3 1572 1475 1471 
3 1572 1471 1521 
3 1439 1398 1573 
3 1432 1546 1431 
3 1574 1543 1502 
3 1527 1559 1457 
3 1480 1575 1484 
3 1561 1545 1514 
3 1492 1576 1493 
3 1521 1429 1529 
3 1473 1540 1517 
3 1577 1508 1495 
3 1530 1578 1398 
3 1552 1541 1496 
3 1579 1532 1431 
3 1523 1463 1487 
3 1574 1502 1542 
3 1478 1510 1580 
3 1483 1544 1537 
3 1581 1422 1488 
3 1567 1469 1566 
3 1539 1474 1560 
3 1539 1561 1499 
3 1481 1582 1529 
3 1557 1583 1447 
3 1551 1447 1583 
3 1584 1461 1508 
3 1452 1563 1546 
3 1440 1558 1509 
3 1565 1544 1426 
3 1585 1504 1484 
3 1575 1585 1484 
3 1586 1501 1475 
3 1584 1508 1577 
3 1398 1578 1573 
3 1573 1552 1439 
3 1531 1587 1522 
3 1454 1511 1512 
3 1468 1588 1555 
3 1588 1468 1536 
3 1535 1518 1441 
3 1566 1422 1581 
3 1515 1570 1589 
3 1430 1461 1590 
3 1591 1584 1577 
3 1592 1542 1553 
3 1478 1580 1547 
3 1479 1593 1533 
3 1534 1593 1479 
3 1559 1594 1519 
3 1567 1560 1498 
3 1545 1595 1485 
3 1571 1472 1520 
3 1546 1596 1431 
3 1543 1574 1597 
3 1526 1513 1598 
3 1538 1519 1594 
3 1538 1581 1488 
3 1560 1599 1539 
3 1539 1599 1600 
3 1561 1539 1600 
3 1545 1561 1600 
3 1569 1485 1595 
3 1475 1572 1586 
3 1601 1550 1493 
3 1602 1521 1529 
3 1590 1461 1584 
3 1603 1577 1495 
3 1592 1553 1597 
3 1542 1592 1574 
3 1604 1535 1526 
3 1518 1559 1527 
3 1589 1492 1515 
3 1577 1603 1591 
3 1562 1587 1531 
3 1532 1579 1562 
3 1555 1605 1491 
3 1606 1448 1537 
3 1600 1595 1545 
3 1607 1528 1571 
3 1520 1501 1608 
3 1521 1602 1572 
3 1609 1517 1540 
3 1603 1495 1610 
3 1495 1522 1610 
3 1610 1522 1611 
3 1487 1612 1523 
3 1612 1487 1613 
3 1612 1614 1523 
3 1574 1592 1597 
3 1615 1511 1533 
3 1593 1534 1616 
3 1559 1518 1617 
3 1618 1565 1504 
3 1504 1585 1618 
3 1501 1586 1608 
3 1493 1576 1601 
3 1517 1609 1619 
3 1610 1620 1603 
3 1611 1621 1620 
3 1620 1610 1611 
3 1621 1611 1522 
3 1621 1522 1622 
3 1587 1622 1522 
3 1553 1523 1623 
3 1543 1624 1510 
3 1616 1534 1625 
3 1548 1491 1626 
3 1556 1627 1568 
3 1570 1607 1628 
3 1607 1570 1528 
3 1570 1628 1589 
3 1492 1629 1576 
3 1529 1582 1602 
3 1630 1481 1494 
3 1530 1551 1583 
3 1579 1431 1596 
3 1623 1597 1553 
3 1580 1510 1624 
3 1482 1547 1631 
3 1615 1533 1632 
3 1606 1549 1448 
3 1556 1569 1627 
3 1608 1571 1520 
3 1629 1492 1589 
3 1557 1517 1619 
3 1494 1430 1630 
3 1603 1620 1621 
3 1623 1523 1614 
3 1624 1543 1633 
3 1512 1511 1634 
3 1511 1615 1634 
3 1518 1535 1617 
3 1599 1635 1600 
3 1430 1590 1630 
3 1603 1636 1591 
3 1621 1637 1603 
3 1614 1612 1613 
3 1533 1593 1632 
3 1631 1554 1482 
3 1631 1638 1554 
3 1639 1625 1534 
3 1534 1548 1639 
3 1605 1626 1491 
3 1604 1526 1598 
3 1549 1606 1640 
3 1641 1606 1537 
3 1537 1544 1641 
3 1609 1540 1642 
3 1636 1603 1637 
3 1622 1587 1643 
3 1546 1563 1596 
3 1644 1509 1558 
3 1555 1645 1605 
3 1568 1646 1480 
3 1480 1646 1575 
3 1635 1647 1600 
3 1595 1600 1647 
3 1648 1573 1578 
3 1649 1563 1509 
3 1633 1543 1597 
3 1580 1624 1650 
3 1512 1651 1525 
3 1548 1626 1639 
3 1564 1598 1513 
3 1549 1640 1536 
3 1585 1652 1618 
3 1652 1585 1575 
3 1569 1595 1647 
3 1642 1540 1550 
3 1481 1630 1582 
3 1573 1653 1552 
3 1623 1614 1613 
3 1644 1558 1525 
3 1654 1512 1634 
3 1535 1604 1655 
3 1560 1567 1656 
3 1576 1657 1601 
3 1586 1572 1658 
3 1601 1659 1550 
3 1660 1630 1590 
3 1660 1590 1584 
3 1637 1621 1661 
3 1613 1487 1662 
3 1597 1623 1663 
3 1525 1651 1644 
3 1547 1580 1664 
3 1631 1547 1665 
3 1666 1615 1632 
3 1564 1554 1638 
3 1638 1598 1564 
3 1667 1536 1640 
3 1668 1544 1565 
3 1669 1567 1566 
3 1599 1560 1670 
3 1589 1628 1671 
3 1672 1591 1636 
3 1637 1661 1636 
3 1621 1643 1661 
3 1643 1621 1622 
3 1487 1541 1662 
3 1613 1663 1623 
3 1649 1509 1644 
3 1566 1581 1673 
3 1575 1646 1674 
3 1568 1674 1646 
3 1627 1675 1568 
3 1627 1569 1676 
3 1608 1586 1658 
3 1677 1530 1583 
3 1552 1678 1541 
3 1651 1512 1654 
3 1665 1547 1664 
3 1666 1632 1593 
3 1625 1639 1679 
3 1680 1555 1588 
3 1655 1617 1535 
3 1656 1681 1560 
3 1569 1647 1676 
3 1629 1589 1671 
3 1602 1682 1572 
3 1609 1683 1619 
3 1662 1541 1678 
3 1579 1596 1684 
3 1664 1580 1650 
3 1625 1679 1616 
3 1555 1680 1645 
3 1581 1538 1685 
3 1673 1669 1566 
3 1670 1560 1681 
3 1686 1599 1670 
3 1647 1635 1687 
3 1688 1628 1607 
3 1571 1689 1607 
3 1689 1571 1608 
3 1576 1629 1657 
3 1572 1690 1658 
3 1572 1682 1691 
3 1582 1630 1692 
3 1584 1591 1660 
3 1552 1653 1693 
3 1649 1596 1563 
3 1633 1597 1694 
3 1650 1624 1633 
3 1695 1666 1593 
3 1639 1626 1679 
3 1626 1696 1697 
3 1696 1626 1605 
3 1536 1667 1588 
3 1538 1594 1685 
3 1618 1668 1565 
3 1669 1656 1567 
3 1575 1674 1652 
3 1681 1698 1670 
3 1635 1599 1699 
3 1700 1675 1627 
3 1700 1627 1676 
3 1687 1701 1647 
3 1608 1658 1702 
3 1703 1557 1619 
3 1704 1587 1562 
3 1562 1579 1704 
3 1596 1649 1705 
3 1666 1634 1615 
3 1681 1686 1698 
3 1670 1698 1686 
3 1568 1675 1674 
3 1671 1706 1629 
3 1608 1702 1689 
3 1550 1659 1642 
3 1678 1552 1693 
3 1662 1663 1613 
3 1597 1663 1707 
3 1616 1679 1695 
3 1593 1616 1695 
3 1696 1605 1645 
3 1559 1617 1708 
3 1640 1709 1667 
3 1641 1544 1710 
3 1685 1711 1581 
3 1669 1712 1656 
3 1675 1700 1676 
3 1713 1647 1701 
3 1671 1628 1688 
3 1601 1714 1659 
3 1683 1703 1619 
3 1703 1583 1557 
3 1530 1677 1715 
3 1578 1530 1715 
3 1662 1707 1663 
3 1655 1716 1617 
3 1708 1617 1716 
3 1709 1640 1606 
3 1717 1559 1708 
3 1668 1710 1544 
3 1681 1718 1686 
3 1686 1699 1599 
3 1713 1676 1647 
3 1629 1706 1657 
3 1601 1657 1714 
3 1691 1690 1572 
3 1692 1630 1719 
3 1630 1660 1719 
3 1660 1591 1672 
3 1648 1653 1573 
3 1636 1661 1720 
3 1643 1587 1721 
3 1596 1705 1684 
3 1626 1722 1679 
3 1723 1598 1638 
3 1604 1598 1655 
3 1652 1724 1618 
3 1725 1675 1676 
3 1688 1607 1726 
3 1642 1683 1609 
3 1587 1704 1721 
3 1668 1618 1724 
3 1718 1681 1656 
3 1607 1689 1726 
3 1659 1727 1642 
3 1602 1728 1682 
3 1583 1729 1677 
3 1730 1653 1648 
3 1579 1684 1704 
3 1694 1650 1633 
3 1731 1645 1680 
3 1732 1641 1710 
3 1718 1699 1686 
3 1674 1675 1733 
3 1734 1602 1582 
3 1703 1735 1583 
3 1653 1736 1693 
3 1737 1661 1643 
3 1664 1738 1665 
3 1665 1739 1631 
3 1696 1645 1731 
3 1709 1606 1641 
3 1687 1635 1740 
3 1676 1713 1741 
3 1741 1725 1676 
3 1642 1742 1683 
3 1648 1578 1715 
3 1693 1743 1678 
3 1598 1744 1655 
3 1559 1717 1594 
3 1712 1669 1673 
3 1701 1741 1713 
3 1727 1659 1714 
3 1602 1734 1728 
3 1734 1582 1692 
3 1745 1588 1667 
3 1581 1711 1673 
3 1746 1652 1674 
3 1701 1687 1740 
3 1675 1725 1733 
3 1747 1727 1714 
3 1735 1729 1583 
3 1729 1748 1677 
3 1715 1677 1748 
3 1644 1749 1649 
3 1651 1750 1644 
3 1679 1722 1751 
3 1685 1594 1717 
3 1712 1752 1656 
3 1753 1706 1671 
3 1754 1714 1657 
3 1690 1755 1658 
3 1682 1728 1691 
3 1660 1756 1719 
3 1757 1672 1636 
3 1736 1743 1693 
3 1707 1662 1758 
3 1694 1597 1707 
3 1738 1739 1665 
3 1626 1697 1722 
3 1759 1726 1689 
3 1760 1689 1702 
3 1657 1706 1754 
3 1691 1761 1690 
3 1692 1762 1734 
3 1763 1762 1692 
3 1730 1736 1653 
3 1666 1764 1634 
3 1666 1695 1765 
3 1598 1723 1766 
3 1635 1699 1740 
3 1725 1741 1767 
3 1767 1733 1725 
3 1689 1760 1759 
3 1768 1755 1690 
3 1769 1742 1642 
3 1683 1742 1770 
3 1763 1692 1719 
3 1757 1636 1720 
3 1771 1705 1649 
3 1644 1750 1749 
3 1651 1654 1750 
3 1772 1773 1631 
3 1638 1631 1773 
3 1679 1774 1695 
3 1588 1745 1680 
3 1732 1709 1641 
3 1724 1652 1746 
3 1674 1733 1775 
3 1741 1701 1740 
3 1754 1747 1714 
3 1768 1690 1761 
3 1727 1769 1642 
3 1748 1648 1715 
3 1776 1736 1730 
3 1684 1777 1704 
3 1758 1778 1707 
3 1779 1649 1749 
3 1631 1739 1772 
3 1773 1723 1638 
3 1668 1724 1780 
3 1711 1781 1673 
3 1740 1767 1741 
3 1726 1759 1688 
3 1672 1756 1660 
3 1782 1720 1661 
3 1705 1777 1684 
3 1774 1765 1695 
3 1679 1751 1774 
3 1744 1598 1766 
3 1716 1783 1708 
3 1752 1718 1656 
3 1761 1784 1768 
3 1785 1691 1728 
3 1756 1672 1757 
3 1643 1786 1737 
3 1643 1721 1786 
3 1650 1694 1787 
3 1739 1738 1788 
3 1788 1772 1739 
3 1722 1789 1751 
3 1790 1722 1697 
3 1791 1746 1674 
3 1733 1767 1775 
3 1792 1671 1688 
3 1702 1658 1755 
3 1793 1768 1784 
3 1784 1761 1793 
3 1793 1761 1691 
3 1703 1683 1770 
3 1678 1794 1662 
3 1794 1758 1662 
3 1649 1779 1771 
3 1634 1795 1654 
3 1796 1717 1708 
3 1797 1732 1710 
3 1798 1711 1685 
3 1780 1724 1746 
3 1793 1691 1799 
3 1800 1776 1730 
3 1777 1721 1704 
3 1664 1650 1801 
3 1664 1801 1738 
3 1795 1634 1764 
3 1722 1790 1789 
3 1667 1709 1802 
3 1803 1709 1732 
3 1710 1668 1780 
3 1711 1798 1781 
3 1671 1792 1804 
3 1754 1706 1753 
3 1768 1793 1799 
3 1785 1799 1691 
3 1735 1805 1729 
3 1776 1743 1736 
3 1743 1794 1678 
3 1787 1694 1707 
3 1696 1731 1806 
3 1667 1802 1745 
3 1673 1781 1712 
3 1712 1781 1752 
3 1767 1740 1807 
3 1808 1688 1759 
3 1804 1753 1671 
3 1727 1809 1769 
3 1703 1805 1735 
3 1729 1805 1748 
3 1661 1737 1782 
3 1721 1777 1810 
3 1666 1765 1811 
3 1680 1745 1731 
3 1688 1808 1792 
3 1812 1760 1702 
3 1728 1734 1785 
3 1730 1648 1748 
3 1778 1787 1707 
3 1654 1813 1750 
3 1666 1811 1764 
3 1765 1774 1751 
3 1716 1655 1814 
3 1775 1767 1815 
3 1734 1762 1785 
3 1783 1716 1814 
3 1699 1718 1816 
3 1791 1674 1817 
3 1775 1817 1674 
3 1782 1737 1786 
3 1750 1813 1749 
3 1772 1818 1773 
3 1697 1696 1806 
3 1744 1814 1655 
3 1740 1699 1819 
3 1767 1807 1820 
3 1760 1821 1759 
3 1799 1755 1768 
3 1822 1703 1770 
3 1719 1756 1823 
3 1782 1757 1720 
3 1824 1776 1800 
3 1824 1743 1776 
3 1721 1810 1825 
3 1749 1826 1779 
3 1772 1788 1827 
3 1773 1818 1723 
3 1780 1797 1710 
3 1718 1752 1816 
3 1727 1747 1809 
3 1828 1742 1769 
3 1743 1829 1794 
3 1825 1786 1721 
3 1801 1650 1830 
3 1654 1795 1813 
3 1811 1765 1751 
3 1807 1740 1819 
3 1767 1820 1815 
3 1817 1775 1815 
3 1812 1702 1755 
3 1809 1828 1769 
3 1703 1822 1805 
3 1824 1829 1743 
3 1829 1831 1794 
3 1794 1831 1758 
3 1777 1705 1771 
3 1738 1801 1832 
3 1788 1738 1832 
3 1827 1788 1833 
3 1827 1818 1772 
3 1818 1834 1723 
3 1802 1709 1803 
3 1732 1835 1803 
3 1835 1732 1797 
3 1808 1759 1821 
3 1753 1804 1836 
3 1748 1800 1730 
3 1790 1697 1837 
3 1717 1838 1685 
3 1685 1839 1798 
3 1798 1840 1781 
3 1819 1699 1816 
3 1820 1807 1841 
3 1821 1760 1812 
3 1755 1799 1842 
3 1843 1747 1754 
3 1719 1823 1763 
3 1844 1757 1782 
3 1845 1810 1777 
3 1650 1787 1846 
3 1749 1813 1826 
3 1780 1746 1847 
3 1848 1753 1836 
3 1849 1754 1753 
3 1809 1747 1843 
3 1822 1770 1850 
3 1756 1851 1823 
3 1851 1756 1757 
3 1786 1844 1782 
3 1766 1723 1834 
3 1766 1852 1744 
3 1853 1731 1745 
3 1814 1744 1852 
3 1796 1708 1854 
3 1803 1855 1802 
3 1796 1856 1838 
3 1717 1796 1838 
3 1840 1798 1839 
3 1816 1752 1857 
3 1817 1815 1858 
3 1819 1841 1807 
3 1792 1859 1804 
3 1859 1792 1808 
3 1828 1860 1742 
3 1770 1742 1860 
3 1779 1826 1771 
3 1790 1861 1789 
3 1783 1854 1708 
3 1746 1791 1847 
3 1849 1753 1848 
3 1755 1842 1812 
3 1777 1862 1845 
3 1771 1862 1777 
3 1830 1650 1846 
3 1764 1811 1863 
3 1751 1861 1864 
3 1861 1751 1789 
3 1853 1745 1802 
3 1803 1835 1855 
3 1808 1821 1865 
3 1850 1770 1860 
3 1757 1866 1851 
3 1800 1867 1824 
3 1868 1846 1787 
3 1751 1864 1811 
3 1815 1820 1858 
3 1836 1804 1859 
3 1869 1762 1763 
3 1790 1864 1861 
3 1762 1870 1785 
3 1866 1757 1844 
3 1867 1800 1748 
3 1871 1829 1824 
3 1771 1826 1872 
3 1801 1830 1873 
3 1795 1764 1874 
3 1833 1788 1832 
3 1806 1731 1853 
3 1854 1856 1796 
3 1839 1685 1838 
3 1752 1781 1857 
3 1860 1875 1850 
3 1876 1805 1822 
3 1845 1877 1810 
3 1831 1778 1758 
3 1878 1813 1795 
3 1879 1818 1827 
3 1697 1806 1837 
3 1791 1817 1880 
3 1785 1881 1799 
3 1882 1860 1828 
3 1762 1869 1883 
3 1884 1823 1851 
3 1877 1786 1825 
3 1810 1877 1825 
3 1868 1787 1778 
3 1852 1766 1834 
3 1838 1856 1839 
3 1808 1865 1859 
3 1885 1848 1836 
3 1812 1886 1821 
3 1754 1849 1843 
3 1860 1882 1875 
3 1870 1881 1785 
3 1883 1870 1762 
3 1823 1887 1763 
3 1805 1888 1748 
3 1873 1832 1801 
3 1874 1764 1863 
3 1833 1879 1827 
3 1853 1802 1889 
3 1890 1783 1814 
3 1858 1880 1817 
3 1841 1858 1820 
3 1828 1809 1891 
3 1882 1850 1875 
3 1870 1892 1881 
3 1887 1823 1893 
3 1824 1867 1871 
3 1831 1829 1871 
3 1831 1894 1778 
3 1846 1873 1830 
3 1790 1837 1895 
3 1806 1853 1896 
3 1840 1897 1781 
3 1848 1885 1849 
3 1870 1883 1892 
3 1869 1763 1898 
3 1890 1854 1783 
3 1899 1835 1797 
3 1780 1900 1797 
3 1850 1901 1822 
3 1869 1898 1883 
3 1898 1763 1902 
3 1903 1862 1771 
3 1868 1778 1904 
3 1826 1813 1905 
3 1863 1811 1906 
3 1907 1864 1790 
3 1856 1854 1890 
3 1797 1900 1899 
3 1840 1839 1908 
3 1812 1842 1886 
3 1909 1809 1843 
3 1910 1882 1828 
3 1910 1850 1882 
3 1763 1887 1902 
3 1893 1823 1884 
3 1748 1888 1911 
3 1911 1867 1748 
3 1912 1844 1786 
3 1913 1786 1877 
3 1914 1832 1873 
3 1832 1879 1833 
3 1811 1864 1915 
3 1834 1818 1916 
3 1806 1896 1837 
3 1853 1889 1917 
3 1802 1855 1889 
3 1918 1847 1791 
3 1857 1919 1816 
3 1816 1920 1819 
3 1880 1858 1921 
3 1841 1819 1922 
3 1892 1883 1923 
3 1883 1898 1923 
3 1902 1923 1898 
3 1923 1902 1887 
3 1924 1844 1912 
3 1912 1786 1913 
3 1894 1925 1778 
3 1925 1904 1778 
3 1813 1878 1905 
3 1907 1790 1895 
3 1837 1926 1895 
3 1889 1855 1917 
3 1922 1858 1841 
3 1865 1927 1859 
3 1928 1859 1927 
3 1865 1886 1927 
3 1886 1865 1821 
3 1909 1891 1809 
3 1822 1901 1876 
3 1805 1876 1929 
3 1893 1884 1930 
3 1771 1872 1903 
3 1931 1873 1846 
3 1874 1863 1906 
3 1896 1932 1926 
3 1837 1896 1926 
3 1852 1834 1933 
3 1934 1890 1814 
3 1935 1839 1856 
3 1857 1781 1936 
3 1937 1836 1859 
3 1843 1849 1909 
3 1938 1887 1893 
3 1929 1888 1805 
3 1939 1851 1866 
3 1871 1867 1940 
3 1871 1894 1831 
3 1874 1941 1795 
3 1852 1934 1814 
3 1839 1935 1908 
3 1859 1928 1937 
3 1942 1842 1799 
3 1799 1881 1942 
3 1901 1850 1910 
3 1923 1887 1938 
3 1851 1939 1884 
3 1940 1943 1871 
3 1904 1846 1868 
3 1895 1926 1932 
3 1934 1852 1933 
3 1840 1944 1897 
3 1780 1847 1945 
3 1918 1791 1880 
3 1885 1946 1849 
3 1844 1947 1866 
3 1911 1940 1867 
3 1862 1948 1845 
3 1949 1931 1846 
3 1853 1950 1896 
3 1855 1835 1951 
3 1835 1952 1951 
3 1780 1945 1900 
3 1937 1928 1953 
3 1937 1885 1836 
3 1888 1954 1911 
3 1904 1949 1846 
3 1955 1878 1795 
3 1955 1795 1941 
3 1956 1879 1832 
3 1957 1818 1879 
3 1907 1915 1864 
3 1840 1908 1944 
3 1897 1936 1781 
3 1816 1919 1920 
3 1920 1922 1819 
3 1886 1842 1958 
3 1959 1942 1881 
3 1960 1910 1828 
3 1893 1961 1938 
3 1961 1893 1930 
3 1947 1939 1866 
3 1874 1906 1941 
3 1856 1962 1935 
3 1921 1858 1963 
3 1891 1909 1964 
3 1828 1891 1960 
3 1965 1901 1910 
3 1939 1930 1884 
3 1903 1948 1862 
3 1914 1966 1832 
3 1915 1906 1811 
3 1916 1933 1834 
3 1928 1927 1953 
3 1942 1958 1842 
3 1967 1942 1959 
3 1954 1888 1929 
3 1968 1925 1894 
3 1914 1873 1931 
3 1916 1818 1957 
3 1853 1917 1950 
3 1835 1899 1952 
3 1880 1921 1969 
3 1939 1961 1930 
3 1911 1954 1940 
3 1924 1947 1844 
3 1970 1871 1943 
3 1894 1871 1970 
3 1971 1826 1905 
3 1955 1905 1878 
3 1832 1966 1956 
3 1915 1907 1972 
3 1973 1932 1896 
3 1974 1950 1917 
3 1975 1899 1900 
3 1847 1918 1945 
3 1857 1936 1976 
3 1919 1857 1976 
3 1963 1969 1921 
3 1858 1922 1977 
3 1891 1978 1979 
3 1891 1979 1960 
3 1904 1925 1980 
3 1918 1880 1981 
3 1977 1963 1858 
3 1927 1982 1953 
3 1891 1964 1978 
3 1881 1892 1959 
3 1901 1983 1876 
3 1877 1845 1948 
3 1925 1968 1980 
3 1826 1971 1872 
3 1879 1956 1984 
3 1895 1932 1973 
3 1973 1896 1950 
3 1917 1985 1974 
3 1985 1917 1855 
3 1951 1986 1855 
3 1987 1897 1944 
3 1929 1876 1988 
3 1961 1939 1989 
3 1990 1924 1912 
3 1912 1913 1990 
3 1957 1879 1984 
3 1915 1972 1991 
3 1856 1890 1962 
3 1899 1975 1952 
3 1992 1927 1886 
3 1937 1993 1885 
3 1909 1849 1946 
3 1994 1979 1978 
3 1988 1876 1983 
3 1954 1929 1995 
3 1877 1996 1913 
3 1894 1970 1997 
3 1941 1906 1998 
3 1972 1907 1895 
3 1934 1933 1999 
3 1982 1937 1953 
3 1992 1982 1927 
3 1885 1993 1946 
3 1994 1978 1964 
3 1994 1960 1979 
3 1892 2000 1959 
3 1923 2000 1892 
3 1901 1965 1983 
3 1995 1929 1988 
3 2001 1995 1988 
3 1995 2002 1954 
3 1995 2001 2002 
3 2002 2003 1954 
3 2003 2004 1954 
3 1954 2004 1940 
3 1970 1943 2005 
3 1872 1971 2006 
3 1905 1955 1971 
3 1915 2007 1906 
3 1916 1957 2008 
3 1999 1890 1934 
3 1855 1986 1985 
3 1935 1962 2009 
3 1908 1935 2009 
3 1945 2010 1900 
3 2011 1920 1919 
3 1886 2012 1992 
3 1909 1946 2013 
3 2014 1923 1938 
3 2002 2001 2003 
3 2001 2015 2003 
3 2016 2003 2015 
3 2004 2003 2016 
3 2017 1940 2004 
3 2018 1939 1947 
3 1970 2005 1997 
3 2006 1903 1872 
3 1931 1949 2019 
3 1931 2020 1914 
3 1941 2021 1955 
3 1941 2022 2021 
3 1941 1998 2022 
3 1950 1974 2023 
3 1963 1977 2024 
3 2024 1969 1963 
3 1942 1967 1958 
3 2025 1910 1960 
3 1959 2000 1967 
3 1965 1910 2025 
3 1961 2014 1938 
3 2001 2026 2015 
3 2026 2016 2015 
3 1943 1940 2017 
3 2005 1943 2027 
3 2028 1877 1948 
3 2019 2020 1931 
3 2007 1998 1906 
3 1933 1916 2008 
3 1944 1908 2029 
3 2029 1987 1944 
3 2030 1920 2011 
3 1969 2031 1880 
3 1922 1920 2030 
3 1909 2013 2032 
3 2033 1964 1909 
3 2025 1960 1994 
3 2034 1965 2025 
3 1983 1965 2034 
3 1988 2026 2001 
3 2004 2016 2026 
3 2004 2035 2017 
3 1924 2018 1947 
3 1913 1996 1990 
3 1997 1968 1894 
3 1904 1980 2036 
3 1933 2037 1999 
3 1951 1952 1986 
3 2038 1897 1987 
3 1981 1880 2031 
3 1946 2039 2013 
3 2032 2033 1909 
3 1994 1964 2033 
3 2040 2000 1923 
3 2040 1923 2014 
3 1983 2041 1988 
3 2035 2004 2026 
3 2017 2027 1943 
3 2036 2042 1904 
3 1949 1904 2042 
3 2021 2043 1955 
3 1956 1966 2044 
3 1915 2045 2007 
3 2023 1974 1985 
3 2038 1936 1897 
3 2011 1919 1976 
3 1993 1937 1982 
3 1961 1989 2014 
3 2028 1996 1877 
3 1997 2046 1968 
3 1998 2007 2045 
3 1984 1956 2044 
3 1984 2047 1957 
3 1895 1973 2048 
3 2008 2037 1933 
3 1945 1918 2010 
3 2030 2049 1922 
3 1977 1922 2049 
3 2050 1993 1982 
3 1958 2012 1886 
3 2027 1997 2005 
3 2042 2019 1949 
3 2051 1971 1955 
3 2043 2021 2022 
3 1999 2052 1890 
3 1976 1936 2038 
3 2053 2031 1969 
3 1977 2054 2024 
3 1969 2024 2054 
3 2039 1946 1993 
3 2041 1983 2055 
3 1988 2041 2026 
3 2056 1948 1903 
3 2036 1980 2057 
3 1903 2006 2056 
3 2058 1914 2020 
3 1957 2047 2008 
3 2009 2029 1908 
3 1987 2059 2038 
3 1977 2049 2054 
3 1982 1992 2050 
3 2013 2039 2032 
3 1994 2033 2025 
3 2060 2018 1924 
3 2057 1968 2046 
3 1980 1968 2057 
3 1966 1914 2058 
3 2044 2047 1984 
3 1952 1975 2061 
3 2062 2032 2039 
3 2025 2033 2034 
3 1971 2051 2006 
3 2020 2019 2058 
3 1915 1991 2045 
3 2052 1962 1890 
3 2029 2009 2063 
3 1981 2010 1918 
3 1992 2064 2050 
3 2065 1992 2012 
3 1993 2050 2064 
3 1967 2066 1958 
3 1967 2000 2067 
3 2040 2067 2000 
3 2026 2041 2035 
3 1939 2068 1989 
3 1990 2060 1924 
3 2028 2069 1996 
3 2070 1972 1895 
3 1986 1952 2061 
3 1962 2063 2009 
3 1900 2010 1975 
3 2054 2053 1969 
3 1958 2071 2012 
3 2067 2040 2072 
3 2040 2014 2073 
3 2074 2068 1939 
3 1939 2018 2074 
3 2035 2075 2017 
3 2075 1997 2027 
3 2028 1948 2069 
3 1955 2076 2077 
3 2076 1955 2043 
3 1991 1972 2078 
3 2023 1973 1950 
3 2072 1967 2067 
3 2014 1989 2079 
3 2080 2044 1966 
3 1895 2081 2070 
3 2048 2081 1895 
3 1962 2052 2082 
3 2010 1981 2083 
3 1993 2084 2039 
3 2062 2039 2084 
3 2071 1958 2066 
3 2034 2055 1983 
3 2073 2014 2079 
3 2041 2085 2035 
3 2085 2086 2035 
3 2027 2017 2075 
3 1996 2087 1990 
3 2057 2042 2036 
3 2051 2056 2006 
3 2051 1955 2077 
3 2058 2080 1966 
3 2078 1972 2070 
3 2008 2047 2088 
3 2037 2052 1999 
3 2031 2053 1981 
3 2049 2030 2089 
3 2053 2054 2090 
3 2065 2064 1992 
3 1990 2091 2060 
3 2092 1996 2069 
3 2093 1991 2078 
3 2094 2048 1973 
3 2037 2082 2052 
3 1985 1986 2095 
3 2059 1987 2029 
3 2066 1967 2096 
3 2072 2096 1967 
3 1989 2068 2079 
3 2035 2086 2075 
3 2091 1990 2087 
3 2022 1998 2043 
3 1991 2093 2045 
3 2078 2070 2097 
3 2081 2098 2070 
3 2088 2037 2008 
3 2095 1986 2061 
3 1981 2053 2099 
3 1993 2064 2084 
3 2040 2100 2072 
3 2101 2040 2073 
3 2019 2042 2102 
3 2078 2097 2093 
3 2081 2048 2098 
3 2098 2048 2094 
3 2030 2011 2089 
3 2090 2099 2053 
3 2103 2033 2032 
3 2104 2034 2033 
3 2097 2070 2098 
3 2023 1985 2105 
3 1962 2106 2063 
3 2072 2100 2096 
3 2040 2101 2100 
3 2079 2107 2073 
3 2108 2068 2074 
3 2109 2056 2051 
3 2019 2110 2058 
3 2080 2111 2044 
3 2044 2111 2112 
3 2088 2047 2113 
3 1975 2010 2114 
3 2054 2049 2115 
3 2116 2065 2012 
3 2084 2117 2062 
3 2118 2032 2062 
3 2033 2103 2104 
3 2079 2068 2107 
3 2119 2085 2041 
3 1948 2056 2120 
3 2121 2080 2122 
3 2111 2080 2121 
3 2121 2123 2111 
3 2111 2123 2112 
3 2093 2097 2045 
3 2116 2064 2065 
3 2012 2071 2124 
3 2071 2066 2124 
3 2032 2118 2103 
3 2034 2125 2055 
3 2075 2046 1997 
3 2087 1996 2092 
3 2120 2069 1948 
3 2110 2019 2102 
3 2110 2122 2058 
3 2112 2123 2121 
3 2059 2126 2038 
3 1976 2038 2127 
3 2128 2011 1976 
3 2117 2084 2064 
3 2129 2042 2057 
3 2130 2076 2043 
3 2080 2058 2122 
3 2112 2121 2131 
3 2132 1973 2023 
3 2133 2023 2105 
3 1975 2114 2061 
3 2029 2134 2059 
3 2128 1976 2127 
3 2099 2083 1981 
3 2012 2124 2116 
3 2060 2074 2018 
3 2076 2130 2077 
3 2112 2131 2044 
3 2045 2135 1998 
3 2082 2037 2136 
3 2029 2063 2134 
3 2137 2038 2126 
3 2038 2137 2127 
3 2115 2090 2054 
3 2119 2138 2085 
3 2129 2057 2046 
3 2122 2131 2121 
3 1985 2139 2105 
3 2082 2106 1962 
3 2140 2114 2010 
3 2137 2141 2127 
3 2049 2089 2115 
3 2104 2103 2142 
3 2125 2041 2055 
3 2073 2143 2101 
3 2060 2144 2074 
3 2102 2042 2129 
3 2037 2088 2145 
3 2146 2063 2106 
3 2114 2147 2061 
3 2116 2148 2064 
3 2149 2103 2118 
3 2103 2149 2142 
3 2104 2125 2034 
3 2046 2075 2150 
3 2130 2151 2077 
3 2043 1998 2152 
3 2047 2044 2131 
3 2023 2133 2132 
3 2153 2061 2147 
3 2154 2126 2059 
3 2126 2154 2137 
3 2089 2011 2128 
3 2115 2155 2090 
3 2155 2099 2090 
3 2149 2118 2062 
3 2096 2156 2066 
3 2157 2075 2086 
3 2144 2060 2158 
3 2120 2159 2069 
3 2151 2130 2043 
3 2097 2160 2045 
3 2094 1973 2161 
3 2127 2141 2162 
3 2156 2124 2066 
3 2138 2086 2085 
3 2109 2051 2077 
3 2113 2145 2088 
3 2161 1973 2132 
3 2145 2136 2037 
3 2061 2153 2095 
3 2141 2137 2154 
3 2141 2163 2162 
3 2164 2149 2062 
3 2125 2119 2041 
3 2143 2073 2107 
3 2060 2091 2158 
3 2092 2069 2159 
3 2113 2047 2165 
3 2082 2166 2106 
3 2140 2147 2114 
3 2154 2167 2141 
3 2010 2083 2140 
3 2128 2168 2089 
3 2164 2062 2117 
3 2077 2169 2109 
3 2077 2151 2169 
3 2102 2170 2110 
3 2151 2043 2152 
3 1998 2135 2152 
3 2131 2165 2047 
3 2094 2161 2098 
3 2082 2171 2166 
3 1985 2095 2139 
3 2134 2154 2059 
3 2163 2141 2167 
3 2172 2140 2083 
3 2127 2162 2128 
3 2099 2173 2083 
3 2174 2117 2064 
3 2100 2101 2175 
3 2086 2138 2157 
3 2087 2158 2091 
3 2129 2046 2176 
3 2131 2122 2177 
3 2045 2160 2135 
3 2146 2106 2166 
3 2178 2115 2089 
3 2164 2117 2174 
3 2149 2164 2179 
3 2149 2179 2142 
3 2107 2068 2180 
3 2144 2181 2074 
3 2182 2120 2056 
3 2129 2170 2102 
3 2122 2110 2183 
3 2160 2097 2184 
3 2097 2098 2184 
3 2105 2139 2133 
3 2139 2095 2153 
3 2178 2089 2168 
3 2155 2115 2185 
3 2186 2064 2148 
3 2174 2064 2186 
3 2187 2096 2100 
3 2188 2175 2101 
3 2101 2189 2188 
3 2143 2189 2101 
3 2143 2107 2189 
3 2180 2068 2108 
3 2157 2150 2075 
3 2158 2087 2190 
3 2190 2087 2191 
3 2087 2092 2191 
3 2182 2092 2159 
3 2182 2159 2120 
3 2063 2146 2192 
3 2167 2154 2134 
3 2128 2162 2163 
3 2116 2124 2148 
3 2138 2119 2193 
3 2182 2191 2092 
3 2109 2169 2194 
3 2177 2165 2131 
3 2098 2161 2195 
3 2196 2145 2113 
3 2145 2197 2136 
3 2166 2171 2198 
3 2198 2146 2166 
3 2096 2187 2156 
3 2187 2100 2175 
3 2104 2142 2125 
3 2129 2176 2199 
3 2194 2056 2109 
3 2170 2183 2110 
3 2136 2200 2082 
3 2201 2146 2198 
3 2125 2193 2119 
3 2202 2189 2107 
3 2074 2203 2108 
3 2074 2181 2203 
3 2176 2046 2204 
3 2194 2182 2056 
3 2151 2194 2169 
3 2132 2133 2205 
3 2200 2171 2082 
3 2146 2201 2192 
3 2063 2192 2206 
3 2185 2115 2178 
3 2155 2207 2099 
3 2208 2124 2156 
3 2179 2164 2174 
3 2187 2175 2188 
3 2202 2107 2180 
3 2046 2150 2209 
3 2170 2129 2199 
3 2183 2177 2122 
3 2152 2135 2210 
3 2160 2184 2211 
3 2195 2184 2098 
3 2165 2196 2113 
3 2161 2132 2205 
3 2083 2173 2212 
3 2083 2212 2172 
3 2173 2099 2207 
3 2207 2155 2185 
3 2134 2063 2206 
3 2213 2167 2134 
3 2214 2163 2167 
3 2215 2180 2108 
3 2144 2158 2181 
3 2152 2216 2151 
3 2210 2135 2217 
3 2218 2133 2139 
3 2219 2214 2167 
3 2167 2220 2219 
3 2167 2221 2220 
3 2219 2163 2214 
3 2163 2219 2220 
3 2163 2222 2128 
3 2223 2186 2148 
3 2174 2186 2223 
3 2224 2125 2142 
3 2215 2225 2180 
3 2199 2176 2226 
3 2183 2170 2227 
3 2152 2210 2216 
3 2177 2183 2228 
3 2160 2217 2135 
3 2198 2171 2229 
3 2213 2134 2206 
3 2221 2167 2213 
3 2187 2208 2156 
3 2230 2179 2174 
3 2231 2157 2138 
3 2204 2046 2209 
3 2165 2177 2228 
3 2160 2211 2217 
3 2161 2232 2195 
3 2233 2153 2147 
3 2163 2220 2221 
3 2124 2234 2148 
3 2189 2202 2235 
3 2180 2235 2202 
3 2108 2236 2215 
3 2236 2108 2203 
3 2227 2170 2237 
3 2238 2239 2165 
3 2201 2198 2229 
3 2172 2240 2140 
3 2124 2208 2234 
3 2241 2142 2179 
3 2142 2242 2224 
3 2138 2193 2231 
3 2243 2203 2181 
3 2204 2226 2176 
3 2228 2238 2165 
3 2184 2195 2211 
3 2200 2229 2171 
3 2147 2244 2233 
3 2245 2222 2163 
3 2173 2207 2246 
3 2180 2225 2247 
3 2243 2236 2203 
3 2181 2158 2248 
3 2199 2237 2170 
3 2151 2249 2194 
3 2197 2200 2136 
3 2147 2140 2240 
3 2178 2168 2250 
3 2241 2179 2230 
3 2235 2180 2251 
3 2247 2251 2180 
3 2209 2150 2157 
3 2196 2197 2145 
3 2252 2205 2133 
3 2185 2178 2253 
3 2148 2234 2223 
3 2188 2189 2254 
3 2255 2193 2224 
3 2125 2224 2193 
3 2235 2256 2189 
3 2235 2251 2256 
3 2151 2257 2249 
3 2237 2258 2227 
3 2257 2151 2216 
3 2196 2165 2239 
3 2153 2259 2139 
3 2147 2240 2244 
3 2260 2241 2230 
3 2181 2248 2261 
3 2197 2196 2262 
3 2133 2218 2252 
3 2201 2263 2192 
3 2246 2212 2173 
3 2178 2250 2253 
3 2234 2264 2223 
3 2265 2234 2208 
3 2187 2188 2266 
3 2188 2254 2266 
3 2142 2267 2242 
3 2255 2224 2242 
3 2251 2247 2268 
3 2247 2225 2268 
3 2181 2261 2243 
3 2183 2227 2258 
3 2172 2212 2240 
3 2208 2187 2265 
3 2255 2269 2193 
3 2236 2270 2215 
3 2157 2271 2209 
3 2248 2158 2190 
3 2272 2204 2209 
3 2204 2272 2226 
3 2273 2237 2199 
3 2183 2274 2228 
3 2275 2161 2205 
3 2153 2233 2259 
3 2163 2221 2245 
3 2222 2276 2128 
3 2168 2128 2276 
3 2241 2267 2142 
3 2277 2189 2256 
3 2231 2278 2157 
3 2243 2279 2236 
3 2190 2280 2248 
3 2183 2258 2274 
3 2217 2281 2210 
3 2239 2262 2196 
3 2230 2174 2282 
3 2260 2267 2241 
3 2255 2242 2267 
3 2283 2190 2191 
3 2284 2201 2229 
3 2263 2206 2192 
3 2250 2168 2285 
3 2185 2286 2207 
3 2187 2266 2287 
3 2193 2288 2231 
3 2268 2215 2270 
3 2288 2278 2231 
3 2279 2243 2289 
3 2261 2289 2243 
3 2290 2272 2209 
3 2283 2280 2190 
3 2226 2273 2199 
3 2291 2194 2249 
3 2237 2274 2258 
3 2195 2232 2211 
3 2275 2232 2161 
3 2284 2229 2200 
3 2206 2292 2213 
3 2293 2244 2240 
3 2285 2168 2276 
3 2294 2253 2250 
3 2185 2253 2294 
3 2234 2295 2264 
3 2230 2296 2260 
3 2254 2297 2266 
3 2225 2215 2268 
3 2270 2236 2279 
3 2233 2244 2298 
3 2244 2293 2298 
3 2276 2222 2245 
3 2286 2246 2207 
3 2264 2174 2223 
3 2295 2234 2265 
3 2174 2264 2282 
3 2282 2296 2230 
3 2256 2251 2268 
3 2271 2157 2278 
3 2299 2262 2239 
3 2218 2139 2300 
3 2263 2292 2206 
3 2301 2265 2187 
3 2287 2301 2187 
3 2266 2297 2287 
3 2279 2289 2270 
3 2182 2302 2191 
3 2302 2182 2194 
3 2257 2291 2249 
3 2201 2284 2263 
3 2213 2292 2221 
3 2303 2297 2254 
3 2189 2304 2254 
3 2277 2304 2189 
3 2281 2216 2210 
3 2274 2238 2228 
3 2239 2238 2305 
3 2294 2286 2185 
3 2287 2297 2301 
3 2260 2306 2267 
3 2267 2269 2255 
3 2307 2277 2256 
3 2270 2308 2268 
3 2209 2309 2290 
3 2191 2302 2283 
3 2291 2302 2194 
3 2310 2257 2216 
3 2217 2211 2311 
3 2211 2232 2312 
3 2313 2205 2252 
3 2300 2139 2259 
3 2314 2282 2264 
3 2269 2267 2306 
3 2304 2303 2254 
3 2289 2308 2270 
3 2209 2271 2309 
3 2226 2272 2315 
3 2291 2257 2316 
3 2310 2216 2281 
3 2305 2299 2239 
3 2233 2298 2259 
3 2276 2245 2317 
3 2282 2314 2296 
3 2260 2296 2318 
3 2288 2193 2269 
3 2256 2268 2307 
3 2274 2237 2319 
3 2320 2240 2212 
3 2286 2294 2321 
3 2264 2295 2322 
3 2278 2309 2271 
3 2273 2226 2315 
3 2316 2257 2323 
3 2324 2238 2274 
3 2311 2211 2312 
3 2313 2275 2205 
3 2325 2326 2200 
3 2300 2252 2218 
3 2326 2284 2200 
3 2292 2327 2221 
3 2265 2301 2328 
3 2314 2318 2296 
3 2328 2301 2297 
3 2328 2297 2303 
3 2304 2328 2303 
3 2329 2304 2277 
3 2261 2248 2330 
3 2280 2330 2248 
3 2272 2290 2315 
3 2331 2273 2315 
3 2237 2273 2332 
3 2332 2319 2237 
3 2217 2311 2281 
3 2312 2232 2333 
3 2269 2334 2288 
3 2268 2308 2307 
3 2257 2310 2323 
3 2324 2274 2335 
3 2333 2232 2275 
3 2325 2200 2197 
3 2293 2240 2320 
3 2246 2336 2212 
3 2265 2337 2295 
3 2306 2260 2318 
3 2302 2291 2338 
3 2276 2339 2285 
3 2337 2265 2328 
3 2329 2277 2307 
3 2261 2330 2340 
3 2338 2291 2316 
3 2341 2252 2300 
3 2221 2327 2317 
3 2320 2212 2336 
3 2246 2286 2342 
3 2269 2343 2334 
3 2283 2302 2344 
3 2323 2345 2316 
3 2324 2305 2238 
3 2305 2346 2299 
3 2262 2299 2347 
3 2347 2197 2262 
3 2341 2300 2348 
3 2284 2326 2349 
3 2263 2350 2292 
3 2317 2245 2221 
3 2336 2246 2351 
3 2321 2342 2286 
3 2352 2322 2295 
3 2264 2322 2353 
3 2354 2322 2352 
3 2306 2318 2314 
3 2278 2288 2355 
3 2289 2356 2357 
3 2356 2289 2261 
3 2333 2358 2312 
3 2313 2252 2341 
3 2263 2284 2350 
3 2250 2285 2339 
3 2304 2359 2328 
3 2360 2269 2306 
3 2308 2289 2357 
3 2361 2302 2338 
3 2345 2323 2310 
3 2358 2311 2312 
3 2347 2325 2197 
3 2313 2362 2275 
3 2339 2276 2317 
3 2264 2353 2314 
3 2343 2269 2360 
3 2363 2359 2304 
3 2304 2329 2364 
3 2288 2334 2355 
3 2280 2283 2365 
3 2319 2335 2274 
3 2275 2362 2333 
3 2353 2322 2354 
3 2295 2337 2352 
3 2363 2304 2366 
3 2366 2359 2363 
3 2364 2366 2304 
3 2367 2310 2281 
3 2368 2259 2298 
3 2250 2369 2294 
3 2366 2364 2359 
3 2340 2356 2261 
3 2330 2280 2370 
3 2371 2283 2344 
3 2344 2302 2361 
3 2324 2372 2305 
3 2373 2360 2306 
3 2360 2374 2343 
3 2330 2375 2340 
3 2309 2376 2290 
3 2280 2365 2370 
3 2345 2310 2367 
3 2311 2358 2377 
3 2313 2341 2362 
3 2350 2284 2378 
3 2379 2369 2250 
3 2321 2294 2342 
3 2373 2306 2314 
3 2278 2376 2309 
3 2371 2365 2283 
3 2335 2372 2324 
3 2349 2326 2380 
3 2292 2350 2378 
3 2379 2250 2339 
3 2352 2381 2354 
3 2382 2353 2354 
3 2382 2354 2381 
3 2328 2359 2383 
3 2359 2364 2384 
3 2384 2364 2329 
3 2385 2308 2357 
3 2340 2386 2356 
3 2376 2387 2290 
3 2330 2370 2388 
3 2365 2371 2370 
3 2332 2273 2389 
3 2305 2372 2346 
3 2347 2299 2346 
3 2380 2326 2325 
3 2390 2298 2293 
3 2294 2369 2391 
3 2328 2383 2337 
3 2373 2392 2360 
3 2343 2374 2334 
3 2393 2307 2308 
3 2316 2345 2338 
3 2319 2332 2389 
3 2281 2311 2394 
3 2342 2395 2246 
3 2351 2246 2395 
3 2391 2396 2294 
3 2294 2396 2342 
3 2337 2381 2352 
3 2397 2314 2353 
3 2356 2386 2357 
3 2398 2376 2278 
3 2387 2399 2290 
3 2315 2290 2399 
3 2400 2331 2315 
3 2401 2358 2333 
3 2284 2349 2402 
3 2378 2284 2402 
3 2259 2368 2300 
3 2390 2368 2298 
3 2336 2351 2403 
3 2404 2403 2351 
3 2373 2314 2397 
3 2359 2384 2405 
3 2278 2355 2406 
3 2375 2330 2388 
3 2400 2315 2399 
3 2331 2389 2273 
3 2407 2327 2292 
3 2408 2395 2409 
3 2404 2408 2409 
3 2395 2408 2351 
3 2404 2351 2408 
3 2369 2379 2391 
3 2405 2410 2359 
3 2392 2374 2360 
3 2374 2392 2334 
3 2411 2385 2357 
3 2278 2406 2398 
3 2371 2388 2370 
3 2311 2377 2394 
3 2317 2327 2412 
3 2320 2413 2293 
3 2403 2320 2336 
3 2342 2409 2395 
3 2353 2382 2397 
3 2410 2383 2359 
3 2307 2393 2329 
3 2414 2355 2334 
3 2319 2415 2335 
3 2281 2394 2416 
3 2407 2292 2417 
3 2407 2412 2327 
3 2317 2412 2418 
3 2320 2403 2413 
3 2386 2411 2357 
3 2400 2399 2419 
3 2401 2377 2358 
3 2380 2402 2349 
3 2329 2393 2384 
3 2393 2308 2420 
3 2355 2414 2406 
3 2340 2375 2421 
3 2367 2281 2416 
3 2415 2372 2335 
3 2317 2418 2339 
3 2404 2409 2403 
3 2422 2382 2381 
3 2410 2405 2423 
3 2424 2423 2405 
3 2405 2425 2424 
3 2405 2384 2425 
3 2334 2392 2414 
3 2420 2308 2385 
3 2400 2426 2331 
3 2333 2362 2401 
3 2348 2300 2368 
3 2397 2382 2422 
3 2427 2381 2337 
3 2337 2383 2428 
3 2410 2423 2429 
3 2425 2429 2423 
3 2424 2425 2423 
3 2384 2393 2430 
3 2340 2421 2386 
3 2344 2361 2431 
3 2361 2338 2431 
3 2432 2389 2331 
3 2433 2338 2345 
3 2401 2434 2377 
3 2384 2429 2425 
3 2435 2376 2398 
3 2331 2426 2432 
3 2436 2338 2433 
3 2362 2437 2401 
3 2438 2325 2347 
3 2380 2325 2439 
3 2376 2435 2387 
3 2367 2440 2345 
3 2402 2380 2439 
3 2293 2413 2390 
3 2391 2441 2396 
3 2435 2398 2406 
3 2387 2419 2399 
3 2419 2426 2400 
3 2440 2433 2345 
3 2367 2416 2440 
3 2347 2346 2442 
3 2442 2438 2347 
3 2375 2443 2421 
3 2443 2375 2388 
3 2431 2444 2344 
3 2389 2445 2319 
3 2446 2362 2341 
3 2348 2447 2341 
3 2448 2348 2368 
3 2449 2292 2378 
3 2417 2412 2407 
3 2381 2427 2422 
3 2373 2397 2450 
3 2392 2373 2450 
3 2451 2411 2386 
3 2452 2387 2435 
3 2452 2419 2387 
3 2344 2453 2371 
3 2389 2432 2445 
3 2319 2454 2415 
3 2394 2377 2455 
3 2346 2372 2456 
3 2439 2325 2457 
3 2402 2439 2457 
3 2292 2449 2417 
3 2458 2391 2379 
3 2409 2342 2459 
3 2342 2396 2441 
3 2420 2385 2460 
3 2385 2411 2451 
3 2445 2454 2319 
3 2403 2409 2461 
3 2459 2461 2409 
3 2410 2428 2383 
3 2420 2462 2393 
3 2463 2406 2414 
3 2451 2460 2385 
3 2421 2451 2386 
3 2426 2464 2432 
3 2431 2338 2436 
3 2415 2465 2372 
3 2466 2401 2437 
3 2446 2437 2362 
3 2467 2397 2422 
3 2467 2422 2427 
3 2428 2468 2337 
3 2384 2469 2429 
3 2430 2469 2384 
3 2388 2371 2470 
3 2444 2453 2344 
3 2416 2394 2471 
3 2455 2377 2434 
3 2456 2442 2346 
3 2448 2447 2348 
3 2472 2449 2378 
3 2368 2390 2473 
3 2458 2379 2339 
3 2342 2441 2459 
3 2410 2429 2428 
3 2474 2420 2460 
3 2454 2465 2415 
3 2402 2472 2378 
3 2418 2475 2339 
3 2427 2337 2468 
3 2429 2469 2428 
3 2420 2476 2462 
3 2435 2406 2477 
3 2443 2478 2421 
3 2388 2478 2443 
3 2470 2371 2453 
3 2372 2465 2479 
3 2456 2372 2479 
3 2449 2412 2417 
3 2458 2339 2480 
3 2459 2441 2481 
3 2393 2482 2430 
3 2406 2463 2477 
3 2394 2455 2471 
3 2325 2438 2457 
3 2483 2412 2449 
3 2412 2484 2418 
3 2339 2475 2480 
3 2403 2461 2485 
3 2474 2476 2420 
3 2486 2460 2451 
3 2421 2486 2451 
3 2478 2388 2487 
3 2432 2464 2445 
3 2445 2488 2454 
3 2466 2437 2446 
3 2489 2402 2457 
3 2485 2461 2459 
3 2482 2490 2430 
3 2452 2491 2419 
3 2492 2455 2434 
3 2446 2341 2493 
3 2368 2473 2494 
3 2392 2495 2414 
3 2430 2490 2496 
3 2462 2482 2393 
3 2452 2435 2497 
3 2478 2498 2421 
3 2388 2470 2487 
3 2416 2471 2440 
3 2434 2401 2492 
3 2401 2466 2492 
3 2456 2499 2442 
3 2442 2500 2438 
3 2473 2390 2413 
3 2501 2397 2467 
3 2502 2468 2428 
3 2469 2496 2503 
3 2469 2430 2496 
3 2433 2504 2436 
3 2403 2485 2505 
3 2391 2481 2441 
3 2481 2485 2459 
3 2427 2506 2467 
3 2450 2397 2501 
3 2486 2421 2507 
3 2426 2419 2508 
3 2508 2464 2426 
3 2431 2509 2444 
3 2431 2436 2510 
3 2440 2504 2433 
3 2479 2499 2456 
3 2442 2499 2500 
3 2511 2448 2368 
3 2484 2475 2418 
3 2512 2392 2513 
3 2513 2392 2450 
3 2469 2503 2428 
3 2490 2482 2514 
3 2515 2463 2414 
3 2462 2476 2482 
3 2516 2476 2474 
3 2498 2478 2487 
3 2452 2517 2491 
3 2444 2518 2453 
3 2509 2518 2444 
3 2510 2509 2431 
3 2510 2436 2504 
3 2341 2447 2493 
3 2447 2448 2511 
3 2480 2519 2458 
3 2474 2460 2516 
3 2497 2435 2477 
3 2452 2520 2517 
3 2413 2403 2505 
3 2515 2414 2495 
3 2482 2476 2514 
3 2421 2498 2507 
3 2452 2497 2520 
3 2445 2464 2521 
3 2522 2523 2440 
3 2522 2440 2471 
3 2465 2524 2479 
3 2472 2402 2489 
3 2511 2368 2494 
3 2525 2473 2413 
3 2481 2391 2526 
3 2485 2481 2527 
3 2515 2477 2463 
3 2460 2486 2516 
3 2440 2523 2504 
3 2471 2455 2528 
3 2483 2484 2412 
3 2413 2529 2525 
3 2480 2475 2519 
3 2529 2413 2505 
3 2526 2391 2458 
3 2468 2530 2427 
3 2495 2392 2512 
3 2524 2499 2479 
3 2449 2472 2531 
3 2532 2505 2485 
3 2427 2530 2506 
3 2450 2533 2513 
3 2491 2517 2534 
3 2534 2535 2419 
3 2521 2536 2445 
3 2536 2488 2445 
3 2488 2465 2454 
3 2500 2537 2438 
3 2489 2457 2538 
3 2539 2494 2473 
3 2481 2540 2527 
3 2467 2506 2501 
3 2501 2533 2450 
3 2428 2503 2541 
3 2534 2517 2520 
3 2542 2498 2487 
3 2534 2419 2491 
3 2419 2535 2508 
3 2464 2508 2535 
3 2528 2522 2471 
3 2519 2526 2458 
3 2509 2510 2518 
3 2527 2532 2485 
3 2543 2518 2510 
3 2544 2489 2538 
3 2489 2531 2472 
3 2531 2483 2449 
3 2540 2481 2526 
3 2502 2428 2541 
3 2545 2503 2496 
3 2545 2496 2490 
3 2476 2516 2514 
3 2520 2546 2534 
3 2464 2535 2547 
3 2521 2464 2547 
3 2522 2528 2523 
3 2528 2455 2492 
3 2466 2446 2548 
3 2537 2457 2438 
3 2549 2484 2483 
3 2486 2550 2516 
3 2497 2546 2520 
3 2487 2470 2542 
3 2510 2504 2551 
3 2524 2552 2499 
3 2500 2499 2553 
3 2531 2549 2483 
3 2527 2540 2554 
3 2554 2532 2527 
3 2530 2468 2502 
3 2533 2512 2513 
3 2545 2490 2514 
3 2477 2555 2497 
3 2498 2556 2507 
3 2498 2542 2556 
3 2466 2548 2492 
3 2446 2493 2557 
3 2558 2493 2447 
3 2526 2554 2540 
3 2559 2533 2501 
3 2559 2501 2506 
3 2495 2512 2560 
3 2515 2495 2560 
3 2507 2550 2486 
3 2470 2453 2561 
3 2453 2518 2561 
3 2504 2523 2551 
3 2553 2537 2500 
3 2473 2525 2539 
3 2475 2484 2562 
3 2563 2526 2519 
3 2555 2477 2515 
3 2561 2518 2543 
3 2564 2465 2488 
3 2565 2528 2492 
3 2489 2544 2531 
3 2532 2529 2505 
3 2541 2503 2566 
3 2567 2484 2549 
3 2562 2568 2475 
3 2529 2569 2525 
3 2502 2570 2530 
3 2571 2502 2541 
3 2470 2572 2542 
3 2561 2543 2573 
3 2564 2488 2536 
3 2524 2465 2574 
3 2492 2548 2565 
3 2484 2567 2562 
3 2475 2568 2519 
3 2575 2506 2530 
3 2564 2574 2465 
3 2537 2538 2457 
3 2506 2575 2559 
3 2576 2533 2559 
3 2577 2530 2570 
3 2571 2570 2502 
3 2541 2566 2571 
3 2512 2533 2578 
3 2545 2514 2579 
3 2572 2470 2561 
3 2499 2552 2553 
3 2580 2446 2557 
3 2532 2554 2581 
3 2577 2570 2571 
3 2582 2503 2579 
3 2503 2545 2579 
3 2516 2583 2514 
3 2546 2497 2555 
3 2543 2510 2584 
3 2510 2551 2584 
3 2494 2585 2511 
3 2503 2582 2566 
3 2582 2586 2566 
3 2561 2573 2572 
3 2574 2552 2524 
3 2548 2446 2580 
3 2493 2558 2557 
3 2447 2511 2558 
3 2587 2544 2538 
3 2544 2549 2531 
3 2494 2539 2585 
3 2532 2588 2529 
3 2512 2578 2560 
3 2589 2515 2560 
3 2555 2515 2590 
3 2556 2542 2572 
3 2511 2585 2591 
3 2519 2568 2563 
3 2563 2554 2526 
3 2530 2592 2575 
3 2578 2533 2593 
3 2566 2586 2571 
3 2583 2579 2514 
3 2550 2507 2556 
3 2536 2521 2594 
3 2588 2569 2529 
3 2595 2586 2582 
3 2515 2589 2590 
3 2516 2550 2596 
3 2597 2550 2556 
3 2547 2598 2521 
3 2553 2599 2537 
3 2539 2525 2600 
3 2555 2601 2546 
3 2539 2600 2585 
3 2593 2533 2576 
3 2516 2596 2583 
3 2601 2555 2590 
3 2534 2546 2602 
3 2598 2547 2535 
3 2584 2603 2543 
3 2604 2549 2544 
3 2525 2569 2600 
3 2579 2595 2582 
3 2597 2596 2550 
3 2536 2605 2564 
3 2523 2528 2606 
3 2565 2548 2607 
3 2511 2591 2558 
3 2604 2544 2587 
3 2575 2576 2559 
3 2592 2530 2577 
3 2573 2543 2603 
3 2584 2551 2608 
3 2574 2564 2609 
3 2599 2538 2537 
3 2610 2568 2562 
3 2575 2611 2576 
3 2601 2602 2546 
3 2594 2521 2598 
3 2612 2606 2528 
3 2611 2575 2592 
3 2571 2613 2577 
3 2586 2613 2571 
3 2596 2614 2583 
3 2615 2534 2602 
3 2548 2580 2607 
3 2563 2616 2554 
3 2579 2617 2595 
3 2579 2583 2614 
3 2598 2535 2615 
3 2608 2551 2523 
3 2528 2565 2612 
3 2567 2618 2562 
3 2581 2554 2616 
3 2586 2595 2613 
3 2579 2614 2617 
3 2615 2535 2534 
3 2536 2594 2605 
3 2567 2549 2618 
3 2532 2581 2588 
3 2619 2577 2613 
3 2620 2578 2593 
3 2595 2621 2613 
3 2578 2589 2560 
3 2564 2605 2609 
3 2599 2553 2622 
3 2603 2623 2573 
3 2624 2523 2606 
3 2557 2558 2580 
3 2625 2591 2585 
3 2562 2618 2610 
3 2568 2610 2626 
3 2617 2627 2595 
3 2628 2597 2556 
3 2573 2623 2572 
3 2608 2603 2584 
3 2608 2523 2624 
3 2629 2553 2552 
3 2549 2604 2630 
3 2631 2618 2549 
3 2632 2588 2581 
3 2589 2578 2620 
3 2627 2617 2614 
3 2633 2614 2596 
3 2597 2634 2596 
3 2605 2594 2635 
3 2574 2629 2552 
3 2599 2587 2538 
3 2630 2631 2549 
3 2585 2600 2636 
3 2569 2588 2637 
3 2581 2616 2632 
3 2592 2577 2619 
3 2596 2634 2633 
3 2565 2638 2639 
3 2638 2565 2607 
3 2580 2640 2607 
3 2629 2622 2553 
3 2558 2641 2580 
3 2632 2642 2588 
3 2589 2643 2590 
3 2556 2572 2628 
3 2565 2639 2612 
3 2607 2644 2638 
3 2644 2607 2640 
3 2591 2625 2645 
3 2625 2585 2636 
3 2600 2569 2637 
3 2563 2568 2646 
3 2647 2576 2611 
3 2648 2620 2593 
3 2601 2649 2602 
3 2587 2599 2650 
3 2604 2651 2630 
3 2646 2568 2626 
3 2593 2576 2652 
3 2593 2652 2648 
3 2609 2653 2574 
3 2625 2636 2645 
3 2631 2630 2654 
3 2588 2642 2637 
3 2613 2655 2619 
3 2655 2613 2621 
3 2590 2643 2649 
3 2649 2601 2590 
3 2602 2656 2615 
3 2608 2623 2603 
3 2629 2574 2653 
3 2638 2644 2639 
3 2640 2657 2644 
3 2657 2640 2580 
3 2563 2658 2616 
3 2652 2576 2647 
3 2647 2611 2592 
3 2621 2659 2655 
3 2660 2659 2621 
3 2595 2660 2621 
3 2614 2661 2627 
3 2633 2634 2662 
3 2663 2572 2623 
3 2598 2615 2664 
3 2608 2665 2623 
3 2606 2666 2624 
3 2600 2667 2636 
3 2600 2637 2667 
3 2659 2660 2655 
3 2661 2614 2633 
3 2624 2665 2608 
3 2606 2612 2666 
3 2658 2632 2616 
3 2627 2660 2595 
3 2662 2661 2633 
3 2645 2558 2591 
3 2646 2668 2563 
3 2627 2669 2660 
3 2670 2634 2597 
3 2663 2628 2572 
3 2656 2664 2615 
3 2635 2594 2598 
3 2665 2624 2666 
3 2671 2612 2639 
3 2580 2672 2657 
3 2673 2599 2622 
3 2673 2650 2599 
3 2587 2651 2604 
3 2618 2631 2674 
3 2675 2610 2618 
3 2676 2610 2675 
3 2676 2626 2610 
3 2592 2619 2677 
3 2655 2660 2678 
3 2662 2634 2670 
3 2644 2657 2639 
3 2641 2558 2679 
3 2650 2680 2587 
3 2654 2630 2651 
3 2674 2675 2618 
3 2677 2647 2592 
3 2669 2678 2660 
3 2669 2627 2678 
3 2627 2661 2681 
3 2643 2589 2682 
3 2662 2683 2661 
3 2580 2641 2672 
3 2684 2636 2667 
3 2589 2685 2686 
3 2589 2686 2682 
3 2670 2597 2628 
3 2656 2602 2687 
3 2605 2688 2609 
3 2671 2689 2612 
3 2671 2639 2657 
3 2680 2651 2587 
3 2667 2637 2690 
3 2637 2642 2690 
3 2685 2589 2620 
3 2627 2681 2678 
3 2635 2598 2664 
3 2691 2605 2635 
3 2692 2679 2558 
3 2645 2636 2684 
3 2654 2674 2631 
3 2626 2676 2693 
3 2626 2693 2646 
3 2563 2694 2658 
3 2655 2678 2619 
3 2648 2695 2620 
3 2685 2620 2695 
3 2661 2683 2681 
3 2650 2673 2696 
3 2692 2558 2645 
3 2649 2697 2602 
3 2689 2671 2657 
3 2698 2646 2693 
3 2646 2698 2699 
3 2699 2668 2646 
3 2700 2667 2690 
3 2694 2563 2668 
3 2701 2648 2652 
3 2685 2695 2702 
3 2643 2682 2703 
3 2703 2649 2643 
3 2687 2602 2697 
3 2628 2663 2704 
3 2653 2609 2688 
3 2622 2629 2705 
3 2645 2706 2692 
3 2693 2676 2675 
3 2632 2658 2707 
3 2642 2632 2708 
3 2674 2693 2675 
3 2652 2647 2709 
3 2702 2686 2685 
3 2702 2682 2686 
3 2681 2683 2710 
3 2691 2635 2664 
3 2688 2605 2711 
3 2712 2698 2693 
3 2712 2699 2698 
3 2642 2713 2690 
3 2619 2678 2714 
3 2678 2710 2715 
3 2710 2678 2681 
3 2683 2716 2710 
3 2649 2717 2697 
3 2704 2670 2628 
3 2718 2641 2679 
3 2680 2650 2696 
3 2700 2684 2667 
3 2713 2642 2708 
3 2708 2632 2707 
3 2682 2702 2703 
3 2649 2719 2717 
3 2711 2605 2691 
3 2612 2689 2720 
3 2653 2688 2721 
3 2718 2679 2692 
3 2645 2684 2706 
3 2668 2699 2712 
3 2712 2722 2668 
3 2652 2709 2701 
3 2648 2701 2695 
3 2678 2715 2714 
3 2723 2665 2666 
3 2705 2673 2622 
3 2724 2687 2697 
3 2687 2664 2656 
3 2666 2612 2720 
3 2725 2707 2658 
3 2719 2649 2703 
3 2683 2662 2670 
3 2726 2666 2720 
3 2720 2727 2726 
3 2629 2728 2705 
3 2668 2722 2694 
3 2647 2729 2709 
3 2729 2647 2677 
3 2619 2714 2677 
3 2623 2665 2730 
3 2666 2731 2732 
3 2731 2666 2726 
3 2727 2731 2726 
3 2731 2727 2720 
3 2720 2733 2731 
3 2733 2720 2689 
3 2657 2672 2734 
3 2651 2735 2654 
3 2736 2674 2654 
3 2737 2694 2722 
3 2658 2694 2725 
3 2707 2738 2708 
3 2664 2687 2739 
3 2657 2734 2689 
3 2680 2696 2740 
3 2741 2692 2706 
3 2708 2738 2713 
3 2702 2695 2742 
3 2743 2716 2683 
3 2739 2691 2664 
3 2730 2665 2723 
3 2723 2744 2730 
3 2744 2723 2666 
3 2653 2728 2629 
3 2701 2742 2695 
3 2715 2710 2716 
3 2724 2697 2717 
3 2684 2741 2706 
3 2684 2700 2745 
3 2674 2736 2693 
3 2746 2653 2721 
3 2728 2747 2705 
3 2673 2705 2747 
3 2748 2749 2651 
3 2651 2680 2748 
3 2737 2722 2750 
3 2738 2707 2725 
3 2677 2714 2751 
3 2752 2717 2719 
3 2753 2704 2663 
3 2754 2663 2623 
3 2732 2731 2733 
3 2641 2755 2672 
3 2748 2680 2740 
3 2736 2712 2693 
3 2704 2756 2670 
3 2757 2623 2730 
3 2744 2666 2732 
3 2728 2653 2746 
3 2740 2758 2748 
3 2759 2692 2741 
3 2749 2735 2651 
3 2654 2760 2736 
3 2663 2754 2753 
3 2688 2711 2761 
3 2692 2759 2718 
3 2762 2758 2740 
3 2762 2748 2758 
3 2749 2748 2762 
3 2735 2760 2654 
3 2670 2763 2683 
3 2756 2704 2753 
3 2623 2757 2764 
3 2711 2691 2765 
3 2641 2766 2755 
3 2641 2718 2766 
3 2767 2690 2713 
3 2725 2694 2768 
3 2701 2769 2742 
3 2724 2770 2687 
3 2696 2673 2747 
3 2740 2696 2771 
3 2740 2771 2762 
3 2749 2762 2771 
3 2772 2714 2715 
3 2715 2716 2772 
3 2719 2703 2773 
3 2721 2688 2761 
3 2747 2774 2696 
3 2775 2743 2683 
3 2739 2687 2770 
3 2776 2730 2744 
3 2728 2746 2777 
3 2672 2778 2734 
3 2766 2779 2755 
3 2684 2745 2741 
3 2700 2690 2767 
3 2694 2737 2768 
3 2713 2738 2780 
3 2683 2763 2775 
3 2670 2756 2763 
3 2781 2717 2752 
3 2733 2782 2732 
3 2746 2721 2777 
3 2783 2779 2766 
3 2783 2755 2779 
3 2750 2722 2712 
3 2784 2737 2750 
3 2738 2725 2780 
3 2785 2701 2709 
3 2742 2769 2702 
3 2716 2743 2772 
3 2773 2703 2702 
3 2752 2719 2773 
3 2781 2724 2717 
3 2724 2781 2786 
3 2724 2787 2770 
3 2754 2623 2764 
3 2732 2782 2744 
3 2728 2777 2747 
3 2778 2672 2755 
3 2778 2755 2783 
3 2783 2788 2778 
3 2712 2736 2789 
3 2677 2751 2729 
3 2729 2785 2709 
3 2787 2724 2786 
3 2757 2790 2764 
3 2733 2689 2791 
3 2689 2792 2791 
3 2788 2783 2766 
3 2725 2768 2780 
3 2739 2793 2691 
3 2689 2734 2792 
3 2788 2766 2718 
3 2763 2756 2794 
3 2752 2787 2781 
3 2787 2786 2781 
3 2790 2795 2754 
3 2754 2764 2790 
3 2793 2765 2691 
3 2771 2696 2774 
3 2789 2736 2796 
3 2780 2767 2713 
3 2797 2701 2785 
3 2782 2733 2791 
3 2735 2749 2771 
3 2796 2736 2760 
3 2712 2798 2750 
3 2799 2768 2737 
3 2757 2795 2790 
3 2757 2730 2776 
3 2711 2765 2800 
3 2771 2774 2801 
3 2789 2802 2712 
3 2802 2798 2712 
3 2784 2799 2737 
3 2797 2769 2701 
3 2803 2804 2743 
3 2805 2787 2752 
3 2803 2743 2775 
3 2702 2769 2773 
3 2761 2711 2800 
3 2718 2759 2788 
3 2806 2771 2801 
3 2807 2729 2751 
3 2808 2714 2772 
3 2809 2777 2721 
3 2734 2778 2810 
3 2735 2811 2760 
3 2750 2798 2784 
3 2808 2751 2714 
3 2772 2743 2812 
3 2753 2794 2756 
3 2795 2757 2813 
3 2814 2721 2761 
3 2815 2791 2792 
3 2700 2816 2745 
3 2700 2767 2816 
3 2807 2785 2729 
3 2804 2812 2743 
3 2817 2754 2795 
3 2744 2818 2776 
3 2818 2744 2782 
3 2734 2810 2792 
3 2759 2741 2819 
3 2741 2745 2819 
3 2820 2807 2751 
3 2772 2812 2821 
3 2813 2757 2776 
3 2776 2822 2813 
3 2721 2814 2809 
3 2806 2735 2771 
3 2819 2745 2823 
3 2760 2811 2824 
3 2824 2796 2760 
3 2820 2751 2808 
3 2801 2774 2825 
3 2803 2826 2804 
3 2763 2827 2775 
3 2814 2761 2828 
3 2782 2791 2815 
3 2747 2777 2829 
3 2774 2747 2830 
3 2801 2825 2806 
3 2735 2806 2831 
3 2735 2832 2811 
3 2816 2767 2833 
3 2767 2780 2833 
3 2769 2797 2834 
3 2821 2812 2826 
3 2812 2804 2826 
3 2773 2805 2752 
3 2754 2817 2753 
3 2835 2765 2793 
3 2800 2828 2761 
3 2796 2824 2789 
3 2745 2816 2823 
3 2780 2768 2836 
3 2808 2772 2821 
3 2773 2769 2805 
3 2770 2837 2739 
3 2800 2765 2835 
3 2822 2776 2818 
3 2818 2782 2815 
3 2788 2838 2778 
3 2802 2789 2839 
3 2798 2802 2839 
3 2770 2787 2840 
3 2818 2841 2822 
3 2792 2842 2815 
3 2778 2838 2810 
3 2806 2825 2831 
3 2807 2820 2843 
3 2808 2821 2826 
3 2794 2844 2763 
3 2753 2817 2845 
3 2818 2815 2841 
3 2846 2785 2807 
3 2847 2805 2769 
3 2763 2844 2827 
3 2837 2793 2739 
3 2848 2795 2813 
3 2809 2829 2777 
3 2792 2810 2842 
3 2829 2830 2747 
3 2849 2759 2819 
3 2811 2832 2850 
3 2833 2780 2836 
3 2840 2787 2805 
3 2839 2789 2824 
3 2836 2768 2799 
3 2808 2826 2851 
3 2845 2794 2753 
3 2795 2848 2817 
3 2774 2830 2825 
3 2735 2831 2832 
3 2834 2797 2785 
3 2803 2851 2826 
3 2813 2822 2848 
3 2846 2834 2785 
3 2852 2843 2820 
3 2853 2847 2769 
3 2775 2854 2803 
3 2840 2837 2770 
3 2810 2855 2842 
3 2838 2788 2759 
3 2850 2832 2856 
3 2769 2834 2853 
3 2827 2854 2775 
3 2857 2822 2841 
3 2841 2815 2857 
3 2809 2814 2858 
3 2859 2784 2798 
3 2836 2799 2860 
3 2846 2807 2843 
3 2854 2851 2803 
3 2844 2854 2827 
3 2814 2828 2858 
3 2856 2832 2831 
3 2819 2823 2861 
3 2862 2805 2847 
3 2831 2825 2863 
3 2819 2861 2849 
3 2798 2839 2859 
3 2799 2784 2864 
3 2843 2865 2846 
3 2865 2843 2852 
3 2840 2805 2866 
3 2837 2835 2793 
3 2850 2856 2867 
3 2867 2811 2850 
3 2811 2867 2868 
3 2811 2868 2869 
3 2869 2824 2811 
3 2823 2816 2870 
3 2846 2871 2834 
3 2872 2844 2794 
3 2835 2873 2800 
3 2842 2855 2874 
3 2830 2829 2875 
3 2876 2810 2838 
3 2863 2825 2877 
3 2759 2849 2838 
3 2878 2856 2831 
3 2864 2784 2859 
3 2860 2799 2879 
3 2860 2833 2836 
3 2846 2865 2880 
3 2881 2865 2852 
3 2881 2852 2820 
3 2794 2845 2872 
3 2845 2817 2882 
3 2874 2815 2842 
3 2877 2825 2830 
3 2864 2879 2799 
3 2846 2880 2871 
3 2828 2800 2873 
3 2815 2883 2857 
3 2816 2884 2870 
3 2833 2884 2816 
3 2859 2879 2864 
3 2820 2885 2881 
3 2885 2820 2808 
3 2886 2848 2822 
3 2886 2822 2857 
3 2887 2831 2888 
3 2867 2856 2878 
3 2889 2837 2840 
3 2876 2855 2810 
3 2877 2830 2890 
3 2863 2877 2890 
3 2863 2888 2831 
3 2891 2849 2861 
3 2868 2867 2878 
3 2868 2878 2869 
3 2881 2892 2865 
3 2862 2893 2805 
3 2887 2878 2831 
3 2859 2839 2894 
3 2860 2895 2833 
3 2871 2896 2834 
3 2805 2893 2866 
3 2837 2897 2835 
3 2898 2815 2874 
3 2829 2809 2899 
3 2830 2875 2900 
3 2890 2888 2863 
3 2849 2901 2838 
3 2823 2870 2861 
3 2896 2871 2880 
3 2817 2848 2902 
3 2857 2883 2886 
3 2858 2828 2903 
3 2904 2839 2824 
3 2865 2905 2880 
3 2905 2865 2892 
3 2882 2872 2845 
3 2840 2866 2889 
3 2817 2906 2882 
3 2873 2835 2907 
3 2883 2815 2898 
3 2858 2899 2809 
3 2833 2895 2908 
3 2808 2851 2909 
3 2862 2847 2910 
3 2886 2911 2848 
3 2892 2881 2885 
3 2885 2909 2892 
3 2909 2885 2808 
3 2853 2910 2847 
3 2872 2912 2844 
3 2834 2896 2853 
3 2896 2910 2853 
3 2912 2872 2882 
3 2906 2817 2902 
3 2903 2828 2873 
3 2900 2913 2830 
3 2890 2830 2913 
3 2838 2901 2914 
3 2901 2849 2891 
3 2904 2869 2878 
3 2824 2869 2904 
3 2859 2915 2879 
3 2902 2848 2911 
3 2875 2829 2899 
3 2916 2891 2861 
3 2879 2908 2860 
3 2895 2860 2908 
3 2880 2905 2896 
3 2890 2887 2888 
3 2897 2907 2835 
3 2876 2838 2914 
3 2916 2861 2870 
3 2915 2859 2894 
3 2844 2917 2854 
3 2910 2918 2862 
3 2884 2919 2870 
3 2833 2908 2884 
3 2908 2879 2920 
3 2892 2921 2905 
3 2921 2892 2909 
3 2902 2922 2906 
3 2889 2923 2837 
3 2897 2837 2923 
3 2911 2886 2883 
3 2924 2876 2914 
3 2925 2896 2905 
3 2905 2921 2925 
3 2851 2854 2926 
3 2918 2893 2862 
3 2927 2882 2906 
3 2928 2914 2901 
3 2916 2870 2919 
3 2929 2894 2839 
3 2851 2926 2930 
3 2844 2912 2917 
3 2882 2927 2912 
3 2931 2927 2906 
3 2874 2855 2932 
3 2913 2887 2890 
3 2929 2839 2904 
3 2933 2866 2893 
3 2906 2922 2931 
3 2902 2911 2934 
3 2873 2907 2935 
3 2903 2873 2935 
3 2887 2936 2878 
3 2937 2904 2878 
3 2884 2908 2938 
3 2854 2917 2926 
3 2939 2855 2876 
3 2900 2875 2940 
3 2913 2936 2887 
3 2941 2937 2878 
3 2937 2942 2904 
3 2930 2909 2851 
3 2907 2897 2943 
3 2883 2898 2944 
3 2899 2858 2903 
3 2874 2932 2898 
3 2855 2945 2932 
3 2940 2913 2900 
3 2936 2941 2878 
3 2946 2884 2938 
3 2920 2938 2908 
3 2947 2912 2927 
3 2933 2889 2866 
3 2945 2855 2939 
3 2916 2948 2891 
3 2884 2946 2919 
3 2949 2910 2896 
3 2925 2950 2896 
3 2950 2925 2921 
3 2876 2924 2939 
3 2928 2901 2951 
3 2901 2891 2951 
3 2946 2938 2952 
3 2915 2920 2879 
3 2949 2918 2910 
3 2933 2893 2918 
3 2902 2931 2922 
3 2953 2896 2950 
3 2902 2934 2931 
3 2907 2954 2935 
3 2911 2883 2955 
3 2928 2924 2914 
3 2894 2929 2956 
3 2957 2934 2911 
3 2943 2954 2907 
3 2898 2932 2944 
3 2875 2899 2958 
3 2945 2959 2932 
3 2875 2960 2940 
3 2929 2961 2956 
3 2956 2915 2894 
3 2921 2962 2950 
3 2963 2921 2909 
3 2955 2957 2911 
3 2920 2964 2938 
3 2935 2965 2903 
3 2903 2966 2899 
3 2966 2958 2899 
3 2959 2945 2939 
3 2920 2915 2967 
3 2930 2963 2909 
3 2953 2949 2896 
3 2923 2943 2897 
3 2919 2968 2916 
3 2919 2946 2968 
3 2969 2950 2962 
3 2921 2963 2962 
3 2949 2970 2918 
3 2912 2947 2917 
3 2971 2889 2933 
3 2972 2941 2936 
3 2891 2948 2951 
3 2942 2929 2904 
3 2964 2952 2938 
3 2930 2926 2973 
3 2933 2918 2974 
3 2965 2935 2954 
3 2960 2875 2958 
3 2972 2936 2913 
3 2950 2969 2953 
3 2975 2949 2953 
3 2883 2944 2955 
3 2939 2924 2959 
3 2975 2970 2949 
3 2966 2903 2976 
3 2944 2932 2977 
3 2920 2967 2978 
3 2978 2964 2920 
3 2979 2963 2930 
3 2923 2889 2980 
3 2913 2940 2981 
3 2916 2968 2948 
3 2956 2967 2915 
3 2962 2982 2969 
3 2927 2983 2947 
3 2944 2977 2955 
3 2984 2960 2958 
3 2985 2928 2951 
3 2942 2986 2929 
3 2962 2979 2982 
3 2979 2962 2963 
3 2917 2987 2926 
3 2974 2971 2933 
3 2889 2971 2988 
3 2983 2927 2931 
3 2989 2931 2934 
3 2976 2958 2966 
3 2990 2959 2924 
3 2985 2924 2928 
3 2942 2937 2991 
3 2929 2986 2961 
3 2987 2973 2926 
3 2918 2970 2974 
3 2932 2959 2992 
3 2930 2973 2979 
3 2993 2947 2983 
3 2889 2988 2980 
3 2955 2994 2957 
3 2977 2994 2955 
3 2965 2976 2903 
3 2995 2958 2976 
3 2972 2996 2941 
3 2941 2996 2937 
3 2997 2951 2948 
3 2952 2964 2978 
3 2975 2953 2969 
3 2998 2934 2957 
3 2972 2913 2981 
3 2996 2999 2937 
3 3000 2943 2923 
3 2984 2958 2995 
3 2948 2968 2997 
3 3001 2951 2997 
3 3002 2975 2969 
3 2923 2980 3003 
3 3000 2923 3003 
3 3000 2954 2943 
3 2992 2959 2990 
3 2999 2991 2937 
3 2946 2952 2968 
3 2967 2956 3004 
3 3002 2969 2982 
3 2917 2947 3005 
3 2934 2998 2989 
3 2984 3006 2960 
3 2951 3001 2985 
3 2970 2975 3007 
3 2971 2974 3008 
3 3009 2981 2940 
3 2942 2991 2986 
3 3010 2956 2961 
3 3011 2979 2973 
3 3007 3012 2970 
3 2974 2970 3012 
3 3005 2987 2917 
3 2954 3013 2965 
3 2992 2977 2932 
3 2940 2960 3009 
3 2978 2967 3004 
3 2952 2978 3014 
3 3005 2947 2993 
3 2988 3003 2980 
3 3000 3013 2954 
3 2998 2957 2994 
3 3015 2972 2981 
3 2986 3010 2961 
3 2973 2987 3016 
3 3017 2993 2983 
3 2989 3018 2931 
3 3006 2984 3019 
3 2985 2990 2924 
3 2999 2996 3020 
3 3020 2986 2991 
3 2968 2952 3021 
3 2982 3022 3002 
3 3022 2982 2979 
3 2975 3023 3007 
3 2971 3008 2988 
3 3006 3009 2960 
3 2991 2999 3020 
3 2968 3024 2997 
3 3021 3025 2968 
3 2978 3004 3026 
3 2975 3002 3023 
3 3005 3027 2987 
3 2931 3018 2983 
3 2984 2995 3028 
3 3023 3002 3029 
3 2973 3016 3011 
3 3000 3003 3030 
3 3031 2976 2965 
3 2990 3032 2992 
3 2952 3014 3021 
3 3014 2978 3026 
3 2996 2972 3015 
3 2968 3025 3024 
3 2974 3012 3033 
3 3027 3005 2993 
3 2976 3031 2995 
3 3028 3019 2984 
3 3002 3022 3029 
3 3004 3034 3026 
3 3035 2979 3011 
3 3011 3016 3035 
3 2988 3030 3003 
3 3036 2983 3018 
3 2994 3037 2998 
3 3013 3038 2965 
3 2977 2992 3039 
3 3009 3006 3019 
3 2981 3009 3040 
3 3015 2981 3041 
3 3020 2996 3042 
3 3014 3026 3043 
3 3022 2979 3035 
3 3033 3012 3007 
3 3023 3033 3007 
3 2987 3027 3044 
3 3038 3031 2965 
3 2994 2977 3045 
3 3031 3028 2995 
3 2956 3010 3004 
3 3043 3026 3034 
3 2989 3036 3018 
3 2997 3046 3001 
3 3040 3009 3019 
3 3041 2981 3040 
3 2996 3015 3042 
3 3042 3047 3020 
3 3043 3021 3014 
3 3033 3008 2974 
3 3008 3048 2988 
3 3013 3000 3030 
3 2994 3045 3037 
3 3046 2997 3024 
3 2987 3044 3016 
3 3027 2993 3049 
3 2990 2985 3050 
3 3051 3022 3035 
3 2989 3052 3036 
3 3041 3053 3015 
3 3051 3029 3022 
3 3017 2983 3036 
3 2992 3032 3054 
3 2990 3050 3032 
3 2985 3055 3050 
3 3004 3010 3056 
3 3034 3004 3056 
3 3025 3021 3057 
3 3029 3051 3058 
3 2977 3039 3045 
3 3031 3059 3028 
3 3060 3029 3058 
3 3061 2993 3017 
3 2985 3001 3055 
3 3042 3015 3053 
3 2986 3020 3062 
3 3043 3063 3021 
3 3064 3051 3035 
3 3060 3023 3029 
3 3038 3065 3031 
3 3059 3031 3065 
3 3057 3021 3063 
3 3033 3023 3066 
3 3048 3008 3067 
3 2989 2998 3052 
3 3068 2998 3037 
3 3069 3038 3013 
3 3054 3039 2992 
3 2986 3070 3010 
3 3071 3016 3044 
3 2993 3061 3049 
3 3036 3072 3017 
3 3059 3019 3028 
3 3073 3046 3024 
3 3047 3074 3020 
3 3062 3020 3074 
3 3075 3010 3070 
3 2988 3048 3030 
3 3055 3076 3050 
3 3076 3055 3001 
3 3062 3070 2986 
3 3075 3056 3010 
3 3043 3034 3063 
3 3023 3060 3066 
3 3077 3027 3049 
3 3078 3065 3038 
3 3079 3050 3076 
3 3080 3058 3051 
3 3044 3027 3081 
3 3081 3027 3077 
3 3068 3052 2998 
3 3069 3013 3030 
3 3082 3037 3045 
3 3041 3040 3083 
3 3053 3041 3083 
3 3042 3053 3084 
3 3073 3024 3025 
3 3058 3080 3060 
3 3085 3035 3016 
3 3072 3061 3017 
3 3062 3086 3087 
3 3062 3087 3070 
3 3080 3051 3064 
3 3085 3016 3071 
3 3008 3033 3088 
3 3072 3036 3052 
3 3037 3082 3068 
3 3050 3079 3032 
3 3053 3083 3089 
3 3001 3046 3090 
3 3086 3062 3074 
3 3074 3087 3086 
3 3071 3044 3081 
3 3091 3045 3039 
3 3040 3092 3083 
3 3076 3001 3090 
3 3087 3074 3093 
3 3087 3093 3070 
3 3048 3094 3030 
3 3095 3069 3030 
3 3096 3084 3053 
3 3047 3093 3074 
3 3025 3057 3073 
3 3063 3034 3097 
3 3085 3064 3035 
3 3088 3033 3066 
3 3081 3098 3071 
3 3052 3068 3099 
3 3059 3065 3100 
3 3089 3083 3092 
3 3092 3096 3089 
3 3089 3096 3053 
3 3042 3101 3047 
3 3052 3099 3072 
3 3019 3059 3102 
3 3103 3070 3093 
3 3103 3075 3070 
3 3097 3034 3056 
3 3057 3063 3104 
3 3008 3088 3067 
3 3072 3105 3061 
3 3106 3054 3032 
3 3066 3060 3080 
3 3107 3048 3067 
3 3108 3030 3094 
3 3109 3069 3095 
3 3110 3090 3046 
3 3047 3101 3111 
3 3110 3046 3073 
3 3112 3064 3085 
3 3113 3085 3071 
3 3049 3061 3077 
3 3107 3094 3048 
3 3114 3078 3038 
3 3040 3019 3115 
3 3032 3079 3116 
3 3115 3092 3040 
3 3103 3117 3075 
3 3056 3075 3117 
3 3112 3080 3064 
3 3038 3069 3114 
3 3084 3096 3092 
3 3118 3073 3057 
3 3097 3056 3119 
3 3045 3091 3082 
3 3100 3102 3059 
3 3054 3120 3039 
3 3102 3115 3019 
3 3076 3090 3121 
3 3104 3122 3057 
3 3080 3123 3066 
3 3116 3079 3076 
3 3118 3124 3073 
3 3104 3063 3097 
3 3105 3077 3061 
3 3125 3099 3068 
3 3065 3078 3100 
3 3120 3054 3106 
3 3032 3116 3106 
3 3116 3076 3121 
3 3092 3126 3084 
3 3101 3042 3126 
3 3122 3118 3057 
3 3112 3123 3080 
3 3081 3077 3098 
3 3042 3084 3126 
3 3113 3071 3098 
3 3127 3107 3067 
3 3107 3108 3094 
3 3082 3125 3068 
3 3128 3066 3123 
3 3085 3129 3112 
3 3099 3130 3072 
3 3030 3108 3095 
3 3131 3091 3039 
3 3131 3039 3120 
3 3115 3132 3092 
3 3093 3047 3111 
3 3088 3127 3067 
3 3109 3114 3069 
3 3114 3133 3078 
3 3100 3078 3133 
3 3124 3134 3073 
3 3072 3130 3105 
3 3135 3082 3091 
3 3111 3136 3093 
3 3073 3134 3110 
3 3093 3117 3103 
3 3119 3104 3097 
3 3128 3123 3112 
3 3129 3085 3113 
3 3137 3077 3105 
3 3111 3101 3126 
3 3117 3119 3056 
3 3098 3077 3137 
3 3109 3095 3138 
3 3104 3139 3122 
3 3140 3112 3129 
3 3141 3100 3133 
3 3142 3121 3090 
3 3142 3090 3110 
3 3119 3139 3104 
3 3143 3088 3066 
3 3082 3135 3125 
3 3144 3106 3116 
3 3132 3126 3092 
3 3136 3117 3093 
3 3066 3128 3143 
3 3108 3138 3095 
3 3145 3135 3091 
3 3120 3146 3131 
3 3132 3115 3147 
3 3115 3102 3147 
3 3106 3144 3120 
3 3124 3118 3148 
3 3140 3128 3112 
3 3114 3109 3138 
3 3148 3134 3124 
3 3149 3099 3125 
3 3138 3150 3114 
3 3142 3110 3134 
3 3151 3139 3119 
3 3129 3152 3140 
3 3153 3129 3113 
3 3154 3113 3098 
3 3141 3102 3100 
3 3118 3122 3148 
3 3155 3144 3116 
3 3121 3142 3156 
3 3126 3157 3111 
3 3154 3098 3137 
3 3108 3107 3158 
3 3099 3159 3130 
3 3128 3140 3160 
3 3128 3160 3143 
3 3127 3158 3107 
3 3138 3108 3161 
3 3099 3149 3159 
3 3162 3133 3114 
3 3163 3120 3144 
3 3132 3147 3164 
3 3126 3132 3164 
3 3111 3165 3136 
3 3151 3119 3166 
3 3139 3167 3122 
3 3140 3152 3160 
3 3168 3127 3088 
3 3158 3127 3169 
3 3091 3131 3145 
3 3141 3133 3162 
3 3146 3170 3131 
3 3141 3171 3102 
3 3121 3156 3116 
3 3117 3136 3172 
3 3166 3119 3117 
3 3173 3088 3143 
3 3108 3158 3161 
3 3148 3122 3167 
3 3167 3139 3151 
3 3153 3152 3129 
3 3154 3153 3113 
3 3137 3105 3174 
3 3159 3105 3130 
3 3163 3144 3155 
3 3155 3116 3156 
3 3136 3165 3175 
3 3176 3143 3160 
3 3177 3173 3143 
3 3178 3088 3173 
3 3174 3105 3159 
3 3125 3179 3149 
3 3180 3164 3147 
3 3088 3178 3168 
3 3169 3127 3181 
3 3141 3162 3182 
3 3147 3102 3183 
3 3184 3166 3117 
3 3185 3167 3151 
3 3177 3143 3176 
3 3153 3186 3152 
3 3153 3154 3187 
3 3168 3181 3127 
3 3135 3145 3125 
3 3188 3142 3134 
3 3136 3175 3172 
3 3137 3189 3154 
3 3190 3159 3149 
3 3179 3125 3145 
3 3150 3162 3114 
3 3120 3191 3146 
3 3171 3183 3102 
3 3191 3120 3163 
3 3167 3192 3148 
3 3151 3166 3185 
3 3173 3177 3193 
3 3156 3194 3155 
3 3160 3195 3176 
3 3153 3187 3186 
3 3187 3154 3189 
3 3149 3179 3190 
3 3183 3180 3147 
3 3111 3157 3165 
3 3148 3188 3134 
3 3185 3192 3167 
3 3195 3160 3152 
3 3196 3176 3195 
3 3161 3158 3197 
3 3198 3179 3145 
3 3182 3171 3141 
3 3194 3156 3142 
3 3177 3176 3199 
3 3199 3176 3196 
3 3162 3150 3200 
3 3172 3184 3117 
3 3148 3192 3201 
3 3152 3186 3202 
3 3203 3189 3137 
3 3137 3174 3203 
3 3197 3158 3204 
3 3158 3169 3204 
3 3138 3161 3205 
3 3142 3206 3194 
3 3207 3142 3188 
3 3166 3208 3185 
3 3195 3152 3202 
3 3193 3177 3199 
3 3181 3204 3169 
3 3150 3138 3200 
3 3209 3131 3170 
3 3172 3175 3210 
3 3188 3148 3211 
3 3195 3212 3196 
3 3173 3193 3178 
3 3178 3181 3168 
3 3200 3138 3205 
3 3131 3209 3145 
3 3157 3126 3213 
3 3201 3211 3148 
3 3208 3192 3185 
3 3199 3196 3212 
3 3214 3186 3187 
3 3215 3170 3146 
3 3215 3146 3191 
3 3186 3216 3202 
3 3217 3191 3163 
3 3210 3184 3172 
3 3218 3189 3203 
3 3219 3155 3194 
3 3126 3164 3213 
3 3195 3202 3212 
3 3198 3145 3209 
3 3192 3208 3220 
3 3197 3221 3161 
3 3174 3159 3222 
3 3190 3179 3223 
3 3206 3142 3207 
3 3224 3188 3211 
3 3166 3220 3208 
3 3221 3225 3161 
3 3191 3217 3215 
3 3155 3219 3163 
3 3175 3165 3226 
3 3188 3224 3207 
3 3199 3212 3227 
3 3199 3228 3193 
3 3186 3214 3216 
3 3222 3203 3174 
3 3205 3161 3225 
3 3166 3184 3229 
3 3212 3202 3227 
3 3222 3159 3190 
3 3230 3200 3205 
3 3179 3198 3223 
3 3231 3199 3227 
3 3232 3193 3228 
3 3233 3187 3189 
3 3189 3218 3233 
3 3200 3234 3162 
3 3183 3171 3235 
3 3199 3231 3228 
3 3202 3231 3227 
3 3236 3178 3193 
3 3194 3206 3219 
3 3184 3210 3237 
3 3166 3229 3220 
3 3238 3218 3203 
3 3239 3163 3219 
3 3165 3157 3240 
3 3207 3241 3206 
3 3229 3184 3237 
3 3242 3201 3192 
3 3192 3220 3243 
3 3232 3244 3193 
3 3181 3245 3204 
3 3163 3239 3217 
3 3183 3246 3180 
3 3164 3180 3246 
3 3213 3240 3157 
3 3226 3165 3240 
3 3207 3224 3241 
3 3210 3175 3226 
3 3211 3201 3242 
3 3232 3228 3231 
3 3247 3171 3182 
3 3248 3246 3183 
3 3249 3231 3202 
3 3202 3216 3249 
3 3181 3178 3245 
3 3250 3187 3233 
3 3236 3245 3178 
3 3203 3222 3238 
3 3251 3222 3190 
3 3230 3205 3225 
3 3182 3162 3252 
3 3209 3170 3253 
3 3253 3170 3215 
3 3254 3242 3192 
3 3204 3221 3197 
3 3230 3225 3255 
3 3235 3171 3247 
3 3246 3213 3164 
3 3243 3254 3192 
3 3234 3252 3162 
3 3217 3256 3215 
3 3257 3224 3211 
3 3258 3231 3249 
3 3251 3190 3223 
3 3230 3234 3200 
3 3259 3237 3210 
3 3236 3193 3244 
3 3260 3216 3214 
3 3256 3217 3239 
3 3226 3259 3210 
3 3243 3220 3261 
3 3262 3244 3232 
3 3250 3214 3187 
3 3263 3250 3233 
3 3220 3229 3261 
3 3231 3258 3232 
3 3260 3249 3216 
3 3198 3264 3223 
3 3264 3198 3209 
3 3235 3247 3265 
3 3215 3256 3253 
3 3183 3235 3248 
3 3206 3266 3219 
3 3266 3206 3241 
3 3267 3224 3257 
3 3257 3211 3242 
3 3234 3230 3255 
3 3268 3262 3232 
3 3258 3268 3232 
3 3244 3262 3236 
3 3233 3218 3263 
3 3267 3266 3241 
3 3267 3241 3224 
3 3252 3269 3182 
3 3246 3270 3213 
3 3271 3226 3240 
3 3204 3272 3221 
3 3182 3265 3247 
3 3261 3254 3243 
3 3249 3260 3258 
3 3273 3214 3250 
3 3274 3238 3222 
3 3239 3219 3275 
3 3213 3276 3240 
3 3276 3271 3240 
3 3277 3222 3251 
3 3276 3213 3270 
3 3242 3278 3257 
3 3279 3268 3258 
3 3280 3236 3262 
3 3218 3238 3263 
3 3221 3272 3281 
3 3252 3234 3282 
3 3269 3265 3182 
3 3283 3246 3248 
3 3270 3246 3283 
3 3237 3284 3229 
3 3236 3280 3285 
3 3285 3245 3236 
3 3245 3285 3286 
3 3287 3204 3245 
3 3281 3225 3221 
3 3209 3288 3264 
3 3239 3289 3256 
3 3279 3262 3268 
3 3214 3273 3260 
3 3272 3204 3287 
3 3274 3222 3277 
3 3276 3290 3271 
3 3242 3254 3278 
3 3263 3238 3274 
3 3255 3225 3281 
3 3291 3251 3223 
3 3255 3292 3234 
3 3261 3229 3293 
3 3260 3294 3258 
3 3295 3288 3209 
3 3265 3248 3235 
3 3276 3270 3296 
3 3259 3226 3297 
3 3284 3298 3229 
3 3286 3287 3245 
3 3223 3264 3291 
3 3252 3299 3269 
3 3239 3275 3289 
3 3226 3271 3297 
3 3259 3284 3237 
3 3254 3261 3300 
3 3258 3294 3279 
3 3292 3282 3234 
3 3219 3301 3275 
3 3266 3301 3219 
3 3262 3279 3280 
3 3302 3294 3260 
3 3281 3303 3255 
3 3209 3253 3295 
3 3300 3278 3254 
3 3285 3280 3304 
3 3304 3305 3285 
3 3285 3305 3286 
3 3250 3263 3306 
3 3255 3303 3292 
3 3307 3256 3289 
3 3308 3267 3257 
3 3278 3308 3257 
3 3293 3229 3298 
3 3306 3263 3274 
3 3253 3309 3295 
3 3310 3253 3256 
3 3248 3265 3311 
3 3301 3266 3267 
3 3260 3273 3302 
3 3286 3305 3312 
3 3299 3252 3282 
3 3265 3269 3299 
3 3256 3307 3310 
3 3290 3297 3271 
3 3312 3305 3304 
3 3286 3312 3313 
3 3287 3286 3313 
3 3277 3251 3291 
3 3314 3295 3309 
3 3253 3310 3309 
3 3308 3315 3267 
3 3278 3300 3316 
3 3300 3261 3293 
3 3273 3250 3306 
3 3295 3314 3288 
3 3309 3310 3314 
3 3290 3276 3296 
3 3284 3259 3317 
3 3318 3308 3278 
3 3319 3291 3264 
3 3320 3289 3275 
3 3318 3278 3316 
3 3304 3313 3312 
3 3288 3314 3264 
3 3307 3289 3320 
3 3297 3317 3259 
3 3287 3313 3272 
3 3274 3277 3321 
3 3301 3267 3315 
3 3284 3322 3298 
3 3323 3293 3298 
3 3294 3324 3279 
3 3303 3325 3292 
3 3265 3299 3326 
3 3327 3280 3279 
3 3304 3280 3327 
3 3273 3306 3328 
3 3299 3282 3326 
3 3270 3283 3329 
3 3330 3275 3301 
3 3273 3328 3302 
3 3272 3313 3331 
3 3332 3277 3291 
3 3325 3282 3292 
3 3323 3333 3293 
3 3316 3300 3334 
3 3248 3335 3283 
3 3301 3315 3336 
3 3297 3290 3337 
3 3300 3293 3333 
3 3279 3324 3327 
3 3272 3338 3281 
3 3264 3314 3319 
3 3298 3322 3323 
3 3339 3303 3281 
3 3332 3291 3319 
3 3325 3303 3340 
3 3341 3314 3310 
3 3307 3320 3342 
3 3311 3335 3248 
3 3330 3320 3275 
3 3337 3343 3297 
3 3284 3317 3322 
3 3331 3338 3272 
3 3335 3329 3283 
3 3330 3301 3336 
3 3317 3297 3343 
3 3294 3302 3344 
3 3302 3328 3345 
3 3338 3339 3281 
3 3282 3325 3346 
3 3274 3321 3306 
3 3277 3347 3321 
3 3326 3348 3265 
3 3349 3310 3307 
3 3350 3296 3270 
3 3296 3351 3290 
3 3334 3300 3333 
3 3344 3302 3345 
3 3306 3352 3328 
3 3339 3340 3303 
3 3310 3349 3341 
3 3350 3351 3296 
3 3353 3308 3318 
3 3294 3344 3324 
3 3326 3282 3354 
3 3333 3323 3355 
3 3314 3356 3319 
3 3342 3349 3307 
3 3350 3270 3329 
3 3337 3290 3351 
3 3311 3265 3348 
3 3317 3343 3357 
3 3322 3355 3323 
3 3358 3316 3334 
3 3304 3359 3313 
3 3306 3321 3352 
3 3347 3277 3332 
3 3332 3360 3347 
3 3335 3311 3361 
3 3361 3329 3335 
3 3359 3304 3327 
3 3360 3332 3319 
3 3362 3333 3355 
3 3363 3338 3331 
3 3330 3364 3320 
3 3353 3315 3308 
3 3318 3358 3353 
3 3316 3358 3318 
3 3334 3333 3362 
3 3331 3313 3365 
3 3282 3346 3354 
3 3342 3320 3364 
3 3355 3322 3366 
3 3362 3358 3334 
3 3367 3360 3319 
3 3357 3322 3317 
3 3368 3327 3324 
3 3339 3369 3340 
3 3360 3367 3370 
3 3348 3371 3311 
3 3343 3337 3372 
3 3365 3313 3359 
3 3373 3356 3314 
3 3374 3349 3342 
3 3361 3375 3329 
3 3357 3376 3322 
3 3331 3365 3363 
3 3319 3356 3367 
3 3346 3377 3354 
3 3373 3314 3341 
3 3326 3354 3377 
3 3375 3350 3329 
3 3322 3378 3366 
3 3362 3355 3379 
3 3352 3380 3328 
3 3339 3338 3369 
3 3370 3347 3360 
3 3372 3337 3381 
3 3372 3357 3343 
3 3353 3358 3382 
3 3358 3362 3379 
3 3383 3345 3328 
3 3384 3349 3374 
3 3371 3361 3311 
3 3385 3330 3336 
3 3381 3337 3351 
3 3378 3322 3376 
3 3379 3386 3358 
3 3330 3385 3364 
3 3340 3387 3325 
3 3350 3388 3351 
3 3357 3372 3389 
3 3368 3390 3327 
3 3344 3345 3383 
3 3328 3380 3383 
3 3387 3346 3325 
3 3375 3361 3391 
3 3392 3315 3353 
3 3393 3321 3347 
3 3367 3356 3373 
3 3373 3341 3349 
3 3315 3392 3336 
3 3327 3390 3359 
3 3352 3394 3380 
3 3347 3395 3393 
3 3385 3336 3392 
3 3366 3379 3355 
3 3344 3396 3324 
3 3394 3352 3321 
3 3370 3395 3347 
3 3375 3388 3350 
3 3382 3397 3353 
3 3398 3379 3366 
3 3324 3396 3368 
3 3395 3370 3367 
3 3387 3340 3399 
3 3373 3349 3384 
3 3361 3371 3400 
3 3391 3388 3375 
3 3386 3382 3358 
3 3369 3338 3363 
3 3369 3399 3340 
3 3387 3401 3346 
3 3377 3346 3401 
3 3402 3374 3342 
3 3381 3403 3372 
3 3404 3378 3376 
3 3386 3379 3398 
3 3348 3326 3405 
3 3364 3402 3342 
3 3406 3364 3385 
3 3388 3407 3351 
3 3381 3351 3407 
3 3392 3353 3408 
3 3359 3409 3365 
3 3365 3409 3410 
3 3365 3410 3363 
3 3377 3405 3326 
3 3374 3402 3384 
3 3403 3389 3372 
3 3357 3411 3376 
3 3366 3378 3404 
3 3344 3383 3412 
3 3413 3359 3390 
3 3383 3380 3414 
3 3415 3367 3373 
3 3416 3391 3361 
3 3414 3380 3394 
3 3321 3393 3394 
3 3385 3417 3406 
3 3397 3408 3353 
3 3376 3411 3404 
3 3398 3366 3418 
3 3409 3359 3413 
3 3371 3348 3419 
3 3400 3416 3361 
3 3385 3392 3417 
3 3357 3389 3411 
3 3386 3398 3418 
3 3382 3386 3420 
3 3419 3400 3371 
3 3420 3386 3418 
3 3344 3421 3396 
3 3368 3422 3390 
3 3410 3409 3423 
3 3369 3424 3399 
3 3366 3404 3425 
3 3425 3418 3366 
3 3422 3368 3396 
3 3401 3387 3426 
3 3427 3402 3364 
3 3416 3388 3391 
3 3396 3421 3422 
3 3421 3344 3412 
3 3367 3428 3395 
3 3415 3428 3367 
3 3401 3405 3377 
3 3381 3407 3403 
3 3389 3403 3429 
3 3389 3429 3411 
3 3397 3382 3430 
3 3431 3382 3420 
3 3369 3363 3432 
3 3399 3426 3387 
3 3420 3418 3433 
3 3434 3415 3373 
3 3405 3419 3348 
3 3390 3435 3413 
3 3423 3363 3410 
3 3436 3393 3395 
3 3384 3437 3373 
3 3433 3431 3420 
3 3432 3424 3369 
3 3373 3438 3434 
3 3427 3364 3406 
3 3429 3439 3411 
3 3432 3363 3423 
3 3394 3393 3440 
3 3426 3441 3401 
3 3400 3419 3442 
3 3416 3400 3443 
3 3408 3444 3392 
3 3445 3390 3422 
3 3428 3415 3434 
3 3384 3402 3446 
3 3447 3427 3406 
3 3447 3406 3417 
3 3397 3430 3448 
3 3421 3449 3422 
3 3450 3409 3413 
3 3423 3409 3450 
3 3419 3405 3442 
3 3427 3451 3402 
3 3407 3452 3403 
3 3408 3397 3448 
3 3425 3404 3453 
3 3382 3431 3430 
3 3421 3412 3449 
3 3442 3443 3400 
3 3407 3388 3452 
3 3439 3404 3411 
3 3453 3454 3425 
3 3418 3425 3454 
3 3430 3431 3455 
3 3450 3413 3435 
3 3440 3393 3436 
3 3424 3426 3399 
3 3434 3438 3428 
3 3384 3446 3437 
3 3433 3455 3431 
3 3456 3436 3395 
3 3373 3437 3438 
3 3405 3457 3442 
3 3392 3458 3417 
3 3444 3458 3392 
3 3408 3448 3444 
3 3390 3445 3435 
3 3459 3414 3394 
3 3388 3416 3460 
3 3418 3455 3433 
3 3446 3402 3451 
3 3461 3432 3423 
3 3394 3440 3459 
3 3456 3395 3428 
3 3443 3460 3416 
3 3462 3447 3417 
3 3383 3414 3463 
3 3462 3417 3458 
3 3429 3403 3464 
3 3439 3429 3464 
3 3455 3465 3430 
3 3404 3466 3453 
3 3454 3455 3418 
3 3445 3422 3449 
3 3463 3412 3383 
3 3467 3443 3442 
3 3452 3388 3468 
3 3430 3465 3448 
3 3466 3454 3453 
3 3426 3424 3469 
3 3405 3401 3441 
3 3470 3437 3446 
3 3471 3427 3447 
3 3424 3432 3469 
3 3441 3457 3405 
3 3451 3427 3471 
3 3469 3432 3461 
3 3428 3438 3472 
3 3439 3466 3404 
3 3454 3466 3473 
3 3435 3445 3450 
3 3451 3474 3446 
3 3452 3468 3475 
3 3448 3465 3476 
3 3414 3477 3463 
3 3436 3478 3440 
3 3438 3437 3472 
3 3460 3468 3388 
3 3403 3452 3475 
3 3464 3403 3475 
3 3479 3412 3463 
3 3428 3472 3456 
3 3448 3476 3444 
3 3479 3449 3412 
3 3464 3480 3439 
3 3466 3439 3480 
3 3414 3459 3477 
3 3436 3456 3478 
3 3481 3442 3457 
3 3473 3455 3454 
3 3478 3459 3440 
3 3441 3426 3482 
3 3482 3483 3441 
3 3484 3472 3437 
3 3467 3442 3481 
3 3458 3444 3485 
3 3485 3444 3476 
3 3461 3423 3486 
3 3426 3469 3487 
3 3488 3450 3445 
3 3450 3486 3423 
3 3483 3457 3441 
3 3489 3460 3443 
3 3468 3460 3490 
3 3487 3482 3426 
3 3491 3437 3470 
3 3446 3474 3470 
3 3451 3471 3474 
3 3490 3475 3468 
3 3492 3445 3449 
3 3463 3493 3479 
3 3493 3463 3477 
3 3494 3462 3458 
3 3480 3495 3466 
3 3445 3492 3488 
3 3496 3461 3486 
3 3443 3467 3489 
3 3462 3494 3447 
3 3455 3497 3465 
3 3487 3469 3498 
3 3472 3484 3499 
3 3491 3470 3474 
3 3489 3467 3500 
3 3495 3473 3466 
3 3477 3501 3493 
3 3501 3477 3459 
3 3489 3502 3460 
3 3490 3460 3502 
3 3473 3503 3455 
3 3449 3479 3504 
3 3483 3505 3457 
3 3506 3457 3505 
3 3507 3474 3471 
3 3501 3459 3508 
3 3437 3491 3484 
3 3506 3481 3457 
3 3467 3481 3500 
3 3464 3475 3509 
3 3465 3510 3476 
3 3497 3455 3503 
3 3465 3497 3510 
3 3456 3472 3511 
3 3449 3504 3492 
3 3508 3459 3478 
3 3512 3471 3447 
3 3447 3494 3512 
3 3509 3480 3464 
3 3495 3513 3473 
3 3469 3461 3498 
3 3514 3508 3478 
3 3515 3482 3487 
3 3502 3516 3490 
3 3494 3458 3485 
3 3517 3485 3476 
3 3497 3503 3518 
3 3518 3510 3497 
3 3519 3456 3511 
3 3472 3499 3511 
3 3480 3520 3495 
3 3498 3461 3496 
3 3506 3521 3481 
3 3471 3522 3507 
3 3523 3492 3504 
3 3519 3478 3456 
3 3482 3515 3483 
3 3521 3500 3481 
3 3522 3471 3512 
3 3524 3520 3480 
3 3510 3517 3476 
3 3503 3473 3513 
3 3499 3484 3491 
3 3474 3525 3491 
3 3518 3503 3513 
3 3488 3526 3450 
3 3515 3487 3498 
3 3475 3490 3527 
3 3509 3475 3528 
3 3509 3529 3480 
3 3517 3510 3530 
3 3495 3531 3513 
3 3485 3517 3532 
3 3527 3490 3516 
3 3528 3533 3509 
3 3533 3529 3509 
3 3518 3530 3510 
3 3512 3494 3485 
3 3480 3529 3524 
3 3534 3504 3479 
3 3492 3535 3488 
3 3486 3450 3526 
3 3498 3496 3536 
3 3491 3525 3537 
3 3525 3474 3507 
3 3538 3507 3522 
3 3489 3500 3539 
3 3531 3495 3520 
3 3521 3506 3540 
3 3521 3540 3500 
3 3540 3539 3500 
3 3486 3541 3496 
3 3507 3538 3525 
3 3502 3489 3542 
3 3475 3527 3543 
3 3504 3534 3523 
3 3492 3523 3535 
3 3496 3541 3544 
3 3505 3540 3506 
3 3518 3513 3545 
3 3526 3488 3535 
3 3519 3514 3478 
3 3511 3546 3519 
3 3546 3511 3499 
3 3515 3547 3483 
3 3505 3483 3547 
3 3489 3539 3542 
3 3527 3516 3548 
3 3543 3527 3548 
3 3517 3549 3532 
3 3534 3479 3493 
3 3526 3541 3486 
3 3515 3498 3550 
3 3491 3537 3499 
3 3540 3505 3551 
3 3475 3552 3528 
3 3518 3545 3530 
3 3536 3496 3544 
3 3553 3485 3532 
3 3530 3549 3517 
3 3508 3554 3501 
3 3555 3522 3512 
3 3516 3502 3556 
3 3493 3557 3534 
3 3554 3508 3514 
3 3530 3558 3549 
3 3559 3523 3534 
3 3550 3498 3560 
3 3543 3548 3561 
3 3562 3512 3485 
3 3475 3543 3561 
3 3552 3475 3561 
3 3553 3562 3485 
3 3524 3529 3563 
3 3498 3536 3560 
3 3514 3519 3554 
3 3520 3524 3564 
3 3502 3542 3565 
3 3552 3533 3528 
3 3532 3549 3553 
3 3531 3545 3513 
3 3505 3547 3551 
3 3537 3525 3538 
3 3548 3516 3556 
3 3566 3565 3542 
3 3565 3556 3502 
3 3533 3563 3529 
3 3567 3558 3530 
3 3530 3545 3567 
3 3493 3568 3557 
3 3569 3541 3526 
3 3493 3501 3570 
3 3550 3560 3571 
3 3550 3572 3515 
3 3546 3573 3519 
3 3574 3499 3537 
3 3542 3539 3566 
3 3553 3549 3558 
3 3524 3563 3564 
3 3564 3575 3520 
3 3575 3576 3520 
3 3577 3535 3523 
3 3526 3535 3569 
3 3578 3554 3519 
3 3547 3515 3579 
3 3580 3537 3538 
3 3512 3562 3581 
3 3535 3577 3569 
3 3560 3536 3582 
3 3540 3566 3539 
3 3522 3555 3583 
3 3577 3523 3559 
3 3493 3570 3568 
3 3570 3501 3554 
3 3544 3582 3536 
3 3579 3515 3572 
3 3540 3551 3584 
3 3576 3531 3520 
3 3559 3534 3585 
3 3554 3586 3570 
3 3499 3574 3546 
3 3579 3551 3547 
3 3522 3583 3538 
3 3584 3566 3540 
3 3552 3587 3533 
3 3563 3533 3587 
3 3572 3550 3588 
3 3561 3587 3552 
3 3563 3589 3564 
3 3590 3557 3568 
3 3551 3591 3584 
3 3512 3592 3555 
3 3589 3575 3564 
3 3557 3590 3534 
3 3593 3568 3570 
3 3544 3541 3594 
3 3578 3586 3554 
3 3562 3595 3581 
3 3562 3553 3595 
3 3569 3594 3541 
3 3560 3582 3571 
3 3548 3556 3596 
3 3571 3588 3550 
3 3537 3580 3597 
3 3538 3583 3580 
3 3598 3583 3555 
3 3565 3566 3599 
3 3596 3561 3548 
3 3600 3553 3558 
3 3546 3601 3573 
3 3601 3546 3574 
3 3531 3576 3602 
3 3590 3585 3534 
3 3592 3598 3555 
3 3592 3512 3581 
3 3595 3603 3581 
3 3544 3604 3582 
3 3551 3579 3591 
3 3603 3595 3553 
3 3605 3569 3577 
3 3606 3566 3584 
3 3563 3587 3607 
3 3567 3600 3558 
3 3568 3608 3590 
3 3609 3571 3582 
3 3519 3573 3578 
3 3599 3556 3565 
3 3607 3589 3563 
3 3575 3602 3576 
3 3602 3545 3531 
3 3605 3577 3610 
3 3609 3582 3604 
3 3574 3537 3597 
3 3606 3599 3566 
3 3567 3545 3611 
3 3612 3602 3575 
3 3604 3544 3594 
3 3581 3613 3592 
3 3553 3614 3603 
3 3615 3578 3573 
3 3596 3556 3599 
3 3616 3587 3561 
3 3580 3583 3598 
3 3614 3553 3600 
3 3568 3593 3608 
3 3572 3588 3617 
3 3572 3618 3579 
3 3606 3584 3619 
3 3602 3611 3545 
3 3559 3620 3577 
3 3594 3569 3605 
3 3570 3621 3593 
3 3586 3621 3570 
3 3586 3578 3621 
3 3613 3581 3603 
3 3622 3600 3567 
3 3577 3620 3610 
3 3590 3608 3585 
3 3623 3573 3601 
3 3618 3591 3579 
3 3561 3596 3616 
3 3567 3611 3622 
3 3624 3559 3585 
3 3625 3608 3593 
3 3578 3615 3621 
3 3571 3617 3588 
3 3598 3626 3580 
3 3627 3596 3599 
3 3607 3587 3628 
3 3613 3603 3614 
3 3616 3628 3587 
3 3589 3612 3575 
3 3602 3612 3629 
3 3617 3618 3572 
3 3584 3591 3619 
3 3630 3574 3597 
3 3598 3631 3626 
3 3631 3598 3592 
3 3620 3559 3624 
3 3585 3608 3624 
3 3632 3617 3571 
3 3616 3596 3627 
3 3611 3602 3629 
3 3594 3633 3604 
3 3609 3632 3571 
3 3573 3634 3615 
3 3618 3635 3591 
3 3619 3591 3636 
3 3637 3597 3580 
3 3625 3593 3621 
3 3638 3601 3574 
3 3605 3639 3594 
3 3634 3573 3623 
3 3601 3638 3623 
3 3574 3630 3638 
3 3592 3640 3631 
3 3640 3592 3613 
3 3641 3614 3600 
3 3609 3604 3633 
3 3621 3615 3642 
3 3630 3597 3637 
3 3606 3619 3643 
3 3589 3607 3628 
3 3641 3600 3622 
3 3637 3580 3626 
3 3627 3599 3644 
3 3645 3622 3611 
3 3629 3646 3611 
3 3639 3633 3594 
3 3647 3599 3606 
3 3605 3610 3648 
3 3635 3618 3649 
3 3643 3650 3606 
3 3647 3606 3650 
3 3646 3645 3611 
3 3620 3651 3610 
3 3642 3615 3634 
3 3652 3638 3630 
3 3653 3636 3591 
3 3643 3647 3650 
3 3654 3613 3614 
3 3655 3620 3624 
3 3648 3610 3651 
3 3656 3609 3633 
3 3632 3609 3656 
3 3618 3617 3657 
3 3657 3649 3618 
3 3635 3653 3591 
3 3616 3658 3628 
3 3614 3659 3654 
3 3622 3645 3660 
3 3608 3661 3624 
3 3662 3625 3621 
3 3623 3638 3663 
3 3637 3626 3664 
3 3665 3643 3619 
3 3647 3643 3665 
3 3647 3666 3599 
3 3659 3614 3667 
3 3614 3641 3667 
3 3620 3655 3651 
3 3608 3625 3661 
3 3664 3630 3637 
3 3645 3646 3660 
3 3624 3661 3668 
3 3669 3605 3648 
3 3634 3623 3670 
3 3619 3636 3671 
3 3665 3666 3647 
3 3658 3672 3628 
3 3641 3673 3667 
3 3612 3589 3674 
3 3675 3612 3674 
3 3629 3612 3675 
3 3669 3639 3605 
3 3634 3670 3642 
3 3672 3589 3628 
3 3617 3632 3676 
3 3677 3657 3617 
3 3623 3663 3678 
3 3630 3664 3652 
3 3666 3679 3599 
3 3599 3679 3644 
3 3644 3680 3627 
3 3675 3646 3629 
3 3624 3668 3655 
3 3681 3632 3656 
3 3621 3642 3662 
3 3676 3632 3681 
3 3638 3652 3663 
3 3665 3619 3671 
3 3644 3679 3680 
3 3648 3651 3669 
3 3677 3617 3676 
3 3682 3613 3654 
3 3654 3659 3682 
3 3673 3659 3667 
3 3589 3672 3683 
3 3622 3684 3641 
3 3685 3661 3625 
3 3670 3623 3678 
3 3671 3636 3653 
3 3686 3616 3627 
3 3687 3658 3616 
3 3684 3673 3641 
3 3683 3674 3589 
3 3688 3639 3669 
3 3626 3689 3664 
3 3640 3690 3631 
3 3691 3613 3682 
3 3639 3692 3633 
3 3691 3640 3613 
3 3686 3687 3616 
3 3693 3635 3649 
3 3666 3665 3694 
3 3679 3666 3694 
3 3680 3686 3627 
3 3684 3695 3673 
3 3642 3696 3662 
3 3681 3697 3676 
3 3689 3626 3631 
3 3675 3674 3698 
3 3646 3675 3699 
3 3642 3670 3696 
3 3697 3677 3676 
3 3660 3684 3622 
3 3646 3699 3660 
3 3692 3656 3633 
3 3681 3656 3697 
3 3700 3651 3655 
3 3657 3693 3649 
3 3652 3664 3701 
3 3687 3702 3658 
3 3660 3703 3684 
3 3698 3699 3675 
3 3685 3625 3662 
3 3679 3704 3680 
3 3690 3640 3691 
3 3704 3686 3680 
3 3695 3659 3673 
3 3639 3688 3692 
3 3705 3693 3657 
3 3631 3690 3689 
3 3686 3706 3687 
3 3707 3668 3661 
3 3693 3708 3635 
3 3709 3700 3655 
3 3655 3668 3710 
3 3663 3652 3711 
3 3652 3701 3711 
3 3653 3635 3708 
3 3671 3694 3665 
3 3672 3658 3702 
3 3695 3712 3659 
3 3713 3669 3651 
3 3711 3714 3663 
3 3715 3690 3691 
3 3695 3684 3703 
3 3697 3656 3716 
3 3653 3717 3671 
3 3701 3664 3718 
3 3679 3694 3704 
3 3682 3719 3691 
3 3706 3702 3687 
3 3660 3699 3720 
3 3685 3721 3661 
3 3656 3692 3716 
3 3722 3705 3657 
3 3663 3714 3678 
3 3708 3717 3653 
3 3690 3723 3689 
3 3659 3719 3682 
3 3712 3719 3659 
3 3703 3660 3724 
3 3725 3655 3710 
3 3651 3700 3713 
3 3677 3722 3657 
3 3709 3655 3725 
3 3726 3710 3668 
3 3697 3722 3677 
3 3723 3664 3689 
3 3691 3719 3715 
3 3720 3727 3660 
3 3669 3728 3688 
3 3664 3723 3718 
3 3729 3683 3672 
3 3674 3683 3730 
3 3710 3726 3725 
3 3700 3731 3713 
3 3668 3707 3726 
3 3661 3721 3707 
3 3669 3713 3728 
3 3696 3670 3732 
3 3702 3729 3672 
3 3729 3730 3683 
3 3730 3733 3674 
3 3698 3674 3733 
3 3699 3698 3720 
3 3685 3662 3734 
3 3733 3720 3698 
3 3731 3700 3709 
3 3713 3731 3728 
3 3697 3716 3735 
3 3736 3671 3717 
3 3727 3724 3660 
3 3692 3688 3737 
3 3696 3734 3662 
3 3711 3738 3714 
3 3694 3739 3704 
3 3706 3686 3740 
3 3712 3695 3703 
3 3726 3707 3721 
3 3688 3728 3737 
3 3716 3692 3737 
3 3694 3671 3736 
3 3741 3725 3726 
3 3670 3678 3714 
3 3739 3740 3704 
3 3686 3704 3740 
3 3733 3742 3720 
3 3743 3709 3725 
3 3722 3697 3744 
3 3709 3743 3731 
3 3735 3744 3697 
3 3693 3745 3746 
3 3746 3708 3693 
3 3703 3724 3747 
3 3702 3706 3748 
3 3725 3741 3743 
3 3731 3749 3728 
3 3670 3714 3732 
3 3705 3745 3693 
3 3719 3712 3750 
3 3730 3729 3751 
3 3736 3717 3752 
3 3753 3694 3736 
3 3723 3690 3754 
3 3754 3690 3715 
3 3750 3715 3719 
3 3724 3727 3747 
3 3727 3720 3755 
3 3756 3721 3685 
3 3738 3711 3701 
3 3730 3742 3733 
3 3696 3757 3734 
3 3705 3722 3745 
3 3717 3708 3746 
3 3729 3702 3748 
3 3712 3703 3758 
3 3742 3759 3720 
3 3720 3759 3755 
3 3728 3760 3737 
3 3756 3685 3734 
3 3757 3696 3732 
3 3745 3722 3761 
3 3758 3750 3712 
3 3735 3716 3762 
3 3722 3744 3761 
3 3748 3751 3729 
3 3739 3763 3740 
3 3748 3706 3764 
3 3747 3727 3755 
3 3726 3765 3741 
3 3728 3749 3766 
3 3747 3767 3703 
3 3767 3768 3703 
3 3769 3743 3741 
3 3760 3728 3766 
3 3738 3701 3770 
3 3770 3701 3718 
3 3715 3750 3771 
3 3706 3740 3764 
3 3772 3730 3773 
3 3742 3730 3772 
3 3749 3731 3743 
3 3765 3726 3721 
3 3737 3762 3716 
3 3732 3714 3774 
3 3775 3718 3723 
3 3758 3703 3768 
3 3776 3730 3751 
3 3777 3732 3774 
3 3739 3694 3753 
3 3772 3759 3742 
3 3756 3778 3721 
3 3779 3734 3757 
3 3736 3780 3753 
3 3781 3723 3754 
3 3769 3749 3743 
3 3776 3773 3730 
3 3747 3782 3767 
3 3783 3714 3738 
3 3745 3784 3746 
3 3752 3780 3736 
3 3755 3759 3785 
3 3779 3756 3734 
3 3735 3761 3744 
3 3772 3773 3786 
3 3776 3786 3773 
3 3787 3769 3741 
3 3788 3752 3717 
3 3718 3789 3770 
3 3752 3790 3780 
3 3723 3781 3775 
3 3751 3748 3791 
3 3759 3772 3785 
3 3792 3721 3778 
3 3779 3778 3756 
3 3793 3757 3732 
3 3793 3732 3777 
3 3746 3788 3717 
3 3753 3780 3790 
3 3715 3771 3754 
3 3794 3771 3750 
3 3764 3740 3795 
3 3791 3776 3751 
3 3768 3767 3782 
3 3766 3796 3760 
3 3792 3765 3721 
3 3737 3797 3762 
3 3738 3770 3789 
3 3785 3782 3755 
3 3741 3765 3787 
3 3798 3781 3754 
3 3753 3799 3739 
3 3763 3795 3740 
3 3748 3764 3800 
3 3791 3748 3800 
3 3747 3755 3782 
3 3714 3783 3774 
3 3776 3801 3786 
3 3797 3737 3760 
3 3757 3793 3779 
3 3802 3761 3735 
3 3788 3746 3784 
3 3763 3739 3799 
3 3745 3761 3803 
3 3797 3760 3796 
3 3762 3802 3735 
3 3784 3745 3803 
3 3718 3775 3789 
3 3750 3758 3804 
3 3749 3805 3766 
3 3787 3765 3792 
3 3752 3806 3790 
3 3775 3781 3807 
3 3753 3790 3806 
3 3794 3754 3771 
3 3794 3750 3804 
3 3795 3800 3764 
3 3786 3785 3772 
3 3808 3768 3782 
3 3775 3807 3789 
3 3768 3808 3758 
3 3779 3809 3778 
3 3782 3785 3810 
3 3789 3811 3738 
3 3794 3798 3754 
3 3795 3812 3800 
3 3805 3749 3769 
3 3783 3813 3774 
3 3752 3788 3814 
3 3806 3752 3814 
3 3798 3807 3781 
3 3795 3763 3815 
3 3785 3786 3801 
3 3816 3799 3753 
3 3763 3799 3815 
3 3801 3810 3785 
3 3817 3769 3787 
3 3762 3797 3818 
3 3809 3779 3793 
3 3758 3808 3819 
3 3801 3776 3791 
3 3769 3817 3820 
3 3766 3805 3796 
3 3738 3811 3783 
3 3804 3758 3821 
3 3821 3758 3819 
3 3782 3810 3822 
3 3792 3817 3787 
3 3813 3777 3774 
3 3814 3788 3784 
3 3816 3753 3806 
3 3820 3805 3769 
3 3797 3796 3823 
3 3818 3824 3762 
3 3825 3793 3777 
3 3802 3762 3824 
3 3825 3777 3813 
3 3782 3826 3808 
3 3801 3827 3810 
3 3796 3805 3823 
3 3823 3828 3797 
3 3794 3804 3829 
3 3820 3830 3805 
3 3797 3828 3818 
3 3803 3761 3831 
3 3816 3832 3799 
3 3833 3794 3829 
3 3821 3829 3804 
3 3826 3819 3808 
3 3826 3782 3834 
3 3835 3827 3801 
3 3778 3836 3837 
3 3836 3778 3809 
3 3824 3838 3802 
3 3761 3802 3838 
3 3832 3815 3799 
3 3782 3822 3839 
3 3801 3791 3840 
3 3841 3835 3801 
3 3837 3792 3778 
3 3814 3784 3842 
3 3795 3815 3843 
3 3820 3817 3830 
3 3844 3825 3813 
3 3803 3845 3784 
3 3833 3798 3794 
3 3812 3795 3843 
3 3791 3800 3846 
3 3827 3847 3810 
3 3840 3841 3801 
3 3803 3831 3848 
3 3849 3805 3830 
3 3793 3850 3809 
3 3824 3818 3851 
3 3761 3838 3831 
3 3813 3852 3844 
3 3852 3813 3783 
3 3834 3819 3826 
3 3839 3853 3782 
3 3834 3782 3853 
3 3822 3810 3847 
3 3809 3850 3836 
3 3854 3811 3789 
3 3807 3854 3789 
3 3812 3846 3800 
3 3847 3839 3822 
3 3851 3818 3828 
3 3855 3825 3844 
3 3844 3852 3855 
3 3845 3803 3848 
3 3845 3842 3784 
3 3832 3816 3856 
3 3835 3857 3827 
3 3847 3827 3857 
3 3830 3858 3849 
3 3858 3830 3817 
3 3823 3805 3859 
3 3816 3806 3860 
3 3833 3861 3798 
3 3821 3819 3862 
3 3791 3863 3840 
3 3847 3864 3839 
3 3837 3865 3792 
3 3806 3814 3842 
3 3866 3853 3839 
3 3835 3841 3867 
3 3849 3859 3805 
3 3792 3865 3817 
3 3825 3868 3793 
3 3854 3783 3811 
3 3869 3854 3807 
3 3829 3821 3862 
3 3791 3846 3863 
3 3866 3839 3864 
3 3840 3870 3841 
3 3870 3867 3841 
3 3867 3857 3835 
3 3850 3793 3868 
3 3815 3832 3871 
3 3853 3872 3834 
3 3873 3823 3859 
3 3855 3868 3825 
3 3798 3874 3807 
3 3856 3816 3860 
3 3843 3815 3871 
3 3846 3812 3875 
3 3837 3836 3876 
3 3854 3852 3783 
3 3870 3840 3863 
3 3873 3828 3823 
3 3831 3838 3877 
3 3848 3878 3845 
3 3812 3843 3875 
3 3872 3819 3834 
3 3872 3853 3866 
3 3824 3879 3838 
3 3869 3880 3854 
3 3798 3861 3874 
3 3829 3861 3833 
3 3829 3862 3881 
3 3882 3817 3865 
3 3879 3877 3838 
3 3848 3831 3877 
3 3842 3860 3806 
3 3856 3871 3832 
3 3866 3864 3883 
3 3857 3864 3847 
3 3859 3849 3884 
3 3859 3884 3873 
3 3837 3876 3865 
3 3845 3885 3842 
3 3886 3836 3850 
3 3887 3850 3868 
3 3854 3880 3888 
3 3817 3889 3858 
3 3889 3817 3882 
3 3824 3851 3890 
3 3875 3863 3846 
3 3864 3891 3883 
3 3892 3868 3855 
3 3852 3854 3888 
3 3807 3874 3869 
3 3881 3861 3829 
3 3872 3893 3819 
3 3866 3893 3872 
3 3890 3879 3824 
3 3885 3845 3878 
3 3863 3894 3870 
3 3857 3895 3864 
3 3896 3890 3851 
3 3850 3887 3886 
3 3893 3897 3819 
3 3866 3883 3898 
3 3895 3891 3864 
3 3883 3891 3898 
3 3867 3870 3894 
3 3878 3899 3885 
3 3898 3893 3866 
3 3858 3884 3849 
3 3828 3873 3900 
3 3901 3892 3855 
3 3862 3902 3881 
3 3891 3895 3898 
3 3836 3886 3876 
3 3877 3903 3848 
3 3904 3865 3876 
3 3896 3851 3828 
3 3880 3905 3888 
3 3906 3875 3843 
3 3902 3862 3907 
3 3897 3862 3819 
3 3867 3894 3857 
3 3865 3904 3882 
3 3887 3868 3892 
3 3908 3869 3874 
3 3871 3909 3843 
3 3843 3909 3906 
3 3896 3828 3900 
3 3903 3878 3848 
3 3842 3910 3860 
3 3907 3862 3897 
3 3895 3911 3898 
3 3904 3876 3886 
3 3912 3903 3877 
3 3913 3855 3852 
3 3856 3860 3910 
3 3914 3861 3881 
3 3894 3863 3915 
3 3916 3879 3890 
3 3861 3914 3874 
3 3915 3863 3917 
3 3893 3898 3911 
3 3895 3857 3918 
3 3912 3877 3879 
3 3913 3852 3888 
3 3911 3895 3918 
3 3919 3896 3900 
3 3914 3881 3902 
3 3894 3918 3857 
3 3873 3919 3900 
3 3904 3886 3920 
3 3916 3912 3879 
3 3842 3885 3899 
3 3875 3917 3863 
3 3904 3921 3882 
3 3887 3892 3922 
3 3905 3913 3888 
3 3858 3923 3884 
3 3858 3924 3923 
3 3920 3886 3887 
3 3890 3896 3925 
3 3903 3912 3926 
3 3927 3856 3910 
3 3928 3918 3894 
3 3882 3929 3889 
3 3923 3873 3884 
3 3878 3903 3930 
3 3899 3878 3930 
3 3899 3931 3842 
3 3856 3932 3871 
3 3875 3906 3933 
3 3929 3882 3921 
3 3855 3934 3901 
3 3856 3927 3932 
3 3909 3871 3932 
3 3935 3914 3902 
3 3873 3936 3919 
3 3906 3909 3937 
3 3924 3858 3889 
3 3936 3873 3923 
3 3887 3938 3920 
3 3892 3901 3922 
3 3934 3855 3913 
3 3908 3880 3869 
3 3917 3875 3933 
3 3928 3894 3915 
3 3916 3890 3925 
3 3922 3901 3934 
3 3939 3874 3914 
3 3933 3906 3937 
3 3940 3925 3896 
3 3938 3887 3922 
3 3910 3941 3927 
3 3930 3903 3926 
3 3939 3908 3874 
3 3893 3942 3897 
3 3940 3896 3919 
3 3916 3943 3912 
3 3944 3880 3908 
3 3842 3931 3945 
3 3910 3842 3945 
3 3918 3946 3911 
3 3926 3912 3943 
3 3947 3913 3905 
3 3948 3931 3899 
3 3944 3908 3939 
3 3949 3917 3933 
3 3946 3950 3911 
3 3942 3951 3897 
3 3915 3917 3949 
3 3952 3916 3925 
3 3953 3934 3913 
3 3932 3927 3954 
3 3936 3923 3955 
3 3880 3944 3905 
3 3902 3956 3935 
3 3893 3911 3950 
3 3946 3918 3957 
3 3958 3937 3909 
3 3956 3902 3907 
3 3936 3959 3919 
3 3913 3960 3953 
3 3948 3899 3930 
3 3941 3954 3927 
3 3942 3893 3950 
3 3928 3915 3961 
3 3889 3962 3924 
3 3962 3889 3929 
3 3963 3904 3920 
3 3943 3916 3964 
3 3949 3961 3915 
3 3928 3961 3918 
3 3921 3965 3929 
3 3904 3963 3921 
3 3953 3922 3934 
3 3947 3905 3944 
3 3932 3958 3909 
3 3935 3966 3914 
3 3933 3937 3967 
3 3907 3897 3951 
3 3961 3957 3918 
3 3923 3924 3955 
3 3952 3964 3916 
3 3945 3941 3910 
3 3955 3959 3936 
3 3963 3920 3938 
3 3952 3925 3968 
3 3960 3913 3947 
3 3966 3935 3956 
3 3967 3937 3969 
3 3907 3951 3970 
3 3946 3957 3950 
3 3958 3969 3937 
3 3957 3971 3950 
3 3940 3968 3925 
3 3931 3972 3945 
3 3948 3930 3973 
3 3954 3958 3932 
3 3949 3933 3974 
3 3949 3975 3961 
3 3976 3924 3962 
3 3955 3977 3959 
3 3924 3976 3955 
3 3938 3922 3978 
3 3931 3948 3972 
3 3979 3939 3914 
3 3957 3961 3980 
3 3977 3955 3976 
3 3981 3921 3963 
3 3914 3966 3979 
3 3982 3929 3965 
3 3968 3940 3983 
3 3984 3954 3941 
3 3985 3970 3951 
3 3986 3950 3971 
3 3919 3983 3940 
3 3926 3943 3987 
3 3926 3973 3930 
3 3988 3960 3947 
3 3974 3933 3967 
3 3951 3942 3985 
3 3974 3989 3949 
3 3942 3950 3986 
3 3975 3980 3961 
3 3921 3981 3965 
3 3990 3963 3938 
3 3973 3926 3987 
3 3939 3991 3944 
3 3962 3929 3982 
3 3952 3968 3992 
3 3952 3992 3964 
3 3953 3978 3922 
3 3941 3945 3993 
3 3969 3994 3967 
3 3989 3975 3949 
3 3988 3953 3960 
3 3995 3948 3973 
3 3996 3947 3944 
3 3997 3996 3944 
3 3958 3994 3969 
3 3972 3948 3995 
3 3984 3958 3954 
3 3998 3962 3982 
3 3999 3963 3990 
3 3992 3968 3983 
3 3945 3972 4000 
3 3907 3970 3956 
3 3980 3971 3957 
3 3962 3998 3976 
3 3959 4001 3919 
3 4002 3997 3944 
3 4002 3944 3991 
3 3978 3953 4003 
3 3988 4003 3953 
3 4000 3993 3945 
3 3966 4004 3979 
3 3994 4005 3967 
3 3964 3987 3943 
3 3947 3996 3988 
3 3993 3984 3941 
3 3942 3986 4006 
3 3983 3919 4001 
3 3963 3999 3981 
3 3990 3938 3978 
3 3985 3942 4006 
3 3977 4007 3959 
3 3975 4008 3980 
3 3987 4009 3973 
3 3973 4010 3995 
3 4005 3974 3967 
3 3971 4006 3986 
3 4011 3982 3965 
3 4011 3965 3981 
3 3992 4012 3964 
3 4009 4010 3973 
3 3939 3979 3991 
3 4004 3966 3956 
3 3989 4013 3975 
3 4014 3977 3976 
3 4014 3976 3998 
3 3964 4015 3987 
3 3958 3984 4016 
3 4017 3977 4014 
3 4018 3983 4001 
3 4012 4015 3964 
3 3977 4017 4007 
3 3998 3982 4011 
3 3972 3995 4000 
3 4019 3996 3997 
3 4020 3956 3970 
3 3971 4021 4006 
3 3971 3980 4022 
3 3998 4023 4014 
3 4024 3990 3978 
3 4000 3995 4010 
3 3959 4025 4001 
3 3981 4026 4011 
3 4018 3992 3983 
3 3974 4005 4027 
3 4022 3980 4008 
3 4028 4004 3956 
3 3956 4020 4028 
3 3989 3974 4027 
3 4013 4008 3975 
3 4014 4023 4017 
3 3959 4007 4025 
3 3993 4029 3984 
3 4026 3981 3999 
3 4024 3978 4003 
3 3988 3996 4019 
3 3994 3958 4016 
3 4005 3994 4030 
3 3985 4031 3970 
3 4006 4021 4032 
3 4033 4008 4013 
3 3987 4015 4034 
3 3988 4019 4035 
3 4036 4019 3997 
3 3997 4037 4036 
3 4002 4037 3997 
3 4006 4038 3985 
3 4039 4017 4023 
3 3988 4040 4003 
3 4034 4009 3987 
3 3991 4041 4002 
3 4041 3991 3979 
3 4038 4031 3985 
3 4027 4013 3989 
3 4021 3971 4022 
3 4022 4008 4042 
3 4001 4025 4043 
3 4016 3984 4029 
3 4044 4005 4030 
3 4044 4027 4005 
3 4032 4038 4006 
3 4017 4045 4007 
3 4034 4010 4009 
3 3988 4035 4040 
3 3993 4000 4046 
3 4023 3998 4039 
3 4045 4025 4007 
3 3999 3990 4047 
3 4048 4000 4010 
3 3979 4004 4049 
3 4045 4017 4039 
3 4050 4011 4026 
3 4046 4029 3993 
3 3979 4049 4041 
3 4031 4051 3970 
3 4032 4021 4052 
3 4022 4042 4053 
3 4050 3998 4011 
3 4018 4001 4043 
3 3999 4054 4026 
3 4015 4012 4055 
3 4046 4000 4048 
3 4037 4002 4041 
3 4051 4056 3970 
3 4033 4042 4008 
3 4012 3992 4055 
3 4057 4058 4016 
3 4059 4031 4038 
3 4052 4038 4032 
3 4027 4060 4013 
3 4060 4033 4013 
3 4019 4036 4035 
3 4028 4020 4056 
3 4020 3970 4056 
3 4050 4026 4054 
3 4054 3999 4047 
3 4061 3990 4024 
3 4055 4062 4015 
3 4029 4057 4016 
3 4016 4058 3994 
3 4022 4053 4021 
3 4010 4034 4063 
3 4030 3994 4058 
3 4052 4059 4038 
3 4021 4064 4052 
3 4053 4064 4021 
3 4061 4047 3990 
3 4062 4034 4015 
3 4060 4027 4044 
3 4025 4065 4043 
3 3992 4018 4066 
3 4046 4048 4067 
3 4043 4065 4068 
3 4018 4043 4068 
3 4069 4040 4035 
3 4018 4068 4066 
3 4070 4003 4040 
3 4040 4071 4070 
3 4035 4036 4069 
3 4041 4049 4037 
3 4072 4045 4039 
3 4063 4034 4062 
3 4040 4073 4071 
3 4069 4073 4040 
3 4050 4074 3998 
3 4071 4073 4070 
3 4067 4029 4046 
3 4028 4075 4004 
3 4051 4031 4059 
3 4066 4055 3992 
3 4024 4003 4070 
3 4070 4073 4076 
3 4010 4063 4077 
3 4033 4060 4078 
3 4079 4025 4045 
3 4079 4045 4080 
3 4081 4047 4061 
3 4029 4082 4057 
3 4049 4004 4075 
3 4078 4042 4033 
3 4072 4039 3998 
3 4054 4047 4081 
3 4066 4083 4055 
3 4076 4024 4070 
3 4075 4028 4056 
3 4025 4079 4065 
3 4068 4084 4066 
3 4062 4077 4063 
3 4048 4010 4085 
3 4086 4067 4048 
3 4058 4087 4030 
3 4078 4088 4042 
3 4080 4045 4072 
3 4054 4089 4050 
3 4076 4073 4069 
3 4064 4059 4052 
3 4042 4064 4053 
3 4090 4080 4072 
3 4068 4065 4091 
3 4048 4085 4086 
3 4082 4058 4057 
3 4044 4030 4087 
3 4072 3998 4074 
3 4089 4074 4050 
3 4065 4079 4091 
3 4024 4076 4092 
3 4076 4069 4093 
3 4077 4085 4010 
3 4094 4075 4056 
3 4059 4095 4051 
3 4078 4060 4096 
3 4062 4055 4097 
3 4069 4036 4098 
3 4064 4042 4099 
3 4068 4091 4100 
3 4100 4084 4068 
3 4083 4066 4101 
3 4083 4097 4055 
3 4098 4093 4069 
3 4036 4102 4098 
3 4037 4103 4104 
3 4103 4037 4049 
3 4105 4056 4051 
3 4088 4078 4096 
3 4089 4054 4081 
3 4060 4044 4106 
3 4066 4084 4101 
3 4087 4106 4044 
3 4095 4105 4051 
3 4090 4072 4074 
3 4037 4104 4036 
3 4107 4029 4067 
3 4107 4082 4029 
3 4056 4105 4094 
3 4059 4064 4108 
3 4109 4061 4024 
3 4076 4093 4092 
3 4059 4108 4095 
3 4042 4088 4099 
3 4090 4110 4080 
3 4036 4104 4102 
3 4111 4049 4075 
3 4106 4112 4060 
3 4113 4083 4101 
3 4062 4114 4077 
3 4049 4115 4103 
3 4112 4096 4060 
3 4079 4080 4116 
3 4080 4110 4116 
3 4089 4117 4074 
3 4097 4083 4113 
3 4118 4062 4097 
3 4049 4111 4115 
3 4108 4119 4095 
3 4064 4099 4120 
3 4121 4081 4122 
3 4081 4061 4122 
3 4109 4024 4092 
3 4114 4062 4118 
3 4123 4105 4095 
3 4124 4120 4099 
3 4125 4074 4117 
3 4100 4126 4084 
3 4102 4127 4098 
3 4086 4107 4067 
3 4094 4105 4128 
3 4095 4119 4123 
3 4064 4120 4129 
3 4124 4099 4088 
3 4074 4125 4090 
3 4108 4064 4129 
3 4126 4101 4084 
3 4061 4109 4122 
3 4097 4113 4130 
3 4127 4102 4104 
3 4114 4131 4077 
3 4075 4094 4111 
3 4132 4087 4133 
3 4120 4124 4134 
3 4082 4133 4058 
3 4058 4133 4087 
3 4135 4116 4110 
3 4091 4136 4100 
3 4118 4097 4130 
3 4093 4137 4092 
3 4131 4085 4077 
3 4086 4085 4138 
3 4123 4139 4105 
3 4096 4112 4140 
3 4141 4124 4088 
3 4116 4135 4079 
3 4079 4136 4091 
3 4098 4137 4093 
3 4129 4142 4108 
3 4140 4143 4096 
3 4088 4096 4144 
3 4117 4089 4081 
3 4109 4092 4137 
3 4138 4145 4086 
3 4107 4086 4145 
3 4115 4104 4103 
3 4106 4087 4132 
3 4141 4088 4144 
3 4114 4118 4146 
3 4147 4124 4141 
3 4147 4141 4144 
3 4101 4130 4113 
3 4131 4148 4085 
3 4119 4108 4149 
3 4142 4149 4108 
3 4147 4134 4124 
3 4150 4090 4125 
3 4135 4136 4079 
3 4130 4146 4118 
3 4082 4107 4151 
3 4149 4123 4119 
3 4106 4152 4112 
3 4090 4150 4110 
3 4136 4153 4100 
3 4104 4154 4127 
3 4155 4133 4082 
3 4105 4139 4128 
3 4132 4152 4106 
3 4144 4096 4143 
3 4131 4114 4146 
3 4094 4156 4111 
3 4140 4112 4152 
3 4157 4081 4121 
3 4158 4121 4122 
3 4104 4115 4154 
3 4151 4155 4082 
3 4139 4123 4159 
3 4120 4160 4129 
3 4157 4117 4081 
3 4101 4126 4161 
3 4139 4162 4128 
3 4123 4149 4159 
3 4100 4153 4126 
3 4101 4161 4130 
3 4098 4163 4137 
3 4151 4107 4145 
3 4111 4156 4115 
3 4164 4160 4134 
3 4120 4134 4160 
3 4134 4147 4164 
3 4133 4155 4165 
3 4129 4160 4142 
3 4160 4149 4142 
3 4094 4166 4156 
3 4128 4166 4094 
3 4152 4143 4140 
3 4167 4135 4110 
3 4122 4109 4158 
3 4138 4085 4148 
3 4128 4162 4166 
3 4163 4098 4127 
3 4145 4168 4151 
3 4168 4155 4151 
3 4162 4169 4166 
3 4170 4171 4146 
3 4127 4154 4172 
3 4155 4168 4165 
3 4173 4169 4162 
3 4169 4173 4166 
3 4162 4139 4159 
3 4117 4174 4125 
3 4161 4126 4175 
3 4171 4131 4146 
3 4166 4176 4177 
3 4176 4173 4162 
3 4176 4166 4173 
3 4160 4178 4149 
3 4110 4150 4167 
3 4153 4175 4126 
3 4137 4179 4109 
3 4180 4127 4172 
3 4165 4168 4145 
3 4152 4132 4181 
3 4149 4182 4159 
3 4109 4183 4158 
3 4130 4170 4146 
3 4171 4184 4131 
3 4148 4131 4184 
3 4127 4180 4163 
3 4185 4162 4159 
3 4143 4152 4186 
3 4143 4187 4144 
3 4147 4144 4187 
3 4136 4135 4188 
3 4185 4176 4162 
3 4149 4178 4182 
3 4153 4136 4188 
3 4156 4166 4177 
3 4177 4176 4185 
3 4164 4189 4160 
3 4187 4190 4147 
3 4125 4174 4150 
3 4109 4179 4183 
3 4191 4154 4115 
3 4115 4156 4192 
3 4117 4193 4174 
3 4194 4165 4145 
3 4184 4195 4148 
3 4138 4196 4145 
3 4196 4194 4145 
3 4133 4181 4132 
3 4159 4197 4185 
3 4181 4198 4152 
3 4189 4178 4160 
3 4187 4143 4190 
3 4199 4121 4158 
3 4200 4137 4163 
3 4138 4148 4201 
3 4202 4143 4186 
3 4202 4190 4143 
3 4203 4204 4150 
3 4203 4150 4174 
3 4157 4121 4199 
3 4137 4200 4179 
3 4180 4200 4163 
3 4172 4154 4205 
3 4185 4206 4177 
3 4197 4206 4185 
3 4186 4152 4198 
3 4164 4147 4207 
3 4153 4188 4175 
3 4130 4161 4208 
3 4170 4130 4209 
3 4115 4192 4191 
3 4156 4177 4210 
3 4167 4150 4204 
3 4135 4167 4211 
3 4193 4117 4157 
3 4175 4212 4161 
3 4209 4130 4208 
3 4213 4184 4171 
3 4201 4214 4138 
3 4205 4154 4191 
3 4215 4181 4133 
3 4200 4216 4179 
3 4213 4171 4217 
3 4214 4196 4138 
3 4207 4147 4190 
3 4135 4211 4188 
3 4199 4158 4183 
3 4171 4170 4217 
3 4156 4210 4192 
3 4208 4161 4212 
3 4189 4164 4218 
3 4202 4219 4190 
3 4174 4193 4220 
3 4196 4221 4194 
3 4165 4194 4222 
3 4159 4223 4197 
3 4178 4224 4182 
3 4207 4218 4164 
3 4207 4190 4219 
3 4225 4167 4204 
3 4225 4211 4167 
3 4226 4203 4174 
3 4175 4188 4227 
3 4217 4170 4209 
3 4148 4195 4201 
3 4191 4228 4205 
3 4229 4206 4197 
3 4223 4159 4230 
3 4226 4204 4203 
3 4231 4193 4157 
3 4213 4217 4232 
3 4233 4180 4172 
3 4215 4133 4165 
3 4177 4206 4234 
3 4229 4197 4223 
3 4159 4182 4230 
3 4224 4178 4189 
3 4174 4220 4226 
3 4157 4199 4231 
3 4216 4183 4179 
3 4232 4184 4213 
3 4235 4172 4205 
3 4192 4236 4191 
3 4236 4192 4210 
3 4186 4198 4237 
3 4238 4216 4200 
3 4214 4221 4196 
3 4224 4230 4182 
3 4217 4209 4232 
3 4238 4200 4180 
3 4239 4172 4235 
3 4240 4198 4181 
3 4175 4227 4241 
3 4241 4212 4175 
3 4184 4242 4195 
3 4228 4191 4236 
3 4215 4240 4181 
3 4183 4216 4243 
3 4242 4184 4232 
3 4215 4165 4222 
3 4177 4234 4210 
3 4186 4237 4202 
3 4172 4239 4233 
3 4235 4205 4228 
3 4206 4229 4244 
3 4223 4244 4229 
3 4245 4224 4189 
3 4237 4246 4202 
3 4188 4211 4227 
3 4247 4208 4212 
3 4180 4233 4238 
3 4222 4194 4248 
3 4245 4189 4218 
3 4204 4249 4225 
3 4183 4250 4199 
3 4221 4248 4194 
3 4244 4234 4206 
3 4230 4244 4223 
3 4246 4219 4202 
3 4204 4226 4249 
3 4193 4231 4251 
3 4252 4210 4234 
3 4244 4230 4253 
3 4183 4243 4250 
3 4195 4254 4201 
3 4193 4251 4255 
3 4199 4251 4231 
3 4209 4256 4257 
3 4232 4209 4257 
3 4257 4242 4232 
3 4220 4193 4255 
3 4247 4258 4208 
3 4209 4208 4258 
3 4259 4243 4216 
3 4252 4236 4210 
3 4225 4249 4211 
3 4260 4227 4211 
3 4214 4201 4254 
3 4261 4198 4240 
3 4245 4262 4224 
3 4218 4207 4263 
3 4246 4264 4219 
3 4265 4266 4226 
3 4242 4267 4195 
3 4254 4195 4267 
3 4237 4198 4261 
3 4230 4224 4262 
3 4226 4266 4249 
3 4199 4250 4251 
3 4247 4212 4241 
3 4258 4256 4209 
3 4268 4233 4239 
3 4235 4269 4239 
3 4270 4220 4255 
3 4265 4226 4220 
3 4216 4271 4259 
3 4271 4216 4238 
3 4221 4214 4272 
3 4262 4273 4230 
3 4263 4245 4218 
3 4219 4274 4207 
3 4233 4268 4238 
3 4249 4275 4211 
3 4238 4276 4271 
3 4254 4272 4214 
3 4236 4277 4228 
3 4215 4222 4278 
3 4244 4279 4234 
3 4207 4280 4263 
3 4280 4207 4274 
3 4275 4249 4266 
3 4257 4256 4281 
3 4245 4282 4262 
3 4237 4283 4246 
3 4241 4227 4260 
3 4238 4268 4276 
3 4269 4235 4228 
3 4269 4228 4277 
3 4284 4236 4252 
3 4244 4253 4279 
3 4243 4259 4250 
3 4240 4215 4278 
3 4285 4261 4240 
3 4286 4253 4230 
3 4283 4237 4261 
3 4219 4264 4274 
3 4287 4241 4260 
3 4221 4288 4248 
3 4222 4248 4289 
3 4273 4286 4230 
3 4245 4263 4280 
3 4283 4264 4246 
3 4247 4241 4287 
3 4267 4290 4254 
3 4286 4291 4253 
3 4273 4262 4282 
3 4211 4292 4260 
3 4270 4293 4220 
3 4258 4247 4294 
3 4295 4239 4269 
3 4221 4272 4288 
3 4277 4296 4269 
3 4277 4236 4284 
3 4222 4289 4278 
3 4253 4291 4279 
3 4220 4293 4265 
3 4270 4255 4251 
3 4297 4250 4259 
3 4256 4258 4281 
3 4271 4298 4259 
3 4267 4242 4299 
3 4295 4268 4239 
3 4284 4296 4277 
3 4279 4252 4234 
3 4266 4265 4275 
3 4300 4251 4250 
3 4242 4257 4301 
3 4272 4254 4290 
3 4211 4275 4292 
3 4300 4270 4251 
3 4297 4302 4250 
3 4303 4270 4300 
3 4304 4252 4279 
3 4278 4285 4240 
3 4291 4286 4305 
3 4265 4293 4306 
3 4248 4288 4289 
3 4286 4273 4305 
3 4245 4307 4282 
3 4245 4280 4307 
3 4306 4293 4270 
3 4294 4247 4287 
3 4300 4250 4302 
3 4281 4301 4257 
3 4279 4291 4305 
3 4308 4258 4294 
3 4301 4299 4242 
3 4270 4303 4306 
3 4309 4276 4268 
3 4252 4304 4284 
3 4265 4310 4275 
3 4259 4298 4297 
3 4311 4268 4295 
3 4261 4312 4283 
3 4264 4283 4313 
3 4308 4281 4258 
3 4314 4298 4271 
3 4314 4271 4276 
3 4267 4315 4290 
3 4288 4272 4316 
3 4268 4311 4309 
3 4272 4290 4316 
3 4285 4312 4261 
3 4280 4274 4317 
3 4282 4318 4273 
3 4264 4313 4274 
3 4313 4317 4274 
3 4275 4310 4292 
3 4319 4318 4282 
3 4320 4260 4292 
3 4278 4289 4321 
3 4278 4322 4285 
3 4323 4285 4322 
3 4324 4300 4302 
3 4299 4325 4267 
3 4325 4315 4267 
3 4326 4295 4269 
3 4273 4318 4305 
3 4312 4313 4283 
3 4287 4260 4320 
3 4294 4327 4308 
3 4290 4328 4316 
3 4288 4321 4289 
3 4284 4304 4329 
3 4319 4282 4307 
3 4303 4330 4306 
3 4287 4331 4294 
3 4314 4332 4298 
3 4333 4269 4296 
3 4322 4278 4334 
3 4304 4279 4335 
3 4298 4332 4297 
3 4315 4328 4290 
3 4296 4329 4333 
3 4284 4329 4296 
3 4323 4312 4285 
3 4336 4303 4300 
3 4336 4300 4324 
3 4337 4299 4301 
3 4276 4309 4314 
3 4269 4338 4326 
3 4321 4334 4278 
3 4339 4292 4310 
3 4265 4340 4310 
3 4292 4339 4320 
3 4325 4299 4341 
3 4269 4333 4338 
3 4305 4342 4279 
3 4342 4305 4318 
3 4303 4336 4330 
3 4343 4331 4287 
3 4331 4327 4294 
3 4302 4297 4344 
3 4325 4345 4315 
3 4343 4287 4320 
3 4281 4308 4346 
3 4307 4280 4347 
3 4340 4265 4306 
3 4346 4308 4327 
3 4344 4297 4332 
3 4311 4295 4326 
3 4333 4348 4338 
3 4349 4312 4323 
3 4281 4350 4301 
3 4299 4337 4341 
3 4333 4329 4348 
3 4280 4317 4347 
3 4350 4337 4301 
3 4345 4328 4315 
3 4288 4316 4351 
3 4335 4279 4342 
3 4318 4352 4342 
3 4353 4348 4329 
3 4317 4354 4347 
3 4355 4302 4344 
3 4321 4288 4351 
3 4317 4313 4356 
3 4331 4357 4327 
3 4346 4350 4281 
3 4348 4353 4338 
3 4358 4304 4335 
3 4341 4337 4359 
3 4326 4338 4360 
3 4324 4355 4361 
3 4355 4324 4302 
3 4314 4362 4332 
3 4326 4360 4311 
3 4351 4316 4363 
3 4334 4321 4364 
3 4304 4365 4329 
3 4358 4366 4304 
3 4356 4354 4317 
3 4343 4357 4331 
3 4309 4311 4367 
3 4316 4328 4363 
3 4351 4364 4321 
3 4318 4319 4368 
3 4349 4313 4312 
3 4369 4320 4339 
3 4361 4336 4324 
3 4345 4370 4328 
3 4368 4352 4318 
3 4310 4371 4339 
3 4372 4346 4327 
3 4332 4362 4344 
3 4350 4359 4337 
3 4328 4370 4363 
3 4304 4366 4365 
3 4358 4335 4342 
3 4322 4373 4323 
3 4349 4323 4373 
3 4319 4307 4347 
3 4374 4340 4306 
3 4343 4375 4357 
3 4376 4314 4309 
3 4309 4367 4376 
3 4336 4377 4330 
3 4311 4360 4367 
3 4365 4353 4329 
3 4319 4347 4378 
3 4379 4310 4340 
3 4339 4380 4369 
3 4381 4343 4320 
3 4381 4375 4343 
3 4355 4344 4382 
3 4314 4376 4362 
3 4325 4341 4383 
3 4334 4364 4384 
3 4381 4320 4369 
3 4359 4385 4341 
3 4383 4345 4325 
3 4386 4353 4365 
3 4368 4319 4378 
3 4387 4338 4353 
3 4354 4378 4347 
3 4356 4313 4388 
3 4340 4374 4379 
3 4336 4361 4377 
3 4327 4357 4389 
3 4372 4350 4346 
3 4385 4383 4341 
3 4338 4387 4360 
3 4358 4342 4352 
3 4349 4388 4313 
3 4371 4310 4379 
3 4330 4374 4306 
3 4353 4386 4387 
3 4380 4339 4371 
3 4390 4373 4322 
3 4372 4327 4389 
3 4362 4376 4391 
3 4334 4384 4392 
3 4334 4390 4322 
3 4361 4393 4377 
3 4394 4357 4375 
3 4345 4383 4370 
3 4395 4384 4364 
3 4390 4334 4392 
3 4388 4396 4356 
3 4379 4397 4371 
3 4371 4397 4380 
3 4398 4361 4355 
3 4382 4344 4362 
3 4351 4363 4399 
3 4400 4386 4365 
3 4378 4354 4401 
3 4349 4373 4388 
3 4393 4361 4398 
3 4394 4389 4357 
3 4399 4363 4370 
3 4364 4351 4395 
3 4400 4365 4366 
3 4368 4402 4352 
3 4396 4354 4356 
3 4381 4369 4403 
3 4372 4404 4350 
3 4405 4358 4352 
3 4397 4406 4380 
3 4369 4380 4403 
3 4330 4377 4374 
3 4375 4407 4394 
3 4355 4382 4398 
3 4350 4404 4359 
3 4408 4360 4387 
3 4409 4382 4362 
3 4385 4359 4410 
3 4395 4351 4399 
3 4373 4390 4411 
3 4412 4396 4388 
3 4407 4375 4381 
3 4395 4392 4384 
3 4413 4366 4358 
3 4388 4373 4412 
3 4397 4379 4374 
3 4374 4377 4414 
3 4415 4360 4408 
3 4405 4413 4358 
3 4410 4383 4385 
3 4360 4415 4367 
3 4407 4381 4403 
3 4391 4376 4367 
3 4408 4387 4386 
3 4392 4411 4390 
3 4378 4402 4368 
3 4416 4397 4374 
3 4417 4359 4404 
3 4402 4405 4352 
3 4418 4377 4393 
3 4419 4380 4406 
3 4416 4406 4397 
3 4403 4380 4419 
3 4367 4420 4391 
3 4370 4383 4421 
3 4422 4395 4399 
3 4423 4412 4373 
3 4396 4424 4354 
3 4404 4372 4425 
3 4391 4409 4362 
3 4354 4424 4401 
3 4374 4426 4416 
3 4377 4427 4414 
3 4372 4389 4425 
3 4417 4404 4425 
3 4421 4383 4410 
3 4386 4428 4408 
3 4428 4386 4400 
3 4367 4415 4420 
3 4370 4429 4399 
3 4430 4392 4395 
3 4412 4431 4396 
3 4419 4406 4416 
3 4393 4398 4418 
3 4400 4432 4433 
3 4402 4434 4405 
3 4435 4374 4414 
3 4377 4418 4427 
3 4400 4433 4428 
3 4432 4400 4366 
3 4411 4423 4373 
3 4436 4407 4403 
3 4410 4359 4437 
3 4413 4432 4366 
3 4411 4392 4430 
3 4405 4434 4413 
3 4438 4424 4396 
3 4439 4416 4426 
3 4417 4437 4359 
3 4422 4399 4429 
3 4402 4378 4440 
3 4431 4438 4396 
3 4441 4425 4389 
3 4398 4382 4442 
3 4440 4378 4443 
3 4431 4412 4444 
3 4374 4435 4426 
3 4414 4427 4435 
3 4436 4394 4407 
3 4382 4409 4445 
3 4446 4429 4370 
3 4433 4408 4428 
3 4430 4395 4447 
3 4378 4401 4443 
3 4443 4401 4424 
3 4445 4442 4382 
3 4440 4434 4402 
3 4436 4448 4394 
3 4394 4441 4389 
3 4422 4447 4395 
3 4449 4444 4412 
3 4370 4421 4446 
3 4449 4412 4423 
3 4398 4450 4418 
3 4394 4448 4441 
3 4450 4398 4442 
3 4439 4419 4416 
3 4451 4415 4408 
3 4451 4408 4433 
3 4423 4411 4452 
3 4453 4403 4419 
3 4445 4454 4442 
3 4409 4455 4445 
3 4456 4413 4434 
3 4434 4440 4457 
3 4458 4419 4439 
3 4436 4403 4453 
3 4459 4409 4391 
3 4460 4391 4420 
3 4461 4415 4451 
3 4444 4438 4431 
3 4461 4420 4415 
3 4446 4462 4429 
3 4413 4456 4432 
3 4463 4435 4427 
3 4463 4427 4464 
3 4445 4455 4454 
3 4426 4435 4439 
3 4442 4465 4450 
3 4459 4391 4460 
3 4422 4466 4447 
3 4467 4437 4417 
3 4455 4409 4459 
3 4430 4468 4411 
3 4437 4469 4410 
3 4443 4457 4440 
3 4418 4464 4427 
3 4417 4425 4470 
3 4421 4410 4469 
3 4460 4420 4461 
3 4471 4432 4456 
3 4472 4419 4458 
3 4453 4419 4472 
3 4454 4465 4442 
3 4446 4421 4473 
3 4433 4474 4451 
3 4468 4430 4475 
3 4443 4476 4457 
3 4439 4477 4458 
3 4439 4463 4477 
3 4463 4439 4435 
3 4453 4472 4478 
3 4418 4479 4464 
3 4479 4418 4450 
3 4470 4425 4441 
3 4480 4459 4460 
3 4474 4433 4432 
3 4449 4423 4481 
3 4472 4458 4477 
3 4467 4417 4470 
3 4455 4459 4480 
3 4462 4482 4429 
3 4466 4475 4447 
3 4411 4468 4452 
3 4452 4481 4423 
3 4436 4483 4448 
3 4473 4484 4446 
3 4485 4474 4432 
3 4447 4475 4430 
3 4443 4424 4438 
3 4469 4473 4421 
3 4422 4429 4482 
3 4486 4434 4457 
3 4483 4487 4448 
3 4488 4451 4474 
3 4422 4482 4466 
3 4475 4489 4468 
3 4456 4434 4486 
3 4438 4476 4443 
3 4449 4490 4444 
3 4467 4491 4437 
3 4491 4469 4437 
3 4492 4460 4461 
3 4462 4446 4484 
3 4466 4493 4475 
3 4485 4432 4471 
3 4494 4449 4481 
3 4495 4472 4477 
3 4496 4463 4464 
3 4483 4436 4453 
3 4497 4480 4460 
3 4486 4457 4498 
3 4499 4478 4472 
3 4463 4496 4495 
3 4450 4500 4479 
3 4468 4489 4452 
3 4501 4476 4438 
3 4444 4490 4438 
3 4463 4495 4477 
3 4451 4488 4461 
3 4448 4502 4441 
3 4455 4503 4454 
3 4497 4460 4492 
3 4471 4456 4486 
3 4504 4498 4457 
3 4505 4452 4489 
3 4481 4452 4505 
3 4478 4483 4453 
3 4465 4454 4503 
3 4491 4467 4506 
3 4441 4502 4470 
3 4496 4464 4479 
3 4493 4507 4475 
3 4490 4508 4438 
3 4509 4472 4495 
3 4500 4450 4465 
3 4467 4470 4510 
3 4476 4504 4457 
3 4490 4449 4494 
3 4502 4448 4487 
3 4473 4469 4484 
3 4469 4511 4484 
3 4505 4494 4481 
3 4501 4438 4512 
3 4510 4470 4502 
3 4510 4506 4467 
3 4482 4462 4513 
3 4471 4514 4485 
3 4514 4471 4515 
3 4489 4475 4507 
3 4472 4509 4499 
3 4455 4480 4516 
3 4517 4461 4488 
3 4518 4488 4474 
3 4482 4493 4466 
3 4514 4474 4485 
3 4505 4489 4519 
3 4512 4438 4508 
3 4499 4509 4520 
3 4492 4461 4521 
3 4462 4484 4513 
3 4515 4471 4486 
3 4501 4522 4476 
3 4523 4508 4490 
3 4500 4524 4479 
3 4494 4523 4490 
3 4478 4525 4483 
3 4525 4487 4483 
3 4513 4484 4511 
3 4493 4482 4526 
3 4516 4480 4497 
3 4469 4491 4527 
3 4492 4521 4497 
3 4516 4503 4455 
3 4527 4511 4469 
3 4474 4514 4518 
3 4525 4478 4499 
3 4491 4506 4528 
3 4486 4529 4515 
3 4504 4476 4530 
3 4522 4501 4512 
3 4531 4499 4520 
3 4500 4465 4524 
3 4461 4517 4521 
3 4507 4493 4532 
3 4533 4529 4486 
3 4533 4486 4498 
3 4498 4504 4533 
3 4534 4516 4497 
3 4495 4535 4509 
3 4479 4536 4496 
3 4525 4537 4487 
3 4502 4487 4537 
3 4528 4527 4491 
3 4493 4526 4532 
3 4489 4507 4538 
3 4522 4530 4476 
3 4479 4524 4536 
3 4503 4539 4465 
3 4482 4540 4526 
3 4488 4518 4541 
3 4489 4542 4519 
3 4543 4508 4523 
3 4539 4524 4465 
3 4494 4505 4544 
3 4494 4543 4523 
3 4520 4509 4535 
3 4531 4525 4499 
3 4519 4544 4505 
3 4508 4545 4512 
3 4546 4511 4527 
3 4547 4514 4515 
3 4544 4519 4542 
3 4495 4496 4548 
3 4538 4542 4489 
3 4504 4549 4533 
3 4544 4543 4494 
3 4512 4545 4522 
3 4548 4535 4495 
3 4548 4496 4536 
3 4546 4527 4528 
3 4550 4521 4517 
3 4513 4540 4482 
3 4551 4515 4529 
3 4545 4530 4522 
3 4510 4502 4552 
3 4553 4539 4503 
3 4554 4516 4534 
3 4488 4555 4517 
3 4515 4551 4547 
3 4530 4549 4504 
3 4545 4508 4556 
3 4506 4510 4557 
3 4516 4554 4503 
3 4497 4521 4558 
3 4514 4547 4518 
3 4559 4520 4535 
3 4560 4535 4548 
3 4552 4502 4537 
3 4557 4528 4506 
3 4526 4540 4561 
3 4503 4554 4553 
3 4546 4562 4511 
3 4488 4541 4555 
3 4563 4541 4518 
3 4508 4543 4564 
3 4565 4525 4531 
3 4510 4552 4566 
3 4557 4510 4566 
3 4567 4511 4562 
3 4513 4511 4567 
3 4561 4540 4568 
3 4538 4569 4542 
3 4542 4570 4544 
3 4570 4543 4544 
3 4535 4560 4559 
3 4550 4517 4555 
3 4532 4526 4561 
3 4538 4507 4569 
3 4571 4564 4543 
3 4572 4525 4565 
3 4537 4525 4572 
3 4536 4524 4573 
3 4546 4528 4574 
3 4534 4558 4554 
3 4534 4497 4558 
3 4513 4568 4540 
3 4575 4541 4563 
3 4574 4528 4576 
3 4567 4568 4513 
3 4561 4577 4532 
3 4529 4578 4551 
3 4531 4520 4579 
3 4563 4518 4547 
3 4578 4529 4533 
3 4508 4564 4556 
3 4576 4528 4557 
3 4569 4580 4542 
3 4549 4530 4581 
3 4579 4520 4559 
3 4554 4582 4553 
3 4531 4579 4565 
3 4552 4537 4583 
3 4584 4573 4524 
3 4524 4539 4584 
3 4541 4575 4555 
3 4577 4585 4532 
3 4507 4532 4585 
3 4578 4533 4549 
3 4580 4570 4542 
3 4536 4573 4586 
3 4587 4562 4546 
3 4569 4507 4585 
3 4545 4588 4530 
3 4572 4589 4537 
3 4590 4563 4547 
3 4578 4591 4551 
3 4571 4543 4570 
3 4545 4556 4592 
3 4565 4593 4572 
3 4566 4576 4557 
3 4539 4553 4594 
3 4567 4562 4587 
3 4588 4545 4592 
3 4595 4548 4536 
3 4594 4553 4582 
3 4596 4550 4555 
3 4575 4563 4590 
3 4547 4597 4590 
3 4551 4591 4547 
3 4574 4587 4546 
3 4598 4521 4550 
3 4596 4555 4575 
3 4598 4558 4521 
3 4578 4549 4581 
3 4581 4530 4588 
3 4595 4536 4586 
3 4573 4599 4586 
3 4598 4550 4596 
3 4589 4583 4537 
3 4584 4599 4573 
3 4587 4600 4567 
3 4561 4568 4601 
3 4597 4547 4602 
3 4585 4577 4603 
3 4556 4564 4604 
3 4589 4572 4593 
3 4552 4605 4566 
3 4606 4582 4554 
3 4606 4554 4558 
3 4591 4578 4607 
3 4570 4580 4608 
3 4556 4609 4592 
3 4610 4559 4560 
3 4579 4593 4565 
3 4539 4594 4584 
3 4605 4552 4583 
3 4566 4611 4576 
3 4598 4612 4558 
3 4568 4567 4600 
3 4575 4590 4597 
3 4602 4547 4591 
3 4588 4592 4613 
3 4614 4598 4596 
3 4581 4588 4613 
3 4571 4570 4608 
3 4615 4579 4559 
3 4548 4616 4560 
3 4616 4548 4595 
3 4617 4596 4575 
3 4617 4575 4597 
3 4577 4561 4601 
3 4601 4603 4577 
3 4580 4569 4608 
3 4571 4604 4564 
3 4609 4556 4604 
3 4618 4608 4569 
3 4578 4581 4619 
3 4606 4558 4612 
3 4568 4600 4620 
3 4596 4617 4614 
3 4569 4585 4618 
3 4579 4621 4593 
3 4605 4583 4622 
3 4566 4605 4611 
3 4578 4619 4607 
3 4613 4623 4581 
3 4579 4615 4621 
3 4589 4622 4583 
3 4622 4624 4605 
3 4609 4625 4592 
3 4559 4610 4615 
3 4560 4616 4610 
3 4587 4574 4626 
3 4568 4620 4601 
3 4571 4608 4627 
3 4609 4604 4625 
3 4599 4628 4586 
3 4576 4611 4629 
3 4613 4592 4625 
3 4621 4630 4593 
3 4631 4595 4586 
3 4605 4624 4611 
3 4629 4574 4576 
3 4632 4582 4606 
3 4617 4597 4633 
3 4595 4631 4616 
3 4593 4630 4589 
3 4586 4628 4634 
3 4582 4635 4594 
3 4615 4610 4636 
3 4634 4631 4586 
3 4637 4606 4612 
3 4638 4602 4591 
3 4603 4639 4585 
3 4627 4604 4571 
3 4628 4599 4584 
3 4594 4635 4584 
3 4635 4582 4632 
3 4574 4629 4626 
3 4633 4597 4602 
3 4639 4618 4585 
3 4640 4581 4623 
3 4606 4637 4632 
3 4641 4629 4611 
3 4608 4618 4642 
3 4587 4643 4600 
3 4602 4638 4633 
3 4591 4644 4638 
3 4644 4591 4607 
3 4621 4615 4645 
3 4584 4646 4628 
3 4635 4646 4584 
3 4641 4611 4624 
3 4647 4610 4616 
3 4621 4645 4630 
3 4637 4648 4632 
3 4581 4640 4619 
3 4613 4625 4649 
3 4625 4604 4650 
3 4610 4647 4636 
3 4651 4587 4626 
3 4620 4600 4643 
3 4651 4643 4587 
3 4625 4652 4649 
3 4653 4634 4628 
3 4644 4607 4619 
3 4639 4642 4618 
3 4625 4650 4652 
3 4615 4636 4645 
3 4622 4589 4654 
3 4655 4635 4632 
3 4656 4637 4612 
3 4616 4631 4647 
3 4657 4645 4636 
3 4624 4622 4658 
3 4655 4646 4635 
3 4629 4659 4626 
3 4659 4651 4626 
3 4660 4617 4633 
3 4661 4640 4623 
3 4632 4648 4655 
3 4648 4637 4656 
3 4612 4598 4662 
3 4598 4614 4662 
3 4620 4663 4601 
3 4627 4650 4604 
3 4603 4664 4639 
3 4665 4642 4639 
3 4666 4627 4608 
3 4623 4613 4649 
3 4667 4630 4645 
3 4653 4631 4634 
3 4668 4628 4646 
3 4629 4641 4669 
3 4614 4617 4662 
3 4601 4670 4603 
3 4661 4619 4640 
3 4608 4642 4666 
3 4661 4623 4649 
3 4636 4647 4671 
3 4630 4654 4589 
3 4653 4628 4668 
3 4643 4651 4672 
3 4643 4673 4620 
3 4674 4647 4631 
3 4622 4654 4658 
3 4659 4629 4675 
3 4659 4672 4651 
3 4670 4664 4603 
3 4636 4671 4657 
3 4629 4669 4675 
3 4656 4612 4662 
3 4638 4676 4633 
3 4639 4664 4665 
3 4657 4667 4645 
3 4677 4648 4656 
3 4662 4617 4660 
3 4641 4624 4669 
3 4672 4673 4643 
3 4663 4620 4673 
3 4601 4663 4678 
3 4665 4679 4642 
3 4650 4680 4652 
3 4653 4674 4631 
3 4666 4642 4679 
3 4681 4682 4630 
3 4682 4654 4630 
3 4601 4678 4670 
3 4619 4683 4644 
3 4683 4619 4684 
3 4685 4661 4649 
3 4649 4652 4685 
3 4661 4684 4619 
3 4681 4630 4667 
3 4646 4655 4686 
3 4687 4674 4653 
3 4688 4658 4654 
3 4668 4689 4653 
3 4624 4658 4690 
3 4669 4624 4690 
3 4686 4668 4646 
3 4659 4675 4691 
3 4692 4655 4648 
3 4683 4693 4644 
3 4691 4672 4659 
3 4660 4633 4694 
3 4695 4638 4644 
3 4688 4654 4682 
3 4656 4696 4677 
3 4638 4695 4676 
3 4695 4644 4693 
3 4653 4689 4687 
3 4673 4697 4663 
3 4676 4694 4633 
3 4683 4684 4693 
3 4627 4666 4698 
3 4699 4650 4627 
3 4674 4700 4647 
3 4690 4658 4688 
3 4656 4662 4696 
3 4684 4661 4701 
3 4679 4698 4666 
3 4698 4699 4627 
3 4669 4702 4675 
3 4703 4660 4694 
3 4671 4667 4657 
3 4668 4704 4689 
3 4686 4655 4692 
3 4705 4673 4672 
3 4664 4670 4706 
3 4667 4707 4681 
3 4682 4681 4708 
3 4692 4709 4686 
3 4702 4691 4675 
3 4672 4691 4710 
3 4711 4648 4677 
3 4660 4703 4662 
3 4697 4712 4663 
3 4676 4695 4713 
3 4706 4665 4664 
3 4700 4674 4687 
3 4677 4714 4711 
3 4705 4715 4673 
3 4712 4678 4663 
3 4676 4713 4694 
3 4701 4661 4685 
3 4685 4652 4680 
3 4672 4710 4716 
3 4680 4650 4699 
3 4699 4717 4680 
3 4681 4707 4708 
3 4689 4718 4687 
3 4690 4702 4669 
3 4648 4711 4692 
3 4670 4678 4712 
3 4719 4667 4671 
3 4720 4671 4647 
3 4720 4647 4700 
3 4690 4688 4721 
3 4705 4672 4716 
3 4697 4673 4722 
3 4665 4723 4679 
3 4707 4667 4719 
3 4724 4696 4662 
3 4724 4662 4703 
3 4718 4689 4704 
3 4709 4692 4711 
3 4702 4710 4691 
3 4677 4696 4714 
3 4694 4725 4703 
3 4668 4726 4704 
3 4727 4695 4693 
3 4688 4682 4728 
3 4726 4668 4686 
3 4670 4712 4729 
3 4727 4713 4695 
3 4706 4723 4665 
3 4723 4730 4679 
3 4721 4731 4690 
3 4731 4702 4690 
3 4716 4732 4705 
3 4729 4706 4670 
3 4684 4733 4693 
3 4734 4717 4699 
3 4680 4735 4685 
3 4736 4718 4704 
3 4726 4686 4709 
3 4732 4716 4710 
3 4694 4713 4725 
3 4680 4717 4737 
3 4738 4719 4671 
3 4708 4728 4682 
3 4739 4732 4710 
3 4732 4715 4705 
3 4722 4673 4715 
3 4740 4671 4720 
3 4736 4704 4726 
3 4733 4684 4741 
3 4671 4742 4738 
3 4707 4719 4738 
3 4743 4700 4687 
3 4721 4688 4728 
3 4712 4744 4729 
3 4741 4684 4701 
3 4697 4745 4712 
3 4733 4746 4693 
3 4701 4685 4747 
3 4698 4734 4699 
3 4737 4735 4680 
3 4700 4748 4720 
3 4728 4708 4749 
3 4698 4679 4730 
3 4737 4717 4734 
3 4742 4671 4740 
3 4687 4718 4743 
3 4711 4750 4709 
3 4710 4702 4739 
3 4722 4745 4697 
3 4740 4720 4748 
3 4743 4748 4700 
3 4703 4751 4724 
3 4693 4746 4727 
3 4752 4738 4742 
3 4753 4696 4724 
3 4715 4732 4754 
3 4725 4755 4703 
3 4730 4756 4698 
3 4756 4734 4698 
3 4747 4685 4735 
3 4734 4757 4737 
3 4706 4729 4758 
3 4706 4758 4723 
3 4721 4728 4759 
3 4731 4721 4759 
3 4741 4746 4733 
3 4730 4723 4760 
3 4738 4761 4707 
3 4740 4748 4762 
3 4707 4761 4708 
3 4763 4739 4702 
3 4696 4753 4714 
3 4744 4712 4745 
3 4734 4764 4757 
3 4740 4762 4742 
3 4761 4738 4752 
3 4726 4709 4765 
3 4703 4755 4751 
3 4725 4766 4755 
3 4767 4713 4727 
3 4714 4753 4768 
3 4724 4769 4753 
3 4724 4751 4769 
3 4713 4767 4725 
3 4729 4770 4758 
3 4737 4757 4764 
3 4759 4728 4771 
3 4731 4763 4702 
3 4772 4711 4714 
3 4764 4773 4737 
3 4737 4773 4735 
3 4761 4749 4708 
3 4750 4711 4772 
3 4729 4744 4770 
3 4741 4701 4747 
3 4718 4774 4743 
3 4726 4765 4736 
3 4765 4709 4750 
3 4760 4723 4775 
3 4734 4776 4764 
3 4735 4773 4777 
3 4742 4762 4752 
3 4778 4736 4765 
3 4714 4768 4772 
3 4758 4775 4723 
3 4777 4773 4764 
3 4753 4769 4768 
3 4722 4715 4754 
3 4766 4725 4767 
3 4746 4741 4779 
3 4780 4747 4735 
3 4754 4732 4781 
3 4734 4756 4782 
3 4777 4783 4735 
3 4748 4784 4762 
3 4736 4785 4718 
3 4763 4731 4786 
3 4781 4732 4739 
3 4730 4782 4756 
3 4776 4734 4782 
3 4764 4787 4777 
3 4783 4777 4787 
3 4749 4771 4728 
3 4770 4744 4788 
3 4760 4782 4730 
3 4783 4789 4735 
3 4762 4790 4752 
3 4785 4736 4778 
3 4788 4745 4722 
3 4744 4745 4788 
3 4727 4746 4767 
3 4776 4787 4764 
3 4718 4785 4774 
3 4791 4781 4739 
3 4779 4741 4792 
3 4793 4747 4794 
3 4754 4781 4795 
3 4741 4747 4792 
3 4780 4794 4747 
3 4780 4735 4789 
3 4743 4796 4748 
3 4786 4731 4759 
3 4797 4772 4768 
3 4797 4768 4769 
3 4790 4761 4752 
3 4748 4796 4798 
3 4771 4749 4799 
3 4786 4800 4763 
3 4722 4754 4801 
3 4802 4743 4774 
3 4739 4763 4800 
3 4767 4746 4803 
3 4743 4802 4796 
3 4804 4778 4765 
3 4792 4805 4779 
3 4792 4747 4805 
3 4784 4748 4798 
3 4800 4791 4739 
3 4797 4750 4772 
3 4806 4770 4788 
3 4807 4766 4767 
3 4808 4746 4779 
3 4805 4808 4779 
3 4809 4782 4760 
3 4780 4789 4794 
3 4789 4783 4787 
3 4810 4778 4804 
3 4781 4791 4811 
3 4808 4803 4746 
3 4793 4805 4747 
3 4812 4796 4802 
3 4813 4771 4799 
3 4814 4759 4771 
3 4810 4785 4778 
3 4815 4750 4797 
3 4816 4797 4769 
3 4758 4817 4775 
3 4794 4818 4793 
3 4787 4819 4789 
3 4761 4820 4749 
3 4795 4801 4754 
3 4760 4775 4817 
3 4817 4809 4760 
3 4805 4793 4818 
3 4818 4794 4789 
3 4761 4790 4820 
3 4798 4796 4821 
3 4821 4784 4798 
3 4814 4786 4759 
3 4776 4822 4787 
3 4814 4771 4813 
3 4823 4797 4816 
3 4751 4824 4769 
3 4755 4824 4751 
3 4821 4796 4812 
3 4802 4774 4785 
3 4795 4781 4811 
3 4825 4790 4762 
3 4758 4770 4826 
3 4789 4819 4827 
3 4819 4787 4822 
3 4762 4784 4825 
3 4817 4758 4826 
3 4818 4789 4827 
3 4785 4810 4828 
3 4791 4800 4829 
3 4722 4801 4788 
3 4782 4830 4776 
3 4749 4831 4799 
3 4811 4791 4829 
3 4797 4823 4815 
3 4816 4769 4832 
3 4826 4833 4817 
3 4834 4820 4790 
3 4749 4820 4831 
3 4815 4835 4750 
3 4836 4766 4807 
3 4835 4765 4750 
3 4832 4769 4824 
3 4770 4837 4826 
3 4767 4803 4807 
3 4830 4822 4776 
3 4821 4812 4784 
3 4755 4836 4824 
3 4836 4755 4766 
3 4770 4806 4837 
3 4802 4785 4828 
3 4809 4838 4782 
3 4831 4839 4813 
3 4831 4813 4799 
3 4800 4786 4840 
3 4765 4835 4804 
3 4825 4841 4790 
3 4842 4814 4813 
3 4836 4807 4843 
3 4808 4844 4803 
3 4809 4817 4845 
3 4830 4819 4822 
3 4846 4831 4820 
3 4840 4786 4814 
3 4815 4823 4847 
3 4845 4838 4809 
3 4838 4830 4782 
3 4812 4848 4784 
3 4813 4839 4842 
3 4849 4828 4810 
3 4815 4847 4835 
3 4784 4848 4825 
3 4833 4845 4817 
3 4805 4844 4808 
3 4790 4841 4834 
3 4834 4846 4820 
3 4812 4802 4848 
3 4801 4795 4850 
3 4801 4851 4788 
3 4842 4840 4814 
3 4810 4804 4849 
3 4795 4811 4850 
3 4851 4852 4788 
3 4852 4806 4788 
3 4800 4840 4853 
3 4807 4854 4843 
3 4855 4807 4803 
3 4831 4856 4839 
3 4850 4811 4829 
3 4816 4857 4823 
3 4858 4801 4850 
3 4851 4801 4858 
3 4831 4846 4856 
3 4802 4859 4848 
3 4854 4807 4855 
3 4842 4839 4856 
3 4804 4860 4849 
3 4853 4829 4800 
3 4861 4804 4835 
3 4816 4832 4857 
3 4805 4818 4862 
3 4827 4863 4818 
3 4864 4863 4827 
3 4850 4829 4865 
3 4823 4857 4847 
3 4866 4837 4806 
3 4826 4837 4867 
3 4833 4826 4867 
3 4803 4844 4855 
3 4838 4868 4830 
3 4868 4819 4830 
3 4825 4869 4841 
3 4850 4870 4858 
3 4824 4836 4832 
3 4871 4844 4805 
3 4864 4827 4819 
3 4869 4825 4848 
3 4859 4802 4872 
3 4802 4873 4872 
3 4873 4802 4828 
3 4874 4847 4857 
3 4863 4862 4818 
3 4852 4875 4806 
3 4876 4843 4854 
3 4844 4877 4855 
3 4845 4833 4867 
3 4834 4878 4846 
3 4859 4879 4848 
3 4853 4880 4829 
3 4832 4836 4881 
3 4834 4841 4878 
3 4828 4849 4873 
3 4870 4851 4858 
3 4871 4805 4862 
3 4878 4882 4846 
3 4804 4861 4860 
3 4861 4835 4883 
3 4865 4829 4880 
3 4877 4844 4871 
3 4838 4845 4868 
3 4884 4864 4819 
3 4868 4884 4819 
3 4885 4850 4865 
3 4886 4836 4843 
3 4855 4876 4854 
3 4879 4859 4872 
3 4887 4840 4842 
3 4888 4853 4840 
3 4843 4889 4886 
3 4866 4806 4875 
3 4868 4845 4890 
3 4891 4841 4869 
3 4856 4892 4842 
3 4892 4887 4842 
3 4887 4888 4840 
3 4893 4835 4847 
3 4836 4886 4881 
3 4894 4848 4879 
3 4895 4841 4891 
3 4848 4894 4869 
3 4847 4874 4893 
3 4882 4856 4846 
3 4896 4873 4849 
3 4896 4849 4860 
3 4852 4851 4897 
3 4843 4898 4889 
3 4843 4876 4898 
3 4866 4867 4837 
3 4869 4894 4891 
3 4856 4882 4892 
3 4880 4853 4899 
3 4900 4857 4832 
3 4877 4901 4855 
3 4902 4882 4878 
3 4903 4845 4904 
3 4865 4880 4905 
3 4883 4835 4893 
3 4900 4832 4881 
3 4845 4867 4904 
3 4906 4871 4862 
3 4862 4863 4906 
3 4895 4878 4841 
3 4860 4907 4896 
3 4907 4860 4861 
3 4874 4857 4900 
3 4851 4870 4897 
3 4855 4901 4876 
3 4903 4890 4845 
3 4908 4909 4884 
3 4864 4884 4909 
3 4881 4886 4910 
3 4875 4852 4897 
3 4911 4906 4863 
3 4863 4864 4911 
3 4912 4895 4891 
3 4878 4895 4902 
3 4905 4880 4899 
3 4905 4885 4865 
3 4909 4911 4864 
3 4913 4891 4894 
3 4866 4875 4914 
3 4915 4872 4873 
3 4853 4888 4916 
3 4901 4877 4917 
3 4877 4871 4918 
3 4919 4882 4902 
3 4850 4885 4920 
3 4850 4920 4870 
3 4921 4910 4886 
3 4886 4922 4921 
3 4922 4886 4889 
3 4914 4923 4866 
3 4867 4866 4923 
3 4868 4908 4884 
3 4924 4894 4879 
3 4925 4879 4872 
3 4926 4873 4896 
3 4927 4916 4888 
3 4885 4905 4899 
3 4897 4870 4928 
3 4922 4889 4898 
3 4902 4895 4912 
3 4891 4913 4912 
3 4919 4892 4882 
3 4892 4919 4929 
3 4879 4925 4924 
3 4930 4907 4861 
3 4930 4861 4883 
3 4874 4931 4893 
3 4918 4917 4877 
3 4915 4873 4926 
3 4896 4907 4926 
3 4900 4931 4874 
3 4875 4897 4932 
3 4932 4914 4875 
3 4872 4915 4925 
3 4893 4933 4883 
3 4934 4910 4921 
3 4918 4871 4906 
3 4868 4890 4935 
3 4887 4892 4929 
3 4910 4934 4881 
3 4934 4921 4922 
3 4935 4936 4868 
3 4908 4911 4909 
3 4913 4894 4937 
3 4853 4916 4899 
3 4930 4883 4933 
3 4935 4890 4903 
3 4938 4919 4902 
3 4887 4939 4888 
3 4885 4899 4940 
3 4908 4868 4936 
3 4888 4939 4927 
3 4928 4870 4941 
3 4881 4942 4900 
3 4943 4898 4876 
3 4938 4902 4912 
3 4926 4907 4944 
3 4933 4893 4931 
3 4904 4867 4923 
3 4903 4904 4945 
3 4945 4935 4903 
3 4887 4929 4946 
3 4947 4876 4901 
3 4946 4939 4887 
3 4927 4948 4916 
3 4899 4916 4948 
3 4920 4885 4949 
3 4900 4950 4931 
3 4942 4881 4934 
3 4922 4898 4943 
3 4906 4911 4951 
3 4951 4952 4906 
3 4913 4937 4912 
3 4944 4907 4930 
3 4870 4920 4953 
3 4897 4928 4954 
3 4914 4932 4923 
3 4947 4901 4917 
3 4918 4906 4952 
3 4937 4894 4924 
3 4915 4926 4955 
3 4899 4956 4940 
3 4933 4931 4950 
3 4950 4900 4942 
3 4957 4954 4928 
3 4954 4932 4897 
3 4958 4936 4935 
3 4941 4870 4953 
3 4876 4947 4943 
3 4908 4959 4911 
3 4960 4938 4912 
3 4919 4938 4961 
3 4961 4929 4919 
3 4915 4962 4925 
3 4920 4949 4953 
3 4941 4963 4928 
3 4918 4952 4917 
3 4935 4945 4958 
3 4933 4964 4930 
3 4908 4936 4958 
3 4946 4929 4961 
3 4899 4948 4956 
3 4940 4949 4885 
3 4965 4933 4950 
3 4922 4966 4934 
3 4924 4967 4937 
3 4925 4968 4924 
3 4962 4968 4925 
3 4964 4944 4930 
3 4969 4912 4970 
3 4928 4963 4957 
3 4970 4912 4937 
3 4968 4971 4924 
3 4934 4972 4942 
3 4951 4911 4959 
3 4912 4969 4960 
3 4973 4969 4970 
3 4924 4971 4967 
3 4962 4915 4955 
3 4974 4955 4926 
3 4904 4923 4975 
3 4959 4976 4951 
3 4959 4908 4977 
3 4933 4978 4964 
3 4953 4963 4941 
3 4954 4979 4932 
3 4980 4922 4943 
3 4975 4923 4981 
3 4904 4975 4945 
3 4952 4951 4976 
3 4973 4982 4969 
3 4982 4973 4970 
3 4982 4970 4937 
3 4983 4961 4938 
3 4946 4984 4939 
3 4972 4934 4966 
3 4958 4977 4908 
3 4985 4960 4969 
3 4938 4960 4983 
3 4986 4946 4961 
3 4971 4968 4962 
3 4958 4945 4987 
3 4969 4982 4985 
3 4927 4939 4988 
3 4944 4974 4926 
3 4963 4953 4989 
3 4917 4990 4947 
3 4991 4917 4952 
3 4986 4984 4946 
3 4992 4971 4962 
3 4955 4974 4993 
3 4948 4927 4994 
3 4942 4995 4996 
3 4922 4980 4966 
3 4952 4976 4997 
3 4985 4982 4937 
3 4998 4944 4964 
3 4940 4956 4999 
3 4978 4933 4965 
3 4923 4932 4981 
3 4945 4975 4987 
3 4959 4997 4976 
3 4950 4942 4996 
3 4979 4981 4932 
3 4992 4962 4955 
3 4989 4953 4949 
3 5000 4943 4947 
3 4955 4993 4992 
3 4956 4948 4994 
3 4999 4956 5001 
3 4949 4940 5002 
3 4942 4972 4995 
3 4943 5000 4980 
3 4981 5003 4975 
3 4917 4991 4990 
3 4939 4984 5004 
3 4993 5005 4992 
3 4944 4998 4974 
3 4999 5002 4940 
3 5006 4965 4950 
3 5007 4985 4937 
3 5008 4937 4967 
3 4988 4939 5004 
3 4989 4949 5002 
3 4947 4990 5000 
3 5009 5010 4959 
3 5010 4997 4959 
3 4977 5009 4959 
3 4992 4967 4971 
3 4957 4963 5011 
3 4983 4960 4985 
3 4961 4983 5012 
3 4986 4961 5012 
3 5004 4984 4986 
3 4950 5013 5006 
3 5013 4950 4996 
3 4979 4954 5014 
3 4958 5015 4977 
3 4937 5016 5007 
3 4927 4988 5017 
3 4994 4927 5017 
3 4954 4957 5014 
3 5016 4937 5008 
3 4967 5018 5008 
3 5018 4967 4992 
3 5019 4995 4972 
3 5014 4957 5011 
3 5019 4972 4966 
3 5015 5020 4977 
3 5021 4993 4974 
3 4990 4991 5022 
3 5023 4991 4952 
3 4952 4997 5023 
3 4987 5015 4958 
3 5024 4985 5007 
3 4998 4964 4978 
3 4978 4965 5006 
3 4963 4989 5011 
3 4994 5025 4956 
3 5026 4979 5014 
3 4990 5022 5000 
3 4985 5024 4983 
3 5025 4994 5017 
3 5002 4999 5001 
3 4996 4995 5013 
3 5003 5027 4975 
3 4987 4975 5027 
3 4993 5021 5005 
3 4956 5025 5001 
3 5006 5013 5028 
3 5002 5029 4989 
3 5019 4966 4980 
3 5018 5016 5008 
3 4988 5004 5017 
3 5006 5028 4978 
3 5030 4989 5029 
3 5030 5031 4989 
3 4981 4979 5032 
3 5033 4998 4978 
3 5011 4989 5031 
3 4977 5010 5009 
3 4986 5034 5004 
3 4974 4998 5021 
3 4978 5035 5033 
3 4981 5032 5036 
3 5015 4987 5037 
3 5012 5034 4986 
3 4978 5038 5035 
3 4995 5039 5013 
3 5027 5037 4987 
3 5028 5038 4978 
3 5032 4979 5040 
3 5003 4981 5036 
3 5022 4991 5023 
3 5037 5041 5015 
3 5042 5010 4977 
3 5043 4983 5024 
3 5012 4983 5043 
3 5044 5004 5034 
3 5028 5045 5038 
3 5028 5046 5045 
3 5014 5011 5031 
3 5047 5000 5022 
3 5042 4977 5020 
3 5016 5024 5007 
3 5048 5038 5045 
3 5045 5049 5048 
3 5049 5045 5046 
3 5046 5048 5049 
3 5048 5046 5028 
3 5039 4995 5019 
3 5027 5003 5050 
3 5051 5023 4997 
3 4992 5052 5018 
3 5044 5017 5004 
3 5047 4980 5000 
3 5020 5015 5041 
3 5028 5013 5048 
3 5010 5051 4997 
3 5052 4992 5005 
3 5002 5001 5053 
3 5026 5054 4979 
3 5055 5010 5042 
3 5056 5016 5018 
3 5057 5005 5021 
3 5058 5048 5013 
3 5040 4979 5054 
3 5032 5040 5036 
3 5059 5047 5022 
3 5022 5023 5060 
3 5024 5061 5043 
3 5024 5016 5061 
3 5048 5058 5038 
3 5062 5019 4980 
3 5036 5050 5003 
3 5027 5050 5037 
3 5042 5020 5055 
3 5010 5055 5051 
3 5012 5043 5063 
3 5063 5034 5012 
3 5064 5013 5039 
3 5065 5039 5019 
3 5020 5041 5055 
3 5017 5044 5066 
3 5021 4998 5033 
3 5038 5067 5035 
3 5067 5038 5058 
3 5059 5022 5060 
3 5062 4980 5047 
3 5068 5044 5034 
3 5053 5029 5002 
3 5067 5069 5035 
3 5067 5058 5069 
3 5019 5062 5065 
3 5070 5005 5057 
3 5001 5025 5071 
3 5013 5064 5058 
3 5014 5031 5072 
3 5036 5040 5073 
3 5056 5018 5052 
3 5068 5034 5063 
3 5074 5035 5069 
3 5059 5060 5075 
3 5051 5055 5076 
3 5025 5017 5066 
3 5066 5071 5025 
3 5077 5021 5033 
3 5074 5069 5058 
3 5059 5078 5047 
3 5036 5079 5050 
3 5016 5080 5061 
3 5057 5021 5077 
3 5081 5053 5001 
3 5033 5035 5074 
3 5058 5082 5074 
3 5023 5083 5060 
3 5037 5050 5084 
3 5005 5070 5052 
3 5085 5081 5001 
3 5053 5086 5029 
3 5083 5023 5087 
3 5051 5087 5023 
3 5055 5041 5076 
3 5039 5065 5064 
3 5072 5031 5088 
3 5078 5062 5047 
3 5036 5073 5089 
3 5051 5076 5090 
3 5056 5080 5016 
3 5071 5085 5001 
3 5091 5033 5074 
3 5029 5086 5030 
3 5031 5030 5088 
3 5092 5058 5064 
3 5078 5059 5075 
3 5087 5051 5090 
3 5014 5072 5026 
3 5062 5078 5093 
3 5084 5041 5037 
3 5094 5063 5043 
3 5079 5036 5089 
3 5095 5068 5063 
3 5033 5091 5077 
3 5081 5086 5053 
3 5096 5030 5086 
3 5088 5030 5096 
3 5076 5041 5097 
3 5094 5043 5061 
3 5095 5063 5094 
3 5098 5085 5071 
3 5075 5099 5078 
3 5100 5056 5052 
3 5068 5101 5044 
3 5057 5077 5070 
3 5092 5082 5058 
3 5040 5054 5073 
3 5084 5050 5079 
3 5076 5097 5090 
3 5102 5061 5080 
3 5091 5103 5077 
3 5083 5087 5104 
3 5056 5105 5080 
3 5066 5106 5071 
3 5106 5098 5071 
3 5086 5081 5085 
3 5072 5054 5026 
3 5073 5079 5089 
3 5075 5060 5099 
3 5107 5052 5070 
3 5101 5066 5044 
3 5077 5108 5070 
3 5103 5091 5074 
3 5054 5072 5109 
3 5110 5041 5084 
3 5105 5111 5080 
3 5056 5100 5105 
3 5095 5112 5068 
3 5101 5068 5112 
3 5073 5054 5113 
3 5041 5114 5097 
3 5090 5097 5114 
3 5061 5102 5094 
3 5111 5102 5080 
3 5115 5064 5065 
3 5062 5093 5065 
3 5052 5107 5100 
3 5116 5106 5066 
3 5082 5117 5074 
3 5115 5092 5064 
3 5072 5088 5118 
3 5104 5099 5083 
3 5099 5060 5083 
3 5119 5041 5110 
3 5092 5120 5082 
3 5121 5065 5093 
3 5074 5117 5103 
3 5122 5096 5086 
3 5078 5123 5093 
3 5114 5041 5119 
3 5124 5114 5119 
3 5125 5095 5094 
3 5070 5126 5107 
3 5086 5085 5122 
3 5109 5113 5054 
3 5090 5114 5124 
3 5101 5116 5066 
3 5117 5082 5120 
3 5115 5065 5121 
3 5073 5127 5079 
3 5090 5128 5087 
3 5129 5077 5103 
3 5118 5088 5096 
3 5072 5118 5130 
3 5123 5078 5099 
3 5131 5107 5126 
3 5085 5098 5132 
3 5122 5118 5096 
3 5115 5120 5092 
3 5133 5121 5093 
3 5073 5113 5134 
3 5128 5104 5087 
3 5095 5125 5112 
3 5100 5107 5131 
3 5101 5112 5135 
3 5129 5108 5077 
3 5109 5136 5113 
3 5090 5124 5128 
3 5094 5137 5125 
3 5070 5108 5138 
3 5130 5109 5072 
3 5079 5139 5084 
3 5128 5124 5140 
3 5073 5134 5127 
3 5104 5141 5099 
3 5084 5139 5110 
3 5119 5140 5124 
3 5101 5142 5116 
3 5138 5126 5070 
3 5122 5085 5132 
3 5093 5123 5133 
3 5143 5094 5102 
3 5138 5131 5126 
3 5144 5098 5106 
3 5139 5079 5127 
3 5145 5119 5110 
3 5128 5146 5104 
3 5119 5147 5140 
3 5137 5094 5143 
3 5101 5135 5142 
3 5144 5132 5098 
3 5129 5103 5117 
3 5134 5113 5136 
3 5147 5128 5140 
3 5148 5111 5105 
3 5148 5105 5100 
3 5104 5146 5141 
3 5116 5149 5106 
3 5122 5132 5150 
3 5118 5122 5150 
3 5118 5151 5130 
3 5109 5130 5152 
3 5121 5133 5153 
3 5154 5133 5123 
3 5145 5110 5139 
3 5111 5143 5102 
3 5153 5115 5121 
3 5134 5136 5155 
3 5147 5119 5156 
3 5128 5157 5146 
3 5128 5147 5157 
3 5131 5158 5100 
3 5120 5159 5117 
3 5141 5160 5099 
3 5108 5129 5161 
3 5144 5106 5149 
3 5115 5162 5120 
3 5135 5112 5125 
3 5117 5163 5129 
3 5133 5164 5153 
3 5165 5123 5099 
3 5099 5160 5165 
3 5157 5147 5156 
3 5108 5161 5138 
3 5152 5130 5151 
3 5156 5119 5166 
3 5100 5158 5148 
3 5167 5142 5135 
3 5120 5162 5159 
3 5145 5166 5119 
3 5111 5168 5143 
3 5111 5148 5168 
3 5138 5169 5131 
3 5149 5116 5170 
3 5132 5144 5171 
3 5155 5172 5134 
3 5127 5134 5172 
3 5173 5146 5157 
3 5174 5148 5158 
3 5150 5175 5118 
3 5152 5176 5109 
3 5136 5109 5176 
3 5123 5165 5154 
3 5127 5172 5139 
3 5173 5141 5146 
3 5143 5168 5177 
3 5116 5142 5170 
3 5138 5161 5169 
3 5163 5117 5159 
3 5178 5137 5143 
3 5178 5179 5137 
3 5179 5125 5137 
3 5167 5170 5142 
3 5180 5139 5172 
3 5139 5180 5145 
3 5125 5181 5135 
3 5162 5115 5153 
3 5155 5136 5176 
3 5173 5182 5141 
3 5166 5157 5156 
3 5164 5133 5154 
3 5160 5183 5165 
3 5148 5184 5168 
3 5181 5125 5179 
3 5150 5132 5171 
3 5131 5169 5158 
3 5160 5141 5183 
3 5150 5185 5175 
3 5186 5154 5165 
3 5183 5141 5182 
3 5166 5145 5187 
3 5173 5157 5188 
3 5188 5189 5173 
3 5143 5177 5178 
3 5190 5118 5175 
3 5188 5157 5166 
3 5191 5178 5177 
3 5149 5170 5192 
3 5151 5118 5190 
3 5145 5180 5193 
3 5187 5145 5193 
3 5194 5161 5129 
3 5163 5195 5129 
3 5155 5176 5196 
3 5197 5164 5154 
3 5154 5186 5197 
3 5165 5183 5186 
3 5189 5182 5173 
3 5188 5166 5187 
3 5168 5184 5177 
3 5192 5170 5167 
3 5149 5171 5144 
3 5198 5159 5162 
3 5153 5199 5162 
3 5191 5177 5184 
3 5161 5194 5169 
3 5153 5164 5199 
3 5184 5148 5174 
3 5200 5174 5158 
3 5163 5159 5201 
3 5152 5151 5202 
3 5155 5203 5172 
3 5195 5163 5201 
3 5171 5204 5150 
3 5175 5205 5190 
3 5176 5152 5206 
3 5180 5172 5203 
3 5185 5150 5204 
3 5185 5205 5175 
3 5162 5199 5198 
3 5171 5149 5207 
3 5189 5188 5208 
3 5192 5207 5149 
3 5204 5171 5209 
3 5210 5151 5190 
3 5196 5176 5206 
3 5183 5182 5211 
3 5200 5184 5174 
3 5202 5212 5152 
3 5164 5213 5199 
3 5189 5214 5182 
3 5169 5215 5158 
3 5129 5195 5194 
3 5216 5180 5203 
3 5180 5217 5193 
3 5187 5208 5188 
3 5135 5181 5167 
3 5158 5215 5200 
3 5210 5202 5151 
3 5155 5196 5203 
3 5217 5218 5193 
3 5208 5219 5189 
3 5220 5179 5178 
3 5221 5207 5192 
3 5179 5220 5222 
3 5179 5222 5181 
3 5223 5201 5159 
3 5206 5224 5196 
3 5214 5189 5219 
3 5183 5211 5225 
3 5214 5211 5182 
3 5178 5191 5220 
3 5181 5226 5167 
3 5195 5201 5227 
3 5196 5224 5203 
3 5228 5197 5186 
3 5217 5180 5216 
3 5184 5229 5191 
3 5230 5184 5200 
3 5226 5192 5167 
3 5194 5231 5169 
3 5204 5232 5185 
3 5223 5159 5198 
3 5210 5190 5205 
3 5225 5186 5183 
3 5193 5233 5187 
3 5219 5234 5214 
3 5215 5169 5231 
3 5211 5214 5234 
3 5226 5181 5235 
3 5236 5200 5215 
3 5237 5198 5199 
3 5210 5212 5202 
3 5237 5199 5238 
3 5164 5197 5213 
3 5218 5233 5193 
3 5233 5208 5187 
3 5209 5171 5207 
3 5205 5185 5232 
3 5199 5213 5238 
3 5206 5152 5212 
3 5225 5211 5239 
3 5208 5240 5219 
3 5224 5241 5203 
3 5242 5219 5240 
3 5184 5230 5229 
3 5226 5221 5192 
3 5195 5227 5243 
3 5204 5209 5244 
3 5223 5198 5237 
3 5197 5245 5213 
3 5245 5197 5228 
3 5241 5216 5203 
3 5195 5243 5194 
3 5234 5219 5242 
3 5181 5222 5235 
3 5201 5223 5227 
3 5206 5212 5246 
3 5211 5234 5239 
3 5233 5240 5208 
3 5191 5229 5220 
3 5244 5232 5204 
3 5228 5186 5225 
3 5247 5227 5223 
3 5248 5217 5216 
3 5229 5249 5220 
3 5220 5250 5222 
3 5227 5247 5243 
3 5248 5251 5217 
3 5251 5218 5217 
3 5215 5252 5236 
3 5205 5232 5210 
3 5200 5236 5230 
3 5213 5245 5238 
3 5234 5242 5239 
3 5194 5243 5253 
3 5254 5223 5237 
3 5210 5255 5212 
3 5256 5242 5240 
3 5222 5250 5235 
3 5207 5221 5257 
3 5209 5207 5258 
3 5256 5239 5242 
3 5235 5259 5226 
3 5215 5231 5252 
3 5233 5260 5240 
3 5261 5230 5236 
3 5235 5250 5262 
3 5263 5244 5209 
3 5246 5224 5206 
3 5216 5241 5264 
3 5236 5265 5261 
3 5266 5247 5223 
3 5237 5267 5254 
3 5265 5236 5252 
3 5238 5267 5237 
3 5267 5238 5245 
3 5268 5229 5230 
3 5221 5226 5259 
3 5258 5207 5257 
3 5194 5253 5231 
3 5258 5263 5209 
3 5232 5269 5210 
3 5269 5255 5210 
3 5246 5270 5224 
3 5264 5248 5216 
3 5251 5233 5218 
3 5243 5271 5253 
3 5266 5223 5254 
3 5212 5255 5246 
3 5221 5259 5257 
3 5272 5231 5253 
3 5247 5271 5243 
3 5220 5273 5250 
3 5274 5259 5235 
3 5244 5263 5275 
3 5232 5244 5275 
3 5228 5276 5277 
3 5228 5277 5245 
3 5241 5224 5264 
3 5251 5260 5233 
3 5273 5220 5249 
3 5245 5277 5267 
3 5278 5225 5239 
3 5279 5239 5256 
3 5256 5240 5280 
3 5281 5250 5273 
3 5230 5261 5268 
3 5235 5262 5274 
3 5275 5282 5232 
3 5247 5266 5283 
3 5281 5273 5249 
3 5231 5272 5252 
3 5228 5225 5284 
3 5260 5280 5240 
3 5272 5285 5252 
3 5269 5232 5282 
3 5255 5269 5286 
3 5255 5286 5246 
3 5225 5278 5284 
3 5252 5285 5265 
3 5264 5224 5270 
3 5228 5284 5276 
3 5268 5261 5287 
3 5259 5288 5257 
3 5248 5264 5289 
3 5290 5251 5248 
3 5291 5280 5260 
3 5262 5250 5281 
3 5292 5272 5253 
3 5293 5266 5254 
3 5254 5267 5293 
3 5251 5294 5295 
3 5239 5296 5278 
3 5260 5251 5295 
3 5249 5229 5268 
3 5288 5297 5257 
3 5297 5258 5257 
3 5275 5263 5298 
3 5290 5294 5251 
3 5284 5278 5296 
3 5260 5295 5299 
3 5296 5239 5279 
3 5268 5287 5249 
3 5300 5259 5274 
3 5298 5263 5258 
3 5247 5283 5271 
3 5264 5270 5301 
3 5248 5289 5290 
3 5279 5256 5302 
3 5280 5302 5256 
3 5303 5285 5272 
3 5291 5302 5280 
3 5259 5300 5288 
3 5304 5298 5258 
3 5260 5299 5291 
3 5305 5262 5281 
3 5274 5262 5300 
3 5304 5258 5297 
3 5306 5283 5266 
3 5289 5264 5301 
3 5292 5303 5272 
3 5269 5307 5286 
3 5308 5267 5277 
3 5249 5309 5281 
3 5309 5249 5287 
3 5310 5292 5253 
3 5271 5311 5253 
3 5279 5302 5312 
3 5313 5261 5265 
3 5298 5282 5275 
3 5314 5290 5289 
3 5284 5296 5315 
3 5316 5293 5267 
3 5317 5276 5284 
3 5287 5318 5309 
3 5253 5311 5310 
3 5282 5307 5269 
3 5305 5300 5262 
3 5319 5266 5293 
3 5316 5319 5293 
3 5313 5287 5261 
3 5285 5303 5320 
3 5311 5321 5310 
3 5321 5311 5271 
3 5321 5271 5283 
3 5270 5246 5322 
3 5284 5315 5317 
3 5295 5323 5299 
3 5291 5312 5302 
3 5285 5320 5265 
3 5300 5324 5288 
3 5286 5325 5246 
3 5326 5294 5290 
3 5296 5279 5327 
3 5328 5303 5292 
3 5292 5310 5328 
3 5329 5277 5330 
3 5277 5276 5330 
3 5314 5326 5290 
3 5295 5294 5323 
3 5291 5299 5331 
3 5312 5327 5279 
3 5305 5281 5332 
3 5313 5318 5287 
3 5319 5306 5266 
3 5294 5326 5333 
3 5323 5331 5299 
3 5296 5327 5334 
3 5335 5265 5320 
3 5310 5321 5328 
3 5307 5282 5336 
3 5267 5308 5316 
3 5308 5277 5329 
3 5276 5317 5330 
3 5296 5334 5315 
3 5331 5337 5291 
3 5337 5327 5312 
3 5300 5305 5338 
3 5265 5339 5313 
3 5304 5297 5340 
3 5298 5341 5282 
3 5342 5306 5319 
3 5312 5291 5337 
3 5281 5309 5332 
3 5265 5335 5339 
3 5340 5343 5304 
3 5298 5304 5343 
3 5270 5322 5344 
3 5288 5340 5297 
3 5325 5286 5307 
3 5325 5322 5246 
3 5328 5320 5303 
3 5344 5301 5270 
3 5289 5301 5314 
3 5337 5334 5327 
3 5345 5305 5332 
3 5305 5346 5338 
3 5335 5320 5328 
3 5314 5301 5347 
3 5301 5344 5347 
3 5335 5328 5348 
3 5283 5349 5321 
3 5336 5282 5341 
3 5326 5350 5333 
3 5323 5294 5333 
3 5329 5316 5308 
3 5347 5351 5314 
3 5314 5350 5326 
3 5352 5334 5337 
3 5353 5332 5309 
3 5345 5346 5305 
3 5325 5307 5354 
3 5350 5355 5333 
3 5337 5331 5352 
3 5300 5338 5324 
3 5356 5288 5324 
3 5357 5328 5321 
3 5283 5358 5349 
3 5358 5283 5306 
3 5333 5355 5323 
3 5359 5343 5340 
3 5343 5360 5298 
3 5341 5361 5336 
3 5336 5361 5307 
3 5354 5307 5361 
3 5317 5315 5362 
3 5363 5318 5313 
3 5356 5340 5288 
3 5357 5348 5328 
3 5342 5358 5306 
3 5364 5322 5325 
3 5330 5365 5329 
3 5309 5366 5353 
3 5366 5309 5367 
3 5367 5309 5318 
3 5368 5345 5332 
3 5313 5339 5363 
3 5369 5347 5344 
3 5330 5317 5365 
3 5315 5334 5362 
3 5325 5354 5364 
3 5314 5351 5350 
3 5352 5331 5370 
3 5371 5367 5318 
3 5360 5343 5372 
3 5373 5316 5329 
3 5334 5352 5374 
3 5368 5332 5366 
3 5375 5338 5346 
3 5372 5343 5359 
3 5376 5319 5316 
3 5344 5322 5377 
3 5317 5362 5378 
3 5379 5331 5323 
3 5362 5334 5374 
3 5318 5380 5371 
3 5366 5332 5353 
3 5316 5373 5376 
3 5347 5369 5381 
3 5379 5323 5355 
3 5379 5370 5331 
3 5375 5324 5338 
3 5382 5335 5348 
3 5356 5359 5340 
3 5369 5344 5377 
3 5366 5367 5371 
3 5345 5375 5346 
3 5382 5348 5357 
3 5321 5349 5383 
3 5360 5341 5298 
3 5358 5384 5349 
3 5317 5378 5365 
3 5385 5366 5371 
3 5339 5386 5363 
3 5358 5342 5384 
3 5376 5342 5319 
3 5369 5377 5381 
3 5352 5387 5374 
3 5383 5357 5321 
3 5342 5388 5384 
3 5377 5322 5364 
3 5329 5365 5389 
3 5351 5347 5390 
3 5362 5374 5391 
3 5370 5387 5352 
3 5371 5380 5385 
3 5318 5392 5380 
3 5363 5392 5318 
3 5345 5368 5375 
3 5361 5341 5393 
3 5388 5342 5376 
3 5354 5394 5364 
3 5395 5324 5375 
3 5387 5391 5374 
3 5385 5396 5366 
3 5364 5397 5377 
3 5359 5356 5398 
3 5392 5363 5386 
3 5324 5395 5398 
3 5329 5389 5373 
3 5399 5350 5351 
3 5355 5400 5379 
3 5387 5370 5401 
3 5366 5396 5368 
3 5356 5324 5398 
3 5402 5339 5335 
3 5381 5390 5347 
3 5379 5400 5370 
3 5386 5339 5402 
3 5385 5403 5396 
3 5403 5385 5380 
3 5392 5404 5380 
3 5375 5368 5405 
3 5406 5354 5361 
3 5402 5335 5382 
3 5362 5407 5378 
3 5355 5350 5399 
3 5396 5405 5368 
3 5360 5393 5341 
3 5394 5354 5406 
3 5400 5408 5370 
3 5401 5370 5408 
3 5394 5397 5364 
3 5404 5403 5380 
3 5409 5382 5357 
3 5359 5410 5372 
3 5360 5372 5410 
3 5411 5383 5349 
3 5387 5401 5412 
3 5413 5395 5375 
3 5409 5357 5383 
3 5388 5414 5384 
3 5393 5406 5361 
3 5351 5390 5399 
3 5378 5415 5365 
3 5391 5387 5412 
3 5416 5373 5389 
3 5417 5355 5399 
3 5355 5417 5400 
3 5391 5407 5362 
3 5418 5398 5395 
3 5419 5382 5409 
3 5410 5420 5360 
3 5421 5349 5384 
3 5373 5416 5376 
3 5381 5377 5397 
3 5378 5407 5415 
3 5420 5422 5360 
3 5422 5393 5360 
3 5349 5421 5411 
3 5423 5388 5376 
3 5408 5412 5401 
3 5396 5403 5404 
3 5402 5382 5419 
3 5398 5424 5359 
3 5390 5381 5425 
3 5426 5391 5412 
3 5405 5413 5375 
3 5421 5384 5414 
3 5423 5414 5388 
3 5389 5365 5427 
3 5399 5390 5425 
3 5407 5391 5428 
3 5396 5429 5405 
3 5418 5395 5413 
3 5423 5376 5416 
3 5430 5417 5399 
3 5429 5396 5404 
3 5431 5383 5411 
3 5432 5404 5392 
3 5433 5386 5434 
3 5410 5359 5435 
3 5436 5381 5397 
3 5415 5427 5365 
3 5430 5399 5425 
3 5391 5426 5428 
3 5386 5402 5434 
3 5437 5409 5383 
3 5389 5427 5438 
3 5408 5439 5412 
3 5426 5412 5439 
3 5386 5433 5392 
3 5409 5437 5419 
3 5383 5431 5437 
3 5432 5440 5404 
3 5398 5418 5441 
3 5435 5359 5424 
3 5414 5442 5421 
3 5397 5394 5436 
3 5426 5439 5428 
3 5392 5443 5432 
3 5422 5444 5393 
3 5445 5406 5393 
3 5415 5446 5427 
3 5415 5407 5446 
3 5400 5417 5447 
3 5404 5440 5429 
3 5448 5443 5392 
3 5441 5424 5398 
3 5421 5431 5411 
3 5406 5449 5394 
3 5433 5434 5450 
3 5451 5450 5434 
3 5451 5434 5402 
3 5439 5407 5428 
3 5432 5443 5452 
3 5433 5450 5392 
3 5444 5445 5393 
3 5425 5453 5430 
3 5408 5400 5454 
3 5455 5429 5440 
3 5432 5456 5440 
3 5405 5457 5413 
3 5457 5405 5429 
3 5458 5419 5437 
3 5406 5445 5459 
3 5454 5400 5447 
3 5402 5419 5460 
3 5420 5461 5422 
3 5414 5423 5442 
3 5462 5423 5416 
3 5449 5436 5394 
3 5438 5427 5463 
3 5452 5443 5448 
3 5392 5450 5448 
3 5464 5418 5413 
3 5464 5465 5418 
3 5435 5420 5410 
3 5430 5447 5417 
3 5439 5408 5466 
3 5452 5456 5432 
3 5441 5418 5465 
3 5421 5467 5431 
3 5468 5407 5439 
3 5451 5402 5460 
3 5444 5422 5461 
3 5421 5442 5467 
3 5381 5469 5425 
3 5427 5446 5463 
3 5446 5407 5470 
3 5459 5449 5406 
3 5436 5469 5381 
3 5466 5408 5454 
3 5471 5458 5437 
3 5431 5471 5437 
3 5461 5420 5472 
3 5430 5473 5447 
3 5464 5413 5457 
3 5419 5458 5460 
3 5474 5420 5435 
3 5416 5389 5438 
3 5475 5429 5455 
3 5457 5429 5476 
3 5471 5431 5467 
3 5477 5462 5416 
3 5478 5416 5438 
3 5429 5475 5476 
3 5460 5450 5451 
3 5474 5472 5420 
3 5479 5445 5444 
3 5454 5447 5480 
3 5481 5455 5440 
3 5440 5456 5481 
3 5442 5423 5462 
3 5478 5438 5463 
3 5407 5468 5470 
3 5476 5464 5457 
3 5482 5458 5471 
3 5449 5459 5483 
3 5469 5436 5484 
3 5466 5485 5439 
3 5448 5486 5452 
3 5450 5486 5448 
3 5487 5463 5446 
3 5454 5488 5466 
3 5488 5485 5466 
3 5485 5468 5439 
3 5441 5489 5424 
3 5489 5435 5424 
3 5490 5442 5462 
3 5479 5459 5445 
3 5453 5425 5491 
3 5430 5453 5473 
3 5475 5455 5481 
3 5474 5435 5492 
3 5493 5467 5442 
3 5416 5478 5477 
3 5436 5449 5484 
3 5487 5446 5470 
3 5473 5494 5447 
3 5456 5452 5486 
3 5495 5460 5458 
3 5467 5493 5471 
3 5486 5450 5460 
3 5496 5441 5465 
3 5469 5491 5425 
3 5492 5435 5497 
3 5461 5498 5444 
3 5449 5483 5499 
3 5484 5449 5499 
3 5454 5480 5488 
3 5472 5498 5461 
3 5444 5498 5479 
3 5478 5463 5500 
3 5447 5501 5480 
3 5502 5476 5475 
3 5458 5482 5495 
3 5472 5474 5492 
3 5479 5483 5459 
3 5478 5503 5477 
3 5500 5463 5487 
3 5502 5475 5481 
3 5484 5504 5469 
3 5453 5505 5473 
3 5494 5473 5505 
3 5502 5481 5506 
3 5506 5481 5456 
3 5489 5497 5435 
3 5494 5501 5447 
3 5460 5507 5486 
3 5489 5441 5496 
3 5477 5508 5462 
3 5503 5478 5500 
3 5480 5509 5488 
3 5486 5506 5456 
3 5492 5510 5472 
3 5468 5511 5470 
3 5464 5512 5465 
3 5512 5496 5465 
3 5462 5508 5490 
3 5505 5453 5491 
3 5513 5476 5502 
3 5471 5493 5482 
3 5442 5514 5493 
3 5509 5485 5488 
3 5464 5476 5515 
3 5499 5516 5484 
3 5501 5517 5480 
3 5509 5480 5517 
3 5487 5518 5500 
3 5485 5511 5468 
3 5476 5519 5515 
3 5520 5495 5482 
3 5510 5498 5472 
3 5490 5514 5442 
3 5508 5477 5503 
3 5521 5487 5470 
3 5522 5511 5485 
3 5519 5476 5513 
3 5464 5515 5512 
3 5493 5523 5482 
3 5479 5524 5483 
3 5524 5499 5483 
3 5504 5491 5469 
3 5487 5521 5518 
3 5470 5511 5521 
3 5509 5525 5485 
3 5506 5526 5502 
3 5510 5527 5498 
3 5500 5518 5503 
3 5484 5516 5504 
3 5525 5522 5485 
3 5528 5506 5486 
3 5479 5498 5529 
3 5525 5509 5517 
3 5530 5513 5502 
3 5514 5523 5493 
3 5530 5519 5513 
3 5512 5515 5531 
3 5520 5482 5523 
3 5486 5507 5532 
3 5496 5533 5489 
3 5497 5489 5533 
3 5494 5517 5501 
3 5525 5517 5534 
3 5522 5525 5534 
3 5505 5491 5535 
3 5517 5494 5536 
3 5526 5506 5528 
3 5515 5537 5531 
3 5538 5460 5495 
3 5524 5479 5529 
3 5516 5539 5504 
3 5502 5540 5530 
3 5532 5528 5486 
3 5537 5515 5519 
3 5538 5507 5460 
3 5510 5492 5541 
3 5542 5499 5524 
3 5503 5518 5543 
3 5494 5505 5544 
3 5502 5526 5540 
3 5496 5512 5533 
3 5545 5520 5523 
3 5527 5529 5498 
3 5490 5546 5514 
3 5495 5545 5538 
3 5516 5499 5547 
3 5491 5504 5539 
3 5548 5507 5538 
3 5545 5495 5520 
3 5492 5497 5549 
3 5541 5492 5549 
3 5514 5546 5550 
3 5551 5490 5508 
3 5503 5551 5508 
3 5534 5552 5522 
3 5551 5503 5543 
3 5516 5547 5553 
3 5490 5551 5546 
3 5539 5535 5491 
3 5554 5552 5534 
3 5555 5497 5533 
3 5541 5556 5510 
3 5539 5516 5557 
3 5534 5517 5554 
3 5531 5558 5512 
3 5533 5512 5558 
3 5519 5530 5559 
3 5559 5537 5519 
3 5560 5523 5514 
3 5542 5547 5499 
3 5561 5518 5521 
3 5552 5554 5562 
3 5563 5528 5532 
3 5533 5558 5555 
3 5564 5548 5538 
3 5522 5565 5511 
3 5517 5536 5566 
3 5554 5517 5562 
3 5527 5510 5556 
3 5511 5567 5521 
3 5565 5567 5511 
3 5522 5552 5565 
3 5568 5494 5544 
3 5528 5563 5526 
3 5507 5548 5532 
3 5524 5529 5569 
3 5535 5570 5505 
3 5568 5536 5494 
3 5532 5548 5563 
3 5555 5549 5497 
3 5544 5505 5570 
3 5571 5565 5552 
3 5552 5562 5571 
3 5562 5517 5566 
3 5530 5540 5559 
3 5572 5537 5559 
3 5573 5545 5523 
3 5514 5574 5560 
3 5542 5524 5569 
3 5568 5575 5536 
3 5518 5561 5543 
3 5538 5545 5564 
3 5561 5521 5567 
3 5544 5576 5568 
3 5575 5566 5536 
3 5558 5531 5577 
3 5541 5549 5556 
3 5514 5550 5574 
3 5542 5569 5578 
3 5578 5547 5542 
3 5576 5544 5570 
3 5566 5571 5562 
3 5577 5531 5537 
3 5556 5579 5527 
3 5553 5557 5516 
3 5557 5580 5539 
3 5581 5535 5539 
3 5582 5559 5540 
3 5583 5540 5526 
3 5583 5526 5563 
3 5572 5577 5537 
3 5584 5546 5551 
3 5578 5569 5585 
3 5543 5586 5551 
3 5587 5563 5548 
3 5558 5588 5555 
3 5589 5545 5573 
3 5529 5527 5569 
3 5546 5584 5550 
3 5582 5540 5583 
3 5545 5589 5564 
3 5550 5590 5574 
3 5569 5527 5579 
3 5567 5591 5561 
3 5578 5592 5547 
3 5581 5570 5535 
3 5575 5568 5593 
3 5563 5594 5583 
3 5563 5587 5594 
3 5555 5595 5549 
3 5574 5590 5560 
3 5596 5584 5551 
3 5592 5553 5547 
3 5543 5597 5586 
3 5566 5575 5593 
3 5577 5588 5558 
3 5573 5523 5560 
3 5598 5567 5565 
3 5566 5599 5571 
3 5550 5584 5590 
3 5596 5551 5586 
3 5543 5561 5597 
3 5581 5539 5580 
3 5576 5600 5568 
3 5566 5593 5599 
3 5556 5549 5601 
3 5592 5578 5585 
3 5576 5570 5602 
3 5560 5603 5573 
3 5567 5598 5591 
3 5602 5570 5581 
3 5598 5565 5571 
3 5577 5604 5588 
3 5588 5605 5555 
3 5568 5600 5593 
3 5582 5583 5606 
3 5595 5555 5605 
3 5569 5579 5607 
3 5604 5577 5572 
3 5608 5548 5564 
3 5580 5557 5609 
3 5600 5610 5593 
3 5611 5572 5559 
3 5603 5589 5573 
3 5612 5585 5569 
3 5591 5597 5561 
3 5571 5599 5613 
3 5559 5582 5611 
3 5614 5604 5572 
3 5595 5615 5549 
3 5603 5560 5616 
3 5589 5608 5564 
3 5612 5569 5607 
3 5592 5617 5553 
3 5553 5609 5557 
3 5599 5593 5610 
3 5618 5583 5594 
3 5614 5572 5611 
3 5590 5616 5560 
3 5619 5576 5602 
3 5606 5583 5618 
3 5620 5587 5548 
3 5621 5548 5608 
3 5615 5601 5549 
3 5613 5599 5610 
3 5553 5622 5609 
3 5594 5620 5618 
3 5620 5594 5587 
3 5548 5621 5620 
3 5623 5584 5596 
3 5617 5622 5553 
3 5624 5585 5612 
3 5597 5591 5625 
3 5602 5581 5626 
3 5619 5600 5576 
3 5627 5611 5582 
3 5592 5585 5624 
3 5571 5628 5598 
3 5588 5629 5605 
3 5630 5616 5590 
3 5631 5591 5598 
3 5580 5632 5581 
3 5571 5613 5628 
3 5605 5633 5595 
3 5579 5556 5634 
3 5607 5579 5635 
3 5623 5596 5586 
3 5631 5625 5591 
3 5602 5626 5619 
3 5600 5636 5610 
3 5611 5627 5637 
3 5638 5606 5618 
3 5611 5637 5614 
3 5639 5608 5589 
3 5584 5623 5640 
3 5641 5623 5586 
3 5625 5586 5597 
3 5642 5628 5613 
3 5613 5610 5643 
3 5640 5590 5584 
3 5626 5581 5632 
3 5626 5644 5619 
3 5582 5606 5627 
3 5645 5588 5604 
3 5633 5605 5629 
3 5601 5634 5556 
3 5579 5634 5635 
3 5628 5646 5598 
3 5643 5610 5636 
3 5601 5647 5634 
3 5624 5617 5592 
3 5586 5625 5641 
3 5588 5645 5629 
3 5639 5589 5603 
3 5648 5615 5595 
3 5649 5616 5630 
3 5650 5590 5640 
3 5609 5632 5580 
3 5638 5627 5606 
3 5604 5614 5637 
3 5607 5651 5612 
3 5652 5600 5619 
3 5636 5600 5652 
3 5643 5636 5653 
3 5643 5642 5613 
3 5615 5654 5601 
3 5635 5651 5607 
3 5642 5643 5653 
3 5590 5650 5630 
3 5631 5598 5655 
3 5626 5632 5656 
3 5642 5646 5628 
3 5608 5657 5621 
3 5648 5595 5633 
3 5624 5612 5658 
3 5631 5659 5625 
3 5657 5608 5639 
3 5651 5658 5612 
3 5652 5619 5644 
3 5642 5660 5646 
3 5661 5633 5629 
3 5661 5648 5633 
3 5631 5655 5659 
3 5655 5598 5646 
3 5626 5656 5644 
3 5644 5662 5652 
3 5627 5663 5637 
3 5620 5664 5618 
3 5665 5639 5603 
3 5603 5666 5665 
3 5615 5648 5654 
3 5616 5649 5603 
3 5654 5647 5601 
3 5653 5636 5667 
3 5642 5653 5668 
3 5669 5627 5638 
3 5664 5638 5618 
3 5645 5604 5670 
3 5671 5672 5639 
3 5671 5639 5665 
3 5665 5673 5671 
3 5673 5665 5666 
3 5648 5674 5654 
3 5675 5634 5647 
3 5622 5676 5609 
3 5662 5636 5652 
3 5668 5653 5677 
3 5678 5627 5669 
3 5679 5661 5629 
3 5666 5671 5673 
3 5603 5680 5666 
3 5632 5609 5676 
3 5667 5636 5662 
3 5642 5668 5681 
3 5637 5670 5604 
3 5651 5635 5682 
3 5624 5658 5683 
3 5676 5622 5617 
3 5660 5684 5646 
3 5667 5677 5653 
3 5657 5639 5672 
3 5661 5674 5648 
3 5680 5603 5649 
3 5675 5635 5634 
3 5685 5630 5650 
3 5682 5658 5651 
3 5632 5686 5656 
3 5655 5646 5684 
3 5681 5668 5677 
3 5664 5620 5621 
3 5645 5687 5629 
3 5647 5654 5674 
3 5676 5688 5632 
3 5689 5621 5657 
3 5679 5674 5661 
3 5672 5671 5666 
3 5681 5690 5642 
3 5660 5642 5690 
3 5669 5638 5664 
3 5666 5680 5672 
3 5682 5635 5691 
3 5641 5625 5692 
3 5677 5690 5681 
3 5627 5678 5663 
3 5693 5670 5637 
3 5624 5683 5617 
3 5625 5659 5692 
3 5690 5677 5694 
3 5649 5630 5685 
3 5683 5658 5682 
3 5667 5695 5677 
3 5696 5637 5663 
3 5647 5674 5675 
3 5641 5697 5623 
3 5698 5617 5699 
3 5660 5690 5700 
3 5695 5701 5677 
3 5694 5677 5701 
3 5702 5664 5621 
3 5685 5650 5640 
3 5667 5662 5703 
3 5701 5690 5694 
3 5621 5689 5702 
3 5688 5676 5704 
3 5684 5705 5655 
3 5703 5695 5667 
3 5645 5670 5687 
3 5676 5617 5698 
3 5705 5659 5655 
3 5679 5629 5706 
3 5640 5623 5707 
3 5684 5660 5700 
3 5708 5703 5662 
3 5690 5701 5700 
3 5696 5663 5678 
3 5689 5657 5709 
3 5617 5683 5699 
3 5686 5632 5688 
3 5686 5644 5656 
3 5629 5687 5706 
3 5680 5649 5710 
3 5711 5685 5640 
3 5640 5707 5711 
3 5707 5623 5697 
3 5712 5676 5698 
3 5662 5644 5708 
3 5695 5700 5701 
3 5687 5713 5706 
3 5675 5691 5635 
3 5669 5714 5678 
3 5689 5715 5702 
3 5716 5709 5657 
3 5706 5674 5679 
3 5649 5685 5710 
3 5717 5682 5691 
3 5704 5676 5712 
3 5659 5705 5718 
3 5703 5719 5695 
3 5687 5670 5720 
3 5716 5657 5672 
3 5714 5669 5664 
3 5721 5672 5680 
3 5674 5722 5675 
3 5683 5682 5717 
3 5637 5723 5693 
3 5689 5709 5715 
3 5722 5691 5675 
3 5724 5705 5684 
3 5708 5719 5703 
3 5719 5700 5695 
3 5714 5725 5678 
3 5714 5664 5726 
3 5696 5723 5637 
3 5693 5720 5670 
3 5722 5674 5727 
3 5641 5692 5697 
3 5698 5728 5712 
3 5718 5692 5659 
3 5674 5706 5729 
3 5672 5721 5716 
3 5686 5688 5730 
3 5715 5709 5716 
3 5717 5691 5731 
3 5732 5729 5706 
3 5729 5733 5674 
3 5730 5688 5704 
3 5644 5686 5734 
3 5708 5644 5735 
3 5696 5678 5736 
3 5726 5664 5702 
3 5732 5706 5737 
3 5713 5737 5706 
3 5691 5722 5731 
3 5738 5711 5707 
3 5730 5734 5686 
3 5720 5693 5739 
3 5687 5720 5713 
3 5737 5740 5732 
3 5740 5741 5732 
3 5729 5732 5741 
3 5742 5680 5710 
3 5741 5740 5737 
3 5737 5729 5741 
3 5733 5727 5674 
3 5699 5683 5743 
3 5699 5744 5698 
3 5692 5718 5745 
3 5704 5712 5746 
3 5700 5747 5684 
3 5713 5729 5737 
3 5721 5680 5742 
3 5745 5697 5692 
3 5746 5712 5728 
3 5718 5705 5724 
3 5678 5725 5736 
3 5729 5713 5748 
3 5707 5749 5738 
3 5749 5707 5697 
3 5747 5724 5684 
3 5728 5698 5744 
3 5700 5719 5750 
3 5725 5714 5726 
3 5713 5720 5751 
3 5717 5752 5683 
3 5719 5708 5750 
3 5696 5753 5723 
3 5693 5723 5739 
3 5710 5754 5742 
3 5755 5710 5685 
3 5756 5731 5722 
3 5738 5685 5711 
3 5743 5683 5752 
3 5734 5735 5644 
3 5757 5750 5708 
3 5715 5716 5758 
3 5758 5716 5721 
3 5754 5710 5755 
3 5730 5704 5759 
3 5735 5757 5708 
3 5736 5760 5696 
3 5729 5761 5733 
3 5733 5761 5727 
3 5722 5727 5756 
3 5738 5755 5685 
3 5749 5697 5745 
3 5762 5718 5763 
3 5746 5759 5704 
3 5760 5753 5696 
3 5699 5764 5744 
3 5762 5745 5718 
3 5765 5728 5744 
3 5748 5766 5729 
3 5766 5761 5729 
3 5717 5731 5767 
3 5764 5765 5744 
3 5763 5718 5724 
3 5759 5768 5730 
3 5702 5769 5726 
3 5721 5770 5758 
3 5771 5756 5727 
3 5750 5772 5700 
3 5769 5702 5715 
3 5715 5758 5769 
3 5731 5756 5767 
3 5768 5734 5730 
3 5725 5760 5736 
3 5769 5773 5726 
3 5720 5739 5751 
3 5728 5765 5774 
3 5773 5725 5726 
3 5751 5775 5713 
3 5713 5775 5748 
3 5771 5727 5761 
3 5699 5743 5764 
3 5735 5734 5776 
3 5776 5757 5735 
3 5723 5753 5739 
3 5770 5721 5742 
3 5746 5728 5774 
3 5774 5759 5746 
3 5760 5777 5753 
3 5754 5778 5742 
3 5752 5717 5767 
3 5779 5724 5747 
3 5780 5749 5745 
3 5772 5781 5700 
3 5782 5739 5753 
3 5742 5778 5770 
3 5749 5780 5738 
3 5745 5783 5780 
3 5765 5784 5774 
3 5747 5700 5781 
3 5764 5784 5765 
3 5763 5724 5779 
3 5757 5772 5750 
3 5785 5751 5739 
3 5781 5779 5747 
3 5786 5773 5769 
3 5739 5782 5785 
3 5787 5775 5751 
3 5771 5761 5788 
3 5738 5789 5755 
3 5752 5767 5790 
3 5768 5776 5734 
3 5787 5751 5785 
3 5766 5748 5791 
3 5766 5792 5761 
3 5738 5780 5789 
3 5762 5783 5745 
3 5772 5757 5793 
3 5725 5794 5760 
3 5753 5777 5782 
3 5758 5795 5769 
3 5783 5762 5763 
3 5774 5796 5759 
3 5792 5788 5761 
3 5788 5797 5771 
3 5743 5752 5798 
3 5799 5793 5757 
3 5795 5758 5770 
3 5756 5771 5797 
3 5794 5777 5760 
3 5800 5794 5725 
3 5767 5756 5790 
3 5776 5799 5757 
3 5772 5801 5781 
3 5800 5725 5773 
3 5791 5748 5775 
3 5796 5768 5759 
3 5768 5802 5776 
3 5803 5777 5794 
3 5804 5795 5770 
3 5797 5805 5756 
3 5806 5743 5798 
3 5796 5774 5807 
3 5808 5787 5785 
3 5766 5791 5792 
3 5806 5809 5743 
3 5764 5743 5809 
3 5801 5779 5781 
3 5800 5773 5786 
3 5790 5756 5805 
3 5810 5755 5789 
3 5811 5768 5796 
3 5812 5769 5795 
3 5778 5813 5770 
3 5755 5810 5754 
3 5798 5752 5790 
3 5814 5792 5791 
3 5815 5788 5792 
3 5809 5784 5764 
3 5784 5807 5774 
3 5763 5779 5816 
3 5813 5804 5770 
3 5811 5796 5817 
3 5818 5799 5776 
3 5819 5775 5787 
3 5810 5778 5754 
3 5817 5796 5807 
3 5802 5818 5776 
3 5775 5814 5791 
3 5820 5763 5816 
3 5821 5782 5777 
3 5779 5801 5822 
3 5782 5821 5785 
3 5821 5808 5785 
3 5786 5769 5812 
3 5763 5823 5783 
3 5802 5768 5811 
3 5793 5824 5772 
3 5772 5824 5801 
3 5786 5825 5800 
3 5821 5826 5808 
3 5815 5797 5788 
3 5827 5780 5783 
3 5823 5763 5820 
3 5819 5787 5808 
3 5778 5828 5813 
3 5789 5780 5827 
3 5793 5799 5829 
3 5808 5826 5819 
3 5804 5813 5830 
3 5822 5816 5779 
3 5829 5824 5793 
3 5814 5775 5819 
3 5790 5831 5798 
3 5832 5825 5786 
3 5778 5810 5828 
3 5805 5833 5790 
3 5830 5795 5804 
3 5809 5834 5784 
3 5802 5811 5835 
3 5836 5822 5801 
3 5803 5821 5777 
3 5795 5837 5812 
3 5795 5830 5837 
3 5815 5792 5814 
3 5797 5838 5805 
3 5784 5839 5807 
3 5818 5802 5835 
3 5824 5836 5801 
3 5829 5840 5824 
3 5797 5841 5838 
3 5790 5833 5831 
3 5842 5783 5823 
3 5829 5799 5843 
3 5832 5786 5812 
3 5806 5844 5809 
3 5809 5844 5834 
3 5794 5800 5845 
3 5841 5797 5815 
3 5806 5798 5846 
3 5783 5842 5827 
3 5847 5813 5828 
3 5831 5846 5798 
3 5848 5844 5806 
3 5794 5845 5803 
3 5828 5810 5849 
3 5833 5805 5838 
3 5789 5850 5810 
3 5799 5818 5843 
3 5836 5824 5840 
3 5825 5851 5800 
3 5821 5803 5852 
3 5826 5853 5819 
3 5806 5846 5848 
3 5854 5803 5845 
3 5826 5821 5852 
3 5855 5841 5815 
3 5839 5784 5834 
3 5835 5856 5818 
3 5847 5830 5813 
3 5857 5828 5849 
3 5834 5844 5858 
3 5859 5823 5820 
3 5807 5860 5817 
3 5829 5861 5840 
3 5803 5854 5852 
3 5819 5853 5862 
3 5832 5812 5863 
3 5863 5812 5837 
3 5828 5857 5847 
3 5859 5842 5823 
3 5816 5859 5820 
3 5839 5860 5807 
3 5816 5822 5864 
3 5836 5864 5822 
3 5861 5829 5843 
3 5825 5865 5851 
3 5819 5862 5814 
3 5849 5810 5850 
3 5866 5827 5842 
3 5864 5867 5816 
3 5856 5843 5818 
3 5845 5800 5851 
3 5811 5817 5860 
3 5868 5835 5811 
3 5840 5869 5836 
3 5845 5851 5865 
3 5862 5870 5814 
3 5789 5827 5850 
3 5871 5811 5860 
3 5865 5825 5832 
3 5815 5814 5870 
3 5872 5837 5830 
3 5855 5873 5841 
3 5842 5859 5874 
3 5867 5859 5816 
3 5868 5811 5871 
3 5839 5834 5875 
3 5836 5869 5876 
3 5837 5877 5863 
3 5878 5848 5846 
3 5858 5875 5834 
3 5861 5843 5879 
3 5873 5838 5841 
3 5880 5846 5831 
3 5860 5839 5875 
3 5840 5861 5869 
3 5845 5865 5881 
3 5832 5882 5865 
3 5883 5855 5815 
3 5848 5878 5844 
3 5876 5864 5836 
3 5854 5884 5852 
3 5853 5826 5852 
3 5850 5827 5885 
3 5835 5868 5856 
3 5854 5845 5884 
3 5849 5886 5857 
3 5850 5886 5849 
3 5880 5831 5833 
3 5832 5863 5882 
3 5853 5887 5862 
3 5830 5847 5872 
3 5827 5866 5885 
3 5846 5888 5878 
3 5843 5856 5879 
3 5869 5861 5889 
3 5876 5869 5890 
3 5842 5874 5866 
3 5861 5879 5889 
3 5891 5852 5884 
3 5878 5858 5844 
3 5860 5875 5892 
3 5871 5893 5868 
3 5894 5857 5886 
3 5837 5872 5877 
3 5895 5863 5877 
3 5870 5883 5815 
3 5883 5896 5855 
3 5857 5897 5847 
3 5898 5886 5850 
3 5880 5888 5846 
3 5867 5899 5859 
3 5884 5900 5891 
3 5852 5891 5853 
3 5899 5874 5859 
3 5860 5901 5871 
3 5856 5868 5902 
3 5890 5903 5876 
3 5904 5865 5882 
3 5872 5895 5877 
3 5902 5868 5905 
3 5906 5887 5853 
3 5873 5855 5896 
3 5838 5907 5833 
3 5900 5845 5881 
3 5865 5904 5881 
3 5862 5887 5870 
3 5907 5880 5833 
3 5875 5858 5908 
3 5892 5901 5860 
3 5845 5900 5884 
3 5897 5872 5847 
3 5909 5885 5866 
3 5902 5879 5856 
3 5910 5903 5890 
3 5890 5869 5910 
3 5853 5891 5906 
3 5883 5870 5911 
3 5878 5912 5858 
3 5864 5913 5867 
3 5893 5905 5868 
3 5879 5914 5889 
3 5881 5915 5900 
3 5882 5863 5895 
3 5857 5894 5897 
3 5864 5876 5903 
3 5869 5889 5910 
3 5908 5858 5912 
3 5901 5893 5871 
3 5873 5916 5838 
3 5917 5850 5885 
3 5918 5878 5888 
3 5864 5919 5913 
3 5864 5903 5919 
3 5910 5889 5914 
3 5911 5870 5887 
3 5917 5898 5850 
3 5892 5875 5908 
3 5867 5913 5899 
3 5920 5901 5892 
3 5902 5921 5879 
3 5872 5922 5895 
3 5896 5923 5873 
3 5907 5838 5916 
3 5907 5924 5880 
3 5880 5924 5888 
3 5917 5885 5909 
3 5921 5914 5879 
3 5915 5881 5904 
3 5900 5925 5891 
3 5891 5925 5906 
3 5926 5896 5883 
3 5927 5872 5897 
3 5898 5928 5886 
3 5929 5874 5899 
3 5913 5930 5899 
3 5902 5931 5921 
3 5914 5921 5931 
3 5915 5932 5900 
3 5866 5874 5929 
3 5893 5901 5920 
3 5931 5902 5933 
3 5933 5934 5931 
3 5914 5931 5934 
3 5872 5927 5922 
3 5923 5935 5873 
3 5916 5873 5935 
3 5928 5894 5886 
3 5898 5936 5928 
3 5937 5933 5902 
3 5934 5938 5914 
3 5939 5903 5910 
3 5882 5895 5940 
3 5894 5941 5897 
3 5924 5942 5888 
3 5918 5888 5942 
3 5866 5929 5909 
3 5918 5912 5878 
3 5893 5943 5905 
3 5934 5933 5944 
3 5944 5938 5934 
3 5882 5945 5904 
3 5895 5922 5940 
3 5911 5926 5883 
3 5926 5923 5896 
3 5923 5946 5935 
3 5916 5935 5946 
3 5909 5947 5917 
3 5905 5937 5902 
3 5933 5938 5944 
3 5914 5939 5910 
3 5936 5898 5917 
3 5929 5899 5930 
3 5922 5948 5940 
3 5897 5949 5927 
3 5916 5950 5907 
3 5894 5928 5941 
3 5951 5903 5939 
3 5933 5952 5938 
3 5904 5953 5915 
3 5926 5911 5954 
3 5912 5955 5908 
3 5955 5892 5908 
3 5952 5933 5956 
3 5956 5957 5952 
3 5938 5952 5957 
3 5914 5938 5957 
3 5958 5900 5932 
3 5958 5925 5900 
3 5945 5882 5940 
3 5913 5959 5930 
3 5903 5951 5919 
3 5937 5905 5943 
3 5956 5933 5937 
3 5960 5917 5947 
3 5947 5909 5929 
3 5937 5961 5956 
3 5957 5956 5961 
3 5961 5962 5957 
3 5962 5963 5957 
3 5914 5957 5963 
3 5963 5964 5914 
3 5939 5914 5964 
3 5954 5965 5926 
3 5926 5965 5923 
3 5950 5916 5946 
3 5917 5960 5936 
3 5920 5892 5955 
3 5893 5920 5966 
3 5937 5943 5967 
3 5962 5961 5937 
3 5911 5887 5968 
3 5897 5941 5949 
3 5924 5907 5950 
3 5937 5963 5962 
3 5964 5963 5969 
3 5904 5945 5953 
3 5970 5968 5887 
3 5922 5927 5948 
3 5942 5912 5918 
3 5919 5959 5913 
3 5963 5971 5969 
3 5964 5969 5971 
3 5939 5964 5972 
3 5973 5958 5932 
3 5915 5973 5932 
3 5973 5915 5953 
3 5893 5966 5974 
3 5937 5971 5963 
3 5971 5975 5964 
3 5972 5964 5975 
3 5976 5906 5925 
3 5906 5970 5887 
3 5930 5977 5929 
3 5971 5972 5975 
3 5954 5911 5968 
3 5930 5959 5977 
3 5974 5943 5893 
3 5972 5971 5978 
3 5925 5958 5976 
3 5965 5946 5923 
3 5974 5979 5943 
3 5978 5971 5980 
3 5972 5978 5980 
3 5939 5972 5980 
3 5981 5970 5906 
3 5941 5982 5949 
3 5950 5983 5924 
3 5984 5955 5912 
3 5967 5943 5979 
3 5981 5906 5976 
3 5982 5941 5928 
3 5983 5985 5924 
3 5986 5936 5960 
3 5959 5919 5987 
3 5980 5988 5939 
3 5989 5940 5948 
3 5912 5942 5984 
3 5951 5990 5919 
3 5939 5990 5951 
3 5971 5988 5980 
3 5989 5945 5940 
3 5948 5927 5991 
3 5991 5927 5949 
3 5946 5983 5950 
3 5992 5960 5947 
3 5920 5955 5966 
3 5966 5993 5974 
3 5919 5990 5987 
3 5971 5937 5967 
3 5973 5994 5958 
3 5953 5945 5989 
3 5936 5986 5928 
3 5960 5992 5986 
3 5966 5955 5995 
3 5955 5984 5995 
3 5965 5954 5996 
3 5997 5994 5973 
3 5939 5998 5990 
3 5958 5994 5999 
3 5958 5999 5976 
3 5953 5997 5973 
3 5996 5954 5968 
3 5985 6000 5924 
3 6000 5942 5924 
3 5929 5977 6001 
3 6002 5970 5981 
3 5993 5979 5974 
3 6003 5948 5991 
3 5929 6001 5947 
3 5967 6004 5971 
3 6002 5968 5970 
3 5965 6005 5946 
3 5966 5995 6006 
3 5988 5998 5939 
3 5968 6002 6007 
3 6007 5996 5968 
3 6003 5989 5948 
3 6005 6008 5946 
3 5942 6009 5984 
3 5966 6006 5993 
3 6010 5953 5989 
3 6011 6005 5965 
3 5959 6012 5977 
3 6013 5949 5982 
3 5983 5946 6008 
3 6014 5928 5986 
3 6015 6009 5942 
3 6012 5959 5987 
3 5988 5971 6004 
3 5996 6016 5965 
3 6016 6011 5965 
3 6013 5991 5949 
3 6017 5986 5992 
3 5984 6018 5995 
3 6019 5988 6004 
3 5997 5953 6010 
3 5947 6001 6020 
3 5987 6021 6012 
3 5979 6022 5967 
3 6014 5982 5928 
3 5985 5983 6023 
3 6024 5990 5998 
3 6004 5967 6022 
3 6019 5998 5988 
3 5999 6025 5976 
3 5981 5976 6025 
3 6026 6010 5989 
3 5983 6008 6027 
3 5990 6024 5987 
3 5981 6028 6002 
3 6026 5989 6003 
3 6023 5983 6029 
3 6023 6000 5985 
3 6015 5942 6000 
3 5996 6030 6016 
3 6011 6016 6030 
3 5982 6031 6013 
3 6029 5983 6027 
3 5947 6020 6032 
3 6009 6033 5984 
3 5997 6034 5994 
3 6028 5981 6025 
3 6028 6007 6002 
3 5982 6014 6035 
3 5986 6017 6014 
3 5984 6033 6018 
3 6036 6001 5977 
3 5977 6012 6036 
3 6006 5995 6037 
3 6024 6021 5987 
3 6019 6038 5998 
3 6030 6005 6011 
3 6027 6008 6039 
3 5947 6032 5992 
3 5995 6018 6037 
3 6037 6040 6006 
3 5994 6034 5999 
3 5998 6038 6024 
3 6008 6005 6039 
3 6041 6020 6001 
3 6041 6001 6036 
3 6012 6021 6036 
3 6017 5992 6032 
3 6015 6033 6009 
3 5979 5993 6042 
3 6042 6022 5979 
3 6019 6004 6038 
3 5991 6013 6043 
3 5982 6035 6044 
3 6045 5997 6010 
3 6007 6046 5996 
3 6043 6003 5991 
3 6044 6031 5982 
3 6023 6029 6027 
3 5997 6045 6034 
3 6028 6047 6007 
3 6003 6048 6026 
3 6046 6030 5996 
3 6013 6031 6044 
3 6023 6027 6049 
3 6040 5993 6006 
3 6045 6010 6026 
3 6013 6044 6043 
3 6050 6038 6004 
3 6025 5999 6051 
3 6015 6000 6052 
3 6053 6032 6020 
3 6022 6042 6054 
3 6004 6022 6054 
3 6054 6050 6004 
3 6055 6005 6030 
3 6017 6032 6053 
3 6020 6041 6053 
3 6007 6056 6046 
3 6024 6057 6021 
3 6046 6056 6030 
3 6033 6058 6018 
3 6058 6037 6018 
3 6059 6042 5993 
3 6060 6035 6014 
3 6060 6014 6061 
3 6061 6014 6017 
3 6039 6005 6055 
3 6044 6035 6062 
3 6000 6023 6052 
3 6021 6063 6036 
3 6040 6059 5993 
3 6024 6038 6057 
3 6064 6025 6051 
3 6065 6047 6028 
3 6003 6043 6048 
3 6021 6066 6063 
3 6057 6066 6021 
3 6067 5999 6034 
3 6064 6028 6025 
3 6068 6043 6044 
3 6069 6033 6015 
3 6007 6047 6056 
3 6035 6060 6062 
3 6070 6061 6017 
3 6063 6041 6036 
3 6051 5999 6067 
3 6026 6071 6045 
3 6072 6052 6023 
3 6069 6015 6052 
3 6042 6059 6073 
3 6054 6042 6073 
3 6026 6048 6071 
3 6068 6048 6043 
3 6074 6049 6027 
3 6038 6050 6054 
3 6075 6034 6045 
3 6076 6045 6071 
3 6065 6056 6047 
3 6077 6044 6062 
3 6062 6078 6077 
3 6079 6078 6062 
3 6023 6049 6072 
3 6080 6028 6064 
3 6077 6078 6079 
3 6079 6062 6060 
3 6074 6027 6081 
3 6040 6037 6082 
3 6038 6054 6083 
3 6065 6028 6080 
3 6044 6084 6068 
3 6085 6039 6055 
3 6027 6039 6081 
3 6083 6057 6038 
3 6086 6055 6087 
3 6070 6060 6061 
3 6058 6033 6069 
3 6045 6076 6075 
3 6055 6030 6087 
3 6055 6086 6085 
3 6088 6077 6079 
3 6089 6053 6041 
3 6066 6057 6090 
3 6056 6065 6091 
3 6053 6089 6017 
3 6083 6054 6092 
3 6075 6093 6034 
3 6030 6056 6091 
3 6088 6079 6060 
3 6074 6072 6049 
3 6037 6058 6082 
3 6083 6090 6057 
3 6085 6081 6039 
3 6088 6060 6070 
3 6094 6069 6052 
3 6095 6089 6041 
3 6073 6096 6054 
3 6092 6054 6097 
3 6098 6071 6048 
3 6030 6091 6087 
3 6099 6084 6044 
3 6099 6044 6077 
3 6099 6077 6088 
3 6073 6059 6100 
3 6068 6101 6048 
3 6052 6072 6094 
3 6102 6017 6089 
3 6082 6058 6103 
3 6063 6066 6104 
3 6059 6040 6105 
3 6106 6075 6076 
3 6106 6076 6071 
3 6082 6105 6040 
3 6090 6104 6066 
3 6064 6051 6107 
3 6067 6034 6093 
3 6071 6098 6106 
3 6098 6048 6101 
3 6017 6102 6070 
3 6069 6094 6108 
3 6041 6063 6109 
3 6105 6100 6059 
3 6110 6091 6065 
3 6041 6109 6095 
3 6069 6103 6058 
3 6083 6111 6090 
3 6092 6111 6083 
3 6067 6107 6051 
3 6093 6075 6106 
3 6070 6112 6088 
3 6063 6113 6109 
3 6096 6073 6114 
3 6115 6064 6107 
3 6097 6116 6092 
3 6110 6065 6080 
3 6113 6063 6104 
3 6100 6114 6073 
3 6115 6080 6064 
3 6081 6117 6074 
3 6074 6117 6072 
3 6111 6092 6116 
3 6068 6084 6101 
3 6118 6117 6081 
3 6099 6119 6084 
3 6120 6108 6094 
3 6069 6121 6103 
3 6067 6122 6107 
3 6098 6123 6106 
3 6124 6090 6111 
3 6125 6126 6096 
3 6054 6096 6126 
3 6126 6097 6054 
3 6107 6127 6115 
3 6080 6115 6128 
3 6108 6129 6069 
3 6104 6090 6124 
3 6126 6130 6097 
3 6110 6080 6128 
3 6086 6087 6131 
3 6119 6099 6132 
3 6085 6086 6131 
3 6133 6102 6089 
3 6095 6133 6089 
3 6069 6129 6121 
3 6130 6116 6097 
3 6131 6087 6134 
3 6084 6119 6101 
3 6081 6085 6135 
3 6088 6112 6099 
3 6125 6130 6126 
3 6136 6067 6093 
3 6137 6123 6098 
3 6098 6101 6137 
3 6091 6134 6087 
3 6094 6072 6138 
3 6082 6103 6139 
3 6100 6105 6140 
3 6106 6123 6141 
3 6113 6142 6109 
3 6110 6128 6143 
3 6135 6085 6131 
3 6144 6102 6133 
3 6120 6145 6108 
3 6105 6082 6146 
3 6116 6124 6111 
3 6067 6147 6122 
3 6117 6138 6072 
3 6110 6143 6091 
3 6132 6099 6112 
3 6070 6102 6112 
3 6105 6148 6140 
3 6140 6114 6100 
3 6107 6122 6127 
3 6093 6106 6136 
3 6101 6119 6137 
3 6135 6118 6081 
3 6104 6142 6113 
3 6067 6136 6147 
3 6094 6138 6120 
3 6082 6139 6146 
3 6140 6149 6114 
3 6125 6096 6150 
3 6129 6108 6145 
3 6151 6103 6121 
3 6139 6103 6151 
3 6146 6148 6105 
3 6096 6114 6149 
3 6130 6125 6150 
3 6152 6136 6106 
3 6131 6134 6153 
3 6112 6154 6132 
3 6155 6112 6102 
3 6156 6095 6109 
3 6149 6150 6096 
3 6128 6115 6127 
3 6152 6106 6141 
3 6155 6102 6144 
3 6151 6121 6157 
3 6142 6104 6158 
3 6141 6123 6137 
3 6154 6119 6132 
3 6145 6159 6129 
3 6156 6109 6160 
3 6159 6121 6129 
3 6109 6142 6160 
3 6139 6161 6146 
3 6124 6158 6104 
3 6162 6144 6133 
3 6120 6163 6145 
3 6159 6157 6121 
3 6139 6151 6164 
3 6119 6165 6137 
3 6095 6156 6133 
3 6159 6145 6163 
3 6166 6158 6124 
3 6130 6167 6116 
3 6167 6124 6116 
3 6091 6143 6168 
3 6118 6138 6117 
3 6169 6120 6138 
3 6140 6150 6149 
3 6134 6091 6168 
3 6122 6170 6127 
3 6122 6147 6170 
3 6137 6165 6171 
3 6172 6135 6131 
3 6112 6173 6154 
3 6164 6151 6157 
3 6148 6146 6161 
3 6127 6174 6128 
3 6131 6153 6175 
3 6175 6172 6131 
3 6120 6169 6163 
3 6158 6176 6142 
3 6164 6161 6139 
3 6141 6137 6171 
3 6118 6135 6172 
3 6127 6170 6174 
3 6177 6136 6152 
3 6134 6168 6153 
3 6119 6154 6165 
3 6112 6178 6173 
3 6162 6133 6156 
3 6158 6166 6176 
3 6179 6140 6148 
3 6180 6128 6174 
3 6152 6141 6177 
3 6178 6112 6155 
3 6128 6181 6143 
3 6118 6182 6138 
3 6182 6169 6138 
3 6144 6183 6155 
3 6144 6162 6183 
3 6184 6160 6142 
3 6185 6141 6171 
3 6184 6142 6176 
3 6159 6186 6157 
3 6164 6187 6161 
3 6166 6124 6167 
3 6150 6188 6130 
3 6136 6177 6147 
3 6153 6168 6189 
3 6150 6140 6179 
3 6130 6188 6167 
3 6181 6128 6180 
3 6184 6156 6160 
3 6179 6190 6150 
3 6177 6141 6191 
3 6163 6186 6159 
3 6166 6167 6192 
3 6168 6143 6181 
3 6193 6182 6118 
3 6187 6194 6161 
3 6195 6170 6147 
3 6147 6177 6195 
3 6141 6185 6191 
3 6196 6171 6165 
3 6175 6153 6197 
3 6155 6183 6178 
3 6157 6186 6198 
3 6148 6161 6194 
3 6166 6199 6176 
3 6194 6179 6148 
3 6190 6188 6150 
3 6171 6196 6185 
3 6154 6200 6165 
3 6201 6169 6182 
3 6156 6202 6162 
3 6184 6202 6156 
3 6190 6179 6203 
3 6172 6175 6197 
3 6183 6162 6204 
3 6189 6197 6153 
3 6193 6118 6172 
3 6182 6193 6205 
3 6163 6169 6201 
3 6201 6206 6163 
3 6198 6187 6164 
3 6181 6189 6168 
3 6173 6178 6207 
3 6202 6184 6208 
3 6192 6167 6188 
3 6174 6209 6180 
3 6200 6154 6173 
3 6183 6204 6178 
3 6176 6210 6184 
3 6157 6198 6164 
3 6174 6211 6209 
3 6165 6212 6196 
3 6213 6199 6166 
3 6188 6190 6214 
3 6165 6200 6212 
3 6192 6213 6166 
3 6194 6215 6179 
3 6211 6174 6170 
3 6216 6193 6172 
3 6186 6163 6206 
3 6184 6210 6208 
3 6198 6217 6187 
3 6197 6216 6172 
3 6218 6173 6207 
3 6178 6204 6207 
3 6162 6202 6219 
3 6199 6210 6176 
3 6170 6195 6211 
3 6217 6194 6187 
3 6200 6173 6218 
3 6203 6179 6215 
3 6214 6192 6188 
3 6214 6190 6220 
3 6221 6185 6196 
3 6162 6219 6204 
3 6205 6193 6216 
3 6215 6222 6203 
3 6190 6203 6220 
3 6180 6223 6181 
3 6191 6224 6177 
3 6225 6212 6200 
3 6201 6182 6205 
3 6186 6226 6198 
3 6177 6227 6195 
3 6189 6181 6228 
3 6220 6203 6222 
3 6185 6221 6229 
3 6230 6197 6189 
3 6231 6210 6199 
3 6199 6213 6232 
3 6213 6192 6233 
3 6234 6180 6209 
3 6227 6177 6224 
3 6181 6223 6228 
3 6191 6229 6224 
3 6229 6191 6185 
3 6200 6218 6225 
3 6205 6235 6201 
3 6236 6206 6201 
3 6232 6231 6199 
3 6230 6189 6228 
3 6214 6233 6192 
3 6234 6223 6180 
3 6235 6236 6201 
3 6237 6186 6206 
3 6208 6210 6231 
3 6238 6211 6195 
3 6196 6212 6221 
3 6239 6226 6186 
3 6240 6215 6194 
3 6213 6233 6232 
3 6234 6209 6211 
3 6216 6197 6241 
3 6207 6242 6218 
3 6208 6243 6202 
3 6237 6239 6186 
3 6198 6226 6217 
3 6217 6240 6194 
3 6219 6244 6204 
3 6236 6237 6206 
3 6234 6211 6238 
3 6220 6222 6214 
3 6195 6245 6238 
3 6212 6225 6246 
3 6205 6216 6247 
3 6228 6223 6248 
3 6212 6246 6221 
3 6204 6249 6207 
3 6219 6243 6244 
3 6243 6219 6202 
3 6197 6230 6250 
3 6226 6251 6217 
3 6222 6252 6214 
3 6234 6253 6223 
3 6251 6226 6239 
3 6208 6231 6254 
3 6217 6255 6240 
3 6207 6249 6242 
3 6208 6254 6243 
3 6228 6250 6230 
3 6252 6233 6214 
3 6256 6218 6242 
3 6248 6223 6253 
3 6248 6250 6228 
3 6251 6257 6217 
3 6231 6232 6258 
3 6257 6255 6217 
3 6240 6259 6215 
3 6233 6258 6232 
3 6221 6246 6229 
3 6204 6244 6249 
3 6245 6195 6227 
3 6227 6224 6260 
3 6197 6250 6261 
3 6218 6256 6225 
3 6235 6237 6236 
3 6245 6227 6260 
3 6235 6205 6262 
3 6222 6215 6259 
3 6263 6224 6229 
3 6237 6235 6264 
3 6252 6265 6233 
3 6252 6222 6266 
3 6241 6197 6261 
3 6237 6267 6239 
3 6231 6268 6254 
3 6259 6240 6255 
3 6225 6269 6246 
3 6225 6256 6269 
3 6247 6216 6270 
3 6205 6247 6262 
3 6251 6239 6271 
3 6259 6272 6222 
3 6224 6263 6260 
3 6270 6216 6241 
3 6231 6258 6273 
3 6258 6233 6265 
3 6272 6266 6222 
3 6234 6238 6245 
3 6253 6274 6248 
3 6275 6244 6243 
3 6267 6271 6239 
3 6268 6276 6254 
3 6273 6268 6231 
3 6244 6277 6249 
3 6255 6257 6278 
3 6272 6259 6279 
3 6274 6280 6248 
3 6250 6248 6280 
3 6250 6280 6261 
3 6246 6281 6229 
3 6270 6262 6247 
3 6235 6262 6282 
3 6282 6264 6235 
3 6237 6264 6267 
3 6254 6276 6243 
3 6266 6283 6252 
3 6284 6253 6234 
3 6285 6242 6286 
3 6287 6259 6255 
3 6263 6229 6288 
3 6261 6289 6241 
3 6289 6270 6241 
3 6242 6249 6286 
3 6278 6287 6255 
3 6265 6252 6290 
3 6234 6245 6291 
3 6284 6274 6253 
3 6242 6285 6256 
3 6244 6275 6277 
3 6265 6292 6258 
3 6283 6290 6252 
3 6277 6293 6249 
3 6243 6276 6275 
3 6251 6294 6257 
3 6287 6279 6259 
3 6263 6288 6260 
3 6295 6261 6280 
3 6270 6296 6262 
3 6293 6286 6249 
3 6273 6258 6292 
3 6272 6283 6266 
3 6271 6297 6251 
3 6245 6260 6291 
3 6296 6282 6262 
3 6293 6277 6275 
3 6298 6276 6268 
3 6268 6273 6298 
3 6294 6278 6257 
3 6281 6246 6269 
3 6283 6299 6290 
3 6272 6299 6283 
3 6294 6251 6297 
3 6300 6284 6234 
3 6289 6301 6270 
3 6229 6281 6288 
3 6295 6289 6261 
3 6296 6270 6301 
3 6302 6256 6285 
3 6267 6264 6303 
3 6304 6275 6276 
3 6287 6305 6279 
3 6272 6279 6305 
3 6306 6291 6260 
3 6285 6286 6293 
3 6282 6303 6264 
3 6303 6307 6267 
3 6260 6288 6306 
3 6256 6302 6269 
3 6290 6308 6265 
3 6309 6281 6269 
3 6273 6310 6298 
3 6287 6278 6311 
3 6305 6287 6311 
3 6234 6312 6300 
3 6275 6313 6293 
3 6294 6314 6278 
3 6292 6310 6273 
3 6272 6305 6315 
3 6290 6299 6316 
3 6284 6300 6317 
3 6288 6281 6318 
3 6303 6282 6319 
3 6320 6276 6298 
3 6312 6234 6291 
3 6284 6317 6274 
3 6314 6311 6278 
3 6315 6299 6272 
3 6321 6282 6296 
3 6322 6304 6276 
3 6294 6297 6323 
3 6308 6292 6265 
3 6280 6274 6324 
3 6309 6269 6302 
3 6285 6293 6325 
3 6275 6322 6313 
3 6322 6275 6304 
3 6271 6267 6307 
3 6326 6297 6271 
3 6323 6314 6294 
3 6308 6290 6316 
3 6306 6288 6318 
3 6271 6307 6326 
3 6323 6297 6326 
3 6295 6280 6324 
3 6309 6327 6281 
3 6285 6325 6302 
3 6295 6324 6328 
3 6301 6329 6296 
3 6321 6319 6282 
3 6276 6320 6322 
3 6298 6330 6320 
3 6316 6331 6308 
3 6332 6300 6312 
3 6274 6317 6333 
3 6302 6334 6309 
3 6329 6321 6296 
3 6298 6310 6330 
3 6312 6335 6332 
3 6335 6312 6291 
3 6336 6291 6306 
3 6281 6327 6318 
3 6325 6334 6302 
3 6323 6337 6314 
3 6310 6292 6338 
3 6300 6332 6317 
3 6333 6339 6274 
3 6295 6328 6289 
3 6308 6338 6292 
3 6291 6336 6335 
3 6274 6339 6324 
3 6319 6321 6340 
3 6303 6319 6341 
3 6317 6342 6333 
3 6313 6343 6293 
3 6311 6314 6344 
3 6299 6345 6316 
3 6317 6332 6342 
3 6346 6293 6343 
3 6337 6344 6314 
3 6311 6347 6305 
3 6340 6321 6329 
3 6313 6322 6348 
3 6320 6349 6322 
3 6315 6305 6347 
3 6318 6350 6306 
3 6309 6351 6327 
3 6289 6352 6301 
3 6293 6353 6354 
3 6353 6293 6346 
3 6346 6343 6353 
3 6323 6326 6355 
3 6337 6323 6355 
3 6356 6345 6299 
3 6328 6352 6289 
3 6293 6354 6325 
3 6313 6348 6343 
3 6310 6338 6330 
3 6345 6331 6316 
3 6299 6315 6356 
3 6343 6348 6353 
3 6347 6356 6315 
3 6339 6357 6324 
3 6341 6307 6303 
3 6358 6320 6330 
3 6306 6359 6336 
3 6350 6359 6306 
3 6320 6358 6349 
3 6326 6307 6360 
3 6309 6334 6351 
3 6331 6361 6308 
3 6362 6339 6333 
3 6327 6363 6318 
3 6319 6340 6364 
3 6354 6353 6348 
3 6319 6365 6341 
3 6344 6347 6311 
3 6318 6363 6350 
3 6322 6349 6348 
3 6338 6308 6361 
3 6339 6362 6357 
3 6352 6328 6366 
3 6366 6367 6352 
3 6352 6367 6301 
3 6325 6354 6368 
3 6336 6369 6335 
3 6369 6336 6359 
3 6329 6301 6367 
3 6351 6370 6327 
3 6347 6344 6371 
3 6333 6342 6362 
3 6328 6324 6357 
3 6357 6372 6328 
3 6334 6373 6351 
3 6334 6325 6368 
3 6329 6374 6340 
3 6364 6340 6374 
3 6330 6338 6375 
3 6344 6337 6376 
3 6347 6371 6356 
3 6335 6369 6332 
3 6372 6366 6328 
3 6319 6364 6365 
3 6341 6365 6377 
3 6377 6307 6341 
3 6337 6355 6376 
3 6338 6378 6375 
3 6361 6378 6338 
3 6345 6356 6379 
3 6342 6332 6380 
3 6327 6381 6363 
3 6307 6382 6360 
3 6383 6358 6330 
3 6331 6345 6379 
3 6370 6351 6373 
3 6355 6326 6360 
3 6354 6384 6368 
3 6376 6355 6385 
3 6361 6386 6378 
3 6361 6331 6386 
3 6380 6362 6342 
3 6367 6366 6387 
3 6307 6377 6382 
3 6349 6358 6383 
3 6332 6388 6380 
3 6359 6389 6369 
3 6360 6382 6390 
3 6385 6355 6360 
3 6344 6376 6391 
3 6392 6357 6362 
3 6334 6368 6373 
3 6367 6374 6329 
3 6365 6364 6374 
3 6393 6354 6348 
3 6385 6360 6390 
3 6393 6348 6349 
3 6386 6331 6394 
3 6379 6395 6331 
3 6384 6354 6393 
3 6376 6385 6391 
3 6394 6331 6395 
3 6350 6396 6359 
3 6396 6350 6363 
3 6366 6372 6387 
3 6367 6387 6397 
3 6392 6398 6357 
3 6372 6357 6398 
3 6381 6327 6370 
3 6330 6375 6383 
3 6356 6371 6399 
3 6388 6332 6369 
3 6374 6367 6400 
3 6365 6401 6377 
3 6402 6383 6375 
3 6371 6344 6403 
3 6378 6386 6394 
3 6399 6379 6356 
3 6392 6362 6404 
3 6349 6383 6405 
3 6391 6385 6406 
3 6378 6407 6375 
3 6403 6399 6371 
3 6369 6389 6408 
3 6362 6380 6404 
3 6359 6409 6389 
3 6400 6367 6397 
3 6344 6391 6403 
3 6409 6359 6396 
3 6392 6410 6398 
3 6363 6411 6396 
3 6411 6363 6381 
3 6385 6390 6406 
3 6382 6377 6401 
3 6395 6379 6412 
3 6408 6388 6369 
3 6398 6387 6372 
3 6401 6365 6413 
3 6405 6393 6349 
3 6404 6414 6392 
3 6410 6392 6414 
3 6373 6415 6370 
3 6407 6402 6375 
3 6374 6413 6365 
3 6416 6383 6402 
3 6412 6379 6399 
3 6389 6409 6408 
3 6401 6390 6382 
3 6374 6400 6417 
3 6417 6413 6374 
3 6418 6378 6394 
3 6380 6419 6404 
3 6420 6368 6384 
3 6390 6401 6421 
3 6422 6402 6407 
3 6399 6403 6423 
3 6419 6380 6388 
3 6410 6424 6398 
3 6411 6381 6370 
3 6420 6373 6368 
3 6400 6397 6425 
3 6378 6418 6426 
3 6425 6417 6400 
3 6383 6416 6405 
3 6416 6402 6422 
3 6427 6404 6419 
3 6387 6398 6424 
3 6420 6415 6373 
3 6405 6416 6428 
3 6378 6426 6407 
3 6429 6388 6408 
3 6388 6429 6419 
3 6427 6414 6404 
3 6430 6411 6370 
3 6397 6387 6431 
3 6399 6432 6412 
3 6396 6433 6409 
3 6414 6424 6410 
3 6370 6415 6430 
3 6384 6434 6420 
3 6403 6391 6435 
3 6395 6412 6394 
3 6393 6436 6384 
3 6405 6428 6393 
3 6406 6435 6391 
3 6396 6411 6437 
3 6438 6407 6426 
3 6419 6429 6427 
3 6407 6438 6422 
3 6423 6439 6399 
3 6424 6431 6387 
3 6401 6413 6440 
3 6403 6441 6423 
3 6432 6399 6439 
3 6431 6442 6397 
3 6425 6397 6442 
3 6443 6418 6394 
3 6436 6434 6384 
3 6403 6435 6441 
3 6414 6427 6444 
3 6440 6413 6445 
3 6406 6390 6446 
3 6396 6437 6433 
3 6415 6420 6447 
3 6448 6393 6428 
3 6416 6449 6428 
3 6421 6401 6440 
3 6443 6394 6412 
3 6409 6433 6408 
3 6450 6437 6411 
3 6425 6451 6417 
3 6421 6446 6390 
3 6393 6448 6436 
3 6452 6422 6438 
3 6423 6441 6453 
3 6439 6454 6432 
3 6432 6454 6412 
3 6429 6455 6427 
3 6447 6430 6415 
3 6436 6456 6434 
3 6448 6428 6449 
3 6457 6426 6418 
3 6453 6439 6423 
3 6420 6434 6458 
3 6422 6452 6416 
3 6406 6446 6459 
3 6435 6406 6460 
3 6458 6447 6420 
3 6421 6440 6461 
3 6426 6462 6438 
3 6457 6418 6443 
3 6435 6453 6441 
3 6412 6463 6443 
3 6455 6429 6408 
3 6450 6411 6430 
3 6464 6446 6421 
3 6465 6431 6424 
3 6459 6460 6406 
3 6408 6466 6455 
3 6414 6444 6424 
3 6442 6467 6425 
3 6413 6468 6445 
3 6408 6469 6466 
3 6413 6417 6468 
3 6461 6464 6421 
3 6470 6443 6463 
3 6412 6454 6463 
3 6444 6471 6424 
3 6450 6430 6472 
3 6456 6436 6448 
3 6469 6408 6433 
3 6471 6465 6424 
3 6473 6430 6447 
3 6458 6473 6447 
3 6474 6434 6456 
3 6417 6451 6468 
3 6445 6461 6440 
3 6416 6475 6449 
3 6470 6457 6443 
3 6444 6427 6476 
3 6467 6442 6431 
3 6462 6452 6438 
3 6457 6462 6426 
3 6465 6477 6431 
3 6430 6473 6472 
3 6416 6452 6475 
3 6451 6425 6478 
3 6458 6434 6474 
3 6479 6454 6439 
3 6463 6454 6480 
3 6481 6433 6437 
3 6437 6450 6481 
3 6477 6467 6431 
3 6478 6425 6467 
3 6460 6459 6482 
3 6479 6480 6454 
3 6427 6455 6476 
3 6483 6456 6448 
3 6446 6464 6484 
3 6433 6485 6469 
3 6476 6486 6471 
3 6476 6471 6444 
3 6487 6465 6471 
3 6472 6488 6450 
3 6479 6439 6453 
3 6449 6489 6448 
3 6459 6446 6484 
3 6435 6460 6490 
3 6473 6488 6472 
3 6456 6483 6474 
3 6461 6445 6491 
3 6452 6492 6475 
3 6452 6462 6492 
3 6490 6460 6482 
3 6480 6470 6463 
3 6493 6476 6455 
3 6473 6458 6494 
3 6484 6482 6459 
3 6453 6435 6490 
3 6495 6455 6466 
3 6496 6466 6469 
3 6461 6497 6464 
3 6481 6485 6433 
3 6487 6477 6465 
3 6473 6498 6488 
3 6453 6490 6499 
3 6500 6479 6453 
3 6473 6494 6498 
3 6494 6458 6474 
3 6445 6468 6501 
3 6449 6475 6489 
3 6495 6466 6496 
3 6502 6450 6488 
3 6462 6457 6503 
3 6504 6485 6481 
3 6478 6505 6451 
3 6506 6494 6474 
3 6507 6448 6489 
3 6470 6480 6508 
3 6481 6450 6502 
3 6451 6501 6468 
3 6501 6491 6445 
3 6491 6497 6461 
3 6496 6469 6485 
3 6499 6500 6453 
3 6504 6481 6502 
3 6471 6486 6487 
3 6462 6503 6492 
3 6474 6483 6506 
3 6448 6507 6483 
3 6497 6509 6464 
3 6509 6484 6464 
3 6457 6470 6510 
3 6495 6493 6455 
3 6505 6501 6451 
3 6479 6511 6480 
3 6510 6470 6512 
3 6477 6487 6513 
3 6488 6498 6514 
3 6515 6475 6492 
3 6503 6457 6510 
3 6494 6516 6498 
3 6505 6478 6517 
3 6516 6494 6506 
3 6515 6489 6475 
3 6467 6518 6478 
3 6483 6507 6506 
3 6482 6484 6519 
3 6512 6470 6508 
3 6511 6508 6480 
3 6520 6493 6495 
3 6485 6521 6496 
3 6476 6522 6486 
3 6486 6513 6487 
3 6502 6488 6523 
3 6488 6514 6523 
3 6489 6515 6507 
3 6509 6519 6484 
3 6502 6524 6504 
3 6525 6511 6479 
3 6518 6517 6478 
3 6526 6497 6491 
3 6493 6520 6476 
3 6467 6477 6513 
3 6476 6520 6527 
3 6504 6521 6485 
3 6517 6528 6505 
3 6526 6509 6497 
3 6503 6529 6492 
3 6519 6530 6482 
3 6482 6531 6490 
3 6500 6525 6479 
3 6522 6476 6527 
3 6502 6523 6524 
3 6467 6513 6532 
3 6501 6505 6528 
3 6533 6491 6501 
3 6530 6531 6482 
3 6531 6499 6490 
3 6500 6499 6534 
3 6492 6529 6515 
3 6486 6522 6513 
3 6519 6509 6535 
3 6503 6510 6536 
3 6507 6537 6506 
3 6512 6536 6510 
3 6512 6508 6538 
3 6539 6500 6534 
3 6525 6500 6539 
3 6504 6540 6521 
3 6513 6522 6541 
3 6532 6518 6467 
3 6516 6514 6498 
3 6542 6516 6506 
3 6529 6503 6543 
3 6532 6513 6544 
3 6506 6545 6542 
3 6537 6545 6506 
3 6546 6491 6533 
3 6546 6526 6491 
3 6515 6547 6507 
3 6538 6508 6511 
3 6543 6503 6536 
3 6516 6548 6514 
3 6501 6528 6549 
3 6522 6527 6550 
3 6522 6550 6541 
3 6504 6524 6540 
3 6551 6524 6523 
3 6537 6507 6547 
3 6536 6512 6538 
3 6531 6534 6499 
3 6552 6496 6521 
3 6515 6553 6547 
3 6515 6529 6553 
3 6554 6523 6514 
3 6555 6535 6509 
3 6550 6527 6520 
3 6551 6540 6524 
3 6542 6548 6516 
3 6501 6549 6533 
3 6555 6526 6546 
3 6535 6556 6519 
3 6557 6534 6531 
3 6538 6511 6558 
3 6511 6525 6539 
3 6559 6496 6552 
3 6544 6513 6541 
3 6526 6555 6509 
3 6530 6519 6556 
3 6558 6511 6560 
3 6561 6520 6495 
3 6544 6562 6532 
3 6531 6530 6563 
3 6557 6531 6563 
3 6496 6559 6495 
3 6495 6564 6561 
3 6548 6554 6514 
3 6517 6565 6528 
3 6523 6566 6551 
3 6567 6537 6547 
3 6538 6568 6536 
3 6511 6539 6560 
3 6495 6559 6564 
3 6521 6569 6552 
3 6518 6532 6562 
3 6545 6537 6570 
3 6571 6553 6529 
3 6520 6572 6550 
3 6550 6573 6541 
3 6521 6540 6569 
3 6544 6541 6573 
3 6517 6518 6574 
3 6537 6567 6570 
3 6571 6529 6543 
3 6549 6528 6565 
3 6543 6536 6568 
3 6544 6575 6562 
3 6523 6554 6566 
3 6554 6548 6576 
3 6533 6549 6577 
3 6556 6563 6530 
3 6552 6578 6559 
3 6572 6520 6561 
3 6552 6569 6578 
3 6574 6565 6517 
3 6579 6539 6534 
3 6518 6562 6580 
3 6576 6548 6542 
3 6577 6546 6533 
3 6557 6563 6581 
3 6560 6539 6582 
3 6580 6574 6518 
3 6565 6583 6549 
3 6570 6542 6545 
3 6555 6546 6584 
3 6563 6556 6581 
3 6558 6585 6538 
3 6586 6564 6559 
3 6587 6561 6564 
3 6553 6588 6547 
3 6555 6589 6535 
3 6556 6535 6590 
3 6572 6561 6587 
3 6569 6591 6578 
3 6591 6569 6540 
3 6547 6588 6567 
3 6553 6571 6592 
3 6557 6579 6534 
3 6539 6579 6582 
3 6593 6573 6550 
3 6546 6577 6584 
3 6588 6553 6592 
3 6594 6589 6555 
3 6581 6556 6595 
3 6568 6538 6585 
3 6587 6564 6586 
3 6542 6570 6596 
3 6570 6567 6597 
3 6543 6598 6571 
3 6568 6599 6543 
3 6582 6600 6560 
3 6601 6544 6573 
3 6601 6575 6544 
3 6558 6560 6600 
3 6602 6572 6587 
3 6603 6551 6566 
3 6603 6566 6554 
3 6550 6572 6602 
3 6590 6595 6556 
3 6542 6596 6576 
3 6592 6604 6588 
3 6592 6571 6598 
3 6598 6543 6599 
3 6581 6579 6557 
3 6575 6580 6562 
3 6574 6605 6565 
3 6606 6596 6570 
3 6567 6588 6597 
3 6579 6581 6607 
3 6580 6605 6574 
3 6570 6597 6606 
3 6589 6590 6535 
3 6599 6568 6585 
3 6559 6608 6586 
3 6608 6559 6578 
3 6608 6578 6591 
3 6593 6601 6573 
3 6565 6605 6609 
3 6584 6594 6555 
3 6585 6558 6610 
3 6611 6602 6587 
3 6591 6540 6612 
3 6613 6554 6576 
3 6594 6590 6589 
3 6612 6608 6591 
3 6593 6550 6602 
3 6580 6575 6614 
3 6583 6565 6609 
3 6583 6615 6549 
3 6592 6598 6604 
3 6581 6595 6607 
3 6611 6593 6602 
3 6597 6616 6606 
3 6540 6551 6617 
3 6618 6576 6596 
3 6609 6619 6583 
3 6577 6549 6615 
3 6579 6620 6582 
3 6582 6621 6600 
3 6619 6615 6583 
3 6598 6599 6622 
3 6590 6623 6595 
3 6606 6624 6596 
3 6594 6584 6625 
3 6576 6618 6613 
3 6585 6622 6599 
3 6623 6607 6595 
3 6610 6626 6585 
3 6610 6558 6627 
3 6628 6593 6611 
3 6617 6551 6603 
3 6613 6629 6554 
3 6605 6580 6630 
3 6586 6631 6587 
3 6586 6608 6631 
3 6580 6614 6630 
3 6584 6577 6625 
3 6588 6632 6597 
3 6594 6633 6590 
3 6600 6627 6558 
3 6601 6593 6634 
3 6629 6603 6554 
3 6615 6625 6577 
3 6623 6635 6607 
3 6622 6585 6626 
3 6596 6624 6618 
3 6632 6588 6604 
3 6636 6623 6590 
3 6637 6579 6607 
3 6626 6610 6627 
3 6638 6639 6601 
3 6640 6617 6603 
3 6639 6575 6601 
3 6637 6607 6635 
3 6628 6634 6593 
3 6540 6617 6612 
3 6600 6621 6627 
3 6641 6624 6606 
3 6598 6622 6642 
3 6620 6579 6637 
3 6620 6621 6582 
3 6608 6643 6631 
3 6638 6601 6634 
3 6619 6609 6644 
3 6594 6625 6633 
3 6645 6587 6631 
3 6616 6597 6632 
3 6615 6619 6644 
3 6608 6612 6643 
3 6614 6575 6639 
3 6641 6606 6616 
3 6631 6643 6645 
3 6625 6615 6646 
3 6642 6604 6598 
3 6612 6647 6643 
3 6629 6640 6603 
3 6630 6614 6648 
3 6609 6605 6630 
3 6649 6611 6587 
3 6611 6649 6628 
3 6650 6612 6617 
3 6646 6615 6644 
3 6633 6636 6590 
3 6636 6635 6623 
3 6627 6621 6651 
3 6652 6629 6613 
3 6644 6609 6653 
3 6632 6654 6616 
3 6632 6604 6654 
3 6620 6655 6621 
3 6656 6587 6645 
3 6657 6645 6643 
3 6612 6650 6647 
3 6639 6648 6614 
3 6638 6634 6658 
3 6659 6617 6640 
3 6613 6618 6652 
3 6604 6642 6660 
3 6661 6640 6629 
3 6651 6621 6655 
3 6662 6618 6624 
3 6637 6663 6620 
3 6650 6617 6659 
3 6658 6639 6638 
3 6664 6642 6622 
3 6626 6627 6665 
3 6656 6649 6587 
3 6609 6630 6666 
3 6653 6609 6666 
3 6636 6633 6667 
3 6637 6635 6668 
3 6655 6620 6663 
3 6634 6628 6658 
3 6662 6624 6641 
3 6625 6669 6633 
3 6664 6670 6642 
3 6664 6622 6671 
3 6626 6671 6622 
3 6668 6663 6637 
3 6625 6646 6669 
3 6669 6672 6633 
3 6654 6604 6660 
3 6642 6670 6660 
3 6667 6635 6636 
3 6649 6673 6628 
3 6662 6652 6618 
3 6673 6649 6656 
3 6648 6666 6630 
3 6646 6644 6674 
3 6670 6664 6671 
3 6626 6665 6675 
3 6627 6651 6676 
3 6648 6639 6677 
3 6646 6678 6669 
3 6672 6667 6633 
3 6629 6652 6661 
3 6674 6644 6653 
3 6676 6665 6627 
3 6679 6640 6661 
3 6679 6659 6640 
3 6641 6616 6680 
3 6671 6626 6675 
3 6645 6657 6656 
3 6639 6658 6681 
3 6668 6682 6663 
3 6650 6659 6683 
3 6684 6662 6641 
3 6678 6646 6674 
3 6657 6643 6647 
3 6652 6685 6661 
3 6686 6668 6635 
3 6665 6676 6687 
3 6658 6628 6688 
3 6650 6683 6647 
3 6635 6667 6686 
3 6651 6655 6689 
3 6648 6690 6666 
3 6653 6666 6690 
3 6654 6691 6616 
3 6654 6660 6691 
3 6675 6665 6687 
3 6688 6628 6673 
3 6671 6692 6670 
3 6655 6663 6689 
3 6653 6690 6693 
3 6641 6680 6684 
3 6677 6639 6681 
3 6652 6694 6685 
3 6616 6695 6680 
3 6686 6667 6696 
3 6668 6686 6697 
3 6676 6651 6698 
3 6688 6699 6658 
3 6681 6700 6677 
3 6674 6653 6693 
3 6682 6689 6663 
3 6690 6648 6701 
3 6694 6652 6702 
3 6652 6662 6702 
3 6675 6692 6671 
3 6676 6698 6687 
3 6651 6689 6703 
3 6657 6647 6704 
3 6705 6679 6661 
3 6648 6677 6701 
3 6684 6706 6662 
3 6678 6674 6707 
3 6678 6708 6669 
3 6647 6683 6709 
3 6659 6679 6683 
3 6695 6710 6680 
3 6616 6691 6695 
3 6703 6698 6651 
3 6647 6709 6704 
3 6705 6711 6679 
3 6680 6706 6684 
3 6712 6660 6670 
3 6672 6713 6667 
3 6699 6681 6658 
3 6706 6702 6662 
3 6693 6707 6674 
3 6713 6696 6667 
3 6692 6675 6714 
3 6705 6661 6711 
3 6700 6701 6677 
3 6672 6669 6708 
3 6708 6715 6672 
3 6716 6686 6696 
3 6682 6668 6697 
3 6717 6656 6657 
3 6717 6657 6704 
3 6700 6681 6718 
3 6661 6685 6711 
3 6708 6678 6707 
3 6715 6713 6672 
3 6703 6689 6719 
3 6683 6720 6709 
3 6693 6690 6701 
3 6709 6721 6704 
3 6694 6722 6685 
3 6723 6695 6691 
3 6660 6712 6691 
3 6709 6724 6721 
3 6679 6720 6683 
3 6707 6693 6725 
3 6726 6702 6706 
3 6723 6680 6710 
3 6716 6727 6686 
3 6697 6686 6727 
3 6675 6687 6728 
3 6729 6699 6688 
3 6730 6704 6721 
3 6720 6724 6709 
3 6711 6731 6679 
3 6695 6723 6710 
3 6713 6716 6696 
3 6714 6675 6728 
3 6682 6697 6732 
3 6704 6730 6733 
3 6685 6722 6711 
3 6722 6694 6702 
3 6691 6734 6723 
3 6735 6689 6682 
3 6721 6736 6730 
3 6737 6736 6721 
3 6721 6738 6737 
3 6721 6724 6738 
3 6739 6724 6720 
3 6679 6731 6720 
3 6725 6693 6740 
3 6741 6706 6680 
3 6742 6712 6670 
3 6703 6743 6698 
3 6729 6688 6673 
3 6736 6737 6738 
3 6738 6739 6736 
3 6739 6738 6724 
3 6681 6699 6718 
3 6701 6740 6693 
3 6741 6680 6723 
3 6732 6735 6682 
3 6744 6656 6717 
3 6736 6739 6730 
3 6719 6743 6703 
3 6734 6691 6712 
3 6692 6714 6745 
3 6728 6746 6714 
3 6687 6698 6728 
3 6692 6747 6670 
3 6746 6745 6714 
3 6656 6744 6673 
3 6742 6670 6747 
3 6718 6748 6700 
3 6713 6749 6716 
3 6750 6732 6697 
3 6673 6751 6729 
3 6704 6733 6717 
3 6727 6716 6749 
3 6717 6752 6744 
3 6733 6730 6739 
3 6753 6720 6731 
3 6722 6731 6711 
3 6722 6702 6726 
3 6754 6713 6715 
3 6749 6713 6754 
3 6719 6689 6735 
3 6673 6744 6751 
3 6717 6733 6752 
3 6739 6755 6733 
3 6741 6723 6756 
3 6756 6723 6734 
3 6712 6757 6734 
3 6757 6712 6742 
3 6749 6758 6727 
3 6729 6759 6699 
3 6725 6760 6707 
3 6745 6747 6692 
3 6697 6727 6750 
3 6739 6720 6755 
3 6701 6761 6740 
3 6760 6708 6707 
3 6698 6743 6762 
3 6699 6759 6718 
3 6700 6763 6701 
3 6708 6764 6715 
3 6758 6750 6727 
3 6762 6728 6698 
3 6735 6732 6765 
3 6719 6762 6743 
3 6759 6766 6718 
3 6746 6767 6745 
3 6751 6768 6729 
3 6748 6718 6766 
3 6740 6769 6725 
3 6754 6758 6749 
3 6761 6769 6740 
3 6762 6719 6770 
3 6706 6771 6772 
3 6771 6706 6741 
3 6734 6757 6773 
3 6746 6728 6774 
3 6765 6775 6735 
3 6735 6770 6719 
3 6776 6729 6768 
3 6752 6733 6777 
3 6778 6731 6722 
3 6779 6722 6726 
3 6725 6769 6780 
3 6745 6767 6747 
3 6770 6735 6775 
3 6726 6772 6781 
3 6726 6706 6772 
3 6764 6782 6715 
3 6720 6753 6755 
3 6763 6700 6748 
3 6765 6732 6750 
3 6776 6783 6729 
3 6731 6778 6753 
3 6779 6778 6722 
3 6726 6781 6779 
3 6771 6741 6756 
3 6782 6754 6715 
3 6750 6784 6765 
3 6785 6751 6744 
3 6759 6729 6783 
3 6725 6786 6760 
3 6734 6773 6756 
3 6762 6774 6728 
3 6775 6765 6784 
3 6770 6775 6787 
3 6777 6744 6752 
3 6757 6788 6773 
3 6774 6767 6746 
3 6758 6789 6750 
3 6733 6755 6777 
3 6780 6786 6725 
3 6766 6759 6783 
3 6790 6753 6778 
3 6761 6791 6769 
3 6788 6742 6747 
3 6787 6775 6784 
3 6762 6770 6792 
3 6751 6785 6768 
3 6766 6793 6748 
3 6780 6769 6791 
3 6760 6794 6708 
3 6795 6747 6767 
3 6753 6790 6755 
3 6748 6793 6796 
3 6761 6701 6763 
3 6742 6788 6757 
3 6789 6758 6754 
3 6786 6794 6760 
3 6773 6788 6797 
3 6798 6789 6754 
3 6792 6770 6787 
3 6799 6776 6768 
3 6777 6800 6744 
3 6755 6800 6777 
3 6763 6748 6796 
3 6761 6763 6801 
3 6802 6781 6772 
3 6764 6708 6794 
3 6774 6803 6767 
3 6804 6784 6750 
3 6762 6792 6805 
3 6791 6761 6801 
3 6806 6780 6791 
3 6804 6787 6784 
3 6807 6774 6762 
3 6755 6790 6808 
3 6806 6786 6780 
3 6809 6771 6756 
3 6785 6810 6811 
3 6810 6785 6744 
3 6766 6783 6812 
3 6756 6773 6809 
3 6795 6788 6747 
3 6792 6787 6805 
3 6811 6768 6785 
3 6810 6744 6800 
3 6805 6813 6762 
3 6808 6800 6755 
3 6796 6801 6763 
3 6814 6795 6767 
3 6789 6815 6750 
3 6816 6804 6750 
3 6813 6807 6762 
3 6790 6778 6817 
3 6791 6801 6818 
3 6802 6779 6781 
3 6794 6819 6764 
3 6782 6764 6819 
3 6782 6798 6754 
3 6787 6804 6820 
3 6776 6799 6783 
3 6793 6766 6812 
3 6821 6795 6814 
3 6789 6798 6815 
3 6815 6822 6750 
3 6807 6823 6774 
3 6787 6820 6824 
3 6795 6821 6788 
3 6779 6817 6778 
3 6779 6825 6817 
3 6771 6809 6772 
3 6822 6816 6750 
3 6805 6787 6824 
3 6811 6826 6768 
3 6827 6783 6799 
3 6796 6828 6801 
3 6788 6821 6797 
3 6829 6798 6782 
3 6826 6811 6810 
3 6830 6796 6793 
3 6801 6828 6831 
3 6825 6779 6802 
3 6819 6794 6832 
3 6782 6819 6829 
3 6820 6804 6816 
3 6805 6824 6833 
3 6826 6799 6768 
3 6827 6812 6783 
3 6834 6802 6772 
3 6803 6814 6767 
3 6824 6820 6833 
3 6813 6823 6807 
3 6806 6835 6786 
3 6794 6786 6835 
3 6834 6772 6809 
3 6836 6809 6773 
3 6832 6837 6819 
3 6823 6813 6838 
3 6817 6839 6790 
3 6802 6840 6825 
3 6774 6841 6803 
3 6831 6818 6801 
3 6773 6797 6836 
3 6819 6837 6829 
3 6829 6842 6798 
3 6843 6822 6815 
3 6813 6805 6844 
3 6820 6845 6833 
3 6828 6796 6830 
3 6809 6846 6834 
3 6835 6832 6794 
3 6797 6847 6836 
3 6821 6848 6797 
3 6800 6849 6810 
3 6830 6831 6828 
3 6841 6774 6823 
3 6805 6833 6845 
3 6826 6810 6850 
3 6812 6851 6793 
3 6818 6852 6791 
3 6806 6791 6852 
3 6815 6798 6843 
3 6844 6853 6813 
3 6853 6838 6813 
3 6854 6817 6825 
3 6835 6806 6852 
3 6809 6836 6846 
3 6842 6843 6798 
3 6843 6816 6822 
3 6830 6793 6851 
3 6802 6834 6840 
3 6845 6844 6805 
3 6800 6808 6849 
3 6855 6842 6829 
3 6856 6841 6823 
3 6826 6850 6857 
3 6858 6810 6849 
3 6835 6859 6832 
3 6814 6803 6841 
3 6845 6820 6860 
3 6854 6839 6817 
3 6818 6831 6861 
3 6848 6847 6797 
3 6820 6816 6860 
3 6850 6810 6858 
3 6862 6799 6826 
3 6843 6863 6816 
3 6799 6862 6827 
3 6852 6818 6864 
3 6841 6865 6814 
3 6823 6838 6866 
3 6867 6812 6827 
3 6868 6834 6846 
3 6837 6869 6829 
3 6790 6839 6808 
3 6851 6870 6830 
3 6830 6861 6831 
3 6868 6840 6834 
3 6821 6871 6848 
3 6866 6856 6823 
3 6860 6816 6863 
3 6853 6866 6838 
3 6826 6857 6862 
3 6851 6812 6867 
3 6836 6847 6846 
3 6821 6865 6871 
3 6865 6821 6814 
3 6855 6872 6842 
3 6844 6845 6873 
3 6861 6864 6818 
3 6835 6852 6874 
3 6875 6868 6846 
3 6860 6863 6876 
3 6860 6873 6845 
3 6808 6877 6849 
3 6840 6868 6878 
3 6837 6832 6879 
3 6840 6880 6825 
3 6859 6835 6874 
3 6862 6867 6827 
3 6846 6881 6875 
3 6847 6882 6846 
3 6855 6829 6869 
3 6877 6808 6839 
3 6870 6861 6830 
3 6859 6879 6832 
3 6869 6837 6879 
3 6863 6843 6883 
3 6825 6880 6854 
3 6855 6869 6884 
3 6842 6872 6843 
3 6872 6885 6843 
3 6856 6886 6841 
3 6886 6856 6866 
3 6873 6860 6887 
3 6873 6888 6844 
3 6884 6872 6855 
3 6853 6844 6888 
3 6846 6882 6881 
3 6876 6887 6860 
3 6889 6850 6858 
3 6877 6890 6891 
3 6869 6879 6884 
3 6865 6892 6871 
3 6877 6891 6849 
3 6868 6875 6878 
3 6874 6893 6859 
3 6847 6848 6882 
3 6894 6865 6841 
3 6886 6866 6895 
3 6866 6853 6895 
3 6850 6889 6857 
3 6896 6839 6854 
3 6878 6880 6840 
3 6874 6852 6897 
3 6863 6883 6898 
3 6862 6857 6899 
3 6849 6891 6858 
3 6890 6877 6839 
3 6864 6897 6852 
3 6888 6895 6853 
3 6839 6900 6890 
3 6859 6893 6879 
3 6841 6886 6894 
3 6885 6883 6843 
3 6898 6876 6863 
3 6867 6901 6851 
3 6851 6901 6870 
3 6902 6893 6874 
3 6873 6903 6888 
3 6857 6889 6904 
3 6891 6905 6858 
3 6893 6906 6879 
3 6884 6879 6906 
3 6907 6882 6848 
3 6907 6848 6871 
3 6895 6894 6886 
3 6898 6883 6908 
3 6898 6909 6876 
3 6899 6857 6910 
3 6896 6854 6880 
3 6861 6897 6864 
3 6897 6902 6874 
3 6884 6911 6872 
3 6876 6912 6887 
3 6873 6887 6912 
3 6889 6858 6905 
3 6900 6839 6896 
3 6913 6896 6880 
3 6861 6914 6897 
3 6915 6880 6878 
3 6865 6894 6892 
3 6916 6885 6872 
3 6912 6903 6873 
3 6904 6910 6857 
3 6862 6917 6867 
3 6915 6878 6875 
3 6875 6881 6918 
3 6883 6885 6908 
3 6919 6912 6876 
3 6917 6862 6899 
3 6906 6893 6920 
3 6903 6921 6888 
3 6894 6895 6922 
3 6909 6919 6876 
3 6867 6923 6901 
3 6924 6900 6896 
3 6861 6870 6901 
3 6918 6881 6882 
3 6925 6899 6910 
3 6902 6897 6926 
3 6871 6892 6927 
3 6928 6891 6890 
3 6875 6929 6915 
3 6871 6927 6907 
3 6916 6872 6911 
3 6888 6930 6895 
3 6919 6909 6931 
3 6932 6896 6913 
3 6880 6915 6913 
3 6926 6897 6914 
3 6893 6902 6933 
3 6916 6908 6885 
3 6903 6912 6934 
3 6935 6904 6889 
3 6936 6914 6861 
3 6926 6933 6902 
3 6875 6918 6929 
3 6884 6906 6911 
3 6899 6925 6917 
3 6917 6923 6867 
3 6896 6932 6924 
3 6901 6936 6861 
3 6905 6935 6889 
3 6923 6917 6937 
3 6892 6894 6938 
3 6939 6922 6895 
3 6919 6940 6912 
3 6934 6912 6941 
3 6890 6942 6943 
3 6942 6890 6900 
3 6944 6907 6927 
3 6908 6909 6898 
3 6941 6945 6934 
3 6934 6921 6903 
3 6946 6910 6904 
3 6910 6946 6947 
3 6948 6936 6901 
3 6922 6938 6894 
3 6921 6930 6888 
3 6931 6949 6919 
3 6950 6951 6912 
3 6941 6912 6951 
3 6951 6952 6941 
3 6945 6941 6952 
3 6945 6952 6934 
3 6953 6891 6928 
3 6944 6882 6907 
3 6930 6939 6895 
3 6949 6954 6919 
3 6955 6919 6954 
3 6940 6919 6956 
3 6940 6957 6912 
3 6957 6950 6912 
3 6952 6951 6950 
3 6921 6934 6958 
3 6928 6890 6943 
3 6924 6942 6900 
3 6959 6918 6882 
3 6921 6960 6930 
3 6954 6949 6961 
3 6955 6956 6919 
3 6956 6962 6940 
3 6957 6940 6962 
3 6950 6957 6962 
3 6958 6934 6952 
3 6904 6935 6946 
3 6953 6935 6905 
3 6953 6905 6891 
3 6943 6942 6924 
3 6901 6923 6948 
3 6963 6932 6913 
3 6964 6920 6893 
3 6949 6965 6961 
3 6954 6961 6965 
3 6965 6955 6954 
3 6952 6950 6966 
3 6952 6967 6958 
3 6925 6910 6947 
3 6968 6915 6929 
3 6968 6929 6918 
3 6920 6969 6906 
3 6911 6906 6969 
3 6965 6949 6931 
3 6955 6962 6956 
3 6966 6950 6962 
3 6966 6970 6952 
3 6970 6971 6952 
3 6971 6972 6952 
3 6967 6952 6972 
3 6972 6958 6967 
3 6921 6958 6960 
3 6925 6973 6917 
3 6913 6915 6963 
3 6882 6944 6959 
3 6892 6974 6927 
3 6938 6922 6975 
3 6931 6976 6965 
3 6976 6977 6965 
3 6955 6965 6977 
3 6962 6955 6977 
3 6962 6971 6966 
3 6970 6966 6971 
3 6972 6971 6960 
3 6933 6964 6893 
3 6976 6931 6978 
3 6977 6976 6978 
3 6971 6962 6979 
3 6958 6972 6960 
3 6935 6980 6946 
3 6981 6909 6908 
3 6978 6982 6977 
3 6982 6983 6977 
3 6962 6977 6984 
3 6926 6914 6985 
3 6986 6987 6911 
3 6916 6911 6987 
3 6975 6988 6938 
3 6939 6975 6922 
3 6931 6989 6978 
3 6989 6990 6978 
3 6982 6978 6990 
3 6982 6990 6983 
3 6977 6983 6990 
3 6984 6977 6990 
3 6990 6991 6984 
3 6962 6984 6991 
3 6917 6973 6937 
3 6985 6914 6936 
3 6963 6915 6992 
3 6992 6915 6968 
3 6969 6920 6964 
3 6988 6892 6938 
3 6939 6930 6993 
3 6989 6931 6994 
3 6990 6989 6994 
3 6980 6947 6946 
3 6995 6974 6892 
3 6960 6996 6930 
3 6993 6930 6996 
3 6960 6971 6997 
3 6948 6923 6998 
3 6926 6999 6933 
3 6916 7000 6908 
3 6939 6993 7001 
3 6991 6979 6962 
3 6979 6997 6971 
3 6923 6937 6998 
3 6994 7002 6990 
3 6991 6990 7002 
3 7002 6979 6991 
3 6997 7003 6960 
3 7003 7004 6960 
3 6998 6937 6973 
3 6943 6924 7005 
3 6964 6933 6999 
3 6927 7006 6944 
3 6911 6969 6986 
3 6916 6987 7000 
3 6931 6909 7007 
3 7003 6997 7008 
3 7004 7003 7008 
3 7004 7009 6960 
3 7009 6996 6960 
3 6924 6932 7010 
3 6985 6999 6926 
3 6975 6939 7001 
3 7007 6909 6981 
3 6994 6931 7007 
3 6997 6979 7008 
3 7009 7004 7008 
3 6943 7005 6928 
3 7006 6927 6974 
3 7007 7002 6994 
3 7008 6996 7009 
3 6924 7011 7005 
3 6964 7012 6969 
3 6935 7013 6980 
3 7014 6948 6998 
3 6944 7006 7015 
3 6995 6892 6988 
3 6924 7010 7011 
3 6918 6992 6968 
3 6918 7016 6992 
3 7017 6918 6959 
3 7015 6959 6944 
3 6986 6969 7012 
3 7000 6987 7018 
3 7007 7019 7002 
3 7002 7008 6979 
3 6932 7020 7010 
3 6932 6963 7020 
3 6918 7017 7016 
3 7018 6987 6986 
3 6981 6908 7000 
3 7021 6996 7008 
3 6947 6980 7022 
3 6947 7022 6925 
3 7023 6953 6928 
3 7001 7024 6975 
3 7007 6981 7025 
3 6996 7026 6993 
3 7027 7021 7008 
3 6974 7028 7006 
3 7000 7025 6981 
3 7029 6935 6953 
3 6928 7005 7023 
3 6936 7030 6985 
3 6999 6985 7031 
3 7021 7026 6996 
3 6935 7029 7013 
3 6973 7032 6998 
3 7016 7033 6992 
3 6995 7028 6974 
3 7034 7025 7000 
3 7029 6953 7023 
3 7028 6995 7035 
3 7000 7018 7034 
3 7001 6993 7026 
3 7008 7002 7019 
3 6998 7032 7014 
3 7030 6936 6948 
3 7036 6963 6992 
3 7035 6995 6988 
3 7037 7034 7018 
3 7038 7023 7005 
3 7010 7039 7011 
3 7014 7040 6948 
3 7030 6948 7040 
3 6975 7024 6988 
3 7024 7001 7041 
3 7027 7008 7019 
3 7037 7018 6986 
3 6980 7013 7042 
3 6980 7042 7022 
3 7033 7016 7017 
3 7024 7043 6988 
3 7022 7044 6925 
3 7036 7020 6963 
3 7005 7011 7038 
3 7033 7045 6992 
3 7046 6959 7015 
3 7025 7019 7007 
3 7022 7042 7044 
3 7043 7035 6988 
3 7032 7047 7014 
3 7030 7031 6985 
3 7026 7041 7001 
3 7044 6973 6925 
3 7010 7020 7039 
3 7045 7036 6992 
3 7048 6973 7044 
3 7032 6973 7048 
3 7011 7039 7038 
3 7047 7040 7014 
3 7019 7049 7027 
3 7023 7050 7029 
3 6999 7051 6964 
3 7052 7012 6964 
3 7043 7024 7053 
3 7054 7027 7055 
3 7021 7027 7054 
3 7013 7029 7042 
3 7020 7056 7039 
3 6986 7012 7057 
3 7057 7058 6986 
3 7037 6986 7058 
3 7052 7057 7012 
3 7034 7037 7059 
3 7049 7055 7027 
3 7021 7060 7026 
3 7054 7061 7021 
3 7031 7062 6999 
3 7063 7033 7017 
3 7064 7051 6999 
3 7052 6964 7051 
3 7015 7065 7046 
3 7028 7035 7066 
3 7025 7034 7059 
3 7067 7060 7021 
3 7061 7054 7055 
3 7061 7067 7021 
3 7023 7068 7050 
3 7068 7023 7038 
3 7048 7047 7032 
3 7036 7056 7020 
3 7033 7069 7045 
3 7065 7015 7006 
3 7065 7006 7028 
3 7055 7067 7061 
3 7070 7031 7030 
3 7062 7064 6999 
3 7028 7066 7065 
3 7053 7035 7043 
3 7071 7059 7037 
3 7067 7055 7072 
3 7025 7049 7019 
3 7073 7029 7050 
3 7039 7074 7038 
3 7046 7017 6959 
3 7060 7041 7026 
3 7075 7056 7036 
3 7017 7046 7063 
3 7049 7072 7055 
3 7047 7076 7040 
3 7040 7070 7030 
3 7077 7033 7063 
3 7071 7037 7058 
3 7024 7041 7078 
3 7029 7079 7042 
3 7080 7068 7038 
3 7047 7048 7081 
3 7039 7082 7074 
3 7059 7083 7025 
3 7049 7025 7084 
3 7085 7036 7045 
3 7033 7077 7069 
3 7053 7024 7078 
3 7080 7038 7074 
3 7062 7031 7086 
3 7085 7045 7069 
3 7046 7077 7063 
3 7078 7041 7060 
3 7072 7049 7087 
3 7044 7088 7048 
3 7039 7056 7082 
3 7076 7070 7040 
3 7035 7089 7066 
3 7051 7090 7052 
3 7052 7091 7057 
3 7071 7092 7059 
3 7049 7084 7087 
3 7042 7088 7044 
3 7081 7048 7093 
3 7076 7047 7081 
3 7070 7076 7094 
3 7035 7053 7089 
3 7092 7083 7059 
3 7079 7029 7073 
3 7064 7062 7095 
3 7096 7065 7066 
3 7097 7031 7070 
3 7086 7095 7062 
3 7064 7090 7051 
3 7058 7057 7091 
3 7083 7084 7025 
3 7050 7068 7073 
3 7081 7094 7076 
3 7036 7085 7075 
3 7098 7046 7065 
3 7058 7092 7071 
3 7094 7097 7070 
3 7097 7099 7031 
3 7095 7090 7064 
3 7077 7046 7098 
3 7100 7052 7090 
3 7101 7089 7053 
3 7067 7072 7102 
3 7083 7103 7084 
3 7099 7086 7031 
3 7089 7096 7066 
3 7078 7104 7105 
3 7078 7060 7104 
3 7087 7106 7072 
3 7103 7087 7084 
3 7053 7078 7105 
3 7107 7103 7083 
3 7108 7056 7075 
3 7065 7109 7098 
3 7109 7065 7096 
3 7053 7105 7101 
3 7102 7060 7067 
3 7088 7042 7110 
3 7074 7082 7080 
3 7108 7075 7085 
3 7106 7102 7072 
3 7081 7111 7094 
3 7083 7092 7107 
3 7112 7069 7077 
3 7100 7091 7052 
3 7091 7092 7058 
3 7113 7097 7094 
3 7069 7112 7085 
3 7068 7080 7114 
3 7048 7088 7093 
3 7085 7112 7115 
3 7095 7086 7116 
3 7079 7117 7042 
3 7117 7079 7073 
3 7118 7099 7097 
3 7119 7107 7092 
3 7060 7102 7120 
3 7103 7121 7087 
3 7042 7117 7110 
3 7114 7073 7068 
3 7082 7056 7122 
3 7113 7118 7097 
3 7085 7115 7108 
3 7123 7098 7109 
3 7092 7091 7124 
3 7060 7125 7104 
3 7126 7117 7073 
3 7126 7073 7114 
3 7127 7080 7082 
3 7111 7113 7094 
3 7118 7086 7099 
3 7100 7090 7128 
3 7129 7089 7101 
3 7056 7130 7122 
3 7109 7096 7123 
3 7089 7129 7096 
3 7105 7129 7101 
3 7093 7131 7081 
3 7056 7108 7132 
3 7091 7100 7133 
3 7125 7105 7104 
3 7120 7134 7060 
3 7135 7088 7110 
3 7080 7136 7114 
3 7137 7093 7088 
3 7136 7080 7127 
3 7082 7122 7127 
3 7131 7111 7081 
3 7095 7116 7138 
3 7095 7128 7090 
3 7106 7120 7102 
3 7121 7103 7139 
3 7132 7130 7056 
3 7140 7077 7098 
3 7141 7087 7121 
3 7142 7126 7114 
3 7131 7093 7137 
3 7143 7113 7111 
3 7116 7086 7144 
3 7077 7140 7112 
3 7128 7095 7138 
3 7140 7098 7123 
3 7123 7096 7145 
3 7106 7087 7141 
3 7103 7107 7146 
3 7146 7139 7103 
3 7117 7147 7110 
3 7148 7117 7126 
3 7143 7111 7131 
3 7100 7128 7133 
3 7129 7145 7096 
3 7060 7149 7125 
3 7141 7120 7106 
3 7150 7141 7121 
3 7118 7144 7086 
3 7124 7119 7092 
3 7134 7149 7060 
3 7121 7139 7151 
3 7150 7121 7151 
3 7147 7117 7148 
3 7126 7142 7152 
3 7130 7153 7154 
3 7112 7155 7115 
3 7124 7091 7133 
3 7122 7130 7154 
3 7155 7112 7140 
3 7107 7139 7146 
3 7110 7147 7135 
3 7115 7156 7108 
3 7153 7130 7132 
3 7108 7157 7132 
3 7158 7145 7129 
3 7105 7158 7129 
3 7149 7134 7159 
3 7120 7141 7160 
3 7105 7125 7161 
3 7120 7159 7134 
3 7126 7152 7148 
3 7088 7135 7162 
3 7137 7088 7162 
3 7108 7156 7157 
3 7116 7163 7138 
3 7140 7164 7165 
3 7138 7166 7128 
3 7167 7147 7148 
3 7118 7113 7168 
3 7116 7144 7163 
3 7165 7155 7140 
3 7164 7140 7123 
3 7125 7149 7169 
3 7150 7160 7141 
3 7154 7127 7122 
3 7170 7113 7143 
3 7170 7168 7113 
3 7168 7144 7118 
3 7151 7139 7171 
3 7139 7107 7172 
3 7133 7128 7166 
3 7161 7125 7173 
3 7149 7159 7169 
3 7171 7150 7151 
3 7174 7137 7162 
3 7153 7175 7154 
3 7175 7153 7132 
3 7176 7120 7160 
3 7177 7172 7107 
3 7166 7138 7178 
3 7107 7119 7177 
3 7179 7136 7127 
3 7175 7132 7157 
3 7115 7155 7156 
3 7163 7178 7138 
3 7161 7158 7105 
3 7180 7125 7169 
3 7150 7176 7160 
3 7139 7172 7171 
3 7167 7148 7152 
3 7131 7137 7174 
3 7124 7181 7119 
3 7180 7173 7125 
3 7147 7167 7135 
3 7182 7114 7136 
3 7183 7175 7157 
3 7133 7166 7184 
3 7185 7123 7145 
3 7186 7180 7169 
3 7171 7187 7150 
3 7135 7188 7162 
3 7124 7133 7184 
3 7171 7172 7177 
3 7114 7182 7142 
3 7182 7136 7179 
3 7189 7131 7190 
3 7143 7131 7189 
3 7123 7191 7164 
3 7169 7159 7186 
3 7192 7135 7167 
3 7168 7163 7144 
3 7165 7193 7155 
3 7119 7181 7194 
3 7159 7120 7195 
3 7187 7176 7150 
3 7192 7188 7135 
3 7196 7142 7182 
3 7179 7127 7154 
3 7170 7143 7189 
3 7197 7156 7155 
3 7185 7191 7123 
3 7173 7198 7161 
3 7195 7186 7159 
3 7194 7177 7119 
3 7199 7167 7152 
3 7157 7156 7183 
3 7200 7168 7170 
3 7173 7180 7198 
3 7188 7174 7162 
3 7145 7201 7185 
3 7201 7145 7158 
3 7176 7195 7120 
3 7199 7152 7142 
3 7175 7202 7154 
3 7203 7175 7183 
3 7177 7204 7171 
3 7131 7174 7205 
3 7164 7191 7165 
3 7184 7166 7206 
3 7154 7202 7179 
3 7190 7131 7205 
3 7175 7203 7202 
3 7183 7156 7197 
3 7155 7193 7197 
3 7181 7124 7184 
3 7171 7204 7207 
3 7163 7168 7200 
3 7161 7208 7158 
3 7209 7176 7187 
3 7210 7177 7194 
3 7170 7189 7200 
3 7211 7195 7176 
3 7207 7187 7171 
3 7212 7204 7177 
3 7165 7213 7193 
3 7178 7163 7214 
3 7191 7185 7215 
3 7194 7181 7216 
3 7216 7217 7194 
3 7217 7210 7194 
3 7209 7211 7176 
3 7207 7218 7187 
3 7219 7182 7179 
3 7163 7200 7220 
3 7181 7221 7216 
3 7216 7221 7222 
3 7222 7223 7216 
3 7223 7217 7216 
3 7217 7223 7222 
3 7222 7210 7217 
3 7198 7180 7186 
3 7207 7204 7224 
3 7212 7224 7204 
3 7142 7225 7199 
3 7219 7179 7202 
3 7197 7226 7183 
3 7206 7166 7227 
3 7185 7201 7215 
3 7158 7208 7201 
3 7221 7210 7222 
3 7228 7212 7177 
3 7167 7199 7229 
3 7225 7142 7196 
3 7205 7230 7190 
3 7214 7163 7220 
3 7167 7229 7231 
3 7230 7189 7190 
3 7213 7232 7193 
3 7165 7233 7213 
3 7233 7165 7191 
3 7227 7166 7178 
3 7234 7161 7198 
3 7198 7186 7235 
3 7195 7235 7186 
3 7224 7236 7207 
3 7167 7231 7192 
3 7196 7182 7219 
3 7237 7197 7193 
3 7193 7232 7238 
3 7177 7210 7228 
3 7239 7233 7191 
3 7234 7208 7161 
3 7221 7228 7210 
3 7218 7207 7236 
3 7199 7225 7240 
3 7219 7241 7196 
3 7241 7219 7202 
3 7237 7193 7238 
3 7213 7233 7232 
3 7227 7178 7242 
3 7181 7184 7243 
3 7188 7244 7174 
3 7206 7245 7184 
3 7209 7187 7218 
3 7236 7224 7246 
3 7244 7205 7174 
3 7247 7202 7203 
3 7197 7237 7248 
3 7243 7221 7181 
3 7224 7212 7246 
3 7196 7240 7225 
3 7244 7249 7205 
3 7226 7197 7248 
3 7178 7214 7242 
3 7208 7250 7201 
3 7209 7218 7251 
3 7230 7252 7189 
3 7232 7233 7239 
3 7246 7251 7236 
3 7253 7229 7199 
3 7199 7240 7253 
3 7227 7245 7206 
3 7243 7184 7245 
3 7211 7209 7254 
3 7202 7255 7241 
3 7183 7247 7203 
3 7200 7189 7252 
3 7256 7248 7237 
3 7237 7238 7256 
3 7242 7257 7227 
3 7211 7235 7195 
3 7212 7228 7258 
3 7231 7229 7253 
3 7259 7192 7231 
3 7192 7259 7188 
3 7196 7260 7240 
3 7183 7226 7247 
3 7191 7215 7239 
3 7227 7257 7245 
3 7218 7236 7251 
3 7246 7212 7258 
3 7188 7259 7261 
3 7255 7196 7241 
3 7234 7262 7208 
3 7243 7263 7221 
3 7254 7209 7251 
3 7258 7228 7264 
3 7246 7265 7251 
3 7255 7260 7196 
3 7230 7205 7249 
3 7252 7266 7200 
3 7220 7200 7266 
3 7220 7267 7214 
3 7267 7242 7214 
3 7208 7262 7250 
3 7254 7268 7211 
3 7261 7244 7188 
3 7226 7248 7256 
3 7263 7228 7221 
3 7235 7211 7268 
3 7258 7264 7246 
3 7239 7269 7232 
3 7264 7265 7246 
3 7202 7270 7255 
3 7270 7202 7247 
3 7249 7252 7230 
3 7245 7263 7243 
3 7235 7271 7198 
3 7251 7265 7272 
3 7273 7247 7226 
3 7256 7238 7232 
3 7250 7274 7201 
3 7234 7198 7275 
3 7260 7253 7240 
3 7268 7271 7235 
3 7276 7259 7231 
3 7232 7269 7256 
3 7267 7277 7242 
3 7201 7278 7215 
3 7279 7201 7274 
3 7262 7280 7250 
3 7250 7280 7274 
3 7263 7281 7228 
3 7264 7228 7281 
3 7259 7282 7261 
3 7257 7242 7277 
3 7239 7215 7278 
3 7278 7201 7279 
3 7274 7280 7279 
3 7265 7283 7272 
3 7282 7259 7276 
3 7249 7244 7284 
3 7285 7270 7247 
3 7249 7286 7252 
3 7287 7247 7273 
3 7288 7239 7278 
3 7285 7255 7270 
3 7268 7254 7289 
3 7254 7251 7289 
3 7266 7252 7290 
3 7291 7267 7220 
3 7271 7275 7198 
3 7272 7289 7251 
3 7265 7264 7283 
3 7253 7292 7231 
3 7275 7262 7234 
3 7231 7292 7276 
3 7226 7293 7273 
3 7266 7291 7220 
3 7262 7294 7280 
3 7293 7226 7256 
3 7277 7267 7295 
3 7245 7257 7296 
3 7297 7276 7292 
3 7298 7253 7260 
3 7299 7260 7255 
3 7279 7280 7294 
3 7263 7245 7300 
3 7301 7262 7275 
3 7271 7301 7275 
3 7284 7244 7261 
3 7295 7257 7277 
3 7260 7299 7302 
3 7303 7281 7263 
3 7272 7283 7304 
3 7253 7298 7292 
3 7290 7252 7286 
3 7256 7305 7293 
3 7269 7239 7288 
3 7295 7296 7257 
3 7283 7264 7306 
3 7260 7302 7298 
3 7307 7278 7279 
3 7282 7276 7297 
3 7256 7269 7305 
3 7267 7308 7295 
3 7296 7300 7245 
3 7272 7309 7289 
3 7284 7310 7249 
3 7285 7247 7287 
3 7290 7291 7266 
3 7285 7311 7255 
3 7268 7289 7312 
3 7283 7306 7304 
3 7298 7313 7292 
3 7314 7298 7302 
3 7293 7315 7273 
3 7304 7309 7272 
3 7297 7316 7282 
3 7314 7302 7299 
3 7287 7273 7317 
3 7267 7291 7308 
3 7318 7288 7278 
3 7307 7318 7278 
3 7307 7279 7294 
3 7317 7273 7315 
3 7315 7293 7305 
3 7319 7269 7288 
3 7294 7262 7320 
3 7264 7281 7321 
3 7322 7314 7299 
3 7284 7261 7323 
3 7255 7322 7299 
3 7306 7264 7324 
3 7313 7298 7314 
3 7255 7311 7322 
3 7325 7285 7287 
3 7300 7296 7326 
3 7321 7324 7264 
3 7327 7306 7324 
3 7286 7249 7310 
3 7290 7286 7328 
3 7329 7317 7315 
3 7326 7296 7295 
3 7330 7281 7303 
3 7312 7331 7271 
3 7271 7268 7312 
3 7289 7309 7332 
3 7297 7292 7313 
3 7316 7261 7282 
3 7304 7306 7327 
3 7325 7287 7317 
3 7281 7330 7321 
3 7333 7316 7297 
3 7291 7290 7334 
3 7335 7303 7263 
3 7262 7301 7320 
3 7289 7332 7312 
3 7324 7321 7336 
3 7336 7337 7324 
3 7310 7328 7286 
3 7291 7338 7308 
3 7319 7288 7318 
3 7327 7324 7337 
3 7316 7323 7261 
3 7291 7339 7338 
3 7300 7335 7263 
3 7327 7309 7304 
3 7337 7340 7327 
3 7314 7322 7341 
3 7323 7310 7284 
3 7342 7311 7285 
3 7334 7339 7291 
3 7320 7307 7294 
3 7301 7343 7320 
3 7301 7271 7344 
3 7336 7321 7330 
3 7325 7317 7329 
3 7345 7305 7269 
3 7308 7346 7295 
3 7347 7330 7303 
3 7305 7348 7315 
3 7326 7335 7300 
3 7331 7344 7271 
3 7333 7297 7313 
3 7349 7322 7311 
3 7342 7285 7325 
3 7269 7319 7345 
3 7309 7327 7340 
3 7313 7314 7341 
3 7290 7328 7350 
3 7334 7290 7350 
3 7338 7346 7308 
3 7326 7295 7346 
3 7351 7335 7326 
3 7320 7352 7307 
3 7303 7335 7347 
3 7312 7332 7353 
3 7348 7305 7345 
3 7354 7318 7307 
3 7340 7355 7309 
3 7337 7356 7340 
3 7357 7333 7313 
3 7316 7333 7358 
3 7307 7352 7359 
3 7309 7353 7332 
3 7357 7313 7341 
3 7349 7311 7342 
3 7343 7301 7344 
3 7341 7360 7357 
3 7361 7310 7323 
3 7337 7336 7362 
3 7316 7361 7323 
3 7363 7349 7342 
3 7328 7310 7364 
3 7307 7359 7354 
3 7326 7365 7351 
3 7366 7320 7343 
3 7347 7336 7330 
3 7356 7355 7340 
3 7337 7367 7356 
3 7341 7322 7368 
3 7322 7349 7368 
3 7338 7369 7346 
3 7319 7370 7345 
3 7318 7370 7319 
3 7318 7354 7370 
3 7346 7365 7326 
3 7352 7320 7366 
3 7336 7347 7362 
3 7362 7367 7337 
3 7371 7325 7329 
3 7372 7329 7315 
3 7367 7373 7356 
3 7316 7358 7374 
3 7374 7361 7316 
3 7309 7375 7353 
3 7341 7368 7376 
3 7377 7368 7349 
3 7342 7378 7363 
3 7364 7379 7328 
3 7347 7335 7380 
3 7355 7375 7309 
3 7356 7373 7381 
3 7381 7382 7356 
3 7360 7341 7376 
3 7342 7371 7378 
3 7325 7371 7342 
3 7339 7383 7338 
3 7331 7312 7384 
3 7355 7356 7382 
3 7380 7335 7351 
3 7331 7385 7344 
3 7312 7353 7384 
3 7382 7381 7373 
3 7333 7357 7386 
3 7361 7387 7310 
3 7343 7344 7388 
3 7389 7358 7333 
3 7389 7333 7386 
3 7364 7310 7387 
3 7372 7371 7329 
3 7315 7390 7372 
3 7354 7391 7370 
3 7331 7384 7385 
3 7367 7362 7392 
3 7373 7367 7392 
3 7379 7350 7328 
3 7390 7315 7348 
3 7393 7346 7369 
3 7388 7344 7385 
3 7392 7382 7373 
3 7394 7386 7357 
3 7394 7357 7360 
3 7377 7349 7363 
3 7395 7348 7345 
3 7352 7366 7396 
3 7384 7353 7397 
3 7339 7334 7350 
3 7348 7395 7390 
3 7369 7338 7383 
3 7380 7351 7398 
3 7362 7347 7399 
3 7382 7400 7355 
3 7401 7346 7393 
3 7365 7346 7401 
3 7391 7354 7359 
3 7396 7359 7352 
3 7343 7388 7402 
3 7380 7399 7347 
3 7385 7384 7403 
3 7355 7400 7375 
3 7362 7404 7392 
3 7361 7374 7405 
3 7363 7378 7406 
3 7365 7407 7351 
3 7408 7400 7382 
3 7389 7386 7394 
3 7374 7358 7409 
3 7377 7376 7368 
3 7371 7406 7378 
3 7350 7410 7339 
3 7353 7375 7411 
3 7392 7408 7382 
3 7404 7412 7392 
3 7387 7379 7364 
3 7383 7339 7410 
3 7343 7402 7366 
3 7403 7384 7397 
3 7362 7399 7404 
3 7412 7413 7392 
3 7405 7387 7361 
3 7387 7414 7379 
3 7401 7393 7415 
3 7388 7385 7403 
3 7397 7353 7411 
3 7409 7405 7374 
3 7363 7406 7377 
3 7393 7369 7416 
3 7398 7351 7407 
3 7417 7372 7390 
3 7418 7370 7391 
3 7408 7392 7413 
3 7350 7379 7419 
3 7410 7350 7419 
3 7370 7418 7345 
3 7365 7401 7415 
3 7396 7420 7359 
3 7388 7403 7421 
3 7412 7404 7422 
3 7358 7389 7409 
3 7372 7417 7371 
3 7395 7417 7390 
3 7410 7423 7383 
3 7383 7416 7369 
3 7413 7412 7422 
3 7360 7376 7394 
3 7359 7424 7391 
3 7425 7394 7376 
3 7377 7426 7376 
3 7427 7377 7406 
3 7345 7428 7395 
3 7416 7415 7393 
3 7365 7415 7407 
3 7399 7380 7429 
3 7430 7397 7411 
3 7400 7408 7431 
3 7414 7419 7379 
3 7345 7418 7428 
3 7359 7420 7424 
3 7429 7380 7398 
3 7375 7400 7431 
3 7408 7413 7432 
3 7383 7423 7416 
3 7433 7366 7402 
3 7402 7388 7434 
3 7421 7434 7388 
3 7432 7413 7422 
3 7435 7424 7420 
3 7431 7411 7375 
3 7432 7431 7408 
3 7426 7425 7376 
3 7426 7377 7427 
3 7436 7406 7371 
3 7394 7425 7389 
3 7371 7417 7437 
3 7396 7366 7433 
3 7403 7397 7438 
3 7439 7422 7404 
3 7440 7395 7428 
3 7430 7438 7397 
3 7399 7439 7404 
3 7405 7409 7441 
3 7410 7419 7423 
3 7420 7396 7435 
3 7411 7431 7430 
3 7439 7432 7422 
3 7395 7440 7417 
3 7409 7389 7441 
3 7414 7387 7442 
3 7436 7371 7437 
3 7439 7399 7443 
3 7396 7433 7435 
3 7443 7399 7429 
3 7444 7437 7417 
3 7433 7402 7434 
3 7421 7403 7445 
3 7446 7405 7441 
3 7405 7446 7387 
3 7447 7436 7437 
3 7415 7416 7448 
3 7449 7418 7391 
3 7403 7438 7445 
3 7450 7431 7432 
3 7442 7387 7446 
3 7391 7424 7449 
3 7398 7407 7451 
3 7439 7450 7432 
3 7447 7406 7436 
3 7418 7452 7428 
3 7407 7415 7448 
3 7430 7431 7453 
3 7454 7426 7427 
3 7455 7427 7406 
3 7456 7443 7429 
3 7425 7457 7389 
3 7458 7419 7414 
3 7423 7459 7416 
3 7460 7418 7449 
3 7429 7398 7456 
3 7426 7461 7425 
3 7462 7414 7442 
3 7434 7463 7433 
3 7464 7457 7425 
3 7427 7455 7454 
3 7452 7418 7460 
3 7430 7445 7438 
3 7439 7443 7465 
3 7450 7466 7431 
3 7454 7467 7426 
3 7468 7406 7447 
3 7456 7398 7469 
3 7470 7434 7421 
3 7441 7389 7457 
3 7426 7467 7461 
3 7454 7455 7467 
3 7447 7437 7471 
3 7437 7444 7471 
3 7458 7472 7419 
3 7419 7472 7423 
3 7473 7448 7416 
3 7424 7435 7474 
3 7435 7433 7475 
3 7406 7468 7455 
3 7407 7448 7451 
3 7474 7449 7424 
3 7470 7463 7434 
3 7476 7450 7439 
3 7458 7414 7462 
3 7477 7444 7417 
3 7451 7469 7398 
3 7453 7431 7466 
3 7478 7455 7468 
3 7440 7479 7417 
3 7428 7480 7440 
3 7480 7428 7452 
3 7475 7481 7435 
3 7445 7470 7421 
3 7482 7441 7457 
3 7476 7483 7450 
3 7464 7482 7457 
3 7484 7425 7461 
3 7448 7485 7451 
3 7486 7475 7433 
3 7465 7476 7439 
3 7467 7455 7461 
3 7417 7479 7477 
3 7486 7433 7463 
3 7462 7442 7487 
3 7487 7458 7462 
3 7488 7447 7471 
3 7472 7489 7423 
3 7489 7459 7423 
3 7440 7480 7479 
3 7459 7473 7416 
3 7469 7451 7490 
3 7491 7465 7443 
3 7459 7489 7492 
3 7448 7473 7493 
3 7485 7448 7493 
3 7485 7490 7451 
3 7456 7491 7443 
3 7476 7465 7494 
3 7495 7444 7477 
3 7459 7496 7473 
3 7435 7481 7474 
3 7497 7445 7430 
3 7483 7466 7450 
3 7483 7476 7498 
3 7499 7464 7425 
3 7499 7425 7484 
3 7488 7468 7447 
3 7471 7444 7495 
3 7495 7477 7479 
3 7456 7469 7500 
3 7501 7463 7470 
3 7430 7453 7497 
3 7502 7464 7499 
3 7441 7503 7446 
3 7446 7503 7442 
3 7480 7452 7460 
3 7501 7470 7445 
3 7472 7504 7489 
3 7505 7449 7474 
3 7456 7500 7491 
3 7506 7461 7455 
3 7466 7507 7453 
3 7466 7483 7498 
3 7482 7464 7502 
3 7506 7484 7461 
3 7503 7441 7508 
3 7509 7455 7478 
3 7505 7460 7449 
3 7490 7500 7469 
3 7508 7441 7482 
3 7468 7510 7478 
3 7486 7463 7511 
3 7512 7478 7510 
3 7471 7495 7488 
3 7485 7493 7513 
3 7514 7481 7475 
3 7500 7490 7515 
3 7497 7453 7507 
3 7484 7506 7499 
3 7509 7506 7455 
3 7510 7516 7512 
3 7468 7488 7510 
3 7487 7504 7458 
3 7492 7489 7504 
3 7492 7517 7459 
3 7496 7459 7517 
3 7499 7506 7518 
3 7519 7516 7510 
3 7510 7488 7519 
3 7472 7458 7504 
3 7493 7520 7513 
3 7520 7521 7513 
3 7521 7522 7513 
3 7485 7513 7522 
3 7523 7505 7474 
3 7524 7475 7486 
3 7499 7518 7502 
3 7473 7496 7525 
3 7522 7521 7520 
3 7490 7485 7526 
3 7514 7474 7481 
3 7527 7494 7465 
3 7476 7528 7498 
3 7509 7478 7512 
3 7516 7529 7512 
3 7516 7519 7529 
3 7530 7479 7480 
3 7531 7480 7460 
3 7493 7473 7525 
3 7520 7493 7525 
3 7522 7526 7485 
3 7524 7486 7511 
3 7528 7466 7498 
3 7512 7529 7519 
3 7495 7479 7530 
3 7522 7520 7525 
3 7525 7526 7522 
3 7490 7526 7515 
3 7514 7523 7474 
3 7460 7505 7532 
3 7500 7533 7491 
3 7507 7466 7528 
3 7494 7528 7476 
3 7514 7475 7524 
3 7534 7524 7511 
3 7501 7535 7463 
3 7506 7536 7518 
3 7491 7527 7465 
3 7504 7487 7537 
3 7525 7496 7538 
3 7445 7497 7539 
3 7497 7507 7540 
3 7506 7509 7536 
3 7442 7503 7541 
3 7542 7519 7488 
3 7543 7492 7504 
3 7542 7509 7512 
3 7542 7512 7519 
3 7487 7442 7541 
3 7544 7488 7495 
3 7517 7538 7496 
3 7500 7545 7533 
3 7533 7527 7491 
3 7507 7528 7540 
3 7487 7541 7537 
3 7546 7495 7530 
3 7543 7517 7492 
3 7547 7505 7523 
3 7535 7501 7548 
3 7548 7501 7445 
3 7539 7548 7445 
3 7502 7549 7482 
3 7463 7535 7511 
3 7494 7527 7550 
3 7502 7551 7549 
3 7551 7502 7518 
3 7460 7532 7531 
3 7547 7532 7505 
3 7526 7552 7515 
3 7494 7553 7528 
3 7508 7554 7503 
3 7541 7503 7554 
3 7495 7555 7544 
3 7525 7552 7526 
3 7534 7514 7524 
3 7540 7539 7497 
3 7537 7556 7504 
3 7480 7531 7530 
3 7532 7547 7557 
3 7523 7514 7558 
3 7535 7559 7511 
3 7540 7528 7560 
3 7543 7504 7561 
3 7557 7531 7532 
3 7523 7558 7547 
3 7500 7515 7562 
3 7562 7545 7500 
3 7534 7511 7559 
3 7563 7494 7550 
3 7563 7553 7494 
3 7495 7546 7555 
3 7552 7525 7564 
3 7528 7553 7560 
3 7508 7482 7549 
3 7508 7549 7565 
3 7527 7533 7566 
3 7567 7548 7539 
3 7550 7527 7566 
3 7554 7508 7565 
3 7567 7539 7540 
3 7517 7568 7538 
3 7525 7538 7569 
3 7533 7545 7566 
3 7514 7534 7558 
3 7556 7561 7504 
3 7543 7570 7517 
3 7564 7525 7569 
3 7562 7515 7571 
3 7545 7562 7571 
3 7518 7572 7551 
3 7488 7544 7573 
3 7538 7568 7569 
3 7572 7518 7536 
3 7574 7536 7509 
3 7554 7575 7541 
3 7530 7531 7576 
3 7488 7573 7542 
3 7575 7537 7541 
3 7576 7546 7530 
3 7545 7571 7577 
3 7568 7517 7570 
3 7553 7563 7578 
3 7579 7542 7573 
3 7558 7534 7580 
3 7515 7577 7571 
3 7579 7509 7542 
3 7559 7581 7534 
3 7581 7559 7535 
3 7560 7582 7540 
3 7551 7583 7549 
3 7561 7584 7543 
3 7515 7552 7577 
3 7566 7585 7550 
3 7583 7551 7572 
3 7549 7586 7565 
3 7556 7537 7575 
3 7587 7561 7556 
3 7588 7570 7543 
3 7547 7589 7557 
3 7564 7590 7552 
3 7535 7548 7591 
3 7567 7540 7592 
3 7593 7554 7565 
3 7561 7587 7584 
3 7555 7546 7576 
3 7568 7594 7569 
3 7547 7558 7589 
3 7563 7550 7578 
3 7536 7595 7572 
3 7596 7594 7568 
3 7597 7581 7535 
3 7548 7567 7591 
3 7560 7598 7582 
3 7598 7560 7553 
3 7550 7599 7578 
3 7586 7549 7583 
3 7572 7600 7583 
3 7594 7590 7564 
3 7601 7534 7581 
3 7599 7550 7585 
3 7579 7574 7509 
3 7568 7570 7588 
3 7594 7564 7569 
3 7591 7597 7535 
3 7595 7536 7574 
3 7531 7602 7576 
3 7531 7603 7602 
3 7603 7531 7557 
3 7601 7580 7534 
3 7582 7592 7540 
3 7553 7578 7604 
3 7556 7575 7605 
3 7545 7606 7566 
3 7572 7595 7600 
3 7543 7584 7607 
3 7608 7589 7558 
3 7609 7544 7555 
3 7596 7568 7588 
3 7590 7577 7552 
3 7608 7558 7580 
3 7606 7585 7566 
3 7585 7606 7599 
3 7573 7610 7579 
3 7611 7603 7557 
3 7612 7592 7582 
3 7553 7604 7598 
3 7609 7573 7544 
3 7596 7613 7594 
3 7589 7611 7557 
3 7614 7591 7567 
3 7599 7604 7578 
3 7615 7565 7586 
3 7593 7616 7554 
3 7575 7554 7616 
3 7610 7573 7609 
3 7588 7543 7607 
3 7617 7601 7581 
3 7583 7600 7586 
3 7613 7596 7588 
3 7602 7603 7611 
3 7618 7607 7584 
3 7619 7595 7574 
3 7616 7605 7575 
3 7605 7587 7556 
3 7590 7594 7620 
3 7621 7606 7545 
3 7614 7567 7592 
3 7622 7574 7579 
3 7623 7609 7555 
3 7545 7577 7621 
3 7624 7597 7591 
3 7614 7592 7625 
3 7593 7565 7615 
3 7587 7618 7584 
3 7580 7601 7626 
3 7592 7612 7625 
3 7627 7586 7600 
3 7586 7628 7615 
3 7555 7629 7623 
3 7581 7597 7617 
3 7591 7614 7630 
3 7582 7631 7612 
3 7606 7632 7599 
3 7576 7629 7555 
3 7633 7611 7589 
3 7633 7589 7608 
3 7598 7631 7582 
3 7599 7634 7604 
3 7586 7627 7628 
3 7610 7622 7579 
3 7577 7590 7620 
3 7634 7598 7604 
3 7595 7627 7600 
3 7595 7619 7635 
3 7574 7622 7619 
3 7607 7636 7588 
3 7601 7617 7626 
3 7630 7624 7591 
3 7580 7637 7608 
3 7625 7630 7614 
3 7598 7634 7638 
3 7632 7634 7599 
3 7595 7635 7627 
3 7597 7624 7639 
3 7628 7640 7615 
3 7609 7641 7610 
3 7623 7641 7609 
3 7642 7576 7602 
3 7642 7602 7611 
3 7580 7626 7637 
3 7643 7605 7616 
3 7594 7613 7644 
3 7612 7645 7625 
3 7640 7628 7627 
3 7616 7593 7646 
3 7621 7577 7647 
3 7625 7648 7630 
3 7649 7615 7640 
3 7615 7649 7593 
3 7622 7610 7650 
3 7587 7605 7651 
3 7608 7652 7633 
3 7647 7653 7621 
3 7630 7654 7624 
3 7648 7625 7645 
3 7655 7632 7606 
3 7598 7638 7631 
3 7632 7656 7634 
3 7643 7616 7646 
3 7610 7657 7650 
3 7613 7588 7636 
3 7648 7645 7630 
3 7658 7623 7629 
3 7620 7594 7644 
3 7620 7647 7577 
3 7659 7617 7597 
3 7653 7606 7621 
3 7610 7641 7657 
3 7587 7660 7618 
3 7576 7661 7629 
3 7618 7636 7607 
3 7576 7642 7661 
3 7653 7655 7606 
3 7634 7656 7638 
3 7658 7641 7623 
3 7651 7660 7587 
3 7626 7617 7659 
3 7639 7659 7597 
3 7645 7612 7631 
3 7651 7605 7643 
3 7662 7636 7618 
3 7624 7654 7639 
3 7652 7608 7637 
3 7647 7620 7663 
3 7619 7622 7664 
3 7650 7665 7622 
3 7660 7662 7618 
3 7666 7611 7633 
3 7667 7640 7627 
3 7619 7664 7635 
3 7668 7642 7611 
3 7645 7669 7630 
3 7638 7656 7670 
3 7657 7641 7658 
3 7644 7663 7620 
3 7654 7630 7669 
3 7671 7656 7632 
3 7627 7672 7667 
3 7627 7635 7672 
3 7649 7640 7667 
3 7649 7646 7593 
3 7673 7631 7638 
3 7655 7671 7632 
3 7629 7674 7658 
3 7629 7661 7674 
3 7636 7675 7613 
3 7676 7642 7668 
3 7667 7677 7649 
3 7677 7646 7649 
3 7644 7613 7675 
3 7650 7678 7665 
3 7668 7611 7666 
3 7679 7637 7626 
3 7626 7659 7679 
3 7655 7653 7680 
3 7681 7631 7673 
3 7635 7682 7672 
3 7683 7650 7657 
3 7633 7652 7666 
3 7631 7681 7645 
3 7670 7673 7638 
3 7647 7680 7653 
3 7645 7681 7684 
3 7685 7636 7662 
3 7642 7676 7661 
3 7659 7639 7686 
3 7671 7655 7687 
3 7673 7684 7681 
3 7656 7671 7688 
3 7689 7667 7672 
3 7643 7646 7690 
3 7650 7683 7678 
3 7683 7657 7658 
3 7685 7675 7636 
3 7691 7637 7679 
3 7692 7672 7682 
3 7658 7693 7683 
3 7660 7651 7694 
3 7652 7637 7695 
3 7686 7679 7659 
3 7696 7680 7647 
3 7697 7654 7669 
3 7664 7622 7665 
3 7698 7643 7690 
3 7694 7651 7643 
3 7660 7694 7699 
3 7661 7700 7674 
3 7679 7701 7691 
3 7654 7697 7639 
3 7702 7697 7669 
3 7682 7635 7664 
3 7698 7694 7643 
3 7671 7687 7703 
3 7656 7704 7670 
3 7690 7646 7677 
3 7662 7660 7705 
3 7644 7675 7706 
3 7707 7666 7652 
3 7708 7684 7673 
3 7688 7704 7656 
3 7672 7692 7689 
3 7709 7695 7637 
3 7637 7691 7709 
3 7686 7701 7679 
3 7669 7645 7710 
3 7645 7684 7711 
3 7670 7712 7673 
3 7658 7674 7693 
3 7685 7662 7705 
3 7675 7685 7713 
3 7663 7644 7714 
3 7715 7695 7709 
3 7709 7716 7715 
3 7709 7691 7717 
3 7717 7716 7709 
3 7718 7639 7697 
3 7645 7711 7710 
3 7719 7673 7712 
3 7712 7720 7719 
3 7692 7682 7721 
3 7667 7722 7677 
3 7647 7663 7714 
3 7716 7723 7715 
3 7723 7716 7717 
3 7639 7718 7686 
3 7719 7720 7724 
3 7708 7673 7719 
3 7719 7724 7708 
3 7724 7712 7670 
3 7720 7712 7724 
3 7667 7689 7722 
3 7665 7725 7664 
3 7700 7661 7676 
3 7714 7726 7647 
3 7652 7695 7727 
3 7728 7695 7715 
3 7723 7717 7715 
3 7691 7701 7717 
3 7669 7710 7702 
3 7660 7699 7705 
3 7644 7706 7714 
3 7728 7715 7717 
3 7680 7729 7655 
3 7655 7729 7730 
3 7675 7713 7706 
3 7696 7647 7726 
3 7729 7680 7696 
3 7724 7670 7731 
3 7732 7690 7677 
3 7705 7733 7685 
3 7727 7707 7652 
3 7708 7711 7684 
3 7704 7731 7670 
3 7703 7688 7671 
3 7725 7665 7678 
3 7683 7734 7678 
3 7698 7699 7694 
3 7666 7707 7668 
3 7708 7724 7731 
3 7735 7689 7692 
3 7736 7682 7664 
3 7676 7737 7700 
3 7728 7717 7701 
3 7738 7686 7718 
3 7687 7655 7730 
3 7721 7682 7736 
3 7734 7683 7693 
3 7676 7739 7737 
3 7702 7710 7711 
3 7687 7730 7703 
3 7735 7692 7721 
3 7695 7728 7727 
3 7696 7726 7740 
3 7701 7686 7738 
3 7704 7688 7741 
3 7732 7698 7690 
3 7713 7685 7742 
3 7713 7743 7706 
3 7676 7668 7739 
3 7689 7735 7722 
3 7744 7693 7674 
3 7664 7745 7736 
3 7746 7747 7698 
3 7748 7725 7678 
3 7734 7693 7744 
3 7738 7718 7749 
3 7722 7750 7677 
3 7677 7750 7732 
3 7732 7746 7698 
3 7705 7699 7733 
3 7674 7700 7751 
3 7703 7752 7688 
3 7699 7698 7747 
3 7674 7751 7753 
3 7740 7729 7696 
3 7754 7718 7697 
3 7749 7718 7754 
3 7711 7708 7731 
3 7741 7688 7752 
3 7748 7678 7734 
3 7674 7753 7744 
3 7751 7700 7737 
3 7726 7714 7755 
3 7755 7740 7726 
3 7711 7756 7702 
3 7721 7736 7757 
3 7733 7742 7685 
3 7668 7707 7758 
3 7759 7735 7721 
3 7745 7664 7725 
3 7668 7758 7739 
3 7706 7743 7714 
3 7754 7697 7760 
3 7731 7761 7711 
3 7734 7744 7753 
3 7749 7762 7738 
3 7754 7760 7749 
3 7763 7722 7735 
3 7764 7765 7729 
3 7729 7765 7730 
3 7704 7766 7731 
3 7750 7746 7732 
3 7767 7733 7699 
3 7743 7713 7768 
3 7740 7764 7729 
3 7701 7769 7728 
3 7770 7748 7734 
3 7771 7737 7739 
3 7738 7769 7701 
3 7761 7731 7766 
3 7730 7772 7703 
3 7752 7703 7772 
3 7725 7773 7745 
3 7774 7739 7758 
3 7714 7743 7775 
3 7760 7762 7749 
3 7702 7776 7697 
3 7711 7777 7756 
3 7735 7759 7763 
3 7750 7722 7763 
3 7778 7725 7748 
3 7707 7779 7758 
3 7707 7727 7780 
3 7776 7702 7756 
3 7766 7704 7741 
3 7768 7713 7742 
3 7739 7774 7771 
3 7758 7779 7774 
3 7781 7730 7765 
3 7772 7730 7781 
3 7773 7725 7778 
3 7775 7755 7714 
3 7740 7755 7782 
3 7783 7727 7728 
3 7697 7776 7760 
3 7752 7784 7741 
3 7778 7748 7770 
3 7699 7747 7785 
3 7786 7734 7753 
3 7771 7751 7737 
3 7768 7787 7743 
3 7743 7787 7775 
3 7727 7783 7780 
3 7728 7769 7788 
3 7738 7762 7769 
3 7777 7789 7756 
3 7790 7767 7699 
3 7791 7751 7771 
3 7782 7755 7792 
3 7756 7789 7776 
3 7761 7777 7711 
3 7784 7752 7793 
3 7759 7721 7757 
3 7782 7794 7740 
3 7764 7740 7794 
3 7766 7741 7795 
3 7745 7796 7736 
3 7734 7786 7770 
3 7790 7699 7785 
3 7733 7767 7797 
3 7798 7753 7751 
3 7707 7780 7779 
3 7799 7800 7776 
3 7757 7736 7801 
3 7796 7801 7736 
3 7792 7794 7782 
3 7728 7802 7783 
3 7776 7800 7760 
3 7799 7776 7789 
3 7803 7741 7784 
3 7804 7750 7763 
3 7775 7792 7755 
3 7728 7788 7802 
3 7805 7746 7750 
3 7764 7806 7765 
3 7807 7777 7761 
3 7772 7808 7752 
3 7808 7793 7752 
3 7759 7757 7809 
3 7767 7790 7810 
3 7798 7751 7811 
3 7742 7733 7812 
3 7791 7771 7774 
3 7780 7813 7779 
3 7796 7745 7773 
3 7814 7786 7753 
3 7767 7810 7797 
3 7733 7797 7812 
3 7815 7774 7779 
3 7769 7762 7816 
3 7795 7741 7803 
3 7759 7809 7763 
3 7804 7805 7750 
3 7747 7746 7817 
3 7814 7753 7798 
3 7812 7768 7742 
3 7780 7783 7802 
3 7800 7818 7760 
3 7781 7765 7806 
3 7766 7807 7761 
3 7805 7817 7746 
3 7803 7784 7793 
3 7757 7801 7819 
3 7786 7820 7770 
3 7769 7816 7788 
3 7762 7760 7818 
3 7785 7747 7817 
3 7812 7797 7821 
3 7799 7818 7800 
3 7809 7757 7819 
3 7785 7822 7790 
3 7790 7822 7810 
3 7751 7791 7811 
3 7823 7794 7792 
3 7824 7777 7807 
3 7786 7814 7820 
3 7825 7826 7764 
3 7826 7806 7764 
3 7827 7763 7809 
3 7763 7827 7828 
3 7828 7804 7763 
3 7821 7797 7810 
3 7775 7829 7792 
3 7794 7825 7764 
3 7818 7816 7762 
3 7808 7772 7830 
3 7829 7823 7792 
3 7831 7807 7766 
3 7832 7803 7793 
3 7801 7796 7819 
3 7773 7833 7796 
3 7778 7834 7773 
3 7835 7821 7810 
3 7812 7821 7835 
3 7787 7829 7775 
3 7779 7813 7836 
3 7837 7781 7806 
3 7789 7777 7824 
3 7809 7838 7827 
3 7778 7770 7820 
3 7802 7839 7780 
3 7826 7837 7806 
3 7840 7818 7799 
3 7830 7772 7781 
3 7834 7833 7773 
3 7774 7841 7791 
3 7842 7839 7802 
3 7817 7805 7843 
3 7812 7844 7768 
3 7841 7774 7815 
3 7815 7779 7836 
3 7780 7839 7813 
3 7842 7802 7788 
3 7803 7832 7795 
3 7805 7804 7845 
3 7807 7831 7824 
3 7766 7795 7831 
3 7809 7819 7838 
3 7846 7791 7841 
3 7787 7847 7829 
3 7823 7825 7794 
3 7789 7824 7799 
3 7832 7848 7795 
3 7845 7843 7805 
3 7778 7820 7834 
3 7817 7849 7785 
3 7798 7811 7850 
3 7850 7811 7791 
3 7791 7846 7850 
3 7813 7851 7836 
3 7788 7852 7842 
3 7852 7788 7816 
3 7808 7853 7793 
3 7832 7793 7854 
3 7835 7844 7812 
3 7787 7768 7847 
3 7828 7827 7855 
3 7822 7856 7810 
3 7857 7813 7839 
3 7796 7858 7819 
3 7845 7804 7855 
3 7843 7849 7817 
3 7855 7827 7838 
3 7796 7833 7858 
3 7828 7855 7804 
3 7822 7785 7849 
3 7813 7857 7851 
3 7826 7825 7859 
3 7818 7860 7816 
3 7830 7781 7861 
3 7808 7830 7853 
3 7862 7815 7836 
3 7823 7829 7863 
3 7857 7864 7851 
3 7824 7865 7799 
3 7848 7832 7854 
3 7847 7768 7844 
3 7866 7864 7857 
3 7866 7857 7839 
3 7867 7839 7842 
3 7867 7866 7839 
3 7842 7868 7867 
3 7840 7860 7818 
3 7834 7820 7869 
3 7862 7841 7815 
3 7867 7868 7866 
3 7853 7830 7870 
3 7795 7848 7831 
3 7854 7793 7853 
3 7871 7798 7850 
3 7835 7810 7856 
3 7837 7826 7859 
3 7781 7837 7861 
3 7870 7830 7861 
3 7872 7833 7834 
3 7798 7871 7814 
3 7847 7863 7829 
3 7864 7866 7868 
3 7825 7823 7873 
3 7860 7852 7816 
3 7840 7799 7874 
3 7824 7875 7865 
3 7875 7824 7831 
3 7876 7831 7848 
3 7877 7838 7819 
3 7849 7843 7878 
3 7823 7863 7873 
3 7799 7865 7874 
3 7879 7848 7854 
3 7877 7855 7838 
3 7877 7819 7858 
3 7849 7880 7822 
3 7864 7868 7851 
3 7854 7853 7879 
3 7880 7856 7822 
3 7841 7862 7881 
3 7869 7872 7834 
3 7871 7820 7814 
3 7882 7856 7880 
3 7859 7825 7883 
3 7865 7875 7884 
3 7845 7855 7885 
3 7843 7845 7878 
3 7841 7886 7846 
3 7842 7852 7868 
3 7887 7885 7855 
3 7888 7869 7820 
3 7889 7888 7820 
3 7880 7849 7890 
3 7831 7884 7875 
3 7887 7855 7877 
3 7891 7833 7872 
3 7820 7871 7889 
3 7886 7841 7881 
3 7825 7873 7883 
3 7861 7837 7892 
3 7893 7870 7861 
3 7831 7894 7884 
3 7833 7895 7858 
3 7890 7882 7880 
3 7896 7897 7863 
3 7849 7878 7898 
3 7856 7882 7899 
3 7835 7856 7899 
3 7847 7896 7863 
3 7836 7851 7862 
3 7860 7840 7874 
3 7831 7876 7900 
3 7885 7878 7845 
3 7901 7871 7850 
3 7835 7902 7844 
3 7863 7897 7873 
3 7903 7868 7852 
3 7837 7859 7892 
3 7891 7872 7869 
3 7890 7849 7898 
3 7904 7847 7844 
3 7858 7905 7877 
3 7891 7895 7833 
3 7882 7906 7899 
3 7846 7886 7850 
3 7844 7902 7904 
3 7907 7896 7847 
3 7903 7852 7908 
3 7877 7909 7887 
3 7869 7910 7891 
3 7890 7906 7882 
3 7911 7851 7868 
3 7912 7852 7860 
3 7892 7893 7861 
3 7913 7853 7870 
3 7914 7879 7853 
3 7877 7905 7909 
3 7915 7895 7891 
3 7878 7885 7916 
3 7904 7907 7847 
3 7917 7862 7851 
3 7873 7918 7883 
3 7883 7892 7859 
3 7874 7865 7919 
3 7831 7920 7894 
3 7921 7876 7848 
3 7922 7879 7914 
3 7835 7899 7923 
3 7850 7924 7901 
3 7911 7868 7903 
3 7908 7852 7912 
3 7893 7925 7870 
3 7920 7831 7900 
3 7913 7914 7853 
3 7926 7858 7895 
3 7869 7888 7910 
3 7835 7923 7927 
3 7924 7850 7886 
3 7925 7913 7870 
3 7922 7921 7848 
3 7922 7848 7879 
3 7928 7909 7905 
3 7878 7929 7898 
3 7930 7886 7881 
3 7931 7860 7874 
3 7865 7932 7919 
3 7905 7858 7933 
3 7865 7884 7932 
3 7921 7900 7876 
3 7934 7887 7909 
3 7929 7935 7898 
3 7873 7897 7936 
3 7892 7883 7937 
3 7938 7887 7934 
3 7939 7878 7916 
3 7923 7899 7906 
3 7936 7918 7873 
3 7940 7920 7900 
3 7925 7941 7913 
3 7895 7915 7926 
3 7910 7888 7889 
3 7890 7898 7935 
3 7902 7835 7927 
3 7907 7904 7942 
3 7862 7943 7881 
3 7862 7917 7943 
3 7851 7944 7917 
3 7914 7945 7922 
3 7897 7896 7946 
3 7884 7894 7947 
3 7851 7911 7944 
3 7903 7908 7911 
3 7860 7931 7912 
3 7938 7885 7887 
3 7948 7915 7891 
3 7929 7878 7939 
3 7890 7935 7906 
3 7949 7930 7881 
3 7950 7919 7932 
3 7893 7941 7925 
3 7940 7900 7921 
3 7951 7921 7922 
3 7909 7928 7934 
3 7858 7926 7933 
3 7938 7952 7885 
3 7871 7953 7954 
3 7946 7936 7897 
3 7937 7883 7918 
3 7905 7933 7928 
3 7954 7889 7871 
3 7953 7871 7901 
3 7924 7886 7930 
3 7931 7955 7912 
3 7874 7956 7931 
3 7950 7932 7957 
3 7884 7957 7932 
3 7958 7933 7926 
3 7948 7959 7915 
3 7907 7946 7896 
3 7912 7960 7908 
3 7892 7961 7893 
3 7916 7885 7952 
3 7956 7874 7919 
3 7884 7947 7957 
3 7913 7962 7914 
3 7962 7945 7914 
3 7935 7929 7939 
3 7927 7963 7902 
3 7964 7930 7949 
3 7881 7943 7949 
3 7942 7946 7907 
3 7908 7965 7911 
3 7956 7919 7966 
3 7967 7919 7950 
3 7967 7950 7957 
3 7968 7947 7894 
3 7920 7940 7969 
3 7922 7945 7951 
3 7948 7891 7910 
3 7970 7910 7889 
3 7917 7971 7943 
3 7912 7955 7960 
3 7972 7934 7928 
3 7959 7958 7926 
3 7926 7915 7959 
3 7970 7948 7910 
3 7906 7973 7923 
3 7927 7923 7973 
3 7963 7974 7902 
3 7971 7917 7944 
3 7969 7894 7920 
3 7975 7938 7934 
3 7975 7952 7938 
3 7927 7973 7963 
3 7942 7904 7902 
3 7946 7976 7936 
3 7919 7967 7966 
3 7969 7968 7894 
3 7969 7940 7921 
3 7953 7901 7977 
3 7964 7924 7930 
3 7946 7942 7978 
3 7966 7967 7957 
3 7893 7961 7979 
3 7933 7972 7928 
3 7935 7939 7980 
3 7954 7970 7889 
3 7892 7981 7961 
3 7947 7968 7957 
3 7941 7893 7979 
3 7969 7921 7982 
3 7921 7951 7983 
3 7984 7959 7948 
3 7936 7985 7918 
3 7931 7956 7986 
3 7987 7956 7966 
3 7982 7988 7969 
3 7989 7934 7972 
3 7939 7916 7952 
3 7948 7970 7990 
3 7980 7906 7935 
3 7977 7901 7924 
3 7941 7962 7913 
3 7951 7945 7991 
3 7942 7902 7974 
3 7937 7981 7892 
3 7931 7986 7955 
3 7921 7983 7982 
3 7992 7972 7933 
3 7972 7992 7989 
3 7958 7959 7993 
3 7959 7984 7994 
3 7986 7956 7987 
3 7971 7995 7943 
3 7937 7918 7996 
3 7955 7986 7997 
3 7989 7975 7934 
3 7959 7994 7993 
3 7948 7990 7984 
3 7998 7939 7952 
3 7999 7906 7980 
3 7973 7906 7999 
3 7936 7976 7985 
3 7911 8000 7944 
3 7951 7991 7983 
3 8001 7933 7958 
3 7949 7943 7995 
3 7955 7997 8002 
3 7961 7981 7979 
3 7945 7962 8003 
3 8001 8004 7933 
3 7924 8005 7977 
3 8006 7924 7964 
3 8000 7911 7965 
3 7965 7908 7960 
3 7964 7949 8006 
3 7986 7987 7997 
3 7945 8003 7991 
3 7985 8007 7918 
3 7979 7981 8008 
3 7966 7957 7987 
3 7941 8009 7962 
3 7933 8004 7992 
3 7980 7939 8010 
3 7953 7977 7954 
3 8011 7973 7999 
3 8005 7924 8006 
3 7946 7978 7976 
3 7985 7976 8012 
3 7960 7955 8002 
3 7979 8013 7941 
3 7968 7969 8014 
3 7982 7983 7988 
3 7993 8001 7958 
3 7984 7990 8015 
3 8011 7963 7973 
3 7969 7988 8014 
3 8016 7970 7954 
3 7996 7918 8007 
3 7941 8013 8017 
3 7988 7983 8018 
3 7984 8015 7994 
3 8019 7990 7970 
3 8016 7954 7977 
3 8020 7971 7944 
3 8007 7985 8012 
3 8021 7983 7991 
3 7975 7989 8022 
3 8010 7939 7998 
3 7971 8020 7995 
3 7965 7960 8023 
3 7981 7937 7996 
3 7996 8024 7981 
3 8025 8003 7962 
3 7974 8026 7942 
3 7949 8027 8006 
3 8027 7949 7995 
3 8028 7993 7994 
3 8029 7952 7975 
3 7998 7952 8029 
3 8015 7990 8019 
3 8030 7978 7942 
3 7944 8000 8020 
3 7965 8023 8031 
3 7957 7968 8032 
3 8033 8009 7941 
3 8025 7962 8009 
3 8001 7993 8028 
3 8011 8034 7963 
3 7942 8026 8030 
3 8035 7976 7978 
3 8024 8036 7981 
3 8023 7960 8002 
3 7957 8032 7987 
3 8032 7968 8014 
3 8022 7989 8037 
3 8024 7996 8007 
3 8025 8038 8003 
3 8011 7999 8039 
3 8034 8011 8039 
3 8020 8040 7995 
3 8013 7979 8008 
3 7941 8017 8033 
3 7991 8003 8038 
3 7992 8004 8041 
3 8042 7977 8005 
3 8006 8043 8005 
3 8008 7981 8036 
3 8044 8014 7988 
3 7989 7992 8037 
3 8015 8028 7994 
3 7999 7980 8045 
3 8006 8027 8043 
3 8035 8046 7976 
3 8013 8047 8017 
3 8048 7988 8018 
3 7992 8041 8037 
3 8001 8049 8004 
3 7975 8022 8029 
3 8035 7978 8030 
3 8020 8050 8040 
3 8032 8051 7987 
3 8018 7983 8021 
3 8010 7998 8029 
3 8034 8052 7963 
3 8040 8027 7995 
3 8053 8035 8030 
3 8000 7965 8054 
3 8055 8032 8014 
3 8044 7988 8048 
3 8021 7991 8038 
3 8012 7976 8046 
3 7965 8031 8054 
3 8013 8008 8056 
3 8014 8044 8057 
3 8004 8049 8058 
3 8001 8028 8049 
3 7970 8016 8019 
3 8059 8016 7977 
3 8042 8005 8043 
3 7997 8060 8002 
3 7974 7963 8052 
3 8046 8035 8053 
3 8061 7987 8051 
3 8056 8008 8062 
3 8033 8017 8047 
3 8041 8004 8058 
3 7977 8042 8059 
3 7987 8063 7997 
3 8063 7987 8061 
3 8061 8051 8064 
3 8044 8065 8057 
3 8065 8048 8018 
3 8065 8044 8048 
3 8015 8019 8066 
3 8010 8045 7980 
3 8063 8061 8064 
3 8028 8015 8066 
3 8052 8026 7974 
3 8002 8060 8023 
3 8067 7997 8063 
3 8063 8064 8067 
3 8049 8068 8058 
3 8022 8069 8029 
3 8070 8010 8029 
3 8054 8020 8000 
3 8007 8012 8071 
3 8007 8071 8024 
3 8047 8013 8056 
3 8025 8009 8072 
3 8058 8068 8041 
3 8016 8073 8019 
3 8026 8053 8030 
3 8027 8040 8074 
3 8040 8050 8074 
3 8075 8023 8060 
3 7997 8067 8060 
3 8055 8014 8057 
3 8076 8009 8033 
3 8046 8077 8012 
3 8078 8065 8018 
3 8072 8079 8025 
3 8079 8038 8025 
3 8037 8080 8022 
3 7999 8045 8081 
3 8047 8082 8033 
3 8082 8076 8033 
3 8072 8009 8076 
3 8083 8018 8021 
3 8084 8045 8010 
3 8085 8016 8059 
3 7999 8081 8039 
3 8086 8031 8023 
3 8036 8024 8087 
3 8018 8083 8078 
3 8088 8019 8073 
3 8089 8043 8027 
3 8090 8053 8026 
3 8049 8028 8066 
3 8029 8069 8070 
3 8085 8073 8016 
3 8071 8012 8091 
3 8036 8062 8008 
3 8064 8092 8067 
3 8051 8032 8093 
3 8037 8041 8094 
3 8069 8022 8080 
3 8070 8084 8010 
3 8095 8087 8024 
3 8064 8051 8096 
3 8065 8097 8057 
3 8078 8097 8065 
3 8098 8021 8038 
3 8034 8099 8052 
3 8031 8086 8100 
3 8075 8086 8023 
3 8092 8064 8096 
3 8093 8096 8051 
3 8101 8047 8056 
3 8079 8072 8076 
3 8019 8088 8102 
3 8081 8045 8084 
3 8026 8052 8103 
3 8027 8074 8089 
3 8031 8100 8054 
3 8071 8095 8024 
3 8032 8055 8093 
3 8078 8104 8097 
3 8105 8073 8085 
3 8081 8099 8039 
3 8089 8042 8043 
3 8020 8106 8050 
3 8091 8012 8077 
3 8062 8036 8107 
3 8067 8092 8108 
3 8047 8101 8082 
3 8073 8105 8088 
3 8099 8034 8039 
3 8090 8026 8103 
3 8053 8090 8109 
3 8106 8020 8054 
3 8107 8036 8087 
3 8079 8098 8038 
3 8049 8110 8068 
3 8095 8071 8091 
3 8060 8111 8075 
3 8111 8060 8067 
3 8056 8062 8101 
3 8082 8079 8076 
3 8112 8083 8021 
3 8113 8041 8068 
3 8019 8114 8066 
3 8046 8053 8115 
3 8115 8077 8046 
3 8092 8096 8108 
3 8116 8055 8057 
3 8019 8102 8114 
3 8117 8059 8042 
3 8118 8108 8096 
3 8084 8119 8081 
3 8089 8120 8042 
3 8095 8091 8121 
3 8075 8111 8122 
3 8118 8096 8093 
3 8049 8123 8110 
3 8049 8066 8123 
3 8124 8123 8066 
3 8089 8074 8125 
3 8115 8053 8109 
3 8106 8054 8126 
3 8100 8086 8127 
3 8113 8068 8128 
3 8128 8068 8110 
3 8070 8069 8129 
3 8130 8117 8042 
3 8052 8099 8103 
3 8090 8131 8109 
3 8126 8054 8100 
3 8121 8087 8095 
3 8108 8132 8067 
3 8093 8055 8116 
3 8112 8021 8098 
3 8133 8091 8077 
3 8132 8122 8111 
3 8067 8132 8111 
3 8132 8108 8118 
3 8134 8078 8083 
3 8082 8135 8079 
3 8098 8079 8136 
3 8080 8037 8137 
3 8138 8085 8059 
3 8125 8120 8089 
3 8133 8077 8115 
3 8101 8062 8139 
3 8097 8116 8057 
3 8104 8078 8134 
3 8094 8041 8113 
3 8042 8120 8130 
3 8115 8109 8140 
3 8140 8133 8115 
3 8093 8116 8141 
3 8142 8136 8079 
3 8137 8037 8094 
3 8143 8110 8123 
3 8123 8124 8143 
3 8066 8114 8124 
3 8144 8084 8070 
3 8145 8102 8088 
3 8145 8088 8105 
3 8083 8112 8134 
3 8112 8098 8136 
3 8113 8128 8146 
3 8081 8147 8099 
3 8103 8099 8148 
3 8149 8050 8106 
3 8150 8118 8093 
3 8069 8080 8151 
3 8144 8119 8084 
3 8059 8117 8138 
3 8131 8152 8109 
3 8140 8109 8152 
3 8126 8153 8106 
3 8086 8075 8127 
3 8129 8069 8151 
3 8154 8094 8113 
3 8126 8100 8127 
3 8075 8122 8155 
3 8142 8079 8135 
3 8080 8137 8156 
3 8151 8080 8156 
3 8090 8103 8157 
3 8157 8131 8090 
3 8133 8140 8152 
3 8158 8082 8101 
3 8097 8104 8159 
3 8113 8146 8154 
3 8074 8160 8125 
3 8074 8050 8160 
3 8134 8159 8104 
3 8119 8161 8081 
3 8117 8130 8162 
3 8163 8148 8099 
3 8120 8164 8130 
3 8157 8103 8148 
3 8160 8050 8149 
3 8121 8091 8165 
3 8093 8141 8150 
3 8159 8166 8097 
3 8167 8128 8110 
3 8154 8137 8094 
3 8085 8138 8105 
3 8153 8149 8106 
3 8155 8127 8075 
3 8087 8168 8107 
3 8132 8118 8150 
3 8116 8097 8166 
3 8169 8112 8136 
3 8161 8119 8144 
3 8105 8170 8145 
3 8138 8117 8171 
3 8091 8133 8172 
3 8173 8127 8155 
3 8174 8116 8166 
3 8129 8144 8070 
3 8081 8161 8147 
3 8130 8164 8162 
3 8131 8175 8152 
3 8176 8133 8152 
3 8168 8087 8121 
3 8158 8101 8139 
3 8110 8143 8167 
3 8144 8129 8177 
3 8178 8131 8157 
3 8152 8175 8176 
3 8179 8155 8122 
3 8105 8138 8171 
3 8117 8162 8171 
3 8163 8099 8147 
3 8148 8180 8157 
3 8133 8176 8172 
3 8122 8132 8181 
3 8156 8137 8182 
3 8114 8102 8183 
3 8105 8171 8170 
3 8146 8184 8154 
3 8184 8146 8128 
3 8185 8143 8124 
3 8186 8102 8145 
3 8148 8163 8180 
3 8155 8179 8173 
3 8150 8187 8132 
3 8141 8116 8174 
3 8188 8082 8158 
3 8189 8135 8082 
3 8160 8190 8125 
3 8191 8153 8126 
3 8121 8165 8192 
3 8126 8127 8173 
3 8122 8181 8179 
3 8139 8193 8158 
3 8194 8159 8134 
3 8169 8195 8112 
3 8154 8182 8137 
3 8102 8186 8183 
3 8161 8144 8196 
3 8197 8120 8125 
3 8191 8126 8173 
3 8139 8062 8198 
3 8142 8199 8136 
3 8200 8129 8151 
3 8091 8172 8165 
3 8192 8168 8121 
3 8187 8150 8141 
3 8142 8135 8189 
3 8134 8112 8195 
3 8170 8186 8145 
3 8163 8147 8201 
3 8197 8164 8120 
3 8143 8185 8202 
3 8180 8163 8201 
3 8203 8132 8187 
3 8188 8158 8193 
3 8194 8166 8159 
3 8114 8204 8124 
3 8144 8177 8196 
3 8125 8190 8197 
3 8181 8132 8203 
3 8188 8189 8082 
3 8136 8199 8169 
3 8167 8205 8128 
3 8151 8156 8200 
3 8129 8206 8177 
3 8178 8207 8131 
3 8198 8062 8107 
3 8208 8147 8161 
3 8201 8147 8208 
3 8174 8209 8141 
3 8142 8210 8199 
3 8128 8205 8184 
3 8143 8202 8167 
3 8185 8124 8204 
3 8114 8183 8204 
3 8207 8175 8131 
3 8166 8211 8174 
3 8189 8212 8142 
3 8194 8134 8195 
3 8212 8210 8142 
3 8182 8200 8156 
3 8213 8185 8204 
3 8214 8208 8161 
3 8162 8215 8171 
3 8216 8178 8157 
3 8217 8160 8149 
3 8149 8153 8217 
3 8192 8165 8218 
3 8168 8219 8107 
3 8181 8203 8220 
3 8221 8187 8141 
3 8166 8194 8211 
3 8205 8167 8222 
3 8183 8186 8223 
3 8172 8218 8165 
3 8224 8179 8181 
3 8198 8107 8219 
3 8187 8221 8203 
3 8195 8169 8225 
3 8184 8205 8226 
3 8227 8186 8170 
3 8214 8161 8196 
3 8208 8228 8201 
3 8168 8192 8229 
3 8195 8225 8194 
3 8206 8129 8200 
3 8208 8214 8228 
3 8176 8175 8230 
3 8191 8173 8231 
3 8220 8203 8221 
3 8202 8185 8213 
3 8204 8183 8232 
3 8232 8183 8223 
3 8171 8233 8170 
3 8157 8180 8216 
3 8197 8234 8164 
3 8153 8191 8235 
3 8221 8141 8209 
3 8236 8174 8211 
3 8202 8222 8167 
3 8186 8227 8223 
3 8171 8215 8233 
3 8207 8178 8216 
3 8231 8173 8179 
3 8193 8237 8188 
3 8174 8236 8238 
3 8234 8162 8164 
3 8224 8181 8220 
3 8239 8154 8184 
3 8240 8205 8222 
3 8175 8207 8241 
3 8160 8217 8190 
3 8218 8229 8192 
3 8242 8219 8168 
3 8188 8243 8189 
3 8211 8194 8244 
3 8182 8154 8245 
3 8223 8227 8232 
3 8246 8215 8162 
3 8207 8216 8247 
3 8193 8139 8198 
3 8238 8209 8174 
3 8239 8184 8226 
3 8234 8197 8190 
3 8230 8248 8176 
3 8172 8249 8218 
3 8237 8243 8188 
3 8199 8210 8250 
3 8251 8227 8170 
3 8248 8172 8176 
3 8168 8229 8242 
3 8179 8252 8231 
3 8198 8237 8193 
3 8189 8243 8212 
3 8250 8169 8199 
3 8240 8226 8205 
3 8232 8213 8204 
3 8206 8196 8177 
3 8246 8162 8234 
3 8201 8216 8180 
3 8238 8253 8209 
3 8214 8196 8228 
3 8179 8254 8252 
3 8244 8236 8211 
3 8239 8245 8154 
3 8202 8255 8222 
3 8202 8213 8255 
3 8256 8200 8182 
3 8206 8200 8257 
3 8175 8241 8230 
3 8258 8190 8217 
3 8191 8231 8259 
3 8220 8221 8260 
3 8198 8261 8237 
3 8256 8257 8200 
3 8153 8235 8262 
3 8235 8191 8259 
3 8179 8224 8254 
3 8194 8263 8244 
3 8213 8232 8255 
3 8251 8170 8233 
3 8264 8234 8190 
3 8247 8241 8207 
3 8229 8218 8265 
3 8194 8225 8263 
3 8225 8169 8266 
3 8267 8255 8232 
3 8228 8268 8201 
3 8169 8250 8266 
3 8262 8235 8269 
3 8260 8224 8220 
3 8212 8243 8270 
3 8251 8233 8271 
3 8272 8228 8196 
3 8248 8230 8273 
3 8265 8218 8249 
3 8231 8252 8259 
3 8274 8252 8254 
3 8224 8275 8254 
3 8224 8260 8275 
3 8219 8276 8198 
3 8209 8253 8221 
3 8212 8277 8210 
3 8256 8182 8245 
3 8278 8216 8201 
3 8253 8238 8279 
3 8226 8280 8239 
3 8239 8281 8245 
3 8282 8240 8222 
3 8245 8283 8256 
3 8241 8247 8284 
3 8284 8230 8241 
3 8153 8262 8217 
3 8249 8172 8248 
3 8238 8236 8279 
3 8277 8250 8210 
3 8222 8255 8282 
3 8215 8246 8285 
3 8286 8236 8244 
3 8277 8212 8270 
3 8280 8226 8240 
3 8287 8232 8227 
3 8206 8288 8196 
3 8233 8215 8289 
3 8190 8258 8264 
3 8290 8248 8273 
3 8291 8281 8239 
3 8257 8256 8292 
3 8232 8293 8267 
3 8287 8227 8251 
3 8294 8258 8217 
3 8274 8254 8275 
3 8276 8261 8198 
3 8295 8237 8261 
3 8244 8263 8296 
3 8291 8239 8280 
3 8283 8245 8297 
3 8232 8287 8293 
3 8298 8228 8272 
3 8249 8248 8290 
3 8299 8259 8252 
3 8242 8229 8300 
3 8237 8270 8243 
3 8286 8279 8236 
3 8286 8244 8301 
3 8302 8263 8225 
3 8266 8303 8225 
3 8304 8255 8267 
3 8298 8268 8228 
3 8305 8217 8262 
3 8244 8296 8301 
3 8266 8250 8306 
3 8283 8292 8256 
3 8278 8201 8268 
3 8285 8246 8234 
3 8285 8234 8307 
3 8307 8234 8264 
3 8300 8219 8242 
3 8276 8295 8261 
3 8260 8221 8308 
3 8221 8253 8308 
3 8295 8309 8237 
3 8283 8297 8292 
3 8206 8257 8292 
3 8288 8310 8196 
3 8287 8251 8271 
3 8272 8196 8310 
3 8215 8285 8289 
3 8217 8305 8294 
3 8265 8300 8229 
3 8277 8306 8250 
3 8240 8311 8280 
3 8245 8281 8312 
3 8252 8274 8299 
3 8237 8309 8270 
3 8282 8255 8304 
3 8292 8288 8206 
3 8291 8312 8281 
3 8289 8271 8233 
3 8313 8264 8258 
3 8269 8305 8262 
3 8314 8259 8299 
3 8253 8279 8315 
3 8303 8302 8225 
3 8303 8266 8306 
3 8216 8278 8316 
3 8317 8230 8284 
3 8305 8269 8318 
3 8319 8279 8286 
3 8301 8319 8286 
3 8277 8270 8320 
3 8296 8263 8302 
3 8321 8267 8293 
3 8322 8289 8285 
3 8323 8247 8216 
3 8216 8316 8323 
3 8324 8235 8259 
3 8259 8314 8324 
3 8319 8301 8296 
3 8325 8297 8245 
3 8326 8278 8268 
3 8264 8313 8307 
3 8327 8265 8249 
3 8277 8328 8306 
3 8292 8329 8288 
3 8330 8310 8288 
3 8284 8247 8331 
3 8332 8276 8219 
3 8302 8333 8296 
3 8310 8298 8272 
3 8331 8247 8323 
3 8313 8258 8294 
3 8273 8230 8317 
3 8305 8318 8294 
3 8309 8295 8334 
3 8253 8315 8308 
3 8303 8333 8302 
3 8280 8311 8335 
3 8280 8335 8291 
3 8267 8321 8304 
3 8268 8298 8326 
3 8235 8324 8269 
3 8219 8300 8332 
3 8260 8336 8275 
3 8337 8260 8308 
3 8328 8303 8306 
3 8312 8325 8245 
3 8330 8288 8329 
3 8338 8271 8289 
3 8284 8331 8317 
3 8299 8339 8314 
3 8275 8336 8340 
3 8336 8260 8337 
3 8341 8296 8333 
3 8282 8342 8240 
3 8292 8297 8325 
3 8287 8271 8343 
3 8344 8278 8326 
3 8345 8316 8278 
3 8275 8339 8274 
3 8319 8315 8279 
3 8326 8298 8344 
3 8346 8331 8323 
3 8317 8331 8346 
3 8249 8290 8327 
3 8324 8318 8269 
3 8299 8274 8339 
3 8276 8334 8295 
3 8270 8309 8334 
3 8347 8277 8320 
3 8303 8328 8333 
3 8240 8348 8311 
3 8348 8240 8342 
3 8312 8291 8349 
3 8298 8310 8330 
3 8289 8322 8338 
3 8345 8278 8344 
3 8350 8285 8307 
3 8323 8316 8346 
3 8351 8316 8345 
3 8290 8273 8352 
3 8265 8327 8353 
3 8354 8300 8265 
3 8304 8355 8282 
3 8356 8287 8343 
3 8285 8350 8322 
3 8316 8357 8346 
3 8352 8327 8290 
3 8319 8296 8341 
3 8304 8321 8355 
3 8358 8293 8287 
3 8271 8338 8343 
3 8353 8354 8265 
3 8340 8359 8275 
3 8333 8328 8360 
3 8325 8361 8292 
3 8362 8321 8293 
3 8287 8356 8358 
3 8363 8313 8294 
3 8308 8315 8364 
3 8270 8334 8365 
3 8312 8349 8325 
3 8366 8307 8313 
3 8351 8367 8316 
3 8332 8300 8354 
3 8276 8332 8368 
3 8340 8336 8337 
3 8337 8308 8364 
3 8320 8270 8365 
3 8347 8369 8277 
3 8335 8349 8291 
3 8292 8361 8329 
3 8357 8316 8367 
3 8294 8318 8370 
3 8275 8371 8339 
3 8334 8276 8368 
3 8320 8372 8347 
3 8369 8328 8277 
3 8373 8348 8342 
3 8374 8330 8329 
3 8375 8358 8356 
3 8375 8356 8343 
3 8298 8330 8376 
3 8377 8307 8366 
3 8378 8346 8357 
3 8337 8364 8379 
3 8282 8373 8342 
3 8358 8380 8293 
3 8357 8367 8378 
3 8379 8340 8337 
3 8381 8319 8341 
3 8369 8347 8382 
3 8311 8383 8335 
3 8348 8383 8311 
3 8293 8380 8362 
3 8380 8358 8375 
3 8374 8376 8330 
3 8307 8377 8350 
3 8384 8313 8363 
3 8294 8370 8363 
3 8385 8324 8314 
3 8340 8379 8359 
3 8282 8386 8373 
3 8282 8355 8387 
3 8338 8388 8343 
3 8389 8351 8345 
3 8370 8390 8363 
3 8391 8339 8371 
3 8275 8359 8371 
3 8360 8328 8369 
3 8341 8333 8392 
3 8282 8387 8386 
3 8362 8355 8321 
3 8329 8361 8393 
3 8351 8389 8367 
3 8384 8366 8313 
3 8378 8394 8346 
3 8317 8346 8394 
3 8273 8317 8352 
3 8314 8339 8385 
3 8395 8333 8360 
3 8396 8349 8335 
3 8322 8388 8338 
3 8318 8324 8397 
3 8379 8398 8359 
3 8320 8365 8399 
3 8400 8315 8319 
3 8372 8382 8347 
3 8381 8341 8392 
3 8369 8401 8360 
3 8392 8333 8395 
3 8402 8373 8386 
3 8393 8374 8329 
3 8343 8388 8375 
3 8389 8345 8344 
3 8367 8394 8378 
3 8327 8403 8353 
3 8334 8368 8404 
3 8402 8348 8373 
3 8344 8298 8405 
3 8406 8317 8394 
3 8403 8407 8353 
3 8354 8353 8407 
3 8391 8371 8359 
3 8399 8372 8320 
3 8366 8384 8377 
3 8332 8354 8408 
3 8298 8376 8405 
3 8409 8344 8405 
3 8410 8394 8367 
3 8317 8406 8411 
3 8411 8352 8317 
3 8352 8412 8327 
3 8408 8413 8332 
3 8404 8365 8334 
3 8319 8381 8414 
3 8348 8402 8383 
3 8349 8396 8415 
3 8325 8349 8415 
3 8416 8387 8355 
3 8417 8361 8325 
3 8362 8380 8418 
3 8380 8375 8419 
3 8377 8384 8420 
3 8370 8318 8397 
3 8401 8369 8382 
3 8383 8421 8335 
3 8422 8324 8385 
3 8332 8423 8368 
3 8355 8362 8416 
3 8405 8376 8424 
3 8322 8425 8388 
3 8425 8322 8350 
3 8367 8389 8410 
3 8413 8423 8332 
3 8315 8400 8364 
3 8376 8374 8426 
3 8397 8324 8422 
3 8403 8327 8412 
3 8427 8381 8392 
3 8383 8428 8421 
3 8416 8429 8387 
3 8393 8426 8374 
3 8424 8409 8405 
3 8401 8395 8360 
3 8416 8362 8429 
3 8350 8377 8420 
3 8385 8339 8430 
3 8372 8431 8382 
3 8383 8402 8428 
3 8432 8386 8433 
3 8434 8433 8386 
3 8386 8387 8434 
3 8417 8325 8415 
3 8429 8434 8387 
3 8419 8375 8388 
3 8435 8389 8344 
3 8370 8436 8390 
3 8364 8437 8379 
3 8395 8401 8438 
3 8402 8386 8432 
3 8439 8429 8362 
3 8362 8418 8439 
3 8419 8418 8380 
3 8409 8435 8344 
3 8411 8440 8352 
3 8423 8404 8368 
3 8441 8414 8381 
3 8395 8427 8392 
3 8442 8388 8425 
3 8370 8397 8436 
3 8430 8422 8385 
3 8365 8443 8399 
3 8382 8444 8401 
3 8381 8427 8441 
3 8417 8445 8361 
3 8425 8350 8446 
3 8406 8394 8447 
3 8422 8448 8397 
3 8408 8354 8449 
3 8413 8408 8449 
3 8398 8391 8359 
3 8400 8319 8414 
3 8335 8450 8396 
3 8451 8428 8402 
3 8433 8452 8432 
3 8452 8433 8434 
3 8453 8434 8429 
3 8406 8447 8411 
3 8365 8404 8443 
3 8364 8400 8454 
3 8450 8335 8421 
3 8432 8451 8402 
3 8361 8445 8393 
3 8446 8350 8420 
3 8403 8412 8455 
3 8449 8354 8407 
3 8423 8413 8449 
3 8437 8364 8454 
3 8399 8431 8372 
3 8450 8456 8396 
3 8417 8415 8457 
3 8439 8453 8429 
3 8458 8439 8418 
3 8384 8363 8390 
3 8459 8455 8412 
3 8339 8391 8430 
3 8460 8414 8441 
3 8458 8418 8419 
3 8388 8442 8419 
3 8352 8459 8412 
3 8455 8407 8403 
3 8461 8423 8449 
3 8460 8462 8414 
3 8421 8428 8463 
3 8421 8463 8450 
3 8451 8432 8452 
3 8453 8452 8434 
3 8464 8376 8426 
3 8464 8424 8376 
3 8424 8465 8409 
3 8466 8384 8390 
3 8410 8467 8394 
3 8400 8414 8462 
3 8431 8444 8382 
3 8468 8438 8401 
3 8410 8469 8467 
3 8470 8390 8436 
3 8422 8430 8471 
3 8472 8391 8398 
3 8473 8410 8389 
3 8467 8474 8394 
3 8436 8397 8470 
3 8440 8459 8352 
3 8475 8454 8400 
3 8400 8462 8476 
3 8401 8444 8468 
3 8438 8477 8395 
3 8445 8478 8393 
3 8479 8420 8384 
3 8467 8469 8480 
3 8467 8480 8474 
3 8474 8481 8394 
3 8447 8440 8411 
3 8423 8482 8404 
3 8444 8483 8468 
3 8445 8417 8457 
3 8478 8484 8393 
3 8435 8409 8465 
3 8473 8469 8410 
3 8426 8393 8484 
3 8485 8420 8479 
3 8481 8447 8394 
3 8440 8447 8486 
3 8454 8487 8437 
3 8431 8399 8488 
3 8485 8446 8420 
3 8489 8384 8466 
3 8480 8490 8474 
3 8447 8481 8491 
3 8397 8492 8470 
3 8493 8472 8398 
3 8475 8487 8454 
3 8476 8475 8400 
3 8443 8488 8399 
3 8427 8395 8494 
3 8395 8477 8494 
3 8396 8495 8415 
3 8496 8452 8453 
3 8497 8435 8465 
3 8435 8473 8389 
3 8490 8481 8474 
3 8481 8498 8491 
3 8499 8440 8486 
3 8407 8455 8500 
3 8379 8501 8398 
3 8437 8501 8379 
3 8443 8404 8482 
3 8442 8502 8419 
3 8447 8491 8486 
3 8448 8492 8397 
3 8444 8431 8503 
3 8428 8504 8463 
3 8469 8505 8480 
3 8505 8490 8480 
3 8470 8466 8390 
3 8481 8506 8498 
3 8391 8507 8430 
3 8461 8508 8423 
3 8427 8509 8441 
3 8450 8510 8456 
3 8396 8456 8495 
3 8511 8458 8419 
3 8465 8424 8512 
3 8473 8435 8513 
3 8473 8505 8469 
3 8490 8506 8481 
3 8506 8491 8498 
3 8500 8514 8407 
3 8487 8501 8437 
3 8515 8488 8443 
3 8477 8438 8468 
3 8516 8450 8463 
3 8517 8428 8451 
3 8457 8415 8495 
3 8453 8439 8496 
3 8457 8518 8445 
3 8519 8442 8425 
3 8446 8520 8425 
3 8384 8489 8479 
3 8499 8459 8440 
3 8471 8448 8422 
3 8503 8483 8444 
3 8427 8494 8509 
3 8521 8495 8456 
3 8518 8478 8445 
3 8439 8458 8522 
3 8464 8426 8523 
3 8512 8497 8465 
3 8491 8506 8524 
3 8486 8491 8524 
3 8391 8472 8507 
3 8482 8423 8508 
3 8493 8398 8501 
3 8504 8428 8517 
3 8450 8516 8510 
3 8525 8452 8496 
3 8458 8511 8522 
3 8526 8523 8426 
3 8446 8485 8520 
3 8435 8497 8527 
3 8449 8407 8514 
3 8462 8528 8476 
3 8488 8529 8431 
3 8441 8530 8460 
3 8439 8522 8531 
3 8464 8523 8424 
3 8424 8523 8512 
3 8524 8506 8490 
3 8499 8486 8524 
3 8492 8448 8532 
3 8455 8459 8533 
3 8533 8500 8455 
3 8507 8471 8430 
3 8482 8534 8443 
3 8527 8513 8435 
3 8489 8466 8470 
3 8535 8501 8487 
3 8441 8509 8536 
3 8518 8457 8537 
3 8439 8531 8496 
3 8538 8478 8518 
3 8426 8484 8526 
3 8539 8528 8462 
3 8530 8441 8536 
3 8540 8504 8517 
3 8442 8541 8502 
3 8519 8425 8520 
3 8473 8513 8542 
3 8477 8468 8543 
3 8463 8544 8516 
3 8504 8544 8463 
3 8451 8452 8545 
3 8478 8546 8484 
3 8419 8502 8547 
3 8497 8512 8548 
3 8527 8497 8548 
3 8549 8513 8527 
3 8449 8514 8461 
3 8475 8476 8528 
3 8460 8539 8462 
3 8460 8550 8539 
3 8509 8494 8551 
3 8545 8517 8451 
3 8525 8545 8452 
3 8495 8552 8457 
3 8518 8537 8538 
3 8546 8526 8484 
3 8442 8519 8541 
3 8553 8512 8523 
3 8548 8512 8553 
3 8554 8485 8479 
3 8505 8473 8555 
3 8556 8524 8490 
3 8557 8448 8471 
3 8460 8530 8550 
3 8558 8494 8477 
3 8510 8521 8456 
3 8419 8547 8511 
3 8549 8527 8548 
3 8555 8473 8542 
3 8559 8556 8490 
3 8560 8557 8471 
3 8501 8561 8493 
3 8535 8561 8501 
3 8528 8487 8475 
3 8503 8431 8529 
3 8468 8483 8562 
3 8468 8562 8543 
3 8477 8543 8558 
3 8547 8502 8541 
3 8549 8563 8513 
3 8524 8556 8564 
3 8459 8499 8533 
3 8499 8565 8533 
3 8508 8534 8482 
3 8503 8529 8566 
3 8551 8494 8558 
3 8567 8517 8545 
3 8538 8568 8478 
3 8546 8478 8568 
3 8546 8568 8526 
3 8542 8513 8563 
3 8565 8499 8524 
3 8471 8507 8560 
3 8530 8536 8550 
3 8504 8540 8544 
3 8569 8545 8525 
3 8511 8570 8522 
3 8571 8520 8485 
3 8479 8489 8554 
3 8500 8533 8572 
3 8572 8573 8500 
3 8514 8500 8573 
3 8574 8535 8487 
3 8534 8515 8443 
3 8488 8566 8529 
3 8537 8457 8552 
3 8570 8511 8547 
3 8549 8548 8563 
3 8563 8575 8542 
3 8490 8505 8559 
3 8532 8448 8557 
3 8560 8532 8557 
3 8516 8576 8510 
3 8568 8538 8577 
3 8568 8577 8526 
3 8548 8575 8563 
3 8578 8507 8472 
3 8536 8509 8579 
3 8516 8580 8581 
3 8580 8516 8544 
3 8525 8496 8582 
3 8522 8570 8531 
3 8541 8519 8583 
3 8519 8520 8583 
3 8470 8584 8489 
3 8535 8574 8561 
3 8503 8585 8483 
3 8579 8550 8536 
3 8580 8544 8540 
3 8516 8581 8576 
3 8567 8586 8517 
3 8582 8569 8525 
3 8577 8523 8526 
3 8555 8587 8505 
3 8461 8514 8588 
3 8540 8517 8589 
3 8576 8521 8510 
3 8496 8590 8582 
3 8571 8485 8554 
3 8542 8591 8555 
3 8584 8470 8492 
3 8492 8532 8592 
3 8472 8493 8578 
3 8593 8487 8528 
3 8593 8528 8594 
3 8539 8594 8528 
3 8585 8562 8483 
3 8579 8509 8551 
3 8586 8589 8517 
3 8531 8570 8595 
3 8591 8542 8596 
3 8565 8524 8564 
3 8461 8597 8508 
3 8574 8487 8593 
3 8566 8488 8515 
3 8555 8591 8587 
3 8598 8580 8540 
3 8569 8567 8545 
3 8596 8542 8575 
3 8587 8599 8505 
3 8564 8556 8559 
3 8514 8573 8600 
3 8534 8508 8597 
3 8496 8531 8590 
3 8570 8601 8595 
3 8541 8602 8547 
3 8603 8505 8599 
3 8565 8604 8533 
3 8592 8532 8560 
3 8515 8534 8605 
3 8594 8539 8606 
3 8589 8598 8540 
3 8552 8495 8607 
3 8537 8552 8608 
3 8553 8523 8609 
3 8548 8553 8610 
3 8505 8603 8559 
3 8492 8592 8611 
3 8604 8572 8533 
3 8493 8612 8613 
3 8493 8614 8612 
3 8614 8493 8561 
3 8615 8558 8543 
3 8615 8551 8558 
3 8520 8616 8583 
3 8616 8520 8571 
3 8611 8584 8492 
3 8588 8514 8600 
3 8613 8578 8493 
3 8613 8612 8614 
3 8566 8617 8503 
3 8586 8618 8589 
3 8619 8609 8523 
3 8572 8604 8620 
3 8566 8515 8621 
3 8562 8622 8543 
3 8569 8582 8623 
3 8624 8577 8538 
3 8602 8541 8583 
3 8489 8625 8626 
3 8596 8627 8591 
3 8628 8489 8584 
3 8599 8587 8591 
3 8507 8629 8560 
3 8630 8507 8578 
3 8597 8461 8588 
3 8539 8550 8606 
3 8607 8608 8552 
3 8575 8548 8631 
3 8554 8489 8626 
3 8632 8575 8631 
3 8628 8625 8489 
3 8633 8564 8559 
3 8605 8534 8634 
3 8617 8585 8503 
3 8635 8606 8550 
3 8543 8622 8615 
3 8618 8586 8567 
3 8537 8608 8636 
3 8537 8624 8538 
3 8577 8619 8523 
3 8597 8634 8534 
3 8550 8579 8637 
3 8547 8638 8570 
3 8602 8583 8639 
3 8591 8627 8599 
3 8628 8584 8640 
3 8621 8515 8605 
3 8495 8521 8607 
3 8583 8616 8641 
3 8632 8596 8575 
3 8640 8584 8611 
3 8573 8572 8620 
3 8617 8642 8585 
3 8579 8643 8637 
3 8589 8644 8598 
3 8623 8582 8590 
3 8627 8645 8599 
3 8559 8603 8633 
3 8565 8564 8646 
3 8592 8560 8647 
3 8550 8637 8635 
3 8585 8642 8562 
3 8581 8580 8648 
3 8649 8567 8569 
3 8590 8531 8595 
3 8609 8610 8553 
3 8650 8571 8554 
3 8632 8651 8596 
3 8627 8596 8651 
3 8645 8652 8599 
3 8652 8603 8599 
3 8646 8604 8565 
3 8600 8573 8653 
3 8629 8654 8560 
3 8507 8630 8629 
3 8613 8655 8578 
3 8643 8579 8551 
3 8656 8644 8589 
3 8618 8567 8649 
3 8570 8638 8601 
3 8616 8571 8641 
3 8610 8657 8548 
3 8554 8626 8650 
3 8603 8658 8633 
3 8659 8592 8647 
3 8620 8653 8573 
3 8578 8655 8630 
3 8614 8561 8574 
3 8660 8562 8642 
3 8580 8644 8648 
3 8644 8580 8598 
3 8656 8661 8644 
3 8656 8589 8618 
3 8521 8576 8662 
3 8601 8663 8595 
3 8638 8547 8602 
3 8633 8658 8664 
3 8564 8633 8646 
3 8665 8629 8630 
3 8613 8614 8655 
3 8666 8574 8593 
3 8622 8562 8660 
3 8662 8607 8521 
3 8590 8667 8623 
3 8607 8636 8608 
3 8537 8636 8668 
3 8619 8577 8669 
3 8657 8631 8548 
3 8659 8611 8592 
3 8646 8670 8604 
3 8620 8604 8670 
3 8671 8593 8594 
3 8649 8672 8618 
3 8624 8537 8668 
3 8639 8583 8641 
3 8626 8625 8673 
3 8627 8674 8645 
3 8675 8658 8603 
3 8640 8611 8659 
3 8629 8665 8654 
3 8676 8597 8588 
3 8615 8677 8551 
3 8649 8678 8672 
3 8678 8649 8569 
3 8623 8678 8569 
3 8571 8679 8641 
3 8652 8645 8674 
3 8680 8603 8652 
3 8675 8681 8658 
3 8675 8682 8681 
3 8675 8683 8682 
3 8680 8675 8603 
3 8664 8658 8681 
3 8684 8630 8655 
3 8574 8666 8685 
3 8671 8666 8593 
3 8635 8637 8686 
3 8643 8551 8677 
3 8687 8656 8618 
3 8688 8607 8662 
3 8577 8624 8689 
3 8610 8609 8690 
3 8690 8657 8610 
3 8625 8691 8673 
3 8691 8625 8628 
3 8652 8692 8680 
3 8682 8680 8681 
3 8680 8682 8683 
3 8680 8683 8675 
3 8681 8680 8664 
3 8635 8686 8606 
3 8660 8693 8622 
3 8694 8648 8644 
3 8662 8576 8688 
3 8695 8590 8595 
3 8595 8663 8695 
3 8624 8668 8689 
3 8664 8696 8633 
3 8560 8654 8647 
3 8676 8634 8597 
3 8574 8685 8614 
3 8697 8643 8698 
3 8699 8581 8648 
3 8576 8581 8700 
3 8687 8618 8672 
3 8623 8701 8702 
3 8667 8701 8623 
3 8663 8601 8638 
3 8609 8619 8703 
3 8650 8679 8571 
3 8691 8628 8640 
3 8704 8646 8633 
3 8653 8705 8600 
3 8605 8706 8621 
3 8566 8621 8617 
3 8707 8594 8606 
3 8606 8708 8707 
3 8637 8643 8697 
3 8698 8643 8677 
3 8694 8709 8648 
3 8702 8678 8623 
3 8669 8577 8710 
3 8588 8600 8705 
3 8617 8711 8642 
3 8660 8642 8712 
3 8694 8644 8713 
3 8713 8644 8661 
3 8714 8576 8700 
3 8576 8714 8688 
3 8590 8695 8667 
3 8669 8703 8619 
3 8627 8651 8715 
3 8680 8692 8664 
3 8633 8696 8704 
3 8670 8653 8620 
3 8705 8716 8588 
3 8676 8588 8716 
3 8605 8634 8717 
3 8712 8642 8711 
3 8712 8693 8660 
3 8615 8622 8718 
3 8709 8699 8648 
3 8656 8719 8661 
3 8687 8672 8678 
3 8720 8663 8638 
3 8638 8602 8721 
3 8640 8722 8691 
3 8664 8723 8696 
3 8671 8707 8724 
3 8594 8707 8671 
3 8719 8656 8687 
3 8689 8710 8577 
3 8725 8602 8639 
3 8632 8631 8726 
3 8652 8674 8692 
3 8727 8659 8647 
3 8614 8728 8655 
3 8615 8729 8677 
3 8661 8730 8713 
3 8661 8719 8730 
3 8581 8699 8700 
3 8690 8609 8703 
3 8731 8639 8641 
3 8657 8732 8631 
3 8733 8664 8692 
3 8630 8734 8665 
3 8734 8630 8684 
3 8614 8685 8728 
3 8602 8725 8721 
3 8674 8627 8715 
3 8724 8666 8671 
3 8708 8606 8686 
3 8735 8637 8697 
3 8688 8736 8607 
3 8607 8737 8636 
3 8738 8650 8626 
3 8664 8733 8723 
3 8634 8676 8739 
3 8621 8706 8740 
3 8718 8729 8615 
3 8698 8677 8729 
3 8687 8678 8741 
3 8742 8702 8701 
3 8742 8701 8667 
3 8638 8721 8720 
3 8679 8731 8641 
3 8732 8726 8631 
3 8651 8632 8726 
3 8722 8640 8659 
3 8670 8646 8743 
3 8739 8717 8634 
3 8685 8744 8728 
3 8717 8706 8605 
3 8735 8686 8637 
3 8693 8718 8622 
3 8741 8678 8702 
3 8745 8695 8663 
3 8674 8746 8692 
3 8723 8747 8696 
3 8733 8692 8746 
3 8665 8748 8654 
3 8748 8665 8734 
3 8684 8655 8749 
3 8750 8655 8728 
3 8685 8666 8724 
3 8695 8745 8667 
3 8720 8721 8751 
3 8626 8752 8738 
3 8743 8646 8704 
3 8749 8655 8750 
3 8716 8739 8676 
3 8753 8708 8686 
3 8712 8718 8693 
3 8737 8754 8636 
3 8668 8636 8754 
3 8626 8673 8752 
3 8755 8651 8726 
3 8756 8704 8696 
3 8670 8757 8653 
3 8705 8653 8757 
3 8740 8758 8621 
3 8759 8729 8718 
3 8697 8698 8760 
3 8694 8713 8761 
3 8668 8762 8689 
3 8710 8689 8762 
3 8722 8659 8727 
3 8696 8747 8756 
3 8729 8763 8698 
3 8713 8730 8764 
3 8736 8737 8607 
3 8669 8710 8765 
3 8679 8650 8766 
3 8724 8767 8685 
3 8768 8724 8707 
3 8769 8699 8709 
3 8719 8687 8770 
3 8745 8663 8771 
3 8703 8669 8765 
3 8751 8721 8725 
3 8690 8703 8772 
3 8715 8651 8755 
3 8773 8723 8733 
3 8733 8746 8774 
3 8775 8727 8647 
3 8775 8647 8654 
3 8654 8748 8775 
3 8749 8734 8684 
3 8708 8776 8707 
3 8777 8753 8735 
3 8735 8697 8777 
3 8769 8709 8694 
3 8719 8778 8730 
3 8667 8779 8742 
3 8780 8725 8639 
3 8780 8639 8731 
3 8781 8673 8691 
3 8781 8691 8782 
3 8782 8691 8722 
3 8743 8704 8756 
3 8685 8767 8744 
3 8735 8753 8686 
3 8697 8760 8777 
3 8714 8783 8688 
3 8663 8720 8771 
3 8784 8725 8780 
3 8690 8772 8657 
3 8673 8781 8752 
3 8750 8728 8744 
3 8706 8717 8740 
3 8621 8785 8617 
3 8617 8785 8711 
3 8761 8713 8764 
3 8761 8769 8694 
3 8679 8766 8731 
3 8733 8774 8773 
3 8753 8776 8708 
3 8770 8687 8786 
3 8786 8687 8787 
3 8700 8788 8714 
3 8789 8741 8702 
3 8773 8747 8723 
3 8757 8790 8705 
3 8767 8724 8768 
3 8687 8741 8787 
3 8783 8736 8688 
3 8737 8736 8791 
3 8765 8792 8703 
3 8725 8793 8751 
3 8772 8703 8792 
3 8794 8766 8650 
3 8722 8795 8782 
3 8747 8773 8756 
3 8785 8621 8758 
3 8776 8768 8707 
3 8730 8778 8764 
3 8788 8783 8714 
3 8796 8787 8741 
3 8668 8754 8762 
3 8765 8710 8797 
3 8798 8650 8738 
3 8798 8738 8752 
3 8799 8755 8726 
3 8746 8674 8800 
3 8774 8746 8801 
3 8802 8727 8775 
3 8705 8790 8716 
3 8803 8750 8744 
3 8712 8711 8804 
3 8805 8776 8753 
3 8718 8712 8806 
3 8719 8770 8807 
3 8789 8702 8742 
3 8742 8808 8789 
3 8808 8742 8779 
3 8725 8784 8793 
3 8732 8657 8809 
3 8755 8810 8715 
3 8800 8801 8746 
3 8670 8743 8811 
3 8811 8757 8670 
3 8744 8767 8812 
3 8785 8804 8711 
3 8759 8718 8813 
3 8814 8763 8729 
3 8770 8786 8807 
3 8796 8786 8787 
3 8791 8754 8737 
3 8815 8745 8771 
3 8816 8720 8751 
3 8780 8731 8817 
3 8726 8732 8818 
3 8800 8674 8819 
3 8803 8749 8750 
3 8717 8739 8820 
3 8768 8821 8767 
3 8813 8718 8806 
3 8822 8760 8698 
3 8823 8814 8729 
3 8807 8778 8719 
3 8824 8771 8720 
3 8710 8762 8797 
3 8817 8784 8780 
3 8715 8819 8674 
3 8825 8743 8756 
3 8773 8774 8801 
3 8748 8826 8775 
3 8716 8820 8739 
3 8827 8758 8740 
3 8768 8776 8821 
3 8698 8763 8828 
3 8698 8828 8822 
3 8699 8829 8700 
3 8741 8830 8796 
3 8830 8741 8789 
3 8830 8789 8808 
3 8779 8667 8745 
3 8797 8792 8765 
3 8831 8756 8773 
3 8832 8749 8803 
3 8803 8744 8812 
3 8821 8833 8767 
3 8729 8759 8823 
3 8834 8760 8822 
3 8783 8835 8736 
3 8771 8824 8815 
3 8816 8824 8720 
3 8799 8726 8818 
3 8819 8715 8810 
3 8820 8716 8836 
3 8837 8749 8832 
3 8717 8827 8740 
3 8767 8833 8812 
3 8804 8806 8712 
3 8786 8796 8807 
3 8838 8817 8731 
3 8766 8838 8731 
3 8650 8798 8794 
3 8799 8810 8755 
3 8722 8727 8795 
3 8748 8734 8826 
3 8790 8836 8716 
3 8734 8749 8837 
3 8839 8821 8776 
3 8788 8700 8829 
3 8837 8826 8734 
3 8820 8840 8717 
3 8834 8777 8760 
3 8769 8841 8699 
3 8772 8792 8842 
3 8772 8809 8657 
3 8843 8743 8825 
3 8756 8843 8825 
3 8756 8831 8843 
3 8844 8773 8801 
3 8790 8757 8845 
3 8803 8812 8846 
3 8717 8847 8827 
3 8812 8833 8846 
3 8848 8833 8821 
3 8848 8821 8839 
3 8839 8776 8805 
3 8753 8849 8805 
3 8850 8753 8777 
3 8814 8828 8763 
3 8851 8808 8779 
3 8852 8779 8745 
3 8809 8853 8732 
3 8752 8781 8854 
3 8855 8831 8773 
3 8848 8846 8833 
3 8827 8856 8758 
3 8839 8857 8848 
3 8758 8856 8785 
3 8850 8849 8753 
3 8858 8759 8813 
3 8859 8769 8761 
3 8778 8807 8860 
3 8807 8796 8861 
3 8835 8862 8736 
3 8818 8732 8853 
3 8782 8795 8863 
3 8864 8830 8808 
3 8791 8736 8862 
3 8791 8865 8754 
3 8866 8745 8815 
3 8815 8824 8866 
3 8762 8754 8867 
3 8792 8797 8868 
3 8782 8863 8781 
3 8819 8869 8800 
3 8800 8869 8801 
3 8832 8846 8870 
3 8846 8832 8803 
3 8871 8856 8827 
3 8759 8858 8823 
3 8872 8822 8828 
3 8873 8860 8807 
3 8841 8829 8699 
3 8861 8873 8807 
3 8783 8788 8874 
3 8854 8781 8863 
3 8826 8875 8775 
3 8847 8871 8827 
3 8857 8839 8876 
3 8806 8804 8877 
3 8777 8834 8850 
3 8822 8872 8834 
3 8851 8779 8852 
3 8878 8824 8816 
3 8799 8879 8810 
3 8727 8880 8795 
3 8844 8855 8773 
3 8843 8881 8743 
3 8757 8811 8882 
3 8882 8845 8757 
3 8832 8883 8837 
3 8884 8832 8870 
3 8847 8717 8885 
3 8848 8886 8846 
3 8848 8887 8886 
3 8857 8887 8848 
3 8785 8888 8804 
3 8889 8876 8839 
3 8769 8859 8890 
3 8864 8808 8851 
3 8745 8866 8891 
3 8797 8762 8867 
3 8854 8798 8752 
3 8892 8801 8869 
3 8893 8844 8801 
3 8883 8826 8837 
3 8883 8832 8884 
3 8846 8886 8870 
3 8856 8894 8785 
3 8888 8785 8894 
3 8805 8889 8839 
3 8805 8895 8889 
3 8896 8761 8764 
3 8874 8835 8783 
3 8751 8897 8816 
3 8784 8898 8793 
3 8727 8802 8899 
3 8893 8801 8892 
3 8811 8743 8900 
3 8900 8743 8881 
3 8820 8836 8901 
3 8856 8888 8894 
3 8889 8902 8876 
3 8895 8805 8849 
3 8896 8764 8903 
3 8764 8904 8903 
3 8896 8859 8761 
3 8764 8778 8860 
3 8830 8864 8905 
3 8865 8791 8862 
3 8745 8891 8852 
3 8799 8818 8906 
3 8907 8798 8854 
3 8880 8727 8899 
3 8831 8908 8843 
3 8717 8840 8885 
3 8870 8886 8909 
3 8885 8871 8847 
3 8910 8886 8887 
3 8887 8857 8876 
3 8888 8856 8911 
3 8804 8888 8912 
3 8902 8889 8895 
3 8913 8796 8830 
3 8829 8874 8788 
3 8914 8864 8851 
3 8897 8751 8793 
3 8915 8766 8794 
3 8869 8819 8916 
3 8917 8826 8883 
3 8840 8820 8918 
3 8919 8870 8909 
3 8909 8886 8910 
3 8902 8920 8876 
3 8834 8921 8850 
3 8890 8859 8896 
3 8796 8913 8861 
3 8830 8922 8913 
3 8874 8923 8835 
3 8754 8865 8924 
3 8867 8754 8924 
3 8866 8824 8878 
3 8925 8897 8793 
3 8809 8772 8842 
3 8843 8908 8881 
3 8836 8790 8926 
3 8870 8919 8884 
3 8911 8912 8888 
3 8876 8927 8887 
3 8927 8876 8928 
3 8928 8876 8929 
3 8920 8929 8876 
3 8920 8902 8930 
3 8830 8905 8922 
3 8922 8905 8914 
3 8905 8864 8914 
3 8851 8852 8931 
3 8932 8865 8862 
3 8816 8933 8878 
3 8868 8934 8792 
3 8898 8784 8817 
3 8810 8879 8819 
3 8893 8855 8844 
3 8935 8831 8855 
3 8775 8875 8899 
3 8845 8926 8790 
3 8917 8883 8884 
3 8927 8936 8887 
3 8920 8930 8937 
3 8929 8920 8937 
3 8930 8902 8937 
3 8937 8902 8895 
3 8849 8938 8895 
3 8858 8939 8823 
3 8814 8940 8828 
3 8934 8842 8792 
3 8941 8798 8907 
3 8811 8942 8882 
3 8775 8899 8802 
3 8826 8917 8875 
3 8943 8887 8936 
3 8850 8938 8849 
3 8858 8813 8944 
3 8814 8823 8939 
3 8860 8904 8764 
3 8890 8945 8769 
3 8945 8841 8769 
3 8835 8932 8862 
3 8946 8878 8933 
3 8947 8868 8797 
3 8793 8898 8925 
3 8794 8798 8941 
3 8863 8948 8854 
3 8935 8908 8831 
3 8926 8845 8882 
3 8901 8836 8926 
3 8901 8918 8820 
3 8918 8885 8840 
3 8936 8927 8928 
3 8929 8937 8949 
3 8949 8937 8895 
3 8872 8828 8940 
3 8874 8829 8950 
3 8931 8914 8851 
3 8816 8897 8933 
3 8906 8879 8799 
3 8893 8951 8855 
3 8882 8952 8926 
3 8887 8953 8910 
3 8943 8953 8887 
3 8877 8804 8912 
3 8929 8954 8928 
3 8806 8955 8813 
3 8956 8891 8866 
3 8956 8866 8878 
3 8957 8898 8817 
3 8915 8958 8766 
3 8908 8900 8881 
3 8882 8942 8959 
3 8928 8954 8936 
3 8841 8950 8829 
3 8913 8922 8914 
3 8867 8947 8797 
3 8809 8842 8960 
3 8794 8941 8915 
3 8853 8906 8818 
3 8893 8892 8951 
3 8900 8908 8935 
3 8884 8961 8917 
3 8962 8910 8953 
3 8943 8936 8954 
3 8929 8949 8954 
3 8955 8806 8877 
3 8895 8963 8949 
3 8964 8896 8903 
3 8874 8950 8923 
3 8932 8835 8923 
3 8865 8932 8965 
3 8956 8878 8946 
3 8933 8897 8966 
3 8838 8967 8817 
3 8916 8892 8869 
3 8882 8959 8952 
3 8919 8961 8884 
3 8968 8909 8910 
3 8910 8962 8968 
3 8911 8969 8912 
3 8970 8895 8938 
3 8921 8834 8971 
3 8872 8971 8834 
3 8972 8852 8891 
3 8933 8966 8946 
3 8967 8838 8958 
3 8958 8838 8766 
3 8906 8973 8879 
3 8879 8974 8819 
3 8942 8811 8900 
3 8954 8949 8963 
3 8850 8975 8938 
3 8945 8890 8976 
3 8913 8914 8977 
3 8925 8898 8957 
3 8957 8817 8978 
3 8854 8979 8907 
3 8916 8819 8974 
3 8980 8863 8795 
3 8795 8880 8980 
3 8980 8880 8899 
3 8981 8900 8935 
3 8968 8919 8909 
3 8871 8885 8982 
3 8856 8871 8983 
3 8813 8955 8944 
3 8984 8939 8858 
3 8904 8985 8903 
3 8972 8891 8956 
3 8892 8916 8986 
3 8855 8951 8935 
3 8987 8953 8943 
3 8970 8963 8895 
3 8975 8970 8938 
3 8988 8850 8921 
3 8944 8984 8858 
3 8896 8989 8890 
3 8913 8977 8861 
3 8925 8990 8897 
3 8991 8925 8957 
3 8918 8982 8885 
3 8919 8968 8961 
3 8987 8962 8953 
3 8940 8992 8872 
3 8896 8964 8989 
3 8903 8985 8964 
3 8904 8860 8985 
3 8967 8993 8817 
3 8993 8978 8817 
3 8809 8960 8994 
3 8809 8994 8853 
3 8906 8853 8995 
3 8996 8875 8917 
3 8983 8911 8856 
3 8997 8955 8877 
3 8841 8945 8998 
3 8931 8999 8914 
3 8957 8978 8991 
3 8958 8915 8941 
3 8994 8995 8853 
3 9000 8875 8996 
3 8944 8955 9001 
3 8988 8975 8850 
3 8988 8921 8971 
3 8872 8992 8971 
3 8814 8939 9002 
3 8860 8873 9003 
3 8841 9004 8950 
3 8923 9005 8932 
3 8852 8972 8931 
3 8865 8965 8924 
3 8867 8924 9006 
3 8934 8868 9007 
3 8991 9008 8925 
3 8960 8842 8934 
3 9009 8948 8863 
3 8980 9009 8863 
3 8892 8986 8951 
3 9000 8899 8875 
3 8982 9010 8871 
3 8814 9002 8940 
3 8890 9011 8976 
3 8932 9005 8965 
3 8947 8867 9006 
3 8897 9012 8966 
3 8990 9012 8897 
3 9008 8991 9013 
3 9014 8978 8993 
3 8958 9015 8967 
3 8979 8854 8948 
3 9016 8980 8899 
3 8899 9017 9016 
3 8952 9018 8926 
3 8901 9019 8918 
3 8877 8912 8969 
3 8985 9020 8964 
3 8989 9011 8890 
3 8976 8998 8945 
3 9021 8873 8861 
3 9021 8861 8977 
3 8978 9013 8991 
3 8941 9022 8958 
3 8973 8974 8879 
3 9023 8954 8963 
3 8873 9024 9003 
3 8998 9004 8841 
3 9025 8923 8950 
3 8924 8965 9026 
3 9006 9027 8947 
3 8868 8947 9027 
3 9007 8868 9027 
3 9014 8993 9015 
3 9015 8993 8967 
3 8958 9022 9015 
3 8973 8906 9028 
3 8935 9029 8981 
3 8961 8996 8917 
3 8918 9019 8982 
3 9030 8968 8962 
3 8983 8871 9010 
3 9031 8962 8987 
3 8943 9031 8987 
3 9023 8963 8970 
3 8931 9032 8999 
3 9033 8966 9012 
3 8990 8925 9008 
3 9014 9013 8978 
3 8942 8900 9034 
3 8899 9000 9017 
3 9000 9035 9017 
3 8914 8999 8977 
3 9026 9036 8924 
3 9036 9006 8924 
3 9033 8946 8966 
3 9022 8941 8907 
3 8901 8926 9018 
3 9037 9031 8943 
3 8954 9038 8943 
3 9005 9039 8965 
3 9040 8956 8946 
3 9012 8990 9041 
3 9041 8990 9008 
3 9022 8907 9042 
3 9042 8907 8979 
3 8948 9042 8979 
3 8916 9043 8986 
3 8980 9016 9044 
3 8981 9034 8900 
3 8877 8969 8997 
3 9001 9045 8944 
3 9046 8975 8988 
3 9047 8971 9048 
3 9044 9009 8980 
3 8916 8974 9043 
3 8986 9049 8951 
3 8996 9035 9000 
3 9030 9050 8961 
3 9030 8961 8968 
3 8997 9001 8955 
3 8988 8971 9047 
3 8940 9051 8992 
3 8964 9052 8989 
3 8977 8999 9053 
3 9040 8946 9033 
3 9022 9054 9015 
3 9055 8948 9009 
3 9055 9009 9056 
3 9056 9009 9044 
3 8951 9029 8935 
3 8959 9018 8952 
3 9037 8943 9038 
3 8975 9046 8970 
3 8964 9020 9052 
3 8860 9057 8985 
3 8860 9003 9057 
3 9024 8873 9021 
3 9004 9058 8950 
3 8931 9059 9032 
3 9039 9026 8965 
3 9008 9013 9060 
3 8948 9055 9042 
3 9061 8996 8961 
3 9050 9061 8961 
3 9062 9019 8901 
3 9019 9063 8982 
3 9064 8983 9010 
3 9065 9038 8954 
3 9023 9065 8954 
3 8939 9066 9002 
3 9002 9051 8940 
3 9025 8950 9058 
3 9059 8931 8972 
3 8906 8995 9067 
3 8959 8942 9034 
3 9068 9017 9035 
3 9018 9062 8901 
3 9069 9050 9030 
3 9030 8962 9070 
3 8962 9031 9070 
3 9071 8972 8956 
3 9013 9014 9072 
3 9073 9022 9042 
3 8974 8973 9074 
3 9035 8996 9075 
3 9010 8982 9063 
3 9045 8984 8944 
3 8984 9066 8939 
3 9076 8976 9011 
3 9077 9003 9024 
3 9004 8998 9076 
3 8999 9078 9053 
3 8972 9079 9059 
3 9079 8972 9071 
3 9028 8906 9067 
3 9056 9080 9055 
3 9044 9080 9056 
3 9043 9049 8986 
3 8981 9029 9081 
3 9016 9017 9068 
3 9050 9082 9061 
3 9064 9010 9063 
3 8969 8911 9083 
3 9084 9037 9038 
3 9051 9085 8992 
3 9025 9005 8923 
3 9072 9060 9013 
3 9086 9014 9015 
3 9086 9015 9054 
3 9028 9074 8973 
3 9043 8974 9074 
3 9087 9029 8951 
3 8970 9046 9088 
3 9046 8988 9089 
3 8998 8976 9076 
3 8956 9040 9071 
3 9014 9086 9072 
3 9054 9022 9073 
3 9090 9044 9016 
3 9087 8951 9049 
3 9082 8996 9061 
3 9050 9069 9082 
3 9037 9091 9031 
3 9047 9089 8988 
3 8971 8992 9085 
3 9092 8989 9052 
3 8985 9057 9020 
3 9003 9077 9057 
3 9024 9021 9093 
3 8977 9053 9021 
3 9005 9025 9094 
3 9078 8999 9032 
3 8995 8994 9067 
3 9042 9055 9073 
3 9090 9016 9095 
3 9096 9062 9018 
3 9083 8997 8969 
3 8970 9088 9023 
3 9045 9066 8984 
3 8971 9097 9048 
3 9085 9097 8971 
3 9058 9004 9076 
3 9059 9098 9032 
3 9012 9041 9099 
3 9100 8960 8934 
3 9101 9041 9008 
3 9074 9028 9102 
3 9080 9044 9103 
3 9095 9016 9068 
3 8996 9104 9075 
3 9031 9091 9070 
3 9065 9023 9105 
3 9099 9033 9012 
3 9007 9100 8934 
3 9106 9041 9101 
3 9101 9008 9060 
3 9043 9107 9049 
3 9068 9035 9075 
3 9104 8996 9082 
3 9063 9019 9108 
3 9109 9069 9030 
3 9109 9030 9070 
3 9105 9023 9088 
3 9002 9110 9051 
3 9111 9020 9057 
3 9011 8989 9092 
3 9024 9093 9077 
3 9039 9005 9112 
3 9060 9113 9101 
3 9054 9073 9086 
3 9055 9080 9073 
3 9029 9114 9081 
3 8983 9083 8911 
3 9037 9084 9091 
3 9038 9065 9115 
3 9048 9089 9047 
3 9113 9106 9101 
3 9080 9116 9073 
3 9117 9043 9074 
3 8981 9081 9034 
3 8959 9034 9118 
3 9119 9068 9075 
3 9019 9062 9120 
3 8983 9064 9121 
3 9001 8997 9122 
3 9111 9052 9020 
3 9039 9123 9026 
3 9027 9006 9124 
3 9033 9099 9125 
3 8994 8960 9126 
3 9127 9060 9072 
3 9128 9127 9072 
3 9086 9128 9072 
3 9067 9102 9028 
3 9116 9080 9103 
3 9117 9107 9043 
3 9090 9103 9044 
3 9018 8959 9129 
3 9120 9108 9019 
3 9064 9063 9121 
3 9130 9065 9105 
3 9066 9131 9002 
3 9097 9085 9132 
3 9085 9051 9133 
3 9134 9076 9011 
3 9032 9098 9078 
3 9059 9135 9098 
3 9136 9006 9036 
3 9007 9027 9137 
3 9138 9099 9041 
3 9126 8960 9100 
3 9113 9060 9127 
3 9114 9029 9087 
3 9139 9095 9068 
3 9132 9085 9133 
3 9110 9133 9051 
3 9140 9071 9040 
3 9113 9127 9128 
3 9067 8994 9141 
3 9142 9034 9081 
3 9075 9104 9119 
3 9129 9096 9018 
3 9062 9096 9120 
3 9143 9109 9070 
3 9084 9038 9144 
3 9045 9001 9122 
3 9115 9065 9145 
3 9092 9134 9011 
3 9123 9039 9112 
3 9135 9059 9079 
3 9071 9140 9079 
3 9146 9099 9138 
3 9041 9147 9138 
3 9041 9106 9147 
3 9073 9148 9086 
3 9049 9107 9087 
3 9143 9070 9091 
3 9083 8983 9121 
3 9083 9122 8997 
3 9046 9149 9088 
3 9093 9021 9053 
3 9123 9036 9026 
3 9126 9141 8994 
3 9148 9073 9116 
3 9142 9118 9034 
3 9144 9038 9115 
3 9045 9131 9066 
3 9089 9048 9150 
3 9110 9002 9151 
3 9152 9025 9058 
3 9033 9125 9040 
3 9153 9138 9147 
3 9106 9113 9147 
3 9086 9148 9128 
3 9074 9102 9117 
3 9090 9154 9103 
3 9155 9087 9107 
3 9154 9090 9095 
3 9114 9087 9156 
3 9157 9091 9084 
3 9097 9150 9048 
3 9057 9158 9111 
3 9124 9006 9136 
3 9040 9125 9159 
3 9119 9139 9068 
3 9145 9065 9130 
3 9088 9160 9105 
3 9132 9161 9097 
3 9158 9057 9077 
3 9094 9025 9152 
3 9125 9099 9162 
3 9081 9114 9142 
3 9118 9163 8959 
3 8959 9163 9129 
3 9164 9104 9082 
3 9143 9069 9109 
3 9151 9002 9131 
3 9165 9092 9052 
3 9094 9112 9005 
3 9136 9036 9166 
3 9100 9007 9167 
3 9146 9138 9153 
3 9102 9067 9168 
3 9169 9139 9119 
3 9163 9096 9129 
3 9053 9170 9093 
3 9170 9053 9078 
3 9123 9166 9036 
3 9027 9124 9171 
3 9099 9146 9162 
3 9137 9167 9007 
3 9142 9172 9118 
3 9164 9173 9104 
3 9108 9174 9063 
3 9091 9175 9143 
3 9046 9089 9176 
3 9176 9149 9046 
3 9111 9165 9052 
3 9093 9177 9077 
3 9098 9135 9078 
3 9178 9147 9113 
3 9113 9128 9178 
3 9104 9173 9119 
3 9121 9063 9174 
3 9150 9097 9161 
3 9151 9133 9110 
3 9058 9076 9179 
3 9171 9137 9027 
3 9168 9117 9102 
3 9169 9154 9095 
3 9169 9095 9139 
3 9175 9091 9157 
3 9122 9180 9045 
3 9144 9115 9181 
3 9182 9165 9111 
3 9076 9134 9183 
3 9093 9170 9184 
3 9040 9185 9140 
3 9186 9125 9162 
3 9141 9126 9187 
3 9117 9188 9107 
3 9107 9188 9155 
3 9163 9189 9096 
3 9190 9164 9082 
3 9191 9069 9143 
3 9182 9111 9158 
3 9158 9077 9177 
3 9094 9152 9192 
3 9112 9193 9123 
3 9040 9159 9185 
3 9186 9159 9125 
3 9168 9188 9117 
3 9103 9154 9194 
3 9189 9120 9096 
3 9144 9195 9084 
3 9144 9181 9196 
3 9132 9133 9197 
3 9161 9132 9197 
3 9198 9079 9140 
3 9126 9100 9199 
3 9082 9069 9190 
3 9069 9191 9190 
3 9200 9174 9108 
3 9131 9045 9201 
3 9130 9105 9160 
3 9160 9088 9149 
3 9078 9202 9170 
3 9155 9156 9087 
3 9157 9084 9195 
3 9203 9115 9145 
3 9197 9133 9151 
3 9112 9094 9192 
3 9079 9198 9135 
3 9193 9166 9123 
3 9136 9171 9124 
3 9147 9178 9204 
3 9128 9148 9205 
3 9163 9118 9172 
3 9175 9206 9143 
3 9203 9181 9115 
3 9150 9176 9089 
3 9207 9092 9165 
3 9076 9183 9179 
3 9152 9058 9179 
3 9153 9208 9146 
3 9168 9067 9209 
3 9103 9210 9116 
3 9103 9211 9210 
3 9194 9211 9103 
3 9180 9122 9212 
3 9180 9212 9045 
3 9149 9176 9213 
3 9176 9150 9214 
3 9182 9158 9215 
3 9093 9216 9177 
3 9078 9217 9202 
3 9217 9078 9135 
3 9167 9199 9100 
3 9141 9209 9067 
3 9169 9119 9218 
3 9108 9120 9200 
3 9143 9219 9191 
3 9121 9174 9220 
3 9201 9045 9212 
3 9203 9145 9130 
3 9171 9221 9137 
3 9153 9147 9222 
3 9187 9126 9199 
3 9205 9178 9128 
3 9148 9116 9205 
3 9223 9155 9188 
3 9224 9154 9169 
3 9225 9114 9156 
3 9226 9142 9114 
3 9119 9173 9218 
3 9083 9227 9122 
3 9202 9184 9170 
3 9228 9135 9198 
3 9166 9229 9136 
3 9230 9159 9186 
3 9167 9137 9221 
3 9225 9226 9114 
3 9231 9083 9121 
3 9212 9122 9227 
3 9130 9232 9203 
3 9134 9092 9233 
3 9171 9136 9234 
3 9208 9153 9222 
3 9188 9168 9235 
3 9210 9205 9116 
3 9154 9224 9194 
3 9142 9236 9172 
3 9120 9189 9237 
3 9083 9231 9227 
3 9160 9232 9130 
3 9238 9192 9152 
3 9166 9193 9239 
3 9185 9159 9230 
3 9186 9162 9240 
3 9162 9146 9241 
3 9204 9242 9147 
3 9243 9168 9209 
3 9211 9194 9244 
3 9155 9245 9156 
3 9143 9206 9219 
3 9246 9195 9144 
3 9144 9196 9246 
3 9197 9150 9161 
3 9247 9197 9151 
3 9182 9215 9248 
3 9233 9092 9207 
3 9183 9134 9233 
3 9238 9152 9179 
3 9140 9249 9198 
3 9234 9136 9229 
3 9243 9235 9168 
3 9250 9194 9224 
3 9236 9142 9226 
3 9237 9251 9120 
3 9151 9131 9252 
3 9160 9149 9213 
3 9182 9253 9165 
3 9254 9184 9202 
3 9240 9230 9186 
3 9221 9255 9167 
3 9199 9167 9255 
3 9147 9242 9222 
3 9205 9210 9256 
3 9257 9258 9189 
3 9259 9164 9190 
3 9237 9189 9258 
3 9251 9237 9258 
3 9251 9260 9120 
3 9120 9260 9200 
3 9200 9220 9174 
3 9150 9197 9261 
3 9182 9248 9253 
3 9192 9262 9112 
3 9229 9166 9239 
3 9140 9185 9249 
3 9211 9256 9210 
3 9245 9225 9156 
3 9189 9163 9263 
3 9175 9264 9206 
3 9265 9196 9181 
3 9181 9203 9265 
3 9213 9266 9160 
3 9261 9267 9150 
3 9240 9162 9241 
3 9208 9241 9146 
3 9187 9199 9268 
3 9243 9209 9269 
3 9270 9224 9169 
3 9259 9173 9164 
3 9258 9260 9251 
3 9271 9219 9206 
3 9227 9272 9212 
3 9273 9203 9232 
3 9232 9160 9266 
3 9213 9176 9214 
3 9267 9214 9150 
3 9274 9165 9253 
3 9216 9093 9184 
3 9208 9222 9275 
3 9269 9276 9243 
3 9235 9277 9188 
3 9245 9155 9223 
3 9252 9247 9151 
3 9135 9228 9217 
3 9229 9239 9278 
3 9279 9276 9269 
3 9279 9280 9276 
3 9280 9243 9276 
3 9280 9235 9243 
3 9244 9256 9211 
3 9188 9281 9223 
3 9226 9282 9236 
3 9173 9283 9218 
3 9263 9257 9189 
3 9220 9284 9121 
3 9121 9284 9231 
3 9195 9285 9157 
3 9252 9131 9201 
3 9214 9286 9213 
3 9253 9248 9274 
3 9207 9165 9274 
3 9287 9158 9177 
3 9288 9183 9233 
3 9193 9112 9262 
3 9185 9289 9249 
3 9255 9268 9199 
3 9290 9242 9204 
3 9187 9209 9141 
3 9271 9191 9219 
3 9264 9271 9206 
3 9157 9285 9175 
3 9212 9291 9201 
3 9158 9287 9215 
3 9179 9183 9288 
3 9249 9228 9198 
3 9289 9185 9230 
3 9204 9178 9290 
3 9205 9292 9178 
3 9280 9279 9269 
3 9293 9226 9225 
3 9227 9231 9294 
3 9203 9273 9265 
3 9214 9267 9295 
3 9247 9296 9197 
3 9261 9197 9296 
3 9215 9287 9248 
3 9238 9179 9297 
3 9217 9254 9202 
3 9278 9239 9193 
3 9298 9240 9241 
3 9208 9275 9241 
3 9178 9292 9290 
3 9256 9299 9205 
3 9281 9188 9277 
3 9300 9244 9194 
3 9191 9271 9190 
3 9301 9220 9200 
3 9302 9264 9175 
3 9272 9291 9212 
3 9201 9303 9252 
3 9261 9295 9267 
3 9192 9238 9304 
3 9192 9304 9262 
3 9217 9228 9305 
3 9187 9306 9209 
3 9209 9280 9269 
3 9307 9235 9280 
3 9308 9245 9223 
3 9224 9270 9250 
3 9172 9263 9163 
3 9271 9259 9190 
3 9196 9309 9246 
3 9275 9222 9310 
3 9256 9244 9300 
3 9245 9293 9225 
3 9169 9218 9311 
3 9283 9311 9218 
3 9283 9173 9259 
3 9294 9272 9227 
3 9312 9274 9248 
3 9254 9216 9184 
3 9278 9313 9229 
3 9313 9234 9229 
3 9171 9234 9314 
3 9280 9209 9307 
3 9205 9299 9292 
3 9236 9315 9172 
3 9311 9316 9169 
3 9309 9196 9265 
3 9303 9201 9291 
3 9295 9317 9214 
3 9317 9286 9214 
3 9318 9228 9249 
3 9230 9240 9289 
3 9313 9314 9234 
3 9298 9241 9275 
3 9306 9307 9209 
3 9277 9235 9307 
3 9308 9223 9281 
3 9257 9260 9258 
3 9295 9261 9296 
3 9314 9221 9171 
3 9221 9319 9255 
3 9187 9268 9320 
3 9306 9187 9320 
3 9300 9194 9250 
3 9263 9321 9257 
3 9260 9257 9321 
3 9302 9175 9285 
3 9285 9322 9302 
3 9322 9285 9195 
3 9296 9247 9323 
3 9207 9274 9324 
3 9287 9177 9216 
3 9216 9254 9325 
3 9255 9319 9268 
3 9326 9277 9307 
3 9236 9282 9315 
3 9270 9169 9316 
3 9266 9213 9327 
3 9312 9324 9274 
3 9328 9179 9288 
3 9314 9329 9221 
3 9222 9330 9310 
3 9330 9222 9242 
3 9330 9242 9290 
3 9260 9301 9200 
3 9252 9331 9247 
3 9213 9286 9327 
3 9254 9217 9332 
3 9249 9289 9333 
3 9334 9290 9292 
3 9293 9245 9308 
3 9311 9283 9335 
3 9231 9284 9294 
3 9266 9336 9232 
3 9233 9337 9288 
3 9193 9262 9338 
3 9314 9313 9339 
3 9292 9299 9334 
3 9256 9340 9299 
3 9263 9172 9315 
3 9322 9195 9246 
3 9295 9296 9341 
3 9327 9336 9266 
3 9342 9238 9297 
3 9304 9238 9342 
3 9278 9193 9343 
3 9344 9345 9313 
3 9313 9345 9339 
3 9314 9339 9346 
3 9275 9347 9298 
3 9246 9348 9322 
3 9286 9317 9349 
3 9349 9327 9286 
3 9350 9207 9324 
3 9233 9207 9350 
3 9216 9351 9287 
3 9297 9179 9328 
3 9228 9318 9305 
3 9344 9313 9278 
3 9345 9352 9339 
3 9346 9339 9352 
3 9319 9221 9329 
3 9298 9353 9240 
3 9319 9320 9268 
3 9271 9354 9259 
3 9220 9301 9355 
3 9220 9355 9284 
3 9323 9341 9296 
3 9337 9328 9288 
3 9338 9343 9193 
3 9333 9356 9249 
3 9346 9352 9345 
3 9346 9329 9314 
3 9315 9282 9357 
3 9265 9358 9309 
3 9291 9359 9303 
3 9273 9232 9360 
3 9349 9317 9361 
3 9362 9312 9248 
3 9363 9310 9330 
3 9330 9290 9364 
3 9282 9226 9365 
3 9366 9301 9260 
3 9294 9284 9367 
3 9303 9368 9252 
3 9361 9295 9341 
3 9317 9295 9361 
3 9324 9312 9362 
3 9369 9248 9287 
3 9233 9350 9337 
3 9342 9297 9370 
3 9305 9371 9217 
3 9338 9262 9372 
3 9240 9373 9289 
3 9306 9320 9374 
3 9375 9334 9299 
3 9326 9281 9277 
3 9357 9282 9365 
3 9355 9367 9284 
3 9376 9360 9232 
3 9336 9327 9377 
3 9304 9342 9372 
3 9262 9304 9372 
3 9318 9371 9305 
3 9249 9356 9318 
3 9345 9329 9346 
3 9353 9298 9347 
3 9310 9347 9275 
3 9364 9363 9330 
3 9293 9365 9226 
3 9354 9271 9264 
3 9273 9360 9265 
3 9247 9331 9323 
3 9232 9336 9377 
3 9373 9240 9353 
3 9326 9307 9378 
3 9316 9379 9270 
3 9380 9263 9315 
3 9260 9321 9381 
3 9348 9246 9309 
3 9248 9369 9362 
3 9216 9382 9351 
3 9371 9332 9217 
3 9344 9278 9383 
3 9344 9329 9345 
3 9334 9364 9290 
3 9316 9311 9335 
3 9321 9263 9380 
3 9381 9366 9260 
3 9384 9272 9294 
3 9216 9385 9382 
3 9386 9371 9318 
3 9307 9306 9387 
3 9299 9340 9375 
3 9264 9388 9354 
3 9355 9301 9389 
3 9309 9358 9348 
3 9265 9390 9358 
3 9368 9331 9252 
3 9361 9341 9391 
3 9351 9382 9385 
3 9216 9325 9385 
3 9356 9386 9318 
3 9392 9333 9289 
3 9379 9250 9270 
3 9283 9259 9393 
3 9394 9259 9354 
3 9303 9359 9368 
3 9376 9232 9377 
3 9395 9325 9254 
3 9332 9395 9254 
3 9356 9333 9392 
3 9396 9289 9373 
3 9397 9353 9347 
3 9320 9319 9398 
3 9374 9320 9398 
3 9381 9321 9399 
3 9366 9389 9301 
3 9400 9324 9362 
3 9383 9278 9343 
3 9347 9310 9401 
3 9306 9374 9387 
3 9402 9300 9250 
3 9355 9389 9403 
3 9367 9355 9403 
3 9404 9264 9302 
3 9324 9400 9350 
3 9369 9287 9351 
3 9297 9328 9370 
3 9319 9329 9405 
3 9401 9310 9363 
3 9256 9406 9340 
3 9407 9408 9281 
3 9408 9308 9281 
3 9402 9256 9300 
3 9409 9293 9308 
3 9402 9250 9379 
3 9283 9393 9335 
3 9388 9264 9404 
3 9294 9367 9410 
3 9384 9294 9410 
3 9327 9349 9411 
3 9351 9385 9412 
3 9385 9325 9412 
3 9372 9342 9413 
3 9326 9407 9281 
3 9414 9366 9381 
3 9389 9366 9414 
3 9322 9415 9302 
3 9291 9272 9359 
3 9265 9360 9390 
3 9370 9413 9342 
3 9406 9256 9402 
3 9316 9335 9379 
3 9380 9315 9416 
3 9259 9417 9393 
3 9259 9394 9417 
3 9341 9323 9418 
3 9419 9328 9337 
3 9319 9405 9420 
3 9388 9394 9354 
3 9302 9415 9421 
3 9322 9348 9415 
3 9327 9422 9377 
3 9412 9369 9351 
3 9413 9370 9423 
3 9374 9424 9387 
3 9321 9380 9399 
3 9302 9421 9404 
3 9359 9425 9368 
3 9376 9426 9360 
3 9418 9391 9341 
3 9427 9349 9361 
3 9428 9337 9350 
3 9372 9429 9338 
3 9430 9289 9396 
3 9344 9383 9431 
3 9401 9397 9347 
3 9378 9307 9387 
3 9365 9293 9432 
3 9432 9357 9365 
3 9427 9411 9349 
3 9419 9433 9328 
3 9433 9370 9328 
3 9332 9371 9395 
3 9383 9343 9434 
3 9329 9344 9405 
3 9420 9398 9319 
3 9398 9435 9374 
3 9436 9334 9375 
3 9326 9378 9437 
3 9432 9293 9409 
3 9315 9357 9416 
3 9272 9384 9438 
3 9439 9348 9358 
3 9440 9331 9368 
3 9331 9440 9323 
3 9391 9427 9361 
3 9376 9377 9422 
3 9422 9327 9411 
3 9441 9412 9325 
3 9364 9334 9436 
3 9442 9402 9379 
3 9358 9390 9439 
3 9360 9426 9443 
3 9343 9429 9434 
3 9373 9444 9396 
3 9444 9373 9353 
3 9378 9387 9437 
3 9437 9407 9326 
3 9445 9414 9381 
3 9446 9410 9367 
3 9323 9440 9447 
3 9350 9400 9428 
3 9386 9448 9371 
3 9289 9430 9392 
3 9340 9406 9375 
3 9308 9408 9449 
3 9409 9308 9449 
3 9432 9409 9450 
3 9360 9443 9390 
3 9447 9418 9323 
3 9337 9428 9419 
3 9423 9370 9433 
3 9429 9343 9338 
3 9392 9430 9356 
3 9344 9431 9405 
3 9435 9424 9374 
3 9424 9451 9387 
3 9437 9387 9451 
3 9437 9452 9407 
3 9389 9414 9445 
3 9438 9359 9272 
3 9446 9384 9410 
3 9438 9384 9453 
3 9425 9454 9368 
3 9454 9440 9368 
3 9422 9426 9376 
3 9353 9397 9444 
3 9455 9357 9432 
3 9456 9416 9357 
3 9335 9457 9379 
3 9399 9380 9458 
3 9459 9394 9388 
3 9403 9446 9367 
3 9422 9411 9460 
3 9363 9461 9401 
3 9462 9364 9436 
3 9450 9409 9463 
3 9381 9399 9464 
3 9445 9465 9389 
3 9466 9426 9422 
3 9460 9466 9422 
3 9362 9467 9400 
3 9395 9468 9325 
3 9413 9469 9372 
3 9416 9458 9380 
3 9464 9399 9458 
3 9388 9470 9459 
3 9359 9438 9471 
3 9472 9440 9454 
3 9400 9467 9428 
3 9412 9473 9369 
3 9474 9433 9419 
3 9475 9395 9371 
3 9448 9476 9371 
3 9469 9429 9372 
3 9477 9383 9434 
3 9478 9420 9405 
3 9363 9364 9479 
3 9480 9424 9435 
3 9452 9481 9407 
3 9481 9408 9407 
3 9449 9463 9409 
3 9463 9432 9450 
3 9464 9445 9381 
3 9482 9446 9403 
3 9483 9415 9348 
3 9447 9391 9418 
3 9484 9427 9391 
3 9473 9362 9369 
3 9476 9475 9371 
3 9448 9386 9356 
3 9431 9383 9477 
3 9480 9451 9424 
3 9485 9375 9406 
3 9416 9456 9458 
3 9393 9486 9335 
3 9403 9389 9465 
3 9421 9487 9404 
3 9411 9427 9488 
3 9467 9362 9473 
3 9474 9419 9428 
3 9325 9489 9441 
3 9395 9475 9468 
3 9398 9490 9435 
3 9364 9462 9479 
3 9375 9485 9491 
3 9457 9335 9486 
3 9417 9492 9393 
3 9421 9415 9493 
3 9348 9494 9483 
3 9439 9494 9348 
3 9454 9495 9472 
3 9488 9427 9484 
3 9496 9434 9429 
3 9401 9497 9397 
3 9436 9375 9491 
3 9402 9442 9406 
3 9463 9455 9432 
3 9394 9459 9492 
3 9482 9403 9465 
3 9446 9498 9384 
3 9494 9439 9499 
3 9471 9425 9359 
3 9426 9500 9443 
3 9466 9500 9426 
3 9497 9401 9461 
3 9449 9408 9481 
3 9379 9457 9501 
3 9417 9394 9492 
3 9446 9482 9502 
3 9471 9438 9453 
3 9495 9454 9425 
3 9428 9467 9503 
3 9423 9433 9504 
3 9325 9468 9489 
3 9448 9505 9476 
3 9496 9477 9434 
3 9430 9506 9356 
3 9507 9405 9431 
3 9508 9393 9492 
3 9404 9487 9388 
3 9415 9483 9493 
3 9390 9443 9509 
3 9440 9472 9447 
3 9413 9510 9469 
3 9448 9356 9511 
3 9451 9480 9512 
3 9451 9513 9437 
3 9449 9514 9463 
3 9498 9446 9502 
3 9447 9515 9391 
3 9515 9484 9391 
3 9441 9473 9412 
3 9476 9505 9475 
3 9513 9451 9512 
3 9485 9406 9516 
3 9449 9481 9514 
3 9393 9508 9486 
3 9421 9493 9487 
3 9453 9384 9498 
3 9439 9390 9509 
3 9473 9503 9467 
3 9517 9474 9428 
3 9433 9474 9504 
3 9505 9448 9511 
3 9396 9444 9518 
3 9490 9519 9435 
3 9512 9520 9513 
3 9520 9437 9513 
3 9455 9521 9357 
3 9466 9460 9522 
3 9428 9503 9517 
3 9468 9475 9523 
3 9510 9413 9423 
3 9478 9405 9507 
3 9397 9524 9444 
3 9524 9397 9497 
3 9525 9490 9398 
3 9519 9480 9435 
3 9526 9462 9436 
3 9455 9463 9514 
3 9388 9487 9470 
3 9495 9425 9471 
3 9439 9509 9499 
3 9460 9411 9527 
3 9489 9468 9523 
3 9469 9528 9429 
3 9506 9430 9396 
3 9529 9420 9478 
3 9363 9479 9461 
3 9486 9508 9530 
3 9458 9531 9464 
3 9532 9483 9494 
3 9533 9494 9499 
3 9447 9472 9515 
3 9437 9520 9452 
3 9456 9357 9521 
3 9534 9508 9492 
3 9482 9465 9535 
3 9411 9488 9527 
3 9500 9466 9522 
3 9536 9473 9441 
3 9489 9536 9441 
3 9510 9423 9537 
3 9528 9469 9510 
3 9538 9431 9477 
3 9529 9525 9420 
3 9420 9525 9398 
3 9539 9485 9516 
3 9540 9442 9379 
3 9541 9445 9464 
3 9542 9459 9470 
3 9543 9356 9506 
3 9544 9507 9431 
3 9545 9497 9461 
3 9525 9519 9490 
3 9520 9512 9452 
3 9546 9535 9465 
3 9547 9453 9498 
3 9493 9483 9532 
3 9494 9533 9532 
3 9500 9509 9443 
3 9484 9515 9548 
3 9549 9517 9503 
3 9537 9423 9504 
3 9543 9511 9356 
3 9485 9539 9491 
3 9457 9486 9530 
3 9465 9445 9546 
3 9535 9502 9482 
3 9502 9550 9498 
3 9551 9471 9453 
3 9484 9548 9488 
3 9549 9474 9517 
3 9552 9479 9462 
3 9436 9553 9526 
3 9436 9491 9553 
3 9516 9406 9554 
3 9521 9455 9555 
3 9514 9555 9455 
3 9379 9501 9540 
3 9501 9457 9530 
3 9445 9541 9546 
3 9522 9460 9527 
3 9474 9549 9556 
3 9474 9556 9504 
3 9557 9429 9528 
3 9506 9396 9558 
3 9559 9406 9442 
3 9492 9459 9542 
3 9498 9550 9547 
3 9493 9532 9560 
3 9453 9547 9551 
3 9561 9532 9533 
3 9495 9471 9551 
3 9551 9562 9495 
3 9556 9563 9504 
3 9563 9537 9504 
3 9537 9564 9510 
3 9505 9565 9475 
3 9557 9496 9429 
3 9444 9566 9518 
3 9567 9566 9444 
3 9442 9540 9559 
3 9531 9541 9464 
3 9472 9495 9562 
3 9472 9568 9515 
3 9569 9489 9523 
3 9543 9570 9511 
3 9557 9571 9496 
3 9572 9477 9496 
3 9558 9396 9518 
3 9545 9524 9497 
3 9479 9573 9461 
3 9516 9574 9539 
3 9559 9554 9406 
3 9521 9575 9456 
3 9456 9575 9458 
3 9575 9531 9458 
3 9576 9550 9502 
3 9533 9499 9561 
3 9577 9568 9472 
3 9500 9522 9578 
3 9552 9462 9526 
3 9516 9554 9574 
3 9579 9559 9540 
3 9532 9561 9560 
3 9551 9547 9580 
3 9580 9562 9551 
3 9489 9581 9536 
3 9556 9549 9563 
3 9537 9563 9582 
3 9523 9475 9565 
3 9461 9573 9545 
3 9552 9526 9583 
3 9501 9584 9585 
3 9586 9470 9487 
3 9472 9562 9580 
3 9568 9548 9515 
3 9549 9503 9473 
3 9473 9536 9587 
3 9549 9582 9563 
3 9564 9528 9510 
3 9538 9477 9572 
3 9544 9588 9507 
3 9507 9588 9478 
3 9576 9502 9535 
3 9580 9577 9472 
3 9536 9581 9587 
3 9569 9581 9489 
3 9582 9564 9537 
3 9523 9565 9589 
3 9518 9590 9558 
3 9544 9431 9538 
3 9567 9444 9524 
3 9583 9526 9553 
3 9512 9591 9452 
3 9481 9452 9592 
3 9501 9585 9540 
3 9492 9593 9534 
3 9492 9542 9593 
3 9470 9586 9594 
3 9487 9493 9586 
3 9509 9561 9499 
3 9473 9587 9549 
3 9569 9523 9589 
3 9505 9511 9595 
3 9511 9570 9595 
3 9518 9566 9590 
3 9529 9478 9588 
3 9519 9596 9480 
3 9501 9597 9584 
3 9594 9542 9470 
3 9493 9560 9586 
3 9488 9548 9598 
3 9509 9500 9599 
3 9527 9578 9522 
3 9600 9549 9587 
3 9582 9549 9600 
3 9564 9582 9600 
3 9543 9506 9601 
3 9538 9572 9602 
3 9524 9603 9567 
3 9597 9501 9530 
3 9508 9604 9530 
3 9542 9605 9593 
3 9576 9547 9550 
3 9509 9606 9561 
3 9607 9581 9569 
3 9607 9569 9589 
3 9564 9608 9528 
3 9565 9505 9609 
3 9571 9610 9496 
3 9506 9558 9601 
3 9611 9479 9552 
3 9612 9491 9539 
3 9613 9584 9597 
3 9614 9534 9593 
3 9593 9615 9614 
3 9615 9593 9605 
3 9535 9546 9616 
3 9500 9578 9599 
3 9527 9488 9617 
3 9587 9618 9600 
3 9618 9587 9581 
3 9595 9609 9505 
3 9557 9528 9619 
3 9545 9603 9524 
3 9611 9573 9479 
3 9525 9620 9519 
3 9596 9621 9480 
3 9612 9553 9491 
3 9622 9575 9521 
3 9613 9597 9530 
3 9614 9615 9605 
3 9605 9623 9614 
3 9623 9605 9542 
3 9548 9568 9624 
3 9617 9488 9598 
3 9581 9607 9618 
3 9565 9609 9589 
3 9543 9625 9570 
3 9566 9626 9590 
3 9596 9519 9620 
3 9583 9627 9552 
3 9627 9583 9553 
3 9553 9612 9627 
3 9481 9628 9514 
3 9629 9559 9579 
3 9628 9630 9514 
3 9540 9585 9579 
3 9604 9508 9534 
3 9531 9631 9541 
3 9546 9541 9632 
3 9632 9616 9546 
3 9560 9561 9633 
3 9600 9634 9564 
3 9608 9564 9634 
3 9635 9589 9609 
3 9571 9557 9636 
3 9610 9572 9496 
3 9621 9512 9480 
3 9637 9481 9592 
3 9559 9629 9554 
3 9534 9614 9638 
3 9606 9509 9599 
3 9599 9578 9639 
3 9527 9617 9578 
3 9618 9640 9600 
3 9640 9618 9607 
3 9600 9640 9634 
3 9640 9607 9589 
3 9591 9512 9621 
3 9641 9521 9555 
3 9638 9614 9623 
3 9624 9568 9577 
3 9589 9635 9640 
3 9636 9610 9571 
3 9544 9538 9602 
3 9545 9642 9603 
3 9574 9643 9539 
3 9452 9591 9592 
3 9629 9579 9585 
3 9514 9630 9555 
3 9644 9631 9531 
3 9580 9645 9577 
3 9624 9646 9548 
3 9647 9598 9548 
3 9528 9608 9648 
3 9619 9528 9648 
3 9649 9543 9601 
3 9650 9545 9573 
3 9530 9651 9613 
3 9531 9575 9652 
3 9638 9604 9534 
3 9541 9631 9632 
3 9645 9580 9547 
3 9647 9548 9646 
3 9634 9653 9608 
3 9610 9602 9572 
3 9628 9555 9630 
3 9521 9641 9622 
3 9530 9604 9651 
3 9535 9616 9632 
3 9654 9542 9594 
3 9577 9655 9624 
3 9640 9656 9634 
3 9635 9656 9640 
3 9625 9595 9570 
3 9649 9625 9543 
3 9545 9650 9642 
3 9657 9525 9529 
3 9620 9525 9657 
3 9611 9552 9627 
3 9637 9628 9481 
3 9613 9585 9584 
3 9658 9576 9535 
3 9577 9645 9659 
3 9634 9656 9653 
3 9660 9635 9609 
3 9648 9608 9653 
3 9557 9619 9636 
3 9641 9555 9628 
3 9661 9535 9632 
3 9654 9623 9542 
3 9547 9662 9645 
3 9529 9588 9663 
3 9661 9658 9535 
3 9577 9659 9655 
3 9646 9624 9655 
3 9664 9653 9656 
3 9665 9609 9595 
3 9601 9558 9666 
3 9626 9566 9567 
3 9544 9663 9588 
3 9612 9539 9643 
3 9554 9629 9667 
3 9668 9651 9604 
3 9644 9531 9652 
3 9547 9576 9669 
3 9561 9606 9633 
3 9648 9653 9664 
3 9609 9665 9660 
3 9544 9602 9670 
3 9671 9567 9603 
3 9663 9657 9529 
3 9672 9622 9641 
3 9613 9651 9668 
3 9662 9547 9669 
3 9673 9633 9606 
3 9674 9617 9598 
3 9664 9656 9635 
3 9635 9660 9664 
3 9619 9675 9636 
3 9676 9590 9626 
3 9671 9603 9642 
3 9650 9573 9611 
3 9677 9678 9621 
3 9679 9592 9591 
3 9622 9652 9575 
3 9680 9638 9623 
3 9681 9594 9586 
3 9586 9560 9682 
3 9645 9662 9683 
3 9626 9567 9671 
3 9677 9621 9596 
3 9621 9679 9591 
3 9574 9554 9667 
3 9631 9644 9684 
3 9680 9623 9654 
3 9594 9681 9654 
3 9655 9659 9685 
3 9599 9673 9606 
3 9595 9625 9665 
3 9686 9649 9601 
3 9627 9687 9611 
3 9688 9629 9585 
3 9689 9639 9578 
3 9578 9617 9689 
3 9690 9626 9671 
3 9612 9691 9627 
3 9692 9585 9613 
3 9652 9684 9644 
3 9576 9658 9693 
3 9693 9669 9576 
3 9660 9694 9664 
3 9675 9619 9648 
3 9625 9649 9665 
3 9601 9666 9686 
3 9666 9558 9590 
3 9666 9590 9676 
3 9695 9611 9687 
3 9652 9622 9672 
3 9669 9693 9662 
3 9682 9560 9633 
3 9659 9645 9685 
3 9696 9599 9639 
3 9697 9648 9664 
3 9694 9660 9665 
3 9596 9620 9698 
3 9643 9691 9612 
3 9699 9621 9678 
3 9699 9679 9621 
3 9681 9586 9700 
3 9586 9682 9700 
3 9646 9655 9685 
3 9599 9696 9673 
3 9598 9647 9701 
3 9694 9697 9664 
3 9675 9648 9702 
3 9703 9671 9642 
3 9704 9698 9620 
3 9592 9705 9637 
3 9585 9692 9688 
3 9693 9683 9662 
3 9698 9677 9596 
3 9706 9643 9574 
3 9629 9707 9667 
3 9708 9628 9637 
3 9638 9709 9604 
3 9684 9632 9631 
3 9598 9710 9674 
3 9674 9689 9617 
3 9648 9697 9702 
3 9711 9636 9712 
3 9636 9675 9712 
3 9711 9610 9636 
3 9650 9703 9642 
3 9650 9611 9695 
3 9713 9592 9679 
3 9714 9701 9647 
3 9715 9694 9665 
3 9602 9716 9670 
3 9670 9717 9544 
3 9704 9620 9657 
3 9613 9668 9718 
3 9632 9719 9661 
3 9683 9685 9645 
3 9649 9720 9665 
3 9671 9703 9690 
3 9657 9663 9704 
3 9679 9699 9713 
3 9637 9705 9708 
3 9718 9668 9721 
3 9684 9722 9632 
3 9719 9632 9722 
3 9723 9682 9633 
3 9715 9697 9694 
3 9663 9544 9717 
3 9724 9592 9713 
3 9725 9672 9641 
3 9604 9721 9668 
3 9604 9709 9721 
3 9726 9685 9683 
3 9714 9647 9646 
3 9598 9701 9710 
3 9674 9727 9689 
3 9711 9716 9610 
3 9706 9574 9667 
3 9592 9724 9705 
3 9722 9684 9728 
3 9729 9638 9680 
3 9723 9633 9673 
3 9646 9685 9726 
3 9674 9710 9727 
3 9715 9665 9730 
3 9716 9602 9610 
3 9731 9676 9626 
3 9627 9732 9687 
3 9706 9733 9643 
3 9707 9706 9667 
3 9629 9734 9707 
3 9734 9629 9688 
3 9613 9718 9692 
3 9654 9735 9680 
3 9646 9726 9714 
3 9736 9666 9676 
3 9641 9628 9708 
3 9737 9652 9672 
3 9684 9652 9738 
3 9638 9729 9709 
3 9739 9680 9735 
3 9740 9681 9700 
3 9696 9639 9741 
3 9741 9639 9689 
3 9649 9686 9720 
3 9670 9742 9717 
3 9650 9695 9743 
3 9688 9744 9734 
3 9738 9728 9684 
3 9654 9681 9735 
3 9658 9661 9745 
3 9746 9697 9715 
3 9675 9747 9712 
3 9675 9702 9747 
3 9730 9665 9720 
3 9716 9742 9670 
3 9748 9687 9732 
3 9627 9691 9732 
3 9692 9744 9688 
3 9749 9725 9641 
3 9672 9725 9737 
3 9693 9750 9683 
3 9751 9700 9682 
3 9666 9752 9686 
3 9753 9641 9708 
3 9729 9680 9739 
3 9722 9754 9719 
3 9754 9661 9719 
3 9681 9740 9755 
3 9693 9658 9745 
3 9751 9740 9700 
3 9695 9687 9748 
3 9678 9756 9699 
3 9713 9699 9724 
3 9728 9757 9722 
3 9754 9722 9757 
3 9681 9755 9735 
3 9750 9693 9758 
3 9751 9682 9723 
3 9673 9759 9723 
3 9663 9760 9704 
3 9761 9707 9734 
3 9734 9744 9762 
3 9641 9753 9749 
3 9693 9745 9758 
3 9673 9696 9759 
3 9763 9714 9726 
3 9763 9701 9714 
3 9727 9710 9701 
3 9697 9764 9702 
3 9686 9765 9720 
3 9742 9766 9717 
3 9626 9690 9767 
3 9691 9643 9733 
3 9706 9707 9768 
3 9661 9754 9769 
3 9683 9750 9770 
3 9726 9683 9770 
3 9741 9689 9727 
3 9771 9712 9747 
3 9771 9747 9702 
3 9736 9676 9731 
3 9704 9760 9698 
3 9732 9691 9772 
3 9677 9698 9773 
3 9678 9677 9774 
3 9756 9775 9699 
3 9705 9724 9776 
3 9709 9729 9721 
3 9777 9757 9728 
3 9757 9777 9754 
3 9745 9661 9769 
3 9778 9740 9751 
3 9696 9741 9779 
3 9780 9727 9701 
3 9716 9781 9742 
3 9752 9666 9736 
3 9766 9663 9717 
3 9748 9732 9772 
3 9734 9762 9761 
3 9744 9692 9782 
3 9692 9718 9782 
3 9721 9782 9718 
3 9783 9738 9652 
3 9738 9777 9728 
3 9778 9751 9723 
3 9696 9779 9759 
3 9741 9784 9779 
3 9727 9784 9741 
3 9785 9771 9702 
3 9786 9711 9712 
3 9702 9787 9785 
3 9711 9786 9716 
3 9767 9731 9626 
3 9690 9703 9767 
3 9788 9703 9650 
3 9695 9748 9789 
3 9698 9760 9773 
3 9774 9756 9678 
3 9775 9724 9699 
3 9707 9761 9768 
3 9708 9790 9753 
3 9754 9777 9769 
3 9663 9766 9760 
3 9706 9791 9733 
3 9749 9753 9792 
3 9725 9793 9737 
3 9777 9738 9783 
3 9735 9794 9739 
3 9702 9764 9787 
3 9697 9746 9764 
3 9795 9730 9720 
3 9650 9743 9788 
3 9789 9743 9695 
3 9677 9773 9796 
3 9776 9724 9775 
3 9652 9737 9793 
3 9735 9755 9794 
3 9785 9797 9771 
3 9716 9786 9781 
3 9764 9746 9798 
3 9765 9799 9720 
3 9800 9752 9736 
3 9796 9774 9677 
3 9691 9733 9801 
3 9791 9706 9768 
3 9790 9708 9705 
3 9753 9790 9792 
3 9762 9744 9782 
3 9783 9652 9793 
3 9740 9778 9755 
3 9779 9802 9759 
3 9701 9763 9780 
3 9712 9803 9786 
3 9803 9712 9771 
3 9746 9804 9798 
3 9746 9715 9804 
3 9752 9765 9686 
3 9756 9774 9805 
3 9777 9783 9806 
3 9806 9769 9777 
3 9720 9799 9795 
3 9767 9807 9731 
3 9703 9788 9767 
3 9801 9772 9691 
3 9808 9791 9768 
3 9805 9775 9756 
3 9705 9809 9790 
3 9793 9725 9749 
3 9729 9810 9721 
3 9750 9758 9811 
3 9715 9812 9804 
3 9812 9715 9730 
3 9807 9800 9736 
3 9813 9748 9772 
3 9801 9733 9791 
3 9762 9814 9761 
3 9815 9782 9721 
3 9806 9816 9769 
3 9769 9817 9745 
3 9759 9802 9723 
3 9802 9779 9784 
3 9784 9727 9780 
3 9771 9797 9803 
3 9818 9764 9798 
3 9795 9812 9730 
3 9819 9765 9752 
3 9736 9731 9807 
3 9805 9774 9820 
3 9775 9805 9820 
3 9814 9768 9761 
3 9776 9821 9705 
3 9822 9778 9723 
3 9764 9818 9787 
3 9742 9781 9823 
3 9742 9823 9766 
3 9772 9801 9813 
3 9776 9775 9824 
3 9793 9825 9783 
3 9726 9770 9826 
3 9787 9797 9785 
3 9827 9799 9765 
3 9752 9800 9828 
3 9705 9821 9809 
3 9762 9782 9829 
3 9792 9790 9809 
3 9830 9810 9729 
3 9817 9831 9745 
3 9758 9745 9831 
3 9818 9798 9804 
3 9765 9819 9827 
3 9828 9800 9807 
3 9774 9796 9832 
3 9832 9820 9774 
3 9749 9792 9793 
3 9769 9816 9817 
3 9811 9833 9750 
3 9750 9833 9770 
3 9723 9802 9822 
3 9786 9803 9834 
3 9786 9834 9781 
3 9788 9743 9835 
3 9836 9743 9789 
3 9789 9748 9837 
3 9838 9768 9814 
3 9776 9839 9821 
3 9840 9821 9839 
3 9821 9840 9809 
3 9841 9815 9721 
3 9721 9810 9841 
3 9825 9806 9783 
3 9729 9739 9830 
3 9842 9811 9758 
3 9770 9833 9826 
3 9826 9763 9726 
3 9784 9843 9802 
3 9844 9767 9788 
3 9837 9836 9789 
3 9832 9796 9845 
3 9838 9846 9768 
3 9775 9820 9847 
3 9778 9794 9755 
3 9780 9763 9848 
3 9799 9827 9795 
3 9836 9835 9743 
3 9791 9849 9801 
3 9808 9768 9846 
3 9847 9850 9775 
3 9824 9775 9850 
3 9824 9851 9776 
3 9839 9776 9851 
3 9829 9782 9815 
3 9830 9852 9810 
3 9780 9853 9784 
3 9834 9803 9797 
3 9797 9787 9854 
3 9855 9787 9818 
3 9856 9804 9812 
3 9813 9801 9849 
3 9820 9857 9847 
3 9809 9858 9792 
3 9852 9841 9810 
3 9811 9842 9859 
3 9804 9860 9818 
3 9861 9812 9795 
3 9813 9837 9748 
3 9796 9773 9845 
3 9846 9862 9808 
3 9846 9838 9862 
3 9863 9814 9762 
3 9858 9809 9840 
3 9806 9825 9864 
3 9865 9830 9739 
3 9794 9865 9739 
3 9758 9831 9842 
3 9859 9833 9811 
3 9822 9802 9866 
3 9866 9802 9843 
3 9867 9834 9797 
3 9856 9812 9861 
3 9868 9752 9828 
3 9788 9835 9844 
3 9773 9760 9869 
3 9791 9808 9870 
3 9871 9862 9838 
3 9872 9871 9838 
3 9838 9814 9872 
3 9851 9824 9850 
3 9863 9762 9829 
3 9851 9873 9839 
3 9839 9873 9840 
3 9793 9792 9874 
3 9825 9793 9874 
3 9864 9816 9806 
3 9865 9875 9830 
3 9822 9794 9778 
3 9876 9763 9826 
3 9853 9843 9784 
3 9848 9853 9780 
3 9860 9804 9856 
3 9877 9827 9819 
3 9760 9766 9878 
3 9879 9835 9836 
3 9845 9773 9880 
3 9791 9870 9849 
3 9862 9871 9881 
3 9814 9863 9872 
3 9815 9841 9882 
3 9882 9852 9875 
3 9852 9882 9841 
3 9830 9875 9852 
3 9874 9864 9825 
3 9797 9854 9867 
3 9827 9877 9795 
3 9828 9807 9883 
3 9884 9766 9823 
3 9885 9767 9844 
3 9845 9880 9886 
3 9832 9887 9820 
3 9857 9820 9887 
3 9871 9888 9881 
3 9850 9873 9851 
3 9863 9829 9889 
3 9876 9826 9833 
3 9890 9856 9861 
3 9861 9795 9877 
3 9837 9813 9891 
3 9880 9773 9869 
3 9845 9892 9832 
3 9893 9887 9832 
3 9894 9895 9887 
3 9888 9894 9881 
3 9894 9896 9895 
3 9896 9894 9888 
3 9897 9887 9895 
3 9898 9895 9896 
3 9898 9899 9895 
3 9899 9898 9896 
3 9899 9896 9888 
3 9887 9897 9857 
3 9897 9895 9899 
3 9897 9899 9888 
3 9888 9872 9897 
3 9888 9871 9872 
3 9900 9847 9857 
3 9850 9847 9900 
3 9901 9840 9873 
3 9840 9901 9858 
3 9815 9889 9829 
3 9794 9902 9865 
3 9903 9854 9787 
3 9819 9904 9877 
3 9884 9878 9766 
3 9892 9845 9886 
3 9905 9808 9862 
3 9887 9893 9906 
3 9894 9906 9881 
3 9906 9894 9887 
3 9857 9897 9907 
3 9900 9857 9907 
3 9889 9872 9863 
3 9858 9908 9792 
3 9792 9908 9874 
3 9875 9909 9882 
3 9816 9864 9910 
3 9816 9910 9817 
3 9865 9911 9875 
3 9831 9817 9910 
3 9912 9794 9822 
3 9866 9913 9822 
3 9848 9763 9914 
3 9853 9848 9914 
3 9781 9834 9823 
3 9860 9855 9818 
3 9904 9819 9752 
3 9808 9905 9870 
3 9881 9906 9862 
3 9915 9907 9897 
3 9915 9897 9872 
3 9916 9850 9900 
3 9850 9916 9873 
3 9889 9815 9917 
3 9918 9917 9815 
3 9815 9882 9918 
3 9918 9882 9919 
3 9919 9882 9909 
3 9864 9874 9908 
3 9902 9911 9865 
3 9910 9920 9831 
3 9921 9859 9842 
3 9912 9902 9794 
3 9843 9913 9866 
3 9876 9914 9763 
3 9853 9914 9843 
3 9922 9787 9855 
3 9807 9767 9885 
3 9923 9869 9760 
3 9869 9886 9880 
3 9832 9892 9893 
3 9924 9862 9906 
3 9915 9925 9907 
3 9925 9900 9907 
3 9872 9917 9915 
3 9872 9889 9917 
3 9875 9911 9926 
3 9842 9831 9921 
3 9912 9822 9913 
3 9876 9833 9927 
3 9914 9876 9928 
3 9760 9878 9923 
3 9836 9837 9891 
3 9929 9891 9813 
3 9930 9813 9849 
3 9869 9892 9886 
3 9892 9924 9893 
3 9924 9906 9893 
3 9862 9924 9905 
3 9900 9925 9916 
3 9915 9917 9925 
3 9917 9918 9919 
3 9908 9858 9901 
3 9875 9931 9909 
3 9926 9931 9875 
3 9908 9932 9864 
3 9910 9864 9932 
3 9926 9911 9933 
3 9831 9920 9921 
3 9833 9859 9927 
3 9928 9876 9927 
3 9913 9843 9914 
3 9856 9890 9860 
3 9879 9844 9835 
3 9836 9891 9879 
3 9934 9916 9925 
3 9873 9935 9901 
3 9901 9932 9908 
3 9931 9926 9933 
3 9936 9910 9932 
3 9933 9937 9936 
3 9910 9936 9937 
3 9933 9911 9937 
3 9920 9910 9937 
3 9938 9937 9911 
3 9920 9937 9938 
3 9911 9902 9938 
3 9921 9920 9938 
3 9787 9922 9903 
3 9752 9868 9904 
3 9930 9849 9939 
3 9917 9934 9925 
3 9935 9873 9916 
3 9919 9934 9917 
3 9935 9940 9901 
3 9919 9909 9931 
3 9932 9901 9940 
3 9941 9932 9940 
3 9936 9932 9941 
3 9941 9933 9936 
3 9933 9941 9931 
3 9921 9938 9942 
3 9938 9943 9942 
3 9943 9938 9902 
3 9902 9912 9943 
3 9944 9943 9912 
3 9927 9859 9921 
3 9912 9913 9944 
3 9927 9921 9928 
3 9944 9913 9928 
3 9913 9914 9928 
3 9861 9945 9890 
3 9885 9883 9807 
3 9939 9849 9870 
3 9934 9946 9916 
3 9916 9946 9947 
3 9935 9916 9947 
3 9934 9931 9946 
3 9934 9919 9931 
3 9946 9931 9947 
3 9947 9948 9935 
3 9935 9948 9940 
3 9947 9931 9948 
3 9948 9941 9940 
3 9948 9931 9941 
3 9942 9943 9949 
3 9942 9949 9921 
3 9943 9944 9949 
3 9949 9944 9928 
3 9928 9921 9949 
3 9950 9860 9890 
3 9924 9951 9905 
3 9854 9903 9867 
3 9861 9877 9945 
3 9828 9883 9868 
3 9952 9929 9813 
3 9953 9867 9903 
3 9823 9954 9884 
3 9869 9955 9892 
3 9956 9870 9905 
3 9890 9945 9950 
3 9879 9891 9957 
3 9953 9958 9867 
3 9959 9834 9867 
3 9922 9855 9860 
3 9954 9823 9834 
3 9923 9878 9960 
3 9960 9869 9923 
3 9930 9952 9813 
3 9961 9892 9955 
3 9892 9961 9924 
3 9961 9951 9924 
3 9867 9958 9959 
3 9962 9885 9844 
3 9891 9929 9957 
3 9963 9961 9955 
3 9952 9930 9939 
3 9905 9951 9956 
3 9953 9903 9958 
3 9834 9959 9954 
3 9883 9964 9868 
3 9962 9844 9879 
3 9939 9870 9956 
3 9965 9877 9904 
3 9964 9904 9868 
3 9966 9878 9884 
3 9869 9967 9955 
3 9967 9963 9955 
3 9958 9903 9968 
3 9945 9877 9965 
3 9954 9969 9884 
3 9970 9922 9860 
3 9969 9959 9958 
3 9969 9954 9959 
3 9961 9963 9971 
3 9971 9951 9961 
3 9860 9972 9970 
3 9885 9962 9883 
3 9967 9971 9963 
3 9956 9951 9973 
3 9973 9939 9956 
3 9968 9903 9922 
3 9860 9950 9972 
3 9964 9965 9904 
3 9966 9960 9878 
3 9962 9879 9974 
3 9879 9957 9974 
3 9975 9950 9945 
3 9869 9960 9967 
3 9952 9939 9976 
3 9973 9951 9971 
3 9968 9969 9958 
3 9969 9966 9884 
3 9945 9965 9975 
3 9977 9974 9957 
3 9939 9973 9976 
3 9975 9972 9950 
3 9970 9978 9922 
3 9968 9966 9969 
3 9964 9883 9962 
3 9929 9952 9976 
3 9922 9978 9968 
3 9964 9979 9965 
3 9977 9962 9974 
3 9977 9957 9929 
3 9967 9960 9980 
3 9960 9966 9981 
3 9967 9982 9971 
3 9975 9983 9972 
3 9964 9962 9984 
3 9982 9967 9980 
3 9972 9985 9970 
3 9962 9977 9984 
3 9980 9960 9981 
3 9983 9985 9972 
3 9982 9986 9971 
3 9976 9987 9929 
3 9970 9985 9978 
3 9984 9979 9964 
3 9986 9973 9971 
3 9977 9929 9987 
3 9978 9988 9968 
3 9976 9973 9989 
3 9980 9981 9982 
3 9968 9981 9966 
3 9965 9990 9975 
3 9991 9985 9983 
3 9965 9979 9990 
3 9984 9992 9979 
3 9981 9993 9982 
3 9994 9989 9973 
3 9985 9988 9978 
3 9995 9991 9983 
3 9995 9983 9975 
3 9968 9993 9981 
3 9987 9996 9977 
3 9976 9989 9987 
3 9986 9994 9973 
3 9977 9996 9984 
3 9990 9995 9975 
3 9991 9988 9985 
3 9968 9988 9993 
3 9987 9989 9996 
3 9979 9992 9990 
3 9982 9997 9986 
3 9995 9998 9991 
3 9998 9995 9990 
3 9984 9996 9992 
3 9993 9997 9982 
3 9994 9986 9997 
3 9994 9996 9989 
3 9993 9988 9991 
3 9990 9992 9998 
3 9999 9993 9991 
3 9992 9996 10000 
3 9999 9991 9998 
3 9999 9997 9993 
3 9994 9997 9999 
3 10000 9996 9994 
3 9999 9998 10001 
3 9994 9999 10001 
3 9998 9992 10000 
3 10001 9998 10000 
3 10000 9994 10001 

