# vtk DataFile Version 3.0
vtk output
ASCII
DATASET POLYDATA
POINTS 10002 double
-11.3637 -18.9431 -139.284 -10.2706 -18.2674 -139.953 -9.90055 -20.0393 -138.933 
-8.94349 -18.5707 -139.7 -9.49078 -16.502 -140.436 -8.00471 -17.7509 -139.689 
-7.99112 -16.6335 -140.03 -8.03797 -14.8148 -140.112 -11.628 -16.4567 -140.017 
-9.88906 -13.8168 -140.804 -11.1663 -14.5621 -140.826 -12.0988 -14.1675 -140.363 
-11.8295 -13.6207 -140.866 -11.4397 -12.9327 -140.719 -10.2405 -22.2154 -137.044 
-11.2614 -21.5754 -137.619 -10.2407 -21.36 -138.057 -8.93338 -21.4385 -137.411 
-7.46089 -19.2924 -138.174 -10.9839 -20.839 -138.448 -6.70878 -16.6259 -138.97 
-12.0829 -20.139 -138.04 -11.1657 -20.1874 -138.842 -6.24966 -14.0378 -138.968 
-12.6606 -17.5518 -138.643 -7.46875 -13.37 -139.872 -6.9856 -12.627 -139.523 
-8.31993 -12.1482 -140.153 -12.9829 -16.0194 -138.826 -12.5997 -16.2713 -139.385 
-12.6942 -14.8528 -139.288 -10.2469 -11.9553 -140.686 -9.5276 -10.0518 -140.123 
-12.4751 -12.7395 -139.359 -12.0957 -13.2438 -140.539 -11.3901 -11.1682 -140.038 
-10.873 -9.47151 -139.781 -8.49657 -22.3721 -135.956 -9.37507 -22.611 -136.246 
-7.47949 -21.3212 -136.35 -5.79721 -19.9295 -136.053 -10.3646 -23.1381 -135.616 
-4.91998 -17.2797 -137.145 -11.5402 -22.5482 -136.218 -5.11093 -15.4083 -137.956 
-12.6145 -22.1055 -135.729 -12.2804 -21.5119 -136.893 -4.84827 -14.1723 -137.92 
-4.96716 -12.6707 -138.009 -12.8613 -21.4444 -136.095 -12.975 -20.4958 -136.433 
-6.16298 -12.599 -138.935 -13.2096 -18.6212 -136.855 -6.4131 -11.5076 -138.974 
-13.4188 -16.7663 -137.18 -7.26834 -9.66466 -139.165 -13.2176 -16.2739 -138.149 
-13.4272 -15.8081 -137.512 -13.2796 -14.9849 -137.907 -8.45525 -8.25103 -139.438 
-13.0943 -13.6101 -138.131 -9.77241 -8.35291 -139.702 -12.3718 -11.2638 -138.843 
-11.9018 -10.1874 -139.006 -11.477 -9.13319 -139.019 -10.7593 -8.29407 -139.262 
-4.80419 -20.0235 -134.885 -5.95354 -21.1194 -134.671 -3.5329 -18.0919 -135.62 
-7.86479 -22.5314 -134.81 -9.2139 -23.3855 -134.461 -6.81603 -21.5898 -135.116 
-10.4929 -23.8652 -134.106 -3.2431 -16.3754 -136.353 -3.55968 -14.5535 -136.988 
-1.41015 -15.5047 -135.906 -11.4338 -23.5612 -134.601 -12.444 -23.016 -134.584 
-12.9358 -22.3223 -134.813 -3.32425 -12.2025 -136.954 -13.3672 -21.2318 -134.507 
-4.61215 -10.1032 -137.424 -13.6449 -19.2185 -135.218 -14.046 -16.8108 -134.865 
-6.24845 -8.4642 -138.15 -13.6616 -15.2029 -136.403 -7.31602 -7.98976 -138.789 
-6.78711 -7.34689 -138.017 -13.525 -13.474 -136.492 -8.08414 -6.88896 -138.496 
-13.1403 -12.5442 -137.462 -12.8862 -11.7284 -137.772 -9.11014 -7.33143 -139.182 
-12.6223 -10.6957 -137.497 -12.0643 -9.49661 -137.818 -10.0465 -7.36504 -139.052 
-9.5417 -6.48458 -138.312 -11.4217 -8.40539 -138.276 -10.8002 -7.59392 -138.568 
-10.4367 -6.96717 -138.277 21.0409 -16.1485 -136.303 21.4825 -16.5803 -135.972 
20.1997 -17.3934 -135.648 21.8614 -15.6809 -136.034 20.6329 -14.7908 -136.491 
19.3747 -15.977 -136.566 18.1815 -16.7028 -136.256 18.6304 -15.0855 -136.83 
16.2911 -17.6006 -135.285 17.1055 -15.8853 -136.413 17.4522 -14.5043 -136.806 
19.0644 -12.9981 -136.855 15.2545 -15.4857 -135.864 16.9995 -13.3018 -136.835 
17.9384 -11.4681 -136.83 15.2161 -13.3555 -136.472 16.3541 -12.1972 -136.866 
16.3356 -10.6462 -136.593 12.7923 -14.3519 -135.722 15.4326 -12.4592 -136.689 
15.8329 -12.2014 -136.827 15.9 -11.7454 -136.765 15.3486 -12.0494 -136.645 
9.16421 -15.6314 -135.779 9.93766 -16.452 -135.326 8.99971 -17.686 -134.76 
10.4968 -15.7306 -135.48 6.3753 -18.4434 -134.595 7.47597 -16.9208 -135.662 
6.11947 -17.0502 -135.687 6.38627 -15.1516 -136.181 10.8556 -14.5282 -135.776 
9.69059 -12.7366 -136.104 3.94318 -17.1242 -135.224 6.6949 -12.8084 -136.524 
7.36301 -10.2163 -136.208 3.04367 -14.7504 -136.124 2.28613 -18.2227 -134.137 
2.00053 -17.3612 -134.866 1.08324 -16.4109 -135.382 4.72136 -13.4983 -136.589 
5.34135 -12.153 -136.594 3.19877 -12.9488 -136.421 4.1995 -12.57 -136.601 
4.14739 -11.2642 -136.209 0.509685 -17.9766 -134.279 -1.43016 -17.7884 -134.787 
0.791247 -14.6526 -135.977 1.50059 -13.0948 -136.148 -5.12485 -21.077 -133.598 
-6.97304 -22.4132 -133.464 -3.44474 -19.5096 -134.241 -0.122072 -13.5546 -136.052 
2.4519 -11.9946 -136.151 2.44478 -10.5982 -135.682 -8.24719 -23.3 -133.416 
-1.59825 -12.8553 -136.269 0.190695 -11.7775 -135.899 1.52796 -11.7359 -135.955 
-9.97989 -24.2281 -132.615 -11.3268 -24.2983 -132.696 -12.1615 -23.8321 -133.378 
-1.06124 -11.5819 -136.042 -12.871 -23.5199 -132.475 -2.19908 -11.1078 -136.339 
-13.1066 -22.5901 -133.743 -2.08287 -9.38098 -135.784 -3.84132 -8.71508 -136.366 
-14.0616 -19.1629 -133.676 -13.9854 -18.3935 -134.485 -5.34454 -7.7172 -136.897 
-13.9634 -15.0139 -135.255 -13.8891 -14.0839 -135.405 -7.02614 -6.2215 -137.161 
-13.4191 -11.7153 -135.755 -8.66688 -5.59375 -137.408 -12.6906 -9.81868 -135.708 
-11.9124 -8.7111 -136.954 -11.2187 -7.53641 -137.35 -10.5154 -6.57139 -137.504 
-10.0267 -5.76511 -137.095 19.7028 -19.7663 -134.003 22.448 -19.2081 -133.45 
22.8212 -16.8005 -134.902 23.0022 -15.0138 -135.174 23.4435 -15.9239 -134.831 
17.3568 -20.2352 -133.469 18.4209 -19.0469 -134.805 21.9827 -14.6703 -136.034 
22.1473 -13.4416 -135.684 17.0445 -18.9867 -134.669 17.9576 -18.0608 -135.497 
15.5326 -19.2518 -133.815 20.9422 -12.3562 -136.226 13.6252 -18.2664 -133.74 
19.8988 -10.3978 -136.115 12.6752 -16.436 -134.797 17.9071 -9.84834 -136.385 
10.9435 -16.6979 -134.826 11.9835 -15.7296 -135.132 9.38406 -18.8027 -133.694 
8.02635 -19.8515 -132.995 10.2307 -18.1163 -133.968 11.4399 -15.3974 -135.374 
14.1459 -12.1337 -136.259 15.2861 -11.3417 -136.501 16.4012 -9.12086 -136.117 
5.71863 -20.1998 -132.958 11.3798 -13.5087 -135.912 12.087 -12.6487 -135.979 
14.6265 -10.0282 -136.101 15.6712 -9.71139 -136.294 12.3691 -10.8082 -135.923 
15.3741 -9.29249 -136.106 3.82516 -19.2686 -133.438 10.5605 -9.63909 -135.831 
2.32607 -19.2563 -133.025 2.35109 -18.8952 -133.468 0.8537 -19.1414 -132.941 
9.41708 -8.34527 -135.789 -1.81806 -19.4657 -133.204 8.15069 -8.60642 -136.096 
-3.23351 -20.4926 -132.563 -4.38381 -21.2069 -132.355 -3.67171 -20.4092 -133.21 
7.51054 -8.82484 -136.16 6.71734 -8.52821 -135.831 5.1525 -9.27033 -135.649 
-7.97584 -23.4642 -132.121 -8.93942 -23.8924 -132.622 -7.1121 -22.9331 -132.082 
-6.02858 -22.211 -132.211 3.75927 -9.8883 -135.609 1.24968 -10.9855 -135.702 
0.697127 -9.67547 -135.222 3.35459 -8.36604 -134.742 -10.5991 -24.6521 -130.913 
-12.2719 -24.2314 -132.045 -0.822882 -10.7078 -135.82 -13.5188 -22.4137 -131.883 
-14.0865 -20.4848 -132.006 -3.34123 -7.53135 -135.273 -14.3795 -17.7909 -133.411 
-14.1334 -18.0942 -134.101 -14.2623 -14.4521 -134.43 -14.0677 -13.0758 -134.721 
-7.70066 -4.63084 -135.811 -11.9965 -8.26151 -135.571 -11.185 -6.72845 -135.918 
-9.46052 -4.60156 -136.257 -10.4961 -5.461 -136.096 24.1029 -17.9487 -133.393 
24.3319 -16.5426 -133.624 19.4059 -21.4336 -132.117 18.9956 -20.8853 -133.016 
20.6822 -20.7756 -132.727 23.7245 -16.2464 -134.516 23.8751 -15.5676 -134.361 
17.9227 -21.3189 -132.229 16.4102 -21.0148 -132.117 23.4662 -13.4965 -134.324 
23.7667 -14.7231 -134.345 15.2063 -20.2227 -132.607 22.239 -11.0114 -134.892 
13.4003 -19.6648 -132.279 14.2959 -19.4448 -133.06 12.8004 -19.0324 -132.742 
21.1354 -9.58439 -135.344 11.9486 -19.1745 -132.438 11.5504 -17.9981 -133.698 
20.3402 -9.0238 -135.44 9.45417 -20.1301 -131.995 8.70771 -20.5605 -131.779 
9.08925 -20.0529 -132.424 10.0591 -19.3688 -132.663 18.2893 -8.16477 -135.397 
7.52879 -21.0989 -131.466 6.01479 -21.1918 -131.508 4.89458 -20.8942 -131.963 
16.1519 -8.11398 -135.624 3.93809 -20.4678 -132.108 4.69821 -20.3842 -132.649 
14.9819 -8.56568 -135.74 15.1861 -7.77627 -135.404 15.9761 -7.21406 -135.118 
2.1739 -19.9468 -132 13.0114 -8.10889 -135.326 14.4106 -7.89351 -135.37 
14.5759 -7.282 -135.076 11.1101 -8.07307 -135.459 0.891743 -19.6518 -132.072 
11.6944 -7.48206 -135.183 0.0314275 -19.7484 -131.816 -0.996172 -19.8481 -132.007 
0.611669 -20.0245 -131.378 10.4817 -7.11991 -135.22 8.50321 -7.72907 -135.742 
9.17522 -7.29156 -135.452 9.34493 -6.80441 -135.2 -2.93811 -20.7242 -131.437 
-5.0769 -21.9278 -131.091 7.64225 -7.9562 -135.852 7.85906 -6.5044 -134.943 
-7.06902 -23.0942 -130.935 6.95201 -7.57909 -135.484 -8.99009 -24.1323 -130.979 
5.60605 -7.4301 -134.877 -11.8082 -24.6351 -130.829 1.46166 -7.79529 -134.105 
-12.6506 -24.2469 -130.827 -13.1715 -23.6053 -130.81 -0.813282 -7.58407 -134.17 
-2.45262 -7.289 -134.521 -14.5981 -18.4312 -131.989 -3.24245 -6.99999 -134.663 
-2.95326 -7.17729 -134.632 -3.83091 -6.47341 -134.61 -14.8989 -16.3302 -132.564 
-5.41386 -5.91935 -135.309 -15.2124 -14.5845 -132.524 -14.6913 -15.0474 -133.473 
-14.8909 -13.465 -133.241 -14.4577 -12.0524 -133.624 -13.8453 -10.7308 -133.598 
-12.8937 -8.77937 -133.37 -11.9866 -7.74203 -134.561 -11.8516 -6.93915 -133.846 
-8.70999 -3.89029 -135.658 -11.0505 -5.84897 -135.076 -10.4051 -4.86986 -135.343 
-9.8751 -4.22649 -135.48 -9.29982 -3.78282 -135.134 23.749 -20.1213 -131.783 
22.3396 -20.7101 -132.012 24.7805 -18.949 -131.888 20.8427 -21.6095 -130.996 
25.0751 -17.6201 -132.416 18.859 -22.1953 -129.393 17.7622 -21.9535 -130.438 
18.6284 -21.8077 -131.123 24.354 -14.9004 -133.41 16.9912 -21.5956 -131.172 
14.8813 -20.9237 -131.087 24.2184 -13.6325 -133.237 24.0095 -12.1588 -133.035 
23.4207 -10.5122 -133.605 12.1723 -20.2932 -130.749 22.807 -9.71594 -134.025 
21.5244 -8.40452 -134.345 10.9411 -19.7663 -131.666 9.92632 -20.3711 -130.988 
8.25554 -21.181 -130.391 19.3014 -6.21561 -134.083 6.73581 -21.7079 -130.167 
5.35804 -21.8263 -130.018 3.68679 -21.1839 -130.452 16.5623 -5.83434 -134.293 
1.12468 -20.5723 -130.364 15.0914 -6.38458 -134.652 13.7883 -6.50064 -134.667 
14.5067 -5.27765 -134.101 12.8577 -6.69047 -134.749 12.58 -5.39072 -134.269 
-1.04085 -20.4074 -130.47 11.963 -6.79015 -134.883 10.9575 -5.96553 -134.709 
10.6222 -4.48732 -134.095 -2.97913 -20.9602 -129.733 -4.35057 -21.6015 -129.922 
9.7159 -6.25797 -134.944 10.1755 -5.56741 -134.654 -5.99018 -22.5374 -129.846 
9.28187 -5.38917 -134.585 -8.0573 -23.6322 -128.915 8.22971 -5.1152 -134.306 
-9.83602 -24.5642 -129.501 6.75768 -5.54973 -133.988 7.32326 -5.19299 -134 
-11.1934 -24.7448 -129.141 4.36839 -7.18522 -134.291 4.69981 -6.53367 -133.907 
5.81921 -6.00806 -133.917 -12.2513 -24.5483 -129.626 3.80924 -6.85624 -133.809 
-12.8516 -24.0835 -129.693 2.59561 -6.95888 -133.549 -13.3433 -23.1008 -129.682 
0.907772 -7.1771 -133.568 1.58395 -7.03082 -133.438 -13.9315 -21.6147 -130.226 
-14.5548 -19.6155 -129.981 -2.72142 -6.5348 -133.83 -4.20677 -5.34448 -133.442 
-15.2643 -17.1086 -130.56 -6.114 -4.12045 -132.923 -15.8289 -14.818 -131.346 
-15.5946 -13.6197 -132.196 -15.8717 -12.0153 -132.227 -14.7177 -11.4688 -132.877 
-8.18057 -3.48481 -134.274 -14.7472 -10.8468 -132.481 -14.0947 -9.90176 -132.465 
-11.0875 -5.4171 -133.917 -10.1402 -4.2097 -134.26 -9.24239 -3.42224 -133.383 
23.1485 -21.0667 -130.531 24.7998 -20.0313 -130.462 25.7298 -19.0366 -130.016 
25.7104 -17.8786 -130.877 22.0219 -21.7376 -129.994 20.9873 -22.0902 -129.346 
25.2677 -16.1978 -131.819 24.864 -14.0666 -131.989 16.5534 -21.7697 -129.9 
14.0245 -21.1913 -128.989 24.1467 -10.7313 -132.649 23.9399 -9.04801 -132.696 
24.3897 -10.1871 -132.264 12.1891 -20.6901 -129.393 10.907 -20.6002 -129.447 
22.1737 -7.41978 -133.685 22.9401 -7.60425 -133.234 22.4833 -6.99355 -133.338 
9.289 -20.9568 -129.225 21.399 -6.45365 -133.607 7.63702 -21.5763 -128.473 
5.86167 -22.0466 -128.806 20.2337 -5.81099 -133.775 20.6729 -5.48405 -133.501 
4.58443 -21.9043 -128.995 19.7108 -4.86238 -133.356 3.26435 -21.5604 -128.185 
17.483 -3.98698 -133.073 1.7151 -21.0694 -128.916 -0.240911 -20.7645 -128.852 
15.3615 -4.00773 -133.342 13.669 -3.88058 -133.449 -2.90673 -20.9683 -127.875 
-4.19299 -21.4718 -128.741 12.1691 -3.66664 -133.515 -5.83758 -22.33 -128.629 
10.8989 -2.32103 -132.718 9.04253 -4.31899 -134.007 9.76044 -3.39923 -133.591 
-9.97239 -24.5107 -128.04 7.75538 -4.31723 -133.496 8.69383 -3.3975 -133.226 
9.56665 -2.80771 -133.129 -11.0214 -24.5715 -127.558 6.19168 -4.78704 -132.918 
-12.2851 -24.0064 -128.162 4.0289 -5.78641 -132.855 -13.574 -21.847 -127.966 
1.21294 -6.27017 -132.544 -1.2656 -6.22226 -132.632 -3.03963 -5.58289 -132.647 
-2.36381 -5.92917 -132.661 -3.50411 -4.91208 -131.595 -15.108 -18.217 -129.339 
-4.5747 -4.52698 -132.358 -15.9 -15.7515 -130.041 -16.5258 -14.7788 -130.029 
-17.0743 -13.4483 -131.026 -16.0899 -13.45 -131.723 -7.69 -3.17907 -132.53 
-13.8302 -8.86347 -131.991 -13.2646 -8.20751 -132.026 -8.4451 -3.06429 -132.913 
-18.6818 -12.795 -130.978 -17.9289 -12.0205 -131.611 -15.2517 -9.60151 -131.84 
-12.7311 -7.54675 -132.394 -12.094 -6.19952 -132.444 -10.9792 -4.53885 -132.421 
-10.0448 -3.86007 -133.13 -17.9576 -9.97433 -131.787 -19.8882 -11.6015 -131.406 
-21.3845 -11.1687 -131.453 -20.8904 -9.44948 -131.697 24.3455 -20.7665 -129.082 
22.587 -21.721 -128.741 25.4781 -19.8468 -128.898 26.1372 -18.1363 -128.979 
25.9463 -16.7577 -129.727 21.0815 -22.2719 -128.137 19.9157 -22.3852 -128.407 
19.1726 -22.4337 -128.427 25.57 -15.0829 -130.391 18.8586 -22.4368 -128.411 
18.383 -22.3779 -128.38 25.2704 -13.8884 -130.827 16.8976 -22.0734 -128.281 
25.1007 -12.5993 -130.92 24.6136 -11.509 -131.894 24.8471 -9.83502 -131.628 
24.7536 -10.7366 -131.701 24.8592 -8.85191 -131.7 24.8493 -9.22153 -131.692 
11.9431 -20.7604 -128.361 23.9795 -7.37392 -132.402 24.523 -7.69583 -132.036 
10.2789 -20.7435 -127.942 23.049 -6.29985 -132.676 8.99995 -21.0865 -128.085 
21.4924 -4.61843 -132.727 23.4011 -4.7058 -131.938 6.22605 -21.9839 -127.595 
4.87685 -21.9986 -127.588 19.4631 -3.0662 -132.255 1.97481 -21.2135 -127.905 
0.826464 -20.9471 -127.776 -0.79521 -20.7754 -127.536 14.4315 -2.82049 -132.711 
13.0259 -2.63583 -132.82 -5.45917 -21.901 -127.444 -7.46249 -22.9315 -127.173 
-9.04173 -23.8643 -127.12 -10.1399 -24.2447 -126.75 8.90863 -2.53814 -132.306 
-11.0432 -23.9669 -126.35 7.19031 -3.51475 -132.02 4.90634 -4.61262 -131.591 
5.89508 -4.08828 -131.557 3.19687 -5.02027 -131.104 -12.2058 -23.1785 -126.207 
-12.8954 -22.0665 -125.822 1.34761 -5.29904 -130.679 -0.370952 -5.58065 -131.11 
-14.6895 -19.2747 -128.108 -2.11548 -5.46944 -131.467 -15.647 -16.9735 -128.746 
-4.51525 -4.36103 -131.005 -16.2177 -15.6031 -129.362 -16.8164 -15.3663 -128.471 
-17.4453 -14.2252 -129.703 -18.3509 -13.5579 -130.153 -8.76911 -3.10791 -130.889 
-19.9421 -12.9792 -130.129 -13.8584 -7.19524 -131.387 -12.3952 -5.39812 -131.372 
-9.93102 -3.58284 -132.063 -10.6832 -3.7614 -131.324 -16.5226 -7.80052 -131.275 
-21.3055 -12.0105 -130.871 -17.9413 -8.3927 -131.637 -22.3175 -11.0192 -130.838 
-18.9906 -8.56662 -131.791 -18.3156 -7.29581 -131.402 -19.5952 -7.79532 -131.738 
-19.0943 -7.25269 -131.601 -19.3915 -6.92526 -131.444 -20.608 -7.59824 -131.695 
-20.6161 -6.28383 -131.092 -23.4704 -9.19622 -130.908 -22.217 -7.69315 -131.556 
-23.522 -7.85807 -131.32 24.9825 -20.4278 -127.718 23.8416 -21.1975 -127.671 
25.6251 -19.6462 -127.2 26.0178 -19.0832 -128.512 22.7034 -21.7499 -127.298 
21.5704 -22.1136 -127.325 20.7647 -22.3323 -127.284 20.1626 -22.3985 -127.5 
18.7023 -22.3805 -127.548 25.9952 -15.7325 -128.876 25.7811 -14.8603 -129.441 
25.5579 -13.8824 -129.841 16.7985 -22.1069 -126.834 25.4831 -12.9609 -129.818 
25.5681 -12.3683 -129.658 25.5165 -11.7363 -130 25.1935 -11.3286 -130.832 
15.0319 -21.6085 -127.062 25.406 -10.4026 -130.638 25.6937 -8.80104 -130.437 
13.0257 -20.9315 -127.123 24.8656 -8.1537 -131.669 25.0819 -6.49083 -131.205 
11.5266 -20.6016 -127.122 10.5473 -20.527 -126.558 8.86033 -20.9206 -126.7 
7.13068 -21.5414 -126.797 22.4972 -3.77059 -132.086 23.1803 -3.51217 -131.678 
5.74183 -21.7096 -126.433 21.7815 -2.52718 -131.639 4.71137 -21.7998 -126.532 
3.89389 -21.6626 -126.865 2.34356 -21.1712 -126.844 0.365536 -20.7328 -126.572 
16.6825 -1.57034 -131.348 15.7374 -2.80278 -132.489 -1.70337 -20.6027 -126.455 
14.9532 -2.01532 -132.018 14.8634 -1.42067 -131.525 14.1093 -1.53349 -131.778 
13.9224 -2.08055 -132.286 -3.04408 -20.7449 -126.587 -3.99802 -20.9364 -126.363 
12.9681 -1.60328 -132.08 -5.27899 -21.4722 -126.35 11.916 -0.893403 -131.608 
-6.91522 -22.2739 -126.191 -9.03672 -23.0425 -125.513 9.3697 -1.62733 -131.526 
7.60269 -2.36561 -130.526 5.16377 -3.85109 -130.021 2.63514 -4.68784 -129.487 
0.40561 -5.15398 -129.379 -13.7642 -20.4033 -125.94 -1.20455 -5.27163 -130.056 
-2.55974 -5.09933 -129.606 -3.56264 -4.68129 -130.341 -14.9786 -18.2794 -126.677 
-15.9133 -16.7238 -127.238 -5.72498 -4.03708 -129.394 -7.08245 -3.35854 -131.018 
-18.5576 -14.1443 -128.735 -10.0663 -3.32061 -130.896 -20.254 -13.4604 -128.568 
-13.6292 -4.97881 -130.244 -11.7972 -4.1405 -130.674 -10.83 -3.47428 -130.421 
-21.6587 -12.4153 -129.577 -15.6361 -5.79371 -130.308 -17.0118 -6.3972 -130.767 
-23.4789 -11.059 -129.083 -16.7795 -5.67662 -130.373 -18.2279 -5.7136 -130.558 
-19.3483 -5.66277 -130.704 -19.1741 -5.18825 -130.282 -24.4492 -9.64479 -129.897 
-19.9935 -5.42866 -130.518 -21.2005 -5.25463 -130.302 -24.7514 -8.80238 -130.126 
-23.3727 -6.9231 -131.087 -22.2628 -6.63957 -131.278 -22.6737 -5.76727 -130.485 
-24.4545 -7.69068 -130.571 -24.5706 -6.09801 -129.82 23.2439 -21.3798 -126.406 
24.3726 -20.7327 -126.533 25.0848 -20.2218 -126.685 26.1264 -18.6354 -127.292 
21.9377 -21.8163 -126.22 20.0687 -22.113 -126.161 26.2385 -17.0219 -127.262 
26.1774 -15.6561 -127.795 25.9608 -14.7316 -128.537 17.7734 -22.0689 -125.851 
25.871 -13.2841 -128.64 26.0001 -11.623 -128.775 15.8735 -21.6367 -125.592 
25.6706 -11.0725 -129.889 25.9869 -10.338 -129.46 26.2993 -9.63117 -129.062 
14.0102 -20.9956 -125.602 26.1658 -7.16556 -130.186 26.8628 -7.40288 -129.028 
26.1596 -6.56121 -130.329 26.657 -6.69547 -129.746 26.3816 -6.10563 -130.11 
11.9539 -20.3125 -125.487 25.9779 -5.30376 -130.356 24.6174 -3.90101 -130.824 
10.0246 -20.277 -125.424 8.85683 -20.5411 -125.405 7.11726 -20.6582 -124.841 
23.263 -3.02891 -131.419 23.2022 -2.50259 -131.065 4.26614 -21.0902 -125.417 
22.1958 -1.58111 -130.86 21.0857 -1.46531 -131.229 21.5302 -1.52385 -131.225 
1.88706 -20.5911 -125.405 20.0169 -1.29698 -130.93 -0.241147 -20.262 -125.4 
-1.72344 -20.2657 -125.504 -3.21361 -20.4504 -125.57 13.741 -0.491204 -130.815 
-4.94549 -20.9138 -125.452 -6.67704 -21.5782 -125.104 11.4264 0.14096 -130.417 
10.3905 -0.762706 -131.204 -10.9051 -23.1254 -124.906 8.8299 -1.04797 -130.25 
-11.8432 -22.436 -124.657 -12.5095 -21.2616 -124.404 -1.07738 -5.25947 -128.88 
-4.00347 -4.66612 -129.263 -15.449 -17.2462 -125.428 -16.513 -16.011 -126.727 
-17.6322 -15.067 -127.001 -7.33962 -3.39813 -129.223 -19.2086 -14.1928 -126.972 
-10.2686 -3.12284 -129.699 -21.4137 -13.0734 -127.144 -11.5391 -3.37876 -129.463 
-12.9747 -3.8261 -129.441 -15.5725 -3.80464 -128.546 -23.1692 -12.1143 -127.121 
-16.623 -5.05612 -129.891 -17.2717 -4.57429 -129.576 -18.6839 -4.42696 -129.497 
-17.4789 -4.03037 -129.061 -25.2443 -9.29207 -128.517 -20.3063 -4.62893 -129.724 
-21.4442 -4.62853 -129.703 -25.9641 -7.46176 -128.376 -25.2703 -8.04537 -129.591 
-22.4214 -4.69331 -129.63 -25.3499 -7.01547 -129.499 -23.9765 -4.62969 -129.003 
23.5934 -20.8776 -125.474 24.6446 -19.9441 -125.337 25.7321 -19.1611 -126.007 
26.0574 -18.3644 -125.944 22.5919 -21.3348 -125.355 21.3229 -21.4878 -124.886 
19.8206 -21.5567 -124.323 26.3366 -14.8826 -126.455 18.5323 -21.8031 -124.734 
26.3292 -12.6366 -127.167 16.992 -21.5477 -124.501 26.4919 -11.2948 -127.352 
26.4696 -10.3215 -128.166 15.1406 -20.6715 -123.844 26.7717 -8.91303 -128.218 
13.4522 -20.3788 -124.485 26.9955 -6.7293 -129.251 27.2757 -6.42562 -128.641 
26.9777 -6.21112 -129.384 26.7789 -5.47567 -129.64 26.2713 -4.61021 -129.887 
26.919 -4.80259 -129.218 26.182 -3.44528 -129.006 9.04261 -20.0988 -124.545 
23.8364 -1.94011 -129.888 5.16899 -20.3729 -123.822 4.06775 -20.318 -123.872 
21.2354 -1.14203 -130.875 21.5163 -0.633573 -129.75 3.01077 -20.3548 -124.391 
1.27236 -19.5724 -123.951 18.5912 0.441448 -128.979 -1.56587 -19.613 -124.527 
15.6685 0.0938811 -129.771 14.2966 0.244917 -129.803 -4.90905 -19.7674 -124.051 
13.5513 0.649063 -129.507 12.3051 1.01904 -129.303 -8.19256 -21.3048 -123.697 
-9.8427 -22.447 -124.031 9.66835 0.0516657 -129.635 10.5909 1.20755 -128.746 
-10.7971 -22.3505 -123.851 4.84444 -3.79069 -128.089 6.12329 -2.98769 -128.591 
7.45496 -1.82283 -128.923 8.3994 -0.78142 -129.034 3.72105 -4.274 -128.37 
1.94845 -4.90977 -127.967 -13.0322 -20.1243 -123.973 -0.155419 -5.43951 -127.752 
-14.1095 -18.8915 -124.505 -1.91197 -5.52078 -127.835 -3.43044 -5.28583 -127.887 
-4.84542 -4.78882 -127.901 -16.6122 -15.9561 -125.309 -5.94943 -4.21961 -127.994 
-5.5765 -4.40599 -127.967 -6.63237 -3.96351 -127.992 -17.9157 -15.0038 -125.502 
-7.62162 -3.67318 -127.845 -8.3568 -3.29759 -128.578 -19.3153 -14.3238 -124.496 
-9.57984 -3.15928 -128.308 -11.0551 -3.04422 -128.281 -21.3501 -13.444 -125.329 
-12.7017 -3.24259 -128.311 -21.6369 -13.182 -126.235 -22.3029 -12.916 -125.984 
-23.6756 -12.2434 -125.659 -24.535 -11.0561 -127.053 -18.3592 -3.43953 -128.339 
-25.6783 -9.99031 -126.33 -20.1491 -3.50049 -128.403 -21.8236 -3.90523 -128.802 
-23.0203 -4.06158 -128.824 -26.0318 -5.98695 -128.365 -25.4446 -5.01162 -128.511 
-23.3776 -3.23102 -127.477 25.3905 -18.8073 -124.643 26.0635 -17.6528 -124.876 
22.6599 -20.5744 -124.061 26.3433 -16.5103 -125.497 26.3991 -15.8961 -125.047 
20.7418 -20.873 -123.402 19.8707 -21.2208 -123.602 19.3005 -21.3033 -123.613 
18.7988 -21.4994 -123.925 17.9314 -21.4559 -123.894 26.6607 -12.6549 -125.321 
26.6253 -11.7112 -126.496 17.0608 -21.0192 -123.361 26.9954 -10.0295 -126.262 
27.2279 -8.61402 -127.075 27.3926 -7.62486 -127.41 27.4579 -6.74345 -127.882 
27.2658 -5.58238 -128.782 27.6354 -5.63955 -127.18 13.7528 -20.1048 -123.727 
27.2386 -4.658 -128.327 12.658 -19.6365 -123.734 10.4894 -19.2975 -123.666 
25.1962 -1.47193 -127.882 8.25633 -19.5139 -123.241 7.14855 -19.8887 -123.304 
23.183 -0.548575 -128.493 4.85252 -19.7735 -122.837 4.52071 -20.0996 -123.333 
3.17465 -19.8048 -123.486 4.02346 -19.7193 -123 -0.379189 -18.9087 -123.793 
0.392908 -18.5517 -123.295 -1.53463 -17.7384 -123.293 16.3566 1.02522 -128.623 
14.6506 1.00271 -128.85 13.3336 1.76843 -128.218 -5.0589 -18.9245 -123.55 
-4.68236 -17.8638 -123.173 -7.13526 -19.5194 -122.874 -5.65249 -18.933 -123.273 
-9.86416 -21.6448 -123.267 -9.12608 -21.0427 -122.928 -8.56196 -20.3061 -122.661 
-9.17323 -20.6476 -122.632 -9.89863 -20.725 -122.609 3.71806 -4.46532 -127.019 
5.273 -3.57737 -127.304 6.3938 -2.72643 -127.392 7.58856 -1.46741 -127.703 
8.64943 -0.234806 -128.169 9.46934 0.666012 -128.435 -11.1408 -21.3576 -123.32 
-11.9822 -20.1329 -122.736 1.1455 -5.90171 -126.186 -12.6384 -19.8513 -123.028 
-12.6021 -19.3302 -122.328 -13.171 -19.3997 -123.219 -1.64922 -6.21663 -126.414 
-2.98349 -5.83656 -126.88 -3.3747 -6.31487 -126.089 -4.75029 -5.64326 -126.563 
-14.6247 -17.8973 -123.955 -15.2957 -17.0055 -123.621 -16.7804 -15.7028 -123.371 
-5.93355 -4.64552 -127.253 -6.39348 -5.14632 -126.423 -7.14805 -4.37499 -126.98 
-8.43035 -4.09703 -126.838 -9.63789 -3.49832 -126.951 -10.5932 -3.21542 -126.988 
-12.0219 -3.00347 -127.055 -22.1269 -13.1939 -125.089 -13.5377 -3.06812 -127.242 
-22.8101 -12.9359 -124.916 -25.0551 -11.4499 -124.8 -17.7463 -2.96625 -127.438 
-18.7812 -2.86618 -127.514 -19.4582 -2.91453 -127.618 -21.5146 -2.89928 -127.365 
-20.278 -2.70508 -127.149 -26.5038 -8.15427 -126.378 -26.6831 -6.56234 -127.24 
-26.8987 -5.54229 -127.015 -26.4602 -4.77925 -127.354 -25.4207 -3.91963 -127.394 
23.5256 -18.9891 -122.684 25.3728 -18.1289 -123.619 25.8596 -17.4753 -123.69 
22.4997 -20.0296 -122.942 21.7822 -20.4048 -123.018 26.117 -16.5254 -123.847 
21.0236 -20.3356 -122.619 26.3802 -15.2055 -124.336 26.5232 -14.2637 -124.877 
19.4591 -20.8838 -123.016 19.7651 -19.9074 -121.863 18.3944 -21.0988 -123.226 
18.5777 -20.5835 -122.477 17.6243 -20.6709 -122.618 16.475 -20.2842 -122.402 
27.4554 -8.21637 -126.396 15.2251 -19.7557 -122.259 27.6884 -7.3105 -126.19 
27.7046 -6.69214 -126.818 13.9714 -19.546 -122.837 27.3668 -3.74441 -126.842 
12.4901 -18.1252 -122.094 26.5996 -2.46865 -127.606 10.1999 -17.8245 -122.064 
8.98414 -18.6372 -122.493 8.2368 -18.9195 -122.464 7.55196 -18.9242 -122.286 
6.91523 -19.2934 -122.469 6.04757 -19.762 -122.854 6.1048 -18.2152 -121.664 
6.03266 -19.1782 -122.096 5.76479 -19.3756 -122.186 5.19389 -19.2078 -122.202 
4.30458 -19.3684 -122.492 3.26016 -18.8423 -122.591 21.2617 0.810269 -127.399 
1.59044 -18.7984 -123.056 19.6398 1.34326 -127.596 1.31358 -18.0778 -122.72 
2.18223 -16.7013 -121.898 0.0962169 -17.9749 -123.025 0.304238 -17.4263 -122.762 
-0.348714 -17.1318 -122.903 0.410499 -16.9276 -122.608 17.2237 1.69462 -127.757 
15.5512 1.8711 -127.726 -0.15801 -16.5549 -122.681 -1.35419 -15.2863 -122.505 
14.3399 1.71709 -128.058 14.4812 2.10684 -127.588 -3.62502 -16.004 -122.75 
13.9477 1.99204 -127.822 -6.556 -18.1736 -122.522 11.6423 2.67495 -127.103 
-8.55076 -18.4892 -121.568 -7.4399 -18.835 -122.337 -4.63418 -16.5682 -122.863 
-9.22546 -20.0481 -122.272 3.51103 -5.27158 -125.725 5.32619 -4.00137 -126.028 
6.98241 -2.55291 -126.029 8.15085 -0.916942 -126.365 8.97692 0.457924 -127.225 
9.69771 1.21815 -127.746 10.2727 1.87422 -127.386 -10.8496 -20.1999 -122.278 
-9.98523 -19.5722 -121.792 2.39607 -6.84781 -124.617 -11.3074 -18.9534 -121.178 
-1.61293 -7.74407 -124.648 0.637229 -7.02424 -125.037 -12.0311 -19.2981 -121.766 
-13.7476 -18.2914 -122.551 -2.8284 -6.8082 -125.587 -4.52264 -6.89081 -125.161 
-6.20621 -5.88055 -125.709 -7.38974 -6.46445 -124.536 -7.26474 -5.15649 -126.06 
-9.86745 -4.25739 -125.569 -19.9859 -14.1695 -123.254 -20.8591 -13.855 -123.839 
-11.6194 -3.35066 -125.693 -22.1195 -13.3547 -124.195 -13.1595 -2.92575 -125.969 
-23.5938 -12.7712 -123.785 -14.6575 -2.9275 -126.533 -24.8555 -12.2832 -123.017 
-16.5938 -2.66549 -126.111 -18.9324 -2.52568 -126.561 -26.2279 -9.9976 -124.403 
-20.6996 -2.22586 -125.705 -22.2034 -2.46704 -126.487 -27.3164 -6.16412 -125.694 
-23.7125 -2.64273 -126.339 -23.0204 -2.44927 -126.229 -24.6987 -2.98158 -126.354 
-27.2111 -4.80715 -126.069 -26.6709 -3.97722 -126.264 -25.9534 -3.37077 -126.194 
25.179 -17.3348 -122.647 25.6678 -16.3482 -122.53 21.7307 -19.8945 -122.382 
21.5588 -19.2921 -121.663 25.8478 -15.2013 -122.364 26.4742 -13.7369 -123.498 
26.7786 -12.1622 -123.73 26.9778 -11.0647 -124.517 17.7705 -20.1281 -121.895 
18.0999 -19.5968 -121.301 27.242 -9.71703 -124.443 17.4244 -19.6617 -121.349 
16.9085 -19.7577 -121.559 27.5582 -8.199 -125.066 15.9539 -19.4423 -121.529 
27.844 -6.5758 -125.213 15.2872 -19.3819 -121.696 14.8659 -18.6201 -121.355 
26.982 -2.20125 -125.93 26.2868 -1.65074 -126.876 25.5926 -0.670419 -124.871 
11.2047 -16.9132 -121.452 12.4268 -16.4952 -120.961 23.5765 0.100493 -126.604 
7.93121 -18.5033 -122.017 8.51925 -17.7307 -121.531 9.49319 -17.2816 -121.494 
19.761 1.9174 -126.483 18.51 1.89451 -127.175 16.5308 2.21532 -127.231 
17.0914 2.53229 -126.667 0.271617 -15.7731 -122.318 0.641906 -14.7205 -121.707 
15.6723 2.69878 -126.741 14.7105 2.54032 -127.064 13.7079 3.48241 -126.065 
-0.960135 -13.8098 -121.749 13.8566 2.45349 -127.327 -1.9203 -14.0881 -122.206 
-3.07546 -14.1587 -122.062 13.0335 2.76299 -127.123 -5.44505 -16.6341 -122.521 
-4.72156 -15.9592 -122.605 -5.04056 -14.9345 -121.847 1.6818 -8.94284 -122.893 
4.14004 -7.84156 -122.831 4.8015 -5.64043 -124.422 6.76789 -4.04541 -124.223 
8.11807 -2.17051 -124.212 8.49848 -0.722603 -125.009 -6.83097 -16.5008 -121.646 
-0.341377 -9.1794 -123.256 0.408594 -7.98932 -124.21 8.81154 0.257503 -125.817 
9.50306 1.41744 -126.454 10.2784 2.38479 -126.371 10.5795 3.23092 -125.318 
-1.12329 -8.85001 -123.723 -2.00494 -9.6647 -122.811 -0.628103 -8.46496 -124.037 
-10.0772 -18.6736 -120.979 -12.5725 -18.5632 -121.281 -3.19645 -9.00994 -123.46 
-3.93123 -8.16031 -124.129 -4.57568 -8.96473 -123.298 -13.3989 -17.8394 -121.079 
-5.35974 -7.85678 -124.086 -5.91969 -8.48312 -123.261 -14.6692 -16.9558 -121.471 
-16.0959 -15.853 -120.957 -17.6546 -15.0541 -122.186 -9.77097 -5.75062 -123.717 
-19.0116 -14.4532 -122.085 -11.4848 -4.29395 -123.93 -20.2665 -14.0923 -122.241 
-20.7199 -13.9894 -123.02 -21.8032 -13.6038 -122.377 -12.9337 -3.21323 -124.533 
-14.6731 -2.6947 -124.914 -16.2285 -2.3413 -124.4 -25.6647 -11.452 -123.175 
-18.149 -2.08622 -124.245 -27.2937 -7.98544 -123.457 -22.2143 -2.17911 -125.628 
-23.4518 -2.35199 -125.163 -27.7574 -5.92454 -124.237 -25.3505 -2.89746 -125.231 
-27.6178 -5.03811 -124.919 -27.1422 -4.0707 -124.781 -26.4722 -3.42925 -125.396 
23.6928 -17.3817 -121.24 22.0847 -18.5437 -121.131 22.8274 -18.1066 -121.132 
24.8744 -16.2672 -121.512 26.0829 -13.5668 -121.816 20.6174 -18.6709 -120.794 
21.7689 -17.1664 -120.078 26.5695 -12.1491 -122.481 19.5085 -18.9033 -120.775 
27.0191 -10.732 -123.361 18.6966 -19.0635 -120.862 19.1915 -17.7337 -120 
27.3842 -9.02922 -123.449 17.2865 -18.896 -120.78 27.7207 -7.59392 -123.775 
16.0634 -18.7098 -120.831 16.5888 -18.2503 -120.36 27.881 -6.48195 -123.092 
27.9202 -4.89377 -124.462 15.9514 -17.83 -120.314 15.2064 -17.3979 -120.37 
27.6941 -3.20196 -124.317 14.1838 -16.5899 -120.441 11.3357 -15.9069 -120.658 
10.0933 -16.8921 -121.381 10.5948 -16.3683 -121.086 10.3935 -15.8827 -120.578 
9.14015 -16.7167 -120.822 9.95749 -16.3525 -120.912 7.53729 -16.8406 -120.321 
5.37448 -16.5963 -120.425 22.316 1.07243 -125.821 20.9415 2.07347 -124.688 
3.86204 -15.6723 -120.462 18.0393 3.0766 -125.111 2.43741 -14.7686 -120.836 
1.41875 -13.601 -120.667 15.8009 3.40855 -125.68 0.210713 -13.4221 -121.054 
-0.653316 -13.1854 -121.102 3.37193 -8.9916 -122.13 4.02426 -8.65228 -122.314 
-2.15916 -13.4935 -121.765 -1.78537 -12.9069 -120.836 1.77686 -9.53167 -122.168 
2.36615 -9.52432 -121.787 6.42083 -6.21134 -122.403 12.7168 3.19969 -126.664 
-2.99345 -13.0252 -121.238 0.0948228 -9.85437 -122.317 0.140007 -10.4164 -121.36 
0.816012 -9.91875 -122.11 1.35394 -9.74554 -122.095 8.77098 -0.824761 -123.895 
8.94423 0.233962 -124.567 12.4441 3.5333 -126.249 11.7822 3.74969 -125.864 
-4.01028 -13.1619 -121.05 -3.46716 -12.7402 -120.91 -1.0627 -9.99952 -122.223 
-1.528 -10.1233 -121.407 -0.692516 -10.1864 -121.445 9.22936 1.13523 -125.214 
9.75511 2.16729 -125.242 11.2791 3.62361 -125.781 -8.17614 -16.2957 -120.425 
-6.70784 -14.581 -120.581 -5.32776 -13.3505 -120.614 -2.82876 -10.2284 -121.736 
-2.26688 -10.2881 -122.07 -1.97029 -10.2478 -121.887 -10.3737 -17.457 -119.586 
-9.16944 -17.1489 -120.109 -3.65308 -9.81999 -122.536 -4.18564 -10.1886 -121.722 
-12.8032 -17.3576 -119.778 -5.29827 -9.97276 -121.582 -5.08931 -9.59555 -122.393 
-6.93677 -8.88149 -121.957 -14.6651 -16.4798 -119.836 -8.70123 -7.22236 -122.842 
-9.91105 -6.69147 -122.479 -17.2711 -14.9977 -119.805 -10.9591 -5.67494 -122.59 
-19.8561 -13.9477 -120.011 -12.8848 -3.66055 -123.232 -22.5746 -13.0989 -120.051 
-14.023 -2.9732 -123.455 -23.8823 -12.9083 -121.832 -15.2749 -2.49104 -123.463 
-25.1905 -12.1665 -121.787 -16.3641 -2.20384 -123.105 -26.195 -10.8395 -121.96 
-20.267 -1.8407 -123.542 -21.7343 -2.00957 -124.607 -27.8753 -6.18813 -123.163 
-24.4201 -2.50569 -123.706 -27.6841 -4.9446 -123.427 -26.1024 -3.19893 -124.152 
23.4144 -16.0969 -120.241 24.6587 -15.0663 -120.713 25.5432 -14.3011 -121.162 
25.689 -13.4647 -120.968 25.8168 -11.819 -120.805 26.8927 -10.2377 -122.173 
27.4581 -8.18865 -122.238 17.2658 -17.2469 -119.752 16.0535 -16.2703 -119.57 
27.0807 -1.93453 -123.785 12.8057 -15.0279 -119.883 10.4796 -14.9189 -119.526 
9.70318 -15.9504 -120.332 8.74888 -15.8795 -119.615 23.3557 0.941022 -124.336 
6.75757 -16.0589 -119.177 7.74903 -16.1292 -119.328 5.15825 -15.4497 -119.118 
3.56885 -14.5378 -119.709 2.39512 -13.5739 -119.955 1.5696 -12.8677 -119.74 
15.8514 4.10032 -124.385 0.607442 -12.7436 -120.024 3.35179 -9.68881 -120.667 
4.25984 -8.95708 -121.661 5.45351 -8.41348 -121.206 4.71361 -9.54563 -120.353 
6.94272 -7.90952 -119.927 8.48628 -4.99368 -120.912 7.71611 -4.44886 -122.679 
-0.53648 -12.7304 -120.336 2.26697 -9.83041 -120.869 7.96357 -3.41708 -123.3 
8.50959 -3.56316 -122.349 8.47814 -2.89568 -122.991 8.77466 -2.90053 -122.463 
8.71463 -2.45592 -122.872 14.2844 4.25297 -124.703 -1.62786 -12.4333 -119.776 
0.382011 -10.7059 -120.973 0.146209 -10.6837 -120.667 0.501798 -10.6357 -120.652 
0.818493 -10.3224 -121.318 0.936555 -10.1769 -120.401 1.61359 -9.90053 -121.369 
1.69663 -9.90901 -120.396 8.88249 -1.61034 -122.988 13.28 4.34577 -124.771 
-2.33002 -12.4966 -119.989 -0.408726 -10.3062 -120.502 9.19511 0.176839 -123.356 
9.08011 -0.742762 -123.06 9.40294 1.41133 -124.121 12.3588 3.99191 -125.494 
12.6419 4.31556 -124.84 -3.20483 -12.5544 -120.247 -1.31668 -9.97116 -120.674 
9.87065 2.68417 -123.903 11.4033 4.21398 -124.429 -4.47597 -12.5341 -119.805 
-5.28672 -12.7111 -119.891 -2.19222 -10.1492 -121.326 -1.99257 -9.93285 -120.884 
10.3347 3.6612 -123.766 -9.18638 -16.1487 -118.924 -7.93241 -14.9001 -119.389 
-6.93044 -13.6498 -119.384 -5.98496 -13.1166 -119.83 -3.70357 -10.1396 -121.007 
-3.3812 -9.79875 -120.225 -2.72382 -9.97903 -120.881 -4.70614 -10.1993 -121.019 
-4.39446 -10.0139 -120.395 -5.74036 -9.9499 -120.708 -5.01975 -10.109 -120.504 
-6.92643 -9.63352 -120.3 -7.99582 -9.08442 -120.615 -15.5639 -15.8392 -119.338 
-9.19575 -7.85029 -121.364 -10.5416 -6.65484 -121.659 -11.2709 -5.97941 -121.587 
-12.2766 -4.75094 -121.857 -13.6134 -3.47903 -122.394 -24.3798 -12.5097 -120.375 
-14.7045 -2.81191 -122.383 -15.5264 -2.40597 -122.58 -25.3793 -11.9517 -120.78 
-25.7713 -11.5188 -120.492 -17.206 -1.94407 -122.331 -26.2482 -10.941 -120.58 
-18.6233 -1.65886 -121.863 -26.8742 -9.77785 -121.003 -27.4887 -8.17489 -121.237 
-22.1701 -1.95065 -122.983 -27.7929 -6.92938 -122.123 -23.642 -2.22862 -121.627 
-27.8208 -5.74662 -121.935 -25.4432 -2.94252 -122.473 -26.8353 -3.83834 -122.738 
24.8941 -13.6966 -120.346 22.3789 -15.8995 -119.518 22.7939 -14.3968 -119.344 
24.2596 -12.4946 -119.592 20.1323 -15.8625 -119.047 21.5544 -15.6305 -119.15 
26.6759 -9.31356 -120.989 27.2404 -7.90213 -120.978 27.6733 -6.76842 -121.385 
18.5134 -15.8932 -118.981 27.8568 -5.0326 -121.857 17.3765 -15.7815 -118.998 
27.9637 -3.97224 -122.989 16.9183 -14.9548 -118.792 27.5269 -2.99114 -121.743 
15.5402 -14.1097 -118.911 26.48 -1.13537 -121.731 13.3355 -13.4169 -118.901 
25.3176 0.0986144 -122.158 12.0829 -14.1073 -119.342 11.542 -13.3848 -118.601 
24.6247 0.451293 -123.341 9.00645 -14.9839 -118.777 7.88863 -15.3154 -118.394 
6.44515 -15.1642 -117.621 5.23087 -14.9211 -117.717 22.3048 1.87415 -122.875 
21.0773 2.7124 -122.393 4.13605 -14.3663 -118.357 19.3308 3.50103 -122.744 
2.82968 -13.4767 -118.922 16.6915 4.59675 -122.371 2.088 -12.9168 -119.288 
2.01377 -12.8665 -118.697 4.22204 -9.94866 -119.356 4.98128 -9.84965 -119.456 
5.64802 -9.30444 -119.704 1.50649 -12.64 -118.929 0.967875 -12.5229 -119.225 
3.18801 -9.89523 -119.091 9.0036 -2.71691 -121.959 14.7299 4.73759 -123.48 
0.0826312 -12.2178 -119.032 -0.234756 -12.3303 -119.64 2.34254 -9.81692 -119.816 
-0.736114 -11.9809 -119.085 -0.926955 -12.2671 -119.545 -0.637399 -11.8364 -118.684 
0.208761 -10.4313 -120.196 1.31436 -9.63996 -119.38 9.36708 -0.742882 -121.959 
-1.56784 -12.0486 -118.862 -2.51947 -12.2699 -119.198 -1.08354 -11.779 -118.657 
-0.229874 -10.143 -119.906 -0.978711 -9.69106 -119.716 0.25139 -9.89543 -119.68 
9.55569 1.47489 -122.565 12.9624 4.90104 -123.275 -3.55896 -12.2446 -118.88 
9.81338 2.99451 -122.207 -4.34767 -12.2634 -118.818 -5.10295 -12.4598 -118.964 
-2.22649 -9.72312 -120.231 -2.82328 -9.40153 -119.171 10.3729 4.13489 -122.476 
11.2543 4.85098 -122.201 -8.49205 -15.0226 -117.968 -6.07889 -12.8021 -118.734 
-6.79088 -13.2083 -118.354 -4.16069 -9.71729 -119.722 -9.50528 -15.6425 -117.112 
-10.1505 -16.3777 -118.013 -7.56167 -14.0259 -118.313 -5.18485 -9.86546 -119.864 
-11.3911 -16.015 -116.878 -6.13969 -9.81491 -119.785 -6.89611 -9.48991 -119.184 
-14.0918 -16.0991 -118.156 -7.78953 -9.35682 -119.706 -8.93024 -8.55063 -119.815 
-15.6634 -15.3863 -118.125 -16.5681 -14.9785 -118.354 -10.7733 -6.75259 -120.099 
-17.2816 -14.5535 -118.216 -18.1592 -14.419 -118.987 -21.3188 -13.0013 -118.532 
-13.8988 -3.54185 -121.235 -22.5081 -12.6971 -118.765 -23.6791 -11.9805 -118.641 
-15.6008 -2.41997 -121.443 -25.06 -11.8363 -119.675 -25.7506 -11.2842 -119.748 
-26.2454 -10.5854 -119.732 -26.6974 -9.97137 -119.845 -27.0258 -9.03521 -119.825 
-27.4457 -8.10413 -120.207 -20.3188 -1.63998 -121.698 -27.517 -6.79488 -120.23 
-27.5211 -5.45276 -120.592 -27.4278 -4.7073 -121.633 -26.1965 -3.52512 -121.17 
-25.0202 -2.88242 -120.775 -26.8983 -4.08517 -121.126 22.4699 -12.2897 -118.706 
23.9189 -10.9598 -118.98 24.9773 -11.2367 -119.71 25.3647 -9.39592 -119.512 
20.7731 -14.6485 -118.703 20.3779 -13.1508 -118.359 26.5877 -8.16098 -120.155 
27.0869 -6.89576 -120.078 19.029 -14.2815 -118.429 27.5406 -5.80739 -120.418 
17.9199 -14.9005 -118.588 19.0564 -13.2575 -118.181 17.4916 -14.1553 -118.473 
17.9141 -13.0779 -118.197 14.6275 -12.6347 -118.38 13.2057 -11.9551 -117.684 
23.8555 1.11572 -121.964 9.49609 -14.4843 -118.639 10.0399 -13.8779 -118.398 
10.1931 -12.6681 -117.091 8.96412 -14.2375 -117.961 5.49943 -14.527 -116.164 
4.65047 -14.4401 -117.203 3.81654 -13.9083 -117.325 2.95026 -13.4253 -117.391 
3.21232 -13.6358 -118.039 2.15767 -13.1172 -118.013 2.12941 -13.0284 -117.06 
5.12371 -9.71305 -118.576 6.17259 -9.20269 -118.846 6.7634 -8.8312 -118.51 
7.43665 -8.18023 -118.589 8.26208 -6.92376 -119.126 1.28765 -12.8836 -117.638 
1.40911 -12.8862 -118.038 1.54822 -12.7808 -118.356 3.91227 -9.81633 -118.25 
9.1161 -5.57503 -119.304 9.47305 -4.35875 -119.699 0.814381 -12.5626 -118.31 
0.305866 -12.481 -117.325 3.14441 -9.77498 -118.267 9.48655 -2.72742 -120.47 
-0.438177 -12.0921 -118.093 -0.486573 -12.2413 -117.377 2.4016 -9.54725 -118.465 
9.60946 -0.85771 -120.447 14.5211 5.2287 -122.015 -1.14293 -12.1055 -117.37 
-1.30804 -11.907 -118.183 -0.911094 -11.7734 -118.421 1.39908 -9.00902 -118.109 
9.56041 0.777606 -121.037 -2.35953 -12.1109 -117.799 0.133723 -9.15678 -118.955 
0.402478 -8.5514 -118.06 9.60506 1.99821 -121.507 13.6302 5.4728 -121.353 
-3.96616 -12.2296 -117.783 -1.11732 -9.10552 -119.038 -0.450225 -8.67842 -118.665 
-0.185479 -8.4236 -118.421 -5.13833 -12.4268 -117.62 -1.44942 -8.87416 -118.5 
-0.620975 -8.51914 -118.358 -7.9833 -14.4294 -116.82 -8.67295 -15.0526 -116.916 
-6.09982 -12.7715 -117.465 -6.96058 -13.4668 -116.978 -2.71553 -9.09318 -117.778 
-4.66447 -9.50243 -119.092 -4.27629 -9.26444 -118.254 -5.84561 -9.50081 -119.071 
-5.27198 -9.26948 -118.6 -5.28007 -9.12091 -118.101 -6.44865 -9.30391 -118.706 
-6.01195 -9.14219 -118.358 -13.7266 -15.3045 -116.223 -6.93985 -9.01717 -118.102 
-8.03034 -8.93716 -118.665 -14.6959 -15.5439 -117.292 -15.2612 -14.8375 -116.53 
-9.29635 -8.06087 -118.4 -16.384 -14.6193 -117.281 -10.1308 -7.02475 -117.572 
-17.3724 -13.9739 -117.04 -18.4516 -13.9174 -118.048 -11.4243 -6.08188 -118.79 
-19.8253 -13.2162 -117.848 -12.5463 -4.82239 -119.699 -14.1152 -3.20035 -119.768 
-22.237 -12.2289 -117.856 -21.34 -12.4631 -117.563 -15.4932 -2.04675 -119.355 
-25.1716 -10.8586 -118.6 -17.0864 -1.75084 -120.799 -26.1463 -9.78434 -118.773 
-18.0599 -1.48967 -120.434 -26.4032 -8.41198 -118.28 -19.0787 -1.46255 -119.763 
-27.1759 -7.95969 -119.353 -21.5583 -1.74301 -120.175 -23.9586 -2.36016 -120.242 
-22.9785 -1.97935 -120.177 -27.1541 -5.6353 -119.392 -26.9154 -4.66351 -119.967 
-26.5726 -3.97591 -120.353 -25.899 -3.8129 -119.542 -24.6872 -2.95197 -119.217 
22.1017 -10.6815 -118.128 23.5588 -9.36503 -118.294 24.5697 -8.38952 -118.551 
25.2375 -8.09026 -118.906 25.8552 -7.30183 -119.066 24.8226 -7.60786 -118.419 
26.5421 -6.35042 -119.19 26.9692 -5.7823 -119.472 27.1272 -4.2644 -119.756 
20.8293 -11.7376 -118.148 19.0435 -12.7996 -118.114 18.983 -11.9489 -117.98 
19.8821 -10.5905 -117.656 27.2535 -2.90694 -120.031 18.3934 -11.018 -117.743 
26.941 -2.02348 -120.19 16.4215 -11.6372 -117.743 17.817 -10.6539 -117.512 
18.7145 -10.5709 -117.611 25.6648 -0.163121 -120.514 24.8504 0.564757 -120.649 
14.5832 -10.1555 -116.085 7.90826 -14.1204 -116.683 8.8489 -13.0131 -116.144 
22.3168 2.23401 -121.095 6.61088 -14.6524 -116.335 20.4742 3.53989 -120.514 
4.34872 -14.0586 -116.412 3.31141 -13.4155 -116.433 18.5723 4.41617 -121.12 
2.49946 -12.9195 -116.332 5.98259 -9.25838 -117.847 6.85273 -8.63805 -117.626 
7.80159 -7.68608 -117.782 8.78257 -6.37362 -117.972 9.43194 -4.76223 -118.469 
1.59035 -12.4979 -116.237 1.1688 -12.7406 -117.073 4.59894 -9.25044 -117.184 
9.66218 -3.39986 -119.094 0.768713 -12.4793 -116.787 0.809766 -12.3221 -116.467 
3.25929 -9.4507 -117.618 9.61202 -1.79497 -119.248 0.241943 -12.2512 -116.42 
-0.541082 -12.2327 -116.735 2.38857 -9.06063 -117.423 9.52693 0.134946 -119.682 
-1.53718 -12.1593 -116.202 1.73276 -8.48836 -116.621 -2.83637 -12.2173 -116.43 
0.235737 -8.41182 -117.271 9.49277 2.04886 -120.302 -4.08197 -12.3565 -116.333 
-0.198424 -8.41178 -118.027 -0.927941 -8.60298 -117.509 9.72418 3.58 -120.628 
12.3841 5.45681 -120.652 10.9789 5.12229 -120.597 -5.24026 -12.5794 -116.298 
10.2891 4.54214 -120.868 -8.84644 -15.0373 -115.813 -8.03495 -14.5271 -115.513 
-7.42687 -14.0238 -115.827 -6.10454 -12.9462 -116.232 -3.89328 -9.23717 -117.596 
-4.8275 -9.01424 -117.192 -3.47104 -9.08612 -116.954 -9.83905 -15.5036 -115.894 
-5.72574 -9.02251 -117.778 -6.29518 -8.97299 -117.75 -6.63822 -8.70049 -117.065 
-5.91332 -8.83862 -117.106 -8.06686 -8.08231 -116.747 -9.26364 -7.91336 -117.447 
-16.5557 -13.4522 -115.41 -11.4902 -5.30348 -117.734 -18.5178 -13.0355 -116.433 
-12.7885 -3.81043 -118.244 -20.7038 -12.7065 -117.513 -20.179 -12.3449 -116.634 
-20.9132 -12.2799 -117.007 -20.9096 -11.9586 -116.583 -13.9089 -2.65269 -118.398 
-21.5534 -11.8832 -116.927 -22.8451 -10.9673 -116.842 -24.165 -10.7609 -117.592 
-17.2289 -1.47849 -119.256 -24.5952 -9.01925 -116.798 -26.8112 -6.98354 -118.49 
-23.4125 -2.33177 -118.902 -22.4764 -1.89612 -119.369 -27.0306 -6.15284 -118.858 
-26.0806 -5.3337 -118.023 23.5913 -7.78507 -117.63 24.736 -6.84349 -118.019 
25.6744 -5.44269 -118.236 21.3284 -8.9611 -116.993 26.1388 -3.58435 -118.213 
26.5945 -2.53664 -118.912 20.1745 -9.26846 -116.825 19.5974 -9.66821 -117.043 
18.5415 -10.1927 -117.292 19.2004 -9.19235 -116.394 18.0935 -9.64453 -116.642 
25.8916 -0.920899 -119.031 16.9597 -10.2094 -116.902 25.038 0.299665 -119.357 
23.7576 1.36431 -119.632 12.0017 -10.9138 -116.257 9.42011 -12.1957 -115.608 
10.5367 -11.3225 -115.849 6.77359 -14.138 -115.235 8.13158 -13.2127 -115.057 
22.1553 2.65989 -119.334 4.32715 -13.7234 -115.1 2.93472 -12.8788 -115.343 
18.5212 4.77622 -119.396 5.94397 -8.87377 -116.972 6.59653 -7.93515 -116.427 
7.97362 -7.0777 -116.936 8.45309 -6.38994 -116.89 8.85831 -5.30455 -116.991 
17.3422 5.01632 -120.491 2.13047 -12.2783 -115.066 1.21334 -11.9463 -115.081 
5.23406 -8.59658 -116.304 9.15948 -2.99889 -117.438 15.1897 5.64957 -119.051 
0.273705 -12.0257 -115.49 0.810755 -12.1646 -116.03 3.17285 -8.96002 -116.847 
3.76726 -8.54318 -116.112 -0.502236 -12.1219 -115.788 9.33388 -0.70076 -118.37 
-1.05266 -12.1424 -115.176 -1.7878 -12.254 -115.018 -2.2159 -12.2343 -115.656 
9.2581 1.05256 -118.815 -2.94122 -12.3964 -115.11 0.130435 -8.29459 -116.15 
-4.40098 -12.6723 -114.972 -1.83913 -8.61525 -116.197 9.09665 2.84333 -118.296 
11.2239 5.42066 -119.295 -5.52252 -12.935 -115.179 9.66961 4.11852 -119.219 
10.3237 4.89827 -119.296 -8.4407 -14.747 -114.641 -9.74633 -15.0339 -114.33 
-7.58592 -14.2672 -114.616 -6.55975 -13.5319 -115.105 -3.72188 -8.67572 -115.899 
-12.2309 -14.5813 -113.916 -5.72208 -8.12665 -115.558 -14.5794 -14.0658 -114.646 
-9.22883 -7.77256 -117.063 -9.19642 -7.45536 -116.589 -9.55357 -6.89664 -116.327 
-9.88607 -5.87232 -115.985 -17.9922 -12.331 -114.964 -19.4558 -11.7539 -115.333 
-11.2801 -3.78569 -116.102 -12.8297 -2.9137 -117.278 -21.0718 -11.4008 -116.034 
-13.572 -2.17448 -117.224 -21.9651 -10.5625 -115.76 -14.5653 -1.8879 -117.856 
-22.8598 -9.79267 -115.792 -15.8146 -1.45333 -117.73 -17.6678 -1.29798 -117.426 
-19.9511 -1.63454 -117.342 -25.8312 -7.19028 -117.287 -22.0582 -2.08117 -117.886 
-23.3178 -2.8255 -117.197 -25.1428 -3.77061 -118.091 -24.2474 -3.08595 -117.916 
23.8376 -6.26783 -117.036 20.2153 -9.00694 -116.516 19.8214 -8.35001 -115.56 
22.5012 -7.16979 -116.506 24.2351 -5.00996 -116.793 25.075 -3.71171 -117.087 
25.7541 -3.10255 -117.623 25.9733 -2.57375 -117.847 25.887 -1.76986 -117.921 
18.4443 -8.87522 -115.605 17.8676 -9.23061 -116.007 16.579 -9.45037 -115.843 
17.3887 -8.98982 -115.318 24.4063 0.591562 -117.443 15.41 -9.36468 -115.223 
14.7034 -9.47108 -115.062 13.8356 -9.57089 -114.295 12.6868 -10.0684 -115.16 
11.3024 -10.5301 -115.01 7.16793 -13.4358 -113.485 8.15752 -12.9512 -113.965 
8.98369 -12.2772 -114.319 10.1016 -11.2881 -114.725 22.9543 2.15249 -118.004 
20.7585 3.95059 -117.398 5.66492 -13.9899 -114.232 4.76594 -13.6787 -113.611 
3.81375 -13.2026 -113.921 2.8536 -12.532 -114.066 2.00141 -11.991 -114.167 
1.47318 -11.7228 -114.227 4.80387 -7.87836 -115.428 5.82683 -7.27113 -115.282 
7.2563 -6.19318 -115.621 8.37639 -5.04785 -116.035 0.937236 -11.6204 -114.099 
0.284679 -11.8364 -114.542 8.7578 -4.39127 -116.408 -0.564386 -12.0162 -113.752 
-1.19971 -12.2195 -114.273 -0.43925 -12.0457 -114.826 0.187696 -11.6326 -113.655 
2.71502 -7.85881 -115.179 8.68921 -1.29382 -116.671 9.10526 -1.14412 -117.513 
-2.19761 -12.4719 -113.916 8.86544 0.533227 -117.456 -3.52174 -12.7822 -113.718 
1.24708 -8.04822 -115.434 12.3077 5.83584 -118.123 -5.26639 -13.3209 -113.508 
0.318197 -7.47118 -114.39 -6.89221 -13.9989 -113.621 -2.28498 -8.19265 -114.964 
9.30422 3.90001 -118.097 9.64355 4.48961 -117.876 -8.08673 -14.5241 -113.424 
-3.80336 -8.04706 -114.727 -10.4074 -14.673 -112.936 -7.26248 -7.31354 -115.059 
-8.0454 -7.2035 -115.317 -13.7536 -13.7966 -113.483 -8.81421 -6.99823 -115.738 
-15.6487 -13.0472 -113.963 -17.0071 -12.1403 -113.926 -17.9316 -11.6741 -114.083 
-18.5374 -11.7459 -114.622 -18.8521 -11.0806 -114.1 -12.5042 -2.16875 -115.771 
-20.1829 -10.8156 -114.789 -20.4528 -11.1676 -115.338 -21.0799 -10.7659 -115.352 
-21.4865 -9.97421 -114.949 -14.2525 -1.48392 -116.189 -22.6444 -8.38808 -114.825 
-15.9341 -1.18995 -116.213 -23.8421 -7.44396 -115.393 -24.5376 -6.18853 -116.05 
-18.5065 -1.37318 -116.377 -17.2512 -1.27409 -115.227 -22.4031 -2.71403 -116.151 
-21.1674 -2.29895 -115.772 -24.2681 -4.02206 -116.613 -23.2724 -3.4193 -115.942 
21.3426 -7.3447 -115.713 22.7811 -5.39044 -115.66 24.0112 -4.36833 -116.316 
25.5053 -2.68829 -117.259 24.0145 -3.56962 -115.903 24.8844 -2.31228 -116.4 
25.5244 -2.02137 -117.244 19.2433 -7.88329 -114.414 18.0792 -8.50591 -114.566 
25.1506 -1.0728 -116.935 16.3031 -8.97522 -114.52 15.0471 -9.21204 -114.459 
12.0151 -10.1009 -113.755 23.07 2.1706 -116.292 10.7587 -10.7267 -113.78 
9.70333 -11.5564 -113.304 8.45465 -12.5386 -112.991 5.68509 -13.5954 -112.363 
4.47885 -13.4456 -112.824 3.60193 -12.9655 -112.793 18.0814 5.25639 -117.758 
2.59515 -12.3183 -112.954 1.53149 -11.7314 -113.186 0.724273 -11.464 -113.346 
4.09188 -6.4122 -114.006 6.00258 -5.73643 -114.293 6.72733 -5.18304 -114.543 
7.65093 -3.60587 -115.171 8.55996 -2.58318 -116.262 -0.437266 -11.8779 -112.859 
-0.937929 -12.1803 -112.882 -1.45237 -12.3731 -113.151 0.200036 -11.5315 -112.927 
8.15555 -1.8301 -115.742 -2.75986 -12.8204 -112.452 8.24621 -0.887377 -116.022 
8.18632 0.340664 -116.106 -3.96391 -13.1004 -112.714 13.3761 6.10696 -117.568 
-4.50728 -13.4269 -111.481 8.38096 2.30877 -116.349 10.5542 5.27532 -117.527 
-6.81141 -14.0607 -111.978 -2.3951 -7.3673 -113.929 8.68445 3.25282 -116.88 
9.02956 3.84568 -117.148 -9.00393 -14.4684 -111.984 -10.232 -14.4115 -112.07 
-3.86621 -7.49582 -114.015 -11.1282 -14.3706 -112.5 -4.71358 -7.68831 -114.372 
-4.59734 -7.23569 -113.842 -12.0344 -13.9202 -112.27 -5.34057 -7.31161 -114.159 
-13.3674 -13.3491 -112.418 -6.30293 -6.62081 -114.052 -8.14469 -6.18735 -114.657 
-14.6942 -13.0711 -113.137 -16.3108 -12.6535 -113.999 -15.9346 -12.0336 -112.819 
-9.32329 -4.688 -114.717 -16.8566 -11.4122 -112.873 -17.3981 -11.4616 -113.414 
-17.3445 -10.9991 -112.8 -9.73395 -3.17672 -114.133 -17.8933 -11.1451 -113.438 
-11.1744 -2.39723 -114.778 -19.3658 -10.1285 -113.526 -19.6413 -10.6106 -114.185 
-20.289 -10.1922 -114.272 -20.6696 -9.15302 -113.761 -21.0261 -7.02013 -112.954 
-22.8576 -6.12608 -114.43 -20.1621 -1.92503 -115.666 -19.1055 -1.66858 -115.355 
-23.3468 -4.37106 -115.284 -23.6447 -3.84114 -115.793 -22.5837 -3.41611 -115.201 
-21.8948 -3.0086 -115.022 20.364 -6.6916 -114.145 21.9183 -4.61015 -114.175 
23.1344 -3.67415 -114.913 18.4363 -7.86572 -113.417 23.9404 -2.38576 -115.061 
24.4997 -1.19173 -115.379 16.7727 -8.55504 -113.211 24.5286 -0.187877 -115.777 
14.9908 -9.08138 -113.156 12.9905 -9.70517 -112.174 10.649 -10.858 -111.892 
9.14779 -11.9054 -111.985 7.56857 -12.6822 -110.927 22.1475 3.30811 -115.212 
5.96753 -13.4225 -111.023 20.7235 4.49227 -115.223 5.39331 -13.6127 -111.472 
4.58297 -13.3998 -111.662 3.22082 -12.8175 -111.437 18.672 5.38886 -116.162 
2.16855 -12.2069 -111.985 1.32252 -11.9075 -111.773 16.9181 5.80501 -116.663 
0.512149 -11.8584 -111.504 -0.108489 -11.8333 -112.003 0.706998 -11.5641 -112.499 
5.23563 -4.23807 -113.216 14.9192 6.13916 -115.322 -1.31219 -12.4204 -111.769 
-2.82361 -13.0783 -110.707 6.82327 -1.77561 -113.978 7.45196 -1.34867 -114.799 
7.83451 -0.496561 -115.466 13.622 6.16147 -116.717 1.56006 -5.70387 -112.625 
7.19123 0.488052 -114.525 7.70586 0.504392 -115.378 12.519 6.13358 -116.701 
0.229898 -6.41982 -113.069 7.7132 1.56299 -115.201 11.3318 5.81437 -116.345 
-0.943414 -6.75143 -113.362 -0.794998 -5.88213 -112.659 8.5953 3.55692 -116.134 
9.27948 4.47533 -116.187 10.1656 5.301 -115.891 -7.68876 -14.1985 -110.684 
-8.63595 -14.1487 -110.41 -2.82733 -5.88075 -112.874 -9.93904 -14.2568 -111.537 
-9.66505 -14.0141 -110.693 -3.91559 -6.83807 -113.515 -10.9559 -13.858 -111.288 
-5.05661 -6.79545 -113.626 -5.04038 -5.89477 -113.21 -12.4695 -13.1849 -111.275 
-7.32038 -4.49982 -113.37 -13.5371 -12.5865 -111.292 -14.6187 -12.213 -111.812 
-15.5433 -11.4811 -111.698 -16.5663 -10.6306 -111.593 -8.52315 -2.51272 -112.828 
-18.097 -10.4915 -112.867 -10.5235 -1.51725 -113.124 -18.7366 -8.94377 -111.95 
-11.7427 -1.71171 -114.427 -12.8369 -1.16683 -113.71 -15.1125 -1.07979 -114.493 
-21.749 -5.49577 -113.3 -21.9715 -4.1715 -114.015 -20.0572 -2.39781 -114.074 
-18.3819 -1.88069 -113.244 -21.1862 -3.04472 -114.243 18.7674 -7.17748 -112.447 
19.8351 -6.09412 -112.693 20.786 -5.25472 -113.282 21.458 -4.08949 -113.172 
22.6945 -2.70394 -113.609 23.7599 -1.16963 -114 17.0478 -8.16377 -111.897 
20.1401 -4.75636 -111.901 24.1469 -0.137485 -114.505 15.6821 -8.74695 -112.07 
14.4399 -9.12962 -111.68 23.9961 0.875205 -115.308 23.2707 1.97093 -114.53 
11.7708 -10.1631 -110.055 9.24332 -11.7216 -110.958 5.86152 -13.0804 -109.556 
5.25174 -13.464 -110.766 4.25527 -13.1583 -109.972 3.04686 -12.9129 -110.144 
19.7736 4.98053 -115.817 18.5128 5.65167 -115.212 19.0558 5.4359 -115.319 
1.94158 -12.519 -110.491 17.6009 5.86636 -114.855 0.745188 -12.5243 -109.801 
0.870383 -12.176 -110.8 -0.299752 -12.3901 -110.344 -1.88887 -12.9026 -109.854 
-2.63818 -13.1384 -109.899 -3.05898 -13.2538 -109.881 -3.9576 -13.4291 -109.764 
3.25559 -4.89305 -112.425 5.79014 -2.33081 -112.985 2.89235 -5.59322 -112.697 
5.31591 -3.11741 -112.716 6.13136 -0.971758 -113.14 6.69392 -0.453583 -113.815 
12.2248 6.03534 -115.23 -6.08526 -13.782 -109.726 2.4515 -5.19074 -112.259 
6.38902 0.669759 -113.387 6.68726 1.24834 -113.724 7.07177 1.92808 -114.026 
10.6206 5.58898 -115.13 -7.77255 -13.9233 -109.445 0.293425 -5.71465 -112.483 
0.361163 -5.03124 -112.032 8.05729 3.37451 -114.67 9.40102 4.85307 -114.763 
-1.85264 -4.63695 -111.974 -0.465308 -5.10845 -112.115 -10.4295 -13.3344 -109.64 
-3.40136 -4.31312 -112.018 -4.90368 -4.43223 -112.443 -11.7175 -13.0031 -110.19 
-12.9805 -12.2866 -110.199 -6.37829 -2.5638 -111.837 -14.0587 -11.9504 -110.829 
-14.9571 -11.3201 -110.844 -19.1009 -6.94866 -110.974 -20.4422 -5.4884 -112.049 
-21.2034 -5.64923 -112.712 -16.3401 -1.222 -113.378 -21.2439 -4.8423 -112.846 
-19.4549 -2.29851 -113.153 -19.7221 -2.77019 -112.655 -19.2326 -2.33966 -112.737 
-20.4852 -3.81693 -112.67 17.7106 -7.46447 -111.039 16.5449 -8.17061 -110.623 
18.9057 -6.35609 -111.469 21.4251 -3.20137 -112.377 22.1296 -2.00169 -112.209 
22.8375 -0.690793 -112.245 23.5837 0.119772 -113.227 15.3194 -8.74042 -110.797 
23.7567 0.868171 -113.975 13.5806 -9.3693 -110.466 22.9946 1.59322 -112.73 
22.5871 2.87484 -113.794 9.56021 -11.3021 -109.261 21.5196 4.0196 -113.758 
20.0625 5.00725 -114.019 2.49797 -12.9083 -108.541 19.6828 5.17895 -114.965 
18.9154 5.54531 -114.583 1.28264 -12.7279 -109.248 16.4982 6.14917 -112.542 
-1.14043 -12.8368 -109.079 -2.19327 -13.1157 -108.338 -2.99471 -13.2492 -109.21 
14.1811 6.27417 -113.098 12.9893 6.17129 -114.053 4.55486 -2.59816 -112.028 
1.96435 -4.52575 -111.813 2.56746 -3.06634 -111.235 4.72217 -1.60393 -111.827 
5.16843 -0.562278 -112.051 6.00444 -0.032885 -112.947 10.4002 5.4835 -113.786 
11.8035 5.97031 -114.061 -7.33022 -13.2378 -107.302 0.849911 -4.56898 -111.743 
0.983034 -3.69288 -111.229 5.64355 0.619204 -112.391 6.14437 1.59939 -112.753 
6.91057 2.84454 -113.102 7.5438 3.64673 -113.314 8.44092 4.41924 -113.302 
-8.93211 -13.6795 -109.223 -0.645068 -3.89393 -111.377 -1.93006 -3.74454 -111.436 
-2.86985 -3.12011 -111.181 -11.5312 -12.2749 -108.563 -4.41486 -3.17147 -111.555 
-13.2385 -11.5155 -109.179 -14.0335 -11.4861 -110.068 -14.7574 -10.4497 -109.305 
-8.56214 -1.15676 -111.645 -16.7939 -8.90289 -109.711 -9.98562 -0.893752 -112.022 
-18.1257 -8.12633 -110.534 -10.5803 -0.808957 -112.086 -11.4567 -0.74266 -112.039 
-14.6616 -0.942914 -112.173 -12.7332 -0.577824 -111.135 -19.0917 -4.8677 -110.623 
-16.6368 -1.57634 -111.662 -18.9781 -2.60666 -112.047 -18.0346 -2.29127 -111.594 
-19.4608 -3.42916 -111.655 16.8307 -7.68463 -109.772 17.9022 -6.68988 -110.049 
18.8184 -5.54597 -110.446 21.2363 -2.40472 -111.435 15.7891 -8.35624 -109.78 
14.5548 -8.83186 -109.372 20.4625 -3.3897 -111.267 21.7318 -1.79345 -111.472 
22.0502 -1.3027 -111.476 23.0528 0.397573 -112.14 22.8504 0.176282 -111.732 
12.9872 -9.45684 -108.728 11.28 -10.2239 -107.831 22.0577 3.30339 -112.454 
7.04933 -12.2543 -107.18 21.5554 4.04521 -112.831 4.92974 -12.8446 -107.509 
20.5209 4.70074 -112.248 18.7543 5.58823 -113.296 -0.17741 -12.8691 -108.143 
-4.30048 -13.3729 -107.915 12.9961 6.19776 -113.103 11.7809 5.94541 -113.023 
3.27224 -1.03313 -110.519 10.4237 5.56619 -112.485 2.08569 -1.84243 -110.216 
4.72284 0.921023 -110.981 8.0504 4.43123 -112.113 9.14793 5.04247 -112.122 
0.230679 -2.41743 -110.317 1.32515 -2.0227 -110.081 5.9629 2.42648 -111.649 
7.18452 3.67158 -112.138 -9.53387 -12.9817 -107.97 -1.9072 -3.29207 -111.143 
-1.65008 -2.476 -110.527 -2.77236 -1.92905 -110.353 -12.7467 -11.0574 -107.826 
-4.29223 -1.40803 -110.2 -6.58243 -1.04535 -110.689 -7.67397 -0.397751 -110.292 
-15.404 -9.33773 -108.479 -8.76612 -0.468901 -110.743 -10.2043 -0.483782 -110.982 
-17.8351 -7.61772 -109.757 -18.1066 -6.43009 -109.407 -11.5729 -0.453926 -111.027 
-14.0264 -0.696248 -110.016 -18.1269 -5.39535 -109.15 -17.7592 -4.1591 -109.015 
-15.3521 -1.1495 -110.48 -18.5406 -3.27322 -110.803 -17.4437 -2.56498 -110.372 
-16.4389 -1.83269 -110.095 17.8198 -5.65307 -108.738 15.7265 -7.93277 -108.479 
14.2237 -8.7142 -107.965 17.0136 -6.97736 -108.808 19.2508 -4.06146 -109.929 
20.2784 -2.71754 -110.424 21.0589 -1.57467 -110.441 21.825 -0.552602 -110.694 
22.2271 0.791321 -110.823 12.896 -9.15842 -106.507 22.0888 2.36156 -110.989 
21.5689 3.39184 -110.864 21.3657 3.96639 -111.635 21.5197 4.0268 -112.407 
5.90546 -12.6342 -106.892 3.20835 -12.8478 -106.397 18.6667 5.63315 -111.314 
1.07003 -12.8823 -106.124 -2.56849 -13.1243 -106.569 14.5125 6.34196 -111.049 
15.7989 6.38673 -110.454 12.882 6.16244 -111.713 11.0728 5.77383 -111.291 
9.98644 5.44412 -111.668 7.68132 4.35964 -110.48 9.48286 5.29434 -110.259 
1.24847 -1.11058 -109.394 5.10328 2.11102 -110.332 6.18763 3.16016 -110.584 
-8.83814 -12.7926 -106.805 -8.55172 -12.3912 -105.672 0.516692 -1.57382 -109.599 
-10.0872 -12.1589 -106.671 -0.962595 -1.27765 -109.374 -0.385966 -1.16683 -109.249 
-0.133383 -1.43208 -109.468 -11.4162 -11.6383 -107.182 -2.0476 -1.5612 -109.89 
-1.9953 -0.997698 -109.298 -2.78206 -1.20669 -109.745 -2.63961 -0.532115 -108.884 
-3.21216 -0.892984 -109.538 -14.0831 -9.43462 -107.041 -6.24202 -0.0741712 -109.034 
-15.8164 -8.55925 -108.05 -7.54502 0.0221503 -109.346 -8.77298 -0.0692177 -109.645 
-16.9382 -7.53021 -108.525 -10.2315 -0.0686462 -109.335 -11.5107 -0.263083 -109.879 
-17.1613 -5.97988 -107.885 -12.6984 -0.338523 -108.908 -15.7538 -1.5225 -109.257 
-14.8335 -1.0339 -108.935 -17.0105 -2.76354 -109.089 -16.4295 -2.08777 -109.076 
14.8864 -7.91077 -106.709 16.441 -6.55356 -107.172 18.0152 -3.95809 -107.666 
19.5485 -2.40351 -109.015 11.1758 -10.0944 -106.094 21.765 1.99582 -109.91 
9.56885 -10.9751 -106.449 21.2672 2.92056 -109.381 20.5447 4.26638 -109.885 
5.75997 -12.5742 -106.185 4.6387 -12.6191 -105.296 19.7338 5.11001 -110.574 
2.52055 -12.6237 -104.085 17.1448 6.14184 -110.06 -1.06243 -12.9728 -105.767 
-2.79226 -12.9406 -104.684 14.9404 6.43884 -109.655 12.7635 6.17131 -110.526 
13.3312 6.26236 -110.349 -4.80091 -12.9535 -105.335 12.0754 6.03192 -110.405 
10.9599 5.81968 -108.799 -7.13034 -12.2291 -104.406 3.20228 0.548804 -109.375 
4.08094 1.48873 -109.477 4.94577 2.56653 -109.104 6.30173 3.59752 -109.365 
1.59814 0.106218 -108.525 -9.69106 -11.6374 -105.243 -0.0516975 -0.992017 -109.049 
0.276579 -0.352396 -108.422 -11.4617 -10.8858 -106.019 -0.760235 -0.354081 -108.306 
-1.72101 -0.439361 -108.496 -3.48426 -0.521708 -109.093 -3.30369 0.0399444 -108.151 
-4.3874 -0.0161305 -108.441 -15.6376 -7.54289 -106.796 -7.79739 0.367885 -108.166 
-9.34874 0.224709 -108.313 -10.9143 0.0966103 -107.839 -16.9848 -4.82699 -107.192 
-16.9307 -3.65527 -107.526 -13.8369 -0.659717 -107.98 -12.5604 -0.22167 -106.477 
-16.6465 -2.65987 -108.217 -16.0788 -2.0951 -108.077 -15.3723 -1.53091 -107.886 
17.2087 -5.32349 -107.212 18.6927 -2.01358 -107.299 20.4586 -0.133791 -108.466 
11.7674 -9.65138 -105.323 10.3834 -10.2975 -104.518 21.2287 1.70885 -108.878 
8.19958 -11.3905 -104.405 6.2345 -12.1414 -104.288 18.8068 5.41387 -108.809 
-0.801914 -12.7038 -103.563 16.0746 6.40756 -109.211 15.4946 6.46542 -109.458 
13.7505 6.34814 -108.784 -4.13242 -12.7395 -103.897 12.559 6.14886 -109.47 
-5.43275 -12.2428 -103.199 9.40988 5.41708 -108.406 8.29239 4.97573 -108.362 
5.56488 3.39222 -108.124 4.37685 2.71229 -107.612 6.73711 4.22852 -107.99 
-8.71056 -11.6555 -104.362 2.95583 1.50667 -108.007 -0.278062 0.528856 -107.295 
1.18283 0.926842 -107.37 -10.1582 -10.6589 -104.207 -1.47822 0.197711 -107.593 
-2.46849 0.202027 -107.674 -12.4204 -9.19608 -104.683 -3.83154 0.864747 -106.545 
-14.2009 -8.25062 -105.604 -13.7638 -7.78046 -104.469 -5.5155 0.576711 -107.423 
-14.8614 -7.15925 -105.228 -6.68413 0.625029 -107.402 -8.80208 0.606285 -106.76 
-15.9509 -5.7752 -105.696 -16.5588 -4.51164 -106.229 -16.4204 -3.79419 -106.108 
-16.3375 -2.9422 -106.927 -14.6696 -1.14863 -107.225 -15.5466 -2.18819 -106.328 
-15.1294 -1.5667 -106.767 12.4227 -8.96505 -104.193 14.0666 -8.05412 -105.168 
15.3568 -6.81788 -105.21 16.5598 -4.76789 -105.345 17.5982 -3.02566 -106.174 
18.1292 -1.54409 -105.764 19.1189 -0.742418 -106.731 19.7409 0.416579 -106.436 
20.3404 1.21052 -106.979 20.674 1.64834 -107.626 20.7541 2.72641 -107.771 
20.5744 3.64777 -108.203 19.901 4.44559 -107.784 4.73528 -12.2642 -103.106 
16.6144 6.25158 -107.575 1.11864 -12.6015 -103.135 15.208 6.45883 -108.229 
-3.31288 -12.6101 -103.229 -4.36779 -12.4627 -103.029 12.3883 6.16553 -108.073 
11.8811 6.11825 -106.416 -6.9411 -11.5111 -102.666 5.02797 3.63542 -106.212 
-8.51252 -10.8653 -102.934 3.23482 2.46763 -106.518 1.49511 1.67334 -106.427 
0.488802 1.09483 -106.768 -0.195217 1.18222 -106.378 0.502311 1.3591 -106.378 
-0.902016 1.04373 -106.407 -1.80039 0.895668 -106.514 -6.67828 1.02276 -105.79 
-14.4056 -6.42208 -103.813 -7.46228 0.741973 -106.923 -10.4003 0.502781 -105.43 
-15.9271 -4.49004 -104.898 -15.7622 -3.35669 -105.01 -14.6857 -1.52625 -105.463 
-13.9029 -0.836746 -106.07 14.046 -7.41967 -103.362 12.8653 -8.33824 -103.019 
15.3474 -6.01812 -103.753 15.4632 -4.70944 -102.466 10.5965 -9.85344 -102.8 
11.9267 -8.94246 -102.709 17.1384 -2.51883 -104.629 18.837 -0.286382 -105.561 
9.01577 -10.7703 -102.833 20.0126 1.53495 -105.897 20.2886 2.56894 -106.403 
7.19598 -11.4301 -102.023 20.2458 3.61264 -107.002 19.9145 3.74275 -106.133 
5.8843 -11.9532 -102.423 19.1785 4.97392 -106.987 1.96964 -12.4578 -102.562 
3.28866 -12.2362 -102.001 17.9856 5.60318 -106.503 0.481934 -12.4678 -102.135 
-0.765655 -12.4764 -101.948 -1.76891 -12.4262 -101.831 14.199 6.41037 -106.497 
15.4584 6.50597 -106.746 -2.86172 -12.423 -102.303 12.9962 6.29432 -107.319 
-4.48907 -11.9253 -101.582 -6.17064 -11.2791 -101.513 9.05439 5.47767 -106.041 
7.39936 4.79857 -106.687 6.43574 4.38944 -106.378 2.31036 2.38485 -105.675 
1.60215 2.16615 -105.523 0.983281 1.96123 -105.543 3.27716 3.02768 -105.22 
-10.6039 -9.20167 -102.612 0.337556 1.62797 -105.85 0.242297 2.23054 -104.556 
1.21103 2.25083 -105.107 -0.836313 1.46835 -105.709 -2.24026 1.72381 -104.756 
-12.6926 -7.7555 -103.135 -3.60278 1.46372 -105.177 -4.7297 1.41138 -104.97 
-8.67366 0.870161 -105.471 -15.3256 -5.28182 -104.098 -15.3232 -4.65333 -103.606 
-15.4748 -4.07206 -103.833 -15.0902 -3.49786 -103.168 -13.2578 -0.55725 -104.916 
-12.1128 -0.0144218 -104.314 -14.8927 -2.42373 -103.895 -13.9486 -1.04159 -104.615 
12.442 -8.18404 -101.575 14.7134 -6.20533 -102.379 10.872 -9.36522 -101.596 
16.3439 -3.42075 -103.589 9.00016 -10.3773 -100.95 17.9173 -0.484415 -103.897 
19.2251 1.0169 -104.673 19.6609 2.57793 -104.747 19.7598 3.48821 -105.439 
5.03044 -11.7419 -100.665 19.0858 4.62003 -105.638 19.7298 4.33204 -106.593 
17.8099 5.47539 -104.987 1.71413 -12.2609 -101.405 15.9878 6.19132 -105.234 
-0.308109 -12.0876 -100.174 15.8811 6.47113 -106.236 15.3791 6.49619 -106.004 
-2.89032 -12.1187 -100.899 10.8425 6.0963 -104.382 6.50769 4.69525 -104.814 
-7.5198 -10.5775 -101.416 -8.8743 -9.61533 -101.251 2.00143 2.72217 -104.63 
-11.6504 -7.6359 -101.662 -3.86104 1.74964 -104.189 -3.07453 1.97021 -103.782 
-13.1478 -6.09203 -101.548 -5.93621 1.76398 -102.935 -14.6114 -5.18079 -102.779 
-8.52612 1.09439 -104.211 -10.4433 0.720463 -103.197 -14.925 -4.27706 -102.682 
-14.2155 -1.52161 -103.746 -13.3067 -0.795947 -103.382 13.8114 -6.95816 -101.622 
10.3845 -9.19644 -99.6889 15.9478 -3.2664 -102.415 16.5213 -1.82778 -102.457 
18.3767 1.33028 -102.476 19.0909 2.1968 -103.319 6.97253 -11.035 -99.522 
19.1639 3.95432 -104.421 18.428 4.89793 -104.343 2.6508 -11.9856 -100.419 
17.2782 5.48576 -103.187 13.2156 6.33267 -104.216 -2.5138 -11.8423 -99.4141 
-3.85511 -11.5703 -99.6454 -4.76583 -11.2741 -99.8859 -5.60823 -10.8395 -99.923 
9.11761 5.8664 -102.844 -6.74419 -10.359 -100.178 7.68145 5.31156 -103.835 
-7.82844 -9.55466 -99.9187 3.8598 3.91729 -103.2 -8.83062 -8.92401 -100.05 
-10.1337 -8.14596 -100.432 1.53715 3.10941 -103.145 0.187755 2.78316 -102.965 
-0.99582 2.39736 -103.378 -2.4315 2.30682 -102.93 -11.6492 -6.8028 -100.383 
-3.87145 2.07266 -103.088 -4.38537 2.20268 -102.325 -14.1289 -4.45966 -101.233 
-8.62385 1.32651 -102.619 -14.5955 -3.70108 -101.858 -14.5546 -2.94821 -102.167 
-12.1515 -0.0497493 -102.471 -13.8902 -1.80617 -101.95 -13.1073 -0.815123 -102.017 
11.8806 -8.17139 -100.104 12.9071 -7.24665 -100.123 14.215 -5.89361 -100.68 
14.7645 -4.65406 -100.46 15.3405 -3.11318 -100.614 8.26614 -10.2745 -98.5392 
15.9617 -1.64521 -101.072 16.3776 -0.903178 -101.321 17.0384 0.285908 -101.225 
18.8701 3.5019 -103.008 5.40345 -11.2389 -98.3796 2.96885 -11.541 -98.3376 
18.438 4.54915 -103.421 0.0120714 -11.4326 -96.9589 15.3242 6.16415 -102.364 
-1.59918 -11.7451 -98.5398 -2.69056 -11.2302 -97.4813 -4.65115 -10.6305 -98.1359 
10.5642 6.19924 -103.277 11.632 6.34397 -103.192 -6.43476 -9.50754 -98.0631 
6.42475 5.15649 -101.913 -8.66205 -8.17303 -98.4844 0.735061 3.19351 -102.116 
1.91396 3.66262 -101.658 -10.8645 -6.36872 -98.3859 -0.822936 2.86238 -101.989 
-3.49332 2.36975 -102.176 -12.3145 -5.81664 -99.7448 -4.01939 2.5238 -101.058 
-13.2003 -4.79517 -99.6436 -8.19739 1.62361 -100.99 -6.18357 2.25563 -99.9748 
-13.8345 -4.02143 -100.032 -9.70835 1.14096 -101.723 -14.0118 -3.16286 -100.508 
-11.0988 0.54788 -101.349 -12.6888 -0.58198 -101.119 -12.0331 0.0117247 -101.342 
-13.2812 -1.17036 -101.125 11.57 -8.04227 -98.9022 10.1548 -8.93532 -97.9551 
12.535 -7.20642 -99.0003 13.1995 -6.40358 -99.0048 13.9857 -4.99836 -98.7894 
14.6631 -4.23485 -99.7069 9.08145 -9.64159 -97.7234 15.9642 -0.816362 -100.235 
15.6084 -1.84147 -100.337 6.50373 -10.7446 -97.2843 17.8431 1.56145 -101.09 
18.2453 2.01214 -101.347 18.4897 2.72805 -101.663 4.7297 -11.0424 -96.7792 
18.3055 3.87041 -101.482 18.0533 4.61401 -102.132 17.201 5.28428 -100.91 
16.5651 5.81237 -101.794 12.8214 6.47548 -101.279 10.8353 6.30207 -102.252 
3.33234 4.3428 -100.599 4.71638 4.68852 -101.159 0.389231 3.37226 -101.163 
-2.47822 2.66132 -101.627 -12.2852 -5.29615 -98.771 -13.4978 -3.70005 -98.996 
-9.8958 1.15053 -100.211 -13.6044 -2.87825 -99.0879 -11.0928 0.556742 -99.8015 
-13.2131 -1.71324 -99.4564 -12.1249 -0.245884 -99.7914 10.8345 -8.12169 -97.3056 
12.1665 -7.13186 -98.0672 12.8718 -6.01101 -97.6021 9.18116 -9.14534 -96.079 
7.66816 -10.1066 -96.4391 14.5452 -3.87643 -99.001 14.6634 -2.92427 -98.4442 
15.2503 -1.82374 -99.2515 16.1878 0.250402 -99.6326 16.6431 1.13952 -99.4972 
17.3218 1.57806 -100.197 17.8122 2.44177 -100.203 17.8545 3.73183 -99.9805 
17.8318 4.53356 -100.796 2.84809 -11.1046 -95.8081 16.1514 5.87007 -100.416 
14.8426 6.29046 -100.02 -1.27247 -10.7983 -94.3209 10.0578 6.31559 -100.227 
7.95338 5.80083 -100.797 -5.05063 -9.79277 -96.675 6.77834 5.55627 -100.181 
5.39575 5.23798 -99.2476 1.08612 3.84382 -99.8966 -1.46707 3.15386 -100.356 
-3.8179 3.099 -98.137 -12.2969 -4.46615 -97.4255 -13.127 -2.95608 -97.7254 
-8.39714 1.80785 -98.4125 -11.5773 0.196071 -98.3666 -10.4772 0.910676 -98.5261 
-12.6351 -1.00692 -97.9728 -12.2209 -0.416495 -97.8716 11.7009 -6.93625 -96.6768 
12.5354 -5.90261 -96.6368 13.1657 -4.94692 -96.6124 10.4009 -8.0652 -96.0518 
14.0621 -3.83872 -97.5606 14.2419 -2.95463 -97.1613 14.6464 -1.67205 -97.1882 
5.28711 -10.5523 -94.7612 15.5333 -0.464946 -98.7006 15.9958 0.632724 -98.6875 
16.3232 1.3475 -98.3921 17.0157 2.03491 -98.9909 17.2364 3.09335 -98.2855 
17.4229 4.70338 -99.5912 16.5494 5.25 -98.3312 15.7069 5.95976 -98.8847 
1.245 -11.003 -94.3115 13.839 6.52952 -99.87 -3.76279 -9.9826 -95.0609 
11.9998 6.66406 -99.3202 13.2248 6.64243 -99.5173 -5.55882 -8.99737 -95.5405 
7.666 5.89736 -99.2513 -7.60963 -7.73165 -95.9289 2.87439 4.57767 -98.5864 
-9.26214 -6.93536 -96.9056 0.86711 4.14779 -97.9 -0.836837 3.60933 -98.7476 
-10.0476 -5.58008 -95.2295 -6.28806 2.49652 -98.316 9.68269 -8.38277 -94.7342 
10.8701 -7.29051 -95.2632 12.0631 -6.03299 -95.6737 13.6145 -3.27847 -95.6171 
7.48641 -9.84457 -94.6847 15.5531 0.419243 -97.4617 16.4069 1.96801 -97.4438 
17.2327 4.22692 -98.1695 3.05365 -10.8762 -94.3541 15.0976 6.20732 -98.6218 
14.1415 6.48432 -98.5272 12.9331 6.70781 -98.489 10.7873 6.59943 -98.673 
9.10783 6.36313 -97.5189 -4.94642 -8.79957 -93.8319 -6.21955 -8.04798 -94.21 
7.02039 5.84307 -98.1369 2.43541 4.79021 -96.4678 4.20363 5.17348 -97.1996 
0.567683 4.39044 -96.0556 -1.14763 3.84799 -97.0173 -11.7156 -4.17098 -95.4026 
-6.50432 2.64087 -96.7552 -12.5005 -3.22808 -95.8241 -8.71413 1.91668 -95.8417 
-12.6727 -1.90688 -96.1259 -10.1543 1.13646 -96.6542 -12.4248 -0.89831 -96.5523 
-11.8644 -0.19944 -96.2608 -11.1616 0.497195 -97.1238 8.39682 -9.20471 -93.7965 
9.27326 -8.3579 -92.9979 10.2498 -7.61059 -93.9833 11.2817 -6.44482 -94.1086 
12.4799 -4.98476 -94.6209 6.50999 -9.91831 -92.6814 14.0306 -1.70807 -95.2808 
14.7073 -0.350893 -95.8716 4.92891 -10.4106 -92.821 15.5682 1.2328 -96.1654 
16.1664 2.17847 -96.3291 16.6241 2.88596 -96.6091 16.9798 3.69717 -96.9524 
3.12406 -10.7027 -92.9206 16.6542 4.33296 -96.4451 0.665031 -10.7265 -91.9107 
15.0846 6.01862 -97.1489 14.0713 6.47296 -97.2092 -2.19863 -10.0852 -92.3166 
13.1633 6.67465 -97.3724 11.6581 6.71727 -97.7375 -3.86009 -9.05215 -92.2353 
6.23864 5.76273 -96.9004 -7.66609 -6.92499 -93.9537 -8.82801 -5.58196 -92.5626 
-10.1214 -4.9505 -93.8135 -2.82909 3.66053 -96.0815 -4.2097 3.37043 -96.0998 
-11.1219 -4.35422 -94.4832 -4.98322 3.11801 -96.5795 -11.8464 -3.52454 -94.4223 
-12.2896 -2.67728 -94.4751 -10.2691 1.13772 -94.4836 -12.1608 -1.03221 -94.6575 
-11.154 0.471388 -95.3939 7.94142 -9.10103 -91.759 10.2774 -7.20074 -92.5055 
11.5831 -5.47074 -92.3547 12.7433 -3.91631 -93.4605 13.4181 -2.10339 -93.435 
14.1292 -0.735261 -94.4709 4.27909 -10.3506 -91.1921 14.8333 0.706632 -94.7748 
15.8211 2.39375 -95.2084 16.5265 3.49859 -95.84 2.54834 -10.6563 -91.559 
15.8418 5.06483 -95.5954 14.6509 5.89204 -94.5184 -1.03914 -10.5631 -92.3062 
13.4228 6.53523 -95.7782 12.0971 6.75603 -96.4482 10.8509 6.77653 -94.7794 
10.8052 6.72494 -96.3982 10.6216 6.76115 -95.7669 9.88965 6.63464 -95.8934 
-6.04979 -7.60786 -92.4663 7.7267 6.34727 -94.7674 4.58218 5.61188 -94.7984 
-1.19821 4.26111 -94.5346 -10.782 -4.13857 -93.3206 -10.6031 -4.69305 -94.202 
-4.20663 3.59929 -94.173 -5.7469 3.06962 -95.214 -11.7261 -3.03956 -93.4131 
-7.4918 2.52979 -94.8833 -11.9589 -2.04762 -93.1324 -8.87293 1.97264 -94.0431 
-11.6029 -0.184032 -93.6712 -11.1273 0.485793 -94.1123 8.98147 -8.1644 -91.0991 
10.0707 -6.83616 -90.2152 6.19269 -9.68671 -90.2421 14.1508 0.21865 -93.0759 
2.16167 -10.5599 -90.3891 15.0184 1.69009 -93.9106 15.4831 2.791 -93.8692 
15.9746 3.82511 -94.6309 0.902659 -10.6427 -90.4974 0.307922 -10.597 -90.5743 
-0.667114 -10.3642 -90.777 13.7361 6.44538 -94.3429 -1.74213 -9.88056 -90.464 
-2.64631 -9.50479 -91.0106 -3.3239 -8.91253 -90.4324 -4.76117 -7.96544 -90.4985 
5.94838 6.08333 -93.8459 1.79223 5.06554 -93.9318 -10.0967 -4.25156 -91.7027 
-11.1502 -3.18936 -91.9794 -7.3697 2.72895 -92.6609 -11.8536 -1.06076 -92.7706 
-10.9916 0.542978 -93.0312 -9.93085 1.35332 -92.4396 11.3571 -5.0684 -90.0158 
12.3996 -3.59084 -91.5526 7.62543 -8.956 -90.0074 13.1102 -1.22625 -90.9134 
3.69559 -10.1149 -88.1572 14.8613 2.253 -92.6861 15.4214 3.49952 -93.1871 
15.2269 4.75358 -93.1184 0.937771 -10.3958 -89.379 14.6272 5.68071 -92.991 
13.6519 6.30739 -92.7324 -0.729897 -9.90934 -88.7846 -2.27451 -9.32707 -89.4278 
12.76 6.68887 -94.0548 -3.43573 -8.45841 -88.8326 9.0166 6.75852 -93.5808 
6.54725 6.34001 -93.17 -6.86666 -6.48455 -90.4885 5.41165 6.16179 -92.6749 
3.77224 5.78046 -92.6199 -8.89097 -4.75123 -89.8289 0.0565175 4.98814 -92.096 
-10.41 -3.70278 -90.6839 -2.87273 4.29026 -91.9846 -10.9936 -3.00184 -90.4969 
-5.39678 3.56446 -92.1734 -11.444 -2.31808 -91.0441 -11.6501 -1.45953 -91.3625 
-11.5695 -0.628422 -91.68 -11.3548 0.0118997 -92.081 -10.9412 0.502554 -91.7435 
8.2493 -8.2479 -89.0363 8.98761 -7.36762 -87.6832 10.4112 -6.05486 -88.2783 
6.24932 -9.34073 -88.1196 14.0625 1.18165 -91.3283 14.6028 2.56159 -91.4339 
15.0071 3.5518 -91.9632 -1.69709 -9.3798 -88.0866 11.6398 6.88898 -92.2303 
-2.42792 -9.0312 -88.3942 9.67114 6.97488 -92.3726 7.70763 6.6945 -92.4731 
-5.46791 -6.97705 -88.5496 6.43413 6.46154 -92.3268 6.44924 6.61923 -91.3796 
-7.20784 -5.88032 -89.1544 4.91669 6.34959 -90.9975 2.47211 5.78534 -90.9028 
-10.3516 -3.26417 -89.1654 -11.0892 -2.33623 -89.434 -11.3915 -1.71165 -90.0427 
-11.37 -0.896547 -90.1762 -6.61277 3.31237 -91.1655 -11.2182 -0.0703171 -90.8329 
-10.6144 0.745315 -90.7136 -9.47399 1.77128 -90.4562 11.2322 -4.66328 -88.106 
12.0465 -3.33026 -89.4572 7.13464 -8.60132 -86.8931 12.4345 -1.64032 -88.5273 
4.88551 -9.80153 -86.8093 13.4122 0.941564 -89.1492 14.1908 2.22407 -90.4365 
14.5415 3.38288 -90.5166 1.21446 -10.1048 -86.9917 14.6929 4.54614 -90.9512 
14.4579 5.52715 -91.7322 -0.750905 -9.5826 -86.686 13.7666 6.07846 -90.9911 
12.7806 6.58547 -90.7654 -2.32578 -8.88408 -87.352 -3.64464 -7.96284 -87.1606 
-7.27152 -5.38349 -87.6873 0.735385 5.39049 -90.8118 -0.74811 5.08 -90.5373 
-3.02654 4.66252 -89.5513 -5.30162 3.84388 -90.4635 -11.0893 -1.25088 -88.5757 
-10.9257 -0.00964318 -89.3054 -7.63729 3.09565 -88.9961 -9.35536 2.01278 -88.8341 
-10.412 0.949027 -89.6823 -10.0185 1.40988 -89.2754 8.79539 -7.2942 -86.0284 
7.78123 -7.99092 -85.9431 9.6678 -6.59492 -86.4364 10.4596 -5.54801 -86.4287 
5.58831 -9.41737 -86.1859 11.7273 -3.306 -87.8245 3.94895 -9.88206 -85.2926 
2.74087 -10.1436 -85.9287 14.0451 2.80037 -89.3962 14.0701 4.29603 -88.7519 
14.0638 5.48407 -89.8858 0.530034 -9.96911 -85.601 13.4462 6.18564 -89.9004 
12.7159 6.51626 -89.0587 11.0648 7.01999 -89.5565 10.2186 7.10236 -91.0841 
8.33127 7.04514 -90.1992 -4.92292 -6.75661 -85.8753 6.24863 6.77353 -90.2235 
5.32515 6.81903 -88.6133 1.94821 6.10896 -88.5347 0.878936 5.5965 -89.9129 
-9.1902 -3.54607 -86.9334 -10.635 -2.05016 -87.3464 -5.27004 4.19646 -88.3308 
-10.4247 0.788853 -88.4555 -9.94224 1.44188 -88.3022 11.1445 -4.11306 -86.3732 
5.83326 -8.94843 -84.3616 11.8348 -2.37461 -86.6931 12.5586 -0.397428 -87.1575 
2.7956 -10.116 -84.9137 13.0852 1.37184 -87.1687 13.61 2.78705 -87.8413 
1.74504 -10.1094 -84.9098 0.63067 -9.94745 -84.4058 13.742 5.47448 -88.3104 
-0.365301 -9.65716 -85.0726 13.4983 5.99835 -88.8844 -2.10064 -8.68821 -85.0817 
12.021 6.77027 -87.8229 8.42831 7.30117 -87.7682 9.6829 7.24367 -88.5687 
-7.17872 -4.78302 -85.351 -0.485688 5.45244 -88.8408 -2.3203 5.17815 -87.6763 
-3.74101 4.68258 -88.3207 -10.8795 -1.12393 -87.1008 -10.7154 -0.169882 -87.2347 
-6.60822 3.88257 -87.4285 -10.1061 1.08603 -86.7768 -9.58797 1.82181 -87.5818 
-8.97163 2.41669 -87.5287 7.81316 -7.80255 -84.4869 8.96077 -7.03728 -85.0111 
9.41793 -6.45116 -84.3277 10.3381 -5.09331 -84.4878 11.1954 -3.14226 -84.5176 
11.9991 -1.35297 -85.6886 12.5065 0.477446 -85.4835 2.65649 -10.0292 -84.1016 
13.1111 2.55143 -85.9167 1.50806 -9.92121 -82.9752 13.4761 4.10031 -86.3826 
13.4656 5.27278 -86.8296 -0.248536 -9.57308 -83.4559 13.0115 6.15217 -87.4926 
10.6982 7.17616 -86.6015 -3.35088 -7.65445 -83.5419 -5.26606 -6.03655 -83.2201 
2.97257 6.77849 -86.2903 -8.52466 -3.26194 -83.9001 -2.62568 5.52995 -84.9995 
0.0255692 6.00897 -86.4196 -10.1068 -1.78046 -84.6913 -3.97363 4.80466 -87.1345 
-10.6466 -0.780101 -85.577 -5.52769 4.50431 -85.7381 -10.4276 0.323947 -85.4306 
-7.28318 3.69062 -86.5233 -9.45445 2.01913 -86.0201 -8.49245 2.96737 -85.8703 
8.29899 -7.37949 -83.5447 6.68462 -8.34078 -82.1987 11.8466 -1.22428 -84.4775 
3.43888 -9.72771 -83.1281 0.303571 -9.66675 -81.8316 -1.46614 -8.80883 -81.2752 
12.1696 6.64442 -86.5019 -3.32447 -7.60643 -81.9849 9.01285 7.46201 -86.335 
7.0312 7.47416 -85.9014 5.03518 7.16538 -86.5419 -7.0686 -4.48579 -83.7562 
-10.5103 -0.733882 -84.0945 -10.3538 0.225854 -83.4962 -9.97353 1.29673 -84.5284 
-9.35928 2.30256 -84.0076 8.13734 -7.35224 -82.0709 9.31308 -6.10657 -82.2299 
10.2781 -4.7206 -82.9706 4.49764 -9.30998 -81.6454 10.687 -3.57641 -82.1693 
11.4254 -1.97732 -83.276 12.0375 0.0807269 -83.392 2.63083 -9.75335 -81.3375 
12.6551 1.94177 -84.362 1.32628 -9.81655 -81.194 12.9058 3.84578 -84.0556 
13.082 5.17488 -84.9392 12.6935 6.12256 -85.4754 11.8834 6.76574 -85.4215 
11.4398 7.00726 -84.9857 9.40707 7.54241 -84.7375 -4.15123 -6.92242 -81.0537 
-5.387 -5.80182 -81.583 4.54274 7.34144 -85.0145 -6.86216 -4.48982 -82.0886 
2.72037 7.09879 -84.2586 1.1546 6.70054 -84.1472 -0.566395 6.28037 -83.8318 
-10.2717 -0.691246 -82.6284 -6.20284 4.5449 -83.265 -4.24423 5.30586 -83.3046 
-7.39552 3.81997 -84.6261 -8.619 3.10101 -83.6185 6.9329 -8.16514 -80.5049 
7.99293 -7.28083 -80.2577 9.05428 -6.0634 -80.2529 9.85524 -5.14537 -81.5864 
5.26055 -8.96969 -79.7434 11.3534 -1.57416 -81.8688 3.50106 -9.52588 -80.0178 
11.8756 0.710412 -81.3497 1.92683 -9.65614 -79.7608 12.4351 2.23028 -82.875 
0.492684 -9.56806 -80.3647 12.7184 5.26369 -83.364 12.5781 5.92011 -83.8533 
11.8467 6.65881 -83.9382 10.845 7.22728 -84.2699 -2.90497 -7.95462 -80.779 
7.82411 7.81214 -83.7001 5.88746 7.74704 -83.7355 -8.40666 -3.02009 -81.7638 
-9.56384 -1.81732 -82.0638 -10.0637 0.346216 -80.6555 -9.75128 1.70707 -82.0688 
-7.73085 3.76144 -82.834 -9.30622 2.52357 -82.6123 -8.79986 3.01288 -82.1562 
6.64751 -8.24546 -78.8555 9.97336 -4.65965 -80.4662 10.7475 -2.96585 -80.5506 
5.29167 -8.90327 -77.613 3.31782 -9.37089 -78.0998 11.3054 -1.15257 -80.3757 
12.2792 2.59617 -81.605 12.5579 3.58899 -82.3653 0.341014 -9.22189 -77.9009 
12.5256 4.72828 -82.1884 -1.39171 -8.78629 -78.9104 11.9737 6.04729 -81.9274 
10.6255 7.19395 -82.2903 -3.10188 -7.75158 -78.9275 10.189 7.46986 -83.45 
9.23045 7.71257 -82.7355 -5.47099 -5.73424 -79.9541 7.95113 7.99023 -82.0834 
6.82289 8.00588 -82.5526 5.37189 7.96973 -81.82 -7.51344 -3.78542 -80.1235 
3.64241 7.52617 -82.8353 1.87567 7.12822 -82.749 -8.83404 -2.46604 -80.4534 
0.475996 6.96428 -81.0943 -1.74234 6.19707 -82.322 -2.86045 5.79391 -83.0314 
-9.9781 -0.808764 -80.7599 -6.97654 4.27544 -81.6905 -5.47413 5.10423 -81.1726 
-8.12037 3.52083 -81.5624 -9.35438 2.46917 -81.8052 7.90669 -6.99443 -78.1024 
9.2839 -5.4669 -79.0299 10.1275 -4.01665 -79.0775 10.873 -2.13563 -79.0115 
12.0197 2.21379 -80.3234 12.3083 3.74459 -80.9668 12.1533 4.94577 -80.3798 
-1.58899 -8.63095 -77.649 -4.84191 -6.38478 -77.8323 -6.5559 -4.72921 -78.1614 
6.95843 8.15215 -80.9948 -8.4611 -2.67515 -78.2134 2.22975 7.41003 -81.4089 
3.67938 7.84292 -80.59 -9.46799 -1.6042 -80.0037 -3.33005 5.8624 -81.4444 
-9.69116 -0.77722 -78.458 -9.64625 1.69932 -79.601 -9.02782 2.69498 -80.8351 
-7.85329 3.73902 -80.2322 -6.70515 4.51795 -80.75 6.47041 -8.26197 -77.333 
9.18789 -5.09418 -77.0641 10.3153 -3.28961 -77.8096 4.16543 -9.12708 -75.7438 
2.48558 -9.33525 -76.2508 11.5413 0.614679 -78.8036 1.3275 -9.20572 -75.0433 
11.8952 2.19285 -79.3627 12.0783 3.21897 -79.726 12.1891 4.08882 -80.0465 
11.6648 5.96665 -79.7116 -1.20025 -8.73913 -76.666 -2.70453 -7.8815 -76.0241 
10.7548 6.89847 -79.9805 -3.78269 -7.2952 -77.2467 8.60579 7.89847 -80.232 
5.54272 8.1874 -79.8477 -7.03946 -4.16093 -76.2759 2.2019 7.58009 -79.9482 
-1.92598 6.50846 -79.611 -4.48922 5.73027 -79.2583 -9.85959 0.699176 -77.9977 
-6.77226 4.57144 -79.7039 -5.81298 5.16036 -79.6156 -8.99918 2.71886 -78.9398 
5.62966 -8.64854 -76.2106 6.67591 -7.87643 -76.0943 7.76029 -6.77845 -76.0702 
10.09 -3.40619 -76.4612 10.7968 -1.61877 -76.8819 11.8609 2.71946 -78.5394 
12.031 4.08099 -79.0853 -0.753779 -8.75287 -75.2015 11.8151 5.15297 -78.6027 
9.9349 7.43015 -78.2875 -4.35319 -6.74964 -76.3672 -5.62728 -5.58919 -76.416 
7.50646 8.19067 -80.3542 7.05812 8.23429 -79.8652 4.19405 8.0996 -79.2234 
3.11847 7.89724 -79.1172 1.79248 7.69675 -77.9177 -8.36509 -2.6478 -75.2957 
-0.2813 7.10149 -78.489 -9.22806 -1.65332 -76.7367 -3.08124 6.4533 -77.3088 
-9.85056 -0.139085 -76.9881 -6.62508 4.84554 -78.1267 -9.54974 1.90296 -77.7121 
-9.13261 2.63851 -77.6121 -8.22309 3.56406 -78.112 5.26461 -8.56523 -74.484 
6.78088 -7.4913 -74.5338 8.06156 -6.11155 -74.4971 9.40593 -4.24386 -74.925 
10.2368 -2.6488 -75.1974 4.15242 -9.07516 -74.4519 3.69878 -9.18673 -74.2267 
3.77336 -9.20765 -74.6663 3.08888 -9.24675 -74.6109 11.2467 0.629539 -75.9669 
11.6234 2.14001 -77.0403 11.7447 3.99627 -77.0894 11.644 5.19938 -77.4783 
11.0975 6.28324 -77.6223 -1.92744 -8.2445 -74.4838 -2.60934 -7.7165 -73.6391 
-4.53999 -6.28726 -74.4553 8.75328 7.98543 -78.0084 6.77935 8.29206 -77.8583 
-6.0251 -5.08755 -75.3096 3.678 8.08771 -78.2346 4.90088 8.24544 -78.3929 
-1.4191 6.87826 -77.8928 -9.68273 -0.83603 -76.3609 -9.82487 -0.253197 -75.8617 
-9.86256 0.432819 -76.2856 -5.35543 5.63196 -77.3219 -9.74854 1.26639 -76.6409 
5.87642 -8.04517 -72.9109 4.76534 -8.67079 -72.733 6.92546 -7.19979 -73.1774 
3.85039 -9.03894 -73.5614 10.675 -0.9723 -74.4925 2.3265 -9.17429 -73.1705 
0.587207 -9.00515 -73.163 11.3924 2.62418 -74.7032 11.3521 4.59135 -74.605 
-1.17698 -8.46419 -73.2347 11.4881 5.21109 -76.3988 10.3223 7.18807 -77.1403 
9.58441 7.66965 -76.8602 8.46619 8.09915 -76.7148 -6.57429 -4.35449 -74.0235 
4.00054 8.25683 -76.7511 -0.609927 7.2531 -76.6855 -9.32162 -1.47883 -75.3062 
-9.64851 -0.728212 -74.8045 -2.50673 6.91809 -75.1578 -9.80082 0.18311 -74.8621 
-9.75309 1.03669 -75.4645 -5.11902 5.96011 -75.3052 -9.29798 2.35691 -75.9923 
-6.89982 4.99992 -76.1318 -8.17943 3.91634 -76.2961 7.53843 -6.49365 -72.4843 
8.65068 -5.05044 -72.9727 9.80283 -2.83282 -73.0565 3.67959 -8.94625 -71.6821 
2.29749 -9.15585 -71.6079 11.0424 0.844838 -73.8969 1.24108 -9.11155 -71.7077 
1.5882 -9.17089 -72.4777 -0.0727792 -8.74209 -71.08 10.9734 5.94532 -75.1102 
-1.768 -8.06247 -71.9647 10.3169 6.98797 -75.9168 -3.18499 -7.09778 -72.0333 
-4.95705 -5.60549 -72.1409 9.15295 7.7442 -75.1223 7.56216 8.36481 -75.4789 
5.52392 8.62375 -75.0759 -7.89214 -2.92452 -73.041 1.96334 8.01217 -75.8355 
0.888015 7.71941 -76.1557 -9.05467 -1.56299 -73.3215 -9.64809 -0.211799 -73.1517 
-9.68353 1.2293 -73.6912 -9.38727 2.49416 -74.0016 -6.95138 5.1973 -74.6063 
-8.93505 3.30927 -74.7396 -8.10932 4.35771 -74.4322 5.08463 -8.40647 -71.2947 
6.40275 -7.51693 -71.4255 7.25866 -6.73852 -71.1577 8.0274 -5.83231 -71.51 
8.95052 -4.27898 -71.1598 4.30733 -8.69955 -70.0635 2.98126 -9.00378 -69.6911 
10.5341 -0.217074 -72.1143 1.85764 -9.14114 -70.7233 1.14288 -9.0743 -70.8252 
10.6633 5.81167 -72.5113 10.1116 6.85428 -73.8961 -1.81072 -7.9437 -70.0518 
-3.7348 -6.54766 -70.3226 8.09839 8.28084 -73.7046 -6.58859 -4.04691 -71.5829 
2.58165 8.39813 -74.073 -8.11474 -2.41724 -70.7959 -0.0893069 7.67512 -74.6939 
-2.07309 7.25186 -73.8461 -3.73835 6.77257 -73.0231 -9.50533 2.2233 -72.7512 
-8.98166 3.3616 -72.9324 -7.52513 4.95342 -73.6876 -6.35189 5.63276 -72.8823 
-8.32519 4.29194 -73.0702 -7.99814 4.63703 -73.4995 5.36489 -8.13682 -69.4154 
6.82207 -7.07225 -69.6998 7.61989 -6.32088 -70.5173 8.22784 -5.49774 -70.4685 
9.81926 -2.07683 -70.6413 1.36064 -9.01235 -69.6246 11.019 1.85092 -72.5204 
11.0326 3.8614 -71.9721 -0.263128 -8.6209 -67.956 9.16238 7.63778 -73.2294 
-5.24367 -5.23282 -70.6154 6.74929 8.72638 -73.9488 -5.95865 -4.5671 -70.2569 
4.59659 8.90096 -73.1985 5.76845 8.89902 -73.7906 -6.71068 -3.82396 -69.8165 
0.0939483 7.99053 -72.9308 -9.33636 -0.695807 -70.7733 -1.29578 7.56765 -73.2267 
-2.31922 7.29691 -72.9722 -9.72682 0.598056 -71.5967 -9.68131 1.5584 -71.9714 
-9.41886 2.4776 -71.2916 -7.73834 4.80257 -72.6478 7.80834 -6.00595 -69.4204 
4.19464 -8.69578 -68.8039 8.70078 -4.57518 -69.3615 9.26824 -3.47248 -69.973 
3.52153 -8.86548 -68.0169 2.17817 -8.95525 -67.4407 10.3305 -0.270589 -70.4994 
10.6532 1.59132 -70.2704 -1.53929 -8.20264 -68.5532 -2.71778 -7.44576 -68.5259 
9.66214 7.10904 -71.911 -4.98321 -5.4562 -68.6213 8.29031 8.14953 -71.641 
7.14391 8.70721 -72.5217 5.92704 8.98547 -72.6253 2.80651 8.83174 -71.8419 
4.60754 9.10382 -71.5098 1.29452 8.41817 -72.3378 -1.68454 7.63589 -71.6378 
0.0757053 8.17088 -71.7477 -9.69658 0.5801 -69.5124 -9.71254 1.40235 -70.7324 
-5.26186 6.36113 -71.1605 -9.0133 3.37446 -71.4541 -8.46066 4.08198 -71.7898 
-7.45221 4.98892 -70.7944 -6.35177 5.77917 -71.2878 7.1637 -6.67165 -67.9963 
5.95835 -7.67414 -67.7772 8.08267 -5.50169 -67.8644 4.48866 -8.49788 -67.4822 
9.46662 -2.65775 -68.781 3.46054 -8.83903 -67.1688 10.116 -0.627471 -69.3763 
0.906036 -8.90774 -66.4193 10.7181 4.15077 -69.4259 -1.74032 -8.13145 -67.5578 
10.5285 5.66111 -70.1731 -2.4178 -7.76273 -67.1849 10.0332 6.66281 -70.5857 
-3.28033 -7.03287 -67.0963 9.12981 7.60203 -70.1241 6.32262 8.90934 -70.3971 
-6.44865 -4.04178 -68.4189 -7.4619 -2.97988 -68.3505 3.4235 9.09118 -70.791 
-8.68975 -1.48025 -68.1178 1.15132 8.53216 -71.2544 0.0463401 8.26557 -70.7896 
-9.43769 -0.381105 -68.9311 -3.71751 7.03394 -70.806 -9.60107 1.92857 -69.4754 
-8.92813 3.42592 -69.8619 -6.20953 5.9332 -70.1689 6.40034 -7.29157 -66.3159 
5.03376 -8.1444 -65.7903 7.35126 -6.31671 -66.2654 8.1366 -5.12766 -65.9302 
8.82132 -4.05187 -67.4193 3.45724 -8.72921 -66.0664 9.42074 -2.27472 -66.8668 
9.88624 -1.04561 -68.0384 1.7329 -8.84504 -64.875 10.2886 0.527811 -68.5194 
10.5284 2.43073 -68.165 0.0173763 -8.66795 -65.4133 -2.0292 -7.78027 -65.3766 
8.03841 8.35666 -69.6182 -6.33217 -4.09277 -66.2468 4.18874 9.15366 -70.0305 
-7.42873 -2.95441 -66.828 1.88089 8.8177 -69.7591 -7.91844 -2.42091 -67.1976 
-0.706892 8.15036 -69.7247 -9.49987 0.0747353 -67.3539 -2.61058 7.55941 -69.5062 
-9.7222 1.27974 -67.8824 -4.89894 6.74794 -68.552 -9.53741 2.47326 -67.5235 
-6.95995 5.55274 -68.8317 -9.0563 3.57574 -67.7392 -8.23605 4.48582 -68.571 
5.7849 -7.72181 -64.9672 6.47115 -7.10485 -64.7575 8.77957 -3.67045 -65.3446 
10.0057 0.0341444 -66.8978 10.3281 2.07393 -66.5053 10.5486 3.32135 -67.3433 
10.5306 4.40543 -67.734 10.2938 5.82954 -68.2679 9.68679 7.02262 -68.846 
-4.27881 -6.07405 -65.5354 8.70623 7.97792 -68.6356 7.48799 8.55755 -67.3921 
4.35686 9.18815 -67.6287 -7.909 -2.32218 -65.0779 -9.0004 -0.893048 -66.1094 
-1.47665 8.07961 -68.3829 0.0588204 8.56319 -68.232 -2.7514 7.71765 -67.7568 
-9.69489 1.35082 -65.4644 -6.81923 5.92499 -67.0718 -8.64601 4.36312 -66.4123 
-7.79864 5.12878 -67.4168 5.64803 -7.73262 -63.8566 5.02277 -8.1307 -64.1909 
7.18966 -6.14793 -64.0368 8.0704 -4.84557 -64.0711 3.69636 -8.56744 -63.9693 
9.40406 -1.60113 -64.7755 2.17622 -8.75931 -62.4879 9.94948 0.459697 -65.2985 
-0.0702376 -8.49105 -62.4409 10.3976 3.79151 -66.3489 10.0151 5.75451 -66.2378 
9.64957 6.92428 -67.3545 8.94991 7.74243 -67.5856 -3.62341 -6.60712 -63.2605 
-5.40241 -4.99327 -62.5369 -6.64801 -3.73429 -64.089 1.65432 9.00514 -67.565 
-1.08567 8.44749 -66.4733 0.318733 8.7795 -67.212 -9.44062 0.00240988 -65.513 
-9.64058 2.4935 -65.8441 -9.35451 3.27614 -66.0438 -7.81089 5.34619 -65.9448 
5.98408 -7.31068 -62.9869 4.8042 -8.14 -62.685 8.51482 -3.59327 -62.8411 
3.63708 -8.59257 -61.9995 9.72879 -0.0178574 -63.7932 10.1311 2.19392 -64.2456 
10.2625 4.34037 -64.9975 -2.44214 -7.47074 -61.9065 8.95447 7.49426 -66.1431 
2.54923 9.32282 -65.9907 -9.00887 -0.801173 -64.5831 0.775725 8.9975 -66.2923 
-9.43137 0.111549 -64.1887 -3.48494 7.72123 -65.5955 -9.5458 2.79779 -64.2474 
-5.91603 6.61835 -65.5541 -7.08624 5.95318 -65.7494 5.1796 -7.78318 -60.9731 
4.35147 -8.36596 -61.4101 6.45486 -6.7201 -62.0031 7.41026 -5.52175 -62.0627 
3.79817 -8.57726 -61.114 2.85687 -8.68883 -60.5817 9.25436 -1.44476 -62.4422 
1.39259 -8.76816 -61.1382 9.72775 0.513538 -62.1047 10.1752 3.8945 -63.0869 
10.2245 4.71793 -64.1596 10.0477 5.40097 -64.6089 9.25696 6.81673 -63.6742 
-3.87997 -6.40805 -61.1711 7.98275 8.30738 -64.7045 6.07801 9.24262 -64.6755 
-7.02891 -3.33499 -62.7279 4.17658 9.49079 -65.2345 -7.88934 -2.34413 -62.7949 
2.92135 9.54125 -64.0865 1.33938 9.25665 -64.9898 -8.74303 -1.04742 -62.2237 
0.0827013 8.96154 -65.1419 -2.04638 8.37278 -64.698 -0.921362 8.7508 -64.4811 
-9.59422 0.770938 -63.2827 -9.73763 1.82515 -63.2797 -4.87278 7.37944 -63.6615 
-7.49314 5.71138 -64.3004 -6.47843 6.48585 -63.3829 -9.00758 3.99604 -64.4901 
-8.3814 4.86627 -64.7934 4.10197 -8.41647 -60.6561 6.42298 -6.6624 -60.2156 
7.21322 -5.72172 -60.6866 7.7876 -4.77347 -60.7167 8.58878 -2.99584 -60.6872 
0.762008 -8.71107 -59.0719 9.92436 2.29791 -60.8235 -1.64954 -7.99382 -59.4008 
9.96728 5.22467 -62.9517 -3.02949 -7.14801 -60.0698 -3.90257 -6.44053 -59.2043 
8.27909 8.09135 -63.1218 -4.69884 -5.68829 -60.4119 7.38822 8.80876 -63.3238 
-6.66185 -3.75073 -61.051 -7.64015 -2.6527 -61.6266 4.63579 9.61096 -63.9654 
0.576745 9.2631 -63.23 -9.58962 1.30667 -61.2488 -2.73318 8.21722 -64.1413 
-3.43368 8.03311 -63.4966 -9.55417 2.70224 -62.193 -9.06317 3.82229 -62.7974 
-7.93837 5.3584 -63.0419 -7.49315 5.7532 -62.7986 -8.4207 4.81243 -63.4178 
4.00275 -8.36826 -59.5859 5.06258 -7.79946 -58.9616 5.97121 -7.17264 -58.366 
6.78535 -6.29344 -58.9744 7.18239 -5.73529 -59.8071 2.73541 -8.68739 -58.8984 
9.27657 -0.985376 -60.7088 9.64543 0.526718 -60.5308 9.90811 4.47182 -60.2719 
9.47933 6.13463 -60.9905 -2.90636 -7.27803 -58.9517 9.08302 6.97701 -61.7173 
8.65733 7.58957 -62.0958 7.70293 8.45912 -61.8971 -5.5941 -4.85981 -59.0562 
6.42963 9.2463 -62.5127 5.374 9.58962 -63.1512 -7.57527 -2.75783 -60.1111 
4.21832 9.6888 -63.0351 2.90669 9.69716 -62.1836 -8.5123 -1.58049 -60.2141 
-1.93568 8.63822 -62.7826 -9.5474 2.77421 -60.6979 -9.09804 3.72507 -61.2446 
-8.27634 4.89395 -62.0627 -7.26229 5.95437 -61.1944 -5.74496 7.04949 -62.123 
6.60324 -6.52632 -57.85 7.65191 -4.80251 -58.4226 3.69059 -8.44668 -57.9468 
4.80889 -7.94612 -56.9574 8.74627 -2.3695 -59.4025 2.11294 -8.80758 -57.5558 
9.26949 -0.732033 -59.417 0.923094 -8.86187 -57.3084 9.61667 0.726649 -59.5958 
-0.536589 -8.53715 -56.3638 -1.46236 -8.22523 -57.7556 -0.757666 -8.50503 -58.1035 
-2.75456 -7.35537 -57.3824 8.45902 7.46919 -60.2311 -4.18256 -6.21376 -57.8942 
6.39441 9.00544 -60.5071 4.98777 9.59818 -61.9901 -7.15431 -3.27384 -58.3708 
-8.14709 -2.08048 -59.0929 1.20184 9.66061 -61.3349 2.4398 9.91065 -60.5573 
-8.97193 -0.573096 -59.5918 -0.482227 9.36925 -60.6163 -2.11465 8.87181 -60.545 
-9.58278 1.12337 -59.2329 -4.05748 8.01586 -61.0734 -9.65494 2.51417 -59.2154 
-5.99082 7.03455 -60.4668 -9.17679 3.71646 -59.6679 -8.48378 4.64516 -60.5656 
5.90874 -7.24124 -57.0111 6.54911 -6.52159 -56.2646 7.32119 -5.45293 -56.1436 
3.06145 -8.63971 -55.9632 8.67418 -2.41217 -58.1207 1.3398 -8.88825 -56.0788 
9.26678 -0.452935 -58.3334 9.63949 1.29281 -58.7332 9.81862 2.65278 -58.8112 
9.92312 3.41134 -59.4046 9.50024 5.79766 -58.895 9.2212 6.49958 -59.4672 
-4.43435 -6.01998 -56.338 -6.29743 -4.20607 -56.7128 -7.93028 -2.20347 -57.4441 
4.21235 9.73579 -60.691 1.04476 9.83899 -59.7467 -9.15948 0.0974891 -57.3752 
-9.68789 1.77797 -58.0796 -8.39739 4.97729 -58.8043 -7.16569 6.32458 -58.6851 
5.42788 -7.5638 -55.4713 4.25241 -8.254 -54.9268 8.0777 -3.9327 -56.5392 
8.82825 -1.88506 -56.8326 1.84391 -8.88485 -54.1711 9.33079 0.0936176 -57.2076 
0.572771 -8.89553 -54.7137 9.60771 1.8621 -57.272 9.69912 3.84123 -57.5629 
-2.27578 -7.71119 -55.3861 9.65788 5.04523 -58.2849 -3.21902 -7.07713 -55.7425 
8.83941 6.80135 -58.4181 7.30573 8.23273 -57.6047 5.10409 9.53319 -58.8803 
3.46829 9.97272 -59.5374 2.29219 10.0466 -59.1409 -8.17958 -1.82157 -55.5594 
-0.71619 9.4985 -59.1006 0.0123816 9.69396 -58.9295 -1.37446 9.26743 -59.3443 
-2.5413 8.87942 -58.9564 -9.63524 1.77273 -56.3566 -4.03404 8.29054 -58.3182 
-9.70128 2.71321 -57.4978 -9.33348 3.7556 -57.616 -5.66174 7.41955 -58.47 
4.93378 -7.89147 -53.4763 4.06243 -8.38108 -53.6828 6.07532 -7.00577 -54.2663 
6.84917 -6.16304 -54.9225 7.5422 -5.04233 -54.9279 8.37944 -3.17412 -55.0643 
3.24831 -8.64622 -53.8458 9.05521 -0.998233 -55.7125 9.39625 0.680918 -56.046 
0.368316 -8.7974 -52.3938 9.50587 2.14951 -54.9296 -0.238859 -8.73646 -54.2648 
-1.48937 -8.17617 -53.465 9.04396 6.02537 -56.7864 -3.48504 -6.88724 -54.1137 
-5.61934 -5.00602 -54.1827 -7.06562 -3.37875 -55.5809 5.64736 9.40434 -56.8005 
3.5443 10.005 -57.7622 1.32607 10.0192 -57.5967 -9.16672 0.0231787 -54.5706 
-0.890962 9.53577 -57.7153 -2.75871 8.96435 -56.6757 -6.93306 6.68337 -57.0969 
-6.18105 7.22521 -56.838 -5.09762 7.85054 -56.0287 -8.8579 4.71744 -56.8372 
-8.16442 5.54834 -57.0741 -7.58418 6.16637 -57.1433 3.91278 -8.40707 -52.3439 
6.90859 -6.01067 -53.4673 7.76223 -4.61364 -53.8639 8.26298 -3.45723 -53.5659 
2.42371 -8.78686 -51.7242 8.82817 -1.6959 -54.102 9.25167 0.0877144 -54.8048 
9.43111 4.53734 -54.8142 -2.76275 -7.48336 -52.6966 -3.92224 -6.62662 -52.1833 
-4.48344 -6.14716 -53.2394 6.63277 8.91446 -56.5878 -7.20218 -3.26987 -54.3524 
4.34809 9.9734 -55.5186 -8.06708 -2.09821 -53.9245 -1.38176 9.55297 -55.7849 
0.14595 9.94996 -55.6605 -9.63033 3.12888 -55.847 -9.28674 4.16688 -55.5768 
-7.90867 5.88034 -55.7385 -6.85851 6.73579 -55.5354 -8.74398 5.00123 -55.5257 
4.97198 -7.85847 -51.3456 5.92883 -7.13455 -52.4201 6.71029 -6.27692 -51.8849 
7.59832 -4.83422 -52.4634 8.4375 -2.70457 -52.3006 9.13459 0.0176193 -53.0179 
-0.666712 -8.47922 -49.3611 -0.987301 -8.44512 -51.5161 -2.38992 -7.70067 -51.1311 
9.52736 3.4454 -52.9343 8.84238 6.27859 -54.251 8.11544 7.41286 -55.5064 
6.84936 8.70239 -55.4115 -5.04935 -5.67202 -52.6492 -5.77779 -4.96527 -52.6425 
-6.883 -3.71056 -52.749 5.6712 9.49862 -55.4996 2.79013 10.2097 -56.2421 
1.73497 10.2378 -55.555 -3.30788 8.88727 -54.6037 -2.20406 9.32224 -55.2155 
-9.66084 1.03148 -53.4733 -9.71288 2.09309 -54.1511 -9.4834 3.6997 -53.8882 
-9.10824 4.53481 -54.392 -8.61979 5.15728 -54.4355 5.98877 -7.0233 -50.4128 
7.06263 -5.68578 -50.7663 3.83784 -8.38579 -49.9776 7.82486 -4.33102 -51.3142 
1.21183 -8.87476 -50.1168 9.4384 1.93837 -52.7331 9.2693 5.06794 -52.6448 
-4.03288 -6.5401 -50.4585 7.9954 7.56744 -54.0805 -5.54843 -5.19159 -51.2896 
7.21329 8.38487 -53.4054 5.76473 9.42963 -53.9594 -7.1759 -3.46664 -50.8191 
3.99207 10.1539 -53.1248 2.86424 10.3033 -54.5993 -8.46183 -1.58788 -52.3626 
1.20197 10.2555 -53.7828 -9.4147 0.202973 -52.8105 -1.53526 9.61127 -53.8201 
-9.75637 1.46248 -52.1329 -2.84367 9.17648 -53.7516 -9.72429 2.88412 -52.5046 
-4.92908 8.09522 -53.8052 -3.56275 8.91117 -52.8685 -8.87527 4.77352 -53.3831 
-7.95051 5.79512 -54.0757 -6.64745 6.90538 -53.6335 6.42661 -6.26177 -48.3598 
7.59473 -4.63947 -49.8772 5.03297 -7.80589 -49.6743 8.21879 -3.26216 -50.7669 
8.78712 -1.14901 -50.5553 2.44014 -8.78981 -49.3956 9.24773 0.9564 -51.5187 
9.43836 2.46479 -51.2469 9.45706 3.87025 -51.2702 -3.2293 -7.16954 -48.7183 
8.37759 6.88747 -52.2309 -5.1916 -5.5619 -49.3236 -6.28073 -4.51887 -49.931 
6.50779 9.03233 -52.6442 5.47043 9.56493 -51.546 -8.41544 -1.86919 -50.226 
2.64077 10.4109 -53.1206 -9.30063 -0.191101 -51.2434 0.106317 10.2056 -51.7445 
-9.75463 2.76227 -50.3752 -5.55183 7.88687 -51.8406 -9.22055 4.19317 -51.814 
-8.16089 5.58006 -52.4831 -7.21608 6.57365 -51.7972 5.428 -7.43216 -48.5919 
4.53108 -8.0297 -48.3412 7.5198 -4.60051 -48.1121 3.20667 -8.5273 -47.42 
8.23236 -3.08988 -49.3054 8.6275 -1.77083 -49.0909 1.36494 -8.84059 -48.1645 
8.88773 -0.295503 -47.9148 9.18475 1.02731 -50.0664 9.29595 2.91837 -49.119 
9.12292 5.09658 -50.5698 8.48982 6.58344 -49.9227 7.2937 8.31369 -52.0408 
6.57186 8.97242 -51.8365 -7.00122 -3.76587 -48.3803 -8.58039 -1.70454 -48.5741 
1.78036 10.4526 -52.0386 2.8148 10.4469 -51.7829 -9.20826 -0.552771 -49.5866 
-9.68226 0.943628 -49.8954 -2.21798 9.63037 -51.1969 -4.08306 8.8533 -51.1739 
-9.32253 4.24016 -49.6121 -8.31528 5.60167 -50.3955 -6.80065 7.08915 -50.4274 
4.74819 -7.74167 -46.4265 6.78868 -5.63573 -46.4313 3.72667 -8.34654 -45.9814 
8.08862 -3.42019 -47.7295 8.46938 -2.30176 -48.156 1.768 -8.82905 -46.5297 
0.0544641 -8.73676 -46.5878 -1.95764 -8.06056 -46.9494 -3.44313 -7.21623 -46.8994 
-4.88052 -5.94563 -47.4226 7.89743 7.46239 -49.6746 8.27348 6.9791 -49.2797 
7.85127 7.60205 -50.9947 6.92067 8.53571 -50.6579 3.57873 10.298 -50.719 
1.65691 10.5289 -49.6203 -9.29474 -0.21409 -47.4349 -0.566628 10.2427 -50.0436 
-3.90731 9.08485 -49.4499 -9.83389 1.92431 -47.8866 -5.50372 8.11046 -50.2684 
-4.8352 8.5236 -50.6667 -8.90479 5.08792 -48.8379 -8.40684 5.77035 -48.7516 
-7.5771 6.56915 -49.0024 5.86032 -6.74826 -46.0395 7.61466 -4.30145 -46.3509 
8.27206 -2.66984 -46.1716 2.81728 -8.62305 -45.0329 1.19805 -8.87401 -45.3756 
0.0484501 -8.81839 -45.0675 -1.51934 -8.30096 -44.5834 9.2017 1.98699 -46.5793 
9.00762 5.10355 -48.4438 -2.84729 -7.69055 -45.8243 8.21145 6.88626 -48.0793 
-4.04747 -6.7876 -45.749 7.33525 8.04207 -48.6764 -5.99472 -4.93575 -45.5376 
5.89721 9.23976 -49.1132 -7.34128 -3.54765 -46.5313 4.35156 10.0685 -49.5399 
-8.22985 -2.30779 -46.7539 2.9902 10.463 -49.6108 3.52287 10.3734 -49.5975 
-0.604937 10.4098 -48.2369 -1.89988 9.96279 -49.4362 -9.73041 3.40508 -48.1343 
-9.28013 4.51265 -47.8044 -6.04227 7.81368 -48.7944 4.06304 -8.14488 -44.0731 
3.89269 -8.26728 -45.3002 5.17045 -7.38058 -44.4202 6.11567 -6.43391 -44.7098 
6.96993 -5.33148 -44.8162 8.72303 -0.889608 -44.6056 1.63616 -8.83552 -44.2479 
0.626307 -8.88419 -44.1436 9.01178 0.405796 -46.1977 -0.234407 -8.78203 -44.1193 
9.24258 3.80623 -47.1303 -3.06311 -7.54276 -44.9933 -3.73647 -6.96845 -43.7708 
7.78414 7.56928 -47.9645 6.72562 8.63969 -47.8966 5.91494 9.27771 -47.6099 
4.52911 10.0284 -47.483 -7.60148 -3.21111 -45.2805 3.14451 10.451 -48.6375 
1.61529 10.7282 -47.8551 2.19584 10.6729 -47.9135 0.844748 10.7115 -47.2651 
-2.26784 9.94642 -48.2889 -9.71383 1.23297 -44.6212 -9.86411 2.91354 -46.0854 
-9.56754 3.9505 -46.5977 -4.758 8.7462 -47.7792 -8.6987 5.4418 -47.6325 
-8.0984 6.17194 -47.888 -7.31257 6.88019 -47.4344 3.17881 -8.52851 -43.2119 
5.60413 -7.00642 -43.3608 6.38264 -6.15401 -43.4378 7.07793 -5.21704 -43.5592 
7.63528 -4.20843 -44.534 8.03387 -3.21129 -43.5473 2.23717 -8.74382 -43.1463 
1.1305 -8.85491 -42.957 9.07406 0.948732 -45.1519 -0.126645 -8.78752 -42.3518 
9.1715 2.44985 -44.5379 9.19672 3.64033 -45.5709 8.86774 5.22394 -46.2696 
7.79534 7.16319 -45.4222 7.52187 7.8261 -47.3957 -5.54493 -5.40188 -43.4289 
6.70128 8.61821 -46.7133 5.66438 9.46376 -46.6246 -7.08925 -3.79455 -43.5313 
-8.58409 -1.64911 -43.9758 2.90165 10.6086 -46.9161 1.7964 10.7841 -46.7231 
-3.2813 9.56887 -47.42 -1.75572 10.2232 -46.9103 -4.36472 9.04402 -46.1665 
-8.89796 5.04134 -46.1515 -6.01546 7.92277 -46.7404 -8.18009 6.03759 -46.8062 
5.7994 -6.82241 -42.1801 4.74059 -7.72092 -42.4814 6.76205 -5.67069 -42.3856 
7.44319 -4.59235 -43.0207 3.74855 -8.31129 -42.3703 2.86789 -8.61257 -41.7378 
1.63587 -8.84185 -41.4784 0.796216 -8.87773 -41.9123 9.0278 0.83455 -43.1643 
8.77359 -0.67835 -42.4862 -1.8182 -8.25055 -41.5061 8.89609 4.51951 -43.4311 
-3.34768 -7.41628 -41.8827 -4.55889 -6.39442 -42.4185 -5.44127 -5.55774 -42.516 
6.20662 8.96748 -45.2682 -6.15773 -4.84032 -42.5381 4.9749 9.87867 -45.7161 
3.66619 10.4312 -45.4607 2.35232 10.7699 -45.5353 0.983165 10.7749 -45.199 
-0.491332 10.575 -46.1616 -2.61212 9.92196 -45.755 -1.47601 10.366 -45.6653 
-9.92217 2.81324 -43.9841 -9.57123 3.92598 -44.7927 -8.8847 5.0187 -44.5792 
-7.6661 6.468 -45.2963 -5.70986 8.23087 -44.4974 5.09724 -7.43567 -40.8058 
6.30634 -6.22649 -41.0383 7.41284 -4.52865 -41.6016 3.84897 -8.23354 -40.9122 
2.45845 -8.72911 -39.6208 8.3111 -2.3264 -41.7041 1.32915 -8.90774 -40.1744 
0.669499 -8.91432 -40.8291 -0.0597274 -8.88409 -40.4518 -0.666401 -8.75092 -40.8931 
9.15077 2.54803 -42.8907 -2.93343 -7.72592 -40.6162 -3.99968 -6.95619 -41.2572 
8.08082 6.65705 -42.9928 -5.36127 -5.66949 -41.4236 6.9137 8.23481 -43.3564 
-6.91797 -4.05061 -41.6601 4.91119 9.82034 -43.4393 -7.84977 -2.92661 -42.4245 
2.5029 10.6765 -43.7411 -9.30849 -0.132441 -40.988 -1.14774 10.4077 -43.9504 
-3.60072 9.52118 -44.2761 -9.8921 2.26905 -41.4707 -9.76406 3.60232 -42.6429 
-9.33666 4.43059 -43.4534 -8.61271 5.4635 -43.3151 -7.41503 6.89078 -42.7927 
5.75136 -6.83388 -39.5548 4.18456 -8.06648 -38.9019 6.90957 -5.40504 -39.9573 
7.73369 -3.90737 -40.2413 0.515289 -8.87639 -39.0439 8.79496 -0.397079 -40.4984 
9.10837 1.62344 -41.5791 -0.731266 -8.71316 -39.9513 9.13949 2.94248 -41.6051 
-1.86416 -8.18797 -38.8213 -4.01469 -6.84616 -39.986 8.51371 5.69294 -41.2142 
7.58432 7.42809 -41.3688 -6.12537 -4.88119 -39.4497 -8.04536 -2.60607 -40.8525 
0.887979 10.7673 -43.5699 -3.50775 9.70887 -42.7713 -2.75292 9.97141 -43.3593 
-6.02182 8.19752 -42.5937 -4.69157 9.07192 -42.797 -9.30926 4.59358 -41.9663 
-8.6183 5.62237 -41.8193 5.41583 -7.20282 -37.9175 6.52061 -5.99982 -38.573 
7.47456 -4.46644 -38.9345 3.05996 -8.67724 -38.1577 2.08432 -8.91554 -36.9598 
8.21268 -2.69613 -39.5322 9.04813 1.75736 -39.8594 8.98677 3.78552 -40.4443 
-3.92188 -6.84326 -38.5809 6.28971 8.92438 -41.3375 -7.67539 -3.23706 -39.239 
3.42265 10.4597 -41.6993 1.06169 10.7214 -41.7315 -0.970439 10.5727 -41.8189 
-2.3865 10.1704 -42.2253 -3.66507 9.6871 -40.7321 -9.63487 3.90696 -40.1484 
-6.86389 7.59681 -41.1162 -5.45447 8.6662 -41.0884 -9.08678 5.05476 -40.626 
-8.17964 6.27136 -40.5499 4.38356 -8.01531 -37.0214 3.45182 -8.54504 -37.2185 
6.24858 -6.38588 -37.2643 7.13928 -5.1088 -37.5932 7.95735 -3.43415 -38.0074 
8.49414 -1.80909 -38.5039 8.73739 -0.383307 -37.7618 -0.124691 -8.83163 -36.5543 
-1.58722 -8.39235 -36.9483 -2.93212 -7.5738 -37.2226 8.63495 4.9338 -39.0322 
8.04654 6.57157 -39.8217 -4.77908 -6.1419 -37.6473 6.89685 8.21901 -39.1559 
-6.15874 -4.92564 -37.769 4.91916 9.94668 -40.7618 -7.31593 -3.7197 -38.1491 
-8.49688 -2.03805 -38.7608 -9.33488 -0.245491 -38.1667 -0.41079 10.741 -40.7249 
-9.77818 1.30867 -39.1745 -1.79249 10.468 -40.5634 -9.85474 2.71493 -38.5795 
-6.55121 7.87522 -39.4639 -7.50592 7.09753 -39.8063 6.7028 -5.75042 -36.0871 
5.36256 -7.2279 -35.9155 7.66516 -4.04849 -36.609 3.52713 -8.47881 -35.1089 
8.29419 -2.4227 -37.2669 2.23959 -9.03998 -35.1039 1.23808 -9.11224 -35.2611 
8.91908 2.43338 -37.6948 -1.92217 -8.15922 -35.4891 -4.01612 -6.7753 -36.1042 
7.95405 6.44343 -38.0349 -5.46704 -5.58198 -36.7858 -6.68872 -4.46895 -36.7918 
5.85781 9.40991 -39.8094 5.0288 9.94594 -39.4621 -7.92562 -3.06221 -37.0148 
3.27409 10.4382 -39.0122 -8.77055 -1.69557 -37.1973 0.599632 10.7854 -39.7141 
-0.818284 10.7394 -39.8432 -9.72323 1.42849 -36.6006 -2.2828 10.335 -39.0278 
-1.48438 10.6278 -39.5257 -9.39364 4.21877 -37.0623 -8.98628 5.19518 -39.0686 
-5.04226 8.94062 -39.1496 -8.1516 6.36777 -38.9412 -7.49281 7.10238 -39.0124 
6.28511 -6.29503 -34.0648 7.38694 -4.59398 -34.97 4.96256 -7.57054 -33.9453 
8.21366 -2.49646 -35.7662 2.5355 -8.9789 -34.3444 1.71545 -9.11776 -33.9923 
8.74493 -0.142082 -35.2483 -0.0164574 -8.95767 -33.8012 -1.7284 -8.35676 -33.87 
8.58357 4.49992 -36.7497 -3.66934 -7.08854 -33.8878 -5.5536 -5.56583 -35.533 
6.9729 7.90259 -36.9195 6.03418 9.03929 -37.313 5.46136 9.57918 -38.5651 
-7.20706 -4.05154 -35.389 -8.42588 -2.3751 -35.6907 -9.19722 -0.681945 -36.2048 
1.12039 10.792 -38.3207 -0.679628 10.7252 -38.6385 -9.80367 2.86181 -37.0526 
-4.99851 8.97932 -37.7114 -3.85802 9.63713 -37.7036 -8.59673 5.68181 -37.77 
-7.50085 6.94374 -37.9408 -6.02805 8.2129 -37.8326 7.4008 -4.72269 -32.9348 
7.91659 -3.50805 -34.2888 4.08394 -8.17749 -32.5238 2.68791 -8.86053 -33.2949 
8.38087 -2.12685 -34.2409 8.86012 2.29003 -34.9001 -1.14009 -8.72202 -32.9428 
-2.12511 -8.22048 -32.8026 7.87303 6.41341 -36.0506 -6.05377 -5.23318 -34.0781 
-7.15614 -4.25894 -34.2533 4.8146 9.84868 -37.1184 -7.87599 -3.31567 -33.9773 
3.23475 10.4319 -36.0523 1.98586 10.7496 -37.1855 -9.00422 -1.21106 -33.8658 
-9.46727 0.137596 -35.2305 0.300883 10.8002 -36.9709 -1.81763 10.4594 -36.9019 
-9.75661 2.93271 -36.0145 -4.99298 8.99466 -36.7075 -8.30178 5.97283 -36.3923 
-6.95987 7.40818 -36.4623 -6.03932 8.20587 -36.868 -5.50358 8.62794 -37.0509 
5.57307 -7.13468 -32.4253 6.53718 -6.16256 -32.3584 8.07802 -3.19493 -33.355 
2.85415 -8.76607 -31.8078 1.50444 -9.08345 -32.1897 8.41564 -2.21606 -33.0382 
8.66248 -1.11574 -33.4839 8.85014 0.297122 -32.8938 0.308294 -9.12869 -31.7234 
-0.572128 -8.95499 -31.9581 -1.50178 -8.58468 -31.9225 8.5031 4.50253 -34.3218 
-2.74697 -7.81932 -31.0921 7.83176 6.46069 -34.4977 7.5121 7.16712 -35.2938 
7.03877 7.76202 -35.6393 -5.31577 -5.85593 -31.913 5.41725 9.17403 -35.0742 
-6.86146 -4.52268 -33.3256 1.69003 10.7678 -35.6369 -9.64942 1.05221 -33.8951 
-0.43845 10.7315 -35.0161 -1.99834 10.4909 -35.4989 -9.76668 2.39768 -34.7825 
-3.44306 9.87527 -35.2733 -9.55707 3.64627 -34.6867 -5.31246 8.7897 -35.7948 
-4.6676 9.2036 -35.9844 -5.89379 8.33601 -36.0753 -8.80404 5.29802 -34.5014 
-7.86812 6.58301 -35.0647 -6.83883 7.58322 -35.1985 5.1701 -7.53668 -30.9608 
3.8051 -8.37042 -30.5713 6.25844 -6.58927 -31.0903 7.00652 -5.6212 -31.4156 
7.62891 -4.49572 -30.8892 8.12041 -3.18078 -32.0174 2.25126 -8.94838 -30.5576 
8.5962 -1.49316 -31.8272 0.668106 -9.12227 -30.1198 -0.329242 -9.02867 -30.6482 
8.85259 2.24611 -32.3144 -1.19792 -8.72103 -30.836 8.17044 5.58721 -33.1425 
7.48182 6.94227 -32.8625 6.98858 7.77296 -34.4233 -7.18324 -4.12905 -32.194 
-8.26246 -2.77014 -32.4755 2.48406 10.694 -35.0669 -9.51483 0.162457 -31.5731 
-2.11159 10.4929 -34.6646 -9.67692 2.79933 -32.7493 -9.30273 4.24808 -33.2812 
-5.67019 8.49996 -34.5038 -8.1864 6.30859 -34.1444 -7.41449 7.12159 -33.9705 
5.92453 -6.99854 -29.7753 4.96399 -7.76191 -29.7496 6.90148 -5.83498 -29.8108 
4.10216 -8.29427 -29.0457 2.97784 -8.77338 -29.5156 8.2646 -2.84681 -29.8765 
1.76106 -9.09811 -28.9558 8.81016 0.0279773 -29.5839 -1.16814 -8.73537 -29.0321 
8.58359 4.09962 -31.8615 8.06566 5.6371 -31.5616 -4.22273 -6.82605 -30.1212 
-5.18743 -6.03762 -30.3094 6.24761 8.40761 -32.6103 -6.29227 -5.02701 -30.4034 
4.29695 9.77194 -32.02 -7.75076 -3.48953 -30.7292 2.29771 10.5282 -33.6835 
-8.82271 -1.81713 -31.116 -0.0880898 10.7711 -33.0949 -9.7572 1.49468 -32.2464 
-1.60169 10.6375 -33.5559 -4.22431 9.46797 -32.9264 -2.85602 10.2286 -33.8025 
-9.29969 4.17584 -32.0173 -8.75014 5.30551 -32.5816 -6.88187 7.58702 -32.8742 
-5.86353 8.38306 -32.3659 -8.16064 6.29668 -33.2282 -7.60354 6.95926 -32.8788 
5.28769 -7.55727 -28.6618 6.23821 -6.69084 -28.6394 7.62808 -4.57831 -29.2178 
2.94017 -8.83517 -28.1883 1.61093 -9.21589 -27.1047 0.306243 -9.1652 -27.8688 
8.82693 2.48807 -30.2792 -3.03384 -7.78523 -28.6438 -4.96266 -6.27326 -28.8822 
7.23754 6.98232 -30.3064 -7.08834 -4.2772 -28.2654 -8.25171 -2.9011 -29.5504 
2.99286 10.4459 -32.1399 -8.88473 -1.76068 -29.1048 2.2381 10.6222 -31.9342 
-9.30166 -0.747258 -30.1519 0.595306 10.6996 -30.9954 -9.75381 1.76548 -30.865 
-2.63565 10.2846 -32.424 -1.185 10.6698 -32.2104 -9.55479 3.37728 -30.3833 
-8.87151 5.0051 -31.0592 -7.71688 6.6523 -31.4059 -6.72482 7.69315 -31.9148 
4.25386 -8.24312 -27.6155 5.57544 -7.27458 -27.4042 6.92144 -5.75798 -27.7006 
7.9366 -3.95598 -27.8565 2.96703 -8.91468 -26.4841 8.48403 -2.29582 -27.8918 
8.8722 2.07694 -28.6029 -1.12419 -8.903 -26.3505 8.49544 4.12153 -29.2997 
-2.49984 -8.24739 -26.9756 -1.97968 -8.52187 -27.6199 -3.71619 -7.36389 -27.1914 
-5.24109 -6.09031 -27.036 5.66804 8.79071 -30.6672 4.09905 9.67097 -28.9308 
-8.26995 -2.90009 -28.3865 2.80018 10.4158 -30.8651 -9.51485 0.342822 -28.8114 
-1.92958 10.4217 -30.9422 -9.76409 2.04618 -29.6146 -3.61345 9.80326 -30.9974 
-5.07928 8.92825 -30.9015 -9.11155 4.65016 -29.6689 -8.53071 5.60885 -30.0986 
-6.36794 7.94728 -30.7936 4.43716 -8.19327 -25.8581 5.95058 -6.92697 -26.1019 
6.92585 -5.83587 -26.1281 7.56025 -4.83148 -26.6191 8.14905 -3.50488 -26.0955 
1.62286 -9.32926 -24.956 0.344137 -9.31708 -25.8797 8.9233 1.15673 -26.7691 
8.84347 2.66038 -27.6865 -2.51593 -8.1531 -25.3876 -4.00716 -7.09662 -25.8462 
8.06513 5.48944 -27.8293 7.1489 7.11136 -27.9957 6.0933 8.30583 -29.1443 
-8.5338 -2.34908 -26.6358 2.04199 10.6314 -30.1361 1.42835 10.6929 -29.4913 
2.21742 10.6051 -29.5092 2.77627 10.4229 -29.6555 0.569065 10.7481 -29.4629 
-1.32676 10.5291 -29.7617 -9.70031 2.42842 -28.453 -4.41933 9.33774 -29.5171 
-2.98404 10.0257 -29.2136 -9.4463 3.82223 -28.5255 -9.09112 4.71781 -28.5615 
-5.78176 8.35889 -28.6826 -8.7423 5.32052 -29.1111 -8.0773 6.18734 -29.0742 
-7.04445 7.28732 -29.2741 6.51173 -6.36268 -24.8011 5.26574 -7.64444 -24.7736 
7.43949 -5.06445 -25.5191 4.10215 -8.57288 -23.6716 3.09464 -8.99146 -24.8054 
8.72642 -1.24322 -26.4439 0.284172 -9.36894 -24.486 -0.362298 -9.25793 -25.0247 
-0.843904 -9.00434 -24.0916 8.73795 3.28502 -26.621 -3.47693 -7.36966 -23.7335 
7.79708 6.16123 -26.9315 -5.07835 -6.19712 -25.2754 5.88079 8.3366 -27.3572 
-6.48807 -4.99353 -26.0553 -7.49403 -3.94519 -26.4112 2.26429 10.4559 -28.6158 
0.573856 10.6382 -28.0477 -9.41664 -0.225269 -26.2609 -0.341477 10.6787 -29.1915 
-0.597459 10.6242 -28.2979 -9.69935 1.4771 -26.6619 -1.62785 10.4342 -28.3401 
-9.52477 3.23752 -26.4826 -9.08971 4.53712 -27.283 -8.63616 5.40976 -28.0067 
-4.42475 9.2669 -27.8088 -8.18175 6.01924 -27.7579 -7.62537 6.64183 -27.8004 
-6.84751 7.4286 -27.8207 5.50415 -7.55619 -23.3235 6.67431 -6.29805 -23.5523 
7.69912 -4.58918 -24.0968 2.48661 -9.26484 -22.7817 8.49486 -2.48393 -24.7278 
0.672971 -9.32202 -23.0805 8.91197 -0.265033 -24.2894 8.977 1.67043 -25.1452 
8.31135 4.97894 -25.7413 -1.93343 -8.43037 -23.6416 7.15379 6.94104 -25.9169 
-5.01504 -6.21785 -24.0027 -6.13331 -5.32713 -24.3117 -7.54625 -3.9887 -24.7573 
4.42075 9.27741 -25.6561 2.13701 10.2899 -25.854 -8.5403 -2.79799 -23.7907 
-9.23551 -1.14344 -24.1112 -9.64602 0.627409 -24.9303 -0.823704 10.5546 -27.378 
-9.75956 1.5238 -25.4983 -9.71544 2.20568 -25.5913 -3.04565 9.93295 -27.0028 
-1.81616 10.3577 -27.0976 -9.06523 4.45512 -25.7484 -8.27984 5.75168 -26.2122 
-7.34696 6.87982 -26.7262 -6.53531 7.66951 -26.6623 -5.53361 8.49538 -26.7324 
5.30482 -7.91457 -21.5429 4.53329 -8.46315 -22.1273 6.30309 -6.87017 -22.3368 
7.19806 -5.66758 -22.7647 8.00635 -4.20312 -22.1397 3.64666 -8.9902 -21.7829 
8.51733 -2.61701 -23.1307 1.24653 -9.40559 -20.8918 -1.06334 -8.78212 -21.5651 
9.03904 1.37506 -24.1495 8.92148 2.83726 -24.4514 8.67278 4.30217 -23.7143 
-3.10058 -7.61336 -21.3569 8.04035 5.6922 -24.4123 -5.29655 -6.00596 -22.3722 
5.91563 8.21467 -25.9376 -6.988 -4.66917 -23.1525 -7.92955 -3.76557 -23.0912 
-0.0365668 10.5799 -25.8224 -1.21694 10.4775 -26.2754 -9.70798 1.70339 -24.349 
-2.10619 10.2684 -26.014 -9.56438 2.91352 -24.5026 -4.5705 9.11622 -25.715 
-3.55433 9.71693 -25.5737 -2.87163 10.0228 -25.6956 -9.29481 3.89596 -24.716 
-7.32658 6.86896 -25.2891 -6.19656 7.90583 -24.9646 4.26908 -8.74312 -20.223 
6.02663 -7.28126 -20.9054 7.031 -5.98654 -21.1315 2.83891 -9.36147 -20.1308 
8.5707 -2.76461 -22.034 8.9169 -1.03912 -21.7074 9.08199 1.2533 -22.9898 
9.04472 2.82672 -22.7953 7.30965 6.72779 -23.8097 5.98919 8.05958 -24.5336 
-6.76623 -4.88868 -22.1342 4.77055 9.02028 -24.2264 -7.51133 -4.23024 -22.1636 
4.1609 9.46275 -24.4893 -8.37279 -3.20015 -21.6027 3.85679 9.64353 -24.5595 
3.30843 9.88391 -24.5573 -9.00804 -2.13374 -22.6166 -9.3625 -1.23314 -22.2145 
-9.61749 0.533795 -22.3375 -0.262798 10.6293 -24.5043 0.565446 10.5885 -24.0084 
-1.12762 10.5037 -24.7479 -9.57508 2.36504 -23.0056 -2.29465 10.22 -24.7378 
-3.16716 9.90999 -24.6678 -3.97628 9.50192 -24.4495 -8.80415 4.89467 -24.1716 
-7.87275 6.24854 -23.4959 -7.15364 7.05708 -24.1376 6.19264 -7.1871 -19.0203 
5.30952 -8.0157 -19.9892 7.24978 -5.80028 -19.5904 8.00321 -4.33597 -20.2736 
8.5269 -2.949 -21.1614 1.72914 -9.6275 -18.7958 8.77599 -2.17278 -19.5061 
0.324884 -9.45867 -19.0392 9.18 1.63505 -20.4957 8.87784 3.84083 -21.8124 
-2.11882 -8.34523 -19.821 -3.81497 -7.14736 -19.2294 8.19865 5.46764 -22.427 
7.3355 6.68842 -22.3236 6.5906 7.49786 -23.0053 -6.72687 -4.84453 -20.6498 
5.50971 8.41738 -23.0023 4.03727 9.44031 -23.3447 -8.0265 -3.64791 -19.522 
-9.06137 -2.19887 -19.4086 2.56236 10.1395 -23.2256 -9.14229 -2.01415 -21.3274 
1.62658 10.4801 -23.8237 -9.50613 -0.992852 -20.7703 -0.423836 10.6135 -23.7482 
-1.58895 10.398 -23.4983 -0.892781 10.5542 -23.5271 -3.48751 9.78031 -23.6917 
-2.7035 10.0864 -23.5251 -9.23185 3.84282 -22.9443 -8.65363 5.14689 -22.5246 
-4.99493 8.81772 -23.451 -4.01036 9.49401 -23.4677 -6.65165 7.5058 -23.219 
4.82532 -8.47306 -18.2608 7.10841 -6.10325 -18.0861 7.76435 -5.00271 -18.9171 
3.43031 -9.30534 -18.062 2.64542 -9.56891 -18.5896 8.27943 -3.86137 -18.8422 
2.30837 -9.69667 -17.5902 9.11312 -0.369473 -20.0467 0.866038 -9.67729 -17.9198 
0.351089 -9.62119 -17.7762 -0.970917 -9.05883 -18.8602 -1.98199 -8.52243 -18.3892 
8.88753 3.81466 -19.7592 8.57962 4.81627 -20.9111 8.24019 5.49018 -20.9154 
7.62114 6.28523 -20.9768 6.46441 7.54835 -21.4781 -5.8502 -5.5588 -18.5183 
5.0925 8.66617 -21.546 -7.15609 -4.49682 -19.1425 3.57159 9.47715 -20.9997 
2.19727 10.1384 -21.6156 1.31511 10.4283 -22.438 -0.359217 10.4787 -22.442 
-9.73785 0.066763 -20.3673 -9.71527 1.18906 -20.4801 -1.99698 10.2446 -22.2316 
-9.45704 2.69885 -21.2558 -3.56715 9.69778 -22.2687 -8.89706 4.55862 -21.2119 
-8.11851 5.92017 -21.3802 -7.11637 7.0819 -21.7548 -5.90554 8.15084 -21.8491 
-4.7754 8.9941 -21.7183 5.57299 -7.96356 -16.8403 6.40099 -7.11675 -17.214 
7.94734 -4.64988 -17.3105 2.71461 -9.65404 -16.3135 8.59888 -3.05319 -17.8352 
1.70077 -9.80555 -16.619 0.4027 -9.60738 -16.6237 1.42137 -9.75353 -17.4848 
9.21002 -0.100231 -18.315 -1.06295 -9.07083 -17.2525 -0.186007 -9.45738 -17.7909 
-2.22747 -8.35691 -17.3615 -3.02258 -7.75179 -17.0923 8.06818 5.54593 -19.2798 
-4.28046 -6.79147 -17.5415 6.73194 7.15671 -19.6448 5.73159 8.14308 -20.2668 
4.91877 8.74206 -20.3337 -7.33205 -4.32865 -17.6083 -8.45915 -3.20702 -18.4188 
1.30017 10.0862 -19.8218 -9.664 -0.511565 -19.2067 -9.77736 0.689227 -19.4641 
-9.59385 2.20281 -19.4476 -2.50782 10.1024 -20.949 -1.08902 10.2932 -20.8033 
-9.17339 3.78407 -20.0165 -4.1507 9.38918 -20.6808 -3.38891 9.7979 -20.4893 
-8.51242 5.17948 -19.5909 -7.32273 6.80961 -19.8921 -6.39066 7.74658 -20.6515 
-5.2629 8.60889 -20.076 4.20519 -8.98321 -16.0612 6.15403 -7.45456 -16.1988 
6.91207 -6.47009 -16.1424 8.70266 -2.8772 -15.6846 2.95966 -9.64421 -14.7143 
1.65356 -9.83553 -15.3698 8.96195 -1.77742 -17.555 -1.63496 -8.66504 -15.3986 
9.33009 1.37142 -18.2347 9.18331 2.61768 -18.0472 8.68733 4.3335 -17.5311 
-3.59847 -7.31893 -16.1916 -5.27143 -6.04251 -16.6383 4.96221 8.53588 -18.6149 
3.28185 9.46339 -19.4653 -8.70114 -2.8339 -17.0346 -9.58311 -0.924316 -17.2861 
-9.74561 0.948596 -18.1414 -0.853719 10.2304 -19.3639 -9.59452 2.34462 -18.2919 
-2.79539 9.98318 -19.7248 -1.92632 10.193 -19.9158 -9.24185 3.54586 -18.6677 
-3.81954 9.45806 -18.5064 -6.27432 7.80649 -19.2768 5.64731 -7.97206 -14.9581 
6.91579 -6.66928 -14.0559 4.24026 -9.11809 -14.1605 7.8457 -5.06437 -15.1398 
1.66813 -9.86402 -13.5434 9.16158 -0.887541 -16.2491 0.433334 -9.64908 -14.7685 
9.28438 1.08348 -15.8064 -4.09083 -7.01889 -14.487 7.9543 5.6921 -16.9807 
6.93255 6.89686 -17.7045 -6.25223 -5.32805 -15.4574 -7.6759 -4.07344 -15.9109 
3.10994 9.49049 -18.427 -9.32497 -1.85693 -15.4365 -0.333211 10.22 -17.6062 
-9.8323 0.67203 -16.4434 -2.06747 10.0747 -18.3791 -9.52463 2.57119 -16.7348 
-8.8 4.53336 -17.6194 -5.64925 8.22611 -17.3393 -7.89077 6.03789 -18.0954 
-6.85718 7.22133 -18.0648 5.03614 -8.66002 -13.4788 4.27576 -9.214 -13.0068 
5.85246 -7.94456 -13.3794 3.2462 -9.65097 -13.2163 7.74317 -5.51834 -13.8163 
8.35719 -4.25536 -13.2895 8.85634 -2.73004 -13.8833 8.97702 -2.18156 -14.4846 
9.12689 -1.41129 -14.8255 9.27577 -0.404004 -15.192 -0.148762 -9.4928 -13.221 
-2.04058 -8.51806 -12.4007 9.00111 3.25836 -16.0512 8.35013 5.00016 -15.0334 
7.30091 6.55873 -15.7031 6.15672 7.67912 -16.4803 -5.62772 -5.91271 -13.763 
5.02272 8.52321 -16.1061 -7.05925 -4.69485 -14.3946 -8.3598 -3.33692 -15.0412 
3.65401 9.24964 -16.9927 2.1745 9.81845 -17.2724 1.01595 10.123 -17.5717 
-9.64096 -1.20695 -13.994 -9.84026 -0.313236 -15.1206 0.559892 10.1994 -16.9439 
-9.86071 1.3051 -14.6612 -2.05748 10.1012 -16.924 -1.49112 10.1837 -17.3668 
-2.83089 9.87227 -17.0079 -9.03025 4.05081 -15.8761 -8.34096 5.31799 -16.4182 
-4.5175 9.04874 -16.7256 -7.42919 6.54256 -16.7313 -6.67316 7.34928 -16.9059 
5.02281 -8.71191 -12.246 3.80624 -9.47282 -12.1735 6.34679 -7.53276 -12.3583 
7.45313 -6.16242 -12.3653 2.5125 -9.85645 -11.7938 8.94904 -2.65514 -12.2771 
9.1243 -1.70728 -13.3807 0.815466 -9.81382 -11.7368 9.28808 -0.402014 -13.9116 
9.30203 0.967736 -12.2276 -0.544482 -9.40183 -11.5476 8.96739 3.18511 -13.7076 
-4.37932 -6.91709 -11.8285 -6.32341 -5.39042 -12.7204 6.46369 7.42028 -14.4958 
5.1411 8.45528 -14.496 -7.76478 -4.01646 -13.4397 3.86557 9.1319 -15.368 
2.81118 9.57751 -16.0709 -8.93847 -2.54732 -13.8778 2.03061 9.82157 -15.91 
1.12953 10.0639 -16.1834 1.63897 9.89679 -15.3971 0.239831 10.2245 -16.3972 
-1.26876 10.1921 -16.3017 -0.406301 10.2417 -16.0079 -2.27959 9.98967 -15.3231 
-9.38736 3.16827 -13.7996 -3.73447 9.46896 -15.7649 -8.66182 4.72747 -14.8194 
-7.89531 5.88362 -15.457 -6.827 7.0999 -15.6443 -5.91644 7.98522 -15.5376 
-5.06168 8.65146 -15.4726 4.00047 -9.39837 -10.6428 5.65538 -8.31109 -10.9471 
6.71117 -7.31318 -11.1667 7.32405 -6.65841 -10.3462 8.10029 -5.22428 -11.0614 
8.64203 -3.84979 -11.3304 2.55104 -9.91747 -10.3486 1.47571 -9.91709 -10.5497 
9.1775 -1.71627 -12.2169 9.28385 -0.874213 -12.0584 -0.289793 -9.39908 -9.41113 
-1.32246 -9.00342 -10.7813 -2.53861 -8.21999 -9.66591 8.45022 4.83838 -13.2486 
8.12699 5.57529 -13.486 7.65662 6.19563 -14.0506 -5.95937 -5.71601 -10.7998 
-7.23151 -4.58495 -11.9907 6.113 7.72004 -12.7727 4.34566 8.81329 -13.38 
-8.42268 -3.24439 -12.3389 2.42134 9.60918 -14.7293 -9.42171 -1.67378 -12.655 
1.06645 9.99047 -14.8931 0.223282 10.1736 -15.3546 0.316271 10.0959 -14.4952 
-9.91654 0.158697 -12.6089 -0.685373 10.1411 -14.5117 -9.86768 1.64986 -13.1354 
-3.19007 9.69096 -13.7357 -1.90641 10.0327 -13.1991 -4.56322 8.96046 -13.9224 
-8.78403 4.49646 -13.7571 -7.90867 5.76338 -14.0743 -6.25896 7.59592 -13.9945 
6.3281 -7.86757 -9.76969 5.20305 -8.79548 -9.63757 4.19068 -9.4836 -8.58455 
3.05695 -9.85307 -9.37977 8.54332 -4.32386 -9.27212 8.99337 -2.66039 -10.3814 
1.77326 -9.95135 -9.04003 9.19258 -1.70677 -11.2623 9.30219 -0.686848 -9.45507 
9.11274 2.93429 -11.1197 8.67371 4.24116 -12.2236 7.76001 5.94936 -12.0772 
-4.26271 -7.04909 -9.0645 -7.68975 -4.06459 -10.3392 2.85073 9.38053 -13.0953 
-9.06553 -2.36456 -11.2058 1.00116 9.87417 -13.4153 -9.72238 -1.08756 -11.4768 
-9.77275 1.95371 -11.6348 -9.22682 3.51693 -11.3583 -8.67337 4.62734 -12.7638 
-7.63924 6.1133 -12.7208 -6.66715 7.26092 -12.5454 -5.33233 8.40009 -12.3564 
5.6543 -8.60539 -8.37761 6.96948 -7.36252 -8.17059 7.85978 -5.92647 -9.25941 
2.85582 -9.97486 -8.11943 9.03749 -2.60525 -8.4723 1.98462 -10.0611 -7.66942 
0.87155 -9.83088 -7.44214 9.30622 1.7715 -9.21857 9.18823 2.92331 -9.35534 
-1.71552 -8.69572 -8.52435 8.97661 3.67649 -9.62227 8.68727 4.3067 -10.8949 
-2.95552 -7.9731 -8.44323 -3.30572 -7.74757 -8.65497 6.86807 7.1007 -11.2935 
-5.98037 -5.6604 -8.65464 5.84299 7.89693 -10.9693 4.07296 8.88413 -11.6346 
2.38625 9.47043 -11.6755 -8.32411 -3.32572 -8.82503 -8.87648 -2.66422 -9.77455 
0.668032 9.84181 -11.2279 -9.56974 -1.46069 -10.0168 -9.92574 -0.359128 -10.6047 
-0.659428 10.052 -12.2992 -9.93831 0.798825 -10.1463 -1.77086 10.0309 -11.5912 
-3.93177 9.33452 -12.5597 -2.81809 9.80498 -12.0686 -8.39268 5.03125 -11.3974 
-7.39341 6.42373 -11.5963 -6.40237 7.51216 -11.6522 4.89401 -9.28754 -7.07638 
3.5906 -9.8521 -6.99084 5.98757 -8.52921 -7.13586 6.61094 -8.07236 -6.28264 
7.32589 -7.16225 -6.75426 8.04565 -5.81976 -7.0317 8.82986 -3.72887 -6.76917 
2.59885 -10.0811 -6.99216 1.87577 -10.0628 -6.69845 -0.268073 -9.43773 -7.43955 
-1.4012 -8.87008 -7.02321 8.84339 3.76184 -7.21399 8.38043 4.97281 -9.43597 
-2.5086 -8.21801 -6.92081 -3.29677 -7.72867 -7.60401 -2.4623 -8.25948 -8.00583 
7.32765 6.54613 -9.82689 -7.32409 -4.38471 -8.26746 -8.12585 -3.41572 -7.24908 
2.6569 9.38154 -10.3049 3.6433 9.05992 -10.344 -9.22273 -1.99516 -7.87106 
1.7507 9.61239 -10.3577 -9.86136 -0.388178 -8.71969 -1.17571 9.93756 -9.84268 
-2.45118 9.85212 -10.7373 -9.62318 2.41423 -9.24785 -3.89959 9.26369 -10.8841 
-8.89846 4.12434 -9.84504 -7.96811 5.59323 -10.2125 -6.85673 6.97045 -10.4747 
-5.5547 8.18077 -10.567 5.41469 -9.11285 -5.76405 7.37811 -7.26361 -5.16577 
4.21578 -9.71883 -5.81942 2.68602 -10.0431 -5.51742 8.58513 -4.85017 -5.87693 
9.32097 -1.39627 -6.27366 1.25652 -9.94226 -5.91992 -0.092996 -9.51937 -5.92043 
9.41854 1.10662 -5.77145 -1.0233 -9.12204 -5.59859 -1.54664 -8.83673 -5.48358 
-2.14721 -8.45424 -6.03327 -2.9178 -7.97038 -6.02799 7.75202 5.89305 -7.70131 
-4.32506 -6.98042 -6.32845 6.40803 7.3916 -8.56017 -6.28516 -5.33087 -6.79092 
4.97947 8.42762 -9.71297 -7.30204 -4.33864 -7.08022 3.70186 9.05411 -9.42667 
4.25423 8.81135 -9.13191 3.19473 9.21275 -9.52921 2.34548 9.41522 -8.45682 
0.754148 9.74708 -9.03675 -9.81396 -0.850803 -7.28688 -9.92344 0.936521 -8.38643 
-2.85382 9.66096 -9.39897 -4.62485 8.76147 -8.33345 -9.19901 3.60164 -8.46195 
-8.48903 4.85004 -8.55916 -7.41722 6.30539 -9.03086 -6.25452 7.55791 -9.00469 
6.0958 -8.80793 -4.40711 4.26309 -9.88749 -3.88612 8.50363 -5.35041 -4.11854 
2.56121 -10.2157 -3.73255 8.89242 -4.03192 -5.11305 9.25331 -2.45071 -4.82538 
1.0288 -9.96068 -4.10697 -0.793961 -9.28513 -4.1292 -2.085 -8.53393 -4.79722 
-2.96028 -7.98572 -4.63436 -3.50976 -7.65814 -3.54118 -5.37118 -6.16006 -4.37448 
5.05355 8.32413 -7.71806 -7.30114 -4.28371 -5.64207 3.69471 9.0049 -8.27124 
-8.18995 -3.26713 -6.13813 -8.69605 -2.66625 -6.3967 -9.16744 -2.00266 -5.42979 
-9.67772 -1.26329 -6.47878 -9.90359 -0.673629 -6.42615 -9.94335 0.328013 -6.61472 
-9.83079 1.67155 -7.43054 -2.98296 9.57106 -7.80462 -2.19918 9.85235 -8.73736 
-9.49714 2.88908 -7.29619 -9.04363 3.96305 -7.4152 -8.56475 4.80204 -7.08776 
-7.82696 5.86566 -7.5887 -6.97573 6.89493 -7.91705 -6.20249 7.66807 -7.24663 
6.2136 -9.03979 -3.1098 5.54155 -9.51035 -2.95651 6.8788 -8.26141 -3.40513 
7.71431 -7.08091 -3.53661 9.19221 -3.2957 -3.58053 3.07892 -10.3303 -2.81327 
2.45783 -10.3781 -2.77147 1.83377 -10.282 -2.82225 9.48697 -1.20157 -4.4897 
9.56547 -0.286467 -4.46067 0.123094 -9.8034 -2.94212 -2.09447 -8.62121 -2.78995 
7.8949 5.67524 -5.97582 6.61543 7.12408 -6.31642 -6.79204 -4.90356 -3.69285 
-7.70649 -3.90794 -4.31411 4.19436 8.76726 -6.92196 3.24087 9.10689 -6.24081 
-8.31184 -3.12436 -5.23382 2.30364 9.39622 -6.63929 1.32612 9.5779 -6.18368 
-0.418196 9.79505 -7.51885 -9.81425 -0.654567 -5.02648 -1.81338 9.82242 -7.89334 
-1.44589 9.72095 -6.52018 -9.73065 2.01111 -5.78628 -3.81659 9.08609 -5.50558 
-2.51143 9.61391 -6.72015 -8.9878 3.93969 -5.56166 -8.05989 5.57383 -6.18365 
-7.20354 6.70215 -6.64837 6.24346 -9.18539 -1.45276 4.79393 -10.0532 -1.73433 
7.34996 -7.82974 -2.28542 8.13561 -6.5548 -2.13408 3.68372 -10.3404 -2.0137 
8.99346 -4.72645 -0.966852 9.1115 -4.05716 -2.67903 2.40743 -10.4389 -1.26589 
9.58951 -0.936115 -2.82049 0.849001 -10.1067 -1.82103 9.61388 0.498066 -3.72131 
-0.526062 -9.55809 -1.89655 9.46532 1.64917 -2.57915 9.04608 3.22222 -4.22222 
8.2596 5.04272 -4.45798 -2.89799 -8.1496 -2.33376 -3.29884 -7.88756 -2.31319 
-4.07275 -7.2941 -2.62321 7.33275 6.43801 -4.87659 -5.43988 -6.17771 -1.97106 
6.36924 7.3667 -4.65456 4.91227 8.33576 -5.36058 -7.57811 -4.11068 -3.46858 
-8.39612 -3.06001 -3.59294 2.33592 9.37718 -5.56954 -9.43072 -1.53541 -3.29795 
-0.222128 9.68553 -5.3759 -9.93007 -0.331206 -2.91577 -9.91088 1.07363 -3.65728 
-2.19466 9.5497 -5.42394 -1.28452 9.6566 -5.59181 -9.58133 2.57584 -4.20833 
-5.61357 8.07554 -5.86438 -8.01763 5.56074 -4.94997 -7.41282 6.45213 -5.46056 
-6.67786 7.25422 -5.79747 5.10005 -10.1805 0.245873 3.85 -10.4698 -0.258204 
5.96836 -9.83471 0.638385 6.64628 -9.22 0.563814 7.54793 -7.84753 -0.236658 
8.34317 -6.38909 -0.703264 9.45875 -2.84817 -1.81498 1.25557 -10.3095 -0.140034 
0.0135316 -9.85415 0.457682 -1.47352 -9.08308 -0.663064 -3.13945 -8.00402 -1.24369 
8.57235 4.35125 -1.80292 7.19795 6.50452 -3.21905 5.77461 7.81774 -3.31579 
-7.36362 -4.30997 -2.31682 4.51464 8.55974 -3.10945 3.72113 8.90869 -4.3098 
-8.83283 -2.45555 -1.25022 2.65669 9.26833 -4.14806 2.04506 9.44359 -4.8589 
0.742419 9.62895 -4.3396 1.5899 9.49928 -3.90245 -0.27094 9.65438 -3.91578 
0.239248 9.66681 -4.00636 -1.17369 9.61777 -4.51808 -2.72087 9.40472 -4.18831 
-1.95642 9.53205 -4.04714 -9.49658 2.76556 -2.60618 -9.16053 3.58453 -3.61818 
-8.36789 4.92812 -3.76891 -6.96502 6.77737 -4.14304 -5.43006 8.13683 -4.23781 
8.50542 -6.36746 1.2179 9.58651 -2.82123 -0.220612 2.93323 -10.5851 0.896439 
1.99184 -10.4998 0.73615 9.73899 -1.53369 -0.666131 1.26025 -10.3394 1.28149 
9.75374 0.325964 -0.21385 9.4137 2.40118 -0.509658 -2.13823 -8.6882 1.68393 
7.34041 6.41565 -1.20505 -4.64051 -6.9334 0.429347 6.45622 7.34318 -2.00387 
-7.05981 -4.66046 0.095092 3.39394 9.01385 -2.57319 2.03929 9.34349 -2.02078 
0.146207 9.57403 -2.45878 -9.79375 -0.916017 -1.55704 -0.871522 9.59779 -3.16923 
-10.0028 0.291743 -0.888417 -1.49389 9.56137 -3.51637 -9.71724 2.12348 -1.09018 
-1.98123 9.41694 -2.23166 -3.37877 9.19208 -3.41626 -8.78137 4.19722 -2.38955 
-4.61042 8.6339 -3.01784 -7.80261 5.67292 -2.55499 -7.02287 6.6733 -2.66287 
-6.11091 7.54695 -2.67046 6.28526 -9.82858 2.09806 5.44788 -10.3017 2.11394 
7.13831 -8.97035 2.45585 7.85389 -7.78052 1.7527 4.13349 -10.5846 2.18497 
9.19957 -4.69983 1.68208 9.49577 -3.47957 0.867986 2.30325 -10.5545 2.9134 
9.80994 -1.75016 1.47912 0.854282 -10.2108 2.44134 -0.169788 -9.79349 2.62792 
9.61092 1.86242 1.29504 9.03765 3.55861 0.478326 7.93192 5.50221 0.845219 
6.51895 7.35601 -0.893437 -5.90083 -5.97638 1.65224 5.29487 8.13052 -1.01368 
4.11994 8.73292 -1.74235 3.26435 8.99949 -0.212733 -8.56227 -2.86322 0.36446 
-9.69257 -1.23132 -0.600548 -0.833049 9.57595 -2.53539 -9.93734 -0.67893 -0.541172 
-3.63905 9.03232 -2.08017 -8.99139 3.73953 -1.07575 -5.4197 8.05375 -1.65007 
-4.46776 8.65838 -1.52842 -8.19807 5.02756 -1.44146 -7.09695 6.44836 -1.58791 
-6.20871 7.40729 -1.58426 6.48159 -9.88908 3.54886 5.86019 -10.312 3.65069 
5.02975 -10.5949 3.7654 7.87605 -8.03306 3.19987 8.2382 -7.25702 2.63967 
8.98276 -5.52384 2.64531 9.59681 -3.41945 2.43832 1.01693 -10.2801 4.17527 
0.534238 -10.115 3.22397 9.88718 0.15279 1.92984 0.23221 -9.98703 3.7715 
-4.5638 -7.06892 2.85193 -2.90581 -8.22172 4.81499 6.9066 6.94489 0.0366821 
-6.10395 -5.82102 3.28944 6.26274 7.56306 -0.0823606 -7.14418 -4.72842 2.45634 
-8.39244 -3.12937 1.87136 -9.55266 -1.25844 0.696701 0.874145 9.40906 0.6183 
-0.941968 9.45809 0.0805596 -10.0121 0.307595 1.19029 -9.86822 1.6939 0.90554 
-3.74304 8.82926 -0.336068 -9.10744 3.54358 0.719269 -7.88125 5.32874 -0.13867 
-6.23248 7.19065 -0.478336 -4.98783 8.22735 -0.609113 6.1863 -10.2576 4.83684 
5.40863 -10.6128 5.29228 6.81921 -9.71735 4.81093 7.61343 -8.73133 4.72564 
8.26595 -7.36842 3.49261 8.25861 -7.55791 4.41302 8.73605 -6.36505 3.69216 
3.9496 -10.7743 5.10596 9.43508 -4.49528 4.05829 9.876 -2.50176 4.01064 
9.99931 -0.849438 3.591 9.82453 1.06152 3.61478 0.280182 -10.0079 4.59882 
-0.808093 -9.47343 4.353 9.05063 3.48974 2.57186 6.04474 7.51754 1.62632 
4.44493 8.56843 0.95353 3.50094 8.98515 1.48892 -9.35038 -1.74379 3.38822 
-9.91632 -0.429903 2.55495 -10.0038 0.929146 2.96522 -2.35071 9.2232 0.682832 
-5.17552 7.90354 0.979161 -3.59203 8.72875 2.26456 -8.74449 4.26665 2.16499 
-8.17057 5.0099 1.30929 -6.8757 6.44211 1.2417 6.19409 -10.3803 6.65711 
7.29498 -9.50935 6.78526 7.81903 -8.74955 6.13498 8.23946 -7.95022 5.80926 
8.86177 -6.62675 5.73788 9.26475 -5.47208 5.32858 2.06712 -10.6155 6.02497 
10.0496 -1.59105 4.58479 10.116 -0.940921 4.99522 0.37441 -10.0526 6.02005 
10.0816 -0.205728 4.64386 -0.86819 -9.47072 5.94377 -1.61087 -9.06297 5.43686 
7.88014 5.72189 4.37534 -5.74879 -6.0225 6.06045 -6.95386 -4.93085 4.20276 
3.89318 8.76272 2.82916 -8.10868 -3.55431 4.20276 2.25661 9.23846 2.25877 
-9.86776 -0.832198 3.60996 -10.0245 -0.209263 3.75518 -1.31778 9.27412 3.33956 
-9.47307 2.87078 2.7848 -5.94654 7.29998 2.13251 -5.01786 7.97711 2.80381 
-7.81635 5.46943 2.42623 -6.80311 6.53816 2.55099 8.22703 -8.44753 7.59584 
8.69143 -7.35267 6.78711 4.89493 -10.8575 7.16272 9.22428 -6.33453 7.74016 
9.42087 -5.46016 6.65359 3.36049 -10.9197 7.5776 9.6983 -4.44428 6.36702 
9.94037 -3.18685 5.99266 10.0991 -1.79439 5.6632 10.0947 -0.0056496 6.35978 
1.16835 -10.4167 7.23907 9.35042 2.92094 5.08755 -0.60209 -9.61885 6.98672 
-1.80284 -8.96053 6.70639 -3.51089 -7.86627 7.00946 5.26579 8.12673 5.27611 
-7.27361 -4.53197 5.22548 -7.90417 -3.78688 6.21844 2.54507 9.1657 3.56771 
-9.06861 -2.21543 5.69827 1.01261 9.30613 4.52468 -9.78729 -0.936321 4.86164 
0.670698 9.397 2.73865 -10.023 0.26162 5.09285 -9.83444 1.89252 4.93216 
-9.26776 3.33564 4.39536 -6.06827 7.17425 3.31581 -8.61094 4.41537 3.45749 
-7.35726 5.91371 3.80206 6.77382 -10.2316 8.39766 5.80042 -10.7731 8.94635 
7.68263 -9.52484 9.29452 8.14804 -8.91456 8.79203 8.51585 -8.39201 9.45524 
8.77771 -7.42107 7.51753 8.83475 -7.51385 8.33309 4.36849 -11.035 8.96044 
9.80101 -4.53599 8.0576 2.82124 -10.8933 9.50395 10.053 -3.38846 7.7168 
10.2188 -2.07591 7.51854 1.77245 -10.6237 8.1909 0.125724 -9.97249 8.00323 
-1.9397 -8.87114 8.85278 -1.03643 -9.40503 7.73918 8.95776 4.23512 5.87277 
-3.71305 -7.78452 8.16797 -4.48696 -7.20386 7.59392 7.18199 6.94094 6.21308 
7.98836 6.15271 6.14671 3.01867 8.99735 4.70919 -9.72407 -0.754064 7.61627 
-4.32175 8.37179 4.18589 -3.15645 8.88651 4.14651 -2.65887 9.03918 4.85679 
-9.3927 3.07389 5.64593 -8.49031 4.50457 5.08266 -6.29583 6.92915 4.69324 
-5.3286 7.7446 4.12948 -7.35231 5.88025 5.19269 6.13018 -10.7606 10.9457 
5.10754 -11.0167 10.2187 6.78548 -10.3989 9.95488 9.24592 -6.75471 9.69787 
3.98938 -11.0464 10.4279 9.7431 -5.07881 9.53436 10.278 -2.4787 10.0245 
10.3354 -1.23108 8.35278 0.77608 -10.2396 10.0254 9.59684 2.67643 7.86895 
8.59218 5.10796 6.37793 -4.5646 -7.07725 9.19318 8.18978 5.79768 8.03919 
-6.32234 -5.54218 8.35503 -7.7099 -4.03971 8.16976 3.51205 8.91128 6.23687 
-8.82366 -2.59945 7.39168 2.10774 9.17075 6.16264 -0.450657 9.34906 4.90572 
-0.222431 9.3176 6.01652 -1.1259 9.29298 5.63374 -10.0161 0.866675 6.64826 
-3.68853 8.60212 6.09754 -2.19241 9.10878 5.86885 -9.77227 2.20933 7.05405 
-9.02791 3.70269 6.66444 -7.94549 5.17095 6.3791 -6.69632 6.51136 6.09895 
-5.32484 7.66088 5.75232 7.2906 -10.1664 11.6542 8.27275 -9.11446 11.2462 
9.02353 -7.6736 11.2556 4.93331 -10.9573 11.9503 9.8209 -5.25328 11.9983 
2.52405 -10.7872 11.8061 10.2624 -0.191596 8.67872 0.879758 -10.3258 11.5747 
-0.890973 -9.49505 11.9008 -2.69135 -8.4573 10.3969 9.32609 3.85228 9.44261 
-3.33792 -8.0139 11.3048 6.54827 7.61225 7.62244 -6.78452 -5.04891 9.87578 
5.07515 8.48481 7.78413 4.378 8.72111 6.64025 3.9383 8.88359 7.61625 
-8.37583 -3.20248 10.2006 2.86111 9.07182 7.61729 -8.99384 -2.33025 8.89929 
1.8711 9.20148 7.2975 0.817502 9.26522 7.00207 -1.21943 9.18745 7.9608 
-10.0432 1.06624 8.54106 -2.7493 8.92093 7.38979 -9.7898 2.27943 8.81553 
-9.38164 3.15428 7.92393 -6.19109 6.93705 7.17685 -5.20615 7.6465 7.97118 
-3.71253 8.51346 8.75645 -8.55865 4.38627 7.77322 -7.34802 5.81444 7.49564 
6.3829 -10.6984 12.5178 8.13122 -9.509 13.0801 8.7563 -8.54507 12.4266 
9.26565 -7.33121 12.7225 10.3036 0.210396 10.005 1.07994 -10.425 12.537 
1.82839 -10.6983 12.8675 10.0996 1.82603 11.1226 9.29789 4.0154 11.2397 
8.78453 4.99181 9.70856 -5.34372 -6.40586 11.7691 7.26523 7.07285 8.98879 
6.26539 7.82447 9.51506 4.14338 8.76396 10.2812 1.91464 9.19542 8.67511 
-9.50783 -1.238 11.1961 0.45916 9.27669 8.5675 -10.0124 0.522591 10.1545 
-10.1233 1.13199 9.69478 -2.63177 8.92609 8.40505 -10.0272 1.63696 9.60229 
-9.13378 3.5205 9.08889 -6.70678 6.39583 8.59844 -8.04196 4.98108 8.94948 
8.87196 -8.35134 13.8502 7.17002 -10.3574 13.7067 5.85395 -10.8431 13.8069 
3.95347 -10.9521 13.8505 10.3657 -3.01579 12.5688 2.3121 -10.787 13.5636 
10.5266 -1.97269 12.3135 10.5213 -0.669082 11.9892 1.48304 -10.5945 13.3992 
0.678344 -10.271 13.4962 -0.174332 -9.89933 13.7359 -1.36041 -9.31412 13.754 
-3.05793 -8.22822 12.9303 7.90686 6.20598 10.725 -7.51363 -4.24618 11.6051 
-8.67 -2.7889 11.8988 2.15729 9.2214 10.5273 -0.237576 9.28926 9.45101 
0.893401 9.29727 9.90672 -0.914141 9.25003 9.67993 -2.615 8.89007 9.58609 
-1.64721 9.0991 10.0951 -10.0345 1.4599 10.3405 -9.66137 2.50024 10.3356 
-8.73627 4.05315 10.4198 -7.5006 5.55617 10.1728 -6.13287 6.88027 9.81119 
-4.96185 7.78489 9.65854 8.06849 -9.65694 15.284 6.67415 -10.6859 15.3413 
9.10895 -7.91592 15.5473 5.24496 -11.0102 15.0956 9.62314 -6.34713 14.1604 
3.78104 -11.0292 15.5921 10.0258 -4.86485 13.8161 10.2553 -3.79209 13.6499 
2.46172 -10.7844 14.9143 10.5658 -1.9994 14.2062 0.824526 -10.2911 14.8951 
1.57004 -10.5906 14.1436 10.5739 0.314972 14.0449 9.94716 2.73833 13.9362 
-0.4666 -9.77107 14.5979 -1.24358 -9.39912 14.7417 -2.58346 -8.6174 14.8271 
8.90272 4.8105 13.4103 -4.63066 -7.11323 14.006 6.40265 7.66681 11.5706 
-6.71219 -5.13961 13.542 -8.11272 -3.5352 12.9565 -8.90912 -2.34418 14.1369 
1.14965 9.32028 11.3157 -9.64318 -1.00558 13.3097 -0.518224 9.23087 11.2586 
-9.87086 -0.168359 13.058 -9.95592 0.433938 11.9922 -3.38511 8.62357 10.2786 
-2.84872 8.68173 11.9561 -9.89241 1.674 11.7095 -4.24715 8.17523 10.7095 
-9.30225 3.22181 11.9759 -8.26138 4.73388 11.7431 -6.95765 6.15321 11.4378 
-5.58842 7.31929 11.0813 7.37331 -10.4593 16.5678 6.41973 -10.9427 16.9432 
5.76604 -11.0505 15.9723 7.98906 -9.97465 17.139 8.6815 -8.93231 17.0276 
5.26429 -11.2025 16.8009 4.63107 -11.2868 16.7588 4.74015 -11.1983 16.1026 
9.76633 -6.12758 15.9975 4.34014 -11.2817 16.7291 3.83612 -11.1542 16.6176 
10.1767 -4.35417 15.0867 2.08664 -10.7003 17.126 10.74 -0.771147 15.018 
-0.702156 -9.6221 16.0986 7.51991 6.66215 13.597 -3.97606 -7.71766 15.4243 
-5.41332 -6.49244 15.8611 5.82135 8.08411 13.655 -6.98503 -4.92171 15.0967 
4.27319 8.84294 13.6186 -7.831 -3.89158 14.256 2.18866 9.23758 12.9853 
0.625814 9.33483 12.3716 -9.87106 1.2551 13.945 -9.68292 2.47014 13.0943 
-4.93693 7.74823 12.5025 -9.33782 3.35387 13.3442 -8.81316 4.14414 12.9477 
-7.77544 5.4615 13.3423 -6.30418 6.82252 12.5268 6.38701 -11.0316 18.3959 
5.61598 -11.1912 17.7946 7.30983 -10.5385 18.2911 9.4032 -7.35105 17.1318 
9.89845 -5.84644 17.3595 4.17605 -11.209 18.0213 10.1576 -4.73455 16.7351 
10.481 -3.0663 16.6466 10.7092 -1.39455 16.1874 10.7386 -0.205629 15.8976 
10.5002 1.3005 16.7126 -0.0701007 -9.91396 18.2805 -1.3802 -9.3559 17.5601 
-2.88277 -8.4787 17.2146 9.44415 4.01853 15.0407 8.64269 5.35878 16.2279 
-6.61828 -5.34643 16.2519 -7.62557 -4.14616 16.1048 3.60523 9.07169 14.7088 
0.554396 9.31854 13.4806 -9.68829 -0.564961 14.8908 -0.293995 9.27745 13.1134 
-1.41132 9.06672 13.5168 -9.49331 2.94877 14.4214 -5.83652 7.25503 13.1145 
-6.55061 6.71296 13.9596 -5.47171 7.47666 13.7816 -4.23126 8.06574 14.6254 
-8.87447 4.15647 14.1399 8.25102 -9.59949 18.6327 9.04801 -8.20242 18.5726 
5.60213 -11.2171 19.2834 9.70896 -6.50108 18.4928 10.2507 -4.42656 18.5976 
10.5346 -2.89983 18.1283 10.6478 -2.00885 17.6897 2.82414 -11.0132 18.739 
2.26521 -10.8592 19.0054 10.7189 -0.567028 17.9809 1.40616 -10.5098 19.3391 
-1.34917 -9.39734 18.528 9.81025 3.44335 16.7719 -2.03079 -9.07488 18.3108 
-1.90017 -9.13757 17.8978 -4.60538 -7.25098 17.6113 -5.99768 -5.96946 18.1965 
5.09996 8.45965 17.1624 6.9911 7.19145 15.8152 2.63864 9.25282 14.8714 
3.37888 9.11512 15.9077 -8.55345 -2.93988 16.6333 -9.21787 -1.81944 16.2609 
0.865402 9.30089 14.2355 -9.56751 -0.873897 17.2628 -0.42692 9.20046 14.8446 
-9.84308 0.626042 16.0088 -2.46563 8.75489 14.7528 -1.53861 9.0229 14.7692 
-9.6339 2.37545 16.354 -8.95299 4.00531 15.545 -5.78503 7.24294 15.0036 
-8.29319 5.00911 14.9097 -7.54527 5.8544 14.8202 -6.872 6.45349 15.3117 
7.68218 -10.1698 20.6321 6.65517 -10.9047 20.0012 8.6226 -8.96739 20.2176 
9.44834 -7.23144 20.0928 5.72132 -11.1986 21.4266 4.63611 -11.2644 20.2915 
9.92826 -5.83604 19.4765 2.78256 -10.9545 20.7434 10.6234 -2.22516 19.7701 
1.22404 -10.4401 20.9708 10.6875 0.969229 19.871 0.253702 -10.0498 20.097 
-0.73564 -9.64314 19.7364 -2.05639 -9.01562 19.5691 -3.91971 -7.81655 19.103 
9.35838 4.50675 17.7577 -7.71083 -4.04738 18.3586 -8.81232 -2.51656 17.9326 
2.52889 9.25653 15.9245 1.30012 9.28335 15.7745 -1.57639 8.98045 15.6506 
-1.57915 8.96538 16.5929 -0.945069 9.10839 16.391 -0.1182 9.22744 16.4098 
-9.87317 0.713342 17.61 -3.20692 8.47592 15.926 -2.33389 8.76267 16.457 
-5.20116 7.54892 16.0995 -4.09626 8.08822 17.002 -8.9556 3.95842 16.8541 
-7.88953 5.38169 16.2707 -6.41752 6.72485 16.3728 6.78935 -10.7922 22.1699 
8.29222 -9.4879 21.8152 8.95797 -8.41553 21.6202 9.52969 -7.15575 21.6247 
4.48354 -11.2521 21.8792 10.0604 -5.3823 20.9332 10.4093 -3.79561 20.2099 
10.755 -0.527091 20.1083 1.85589 -10.6873 21.2485 1.51899 -10.5704 21.8998 
-0.411949 -9.79097 22.4884 10.2887 2.59918 19.0199 9.70902 4.00965 19.0121 
-3.11739 -8.444 21.5531 8.87133 5.36584 19.0208 -4.7923 -7.18264 20.2203 
7.51132 6.77984 18.1833 -5.93231 -6.11755 20.3178 -6.85354 -5.09865 19.7119 
-7.47493 -4.37108 19.8604 -8.22049 -3.39781 19.5935 2.79525 9.16192 17.661 
-9.12241 -1.99087 18.9116 1.26809 9.30964 17.8899 -9.68711 -0.672319 19.0253 
-0.493098 9.2011 17.5012 0.348983 9.29234 17.5036 -1.27227 9.04104 17.5032 
-1.87125 8.89228 17.2942 -9.98375 0.648769 18.9252 -3.08703 8.50961 16.7108 
-2.8999 8.57185 17.4964 -2.26312 8.78552 17.4633 -9.83971 1.92913 18.6331 
-9.31568 3.32207 18.0325 -5.67464 7.19771 17.5562 -8.43436 4.64456 17.9078 
-7.12694 6.03059 17.915 5.9887 -11.1024 23.2812 5.11795 -11.2439 23.1168 
6.64167 -10.777 24.4862 7.68357 -10.1064 23.3482 8.58224 -9.08782 23.1896 
9.23254 -7.97514 22.8486 9.72178 -6.70836 22.8128 3.58728 -11.0705 23.5517 
10.4825 -3.47753 21.6643 2.24507 -10.8156 22.7088 10.7376 -1.66095 22.6751 
10.7614 -1.05009 21.1081 1.30484 -10.4968 22.8584 10.8138 0.0235706 21.7921 
10.7619 1.37657 22.1822 10.5001 2.40752 21.2095 10.0228 3.59898 20.7219 
9.38733 4.75631 20.999 -2.10332 -9.09944 22.8352 8.71436 5.73599 20.6498 
8.10777 6.38699 20.1634 -4.94404 -7.06944 21.6519 6.82381 7.47099 20.2687 
-6.94051 -4.97624 21.5386 -8.91088 -2.42123 20.6457 3.96561 8.9687 18.8018 
1.60558 9.30053 19.5158 0.646068 9.33281 18.7152 -9.69478 -0.951571 20.5346 
-0.0161614 9.2878 18.4925 -0.694501 9.16808 18.7651 -9.95589 0.00135756 19.9809 
-2.12204 8.80803 18.9271 -10.0094 1.00849 20.2363 -3.708 8.2668 18.7113 
-9.79486 2.19704 20.5635 -9.4223 3.09118 19.5427 -5.10058 7.56602 19.0193 
-8.84948 4.04448 19.0362 -7.94558 5.13799 19.095 -7.15588 5.98668 19.0103 
-6.38504 6.65485 18.975 9.0321 -8.38661 24.1548 9.42237 -7.62373 23.6357 
5.1997 -11.0941 25.3896 9.55269 -7.13699 24.6202 10.2035 -4.90677 23.2814 
10.5512 -3.25225 23.1171 1.7656 -10.605 23.9639 0.799126 -10.239 25.0305 
10.2728 3.26187 22.0725 -1.91714 -9.20954 23.8367 9.88877 4.04215 21.9118 
9.79061 4.13851 21.1285 -2.85272 -8.7245 23.4144 -3.8847 -8.00755 22.8964 
8.12528 6.32874 22.3223 -5.02137 -6.9847 23.1203 5.48715 8.39146 20.4686 
4.52843 8.8264 19.8159 3.20448 9.12492 20.3465 -8.31661 -3.43302 22.1509 
-9.07604 -2.41462 22.0794 -9.51208 -1.53789 21.5716 0.382787 9.30154 19.7609 
-9.88624 -0.297636 21.9721 -0.604661 9.14575 20.5073 -4.45984 7.95155 20.0502 
-3.55362 8.32781 20.1362 -9.42625 3.04704 20.7537 -8.64265 4.18273 20.5623 
-7.30944 5.76243 19.9614 -6.28848 6.704 20.3943 -5.31167 7.45093 20.6824 
7.45999 -10.2457 25.8909 6.52725 -10.7814 26.9589 8.38999 -9.31309 25.0982 
8.98634 -8.43499 25.1384 10.1078 -5.35442 25.0794 2.92001 -10.8156 26.5185 
10.5948 -3.07268 24.7526 10.8368 -1.24721 24.437 10.8489 0.706091 24.4611 
10.5575 2.50804 23.1189 -0.519887 -9.75293 25.082 -1.37724 -9.42386 24.5746 
10.1657 3.62905 23.185 -1.92724 -9.19619 24.8946 -2.43057 -8.93823 24.6505 
9.52447 4.72566 23.4741 -3.58524 -8.12789 24.5916 -5.85487 -6.11598 24.7856 
-7.58165 -4.32781 23.2766 6.05973 7.9653 22.7168 4.42494 8.81619 21.8238 
3.21356 9.12669 21.9277 -8.65438 -3.03677 23.2343 1.47478 9.27726 22.2247 
-9.42594 -1.76762 22.8832 -2.75427 8.58886 21.4056 -1.65281 8.94323 20.8014 
-9.95192 1.29204 22.2308 -9.47116 2.84009 22.5737 -4.4446 7.85957 22.0376 
-8.66456 4.15847 21.9849 -7.64864 5.37905 21.7103 8.16994 -9.56056 27.0994 
8.9987 -8.31938 26.3792 9.75218 -6.57653 26.3458 5.58424 -11.0698 28.0142 
4.62574 -11.1172 27.1686 10.3043 -4.6717 26.5507 10.755 -2.39911 27.1465 
10.8907 -1.11381 25.6483 0.479826 -10.0825 26.6368 -1.61463 -9.25376 26.3451 
10.3286 3.36318 24.9358 -3.51063 -8.11244 26.7444 8.72378 5.81955 25.32 
-7.92434 -3.95745 24.676 3.35487 9.09362 22.8893 4.3986 8.77095 23.782 
-9.08902 -2.41698 24.3777 -9.71484 -1.1227 24.1734 -10.0124 0.352162 24.7637 
-1.09507 9.03993 22.6411 -2.56941 8.62488 23.1567 -9.93325 1.57407 23.6981 
-6.23437 6.71453 22.1553 -3.38283 8.34308 22.8362 -8.68582 4.22391 23.2865 
-7.66133 5.4743 23.8468 8.13131 -9.64298 28.6635 7.45667 -10.2407 28.1423 
8.73985 -8.7959 28.2575 9.47073 -7.30434 28.0711 10.0407 -5.76031 27.7426 
4.49735 -11.093 28.6188 10.2899 -4.91709 27.5093 10.475 -4.05128 27.6744 
1.65246 -10.438 28.4742 0.00333386 -9.89156 27.8914 -0.67209 -9.64648 28.121 
-1.33365 -9.39335 28.5409 -2.29034 -8.94572 27.7037 9.71276 4.66841 25.2538 
-5.18557 -6.83735 27.8116 7.14617 7.18658 24.5192 5.53588 8.18222 25.159 
-7.26213 -4.8138 26.5477 -8.85194 -2.91738 26.0061 2.76365 9.23426 24.2726 
1.77878 9.38615 23.9091 -9.51173 -1.8053 25.3688 1.10438 9.39836 24.1107 
-9.86737 -0.95298 25.6913 -0.754515 9.17725 23.8925 0.0647879 9.2799 23.9178 
-1.88319 8.83504 24.1525 -1.15272 9.07976 23.9277 -3.35228 8.24524 25.1606 
-9.87901 1.90147 25.3081 -9.3786 3.31072 25.2049 -5.96964 6.86585 24.5024 
-8.74739 4.33423 24.6699 7.83555 -9.91021 30.2409 6.66305 -10.695 29.7591 
8.50429 -9.17453 29.5852 9.17452 -7.97579 30.0664 5.53145 -11.0672 30.0722 
10.0741 -5.47992 30.1048 10.3129 -4.78183 28.3577 3.32114 -10.8914 29.0371 
11.0278 0.0762198 27.1841 10.8668 2.36036 27.3587 0.39397 -10.0143 29.7217 
10.0056 4.40591 26.9437 -2.80888 -8.61495 29.0747 9.06941 5.65273 27.5869 
7.18935 7.09048 26.8853 -6.70877 -5.50513 27.9087 -7.57138 -4.62109 27.6069 
3.7993 8.94308 25.4694 -8.53681 -3.50067 27.5681 2.28108 9.3503 25.4328 
2.87999 9.24695 25.4496 -9.37415 -2.40274 27.2006 1.66136 9.40002 24.8616 
-9.66397 -1.70166 26.618 0.528183 9.34502 25.3799 -10.0198 -0.58902 27.4225 
-0.910831 9.09868 24.9719 -2.00286 8.77483 25.1179 -8.96271 4.12428 25.7757 
-8.36435 4.86899 25.3102 -7.51888 5.70434 25.4504 8.57433 -9.08423 30.958 
6.03275 -10.8909 32.0857 5.32622 -11.0869 31.2128 4.40291 -11.0446 30.5257 
10.6022 -3.37133 28.9477 2.69423 -10.6905 30.5378 11.004 -1.04521 29.1216 
11.1995 1.14765 28.9927 11.128 2.40961 29.0066 -1.12953 -9.48123 30.2198 
9.96273 4.77402 28.2942 -4.63733 -7.42514 30.515 -6.0359 -6.21191 29.1013 
-7.483 -4.7521 28.8376 4.4985 8.54452 27.4953 2.49834 9.25535 26.6961 
-9.33133 -2.54733 27.9874 1.49262 9.39063 25.961 1.41904 9.38054 26.7608 
-9.70148 -1.82218 28.0109 -0.258495 9.17115 26.837 0.794566 9.36262 26.5858 
-1.6688 8.83914 26.0225 -10.0739 0.976885 27.5375 -9.67703 2.72267 27.9693 
-5.35759 7.29734 26.3432 -4.45296 7.77539 28.0671 -9.20394 3.73467 26.842 
-8.36441 4.85497 26.7099 -6.91503 6.24901 26.8265 7.34707 -10.2615 32.47 
8.1042 -9.66663 31.8987 8.60593 -9.04941 32.5061 9.0545 -8.3188 31.7538 
9.59471 -7.01326 32.3157 4.78018 -11.0153 32.0982 3.72953 -10.9133 31.7188 
10.7332 -2.71724 31.1421 2.94811 -10.7402 31.9085 1.75715 -10.4083 31.8733 
11.2028 0.206482 31.0301 11.2259 2.02678 30.0407 -0.0971526 -9.86969 31.9417 
-2.23762 -8.95881 31.6807 10.6229 3.67337 29.5346 9.61843 5.19309 29.1344 
8.4454 6.24605 29.0219 6.77219 7.34322 29.2544 -6.43392 -5.92567 30.3648 
-7.6959 -4.61375 30.2651 -8.93637 -3.02058 29.3364 2.95647 9.17099 27.8317 
2.14286 9.33749 28.0762 1.13892 9.34304 27.6301 -9.86067 -1.33806 29.5145 
-10.1489 0.0872936 29.5433 -1.61387 8.78466 27.6126 -2.95393 8.3645 27.4459 
-8.91677 4.17885 28.2331 -7.98425 5.31035 28.1322 -6.99193 6.2635 29.1559 
-5.9354 7.00437 27.6471 8.09332 -9.64977 33.1553 8.53376 -9.06952 34.1283 
9.0962 -8.19784 33.3347 6.68928 -10.5374 35.088 5.22129 -10.9317 33.7468 
3.19483 -10.7349 33.3815 10.1116 -5.39042 32.508 10.3793 -4.38027 31.9184 
1.61684 -10.3571 33.0271 1.0041 -10.1947 32.5348 11.205 2.23479 31.6396 
0.474974 -10.0412 33.3628 -0.630159 -9.71326 33.3818 -1.13932 -9.53668 32.6875 
9.29913 5.48057 31.2544 -4.62027 -7.49518 33.2829 -5.8694 -6.53767 31.7129 
8.1874 6.46598 30.088 -7.0323 -5.42086 31.3233 4.40768 8.48996 30.0257 
-8.16944 -4.11925 31.3597 2.78967 9.13441 28.8892 -9.36646 -2.39699 31.4192 
1.52114 9.33163 28.7764 0.224543 9.18476 28.7794 -10.0499 -0.777675 31.3741 
-2.42847 8.51377 29.1826 -0.884073 8.9353 29.408 -10.0486 1.55094 29.8699 
-4.36594 7.86858 29.5476 -3.63529 8.13262 29.3901 -9.67018 2.9398 30.5213 
-9.20519 3.84615 29.7187 -5.79463 7.11319 28.446 -5.60401 7.23818 29.4838 
-4.86244 7.64997 29.4351 -8.39484 4.92902 29.4526 7.81353 -9.84694 34.5058 
9.04334 -8.18209 35.2307 9.47782 -7.29355 34.32 5.54411 -10.9287 35.102 
9.91635 -5.9266 34.265 4.52656 -10.9347 35.1357 10.488 -3.76056 33.71 
2.93285 -10.6665 35.9779 10.9875 -1.43936 32.9003 2.22627 -10.5213 34.7503 
11.2366 0.620606 33.3863 1.37225 -10.2839 34.2035 -0.706863 -9.60818 35.3214 
10.7319 3.76366 32.0096 -2.0369 -9.09009 33.6495 7.77157 6.72572 30.7777 
6.43601 7.49986 30.8683 -6.85762 -5.61251 32.5692 5.1595 8.04414 32.2999 
-8.42562 -3.88428 33.3508 2.63874 9.10216 30.0003 2.8875 8.99643 30.8378 
1.64041 9.17704 30.7065 1.49214 9.25465 29.6949 0.264193 9.12266 30.3946 
-1.06612 8.87219 30.6706 -10.1814 0.635585 31.376 -3.0585 8.34064 30.4165 
-2.11005 8.61669 30.767 -9.95412 2.13935 32.0868 -4.76443 7.69273 31.1467 
-3.9225 8.04713 30.2998 -9.16302 3.98271 31.0284 -6.40784 6.77463 31.2822 
-8.7264 4.61544 30.5708 -8.04644 5.37579 30.4402 -7.461 5.94182 30.9785 
7.69489 -9.92875 35.7186 8.36253 -9.22317 35.9579 9.57397 -6.78547 36.3483 
5.42433 -10.9296 36.7827 10.1808 -4.72089 36.0181 4.38284 -10.944 36.5762 
10.5314 -3.40242 35.3253 10.8994 -1.64871 35.3309 1.23847 -10.2296 35.829 
11.1264 2.87594 34.0227 10.3145 4.49458 33.5535 -3.21985 -8.452 35.4252 
7.49056 6.83987 32.4948 -6.81382 -5.73689 34.2741 -8.03395 -4.5775 35.2391 
3.6752 8.71478 31.5107 2.85475 8.96071 31.7602 1.96513 9.06766 31.7626 
-9.81027 -1.62577 33.9811 0.676798 9.09714 31.5411 -0.268569 9.01707 31.3395 
-10.1887 -0.112048 32.7487 -1.48355 8.75504 31.7814 -0.803971 8.91835 31.5583 
-10.2095 1.02508 32.9566 -2.64272 8.45335 31.7297 -3.63984 8.14825 31.241 
-9.34979 3.63764 32.2115 -8.40212 4.98347 31.8104 -7.3933 6.03043 32.1369 
7.71842 -9.88122 36.9227 8.3981 -9.16528 37.6077 8.95984 -8.22882 37.2095 
4.66765 -10.9848 37.3023 4.89257 -11.0183 36.7732 3.4654 -10.7604 38.1527 
10.5575 -3.17442 36.2758 2.4263 -10.5264 37.5549 10.7518 -2.3782 36.3615 
1.63523 -10.32 37.0892 11.2562 1.31577 35.8056 -0.0589842 -9.78602 37.9743 
-1.08555 -9.47336 36.8978 11.2966 2.66687 35.1771 11.1466 3.28379 35.2204 
10.4581 4.33345 35.9481 -2.26537 -8.96627 37.3698 8.93843 5.879 34.4036 
-5.50675 -6.92737 36.1009 7.56105 6.84158 34.2371 6.33024 7.48915 34.0412 
-7.03329 -5.63987 35.4673 5.08082 8.07556 33.8767 4.34022 8.35419 33.4528 
2.6964 8.79783 33.4926 -9.10039 -3.20219 35.2334 0.97005 9.0109 32.6208 
0.930889 8.9654 33.5191 -0.420259 8.93143 32.252 -1.83634 8.58195 33.3922 
-0.0863686 8.92255 33.1882 -10.2565 0.335727 34.6641 -10.2311 1.296 34.056 
-3.5124 8.16775 32.3473 -10.0901 1.94042 33.6792 -5.72814 7.27522 33.0174 
-4.29455 7.87676 33.7123 -9.61482 3.28122 34.3479 -8.8415 4.49304 33.38 
-7.92862 5.56432 33.3756 -6.85022 6.53864 33.1179 7.87383 -9.70783 38.628 
6.80209 -10.477 38.0654 8.63789 -8.64555 39.2227 5.76811 -10.8715 38.8533 
4.8319 -10.9599 38.5846 9.39475 -7.02567 38.7943 9.93291 -5.39398 38.1261 
10.3547 -3.84011 37.6095 10.6374 -2.77038 37.1416 2.34994 -10.4888 38.339 
10.8301 -1.95672 36.9886 11.0553 -0.611911 37.7364 1.62833 -10.2959 38.1109 
11.1691 2.96099 36.2076 -3.85172 -8.14356 36.8492 7.69615 6.8116 35.731 
7.02314 7.16392 34.8598 6.50067 7.4466 35.8848 5.20382 8.02162 35.6755 
-7.39365 -5.31963 36.6412 4.09181 8.44051 34.7791 -8.73019 -3.87856 37.08 
-9.77287 -2.25248 36.9804 -0.0996984 8.88315 33.9898 0.925239 8.91913 34.344 
-10.2814 -0.699125 36.8854 -10.1455 1.88982 35.6072 -6.4316 6.90729 34.1633 
-5.65059 7.35145 34.4519 -8.65185 4.86685 34.9925 -7.41769 6.1224 34.565 
7.1729 -10.2539 39.8358 6.30539 -10.6999 39.81 7.91946 -9.60587 39.9662 
5.01509 -10.8869 40.6904 4.17446 -10.8953 39.6426 10.2523 -4.07901 39.1087 
10.657 -2.51031 38.5493 3.1523 -10.6823 40.1227 1.80193 -10.3218 39.2731 
11.2761 1.08986 37.8258 0.401943 -9.90027 40.1998 11.2664 2.20782 37.3838 
-1.02501 -9.44242 40.1862 10.9729 3.38739 38.3099 -1.77994 -9.18781 38.9452 
-2.70939 -8.79763 38.7745 -3.97572 -8.0578 38.5918 8.82039 6.07905 37.4232 
-6.47652 -6.20122 38.7101 -7.87713 -4.89435 37.775 2.27599 8.88655 35.4903 
3.01789 8.7508 35.8642 1.33964 8.90427 35.3898 -0.615027 8.73414 35.3966 
-3.12295 8.18884 35.4931 -10.3763 0.799764 37.327 -5.12722 7.52218 35.6624 
-9.83439 3.20172 36.8246 -9.4079 4.01137 36.1293 -6.65872 6.73062 35.5301 
-7.97189 5.70548 36.0268 7.31742 -10.0531 41.1551 6.35296 -10.6098 41.1404 
8.21489 -9.12092 41.2407 9.17556 -7.26466 41.4583 9.90646 -5.21715 40.2636 
3.48986 -10.7346 41.4761 4.03271 -10.8664 40.5048 10.4572 -3.14366 40.471 
1.6259 -10.2587 41.541 10.9106 -1.22831 40.3871 11.2156 0.422456 39.1692 
11.2799 1.81406 38.972 -2.47494 -8.88709 39.9257 10.0687 4.91643 38.5719 
-3.27973 -8.49852 40.7826 -4.61491 -7.6845 40.4337 -5.75753 -6.90172 41.385 
7.2294 7.11682 37.7222 5.70038 7.82927 37.818 -8.34367 -4.44917 38.913 
4.80206 8.21043 37.1611 4.01429 8.48623 36.7768 3.05366 8.75319 37.3275 
-9.4755 -3.01877 39.0739 1.83879 8.90185 37.1869 0.510916 8.87061 36.5098 
-10.2672 -1.3417 39.7219 -0.654179 8.73671 37.1512 -10.4918 0.0179639 38.7878 
-2.24321 8.40435 36.9661 -4.41348 7.77435 37.763 -10.1057 2.37898 38.9292 
-6.34739 6.8936 37.0336 -9.46385 4.04986 37.3685 -8.89937 4.7823 36.7683 
-7.46456 6.1812 36.8158 -8.28562 5.47826 37.278 6.56362 -10.4439 42.7466 
5.51886 -10.7913 42.4233 7.49596 -9.85831 42.2941 8.0432 -9.35738 42.8907 
8.58298 -8.61169 42.5462 4.05723 -10.7972 43.4503 9.84659 -5.25151 41.9665 
2.72859 -10.5705 42.6415 10.2488 -3.84339 41.617 10.5005 -2.88656 41.5424 
10.6394 -2.3602 41.3096 11.2393 0.825488 40.6174 11.2027 2.50106 40.4398 
-0.206775 -9.69834 41.5664 -1.77955 -9.14769 41.8535 10.5723 4.16396 40.8211 
-3.48989 -8.35385 43.2184 8.97023 5.91848 40.1758 7.96791 6.71789 39.0026 
6.83456 7.24552 40.3834 -7.60552 -5.3075 40.6182 4.40533 8.36445 38.4024 
3.58305 8.64029 38.0477 -8.91992 -3.91085 40.3772 2.80019 8.81683 38.4797 
1.62052 8.94398 38.5779 2.12024 8.92237 38.4058 0.449922 8.87982 37.6305 
0.37641 8.89864 38.6064 1.03121 8.93184 38.2855 -0.421571 8.80445 38.4939 
-1.69055 8.56401 38.3176 -2.86168 8.27299 38.0027 -10.4766 1.00284 39.2003 
-9.63465 3.6909 38.3184 -8.90867 4.77805 38.2979 -7.63396 6.04142 38.2458 
-6.32705 6.94398 38.452 8.04075 -9.33841 44.5686 7.308 -9.98791 43.8904 
8.41883 -8.90104 43.4787 8.81929 -8.03336 44.3472 6.48029 -10.4642 44.4189 
5.53301 -10.7322 44.1299 9.71379 -5.48054 43.8668 10.1312 -4.17226 42.7197 
2.63276 -10.5588 43.8264 10.5786 -2.42535 42.557 1.69409 -10.2971 43.2776 
11.048 -0.309638 42.1026 11.1803 1.59334 42.404 -0.170429 -9.70806 43.6773 
11.125 2.93693 41.6249 -1.78538 -9.14529 43.3319 -5.40929 -7.2541 43.4268 
-6.89656 -6.09716 42.6987 -8.59124 -4.39041 42.1118 5.16925 8.04211 39.6589 
4.00144 8.4734 40.2507 3.59778 8.63878 39.01 3.10237 8.74191 39.8311 
2.23115 8.87977 39.4813 -9.67896 -2.8763 41.0889 0.955313 8.90246 39.7531 
-0.0267345 8.86862 39.2644 -0.929599 8.76303 40.4242 -10.5436 0.364367 40.5204 
-2.92805 8.29519 39.2557 -10.451 1.38876 40.1013 -4.44692 7.88742 40.0935 
-5.70962 7.33399 39.479 -9.32276 4.12687 39.7055 -8.37479 5.38742 39.7821 
-7.10896 6.50711 40.0445 7.00181 -10.1973 45.4669 6.03146 -10.575 45.9244 
7.52043 -9.86221 45.0506 4.53053 -10.7805 45.9544 3.81583 -10.813 45.0925 
10.2021 -3.80997 43.5626 3.02544 -10.6637 45.1511 10.3152 -3.12887 45.068 
1.60125 -10.2728 45.0537 10.8749 -0.346768 44.3343 10.8136 3.47378 42.9576 
-1.79559 -9.14854 44.5387 10.4202 4.47035 42.3774 9.74962 5.21834 41.9657 
8.30332 6.32372 42.5147 -6.03229 -6.85924 44.1119 6.27422 7.47754 42.5132 
7.11222 7.05646 42.1943 5.01636 8.06262 41.443 -7.84844 -5.29551 43.4694 
3.95161 8.46 41.4611 2.84494 8.67679 42.0047 -9.55167 -3.18774 42.6953 
-10.1882 -1.90298 42.1624 -10.5152 -0.668318 41.6642 -10.558 0.270834 42.1183 
-2.91554 8.40598 41.2759 -10.3411 1.64044 41.4484 -9.61558 3.50697 41.4416 
-5.87923 7.31834 41.4087 -8.85663 4.81501 40.9749 -8.10264 5.69551 41.1001 
7.63863 -9.76223 46.1733 8.29152 -9.04194 46.3414 8.77427 -8.14275 46.6942 
9.31901 -6.60888 46.3066 9.82618 -4.97637 45.7801 3.07126 -10.6275 47.1413 
3.6123 -10.7724 45.8437 2.40366 -10.5091 45.9079 1.95432 -10.3719 46.465 
1.07437 -10.0971 46.6701 10.9022 2.18134 44.8146 0.169439 -9.81025 45.9435 
-1.11641 -9.38266 45.8725 -1.90738 -9.1149 45.6706 9.81479 5.02157 43.553 
-2.51171 -8.8683 45.1713 -3.29933 -8.47468 45.3685 -5.13447 -7.39378 46.1441 
8.6732 6.0733 44.2125 7.20177 6.99791 43.1079 -6.88792 -6.17163 44.3772 
-7.81978 -5.36191 44.3466 -8.73047 -4.32194 43.9595 4.16051 8.36325 42.1388 
-9.84186 -2.68976 44.0504 0.666135 8.91138 41.6745 -10.4224 -0.900917 43.4416 
-0.90343 8.86185 42.4733 -0.131096 8.9363 42.1568 -1.73754 8.7087 41.7408 
-10.4598 0.758102 43.3747 -10.0018 2.5658 43.4564 -4.42293 7.99095 41.7996 
-9.49081 3.76892 42.794 -8.68431 4.95921 42.5424 -7.39033 6.32247 41.992 
7.79801 -9.56144 48.1779 6.89796 -10.2126 47.2043 8.45587 -8.72465 47.9614 
5.55768 -10.6327 48.3505 4.3642 -10.7537 47.6673 9.72982 -5.21968 47.0955 
10.0619 -4.03692 46.7716 10.3882 -2.56395 47.3715 10.6639 -1.18621 46.3874 
1.60832 -10.2586 47.7696 0.820707 -10.006 47.6329 0.138744 -9.78235 47.3644 
-0.620653 -9.53634 46.942 -1.28302 -9.30426 47.0187 10.366 4.08136 45.078 
-2.38632 -8.86378 46.6713 9.32439 5.47971 45.3737 7.74912 6.70218 43.923 
6.70922 7.25837 44.0321 -7.62034 -5.50014 45.5804 5.06774 7.99539 43.5408 
-9.17903 -3.86267 45.5876 -9.8582 -2.85938 45.2872 -10.2263 -1.90004 45.5156 
0.594366 8.94061 43.9639 -1.11986 8.85291 43.7323 -10.4523 -0.212585 45.3899 
-2.11063 8.67203 42.7999 -10.3594 1.24643 44.7693 -3.51957 8.33226 43.0778 
-6.65523 6.92217 43.3774 -5.12397 7.77782 43.4701 -9.3288 3.99275 43.7149 
-8.54786 5.11694 44.583 -7.78141 5.99813 43.4833 6.95735 -10.1718 48.9786 
8.37323 -8.60524 49.8779 8.94318 -7.52095 48.4517 9.46602 -5.99927 48.0861 
4.95775 -10.7648 49.2572 4.14158 -10.7374 49.1373 9.98631 -4.11606 48.764 
2.82739 -10.5785 49.0486 1.72022 -10.2943 49.3574 2.27584 -10.4619 48.3641 
0.325838 -9.84893 48.782 10.8134 0.9451 46.9631 -1.15225 -9.33212 48.0923 
10.4637 3.43506 47.2202 9.87487 4.82891 46.5073 -3.19593 -8.52198 49.1357 
7.7171 6.68399 45.401 6.23176 7.50874 45.2479 -7.01154 -6.10242 47.1201 
5.30915 7.93596 45.5527 -8.38676 -4.89112 47.4981 4.06811 8.37873 44.8791 
-9.35934 -3.79604 46.8243 2.59692 8.76074 44.9655 -9.83415 -3.01714 46.4089 
-2.35552 8.66859 44.6689 -0.838002 8.90276 44.8989 0.0860653 8.99419 45.9506 
-10.2375 1.26654 46.9626 -10.0848 2.21094 45.2832 -4.0392 8.24064 44.7895 
-9.4748 3.60453 45.1813 -6.15136 7.3071 45.1947 -5.05465 7.88972 45.0255 
-7.43839 6.36036 44.7996 7.56434 -9.70108 50.3753 6.50613 -10.3836 50.6992 
8.87586 -7.49594 50.0934 4.95352 -10.7253 50.2946 9.35866 -6.13931 49.9104 
4.08264 -10.7488 50.1621 3.04098 -10.5836 51.0804 10.4476 -2.10433 49.1147 
10.6617 -0.771338 48.2399 10.707 1.06837 49.5286 10.7405 2.18022 48.2792 
-1.33523 -9.30046 50.1691 9.79205 4.86697 47.5595 8.66883 5.93917 47.3199 
-4.95754 -7.63075 49.0724 -6.91128 -6.2892 49.1447 6.08515 7.53459 47.3769 
4.73132 8.16927 46.4429 -8.08483 -5.29324 48.6006 3.49206 8.58423 46.541 
-9.58226 -3.53393 48.1253 1.5946 8.9478 46.0139 2.59544 8.81064 46.2719 
-10.1834 -2.28978 47.6746 0.85396 9.01252 45.5947 -10.4134 -1.24584 46.975 
-10.4475 -0.31464 47.458 -1.4287 8.86512 46.2769 -3.27375 8.49395 45.9738 
-2.43566 8.70705 46.1167 -9.77293 2.82684 46.554 -4.84866 7.96909 46.7883 
-9.24859 3.94651 46.6112 -8.67724 4.90713 46.2226 -7.21175 6.61018 46.076 
-6.49993 7.11403 46.8299 -7.98041 5.85955 45.8827 5.86019 -10.6648 51.8117 
4.83106 -10.7583 52.0894 7.36041 -9.82732 52.5226 8.03966 -8.99521 51.6517 
8.83893 -7.28688 51.9174 9.45219 -5.77881 51.2205 9.86172 -4.50885 50.8715 
10.3711 -2.32441 51.1028 10.6205 -0.814415 50.0026 0.412572 -9.92528 50.9792 
-1.45917 -9.36571 52.1943 10.4796 3.09033 49.4371 -2.98028 -8.7597 51.6793 
9.54533 4.9069 49.2042 -4.87049 -7.89168 51.5696 7.45165 6.72236 49.7848 
4.17788 8.35472 47.8531 -8.72165 -4.66227 49.1772 3.23135 8.66651 47.9554 
2.29647 8.85524 47.5482 -9.60119 -3.64577 49.4427 0.766813 9.00107 47.2505 
-10.0365 -2.8293 50.0283 0.895528 9.01852 46.2582 -10.3993 -1.29569 49.1644 
-0.485993 8.98502 47.1838 -10.374 0.268583 49.1659 -2.63131 8.65605 47.5732 
-1.2997 8.91288 47.4843 -9.77657 2.65851 47.9792 -9.28516 3.769 47.7222 
-8.73551 4.75634 47.4025 -7.74009 6.03408 47.4443 8.04063 -8.83703 53.0585 
5.79308 -10.6957 53.6823 3.99236 -10.7735 53.944 6.58198 -10.4452 52.5727 
9.64041 -5.18061 52.3208 10.098 -3.68107 52.1341 2.2 -10.5197 53.4814 
1.11089 -10.2182 52.565 10.5931 -0.0281977 51.7094 -0.246613 -9.82273 52.8022 
10.2876 2.70121 51.7951 10.1359 3.93205 50.4547 -6.69627 -6.82628 51.7742 
5.38571 7.85651 49.8311 -8.25783 -5.29366 51.1182 4.44018 8.24662 49.0346 
-9.39435 -3.93881 50.3254 2.58756 8.80084 50.0893 1.17859 8.9906 48.7684 
-0.647231 8.97026 48.7361 -9.90697 2.15949 49.9468 -4.19219 8.27003 48.6578 
-9.32984 3.58082 49.03 -8.56916 4.9493 48.8555 -6.32255 7.23695 48.4653 
-5.20907 7.90312 48.4945 -7.59075 6.2225 49.3716 6.86483 -10.2595 54.1466 
7.68474 -9.27458 54.5604 8.42601 -7.96582 53.9981 9.38982 -5.66533 54.6616 
9.98896 -4.02528 53.3409 10.3452 -2.34428 53.1065 10.5241 -1.11856 52.7163 
0.351241 -10.0794 54.7201 -1.31182 -9.52416 53.7869 9.4269 4.8287 51.1724 
-2.99321 -8.92227 53.8243 -4.04351 -8.42592 52.8552 -4.56095 -8.21354 52.8725 
8.65156 5.81416 50.5281 7.71018 6.45854 51.9002 7.07787 7.00678 50.9626 
-5.95648 -7.50095 53.0123 -6.71095 -7.05238 53.0376 6.13594 7.49088 51.3593 
-7.41628 -6.3738 52.7044 -8.49403 -5.21782 53.0508 3.99011 8.42344 50.3566 
-9.59175 -3.63992 51.6593 -10.111 -2.77403 51.3339 -10.2666 -2.03752 51.9308 
0.615245 9.05705 50.134 -10.4515 -0.513203 50.7658 -10.3526 0.614147 50.8387 
-2.87389 8.61764 50.3568 -8.89584 4.36033 50.6985 -6.72137 6.99716 50.0831 
-5.26805 7.82906 49.9319 -8.22208 5.49069 50.0363 6.35764 -10.5808 55.358 
5.24843 -10.8205 56.1177 7.07545 -10.0341 55.829 8.37712 -7.93497 55.2517 
3.81345 -10.841 56.2251 10.2063 -2.93717 54.5362 2.47594 -10.6225 55.4551 
10.4276 0.264463 54.4851 -1.87511 -9.43817 55.5611 9.22483 4.8185 52.9337 
-4.77832 -8.16142 53.7429 -6.71387 -7.04099 54.6629 6.28964 7.3971 52.982 
4.53331 8.23143 51.4489 3.45639 8.63404 51.7018 -9.64925 -3.67133 53.3478 
-0.729417 9.03021 50.8162 0.498989 9.10604 52.1313 -10.4245 -0.0397616 52.4687 
-10.2131 1.32132 51.7681 -9.8677 2.39559 51.9264 -9.52955 3.18728 51.379 
-4.86047 8.00294 51.828 -7.70945 6.07347 50.9711 -6.42122 7.18347 51.4407 
6.40722 -10.5456 56.8669 7.20981 -9.79888 57.3246 7.84083 -8.87892 56.2725 
8.72569 -7.12219 56.3573 9.36471 -5.70958 56.3311 9.90539 -4.15971 56.7898 
10.1599 -3.47228 55.6983 2.96323 -10.7346 57.0305 1.38372 -10.3555 57.7655 
10.4406 -1.83932 55.7953 -0.63024 -9.86065 56.8101 9.94468 3.4411 54.1414 
-4.19224 -8.6741 56.5869 9.21143 4.96232 54.3984 7.9697 6.19049 54.2038 
6.95194 6.99096 53.5474 5.03793 8.01867 53.0509 -8.83819 -5.02939 54.8769 
3.96601 8.47484 52.738 3.45585 8.6666 52.9672 -9.82238 -3.54196 54.5622 
2.84519 8.83776 52.8147 1.67726 9.07694 52.9367 -10.1991 -2.57201 53.8648 
-10.4392 -1.23594 53.9313 -1.49341 8.9545 52.5903 -10.4518 0.0787476 54.0984 
-10.1135 1.56883 53.6099 -3.40175 8.54576 52.6193 -9.23734 3.75147 52.9208 
-8.35464 5.26057 52.2108 -7.43755 6.36001 52.5971 -6.25924 7.28636 53.0805 
6.5398 -10.4798 58.3346 5.67215 -10.8048 57.9782 7.22824 -9.78142 58.5309 
8.11627 -8.25025 57.9915 4.05878 -10.8269 58.8061 9.21834 -5.86996 57.6798 
10.3732 -2.41014 56.7696 10.4463 -0.314815 57.4018 -0.702626 -9.84912 58.5571 
-2.21522 -9.43057 57.6896 10.0317 3.17358 55.8485 9.58803 4.44733 55.2895 
8.79068 5.51135 55.6287 6.02328 7.50755 55.4023 3.92284 8.51483 54.6407 
-7.84179 -6.43769 57.0423 -9.17688 -4.91318 56.3556 -9.67869 -3.93849 55.4764 
2.31402 9.02431 54.5631 -10.2158 -2.45507 55.3693 -0.0940988 9.134 54.5333 
0.799169 9.17958 53.5358 -10.4041 -0.406225 55.6019 -1.60034 8.96619 54.0943 
-10.3714 0.624411 54.7589 -2.67546 8.76213 53.7211 -4.94469 8.00014 53.5478 
-3.87628 8.44107 53.8968 -9.52126 3.1761 55.1124 -8.88741 4.44697 54.5968 
-8.27768 5.35919 53.7004 -7.33795 6.42223 54.0371 6.71333 -10.3558 59.5804 
5.76805 -10.7984 59.4738 7.48433 -9.38502 59.5666 8.30319 -7.78909 60.0793 
8.78842 -6.79974 58.7241 9.84768 -3.94845 58.5049 10.2688 -2.19202 58.289 
10.2706 2.04248 57.1475 -1.84779 -9.5692 58.9712 -2.65577 -9.36045 58.8793 
9.90465 3.70021 57.4424 -3.5973 -9.0856 58.6059 9.44146 4.64687 56.6332 
-4.4248 -8.83222 58.3585 -4.88808 -8.6265 58.1814 -5.90458 -7.95826 57.6763 
7.71399 6.43287 56.0836 8.55164 5.71465 57.6285 -8.91167 -5.50944 57.5023 
-9.54435 -4.59175 57.29 -9.90709 -3.60548 56.6186 2.11411 9.12608 55.6259 
2.55475 9.05219 55.5474 3.04324 8.8969 55.5791 -10.3241 -1.88168 57.7118 
1.30344 9.177 55.2791 1.17934 9.16622 54.2207 -1.53566 8.96726 55.2846 
-10.1365 1.38639 55.6642 -3.57136 8.5329 54.919 -2.42547 8.81487 54.748 
-4.90546 8.05474 54.9695 -8.97505 4.30493 55.4492 -8.13893 5.4587 55.7689 
-6.36994 7.1796 54.9819 6.16678 -10.7131 60.6469 5.11678 -10.9052 60.9689 
6.86903 -10.1885 60.8183 7.52908 -9.29462 60.9407 4.22045 -10.9056 60.7567 
9.28503 -5.3625 59.7631 3.64788 -10.8079 60.6617 9.95628 -2.64122 60.5775 
2.35933 -10.4998 60.5468 0.288536 -10.0293 60.3596 10.2667 -0.0989443 60.0523 
10.2181 1.88886 59.1955 -1.17375 -9.72645 60.0205 10.0589 3.14783 58.4244 
-2.59081 -9.40879 60.0428 9.8384 3.90225 58.4877 -3.63544 -9.13252 59.6333 
-3.11602 -9.25635 59.2822 9.44498 4.59862 58.3242 -4.84819 -8.68234 59.3621 
-6.77081 -7.58582 59.6639 7.2709 6.7593 57.9305 -8.39316 -6.22838 58.9148 
4.8414 8.1676 55.9866 4.37592 8.41205 56.5045 5.0336 8.09958 56.9848 
-9.39143 -5.02461 58.5136 3.66921 8.70552 56.5237 2.70445 8.99768 56.6953 
-9.98061 -3.77614 58.0755 1.67416 9.17437 56.3258 0.684143 9.19813 56.4216 
-0.741731 9.08537 57.1368 -10.2166 0.730526 57.625 -2.83158 8.71065 56.345 
-9.71021 2.68034 57.0885 -9.1142 4.01911 56.2729 -4.65578 8.19865 56.3892 
-6.90652 6.82858 57.1235 -5.79442 7.64996 56.2022 6.06229 -10.6805 62.0105 
6.98081 -9.9564 62.2914 7.82919 -8.6629 62.5427 5.17994 -10.8983 62.1825 
3.89658 -10.7682 62.1882 8.80958 -6.47332 62.1459 9.48152 -4.42494 61.7381 
2.20513 -10.3937 62.077 1.19865 -10.1719 61.5569 0.492159 -10.0008 61.6615 
-0.218407 -9.86834 61.6641 -1.45697 -9.6508 61.4751 -0.674287 -9.81172 60.8974 
9.77081 3.71938 59.8309 -2.86539 -9.38676 61.6514 -3.95346 -9.07668 60.7309 
8.91188 5.26261 60.0871 -5.38357 -8.52151 61.2489 8.12428 6.13659 59.0975 
-6.8592 -7.71911 62.6369 -8.01284 -6.77287 60.8062 5.55684 7.79694 58.7574 
-9.20418 -5.49871 60.4817 4.2839 8.45377 57.6471 3.5288 8.76769 57.5087 
-9.87982 -4.3364 59.4467 3.35397 8.75114 58.7555 -10.2797 -3.19493 59.4188 
1.59325 9.15285 57.6821 -10.4618 -1.92249 60.04 0.490106 9.21217 57.4898 
-10.386 -0.358019 59.3232 -2.53307 8.80378 58.9944 -4.15198 8.39209 57.7293 
-9.97095 2.01624 58.2561 -9.67684 2.852 58.5115 -8.97735 4.23422 57.7898 
-5.78196 7.70842 57.4089 -5.0666 8.0942 57.4992 -8.02117 5.66443 57.7981 
6.29571 -10.4697 63.5753 5.30321 -10.7963 63.2672 7.00347 -9.83813 64.1401 
7.6407 -9.01614 64.536 8.30165 -7.7326 64.4386 4.21412 -10.7136 64.4089 
3.45763 -10.6413 63.4592 2.68233 -10.4744 62.9865 0.899759 -10.0727 62.8452 
10.0384 -0.270668 62.8083 -0.678158 -9.77473 62.5098 9.98646 2.35297 62.0826 
-1.34556 -9.66692 62.5846 -1.96731 -9.57279 62.4827 -2.80742 -9.42719 62.9486 
-4.2416 -9.02584 62.4495 -5.48444 -8.53772 62.6723 7.59695 6.60638 60.8164 
-10.0647 -4.04905 61.0976 -10.3958 -3.00973 60.53 0.583841 9.21525 58.6325 
1.83593 9.12731 59.3085 -0.500969 9.1481 59.6438 -10.0668 1.57099 59.5488 
-5.35132 7.91804 58.6897 -4.1477 8.40184 59.1531 -9.40746 3.42308 59.5989 
-8.49499 5.00753 59.2381 -6.45235 7.25171 58.4794 -7.42107 6.3495 58.9004 
6.3986 -10.368 64.6362 5.64256 -10.6321 65.0864 8.89867 -6.14768 64.1169 
9.27291 -4.95517 63.2556 2.62147 -10.4141 64.2812 9.69717 -2.92078 63.5868 
0.946608 -10.04 64.7708 -1.29579 -9.68396 63.9176 -2.73525 -9.45737 63.7993 
9.52263 4.21706 61.8442 -3.6747 -9.22137 63.6646 -5.35963 -8.58994 64.4592 
8.91222 5.3619 62.775 6.15201 7.56252 61.0765 -8.57834 -6.38144 62.5823 
4.56181 8.33351 61.1283 -9.5367 -5.20928 62.3987 2.73371 8.96899 60.9347 
-10.4112 -2.58495 61.7891 1.06807 9.21962 60.4954 -10.3967 -0.167871 61.7875 
-9.79439 2.49919 61.5518 -4.96299 8.07929 60.8435 -3.6499 8.56313 60.2067 
-8.9325 4.29375 60.8044 -7.87145 5.79258 60.4309 -6.5423 7.10556 60.1718 
6.47415 -10.258 65.7092 7.16126 -9.6539 65.8223 7.78065 -8.82012 65.9562 
8.74557 -6.46494 65.9171 4.52353 -10.6647 66.8015 3.3428 -10.5381 65.8621 
9.25894 -4.72765 65.0704 2.1368 -10.2584 65.7796 1.05273 -10.0226 66.2 
9.80418 -0.686794 66.3826 -0.175779 -9.83791 65.8713 9.96168 1.56955 64.2936 
-2.15876 -9.56384 66.9234 -3.23811 -9.31529 64.8396 9.63188 3.85982 63.7711 
8.11981 6.36506 62.9014 7.60514 6.79059 62.4815 -6.83239 -7.83143 64.4872 
6.97179 7.16116 62.18 -8.06098 -6.93412 65.2313 5.82139 7.79854 62.6305 
-9.24908 -5.66583 63.9457 -10.0639 -3.96559 63.8503 3.62349 8.78118 62.7356 
-10.463 -1.81621 63.6101 0.968176 9.26554 61.8088 1.89485 9.18115 61.8794 
-1.375 9.04676 61.3137 0.0497474 9.2318 61.3844 -2.82275 8.77695 61.1541 
-3.84552 8.52119 61.4319 -9.11958 3.98818 62.1374 -8.28271 5.26725 61.8061 
-7.28481 6.4727 61.6641 -6.35925 7.27091 62.3647 6.66876 -10.1107 67.2242 
5.82192 -10.5286 67.1852 7.31692 -9.48793 67.2663 7.89641 -8.61538 67.4927 
8.2565 -7.88371 66.2863 3.36845 -10.5216 67.1745 2.65041 -10.3667 66.7409 
9.5439 -3.17575 65.7166 1.74588 -10.1564 66.8984 0.299072 -9.90447 67.8936 
9.891 2.82288 64.1168 -4.39049 -9.0416 66.5063 9.23731 4.73978 65.1061 
8.55206 5.90931 64.2086 7.25547 6.97875 64.1298 -6.77621 -7.9153 65.4543 
5.18086 8.17256 64.5034 -9.43211 -5.37753 65.4302 4.56785 8.42393 63.0344 
4.09544 8.64028 63.2651 2.77042 9.04119 62.3222 2.34823 9.12208 63.0346 
2.99678 9.00154 63.0608 1.26963 9.21817 62.8707 -10.4271 -2.17744 65.6633 
0.401891 9.24637 62.5225 -10.4206 0.244846 65.0133 -0.422997 9.17869 62.4753 
-1.32855 9.03547 62.9176 -3.35904 8.64965 62.589 -2.28437 8.88344 62.4576 
-10.1648 1.66863 63.5494 -9.48258 3.34531 63.2939 -4.44491 8.34202 62.5363 
-8.51545 4.92054 63.0853 -5.35678 7.94137 62.8231 -7.69532 6.03321 62.6403 
-7.12359 6.67477 62.6445 6.31107 -10.3296 68.7402 5.08681 -10.5761 69.3802 
6.93116 -9.91843 68.3303 7.44967 -9.3312 68.6574 8.0125 -8.33261 69.1479 
8.46541 -7.20389 67.7276 3.59068 -10.506 68.4968 9.19443 -4.48326 67.9076 
2.34151 -10.283 67.8322 -1.2104 -9.69851 68.1574 9.74672 2.75216 65.8427 
-4.10537 -9.27395 67.8839 -5.07662 -8.93436 67.6726 -6.5943 -8.15072 67.4026 
8.51891 5.77585 65.9719 -8.19767 -7.02857 67.5258 6.13962 7.75939 66.081 
7.50085 6.81562 66.6461 -9.15598 -5.87086 67.1388 4.03704 8.65798 63.867 
-10.0381 -4.05996 66.6809 2.93639 8.97803 64.038 1.70959 9.15096 63.9982 
-0.116355 9.13406 64.0644 -2.57435 8.78758 64.0078 -10.2099 1.77414 64.8486 
-9.74067 2.95298 64.7151 -4.92082 8.14522 63.8213 -4.02158 8.46285 63.692 
-8.80124 4.55578 64.4641 -7.46663 6.24351 63.9169 -6.07197 7.44186 64.6689 
6.31563 -10.3161 70.4612 6.9543 -9.89987 69.5877 7.54339 -9.21184 70.1597 
8.58305 -6.72186 69.6133 3.63657 -10.4444 70.0469 2.04104 -10.1688 69.5939 
9.67705 -2.08369 69.096 9.88186 -0.348201 69.4044 -0.844333 -9.7308 68.9637 
9.79715 1.79228 69.1959 -1.97822 -9.61592 69.111 -3.40201 -9.46309 68.7396 
9.33051 4.13311 67.6326 -4.32641 -9.3084 68.8488 -5.31907 -8.95759 68.9407 
-7.893 -7.45992 68.5758 -8.8008 -6.56506 68.9892 3.65152 8.7917 65.3568 
4.67598 8.52743 66.6386 1.65547 9.15398 65.9095 -10.4343 -2.45001 67.3139 
0.241837 9.19507 65.5396 -10.4785 -0.79577 67.5421 -1.67158 8.97512 65.0887 
-0.727521 9.12055 65.4398 -9.93337 2.49087 66.1431 -4.45188 8.27984 65.3476 
-2.92152 8.76445 65.8397 -9.11996 4.19366 65.8662 -8.17578 5.54361 65.5862 
-7.28253 6.51232 65.5543 7.09021 -9.7859 71.0744 7.55339 -9.23568 71.2817 
8.01763 -8.24175 71.3213 5.6108 -10.4985 71.4567 4.2279 -10.4467 71.6187 
8.94481 -5.48586 69.8487 9.18741 -4.47106 70.0908 2.72164 -10.2178 71.0505 
9.43021 -3.44847 69.5945 1.56405 -10.0132 70.8393 -0.273675 -9.7745 70.8949 
-2.21922 -9.5954 70.4849 -3.11371 -9.51248 70.0377 -4.31321 -9.33303 70.0756 
-5.63734 -8.98319 70.6394 8.4134 5.78997 68.2175 -7.06572 -8.19284 70.1524 
7.57059 6.79728 68.0021 -8.01781 -7.49506 69.5531 -7.45234 -7.87902 69.0135 
6.48748 7.62534 67.9642 5.58623 8.1585 67.1657 -9.72675 -4.95669 68.6749 
3.23742 9.0059 67.111 -10.2795 -3.22863 68.4956 -10.4812 -2.03253 68.2818 
0.585963 9.22685 66.1193 0.605873 9.23542 66.7202 -0.258985 9.18812 66.4124 
-1.58209 9.03076 66.5119 -10.2833 1.22051 67.236 -9.89361 2.70687 68.2 
-3.88731 8.56293 67.0956 -2.6611 8.88298 67.615 -9.16548 4.20196 67.4796 
-5.79736 7.60702 66.7305 -4.88059 8.15357 67.1669 -8.49862 5.2038 66.7145 
-7.80235 6.03196 66.5584 -6.95164 6.78074 66.6184 6.48842 -10.1866 72.2644 
7.3481 -9.46187 72.6109 8.79033 -5.84581 71.5665 9.48222 -2.91896 71.4103 
2.77971 -10.174 72.3739 1.65481 -9.98813 71.7971 9.80851 -1.24141 70.4681 
9.81827 -0.14398 72.421 -3.07671 -9.49892 72.0421 9.58391 3.34818 69.3946 
9.1885 4.39813 69.6564 -4.85885 -9.25111 71.6302 8.46833 5.61284 70.4499 
-6.47158 -8.7156 72.5123 7.45107 6.84046 69.5212 -8.50952 -7.07954 70.5915 
-9.44302 -5.70203 70.4761 5.09624 8.46171 68.4179 3.9144 8.92845 68.2928 
-10.0884 -3.98899 70.1847 3.15036 9.12559 68.2418 2.23545 9.23063 68.3786 
-10.4178 -1.85262 69.9975 0.920478 9.24526 67.7194 0.054951 9.22185 67.3806 
-10.2901 1.04195 69.7635 -0.726836 9.15522 67.4272 -1.32415 9.10542 68.3814 
-9.38885 3.99883 69.2836 -8.84072 4.8096 68.5481 -8.00109 5.75425 67.8754 
-6.72044 6.92497 67.8699 -5.68678 7.66249 68.5754 -4.51273 8.33943 68.3239 
5.40615 -10.4106 73.3448 6.55704 -10.1039 74.3722 7.41941 -9.36598 74.6402 
7.83344 -8.70736 73.2196 8.26602 -7.57344 72.9599 3.64026 -10.2647 73.6329 
8.6928 -6.17032 74.1118 9.11318 -4.53758 72.966 1.38077 -9.86106 73.9059 
-1.30328 -9.53915 74.5207 9.83379 1.72661 71.5136 9.59466 3.09545 71.0699 
9.10803 4.46235 71.2454 -4.66123 -9.31062 73.1016 -8.21448 -7.54299 72.1541 
5.7982 8.14821 70.641 -9.11721 -6.42624 71.8194 4.23344 8.93339 70.3623 
-9.94595 -4.77529 72.4453 3.13226 9.18013 69.3406 -10.2844 -3.29634 71.2335 
2.00618 9.32604 69.8386 2.53201 9.29412 69.6912 0.99932 9.29446 69.2916 
-0.101926 9.21697 68.4618 -0.449657 9.22089 69.3608 0.149297 9.26521 69.4374 
-3.51441 8.70221 68.9293 -2.13733 9.02347 69.5774 -9.91689 2.82535 69.8632 
-8.5141 5.27452 69.6488 -7.17896 6.54441 69.2565 5.75699 -10.3848 74.7926 
4.71642 -10.3541 75.2187 8.0183 -8.20469 74.5867 2.94672 -10.0505 75.647 
9.10651 -4.60841 73.957 9.41141 -3.29049 73.7461 9.65383 -1.93251 73.0239 
9.73115 2.13626 73.1945 -2.97089 -9.47357 74.1743 9.24372 3.97747 73.0891 
-3.71245 -9.45163 73.6141 8.63587 5.26867 72.0744 -5.65013 -9.12216 73.8947 
-6.46822 -8.89986 73.8292 7.53255 6.7194 72.3454 -7.28121 -8.4637 74.0527 
-8.2488 -7.62886 73.5562 -8.59585 -7.36283 72.9944 -9.12685 -6.5601 73.198 
4.89943 8.74724 70.9552 4.77889 8.84047 72.0731 2.65821 9.3351 71.2758 
-10.4107 -2.66895 72.5579 1.47467 9.36722 70.5901 0.247348 9.32377 70.5247 
-10.5058 -0.371509 72.5432 -0.967388 9.19764 69.8954 -10.3491 1.22734 71.8167 
-10.0515 2.48491 71.6052 -4.6774 8.23688 70.1544 -3.1059 8.82345 71.2741 
-9.68076 3.56903 70.7197 -9.18198 4.51167 70.74 -6.27871 7.29067 70.4511 
-8.66735 5.24133 70.7948 -7.82499 6.08232 70.8903 6.87818 -9.88895 76.5102 
5.81319 -10.3174 76.2584 7.64372 -8.9534 76.5543 8.33589 -7.4214 76.2694 
4.91427 -10.3637 76.5148 8.83118 -5.87711 75.7821 9.13976 -4.5962 74.966 
3.9912 -10.2189 76.8214 9.44058 -3.28661 75.2916 1.27188 -9.63069 76.6857 
9.65625 -1.89933 74.5175 0.190173 -9.52215 76.0554 -2.76748 -9.44 75.453 
-4.3212 -9.33444 75.0965 8.53382 5.42744 73.5731 -6.43743 -8.83848 75.251 
-7.50763 -8.36342 74.9143 -8.23188 -7.75643 74.8853 -9.29839 -6.33314 75.2959 
5.97152 8.20134 74.0942 -9.86644 -5.30925 73.9296 -10.134 -4.72556 73.7593 
3.78759 9.20579 72.2937 -10.2284 -4.1385 74.7893 1.27867 9.43902 71.9369 
-10.5857 -1.96137 74.5757 0.321896 9.41006 71.8694 -0.973719 9.25508 71.6463 
-10.3648 1.33295 73.5378 -4.44621 8.40136 71.8652 -9.49911 3.93629 71.9864 
-8.78588 5.10727 71.6978 -6.96608 6.87904 72.0226 -5.57075 7.81792 71.791 
-8.10573 5.89529 72.2493 6.24948 -10.1746 78.374 4.88077 -10.292 78.0739 
7.17852 -9.55746 78.678 8.04866 -8.18662 78.8085 8.49305 -7.1443 77.7307 
8.75086 -6.29469 76.9638 9.20879 -4.42515 76.906 3.80458 -10.1512 77.8994 
2.66027 -9.87853 78.1166 9.55412 -2.57707 76.171 9.69921 -0.773786 76.2482 
0.622693 -9.42826 77.4908 0.0530811 -9.38344 77.4521 0.568222 -9.46215 76.9021 
-1.03822 -9.38846 76.9944 9.76044 1.24262 75.2285 -2.20851 -9.41686 76.595 
9.51347 2.96949 75.3805 -3.45721 -9.40219 76.6791 8.96804 4.60714 75.0386 
-4.35191 -9.35321 76.6976 -5.34064 -9.17061 76.9365 8.50469 5.55071 74.8494 
7.98077 6.31953 74.4846 -7.76582 -8.13713 75.9549 7.22707 7.21956 74.4917 
-8.64271 -7.35315 76.1 4.23036 9.13245 74.2571 3.19182 9.39218 73.3773 
2.09421 9.50556 73.8182 0.438179 9.46837 73.2281 -10.6751 -0.366937 75.8684 
-2.03956 9.13144 73.6282 -0.709877 9.3651 73.1752 -9.87633 3.00834 73.5647 
-5.07558 8.13642 72.8697 -3.97015 8.60797 73.2715 -8.96586 4.77427 73.2575 
-7.78406 6.18898 73.4625 -6.27764 7.3993 73.5019 8.48474 -7.20044 78.5768 
8.82553 -6.07638 78.6443 4.44995 -10.1971 80.1888 3.7884 -10.1167 78.8051 
9.51977 -2.6424 77.6524 0.515719 -9.39726 78.9017 -0.695957 -9.32136 78.2676 
9.53664 1.96145 78.4485 -1.49609 -9.32475 78.2459 -2.18072 -9.35211 78.587 
-1.98422 -9.3671 77.7113 -2.99514 -9.40245 78.0445 9.15581 3.97585 76.8137 
-4.36365 -9.37651 77.9529 8.27959 5.81608 76.5132 -6.9894 -8.59504 77.9398 
7.64355 6.79337 75.4268 -8.24515 -7.7242 77.1521 7.02582 7.4352 76.1508 
-9.03095 -6.83376 77.4866 -10.0117 -5.01535 78.4337 3.17543 9.45572 74.8036 
0.897627 9.5442 75.6315 -0.42623 9.42327 74.1961 -10.3575 1.76469 75.832 
-9.61209 3.64072 75.0178 -5.1387 8.1153 73.9805 -8.68074 5.17949 74.7775 
-7.56008 6.36311 75.2285 -5.81132 7.70256 75.4085 6.56294 -10.0121 80.4393 
5.64603 -10.2747 79.8288 7.47138 -9.18396 80.9629 8.04328 -8.29347 80.798 
8.34005 -7.58797 80.3988 8.51342 -7.10972 79.5275 3.24148 -9.95326 79.7763 
9.35226 -3.73589 79.8459 9.60819 -1.39526 78.9152 -1.50823 -9.30948 79.5089 
-2.78414 -9.39282 79.2753 -3.93011 -9.43407 79.2988 8.91757 4.52668 78.3243 
-4.81152 -9.40695 79.1206 -5.26134 -9.39048 80.4278 -6.21095 -9.10362 79.4722 
-5.52568 -9.22634 78.6598 -8.29428 -7.67938 78.404 -7.84344 -8.1919 79.8596 
6.14241 8.24102 76.1832 5.19267 8.75663 76.528 3.69675 9.345 76.2452 
2.56147 9.53925 75.7866 -10.6193 -2.60962 77.0403 -0.952809 9.36629 75.243 
-2.63419 9.04717 75.9098 -3.33695 8.84702 74.416 -4.31296 8.49232 74.9109 
-10.044 2.86397 76.6082 -9.27573 4.31937 76.0727 -8.57914 5.34483 75.7713 
5.59679 -10.2429 81.6284 8.31328 -7.66446 81.2715 8.78349 -6.18248 81.4407 
4.2901 -10.1784 81.9135 3.41197 -9.97141 81.0352 2.03764 -9.61722 80.5697 
9.59596 -2.15412 80.3164 9.6703 -1.32672 80.118 0.728874 -9.29781 80.7657 
9.69784 -0.201112 79.9377 -0.46464 -9.2416 80.8089 -1.70313 -9.28013 80.816 
-3.15373 -9.41182 80.7465 -6.35292 -9.1659 80.4456 8.27508 5.85262 78.8422 
-6.91619 -8.97266 80.7886 -7.29766 -8.72096 80.5109 -6.91752 -8.85246 79.852 
7.42913 6.98315 78.1626 6.39422 8.00357 77.6293 -8.993 -6.93068 79.4215 
4.29895 9.1236 77.7252 2.66898 9.51513 77.9555 -10.6838 -3.02574 79.2821 
-10.8834 -1.35538 78.7834 -0.591187 9.4757 76.7965 -10.7958 0.571625 78.473 
-10.4886 1.84486 77.6197 -10.1865 2.72129 77.8608 -4.44912 8.45356 76.5816 
-9.65742 3.70523 77.2373 -8.58759 5.28099 77.0707 -6.98079 6.89117 76.8474 
-5.68226 7.83879 77.0756 5.93765 -10.2344 82.8222 4.86989 -10.2722 83.3704 
6.69729 -9.90535 82.406 7.47571 -9.18989 82.7271 8.07281 -8.15373 82.1311 
4.07063 -10.1785 82.7072 3.01214 -9.85627 82.5652 9.3535 -4.00048 81.8589 
9.50385 -3.26563 81.5736 9.58038 -2.60478 81.3086 0.798682 -9.30854 82.4913 
9.74333 -0.841118 81.767 9.73995 1.15548 80.934 -1.71068 -9.30302 82.0539 
-3.33451 -9.46801 82.0807 8.81306 4.90828 80.4055 9.55201 3.29873 81.829 
-4.75494 -9.52831 82.2611 -5.79705 -9.46024 81.9166 -6.54586 -9.19951 81.5886 
-7.58969 -8.5969 81.3892 7.49736 6.86374 79.9792 -8.67777 -7.54354 81.1694 
6.79057 7.61754 78.8855 5.67639 8.4071 79.1066 -9.67577 -6.10249 80.8053 
-10.1546 -5.12121 80.382 -10.5245 -4.0474 80.7778 4.2299 9.13129 78.605 
0.844802 9.62781 77.5148 1.10894 9.69747 78.5636 -10.937 -2.17396 80.8236 
-11.0702 -0.506202 80.5826 -0.102162 9.63314 78.3158 -1.64642 9.38946 77.9948 
-10.4602 2.2178 79.2496 -3.23985 8.98843 77.9335 -9.6377 3.89345 78.5525 
-4.76202 8.44119 78.6471 -8.77315 5.29282 78.645 -7.75142 6.38284 78.3364 
-6.39929 7.47943 78.3303 7.04794 -9.56139 83.9814 6.13536 -10.1302 83.8322 
7.82918 -8.53129 83.8675 8.44325 -7.22793 83.3634 9.01745 -5.5393 84.1665 
3.55578 -10.0251 84.1793 3.9202 -10.1478 83.168 9.32563 -4.26921 83.1524 
2.59806 -9.67043 83.8146 9.64243 -2.50911 83.2359 2.07409 -9.51173 83.2054 
1.55212 -9.35585 83.9206 0.874685 -9.21094 83.5796 -0.0367677 -9.22184 84.4152 
9.8151 1.65784 83.1667 -1.69032 -9.27606 83.3673 -0.624851 -9.20731 83.0145 
-3.45724 -9.47237 83.2418 -6.37683 -9.37597 83.1199 -7.37564 -8.91082 82.6473 
-8.38295 -8.14332 82.8125 -9.3466 -6.8811 82.4652 -10.0277 -5.64579 82.2214 
-10.191 -5.16248 81.2678 4.21269 9.16947 79.6201 -10.4308 -4.59765 82.0104 
2.898 9.59136 80.1096 1.55627 9.72178 79.4855 0.436958 9.73051 79.2857 
-0.765265 9.63574 79.5162 -2.31866 9.38745 79.6706 -10.9631 1.04181 80.9965 
-10.492 2.62132 80.9823 -3.4966 9.02897 79.3255 -9.88724 3.7594 80.1816 
-9.22054 4.84464 79.6079 -8.38123 5.98422 79.7578 -7.25081 7.08224 79.7497 
-6.02461 7.95375 79.9781 6.39091 -9.90966 85.4979 5.34552 -10.2527 85.2338 
7.36391 -9.01284 85.9034 8.33567 -7.37821 85.3699 4.35782 -10.2392 85.118 
9.36352 -4.29389 84.055 9.38 -4.27976 84.7761 9.52757 -3.4928 84.3433 
2.39864 -9.61957 85.0982 1.41288 -9.33569 84.8508 9.80988 -1.08672 83.4979 
9.89157 0.21126 84.5127 -2.55169 -9.36683 84.4677 -4.19298 -9.54843 84.5555 
-5.24989 -9.58181 83.9704 8.99193 5.17308 82.6716 -6.49917 -9.45633 84.8994 
8.1326 6.32896 81.7696 -7.67698 -8.87416 84.0625 6.82688 7.67009 81.5076 
-8.49161 -8.261 83.9434 -9.0874 -7.49403 83.9701 5.3994 8.70063 80.9269 
-9.97102 -5.94339 83.9207 4.22298 9.30994 81.3386 -10.415 -4.7734 82.9922 
-10.8763 -3.1406 82.7996 2.4611 9.7503 81.1849 3.23277 9.62792 81.1654 
1.70819 9.77385 80.5861 -11.186 -1.09571 82.1677 0.457707 9.7766 80.3871 
-1.12994 9.73665 81.5016 -11.208 -0.0304536 81.7406 -2.49687 9.49725 81.1592 
-3.26625 9.25279 80.7478 -4.07507 8.8988 80.1315 -9.95295 3.91748 81.7895 
-9.11977 5.17999 80.9699 -4.96458 8.5803 80.657 -7.99164 6.65409 81.4464 
-6.8878 7.59323 81.0966 6.56078 -9.70042 87.5521 5.58306 -10.1092 87.1713 
7.235 -9.12695 88.1034 7.97524 -8.07527 87.8939 4.45159 -10.1743 86.7622 
8.92552 -5.91444 85.9443 9.25297 -4.83253 85.6509 3.41949 -9.98091 86.0324 
9.51227 -3.63744 85.7471 2.41692 -9.64349 86.6376 9.67845 -2.65393 85.0837 
9.76412 -2.04058 85.0331 1.3241 -9.36037 85.9789 9.83723 -1.25753 84.8564 
-0.217791 -9.21179 87.1406 -1.89701 -9.28592 85.9184 9.81701 2.57092 86.6723 
9.68992 3.43315 83.8883 -3.72326 -9.48863 85.6402 -5.24186 -9.61371 85.4087 
9.49276 4.31263 83.2778 7.93337 6.76653 83.61 -7.45981 -9.1366 85.8003 
-8.47835 -8.31538 85.065 5.80475 8.67498 83.2631 -9.48355 -7.06777 85.9328 
4.49478 9.34393 82.5293 -10.6379 -4.358 84.2213 3.18773 9.72481 82.5034 
-11.1639 -2.93322 85.5546 1.18051 9.89223 81.9628 -11.2993 -1.37237 83.7698 
-11.2909 0.294301 82.9999 -3.13117 9.49776 82.921 -10.7772 2.36634 82.7329 
-4.22789 9.00041 81.6177 -10.0806 3.87721 82.8507 -9.13567 5.38159 83.089 
-5.94589 8.26116 81.8696 -5.03733 8.70812 81.9049 8.64284 -6.68824 87.1551 
4.666 -10.0452 88.804 3.20177 -9.82922 88.0511 9.26278 -4.79366 87.5761 
1.58994 -9.41797 87.7439 9.77077 -2.12407 86.6674 9.9565 -0.257764 86.2047 
9.96185 0.779287 86.0219 -1.72142 -9.25778 87.1885 -3.26158 -9.46052 87.2437 
9.20266 4.91502 84.6648 -4.43583 -9.62086 87.2073 -5.18358 -9.68427 87.3619 
-4.73363 -9.61077 86.5293 -6.19603 -9.60229 86.7106 -8.29488 -8.59662 86.8812 
7.21092 7.78268 85.2708 -10.5256 -5.07073 86.0282 4.54688 9.42911 83.312 
1.94902 9.98373 83.0418 1.11611 10.0834 83.5033 -11.5344 -0.416846 85.3363 
-0.0443482 10.0221 83.1184 -1.32962 9.93505 83.505 -11.3448 1.22607 84.2398 
-11.0526 2.31392 84.3241 -5.1412 8.83387 83.3497 -10.3592 3.57626 83.8026 
-7.16097 7.57682 82.5382 -6.45013 8.14446 83.4092 -7.98178 6.86125 82.8777 
6.78368 -9.49879 89.7371 5.8429 -9.9223 89.3551 7.50748 -8.81968 89.8816 
8.12676 -7.96761 90.2537 8.71486 -6.68516 89.2902 2.03064 -9.43445 89.9403 
0.709525 -9.22228 88.6736 10.0533 0.229105 88.2519 9.999 0.780926 86.8098 
-0.257313 -9.15282 88.916 -1.68892 -9.29647 88.9432 -3.4438 -9.57862 89.2386 
-4.51421 -9.66364 88.1995 -5.93694 -9.69336 88.6029 9.14236 5.17144 86.6203 
-6.85677 -9.55449 87.9813 8.42005 6.43026 85.846 -7.63543 -9.20312 88.0333 
-7.26948 -9.34822 87.0963 -8.58817 -8.51851 88.7485 -9.18802 -7.74914 87.5796 
6.29712 8.60487 85.0088 -9.86224 -6.7652 87.4594 -10.1689 -6.08352 86.849 
4.96915 9.33776 84.0587 5.24689 9.21777 85.2764 3.98816 9.6932 84.2534 
-10.7599 -4.81888 86.9841 -10.9324 -4.26221 86.8666 2.33117 10.0118 84.1146 
0.358726 10.2053 85.1662 -2.21519 9.93195 84.9364 -11.437 1.53624 86.0284 
-10.8116 3.01172 85.0193 -10.0328 4.38994 84.8649 -9.09231 5.78504 84.8778 
-7.74664 7.19181 84.2254 -6.30475 8.38966 84.7618 4.90764 -9.90553 91.1227 
3.70058 -9.81818 89.9676 9.3494 -5.08129 89.9945 9.85407 -2.77019 89.8128 
0.524462 -9.17595 89.8828 -0.460284 -9.16667 90.3852 10.0958 1.73139 88.3671 
-4.8779 -9.77841 90.1385 9.06562 5.4183 88.6413 -7.43409 -9.34873 89.4593 
8.65718 6.17911 87.2195 7.61061 7.39788 87.7035 6.43937 8.50986 86.239 
-9.69652 -7.28212 88.9507 -10.6083 -5.35024 87.9717 3.31077 9.92214 85.9936 
-11.2206 -3.5932 87.6398 -11.6324 -1.91524 87.7566 -11.7692 -0.165695 87.2086 
-1.66439 10.2519 86.567 -4.87595 9.45369 86.6899 -10.8149 3.41766 86.301 
-9.9369 5.06503 86.2991 -8.77657 6.5876 86.0947 -7.28873 7.97075 86.0582 
6.23096 -9.74771 91.4614 7.22074 -9.16865 91.9303 7.82378 -8.51512 91.4712 
8.25183 -7.94527 91.8392 8.6761 -7.13706 91.3779 9.11992 -6.07966 91.0132 
9.51714 -4.97581 91.2602 3.38799 -9.63799 91.5442 9.68304 -4.20094 90.8581 
2.2227 -9.3441 91.7308 0.829896 -9.18437 91.714 -0.409995 -9.1703 91.5361 
-1.5471 -9.34486 91.6357 10.1355 2.31855 89.9614 -2.71012 -9.51877 90.5011 
9.74859 3.84864 89.0472 -3.72332 -9.70798 90.7383 -6.54874 -9.70856 90.658 
-7.4107 -9.50295 90.5594 -7.9589 -9.25739 90.7511 -8.71508 -8.67513 90.5782 
-9.29209 -8.04089 89.8498 5.30605 9.219 87.9125 -9.77923 -7.49983 90.1362 
-10.3809 -6.54187 90.7959 -11.3526 -3.88222 89.7659 3.58925 10.0421 87.598 
2.02617 10.4025 87.4257 0.0846961 10.5763 87.4361 -11.9146 -0.759183 88.7695 
-11.8466 0.655118 88.3358 -11.5108 2.44 88.0722 -10.8714 4.25411 88.0165 
-9.98722 5.98496 88.1135 -8.605 7.44967 87.5324 -7.62723 8.10283 86.9337 
-6.88292 8.52028 86.788 6.58386 -9.65845 93.2972 8.11714 -8.28196 93.3798 
8.62945 -7.43873 92.8144 5.64469 -9.88498 92.7779 4.2251 -9.80739 93.4348 
9.10649 -6.34534 92.0835 8.95737 -6.7784 92.635 9.48195 -5.32345 92.2104 
9.99817 -3.33362 92.1915 2.74173 -9.42876 92.7649 1.90244 -9.23708 92.4191 
10.1898 -1.91539 91.3679 10.277 -0.326462 90.8473 -0.345117 -9.19931 92.4464 
-3.22667 -9.67683 91.9559 9.63361 4.7104 90.5365 -4.38738 -9.84313 91.6417 
-5.54342 -9.90093 91.9124 -6.81987 -9.80073 92.5574 9.08692 5.87498 90.4742 
-7.62372 -9.49186 91.5892 8.32442 6.84005 90.2084 -8.4617 -9.04514 91.7972 
6.93081 8.23181 90.1303 -9.50902 -8.19918 92.6279 -9.58374 -7.85881 90.8362 
3.49431 10.2141 89.089 1.14553 10.8623 89.4547 -11.8473 -1.96307 89.7697 
-12.1432 -0.314407 90.7318 -1.37073 10.7467 88.8992 -11.9475 1.43706 89.6357 
-11.8001 2.46952 89.4554 -11.5706 3.49457 89.5357 -9.72594 7.06697 89.1645 
-8.93246 8.05965 89.3173 -7.46573 8.59172 87.9094 6.84412 -9.59796 95.1209 
5.75713 -9.93317 94.3399 7.37413 -9.15523 93.8221 8.79165 -7.36651 94.1279 
9.07663 -6.72001 93.7585 9.39514 -5.84622 93.3469 9.81828 -4.55792 93.4085 
2.61985 -9.47834 93.9633 1.69671 -9.24829 93.1845 10.3827 -1.11765 92.2438 
10.5705 1.17307 92.9293 0.475363 -9.22724 93.6475 -0.961667 -9.33527 93.5767 
-2.54241 -9.63054 93.7711 10.1368 4.01271 92.4428 -4.45598 -9.91001 93.0958 
-5.84706 -9.98901 93.2489 -6.71041 -9.97934 94.6159 -8.17416 -9.36402 93.4496 
-10.6285 -6.79592 93.1039 5.44037 9.54111 91.2265 -11.3851 -4.92039 92.3642 
-11.8964 -2.76466 91.4965 -0.0657074 11.0146 89.52 -12.1519 1.12857 90.7223 
-12.1144 2.54118 91.0137 -3.82696 10.6555 90.0152 -5.67234 10.1012 89.573 
-11.189 5.1772 90.2526 -10.4756 6.42898 89.9514 -6.71001 9.48353 88.9196 
-8.00849 9.08217 89.7918 7.88932 -8.73771 95.2189 8.91554 -7.45439 95.857 
5.91033 -10.0369 95.8494 4.76912 -10.0858 95.6973 9.24561 -6.65313 95.0764 
9.54061 -5.82357 94.773 9.8917 -4.7203 94.6376 10.3177 -3.08413 94.5402 
3.16663 -9.75545 95.2922 2.05928 -9.4595 94.8139 10.5173 -1.2742 93.6155 
1.04041 -9.34793 94.9481 1.56559 -9.30316 94.1667 -0.299937 -9.36938 95.1068 
-1.46246 -9.47245 94.7008 -2.02626 -9.59281 94.9616 -2.68779 -9.77258 95.3644 
10.7443 3.43025 94.9247 -4.09954 -9.98574 94.7956 -5.41408 -10.1321 95.1119 
-5.34561 -10.0484 94.1339 9.20892 6.05493 91.9623 8.0263 7.5248 91.811 
6.97567 8.49082 91.7795 -11.2597 -6.01083 94.4676 -11.8405 -4.38778 93.7729 
3.25258 10.6273 91.1269 -11.9848 -3.4266 92.91 -12.4132 -1.64426 93.2312 
-0.0226301 11.2425 90.5128 -1.58762 11.4739 91.6753 -12.3432 1.11121 91.6095 
-11.785 3.95984 90.7939 -5.4338 10.7446 91.5323 -10.8923 6.37346 90.9605 
-6.98575 9.96617 90.6641 -8.37958 9.4961 91.4286 -10.2594 7.53944 91.2152 
-9.0719 8.63277 90.6917 6.51528 -9.85284 96.8791 5.36839 -10.1721 97.431 
7.46911 -9.24141 96.5941 8.36882 -8.39708 96.8933 9.44772 -6.50813 96.1376 
9.48062 -6.63154 96.7687 9.73688 -5.69885 96.0453 9.97477 -4.87708 95.76 
10.3173 -3.69854 95.7896 10.5153 -2.88168 95.6373 3.77016 -10.0426 96.8951 
2.37641 -9.73155 96.9293 10.5966 -2.42676 95.5055 10.7044 -1.47472 95.1702 
1.47147 -9.54677 96.6179 1.83463 -9.52836 95.7324 10.8039 0.055737 94.545 
0.755391 -9.4397 96.1272 10.9184 1.464 94.9603 -0.241859 -9.47728 96.5776 
-1.52551 -9.59011 96.0756 -2.59365 -9.85259 96.5417 -3.56509 -10.0339 96.1883 
-4.78268 -10.1927 96.1019 10.0074 5.57661 94.2373 -6.05509 -10.2264 96.1863 
8.92608 7.12126 93.5024 -8.25983 -9.65445 95.7302 7.78904 8.15716 93.0129 
-9.30223 -8.8904 95.0257 -10.3053 -7.72602 94.7222 6.78316 8.90048 92.6408 
-11.8503 -4.78686 94.8518 -12.1975 -3.70962 94.6933 -12.2622 -3.08706 93.9872 
1.59903 11.3755 92.2301 0.0434882 11.5785 91.859 -12.652 0.583794 93.0216 
-12.5531 1.88707 92.498 -3.66536 11.2581 91.9557 -2.85237 11.9189 93.7147 
-12.5402 2.97678 92.7181 -12.1417 4.4496 92.3828 -11.4075 6.24114 92.1583 
-9.50707 8.79607 91.8542 8.75045 -8.20613 98.771 7.9007 -8.98376 98.1604 
9.06868 -7.59753 97.7172 7.09207 -9.56031 97.8537 9.68394 -6.50378 98.1374 
9.83228 -5.84166 97.1355 4.20832 -10.163 98.3533 4.59538 -10.2202 97.0591 
10.3931 -4.14806 97.352 3.00202 -9.92638 98.3743 10.734 -2.24048 96.4665 
2.10997 -9.73638 98.1199 11.0333 -0.0280144 96.2695 0.823783 -9.61469 97.9513 
11.1588 2.02943 96.5646 -0.854235 -9.63311 97.6881 -2.11748 -9.84723 97.766 
-3.30644 -10.08 97.3806 -4.23021 -10.2164 97.017 -5.47606 -10.3212 97.4183 
10.8344 5.12753 97.3211 -6.54431 -10.2999 97.2637 9.61371 7.03671 95.5249 
-7.27061 -10.1126 96.6942 -8.51894 -9.78798 97.5651 8.37649 8.16262 94.5067 
-9.28956 -9.24381 96.669 -9.87559 -8.85107 97.0886 -10.0328 -8.46731 96.2557 
7.32997 8.83002 93.7666 -10.5364 -8.10718 97.4251 -10.8799 -7.20085 96.1172 
6.26039 9.50931 93.358 -11.7373 -5.47354 96.2064 4.49497 10.6501 93.837 
-12.2022 -4.03554 95.637 -12.8232 -2.13307 95.9558 0.123285 11.9178 93.3395 
-13.0078 -0.0582028 94.8199 -1.19847 12.0972 93.7272 -13.0081 1.05471 94.2778 
-12.9818 2.34344 94.0479 -4.59591 11.4101 93.0333 -12.7327 3.63418 93.5787 
-12.7719 4.66549 94.2525 -5.73312 11.0636 92.7746 -12.2301 6.0644 94.0341 
-7.14261 10.5716 92.7114 -11.3665 7.5861 93.673 -10.3793 8.54183 93.014 
-9.20428 9.63654 93.0722 7.27295 -9.4755 99.3699 6.28919 -9.92721 98.6355 
8.31751 -8.84974 100.394 9.52064 -7.23539 99.6976 5.08989 -10.1152 99.6338 
10.2138 -5.20787 98.3887 10.9881 -2.24876 98.1295 10.8634 -3.20132 98.6385 
2.01462 -9.77043 99.3584 11.1212 -1.01255 97.5275 0.885001 -9.73195 100.258 
11.2548 -0.18465 97.5985 11.2954 0.610164 97.5213 -1.24495 -9.9259 100.078 
-3.43707 -10.2024 98.8078 11.072 3.53561 96.6024 -5.26092 -10.393 98.6418 
-4.28635 -10.2729 97.8843 -7.23249 -10.3276 98.6663 -9.69187 -9.10973 97.9022 
8.78867 8.36537 96.1903 6.99271 9.56003 95.313 -10.7177 -8.34081 99.2267 
-11.1799 -7.41625 98.2094 -11.3706 -6.7138 97.4042 -12.4168 -3.91642 96.9138 
2.02766 12.0565 95.8345 -0.234495 12.3643 95.0407 -13.731 0.433583 97.3667 
-13.9306 2.61291 97.139 -13.3652 1.47195 95.4513 -13.4594 2.7065 95.5622 
-4.34484 11.8949 94.45 -13.2857 3.37239 95.1012 -13.0278 3.65799 94.4318 
-5.70003 11.4056 93.8049 -13.1875 4.28676 95.19 -13.0139 5.65387 95.7279 
-6.9324 11.2843 94.4569 -12.2839 7.36752 95.59 -11.4452 8.55767 95.1678 
-11.0113 8.48046 94.0537 -10.5035 9.17372 94.2277 -9.71661 10.092 94.5925 
-8.36744 10.6878 94.2835 6.44594 -9.84176 100.745 7.55557 -9.42067 100.969 
9.20091 -8.00091 100.872 10.0465 -6.2332 100.093 10.3642 -5.29088 99.7659 
10.7653 -3.90632 99.376 3.15618 -9.98584 100.694 11.1912 -2.33918 99.4491 
11.432 -0.431312 99.0061 1.96648 -9.80739 100.682 11.4245 1.41399 98.1792 
11.3303 2.97436 97.9251 -3.46884 -10.4269 100.321 -4.65362 -10.6357 100.168 
-5.22855 -10.6776 99.9883 -4.8638 -10.5174 99.5656 -5.88062 -10.6863 99.9224 
-6.54411 -10.6937 99.9437 -6.35875 -10.5669 99.4773 -7.09143 -10.7313 100.253 
-7.65056 -10.607 100.052 -7.19315 -10.5637 99.5927 -8.29942 -10.4373 100.283 
9.90525 7.60183 97.9349 -9.15137 -9.757 99.4423 8.23483 9.48693 98.2076 
-11.4793 -7.17416 99.0129 -11.6843 -6.54791 98.51 5.56372 10.6373 95.6224 
-12.1755 -5.14656 98.2075 4.48555 11.2835 96.0345 -13.1449 -2.68675 98.6467 
-13.2957 -1.65335 97.5749 -13.4162 -1.0302 97.3039 -1.60541 12.428 95.1744 
-3.31372 12.528 96.292 -13.6119 4.07886 96.3981 -5.57508 11.9372 95.461 
-7.77987 11.5896 96.331 -9.09413 10.8154 95.3415 -10.8002 9.64974 95.7248 
-9.96475 10.4791 95.7864 8.19727 -9.2091 102.597 7.32185 -9.61565 102.19 
9.15067 -8.45609 102.958 6.37604 -9.90903 102.855 5.03633 -10.065 101.81 
9.80883 -7.21086 101.633 10.1259 -6.4381 101.326 10.6151 -5.2408 101.493 
10.8907 -4.13095 100.805 11.3217 -2.60836 100.778 11.5342 -1.45039 100.375 
1.57239 -9.83907 101.776 2.22519 -9.86323 101.102 11.7063 1.70279 99.8247 
0.172171 -9.80405 101.5 11.5079 3.5968 99.1978 -2.49443 -10.352 101.412 
-3.87496 -10.789 101.722 -4.431 -10.7201 100.75 -4.94789 -10.933 101.293 
-5.90742 -11.1385 101.694 -5.55407 -10.8332 100.602 -6.74368 -10.9838 101.152 
-6.45761 -10.7913 100.328 -7.88251 -10.8622 101.392 -9.20214 -10.3293 101.574 
-10.1112 -9.41499 100.665 -10.9488 -8.67428 100.966 -11.5251 -7.67297 100.569 
-11.5085 -7.34256 99.61 5.94225 10.8317 97.2987 -12.113 -6.18648 100.116 
4.10544 11.7938 97.4782 -12.7349 -4.33687 99.7371 -13.6688 -0.91573 98.3931 
-0.601224 12.8072 97.2995 -14.0915 4.04015 97.7346 -13.9235 4.74191 97.5308 
-13.5781 5.67594 97.2734 -12.969 6.99269 96.9197 -9.40864 11.046 96.503 
-12.2243 8.69936 97.4605 7.60682 -9.63436 104.092 9.65896 -7.71477 102.492 
10.101 -7.07933 103.007 10.3675 -6.3637 102.657 10.5298 -5.82208 102.293 
5.46792 -10.0668 102.953 11.376 -3.22704 102.274 4.66824 -10.1032 103.226 
3.50015 -10.0755 103.857 3.79741 -10.0755 102.531 2.48698 -9.98312 102.953 
11.9872 -0.339038 102.012 1.72906 -9.8961 102.816 1.17223 -9.88164 102.972 
0.384561 -9.87312 102.722 12.0314 1.65733 101.338 -0.686207 -9.97397 102.4 
11.9054 3.14559 100.89 -1.76344 -10.2545 102.361 -2.75615 -10.5819 102.456 
-3.68488 -10.9863 103.055 11.5397 4.89067 100.095 -4.85043 -11.2568 102.784 
-5.07698 -11.1231 101.975 -5.81653 -11.37 102.597 -7.0125 -11.363 102.689 
11.0915 6.59547 100.17 -8.57763 -11.1577 103.359 10.0363 8.79191 100.909 
-10.384 -9.55992 102.065 -11.2036 -8.65386 102.124 -11.4882 -8.10711 101.487 
-12.064 -7.32248 102.605 6.62622 11.0309 99.5843 4.94507 11.7636 98.9285 
-12.9549 -4.49183 101.201 -13.3282 -3.19848 100.555 2.91244 12.5544 99.1169 
-13.8027 -1.99435 100.509 -14.0245 -0.992521 100.016 1.23967 12.7545 98.0639 
-14.2481 0.280583 99.4956 -14.4523 1.39048 99.3407 -2.40808 13.0885 98.3992 
-14.4385 2.28346 98.8357 -3.86832 12.9984 98.3905 -14.5691 3.80281 99.0755 
-5.53871 12.5091 97.5527 -14.1199 5.49108 98.6328 -13.3761 6.97189 98.0045 
-9.43505 11.4645 98.0554 -10.6065 10.5058 97.3503 10.0923 -7.49406 104.251 
10.6382 -6.3363 104.03 6.60783 -9.93425 104.439 5.49925 -10.0618 104.034 
11.0791 -4.92038 103.468 11.7779 -2.98976 103.828 4.40311 -10.0963 104.218 
11.9289 -1.95037 103.243 1.95564 -10.0529 105.294 0.572066 -9.9864 104.002 
1.5912 -9.94457 103.594 12.3136 2.27108 102.531 -0.486987 -10.1427 104.391 
-1.32532 -10.303 103.845 -0.342878 -10.0184 103.502 -2.55086 -10.6875 103.584 
12.0946 4.83896 102.422 -3.74784 -11.2318 104.245 -4.66131 -11.3953 103.658 
-4.9322 -11.6648 104.496 -6.01423 -11.7085 103.931 11.6069 5.70958 100.964 
11.6314 6.19509 101.561 -7.67259 -11.7857 104.43 -9.76241 -10.3849 103.18 
-10.9327 -9.31838 103.664 8.34823 10.3741 100.881 -12.7054 -5.61721 102.117 
-13.4401 -4.27099 102.949 -13.5296 -3.40075 101.824 -13.9054 -2.42039 101.599 
-14.233 -1.58895 101.522 0.684295 13.1734 99.8702 -14.2381 -1.18556 101.017 
-14.4167 -0.670447 101.074 -1.20686 13.3137 99.7011 -14.6896 0.245306 101.189 
-14.8412 1.48174 100.737 -3.11535 13.404 100.262 -14.8559 2.39793 100.224 
-14.8484 3.15219 99.9012 -14.9989 3.87831 100.283 -5.08589 13.0286 99.3627 
-14.9457 4.34357 100.154 -14.7694 5.07299 99.9827 -7.68473 12.4489 99.449 
-14.4636 6.30267 99.951 -13.6433 7.61467 99.2983 -12.7873 9.21591 99.3672 
-11.6121 10.3963 99.1181 -10.5483 11.0839 98.6673 7.97478 -9.64711 105.594 
7.10655 -9.93207 105.761 8.75897 -9.17256 105.351 9.65404 -8.36808 105.122 
10.2057 -7.84213 105.804 10.5761 -7.17584 105.612 10.7646 -6.58619 105.117 
11.359 -5.45148 105.53 5.83097 -10.1034 105.597 11.9647 -3.55876 105.283 
4.42304 -10.1828 106.715 4.55461 -10.1104 105.191 12.5192 -1.12568 104.84 
3.42286 -10.0977 105.842 3.57198 -10.0826 104.873 12.5729 0.267374 103.876 
12.6139 1.29793 103.661 -0.0596408 -10.1911 105.572 -1.09333 -10.3753 105.033 
-2.39179 -10.9456 105.45 -4.31177 -11.7232 105.491 -5.73456 -12.101 105.392 
-7.01326 -12.2088 105.475 11.6293 7.33144 103.061 -8.48438 -12.0181 105.997 
-8.62679 -11.6006 104.729 -9.62808 -10.9373 104.767 -12.2523 -7.82225 104.842 
6.8831 11.4928 101.417 -12.4969 -7.10499 103.973 -12.6367 -6.69687 103.767 
-13.0029 -5.76527 103.718 4.95563 12.2993 101.071 -14.106 -2.81381 102.943 
-14.4402 -1.82344 102.542 -14.7674 -0.668128 102.248 -15.0421 0.457052 102.187 
-15.5311 1.99322 102.708 -15.1794 2.55643 101.326 -15.4043 3.44498 101.819 
-15.1347 3.38573 100.866 -15.2605 4.72599 101.25 -14.9329 5.97169 100.828 
-14.5668 7.42149 100.99 -13.6301 8.86494 100.504 -12.6985 10.0744 100.371 
-11.7887 10.9505 100.413 -10.3643 11.5409 99.7829 9.98477 -8.48148 107.248 
10.7832 -7.29869 106.871 11.049 -6.50255 106.148 7.88114 -9.82745 107.047 
6.61593 -10.1581 107.144 6.39426 -10.1382 106.335 5.72947 -10.2238 106.817 
2.77136 -10.1119 107.148 12.9135 1.03059 104.908 12.9524 3.03333 104.926 
0.530519 -10.1982 107.294 -0.498566 -10.3941 107.031 -1.11105 -10.4985 106.058 
-1.47025 -10.8962 107.523 -2.46224 -11.2964 106.907 12.6688 4.85161 104.341 
-3.63947 -11.8893 106.955 -5.37695 -12.4398 106.738 12.4132 5.90943 104.114 
-6.54739 -12.8162 107.28 -6.45815 -12.5112 106.327 -7.31625 -12.5864 106.641 
-9.75589 -11.3168 106.088 -11.0436 -9.99441 106.057 9.46705 10.2593 102.523 
8.03505 11.5882 103.166 6.19633 12.3463 102.688 -12.9482 -6.48952 104.71 
-13.5658 -5.36399 105.133 -13.7239 -4.53522 104.436 -14.1761 -3.44451 104.191 
2.47001 13.3644 102.206 -15.0977 -1.89621 104.549 -0.618662 13.776 102.497 
-15.5216 0.0974333 103.74 -15.2092 0.424992 102.696 -15.7929 4.49214 102.775 
-5.42818 13.3475 101.013 -15.6444 5.49822 102.38 -8.13342 13.2175 102.292 
-15.3369 6.34001 101.962 -15.2858 7.96272 102.784 -14.358 8.7455 101.67 
-11.3864 11.6017 101.26 -9.72816 12.2714 101.043 -13.6092 9.80735 101.5 
-12.6494 10.7967 101.408 8.09036 -9.99965 108.662 6.97543 -10.2614 108.501 
8.9375 -9.46634 107.964 10.9261 -7.60073 108.084 11.1711 -7.03347 107.693 
11.6877 -5.97372 107.638 5.23159 -10.3486 108.322 12.1406 -4.29989 106.839 
12.8056 -2.53561 107.142 3.57941 -10.2219 108.154 13.2007 -0.85983 107.015 
2.24183 -10.2092 109.047 13.2787 0.559322 106.449 1.56668 -10.1082 107.652 
13.2231 1.70789 105.834 -0.248797 -10.5641 108.83 -3.65844 -12.4185 108.372 
-5.03657 -12.8102 108.108 -2.5408 -11.7499 108.228 13.0893 5.10735 105.885 
-5.82435 -12.8606 107.612 12.7434 5.44367 104.83 12.7791 6.05106 105.319 
-6.31278 -13.063 108.113 12.4671 7.04238 105.135 -7.73502 -12.9123 107.949 
-9.71797 -11.9935 107.692 12.2297 9.01831 106.398 10.5501 10.0019 104.163 
-11.4476 -10.7037 108.333 -12.0942 -9.20983 107.314 9.44049 10.9237 103.771 
-12.4248 -8.25257 106.485 -13.6806 -6.17598 106.656 4.68864 13.2457 103.475 
-14.4611 -4.01886 105.758 -16.3538 -0.292209 105.797 -16.2409 1.2881 104.636 
-3.56019 13.827 102.3 -16.3512 2.54969 104.385 -5.54047 13.7943 102.524 
-16.2912 3.49915 104.023 -15.9931 3.77006 103.353 -16.2404 4.16364 103.821 
-16.2059 4.70296 103.686 -16.1524 5.3306 103.562 -16.0246 6.31081 103.459 
-10.8969 12.2967 102.399 -14.5709 9.49119 102.738 -13.6849 10.5581 102.572 
-12.5563 11.4551 102.478 9.73446 -9.20839 109.343 8.71235 -9.90375 109.64 
10.7021 -8.28939 109.231 11.401 -6.91774 108.235 11.6087 -7.04489 109.275 
11.6837 -6.56553 108.515 12.006 -6.13145 108.901 12.436 -5.23202 109.038 
12.7522 -3.97696 108.53 6.13275 -10.5829 109.904 13.2492 -2.66397 108.706 
4.7792 -10.5572 109.982 3.65843 -10.3599 109.495 13.6563 -1.38272 108.929 
13.6539 -0.0493331 108.042 13.5952 1.89155 107.272 13.6702 0.818631 107.718 
0.890731 -10.275 109.105 13.7665 3.93485 107.938 -3.09726 -12.5438 109.363 
-4.33312 -13.2089 109.63 -2.14889 -12.2854 110.245 -1.65557 -11.429 109.095 
-0.995325 -11.0357 109.32 -6.3857 -13.5054 109.337 13.1079 6.82041 106.834 
-7.90441 -13.5055 109.314 -8.89817 -13.142 109.011 -9.68582 -12.8428 109.068 
-10.5576 -12.4887 109.628 8.98955 12.1246 105.37 -12.3902 -9.26652 108.197 
-12.4511 -8.86232 107.697 -13.056 -8.09564 108.007 7.71732 12.5535 104.693 
6.39812 13.0707 104.466 -15.121 -4.42388 107.829 -15.6607 -2.81571 106.92 
3.20195 14.1425 105.038 1.51637 13.916 103.795 -16.1735 -1.61188 106.565 
-17.3137 1.58113 106.515 -2.62123 14.2326 104.067 -16.722 2.27663 105.228 
-4.56467 14.2571 103.712 -17.3015 3.94575 105.864 -16.5688 4.61387 104.45 
-6.54431 14.1976 103.866 -16.9549 5.48362 105.195 -16.5012 5.63288 104.303 
-8.78393 14.1581 104.772 -16.9597 6.97164 105.343 -16.1659 7.90526 104.318 
-10.7854 13.0483 103.938 -15.6379 9.31708 104.291 -14.6967 10.3156 103.741 
-13.896 11.1968 103.762 -12.5472 12.0722 103.665 10.384 -9.04014 110.704 
9.29405 -9.83561 110.805 11.3561 -7.98876 110.611 8.26254 -10.3304 110.747 
7.02685 -10.7666 111.379 7.58028 -10.368 109.827 12.2013 -6.74449 110.759 
12.5212 -5.67369 110.025 4.99734 -10.8233 111.583 13.0826 -4.31892 110.03 
13.6519 -2.81591 110.217 3.8566 -10.5531 110.737 2.65779 -10.4204 110.688 
13.9222 -0.327891 109.104 14.0832 0.702977 109.299 14.0605 2.16025 109.014 
0.440445 -10.6434 110.621 1.4303 -10.4125 110.631 -3.11189 -13.2056 110.76 
-1.22615 -11.6619 110.578 -0.405387 -11.1357 110.724 -5.4974 -14.0345 110.705 
-4.09155 -13.823 111.025 -6.32302 -14.2791 110.892 -6.80669 -14.3432 110.984 
-6.72028 -14.1106 110.526 13.516 5.5507 107.403 -7.76375 -14.3379 111.126 
-7.71305 -13.9211 110.175 -8.65545 -14.0012 110.618 -8.59933 -13.6845 109.899 
-9.50567 -13.5012 110.176 -11.5366 -11.6416 109.84 -11.5773 -12.7009 111.458 
11.0151 11.6706 107.237 -11.9494 -10.8874 109.546 -12.6671 -9.86445 109.678 
-13.0163 -8.81767 109.002 -14.205 -8.06006 110.484 -14.5046 -6.24111 108.854 
7.2391 13.4809 105.977 5.87202 14.1713 106.223 -14.6308 -5.38814 108.075 
4.99194 13.9109 105.184 -16.6929 -2.02686 107.997 0.889423 14.2676 104.985 
-16.9222 -1.00726 107.378 -0.898236 14.2942 104.788 -17.316 -0.0472667 107.35 
-1.91765 14.5436 105.513 -2.89155 14.541 105.137 -3.86746 14.6272 104.979 
-17.6744 2.73462 106.709 -5.41017 14.912 105.365 -17.3776 5.88971 105.914 
-7.12378 14.9 105.516 -16.6285 8.74043 105.459 -12.6505 12.6759 104.871 
-16.2475 9.72063 105.452 -15.4928 10.8621 105.41 -14.0165 11.845 104.885 
9.80949 -9.82304 112.071 8.4978 -10.4895 111.931 10.9698 -8.87035 111.911 
12.0088 -7.63839 111.964 12.6924 -6.39479 111.792 12.9662 -5.51044 111.33 
7.48669 -11.0688 112.968 5.98507 -11.1746 112.98 13.2251 -4.64993 110.967 
13.6799 -3.66018 111.246 3.31364 -10.6882 111.896 14.3128 -1.34601 111.079 
14.1655 -0.527922 110.033 1.98457 -10.6599 111.992 1.01975 -10.7413 111.793 
14.3119 1.60808 109.979 14.5039 2.75203 110.469 -1.51834 -12.3429 111.505 
-2.05443 -13.3459 112.499 -0.655936 -12.1407 112.575 0.32215 -11.1984 112.136 
-3.32187 -13.9485 111.973 -4.67621 -14.5861 112.245 14.3344 4.58998 109.753 
-6.51138 -14.5367 111.555 14.0393 6.1761 109.076 -6.33866 -15.1328 112.835 
-8.29038 -14.9076 112.524 13.4387 8.58568 108.666 -9.24658 -14.2322 111.501 
-10.4708 -13.6603 111.486 12.8025 9.72924 108.055 12.3182 10.5681 107.924 
-12.4221 -11.263 111.016 -13.6585 -10.05 111.966 9.19716 13.3711 107.485 
8.052 13.5638 106.799 7.29639 14.1078 107.092 -15.0221 -6.38494 110.08 
6.51647 14.5502 107.375 -15.9064 -4.79724 109.759 -15.0712 -5.12262 108.698 
4.7173 14.5941 106.514 3.74257 14.8434 106.953 2.12085 14.6829 106.521 
-17.0399 -2.71847 109.359 -16.1259 -3.2994 108.426 -0.347511 14.8888 106.754 
-18.0108 -0.793169 109.056 -2.84046 15.0076 106.357 -1.73348 14.7323 106.189 
-18.0137 0.703239 108.013 -18.3602 0.926122 108.385 -18.3457 1.30589 108.197 
-18.0557 1.509 107.666 -4.33157 15.0577 105.961 -18.6191 2.71046 107.999 
-18.681 5.03055 107.604 -8.21019 14.9787 106.015 -18.2293 6.8407 107.103 
-9.49351 14.9689 106.557 -17.4332 8.34496 106.467 -11.4947 14.0418 106.188 
-16.9985 9.81069 106.517 -14.8738 11.8962 105.827 -13.8632 12.6915 105.986 
10.461 -9.67635 113.245 8.95361 -10.7064 113.654 11.4508 -8.7152 112.949 
12.338 -7.79554 113.508 12.8942 -6.57716 112.804 7.71526 -11.3334 114.222 
6.69816 -11.4406 114.169 13.3698 -5.41895 112.571 13.7026 -4.28243 112.158 
14.4485 -2.49845 112.618 5.19152 -11.2438 113.654 4.74105 -11.0877 113.141 
3.90218 -10.9126 112.769 2.71741 -10.9466 113.335 14.5691 -0.0128068 111.204 
14.5287 1.13475 110.788 1.29844 -11.1304 113.22 0.411591 -11.6968 113.511 
-4.14372 -15.2885 113.801 -5.6353 -15.7646 114.107 -5.11907 -15.1901 113.151 
-3.08676 -14.584 113.387 14.8691 4.64622 111.27 14.5219 5.41054 110.225 
-7.82849 -15.7746 113.982 -9.5229 -15.4678 113.936 14.6705 8.11794 111.084 
-10.0796 -14.6485 112.89 -11.3879 -14.0654 113.238 13.9198 9.53227 110.108 
13.1002 10.4589 109.178 -12.0583 -13.1993 112.856 12.2437 11.5509 108.697 
-12.5589 -12.376 112.649 -13.2822 -11.3247 112.748 11.7592 12.9504 109.476 
10.28 13.4724 108.503 8.91812 14.1826 108.3 9.44581 13.9414 108.336 
7.7291 14.668 108.304 -15.6253 -6.39037 111.081 -16.3234 -5.44263 111.134 
5.41351 14.9946 107.634 4.62685 15.1156 107.64 3.9821 15.2855 108.009 
-16.7509 -4.71292 110.993 2.90502 15.1092 107.675 -17.4633 -3.44997 110.701 
1.60296 14.9738 107.404 -17.8911 -2.1624 110.066 -19.0085 -1.88973 111.135 
-2.26917 16.3595 109.208 -4.72996 15.8257 107.485 -18.5638 0.97487 108.736 
-19.3158 1.58983 109.384 -20.0953 2.5186 109.677 -6.35888 15.6552 106.892 
-20.1911 3.7689 109.243 -19.8043 4.88844 108.687 -7.62798 15.6467 106.991 
-8.43087 15.3991 106.816 -19.6025 6.54916 108.391 -10.5278 14.8117 106.818 
-19.0777 7.20155 108.01 -19.3924 8.03174 108.334 -18.1675 8.9173 107.505 
-13.7914 13.7507 107.245 -18.005 10.4956 107.858 -16.806 11.2299 107.115 
-15.5593 12.5162 107.09 8.32283 -11.3321 115.033 9.36457 -10.9282 115.414 
10.1242 -10.2405 114.51 11.3305 -9.20376 114.356 12.4273 -8.1309 114.793 
12.8641 -7.377 114.293 13.2748 -6.49563 113.98 13.5631 -5.62655 113.488 
13.7977 -5.48666 114.094 7.26764 -11.6339 115.74 14.2277 -4.33562 114.133 
5.46996 -11.3974 114.451 4.42611 -11.2125 114.166 14.9222 -0.597806 112.696 
3.2464 -11.1785 114.723 3.76819 -11.0503 113.673 14.9897 1.23538 112.314 
2.04637 -11.2901 114.761 1.0403 -11.7259 114.804 0.113213 -12.4239 114.652 
15.1371 3.18915 112.389 -2.92821 -15.4528 115.004 -4.09502 -16.0292 115.166 
-1.93419 -14.5522 114.739 -0.908 -13.4078 114.54 -5.31347 -16.417 115.319 
-7.02564 -16.4835 115.108 14.8212 6.188 111.009 -8.2744 -16.3406 114.893 
-9.25618 -16.1201 114.86 -10.3738 -16.1597 115.632 -10.1075 -15.8209 114.788 
-10.6704 -15.2718 114.368 13.7687 10.4237 110.294 13.4172 11.0744 110.089 
-12.5334 -13.5564 114.231 12.8509 11.7356 109.728 13.5255 11.6574 110.677 
12.9434 12.4678 110.512 -13.4257 -12.1536 113.994 -13.6844 -11.4053 113.6 
-13.9852 -10.7717 113.474 10.6628 14.018 109.429 9.48267 14.7809 109.389 
-14.8208 -9.15946 113.024 -15.8557 -7.49948 112.709 -16.6906 -5.8507 112.102 
5.93971 15.4666 108.832 6.73513 15.8376 109.656 -16.76 -5.19921 111.519 
4.67773 15.5807 108.704 -17.3326 -4.62075 111.708 3.24146 15.6588 108.84 
-18.3083 -3.58431 111.88 1.88495 15.3189 108.224 1.87685 15.7763 109.12 
0.412511 15.6143 108.646 0.932683 15.1248 107.759 -20.5302 -0.427002 111.524 
-19.3819 -0.251794 110.445 -20.3638 1.08838 110.606 -19.1203 0.545939 109.711 
-21.0591 2.303 110.565 -6.11307 16.3295 108.131 -21.5317 3.58144 110.295 
-7.08337 16.3017 108.025 -21.2739 5.13212 109.694 -8.75909 16.09 107.926 
-7.80255 16.2166 107.96 -20.7031 6.06144 109.216 -10.7022 15.5539 107.802 
-21.4852 6.25116 109.678 -21.382 7.5415 109.498 -12.6063 15.2674 108.172 
-20.4129 9.33705 109.103 -19.0137 9.54502 108.364 -14.9182 14.0819 108.095 
-13.8944 14.4577 108.011 -19.4139 10.8083 108.853 -17.8686 12.5045 108.57 
-16.2804 13.7219 108.456 10.6254 -10.1537 115.783 11.853 -9.08832 115.913 
12.753 -8.04173 115.967 13.3154 -6.90654 115.238 8.59907 -11.47 116.332 
13.851 -5.67317 114.783 6.31691 -11.6941 116.15 5.44167 -11.5613 115.937 
6.23641 -11.6047 115.239 15.2227 -2.146 114.85 4.16616 -11.4345 116.782 
3.47966 -11.2961 115.7 4.28614 -11.3377 115.296 15.2388 -1.05767 114.001 
15.4917 0.542639 114.154 2.81308 -11.3469 116.02 1.7863 -11.6902 116.542 
0.776197 -12.365 116.179 15.5052 2.45361 113.744 -2.97523 -16.2882 116.399 
-4.28259 -16.8048 116.473 -1.95444 -15.5619 116.367 -0.951302 -14.4593 116.335 
-0.0724037 -13.254 116.065 15.5078 3.66509 113.476 -5.25319 -17.3227 116.97 
-6.79266 -17.6548 117.058 -5.97046 -16.9719 116.084 15.4304 4.66314 112.962 
-7.83614 -17.5814 116.745 -7.5027 -17.1758 116.163 15.2808 5.76253 112.236 
-8.71867 -17.4566 116.737 -8.76889 -16.7619 115.74 15.3242 6.96032 112.366 
-9.89978 -17.023 116.678 15.8126 8.40054 113.996 15.1318 9.06054 112.321 
14.5476 10.0077 111.535 -11.6211 -15.0846 115.172 13.904 10.9217 110.816 
14.2313 11.4054 111.835 -12.5726 -14.6214 116.024 13.6077 12.3471 111.523 
-13.6211 -13.0826 115.807 12.6243 13.6531 111.505 -14.1322 -11.8151 114.961 
-14.031 -11.3494 114.179 -14.8652 -10.5004 114.776 10.9825 14.7071 110.522 
-14.3446 -10.0924 113.371 10.0773 15.5389 110.56 -16.0282 -8.75433 114.561 
9.26596 16.2736 110.991 -16.7873 -7.47133 114.156 7.9685 15.8972 110.005 
7.05082 16.2132 110.216 -17.0633 -6.49273 113.379 -18.0709 -6.52233 114.902 
5.6975 16.111 109.911 6.17734 16.5008 110.572 -18.0821 -4.99273 113.024 
5.02599 16.0162 109.635 4.11155 16.0847 109.676 2.8265 16.4986 110.384 
1.14575 16.1483 109.749 -19.7395 -3.30606 112.99 -0.117736 16.3725 109.92 
-20.8923 -1.66296 112.543 -21.5679 -0.642774 112.35 -22.1677 0.547694 112.075 
-4.52256 16.7325 109.165 -21.6339 1.71066 111.2 -5.54184 16.6596 108.791 
-5.53459 17.2059 109.619 -22.6872 2.02875 111.658 -22.0679 2.64267 111.026 
-6.78371 17.0502 109.169 -23.5952 3.64661 111.521 -7.84668 16.7022 108.677 
-7.96958 17.2704 109.397 -22.7807 5.09164 110.558 -9.88442 17.1267 109.272 
-8.64241 17.0014 109.083 -11.5863 15.7601 108.363 -11.561 16.4891 108.969 
-23.4068 6.08169 110.663 -22.5065 6.37616 110.176 -14.1556 15.0465 108.541 
-12.6011 16.435 109.119 -23.8525 7.07919 110.812 -22.9251 7.49151 110.243 
-22.8597 8.32014 110.158 -22.4077 9.54811 110.047 -21.1296 10.6445 109.567 
-15.6779 15.4589 109.249 -13.7076 16.2105 109.199 -20.4276 12.4077 109.687 
-18.9744 13.5189 109.469 -18.1555 13.6999 109.251 -17.3907 14.2929 109.236 
11.2789 -9.92836 117.324 9.84754 -10.949 117.074 12.5557 -8.6475 117.511 
13.4358 -7.18855 116.79 8.97215 -11.4945 117.362 8.11003 -11.6897 117.438 
14.3226 -5.30969 116.542 6.37069 -11.6958 117.82 15.181 -3.17125 116.081 
15.6982 -1.5975 115.952 15.521 -2.21169 115.847 15.7245 -0.521009 115.457 
15.855 0.731866 115.397 -1.09796 -15.5118 117.837 -2.12978 -16.5075 117.658 
-0.637232 -14.6247 117.332 -0.348596 -14.4968 117.934 -0.15385 -13.8816 117.23 
2.98215 -11.4365 117.821 15.8809 2.00481 115.182 -3.98526 -17.5494 118.07 
-3.07446 -16.9515 117.489 0.48113 -13.02 117.162 1.17242 -12.3805 117.774 
15.9506 4.31744 114.835 -5.46231 -17.7278 117.649 -6.25914 -18.1905 118.267 
-7.70197 -18.3401 118.205 15.7296 6.19264 113.625 -8.89472 -18.3595 118.311 
-8.33042 -17.9327 117.402 -9.78512 -17.7247 117.747 -11.4275 -16.2821 117.124 
15.3301 9.69524 113.005 15.1595 10.8896 113.411 -13.1585 -14.6381 117.745 
14.2136 12.7192 113.485 -14.5792 -12.6439 117.825 -14.5908 -11.8173 116.078 
11.4211 15.5013 112.136 10.3786 15.9787 111.426 -16.066 -9.70001 115.951 
-16.7761 -8.76821 115.927 -17.0645 -7.91161 115.213 8.21175 16.6793 110.968 
8.68587 17.1048 111.744 7.29589 16.622 110.769 7.73411 17.2192 111.583 
6.52309 17.2279 111.624 4.71545 16.4854 110.475 5.22931 17.0207 111.404 
-19.562 -4.79459 114.408 4.05987 17.0196 111.388 2.25605 17.1817 111.421 
3.25416 17.4321 111.938 -20.6112 -3.83679 114.216 1.1135 16.9782 111.003 
-21.9153 -2.8774 114.214 -0.631426 17.3071 111.217 -1.999 17.4189 111.113 
-22.6987 -1.07769 113.365 -3.00211 17.5755 110.918 -4.48435 17.6619 110.437 
-23.8105 0.170603 113.365 -23.8576 1.68344 112.582 -6.37606 17.8449 110.193 
-7.70306 17.7563 109.929 -7.45103 18.1812 110.342 -6.91798 18.6397 110.773 
-25.0912 3.06647 112.849 -8.66427 17.6127 109.739 -8.37326 18.0837 110.168 
-7.96561 18.149 110.257 -24.6814 3.93668 112.061 -9.13356 18.2648 110.235 
-10.5275 18.3685 110.297 -25.1223 5.01782 112.226 -24.0673 5.69528 111.178 
-11.1293 17.4626 109.69 -24.9733 6.99702 111.718 -12.6108 17.7897 110.063 
-24.5795 8.53878 111.383 -23.6665 8.10019 110.589 -23.6206 8.9191 110.6 
-14.738 17.2949 110.069 -24.0753 9.98446 111.242 -22.2139 10.6427 110.012 
-21.9096 11.3993 110.021 -18.4927 14.417 109.663 -18.0101 15.9002 110.191 
-16.4169 17.1173 110.301 -23.1019 11.1961 110.739 -22.2313 12.3274 110.478 
-21.6934 13.668 110.684 -19.9427 14.4452 110.205 10.6974 -10.5839 118.516 
9.4232 -11.3327 118.602 11.8279 -9.71673 119.04 12.9065 -8.59704 119.436 
13.494 -7.49403 118.277 13.9264 -6.53452 117.571 8.14976 -11.7247 118.957 
14.3129 -6.0515 118.814 14.9487 -4.5559 118.174 15.2518 -3.64519 117.471 
15.6883 -2.20753 116.727 15.5448 -2.85105 117.162 15.9802 -1.08419 117.138 
4.49777 -11.4257 119.107 16.1843 1.06322 116.849 -4.06374 -18.1783 119.318 
-2.78255 -18.0115 119.887 -2.45437 -17.317 118.724 -1.51191 -16.7772 119.021 
-0.844185 -16.0193 119.316 -0.282035 -14.8529 118.971 0.420549 -13.5159 118.401 
2.06438 -11.7355 118.728 16.1867 2.95849 116.133 -5.32275 -18.5853 119.628 
-5.01595 -18.0352 118.478 -7.03161 -18.7299 119.348 -8.57111 -18.6937 119.433 
16.306 6.62189 115.481 -9.7165 -18.2978 118.921 -10.9106 -17.4615 118.832 
15.7403 9.96956 114.127 -12.1713 -16.2406 118.696 12.6966 14.7879 113.336 
-15.6131 -10.9114 117.04 11.5634 16.0523 113.31 -16.9682 -9.38648 117.323 
9.86601 17.1681 113.037 -17.7458 -7.91216 116.497 8.32772 17.6077 112.356 
-18.7504 -6.90244 116.562 7.34156 17.8079 112.428 6.42416 17.8903 112.612 
5.38925 17.6429 112.363 -19.7204 -5.89051 116.063 4.56663 17.3412 111.964 
3.9988 17.3732 111.991 -21.3297 -4.62594 115.645 1.99513 17.9423 112.489 
0.664312 17.8425 112.156 -22.781 -3.73545 115.64 -23.5333 -2.85894 115.404 
-1.43617 18.2201 112.306 -23.6127 -1.97815 114.704 -2.46013 18.1006 111.833 
-24.4827 -0.801814 114.61 -3.58318 18.8184 111.968 -4.82485 18.6643 111.337 
-25.2734 0.962845 114.272 -5.70223 18.4996 110.931 -5.41841 19.0193 111.419 
-4.93689 19.6762 112.04 -6.25418 19.5072 111.518 -25.9021 2.41202 114.131 
-8.10303 18.6177 110.586 -7.55912 19.4184 111.197 -25.8034 3.13787 113.491 
-26.1495 3.35045 114.022 -9.0784 19.6861 111.216 -25.8466 4.07167 113.271 
-26.0396 5.47145 113.322 -11.3911 19.7266 111.258 -25.8303 6.90608 112.881 
-13.7185 19.4096 111.295 -25.5112 8.28331 112.437 -14.3467 18.4639 110.702 
-25.3309 9.93511 112.918 -17.4139 17.2445 110.621 -16.9966 17.8756 110.852 
-17.1014 18.3283 111.198 -15.9044 18.4218 110.979 -14.905 19.0509 111.195 
-24.4671 11.5761 112.368 -23.2848 13.0331 111.656 -21.1946 14.7955 110.87 
-20.3847 15.9819 111.255 -18.317 17.6585 111.306 -22.2562 14.7963 111.679 
10.8219 -10.6035 120.321 9.20506 -11.4756 120.487 13.6458 -7.51983 119.623 
7.54739 -11.787 120.576 15.2388 -4.27971 119.521 15.3628 -3.7226 118.419 
5.98614 -11.6295 120.04 15.7596 -2.62217 118.369 16.4681 -0.543562 119.615 
-3.52797 -18.6999 120.971 -1.63121 -17.6302 120.334 -0.834906 -16.8393 120.648 
-0.154558 -15.3766 120.63 0.535121 -13.8214 120.102 3.09222 -11.3321 120.152 
-4.98376 -19.0411 121.073 1.33326 -12.4891 119.684 2.13111 -11.6949 120.71 
16.4615 2.98863 117.257 -6.39746 -19.0384 120.694 16.3878 4.13528 116.546 
-7.65133 -18.9993 120.43 16.4969 5.4752 116.472 -8.61232 -18.779 120.903 
16.6063 6.42773 116.508 -10.0169 -18.1128 120.298 16.663 7.87899 116.581 
16.6962 6.94423 116.702 16.5538 9.17613 116.498 -11.7413 -16.744 120.157 
16.1461 9.87141 115.348 15.8831 10.6871 115.031 -13.0711 -15.21 119.692 
15.4878 11.6207 115.119 -14.093 -13.7547 119.163 -14.6754 -12.8939 119.093 
-15.1361 -12.3154 119.128 13.7036 14.3405 114.975 12.1525 16.267 114.969 
-15.5722 -11.6095 118.531 -16.518 -10.5735 118.64 -17.943 -9.30007 119.105 
-18.021 -8.404 117.824 -18.5985 -7.56743 117.464 8.11579 18.1335 113.223 
-19.6468 -6.95817 117.712 6.99266 18.4412 113.492 5.79463 18.336 113.344 
-21.0098 -5.995 117.304 4.26363 17.7064 112.485 4.81073 18.1477 113.116 
3.60916 18.3562 113.323 -22.1265 -5.46439 117.25 -22.9268 -4.65389 116.836 
0.987869 18.6046 113.226 -0.194583 18.4139 112.769 -24.0763 -3.50997 116.707 
-1.11432 18.981 113.203 -24.9307 -1.92113 116.275 -2.09622 18.8845 112.764 
-1.53909 18.6884 112.844 -2.71345 19.4413 112.933 -25.7152 -0.28417 115.792 
-3.29923 20.0565 113.05 -4.10326 19.9184 112.549 -26.1791 0.81698 115.698 
-26.1953 1.67877 115.158 -7.45152 20.6815 112.073 -5.86303 20.8186 112.485 
-4.43517 21.2726 113.354 -26.5175 3.06041 115.158 -26.4019 4.5618 114.3 
-8.67132 20.9801 112.123 -8.47108 22.0305 113.178 -10.0122 21.0861 112.212 
-26.4679 6.64518 114.446 -12.7204 20.5673 112.074 -11.3792 20.8283 112.056 
-26.0761 8.5166 113.791 -15.7192 19.5387 111.911 -14.4308 20.3057 112.262 
-25.4043 11.8674 114.662 -24.4086 13.2133 113.408 -17.2642 18.8128 111.745 
-23.4637 14.4141 112.778 -22.8034 15.2721 112.586 -21.9222 16.1141 112.494 
-20.4095 17.5714 112.596 -18.7528 18.6117 112.398 12.2767 -9.45279 120.807 
13.3795 -8.08887 121.043 14.0683 -6.8571 120.326 8.76847 -11.6771 122.238 
10.2085 -11.0224 122.173 14.6614 -5.70155 120.372 6.34129 -11.6143 122.083 
5.11632 -11.3932 120.808 -2.62151 -19.0972 122.753 -4.03777 -19.3224 122.473 
-1.64256 -18.4743 122.265 -0.812266 -17.7251 121.929 -0.34329 -17.0696 122.202 
-0.101969 -16.1507 121.984 0.197615 -15.2402 121.926 0.785612 -13.9293 122.12 
4.13547 -11.2153 120.813 16.6994 2.17554 118.768 1.16533 -12.8933 121.038 
-5.74138 -19.3206 122.094 1.64065 -12.1632 121.193 16.777 4.45305 118.023 
-7.46299 -19.0475 122.101 16.8555 6.21745 117.571 -9.25197 -18.1556 122.548 
16.9362 7.19495 117.598 -10.9551 -17.1605 121.626 16.9094 8.58808 117.514 
16.2986 10.849 117.07 -12.7773 -15.2328 122.112 15.1105 13.0105 116.496 
-13.9229 -14.1336 120.502 -14.8656 -12.907 120.12 13.8481 15.1235 116.74 
-16.0135 -11.5581 119.846 -16.9748 -10.5397 119.715 10.5378 18.1462 115.598 
-18.7809 -7.97708 118.335 -19.5556 -7.97571 119.14 8.15676 18.9012 114.922 
-20.9135 -7.01729 118.847 6.13282 19.0898 114.538 4.89349 18.7746 114.011 
5.09046 19.4031 115.028 -22.1283 -6.30107 118.557 3.94809 19.2983 114.806 
-23.0926 -5.58473 118.285 2.1391 19.2153 114.341 -24.0079 -4.59127 118.06 
0.194973 19.4529 114.073 -24.8441 -3.47621 118.005 -25.0332 -2.77849 117.391 
-1.71986 20.1592 113.915 -3.00514 20.8753 113.746 -26.0864 -0.590904 117.111 
-26.4244 0.484272 116.631 -26.6912 1.87489 116.343 -5.61416 21.6369 113.098 
-5.66402 22.1805 113.584 -26.9051 3.27805 116.195 -6.57437 21.8382 113.092 
-26.9275 4.99944 115.928 -26.8471 7.15158 115.936 -11.6668 21.6518 113.065 
-10.053 21.9667 113.085 -26.5352 8.56619 115.416 -26.1076 10.0531 114.988 
-13.882 21.1644 113.158 -16.0425 20.5374 113.389 -24.7369 13.8212 115.154 
-24.0275 14.4946 114.009 -17.6901 19.5231 112.879 -23.065 15.6807 113.635 
-21.9547 17.0741 113.645 -21.1345 18.0552 113.839 -19.7486 18.9186 113.751 
11.6232 -10.0561 122.184 12.693 -9.04222 122.167 14.2924 -6.57358 121.506 
7.67026 -11.8637 122.436 15.2702 -4.69284 121.53 16.0203 -2.77568 120.745 
-1.82757 -19.2217 124.385 -2.99485 -19.5017 123.826 -0.375369 -18.1488 123.608 
-0.123051 -17.4957 123.208 0.433436 -16.4126 123.879 4.73566 -11.1558 122.277 
-3.92133 -19.6067 123.625 0.5792 -15.1008 123.203 3.54903 -11.0957 122.117 
16.9597 1.26653 120.542 -5.00413 -19.5679 123.457 1.44733 -12.5886 122.148 
1.97271 -11.8976 122.416 2.65614 -11.3635 122.26 17.2699 4.13904 120.579 
-6.35712 -19.4019 123.224 -7.28323 -19.0378 123.956 17.1344 5.77488 119.052 
-8.12469 -18.6777 123.386 17.1463 6.86473 118.651 17.1289 7.94943 118.447 
17.0312 9.29185 118.427 -10.749 -16.8186 123.376 -14.4221 -13.5289 121.465 
-15.6273 -12.251 121.403 12.8335 16.3958 116.468 -17.4668 -10.58 121.077 
12.1119 17.4865 116.673 -19.117 -8.98362 120.325 -20.5892 -8.00615 120.276 
-22.1182 -7.13805 120.169 6.46372 19.6327 115.633 5.63906 19.6227 115.413 
-23.1535 -6.32826 119.718 5.01813 20.0881 116.519 -23.9896 -5.43368 119.481 
3.08582 19.9419 115.688 2.12265 19.9423 115.439 -24.8546 -4.12534 119.269 
1.20509 20.1506 115.298 -0.0735028 20.4744 115.038 -25.8415 -1.92201 118.841 
-0.829732 21.2767 115.245 -2.52656 21.9625 114.759 -26.7642 0.941538 117.934 
-4.13642 22.5099 114.482 -5.17202 22.5681 114.17 -27.1693 3.37891 117.305 
-6.66253 22.8622 114.328 -27.3701 5.34682 117.514 -8.57831 23.0831 114.759 
-27.1457 6.65966 116.915 -10.4174 22.5757 114.189 -26.8836 8.67311 117.127 
-11.928 22.3423 114.227 -26.498 9.68404 116.158 -13.2256 22.0499 114.345 
-26.2821 10.8643 116.777 -15.0721 21.5787 114.581 -18.2873 20.0685 114.433 
-23.842 15.3695 115.16 -22.7698 16.8886 115.043 -21.8966 17.798 114.585 
-21.162 18.5739 114.891 12.2885 -9.37182 123.405 10.9682 -10.4848 123.621 
13.5513 -7.82386 122.82 9.4791 -11.3582 123.87 8.11956 -11.748 123.657 
14.6666 -6.00879 122.703 7.18144 -11.7685 123.322 15.7108 -4.21406 123.557 
16.0329 -3.28681 122.277 6.55454 -11.5801 123.451 16.4579 -2.24516 122.223 
16.5857 -1.52201 121.492 -0.697605 -18.7426 124.609 0.0310614 -18.374 125.038 
0.444572 -17.586 124.961 5.66131 -11.2078 123.555 16.8404 -0.636043 121.578 
16.9012 0.0600762 121.086 -2.62407 -19.5838 124.792 -3.88033 -19.6522 124.871 
4.7304 -10.9514 123.397 17.0322 0.559946 121.354 17.1396 1.12075 121.578 
1.15471 -13.8964 124.034 4.03251 -10.8925 123.472 3.08565 -11.1127 124.073 
17.238 2.21567 121.407 -5.88708 -19.434 124.733 1.6114 -12.7361 123.825 
2.30433 -11.7652 124.141 17.395 7.1817 120.305 -8.46339 -18.0148 125.025 
17.3462 8.61296 119.623 -9.61876 -17.5326 124.045 17.3003 9.38771 119.696 
16.9849 10.3739 119.584 16.1098 12.6671 119.682 -11.6952 -15.5451 124.838 
15.0308 14.1558 118.307 -14.5993 -13.18 123.204 14.3235 15.3981 118.477 
-16.3416 -11.6833 122.681 13.2549 16.5901 117.724 -17.32 -10.9647 122.343 
12.6221 17.5324 117.657 -18.175 -10.3662 122.38 12.0933 18.1127 117.69 
-19.7682 -9.12294 122.006 11.2115 18.5442 117.073 9.63685 19.2795 117.126 
-21.4976 -7.92789 121.36 7.40218 19.8255 116.778 -22.5606 -7.32329 121.616 
-23.3256 -6.64266 121.112 -23.9318 -5.98102 120.638 3.26373 20.6261 116.745 
-24.6654 -4.97316 120.672 2.10919 20.5704 116.172 0.694808 21.3036 116.141 
-25.3931 -3.63516 120.419 -0.720496 22.4085 116.146 -1.89444 22.8792 115.802 
-2.76125 22.9852 115.451 -2.47461 23.4291 116.272 -26.9178 0.661155 120.281 
-3.58483 22.9346 115.099 -3.60452 23.5233 115.983 -5.05116 23.3024 115.257 
-27.3165 2.732 118.984 -27.4934 4.31147 118.433 -7.39896 23.8845 116.56 
-27.5643 5.46016 118.691 -27.3781 6.9851 118.333 -10.0806 23.3825 115.883 
-12.2927 22.8548 115.643 -14.2214 22.472 115.984 -15.835 21.9231 116.072 
-25.4999 12.9706 116.844 -24.5422 14.8067 116.721 -18.7809 20.4704 116.17 
-16.9439 21.0793 115.222 -23.5236 16.3378 116.43 -22.7302 17.4359 116.308 
-20.1832 19.439 115.599 -22.0723 18.0346 115.635 -21.4268 18.7385 116.033 
11.5757 -9.97657 124.783 12.8807 -8.65241 124.431 14.3278 -6.6618 124.228 
9.38402 -11.3981 125.016 8.43524 -11.5405 125.117 10.2722 -10.9271 124.959 
6.87058 -11.3894 124.509 16.5115 -2.41113 123.373 -0.202172 -18.6933 125.885 
-1.15935 -19.0197 126.227 0.347822 -18.2501 126.149 0.85586 -17.6035 126.51 
1.33118 -16.1156 126.702 16.9479 -1.00216 123.085 -2.46803 -19.4749 125.768 
1.25515 -14.7083 125.228 5.75027 -10.9568 124.575 17.1604 0.366691 122.449 
-3.53531 -19.4875 126.351 1.58419 -13.4055 125.225 4.81445 -10.7364 124.434 
17.3671 1.75024 122.519 -4.85447 -19.3194 126.21 3.78318 -10.6821 124.857 
17.4985 3.17948 122.335 -6.14824 -18.9499 126.178 17.5291 4.17729 121.818 
-7.06754 -18.862 125.345 17.6101 4.91629 121.983 17.6512 6.23679 122.265 
17.3687 9.18204 120.658 -10.0849 -16.7535 125.263 16.9807 10.7718 121.427 
-13.1358 -14.3335 124.463 15.0039 14.7877 120.188 -13.9237 -13.293 125.606 
-15.718 -11.973 124.859 13.8113 16.3993 119.651 12.7278 17.6198 118.883 
-17.4437 -10.8876 123.547 11.27 18.7458 118.582 -18.8291 -9.95262 123.35 
9.74808 19.4989 118.907 8.31856 19.8982 118.325 -21.8595 -7.84684 123.147 
6.42405 20.2157 118.201 -23.4192 -6.57488 122.659 5.32668 20.3934 117.858 
4.80174 20.5316 117.797 -24.2787 -5.63644 121.888 3.86344 20.9505 117.926 
-25.2081 -4.16637 121.893 2.18397 21.5855 117.418 -25.9638 -2.5382 121.192 
0.63478 22.5665 117.271 -26.4257 -1.22177 120.675 -0.294064 23.0915 117.081 
-1.34364 23.4343 117 -3.00659 24.1188 117.942 -4.87511 23.9544 116.703 
-27.3519 2.52634 120.16 -27.5098 4.23651 120.139 -27.5627 6.08593 119.625 
-27.372 7.69732 120.128 -9.95945 23.9816 117.514 -27.1416 8.74769 118.81 
-11.5486 23.5195 117.006 -26.7677 10.1187 118.35 -26.2254 11.8324 118.55 
-15.3186 22.6793 117.719 -13.4211 22.9389 116.553 -13.9091 23.037 117.267 
-25.1885 14.144 118.761 -17.4463 21.5615 117.258 -24.0975 15.8561 117.865 
-23.097 17.1953 117.488 -22.1812 18.195 116.871 -21.2599 19.0326 117.061 
-20.1664 19.8304 116.972 -19.4458 20.5255 117.833 10.7442 -10.6612 126.287 
9.42497 -11.3385 126.02 12.0501 -9.61061 125.853 13.2645 -8.24734 125.596 
14.4076 -6.75537 125.693 8.47895 -11.4761 126.346 15.6381 -4.80533 125.436 
16.3117 -3.41151 124.907 7.39057 -11.1434 126.188 16.6416 -2.47696 124.581 
17.0747 -1.16333 124.545 -0.252436 -18.541 127.061 -1.16417 -18.6253 127.682 
0.46045 -18.0027 127.378 1.01538 -17.3802 127.445 5.74219 -10.5243 125.747 
17.2969 -0.35054 124.461 17.3609 0.202671 124.077 -2.45591 -18.9833 127.311 
17.5667 1.51558 124.11 -3.9355 -18.9987 127.266 1.67218 -14.5838 126.499 
1.76092 -13.7439 126.215 4.37838 -10.3026 125.701 17.5718 2.41017 123.341 
2.03237 -12.6787 125.876 2.55929 -11.637 125.847 3.09841 -10.9404 125.819 
3.60319 -10.4712 125.974 -5.21511 -18.0532 127.824 17.6961 4.40335 122.876 
-7.20778 -17.9882 126.822 17.7726 5.42901 122.927 17.828 6.04279 123.42 
-8.28076 -17.4055 126.782 17.4422 8.65416 122.613 -9.23325 -16.6971 126.879 
-10.7904 -15.477 127.12 -12.4234 -14.4116 126.425 16.3312 12.5983 121.985 
16.0521 13.4286 121.124 15.7939 13.8674 120.76 13.1264 17.2387 120.451 
-17.2127 -10.8909 125.29 11.7469 18.1638 120.954 -18.4236 -10.1771 124.612 
10.5061 19.0563 119.969 -19.9403 -9.14639 124.672 8.62951 19.8052 119.488 
7.2361 20.0164 119.729 6.19862 20.2661 119.302 -23.1509 -6.65967 124.326 
5.09056 20.5823 118.934 -24.6433 -4.6557 124.111 3.8727 21.2059 119.345 
2.86239 21.8922 118.927 -25.7467 -2.99372 122.775 1.50416 22.904 118.784 
-26.4952 -0.889935 122.456 -0.0178066 23.5493 118.201 -26.9832 0.881347 121.985 
-1.28071 24.0249 118.461 -27.2425 2.33431 121.522 -5.31354 24.4567 118.377 
-27.4844 5.92761 121.388 -8.55419 24.3148 117.905 -26.8633 10.1491 119.969 
-11.2834 23.8512 117.861 -12.8748 23.2944 117.227 -12.1243 23.7011 117.979 
-26.1464 12.3067 120.061 -24.4086 15.5948 118.945 -23.665 16.6498 118.869 
-22.3987 18.1589 118.526 -20.9605 19.4766 118.248 9.83398 -11.171 127.215 
9.05521 -11.4024 127.109 10.605 -10.8017 127.924 11.4478 -10.2605 127.118 
12.3729 -9.39448 127.029 13.5903 -7.98513 126.935 14.4516 -6.85634 126.499 
15.1342 -5.88957 126.461 15.8645 -4.83083 126.891 8.28263 -11.2697 127.348 
16.5215 -3.2272 125.9 16.8069 -2.44691 125.591 7.44696 -10.8883 127.389 
17.1842 -1.29396 125.769 -0.473363 -17.9567 128.411 0.514585 -17.4532 128.421 
1.13004 -16.8843 128.136 1.41505 -16.0406 128.611 1.81049 -15.0265 128.214 
6.51934 -10.4069 127.039 17.5918 0.449652 125.703 -1.79948 -18.1088 128.595 
1.94443 -13.988 127.238 5.56453 -9.88183 127.039 -3.245 -18.1563 128.4 
2.28403 -12.4996 127.385 4.70803 -9.85876 126.79 17.7677 3.27751 124.246 
2.66056 -11.4301 127.2 3.13852 -10.6613 126.969 3.7945 -10.1134 126.834 
17.8737 5.27696 124.366 -6.70062 -17.0206 128.335 17.7548 7.00843 124.097 
-8.1518 -16.5027 128.18 16.7699 11.0129 123.607 15.4202 14.2295 122.103 
-13.1695 -13.408 127.613 -14.5341 -12.4983 126.846 13.3602 16.4053 122.519 
-16.0586 -11.4125 127.176 -18.238 -10.1431 126.599 9.8976 18.979 121.301 
9.10099 19.4739 120.452 -19.8472 -9.05376 127.358 -21.7657 -7.7261 125.941 
8.08099 19.7649 120.373 6.57941 19.9895 120.779 7.16685 19.8163 121.058 
5.9181 20.2516 120.265 4.52311 20.8569 120.779 3.30694 21.7519 120.386 
2.4038 22.5864 120.073 -25.8363 -2.36269 124.136 0.689602 23.6914 119.352 
-0.228315 24.0872 120.037 -26.8807 1.5596 123.836 -1.70732 24.3535 119.742 
-27.254 4.10131 123.063 -7.46358 24.6297 119.099 -27.3892 7.2342 121.631 
-27.4006 6.52817 122.322 -27.0963 8.89456 121.515 -9.28976 24.4363 118.795 
-26.843 10.2321 121.155 -11.0583 24.178 118.993 -26.5625 11.19 120.956 
-13.326 23.596 118.718 -26.0328 12.4113 121.508 -25.4647 13.8011 120.672 
-15.3307 23.2567 119.836 -24.4697 15.5594 120.328 -16.9668 22.4014 119.083 
-23.3088 17.2552 120.075 -22.6134 18.1438 119.797 -21.8193 18.9476 119.665 
-20.4228 20.1561 119.426 -18.7259 21.355 119.089 11.5156 -10.2145 128.433 
12.5313 -9.22704 128.507 13.5851 -8.07111 128.529 9.37248 -11.106 128.623 
14.6144 -6.77095 127.587 15.5123 -5.53204 127.577 16.1526 -4.48052 128.504 
16.4326 -3.68243 126.956 7.9513 -10.9192 128.635 17.089 -1.9579 127.093 
6.97127 -10.4736 128.101 17.5394 -0.385979 126.948 0.493814 -16.5162 129.354 
1.0597 -15.7357 129.683 1.53723 -14.9134 129.513 5.89507 -9.86102 128.251 
-0.347187 -17.1148 129.324 -1.2372 -17.3097 129.386 1.9871 -13.5814 128.806 
17.8566 2.2453 125.665 -2.26033 -17.3076 129.38 2.31101 -12.1102 128.576 
4.9413 -9.56671 127.769 17.9999 3.9954 126.57 -3.50295 -16.8848 129.449 
2.70795 -11.0611 128.26 3.23246 -10.3284 127.875 3.94324 -9.76878 128.101 
17.8375 6.63584 126.172 -5.42236 -15.8191 129.847 -7.08725 -16.1954 129.019 
17.2849 8.96744 125.349 -8.8537 -15.3458 129.214 -9.59064 -15.5939 128.422 
-10.667 -14.6744 128.979 15.8273 13.0574 123.904 -11.8321 -14.2593 128.273 
14.5935 14.5907 124.381 -14.1231 -12.3634 128.82 12.0393 17.7437 122.468 
11.1216 18.2467 122.549 10.182 18.6768 122.169 9.31415 18.9785 122.133 
8.38926 19.2681 122.209 7.96369 19.5905 121.262 7.16771 19.639 122.099 
6.00003 20.0973 121.78 -23.3884 -6.0828 126.028 3.68568 21.4725 121.55 
2.85574 22.3793 121.965 1.41021 23.4516 120.617 -26.2843 -0.666493 124.882 
-2.64638 24.5704 120.318 -1.29986 24.4466 122.402 -3.91241 24.6656 119.805 
-5.4201 24.9236 120.708 -27.2655 5.79443 123.381 -7.16715 24.9801 121.066 
-27.136 7.48268 123.155 -9.31709 24.7242 120.793 -26.94 9.04921 122.575 
-26.5572 10.6057 122.267 -12.0179 24.2395 120.194 -10.809 24.5002 120.247 
-13.6175 23.904 120.505 -25.4809 13.5743 122.02 -24.9751 14.6651 121.714 
-24.4742 15.5625 121.698 -23.6369 16.8014 121.966 -18.1722 22.0447 120.395 
-16.8704 22.7921 120.385 -22.6411 18.1766 120.842 -21.4642 19.478 121.085 
-19.8125 20.8825 120.689 11.5447 -9.98318 130.209 10.6318 -10.6829 129.586 
12.7433 -8.78581 130.098 13.6317 -7.96289 129.493 14.3538 -7.13362 129.088 
15.2937 -5.9092 128.77 9.7579 -10.7014 130.967 8.58538 -10.954 129.968 
16.7968 -3.00532 128.294 7.82981 -10.8291 129.68 17.2018 -1.60435 129.223 
6.90714 -10.3737 129.604 17.5664 -0.377006 128.152 17.8326 0.909864 127.683 
-1.48527 -16.0442 130.307 0.146033 -15.3838 130.499 0.918819 -15.0182 130.349 
1.07774 -14.3587 130.572 1.47744 -13.7039 130.26 5.67543 -9.73827 129.71 
17.9674 2.0453 126.912 1.85314 -12.5802 129.938 2.27714 -11.5616 129.462 
4.68905 -9.48578 129.068 -3.23799 -15.7215 130.432 2.84678 -10.4782 129.427 
3.69671 -9.67206 129.417 -7.70066 -15.2639 129.718 -8.7345 -14.7879 129.875 
15.9448 11.7045 126.107 -9.56285 -14.602 129.768 -10.5849 -13.9109 130.216 
-11.6151 -13.7729 129.66 15.2248 13.5073 125.319 -12.6108 -13.3946 129.035 
-15.6608 -11.3529 129.231 -17.1569 -10.6356 128.606 11.2234 17.7391 123.895 
-18.5155 -9.86906 128.432 9.90168 18.5359 123.259 9.14896 18.8976 122.719 
8.47645 18.9554 123.606 -20.9098 -8.00254 128.654 6.70612 19.6709 123.737 
-22.4247 -6.87896 127.455 -23.2844 -5.76397 127.628 4.475 20.9915 123.094 
-24.2587 -4.46725 126.873 -25.3868 -2.32454 126.459 1.75868 23.382 122.453 
-26.0422 -0.656347 126.272 0.599987 23.9506 121.915 -26.35 0.915914 126.241 
-26.7326 2.39361 125.712 -3.48118 24.8742 121.954 -26.9567 3.4501 125.007 
-27.0623 4.32835 124.732 -27.0741 5.00865 124.657 -27.0735 5.63004 124.641 
-27.0433 6.31336 124.529 -26.9835 7.04131 124.487 -26.7698 7.95392 124.73 
-26.6898 9.25717 123.605 -26.1966 10.7827 123.857 -10.9611 24.5497 121.096 
-12.4235 24.2696 121.795 -25.5729 12.6685 123.588 -13.7761 23.9711 121.539 
-25.0122 14.272 123.056 -16.4115 23.0289 121.388 -14.9087 23.5996 121.338 
-24.4577 15.4298 122.728 -17.662 22.4559 121.375 -22.4352 18.4726 122.243 
-21.7121 19.3579 122.251 -20.7673 20.2153 122.276 -19.0735 21.5258 121.836 
10.746 -10.4807 130.804 13.7734 -7.49746 130.526 14.8419 -6.38159 129.932 
15.6339 -5.24908 129.93 16.196 -4.36814 129.828 8.55533 -10.7643 131.182 
16.6117 -3.39001 129.646 7.75784 -10.72 130.544 7.06913 -10.4215 130.845 
17.6331 0.774499 129.584 6.18077 -9.92152 131.329 4.86154 -9.491 130.553 
17.9893 2.56348 128.219 -0.936434 -14.3567 131.517 0.260956 -14.1016 131.318 
0.863655 -13.5913 131.17 1.1563 -12.7342 131.168 1.70138 -11.4887 130.961 
4.02973 -9.45325 130.162 17.9337 4.25453 128.376 -2.49399 -15.2251 130.953 
-2.11682 -14.5323 131.478 2.31894 -10.4517 130.967 3.15523 -9.77983 130.645 
17.8214 5.86554 127.807 -3.46487 -14.6918 131.19 17.7069 7.24928 127.486 
17.5478 8.09071 126.895 -6.59724 -14.2502 131.027 16.7874 9.36477 127.473 
-8.35964 -14.0908 130.764 -9.6639 -13.6906 130.851 -10.3336 -13.5246 130.838 
-10.6927 -13.4058 130.838 -11.4911 -13.0513 130.861 14.9682 13.2787 126.364 
-12.8069 -12.747 130.233 14.3924 14.2135 125.936 -14.7776 -11.2633 131.167 
12.7183 15.1937 126.589 12.2007 16.733 124.712 -16.6004 -10.7118 130.184 
11.0301 17.0452 125.875 -17.8881 -10.1208 129.621 -19.1631 -9.30385 129.373 
9.94251 17.9463 125.428 9.32299 18.4712 124.525 7.89414 18.9878 124.883 
-22.2438 -6.47108 128.996 -23.484 -4.72433 128.891 3.37127 22.0173 123.979 
-24.5799 -3.1573 128.207 2.46738 22.8403 123.672 -25.0915 -2.45432 127.695 
1.02895 23.5898 124.115 -25.0132 -1.90692 128.374 -25.6704 -0.411397 127.639 
-26.4151 2.39693 126.959 -26.6401 3.4295 126.544 -26.7796 4.52851 126.059 
-4.95043 25.0857 122.622 -26.7933 5.68376 125.825 -6.20129 25.1133 122.19 
-26.7501 6.897 125.568 -7.74594 25.0214 122.735 -26.6668 7.64874 125.548 
-26.5434 8.21549 125.525 -9.21655 24.8561 122.808 -26.1127 9.61378 125.536 
-10.5287 24.6337 122.593 -25.7248 11.4479 124.875 -12.5325 24.1864 123.066 
-11.6833 24.3919 122.993 -13.5214 24.0354 122.061 -14.4778 23.7009 122.573 
-13.4051 23.9836 122.861 -24.8069 14.2347 124.332 -24.344 15.2998 124.069 
-15.9806 23.1228 122.725 -23.8101 16.3488 123.582 -22.7697 17.8274 123.715 
-20.0157 20.7168 123.242 -17.9779 22.0763 122.984 -21.7633 19.2206 123.113 
-21.0349 19.9348 123.314 10.8555 -10.0116 131.913 9.93811 -10.1626 132.575 
11.7969 -9.39771 131.506 12.5133 -8.41611 131.941 13.4787 -7.24478 131.989 
14.7249 -5.98859 131.27 8.93528 -10.425 132.296 15.9855 -4.2224 130.925 
16.7671 -2.51618 130.8 7.64916 -10.4088 131.823 17.2366 -0.93044 130.788 
4.92866 -9.44674 131.877 17.6039 3.27878 129.811 3.87152 -9.35256 131.453 
-0.700858 -12.8544 132.401 0.315387 -12.7597 132.009 0.739488 -11.9127 132.035 
0.889633 -11.1586 132.307 1.55759 -10.545 132.037 2.33803 -9.74265 131.955 
3.07331 -9.4781 131.613 17.3412 5.68411 129.371 -2.82518 -13.8041 131.935 
-2.00329 -13.1125 132.423 -3.27845 -12.9464 132.513 -3.72572 -13.7158 131.907 
17.193 7.56545 128.576 -4.90051 -14.1074 131.443 -4.563 -13.0296 132.422 
17.4398 8.09696 127.647 -5.80115 -13.2654 132.147 16.4915 8.95983 128.693 
-7.19515 -13.2219 132.025 -8.62611 -13.0416 131.935 15.9253 10.0182 128.617 
15.6841 10.9786 127.928 -10.3323 -12.6819 131.824 15.3289 11.8275 127.576 
14.8335 12.6518 127.413 -11.7531 -12.1143 131.976 14.1594 13.7978 126.986 
-12.7682 -12.0146 131.586 -16.4765 -10.5161 131.147 -17.9441 -9.72258 130.807 
9.42265 17.6196 126.957 -19.618 -8.62156 130.382 8.42543 18.5304 126.137 
-20.816 -7.40668 130.432 6.73786 19.4812 126.163 5.29409 20.4206 125.224 
-21.9383 -5.67248 130.849 4.13357 21.3243 125.176 2.87377 22.359 125.813 
-23.9697 -3.59918 129.329 -25.1342 -0.775239 128.945 -25.3439 0.25932 128.96 
-25.7178 1.83563 128.575 -0.725611 24.0915 125.262 -2.31911 24.6203 124.852 
-26.242 3.17712 127.752 -2.70224 24.832 123.415 -3.98295 24.9694 124.267 
-26.3268 4.20519 127.674 -26.3016 5.29307 127.689 -6.03769 25.0859 123.845 
-26.2986 6.49446 127.319 -26.3217 7.84743 126.473 -7.52966 24.989 124.329 
-9.80167 24.7493 123.619 -8.95865 24.8132 124.304 -11.0501 24.447 123.858 
-10.3426 24.6363 123.703 -25.3413 11.3737 126.284 -25.1084 12.5591 125.668 
-13.0288 23.89 124.272 -12.0125 24.219 123.872 -24.6702 13.8744 125.473 
-24.0544 15.2891 125.392 -14.2483 23.5733 124.076 -23.448 16.5856 124.825 
-16.8504 22.4922 124.343 -15.4632 23.1442 124.186 -22.3874 17.9637 125.113 
-21.3292 19.3774 124.231 -19.7258 20.6306 124.505 -18.3306 21.5708 124.68 
10.5855 -9.32248 133.481 11.5149 -9.07652 132.809 12.0016 -8.43176 133.09 
12.6294 -7.65774 133.104 13.7951 -6.1772 133.08 9.38567 -9.67632 133.606 
15.1781 -4.64214 132.467 16.1902 -2.94002 132.253 8.25408 -10.0382 133.122 
16.8255 -1.72951 131.763 17.0316 -0.719645 131.86 7.09686 -9.81915 133.077 
17.3131 0.22659 131.217 5.68644 -9.42645 133.151 17.2196 1.65314 131.259 
4.22256 -8.9859 133.042 17.0524 3.10161 131.163 16.7804 4.67241 130.861 
2.95393 -9.01415 132.691 -0.216589 -11.168 133.106 0.731558 -10.3841 132.963 
1.33356 -9.64364 132.992 1.98452 -9.06802 133.086 -2.97482 -11.6905 133.375 
-1.54241 -11.6018 133.288 16.0253 7.21376 130.662 16.9265 6.99894 129.573 
-4.03131 -12.2661 133.03 16.7333 7.50967 129.589 -5.16433 -12.1799 133.21 
-5.41487 -12.726 132.719 16.4964 8.15904 129.417 -6.27575 -12.4436 132.994 
15.8 9.24465 129.558 -7.52704 -12.4379 132.883 15.4852 10.1622 129.237 
-8.68149 -12.0287 133.112 15.2019 10.7236 129.114 -9.82369 -11.8368 133.032 
14.6565 11.7662 128.773 -10.781 -11.5614 133.005 -11.3219 -11.8446 132.455 
-11.5286 -11.2754 133.092 13.6748 13.1993 128.369 -11.8893 -11.4289 132.793 
-12.5184 -11.3157 132.74 -13.5348 -11.0822 132.586 -14.4708 -10.6307 132.736 
-15.4306 -10.2786 132.601 -16.7734 -9.81899 132.076 10.3082 16.3991 127.856 
-19.0394 -8.15742 131.923 8.01166 18.2585 127.883 7.49145 18.8821 127.116 
-20.6426 -6.9877 131.427 4.79369 20.7683 127.385 -23.2743 -3.83532 130.443 
-24.1431 -2.68357 129.752 -24.4366 -1.41065 130.051 0.753149 23.2437 127.24 
-24.7612 -0.121191 130.071 -25.0324 1.00307 129.919 -25.813 3.69256 128.935 
-3.36456 24.7051 125.923 -25.9005 4.75407 128.903 -4.20368 24.8722 125.704 
-25.8672 5.38521 129.008 -6.71222 24.9236 125.226 -5.28525 24.904 125.498 
-25.8608 6.06029 128.819 -25.9149 6.68159 128.455 -25.8415 7.49682 128.144 
-25.6178 8.98019 127.666 -8.05165 24.7338 125.691 -25.2245 10.5894 127.408 
-10.2714 24.5595 124.443 -11.6629 24.0403 125.356 -9.9555 24.4323 125.525 
-9.05709 24.6633 125.422 -24.9256 11.5586 127.374 -24.6966 12.3775 127.194 
-24.351 13.5797 126.93 -13.8963 23.3943 125.561 -12.9553 23.7037 125.431 
-23.7024 15.0976 126.921 -16.1201 22.7689 124.89 -16.6053 22.3863 125.499 
-15.7343 22.7097 125.759 -14.8673 23.1389 125.348 -22.8219 16.9115 126.288 
-21.165 19.0059 125.886 -19.3903 20.5312 125.884 -17.7843 21.6217 125.872 
10.2029 -8.1223 135.051 11.5998 -8.141 133.988 12.6215 -6.91953 134.126 
14.4814 -4.70443 133.776 15.4006 -3.29007 133.62 16.0435 -2.39625 133.214 
8.32147 -9.17243 134.432 16.403 -1.26132 132.913 6.74921 -9.19255 134.304 
16.8685 0.223755 132.273 5.84964 -9.09933 134.216 5.03181 -8.79435 134.16 
4.06969 -8.37937 134.228 16.2515 3.26914 132.133 16.693 2.3125 132.008 
3.23345 -8.30569 133.952 15.9594 4.55365 131.964 1.27779 -8.78491 133.813 
2.11308 -8.22907 134.091 16.1826 5.52617 131.344 -1.23414 -10.6954 133.755 
-1.02742 -9.98553 134.056 0.108512 -9.27458 134.02 -2.11859 -10.2965 134.125 
-4.41164 -11.4018 133.738 -3.7012 -10.2541 134.43 -6.00502 -11.8762 133.575 
-5.62438 -11.3627 133.959 -5.07795 -10.5058 134.534 15.0858 9.31423 130.585 
-7.01137 -11.3951 133.986 15.1505 10.1399 129.787 -8.38248 -11.0859 134.221 
14.4257 10.6432 130.32 -9.26988 -11.351 133.773 -9.0231 -10.8362 134.383 
13.3465 11.9495 130.237 -10.0906 -11.2892 133.587 -11.3231 -11.0336 133.474 
-10.8007 -10.8489 133.888 12.1795 13.5016 129.653 -11.9969 -10.5116 133.968 
-13.1224 -10.5202 133.579 -13.9308 -10.3038 133.522 10.7679 14.9338 129.36 
-15.0097 -9.76688 133.59 -16.2313 -9.43509 133.204 -17.3894 -8.61355 133.173 
8.72998 17.1877 128.767 -18.0818 -6.986 134.05 -20.2663 -6.38775 132.475 
6.69393 19.2117 128.063 -21.279 -4.99531 132.537 -22.3346 -4.06132 131.859 
3.11315 22.0262 127.684 -23.032 -2.06902 132.124 2.4617 22.5777 127.2 
2.01851 22.6813 127.765 2.50189 22.433 127.847 -24.0119 -0.572605 131.293 
-24.1603 1.14311 131.607 -24.9066 2.0388 130.477 -2.20656 24.0289 127.581 
-25.1328 3.25777 130.306 -25.3286 4.51796 130.13 -4.38131 24.5508 127.004 
-25.537 5.20738 129.777 -25.5328 5.68603 129.731 -25.3294 6.30722 129.945 
-25.5006 6.99055 129.294 -6.50572 24.564 126.813 -25.1532 8.38039 129.274 
-7.8128 24.5152 126.734 -24.8059 10.075 128.95 -9.06626 24.4205 126.372 
-8.33112 24.4898 126.633 -24.3444 11.8404 128.651 -11.9387 23.6279 126.827 
-10.557 23.7865 127.316 -23.9484 13.3381 128.286 -12.9073 23.4731 126.428 
-23.6919 14.3672 127.946 -23.1138 15.3252 128.325 -14.5439 23.0669 126.129 
-14.98 22.8535 126.352 -14.1354 22.9196 127.048 -22.6511 16.44 127.848 
-18.8062 20.5979 127.126 -17.8111 21.3072 126.999 -16.7165 21.9315 126.911 
-15.3888 22.4075 127.31 -21.6571 17.9249 127.517 -20.2819 19.3857 127.296 
11.8571 -6.74223 135.218 13.2736 -5.415 134.826 14.3566 -3.6031 134.97 
8.90631 -8.049 135.687 15.0553 -2.49728 134.697 15.6653 -1.88899 134.008 
7.59138 -8.32761 135.47 15.5903 -0.494829 134.143 16.2021 0.205527 133.313 
5.9964 -8.37184 135.156 15.5651 0.571028 134.004 15.9643 1.06939 133.404 
16.5373 1.25906 132.594 16.0363 1.97379 132.937 15.4572 1.36328 133.817 
4.51383 -7.91984 135.162 15.2267 2.39143 133.572 3.53676 -7.79651 134.888 
15.4287 3.63052 132.845 2.77288 -7.63195 134.914 14.9408 4.5953 132.971 
15.4606 5.8315 132.053 0.910451 -7.95146 134.792 1.90373 -7.25837 135.456 
-1.72746 -8.8587 134.79 -0.501832 -7.80365 135.193 15.2711 6.87688 131.874 
14.8241 6.68288 132.464 -2.80039 -9.39222 134.772 14.4786 8.06215 132.158 
-4.80508 -9.58065 135.149 -3.83696 -8.92125 135.297 -2.8054 -8.81195 135.079 
14.974 8.58133 131.305 -6.09886 -10.5835 134.646 -5.80517 -9.67234 135.309 
14.3365 9.49333 131.471 13.7713 9.3846 132.162 -7.75562 -10.611 134.723 
-6.99492 -9.86944 135.31 13.4027 10.4864 131.636 -8.76272 -10.0249 135.194 
-9.77046 -10.7404 134.306 11.7071 11.7805 131.964 -10.6882 -10.01 134.954 
-11.7045 -9.78932 135.049 -12.3062 -9.63326 135.034 -13.676 -9.19263 134.877 
10.8453 13.6066 130.94 9.44457 14.5836 131.359 -16.1781 -8.36332 134.331 
9.30476 15.9732 129.696 8.64782 15.8284 130.801 8.32937 16.6877 130.106 
7.21481 17.8838 130.117 -19.5787 -5.07262 134.19 5.78837 19.6645 129.246 
-21.3113 -3.36961 133.633 4.62599 20.4842 129.541 3.55887 21.3473 128.972 
1.53968 22.3662 129.053 -23.2804 -0.049914 132.741 0.489934 23.0797 128.626 
-0.206938 23.3624 128.613 -24.3716 2.86308 131.677 -0.73 23.5998 128.234 
-24.5613 4.23449 131.506 -24.8698 5.64979 130.899 -4.58002 24.3146 128.032 
-3.96028 24.1675 128.247 -24.6874 7.44464 130.663 -5.29123 24.3446 127.873 
-24.2813 9.49197 130.434 -8.17214 24.0688 127.852 -24.0835 11.0025 129.94 
-23.5914 12.1035 130.166 -23.3612 13.2406 129.693 -12.5542 23.1076 127.955 
-23.1153 14.5136 129.111 -22.7941 15.3438 129.039 -22.3928 15.992 129.061 
-16.0575 22.0595 127.656 -16.4606 21.629 128.303 -15.6103 22.0353 128.28 
-14.3886 22.0974 129.165 -21.6778 17.113 128.951 -20.6961 18.391 128.74 
-19.389 19.6039 128.584 -17.8111 20.8456 128.237 9.71709 -7.07306 136.294 
11.0229 -6.04485 136.395 12.3296 -5.37318 136.017 13.1644 -3.91757 136.13 
13.963 -2.82391 135.948 14.5259 -2.40751 135.462 8.40134 -7.07237 136.479 
14.7681 -1.30523 135.181 6.93651 -7.38115 136.225 14.4705 0.774773 134.921 
5.28098 -7.04989 136.283 14.3462 2.21227 134.498 3.30989 -6.85936 136.197 
14.4074 3.35758 133.913 1.87415 -6.43099 136.605 13.5184 4.53214 134.159 
13.4494 3.46399 134.6 14.2509 5.94595 133.188 0.555636 -6.74517 136.126 
12.9303 5.92967 134.172 -1.05659 -6.73623 136.074 -1.98473 -7.56459 135.513 
13.0358 7.32241 133.669 14.1677 7.14083 132.917 -2.96691 -8.19315 135.404 
-2.44436 -6.6432 136.263 13.7129 7.93709 132.971 -5.53979 -8.47991 136.152 
-4.15596 -7.76533 136.085 -3.15123 -7.33761 135.913 12.8198 9.24158 132.942 
-6.28086 -9.03508 135.895 -6.3316 -8.60292 136.267 -7.63397 -8.96458 136.171 
-6.77752 -8.87889 136.125 -8.77112 -8.82786 136.385 -9.9347 -9.15852 136.004 
-11.686 -8.86397 136.013 10.221 13.0326 132.223 -12.9807 -8.41278 136.102 
-13.8089 -7.74594 136.331 -15.2859 -7.34446 135.791 8.41892 15.4542 131.728 
-16.6249 -6.95004 135.283 8.02172 16.3861 131.067 5.4029 19.3386 130.782 
3.20182 20.5605 131.135 -20.7442 -1.43709 135.331 -21.9059 -2.13226 133.788 
-22.0516 -1.33787 134.029 -22.5113 -0.526791 133.775 -22.638 0.508072 133.942 
-22.9865 1.6875 133.593 -0.175266 23.0696 129.303 -23.6236 2.64666 132.822 
-1.22916 23.4455 129.124 -23.817 3.76573 132.673 -2.46526 23.4249 129.674 
-23.742 5.19257 132.713 -3.99971 23.65 129.512 -4.92829 24.0547 128.726 
-5.84491 23.5976 129.704 -23.8911 6.76932 132.2 -23.4509 8.83932 132.12 
-6.27796 24.0792 128.453 -7.17453 23.669 129.297 -8.13532 23.5035 129.385 
-23.2986 11.0571 131.335 -9.65412 23.1799 129.455 -11.395 23.0379 128.988 
-22.7791 12.796 131.122 -22.3105 14.3563 130.655 -12.5914 22.5677 129.454 
-22.4228 15.3085 129.695 -21.3798 15.9888 130.636 -15.7452 21.677 129.072 
-16.679 20.8359 129.846 -15.5726 21.4615 129.734 -20.7454 17.491 130.004 
-19.7043 18.5102 130.092 -18.3415 19.6906 129.971 12.0316 -4.58609 136.714 
9.63004 -5.87523 136.962 10.8047 -4.43056 137.166 12.2514 -3.28404 136.953 
13.2927 -2.39649 136.54 14.0662 -1.9183 136.027 7.52784 -6.69163 136.739 
7.96064 -5.85399 137.115 9.19316 -4.88201 137.35 13.3611 -0.884812 136.295 
6.60433 -6.4321 136.834 12.9891 0.391264 136.176 5.4605 -6.08868 137.061 
6.38719 -5.52228 137.333 13.0183 1.59066 135.648 13.8904 1.81159 135.056 
4.19256 -6.0578 137.148 13.5719 2.63094 134.891 3.47981 -6.25417 137.01 
3.15794 -6.24212 137.04 12.1222 3.28309 135.396 2.53366 -5.96849 137.293 
0.96058 -5.30135 137.867 11.976 5.12679 134.967 -0.408889 -5.89564 137.02 
11.372 6.61342 134.936 -1.59741 -5.91032 136.922 -2.69579 -5.86406 137.149 
11.2855 8.44612 134.441 -5.13475 -7.07178 137.133 -3.78102 -6.57024 136.854 
-6.75843 -8.35581 136.589 -6.46726 -7.45647 137.319 10.7915 10.2552 133.932 
-7.82735 -8.02683 137.057 -9.71214 -7.78088 137.285 9.95677 11.8806 133.549 
-11.3967 -7.56137 137.346 -12.6719 -7.57823 136.973 9.13909 13.2735 133.206 
-13.5788 -7.06728 137.025 8.41549 14.5668 132.851 -14.5056 -6.6826 136.792 
7.59313 16.0193 132.324 -16.3276 -5.03988 136.672 6.14037 17.6318 132.294 
4.7988 19.0049 132.157 -19.1907 -3.26952 135.753 -21.6551 -0.201146 134.947 
-22.1268 0.389752 134.613 0.278494 21.8166 131.329 -22.1441 1.39023 134.741 
-22.1327 2.65505 134.823 -1.2794 22.7642 130.516 -22.7175 3.97821 134.101 
-3.5179 22.9402 130.968 -22.6142 5.98319 134.068 -23.3435 6.29625 133.133 
-5.40112 23.0086 130.958 -22.7771 7.56954 133.503 -7.6846 22.923 130.729 
-22.4346 9.08867 133.492 -22.296 10.5779 133.096 -10.0115 22.31 131.147 
-22.3171 12.0361 132.347 -11.7475 22.2641 130.575 -21.6645 13.4107 132.364 
-13.0568 22.0559 130.344 -13.88 21.2902 131.288 -12.8314 21.8302 130.982 
-21.3647 14.7513 131.763 -20.9362 15.3038 131.901 -20.467 15.7972 132.061 
-19.7494 17.1217 131.662 -15.4456 21.0403 130.641 -18.4663 18.5859 131.498 
-17.1789 19.7141 131.313 -16.3218 20.4022 131.098 9.44617 -3.79776 137.421 
11.0138 -2.89535 137.253 12.248 -1.92616 136.962 7.59395 -4.58614 137.523 
9.42798 -2.56775 137.314 10.9422 -1.82761 137.145 11.6714 -0.834107 136.87 
12.5388 -0.247477 136.601 8.07571 -3.49342 137.537 9.70582 -1.29428 137.159 
11.7202 0.267743 136.612 12.3505 0.88893 136.264 5.0134 -5.33561 137.6 
5.91765 -4.75969 137.707 6.21216 -3.54579 137.949 7.77221 -2.63568 137.532 
8.6877 -2.035 137.297 10.4186 -0.271936 136.937 3.26512 -5.77117 137.53 
3.75918 -4.82868 138.131 4.89979 -4.44184 138.057 6.62401 -2.18985 137.96 
7.90592 -1.52397 137.545 8.59008 -0.13007 137.409 10.1372 0.651656 136.815 
11.4339 1.48624 136.253 2.45161 -4.93344 138.271 8.63125 1.24145 137.296 
9.82828 1.76468 136.679 10.6496 2.53975 136.182 10.4212 3.71762 136.02 
8.50077 2.46008 137.266 9.4688 3.04688 136.626 11.0315 4.53542 135.582 
9.39092 4.42618 136.44 -1.05309 -5.48198 137.463 -0.481547 -5.19824 137.889 
10.1926 4.81948 135.909 10.8066 5.46992 135.49 -1.81116 -4.95868 138.136 
9.75485 5.88936 136.012 -3.48908 -5.38158 138.04 9.59813 7.80475 135.805 
-5.77215 -6.03722 138.369 -4.629 -5.99243 137.912 9.82448 9.33792 135.168 
-7.6948 -6.5699 138.225 8.9774 10.7884 135.197 -9.49494 -6.1729 138.553 
-11.1255 -6.32357 138.24 8.71168 12.2405 134.557 -12.0864 -6.77925 137.805 
-12.2777 -5.9188 138.252 7.79439 13.6389 134.534 -13.4213 -6.19997 137.604 
7.74737 14.8553 133.542 6.67045 15.5812 134.032 4.24366 17.7056 134.019 
4.00167 19.2975 132.554 -17.667 -2.84689 137.279 -18.8289 -1.66322 136.983 
2.83419 19.5675 132.995 -19.4758 -0.206861 136.964 -20.5761 0.858327 136.25 
0.593357 20.7358 132.87 -21.5889 0.962486 135.331 -21.2485 2.30935 135.787 
-0.881016 21.6918 132.365 -21.3981 4.03256 135.627 -1.44855 22.1931 131.806 
-2.04526 21.9054 132.538 -21.7887 4.92995 135.206 -2.82786 22.3255 131.993 
-22.1144 5.33083 134.8 -5.0961 22.118 132.542 -21.8064 6.24872 135.005 
-21.4501 7.72363 135.016 -21.7237 8.72205 134.459 -6.5726 22.521 131.813 
-21.5777 9.88747 134.287 -7.62852 22.341 131.936 -21.2279 10.9853 134.326 
-9.0796 21.8025 132.382 -21.3586 12.0897 133.622 -11.8021 21.1776 132.489 
-20.9241 13.1702 133.512 -20.536 14.4588 133.029 -13.0975 21.1185 132.09 
-12.6999 21.5579 131.535 -19.6132 15.793 133.041 -18.8054 16.6996 133.108 
-18.0538 17.6855 132.883 -16.8332 18.8541 132.709 -15.549 20.1039 132.085 
4.23824 -3.21372 138.738 5.31948 -2.22457 138.572 6.18835 -0.668712 138.448 
2.66524 -3.42272 139.143 4.28868 -2.06285 139.117 4.66807 -1.3148 139.125 
7.02641 1.05433 138.184 1.29106 -3.79045 139.2 7.55921 2.04717 137.874 
7.94387 4.18404 137.507 -0.426799 -4.29943 138.847 0.466917 -4.06496 139.092 
7.30175 3.02653 138.032 -1.83642 -3.49162 139.611 8.66861 5.37417 136.827 
-3.0727 -4.22596 139.165 8.40665 6.80451 136.855 7.59677 5.94984 137.591 
-4.65611 -4.86887 139.034 8.05971 8.17751 136.897 -6.32623 -4.68594 139.391 
-5.53673 -5.24775 139.032 8.3761 9.3941 136.315 -8.52297 -5.23297 139.135 
7.6455 10.5906 136.497 -10.5978 -5.29378 138.922 -9.64179 -5.28627 139.092 
7.31609 11.8836 136.149 -12.8038 -4.21545 138.771 6.65762 13.1415 136.061 
6.54249 14.2548 135.42 5.25857 15.3618 135.553 -15.2267 -3.15328 138.362 
-16.3908 -2.66616 138.102 -17.2833 -1.68354 138.049 1.17364 19.1493 134.448 
-17.9397 -0.698889 137.91 -18.2233 0.544461 137.948 -19.5447 0.822765 137.17 
-19.1888 1.83622 137.499 -20.235 2.39825 136.748 -0.672634 20.7178 133.619 
-1.75469 20.151 134.569 -0.118964 20.2817 133.881 -20.2579 3.61441 136.702 
-1.37789 21.2412 133.192 -20.253 4.98299 136.642 -3.14347 21.5348 133.244 
-21.0417 5.64247 135.903 -20.1172 6.1617 136.667 -21.5956 5.74308 135.346 
-21.1925 6.64682 135.594 -20.5117 6.8566 136.226 -20.548 7.68116 135.986 
-5.80176 21.0946 134.043 -4.53374 21.4868 133.534 -20.2863 8.5992 135.96 
-6.80326 21.4911 133.434 -21.2706 8.65677 134.984 -20.6113 9.53267 135.378 
-7.26761 21.9451 132.657 -8.47564 21.0771 133.714 -20.9314 10.4229 134.853 
-20.2495 11.2154 135.237 -10.4414 20.6397 133.831 -20.7596 11.7483 134.539 
-20.1377 12.7754 134.602 -12.8433 19.9683 133.888 -11.7961 20.3869 133.788 
-19.1551 14.4552 134.498 -18.6779 15.8489 133.933 -17.8764 15.2925 135.014 
-17.528 16.7303 134.159 -14.722 19.1879 133.794 -13.7373 20.4604 132.726 
-16.3037 17.9922 133.98 3.07592 -1.33229 139.775 4.45858 -0.287014 139.448 
4.93965 1.20697 139.397 -0.553265 -2.65506 140.059 1.12114 -1.95094 140.156 
3.3719 0.464893 140.086 6.22688 2.45588 138.738 6.07086 3.91248 138.837 
-1.92425 -2.53472 140.289 5.98848 5.69169 138.785 -2.65697 -2.64274 140.298 
-2.99487 -3.28648 139.941 6.49254 7.88957 138.12 -4.75735 -3.75195 139.871 
-3.82664 -3.69826 139.783 -5.37492 -2.97623 140.268 7.32259 9.02132 137.308 
-8.14508 -4.04114 139.713 -6.95139 -3.02932 140.184 6.51912 9.54024 137.798 
7.21062 9.92671 137.142 -10.0698 -4.17644 139.5 -8.94221 -2.78081 140.171 
6.36161 10.807 137.48 6.26764 11.6653 137.217 5.78961 11.5223 137.653 
-10.3409 -3.05684 139.97 5.59325 12.2769 137.343 -11.3262 -3.11536 139.763 
5.20448 13.8518 136.693 -12.3366 -1.94818 139.9 4.25613 14.8389 136.637 
-15.2683 -0.762496 139.099 3.23818 16.025 136.223 2.02887 17.5108 135.639 
0.609711 18.0495 135.899 -17.0832 2.01197 138.728 -0.248945 18.904 135.438 
-18.4081 2.93761 138.071 -17.5363 3.34779 138.583 -1.31089 19.0199 135.69 
-19.4125 3.09321 137.404 -18.5223 4.60406 137.902 -2.01623 19.3271 135.567 
-3.15586 20.4209 134.683 -3.69569 20.046 135.129 -19.5623 5.598 137.152 
-18.802 6.48891 137.563 -17.7062 6.08049 138.332 -3.98729 20.7757 134.352 
-19.689 7.13678 136.85 -18.4848 8.24698 137.464 -19.873 7.70686 136.586 
-19.6912 8.39266 136.554 -19.1253 9.39894 136.707 -5.63568 20.013 135.298 
-7.05237 20.3278 134.938 -7.36674 20.8797 134.221 -8.56656 20.1507 134.961 
-18.9384 10.8466 136.458 -10.1462 19.8241 135.05 -9.49072 20.4253 134.423 
-19.1867 12.0523 135.885 -17.7941 12.2275 136.87 -18.8761 13.069 135.663 
-11.5947 19.7534 134.702 -17.915 13.8437 135.973 -16.6338 14.8156 136.228 
-16.5056 16.0771 135.402 -15.6826 15.6307 136.254 -14.6963 16.7616 135.975 
-15.9232 17.1927 134.92 -14.6045 18.0479 135.028 -12.9084 18.7555 135.239 
1.39176 -0.710973 140.527 1.5597 0.604462 140.735 2.99231 1.93003 140.424 
-0.206072 -1.40131 140.646 -0.166219 -0.211505 140.999 4.5159 3.01626 139.767 
-2.97946 -1.42375 140.838 -1.39024 -0.854036 140.973 4.29636 4.65467 139.894 
-3.86077 -2.71972 140.351 4.46755 5.84654 139.789 4.4413 7.02308 139.602 
-4.78075 -1.75947 140.769 -5.9566 -2.06085 140.622 -5.79592 -1.22052 140.937 
4.36841 8.84645 139.298 5.42777 9.78664 138.463 -7.21332 -1.4656 140.758 
5.09845 11.1218 138.219 -10.6427 -1.93908 140.316 -8.99149 -1.4072 140.647 
-8.02216 -0.306422 141.061 -10.0097 -0.307131 140.835 3.72218 11.797 138.572 
4.34277 13.0248 137.685 -11.5785 -1.31476 140.377 -11.1011 -0.986529 140.556 
2.57838 14.0105 137.867 -12.1136 -0.04284 140.458 -13.5952 1.01881 140.208 
-14.6815 2.23835 139.893 -0.0131993 16.5991 137.212 -16.098 4.07197 139.31 
-0.657729 18.1272 136.324 -1.27067 17.7138 136.855 -2.3958 18.4762 136.438 
-2.24139 17.5668 137.183 -16.559 5.83389 139.016 -2.88386 17.9877 136.991 
-3.94938 17.7881 137.269 -4.65348 18.9882 136.256 -2.88037 19.4586 135.59 
-16.7604 7.32688 138.727 -5.37917 18.1963 137.068 -6.60811 18.4441 136.9 
-6.22763 19.2008 136.17 -16.7725 8.72237 138.486 -16.8704 10.2786 138.054 
-7.63077 19.2967 136.053 -9.33743 19.1146 136.054 -9.56563 17.8372 137.163 
-8.7459 18.6675 136.653 -16.1983 12.0531 138.009 -16.3941 13.4193 137.236 
-10.9943 18.7918 135.932 -14.3082 15.0093 137.389 -12.3516 17.1726 136.779 
-13.5285 17.8042 135.829 1.18529 2.6562 141.084 2.97452 3.42449 140.526 
-1.69886 0.267074 141.367 -1.31688 0.733688 141.429 -0.474917 1.34235 141.351 
2.45431 4.7084 140.706 3.70907 5.38097 140.216 -2.62762 0.0116978 141.349 
-2.47006 1.33705 141.6 -0.970619 2.87833 141.566 0.612614 3.87167 141.301 
3.57846 5.95677 140.216 -5.03974 -0.584129 141.168 -4.09873 0.38173 141.446 
2.6027 6.43651 140.52 1.07065 5.16528 141.115 -6.2545 -0.558514 141.132 
-4.55922 1.96461 141.701 3.05277 8.05256 140.107 1.99257 7.44419 140.607 
-6.32769 0.582955 141.407 -6.96167 -0.40649 141.133 1.79352 8.53985 140.437 
2.67191 9.91833 139.742 4.17332 10.3056 139.019 -8.52458 1.22841 141.324 
-10.5931 1.66298 141.084 1.3981 10.5591 139.954 1.76755 11.7492 139.331 
0.204546 13.0717 139.242 -12.5531 2.52237 140.715 -0.19351 14.6911 138.556 
-1.79879 13.9698 139.426 -13.8567 4.35215 140.349 -12.2514 4.59501 140.915 
-2.02627 15.3961 138.671 -13.1348 6.00552 140.587 -14.7927 6.06221 139.902 
-2.90572 16.6113 138.007 -13.6645 7.46145 140.212 -15.1172 7.35273 139.63 
-15.7124 6.70457 139.425 -4.76173 16.7353 138.188 -15.0916 8.77705 139.378 
-5.89197 17.5075 137.678 -6.56278 16.3156 138.545 -14.6475 10.3068 139.309 
-13.8567 9.5861 139.787 -7.6028 17.5312 137.678 -14.9843 11.5194 138.847 
-13.5781 11.3489 139.462 -13.6525 12.3704 139.11 -14.7783 12.9637 138.361 
-12.638 13.7949 138.798 -12.2345 15.1027 138.315 -10.8724 14.8844 138.82 
-10.6467 16.141 138.133 -8.57351 16.6622 138.214 -8.12127 18.363 136.977 
-12.4191 15.8413 137.78 -0.273813 4.23838 141.473 -2.88574 2.83011 141.745 
-1.7335 4.13134 141.625 -0.201861 5.37561 141.333 1.14525 6.45677 140.951 
-4.09004 3.90767 141.775 -1.75614 5.67519 141.479 -0.0277865 6.49531 141.153 
0.730223 7.58561 140.861 -0.686361 7.05438 141.18 -0.670679 8.17811 141.021 
0.631551 8.65585 140.676 1.09226 9.64864 140.317 -6.72773 2.67691 141.681 
-3.60681 5.51955 141.766 -4.85901 4.6857 141.918 -2.20578 7.01045 141.483 
-6.0276 4.10567 141.893 -5.60659 4.95952 142.001 -4.71216 5.48078 141.959 
-3.85784 6.53734 141.852 -3.02442 7.58384 141.691 -2.06711 8.2948 141.36 
-1.30596 9.0854 140.994 -0.224086 9.43459 140.645 0.0124423 11.074 140.095 
-9.32307 3.19154 141.447 -7.87306 4.13566 141.723 -6.86359 5.11335 141.917 
-2.37353 9.3916 141.246 -1.29758 10.1633 140.713 -9.548 4.73968 141.458 
-8.86866 5.77728 141.576 -7.40547 6.60545 141.842 -2.27328 10.5552 140.904 
-1.74344 11.4476 140.441 -1.22316 12.5253 139.899 -11.1179 3.3943 141.163 
-2.99697 11.3481 140.861 -10.868 4.70763 141.221 -10.9041 6.16196 141.116 
-10.4509 7.4009 141.097 -9.01146 7.20666 141.511 -2.84448 12.6938 140.261 
-11.9434 5.79554 140.952 -3.55047 14.0526 139.769 -4.5003 13.0586 140.417 
-2.9224 14.7575 139.293 -12.3723 6.76814 140.733 -12.0887 7.65102 140.652 
-11.575 8.91509 140.554 -9.69499 8.92973 141.094 -5.06428 14.1304 139.882 
-4.25549 15.3907 139.047 -10.6934 9.70828 140.612 -9.62645 10.7541 140.612 
-8.97156 10.1096 141.083 -6.34976 14.9219 139.394 -6.39164 13.9577 139.932 
-13.2198 8.73316 140.14 -11.2709 10.2312 140.287 -10.4665 11.4737 140.088 
-9.00581 12.1451 140.23 -7.57513 13.042 140.201 -8.21073 11.9611 140.576 
-7.96955 14.1133 139.628 -12.6557 9.75083 140.085 -11.9982 10.7909 139.957 
-11.326 11.7797 139.817 -9.6796 12.8166 139.818 -13.3067 10.448 139.766 
-12.5094 11.3098 139.733 -11.9661 12.4788 139.493 -10.2309 13.9653 139.313 
-8.64967 15.3393 138.956 -5.49243 6.2415 141.991 -4.13759 7.63267 141.871 
-3.02198 8.38085 141.63 -5.85642 8.35743 141.805 -3.7736 8.95394 141.664 
-3.22367 10.1963 141.301 -4.42503 9.79691 141.596 -4.0196 10.8251 141.286 
-8.08543 8.02661 141.635 -5.55884 10.5656 141.424 -7.74365 9.70652 141.425 
-4.23091 11.8467 140.922 -6.8811 11.1577 141.223 -5.66071 12.0681 140.95 
-8.15099 11.0358 141.01 -7.01549 12.1748 140.787 -5.91965 13.1563 140.41 

POLYGONS 20000 80000
3 0 1 2 
3 3 2 1 
3 1 4 3 
3 5 3 4 
3 4 6 5 
3 4 7 6 
3 0 8 1 
3 4 1 8 
3 4 9 7 
3 8 10 4 
3 9 4 10 
3 8 11 10 
3 10 11 12 
3 10 13 9 
3 12 13 10 
3 14 15 16 
3 14 16 17 
3 16 2 17 
3 18 17 2 
3 2 3 18 
3 15 19 16 
3 19 2 16 
3 5 18 3 
3 6 20 5 
3 20 18 5 
3 15 21 19 
3 21 22 19 
3 22 2 19 
3 22 0 2 
3 7 20 6 
3 23 20 7 
3 22 21 0 
3 24 0 21 
3 7 25 23 
3 25 26 23 
3 0 24 8 
3 7 9 27 
3 27 25 7 
3 27 26 25 
3 28 29 24 
3 8 24 29 
3 28 30 29 
3 8 29 30 
3 11 8 30 
3 9 13 31 
3 31 32 27 
3 27 9 31 
3 30 33 11 
3 33 34 11 
3 34 13 12 
3 12 11 34 
3 13 35 31 
3 32 31 35 
3 13 34 33 
3 33 35 13 
3 35 36 32 
3 37 38 17 
3 17 39 37 
3 39 17 18 
3 18 40 39 
3 41 14 38 
3 17 38 14 
3 42 40 18 
3 18 20 42 
3 14 41 43 
3 43 15 14 
3 42 20 44 
3 43 45 46 
3 15 43 46 
3 44 20 23 
3 23 47 44 
3 48 47 23 
3 21 15 46 
3 45 49 46 
3 46 49 50 
3 50 21 46 
3 51 48 23 
3 21 50 52 
3 52 24 21 
3 51 23 26 
3 51 26 53 
3 53 48 51 
3 52 54 24 
3 53 26 27 
3 27 55 53 
3 24 54 56 
3 24 56 28 
3 55 27 32 
3 56 54 57 
3 57 58 56 
3 58 30 28 
3 28 56 58 
3 32 59 55 
3 58 60 30 
3 33 30 60 
3 32 61 59 
3 35 33 62 
3 36 61 32 
3 62 63 35 
3 36 35 63 
3 63 64 36 
3 65 36 64 
3 65 61 36 
3 66 67 40 
3 68 66 40 
3 37 69 70 
3 69 37 39 
3 39 71 69 
3 71 39 40 
3 40 67 71 
3 70 72 41 
3 38 70 41 
3 70 38 37 
3 42 68 40 
3 73 68 42 
3 73 42 74 
3 74 75 73 
3 41 72 76 
3 76 77 43 
3 43 41 76 
3 47 74 44 
3 74 42 44 
3 47 48 74 
3 45 43 77 
3 77 78 45 
3 48 79 74 
3 78 80 45 
3 79 48 81 
3 49 45 80 
3 50 49 80 
3 80 82 50 
3 52 50 82 
3 81 48 53 
3 52 82 83 
3 83 54 52 
3 81 53 55 
3 55 84 81 
3 83 85 54 
3 57 54 85 
3 55 59 86 
3 86 84 55 
3 87 84 86 
3 58 57 85 
3 85 88 58 
3 60 58 88 
3 89 86 59 
3 89 87 86 
3 88 90 60 
3 90 33 60 
3 62 33 91 
3 33 90 91 
3 61 92 59 
3 89 59 92 
3 91 93 62 
3 63 62 93 
3 93 94 63 
3 64 63 94 
3 65 95 61 
3 92 95 96 
3 95 92 61 
3 96 89 92 
3 94 97 64 
3 65 97 98 
3 65 64 97 
3 95 65 98 
3 98 99 95 
3 99 96 95 
3 100 101 102 
3 103 101 100 
3 100 102 104 
3 104 103 100 
3 104 102 105 
3 105 102 106 
3 106 107 105 
3 104 105 107 
3 108 109 106 
3 107 106 109 
3 109 110 107 
3 110 111 107 
3 104 107 111 
3 109 108 112 
3 110 109 112 
3 112 113 110 
3 111 110 113 
3 113 114 111 
3 113 112 115 
3 115 116 113 
3 116 117 114 
3 114 113 116 
3 115 112 118 
3 116 115 119 
3 119 120 116 
3 120 121 116 
3 119 122 120 
3 122 121 120 
3 123 124 125 
3 124 123 126 
3 127 128 125 
3 128 123 125 
3 127 129 128 
3 129 130 128 
3 123 128 130 
3 131 126 123 
3 123 132 131 
3 130 132 123 
3 129 127 133 
3 133 130 129 
3 132 130 134 
3 134 135 132 
3 130 133 136 
3 137 138 133 
3 138 139 133 
3 136 133 139 
3 136 140 130 
3 134 130 140 
3 140 141 134 
3 141 135 134 
3 136 142 140 
3 142 143 140 
3 141 140 143 
3 143 144 141 
3 135 141 144 
3 139 145 146 
3 146 75 139 
3 75 147 139 
3 136 139 147 
3 147 148 136 
3 142 136 148 
3 142 144 143 
3 67 149 150 
3 149 67 66 
3 66 151 149 
3 68 151 66 
3 151 68 146 
3 68 75 146 
3 75 152 147 
3 148 147 152 
3 148 153 142 
3 153 154 144 
3 144 142 153 
3 155 70 69 
3 69 150 155 
3 150 69 71 
3 150 71 67 
3 75 68 73 
3 152 75 156 
3 152 157 148 
3 158 148 157 
3 158 153 148 
3 158 154 153 
3 159 160 72 
3 159 72 70 
3 156 75 74 
3 156 157 152 
3 160 161 76 
3 160 76 72 
3 156 162 157 
3 77 76 161 
3 161 163 77 
3 74 79 156 
3 164 162 156 
3 165 77 163 
3 77 165 78 
3 164 156 79 
3 78 165 80 
3 164 79 81 
3 81 166 164 
3 81 167 166 
3 168 82 80 
3 168 169 82 
3 169 83 82 
3 81 170 167 
3 170 81 84 
3 170 84 87 
3 83 171 85 
3 171 172 85 
3 172 88 85 
3 173 170 87 
3 87 89 173 
3 90 88 174 
3 90 174 91 
3 173 89 175 
3 93 91 174 
3 174 176 93 
3 94 93 176 
3 176 177 94 
3 96 175 89 
3 97 94 177 
3 177 178 97 
3 98 97 178 
3 99 98 178 
3 178 179 99 
3 96 179 180 
3 96 99 179 
3 180 175 96 
3 181 102 182 
3 183 182 102 
3 183 103 184 
3 184 185 183 
3 186 187 181 
3 187 102 181 
3 101 183 102 
3 103 183 101 
3 103 188 184 
3 188 189 184 
3 187 186 190 
3 190 191 187 
3 102 187 191 
3 188 103 104 
3 188 104 189 
3 190 186 192 
3 190 108 191 
3 106 102 191 
3 191 108 106 
3 192 108 190 
3 104 111 193 
3 193 189 104 
3 108 192 194 
3 194 112 108 
3 111 195 193 
3 112 194 196 
3 195 111 114 
3 196 118 112 
3 117 197 114 
3 195 114 197 
3 198 199 196 
3 118 196 199 
3 116 121 117 
3 200 201 125 
3 202 200 125 
3 125 198 202 
3 198 203 199 
3 118 199 203 
3 118 204 115 
3 119 115 204 
3 122 119 204 
3 204 205 122 
3 117 121 205 
3 121 122 205 
3 117 206 197 
3 207 127 201 
3 201 127 125 
3 198 125 124 
3 198 124 126 
3 131 203 126 
3 203 198 126 
3 118 203 131 
3 131 208 118 
3 208 209 118 
3 204 118 209 
3 204 210 205 
3 117 205 210 
3 210 211 117 
3 206 117 211 
3 209 212 204 
3 210 204 212 
3 210 213 211 
3 213 206 211 
3 127 207 214 
3 208 131 132 
3 209 208 132 
3 214 133 127 
3 212 209 132 
3 132 215 212 
3 214 216 217 
3 215 132 135 
3 217 216 218 
3 218 137 217 
3 214 217 137 
3 133 214 137 
3 218 145 137 
3 145 138 137 
3 135 219 215 
3 220 145 218 
3 139 138 145 
3 135 221 219 
3 222 223 224 
3 222 224 220 
3 225 135 226 
3 225 221 135 
3 223 149 224 
3 149 151 224 
3 220 224 151 
3 151 146 220 
3 146 145 220 
3 144 227 135 
3 227 226 135 
3 155 228 229 
3 228 155 150 
3 150 230 228 
3 150 231 230 
3 231 150 149 
3 149 223 231 
3 154 232 144 
3 227 144 232 
3 70 229 159 
3 229 70 155 
3 158 157 233 
3 233 234 154 
3 154 158 233 
3 235 154 234 
3 235 232 154 
3 236 160 159 
3 157 234 233 
3 237 161 160 
3 162 238 157 
3 238 234 157 
3 163 161 237 
3 164 166 238 
3 238 162 164 
3 163 239 165 
3 80 165 239 
3 239 240 80 
3 240 168 80 
3 167 241 166 
3 242 243 168 
3 243 169 168 
3 169 243 83 
3 241 167 170 
3 242 83 243 
3 244 171 83 
3 244 245 172 
3 172 171 244 
3 245 88 172 
3 88 245 174 
3 175 246 173 
3 176 247 177 
3 178 177 247 
3 247 248 178 
3 179 178 248 
3 180 249 175 
3 246 175 249 
3 180 179 248 
3 248 250 180 
3 249 180 250 
3 183 251 182 
3 251 183 252 
3 253 254 255 
3 254 181 255 
3 255 181 182 
3 256 252 183 
3 256 257 252 
3 258 259 186 
3 254 253 258 
3 258 186 254 
3 181 254 186 
3 183 185 256 
3 184 260 261 
3 261 257 184 
3 257 256 185 
3 185 184 257 
3 260 184 189 
3 186 259 262 
3 263 260 189 
3 262 192 186 
3 262 264 265 
3 262 265 192 
3 189 193 263 
3 264 194 265 
3 194 192 265 
3 194 264 266 
3 263 193 195 
3 195 267 263 
3 266 264 268 
3 194 266 268 
3 268 269 194 
3 269 196 194 
3 195 270 267 
3 271 272 273 
3 271 273 274 
3 274 269 268 
3 197 275 195 
3 270 195 275 
3 272 276 201 
3 272 201 273 
3 201 274 273 
3 274 201 200 
3 274 200 202 
3 202 269 274 
3 269 202 198 
3 269 198 196 
3 201 276 277 
3 206 275 197 
3 278 207 277 
3 207 201 277 
3 275 206 279 
3 278 280 281 
3 207 278 281 
3 210 282 213 
3 282 283 279 
3 279 206 282 
3 206 213 282 
3 284 279 283 
3 284 275 279 
3 214 281 280 
3 280 285 214 
3 214 207 281 
3 212 286 210 
3 282 210 286 
3 286 287 282 
3 287 288 283 
3 283 282 287 
3 286 288 287 
3 285 216 214 
3 286 212 215 
3 215 289 286 
3 218 285 290 
3 285 218 216 
3 289 291 286 
3 218 292 293 
3 290 294 292 
3 292 218 290 
3 289 215 219 
3 219 295 289 
3 291 289 295 
3 220 218 293 
3 219 221 296 
3 296 297 219 
3 297 298 295 
3 295 219 297 
3 223 299 300 
3 299 223 222 
3 220 293 299 
3 299 222 220 
3 225 226 301 
3 301 302 296 
3 296 221 301 
3 221 225 301 
3 297 296 302 
3 298 297 302 
3 231 300 303 
3 300 231 223 
3 226 304 301 
3 302 301 304 
3 305 229 228 
3 228 303 305 
3 303 228 230 
3 303 230 231 
3 227 306 226 
3 306 304 226 
3 302 304 306 
3 159 305 236 
3 305 159 229 
3 227 232 235 
3 306 227 235 
3 307 160 236 
3 234 308 235 
3 307 309 237 
3 237 160 307 
3 163 237 309 
3 309 310 163 
3 234 238 166 
3 166 311 234 
3 308 234 311 
3 310 239 163 
3 311 166 241 
3 241 312 311 
3 240 313 168 
3 241 314 315 
3 315 312 241 
3 242 168 313 
3 241 316 314 
3 242 313 317 
3 170 318 241 
3 316 241 318 
3 242 317 83 
3 318 170 173 
3 319 320 317 
3 83 317 320 
3 244 83 320 
3 320 321 244 
3 173 246 318 
3 319 321 320 
3 321 245 244 
3 321 322 245 
3 174 245 322 
3 322 323 174 
3 176 174 323 
3 323 324 176 
3 247 176 324 
3 324 325 247 
3 248 247 325 
3 325 326 248 
3 246 249 327 
3 326 328 248 
3 250 248 328 
3 328 329 250 
3 249 250 329 
3 329 330 249 
3 249 330 331 
3 331 327 249 
3 182 332 333 
3 332 182 334 
3 335 255 333 
3 255 182 333 
3 251 334 182 
3 251 336 334 
3 252 336 251 
3 337 338 339 
3 337 339 335 
3 253 335 339 
3 335 253 255 
3 252 257 340 
3 339 338 341 
3 341 259 258 
3 258 339 341 
3 339 258 253 
3 257 261 340 
3 261 260 340 
3 341 342 259 
3 343 340 260 
3 260 344 343 
3 262 259 342 
3 260 263 344 
3 263 345 344 
3 346 264 342 
3 264 262 342 
3 345 263 347 
3 263 348 347 
3 348 263 267 
3 349 346 350 
3 268 346 349 
3 346 268 264 
3 348 267 270 
3 272 350 351 
3 271 350 272 
3 350 271 274 
3 274 349 350 
3 349 274 268 
3 348 270 275 
3 275 352 348 
3 276 351 353 
3 272 351 276 
3 353 354 277 
3 276 353 277 
3 354 355 277 
3 355 278 277 
3 280 278 355 
3 275 356 352 
3 357 285 355 
3 285 280 355 
3 288 358 284 
3 284 283 288 
3 356 284 358 
3 356 275 284 
3 286 359 288 
3 358 288 359 
3 359 360 358 
3 356 358 360 
3 359 286 361 
3 361 362 359 
3 360 359 362 
3 363 294 357 
3 285 357 294 
3 294 290 285 
3 291 364 286 
3 361 286 364 
3 364 362 361 
3 363 293 292 
3 292 294 363 
3 364 291 295 
3 295 365 364 
3 362 364 365 
3 365 366 362 
3 367 368 299 
3 367 299 363 
3 293 363 299 
3 295 298 369 
3 369 370 365 
3 365 295 369 
3 366 365 370 
3 300 368 371 
3 368 300 299 
3 369 298 302 
3 302 372 369 
3 370 369 372 
3 366 370 372 
3 303 371 373 
3 371 303 300 
3 302 374 372 
3 373 375 305 
3 373 305 303 
3 376 377 302 
3 374 302 377 
3 375 378 236 
3 236 305 375 
3 306 235 379 
3 379 380 306 
3 306 380 381 
3 302 306 381 
3 381 376 302 
3 378 382 307 
3 307 236 378 
3 379 235 383 
3 380 379 383 
3 309 307 382 
3 382 384 309 
3 235 308 385 
3 385 383 235 
3 310 309 384 
3 384 386 310 
3 387 388 308 
3 308 311 387 
3 388 385 308 
3 239 310 386 
3 386 389 239 
3 240 239 389 
3 389 390 240 
3 311 312 391 
3 313 240 390 
3 315 314 391 
3 312 315 391 
3 391 314 316 
3 316 392 391 
3 390 393 313 
3 393 317 313 
3 392 316 318 
3 394 392 318 
3 393 395 317 
3 319 317 395 
3 394 318 246 
3 319 395 396 
3 396 321 319 
3 397 321 396 
3 322 321 397 
3 397 398 322 
3 323 322 398 
3 246 399 394 
3 397 400 398 
3 323 398 400 
3 400 401 323 
3 401 324 323 
3 325 324 326 
3 399 246 327 
3 402 328 326 
3 329 328 402 
3 402 403 329 
3 330 329 403 
3 331 330 403 
3 403 404 331 
3 399 327 331 
3 331 404 399 
3 405 333 332 
3 332 406 405 
3 406 332 334 
3 334 407 406 
3 408 407 334 
3 409 410 335 
3 409 335 405 
3 333 405 335 
3 334 336 408 
3 336 252 411 
3 411 408 336 
3 410 337 335 
3 252 340 411 
3 412 411 340 
3 338 337 413 
3 341 338 413 
3 412 340 343 
3 343 344 412 
3 413 414 342 
3 342 341 413 
3 415 344 345 
3 415 345 416 
3 416 417 415 
3 414 418 346 
3 414 346 342 
3 416 345 347 
3 416 347 348 
3 418 419 346 
3 420 421 348 
3 421 416 348 
3 422 421 420 
3 350 419 423 
3 419 350 346 
3 348 424 420 
3 422 420 424 
3 351 423 425 
3 423 351 350 
3 424 348 352 
3 425 353 351 
3 425 426 353 
3 352 427 424 
3 427 428 424 
3 426 429 354 
3 354 353 426 
3 430 427 352 
3 430 428 427 
3 429 355 354 
3 429 431 355 
3 432 352 356 
3 432 430 352 
3 355 431 433 
3 433 357 355 
3 357 433 434 
3 360 435 356 
3 434 363 357 
3 362 436 360 
3 436 435 360 
3 434 437 363 
3 367 437 438 
3 438 368 367 
3 367 363 437 
3 439 362 366 
3 439 436 362 
3 440 371 368 
3 368 438 440 
3 439 366 441 
3 371 440 373 
3 372 374 442 
3 442 443 366 
3 366 372 442 
3 441 366 443 
3 375 373 444 
3 377 445 374 
3 445 446 442 
3 445 442 374 
3 443 442 446 
3 446 447 443 
3 447 441 443 
3 378 375 444 
3 444 448 378 
3 376 381 449 
3 449 377 376 
3 445 377 449 
3 382 378 450 
3 448 450 378 
3 383 451 380 
3 381 380 451 
3 449 381 451 
3 384 382 450 
3 383 385 451 
3 386 384 450 
3 450 452 386 
3 388 387 453 
3 385 388 453 
3 453 451 385 
3 453 311 454 
3 311 453 387 
3 389 386 452 
3 390 389 452 
3 311 391 454 
3 391 455 456 
3 456 454 391 
3 455 391 392 
3 392 457 455 
3 393 390 458 
3 392 459 457 
3 392 394 459 
3 393 460 395 
3 460 461 395 
3 462 395 461 
3 395 462 463 
3 463 396 395 
3 396 463 397 
3 399 464 394 
3 463 462 397 
3 324 401 465 
3 465 466 324 
3 399 467 464 
3 468 469 462 
3 397 462 469 
3 397 470 400 
3 470 401 400 
3 465 401 470 
3 466 471 324 
3 326 324 471 
3 471 472 326 
3 402 326 472 
3 472 473 402 
3 403 402 473 
3 473 474 403 
3 404 403 474 
3 467 399 404 
3 469 475 397 
3 470 397 475 
3 469 468 476 
3 476 475 469 
3 477 478 476 
3 475 476 478 
3 479 480 405 
3 479 405 406 
3 406 481 479 
3 407 481 406 
3 408 482 407 
3 483 482 408 
3 484 410 480 
3 409 480 410 
3 480 409 405 
3 408 411 483 
3 485 486 337 
3 410 484 485 
3 485 337 410 
3 483 411 487 
3 488 489 337 
3 337 486 488 
3 411 412 487 
3 412 490 487 
3 337 489 491 
3 492 490 412 
3 491 413 337 
3 412 344 492 
3 491 414 413 
3 493 492 344 
3 344 415 493 
3 494 495 417 
3 495 493 415 
3 415 417 495 
3 417 416 494 
3 496 497 416 
3 497 494 416 
3 498 418 414 
3 499 500 416 
3 498 501 419 
3 419 418 498 
3 421 422 502 
3 502 499 421 
3 499 416 421 
3 501 503 423 
3 501 423 419 
3 502 422 424 
3 423 503 425 
3 424 504 502 
3 505 502 504 
3 426 425 506 
3 504 424 428 
3 506 507 426 
3 507 429 426 
3 504 428 430 
3 430 508 504 
3 431 429 507 
3 508 430 432 
3 431 509 433 
3 509 510 433 
3 434 433 510 
3 435 432 356 
3 511 434 510 
3 436 512 435 
3 434 511 437 
3 439 513 436 
3 512 436 513 
3 514 440 438 
3 438 437 514 
3 441 513 439 
3 515 373 440 
3 440 514 515 
3 516 517 444 
3 516 444 373 
3 515 516 373 
3 446 518 447 
3 441 447 518 
3 448 444 517 
3 517 519 448 
3 449 520 445 
3 520 446 445 
3 518 446 520 
3 450 448 519 
3 449 451 521 
3 449 521 522 
3 520 449 522 
3 451 523 521 
3 452 450 524 
3 524 525 452 
3 451 453 523 
3 526 523 453 
3 453 454 527 
3 527 526 453 
3 452 528 390 
3 456 455 529 
3 529 527 454 
3 454 456 529 
3 458 390 528 
3 457 529 455 
3 458 528 530 
3 458 530 393 
3 459 531 457 
3 530 460 393 
3 460 530 532 
3 531 459 394 
3 532 533 461 
3 461 460 532 
3 533 534 461 
3 534 462 461 
3 535 462 534 
3 467 536 464 
3 468 462 535 
3 535 537 468 
3 470 538 465 
3 466 465 538 
3 471 466 538 
3 472 471 538 
3 538 539 472 
3 473 472 539 
3 540 474 473 
3 473 541 540 
3 404 474 540 
3 540 536 404 
3 536 467 404 
3 537 476 468 
3 475 542 470 
3 542 538 470 
3 476 537 543 
3 543 477 476 
3 542 475 544 
3 543 545 477 
3 478 546 475 
3 544 475 546 
3 546 547 544 
3 547 542 544 
3 478 477 545 
3 478 548 546 
3 547 546 548 
3 548 549 547 
3 549 550 547 
3 548 478 551 
3 551 552 550 
3 550 548 551 
3 550 549 548 
3 553 478 545 
3 553 554 478 
3 551 478 554 
3 555 554 553 
3 479 556 557 
3 556 479 481 
3 481 558 556 
3 407 559 481 
3 559 558 481 
3 482 559 407 
3 560 561 480 
3 480 557 560 
3 557 480 479 
3 484 561 562 
3 562 563 484 
3 484 480 561 
3 564 486 485 
3 485 563 564 
3 563 485 484 
3 565 483 487 
3 487 566 565 
3 564 489 488 
3 564 488 486 
3 566 487 567 
3 487 490 567 
3 491 489 564 
3 564 568 491 
3 569 567 492 
3 490 492 567 
3 570 569 492 
3 571 570 492 
3 572 571 492 
3 568 573 491 
3 495 494 574 
3 574 572 495 
3 572 492 493 
3 493 495 572 
3 575 574 494 
3 414 491 573 
3 494 497 575 
3 576 414 573 
3 576 498 414 
3 497 496 575 
3 496 416 577 
3 577 575 496 
3 577 578 575 
3 577 416 500 
3 577 500 578 
3 576 579 498 
3 500 499 578 
3 501 498 579 
3 579 580 501 
3 578 499 502 
3 502 505 578 
3 501 580 581 
3 581 503 501 
3 581 425 503 
3 581 582 425 
3 504 583 505 
3 583 584 505 
3 582 506 425 
3 582 585 506 
3 504 586 583 
3 584 583 586 
3 585 587 507 
3 507 506 585 
3 587 588 507 
3 508 586 504 
3 431 507 588 
3 588 589 431 
3 509 431 589 
3 510 509 589 
3 589 590 510 
3 508 432 591 
3 591 432 592 
3 432 435 592 
3 590 593 511 
3 511 510 590 
3 592 435 512 
3 512 594 592 
3 594 595 591 
3 591 592 594 
3 437 511 593 
3 596 595 594 
3 594 597 596 
3 597 594 512 
3 598 599 437 
3 593 598 437 
3 597 512 513 
3 513 600 597 
3 596 597 600 
3 601 514 437 
3 437 599 601 
3 600 441 602 
3 441 600 513 
3 603 515 514 
3 514 601 603 
3 517 516 604 
3 603 604 515 
3 604 516 515 
3 441 518 605 
3 604 519 517 
3 518 520 606 
3 606 605 518 
3 450 519 524 
3 521 607 522 
3 520 522 607 
3 607 606 520 
3 608 523 526 
3 526 609 608 
3 525 610 452 
3 527 611 609 
3 609 526 527 
3 528 452 610 
3 611 527 529 
3 529 612 611 
3 457 613 612 
3 612 529 457 
3 530 528 614 
3 614 615 530 
3 613 457 531 
3 530 615 533 
3 533 532 530 
3 394 616 531 
3 394 617 616 
3 618 534 533 
3 464 536 617 
3 617 394 464 
3 618 535 534 
3 619 540 541 
3 540 619 536 
3 618 620 537 
3 618 537 535 
3 539 538 621 
3 621 622 539 
3 622 473 539 
3 541 473 622 
3 622 623 541 
3 541 623 619 
3 624 537 620 
3 542 625 538 
3 621 538 625 
3 543 537 624 
3 547 626 542 
3 625 542 626 
3 545 543 624 
3 624 627 545 
3 626 628 625 
3 550 629 547 
3 626 547 629 
3 628 626 629 
3 552 630 629 
3 629 550 552 
3 630 631 629 
3 632 553 627 
3 545 627 553 
3 551 554 552 
3 633 552 634 
3 633 630 552 
3 633 631 630 
3 635 553 632 
3 554 555 636 
3 636 637 554 
3 638 634 552 
3 552 637 638 
3 637 552 554 
3 639 553 635 
3 639 555 553 
3 639 640 636 
3 636 555 639 
3 638 636 640 
3 638 637 636 
3 560 557 641 
3 557 642 641 
3 642 557 556 
3 556 643 642 
3 643 556 558 
3 559 644 558 
3 644 559 482 
3 645 646 561 
3 560 641 645 
3 645 561 560 
3 482 647 644 
3 563 562 646 
3 646 562 561 
3 647 482 483 
3 647 483 565 
3 565 648 647 
3 564 563 646 
3 565 649 648 
3 649 565 566 
3 646 650 564 
3 649 566 567 
3 567 651 649 
3 568 564 650 
3 651 567 569 
3 651 569 570 
3 570 652 651 
3 650 653 568 
3 652 570 571 
3 571 572 654 
3 654 652 571 
3 655 652 654 
3 573 568 653 
3 572 574 654 
3 656 655 575 
3 655 654 574 
3 574 575 655 
3 653 657 573 
3 575 658 659 
3 576 573 657 
3 658 575 578 
3 658 578 660 
3 660 661 658 
3 661 659 658 
3 662 661 660 
3 657 663 576 
3 662 660 578 
3 578 664 662 
3 579 576 663 
3 665 664 578 
3 580 579 663 
3 663 666 580 
3 665 578 505 
3 581 580 666 
3 666 667 581 
3 667 668 581 
3 668 582 581 
3 665 505 584 
3 584 669 665 
3 669 670 665 
3 668 585 582 
3 669 584 586 
3 586 670 669 
3 585 668 671 
3 671 587 585 
3 586 672 670 
3 671 588 587 
3 586 673 674 
3 674 672 586 
3 589 588 671 
3 671 675 589 
3 508 676 586 
3 673 586 676 
3 590 589 675 
3 675 677 590 
3 676 508 591 
3 593 590 677 
3 677 678 593 
3 678 679 593 
3 595 596 680 
3 680 591 595 
3 599 598 679 
3 679 681 599 
3 598 593 679 
3 680 596 600 
3 601 599 681 
3 600 602 680 
3 682 603 601 
3 681 682 601 
3 602 683 680 
3 603 682 604 
3 441 605 684 
3 602 441 684 
3 684 683 602 
3 685 519 604 
3 686 605 606 
3 686 684 605 
3 687 524 685 
3 519 685 524 
3 607 521 523 
3 523 608 607 
3 687 688 525 
3 525 524 687 
3 688 610 525 
3 611 689 609 
3 610 614 528 
3 689 611 612 
3 612 613 690 
3 615 614 691 
3 690 613 531 
3 531 616 690 
3 691 692 615 
3 692 533 615 
3 692 693 533 
3 616 617 694 
3 618 533 693 
3 617 536 694 
3 693 695 618 
3 619 696 536 
3 695 697 620 
3 620 618 695 
3 698 623 622 
3 696 619 623 
3 623 698 696 
3 697 624 620 
3 621 699 622 
3 699 698 622 
3 625 700 621 
3 699 621 700 
3 627 624 697 
3 697 701 627 
3 625 628 702 
3 702 700 625 
3 702 628 629 
3 629 703 702 
3 700 702 703 
3 629 631 704 
3 704 705 703 
3 704 703 629 
3 705 700 703 
3 706 632 627 
3 633 634 707 
3 631 633 707 
3 707 704 631 
3 632 706 635 
3 708 707 634 
3 709 710 706 
3 635 706 710 
3 635 710 639 
3 638 711 634 
3 708 634 711 
3 710 709 712 
3 639 710 712 
3 712 640 639 
3 638 640 713 
3 711 638 713 
3 714 641 642 
3 642 715 714 
3 715 642 643 
3 715 643 558 
3 558 716 715 
3 716 558 644 
3 644 717 716 
3 644 647 717 
3 645 641 718 
3 718 719 645 
3 714 718 641 
3 646 645 719 
3 719 720 646 
3 647 648 721 
3 648 649 721 
3 720 722 646 
3 722 650 646 
3 723 721 651 
3 649 651 721 
3 722 724 650 
3 725 723 652 
3 651 652 723 
3 726 725 652 
3 653 650 724 
3 724 727 653 
3 652 655 726 
3 655 656 726 
3 656 575 728 
3 728 726 656 
3 659 728 575 
3 657 653 727 
3 727 729 657 
3 659 730 731 
3 732 731 730 
3 659 661 730 
3 733 732 662 
3 732 730 661 
3 661 662 732 
3 657 729 663 
3 733 662 664 
3 664 734 733 
3 735 733 734 
3 734 736 735 
3 664 665 734 
3 736 734 665 
3 666 737 667 
3 665 738 736 
3 667 737 668 
3 738 665 670 
3 739 671 668 
3 670 672 738 
3 671 739 740 
3 674 673 741 
3 742 738 672 
3 672 741 742 
3 672 674 741 
3 740 743 671 
3 743 675 671 
3 741 673 676 
3 676 742 741 
3 675 743 744 
3 742 676 745 
3 744 677 675 
3 591 745 676 
3 746 678 677 
3 677 744 746 
3 745 591 747 
3 746 679 678 
3 591 680 747 
3 748 747 680 
3 681 679 749 
3 679 746 749 
3 750 748 680 
3 682 681 749 
3 683 751 680 
3 750 680 751 
3 604 682 752 
3 752 682 749 
3 753 685 604 
3 604 752 753 
3 686 754 684 
3 754 755 683 
3 754 683 684 
3 755 751 683 
3 756 687 685 
3 685 753 756 
3 757 758 607 
3 606 607 758 
3 758 759 606 
3 686 606 759 
3 759 760 686 
3 760 754 686 
3 761 607 608 
3 607 761 757 
3 762 761 608 
3 688 763 610 
3 764 762 609 
3 762 608 609 
3 689 764 609 
3 763 765 610 
3 766 764 689 
3 614 610 765 
3 612 690 767 
3 767 766 612 
3 689 612 766 
3 691 614 765 
3 690 768 767 
3 768 690 616 
3 691 769 692 
3 616 770 771 
3 771 768 616 
3 770 616 772 
3 693 692 769 
3 769 773 693 
3 694 774 772 
3 616 694 772 
3 774 694 775 
3 694 536 775 
3 695 693 773 
3 773 776 695 
3 536 777 775 
3 696 778 777 
3 777 536 696 
3 697 695 776 
3 776 779 697 
3 698 780 778 
3 778 696 698 
3 779 781 697 
3 780 698 699 
3 782 697 781 
3 780 699 700 
3 701 697 782 
3 782 783 701 
3 783 784 701 
3 701 784 627 
3 705 704 785 
3 700 705 785 
3 706 627 784 
3 784 786 706 
3 704 707 787 
3 787 785 704 
3 708 711 788 
3 707 708 788 
3 788 787 707 
3 713 789 711 
3 789 788 711 
3 712 709 790 
3 640 712 790 
3 790 791 640 
3 713 640 791 
3 713 792 789 
3 792 788 789 
3 716 793 715 
3 793 716 717 
3 717 794 793 
3 794 717 647 
3 719 718 795 
3 715 795 714 
3 795 718 714 
3 647 796 794 
3 796 647 721 
3 721 797 796 
3 720 719 798 
3 795 798 719 
3 799 800 720 
3 720 798 799 
3 722 720 801 
3 801 802 722 
3 800 801 720 
3 803 721 723 
3 723 804 803 
3 724 722 802 
3 802 805 724 
3 804 723 725 
3 725 726 806 
3 806 804 725 
3 727 724 805 
3 728 806 726 
3 807 806 728 
3 728 659 808 
3 808 807 728 
3 659 809 808 
3 809 659 731 
3 731 732 810 
3 810 811 731 
3 811 809 731 
3 727 812 729 
3 732 733 810 
3 735 813 810 
3 810 733 735 
3 729 812 814 
3 814 663 729 
3 735 736 813 
3 663 814 815 
3 815 666 663 
3 816 736 738 
3 668 737 817 
3 737 666 815 
3 815 817 737 
3 668 817 818 
3 738 819 816 
3 820 821 739 
3 821 740 739 
3 738 742 819 
3 822 743 740 
3 740 821 823 
3 823 822 740 
3 822 744 743 
3 824 746 744 
3 825 824 744 
3 824 826 746 
3 826 824 825 
3 745 747 827 
3 828 827 747 
3 747 748 828 
3 746 826 749 
3 828 748 750 
3 750 829 828 
3 830 749 831 
3 831 749 826 
3 750 751 829 
3 749 832 752 
3 749 833 832 
3 833 749 830 
3 830 831 833 
3 834 753 752 
3 752 835 834 
3 836 837 835 
3 835 752 836 
3 836 752 832 
3 753 834 756 
3 838 834 835 
3 835 837 838 
3 757 839 840 
3 758 757 840 
3 840 841 758 
3 759 758 841 
3 841 842 759 
3 760 759 842 
3 842 843 760 
3 754 760 843 
3 843 844 754 
3 754 844 755 
3 756 845 687 
3 845 756 834 
3 757 761 839 
3 688 687 845 
3 845 846 688 
3 839 762 847 
3 761 762 839 
3 763 688 846 
3 846 848 763 
3 846 849 848 
3 762 764 847 
3 848 850 763 
3 851 847 764 
3 765 763 850 
3 852 853 851 
3 851 766 852 
3 764 766 851 
3 852 854 853 
3 854 852 767 
3 766 767 852 
3 855 856 691 
3 691 765 855 
3 854 767 768 
3 769 691 856 
3 856 857 769 
3 858 859 854 
3 858 854 768 
3 768 771 858 
3 771 770 858 
3 859 858 860 
3 858 770 772 
3 772 860 858 
3 773 769 857 
3 860 772 774 
3 774 861 860 
3 857 776 773 
3 774 775 861 
3 861 775 777 
3 777 862 861 
3 777 778 863 
3 863 862 777 
3 778 864 863 
3 778 780 864 
3 779 865 782 
3 782 781 779 
3 780 866 864 
3 865 867 782 
3 866 780 700 
3 783 782 867 
3 783 868 784 
3 700 785 869 
3 786 784 868 
3 869 785 870 
3 871 870 785 
3 785 787 871 
3 872 873 787 
3 787 788 872 
3 873 871 787 
3 706 786 874 
3 706 874 709 
3 792 872 788 
3 709 874 875 
3 709 875 790 
3 875 876 790 
3 791 790 877 
3 790 876 877 
3 791 878 713 
3 792 713 878 
3 877 878 791 
3 879 715 793 
3 793 880 879 
3 794 881 880 
3 880 793 794 
3 795 715 879 
3 879 882 795 
3 882 883 795 
3 794 884 881 
3 794 796 884 
3 884 796 797 
3 885 798 883 
3 795 883 798 
3 797 886 884 
3 797 721 886 
3 721 887 886 
3 888 800 799 
3 798 885 889 
3 889 888 798 
3 888 799 798 
3 887 721 803 
3 890 802 801 
3 888 889 891 
3 891 890 888 
3 890 801 800 
3 800 888 890 
3 806 803 804 
3 890 891 892 
3 892 805 890 
3 802 890 805 
3 893 727 805 
3 805 892 893 
3 807 894 806 
3 893 895 727 
3 894 807 808 
3 808 896 894 
3 809 897 808 
3 897 896 808 
3 811 897 809 
3 898 812 727 
3 727 895 898 
3 813 899 811 
3 811 810 813 
3 814 812 898 
3 898 900 814 
3 900 815 814 
3 899 813 736 
3 736 901 899 
3 901 736 816 
3 902 815 900 
3 815 903 817 
3 815 902 903 
3 817 904 905 
3 905 906 817 
3 906 818 817 
3 904 817 903 
3 907 739 668 
3 906 908 909 
3 909 907 906 
3 907 668 818 
3 818 906 907 
3 906 905 908 
3 907 910 911 
3 911 820 907 
3 739 907 820 
3 907 909 910 
3 823 821 820 
3 820 912 823 
3 912 820 911 
3 911 913 912 
3 819 742 914 
3 913 822 823 
3 823 912 913 
3 914 742 745 
3 744 822 913 
3 913 915 744 
3 916 914 745 
3 915 917 825 
3 825 744 915 
3 917 915 913 
3 913 918 917 
3 919 825 917 
3 917 920 919 
3 920 917 918 
3 826 825 919 
3 826 919 920 
3 920 921 826 
3 920 922 921 
3 923 827 924 
3 827 923 745 
3 921 925 826 
3 925 921 922 
3 827 828 924 
3 925 926 826 
3 924 828 927 
3 927 928 924 
3 929 826 926 
3 829 930 927 
3 829 927 828 
3 930 928 927 
3 831 931 833 
3 831 826 929 
3 751 932 829 
3 832 933 836 
3 832 934 933 
3 934 832 931 
3 832 833 931 
3 935 831 929 
3 751 755 932 
3 837 936 838 
3 836 933 936 
3 936 837 836 
3 934 931 933 
3 937 938 839 
3 840 839 938 
3 841 840 938 
3 938 939 841 
3 842 841 939 
3 939 940 842 
3 843 842 940 
3 940 941 843 
3 844 843 941 
3 941 942 844 
3 755 844 942 
3 942 943 755 
3 755 943 932 
3 845 834 838 
3 838 944 845 
3 944 838 945 
3 838 936 945 
3 945 936 933 
3 847 946 937 
3 937 839 847 
3 846 845 944 
3 944 947 846 
3 948 949 847 
3 946 847 949 
3 950 849 846 
3 846 947 950 
3 851 948 847 
3 951 850 849 
3 850 848 849 
3 952 948 851 
3 765 850 951 
3 952 953 948 
3 952 851 853 
3 855 765 951 
3 953 952 853 
3 853 854 953 
3 856 855 951 
3 954 955 953 
3 854 954 953 
3 954 956 955 
3 954 854 859 
3 859 956 954 
3 956 861 955 
3 956 859 860 
3 860 861 956 
3 957 955 861 
3 957 861 862 
3 958 959 776 
3 959 779 776 
3 863 960 957 
3 862 863 957 
3 959 961 779 
3 864 962 960 
3 960 863 864 
3 865 779 961 
3 864 866 962 
3 961 963 867 
3 867 865 961 
3 866 964 962 
3 783 867 963 
3 964 866 700 
3 868 783 963 
3 963 965 868 
3 966 964 700 
3 700 869 966 
3 967 869 870 
3 869 967 966 
3 786 868 968 
3 967 870 871 
3 786 968 874 
3 969 873 872 
3 967 871 873 
3 873 969 967 
3 970 872 792 
3 872 970 969 
3 874 971 875 
3 792 972 973 
3 792 973 970 
3 876 875 971 
3 974 792 878 
3 792 974 972 
3 971 975 876 
3 877 876 975 
3 975 976 877 
3 976 878 877 
3 976 977 878 
3 878 977 974 
3 880 978 879 
3 880 881 978 
3 978 881 884 
3 884 979 978 
3 980 885 883 
3 981 980 879 
3 980 883 882 
3 882 879 980 
3 884 982 979 
3 982 884 886 
3 886 983 982 
3 983 886 887 
3 980 981 889 
3 885 980 889 
3 983 887 803 
3 803 984 983 
3 803 985 984 
3 985 803 806 
3 986 892 891 
3 987 986 889 
3 891 889 986 
3 806 988 985 
3 986 989 990 
3 990 893 986 
3 892 986 893 
3 986 987 989 
3 806 894 991 
3 991 988 806 
3 893 992 895 
3 992 893 990 
3 894 896 991 
3 896 897 993 
3 993 991 896 
3 895 992 994 
3 994 995 895 
3 993 897 811 
3 995 898 895 
3 900 898 995 
3 996 899 901 
3 816 997 901 
3 996 901 997 
3 997 998 996 
3 900 999 902 
3 900 1000 999 
3 816 998 997 
3 816 1001 998 
3 1002 905 904 
3 1002 904 903 
3 903 1003 1002 
3 902 1004 1003 
3 903 902 1003 
3 1001 816 819 
3 905 1002 908 
3 908 1002 1003 
3 1001 819 914 
3 911 910 909 
3 909 908 911 
3 911 908 913 
3 908 918 913 
3 1005 914 916 
3 916 1006 1005 
3 916 745 1006 
3 745 923 1006 
3 922 920 918 
3 923 924 1007 
3 1008 1006 923 
3 923 1007 1008 
3 925 922 918 
3 918 1009 925 
3 1009 918 1010 
3 1011 1008 1007 
3 1007 924 1011 
3 926 925 1009 
3 926 1009 1010 
3 928 1012 924 
3 1011 924 1012 
3 1012 1013 1011 
3 1014 926 1010 
3 930 829 1015 
3 1012 1015 1013 
3 928 930 1015 
3 1015 1012 928 
3 926 1016 1017 
3 1017 929 926 
3 1016 926 1014 
3 1018 1015 829 
3 829 932 1018 
3 1018 1013 1015 
3 831 1019 931 
3 1019 831 935 
3 935 1020 1019 
3 1020 935 929 
3 929 1021 1020 
3 1021 929 1017 
3 946 1022 1023 
3 1024 946 1023 
3 1024 1025 938 
3 1025 1026 939 
3 940 939 1026 
3 1027 940 1026 
3 931 1028 933 
3 1028 931 1019 
3 1019 1021 1028 
3 1021 1019 1020 
3 1029 1022 1030 
3 1022 946 1030 
3 937 946 1024 
3 938 937 1024 
3 939 938 1025 
3 1031 941 940 
3 940 1027 1031 
3 1031 1032 941 
3 942 941 1032 
3 943 942 1032 
3 1032 1033 943 
3 932 943 1033 
3 1033 1034 932 
3 1035 1036 1029 
3 1029 1037 1035 
3 1037 1029 1030 
3 947 944 945 
3 947 945 1038 
3 945 933 1038 
3 1035 948 1036 
3 948 1035 1037 
3 948 1037 1030 
3 949 948 1030 
3 946 949 1030 
3 849 950 1039 
3 1039 951 849 
3 950 947 1039 
3 1040 1041 1042 
3 1041 1040 948 
3 1039 1043 951 
3 1042 1044 1045 
3 1044 1042 1041 
3 1041 953 1044 
3 1041 948 953 
3 1043 1046 951 
3 856 951 1046 
3 955 1045 1044 
3 953 955 1044 
3 857 856 1046 
3 1046 1047 857 
3 1048 857 1047 
3 1048 776 857 
3 1049 955 957 
3 1048 1050 776 
3 957 1051 1049 
3 958 776 1050 
3 1050 1052 958 
3 1053 958 1052 
3 1053 959 958 
3 1051 957 960 
3 1053 1052 1054 
3 1054 961 959 
3 959 1053 1054 
3 960 1055 1051 
3 960 962 1055 
3 1054 963 961 
3 962 1056 1055 
3 962 964 1056 
3 1056 964 966 
3 966 1057 1056 
3 965 1058 868 
3 966 1059 1057 
3 1058 968 868 
3 1059 966 967 
3 967 969 1059 
3 1060 874 968 
3 970 1061 969 
3 1060 971 874 
3 1062 973 972 
3 1061 970 973 
3 973 1062 1061 
3 1060 1063 971 
3 974 1064 1062 
3 1062 972 974 
3 1063 1065 971 
3 975 971 1065 
3 1065 1066 975 
3 976 975 1066 
3 1066 1067 976 
3 977 976 1067 
3 1067 1064 977 
3 974 977 1064 
3 1068 879 978 
3 1069 981 879 
3 879 1070 1069 
3 879 1068 1070 
3 978 1071 1068 
3 1071 978 979 
3 979 982 1071 
3 1072 982 983 
3 1073 889 981 
3 1074 1073 1069 
3 981 1069 1073 
3 1074 1069 1070 
3 983 1075 1072 
3 1075 983 984 
3 889 1073 1076 
3 984 1077 1075 
3 984 985 1077 
3 1078 987 889 
3 1079 1078 1076 
3 889 1076 1078 
3 1077 985 988 
3 988 1080 1077 
3 1081 990 989 
3 1081 989 987 
3 987 1078 1081 
3 1080 988 991 
3 991 1082 1080 
3 992 990 1081 
3 1081 1083 992 
3 1081 1084 1083 
3 1082 991 993 
3 993 1085 1082 
3 993 1086 1085 
3 1087 995 1083 
3 995 994 992 
3 992 1083 995 
3 1083 1084 1087 
3 1086 993 811 
3 1087 1088 995 
3 1086 811 899 
3 899 1089 1086 
3 1088 1090 995 
3 1089 899 996 
3 995 1090 900 
3 1000 900 1090 
3 1091 999 1000 
3 1092 1004 902 
3 999 1093 1092 
3 1092 902 999 
3 1093 999 1091 
3 1091 1094 1093 
3 1095 1003 1004 
3 1092 1096 1095 
3 1004 1092 1095 
3 1096 1092 1093 
3 1093 1094 1096 
3 908 1003 1097 
3 1095 1097 1003 
3 1097 1098 908 
3 914 1099 1001 
3 918 908 1098 
3 1100 1099 914 
3 914 1005 1100 
3 1098 1101 918 
3 1006 1102 1005 
3 1101 1103 918 
3 1010 918 1103 
3 1006 1008 1102 
3 1103 1104 1010 
3 1008 1011 1105 
3 1105 1102 1008 
3 1010 1104 1106 
3 1011 1013 1105 
3 1014 1010 1106 
3 1106 1107 1014 
3 1108 1109 1023 
3 1110 1016 1014 
3 1111 1110 1014 
3 1014 1107 1111 
3 1022 1112 1113 
3 1022 1113 1108 
3 1022 1108 1023 
3 1024 1023 1114 
3 1114 1025 1024 
3 1018 932 1115 
3 1013 1018 1115 
3 1110 1111 1116 
3 1116 1017 1110 
3 1016 1110 1017 
3 1117 1118 1119 
3 1022 1117 1119 
3 1119 1120 1022 
3 1120 1112 1022 
3 1026 1121 1027 
3 1122 1031 1027 
3 1027 1121 1122 
3 1123 1115 932 
3 932 1124 1123 
3 1123 1013 1115 
3 1017 1125 1021 
3 1125 1017 1116 
3 1116 1126 1125 
3 1127 1128 1129 
3 1129 1118 1117 
3 1117 1127 1129 
3 1117 1029 1127 
3 1029 1117 1022 
3 1130 1032 1031 
3 1031 1122 1130 
3 1130 1131 1032 
3 1033 1032 1131 
3 1034 1033 1131 
3 1132 932 1034 
3 932 1132 1124 
3 1133 933 1028 
3 1028 1134 1133 
3 1134 1028 1021 
3 1134 1021 1135 
3 1021 1125 1135 
3 1036 1136 1137 
3 1137 1138 1036 
3 1138 1128 1127 
3 1127 1036 1138 
3 1036 1127 1029 
3 1139 947 1038 
3 933 1140 1139 
3 1139 1038 933 
3 1140 933 1133 
3 1136 1036 1141 
3 1141 1142 1136 
3 947 1139 1143 
3 1036 1040 1141 
3 948 1040 1036 
3 947 1143 1039 
3 1144 1142 1145 
3 1145 1146 1144 
3 1145 1142 1141 
3 1141 1040 1042 
3 1042 1145 1141 
3 1143 1043 1039 
3 1146 1145 1045 
3 1042 1045 1145 
3 1046 1043 1143 
3 1143 1147 1046 
3 955 1146 1045 
3 1147 1047 1046 
3 1146 955 1148 
3 1049 1149 1148 
3 1148 955 1049 
3 1048 1047 1150 
3 1049 1151 1149 
3 1050 1048 1150 
3 1150 1152 1050 
3 1151 1049 1051 
3 1052 1050 1152 
3 1054 1052 1152 
3 1153 1051 1055 
3 1152 1154 1054 
3 1055 1155 1153 
3 1154 1156 1054 
3 1055 1056 1155 
3 1156 963 1054 
3 1056 1157 1155 
3 965 963 1156 
3 1156 1158 965 
3 1057 1159 1157 
3 1157 1056 1057 
3 1058 965 1158 
3 1158 1160 1058 
3 1057 1059 1159 
3 1058 1160 968 
3 969 1161 1059 
3 968 1160 1060 
3 1162 969 1061 
3 1061 1062 1162 
3 969 1162 1161 
3 1163 1063 1060 
3 1062 1064 1164 
3 1163 1165 1063 
3 1165 1065 1063 
3 1066 1065 1165 
3 1066 1166 1067 
3 1064 1067 1166 
3 1064 1166 1164 
3 1167 1068 1071 
3 1071 1168 1167 
3 1167 1074 1068 
3 1070 1068 1074 
3 1168 1071 982 
3 982 1169 1168 
3 1169 982 1072 
3 1072 1170 1169 
3 1171 1072 1075 
3 1171 1170 1072 
3 1079 1076 1073 
3 1079 1073 1074 
3 1172 1075 1077 
3 1172 1171 1075 
3 1172 1077 1080 
3 1080 1173 1172 
3 1079 1174 1081 
3 1081 1078 1079 
3 1173 1080 1082 
3 1082 1085 1173 
3 1081 1174 1084 
3 1087 1084 1174 
3 1087 1175 1088 
3 1087 1174 1175 
3 1090 1088 1175 
3 1176 1089 996 
3 1090 1177 1000 
3 1176 996 998 
3 1091 1000 1177 
3 1091 1178 1094 
3 1178 1091 1177 
3 1179 1095 1096 
3 1179 1096 1094 
3 1094 1178 1179 
3 1095 1180 1097 
3 1095 1179 1180 
3 1180 1179 1178 
3 1181 998 1001 
3 1097 1182 1098 
3 1182 1097 1183 
3 1097 1180 1183 
3 1181 1001 1099 
3 1184 1098 1182 
3 1101 1098 1184 
3 1181 1099 1100 
3 1005 1102 1100 
3 1101 1185 1103 
3 1185 1101 1184 
3 1103 1185 1186 
3 1104 1103 1186 
3 1186 1187 1104 
3 1105 1188 1102 
3 1104 1187 1189 
3 1189 1106 1104 
3 1108 1190 1191 
3 1192 1191 1193 
3 1192 1194 1114 
3 1194 1195 1114 
3 1196 1114 1195 
3 1106 1189 1197 
3 1197 1107 1106 
3 1113 1198 1190 
3 1108 1113 1190 
3 1108 1191 1109 
3 1023 1109 1191 
3 1191 1192 1023 
3 1114 1023 1192 
3 1114 1196 1025 
3 1199 1025 1196 
3 1196 1200 1199 
3 1196 1195 1200 
3 1201 1199 1200 
3 1200 1202 1201 
3 1201 1202 1203 
3 1105 1204 1188 
3 1105 1013 1204 
3 1111 1107 1197 
3 1197 1205 1111 
3 1206 1207 1208 
3 1209 1206 1208 
3 1208 1210 1209 
3 1211 1209 1210 
3 1210 1212 1211 
3 1211 1212 1198 
3 1198 1113 1211 
3 1113 1112 1211 
3 1025 1199 1026 
3 1199 1201 1026 
3 1026 1203 1213 
3 1026 1201 1203 
3 1013 1214 1204 
3 1111 1205 1215 
3 1207 1206 1118 
3 1118 1216 1207 
3 1118 1206 1209 
3 1209 1119 1118 
3 1120 1119 1209 
3 1209 1211 1120 
3 1112 1120 1211 
3 1026 1213 1121 
3 1217 1122 1121 
3 1121 1218 1217 
3 1121 1213 1218 
3 1217 1219 1122 
3 1123 1124 1220 
3 1221 1214 1013 
3 1013 1220 1221 
3 1013 1123 1220 
3 1116 1111 1222 
3 1222 1126 1116 
3 1111 1215 1222 
3 1216 1118 1129 
3 1129 1223 1216 
3 1129 1128 1223 
3 1130 1122 1219 
3 1131 1130 1219 
3 1219 1224 1131 
3 1225 1132 1034 
3 1225 1220 1124 
3 1124 1132 1225 
3 1225 1221 1220 
3 1135 1125 1226 
3 1226 1227 1135 
3 1125 1126 1222 
3 1222 1226 1125 
3 1138 1137 1136 
3 1136 1228 1138 
3 1229 1223 1128 
3 1128 1228 1229 
3 1128 1138 1228 
3 1034 1131 1224 
3 1224 1230 1034 
3 1034 1230 1225 
3 1140 1133 1231 
3 1232 1133 1134 
3 1232 1231 1133 
3 1233 1232 1134 
3 1134 1234 1233 
3 1227 1234 1135 
3 1234 1134 1135 
3 1142 1235 1136 
3 1235 1236 1237 
3 1237 1136 1235 
3 1237 1228 1136 
3 1237 1229 1228 
3 1140 1231 1139 
3 1142 1144 1238 
3 1239 1236 1235 
3 1235 1238 1239 
3 1238 1235 1142 
3 1240 1241 1238 
3 1144 1146 1240 
3 1240 1238 1144 
3 1241 1239 1238 
3 1146 1242 1240 
3 1146 1243 1242 
3 1147 1244 1047 
3 1243 1146 1245 
3 1244 1150 1047 
3 1245 1146 1148 
3 1245 1148 1149 
3 1149 1246 1245 
3 1151 1246 1149 
3 1151 1247 1246 
3 1247 1151 1248 
3 1051 1248 1151 
3 1248 1051 1153 
3 1248 1153 1249 
3 1249 1153 1155 
3 1154 1250 1156 
3 1155 1251 1249 
3 1251 1155 1157 
3 1157 1252 1251 
3 1158 1156 1250 
3 1250 1253 1158 
3 1157 1159 1252 
3 1160 1158 1253 
3 1253 1254 1160 
3 1059 1255 1159 
3 1254 1256 1160 
3 1059 1257 1255 
3 1256 1258 1160 
3 1257 1059 1161 
3 1060 1160 1258 
3 1258 1259 1060 
3 1260 1162 1062 
3 1162 1260 1161 
3 1259 1261 1060 
3 1260 1062 1164 
3 1164 1262 1260 
3 1163 1060 1261 
3 1261 1263 1163 
3 1264 1262 1164 
3 1165 1163 1263 
3 1165 1265 1066 
3 1166 1066 1265 
3 1265 1264 1166 
3 1264 1164 1166 
3 1169 1266 1168 
3 1266 1169 1170 
3 1171 1266 1170 
3 1167 1267 1074 
3 1167 1268 1267 
3 1167 1168 1268 
3 1268 1168 1266 
3 1266 1269 1268 
3 1171 1269 1266 
3 1074 1270 1079 
3 1270 1074 1271 
3 1074 1267 1271 
3 1271 1267 1268 
3 1172 1272 1171 
3 1272 1172 1173 
3 1173 1273 1272 
3 1274 1173 1085 
3 1274 1273 1173 
3 1174 1079 1275 
3 1079 1270 1275 
3 1085 1276 1274 
3 1276 1085 1086 
3 1174 1277 1175 
3 1277 1174 1275 
3 1086 1278 1276 
3 1175 1277 1279 
3 1278 1086 1089 
3 1089 1280 1278 
3 1175 1281 1090 
3 1281 1175 1279 
3 1280 1089 1176 
3 1176 1282 1280 
3 1177 1090 1281 
3 1281 1283 1177 
3 1282 1176 998 
3 998 1284 1282 
3 1285 1178 1177 
3 1283 1286 1285 
3 1285 1177 1283 
3 998 1287 1284 
3 1285 1286 1178 
3 1178 1288 1180 
3 1287 998 1181 
3 1182 1183 1289 
3 1289 1183 1180 
3 1180 1288 1289 
3 1184 1182 1290 
3 1289 1290 1182 
3 1290 1291 1184 
3 1292 1181 1100 
3 1100 1293 1292 
3 1291 1294 1184 
3 1295 1293 1100 
3 1185 1184 1294 
3 1100 1102 1295 
3 1185 1294 1296 
3 1296 1186 1185 
3 1297 1295 1102 
3 1186 1298 1187 
3 1298 1186 1296 
3 1296 1299 1298 
3 1193 1300 1301 
3 1301 1302 1193 
3 1192 1193 1302 
3 1302 1194 1192 
3 1102 1188 1297 
3 1187 1298 1303 
3 1303 1304 1187 
3 1304 1189 1187 
3 1298 1299 1303 
3 1190 1305 1300 
3 1193 1190 1300 
3 1190 1193 1191 
3 1306 1200 1195 
3 1188 1307 1297 
3 1189 1304 1308 
3 1308 1309 1189 
3 1309 1197 1189 
3 1190 1310 1305 
3 1190 1198 1310 
3 1200 1306 1202 
3 1306 1203 1202 
3 1188 1204 1307 
3 1309 1311 1312 
3 1312 1197 1309 
3 1312 1205 1197 
3 1311 1309 1308 
3 1308 1313 1311 
3 1208 1207 1314 
3 1210 1208 1314 
3 1212 1315 1310 
3 1315 1212 1210 
3 1198 1212 1310 
3 1306 1213 1203 
3 1316 1218 1213 
3 1213 1306 1316 
3 1205 1312 1317 
3 1317 1318 1205 
3 1318 1215 1205 
3 1317 1312 1311 
3 1311 1319 1317 
3 1311 1313 1319 
3 1314 1207 1216 
3 1216 1320 1314 
3 1320 1321 1322 
3 1322 1314 1320 
3 1322 1210 1314 
3 1322 1315 1210 
3 1217 1218 1316 
3 1217 1323 1219 
3 1217 1316 1323 
3 1324 1204 1214 
3 1214 1221 1324 
3 1324 1307 1204 
3 1222 1215 1318 
3 1318 1325 1222 
3 1321 1320 1216 
3 1216 1223 1321 
3 1224 1219 1323 
3 1323 1326 1224 
3 1324 1221 1225 
3 1226 1327 1328 
3 1328 1227 1226 
3 1226 1222 1325 
3 1325 1327 1226 
3 1329 1330 1321 
3 1321 1223 1329 
3 1223 1229 1329 
3 1230 1224 1326 
3 1326 1331 1230 
3 1225 1331 1332 
3 1225 1230 1331 
3 1332 1324 1225 
3 1333 1231 1232 
3 1233 1234 1334 
3 1334 1335 1233 
3 1328 1234 1227 
3 1328 1334 1234 
3 1236 1336 1330 
3 1329 1236 1330 
3 1236 1329 1237 
3 1229 1237 1329 
3 1337 1338 1231 
3 1338 1139 1231 
3 1231 1333 1337 
3 1232 1339 1333 
3 1335 1339 1233 
3 1339 1232 1233 
3 1239 1340 1336 
3 1236 1239 1336 
3 1341 1143 1139 
3 1139 1338 1341 
3 1240 1342 1340 
3 1340 1239 1241 
3 1241 1240 1340 
3 1342 1240 1242 
3 1242 1343 1342 
3 1143 1341 1344 
3 1343 1242 1345 
3 1242 1243 1345 
3 1344 1147 1143 
3 1243 1346 1345 
3 1244 1147 1344 
3 1344 1347 1244 
3 1346 1243 1245 
3 1150 1244 1347 
3 1347 1348 1150 
3 1346 1245 1349 
3 1150 1348 1350 
3 1349 1245 1246 
3 1150 1350 1351 
3 1152 1150 1351 
3 1349 1246 1247 
3 1247 1248 1349 
3 1352 1154 1152 
3 1353 1248 1249 
3 1352 1354 1154 
3 1154 1354 1355 
3 1355 1250 1154 
3 1353 1249 1251 
3 1251 1356 1353 
3 1250 1355 1357 
3 1356 1251 1252 
3 1253 1250 1357 
3 1159 1255 1356 
3 1356 1252 1159 
3 1254 1253 1357 
3 1357 1358 1254 
3 1256 1254 1358 
3 1358 1359 1256 
3 1258 1256 1359 
3 1359 1360 1258 
3 1360 1361 1258 
3 1259 1258 1361 
3 1361 1362 1259 
3 1363 1257 1161 
3 1363 1161 1260 
3 1364 1259 1362 
3 1364 1261 1259 
3 1263 1364 1365 
3 1364 1263 1261 
3 1263 1365 1366 
3 1264 1367 1368 
3 1264 1368 1262 
3 1366 1165 1263 
3 1265 1165 1366 
3 1366 1369 1265 
3 1369 1367 1265 
3 1264 1265 1367 
3 1370 1268 1269 
3 1269 1371 1370 
3 1372 1371 1269 
3 1269 1171 1372 
3 1171 1373 1372 
3 1373 1171 1272 
3 1271 1374 1270 
3 1374 1271 1268 
3 1268 1375 1374 
3 1375 1268 1370 
3 1272 1376 1373 
3 1272 1273 1376 
3 1273 1377 1376 
3 1377 1273 1274 
3 1270 1378 1275 
3 1378 1270 1374 
3 1374 1375 1378 
3 1274 1379 1377 
3 1379 1274 1276 
3 1275 1380 1277 
3 1380 1275 1378 
3 1375 1381 1378 
3 1278 1280 1276 
3 1380 1382 1279 
3 1279 1277 1380 
3 1382 1380 1378 
3 1378 1383 1382 
3 1383 1378 1381 
3 1281 1279 1382 
3 1281 1382 1383 
3 1283 1281 1384 
3 1286 1283 1385 
3 1283 1384 1385 
3 1287 1386 1284 
3 1387 1288 1178 
3 1178 1388 1387 
3 1388 1178 1286 
3 1286 1389 1388 
3 1389 1286 1385 
3 1386 1287 1181 
3 1288 1387 1390 
3 1390 1289 1288 
3 1390 1387 1388 
3 1388 1389 1390 
3 1386 1181 1292 
3 1391 1291 1290 
3 1391 1392 1291 
3 1294 1291 1392 
3 1392 1393 1294 
3 1393 1394 1395 
3 1395 1294 1393 
3 1396 1395 1394 
3 1394 1397 1396 
3 1296 1294 1395 
3 1395 1396 1296 
3 1302 1398 1399 
3 1194 1302 1399 
3 1399 1400 1194 
3 1400 1401 1194 
3 1402 1194 1401 
3 1396 1397 1403 
3 1403 1404 1396 
3 1404 1405 1396 
3 1299 1296 1396 
3 1396 1405 1299 
3 1398 1301 1300 
3 1300 1406 1398 
3 1302 1301 1398 
3 1195 1194 1402 
3 1402 1407 1195 
3 1195 1407 1408 
3 1409 1404 1403 
3 1403 1410 1409 
3 1405 1404 1409 
3 1409 1303 1405 
3 1409 1304 1303 
3 1405 1303 1299 
3 1406 1300 1305 
3 1305 1411 1406 
3 1412 1306 1195 
3 1195 1408 1412 
3 1413 1409 1410 
3 1410 1414 1413 
3 1308 1304 1409 
3 1409 1413 1308 
3 1305 1310 1415 
3 1415 1411 1305 
3 1316 1306 1412 
3 1412 1416 1316 
3 1307 1417 1297 
3 1413 1414 1418 
3 1418 1419 1413 
3 1419 1420 1413 
3 1313 1308 1413 
3 1413 1420 1313 
3 1415 1310 1315 
3 1315 1421 1415 
3 1416 1422 1316 
3 1419 1418 1423 
3 1423 1318 1317 
3 1317 1419 1423 
3 1419 1317 1319 
3 1319 1420 1419 
3 1420 1319 1313 
3 1322 1321 1424 
3 1421 1424 1425 
3 1315 1322 1424 
3 1424 1421 1315 
3 1323 1316 1422 
3 1422 1426 1323 
3 1417 1307 1324 
3 1324 1427 1417 
3 1325 1423 1428 
3 1423 1325 1318 
3 1429 1430 1424 
3 1424 1321 1429 
3 1425 1424 1430 
3 1430 1431 1425 
3 1326 1323 1426 
3 1428 1328 1327 
3 1428 1432 1328 
3 1428 1327 1325 
3 1429 1330 1433 
3 1330 1429 1321 
3 1430 1429 1433 
3 1433 1434 1430 
3 1434 1431 1430 
3 1435 1436 1333 
3 1335 1334 1437 
3 1437 1438 1335 
3 1334 1328 1432 
3 1432 1437 1334 
3 1439 1433 1330 
3 1337 1341 1338 
3 1337 1333 1436 
3 1333 1339 1435 
3 1438 1435 1339 
3 1438 1339 1335 
3 1336 1340 1440 
3 1330 1440 1441 
3 1440 1330 1336 
3 1441 1439 1330 
3 1340 1342 1442 
3 1442 1443 1440 
3 1440 1340 1442 
3 1441 1440 1443 
3 1443 1444 1441 
3 1442 1342 1343 
3 1343 1445 1442 
3 1446 1442 1445 
3 1446 1443 1442 
3 1446 1444 1443 
3 1447 1344 1341 
3 1448 1445 1343 
3 1343 1449 1448 
3 1343 1345 1449 
3 1448 1446 1445 
3 1447 1450 1344 
3 1449 1345 1346 
3 1347 1344 1450 
3 1450 1451 1347 
3 1451 1450 1447 
3 1346 1452 1449 
3 1451 1453 1347 
3 1453 1348 1347 
3 1452 1346 1349 
3 1349 1454 1452 
3 1350 1348 1453 
3 1453 1455 1350 
3 1455 1456 1350 
3 1456 1351 1350 
3 1349 1457 1454 
3 1456 1152 1351 
3 1456 1458 1152 
3 1459 1457 1349 
3 1248 1459 1349 
3 1458 1352 1152 
3 1248 1353 1459 
3 1353 1460 1459 
3 1461 1354 1352 
3 1352 1462 1461 
3 1354 1461 1355 
3 1460 1353 1356 
3 1356 1463 1460 
3 1355 1464 1357 
3 1465 1356 1255 
3 1356 1465 1463 
3 1358 1357 1464 
3 1359 1358 1464 
3 1464 1466 1359 
3 1465 1255 1257 
3 1257 1467 1465 
3 1466 1468 1361 
3 1361 1360 1466 
3 1360 1359 1466 
3 1469 1257 1363 
3 1257 1469 1467 
3 1470 1361 1468 
3 1470 1362 1361 
3 1363 1471 1469 
3 1471 1363 1260 
3 1364 1362 1470 
3 1472 1473 1262 
3 1471 1260 1262 
3 1262 1473 1471 
3 1364 1474 1365 
3 1365 1475 1366 
3 1365 1474 1475 
3 1369 1366 1475 
3 1475 1476 1369 
3 1367 1369 1476 
3 1476 1477 1367 
3 1477 1478 1368 
3 1368 1367 1477 
3 1478 1472 1368 
3 1472 1262 1368 
3 1371 1372 1373 
3 1371 1479 1370 
3 1371 1480 1479 
3 1480 1371 1373 
3 1373 1481 1480 
3 1373 1482 1481 
3 1483 1484 1482 
3 1482 1373 1483 
3 1373 1376 1483 
3 1483 1376 1377 
3 1377 1485 1483 
3 1377 1486 1485 
3 1377 1379 1486 
3 1487 1379 1276 
3 1487 1486 1379 
3 1488 1375 1370 
3 1488 1370 1479 
3 1482 1484 1481 
3 1280 1487 1276 
3 1489 1383 1381 
3 1375 1490 1489 
3 1489 1381 1375 
3 1490 1375 1488 
3 1488 1491 1490 
3 1491 1488 1479 
3 1492 1487 1280 
3 1489 1490 1383 
3 1493 1490 1491 
3 1494 1492 1280 
3 1280 1282 1494 
3 1383 1495 1281 
3 1495 1383 1490 
3 1495 1490 1493 
3 1493 1496 1495 
3 1496 1493 1497 
3 1493 1491 1497 
3 1384 1281 1495 
3 1284 1498 1282 
3 1384 1495 1385 
3 1284 1499 1498 
3 1385 1495 1500 
3 1499 1284 1386 
3 1501 1289 1390 
3 1501 1390 1389 
3 1389 1502 1501 
3 1503 1386 1292 
3 1290 1289 1501 
3 1501 1504 1290 
3 1504 1391 1290 
3 1503 1292 1293 
3 1293 1505 1503 
3 1391 1506 1392 
3 1393 1392 1506 
3 1505 1293 1295 
3 1393 1506 1507 
3 1507 1394 1393 
3 1295 1508 1505 
3 1397 1394 1507 
3 1507 1509 1397 
3 1510 1399 1398 
3 1400 1399 1510 
3 1510 1511 1400 
3 1401 1400 1511 
3 1511 1512 1401 
3 1402 1401 1512 
3 1512 1513 1402 
3 1407 1402 1513 
3 1513 1514 1407 
3 1295 1297 1508 
3 1515 1516 1397 
3 1516 1403 1397 
3 1397 1509 1515 
3 1517 1398 1406 
3 1398 1517 1510 
3 1408 1407 1514 
3 1514 1518 1408 
3 1410 1403 1516 
3 1516 1519 1410 
3 1519 1516 1515 
3 1515 1520 1519 
3 1521 1406 1411 
3 1406 1521 1517 
3 1412 1408 1518 
3 1518 1522 1412 
3 1410 1519 1523 
3 1523 1524 1410 
3 1524 1414 1410 
3 1519 1520 1523 
3 1521 1411 1415 
3 1415 1525 1521 
3 1416 1412 1522 
3 1522 1526 1416 
3 1418 1414 1524 
3 1524 1527 1418 
3 1525 1415 1421 
3 1421 1528 1525 
3 1422 1416 1526 
3 1423 1418 1527 
3 1527 1529 1423 
3 1425 1530 1528 
3 1528 1421 1425 
3 1426 1422 1531 
3 1422 1526 1531 
3 1428 1423 1529 
3 1529 1532 1428 
3 1533 1534 1530 
3 1530 1425 1533 
3 1425 1431 1533 
3 1326 1426 1531 
3 1531 1535 1326 
3 1536 1324 1332 
3 1332 1537 1536 
3 1324 1536 1427 
3 1432 1428 1532 
3 1532 1538 1432 
3 1433 1439 1534 
3 1534 1533 1434 
3 1434 1433 1534 
3 1431 1434 1533 
3 1331 1326 1535 
3 1535 1539 1331 
3 1332 1331 1539 
3 1539 1537 1332 
3 1540 1436 1435 
3 1435 1541 1540 
3 1438 1542 1435 
3 1542 1541 1435 
3 1437 1543 1438 
3 1437 1432 1538 
3 1538 1543 1437 
3 1544 1545 1546 
3 1439 1544 1546 
3 1337 1436 1540 
3 1540 1547 1337 
3 1545 1544 1441 
3 1439 1441 1544 
3 1341 1337 1547 
3 1545 1441 1444 
3 1444 1548 1545 
3 1549 1550 1551 
3 1551 1545 1548 
3 1548 1549 1551 
3 1549 1548 1446 
3 1444 1446 1548 
3 1550 1549 1448 
3 1448 1552 1550 
3 1552 1448 1449 
3 1446 1448 1549 
3 1552 1449 1452 
3 1452 1553 1552 
3 1553 1452 1454 
3 1453 1451 1554 
3 1554 1455 1453 
3 1457 1555 1454 
3 1455 1554 1556 
3 1556 1456 1455 
3 1556 1458 1456 
3 1555 1457 1459 
3 1557 1555 1459 
3 1558 1462 1352 
3 1458 1556 1559 
3 1559 1558 1458 
3 1558 1352 1458 
3 1558 1560 1462 
3 1560 1558 1559 
3 1559 1561 1560 
3 1557 1459 1460 
3 1460 1562 1557 
3 1462 1560 1563 
3 1563 1461 1462 
3 1560 1561 1563 
3 1564 1355 1461 
3 1460 1463 1562 
3 1565 1355 1564 
3 1464 1355 1565 
3 1465 1566 1463 
3 1565 1567 1464 
3 1466 1464 1567 
3 1566 1465 1467 
3 1467 1469 1566 
3 1468 1466 1567 
3 1468 1568 1470 
3 1473 1569 1570 
3 1471 1473 1570 
3 1571 1474 1364 
3 1364 1568 1571 
3 1568 1364 1470 
3 1572 1474 1571 
3 1472 1478 1569 
3 1473 1472 1569 
3 1474 1572 1475 
3 1477 1476 1475 
3 1475 1572 1477 
3 1573 1480 1481 
3 1573 1481 1484 
3 1484 1574 1573 
3 1574 1484 1483 
3 1485 1575 1483 
3 1575 1485 1486 
3 1487 1575 1486 
3 1576 1491 1479 
3 1479 1480 1576 
3 1576 1480 1573 
3 1483 1575 1574 
3 1487 1577 1575 
3 1487 1578 1577 
3 1492 1578 1487 
3 1579 1580 1576 
3 1491 1576 1580 
3 1494 1578 1492 
3 1581 1496 1497 
3 1580 1582 1583 
3 1583 1581 1580 
3 1581 1497 1491 
3 1491 1580 1581 
3 1580 1579 1582 
3 1578 1494 1584 
3 1496 1585 1495 
3 1583 1585 1581 
3 1496 1581 1585 
3 1494 1282 1584 
3 1500 1495 1585 
3 1584 1282 1498 
3 1498 1586 1584 
3 1586 1498 1499 
3 1499 1587 1586 
3 1587 1499 1386 
3 1385 1500 1588 
3 1587 1386 1503 
3 1389 1589 1502 
3 1389 1590 1589 
3 1389 1385 1588 
3 1588 1590 1389 
3 1504 1501 1591 
3 1501 1592 1591 
3 1592 1501 1502 
3 1592 1502 1589 
3 1503 1593 1587 
3 1391 1504 1591 
3 1593 1503 1505 
3 1391 1594 1506 
3 1507 1506 1594 
3 1594 1595 1507 
3 1596 1505 1508 
3 1509 1507 1595 
3 1511 1510 1597 
3 1597 1598 1511 
3 1598 1512 1511 
3 1598 1599 1512 
3 1513 1512 1599 
3 1599 1600 1513 
3 1600 1601 1513 
3 1514 1513 1601 
3 1297 1602 1508 
3 1603 1604 1515 
3 1515 1509 1595 
3 1595 1603 1515 
3 1605 1598 1597 
3 1597 1517 1605 
3 1517 1597 1510 
3 1601 1606 1514 
3 1518 1514 1606 
3 1297 1607 1602 
3 1604 1608 1609 
3 1609 1515 1604 
3 1609 1520 1515 
3 1517 1610 1611 
3 1517 1521 1610 
3 1611 1605 1517 
3 1522 1518 1606 
3 1523 1609 1608 
3 1608 1612 1523 
3 1612 1524 1523 
3 1609 1523 1520 
3 1610 1521 1525 
3 1525 1528 1610 
3 1611 1610 1528 
3 1606 1613 1522 
3 1526 1522 1613 
3 1607 1297 1417 
3 1527 1614 1615 
3 1615 1616 1527 
3 1527 1524 1612 
3 1612 1614 1527 
3 1613 1617 1526 
3 1607 1417 1427 
3 1616 1615 1618 
3 1529 1616 1618 
3 1616 1529 1527 
3 1530 1619 1528 
3 1531 1526 1617 
3 1427 1536 1607 
3 1532 1618 1620 
3 1618 1532 1529 
3 1619 1530 1534 
3 1534 1621 1619 
3 1617 1622 1531 
3 1531 1622 1535 
3 1537 1623 1536 
3 1538 1620 1624 
3 1620 1538 1532 
3 1621 1534 1439 
3 1622 1625 1535 
3 1539 1535 1625 
3 1625 1626 1539 
3 1537 1539 1626 
3 1626 1623 1537 
3 1627 1628 1540 
3 1627 1540 1541 
3 1541 1629 1627 
3 1629 1541 1542 
3 1542 1630 1629 
3 1630 1542 1438 
3 1630 1438 1543 
3 1543 1624 1630 
3 1624 1543 1538 
3 1546 1545 1631 
3 1621 1439 1546 
3 1546 1631 1621 
3 1547 1540 1628 
3 1628 1632 1341 
3 1341 1547 1628 
3 1632 1447 1341 
3 1551 1550 1633 
3 1633 1631 1545 
3 1545 1551 1633 
3 1552 1633 1550 
3 1632 1634 1447 
3 1634 1451 1447 
3 1553 1635 1552 
3 1635 1636 1552 
3 1634 1554 1451 
3 1635 1553 1454 
3 1636 1635 1454 
3 1454 1637 1636 
3 1454 1638 1637 
3 1638 1454 1555 
3 1554 1639 1556 
3 1556 1639 1640 
3 1557 1641 1555 
3 1556 1640 1559 
3 1641 1557 1642 
3 1559 1640 1643 
3 1643 1561 1559 
3 1642 1557 1562 
3 1643 1563 1561 
3 1562 1644 1642 
3 1564 1461 1563 
3 1564 1563 1643 
3 1643 1645 1564 
3 1646 1644 1562 
3 1562 1463 1646 
3 1645 1647 1564 
3 1463 1648 1646 
3 1564 1567 1565 
3 1567 1564 1647 
3 1648 1463 1566 
3 1566 1649 1648 
3 1469 1650 1649 
3 1566 1469 1649 
3 1651 1568 1468 
3 1468 1567 1651 
3 1471 1652 1650 
3 1469 1471 1650 
3 1568 1651 1572 
3 1569 1653 1652 
3 1570 1569 1652 
3 1471 1570 1652 
3 1572 1571 1568 
3 1572 1654 1477 
3 1478 1477 1654 
3 1654 1655 1478 
3 1655 1653 1569 
3 1569 1478 1655 
3 1656 1573 1574 
3 1574 1575 1656 
3 1657 1579 1576 
3 1576 1658 1657 
3 1573 1659 1576 
3 1659 1573 1656 
3 1575 1660 1656 
3 1575 1661 1660 
3 1661 1575 1577 
3 1577 1662 1661 
3 1663 1662 1577 
3 1577 1578 1663 
3 1658 1582 1657 
3 1579 1657 1582 
3 1578 1664 1663 
3 1578 1584 1664 
3 1665 1666 1582 
3 1583 1582 1666 
3 1582 1658 1665 
3 1667 1500 1585 
3 1666 1665 1668 
3 1668 1667 1666 
3 1667 1585 1583 
3 1583 1666 1667 
3 1584 1586 1669 
3 1670 1671 1500 
3 1667 1670 1500 
3 1669 1586 1587 
3 1500 1671 1672 
3 1673 1588 1500 
3 1500 1672 1673 
3 1588 1673 1674 
3 1591 1592 1675 
3 1592 1676 1675 
3 1592 1677 1676 
3 1677 1592 1589 
3 1589 1678 1677 
3 1678 1589 1590 
3 1590 1588 1674 
3 1674 1678 1590 
3 1679 1587 1593 
3 1593 1680 1679 
3 1675 1681 1591 
3 1681 1391 1591 
3 1680 1593 1505 
3 1594 1391 1681 
3 1681 1682 1594 
3 1682 1683 1594 
3 1680 1505 1596 
3 1595 1594 1683 
3 1683 1684 1595 
3 1508 1602 1596 
3 1604 1603 1685 
3 1685 1686 1604 
3 1603 1595 1684 
3 1684 1685 1603 
3 1598 1605 1687 
3 1598 1687 1688 
3 1598 1688 1689 
3 1599 1598 1689 
3 1600 1599 1689 
3 1601 1600 1689 
3 1689 1690 1601 
3 1596 1602 1607 
3 1604 1686 1691 
3 1691 1692 1604 
3 1692 1608 1604 
3 1611 1687 1605 
3 1690 1693 1601 
3 1606 1601 1693 
3 1694 1695 1696 
3 1692 1697 1694 
3 1694 1696 1692 
3 1696 1612 1608 
3 1608 1692 1696 
3 1692 1691 1697 
3 1611 1528 1698 
3 1698 1687 1611 
3 1699 1700 1606 
3 1700 1613 1606 
3 1614 1696 1695 
3 1695 1615 1614 
3 1695 1701 1615 
3 1696 1614 1612 
3 1699 1702 1700 
3 1702 1617 1613 
3 1613 1700 1702 
3 1618 1615 1701 
3 1701 1703 1618 
3 1704 1698 1528 
3 1536 1705 1607 
3 1620 1703 1706 
3 1620 1618 1703 
3 1707 1619 1621 
3 1704 1528 1619 
3 1619 1707 1704 
3 1702 1622 1617 
3 1705 1536 1623 
3 1706 1630 1624 
3 1706 1708 1630 
3 1706 1624 1620 
3 1621 1709 1707 
3 1625 1622 1710 
3 1710 1711 1625 
3 1626 1625 1711 
3 1628 1627 1712 
3 1712 1627 1629 
3 1629 1708 1712 
3 1708 1629 1630 
3 1709 1621 1631 
3 1631 1713 1709 
3 1714 1632 1628 
3 1633 1713 1631 
3 1633 1552 1715 
3 1715 1552 1716 
3 1632 1717 1634 
3 1552 1718 1716 
3 1552 1636 1718 
3 1634 1719 1554 
3 1718 1636 1637 
3 1637 1638 1718 
3 1639 1554 1720 
3 1720 1721 1639 
3 1555 1641 1638 
3 1639 1722 1640 
3 1722 1639 1721 
3 1721 1723 1722 
3 1640 1722 1723 
3 1724 1641 1642 
3 1640 1723 1725 
3 1725 1726 1640 
3 1726 1643 1640 
3 1726 1727 1643 
3 1727 1726 1725 
3 1725 1728 1727 
3 1724 1642 1644 
3 1644 1729 1724 
3 1645 1643 1727 
3 1727 1728 1645 
3 1729 1644 1646 
3 1647 1645 1728 
3 1728 1730 1647 
3 1729 1646 1648 
3 1648 1731 1729 
3 1647 1730 1567 
3 1731 1648 1649 
3 1730 1732 1567 
3 1732 1733 1567 
3 1734 1649 1650 
3 1649 1734 1735 
3 1733 1651 1567 
3 1736 1737 1652 
3 1650 1652 1737 
3 1733 1572 1651 
3 1738 1572 1733 
3 1653 1655 1738 
3 1738 1739 1653 
3 1736 1653 1739 
3 1653 1736 1652 
3 1572 1738 1654 
3 1655 1654 1738 
3 1740 1658 1576 
3 1740 1576 1659 
3 1659 1741 1740 
3 1741 1659 1656 
3 1741 1656 1660 
3 1661 1742 1660 
3 1662 1743 1661 
3 1663 1743 1662 
3 1741 1660 1742 
3 1742 1744 1741 
3 1744 1742 1661 
3 1745 1744 1661 
3 1661 1743 1745 
3 1746 1745 1743 
3 1743 1663 1746 
3 1663 1664 1746 
3 1747 1748 1658 
3 1748 1665 1658 
3 1746 1749 1745 
3 1749 1746 1664 
3 1664 1584 1749 
3 1668 1665 1748 
3 1748 1750 1668 
3 1669 1749 1584 
3 1751 1671 1670 
3 1670 1667 1750 
3 1750 1751 1670 
3 1667 1668 1750 
3 1751 1672 1671 
3 1673 1672 1752 
3 1669 1587 1679 
3 1679 1753 1669 
3 1678 1754 1755 
3 1754 1678 1674 
3 1752 1674 1673 
3 1752 1754 1674 
3 1676 1756 1675 
3 1756 1676 1677 
3 1677 1755 1756 
3 1755 1677 1678 
3 1753 1679 1680 
3 1757 1681 1675 
3 1682 1681 1757 
3 1757 1758 1682 
3 1683 1682 1758 
3 1758 1759 1683 
3 1596 1760 1680 
3 1684 1683 1759 
3 1759 1761 1684 
3 1761 1762 1685 
3 1762 1686 1685 
3 1761 1685 1684 
3 1760 1596 1607 
3 1691 1686 1762 
3 1762 1763 1691 
3 1688 1687 1764 
3 1689 1688 1764 
3 1764 1765 1689 
3 1765 1766 1689 
3 1766 1767 1689 
3 1690 1689 1767 
3 1767 1693 1690 
3 1606 1693 1767 
3 1767 1768 1606 
3 1694 1769 1770 
3 1770 1771 1694 
3 1771 1695 1694 
3 1769 1694 1697 
3 1697 1772 1769 
3 1697 1691 1763 
3 1763 1772 1697 
3 1687 1698 1764 
3 1767 1773 1768 
3 1773 1699 1768 
3 1606 1768 1699 
3 1701 1771 1774 
3 1771 1701 1695 
3 1773 1775 1699 
3 1699 1775 1776 
3 1777 1703 1774 
3 1774 1703 1701 
3 1698 1707 1764 
3 1698 1704 1707 
3 1776 1702 1699 
3 1778 1607 1705 
3 1777 1706 1703 
3 1777 1779 1706 
3 1776 1780 1702 
3 1622 1702 1780 
3 1623 1781 1705 
3 1706 1782 1708 
3 1707 1709 1783 
3 1780 1784 1622 
3 1784 1785 1622 
3 1785 1710 1622 
3 1711 1710 1785 
3 1711 1781 1626 
3 1623 1626 1781 
3 1782 1712 1708 
3 1782 1786 1712 
3 1713 1783 1709 
3 1714 1628 1786 
3 1786 1787 1714 
3 1628 1712 1786 
3 1788 1783 1713 
3 1714 1787 1789 
3 1789 1632 1714 
3 1633 1790 1713 
3 1788 1713 1790 
3 1790 1791 1788 
3 1632 1789 1792 
3 1790 1633 1793 
3 1793 1791 1790 
3 1632 1792 1794 
3 1715 1795 1633 
3 1793 1633 1795 
3 1632 1794 1717 
3 1796 1795 1715 
3 1715 1716 1796 
3 1794 1797 1717 
3 1797 1634 1717 
3 1716 1718 1796 
3 1719 1634 1797 
3 1796 1718 1638 
3 1798 1554 1719 
3 1719 1797 1799 
3 1799 1798 1719 
3 1638 1800 1796 
3 1720 1554 1798 
3 1720 1798 1799 
3 1799 1801 1720 
3 1720 1802 1721 
3 1802 1720 1801 
3 1801 1803 1802 
3 1800 1638 1641 
3 1641 1804 1800 
3 1721 1802 1805 
3 1805 1723 1721 
3 1802 1803 1805 
3 1724 1806 1641 
3 1804 1641 1806 
3 1807 1808 1723 
3 1725 1723 1808 
3 1808 1809 1725 
3 1809 1808 1807 
3 1807 1810 1809 
3 1728 1725 1809 
3 1809 1810 1728 
3 1730 1728 1810 
3 1810 1811 1730 
3 1730 1812 1732 
3 1812 1730 1811 
3 1735 1731 1649 
3 1733 1732 1812 
3 1650 1813 1814 
3 1814 1735 1734 
3 1734 1650 1814 
3 1815 1733 1812 
3 1737 1813 1650 
3 1733 1815 1738 
3 1816 1738 1815 
3 1739 1816 1815 
3 1815 1817 1739 
3 1817 1818 1736 
3 1736 1739 1817 
3 1737 1736 1818 
3 1739 1738 1816 
3 1819 1747 1658 
3 1819 1658 1740 
3 1819 1740 1741 
3 1741 1820 1819 
3 1744 1821 1741 
3 1748 1747 1822 
3 1819 1822 1747 
3 1741 1821 1820 
3 1744 1823 1821 
3 1823 1744 1745 
3 1745 1824 1823 
3 1824 1745 1749 
3 1750 1748 1825 
3 1822 1825 1748 
3 1749 1826 1824 
3 1749 1669 1826 
3 1750 1825 1827 
3 1827 1751 1750 
3 1827 1672 1751 
3 1827 1828 1672 
3 1672 1828 1752 
3 1755 1829 1830 
3 1829 1755 1754 
3 1754 1752 1829 
3 1831 1675 1756 
3 1756 1830 1831 
3 1830 1756 1755 
3 1680 1832 1753 
3 1757 1675 1831 
3 1831 1833 1757 
3 1680 1834 1832 
3 1835 1836 1757 
3 1836 1758 1757 
3 1757 1833 1835 
3 1836 1837 1759 
3 1759 1758 1836 
3 1760 1838 1680 
3 1761 1759 1837 
3 1837 1839 1761 
3 1762 1761 1839 
3 1839 1840 1762 
3 1838 1760 1841 
3 1760 1607 1841 
3 1842 1843 1844 
3 1840 1842 1844 
3 1844 1762 1840 
3 1844 1763 1762 
3 1764 1845 1765 
3 1766 1765 1845 
3 1767 1766 1845 
3 1607 1846 1841 
3 1771 1770 1847 
3 1847 1770 1769 
3 1769 1843 1847 
3 1772 1844 1843 
3 1843 1769 1772 
3 1844 1772 1763 
3 1774 1771 1847 
3 1847 1848 1774 
3 1849 1850 1767 
3 1850 1773 1767 
3 1773 1850 1851 
3 1851 1775 1773 
3 1775 1851 1776 
3 1607 1852 1846 
3 1607 1778 1852 
3 1774 1848 1779 
3 1779 1777 1774 
3 1764 1707 1853 
3 1850 1854 1851 
3 1854 1855 1851 
3 1776 1851 1855 
3 1778 1856 1852 
3 1706 1779 1782 
3 1857 1853 1707 
3 1854 1858 1855 
3 1776 1855 1858 
3 1780 1776 1858 
3 1859 1856 1705 
3 1705 1781 1859 
3 1856 1778 1705 
3 1857 1860 1861 
3 1707 1783 1860 
3 1860 1857 1707 
3 1862 1784 1780 
3 1785 1784 1862 
3 1862 1863 1785 
3 1711 1785 1863 
3 1781 1711 1863 
3 1863 1864 1781 
3 1781 1864 1859 
3 1786 1782 1865 
3 1865 1866 1786 
3 1860 1783 1867 
3 1867 1861 1860 
3 1868 1787 1786 
3 1786 1866 1869 
3 1869 1868 1786 
3 1870 1867 1783 
3 1783 1788 1870 
3 1787 1868 1871 
3 1871 1789 1787 
3 1868 1869 1871 
3 1870 1788 1791 
3 1871 1792 1789 
3 1870 1872 1873 
3 1791 1793 1872 
3 1872 1870 1791 
3 1873 1867 1870 
3 1874 1794 1792 
3 1792 1871 1874 
3 1872 1793 1795 
3 1873 1872 1795 
3 1795 1875 1873 
3 1874 1876 1794 
3 1796 1875 1795 
3 1877 1797 1794 
3 1794 1876 1877 
3 1799 1797 1877 
3 1877 1878 1799 
3 1875 1796 1800 
3 1799 1878 1879 
3 1879 1801 1799 
3 1804 1875 1800 
3 1804 1880 1875 
3 1803 1801 1879 
3 1881 1723 1805 
3 1803 1879 1881 
3 1881 1805 1803 
3 1806 1882 1804 
3 1807 1723 1881 
3 1881 1883 1807 
3 1884 1882 1806 
3 1810 1807 1883 
3 1884 1806 1724 
3 1724 1885 1884 
3 1885 1724 1729 
3 1811 1810 1883 
3 1729 1886 1885 
3 1886 1729 1731 
3 1735 1886 1731 
3 1812 1811 1887 
3 1888 1815 1812 
3 1812 1887 1888 
3 1889 1890 1814 
3 1814 1813 1889 
3 1735 1814 1890 
3 1817 1815 1888 
3 1818 1817 1888 
3 1888 1891 1818 
3 1891 1889 1737 
3 1737 1818 1891 
3 1813 1737 1889 
3 1892 1822 1819 
3 1819 1893 1892 
3 1819 1894 1893 
3 1894 1819 1820 
3 1820 1895 1894 
3 1821 1896 1820 
3 1823 1897 1896 
3 1896 1821 1823 
3 1897 1823 1824 
3 1898 1825 1822 
3 1822 1892 1898 
3 1894 1899 1893 
3 1899 1894 1895 
3 1895 1820 1896 
3 1824 1900 1897 
3 1824 1826 1900 
3 1901 1902 1827 
3 1901 1827 1825 
3 1825 1898 1901 
3 1826 1903 1900 
3 1826 1669 1903 
3 1828 1827 1902 
3 1903 1669 1753 
3 1753 1904 1903 
3 1829 1752 1828 
3 1828 1905 1829 
3 1906 1830 1829 
3 1753 1832 1904 
3 1906 1831 1830 
3 1833 1831 1907 
3 1907 1908 1833 
3 1836 1835 1908 
3 1908 1909 1836 
3 1835 1833 1908 
3 1909 1910 1837 
3 1837 1836 1909 
3 1680 1911 1834 
3 1838 1912 1913 
3 1911 1680 1838 
3 1838 1913 1911 
3 1914 1837 1910 
3 1914 1839 1837 
3 1838 1915 1912 
3 1914 1916 1917 
3 1840 1839 1914 
3 1914 1917 1840 
3 1915 1838 1841 
3 1916 1918 1917 
3 1918 1843 1842 
3 1842 1917 1918 
3 1917 1842 1840 
3 1915 1841 1846 
3 1919 1920 1848 
3 1847 1918 1919 
3 1919 1848 1847 
3 1918 1847 1843 
3 1921 1922 1848 
3 1920 1921 1848 
3 1845 1764 1923 
3 1924 1767 1845 
3 1849 1767 1924 
3 1779 1848 1922 
3 1853 1925 1764 
3 1923 1764 1925 
3 1924 1845 1926 
3 1924 1927 1849 
3 1849 1927 1928 
3 1928 1850 1849 
3 1854 1850 1928 
3 1929 1846 1852 
3 1852 1856 1929 
3 1779 1922 1930 
3 1930 1782 1779 
3 1931 1925 1853 
3 1931 1923 1925 
3 1928 1932 1854 
3 1854 1932 1933 
3 1933 1934 1854 
3 1934 1858 1854 
3 1859 1935 1929 
3 1856 1859 1929 
3 1930 1936 1865 
3 1865 1782 1930 
3 1861 1937 1857 
3 1937 1938 1853 
3 1853 1857 1937 
3 1934 1939 1858 
3 1939 1780 1858 
3 1862 1780 1939 
3 1863 1862 1939 
3 1939 1940 1863 
3 1864 1863 1940 
3 1940 1935 1864 
3 1935 1859 1864 
3 1866 1865 1936 
3 1867 1941 1861 
3 1942 1861 1941 
3 1942 1937 1861 
3 1942 1938 1937 
3 1869 1943 1871 
3 1941 1867 1944 
3 1873 1945 1867 
3 1944 1867 1945 
3 1871 1943 1946 
3 1946 1874 1871 
3 1945 1873 1875 
3 1874 1947 1876 
3 1947 1874 1946 
3 1875 1948 1945 
3 1947 1949 1876 
3 1949 1877 1876 
3 1949 1950 1877 
3 1878 1877 1950 
3 1880 1948 1875 
3 1878 1950 1879 
3 1804 1882 1880 
3 1883 1881 1879 
3 1884 1885 1882 
3 1811 1883 1951 
3 1951 1952 1811 
3 1811 1952 1953 
3 1890 1954 1735 
3 1886 1735 1954 
3 1811 1953 1887 
3 1955 1887 1953 
3 1953 1952 1955 
3 1956 1957 1958 
3 1890 1956 1958 
3 1887 1955 1888 
3 1888 1955 1959 
3 1959 1891 1888 
3 1889 1891 1959 
3 1959 1957 1889 
3 1956 1889 1957 
3 1890 1889 1956 
3 1960 1961 1898 
3 1960 1898 1892 
3 1962 1960 1892 
3 1962 1892 1893 
3 1893 1899 1962 
3 1895 1963 1899 
3 1963 1895 1896 
3 1896 1964 1963 
3 1896 1965 1964 
3 1896 1897 1965 
3 1966 1897 1900 
3 1966 1965 1897 
3 1902 1901 1967 
3 1967 1901 1898 
3 1898 1961 1967 
3 1968 1966 1900 
3 1903 1968 1900 
3 1902 1967 1969 
3 1969 1828 1902 
3 1970 1966 1968 
3 1968 1904 1970 
3 1904 1968 1903 
3 1969 1905 1828 
3 1904 1971 1970 
3 1972 1906 1829 
3 1829 1905 1972 
3 1971 1904 1832 
3 1832 1973 1971 
3 1831 1906 1972 
3 1973 1832 1834 
3 1908 1907 1909 
3 1834 1974 1973 
3 1975 1910 1909 
3 1976 1977 1974 
3 1974 1834 1976 
3 1834 1911 1976 
3 1977 1976 1913 
3 1913 1912 1977 
3 1911 1913 1976 
3 1975 1978 1914 
3 1975 1914 1910 
3 1977 1912 1915 
3 1916 1914 1978 
3 1846 1979 1915 
3 1919 1980 1981 
3 1981 1982 1919 
3 1982 1920 1919 
3 1918 1980 1919 
3 1846 1983 1979 
3 1982 1922 1921 
3 1982 1921 1920 
3 1846 1984 1983 
3 1926 1845 1985 
3 1924 1926 1985 
3 1984 1846 1929 
3 1931 1853 1986 
3 1923 1931 1986 
3 1987 1923 1986 
3 1987 1845 1923 
3 1985 1845 1987 
3 1985 1988 1924 
3 1924 1988 1989 
3 1989 1927 1924 
3 1927 1989 1990 
3 1990 1928 1927 
3 1932 1928 1990 
3 1991 1992 1929 
3 1929 1935 1991 
3 1929 1992 1984 
3 1936 1930 1993 
3 1853 1938 1994 
3 1994 1995 1986 
3 1986 1853 1994 
3 1987 1986 1995 
3 1989 1996 1990 
3 1932 1990 1996 
3 1996 1997 1932 
3 1997 1934 1933 
3 1933 1932 1997 
3 1997 1998 1934 
3 1939 1934 1998 
3 1998 1999 1939 
3 1939 1999 2000 
3 1940 1939 2000 
3 2000 1991 1940 
3 1935 1940 1991 
3 1936 1993 2001 
3 2001 1866 1936 
3 1942 1941 2002 
3 1994 1938 2002 
3 1938 1942 2002 
3 1995 1994 2002 
3 2001 1869 1866 
3 1869 2001 1943 
3 1941 2003 2002 
3 1944 2004 1941 
3 2003 1941 2004 
3 1946 1943 2005 
3 1945 2006 1944 
3 2004 1944 2006 
3 1947 1946 2005 
3 2005 2007 1947 
3 2006 1945 1948 
3 2008 1949 1947 
3 2007 2008 1947 
3 1950 1949 2008 
3 2008 2009 1950 
3 2009 2008 2007 
3 1880 2010 1948 
3 1879 1950 2009 
3 2009 2011 1879 
3 1880 1882 2010 
3 2012 2010 1882 
3 1883 1879 2011 
3 2011 2013 1883 
3 2014 2012 1882 
3 1882 2015 2014 
3 2015 1882 1885 
3 1951 1883 2013 
3 1885 2016 2017 
3 1885 2017 2015 
3 1951 2018 1952 
3 2016 1885 1886 
3 2019 2016 1954 
3 2016 1886 1954 
3 1890 2020 2021 
3 2021 2019 1890 
3 1954 1890 2019 
3 1959 1955 1952 
3 1952 2018 1959 
3 1959 2022 1957 
3 1959 2018 2022 
3 2020 1957 2022 
3 1957 2020 1958 
3 1890 1958 2020 
3 1961 1960 2023 
3 1960 2024 2023 
3 2024 1960 1962 
3 1962 2025 2024 
3 2025 1962 1899 
3 2026 1963 1964 
3 2027 2028 1967 
3 2027 1967 1961 
3 2023 2027 1961 
3 1963 2029 1899 
3 2029 1963 2026 
3 1964 2030 2026 
3 1964 2031 2030 
3 2031 1964 1965 
3 1965 2032 2033 
3 2032 1965 1966 
3 2028 2034 1969 
3 2028 1969 1967 
3 1970 2032 1966 
3 2034 2035 1905 
3 1905 1969 2034 
3 1970 1971 2036 
3 1905 2035 1972 
3 1973 2036 1971 
3 1831 1972 2037 
3 1973 2038 2036 
3 1907 2037 2039 
3 1907 1831 2037 
3 1973 2040 2038 
3 1909 1907 2039 
3 1973 1974 2040 
3 1975 1909 2039 
3 1974 2041 2040 
3 1974 1977 2041 
3 1975 2042 1978 
3 2041 1977 1915 
3 1915 1979 2041 
3 2042 1916 1978 
3 2042 1918 1916 
3 1980 2042 1981 
3 2042 1980 1918 
3 1981 2043 1982 
3 1984 2044 1983 
3 1930 1922 2043 
3 1922 1982 2043 
3 2045 2044 1984 
3 2043 1993 1930 
3 1985 2046 1988 
3 1988 2046 1989 
3 1992 1991 2045 
3 1991 2047 2045 
3 1984 1992 2045 
3 2046 1987 2048 
3 2046 1985 1987 
3 1989 2046 2049 
3 1996 1989 2049 
3 1997 1996 2049 
3 2000 2050 2051 
3 1991 2000 2051 
3 2051 2047 1991 
3 1995 2002 2052 
3 1987 2052 2053 
3 2052 1987 1995 
3 2048 1987 2053 
3 2049 2054 1997 
3 1998 1997 2054 
3 2054 2055 1998 
3 1999 1998 2055 
3 2000 2055 2050 
3 2000 1999 2055 
3 1993 2056 2001 
3 1943 2001 2056 
3 2056 2005 1943 
3 2002 2003 2057 
3 2057 2058 2002 
3 2052 2002 2058 
3 2057 2003 2004 
3 2004 2058 2057 
3 2004 2059 2058 
3 2060 2007 2005 
3 2006 2061 2004 
3 2059 2004 2061 
3 2061 2006 1948 
3 2009 2007 2060 
3 2061 1948 2062 
3 2062 1948 2010 
3 2010 2063 2062 
3 2011 2009 2064 
3 2065 2063 2010 
3 2010 2066 2065 
3 2010 2012 2066 
3 2011 2067 2013 
3 2066 2014 2015 
3 2066 2012 2014 
3 2067 2068 1951 
3 1951 2013 2067 
3 2015 2017 2069 
3 2015 2069 2066 
3 2016 2070 2017 
3 2018 1951 2068 
3 2018 2068 2071 
3 2071 2072 2018 
3 2073 2070 2016 
3 2074 2018 2072 
3 2019 2075 2076 
3 2016 2019 2073 
3 2019 2076 2073 
3 2018 2074 2022 
3 2074 2075 2021 
3 2021 2020 2074 
3 2019 2021 2075 
3 2074 2020 2022 
3 2025 2077 2024 
3 2028 2027 2078 
3 2078 2079 2028 
3 2080 2078 2023 
3 2078 2027 2023 
3 2080 2023 2024 
3 2080 2024 2077 
3 2081 2025 1899 
3 2081 2077 2025 
3 2081 1899 2029 
3 2029 2082 2081 
3 2082 2029 2026 
3 2026 2083 2082 
3 2026 2030 2083 
3 2083 2030 2031 
3 2031 2084 2083 
3 1965 2085 2084 
3 2084 2031 1965 
3 2033 2085 1965 
3 2034 2028 2079 
3 2079 2086 2034 
3 2033 2032 2085 
3 2085 2032 1970 
3 2034 2086 2035 
3 2087 2085 1970 
3 2036 2087 1970 
3 2036 2088 2087 
3 2089 2088 2036 
3 2036 2090 2089 
3 2038 2090 2036 
3 2091 2039 2037 
3 2089 2090 2040 
3 2090 2038 2040 
3 2092 1975 2039 
3 2041 2093 2040 
3 2092 2094 1975 
3 2042 1975 2094 
3 2093 2041 1979 
3 2042 2095 1981 
3 2096 2097 1979 
3 1979 1983 2096 
3 2043 1981 2095 
3 2098 2096 1983 
3 1983 2044 2098 
3 2045 2099 2098 
3 2044 2045 2098 
3 2100 2099 2047 
3 2099 2045 2047 
3 2101 2102 2051 
3 2051 2050 2101 
3 2047 2051 2100 
3 2051 2102 2100 
3 2053 2103 2048 
3 2103 2046 2048 
3 2054 2049 2104 
3 2104 2105 2054 
3 2055 2054 2105 
3 2105 2101 2055 
3 2050 2055 2101 
3 2106 2056 1993 
3 2107 2106 1993 
3 2052 2108 2053 
3 2103 2053 2108 
3 2056 2106 2109 
3 2109 2005 2056 
3 2106 2107 2109 
3 2058 2110 2052 
3 2110 2111 2112 
3 2112 2052 2110 
3 2112 2108 2052 
3 2109 2113 2005 
3 2110 2114 2115 
3 2114 2110 2058 
3 2113 2060 2005 
3 2114 2058 2059 
3 2059 2116 2114 
3 2115 2114 2116 
3 2116 2117 2115 
3 2061 2118 2116 
3 2061 2116 2059 
3 2118 2117 2116 
3 2060 2119 2009 
3 2061 2062 2120 
3 2063 2120 2062 
3 2064 2009 2119 
3 2119 2121 2064 
3 2120 2063 2122 
3 2063 2123 2122 
3 2063 2065 2123 
3 2011 2064 2121 
3 2121 2124 2011 
3 2123 2065 2066 
3 2066 2125 2123 
3 2067 2011 2124 
3 2066 2126 2125 
3 2068 2067 2124 
3 2068 2124 2127 
3 2126 2069 2017 
3 2017 2128 2126 
3 2126 2066 2069 
3 2127 2072 2071 
3 2127 2071 2068 
3 2128 2017 2070 
3 2129 2130 2073 
3 2070 2073 2130 
3 2075 2074 2072 
3 2072 2131 2075 
3 2131 2132 2076 
3 2076 2075 2131 
3 2076 2132 2129 
3 2073 2076 2129 
3 2079 2078 2133 
3 2078 2134 2133 
3 2134 2078 2080 
3 2080 2077 2134 
3 2081 2135 2077 
3 2133 2086 2079 
3 2081 2136 2135 
3 2136 2081 2082 
3 2136 2082 2083 
3 2137 2035 2086 
3 2085 2087 2138 
3 2139 1972 2035 
3 2137 2139 2035 
3 2140 2138 2087 
3 2088 2140 2087 
3 2139 2037 1972 
3 2141 2140 2088 
3 2088 2089 2141 
3 2039 2091 2142 
3 2142 2091 2037 
3 2141 2089 2040 
3 2142 2143 2039 
3 2040 2144 2141 
3 2092 2039 2143 
3 2143 2145 2092 
3 2144 2040 2093 
3 2094 2092 2145 
3 1979 2146 2093 
3 2094 2147 2042 
3 2146 1979 2097 
3 2095 2042 2147 
3 2147 2148 2095 
3 2096 2149 2097 
3 2098 2150 2151 
3 2098 2151 2096 
3 1993 2043 2152 
3 2043 2095 2152 
3 2153 2098 2099 
3 2099 2154 2153 
3 2098 2153 2150 
3 2152 2155 1993 
3 2099 2100 2102 
3 2102 2154 2099 
3 2155 2107 1993 
3 2049 2046 2156 
3 2104 2049 2157 
3 2157 2158 2104 
3 2105 2104 2158 
3 2158 2159 2105 
3 2101 2105 2159 
3 2046 2103 2160 
3 2156 2046 2160 
3 2157 2049 2156 
3 2161 2109 2107 
3 2112 2111 2162 
3 2103 2162 2163 
3 2108 2112 2162 
3 2162 2103 2108 
3 2163 2160 2103 
3 2109 2164 2113 
3 2164 2109 2161 
3 2162 2110 2165 
3 2110 2162 2111 
3 2165 2163 2162 
3 2164 2060 2113 
3 2166 2110 2115 
3 2115 2117 2166 
3 2166 2165 2110 
3 2118 2061 2167 
3 2117 2167 2168 
3 2117 2118 2167 
3 2164 2119 2060 
3 2169 2167 2061 
3 2169 2168 2167 
3 2061 2120 2169 
3 2119 2170 2121 
3 2122 2171 2120 
3 2171 2122 2123 
3 2123 2172 2171 
3 2124 2121 2170 
3 2172 2123 2125 
3 2127 2124 2170 
3 2173 2125 2126 
3 2125 2173 2172 
3 2173 2126 2128 
3 2072 2127 2174 
3 2072 2174 2175 
3 2070 2130 2176 
3 2176 2177 2128 
3 2128 2070 2176 
3 2128 2177 2173 
3 2175 2178 2131 
3 2132 2131 2178 
3 2178 2179 2132 
3 2179 2180 2129 
3 2129 2132 2179 
3 2130 2129 2180 
3 2131 2072 2175 
3 2077 2181 2134 
3 2181 2077 2135 
3 2182 2135 2136 
3 2083 2183 2136 
3 2183 2083 2084 
3 2085 2183 2084 
3 2184 2185 2137 
3 2184 2137 2086 
3 2136 2183 2182 
3 2085 2186 2183 
3 2186 2085 2138 
3 2139 2185 2187 
3 2139 2137 2185 
3 2138 2140 2186 
3 2187 2188 2037 
3 2187 2037 2139 
3 2188 2142 2037 
3 2143 2142 2188 
3 2141 2144 2189 
3 2093 2146 2189 
3 2144 2093 2189 
3 2190 2094 2145 
3 2190 2147 2094 
3 2097 2191 2146 
3 2147 2190 2148 
3 2191 2097 2192 
3 2149 2096 2193 
3 2097 2149 2192 
3 2152 2095 2148 
3 2148 2194 2152 
3 2195 2193 2151 
3 2151 2150 2195 
3 2193 2096 2151 
3 2194 2196 2152 
3 2154 2195 2153 
3 2150 2153 2195 
3 2152 2196 2155 
3 2102 2197 2154 
3 2102 2101 2198 
3 2198 2197 2102 
3 2199 2159 2158 
3 2158 2200 2199 
3 2199 2201 2159 
3 2101 2159 2201 
3 2201 2198 2101 
3 2202 2161 2107 
3 2107 2155 2202 
3 2160 2203 2156 
3 2157 2156 2203 
3 2158 2157 2203 
3 2203 2200 2158 
3 2160 2204 2205 
3 2160 2163 2204 
3 2203 2160 2205 
3 2164 2161 2206 
3 2165 2204 2163 
3 2165 2166 2207 
3 2207 2204 2165 
3 2208 2166 2117 
3 2117 2168 2208 
3 2208 2207 2166 
3 2209 2119 2164 
3 2210 2208 2168 
3 2168 2169 2210 
3 2211 2119 2209 
3 2211 2209 2212 
3 2213 2169 2120 
3 2169 2213 2210 
3 2170 2119 2211 
3 2211 2214 2170 
3 2214 2211 2212 
3 2215 2120 2171 
3 2120 2215 2213 
3 2216 2171 2172 
3 2170 2214 2217 
3 2172 2173 2216 
3 2127 2170 2217 
3 2217 2174 2127 
3 2174 2217 2218 
3 2175 2218 2219 
3 2218 2175 2174 
3 2175 2219 2220 
3 2176 2130 2221 
3 2220 2178 2175 
3 2179 2178 2220 
3 2220 2222 2179 
3 2180 2179 2222 
3 2222 2223 2180 
3 2130 2180 2221 
3 2180 2223 2221 
3 2184 2086 2224 
3 2086 2225 2224 
3 2225 2086 2133 
3 2133 2226 2225 
3 2133 2134 2226 
3 2134 2227 2226 
3 2227 2134 2181 
3 2181 2135 2227 
3 2228 2227 2135 
3 2182 2228 2135 
3 2184 2224 2185 
3 2182 2229 2228 
3 2182 2230 2229 
3 2230 2182 2183 
3 2183 2231 2230 
3 2183 2232 2231 
3 2233 2183 2186 
3 2233 2232 2183 
3 2234 2233 2186 
3 2186 2140 2234 
3 2140 2235 2234 
3 2140 2141 2235 
3 2141 2236 2235 
3 2145 2143 2237 
3 2188 2237 2143 
3 2189 2236 2141 
3 2146 2238 2189 
3 2190 2145 2239 
3 2146 2191 2238 
3 2240 2192 2149 
3 2192 2240 2191 
3 2190 2241 2148 
3 2240 2149 2193 
3 2194 2148 2241 
3 2241 2242 2194 
3 2195 2243 2193 
3 2196 2194 2242 
3 2243 2195 2154 
3 2154 2244 2243 
3 2196 2245 2155 
3 2246 2199 2200 
3 2201 2199 2246 
3 2155 2245 2247 
3 2247 2202 2155 
3 2200 2203 2248 
3 2248 2246 2200 
3 2206 2161 2202 
3 2206 2202 2247 
3 2249 2203 2205 
3 2205 2250 2249 
3 2203 2249 2248 
3 2251 2252 2250 
3 2250 2204 2251 
3 2204 2250 2205 
3 2252 2249 2250 
3 2206 2209 2164 
3 2253 2251 2204 
3 2204 2254 2253 
3 2204 2207 2254 
3 2254 2208 2210 
3 2208 2254 2207 
3 2255 2210 2213 
3 2212 2256 2214 
3 2257 2215 2171 
3 2255 2213 2215 
3 2215 2257 2255 
3 2217 2214 2256 
3 2257 2171 2216 
3 2173 2258 2216 
3 2259 2218 2217 
3 2173 2177 2258 
3 2259 2219 2218 
3 2219 2259 2260 
3 2260 2220 2219 
3 2222 2220 2260 
3 2222 2261 2223 
3 2261 2262 2221 
3 2221 2223 2261 
3 2176 2221 2262 
3 2176 2262 2177 
3 2224 2225 2263 
3 2263 2264 2224 
3 2263 2225 2226 
3 2226 2265 2263 
3 2265 2226 2227 
3 2227 2266 2265 
3 2267 2185 2224 
3 2224 2268 2267 
3 2264 2268 2224 
3 2269 2227 2228 
3 2229 2269 2228 
3 2230 2231 2270 
3 2271 2187 2185 
3 2185 2267 2271 
3 2230 2270 2229 
3 2232 2272 2231 
3 2273 2272 2232 
3 2273 2232 2233 
3 2234 2273 2233 
3 2274 2188 2187 
3 2187 2271 2274 
3 2273 2275 2276 
3 2234 2235 2275 
3 2275 2273 2234 
3 2274 2277 2188 
3 2235 2236 2275 
3 2237 2188 2277 
3 2189 2278 2236 
3 2279 2145 2280 
3 2145 2237 2280 
3 2189 2281 2278 
3 2239 2145 2279 
3 2279 2282 2239 
3 2281 2189 2238 
3 2190 2239 2282 
3 2282 2283 2190 
3 2190 2283 2284 
3 2240 2285 2286 
3 2238 2191 2240 
3 2240 2286 2238 
3 2284 2287 2190 
3 2287 2241 2190 
3 2193 2288 2285 
3 2285 2240 2193 
3 2242 2241 2289 
3 2287 2289 2241 
3 2243 2244 2288 
3 2288 2193 2243 
3 2289 2196 2242 
3 2289 2290 2196 
3 2290 2245 2196 
3 2154 2197 2291 
3 2291 2244 2154 
3 2292 2291 2198 
3 2198 2201 2292 
3 2291 2197 2198 
3 2246 2293 2201 
3 2201 2293 2292 
3 2294 2248 2249 
3 2249 2295 2294 
3 2249 2296 2295 
3 2248 2294 2297 
3 2297 2246 2248 
3 2206 2247 2298 
3 2252 2251 2299 
3 2300 2301 2296 
3 2296 2299 2300 
3 2249 2252 2299 
3 2299 2296 2249 
3 2301 2295 2296 
3 2206 2298 2209 
3 2302 2251 2253 
3 2251 2302 2299 
3 2303 2254 2210 
3 2302 2253 2254 
3 2254 2303 2302 
3 2298 2304 2209 
3 2210 2305 2303 
3 2209 2304 2212 
3 2306 2210 2255 
3 2210 2306 2305 
3 2256 2212 2304 
3 2255 2257 2216 
3 2216 2307 2255 
3 2256 2308 2217 
3 2307 2216 2258 
3 2309 2310 2259 
3 2259 2308 2309 
3 2308 2259 2217 
3 2260 2310 2311 
3 2310 2260 2259 
3 2312 2313 2177 
3 2177 2313 2258 
3 2314 2222 2260 
3 2260 2311 2314 
3 2261 2222 2314 
3 2261 2315 2262 
3 2315 2312 2262 
3 2177 2262 2312 
3 2264 2263 2316 
3 2265 2317 2263 
3 2265 2266 2317 
3 2318 2267 2268 
3 2268 2316 2318 
3 2316 2268 2264 
3 2227 2319 2266 
3 2227 2269 2319 
3 2320 2271 2267 
3 2267 2318 2320 
3 2229 2321 2269 
3 2322 2321 2270 
3 2321 2229 2270 
3 2270 2231 2322 
3 2322 2231 2272 
3 2272 2323 2322 
3 2323 2272 2273 
3 2271 2320 2274 
3 2273 2324 2323 
3 2324 2273 2276 
3 2274 2325 2277 
3 2326 2324 2276 
3 2276 2327 2326 
3 2276 2275 2327 
3 2236 2327 2275 
3 2280 2237 2325 
3 2237 2277 2325 
3 2327 2236 2278 
3 2278 2326 2327 
3 2326 2278 2281 
3 2281 2328 2326 
3 2282 2279 2329 
3 2280 2329 2279 
3 2281 2330 2328 
3 2281 2238 2330 
3 2283 2282 2331 
3 2330 2238 2332 
3 2331 2284 2283 
3 2333 2332 2286 
3 2286 2285 2333 
3 2238 2286 2332 
3 2331 2334 2284 
3 2334 2287 2284 
3 2289 2287 2334 
3 2244 2285 2288 
3 2244 2291 2335 
3 2292 2336 2291 
3 2293 2246 2336 
3 2336 2292 2293 
3 2245 2290 2337 
3 2337 2247 2245 
3 2338 2247 2337 
3 2294 2295 2339 
3 2294 2339 2297 
3 2339 2301 2300 
3 2295 2301 2339 
3 2300 2299 2302 
3 2302 2303 2300 
3 2304 2298 2340 
3 2303 2305 2341 
3 2303 2341 2342 
3 2340 2343 2304 
3 2341 2306 2344 
3 2306 2341 2305 
3 2306 2255 2344 
3 2256 2304 2343 
3 2343 2345 2256 
3 2307 2346 2255 
3 2345 2308 2256 
3 2346 2307 2258 
3 2258 2347 2346 
3 2345 2309 2308 
3 2310 2348 2311 
3 2309 2345 2348 
3 2348 2310 2309 
3 2313 2347 2258 
3 2314 2349 2261 
3 2315 2261 2349 
3 2349 2350 2315 
3 2312 2315 2350 
3 2313 2312 2350 
3 2263 2351 2316 
3 2351 2263 2317 
3 2352 2318 2316 
3 2319 2353 2266 
3 2352 2320 2318 
3 2319 2354 2353 
3 2319 2269 2354 
3 2354 2269 2321 
3 2322 2355 2321 
3 2322 2356 2355 
3 2356 2322 2323 
3 2357 2274 2320 
3 2323 2324 2358 
3 2325 2274 2357 
3 2324 2326 2358 
3 2326 2359 2358 
3 2325 2360 2280 
3 2359 2326 2328 
3 2328 2361 2359 
3 2329 2280 2360 
3 2360 2331 2329 
3 2282 2329 2331 
3 2361 2328 2330 
3 2332 2333 2330 
3 2285 2362 2330 
3 2330 2333 2285 
3 2334 2331 2363 
3 2363 2364 2334 
3 2285 2244 2362 
3 2289 2334 2364 
3 2364 2365 2289 
3 2362 2244 2335 
3 2289 2365 2366 
3 2366 2290 2289 
3 2367 2335 2291 
3 2368 2290 2366 
3 2369 2291 2336 
3 2369 2367 2291 
3 2337 2290 2368 
3 2368 2370 2337 
3 2246 2297 2371 
3 2246 2371 2336 
3 2338 2337 2370 
3 2370 2372 2338 
3 2371 2297 2339 
3 2338 2372 2373 
3 2373 2298 2338 
3 2298 2247 2338 
3 2374 2339 2300 
3 2300 2375 2374 
3 2374 2371 2339 
3 2376 2300 2303 
3 2300 2376 2375 
3 2340 2298 2373 
3 2303 2377 2376 
3 2373 2378 2340 
3 2377 2303 2342 
3 2342 2379 2377 
3 2343 2340 2378 
3 2379 2341 2344 
3 2344 2380 2379 
3 2379 2342 2341 
3 2343 2381 2345 
3 2344 2255 2346 
3 2346 2382 2344 
3 2381 2383 2348 
3 2348 2345 2381 
3 2382 2346 2347 
3 2311 2348 2383 
3 2311 2383 2384 
3 2347 2313 2385 
3 2384 2314 2311 
3 2386 2349 2314 
3 2314 2384 2386 
3 2350 2349 2386 
3 2386 2387 2350 
3 2313 2350 2385 
3 2350 2387 2385 
3 2316 2388 2352 
3 2316 2389 2388 
3 2389 2316 2351 
3 2351 2390 2389 
3 2390 2351 2317 
3 2390 2317 2266 
3 2266 2391 2390 
3 2392 2266 2353 
3 2392 2391 2266 
3 2393 2320 2352 
3 2392 2353 2354 
3 2354 2394 2392 
3 2395 2394 2354 
3 2321 2396 2354 
3 2396 2321 2355 
3 2320 2393 2357 
3 2354 2396 2395 
3 2356 2323 2397 
3 2358 2397 2323 
3 2357 2398 2325 
3 2398 2399 2325 
3 2397 2358 2400 
3 2359 2400 2358 
3 2360 2325 2399 
3 2400 2359 2361 
3 2399 2401 2331 
3 2331 2360 2399 
3 2361 2330 2402 
3 2331 2401 2403 
3 2403 2363 2331 
3 2330 2362 2402 
3 2403 2404 2363 
3 2404 2364 2363 
3 2364 2404 2405 
3 2405 2365 2364 
3 2406 2335 2367 
3 2407 2362 2335 
3 2335 2406 2407 
3 2366 2365 2405 
3 2405 2408 2366 
3 2368 2366 2408 
3 2369 2409 2367 
3 2409 2369 2336 
3 2370 2368 2408 
3 2336 2371 2409 
3 2408 2410 2370 
3 2410 2372 2370 
3 2373 2372 2410 
3 2374 2375 2411 
3 2412 2371 2374 
3 2374 2411 2412 
3 2410 2413 2373 
3 2375 2414 2411 
3 2375 2376 2414 
3 2414 2376 2377 
3 2378 2373 2413 
3 2379 2415 2377 
3 2413 2416 2378 
3 2415 2379 2380 
3 2380 2417 2415 
3 2417 2380 2344 
3 2343 2378 2416 
3 2416 2418 2343 
3 2344 2419 2420 
3 2344 2420 2417 
3 2381 2343 2418 
3 2418 2421 2381 
3 2382 2422 2419 
3 2419 2344 2382 
3 2423 2381 2421 
3 2423 2383 2381 
3 2347 2424 2422 
3 2382 2347 2422 
3 2423 2384 2383 
3 2384 2423 2386 
3 2425 2426 2385 
3 2426 2424 2385 
3 2347 2385 2424 
3 2386 2427 2387 
3 2427 2425 2387 
3 2385 2387 2425 
3 2428 2429 2352 
3 2428 2352 2388 
3 2428 2388 2389 
3 2389 2430 2428 
3 2389 2431 2430 
3 2431 2389 2390 
3 2390 2432 2431 
3 2432 2390 2391 
3 2391 2433 2432 
3 2392 2433 2391 
3 2434 2393 2352 
3 2352 2429 2434 
3 2394 2435 2436 
3 2436 2392 2394 
3 2395 2435 2394 
3 2437 2357 2393 
3 2395 2396 2435 
3 2438 2396 2355 
3 2355 2439 2438 
3 2440 2355 2356 
3 2440 2439 2355 
3 2397 2440 2356 
3 2398 2357 2437 
3 2437 2441 2398 
3 2442 2440 2397 
3 2399 2398 2441 
3 2397 2443 2442 
3 2397 2400 2443 
3 2443 2400 2361 
3 2361 2444 2443 
3 2361 2445 2444 
3 2445 2361 2402 
3 2401 2404 2403 
3 2402 2362 2446 
3 2446 2362 2407 
3 2407 2447 2446 
3 2447 2406 2367 
3 2447 2407 2406 
3 2371 2448 2449 
3 2371 2449 2409 
3 2371 2412 2448 
3 2414 2450 2411 
3 2411 2450 2412 
3 2451 2377 2415 
3 2415 2417 2451 
3 2377 2451 2414 
3 2413 2452 2416 
3 2418 2416 2452 
3 2453 2421 2418 
3 2422 2454 2419 
3 2423 2453 2455 
3 2453 2423 2421 
3 2454 2422 2424 
3 2424 2456 2454 
3 2457 2386 2423 
3 2423 2455 2457 
3 2427 2386 2457 
3 2425 2427 2457 
3 2457 2458 2425 
3 2426 2425 2458 
3 2424 2426 2458 
3 2458 2456 2424 
3 2429 2428 2459 
3 2428 2460 2459 
3 2460 2428 2430 
3 2460 2430 2431 
3 2431 2461 2460 
3 2461 2431 2432 
3 2462 2463 2434 
3 2462 2434 2429 
3 2429 2459 2462 
3 2433 2464 2432 
3 2464 2433 2392 
3 2392 2465 2464 
3 2392 2466 2465 
3 2466 2392 2436 
3 2393 2463 2437 
3 2393 2434 2463 
3 2436 2435 2466 
3 2396 2467 2435 
3 2468 2467 2396 
3 2396 2438 2469 
3 2469 2468 2396 
3 2470 2438 2439 
3 2470 2469 2438 
3 2440 2470 2439 
3 2440 2471 2470 
3 2471 2440 2442 
3 2472 2471 2442 
3 2443 2472 2442 
3 2441 2473 2399 
3 2472 2443 2444 
3 2401 2399 2473 
3 2445 2474 2444 
3 2402 2475 2474 
3 2474 2445 2402 
3 2401 2476 2404 
3 2446 2447 2477 
3 2367 2478 2477 
3 2447 2367 2477 
3 2479 2408 2405 
3 2478 2367 2409 
3 2409 2480 2478 
3 2481 2480 2409 
3 2481 2409 2449 
3 2449 2448 2481 
3 2482 2448 2412 
3 2450 2414 2483 
3 2483 2482 2450 
3 2482 2412 2450 
3 2483 2451 2417 
3 2417 2484 2483 
3 2483 2414 2451 
3 2452 2413 2485 
3 2484 2417 2420 
3 2418 2452 2485 
3 2485 2486 2453 
3 2453 2418 2485 
3 2419 2454 2487 
3 2455 2453 2486 
3 2457 2455 2486 
3 2456 2488 2489 
3 2489 2487 2454 
3 2454 2456 2489 
3 2458 2457 2490 
3 2490 2491 2458 
3 2491 2488 2458 
3 2456 2458 2488 
3 2460 2492 2459 
3 2492 2460 2461 
3 2461 2493 2492 
3 2461 2494 2493 
3 2494 2461 2432 
3 2459 2495 2462 
3 2495 2459 2492 
3 2432 2496 2494 
3 2432 2464 2496 
3 2496 2464 2465 
3 2465 2497 2496 
3 2498 2465 2466 
3 2498 2497 2465 
3 2499 2437 2463 
3 2466 2500 2498 
3 2466 2435 2500 
3 2500 2435 2467 
3 2441 2437 2499 
3 2467 2501 2500 
3 2501 2467 2468 
3 2468 2502 2501 
3 2468 2469 2503 
3 2503 2502 2468 
3 2503 2469 2470 
3 2470 2504 2503 
3 2471 2504 2470 
3 2499 2473 2441 
3 2471 2472 2505 
3 2505 2472 2444 
3 2444 2506 2505 
3 2506 2444 2474 
3 2474 2507 2506 
3 2401 2473 2508 
3 2507 2474 2475 
3 2508 2476 2401 
3 2446 2509 2475 
3 2402 2446 2475 
3 2404 2476 2510 
3 2446 2511 2512 
3 2446 2512 2509 
3 2405 2404 2510 
3 2446 2477 2511 
3 2479 2405 2510 
3 2510 2513 2479 
3 2514 2478 2480 
3 2478 2514 2477 
3 2513 2408 2479 
3 2481 2514 2480 
3 2408 2513 2515 
3 2410 2408 2515 
3 2448 2482 2516 
3 2516 2481 2448 
3 2515 2517 2410 
3 2482 2518 2516 
3 2413 2410 2517 
3 2482 2483 2519 
3 2519 2518 2482 
3 2517 2520 2413 
3 2519 2483 2484 
3 2485 2413 2520 
3 2484 2420 2521 
3 2420 2487 2521 
3 2487 2420 2419 
3 2522 2462 2495 
3 2495 2523 2522 
3 2523 2495 2492 
3 2524 2523 2492 
3 2524 2492 2493 
3 2493 2494 2524 
3 2496 2525 2494 
3 2525 2496 2497 
3 2498 2525 2497 
3 2463 2526 2499 
3 2463 2462 2526 
3 2500 2527 2498 
3 2527 2500 2501 
3 2527 2501 2502 
3 2502 2528 2527 
3 2528 2502 2503 
3 2504 2528 2503 
3 2529 2504 2471 
3 2505 2529 2471 
3 2499 2530 2473 
3 2505 2506 2529 
3 2508 2473 2530 
3 2507 2475 2531 
3 2475 2532 2531 
3 2532 2475 2509 
3 2533 2512 2511 
3 2532 2509 2512 
3 2512 2533 2532 
3 2534 2511 2477 
3 2477 2535 2534 
3 2513 2510 2536 
3 2536 2537 2513 
3 2538 2535 2514 
3 2535 2477 2514 
3 2514 2481 2538 
3 2513 2537 2515 
3 2516 2539 2540 
3 2481 2516 2540 
3 2518 2541 2539 
3 2539 2516 2518 
3 2515 2520 2517 
3 2518 2519 2542 
3 2542 2541 2518 
3 2542 2519 2484 
3 2520 2543 2485 
3 2484 2521 2544 
3 2545 2485 2543 
3 2545 2486 2485 
3 2487 2546 2544 
3 2544 2521 2487 
3 2545 2547 2486 
3 2487 2548 2546 
3 2457 2486 2547 
3 2490 2457 2547 
3 2547 2549 2490 
3 2491 2490 2549 
3 2549 2550 2491 
3 2488 2491 2550 
3 2550 2551 2488 
3 2489 2488 2551 
3 2551 2548 2489 
3 2487 2489 2548 
3 2526 2462 2552 
3 2552 2462 2522 
3 2522 2553 2552 
3 2522 2554 2553 
3 2554 2522 2523 
3 2523 2555 2554 
3 2555 2523 2524 
3 2524 2556 2555 
3 2556 2524 2494 
3 2494 2525 2556 
3 2557 2499 2526 
3 2526 2552 2557 
3 2558 2525 2498 
3 2559 2498 2527 
3 2559 2558 2498 
3 2557 2560 2499 
3 2527 2561 2559 
3 2561 2527 2528 
3 2528 2562 2561 
3 2528 2563 2562 
3 2563 2528 2504 
3 2504 2564 2563 
3 2560 2565 2499 
3 2564 2504 2529 
3 2529 2566 2564 
3 2530 2499 2565 
3 2506 2566 2529 
3 2508 2530 2565 
3 2565 2567 2508 
3 2507 2568 2506 
3 2568 2507 2531 
3 2476 2508 2567 
3 2568 2531 2532 
3 2532 2569 2568 
3 2476 2570 2510 
3 2532 2571 2569 
3 2571 2532 2533 
3 2533 2572 2571 
3 2533 2511 2572 
3 2510 2570 2573 
3 2573 2536 2510 
3 2572 2511 2534 
3 2534 2535 2572 
3 2574 2538 2481 
3 2481 2540 2574 
3 2538 2574 2535 
3 2537 2575 2515 
3 2520 2515 2575 
3 2575 2576 2520 
3 2576 2577 2520 
3 2578 2542 2484 
3 2484 2579 2578 
3 2543 2520 2580 
3 2484 2581 2579 
3 2580 2582 2543 
3 2544 2581 2484 
3 2545 2543 2582 
3 2582 2583 2545 
3 2547 2545 2583 
3 2546 2548 2584 
3 2585 2549 2547 
3 2550 2549 2585 
3 2550 2586 2551 
3 2548 2551 2586 
3 2586 2584 2548 
3 2587 2552 2553 
3 2554 2588 2553 
3 2588 2554 2555 
3 2555 2589 2588 
3 2589 2555 2556 
3 2556 2590 2589 
3 2590 2556 2525 
3 2525 2591 2590 
3 2552 2587 2557 
3 2591 2525 2558 
3 2558 2592 2591 
3 2558 2559 2592 
3 2560 2557 2593 
3 2559 2594 2592 
3 2594 2559 2561 
3 2561 2595 2594 
3 2595 2561 2562 
3 2563 2596 2595 
3 2595 2562 2563 
3 2564 2596 2563 
3 2597 2565 2593 
3 2560 2593 2565 
3 2566 2596 2564 
3 2566 2506 2598 
3 2565 2597 2567 
3 2598 2506 2568 
3 2568 2599 2598 
3 2567 2600 2476 
3 2599 2568 2601 
3 2568 2569 2601 
3 2570 2476 2600 
3 2569 2571 2601 
3 2602 2603 2601 
3 2601 2571 2602 
3 2571 2572 2602 
3 2604 2605 2603 
3 2602 2604 2603 
3 2572 2535 2604 
3 2604 2602 2572 
3 2606 2605 2604 
3 2604 2535 2606 
3 2573 2607 2536 
3 2608 2606 2535 
3 2537 2536 2607 
3 2609 2608 2574 
3 2574 2540 2609 
3 2608 2535 2574 
3 2575 2537 2607 
3 2540 2539 2609 
3 2541 2542 2610 
3 2576 2611 2577 
3 2612 2580 2520 
3 2611 2612 2577 
3 2612 2520 2577 
3 2613 2578 2579 
3 2610 2542 2578 
3 2578 2613 2610 
3 2612 2611 2580 
3 2614 2613 2579 
3 2579 2581 2614 
3 2582 2580 2611 
3 2611 2615 2582 
3 2544 2616 2614 
3 2581 2544 2614 
3 2615 2617 2583 
3 2583 2582 2615 
3 2546 2618 2616 
3 2544 2546 2616 
3 2547 2583 2617 
3 2547 2617 2585 
3 2584 2618 2546 
3 2619 2550 2585 
3 2586 2550 2619 
3 2619 2620 2586 
3 2584 2586 2620 
3 2553 2621 2587 
3 2621 2553 2588 
3 2588 2622 2621 
3 2622 2588 2589 
3 2623 2557 2587 
3 2557 2623 2593 
3 2592 2624 2591 
3 2624 2592 2594 
3 2593 2625 2597 
3 2594 2626 2624 
3 2626 2594 2595 
3 2595 2627 2626 
3 2595 2628 2627 
3 2595 2596 2628 
3 2628 2596 2566 
3 2598 2628 2566 
3 2567 2597 2625 
3 2625 2629 2567 
3 2629 2630 2567 
3 2600 2567 2631 
3 2630 2631 2567 
3 2599 2601 2632 
3 2570 2600 2631 
3 2631 2633 2570 
3 2633 2634 2570 
3 2573 2570 2634 
3 2634 2635 2573 
3 2573 2635 2636 
3 2603 2605 2606 
3 2636 2607 2573 
3 2603 2606 2608 
3 2609 2637 2608 
3 2576 2575 2607 
3 2638 2609 2539 
3 2638 2539 2541 
3 2541 2610 2638 
3 2611 2576 2639 
3 2639 2640 2611 
3 2615 2611 2640 
3 2641 2614 2616 
3 2614 2641 2613 
3 2617 2615 2640 
3 2642 2585 2617 
3 2585 2642 2619 
3 2643 2644 2584 
3 2644 2618 2584 
3 2619 2643 2620 
3 2584 2620 2643 
3 2589 2645 2622 
3 2589 2646 2645 
3 2646 2589 2590 
3 2647 2623 2587 
3 2621 2647 2587 
3 2646 2590 2591 
3 2591 2648 2646 
3 2649 2593 2623 
3 2648 2591 2624 
3 2625 2593 2649 
3 2626 2650 2624 
3 2650 2626 2627 
3 2627 2651 2650 
3 2651 2627 2628 
3 2628 2652 2651 
3 2628 2598 2652 
3 2625 2653 2629 
3 2652 2598 2599 
3 2599 2654 2652 
3 2630 2629 2653 
3 2599 2655 2654 
3 2631 2630 2653 
3 2653 2656 2631 
3 2655 2599 2632 
3 2633 2631 2656 
3 2656 2657 2633 
3 2655 2632 2658 
3 2632 2601 2658 
3 2634 2633 2657 
3 2601 2603 2658 
3 2635 2634 2657 
3 2657 2659 2635 
3 2636 2635 2659 
3 2660 2603 2608 
3 2637 2661 2608 
3 2636 2662 2607 
3 2637 2609 2663 
3 2637 2663 2661 
3 2664 2609 2638 
3 2609 2664 2663 
3 2576 2607 2662 
3 2662 2665 2576 
3 2639 2576 2665 
3 2638 2610 2666 
3 2665 2667 2639 
3 2668 2610 2613 
3 2640 2639 2667 
3 2667 2669 2640 
3 2670 2668 2613 
3 2669 2671 2640 
3 2670 2613 2641 
3 2617 2640 2671 
3 2671 2672 2617 
3 2641 2616 2618 
3 2642 2617 2672 
3 2672 2673 2642 
3 2619 2642 2673 
3 2673 2674 2619 
3 2643 2619 2674 
3 2674 2675 2643 
3 2644 2643 2675 
3 2644 2641 2618 
3 2676 2621 2622 
3 2622 2677 2676 
3 2622 2678 2677 
3 2622 2645 2678 
3 2649 2623 2679 
3 2679 2623 2647 
3 2647 2676 2679 
3 2676 2647 2621 
3 2624 2680 2648 
3 2680 2624 2650 
3 2650 2681 2680 
3 2682 2650 2651 
3 2682 2681 2650 
3 2649 2653 2625 
3 2652 2682 2651 
3 2656 2683 2657 
3 2658 2684 2655 
3 2683 2685 2657 
3 2684 2658 2603 
3 2659 2657 2685 
3 2603 2686 2684 
3 2660 2687 2686 
3 2686 2603 2660 
3 2688 2636 2659 
3 2687 2660 2608 
3 2687 2608 2661 
3 2661 2689 2687 
3 2662 2636 2688 
3 2689 2661 2663 
3 2663 2690 2689 
3 2688 2691 2662 
3 2692 2663 2664 
3 2665 2662 2691 
3 2638 2693 2664 
3 2666 2693 2638 
3 2666 2610 2668 
3 2667 2665 2694 
3 2669 2667 2694 
3 2694 2695 2669 
3 2695 2696 2671 
3 2671 2669 2695 
3 2672 2696 2697 
3 2696 2672 2671 
3 2670 2641 2698 
3 2697 2673 2672 
3 2699 2674 2673 
3 2673 2697 2699 
3 2675 2674 2699 
3 2699 2700 2675 
3 2644 2675 2700 
3 2700 2701 2644 
3 2641 2644 2701 
3 2645 2702 2678 
3 2703 2645 2646 
3 2703 2702 2645 
3 2704 2679 2676 
3 2676 2677 2704 
3 2703 2646 2648 
3 2648 2705 2703 
3 2679 2706 2649 
3 2648 2707 2705 
3 2707 2648 2680 
3 2680 2708 2707 
3 2708 2680 2681 
3 2709 2708 2681 
3 2682 2709 2681 
3 2653 2649 2710 
3 2682 2711 2709 
3 2711 2682 2652 
3 2712 2711 2652 
3 2652 2654 2712 
3 2656 2653 2710 
3 2710 2713 2656 
3 2712 2654 2655 
3 2655 2714 2712 
3 2655 2715 2714 
3 2683 2656 2713 
3 2713 2716 2683 
3 2655 2684 2715 
3 2685 2683 2716 
3 2659 2685 2716 
3 2716 2717 2659 
3 2688 2659 2717 
3 2687 2689 2690 
3 2663 2692 2690 
3 2688 2718 2691 
3 2664 2693 2692 
3 2665 2691 2718 
3 2666 2719 2693 
3 2666 2720 2719 
3 2720 2666 2668 
3 2668 2721 2720 
3 2668 2670 2722 
3 2722 2721 2668 
3 2695 2723 2696 
3 2698 2722 2670 
3 2697 2696 2723 
3 2723 2724 2697 
3 2725 2641 2701 
3 2701 2726 2725 
3 2725 2698 2641 
3 2699 2697 2724 
3 2700 2699 2724 
3 2724 2727 2700 
3 2701 2700 2727 
3 2727 2728 2701 
3 2728 2726 2701 
3 2677 2729 2730 
3 2677 2731 2729 
3 2731 2677 2678 
3 2678 2732 2731 
3 2732 2678 2702 
3 2704 2733 2679 
3 2730 2704 2677 
3 2703 2734 2702 
3 2734 2703 2705 
3 2733 2735 2706 
3 2706 2679 2733 
3 2649 2735 2736 
3 2736 2710 2649 
3 2649 2706 2735 
3 2708 2737 2707 
3 2709 2737 2708 
3 2709 2738 2737 
3 2738 2709 2711 
3 2711 2739 2738 
3 2711 2712 2739 
3 2713 2710 2740 
3 2739 2712 2714 
3 2714 2741 2739 
3 2741 2714 2715 
3 2715 2742 2741 
3 2742 2715 2743 
3 2715 2684 2743 
3 2743 2684 2744 
3 2745 2743 2744 
3 2686 2687 2745 
3 2745 2744 2686 
3 2684 2686 2744 
3 2688 2717 2746 
3 2745 2687 2690 
3 2690 2747 2745 
3 2692 2748 2747 
3 2690 2692 2747 
3 2718 2688 2746 
3 2748 2692 2693 
3 2693 2749 2748 
3 2750 2749 2693 
3 2693 2719 2750 
3 2718 2751 2665 
3 2719 2720 2750 
3 2694 2665 2751 
3 2752 2694 2751 
3 2752 2695 2694 
3 2721 2722 2753 
3 2723 2695 2752 
3 2722 2698 2725 
3 2725 2753 2722 
3 2724 2754 2727 
3 2728 2727 2754 
3 2754 2755 2728 
3 2726 2728 2755 
3 2702 2756 2732 
3 2733 2704 2757 
3 2757 2704 2730 
3 2756 2702 2734 
3 2734 2758 2756 
3 2758 2734 2705 
3 2733 2757 2735 
3 2705 2759 2758 
3 2759 2705 2707 
3 2735 2760 2736 
3 2707 2761 2759 
3 2762 2707 2737 
3 2762 2761 2707 
3 2763 2736 2760 
3 2763 2710 2736 
3 2762 2737 2738 
3 2763 2764 2740 
3 2763 2740 2710 
3 2738 2739 2765 
3 2766 2740 2764 
3 2766 2713 2740 
3 2767 2765 2739 
3 2739 2741 2767 
3 2766 2768 2713 
3 2767 2741 2742 
3 2716 2713 2768 
3 2743 2769 2742 
3 2717 2716 2768 
3 2768 2746 2717 
3 2745 2770 2771 
3 2771 2743 2745 
3 2745 2748 2770 
3 2745 2747 2748 
3 2746 2772 2718 
3 2749 2750 2773 
3 2772 2751 2718 
3 2773 2750 2720 
3 2773 2720 2721 
3 2721 2774 2773 
3 2775 2721 2753 
3 2775 2774 2721 
3 2752 2776 2723 
3 2723 2776 2777 
3 2753 2725 2778 
3 2777 2724 2723 
3 2754 2724 2777 
3 2777 2779 2754 
3 2755 2754 2779 
3 2779 2780 2755 
3 2726 2755 2780 
3 2780 2781 2726 
3 2725 2726 2781 
3 2730 2729 2782 
3 2729 2783 2782 
3 2783 2729 2731 
3 2731 2784 2783 
3 2784 2731 2732 
3 2732 2785 2784 
3 2785 2732 2756 
3 2756 2786 2785 
3 2782 2757 2730 
3 2786 2756 2758 
3 2758 2787 2786 
3 2787 2758 2759 
3 2759 2788 2787 
3 2735 2789 2760 
3 2788 2759 2761 
3 2761 2790 2788 
3 2790 2761 2762 
3 2763 2760 2789 
3 2789 2791 2763 
3 2792 2762 2738 
3 2764 2763 2791 
3 2738 2793 2792 
3 2738 2765 2793 
3 2766 2764 2794 
3 2791 2794 2764 
3 2795 2793 2765 
3 2765 2767 2795 
3 2768 2766 2794 
3 2795 2767 2742 
3 2742 2769 2795 
3 2743 2796 2769 
3 2796 2743 2771 
3 2746 2768 2797 
3 2771 2770 2796 
3 2797 2798 2746 
3 2798 2772 2746 
3 2749 2799 2748 
3 2800 2751 2772 
3 2774 2801 2802 
3 2802 2773 2774 
3 2800 2803 2751 
3 2774 2775 2804 
3 2804 2801 2774 
3 2803 2805 2752 
3 2752 2751 2803 
3 2804 2775 2753 
3 2753 2806 2804 
3 2776 2752 2805 
3 2777 2776 2805 
3 2805 2807 2777 
3 2725 2808 2778 
3 2778 2806 2753 
3 2779 2777 2807 
3 2779 2809 2780 
3 2781 2780 2809 
3 2809 2810 2781 
3 2725 2781 2810 
3 2810 2808 2725 
3 2811 2782 2783 
3 2783 2784 2811 
3 2812 2757 2782 
3 2811 2812 2782 
3 2787 2813 2786 
3 2814 2735 2757 
3 2813 2787 2788 
3 2814 2791 2789 
3 2789 2735 2814 
3 2762 2792 2790 
3 2815 2816 2794 
3 2794 2791 2815 
3 2768 2794 2816 
3 2769 2817 2795 
3 2769 2796 2817 
3 2797 2768 2816 
3 2818 2798 2797 
3 2819 2796 2770 
3 2770 2820 2819 
3 2820 2770 2748 
3 2748 2821 2820 
3 2798 2822 2772 
3 2821 2748 2799 
3 2822 2800 2772 
3 2749 2773 2802 
3 2802 2799 2749 
3 2803 2823 2805 
3 2801 2804 2806 
3 2824 2807 2805 
3 2805 2823 2824 
3 2806 2778 2808 
3 2825 2779 2807 
3 2807 2824 2825 
3 2809 2779 2825 
3 2825 2826 2809 
3 2810 2809 2826 
3 2811 2827 2812 
3 2827 2811 2784 
3 2784 2828 2827 
3 2828 2784 2785 
3 2785 2829 2828 
3 2829 2785 2786 
3 2830 2757 2812 
3 2786 2831 2829 
3 2786 2832 2831 
3 2832 2786 2813 
3 2830 2814 2757 
3 2813 2833 2832 
3 2833 2813 2788 
3 2791 2814 2834 
3 2830 2834 2814 
3 2788 2835 2833 
3 2835 2788 2790 
3 2834 2836 2791 
3 2790 2837 2835 
3 2837 2790 2792 
3 2815 2791 2836 
3 2838 2837 2792 
3 2792 2793 2838 
3 2793 2839 2838 
3 2839 2793 2795 
3 2839 2795 2817 
3 2817 2840 2839 
3 2840 2817 2796 
3 2796 2841 2840 
3 2797 2816 2818 
3 2819 2842 2796 
3 2818 2843 2798 
3 2819 2820 2842 
3 2843 2844 2798 
3 2821 2845 2820 
3 2822 2798 2846 
3 2799 2847 2845 
3 2845 2821 2799 
3 2800 2822 2846 
3 2799 2802 2848 
3 2848 2847 2799 
3 2802 2849 2848 
3 2849 2802 2801 
3 2803 2850 2823 
3 2851 2852 2806 
3 2852 2801 2806 
3 2823 2850 2824 
3 2806 2808 2853 
3 2806 2853 2851 
3 2810 2826 2854 
3 2808 2810 2853 
3 2810 2854 2853 
3 2855 2812 2827 
3 2827 2856 2855 
3 2856 2827 2828 
3 2828 2857 2856 
3 2828 2858 2857 
3 2858 2828 2829 
3 2829 2831 2858 
3 2859 2830 2812 
3 2812 2855 2859 
3 2832 2860 2831 
3 2859 2861 2830 
3 2860 2832 2833 
3 2833 2862 2860 
3 2861 2863 2834 
3 2834 2830 2861 
3 2835 2864 2833 
3 2863 2865 2836 
3 2836 2834 2863 
3 2864 2835 2837 
3 2815 2836 2865 
3 2838 2866 2837 
3 2816 2815 2865 
3 2867 2866 2838 
3 2838 2839 2867 
3 2867 2839 2868 
3 2840 2868 2839 
3 2841 2869 2868 
3 2868 2840 2841 
3 2816 2870 2818 
3 2841 2796 2869 
3 2870 2843 2818 
3 2869 2796 2842 
3 2842 2820 2871 
3 2820 2872 2871 
3 2846 2798 2844 
3 2872 2820 2845 
3 2846 2873 2800 
3 2873 2874 2800 
3 2803 2800 2874 
3 2874 2850 2803 
3 2850 2875 2824 
3 2875 2876 2824 
3 2877 2851 2853 
3 2825 2824 2876 
3 2826 2825 2876 
3 2876 2878 2826 
3 2854 2826 2878 
3 2878 2879 2854 
3 2879 2877 2854 
3 2877 2853 2854 
3 2880 2855 2856 
3 2858 2881 2857 
3 2881 2858 2831 
3 2831 2882 2881 
3 2859 2883 2884 
3 2880 2859 2855 
3 2880 2883 2859 
3 2882 2831 2860 
3 2860 2885 2882 
3 2859 2884 2861 
3 2885 2860 2862 
3 2861 2884 2863 
3 2862 2833 2864 
3 2864 2886 2862 
3 2887 2864 2837 
3 2887 2886 2864 
3 2863 2888 2865 
3 2889 2887 2837 
3 2837 2866 2889 
3 2816 2865 2888 
3 2888 2890 2816 
3 2891 2889 2866 
3 2866 2867 2891 
3 2891 2867 2868 
3 2868 2892 2891 
3 2890 2893 2816 
3 2892 2868 2869 
3 2870 2816 2893 
3 2869 2894 2892 
3 2843 2870 2893 
3 2842 2895 2894 
3 2894 2869 2842 
3 2843 2893 2896 
3 2895 2842 2871 
3 2871 2897 2895 
3 2843 2896 2844 
3 2871 2898 2897 
3 2872 2899 2898 
3 2898 2871 2872 
3 2846 2844 2896 
3 2896 2900 2846 
3 2872 2901 2899 
3 2901 2845 2847 
3 2901 2872 2845 
3 2902 2901 2847 
3 2873 2846 2900 
3 2900 2903 2873 
3 2848 2904 2902 
3 2847 2848 2902 
3 2904 2848 2849 
3 2849 2905 2904 
3 2874 2873 2903 
3 2906 2905 2801 
3 2905 2849 2801 
3 2874 2907 2850 
3 2801 2852 2906 
3 2907 2875 2850 
3 2851 2908 2909 
3 2852 2851 2909 
3 2910 2908 2877 
3 2851 2877 2908 
3 2911 2878 2876 
3 2879 2878 2911 
3 2879 2910 2877 
3 2912 2880 2856 
3 2912 2856 2857 
3 2857 2913 2912 
3 2913 2857 2881 
3 2881 2914 2913 
3 2882 2914 2881 
3 2915 2914 2882 
3 2915 2882 2885 
3 2884 2888 2863 
3 2916 2862 2886 
3 2886 2917 2916 
3 2917 2886 2887 
3 2917 2887 2889 
3 2889 2918 2917 
3 2891 2918 2889 
3 2888 2919 2890 
3 2893 2890 2919 
3 2894 2895 2892 
3 2893 2920 2896 
3 2920 2921 2896 
3 2897 2898 2922 
3 2898 2899 2922 
3 2900 2896 2921 
3 2900 2921 2923 
3 2901 2902 2924 
3 2924 2925 2901 
3 2903 2900 2923 
3 2924 2902 2904 
3 2903 2926 2874 
3 2905 2906 2927 
3 2907 2874 2926 
3 2926 2928 2907 
3 2852 2909 2927 
3 2927 2906 2852 
3 2875 2907 2928 
3 2875 2929 2876 
3 2876 2929 2930 
3 2930 2931 2910 
3 2910 2879 2930 
3 2908 2910 2931 
3 2931 2932 2908 
3 2908 2932 2909 
3 2930 2911 2876 
3 2879 2911 2930 
3 2880 2933 2883 
3 2933 2880 2912 
3 2913 2934 2912 
3 2934 2913 2914 
3 2914 2935 2934 
3 2935 2914 2915 
3 2884 2883 2936 
3 2936 2937 2884 
3 2885 2938 2915 
3 2938 2885 2862 
3 2937 2939 2888 
3 2888 2884 2937 
3 2938 2862 2916 
3 2916 2940 2938 
3 2916 2941 2940 
3 2941 2916 2917 
3 2917 2942 2941 
3 2917 2918 2942 
3 2891 2943 2918 
3 2944 2945 2919 
3 2919 2888 2944 
3 2946 2943 2891 
3 2891 2892 2946 
3 2893 2919 2945 
3 2945 2947 2893 
3 2892 2948 2946 
3 2892 2895 2948 
3 2920 2893 2947 
3 2948 2895 2897 
3 2948 2897 2922 
3 2899 2949 2922 
3 2899 2925 2949 
3 2925 2899 2901 
3 2950 2923 2921 
3 2925 2924 2951 
3 2951 2924 2904 
3 2904 2905 2952 
3 2926 2903 2923 
3 2923 2928 2926 
3 2905 2927 2952 
3 2953 2927 2909 
3 2927 2953 2952 
3 2954 2875 2928 
3 2909 2955 2956 
3 2956 2953 2909 
3 2875 2954 2929 
3 2929 2957 2930 
3 2931 2930 2957 
3 2931 2955 2932 
3 2955 2909 2932 
3 2936 2883 2958 
3 2958 2883 2933 
3 2933 2959 2958 
3 2959 2933 2912 
3 2912 2960 2959 
3 2960 2912 2934 
3 2935 2961 2934 
3 2935 2962 2961 
3 2935 2915 2962 
3 2962 2915 2938 
3 2963 2938 2940 
3 2963 2940 2941 
3 2964 2941 2942 
3 2964 2963 2941 
3 2939 2965 2888 
3 2964 2918 2966 
3 2918 2964 2942 
3 2965 2944 2888 
3 2918 2943 2966 
3 2965 2945 2944 
3 2967 2946 2948 
3 2945 2968 2947 
3 2920 2947 2968 
3 2968 2969 2920 
3 2970 2971 2948 
3 2948 2922 2970 
3 2921 2920 2969 
3 2971 2970 2922 
3 2922 2949 2971 
3 2969 2950 2921 
3 2925 2972 2949 
3 2925 2973 2972 
3 2925 2951 2973 
3 2951 2974 2973 
3 2923 2950 2975 
3 2904 2976 2974 
3 2974 2951 2904 
3 2975 2977 2923 
3 2952 2976 2904 
3 2928 2923 2977 
3 2978 2952 2953 
3 2928 2979 2954 
3 2980 2953 2956 
3 2956 2955 2980 
3 2954 2981 2929 
3 2957 2929 2981 
3 2981 2982 2957 
3 2982 2983 2957 
3 2931 2957 2983 
3 2955 2931 2983 
3 2983 2980 2955 
3 2984 2958 2959 
3 2959 2985 2984 
3 2985 2959 2960 
3 2960 2986 2985 
3 2986 2960 2934 
3 2934 2987 2986 
3 2987 2934 2961 
3 2961 2988 2987 
3 2989 2990 2991 
3 2936 2984 2989 
3 2989 2991 2936 
3 2936 2958 2984 
3 2988 2961 2962 
3 2991 2990 2992 
3 2992 2937 2936 
3 2936 2991 2992 
3 2962 2938 2993 
3 2938 2994 2993 
3 2992 2939 2937 
3 2994 2938 2963 
3 2963 2995 2994 
3 2995 2963 2964 
3 2995 2964 2966 
3 2966 2996 2995 
3 2966 2997 2996 
3 2997 2966 2943 
3 2965 2998 2945 
3 2997 2943 2946 
3 2998 2999 2945 
3 2997 2946 2967 
3 2999 3000 2945 
3 2968 2945 3000 
3 3001 2967 2948 
3 2948 3002 3001 
3 2969 2968 3000 
3 3000 3003 2969 
3 3002 2948 2971 
3 3002 2971 2949 
3 2950 2969 3003 
3 2972 3004 3005 
3 3005 3002 2949 
3 2949 2972 3005 
3 3004 2972 2973 
3 2973 2974 3004 
3 2952 3006 2976 
3 3007 2928 2977 
3 2952 2978 3006 
3 2979 2928 3007 
3 3007 3008 2979 
3 3008 3009 2979 
3 2953 3010 2978 
3 2954 2979 3009 
3 3009 3011 2954 
3 2953 2980 3010 
3 2981 2954 3011 
3 3012 3013 2984 
3 3012 2984 2985 
3 2985 3014 3012 
3 3014 2985 2986 
3 2990 2989 3015 
3 3015 2989 2984 
3 2984 3013 3015 
3 3016 2988 2962 
3 2992 2990 3015 
3 3015 3017 2992 
3 3016 2962 2993 
3 2939 2992 3017 
3 3017 3018 2939 
3 2994 3019 2993 
3 3019 2994 2995 
3 2995 3020 3019 
3 2965 2939 3018 
3 3018 3021 2965 
3 2995 3022 3020 
3 3022 2995 2996 
3 2997 3022 2996 
3 2998 2965 3021 
3 2999 2998 3021 
3 2967 3023 2997 
3 3023 2967 3024 
3 2967 3001 3024 
3 3001 3025 3024 
3 3025 3001 3002 
3 3003 3000 3026 
3 2950 3003 3026 
3 3027 3005 3004 
3 3027 3002 3005 
3 2975 2950 3026 
3 3027 3004 2974 
3 2974 2976 3028 
3 2975 3029 2977 
3 3028 2976 3006 
3 3007 2977 3029 
3 3029 3030 3007 
3 3028 3006 2978 
3 2978 3031 3028 
3 3008 3007 3030 
3 3030 3032 3008 
3 3009 3008 3032 
3 3032 3033 3009 
3 3034 2978 3010 
3 3034 3031 2978 
3 3011 3009 3033 
3 3033 3035 3011 
3 3036 3010 2980 
3 3036 3034 3010 
3 2981 3011 3035 
3 2982 2981 3035 
3 2983 2982 3035 
3 3035 3037 2983 
3 2980 2983 3037 
3 3037 3036 2980 
3 3038 3014 2986 
3 2986 3039 3038 
3 3039 2986 2987 
3 2987 3040 3039 
3 3040 2987 2988 
3 3013 3041 3015 
3 3040 2988 3016 
3 3041 3042 3017 
3 3017 3015 3041 
3 2993 3043 3016 
3 3042 3044 3045 
3 3045 3017 3042 
3 3045 3018 3017 
3 3043 2993 3019 
3 3018 3045 3044 
3 3044 3046 3018 
3 3021 3018 3046 
3 3020 3022 3047 
3 3022 2997 3047 
3 3046 3048 3021 
3 3049 3047 2997 
3 2999 3021 3048 
3 3048 3050 2999 
3 3049 2997 3023 
3 3000 2999 3050 
3 3050 3051 3000 
3 3049 3023 3024 
3 3024 3052 3049 
3 3052 3024 3025 
3 3025 3053 3052 
3 3026 3000 3051 
3 3053 3025 3002 
3 3002 3054 3053 
3 3054 3002 3027 
3 3026 3055 2975 
3 2974 3056 3027 
3 2974 3057 3056 
3 3055 3058 2975 
3 3028 3057 2974 
3 3058 3029 2975 
3 3058 3059 3030 
3 3030 3029 3058 
3 3032 3030 3059 
3 3059 3060 3032 
3 3033 3032 3060 
3 3035 3033 3060 
3 3060 3061 3035 
3 3034 3036 3062 
3 3061 3063 3035 
3 3037 3035 3063 
3 3063 3064 3037 
3 3036 3037 3064 
3 3064 3062 3036 
3 3065 3013 3012 
3 3012 3066 3065 
3 3066 3012 3014 
3 3066 3014 3038 
3 3038 3067 3066 
3 3038 3068 3067 
3 3068 3038 3039 
3 3039 3069 3068 
3 3069 3039 3040 
3 3070 3071 3041 
3 3041 3013 3065 
3 3065 3070 3041 
3 3016 3072 3040 
3 3016 3043 3072 
3 3042 3041 3071 
3 3071 3073 3042 
3 3074 3046 3044 
3 3044 3042 3073 
3 3073 3074 3044 
3 3020 3047 3075 
3 3047 3076 3075 
3 3048 3046 3077 
3 3076 3047 3049 
3 3050 3048 3077 
3 3077 3078 3050 
3 3049 3052 3076 
3 3051 3050 3078 
3 3053 3079 3052 
3 3051 3080 3026 
3 3027 3081 3054 
3 3055 3026 3080 
3 3081 3027 3056 
3 3080 3082 3055 
3 3083 3081 3056 
3 3056 3057 3083 
3 3058 3055 3082 
3 3057 3028 3083 
3 3031 3084 3083 
3 3083 3028 3031 
3 3031 3085 3084 
3 3031 3034 3085 
3 3060 3086 3061 
3 3061 3086 3087 
3 3062 3088 3089 
3 3087 3063 3061 
3 3064 3063 3087 
3 3087 3090 3064 
3 3090 3091 3064 
3 3062 3064 3088 
3 3064 3091 3088 
3 3092 3070 3065 
3 3092 3065 3066 
3 3066 3093 3092 
3 3093 3066 3067 
3 3067 3094 3093 
3 3094 3067 3068 
3 3068 3095 3094 
3 3095 3068 3069 
3 3040 3096 3069 
3 3040 3072 3096 
3 3097 3073 3071 
3 3043 3098 3072 
3 3097 3046 3074 
3 3097 3074 3073 
3 3098 3043 3019 
3 3019 3099 3098 
3 3097 3100 3046 
3 3099 3019 3020 
3 3100 3077 3046 
3 3020 3075 3099 
3 3052 3101 3076 
3 3078 3102 3051 
3 3101 3052 3079 
3 3079 3053 3103 
3 3080 3051 3102 
3 3103 3053 3054 
3 3102 3104 3080 
3 3054 3105 3106 
3 3054 3106 3103 
3 3104 3107 3080 
3 3105 3054 3081 
3 3082 3080 3107 
3 3083 3108 3081 
3 3082 3109 3058 
3 3110 3083 3084 
3 3084 3111 3110 
3 3083 3110 3108 
3 3059 3058 3109 
3 3109 3112 3059 
3 3085 3111 3084 
3 3060 3059 3112 
3 3112 3113 3060 
3 3034 3089 3085 
3 3086 3060 3113 
3 3113 3114 3086 
3 3087 3086 3114 
3 3089 3088 3115 
3 3034 3062 3089 
3 3090 3115 3091 
3 3088 3091 3115 
3 3094 3116 3093 
3 3116 3094 3095 
3 3117 3070 3092 
3 3118 3116 3095 
3 3118 3095 3069 
3 3069 3119 3118 
3 3119 3069 3096 
3 3120 3121 3071 
3 3117 3071 3070 
3 3117 3120 3071 
3 3122 3096 3072 
3 3097 3071 3121 
3 3123 3072 3098 
3 3123 3122 3072 
3 3121 3100 3097 
3 3123 3098 3099 
3 3100 3124 3077 
3 3125 3077 3124 
3 3126 3075 3076 
3 3078 3077 3125 
3 3126 3076 3101 
3 3127 3078 3125 
3 3101 3128 3126 
3 3102 3078 3127 
3 3079 3129 3128 
3 3101 3079 3128 
3 3129 3079 3103 
3 3129 3103 3130 
3 3104 3102 3127 
3 3127 3107 3104 
3 3106 3105 3130 
3 3103 3106 3130 
3 3105 3131 3132 
3 3105 3132 3130 
3 3131 3105 3081 
3 3133 3131 3081 
3 3108 3134 3135 
3 3133 3081 3108 
3 3108 3135 3133 
3 3110 3111 3134 
3 3134 3108 3110 
3 3109 3136 3112 
3 3111 3085 3134 
3 3136 3137 3112 
3 3113 3112 3137 
3 3138 3085 3089 
3 3114 3113 3137 
3 3114 3139 3087 
3 3140 3087 3139 
3 3140 3141 3115 
3 3115 3090 3140 
3 3089 3115 3141 
3 3141 3142 3089 
3 3089 3142 3138 
3 3087 3140 3090 
3 3093 3143 3144 
3 3143 3093 3116 
3 3116 3145 3143 
3 3146 3117 3092 
3 3144 3146 3092 
3 3144 3092 3093 
3 3145 3116 3118 
3 3119 3147 3118 
3 3147 3119 3096 
3 3121 3120 3148 
3 3120 3117 3146 
3 3146 3148 3120 
3 3096 3149 3147 
3 3149 3096 3122 
3 3122 3123 3149 
3 3150 3100 3121 
3 3099 3151 3123 
3 3100 3152 3124 
3 3153 3151 3099 
3 3075 3153 3099 
3 3152 3154 3125 
3 3125 3124 3152 
3 3075 3155 3153 
3 3155 3075 3126 
3 3154 3156 3125 
3 3126 3157 3155 
3 3127 3125 3156 
3 3157 3126 3128 
3 3129 3158 3128 
3 3158 3129 3130 
3 3159 3107 3127 
3 3130 3132 3158 
3 3159 3160 3107 
3 3131 3161 3132 
3 3082 3107 3160 
3 3160 3162 3082 
3 3131 3133 3163 
3 3164 3135 3134 
3 3163 3133 3135 
3 3135 3164 3163 
3 3109 3082 3162 
3 3162 3165 3109 
3 3136 3109 3165 
3 3085 3138 3166 
3 3085 3166 3134 
3 3136 3167 3137 
3 3114 3137 3167 
3 3167 3168 3114 
3 3139 3114 3168 
3 3140 3139 3168 
3 3168 3141 3140 
3 3141 3169 3142 
3 3169 3138 3142 
3 3144 3170 3171 
3 3170 3144 3143 
3 3143 3172 3170 
3 3172 3143 3145 
3 3145 3173 3172 
3 3174 3173 3145 
3 3171 3175 3146 
3 3171 3146 3144 
3 3145 3118 3174 
3 3174 3118 3147 
3 3147 3176 3174 
3 3147 3177 3176 
3 3175 3178 3121 
3 3175 3121 3148 
3 3148 3146 3175 
3 3177 3147 3149 
3 3149 3179 3177 
3 3150 3121 3178 
3 3179 3149 3123 
3 3123 3180 3179 
3 3178 3181 3150 
3 3100 3150 3181 
3 3180 3123 3151 
3 3182 3100 3181 
3 3182 3152 3100 
3 3182 3154 3152 
3 3182 3156 3154 
3 3128 3183 3157 
3 3183 3128 3158 
3 3159 3127 3184 
3 3132 3185 3158 
3 3160 3159 3184 
3 3184 3186 3160 
3 3161 3187 3185 
3 3132 3161 3185 
3 3186 3188 3160 
3 3161 3131 3187 
3 3162 3160 3188 
3 3131 3163 3187 
3 3164 3134 3189 
3 3187 3163 3164 
3 3164 3189 3187 
3 3162 3190 3165 
3 3134 3191 3189 
3 3136 3165 3190 
3 3190 3192 3136 
3 3193 3191 3166 
3 3166 3138 3193 
3 3191 3134 3166 
3 3167 3136 3192 
3 3192 3194 3167 
3 3169 3195 3193 
3 3138 3169 3193 
3 3168 3167 3194 
3 3194 3196 3168 
3 3196 3197 3168 
3 3141 3168 3197 
3 3197 3195 3141 
3 3169 3141 3195 
3 3198 3171 3170 
3 3170 3199 3198 
3 3170 3172 3199 
3 3174 3200 3173 
3 3200 3174 3176 
3 3177 3201 3176 
3 3201 3177 3179 
3 3201 3179 3180 
3 3180 3202 3201 
3 3203 3202 3180 
3 3180 3151 3204 
3 3204 3203 3180 
3 3151 3205 3204 
3 3151 3153 3205 
3 3153 3206 3205 
3 3206 3153 3155 
3 3182 3207 3156 
3 3206 3155 3157 
3 3157 3208 3206 
3 3208 3157 3183 
3 3183 3209 3208 
3 3127 3156 3207 
3 3207 3184 3127 
3 3209 3183 3158 
3 3158 3210 3209 
3 3210 3158 3185 
3 3184 3211 3186 
3 3210 3185 3187 
3 3211 3188 3186 
3 3162 3188 3211 
3 3211 3212 3162 
3 3189 3213 3214 
3 3214 3187 3189 
3 3190 3162 3212 
3 3191 3215 3213 
3 3213 3189 3191 
3 3193 3215 3191 
3 3190 3216 3192 
3 3194 3192 3216 
3 3195 3217 3193 
3 3196 3218 3197 
3 3218 3219 3197 
3 3195 3197 3219 
3 3219 3217 3195 
3 3220 3221 3198 
3 3220 3198 3199 
3 3172 3222 3199 
3 3222 3172 3173 
3 3173 3223 3222 
3 3223 3173 3200 
3 3224 3175 3171 
3 3171 3221 3224 
3 3171 3198 3221 
3 3176 3225 3200 
3 3178 3175 3224 
3 3224 3226 3178 
3 3225 3176 3201 
3 3201 3227 3225 
3 3201 3202 3227 
3 3178 3228 3181 
3 3229 3202 3203 
3 3229 3203 3204 
3 3204 3230 3229 
3 3230 3204 3205 
3 3231 3230 3205 
3 3205 3206 3231 
3 3206 3232 3231 
3 3207 3182 3233 
3 3232 3206 3208 
3 3233 3234 3207 
3 3232 3208 3209 
3 3184 3207 3234 
3 3234 3235 3184 
3 3211 3184 3235 
3 3187 3236 3210 
3 3236 3187 3214 
3 3237 3214 3213 
3 3237 3238 3214 
3 3214 3238 3236 
3 3190 3212 3239 
3 3213 3215 3237 
3 3239 3216 3190 
3 3240 3194 3216 
3 3241 3196 3194 
3 3194 3240 3241 
3 3218 3196 3241 
3 3218 3242 3219 
3 3217 3219 3242 
3 3220 3243 3244 
3 3244 3221 3220 
3 3243 3220 3199 
3 3199 3222 3243 
3 3200 3245 3223 
3 3244 3224 3221 
3 3244 3246 3224 
3 3245 3200 3225 
3 3226 3224 3246 
3 3227 3247 3225 
3 3227 3248 3247 
3 3226 3228 3178 
3 3248 3227 3202 
3 3248 3202 3229 
3 3229 3249 3248 
3 3182 3181 3228 
3 3228 3250 3182 
3 3249 3229 3230 
3 3233 3182 3250 
3 3251 3230 3231 
3 3232 3251 3231 
3 3251 3232 3209 
3 3252 3210 3236 
3 3211 3253 3212 
3 3254 3252 3236 
3 3239 3212 3253 
3 3238 3237 3254 
3 3236 3238 3254 
3 3253 3255 3239 
3 3215 3256 3237 
3 3216 3239 3255 
3 3256 3215 3193 
3 3216 3257 3240 
3 3193 3217 3258 
3 3193 3258 3256 
3 3241 3240 3257 
3 3217 3242 3259 
3 3259 3258 3217 
3 3260 3261 3244 
3 3260 3244 3243 
3 3243 3262 3260 
3 3262 3243 3222 
3 3222 3263 3262 
3 3263 3222 3223 
3 3263 3223 3245 
3 3246 3264 3265 
3 3246 3244 3261 
3 3261 3264 3246 
3 3225 3266 3245 
3 3265 3267 3226 
3 3265 3226 3246 
3 3266 3225 3247 
3 3248 3268 3247 
3 3267 3228 3226 
3 3249 3269 3248 
3 3249 3270 3269 
3 3271 3270 3249 
3 3249 3230 3271 
3 3230 3272 3271 
3 3272 3230 3251 
3 3250 3273 3233 
3 3251 3274 3272 
3 3234 3233 3273 
3 3274 3251 3209 
3 3209 3275 3274 
3 3275 3209 3210 
3 3235 3234 3276 
3 3275 3210 3277 
3 3211 3235 3276 
3 3276 3278 3211 
3 3252 3279 3277 
3 3210 3252 3277 
3 3280 3279 3252 
3 3211 3278 3281 
3 3211 3281 3253 
3 3252 3254 3280 
3 3254 3282 3280 
3 3237 3283 3284 
3 3282 3254 3237 
3 3237 3284 3282 
3 3255 3253 3281 
3 3281 3285 3255 
3 3283 3237 3256 
3 3216 3255 3285 
3 3285 3286 3216 
3 3258 3287 3256 
3 3257 3216 3286 
3 3258 3288 3289 
3 3289 3287 3258 
3 3257 3290 3241 
3 3218 3241 3290 
3 3290 3291 3218 
3 3242 3218 3291 
3 3291 3288 3242 
3 3259 3242 3288 
3 3258 3259 3288 
3 3292 3261 3260 
3 3262 3293 3260 
3 3293 3262 3263 
3 3263 3294 3293 
3 3263 3295 3294 
3 3295 3263 3245 
3 3245 3296 3295 
3 3292 3265 3264 
3 3292 3264 3261 
3 3296 3245 3266 
3 3267 3265 3297 
3 3247 3268 3266 
3 3248 3298 3268 
3 3297 3299 3228 
3 3228 3267 3297 
3 3298 3248 3269 
3 3270 3300 3269 
3 3250 3228 3299 
3 3299 3301 3250 
3 3300 3270 3271 
3 3271 3272 3300 
3 3273 3250 3301 
3 3301 3302 3273 
3 3274 3303 3272 
3 3273 3302 3304 
3 3274 3305 3303 
3 3234 3273 3304 
3 3305 3274 3275 
3 3276 3234 3306 
3 3306 3307 3276 
3 3308 3275 3277 
3 3278 3276 3307 
3 3308 3277 3279 
3 3307 3281 3278 
3 3280 3309 3279 
3 3309 3280 3282 
3 3309 3282 3284 
3 3281 3310 3285 
3 3311 3283 3256 
3 3256 3312 3311 
3 3286 3285 3310 
3 3310 3313 3286 
3 3287 3312 3256 
3 3257 3286 3313 
3 3257 3313 3314 
3 3288 3315 3316 
3 3289 3288 3316 
3 3314 3290 3257 
3 3317 3291 3290 
3 3290 3314 3317 
3 3288 3291 3317 
3 3317 3315 3288 
3 3318 3292 3260 
3 3260 3319 3318 
3 3319 3260 3293 
3 3293 3320 3319 
3 3293 3321 3320 
3 3293 3294 3322 
3 3322 3321 3293 
3 3294 3295 3322 
3 3265 3292 3318 
3 3318 3323 3265 
3 3266 3324 3296 
3 3297 3265 3323 
3 3324 3266 3268 
3 3268 3325 3324 
3 3268 3298 3325 
3 3298 3269 3326 
3 3326 3269 3300 
3 3300 3327 3326 
3 3327 3300 3272 
3 3299 3328 3301 
3 3329 3327 3272 
3 3328 3302 3301 
3 3272 3330 3329 
3 3330 3272 3303 
3 3303 3331 3330 
3 3332 3304 3302 
3 3331 3303 3305 
3 3304 3332 3234 
3 3306 3234 3332 
3 3333 3305 3275 
3 3275 3334 3333 
3 3332 3335 3306 
3 3334 3275 3308 
3 3308 3336 3334 
3 3335 3307 3306 
3 3336 3308 3279 
3 3279 3337 3336 
3 3281 3307 3335 
3 3335 3338 3281 
3 3337 3279 3309 
3 3284 3283 3339 
3 3284 3339 3309 
3 3339 3311 3312 
3 3283 3311 3339 
3 3310 3340 3313 
3 3340 3341 3313 
3 3314 3313 3341 
3 3314 3342 3317 
3 3314 3341 3342 
3 3315 3317 3342 
3 3342 3343 3316 
3 3316 3315 3342 
3 3289 3316 3343 
3 3343 3344 3289 
3 3287 3289 3344 
3 3321 3345 3320 
3 3322 3346 3321 
3 3346 3345 3321 
3 3347 3318 3319 
3 3319 3348 3347 
3 3320 3348 3319 
3 3322 3295 3346 
3 3346 3295 3296 
3 3296 3349 3346 
3 3323 3347 3350 
3 3323 3318 3347 
3 3349 3296 3324 
3 3324 3351 3349 
3 3350 3352 3297 
3 3350 3297 3323 
3 3351 3324 3325 
3 3325 3353 3351 
3 3352 3354 3297 
3 3353 3325 3298 
3 3354 3355 3356 
3 3356 3297 3354 
3 3299 3356 3355 
3 3356 3299 3297 
3 3355 3357 3299 
3 3328 3299 3357 
3 3329 3358 3327 
3 3302 3328 3357 
3 3330 3358 3329 
3 3357 3359 3302 
3 3332 3302 3359 
3 3360 3331 3333 
3 3331 3305 3333 
3 3334 3361 3333 
3 3335 3332 3362 
3 3334 3336 3361 
3 3362 3363 3335 
3 3361 3336 3337 
3 3338 3335 3363 
3 3337 3364 3365 
3 3363 3366 3338 
3 3309 3367 3364 
3 3364 3337 3309 
3 3281 3338 3366 
3 3368 3367 3339 
3 3367 3309 3339 
3 3310 3281 3366 
3 3366 3369 3310 
3 3339 3370 3368 
3 3371 3340 3310 
3 3310 3369 3371 
3 3370 3287 3344 
3 3344 3372 3370 
3 3312 3287 3370 
3 3370 3339 3312 
3 3373 3341 3340 
3 3340 3371 3373 
3 3373 3374 3341 
3 3342 3341 3374 
3 3374 3343 3342 
3 3343 3372 3344 
3 3320 3375 3348 
3 3375 3320 3345 
3 3345 3376 3375 
3 3376 3345 3346 
3 3346 3377 3376 
3 3347 3348 3378 
3 3349 3379 3346 
3 3378 3380 3350 
3 3378 3350 3347 
3 3379 3349 3351 
3 3351 3381 3379 
3 3352 3350 3380 
3 3381 3351 3353 
3 3353 3382 3381 
3 3380 3354 3352 
3 3382 3353 3298 
3 3298 3383 3382 
3 3298 3384 3383 
3 3326 3384 3298 
3 3354 3357 3355 
3 3326 3327 3385 
3 3327 3386 3385 
3 3386 3327 3358 
3 3359 3357 3387 
3 3358 3330 3331 
3 3331 3360 3358 
3 3332 3359 3387 
3 3387 3388 3332 
3 3362 3332 3388 
3 3388 3389 3362 
3 3360 3333 3361 
3 3361 3390 3360 
3 3389 3363 3362 
3 3390 3361 3337 
3 3337 3365 3390 
3 3391 3365 3364 
3 3366 3363 3389 
3 3389 3392 3366 
3 3391 3364 3367 
3 3369 3366 3392 
3 3392 3393 3369 
3 3371 3369 3393 
3 3373 3394 3374 
3 3343 3374 3394 
3 3394 3395 3343 
3 3372 3343 3395 
3 3396 3397 3348 
3 3396 3348 3375 
3 3375 3376 3396 
3 3346 3398 3377 
3 3397 3378 3348 
3 3398 3346 3379 
3 3379 3399 3398 
3 3378 3400 3380 
3 3399 3379 3381 
3 3381 3401 3399 
3 3400 3402 3380 
3 3401 3381 3382 
3 3382 3403 3401 
3 3354 3380 3402 
3 3403 3382 3383 
3 3383 3404 3403 
3 3404 3383 3384 
3 3404 3384 3326 
3 3354 3405 3357 
3 3326 3406 3404 
3 3406 3326 3385 
3 3405 3407 3357 
3 3386 3408 3385 
3 3386 3358 3408 
3 3387 3357 3407 
3 3360 3409 3358 
3 3360 3410 3409 
3 3410 3360 3390 
3 3410 3390 3411 
3 3365 3412 3411 
3 3365 3391 3412 
3 3390 3365 3411 
3 3392 3389 3413 
3 3367 3414 3415 
3 3391 3367 3415 
3 3416 3367 3368 
3 3368 3417 3416 
3 3367 3416 3414 
3 3418 3393 3392 
3 3370 3419 3417 
3 3417 3368 3370 
3 3420 3371 3393 
3 3393 3418 3420 
3 3420 3421 3371 
3 3370 3372 3422 
3 3422 3419 3370 
3 3373 3371 3421 
3 3394 3373 3421 
3 3395 3422 3372 
3 3423 3424 3397 
3 3396 3425 3423 
3 3423 3397 3396 
3 3425 3396 3376 
3 3376 3426 3425 
3 3426 3376 3377 
3 3377 3427 3426 
3 3427 3377 3398 
3 3428 3427 3398 
3 3397 3424 3429 
3 3429 3378 3397 
3 3398 3399 3428 
3 3430 3428 3399 
3 3378 3429 3400 
3 3399 3401 3430 
3 3401 3431 3430 
3 3432 3402 3400 
3 3431 3401 3403 
3 3403 3433 3431 
3 3354 3402 3434 
3 3432 3434 3402 
3 3433 3403 3404 
3 3434 3435 3354 
3 3405 3354 3435 
3 3406 3436 3404 
3 3435 3437 3405 
3 3436 3406 3385 
3 3385 3408 3436 
3 3437 3407 3405 
3 3358 3409 3408 
3 3387 3407 3437 
3 3437 3438 3387 
3 3388 3387 3438 
3 3438 3439 3388 
3 3410 3440 3409 
3 3389 3388 3439 
3 3410 3441 3440 
3 3439 3413 3389 
3 3441 3410 3411 
3 3412 3442 3441 
3 3441 3411 3412 
3 3412 3391 3442 
3 3392 3413 3443 
3 3444 3415 3414 
3 3391 3415 3442 
3 3415 3444 3442 
3 3444 3416 3417 
3 3417 3445 3444 
3 3444 3414 3416 
3 3418 3392 3443 
3 3419 3445 3417 
3 3422 3446 3447 
3 3447 3448 3422 
3 3419 3422 3448 
3 3421 3449 3394 
3 3449 3450 3394 
3 3395 3394 3450 
3 3450 3451 3395 
3 3451 3446 3395 
3 3422 3395 3446 
3 3452 3424 3423 
3 3426 3453 3425 
3 3453 3426 3427 
3 3427 3454 3453 
3 3454 3427 3428 
3 3428 3455 3454 
3 3452 3429 3424 
3 3452 3456 3429 
3 3428 3457 3455 
3 3457 3428 3430 
3 3400 3429 3456 
3 3456 3432 3400 
3 3430 3431 3458 
3 3458 3457 3430 
3 3433 3458 3431 
3 3432 3435 3434 
3 3404 3459 3433 
3 3459 3404 3436 
3 3435 3460 3437 
3 3460 3461 3437 
3 3437 3461 3462 
3 3436 3408 3409 
3 3438 3437 3462 
3 3463 3409 3440 
3 3438 3464 3439 
3 3440 3441 3465 
3 3413 3439 3464 
3 3464 3466 3413 
3 3466 3443 3413 
3 3444 3467 3468 
3 3444 3468 3442 
3 3445 3467 3444 
3 3448 3445 3419 
3 3469 3420 3418 
3 3421 3420 3469 
3 3469 3470 3421 
3 3446 3471 3472 
3 3472 3448 3447 
3 3447 3446 3472 
3 3449 3421 3470 
3 3470 3473 3449 
3 3450 3449 3473 
3 3473 3471 3450 
3 3451 3450 3471 
3 3446 3451 3471 
3 3423 3474 3452 
3 3475 3423 3425 
3 3475 3474 3423 
3 3475 3425 3453 
3 3453 3476 3475 
3 3453 3454 3477 
3 3477 3476 3453 
3 3477 3454 3455 
3 3455 3478 3477 
3 3478 3455 3457 
3 3479 3457 3458 
3 3458 3433 3479 
3 3480 3481 3432 
3 3481 3435 3432 
3 3481 3482 3435 
3 3483 3433 3459 
3 3459 3436 3484 
3 3460 3435 3482 
3 3482 3461 3460 
3 3436 3485 3484 
3 3485 3436 3409 
3 3409 3486 3485 
3 3461 3487 3462 
3 3438 3462 3487 
3 3487 3488 3438 
3 3486 3409 3463 
3 3438 3488 3489 
3 3486 3463 3440 
3 3440 3490 3486 
3 3438 3489 3464 
3 3490 3440 3465 
3 3489 3466 3464 
3 3441 3491 3465 
3 3491 3441 3442 
3 3442 3492 3491 
3 3442 3468 3492 
3 3445 3493 3494 
3 3467 3445 3494 
3 3495 3496 3443 
3 3496 3418 3443 
3 3445 3448 3493 
3 3469 3418 3496 
3 3496 3497 3469 
3 3470 3469 3497 
3 3497 3498 3470 
3 3473 3470 3498 
3 3498 3499 3473 
3 3471 3473 3499 
3 3500 3475 3476 
3 3476 3501 3500 
3 3502 3452 3474 
3 3474 3475 3500 
3 3501 3476 3477 
3 3477 3503 3501 
3 3503 3477 3478 
3 3456 3452 3502 
3 3457 3479 3478 
3 3504 3432 3456 
3 3480 3432 3504 
3 3433 3505 3479 
3 3505 3433 3483 
3 3459 3506 3483 
3 3506 3459 3484 
3 3482 3507 3461 
3 3485 3508 3484 
3 3507 3509 3461 
3 3508 3485 3486 
3 3486 3510 3508 
3 3487 3461 3509 
3 3486 3511 3510 
3 3488 3487 3509 
3 3489 3488 3509 
3 3509 3512 3489 
3 3511 3486 3490 
3 3511 3490 3465 
3 3465 3513 3511 
3 3465 3514 3513 
3 3489 3512 3515 
3 3489 3515 3466 
3 3514 3465 3491 
3 3515 3443 3466 
3 3514 3491 3492 
3 3492 3516 3514 
3 3516 3492 3468 
3 3515 3517 3443 
3 3518 3516 3468 
3 3468 3467 3518 
3 3495 3443 3517 
3 3517 3519 3495 
3 3518 3494 3493 
3 3493 3520 3518 
3 3467 3494 3518 
3 3496 3495 3519 
3 3519 3521 3496 
3 3522 3523 3493 
3 3493 3448 3522 
3 3523 3520 3493 
3 3497 3496 3521 
3 3497 3524 3498 
3 3499 3498 3524 
3 3525 3499 3524 
3 3525 3526 3472 
3 3448 3472 3526 
3 3526 3522 3448 
3 3499 3525 3471 
3 3472 3471 3525 
3 3501 3527 3500 
3 3501 3528 3527 
3 3529 3502 3474 
3 3529 3474 3500 
3 3528 3501 3503 
3 3503 3530 3528 
3 3530 3503 3478 
3 3478 3531 3530 
3 3532 3504 3456 
3 3502 3532 3456 
3 3531 3478 3479 
3 3479 3533 3531 
3 3533 3479 3505 
3 3505 3534 3533 
3 3534 3505 3483 
3 3483 3535 3534 
3 3482 3481 3480 
3 3480 3536 3482 
3 3535 3483 3506 
3 3484 3537 3506 
3 3507 3482 3536 
3 3537 3484 3508 
3 3507 3538 3509 
3 3537 3508 3510 
3 3538 3539 3509 
3 3511 3540 3510 
3 3511 3541 3540 
3 3512 3509 3539 
3 3541 3511 3513 
3 3512 3542 3515 
3 3514 3543 3513 
3 3516 3543 3514 
3 3542 3544 3515 
3 3516 3518 3545 
3 3517 3515 3544 
3 3544 3519 3517 
3 3518 3520 3523 
3 3546 3521 3519 
3 3522 3547 3523 
3 3548 3497 3521 
3 3521 3546 3548 
3 3524 3497 3548 
3 3548 3549 3524 
3 3525 3524 3549 
3 3526 3525 3549 
3 3549 3550 3526 
3 3550 3547 3526 
3 3522 3526 3547 
3 3529 3551 3552 
3 3551 3529 3500 
3 3551 3500 3527 
3 3528 3553 3527 
3 3552 3502 3529 
3 3552 3554 3502 
3 3528 3530 3555 
3 3555 3553 3528 
3 3555 3530 3531 
3 3531 3556 3555 
3 3532 3554 3557 
3 3557 3504 3532 
3 3532 3502 3554 
3 3531 3558 3556 
3 3531 3559 3558 
3 3559 3531 3533 
3 3480 3504 3557 
3 3559 3533 3534 
3 3534 3560 3559 
3 3560 3534 3535 
3 3535 3561 3560 
3 3561 3535 3506 
3 3561 3506 3537 
3 3537 3562 3561 
3 3536 3538 3507 
3 3563 3537 3510 
3 3563 3510 3540 
3 3540 3564 3563 
3 3538 3565 3539 
3 3564 3540 3541 
3 3512 3539 3565 
3 3542 3512 3565 
3 3565 3566 3542 
3 3543 3567 3568 
3 3543 3568 3513 
3 3566 3569 3542 
3 3567 3543 3516 
3 3516 3545 3567 
3 3544 3542 3569 
3 3569 3570 3544 
3 3519 3544 3570 
3 3518 3571 3545 
3 3523 3572 3571 
3 3518 3523 3571 
3 3546 3519 3570 
3 3547 3572 3523 
3 3546 3573 3548 
3 3573 3574 3548 
3 3549 3548 3574 
3 3550 3549 3574 
3 3574 3575 3550 
3 3547 3550 3575 
3 3576 3552 3551 
3 3551 3527 3576 
3 3553 3577 3527 
3 3554 3552 3576 
3 3576 3578 3554 
3 3579 3553 3555 
3 3555 3580 3579 
3 3580 3555 3556 
3 3554 3581 3557 
3 3580 3556 3558 
3 3581 3582 3557 
3 3480 3557 3582 
3 3558 3559 3560 
3 3582 3583 3480 
3 3583 3536 3480 
3 3583 3584 3536 
3 3585 3536 3584 
3 3536 3585 3538 
3 3586 3587 3562 
3 3562 3588 3586 
3 3562 3537 3588 
3 3563 3588 3537 
3 3586 3588 3589 
3 3563 3589 3588 
3 3563 3564 3589 
3 3565 3538 3585 
3 3564 3541 3589 
3 3541 3513 3590 
3 3568 3591 3590 
3 3568 3567 3591 
3 3513 3568 3590 
3 3591 3567 3545 
3 3566 3592 3569 
3 3592 3570 3569 
3 3545 3593 3591 
3 3593 3545 3571 
3 3572 3594 3571 
3 3546 3570 3595 
3 3547 3575 3596 
3 3596 3597 3547 
3 3572 3547 3597 
3 3597 3594 3572 
3 3573 3598 3574 
3 3598 3599 3574 
3 3599 3600 3574 
3 3575 3574 3600 
3 3601 3576 3527 
3 3527 3577 3601 
3 3553 3602 3577 
3 3602 3553 3579 
3 3579 3603 3602 
3 3604 3554 3578 
3 3603 3579 3580 
3 3580 3558 3603 
3 3581 3554 3604 
3 3604 3605 3581 
3 3605 3606 3582 
3 3582 3581 3605 
3 3606 3607 3582 
3 3608 3558 3560 
3 3583 3582 3607 
3 3609 3560 3561 
3 3607 3610 3583 
3 3609 3561 3562 
3 3562 3611 3609 
3 3584 3583 3610 
3 3610 3612 3584 
3 3611 3562 3587 
3 3585 3584 3612 
3 3611 3587 3586 
3 3586 3613 3611 
3 3612 3614 3585 
3 3613 3586 3589 
3 3615 3613 3589 
3 3565 3585 3614 
3 3614 3616 3565 
3 3615 3589 3541 
3 3541 3617 3615 
3 3617 3541 3590 
3 3616 3618 3565 
3 3590 3619 3620 
3 3590 3620 3617 
3 3566 3565 3618 
3 3619 3590 3591 
3 3618 3592 3566 
3 3593 3621 3591 
3 3622 3621 3593 
3 3593 3571 3622 
3 3592 3595 3570 
3 3594 3622 3571 
3 3595 3623 3546 
3 3573 3546 3623 
3 3623 3624 3573 
3 3625 3594 3596 
3 3596 3575 3625 
3 3597 3596 3594 
3 3598 3573 3624 
3 3575 3600 3625 
3 3626 3604 3627 
3 3576 3628 3626 
3 3626 3627 3576 
3 3628 3576 3601 
3 3601 3629 3628 
3 3629 3601 3577 
3 3577 3630 3629 
3 3630 3577 3602 
3 3578 3627 3604 
3 3627 3578 3576 
3 3603 3558 3631 
3 3632 3633 3605 
3 3605 3604 3632 
3 3634 3631 3558 
3 3606 3605 3633 
3 3633 3635 3606 
3 3634 3558 3608 
3 3607 3606 3635 
3 3560 3636 3608 
3 3636 3560 3609 
3 3607 3637 3610 
3 3612 3610 3637 
3 3637 3638 3612 
3 3638 3614 3612 
3 3639 3611 3613 
3 3640 3613 3615 
3 3615 3641 3640 
3 3615 3642 3641 
3 3614 3643 3616 
3 3642 3615 3617 
3 3642 3617 3644 
3 3616 3643 3618 
3 3620 3619 3644 
3 3617 3620 3644 
3 3591 3645 3646 
3 3591 3646 3644 
3 3644 3619 3591 
3 3591 3647 3645 
3 3621 3647 3591 
3 3622 3648 3621 
3 3595 3592 3649 
3 3649 3650 3595 
3 3594 3648 3622 
3 3623 3595 3650 
3 3650 3651 3623 
3 3624 3623 3651 
3 3625 3652 3594 
3 3624 3653 3598 
3 3599 3598 3653 
3 3653 3654 3599 
3 3600 3599 3654 
3 3654 3655 3600 
3 3655 3625 3600 
3 3626 3656 3604 
3 3629 3657 3628 
3 3629 3658 3657 
3 3658 3629 3630 
3 3630 3659 3658 
3 3630 3660 3659 
3 3660 3630 3602 
3 3660 3602 3603 
3 3603 3661 3660 
3 3604 3656 3662 
3 3662 3632 3604 
3 3661 3603 3631 
3 3632 3662 3663 
3 3663 3633 3632 
3 3634 3664 3631 
3 3663 3665 3633 
3 3665 3635 3633 
3 3664 3634 3608 
3 3666 3664 3608 
3 3607 3635 3665 
3 3608 3636 3667 
3 3667 3666 3608 
3 3668 3667 3636 
3 3636 3609 3668 
3 3607 3638 3637 
3 3609 3611 3668 
3 3611 3669 3668 
3 3611 3670 3669 
3 3611 3639 3670 
3 3670 3639 3613 
3 3638 3671 3614 
3 3670 3613 3640 
3 3640 3672 3670 
3 3672 3640 3641 
3 3641 3673 3672 
3 3671 3674 3614 
3 3673 3641 3642 
3 3643 3614 3674 
3 3674 3675 3643 
3 3618 3643 3675 
3 3644 3676 3642 
3 3677 3646 3645 
3 3676 3644 3646 
3 3646 3677 3676 
3 3592 3618 3675 
3 3677 3645 3647 
3 3675 3649 3592 
3 3648 3678 3679 
3 3648 3679 3621 
3 3678 3594 3652 
3 3652 3680 3678 
3 3648 3594 3678 
3 3651 3681 3624 
3 3625 3655 3682 
3 3652 3625 3682 
3 3682 3680 3652 
3 3624 3681 3653 
3 3683 3654 3653 
3 3653 3681 3683 
3 3655 3654 3683 
3 3657 3684 3685 
3 3684 3657 3658 
3 3658 3686 3684 
3 3686 3658 3659 
3 3687 3686 3659 
3 3688 3689 3656 
3 3626 3685 3688 
3 3688 3656 3626 
3 3685 3626 3628 
3 3685 3628 3657 
3 3659 3660 3687 
3 3660 3661 3687 
3 3689 3662 3656 
3 3689 3690 3662 
3 3690 3691 3663 
3 3663 3662 3690 
3 3692 3693 3631 
3 3692 3631 3664 
3 3665 3663 3691 
3 3692 3664 3666 
3 3665 3694 3607 
3 3667 3695 3666 
3 3695 3667 3668 
3 3638 3607 3694 
3 3694 3696 3638 
3 3668 3669 3695 
3 3696 3697 3638 
3 3671 3638 3697 
3 3697 3698 3671 
3 3669 3670 3672 
3 3672 3699 3669 
3 3698 3700 3671 
3 3699 3672 3673 
3 3674 3671 3700 
3 3673 3701 3699 
3 3701 3673 3642 
3 3642 3702 3701 
3 3676 3703 3702 
3 3702 3642 3676 
3 3703 3676 3677 
3 3677 3704 3703 
3 3704 3677 3647 
3 3705 3647 3621 
3 3647 3705 3704 
3 3706 3707 3679 
3 3679 3678 3706 
3 3705 3621 3679 
3 3679 3707 3705 
3 3708 3650 3649 
3 3680 3706 3678 
3 3709 3651 3650 
3 3650 3708 3709 
3 3681 3651 3709 
3 3709 3710 3681 
3 3681 3711 3683 
3 3681 3710 3711 
3 3655 3683 3711 
3 3682 3655 3711 
3 3711 3712 3682 
3 3680 3682 3712 
3 3713 3685 3684 
3 3684 3714 3713 
3 3714 3684 3686 
3 3686 3715 3714 
3 3686 3687 3715 
3 3689 3688 3716 
3 3716 3717 3689 
3 3716 3688 3685 
3 3685 3713 3716 
3 3687 3661 3715 
3 3661 3718 3715 
3 3690 3717 3719 
3 3690 3689 3717 
3 3718 3661 3631 
3 3718 3631 3693 
3 3719 3720 3690 
3 3720 3691 3690 
3 3721 3722 3665 
3 3665 3691 3720 
3 3720 3721 3665 
3 3723 3692 3666 
3 3694 3665 3722 
3 3695 3723 3666 
3 3696 3694 3724 
3 3724 3725 3696 
3 3726 3695 3669 
3 3697 3696 3725 
3 3725 3727 3697 
3 3669 3728 3726 
3 3697 3727 3698 
3 3728 3669 3699 
3 3700 3698 3727 
3 3727 3729 3700 
3 3699 3730 3728 
3 3730 3699 3701 
3 3674 3700 3729 
3 3729 3731 3674 
3 3675 3674 3731 
3 3730 3701 3702 
3 3702 3732 3730 
3 3732 3702 3703 
3 3703 3704 3732 
3 3675 3733 3649 
3 3734 3704 3705 
3 3706 3735 3734 
3 3707 3706 3734 
3 3705 3707 3734 
3 3733 3736 3649 
3 3708 3649 3736 
3 3736 3737 3708 
3 3712 3735 3680 
3 3706 3680 3735 
3 3709 3708 3737 
3 3737 3738 3709 
3 3710 3709 3738 
3 3738 3739 3710 
3 3711 3710 3739 
3 3739 3740 3711 
3 3740 3712 3711 
3 3713 3741 3742 
3 3741 3713 3714 
3 3714 3743 3741 
3 3743 3714 3715 
3 3715 3744 3743 
3 3716 3742 3717 
3 3742 3716 3713 
3 3744 3715 3718 
3 3717 3745 3719 
3 3746 3718 3693 
3 3746 3693 3692 
3 3745 3720 3719 
3 3692 3747 3746 
3 3745 3748 3721 
3 3748 3722 3721 
3 3745 3721 3720 
3 3747 3692 3723 
3 3723 3749 3747 
3 3694 3722 3748 
3 3748 3750 3694 
3 3749 3723 3695 
3 3724 3694 3750 
3 3750 3751 3724 
3 3726 3752 3695 
3 3725 3724 3751 
3 3727 3725 3751 
3 3753 3726 3728 
3 3751 3754 3727 
3 3729 3727 3754 
3 3755 3729 3754 
3 3729 3755 3731 
3 3675 3731 3755 
3 3675 3755 3733 
3 3704 3756 3732 
3 3704 3734 3756 
3 3735 3757 3758 
3 3734 3735 3758 
3 3712 3759 3760 
3 3735 3712 3760 
3 3760 3757 3735 
3 3737 3761 3738 
3 3739 3738 3761 
3 3761 3762 3739 
3 3740 3739 3762 
3 3740 3759 3712 
3 3741 3763 3742 
3 3741 3764 3763 
3 3764 3741 3743 
3 3743 3765 3764 
3 3765 3743 3744 
3 3766 3767 3717 
3 3742 3766 3717 
3 3744 3768 3765 
3 3768 3744 3718 
3 3718 3746 3768 
3 3745 3717 3767 
3 3769 3746 3747 
3 3745 3750 3748 
3 3769 3747 3749 
3 3749 3770 3769 
3 3770 3749 3695 
3 3770 3695 3752 
3 3750 3771 3751 
3 3726 3753 3752 
3 3754 3751 3771 
3 3772 3753 3728 
3 3772 3728 3730 
3 3754 3773 3755 
3 3774 3730 3732 
3 3775 3732 3756 
3 3775 3756 3734 
3 3734 3776 3775 
3 3734 3777 3776 
3 3777 3758 3757 
3 3757 3778 3777 
3 3734 3758 3777 
3 3736 3779 3737 
3 3779 3761 3737 
3 3759 3780 3781 
3 3781 3778 3760 
3 3760 3759 3781 
3 3757 3760 3778 
3 3761 3782 3762 
3 3782 3783 3762 
3 3740 3762 3783 
3 3783 3780 3740 
3 3759 3740 3780 
3 3784 3785 3742 
3 3784 3742 3763 
3 3764 3786 3763 
3 3764 3787 3786 
3 3787 3764 3765 
3 3765 3788 3787 
3 3766 3785 3767 
3 3766 3742 3785 
3 3765 3768 3788 
3 3789 3788 3768 
3 3746 3789 3768 
3 3790 3789 3746 
3 3791 3745 3767 
3 3790 3746 3769 
3 3791 3792 3750 
3 3750 3745 3791 
3 3792 3793 3750 
3 3794 3770 3752 
3 3771 3750 3793 
3 3752 3795 3794 
3 3793 3796 3771 
3 3752 3753 3795 
3 3797 3795 3753 
3 3754 3771 3796 
3 3797 3753 3772 
3 3796 3798 3754 
3 3730 3799 3772 
3 3798 3800 3754 
3 3773 3754 3800 
3 3800 3801 3773 
3 3799 3730 3774 
3 3801 3755 3773 
3 3774 3732 3775 
3 3733 3755 3801 
3 3801 3802 3733 
3 3776 3803 3775 
3 3802 3804 3733 
3 3776 3777 3805 
3 3776 3805 3803 
3 3736 3733 3804 
3 3804 3806 3736 
3 3778 3805 3777 
3 3779 3736 3806 
3 3779 3782 3761 
3 3781 3780 3807 
3 3780 3783 3808 
3 3808 3807 3780 
3 3786 3809 3810 
3 3809 3786 3787 
3 3811 3809 3787 
3 3812 3785 3784 
3 3784 3810 3812 
3 3810 3784 3763 
3 3810 3763 3786 
3 3811 3787 3788 
3 3788 3813 3811 
3 3814 3815 3767 
3 3812 3767 3785 
3 3812 3814 3767 
3 3813 3788 3789 
3 3789 3790 3813 
3 3791 3767 3815 
3 3769 3816 3790 
3 3791 3817 3792 
3 3816 3769 3770 
3 3770 3794 3816 
3 3793 3792 3817 
3 3817 3818 3793 
3 3794 3795 3819 
3 3796 3793 3818 
3 3795 3797 3819 
3 3818 3820 3796 
3 3798 3796 3820 
3 3820 3821 3798 
3 3772 3822 3797 
3 3822 3772 3799 
3 3799 3823 3822 
3 3800 3798 3821 
3 3821 3824 3800 
3 3823 3799 3825 
3 3801 3800 3824 
3 3799 3774 3825 
3 3824 3826 3801 
3 3775 3827 3825 
3 3825 3774 3775 
3 3802 3801 3826 
3 3803 3828 3827 
3 3775 3803 3827 
3 3802 3829 3804 
3 3805 3830 3831 
3 3828 3803 3805 
3 3805 3831 3828 
3 3804 3829 3806 
3 3778 3830 3805 
3 3832 3779 3806 
3 3779 3833 3782 
3 3779 3832 3833 
3 3807 3834 3781 
3 3778 3781 3834 
3 3783 3782 3833 
3 3833 3835 3783 
3 3808 3783 3835 
3 3835 3836 3808 
3 3808 3836 3807 
3 3809 3837 3810 
3 3809 3838 3837 
3 3838 3809 3811 
3 3839 3812 3810 
3 3811 3840 3838 
3 3840 3811 3813 
3 3814 3841 3842 
3 3842 3815 3814 
3 3814 3812 3841 
3 3840 3813 3790 
3 3790 3843 3840 
3 3844 3791 3815 
3 3843 3790 3816 
3 3817 3791 3844 
3 3844 3845 3817 
3 3846 3816 3794 
3 3847 3818 3817 
3 3846 3794 3819 
3 3847 3848 3818 
3 3797 3849 3819 
3 3820 3818 3848 
3 3850 3849 3797 
3 3820 3848 3821 
3 3850 3797 3851 
3 3822 3851 3797 
3 3848 3852 3821 
3 3851 3822 3823 
3 3824 3821 3852 
3 3823 3825 3851 
3 3852 3853 3824 
3 3826 3824 3853 
3 3853 3854 3826 
3 3825 3827 3855 
3 3802 3826 3854 
3 3854 3829 3802 
3 3827 3856 3855 
3 3856 3827 3828 
3 3830 3856 3831 
3 3856 3828 3831 
3 3857 3806 3829 
3 3857 3832 3806 
3 3834 3858 3859 
3 3778 3834 3859 
3 3830 3778 3859 
3 3832 3860 3833 
3 3835 3833 3860 
3 3860 3861 3835 
3 3836 3835 3861 
3 3861 3862 3807 
3 3807 3836 3861 
3 3834 3807 3862 
3 3862 3858 3834 
3 3810 3837 3839 
3 3838 3863 3837 
3 3864 3863 3838 
3 3812 3865 3866 
3 3866 3841 3812 
3 3865 3812 3839 
3 3838 3840 3864 
3 3840 3867 3864 
3 3866 3842 3841 
3 3867 3840 3843 
3 3844 3815 3842 
3 3816 3868 3843 
3 3845 3844 3869 
3 3816 3846 3868 
3 3869 3870 3845 
3 3847 3845 3870 
3 3845 3847 3817 
3 3819 3871 3846 
3 3871 3819 3849 
3 3847 3872 3848 
3 3852 3848 3872 
3 3872 3873 3852 
3 3851 3874 3850 
3 3873 3875 3852 
3 3874 3851 3825 
3 3825 3876 3874 
3 3852 3875 3853 
3 3876 3825 3877 
3 3875 3878 3853 
3 3878 3854 3853 
3 3877 3825 3855 
3 3878 3879 3854 
3 3879 3829 3854 
3 3880 3877 3855 
3 3855 3856 3880 
3 3881 3830 3859 
3 3881 3880 3856 
3 3856 3830 3881 
3 3829 3882 3857 
3 3832 3857 3882 
3 3859 3858 3883 
3 3832 3884 3860 
3 3861 3860 3884 
3 3884 3885 3861 
3 3862 3861 3885 
3 3885 3886 3862 
3 3887 3883 3858 
3 3858 3862 3887 
3 3862 3886 3887 
3 3839 3888 3865 
3 3888 3839 3837 
3 3837 3889 3888 
3 3889 3837 3863 
3 3864 3890 3863 
3 3891 3892 3866 
3 3865 3891 3866 
3 3890 3864 3867 
3 3867 3893 3890 
3 3867 3894 3893 
3 3842 3866 3892 
3 3894 3867 3843 
3 3843 3895 3894 
3 3896 3897 3844 
3 3844 3842 3892 
3 3892 3896 3844 
3 3843 3868 3895 
3 3869 3844 3897 
3 3897 3898 3869 
3 3846 3899 3868 
3 3870 3869 3898 
3 3898 3900 3870 
3 3847 3870 3900 
3 3899 3846 3871 
3 3871 3901 3899 
3 3871 3902 3901 
3 3871 3903 3902 
3 3872 3847 3904 
3 3903 3871 3849 
3 3849 3905 3903 
3 3905 3849 3850 
3 3873 3872 3906 
3 3905 3850 3874 
3 3874 3876 3905 
3 3875 3873 3906 
3 3877 3907 3876 
3 3879 3878 3908 
3 3907 3877 3880 
3 3880 3909 3907 
3 3829 3879 3908 
3 3909 3880 3881 
3 3881 3910 3909 
3 3908 3911 3829 
3 3912 3910 3881 
3 3881 3859 3912 
3 3882 3829 3911 
3 3911 3913 3882 
3 3832 3882 3913 
3 3914 3915 3883 
3 3883 3916 3914 
3 3883 3887 3916 
3 3859 3883 3915 
3 3915 3912 3859 
3 3913 3917 3832 
3 3884 3832 3917 
3 3917 3918 3884 
3 3885 3884 3918 
3 3918 3919 3885 
3 3886 3885 3916 
3 3885 3919 3916 
3 3887 3886 3916 
3 3865 3920 3921 
3 3920 3865 3888 
3 3922 3888 3889 
3 3922 3920 3888 
3 3923 3922 3889 
3 3923 3889 3863 
3 3863 3924 3923 
3 3890 3925 3863 
3 3925 3924 3863 
3 3891 3921 3926 
3 3926 3892 3891 
3 3891 3865 3921 
3 3890 3893 3925 
3 3894 3927 3893 
3 3927 3925 3893 
3 3892 3926 3928 
3 3895 3927 3894 
3 3928 3929 3896 
3 3929 3897 3896 
3 3928 3896 3892 
3 3930 3895 3868 
3 3931 3897 3929 
3 3931 3898 3897 
3 3868 3899 3930 
3 3899 3901 3932 
3 3901 3933 3932 
3 3904 3847 3900 
3 3934 3933 3901 
3 3901 3902 3934 
3 3903 3934 3902 
3 3905 3934 3903 
3 3906 3872 3904 
3 3904 3935 3906 
3 3875 3906 3935 
3 3935 3936 3875 
3 3878 3875 3936 
3 3907 3937 3876 
3 3908 3878 3938 
3 3910 3939 3909 
3 3908 3940 3911 
3 3912 3939 3910 
3 3913 3911 3940 
3 3940 3941 3913 
3 3913 3941 3917 
3 3914 3916 3942 
3 3915 3914 3942 
3 3912 3915 3942 
3 3917 3943 3918 
3 3943 3944 3918 
3 3919 3918 3944 
3 3919 3944 3942 
3 3916 3919 3942 
3 3920 3945 3946 
3 3945 3920 3922 
3 3923 3947 3922 
3 3947 3945 3922 
3 3947 3923 3924 
3 3921 3948 3949 
3 3946 3921 3920 
3 3946 3948 3921 
3 3925 3950 3924 
3 3949 3926 3921 
3 3949 3951 3926 
3 3950 3925 3927 
3 3927 3952 3950 
3 3928 3926 3951 
3 3952 3927 3895 
3 3928 3953 3929 
3 3953 3931 3929 
3 3899 3954 3930 
3 3931 3900 3898 
3 3954 3899 3932 
3 3932 3955 3954 
3 3955 3932 3933 
3 3904 3900 3956 
3 3956 3957 3904 
3 3958 3933 3934 
3 3934 3905 3958 
3 3957 3959 3904 
3 3935 3904 3959 
3 3905 3960 3958 
3 3959 3961 3935 
3 3936 3935 3961 
3 3905 3962 3960 
3 3905 3876 3962 
3 3961 3963 3936 
3 3878 3936 3963 
3 3937 3907 3962 
3 3876 3937 3962 
3 3938 3878 3963 
3 3909 3964 3962 
3 3962 3907 3909 
3 3938 3965 3908 
3 3966 3964 3909 
3 3909 3939 3966 
3 3940 3908 3965 
3 3967 3968 3912 
3 3968 3966 3939 
3 3939 3912 3968 
3 3941 3940 3969 
3 3970 3917 3941 
3 3941 3969 3970 
3 3971 3972 3942 
3 3942 3972 3967 
3 3912 3942 3967 
3 3973 3943 3917 
3 3917 3970 3973 
3 3944 3943 3973 
3 3973 3974 3944 
3 3974 3971 3944 
3 3942 3944 3971 
3 3946 3975 3948 
3 3975 3946 3945 
3 3945 3976 3975 
3 3976 3945 3947 
3 3924 3977 3947 
3 3948 3978 3949 
3 3924 3950 3977 
3 3951 3978 3979 
3 3951 3949 3978 
3 3979 3980 3951 
3 3980 3928 3951 
3 3953 3928 3980 
3 3952 3895 3930 
3 3930 3981 3952 
3 3981 3930 3954 
3 3900 3931 3953 
3 3953 3982 3900 
3 3982 3956 3900 
3 3982 3983 3956 
3 3933 3984 3955 
3 3957 3956 3983 
3 3984 3933 3958 
3 3959 3957 3983 
3 3983 3985 3959 
3 3961 3959 3985 
3 3985 3986 3961 
3 3960 3962 3987 
3 3963 3961 3986 
3 3986 3988 3963 
3 3962 3989 3987 
3 3990 3938 3963 
3 3991 3962 3964 
3 3938 3992 3965 
3 3993 3994 3966 
3 3966 3968 3993 
3 3994 3964 3966 
3 3940 3965 3992 
3 3992 3995 3940 
3 3969 3940 3995 
3 3967 3993 3968 
3 3995 3996 3969 
3 3970 3969 3996 
3 3970 3997 3973 
3 3970 3996 3997 
3 3974 3973 3997 
3 3997 3998 3971 
3 3971 3974 3997 
3 3972 3971 3998 
3 3999 3948 3975 
3 3975 4000 3999 
3 4000 3975 3976 
3 3976 4001 4000 
3 4001 3976 3947 
3 4001 3947 3977 
3 3977 4002 4001 
3 3978 3948 3999 
3 3999 4003 3978 
3 3977 3950 4002 
3 4004 4002 3950 
3 4003 3979 3978 
3 3952 4004 3950 
3 3981 4005 3952 
3 3980 4006 3953 
3 3981 4007 4005 
3 4007 3981 3954 
3 4006 4008 4009 
3 4009 3953 4006 
3 4009 3982 3953 
3 3982 4009 4008 
3 4008 4010 3982 
3 4007 3954 3955 
3 3984 4007 3955 
3 3983 3982 4010 
3 4010 4011 3983 
3 3958 4012 3984 
3 3985 3983 4011 
3 4012 3958 3960 
3 3960 4013 4012 
3 3985 4014 3986 
3 4013 3960 4015 
3 3960 3987 4015 
3 4014 3988 3986 
3 4015 3987 3989 
3 4015 3989 3991 
3 3989 3962 3991 
3 3990 3963 3988 
3 3988 4016 3990 
3 4016 3938 3990 
3 3991 3964 3994 
3 3994 4017 3991 
3 4018 3992 4016 
3 3938 4016 3992 
3 3993 4019 4017 
3 3994 3993 4017 
3 4018 3995 3992 
3 4020 4019 3967 
3 3967 3972 4020 
3 3993 3967 4019 
3 3996 3995 4021 
3 4021 4022 3996 
3 3997 3996 4022 
3 3997 4023 3998 
3 3972 3998 4023 
3 4023 4020 3972 
3 4024 3999 4000 
3 4000 4025 4024 
3 4025 4000 4001 
3 4001 4026 4025 
3 4001 4027 4026 
3 4027 4001 4002 
3 4002 4028 4027 
3 4024 4003 3999 
3 4028 4002 4004 
3 4029 4030 3979 
3 4029 3979 4003 
3 3980 3979 4030 
3 4030 4006 3980 
3 4031 3952 4005 
3 4005 4032 4031 
3 4032 4005 4007 
3 4008 4006 4033 
3 4010 4008 4033 
3 4033 4034 4010 
3 4035 4007 3984 
3 3984 4036 4035 
3 4011 4010 4034 
3 3984 4037 4036 
3 4037 3984 4012 
3 3985 4038 4014 
3 3988 4014 4038 
3 4039 4040 4041 
3 4039 4041 4042 
3 4042 4015 4039 
3 4038 4016 3988 
3 4040 4039 3991 
3 3991 4043 4040 
3 4015 3991 4039 
3 4017 4044 3991 
3 4016 4045 4018 
3 4019 4046 4047 
3 4017 4019 4047 
3 4017 4047 4044 
3 3995 4018 4045 
3 4045 4048 3995 
3 4021 3995 4048 
3 4048 4049 4021 
3 4050 4046 4020 
3 4019 4020 4046 
3 4049 4051 4021 
3 4022 4021 4051 
3 4051 4052 4022 
3 3997 4022 4052 
3 4052 4053 3997 
3 4023 3997 4053 
3 4020 4023 4050 
3 4023 4053 4050 
3 4025 4054 4055 
3 4054 4025 4026 
3 4056 4054 4026 
3 4024 4057 4058 
3 4024 4055 4057 
3 4055 4024 4025 
3 4026 4027 4056 
3 4056 4027 4028 
3 4058 4029 4003 
3 4058 4003 4024 
3 4004 4059 4028 
3 4059 4004 3952 
3 4029 4060 4030 
3 3952 4031 4059 
3 4060 4061 4030 
3 4061 4062 4006 
3 4006 4030 4061 
3 4032 4063 4031 
3 4033 4006 4062 
3 4063 4032 4007 
3 4007 4035 4063 
3 4033 4064 4034 
3 4065 4035 4036 
3 4064 4066 4034 
3 4011 4034 4066 
3 4036 4037 4067 
3 4066 4068 4011 
3 3985 4011 4068 
3 4067 4037 4013 
3 4012 4013 4037 
3 4068 4069 3985 
3 4038 3985 4069 
3 4013 4015 4042 
3 4042 4070 4013 
3 4070 4041 4040 
3 4040 4071 4070 
3 4070 4042 4041 
3 4038 4072 4016 
3 4040 4043 4071 
3 4073 4074 4071 
3 4043 3991 4073 
3 4073 4071 4043 
3 4075 4016 4072 
3 4076 4074 4073 
3 4073 4044 4076 
3 4044 4073 3991 
3 4075 4045 4016 
3 4045 4075 4077 
3 4076 4044 4047 
3 4077 4048 4045 
3 4048 4078 4049 
3 4048 4077 4078 
3 4049 4078 4079 
3 4050 4080 4046 
3 4046 4080 4047 
3 4079 4051 4049 
3 4052 4051 4079 
3 4079 4081 4052 
3 4081 4082 4052 
3 4053 4052 4082 
3 4082 4083 4053 
3 4083 4050 4053 
3 4084 4055 4054 
3 4054 4085 4084 
3 4056 4086 4054 
3 4086 4085 4054 
3 4057 4087 4058 
3 4084 4057 4055 
3 4086 4056 4028 
3 4028 4088 4086 
3 4087 4089 4029 
3 4029 4058 4087 
3 4088 4028 4059 
3 4059 4090 4088 
3 4060 4029 4089 
3 4090 4059 4031 
3 4062 4060 4089 
3 4062 4061 4060 
3 4031 4091 4090 
3 4091 4031 4063 
3 4092 4063 4035 
3 4033 4062 4093 
3 4093 4064 4033 
3 4092 4035 4065 
3 4065 4094 4092 
3 4064 4095 4066 
3 4094 4065 4036 
3 4095 4096 4066 
3 4094 4036 4067 
3 4068 4066 4096 
3 4096 4097 4068 
3 4013 4098 4067 
3 4069 4068 4097 
3 4038 4069 4097 
3 4013 4099 4098 
3 4097 4100 4038 
3 4099 4013 4070 
3 4100 4101 4038 
3 4070 4071 4099 
3 4072 4038 4101 
3 4101 4102 4072 
3 4103 4071 4074 
3 4075 4072 4102 
3 4102 4104 4075 
3 4104 4105 4075 
3 4076 4106 4107 
3 4103 4074 4076 
3 4076 4107 4103 
3 4077 4075 4105 
3 4047 4080 4106 
3 4106 4076 4047 
3 4077 4108 4078 
3 4078 4109 4079 
3 4078 4108 4109 
3 4081 4079 4109 
3 4082 4081 4109 
3 4109 4110 4082 
3 4083 4082 4110 
3 4110 4111 4083 
3 4050 4083 4111 
3 4111 4112 4050 
3 4080 4050 4112 
3 4084 4113 4114 
3 4114 4057 4084 
3 4084 4115 4113 
3 4115 4084 4085 
3 4085 4116 4115 
3 4116 4085 4086 
3 4117 4116 4086 
3 4057 4118 4087 
3 4114 4118 4057 
3 4086 4088 4119 
3 4119 4117 4086 
3 4120 4089 4087 
3 4090 4119 4088 
3 4120 4121 4089 
3 4062 4089 4121 
3 4122 4090 4091 
3 4091 4123 4122 
3 4123 4091 4063 
3 4093 4062 4121 
3 4123 4063 4092 
3 4092 4124 4123 
3 4064 4093 4121 
3 4121 4125 4064 
3 4092 4126 4124 
3 4125 4127 4064 
3 4094 4126 4092 
3 4095 4064 4127 
3 4096 4095 4127 
3 4128 4094 4067 
3 4127 4129 4096 
3 4067 4098 4128 
3 4097 4096 4129 
3 4129 4130 4097 
3 4100 4097 4130 
3 4099 4071 4131 
3 4103 4132 4131 
3 4131 4071 4103 
3 4102 4133 4104 
3 4105 4104 4133 
3 4134 4132 4107 
3 4107 4106 4134 
3 4132 4103 4107 
3 4133 4135 4105 
3 4077 4105 4135 
3 4136 4137 4106 
3 4106 4080 4136 
3 4138 4134 4106 
3 4106 4137 4138 
3 4135 4139 4077 
3 4108 4077 4139 
3 4110 4109 4140 
3 4111 4110 4140 
3 4140 4141 4111 
3 4112 4111 4141 
3 4141 4136 4112 
3 4080 4112 4136 
3 4142 4114 4113 
3 4115 4143 4113 
3 4115 4144 4143 
3 4144 4115 4116 
3 4116 4117 4144 
3 4145 4120 4087 
3 4118 4142 4145 
3 4145 4087 4118 
3 4142 4118 4114 
3 4119 4146 4117 
3 4119 4147 4146 
3 4147 4119 4090 
3 4090 4148 4147 
3 4090 4122 4148 
3 4149 4148 4123 
3 4122 4123 4148 
3 4149 4123 4124 
3 4126 4094 4150 
3 4151 4150 4094 
3 4094 4128 4151 
3 4127 4152 4129 
3 4151 4128 4098 
3 4098 4153 4151 
3 4152 4154 4129 
3 4098 4155 4153 
3 4130 4129 4154 
3 4154 4156 4130 
3 4098 4157 4155 
3 4100 4130 4156 
3 4098 4158 4157 
3 4156 4159 4100 
3 4158 4098 4099 
3 4101 4100 4159 
3 4159 4160 4101 
3 4160 4161 4101 
3 4131 4162 4163 
3 4163 4099 4131 
3 4102 4101 4161 
3 4164 4162 4131 
3 4131 4132 4164 
3 4133 4102 4161 
3 4161 4165 4133 
3 4166 4134 4138 
3 4138 4167 4166 
3 4132 4134 4164 
3 4134 4166 4164 
3 4135 4133 4165 
3 4137 4136 4168 
3 4168 4167 4137 
3 4167 4138 4137 
3 4169 4108 4139 
3 4109 4108 4169 
3 4169 4170 4109 
3 4140 4109 4170 
3 4170 4171 4140 
3 4141 4140 4171 
3 4143 4172 4173 
3 4172 4143 4144 
3 4144 4174 4172 
3 4173 4142 4113 
3 4173 4113 4143 
3 4144 4117 4175 
3 4175 4174 4144 
3 4117 4176 4175 
3 4177 4120 4145 
3 4176 4117 4146 
3 4176 4146 4147 
3 4147 4178 4176 
3 4177 4179 4120 
3 4121 4120 4179 
3 4180 4147 4148 
3 4180 4148 4149 
3 4149 4181 4180 
3 4182 4183 4125 
3 4125 4121 4182 
3 4181 4149 4124 
3 4124 4184 4181 
3 4184 4124 4126 
3 4184 4126 4150 
3 4150 4185 4184 
3 4127 4125 4183 
3 4186 4185 4150 
3 4150 4151 4186 
3 4183 4187 4127 
3 4151 4188 4186 
3 4152 4127 4187 
3 4188 4151 4153 
3 4154 4152 4187 
3 4153 4189 4188 
3 4153 4155 4189 
3 4156 4154 4187 
3 4187 4190 4156 
3 4189 4155 4157 
3 4190 4191 4156 
3 4189 4157 4158 
3 4158 4192 4189 
3 4156 4193 4159 
3 4099 4194 4192 
3 4192 4158 4099 
3 4160 4159 4193 
3 4193 4195 4160 
3 4194 4099 4163 
3 4195 4161 4160 
3 4162 4196 4163 
3 4164 4197 4198 
3 4196 4162 4164 
3 4164 4198 4196 
3 4167 4199 4200 
3 4200 4197 4166 
3 4166 4167 4200 
3 4197 4164 4166 
3 4165 4201 4135 
3 4139 4135 4201 
3 4169 4139 4201 
3 4201 4202 4169 
3 4136 4141 4203 
3 4168 4136 4203 
3 4203 4204 4168 
3 4167 4168 4199 
3 4168 4204 4199 
3 4170 4169 4202 
3 4170 4205 4171 
3 4141 4171 4205 
3 4205 4203 4141 
3 4173 4172 4206 
3 4174 4207 4172 
3 4174 4208 4207 
3 4209 4210 4145 
3 4142 4206 4209 
3 4209 4145 4142 
3 4206 4142 4173 
3 4208 4174 4175 
3 4175 4211 4208 
3 4176 4178 4175 
3 4178 4211 4175 
3 4210 4177 4145 
3 4210 4212 4177 
3 4147 4213 4178 
3 4214 4215 4179 
3 4177 4214 4179 
3 4180 4213 4147 
3 4216 4121 4179 
3 4216 4217 4182 
3 4216 4182 4121 
3 4218 4180 4181 
3 4181 4219 4218 
3 4183 4182 4217 
3 4219 4181 4184 
3 4184 4220 4219 
3 4184 4221 4220 
3 4221 4184 4185 
3 4185 4222 4221 
3 4222 4185 4186 
3 4187 4183 4223 
3 4222 4186 4188 
3 4188 4224 4222 
3 4223 4225 4187 
3 4224 4188 4189 
3 4189 4226 4224 
3 4190 4187 4225 
3 4192 4227 4226 
3 4226 4189 4192 
3 4156 4191 4193 
3 4192 4228 4227 
3 4192 4194 4228 
3 4193 4191 4195 
3 4163 4229 4228 
3 4228 4194 4163 
3 4230 4161 4195 
3 4163 4196 4229 
3 4231 4161 4230 
3 4229 4197 4232 
3 4197 4229 4198 
3 4196 4198 4229 
3 4231 4233 4161 
3 4233 4165 4161 
3 4200 4199 4234 
3 4197 4200 4232 
3 4200 4234 4232 
3 4201 4165 4233 
3 4233 4235 4201 
3 4201 4235 4202 
3 4236 4202 4235 
3 4237 4238 4205 
3 4203 4205 4238 
3 4238 4239 4203 
3 4204 4203 4234 
3 4203 4239 4234 
3 4199 4204 4234 
3 4202 4236 4170 
3 4237 4205 4170 
3 4170 4236 4237 
3 4240 4206 4172 
3 4172 4241 4240 
3 4241 4172 4207 
3 4242 4207 4208 
3 4243 4212 4209 
3 4212 4210 4209 
3 4208 4211 4242 
3 4244 4242 4211 
3 4244 4211 4178 
3 4245 4246 4247 
3 4212 4243 4245 
3 4245 4247 4212 
3 4247 4177 4212 
3 4213 4248 4178 
3 4214 4247 4246 
3 4246 4215 4214 
3 4247 4214 4177 
3 4213 4180 4248 
3 4246 4249 4250 
3 4250 4215 4246 
3 4250 4179 4215 
3 4216 4250 4249 
3 4250 4216 4179 
3 4217 4216 4249 
3 4249 4251 4217 
3 4183 4217 4251 
3 4251 4252 4183 
3 4253 4218 4219 
3 4219 4220 4253 
3 4252 4254 4183 
3 4220 4221 4253 
3 4221 4255 4253 
3 4255 4221 4222 
3 4222 4256 4255 
3 4223 4183 4254 
3 4256 4222 4224 
3 4224 4257 4256 
3 4257 4224 4226 
3 4190 4225 4258 
3 4258 4259 4190 
3 4191 4190 4259 
3 4226 4227 4260 
3 4227 4228 4260 
3 4191 4261 4195 
3 4228 4229 4260 
3 4230 4195 4261 
3 4261 4262 4230 
3 4231 4230 4262 
3 4262 4263 4231 
3 4232 4264 4265 
3 4232 4265 4229 
3 4233 4231 4263 
3 4263 4266 4233 
3 4234 4267 4268 
3 4268 4264 4234 
3 4264 4232 4234 
3 4235 4233 4266 
3 4266 4269 4235 
3 4236 4235 4269 
3 4236 4270 4237 
3 4236 4269 4270 
3 4270 4271 4237 
3 4238 4237 4271 
3 4271 4272 4238 
3 4239 4238 4272 
3 4272 4267 4239 
3 4267 4234 4239 
3 4273 4209 4206 
3 4273 4206 4240 
3 4241 4274 4240 
3 4241 4275 4274 
3 4275 4241 4207 
3 4207 4242 4275 
3 4244 4276 4242 
3 4277 4278 4243 
3 4273 4243 4209 
3 4273 4277 4243 
3 4244 4279 4276 
3 4246 4245 4278 
3 4245 4243 4278 
3 4279 4244 4178 
3 4279 4178 4248 
3 4280 4249 4246 
3 4281 4248 4180 
3 4180 4282 4281 
3 4282 4180 4218 
3 4218 4283 4282 
3 4251 4249 4280 
3 4252 4251 4280 
3 4280 4284 4252 
3 4283 4218 4253 
3 4254 4252 4284 
3 4284 4285 4254 
3 4223 4254 4285 
3 4256 4286 4255 
3 4285 4258 4223 
3 4286 4256 4257 
3 4225 4223 4258 
3 4286 4257 4226 
3 4226 4287 4286 
3 4258 4288 4259 
3 4226 4260 4287 
3 4288 4191 4259 
3 4288 4289 4191 
3 4261 4191 4289 
3 4290 4261 4289 
3 4290 4262 4261 
3 4260 4265 4291 
3 4265 4260 4229 
3 4263 4290 4292 
3 4290 4263 4262 
3 4264 4293 4294 
3 4294 4291 4265 
3 4265 4264 4294 
3 4295 4266 4263 
3 4263 4292 4295 
3 4267 4272 4296 
3 4268 4267 4296 
3 4264 4268 4293 
3 4268 4296 4293 
3 4269 4266 4295 
3 4270 4297 4271 
3 4297 4272 4271 
3 4298 4274 4275 
3 4275 4299 4298 
3 4273 4300 4277 
3 4298 4273 4240 
3 4298 4300 4273 
3 4298 4240 4274 
3 4275 4242 4301 
3 4301 4299 4275 
3 4276 4301 4242 
3 4302 4278 4277 
3 4279 4303 4276 
3 4302 4304 4278 
3 4303 4279 4248 
3 4248 4305 4303 
3 4246 4278 4304 
3 4305 4248 4281 
3 4280 4246 4304 
3 4281 4282 4305 
3 4280 4306 4284 
3 4253 4307 4283 
3 4285 4284 4306 
3 4308 4307 4253 
3 4255 4308 4253 
3 4306 4309 4285 
3 4308 4255 4286 
3 4258 4285 4309 
3 4309 4310 4258 
3 4287 4311 4286 
3 4288 4258 4310 
3 4311 4287 4260 
3 4312 4289 4288 
3 4260 4291 4313 
3 4314 4290 4289 
3 4291 4315 4313 
3 4314 4316 4290 
3 4316 4292 4290 
3 4294 4293 4315 
3 4315 4291 4294 
3 4295 4292 4316 
3 4316 4317 4295 
3 4296 4272 4318 
3 4293 4296 4315 
3 4269 4295 4317 
3 4317 4319 4269 
3 4270 4269 4319 
3 4319 4320 4270 
3 4297 4270 4320 
3 4272 4297 4318 
3 4297 4320 4318 
3 4321 4322 4300 
3 4298 4323 4321 
3 4321 4300 4298 
3 4323 4298 4299 
3 4324 4277 4300 
3 4300 4322 4324 
3 4299 4301 4325 
3 4326 4325 4301 
3 4326 4301 4276 
3 4276 4327 4326 
3 4302 4277 4324 
3 4276 4328 4327 
3 4303 4329 4276 
3 4329 4328 4276 
3 4330 4329 4303 
3 4302 4331 4304 
3 4305 4330 4303 
3 4280 4304 4331 
3 4331 4332 4280 
3 4282 4333 4305 
3 4333 4282 4283 
3 4283 4334 4333 
3 4306 4280 4332 
3 4334 4283 4307 
3 4307 4335 4334 
3 4335 4307 4308 
3 4308 4336 4335 
3 4309 4306 4337 
3 4336 4308 4286 
3 4286 4338 4336 
3 4337 4339 4309 
3 4310 4309 4339 
3 4339 4340 4310 
3 4338 4286 4341 
3 4286 4311 4341 
3 4288 4310 4340 
3 4311 4342 4341 
3 4311 4260 4342 
3 4312 4288 4340 
3 4260 4343 4342 
3 4344 4345 4312 
3 4343 4260 4313 
3 4313 4346 4343 
3 4289 4312 4345 
3 4314 4289 4345 
3 4345 4347 4314 
3 4315 4348 4349 
3 4313 4315 4349 
3 4316 4314 4347 
3 4296 4350 4315 
3 4315 4350 4348 
3 4317 4316 4351 
3 4317 4351 4352 
3 4318 4353 4296 
3 4352 4319 4317 
3 4352 4354 4319 
3 4320 4319 4354 
3 4354 4355 4320 
3 4355 4318 4320 
3 4356 4357 4322 
3 4356 4322 4321 
3 4356 4321 4323 
3 4323 4358 4356 
3 4358 4323 4299 
3 4299 4359 4358 
3 4359 4299 4325 
3 4325 4326 4359 
3 4324 4357 4360 
3 4357 4324 4322 
3 4327 4361 4326 
3 4327 4362 4361 
3 4360 4363 4302 
3 4360 4302 4324 
3 4362 4327 4328 
3 4362 4328 4329 
3 4329 4364 4362 
3 4364 4329 4330 
3 4331 4302 4363 
3 4364 4330 4305 
3 4305 4365 4364 
3 4363 4366 4331 
3 4305 4367 4365 
3 4332 4331 4366 
3 4367 4305 4333 
3 4333 4334 4367 
3 4332 4368 4306 
3 4337 4306 4368 
3 4368 4369 4337 
3 4370 4335 4336 
3 4370 4336 4338 
3 4338 4371 4370 
3 4339 4337 4369 
3 4369 4372 4339 
3 4371 4338 4373 
3 4340 4339 4372 
3 4341 4374 4373 
3 4338 4341 4373 
3 4372 4375 4340 
3 4374 4341 4342 
3 4342 4376 4374 
3 4312 4340 4375 
3 4377 4378 4376 
3 4376 4342 4377 
3 4342 4343 4377 
3 4344 4312 4375 
3 4346 4379 4377 
3 4343 4346 4377 
3 4313 4380 4381 
3 4379 4346 4313 
3 4313 4381 4379 
3 4380 4349 4348 
3 4348 4382 4380 
3 4380 4313 4349 
3 4347 4383 4316 
3 4351 4316 4383 
3 4350 4296 4384 
3 4384 4382 4350 
3 4382 4348 4350 
3 4383 4385 4351 
3 4352 4351 4385 
3 4352 4385 4386 
3 4354 4352 4386 
3 4386 4387 4354 
3 4355 4354 4387 
3 4387 4388 4318 
3 4318 4355 4387 
3 4388 4389 4318 
3 4353 4318 4389 
3 4384 4296 4353 
3 4390 4357 4356 
3 4356 4391 4390 
3 4391 4356 4358 
3 4358 4392 4391 
3 4392 4358 4359 
3 4359 4393 4392 
3 4394 4393 4359 
3 4394 4359 4326 
3 4395 4394 4326 
3 4396 4397 4360 
3 4390 4360 4357 
3 4390 4396 4360 
3 4361 4395 4326 
3 4398 4361 4362 
3 4363 4360 4397 
3 4362 4364 4399 
3 4399 4398 4362 
3 4397 4400 4363 
3 4399 4364 4365 
3 4400 4401 4366 
3 4366 4363 4400 
3 4332 4366 4401 
3 4401 4402 4332 
3 4403 4367 4334 
3 4402 4368 4332 
3 4334 4404 4403 
3 4334 4405 4404 
3 4334 4335 4405 
3 4405 4335 4370 
3 4368 4406 4369 
3 4407 4369 4406 
3 4371 4408 4370 
3 4372 4369 4407 
3 4408 4371 4409 
3 4407 4410 4372 
3 4373 4411 4409 
3 4371 4373 4409 
3 4411 4373 4374 
3 4375 4372 4410 
3 4374 4376 4411 
3 4410 4412 4375 
3 4378 4413 4411 
3 4378 4377 4413 
3 4376 4378 4411 
3 4412 4344 4375 
3 4414 4415 4413 
3 4413 4377 4414 
3 4377 4379 4414 
3 4412 4416 4344 
3 4416 4345 4344 
3 4417 4415 4414 
3 4381 4380 4417 
3 4417 4414 4381 
3 4379 4381 4414 
3 4347 4345 4416 
3 4416 4418 4347 
3 4382 4419 4420 
3 4417 4382 4420 
3 4382 4417 4380 
3 4383 4347 4418 
3 4421 4419 4384 
3 4384 4389 4421 
3 4382 4384 4419 
3 4383 4422 4385 
3 4422 4423 4385 
3 4386 4385 4423 
3 4387 4386 4423 
3 4423 4424 4387 
3 4388 4387 4424 
3 4389 4388 4424 
3 4384 4353 4389 
3 4391 4425 4426 
3 4425 4391 4392 
3 4425 4392 4393 
3 4390 4427 4428 
3 4426 4427 4390 
3 4426 4390 4391 
3 4429 4394 4395 
3 4395 4430 4429 
3 4428 4431 4396 
3 4431 4397 4396 
3 4428 4396 4390 
3 4430 4395 4361 
3 4361 4432 4430 
3 4432 4361 4398 
3 4432 4398 4399 
3 4399 4433 4432 
3 4400 4397 4431 
3 4433 4399 4365 
3 4434 4365 4367 
3 4400 4402 4401 
3 4367 4435 4434 
3 4435 4367 4403 
3 4403 4436 4435 
3 4402 4437 4368 
3 4436 4403 4404 
3 4436 4404 4405 
3 4436 4405 4370 
3 4370 4408 4436 
3 4406 4368 4437 
3 4406 4438 4407 
3 4410 4407 4438 
3 4411 4439 4409 
3 4438 4440 4410 
3 4411 4441 4439 
3 4412 4410 4440 
3 4411 4413 4441 
3 4440 4442 4412 
3 4415 4417 4441 
3 4413 4415 4441 
3 4416 4412 4442 
3 4443 4418 4416 
3 4443 4383 4418 
3 4383 4443 4444 
3 4383 4444 4445 
3 4445 4422 4383 
3 4423 4422 4445 
3 4445 4446 4423 
3 4424 4423 4446 
3 4446 4447 4424 
3 4447 4448 4424 
3 4389 4424 4421 
3 4424 4448 4421 
3 4426 4449 4427 
3 4449 4426 4425 
3 4425 4450 4449 
3 4450 4425 4393 
3 4393 4451 4450 
3 4451 4393 4394 
3 4429 4451 4394 
3 4427 4452 4428 
3 4453 4429 4430 
3 4454 4455 4431 
3 4452 4454 4431 
3 4431 4428 4452 
3 4430 4432 4433 
3 4433 4453 4430 
3 4400 4431 4455 
3 4365 4456 4433 
3 4456 4365 4434 
3 4434 4457 4456 
3 4400 4458 4402 
3 4434 4459 4457 
3 4434 4460 4459 
3 4460 4434 4435 
3 4402 4461 4462 
3 4460 4435 4436 
3 4437 4402 4462 
3 4463 4436 4408 
3 4437 4464 4406 
3 4408 4465 4463 
3 4464 4438 4406 
3 4465 4408 4409 
3 4409 4466 4465 
3 4439 4467 4466 
3 4466 4409 4439 
3 4438 4468 4469 
3 4469 4440 4438 
3 4467 4439 4441 
3 4441 4470 4467 
3 4469 4471 4440 
3 4442 4440 4471 
3 4471 4472 4442 
3 4470 4441 4473 
3 4441 4417 4473 
3 4416 4442 4472 
3 4472 4474 4416 
3 4473 4420 4475 
3 4420 4473 4417 
3 4443 4416 4474 
3 4419 4476 4477 
3 4477 4475 4420 
3 4420 4419 4477 
3 4478 4445 4444 
3 4448 4476 4421 
3 4419 4421 4476 
3 4478 4446 4445 
3 4478 4479 4446 
3 4447 4446 4479 
3 4479 4480 4447 
3 4448 4447 4480 
3 4481 4482 4427 
3 4481 4427 4449 
3 4483 4481 4449 
3 4483 4449 4450 
3 4450 4484 4483 
3 4450 4485 4484 
3 4450 4451 4486 
3 4486 4485 4450 
3 4486 4451 4429 
3 4429 4487 4486 
3 4482 4488 4452 
3 4452 4427 4482 
3 4487 4429 4453 
3 4455 4454 4489 
3 4454 4452 4488 
3 4488 4489 4454 
3 4490 4400 4455 
3 4490 4491 4400 
3 4457 4492 4456 
3 4458 4400 4491 
3 4492 4457 4459 
3 4459 4493 4492 
3 4494 4495 4496 
3 4491 4494 4496 
3 4496 4458 4491 
3 4496 4402 4458 
3 4493 4459 4460 
3 4461 4496 4495 
3 4495 4462 4461 
3 4496 4461 4402 
3 4493 4460 4436 
3 4436 4497 4493 
3 4437 4462 4495 
3 4497 4436 4463 
3 4463 4465 4497 
3 4464 4498 4438 
3 4468 4438 4498 
3 4498 4499 4468 
3 4467 4500 4501 
3 4467 4501 4466 
3 4499 4502 4468 
3 4467 4503 4500 
3 4469 4468 4502 
3 4467 4470 4503 
3 4471 4469 4502 
3 4502 4504 4471 
3 4472 4471 4504 
3 4473 4505 4470 
3 4474 4472 4504 
3 4505 4473 4475 
3 4475 4506 4505 
3 4474 4507 4443 
3 4508 4506 4477 
3 4477 4476 4508 
3 4506 4475 4477 
3 4444 4443 4507 
3 4507 4509 4444 
3 4478 4444 4509 
3 4478 4509 4510 
3 4479 4478 4510 
3 4510 4511 4479 
3 4480 4479 4511 
3 4511 4512 4480 
3 4448 4480 4512 
3 4512 4508 4448 
3 4476 4448 4508 
3 4483 4484 4513 
3 4485 4514 4484 
3 4486 4514 4485 
3 4515 4516 4482 
3 4515 4482 4481 
3 4481 4513 4515 
3 4513 4481 4483 
3 4517 4486 4487 
3 4516 4488 4482 
3 4453 4518 4487 
3 4518 4453 4433 
3 4519 4455 4489 
3 4489 4516 4519 
3 4516 4489 4488 
3 4519 4520 4455 
3 4433 4521 4518 
3 4521 4433 4456 
3 4490 4455 4520 
3 4456 4492 4521 
3 4491 4490 4520 
3 4520 4522 4491 
3 4523 4524 4491 
3 4522 4523 4491 
3 4494 4491 4524 
3 4524 4525 4494 
3 4525 4495 4494 
3 4493 4526 4492 
3 4525 4527 4495 
3 4526 4493 4497 
3 4437 4495 4527 
3 4497 4528 4526 
3 4464 4437 4527 
3 4527 4529 4464 
3 4528 4497 4465 
3 4465 4530 4528 
3 4498 4464 4529 
3 4529 4531 4498 
3 4530 4465 4466 
3 4501 4532 4533 
3 4501 4533 4530 
3 4530 4466 4501 
3 4499 4498 4531 
3 4501 4534 4532 
3 4501 4500 4534 
3 4534 4500 4535 
3 4500 4503 4535 
3 4503 4536 4535 
3 4502 4537 4504 
3 4470 4505 4536 
3 4536 4503 4470 
3 4474 4504 4538 
3 4539 4505 4506 
3 4507 4474 4538 
3 4508 4540 4539 
3 4506 4508 4539 
3 4509 4507 4541 
3 4541 4542 4509 
3 4510 4509 4542 
3 4542 4543 4510 
3 4511 4510 4543 
3 4543 4544 4511 
3 4512 4511 4544 
3 4544 4540 4512 
3 4508 4512 4540 
3 4513 4545 4546 
3 4546 4515 4513 
3 4545 4513 4484 
3 4484 4514 4545 
3 4486 4547 4514 
3 4516 4515 4546 
3 4546 4548 4516 
3 4486 4517 4547 
3 4517 4487 4549 
3 4549 4547 4517 
3 4550 4549 4487 
3 4548 4551 4516 
3 4487 4518 4550 
3 4519 4516 4551 
3 4520 4519 4551 
3 4551 4552 4520 
3 4552 4553 4523 
3 4522 4520 4552 
3 4552 4523 4522 
3 4553 4524 4523 
3 4525 4524 4553 
3 4553 4554 4525 
3 4527 4525 4554 
3 4554 4555 4527 
3 4556 4527 4555 
3 4529 4527 4556 
3 4530 4557 4528 
3 4529 4556 4558 
3 4558 4531 4529 
3 4557 4530 4533 
3 4533 4559 4557 
3 4533 4532 4559 
3 4499 4531 4558 
3 4558 4560 4499 
3 4559 4532 4534 
3 4534 4535 4559 
3 4560 4561 4499 
3 4502 4499 4561 
3 4561 4562 4502 
3 4502 4562 4563 
3 4563 4537 4502 
3 4563 4564 4537 
3 4564 4565 4537 
3 4565 4504 4537 
3 4538 4504 4565 
3 4565 4566 4538 
3 4539 4567 4568 
3 4539 4568 4505 
3 4507 4538 4566 
3 4566 4569 4507 
3 4541 4507 4569 
3 4569 4570 4541 
3 4540 4567 4539 
3 4542 4541 4570 
3 4570 4571 4542 
3 4571 4572 4542 
3 4543 4542 4572 
3 4572 4573 4543 
3 4544 4543 4573 
3 4573 4574 4544 
3 4540 4544 4574 
3 4545 4575 4576 
3 4576 4546 4545 
3 4545 4577 4575 
3 4577 4545 4514 
3 4514 4578 4577 
3 4547 4578 4514 
3 4549 4579 4547 
3 4580 4581 4548 
3 4580 4548 4546 
3 4579 4549 4550 
3 4548 4581 4582 
3 4582 4551 4548 
3 4583 4550 4518 
3 4518 4584 4583 
3 4551 4585 4552 
3 4584 4518 4521 
3 4552 4586 4553 
3 4554 4553 4586 
3 4586 4555 4554 
3 4526 4587 4492 
3 4526 4588 4587 
3 4526 4528 4588 
3 4588 4528 4557 
3 4589 4558 4556 
3 4590 4558 4589 
3 4591 4557 4559 
3 4559 4592 4591 
3 4590 4593 4558 
3 4593 4560 4558 
3 4535 4594 4592 
3 4592 4559 4535 
3 4561 4560 4593 
3 4593 4562 4561 
3 4535 4595 4594 
3 4595 4535 4536 
3 4536 4596 4595 
3 4562 4597 4563 
3 4536 4505 4596 
3 4564 4563 4597 
3 4565 4564 4597 
3 4596 4598 4599 
3 4598 4596 4505 
3 4600 4566 4565 
3 4567 4601 4602 
3 4602 4599 4598 
3 4598 4567 4602 
3 4567 4598 4568 
3 4505 4568 4598 
3 4600 4569 4566 
3 4569 4603 4570 
3 4569 4600 4603 
3 4567 4540 4601 
3 4570 4603 4571 
3 4604 4572 4571 
3 4571 4603 4604 
3 4604 4605 4572 
3 4573 4572 4605 
3 4605 4574 4573 
3 4606 4607 4576 
3 4606 4576 4575 
3 4606 4575 4577 
3 4577 4608 4606 
3 4608 4577 4578 
3 4578 4609 4608 
3 4546 4607 4610 
3 4607 4546 4576 
3 4578 4547 4609 
3 4611 4609 4547 
3 4547 4579 4612 
3 4612 4611 4547 
3 4613 4581 4580 
3 4580 4610 4613 
3 4610 4580 4546 
3 4550 4614 4579 
3 4613 4615 4582 
3 4613 4582 4581 
3 4550 4583 4614 
3 4615 4551 4582 
3 4583 4584 4614 
3 4584 4616 4614 
3 4615 4617 4585 
3 4615 4585 4551 
3 4616 4584 4521 
3 4521 4618 4616 
3 4552 4585 4617 
3 4617 4586 4552 
3 4521 4619 4618 
3 4619 4521 4492 
3 4492 4620 4619 
3 4621 4622 4555 
3 4586 4621 4555 
3 4620 4492 4587 
3 4622 4623 4555 
3 4587 4624 4620 
3 4587 4588 4624 
3 4556 4555 4623 
3 4623 4625 4556 
3 4588 4626 4624 
3 4589 4556 4625 
3 4588 4627 4626 
3 4588 4557 4627 
3 4627 4557 4591 
3 4590 4589 4628 
3 4628 4629 4590 
3 4627 4591 4592 
3 4593 4590 4629 
3 4592 4594 4630 
3 4562 4593 4629 
3 4629 4631 4562 
3 4630 4594 4595 
3 4596 4632 4595 
3 4597 4562 4631 
3 4631 4633 4597 
3 4633 4634 4597 
3 4565 4597 4634 
3 4599 4635 4636 
3 4632 4596 4599 
3 4599 4636 4632 
3 4600 4565 4634 
3 4634 4637 4600 
3 4601 4635 4602 
3 4635 4599 4602 
3 4603 4600 4637 
3 4638 4601 4540 
3 4540 4574 4638 
3 4639 4604 4603 
3 4640 4605 4604 
3 4604 4639 4640 
3 4640 4641 4605 
3 4641 4638 4574 
3 4574 4605 4641 
3 4642 4643 4607 
3 4606 4644 4642 
3 4642 4607 4606 
3 4645 4644 4606 
3 4606 4608 4646 
3 4646 4645 4606 
3 4646 4608 4609 
3 4609 4647 4646 
3 4609 4611 4647 
3 4643 4610 4607 
3 4612 4648 4611 
3 4613 4610 4643 
3 4648 4612 4579 
3 4614 4648 4579 
3 4613 4649 4615 
3 4649 4650 4615 
3 4616 4618 4614 
3 4617 4615 4650 
3 4650 4651 4617 
3 4586 4617 4651 
3 4652 4586 4651 
3 4619 4653 4618 
3 4652 4621 4586 
3 4653 4619 4620 
3 4652 4622 4621 
3 4620 4654 4653 
3 4623 4622 4652 
3 4652 4625 4623 
3 4654 4620 4624 
3 4654 4624 4626 
3 4626 4655 4654 
3 4625 4656 4589 
3 4655 4626 4627 
3 4627 4657 4655 
3 4628 4589 4656 
3 4657 4627 4658 
3 4629 4628 4656 
3 4656 4659 4629 
3 4592 4660 4658 
3 4627 4592 4658 
3 4660 4592 4630 
3 4630 4661 4660 
3 4629 4659 4631 
3 4595 4662 4663 
3 4661 4630 4595 
3 4595 4663 4661 
3 4632 4664 4665 
3 4632 4665 4662 
3 4662 4595 4632 
3 4632 4666 4664 
3 4635 4667 4668 
3 4666 4635 4668 
3 4635 4666 4636 
3 4632 4636 4666 
3 4634 4669 4637 
3 4669 4670 4637 
3 4635 4601 4667 
3 4603 4637 4670 
3 4670 4671 4603 
3 4639 4603 4671 
3 4639 4672 4640 
3 4639 4671 4672 
3 4641 4640 4672 
3 4672 4673 4638 
3 4638 4641 4672 
3 4638 4673 4601 
3 4646 4647 4674 
3 4647 4611 4674 
3 4611 4648 4675 
3 4676 4677 4613 
3 4676 4613 4643 
3 4648 4614 4678 
3 4678 4675 4648 
3 4677 4679 4649 
3 4649 4613 4677 
3 4614 4680 4678 
3 4679 4650 4649 
3 4680 4614 4618 
3 4618 4681 4680 
3 4650 4682 4651 
3 4652 4651 4682 
3 4681 4618 4653 
3 4654 4683 4653 
3 4625 4652 4684 
3 4654 4685 4683 
3 4684 4686 4625 
3 4685 4654 4655 
3 4656 4625 4686 
3 4686 4659 4656 
3 4658 4687 4657 
3 4687 4658 4660 
3 4660 4688 4687 
3 4688 4660 4663 
3 4660 4661 4663 
3 4663 4689 4688 
3 4663 4662 4689 
3 4631 4659 4690 
3 4689 4665 4664 
3 4664 4691 4689 
3 4689 4662 4665 
3 4633 4631 4690 
3 4690 4692 4633 
3 4691 4664 4666 
3 4666 4693 4691 
3 4634 4633 4692 
3 4692 4694 4634 
3 4695 4668 4667 
3 4667 4696 4695 
3 4693 4666 4668 
3 4668 4695 4693 
3 4669 4634 4694 
3 4669 4697 4670 
3 4698 4696 4601 
3 4696 4667 4601 
3 4671 4670 4697 
3 4697 4699 4671 
3 4672 4671 4699 
3 4699 4700 4672 
3 4700 4701 4672 
3 4673 4672 4701 
3 4701 4698 4673 
3 4698 4601 4673 
3 4644 4702 4703 
3 4702 4644 4645 
3 4645 4704 4702 
3 4704 4645 4646 
3 4646 4705 4704 
3 4674 4705 4646 
3 4642 4703 4706 
3 4706 4643 4642 
3 4703 4642 4644 
3 4674 4611 4707 
3 4611 4708 4707 
3 4676 4643 4706 
3 4706 4709 4676 
3 4708 4611 4675 
3 4675 4710 4708 
3 4709 4677 4676 
3 4710 4675 4678 
3 4709 4711 4679 
3 4709 4679 4677 
3 4710 4678 4680 
3 4650 4679 4711 
3 4711 4712 4650 
3 4681 4713 4680 
3 4682 4650 4712 
3 4681 4714 4713 
3 4714 4681 4653 
3 4682 4684 4652 
3 4715 4714 4653 
3 4653 4683 4715 
3 4685 4716 4683 
3 4684 4717 4686 
3 4685 4718 4716 
3 4685 4655 4718 
3 4657 4719 4718 
3 4655 4657 4718 
3 4719 4657 4687 
3 4687 4720 4719 
3 4686 4721 4659 
3 4720 4687 4688 
3 4722 4690 4659 
3 4689 4691 4723 
3 4722 4724 4690 
3 4724 4692 4690 
3 4695 4689 4723 
3 4691 4693 4695 
3 4695 4723 4691 
3 4696 4725 4695 
3 4669 4726 4697 
3 4669 4694 4726 
3 4698 4727 4728 
3 4728 4725 4698 
3 4696 4698 4725 
3 4729 4699 4697 
3 4697 4726 4729 
3 4729 4730 4699 
3 4700 4699 4730 
3 4701 4700 4730 
3 4730 4731 4701 
3 4731 4727 4701 
3 4698 4701 4727 
3 4732 4733 4702 
3 4732 4702 4704 
3 4703 4733 4734 
3 4734 4706 4703 
3 4733 4703 4702 
3 4705 4735 4704 
3 4736 4735 4705 
3 4736 4705 4674 
3 4674 4707 4737 
3 4707 4708 4738 
3 4710 4738 4708 
3 4711 4709 4739 
3 4739 4740 4711 
3 4680 4741 4710 
3 4740 4742 4712 
3 4712 4711 4740 
3 4741 4680 4713 
3 4743 4682 4744 
3 4743 4684 4682 
3 4715 4683 4745 
3 4717 4684 4743 
3 4743 4746 4717 
3 4745 4683 4716 
3 4716 4747 4745 
3 4747 4716 4718 
3 4746 4748 4717 
3 4686 4717 4748 
3 4719 4720 4718 
3 4686 4748 4749 
3 4749 4721 4686 
3 4749 4750 4721 
3 4659 4721 4750 
3 4751 4688 4689 
3 4722 4659 4750 
3 4689 4752 4751 
3 4724 4722 4750 
3 4692 4724 4750 
3 4750 4753 4692 
3 4752 4689 4695 
3 4754 4694 4692 
3 4692 4753 4754 
3 4695 4725 4755 
3 4694 4754 4756 
3 4726 4694 4756 
3 4726 4757 4729 
3 4726 4756 4757 
3 4730 4729 4757 
3 4757 4758 4730 
3 4731 4730 4758 
3 4727 4731 4758 
3 4758 4759 4727 
3 4728 4727 4759 
3 4725 4728 4755 
3 4728 4759 4755 
3 4760 4761 4733 
3 4732 4762 4760 
3 4760 4733 4732 
3 4762 4732 4704 
3 4704 4763 4762 
3 4763 4704 4735 
3 4735 4736 4764 
3 4764 4765 4735 
3 4765 4763 4735 
3 4766 4765 4764 
3 4734 4761 4767 
3 4767 4706 4734 
3 4761 4734 4733 
3 4736 4674 4766 
3 4766 4764 4736 
3 4766 4674 4737 
3 4737 4768 4766 
3 4767 4709 4706 
3 4768 4737 4707 
3 4768 4707 4738 
3 4738 4769 4768 
3 4769 4738 4710 
3 4769 4710 4770 
3 4770 4710 4741 
3 4741 4771 4770 
3 4742 4739 4772 
3 4772 4773 4742 
3 4773 4712 4742 
3 4739 4742 4740 
3 4771 4741 4713 
3 4713 4774 4771 
3 4682 4712 4773 
3 4773 4744 4682 
3 4774 4713 4714 
3 4714 4715 4774 
3 4745 4775 4715 
3 4775 4745 4747 
3 4775 4747 4718 
3 4718 4776 4775 
3 4776 4718 4720 
3 4720 4777 4776 
3 4778 4750 4749 
3 4720 4688 4751 
3 4778 4779 4750 
3 4753 4750 4779 
3 4779 4780 4753 
3 4752 4695 4781 
3 4754 4753 4780 
3 4755 4782 4783 
3 4695 4755 4781 
3 4755 4783 4781 
3 4784 4785 4756 
3 4757 4756 4785 
3 4785 4786 4757 
3 4758 4757 4786 
3 4786 4782 4758 
3 4759 4758 4782 
3 4782 4755 4759 
3 4760 4787 4761 
3 4787 4760 4762 
3 4762 4788 4787 
3 4788 4762 4763 
3 4763 4789 4788 
3 4763 4790 4789 
3 4790 4763 4765 
3 4765 4766 4791 
3 4791 4790 4765 
3 4766 4768 4792 
3 4792 4791 4766 
3 4793 4709 4767 
3 4793 4739 4709 
3 4794 4769 4770 
3 4770 4795 4794 
3 4796 4739 4793 
3 4770 4797 4795 
3 4796 4772 4739 
3 4797 4770 4771 
3 4773 4772 4796 
3 4796 4798 4773 
3 4798 4799 4773 
3 4799 4744 4773 
3 4800 4774 4715 
3 4744 4801 4743 
3 4800 4715 4775 
3 4746 4743 4801 
3 4801 4802 4746 
3 4748 4746 4802 
3 4776 4803 4775 
3 4802 4804 4748 
3 4803 4776 4777 
3 4749 4748 4804 
3 4777 4805 4803 
3 4777 4720 4805 
3 4749 4804 4778 
3 4720 4751 4805 
3 4779 4778 4806 
3 4806 4807 4779 
3 4780 4779 4807 
3 4781 4783 4808 
3 4752 4781 4808 
3 4780 4809 4754 
3 4782 4810 4811 
3 4783 4782 4811 
3 4756 4754 4809 
3 4784 4756 4809 
3 4784 4812 4785 
3 4786 4785 4812 
3 4812 4813 4786 
3 4813 4810 4786 
3 4782 4786 4810 
3 4789 4814 4788 
3 4814 4789 4790 
3 4815 4814 4790 
3 4787 4816 4761 
3 4815 4790 4791 
3 4791 4817 4815 
3 4818 4817 4791 
3 4816 4819 4767 
3 4816 4767 4761 
3 4791 4792 4818 
3 4792 4768 4820 
3 4820 4818 4792 
3 4768 4821 4820 
3 4793 4767 4819 
3 4821 4768 4769 
3 4769 4794 4822 
3 4822 4821 4769 
3 4823 4822 4795 
3 4794 4795 4822 
3 4793 4824 4796 
3 4823 4795 4797 
3 4823 4797 4771 
3 4771 4825 4823 
3 4798 4796 4826 
3 4826 4827 4798 
3 4827 4799 4798 
3 4825 4771 4774 
3 4825 4774 4800 
3 4744 4799 4827 
3 4827 4828 4744 
3 4801 4744 4828 
3 4775 4829 4800 
3 4801 4830 4802 
3 4829 4775 4803 
3 4804 4802 4830 
3 4830 4831 4804 
3 4803 4805 4832 
3 4831 4833 4804 
3 4805 4834 4832 
3 4778 4804 4833 
3 4833 4835 4778 
3 4834 4805 4836 
3 4805 4751 4836 
3 4806 4778 4835 
3 4808 4836 4751 
3 4807 4806 4835 
3 4835 4837 4807 
3 4751 4752 4808 
3 4780 4807 4837 
3 4837 4838 4780 
3 4809 4780 4838 
3 4838 4839 4809 
3 4811 4810 4840 
3 4841 4784 4809 
3 4809 4839 4841 
3 4812 4784 4841 
3 4841 4842 4812 
3 4813 4812 4842 
3 4810 4813 4840 
3 4813 4842 4840 
3 4787 4843 4844 
3 4843 4787 4788 
3 4788 4845 4843 
3 4845 4788 4814 
3 4814 4846 4845 
3 4814 4847 4846 
3 4814 4815 4848 
3 4848 4849 4814 
3 4849 4847 4814 
3 4817 4849 4848 
3 4844 4850 4816 
3 4844 4816 4787 
3 4817 4848 4815 
3 4818 4851 4817 
3 4850 4852 4819 
3 4819 4816 4850 
3 4851 4818 4820 
3 4820 4853 4851 
3 4820 4821 4853 
3 4821 4822 4854 
3 4854 4853 4821 
3 4855 4819 4852 
3 4855 4793 4819 
3 4854 4822 4823 
3 4855 4856 4824 
3 4856 4796 4824 
3 4855 4824 4793 
3 4826 4796 4856 
3 4856 4857 4858 
3 4858 4826 4856 
3 4858 4827 4826 
3 4827 4858 4857 
3 4859 4825 4800 
3 4828 4827 4857 
3 4857 4860 4828 
3 4861 4828 4860 
3 4800 4862 4863 
3 4801 4828 4861 
3 4862 4800 4829 
3 4831 4830 4801 
3 4803 4864 4829 
3 4832 4834 4864 
3 4864 4803 4832 
3 4835 4833 4865 
3 4836 4808 4834 
3 4865 4837 4835 
3 4783 4866 4867 
3 4867 4868 4808 
3 4808 4783 4867 
3 4869 4839 4838 
3 4839 4870 4841 
3 4839 4869 4870 
3 4871 4872 4840 
3 4811 4840 4872 
3 4872 4866 4811 
3 4783 4811 4866 
3 4842 4841 4870 
3 4870 4873 4842 
3 4873 4871 4842 
3 4840 4842 4871 
3 4846 4847 4845 
3 4844 4874 4875 
3 4876 4844 4843 
3 4876 4874 4844 
3 4876 4843 4845 
3 4847 4849 4877 
3 4849 4817 4877 
3 4875 4878 4850 
3 4875 4850 4844 
3 4817 4851 4879 
3 4879 4877 4817 
3 4851 4880 4879 
3 4852 4850 4878 
3 4880 4851 4853 
3 4880 4853 4854 
3 4854 4881 4880 
3 4852 4882 4855 
3 4881 4854 4823 
3 4856 4855 4882 
3 4883 4823 4825 
3 4882 4857 4856 
3 4883 4825 4859 
3 4859 4884 4883 
3 4860 4857 4885 
3 4884 4859 4800 
3 4861 4860 4885 
3 4884 4800 4863 
3 4863 4886 4884 
3 4886 4863 4862 
3 4801 4861 4885 
3 4885 4887 4801 
3 4801 4887 4888 
3 4888 4831 4801 
3 4829 4864 4889 
3 4888 4890 4831 
3 4864 4891 4889 
3 4864 4834 4891 
3 4833 4831 4890 
3 4890 4865 4833 
3 4892 4893 4834 
3 4894 4893 4892 
3 4892 4808 4894 
3 4834 4808 4892 
3 4865 4895 4837 
3 4868 4896 4897 
3 4897 4894 4808 
3 4808 4868 4897 
3 4838 4837 4895 
3 4895 4898 4838 
3 4867 4866 4896 
3 4868 4867 4896 
3 4869 4838 4898 
3 4898 4899 4869 
3 4870 4869 4899 
3 4899 4900 4870 
3 4873 4870 4900 
3 4900 4901 4873 
3 4871 4873 4901 
3 4901 4902 4871 
3 4872 4871 4902 
3 4902 4896 4866 
3 4866 4872 4902 
3 4876 4903 4874 
3 4903 4876 4845 
3 4845 4904 4903 
3 4904 4845 4847 
3 4847 4905 4904 
3 4874 4906 4875 
3 4905 4847 4877 
3 4877 4907 4905 
3 4906 4908 4878 
3 4878 4875 4906 
3 4907 4877 4879 
3 4880 4907 4879 
3 4908 4852 4878 
3 4881 4909 4880 
3 4882 4852 4908 
3 4908 4910 4882 
3 4909 4881 4823 
3 4910 4911 4882 
3 4909 4823 4883 
3 4857 4882 4911 
3 4911 4912 4857 
3 4883 4886 4913 
3 4912 4914 4885 
3 4885 4857 4912 
3 4886 4883 4884 
3 4862 4915 4886 
3 4915 4862 4829 
3 4885 4916 4887 
3 4829 4917 4915 
3 4888 4887 4916 
3 4918 4919 4917 
3 4917 4829 4918 
3 4888 4916 4920 
3 4919 4918 4889 
3 4889 4921 4919 
3 4829 4889 4918 
3 4922 4888 4920 
3 4888 4922 4890 
3 4891 4923 4921 
3 4921 4889 4891 
3 4891 4924 4923 
3 4891 4834 4924 
3 4865 4890 4922 
3 4893 4925 4924 
3 4924 4834 4893 
3 4925 4893 4894 
3 4865 4926 4895 
3 4927 4925 4897 
3 4897 4896 4927 
3 4925 4894 4897 
3 4898 4895 4926 
3 4926 4928 4898 
3 4928 4929 4898 
3 4902 4930 4931 
3 4931 4932 4896 
3 4896 4902 4931 
3 4932 4927 4896 
3 4899 4898 4929 
3 4929 4933 4899 
3 4900 4899 4933 
3 4933 4934 4900 
3 4901 4900 4934 
3 4934 4930 4901 
3 4902 4901 4930 
3 4935 4906 4874 
3 4935 4874 4903 
3 4904 4936 4903 
3 4904 4937 4936 
3 4937 4904 4905 
3 4905 4938 4937 
3 4907 4938 4905 
3 4939 4880 4909 
3 4940 4908 4941 
3 4940 4910 4908 
3 4940 4911 4910 
3 4939 4909 4883 
3 4883 4942 4939 
3 4942 4883 4913 
3 4913 4943 4942 
3 4911 4914 4912 
3 4913 4944 4943 
3 4913 4886 4944 
3 4885 4914 4945 
3 4915 4946 4886 
3 4945 4916 4885 
3 4915 4947 4946 
3 4915 4917 4947 
3 4948 4917 4919 
3 4948 4919 4921 
3 4921 4949 4948 
3 4949 4921 4923 
3 4950 4922 4920 
3 4924 4951 4949 
3 4949 4923 4924 
3 4950 4865 4922 
3 4925 4951 4924 
3 4950 4952 4865 
3 4926 4865 4952 
3 4952 4953 4926 
3 4954 4927 4932 
3 4927 4954 4925 
3 4953 4955 4926 
3 4928 4926 4955 
3 4956 4929 4928 
3 4957 4931 4930 
3 4956 4933 4929 
3 4956 4958 4933 
3 4934 4933 4958 
3 4958 4957 4934 
3 4930 4934 4957 
3 4937 4959 4936 
3 4935 4960 4961 
3 4961 4906 4935 
3 4960 4935 4903 
3 4960 4903 4936 
3 4937 4938 4959 
3 4962 4906 4961 
3 4962 4908 4906 
3 4880 4963 4907 
3 4962 4964 4908 
3 4880 4965 4963 
3 4880 4966 4965 
3 4941 4908 4964 
3 4964 4967 4941 
3 4966 4880 4939 
3 4940 4941 4967 
3 4967 4968 4940 
3 4939 4942 4966 
3 4911 4940 4968 
3 4968 4969 4911 
3 4969 4970 4911 
3 4970 4971 4911 
3 4914 4911 4971 
3 4944 4972 4943 
3 4972 4944 4886 
3 4945 4914 4971 
3 4972 4886 4946 
3 4946 4947 4972 
3 4945 4973 4916 
3 4917 4948 4947 
3 4920 4916 4973 
3 4973 4974 4920 
3 4949 4975 4948 
3 4950 4920 4974 
3 4951 4976 4977 
3 4977 4949 4951 
3 4925 4978 4976 
3 4976 4951 4925 
3 4925 4979 4980 
3 4925 4980 4978 
3 4981 4953 4952 
3 4932 4979 4954 
3 4979 4925 4954 
3 4981 4955 4953 
3 4982 4928 4955 
3 4955 4981 4982 
3 4956 4928 4982 
3 4982 4983 4956 
3 4958 4956 4983 
3 4983 4984 4958 
3 4957 4958 4984 
3 4984 4985 4957 
3 4931 4957 4985 
3 4985 4986 4931 
3 4986 4932 4931 
3 4960 4987 4988 
3 4987 4960 4936 
3 4987 4936 4959 
3 4959 4989 4987 
3 4988 4961 4960 
3 4988 4990 4961 
3 4959 4938 4991 
3 4991 4989 4959 
3 4962 4961 4990 
3 4990 4992 4962 
3 4991 4938 4907 
3 4907 4993 4991 
3 4907 4994 4993 
3 4992 4995 4962 
3 4994 4907 4963 
3 4996 4994 4963 
3 4995 4964 4962 
3 4963 4965 4996 
3 4965 4966 4996 
3 4995 4997 4998 
3 4998 4964 4995 
3 4998 4967 4964 
3 4999 4996 4966 
3 4968 4998 4997 
3 4998 4968 4967 
3 4942 5000 4999 
3 4999 4966 4942 
3 4969 4968 4997 
3 4997 5001 4969 
3 5002 5003 4970 
3 5001 5002 4970 
3 4970 4969 5001 
3 5000 4942 4943 
3 4943 5004 5000 
3 5003 4971 4970 
3 5004 4943 4972 
3 5005 4971 5003 
3 4945 4971 5005 
3 5006 4972 4947 
3 5005 5007 4945 
3 4947 4948 5006 
3 5007 4973 4945 
3 5007 5008 4973 
3 4974 4973 5008 
3 5008 5009 4974 
3 4977 5010 4975 
3 4975 4949 4977 
3 4950 4974 5009 
3 5009 5011 4950 
3 4977 5012 5010 
3 4977 4976 5012 
3 5011 5013 4950 
3 5012 4976 4978 
3 5014 4950 5013 
3 5014 4952 4950 
3 4979 5015 5016 
3 5016 5012 4980 
3 4980 4979 5016 
3 5012 4978 4980 
3 5017 4981 4952 
3 4952 5014 5017 
3 5018 5015 4932 
3 4979 4932 5015 
3 4982 4981 5017 
3 5017 5019 4982 
3 4983 4982 5019 
3 5019 5020 4983 
3 4984 4983 5020 
3 5020 5021 4984 
3 4985 4984 5021 
3 5021 5022 4985 
3 4986 4985 5022 
3 4932 4986 5018 
3 4986 5022 5018 
3 4988 5023 5024 
3 5024 5025 4988 
3 5023 4988 4987 
3 4987 5026 5023 
3 4987 5027 5026 
3 5027 4987 4989 
3 5028 5029 5030 
3 5025 5024 5028 
3 5028 5030 5025 
3 4990 5025 5030 
3 5025 4990 4988 
3 5031 4989 4991 
3 5030 5029 5032 
3 5032 5033 5030 
3 4992 5030 5033 
3 5030 4992 4990 
3 4991 4993 5034 
3 5034 5031 4991 
3 5034 4993 4994 
3 4994 4996 5034 
3 5033 5035 4992 
3 5035 4995 4992 
3 5035 4997 4995 
3 4996 4999 5036 
3 5035 5037 4997 
3 5037 5001 4997 
3 5037 5003 5002 
3 5037 5002 5001 
3 4972 5038 5004 
3 5039 5005 5003 
3 5039 5040 5005 
3 5038 4972 5006 
3 5006 5041 5038 
3 5007 5005 5040 
3 5040 5042 5007 
3 5041 5006 4948 
3 4948 5043 5041 
3 5044 5007 5042 
3 5044 5008 5007 
3 5043 4948 5045 
3 5044 5009 5008 
3 4948 4975 5045 
3 5010 5046 5045 
3 5045 4975 5010 
3 5046 5010 5012 
3 5013 5047 5014 
3 5017 5014 5047 
3 5047 5048 5017 
3 5049 5016 5018 
3 5015 5018 5016 
3 5019 5017 5048 
3 5048 5050 5019 
3 5050 5051 5019 
3 5020 5019 5051 
3 5051 5052 5020 
3 5021 5020 5052 
3 5052 5053 5021 
3 5022 5021 5053 
3 5022 5053 5049 
3 5018 5022 5049 
3 5024 5054 5055 
3 5056 5024 5023 
3 5056 5054 5024 
3 5056 5023 5026 
3 5027 4989 5057 
3 5057 4989 5031 
3 5031 5058 5057 
3 5055 5059 5028 
3 5059 5029 5028 
3 5055 5028 5024 
3 5031 5060 5058 
3 5060 5031 5034 
3 5033 5032 5059 
3 5032 5029 5059 
3 5034 4996 5061 
3 5061 5060 5034 
3 5035 5033 5059 
3 5062 5061 4996 
3 5062 4996 5036 
3 5036 5063 5062 
3 5063 5036 4999 
3 4999 5064 5063 
3 5065 5037 5035 
3 5064 4999 5000 
3 5065 5066 5037 
3 5067 5037 5066 
3 5067 5003 5037 
3 5068 5000 5004 
3 5004 5069 5068 
3 5067 5039 5003 
3 5004 5038 5069 
3 5040 5039 5067 
3 5042 5040 5070 
3 5070 5071 5042 
3 5044 5042 5071 
3 5071 5009 5044 
3 5072 5043 5045 
3 5045 5046 5073 
3 5009 5074 5011 
3 5046 5075 5073 
3 5013 5011 5074 
3 5076 5075 5012 
3 5012 5016 5076 
3 5075 5046 5012 
3 5047 5013 5074 
3 5048 5047 5077 
3 5078 5079 5080 
3 5080 5081 5049 
3 5049 5078 5080 
3 5016 5049 5081 
3 5077 5050 5048 
3 5082 5051 5050 
3 5050 5077 5082 
3 5082 5052 5051 
3 5053 5052 5079 
3 5079 5078 5053 
3 5049 5053 5078 
3 5026 5083 5056 
3 5083 5026 5027 
3 5084 5083 5027 
3 5085 5055 5054 
3 5027 5057 5084 
3 5058 5086 5057 
3 5086 5084 5057 
3 5059 5055 5085 
3 5058 5060 5087 
3 5087 5086 5058 
3 5087 5060 5061 
3 5061 5088 5087 
3 5061 5089 5088 
3 5090 5091 5035 
3 5059 5090 5035 
3 5089 5061 5062 
3 5062 5092 5089 
3 5091 5093 5035 
3 5092 5062 5063 
3 5063 5064 5092 
3 5065 5035 5093 
3 5066 5065 5094 
3 5000 5095 5064 
3 5094 5096 5097 
3 5097 5066 5094 
3 5095 5000 5068 
3 5067 5097 5096 
3 5097 5067 5066 
3 5095 5068 5069 
3 5040 5067 5098 
3 5098 5099 5040 
3 5070 5040 5099 
3 5041 5100 5101 
3 5038 5041 5101 
3 5071 5070 5099 
3 5100 5041 5043 
3 5072 5102 5103 
3 5072 5103 5100 
3 5100 5043 5072 
3 5072 5045 5102 
3 5009 5071 5104 
3 5104 5105 5009 
3 5073 5106 5045 
3 5074 5009 5105 
3 5105 5107 5074 
3 5108 5106 5073 
3 5073 5075 5108 
3 5107 5109 5074 
3 5076 5110 5111 
3 5075 5076 5108 
3 5076 5111 5108 
3 5047 5074 5109 
3 5109 5112 5047 
3 5081 5110 5016 
3 5110 5076 5016 
3 5077 5047 5112 
3 5113 5082 5077 
3 5077 5112 5113 
3 5080 5079 5114 
3 5081 5080 5114 
3 5115 5052 5082 
3 5082 5113 5115 
3 5115 5116 5052 
3 5079 5052 5116 
3 5116 5117 5079 
3 5117 5114 5079 
3 5056 5118 5119 
3 5119 5054 5056 
3 5118 5056 5083 
3 5083 5120 5118 
3 5120 5083 5084 
3 5084 5121 5120 
3 5122 5123 5085 
3 5119 5085 5054 
3 5119 5122 5085 
3 5121 5084 5086 
3 5086 5124 5121 
3 5123 5125 5059 
3 5059 5085 5123 
3 5124 5086 5087 
3 5087 5088 5126 
3 5126 5088 5089 
3 5125 5091 5090 
3 5125 5090 5059 
3 5126 5089 5092 
3 5093 5091 5125 
3 5125 5127 5093 
3 5064 5128 5092 
3 5127 5129 5093 
3 5065 5093 5129 
3 5129 5130 5065 
3 5130 5094 5065 
3 5130 5131 5094 
3 5096 5094 5131 
3 5067 5096 5131 
3 5131 5132 5067 
3 5133 5095 5069 
3 5098 5067 5132 
3 5132 5099 5098 
3 5069 5038 5101 
3 5071 5099 5134 
3 5104 5071 5134 
3 5134 5135 5104 
3 5103 5102 5136 
3 5105 5104 5135 
3 5102 5137 5136 
3 5102 5045 5137 
3 5105 5135 5107 
3 5106 5108 5137 
3 5137 5045 5106 
3 5138 5139 5140 
3 5140 5141 5108 
3 5108 5138 5140 
3 5107 5142 5109 
3 5110 5143 5144 
3 5144 5139 5138 
3 5138 5110 5144 
3 5110 5138 5111 
3 5108 5111 5138 
3 5112 5109 5142 
3 5081 5145 5146 
3 5110 5081 5143 
3 5081 5146 5143 
3 5113 5112 5147 
3 5113 5148 5115 
3 5113 5147 5148 
3 5116 5115 5148 
3 5117 5116 5148 
3 5148 5149 5117 
3 5114 5117 5149 
3 5149 5145 5114 
3 5081 5114 5145 
3 5119 5150 5122 
3 5150 5119 5118 
3 5120 5151 5118 
3 5120 5152 5151 
3 5152 5120 5121 
3 5153 5152 5121 
3 5154 5123 5122 
3 5121 5124 5155 
3 5155 5153 5121 
3 5154 5125 5123 
3 5124 5087 5155 
3 5156 5155 5087 
3 5156 5087 5126 
3 5092 5157 5126 
3 5158 5159 5127 
3 5127 5125 5158 
3 5157 5092 5128 
3 5160 5129 5127 
3 5130 5129 5160 
3 5064 5161 5128 
3 5131 5130 5160 
3 5161 5064 5095 
3 5095 5162 5161 
3 5160 5163 5131 
3 5162 5095 5133 
3 5133 5164 5162 
3 5132 5131 5163 
3 5164 5133 5069 
3 5165 5132 5163 
3 5069 5166 5164 
3 5099 5132 5165 
3 5166 5069 5101 
3 5165 5167 5099 
3 5101 5100 5166 
3 5099 5167 5168 
3 5168 5134 5099 
3 5168 5169 5134 
3 5169 5170 5134 
3 5103 5171 5100 
3 5135 5134 5170 
3 5170 5172 5135 
3 5171 5103 5136 
3 5137 5173 5171 
3 5171 5136 5137 
3 5107 5135 5172 
3 5172 5174 5107 
3 5141 5175 5176 
3 5176 5173 5137 
3 5137 5141 5176 
3 5137 5108 5141 
3 5177 5140 5139 
3 5139 5178 5177 
3 5141 5140 5175 
3 5140 5177 5175 
3 5142 5107 5174 
3 5174 5179 5142 
3 5180 5146 5181 
3 5181 5182 5144 
3 5144 5180 5181 
3 5144 5143 5180 
3 5178 5139 5144 
3 5144 5182 5178 
3 5179 5183 5142 
3 5112 5142 5183 
3 5183 5184 5112 
3 5145 5185 5146 
3 5143 5146 5180 
3 5147 5112 5184 
3 5184 5186 5147 
3 5148 5147 5186 
3 5186 5187 5148 
3 5149 5148 5187 
3 5187 5185 5149 
3 5145 5149 5185 
3 5188 5189 5122 
3 5188 5122 5150 
3 5150 5190 5188 
3 5191 5150 5118 
3 5191 5190 5150 
3 5191 5118 5151 
3 5151 5192 5191 
3 5192 5151 5152 
3 5152 5193 5192 
3 5193 5152 5153 
3 5153 5194 5193 
3 5189 5195 5154 
3 5154 5122 5189 
3 5194 5153 5155 
3 5125 5154 5195 
3 5156 5196 5155 
3 5195 5197 5125 
3 5196 5156 5126 
3 5126 5198 5196 
3 5126 5199 5198 
3 5197 5200 5159 
3 5159 5125 5197 
3 5159 5158 5125 
3 5199 5126 5157 
3 5157 5201 5199 
3 5200 5160 5159 
3 5160 5127 5159 
3 5201 5157 5128 
3 5128 5202 5201 
3 5128 5203 5202 
3 5203 5128 5161 
3 5161 5204 5203 
3 5204 5161 5162 
3 5162 5205 5204 
3 5163 5160 5206 
3 5205 5162 5164 
3 5164 5207 5205 
3 5164 5208 5207 
3 5165 5163 5209 
3 5208 5164 5166 
3 5166 5210 5208 
3 5167 5165 5209 
3 5209 5211 5167 
3 5210 5166 5100 
3 5211 5168 5167 
3 5168 5211 5169 
3 5170 5169 5211 
3 5211 5212 5170 
3 5213 5100 5171 
3 5212 5172 5170 
3 5214 5171 5173 
3 5173 5215 5214 
3 5174 5172 5212 
3 5212 5216 5174 
3 5217 5176 5175 
3 5175 5218 5217 
3 5215 5173 5176 
3 5176 5217 5215 
3 5216 5219 5174 
3 5177 5178 5220 
3 5218 5175 5177 
3 5177 5220 5218 
3 5179 5174 5219 
3 5219 5221 5179 
3 5222 5181 5146 
3 5182 5181 5220 
3 5181 5222 5220 
3 5178 5182 5220 
3 5183 5179 5221 
3 5221 5223 5183 
3 5224 5184 5183 
3 5183 5223 5224 
3 5146 5185 5225 
3 5225 5222 5146 
3 5226 5186 5184 
3 5184 5224 5226 
3 5226 5227 5186 
3 5187 5186 5227 
3 5227 5228 5187 
3 5228 5229 5187 
3 5229 5225 5185 
3 5185 5187 5229 
3 5193 5230 5192 
3 5193 5231 5230 
3 5188 5190 5232 
3 5232 5189 5188 
3 5231 5193 5194 
3 5194 5233 5231 
3 5194 5234 5233 
3 5232 5195 5189 
3 5234 5194 5155 
3 5234 5155 5196 
3 5196 5235 5234 
3 5196 5198 5235 
3 5195 5236 5197 
3 5199 5201 5198 
3 5200 5197 5236 
3 5160 5200 5236 
3 5236 5237 5160 
3 5204 5238 5203 
3 5160 5239 5206 
3 5240 5238 5204 
3 5204 5241 5240 
3 5205 5241 5204 
3 5242 5206 5239 
3 5240 5241 5205 
3 5242 5243 5163 
3 5242 5163 5206 
3 5207 5244 5205 
3 5209 5163 5243 
3 5244 5207 5208 
3 5243 5245 5209 
3 5244 5208 5210 
3 5211 5209 5245 
3 5100 5246 5210 
3 5100 5247 5246 
3 5247 5100 5213 
3 5213 5248 5247 
3 5212 5211 5249 
3 5248 5213 5171 
3 5171 5214 5248 
3 5212 5249 5250 
3 5250 5251 5212 
3 5214 5215 5252 
3 5216 5212 5251 
3 5251 5253 5216 
3 5218 5254 5252 
3 5218 5252 5217 
3 5215 5217 5252 
3 5219 5216 5253 
3 5253 5221 5219 
3 5254 5218 5220 
3 5222 5255 5256 
3 5256 5220 5222 
3 5223 5257 5224 
3 5224 5258 5226 
3 5224 5257 5258 
3 5227 5226 5258 
3 5259 5227 5258 
3 5229 5228 5259 
3 5259 5260 5229 
3 5260 5261 5225 
3 5225 5229 5260 
3 5261 5255 5225 
3 5222 5225 5255 
3 5228 5227 5259 
3 5190 5262 5263 
3 5262 5190 5191 
3 5191 5264 5262 
3 5264 5191 5192 
3 5264 5192 5230 
3 5230 5265 5264 
3 5231 5233 5230 
3 5233 5265 5230 
3 5263 5232 5190 
3 5233 5234 5266 
3 5232 5267 5195 
3 5268 5266 5234 
3 5268 5234 5235 
3 5268 5235 5198 
3 5198 5269 5268 
3 5236 5195 5267 
3 5198 5201 5270 
3 5270 5269 5198 
3 5267 5237 5236 
3 5202 5271 5270 
3 5270 5201 5202 
3 5272 5160 5237 
3 5271 5202 5203 
3 5272 5273 5160 
3 5271 5203 5238 
3 5238 5274 5271 
3 5275 5276 5239 
3 5273 5275 5239 
3 5239 5160 5273 
3 5274 5238 5240 
3 5240 5277 5274 
3 5242 5239 5276 
3 5276 5278 5242 
3 5277 5240 5205 
3 5243 5242 5278 
3 5277 5205 5244 
3 5245 5243 5278 
3 5278 5279 5245 
3 5211 5245 5279 
3 5279 5280 5211 
3 5281 5210 5246 
3 5246 5282 5281 
3 5282 5246 5247 
3 5249 5211 5280 
3 5248 5283 5282 
3 5282 5247 5248 
3 5280 5284 5249 
3 5248 5285 5283 
3 5248 5214 5285 
3 5250 5249 5284 
3 5250 5284 5286 
3 5286 5251 5250 
3 5286 5253 5251 
3 5285 5214 5252 
3 5252 5254 5285 
3 5287 5288 5220 
3 5288 5254 5220 
3 5253 5289 5221 
3 5223 5221 5289 
3 5289 5290 5223 
3 5255 5261 5291 
3 5291 5287 5256 
3 5256 5255 5291 
3 5220 5256 5287 
3 5257 5223 5290 
3 5258 5257 5290 
3 5290 5292 5258 
3 5292 5293 5258 
3 5259 5258 5293 
3 5260 5259 5293 
3 5264 5294 5262 
3 5264 5295 5294 
3 5295 5264 5265 
3 5295 5265 5233 
3 5233 5296 5295 
3 5297 5298 5232 
3 5263 5297 5232 
3 5296 5233 5266 
3 5266 5299 5296 
3 5267 5232 5298 
3 5299 5266 5268 
3 5268 5300 5299 
3 5268 5269 5301 
3 5301 5300 5268 
3 5269 5270 5301 
3 5267 5302 5237 
3 5272 5237 5302 
3 5302 5303 5272 
3 5303 5273 5272 
3 5304 5271 5274 
3 5303 5276 5275 
3 5303 5275 5273 
3 5304 5274 5277 
3 5278 5276 5303 
3 5303 5305 5278 
3 5305 5279 5278 
3 5244 5306 5277 
3 5281 5244 5210 
3 5279 5307 5280 
3 5282 5308 5309 
3 5282 5309 5281 
3 5308 5282 5283 
3 5284 5280 5307 
3 5307 5310 5284 
3 5308 5283 5285 
3 5286 5284 5310 
3 5310 5311 5286 
3 5253 5286 5311 
3 5311 5312 5253 
3 5254 5288 5313 
3 5313 5285 5254 
3 5288 5287 5313 
3 5287 5314 5313 
3 5289 5253 5312 
3 5312 5315 5289 
3 5289 5315 5290 
3 5261 5316 5291 
3 5317 5314 5287 
3 5287 5291 5317 
3 5292 5290 5318 
3 5293 5292 5318 
3 5318 5319 5293 
3 5319 5316 5293 
3 5260 5293 5316 
3 5261 5260 5316 
3 5294 5320 5321 
3 5320 5294 5322 
3 5321 5263 5262 
3 5321 5262 5294 
3 5295 5322 5294 
3 5323 5322 5295 
3 5323 5295 5296 
3 5296 5324 5323 
3 5325 5298 5297 
3 5324 5296 5299 
3 5299 5326 5324 
3 5299 5327 5326 
3 5325 5267 5298 
3 5327 5299 5300 
3 5328 5302 5267 
3 5328 5329 5302 
3 5271 5304 5270 
3 5303 5302 5329 
3 5329 5330 5303 
3 5331 5332 5303 
3 5330 5331 5303 
3 5333 5304 5277 
3 5277 5306 5333 
3 5305 5303 5332 
3 5334 5279 5305 
3 5244 5335 5306 
3 5244 5281 5335 
3 5281 5336 5335 
3 5334 5337 5279 
3 5307 5279 5337 
3 5336 5281 5309 
3 5307 5337 5338 
3 5308 5339 5309 
3 5310 5307 5338 
3 5285 5340 5339 
3 5339 5308 5285 
3 5338 5341 5310 
3 5285 5342 5340 
3 5311 5310 5341 
3 5341 5343 5311 
3 5313 5344 5345 
3 5345 5342 5285 
3 5285 5313 5345 
3 5312 5311 5343 
3 5346 5347 5313 
3 5313 5347 5344 
3 5348 5314 5317 
3 5314 5348 5346 
3 5313 5314 5346 
3 5315 5312 5349 
3 5290 5315 5349 
3 5349 5350 5290 
3 5351 5348 5291 
3 5291 5316 5351 
3 5348 5317 5291 
3 5318 5290 5350 
3 5350 5352 5318 
3 5319 5318 5352 
3 5319 5351 5316 
3 5321 5353 5354 
3 5353 5321 5320 
3 5320 5355 5353 
3 5355 5320 5322 
3 5322 5323 5356 
3 5356 5355 5322 
3 5357 5325 5297 
3 5354 5297 5263 
3 5354 5357 5297 
3 5354 5263 5321 
3 5358 5356 5323 
3 5324 5358 5323 
3 5324 5326 5359 
3 5359 5358 5324 
3 5359 5326 5327 
3 5360 5267 5325 
3 5360 5328 5267 
3 5301 5361 5300 
3 5361 5301 5270 
3 5270 5362 5361 
3 5329 5328 5363 
3 5362 5270 5304 
3 5363 5331 5330 
3 5330 5329 5363 
3 5304 5364 5362 
3 5364 5304 5333 
3 5331 5365 5332 
3 5364 5333 5306 
3 5306 5366 5364 
3 5365 5305 5332 
3 5334 5305 5365 
3 5306 5367 5366 
3 5367 5306 5335 
3 5367 5335 5336 
3 5337 5334 5368 
3 5368 5369 5337 
3 5309 5370 5336 
3 5337 5369 5371 
3 5371 5338 5337 
3 5339 5372 5373 
3 5339 5373 5370 
3 5370 5309 5339 
3 5374 5338 5371 
3 5339 5375 5372 
3 5339 5340 5375 
3 5338 5374 5376 
3 5376 5341 5338 
3 5375 5340 5342 
3 5342 5377 5375 
3 5343 5341 5376 
3 5376 5378 5343 
3 5379 5377 5345 
3 5345 5344 5379 
3 5377 5342 5345 
3 5312 5343 5378 
3 5346 5348 5380 
3 5347 5346 5379 
3 5346 5380 5379 
3 5344 5347 5379 
3 5381 5352 5350 
3 5352 5381 5382 
3 5319 5352 5382 
3 5382 5383 5319 
3 5351 5319 5383 
3 5355 5384 5353 
3 5384 5355 5356 
3 5357 5385 5386 
3 5386 5387 5357 
3 5387 5325 5357 
3 5354 5385 5357 
3 5359 5388 5358 
3 5327 5388 5359 
3 5360 5325 5387 
3 5387 5389 5360 
3 5327 5300 5388 
3 5328 5360 5389 
3 5300 5390 5388 
3 5390 5300 5361 
3 5361 5391 5390 
3 5389 5363 5328 
3 5391 5361 5362 
3 5362 5392 5391 
3 5393 5365 5331 
3 5393 5331 5363 
3 5394 5364 5366 
3 5365 5395 5334 
3 5395 5396 5334 
3 5368 5334 5396 
3 5396 5397 5368 
3 5398 5367 5336 
3 5369 5368 5397 
3 5370 5399 5398 
3 5398 5336 5370 
3 5371 5369 5397 
3 5399 5370 5373 
3 5373 5372 5399 
3 5371 5400 5374 
3 5401 5402 5399 
3 5399 5372 5401 
3 5372 5375 5401 
3 5374 5400 5403 
3 5403 5376 5374 
3 5377 5404 5405 
3 5405 5402 5401 
3 5401 5377 5405 
3 5377 5401 5375 
3 5403 5378 5376 
3 5379 5406 5404 
3 5377 5379 5404 
3 5378 5407 5312 
3 5348 5406 5380 
3 5406 5379 5380 
3 5349 5312 5407 
3 5407 5408 5349 
3 5348 5409 5410 
3 5350 5349 5408 
3 5408 5411 5350 
3 5381 5350 5411 
3 5381 5412 5382 
3 5381 5411 5412 
3 5383 5382 5412 
3 5412 5413 5383 
3 5351 5383 5413 
3 5413 5409 5351 
3 5348 5351 5409 
3 5354 5414 5385 
3 5414 5354 5353 
3 5353 5415 5414 
3 5415 5353 5384 
3 5384 5416 5415 
3 5384 5417 5416 
3 5417 5384 5356 
3 5356 5418 5417 
3 5358 5418 5356 
3 5387 5386 5419 
3 5385 5419 5386 
3 5420 5387 5419 
3 5388 5421 5358 
3 5420 5422 5389 
3 5420 5389 5387 
3 5423 5389 5422 
3 5421 5388 5390 
3 5390 5424 5421 
3 5424 5390 5391 
3 5391 5425 5424 
3 5363 5389 5423 
3 5423 5426 5363 
3 5425 5391 5392 
3 5426 5427 5393 
3 5393 5363 5426 
3 5392 5428 5425 
3 5428 5392 5362 
3 5365 5393 5427 
3 5428 5362 5364 
3 5428 5364 5394 
3 5394 5429 5428 
3 5427 5395 5365 
3 5429 5394 5366 
3 5366 5430 5429 
3 5430 5366 5367 
3 5367 5431 5430 
3 5395 5432 5396 
3 5431 5367 5398 
3 5397 5396 5432 
3 5432 5433 5397 
3 5433 5434 5397 
3 5399 5435 5398 
3 5371 5397 5434 
3 5400 5371 5434 
3 5436 5435 5399 
3 5399 5437 5436 
3 5399 5402 5437 
3 5403 5400 5434 
3 5434 5438 5403 
3 5404 5437 5405 
3 5437 5402 5405 
3 5378 5403 5438 
3 5438 5439 5378 
3 5404 5406 5440 
3 5407 5378 5439 
3 5410 5441 5348 
3 5406 5348 5440 
3 5348 5441 5440 
3 5442 5411 5408 
3 5412 5411 5442 
3 5442 5443 5412 
3 5413 5412 5443 
3 5443 5444 5413 
3 5444 5445 5413 
3 5445 5410 5409 
3 5409 5413 5445 
3 5415 5446 5414 
3 5446 5415 5416 
3 5416 5447 5446 
3 5447 5416 5448 
3 5449 5450 5385 
3 5414 5449 5385 
3 5417 5448 5416 
3 5418 5448 5417 
3 5450 5451 5419 
3 5419 5385 5450 
3 5358 5452 5418 
3 5358 5453 5452 
3 5420 5419 5451 
3 5453 5358 5421 
3 5422 5420 5451 
3 5451 5454 5423 
3 5423 5422 5451 
3 5454 5455 5423 
3 5456 5424 5425 
3 5457 5458 5426 
3 5455 5457 5426 
3 5426 5423 5455 
3 5425 5428 5456 
3 5458 5459 5426 
3 5459 5427 5426 
3 5429 5460 5428 
3 5427 5461 5395 
3 5460 5429 5430 
3 5461 5462 5395 
3 5430 5463 5460 
3 5463 5430 5431 
3 5432 5395 5462 
3 5464 5432 5462 
3 5465 5431 5398 
3 5464 5466 5433 
3 5433 5432 5464 
3 5466 5434 5433 
3 5398 5467 5465 
3 5398 5435 5467 
3 5466 5468 5434 
3 5436 5469 5467 
3 5467 5435 5436 
3 5437 5470 5469 
3 5469 5436 5437 
3 5438 5434 5468 
3 5468 5471 5438 
3 5437 5404 5470 
3 5439 5438 5471 
3 5472 5473 5440 
3 5470 5404 5440 
3 5440 5473 5470 
3 5439 5474 5407 
3 5410 5475 5476 
3 5441 5410 5472 
3 5410 5476 5472 
3 5440 5441 5472 
3 5408 5407 5474 
3 5474 5477 5408 
3 5477 5478 5408 
3 5479 5444 5480 
3 5480 5481 5410 
3 5410 5479 5480 
3 5410 5445 5479 
3 5481 5475 5410 
3 5442 5408 5478 
3 5478 5482 5442 
3 5443 5442 5482 
3 5482 5444 5443 
3 5444 5479 5445 
3 5414 5483 5449 
3 5483 5414 5446 
3 5483 5446 5447 
3 5448 5484 5447 
3 5448 5485 5484 
3 5486 5450 5449 
3 5485 5448 5418 
3 5418 5487 5485 
3 5488 5451 5450 
3 5450 5486 5488 
3 5487 5418 5452 
3 5452 5489 5487 
3 5452 5453 5489 
3 5488 5490 5451 
3 5453 5421 5489 
3 5421 5491 5489 
3 5492 5451 5490 
3 5491 5421 5424 
3 5424 5493 5491 
3 5492 5494 5451 
3 5494 5454 5451 
3 5494 5495 5457 
3 5457 5454 5494 
3 5457 5455 5454 
3 5493 5424 5456 
3 5495 5458 5457 
3 5428 5496 5456 
3 5497 5458 5495 
3 5497 5459 5458 
3 5497 5427 5459 
3 5428 5460 5496 
3 5497 5461 5427 
3 5463 5498 5460 
3 5498 5463 5431 
3 5431 5499 5498 
3 5461 5500 5462 
3 5499 5431 5465 
3 5465 5501 5499 
3 5464 5462 5500 
3 5466 5464 5500 
3 5500 5502 5466 
3 5503 5504 5465 
3 5465 5467 5503 
3 5468 5466 5502 
3 5505 5504 5503 
3 5503 5506 5505 
3 5467 5469 5506 
3 5506 5503 5467 
3 5507 5505 5506 
3 5507 5506 5470 
3 5469 5470 5506 
3 5507 5473 5508 
3 5473 5507 5470 
3 5471 5509 5439 
3 5472 5510 5511 
3 5473 5472 5508 
3 5472 5511 5508 
3 5474 5439 5509 
3 5509 5512 5474 
3 5475 5513 5514 
3 5514 5510 5476 
3 5476 5475 5514 
3 5510 5472 5476 
3 5477 5474 5512 
3 5515 5478 5477 
3 5516 5513 5480 
3 5480 5444 5516 
3 5481 5480 5513 
3 5475 5481 5513 
3 5517 5482 5478 
3 5478 5515 5517 
3 5517 5518 5482 
3 5444 5482 5518 
3 5518 5519 5444 
3 5519 5516 5444 
3 5483 5520 5449 
3 5483 5521 5520 
3 5521 5483 5447 
3 5521 5447 5484 
3 5485 5522 5484 
3 5449 5523 5486 
3 5522 5485 5487 
3 5487 5524 5522 
3 5525 5490 5488 
3 5488 5486 5523 
3 5523 5525 5488 
3 5524 5487 5489 
3 5489 5526 5524 
3 5489 5527 5526 
3 5489 5491 5527 
3 5493 5527 5491 
3 5528 5492 5490 
3 5528 5494 5492 
3 5528 5495 5494 
3 5456 5529 5493 
3 5529 5456 5496 
3 5496 5530 5529 
3 5495 5531 5497 
3 5530 5496 5460 
3 5461 5497 5531 
3 5532 5460 5498 
3 5532 5498 5499 
3 5500 5461 5533 
3 5532 5499 5501 
3 5502 5500 5533 
3 5533 5534 5502 
3 5501 5465 5535 
3 5536 5535 5504 
3 5504 5537 5536 
3 5465 5504 5535 
3 5502 5538 5468 
3 5505 5539 5537 
3 5537 5504 5505 
3 5507 5540 5539 
3 5539 5505 5507 
3 5471 5468 5538 
3 5538 5541 5471 
3 5508 5542 5543 
3 5540 5507 5508 
3 5508 5543 5540 
3 5509 5471 5541 
3 5541 5544 5509 
3 5545 5542 5511 
3 5511 5510 5545 
3 5542 5508 5511 
3 5512 5509 5544 
3 5513 5546 5514 
3 5546 5545 5510 
3 5510 5514 5546 
3 5512 5547 5477 
3 5515 5477 5547 
3 5515 5548 5517 
3 5515 5547 5548 
3 5518 5517 5548 
3 5519 5518 5548 
3 5548 5549 5519 
3 5516 5519 5549 
3 5520 5550 5449 
3 5550 5520 5521 
3 5521 5551 5550 
3 5521 5552 5551 
3 5552 5521 5484 
3 5484 5522 5552 
3 5553 5554 5523 
3 5525 5554 5553 
3 5553 5555 5525 
3 5555 5490 5525 
3 5554 5525 5523 
3 5526 5556 5524 
3 5556 5526 5527 
3 5555 5557 5490 
3 5527 5558 5556 
3 5557 5559 5490 
3 5493 5560 5527 
3 5559 5561 5528 
3 5528 5490 5559 
3 5495 5528 5561 
3 5561 5562 5495 
3 5560 5493 5529 
3 5529 5563 5560 
3 5529 5564 5563 
3 5529 5565 5564 
3 5562 5566 5495 
3 5529 5530 5565 
3 5566 5531 5495 
3 5565 5530 5567 
3 5460 5567 5530 
3 5460 5532 5567 
3 5531 5568 5461 
3 5532 5569 5567 
3 5533 5461 5568 
3 5569 5532 5570 
3 5568 5571 5533 
3 5501 5572 5570 
3 5532 5501 5570 
3 5501 5573 5572 
3 5534 5533 5571 
3 5573 5501 5574 
3 5501 5535 5574 
3 5534 5575 5502 
3 5535 5536 5574 
3 5536 5537 5574 
3 5538 5502 5575 
3 5574 5576 5577 
3 5537 5539 5576 
3 5576 5574 5537 
3 5578 5579 5580 
3 5580 5577 5576 
3 5576 5578 5580 
3 5539 5540 5578 
3 5578 5576 5539 
3 5538 5581 5541 
3 5578 5542 5579 
3 5542 5578 5543 
3 5540 5543 5578 
3 5544 5541 5581 
3 5581 5582 5544 
3 5583 5579 5545 
3 5545 5546 5583 
3 5542 5545 5579 
3 5584 5512 5544 
3 5544 5582 5584 
3 5585 5586 5513 
3 5546 5513 5583 
3 5513 5586 5583 
3 5587 5547 5512 
3 5512 5584 5587 
3 5587 5588 5547 
3 5548 5547 5588 
3 5588 5589 5548 
3 5549 5548 5589 
3 5589 5590 5549 
3 5516 5549 5590 
3 5513 5516 5585 
3 5516 5590 5585 
3 5550 5591 5592 
3 5591 5550 5551 
3 5591 5551 5593 
3 5594 5595 5523 
3 5592 5523 5449 
3 5592 5594 5523 
3 5592 5449 5550 
3 5552 5593 5551 
3 5552 5522 5596 
3 5596 5593 5552 
3 5522 5597 5596 
3 5553 5523 5595 
3 5597 5522 5524 
3 5598 5597 5524 
3 5555 5553 5595 
3 5524 5556 5598 
3 5556 5599 5598 
3 5600 5557 5555 
3 5599 5556 5558 
3 5558 5601 5599 
3 5601 5558 5527 
3 5527 5602 5601 
3 5603 5557 5600 
3 5603 5559 5557 
3 5602 5527 5560 
3 5603 5561 5559 
3 5563 5604 5560 
3 5604 5563 5564 
3 5604 5564 5565 
3 5566 5562 5561 
3 5566 5605 5531 
3 5568 5531 5605 
3 5569 5606 5567 
3 5607 5608 5606 
3 5606 5569 5607 
3 5608 5607 5570 
3 5570 5609 5608 
3 5569 5570 5607 
3 5571 5568 5610 
3 5609 5570 5572 
3 5609 5572 5611 
3 5572 5573 5611 
3 5610 5612 5534 
3 5534 5571 5610 
3 5573 5574 5611 
3 5612 5575 5534 
3 5612 5613 5575 
3 5538 5575 5613 
3 5577 5614 5615 
3 5615 5574 5577 
3 5538 5613 5616 
3 5614 5580 5579 
3 5614 5577 5580 
3 5616 5581 5538 
3 5581 5617 5582 
3 5583 5586 5579 
3 5584 5582 5617 
3 5617 5587 5584 
3 5585 5618 5619 
3 5586 5585 5619 
3 5587 5620 5588 
3 5589 5588 5620 
3 5620 5621 5589 
3 5590 5589 5621 
3 5621 5618 5590 
3 5618 5585 5590 
3 5622 5623 5592 
3 5622 5592 5591 
3 5591 5624 5622 
3 5624 5591 5593 
3 5594 5623 5625 
3 5625 5595 5594 
3 5594 5592 5623 
3 5625 5626 5595 
3 5598 5627 5597 
3 5598 5628 5627 
3 5629 5630 5555 
3 5555 5595 5626 
3 5626 5629 5555 
3 5598 5599 5628 
3 5600 5555 5630 
3 5599 5601 5628 
3 5602 5628 5601 
3 5603 5600 5630 
3 5631 5602 5560 
3 5561 5603 5630 
3 5630 5632 5561 
3 5560 5633 5631 
3 5632 5634 5561 
3 5633 5560 5604 
3 5604 5635 5633 
3 5634 5636 5561 
3 5635 5604 5565 
3 5636 5637 5566 
3 5566 5561 5636 
3 5637 5638 5566 
3 5605 5566 5638 
3 5567 5639 5565 
3 5638 5640 5568 
3 5568 5605 5638 
3 5639 5567 5606 
3 5610 5568 5640 
3 5640 5641 5610 
3 5612 5610 5641 
3 5574 5642 5643 
3 5643 5611 5574 
3 5642 5574 5644 
3 5574 5615 5644 
3 5615 5614 5645 
3 5645 5644 5615 
3 5579 5646 5645 
3 5579 5645 5614 
3 5616 5647 5581 
3 5617 5581 5647 
3 5586 5648 5646 
3 5579 5586 5646 
3 5587 5617 5649 
3 5649 5650 5587 
3 5651 5648 5619 
3 5619 5618 5651 
3 5586 5619 5648 
3 5620 5587 5650 
3 5621 5620 5652 
3 5621 5652 5651 
3 5618 5621 5651 
3 5622 5653 5654 
3 5654 5623 5622 
3 5653 5622 5624 
3 5624 5655 5653 
3 5655 5624 5593 
3 5593 5656 5655 
3 5596 5656 5593 
3 5654 5625 5623 
3 5657 5656 5596 
3 5657 5596 5597 
3 5625 5658 5659 
3 5659 5626 5625 
3 5657 5597 5627 
3 5627 5660 5657 
3 5660 5627 5628 
3 5629 5659 5658 
3 5658 5661 5629 
3 5661 5630 5629 
3 5659 5629 5626 
3 5628 5662 5660 
3 5662 5628 5602 
3 5602 5663 5662 
3 5661 5632 5630 
3 5663 5602 5631 
3 5631 5664 5663 
3 5664 5631 5633 
3 5664 5633 5635 
3 5634 5665 5636 
3 5665 5637 5636 
3 5565 5666 5635 
3 5638 5637 5665 
3 5665 5667 5638 
3 5667 5668 5638 
3 5666 5565 5639 
3 5640 5638 5668 
3 5668 5669 5640 
3 5639 5606 5670 
3 5608 5671 5670 
3 5606 5608 5670 
3 5640 5672 5641 
3 5609 5673 5671 
3 5671 5608 5609 
3 5609 5674 5673 
3 5609 5611 5674 
3 5612 5641 5672 
3 5643 5675 5674 
3 5674 5611 5643 
3 5672 5676 5612 
3 5643 5677 5675 
3 5643 5642 5677 
3 5613 5612 5676 
3 5644 5678 5677 
3 5677 5642 5644 
3 5676 5679 5613 
3 5645 5680 5678 
3 5678 5644 5645 
3 5616 5613 5679 
3 5679 5681 5616 
3 5645 5682 5680 
3 5645 5646 5682 
3 5647 5616 5681 
3 5646 5683 5682 
3 5647 5684 5617 
3 5648 5685 5683 
3 5646 5648 5683 
3 5649 5617 5684 
3 5649 5686 5650 
3 5687 5650 5686 
3 5688 5685 5651 
3 5648 5651 5685 
3 5650 5687 5620 
3 5652 5620 5687 
3 5687 5689 5652 
3 5689 5688 5652 
3 5651 5652 5688 
3 5690 5691 5654 
3 5690 5654 5653 
3 5653 5692 5690 
3 5655 5693 5692 
3 5692 5653 5655 
3 5694 5693 5655 
3 5694 5655 5656 
3 5691 5695 5625 
3 5625 5654 5691 
3 5696 5656 5657 
3 5695 5697 5658 
3 5658 5625 5695 
3 5657 5660 5698 
3 5698 5696 5657 
3 5660 5699 5698 
3 5697 5661 5658 
3 5660 5700 5699 
3 5700 5660 5662 
3 5663 5701 5662 
3 5701 5663 5664 
3 5664 5702 5701 
3 5661 5703 5632 
3 5634 5632 5703 
3 5703 5704 5634 
3 5702 5664 5635 
3 5635 5705 5702 
3 5665 5634 5704 
3 5704 5667 5665 
3 5705 5635 5666 
3 5706 5668 5667 
3 5639 5707 5666 
3 5706 5669 5668 
3 5639 5708 5707 
3 5708 5639 5670 
3 5670 5709 5708 
3 5709 5670 5671 
3 5640 5669 5710 
3 5672 5640 5710 
3 5673 5711 5671 
3 5711 5673 5674 
3 5674 5712 5711 
3 5710 5713 5672 
3 5712 5674 5675 
3 5675 5714 5712 
3 5676 5672 5713 
3 5677 5715 5716 
3 5677 5716 5714 
3 5714 5675 5677 
3 5717 5718 5719 
3 5719 5715 5677 
3 5677 5717 5719 
3 5677 5678 5717 
3 5720 5718 5717 
3 5717 5680 5720 
3 5680 5717 5678 
3 5721 5680 5682 
3 5682 5722 5721 
3 5680 5721 5720 
3 5681 5723 5647 
3 5683 5722 5682 
3 5647 5723 5684 
3 5724 5649 5684 
3 5686 5649 5724 
3 5724 5725 5686 
3 5687 5686 5725 
3 5689 5687 5725 
3 5725 5726 5689 
3 5688 5689 5726 
3 5685 5688 5726 
3 5726 5727 5685 
3 5727 5683 5685 
3 5693 5728 5729 
3 5729 5692 5693 
3 5694 5730 5693 
3 5730 5728 5693 
3 5731 5730 5694 
3 5690 5732 5733 
3 5733 5691 5690 
3 5729 5690 5692 
3 5729 5732 5690 
3 5694 5656 5731 
3 5656 5734 5731 
3 5691 5733 5695 
3 5734 5656 5696 
3 5696 5735 5734 
3 5736 5697 5695 
3 5735 5696 5698 
3 5698 5699 5737 
3 5737 5735 5698 
3 5736 5738 5697 
3 5699 5700 5737 
3 5700 5662 5737 
3 5662 5739 5737 
3 5739 5662 5701 
3 5701 5740 5739 
3 5738 5741 5661 
3 5661 5697 5738 
3 5740 5701 5702 
3 5703 5661 5741 
3 5702 5742 5740 
3 5741 5743 5704 
3 5704 5703 5741 
3 5705 5742 5702 
3 5743 5706 5704 
3 5706 5667 5704 
3 5705 5666 5707 
3 5706 5744 5669 
3 5707 5708 5709 
3 5745 5669 5744 
3 5745 5710 5669 
3 5745 5746 5710 
3 5747 5709 5671 
3 5747 5671 5711 
3 5711 5748 5747 
3 5749 5750 5748 
3 5748 5711 5749 
3 5711 5712 5749 
3 5713 5710 5746 
3 5750 5749 5714 
3 5714 5751 5750 
3 5712 5714 5749 
3 5746 5752 5713 
3 5751 5716 5715 
3 5715 5753 5751 
3 5751 5714 5716 
3 5676 5713 5752 
3 5752 5679 5676 
3 5753 5719 5718 
3 5718 5754 5753 
3 5753 5715 5719 
3 5720 5755 5754 
3 5754 5718 5720 
3 5756 5681 5679 
3 5757 5755 5721 
3 5721 5722 5757 
3 5755 5720 5721 
3 5723 5681 5756 
3 5756 5758 5723 
3 5683 5759 5757 
3 5722 5683 5757 
3 5684 5723 5758 
3 5760 5683 5727 
3 5760 5759 5683 
3 5684 5761 5724 
3 5725 5724 5761 
3 5761 5762 5725 
3 5726 5725 5762 
3 5762 5763 5726 
3 5727 5726 5763 
3 5763 5760 5727 
3 5764 5765 5732 
3 5729 5766 5764 
3 5764 5732 5729 
3 5766 5729 5728 
3 5730 5731 5728 
3 5765 5733 5732 
3 5767 5768 5695 
3 5695 5733 5767 
3 5735 5769 5734 
3 5770 5695 5768 
3 5770 5736 5695 
3 5769 5735 5737 
3 5737 5771 5769 
3 5770 5772 5736 
3 5772 5738 5736 
3 5737 5773 5771 
3 5773 5737 5739 
3 5773 5739 5740 
3 5772 5741 5738 
3 5774 5740 5742 
3 5775 5743 5741 
3 5774 5742 5705 
3 5705 5776 5774 
3 5775 5706 5743 
3 5705 5777 5776 
3 5705 5707 5777 
3 5707 5778 5777 
3 5778 5707 5709 
3 5745 5744 5779 
3 5709 5780 5781 
3 5709 5781 5778 
3 5709 5782 5780 
3 5709 5747 5782 
3 5745 5783 5746 
3 5748 5784 5782 
3 5782 5747 5748 
3 5748 5785 5784 
3 5748 5750 5785 
3 5785 5750 5751 
3 5746 5786 5752 
3 5753 5785 5751 
3 5752 5786 5787 
3 5787 5679 5752 
3 5753 5754 5755 
3 5787 5788 5679 
3 5756 5679 5788 
3 5788 5789 5756 
3 5757 5790 5755 
3 5791 5758 5756 
3 5756 5789 5791 
3 5759 5790 5757 
3 5791 5684 5758 
3 5684 5791 5792 
3 5760 5763 5793 
3 5759 5760 5793 
3 5792 5761 5684 
3 5761 5792 5794 
3 5762 5761 5794 
3 5794 5795 5762 
3 5763 5762 5795 
3 5766 5796 5764 
3 5796 5766 5728 
3 5728 5797 5796 
3 5797 5728 5731 
3 5731 5798 5797 
3 5731 5799 5798 
3 5733 5765 5767 
3 5799 5731 5734 
3 5734 5800 5799 
3 5767 5801 5802 
3 5802 5768 5767 
3 5734 5769 5771 
3 5771 5800 5734 
3 5770 5802 5801 
3 5801 5803 5770 
3 5802 5770 5768 
3 5804 5805 5772 
3 5803 5804 5772 
3 5772 5770 5803 
3 5740 5806 5773 
3 5807 5772 5805 
3 5807 5741 5772 
3 5740 5774 5806 
3 5807 5808 5741 
3 5775 5741 5808 
3 5808 5809 5775 
3 5776 5810 5774 
3 5809 5811 5775 
3 5810 5776 5777 
3 5706 5775 5811 
3 5811 5812 5706 
3 5812 5813 5706 
3 5810 5777 5778 
3 5778 5814 5810 
3 5813 5744 5706 
3 5813 5779 5744 
3 5781 5815 5778 
3 5813 5816 5779 
3 5781 5780 5815 
3 5745 5779 5816 
3 5783 5745 5816 
3 5816 5817 5783 
3 5817 5818 5783 
3 5782 5784 5819 
3 5746 5783 5818 
3 5819 5784 5785 
3 5786 5746 5818 
3 5818 5820 5786 
3 5753 5821 5785 
3 5787 5786 5820 
3 5820 5822 5787 
3 5755 5823 5824 
3 5821 5753 5755 
3 5755 5824 5821 
3 5788 5787 5822 
3 5755 5825 5823 
3 5789 5788 5822 
3 5822 5826 5789 
3 5825 5755 5790 
3 5791 5789 5826 
3 5826 5827 5791 
3 5828 5759 5793 
3 5759 5828 5790 
3 5792 5791 5827 
3 5827 5829 5792 
3 5792 5830 5794 
3 5792 5829 5830 
3 5795 5794 5830 
3 5830 5831 5795 
3 5763 5795 5831 
3 5793 5763 5831 
3 5796 5832 5833 
3 5832 5796 5797 
3 5797 5834 5832 
3 5833 5765 5764 
3 5833 5835 5765 
3 5833 5764 5796 
3 5798 5834 5797 
3 5767 5765 5835 
3 5835 5836 5767 
3 5800 5837 5799 
3 5800 5838 5837 
3 5836 5801 5767 
3 5838 5800 5771 
3 5839 5838 5771 
3 5840 5839 5771 
3 5805 5804 5841 
3 5841 5842 5805 
3 5804 5803 5801 
3 5801 5841 5804 
3 5840 5771 5773 
3 5842 5843 5805 
3 5843 5844 5807 
3 5807 5805 5843 
3 5808 5807 5844 
3 5844 5845 5808 
3 5846 5806 5774 
3 5847 5808 5845 
3 5847 5809 5808 
3 5774 5810 5846 
3 5847 5811 5809 
3 5810 5848 5846 
3 5812 5811 5847 
3 5847 5813 5812 
3 5848 5810 5814 
3 5814 5778 5849 
3 5815 5850 5849 
3 5778 5815 5849 
3 5813 5851 5816 
3 5850 5815 5780 
3 5780 5852 5850 
3 5780 5782 5852 
3 5817 5816 5851 
3 5818 5817 5851 
3 5852 5782 5819 
3 5819 5785 5852 
3 5851 5853 5818 
3 5820 5818 5853 
3 5853 5854 5820 
3 5854 5855 5820 
3 5785 5821 5856 
3 5822 5820 5855 
3 5856 5824 5823 
3 5823 5857 5856 
3 5856 5821 5824 
3 5855 5858 5822 
3 5859 5857 5823 
3 5823 5825 5859 
3 5826 5822 5858 
3 5858 5860 5826 
3 5825 5790 5859 
3 5790 5861 5859 
3 5827 5826 5860 
3 5793 5862 5863 
3 5863 5861 5828 
3 5828 5793 5863 
3 5861 5790 5828 
3 5829 5827 5864 
3 5830 5829 5864 
3 5864 5865 5830 
3 5865 5866 5830 
3 5831 5830 5866 
3 5866 5862 5831 
3 5793 5831 5862 
3 5867 5833 5832 
3 5834 5868 5832 
3 5834 5869 5868 
3 5835 5833 5867 
3 5869 5834 5798 
3 5869 5798 5799 
3 5799 5870 5869 
3 5835 5871 5872 
3 5836 5835 5872 
3 5870 5799 5837 
3 5837 5873 5870 
3 5873 5837 5838 
3 5872 5874 5801 
3 5872 5801 5836 
3 5873 5838 5839 
3 5874 5875 5876 
3 5876 5801 5874 
3 5841 5876 5875 
3 5875 5877 5841 
3 5877 5842 5841 
3 5876 5841 5801 
3 5773 5878 5840 
3 5843 5842 5877 
3 5878 5773 5806 
3 5877 5879 5843 
3 5879 5844 5843 
3 5806 5880 5878 
3 5879 5845 5844 
3 5880 5806 5846 
3 5879 5847 5845 
3 5846 5881 5880 
3 5879 5882 5847 
3 5881 5846 5848 
3 5813 5847 5882 
3 5848 5814 5883 
3 5814 5849 5883 
3 5883 5849 5850 
3 5850 5884 5883 
3 5885 5851 5813 
3 5884 5850 5852 
3 5852 5886 5884 
3 5885 5887 5851 
3 5852 5888 5886 
3 5888 5852 5785 
3 5853 5851 5887 
3 5887 5889 5853 
3 5785 5890 5888 
3 5889 5891 5853 
3 5891 5854 5853 
3 5785 5856 5890 
3 5855 5854 5891 
3 5857 5892 5893 
3 5893 5894 5856 
3 5856 5857 5893 
3 5857 5859 5892 
3 5860 5858 5895 
3 5860 5895 5896 
3 5897 5892 5861 
3 5892 5859 5861 
3 5896 5827 5860 
3 5827 5898 5864 
3 5827 5896 5898 
3 5899 5900 5863 
3 5863 5862 5899 
3 5861 5863 5897 
3 5863 5900 5897 
3 5865 5864 5898 
3 5865 5901 5866 
3 5862 5866 5901 
3 5901 5899 5862 
3 5867 5902 5903 
3 5902 5867 5832 
3 5902 5832 5868 
3 5869 5904 5868 
3 5871 5835 5905 
3 5835 5903 5905 
3 5903 5835 5867 
3 5869 5870 5906 
3 5906 5904 5869 
3 5907 5908 5872 
3 5872 5871 5905 
3 5905 5907 5872 
3 5870 5873 5906 
3 5908 5874 5872 
3 5873 5839 5909 
3 5839 5910 5909 
3 5908 5875 5874 
3 5910 5839 5840 
3 5910 5840 5878 
3 5878 5911 5910 
3 5878 5912 5911 
3 5877 5913 5879 
3 5912 5878 5880 
3 5913 5882 5879 
3 5880 5881 5914 
3 5881 5915 5914 
3 5916 5813 5882 
3 5915 5881 5848 
3 5916 5917 5813 
3 5848 5883 5915 
3 5883 5918 5915 
3 5885 5813 5917 
3 5918 5883 5884 
3 5886 5919 5918 
3 5918 5884 5886 
3 5887 5885 5917 
3 5917 5920 5887 
3 5888 5921 5919 
3 5919 5886 5888 
3 5887 5922 5889 
3 5890 5923 5924 
3 5890 5924 5921 
3 5921 5888 5890 
3 5891 5889 5922 
3 5922 5925 5891 
3 5923 5890 5856 
3 5856 5926 5923 
3 5855 5891 5925 
3 5925 5927 5855 
3 5926 5856 5894 
3 5858 5855 5927 
3 5927 5928 5858 
3 5929 5894 5893 
3 5893 5892 5929 
3 5928 5895 5858 
3 5892 5930 5931 
3 5929 5892 5931 
3 5895 5932 5896 
3 5892 5897 5930 
3 5897 5933 5930 
3 5898 5896 5932 
3 5932 5934 5898 
3 5935 5898 5934 
3 5936 5937 5899 
3 5937 5933 5899 
3 5900 5899 5933 
3 5933 5897 5900 
3 5898 5935 5865 
3 5938 5901 5865 
3 5865 5935 5938 
3 5901 5938 5936 
3 5899 5901 5936 
3 5939 5940 5905 
3 5939 5905 5903 
3 5902 5941 5903 
3 5902 5942 5941 
3 5942 5902 5868 
3 5868 5943 5942 
3 5943 5868 5904 
3 5940 5908 5905 
3 5943 5904 5906 
3 5906 5944 5943 
3 5906 5945 5944 
3 5907 5905 5908 
3 5945 5906 5873 
3 5873 5946 5945 
3 5946 5873 5909 
3 5909 5947 5946 
3 5947 5909 5910 
3 5908 5948 5875 
3 5947 5910 5911 
3 5877 5875 5948 
3 5948 5949 5913 
3 5913 5877 5948 
3 5950 5911 5912 
3 5912 5880 5950 
3 5949 5951 5913 
3 5880 5952 5950 
3 5951 5882 5913 
3 5952 5880 5914 
3 5951 5953 5882 
3 5952 5914 5915 
3 5916 5882 5953 
3 5953 5917 5916 
3 5954 5915 5918 
3 5919 5955 5918 
3 5917 5956 5920 
3 5921 5957 5955 
3 5955 5919 5921 
3 5887 5920 5956 
3 5921 5958 5957 
3 5922 5887 5956 
3 5956 5959 5922 
3 5958 5924 5923 
3 5923 5960 5958 
3 5958 5921 5924 
3 5922 5959 5961 
3 5961 5925 5922 
3 5960 5923 5962 
3 5923 5926 5962 
3 5961 5963 5925 
3 5963 5927 5925 
3 5894 5964 5960 
3 5962 5894 5960 
3 5894 5962 5926 
3 5928 5927 5963 
3 5963 5965 5928 
3 5929 5966 5967 
3 5894 5929 5964 
3 5929 5967 5964 
3 5895 5928 5965 
3 5966 5931 5930 
3 5930 5933 5966 
3 5966 5929 5931 
3 5895 5968 5932 
3 5932 5968 5969 
3 5969 5934 5932 
3 5969 5970 5934 
3 5935 5934 5970 
3 5935 5971 5938 
3 5935 5970 5971 
3 5936 5938 5971 
3 5937 5936 5971 
3 5942 5972 5941 
3 5940 5939 5973 
3 5973 5974 5940 
3 5975 5939 5903 
3 5975 5973 5939 
3 5975 5903 5941 
3 5943 5972 5942 
3 5908 5940 5974 
3 5976 5943 5944 
3 5976 5944 5945 
3 5945 5977 5976 
3 5974 5978 5908 
3 5945 5946 5977 
3 5978 5979 5908 
3 5947 5980 5946 
3 5948 5908 5979 
3 5979 5981 5948 
3 5980 5947 5911 
3 5911 5982 5980 
3 5981 5949 5948 
3 5982 5911 5950 
3 5950 5983 5982 
3 5950 5952 5983 
3 5915 5954 5952 
3 5953 5984 5917 
3 5918 5985 5954 
3 5984 5986 5917 
3 5985 5918 5987 
3 5918 5955 5987 
3 5956 5917 5986 
3 5986 5988 5956 
3 5955 5989 5987 
3 5955 5957 5989 
3 5989 5957 5958 
3 5959 5956 5988 
3 5988 5961 5959 
3 5958 5990 5989 
3 5958 5960 5990 
3 5960 5991 5990 
3 5991 5960 5964 
3 5991 5967 5966 
3 5991 5964 5967 
3 5992 5895 5965 
3 5933 5993 5966 
3 5992 5968 5895 
3 5968 5994 5969 
3 5968 5992 5994 
3 5969 5994 5995 
3 5933 5996 5997 
3 5997 5993 5933 
3 5995 5970 5969 
3 5971 5970 5995 
3 5995 5998 5971 
3 5998 5996 5971 
3 5937 5971 5996 
3 5933 5937 5996 
3 5975 5999 5973 
3 5999 5975 5941 
3 5941 6000 5999 
3 6000 5941 5972 
3 5972 6001 6000 
3 6001 5972 5943 
3 5943 6002 6001 
3 5943 5976 6002 
3 6003 6002 5976 
3 5977 6003 5976 
3 5977 5946 6004 
3 6004 6003 5977 
3 5946 6005 6004 
3 5978 6006 5979 
3 6005 5946 5980 
3 5981 5979 6006 
3 6006 6007 5981 
3 6007 5949 5981 
3 5983 6008 5982 
3 6007 6009 5949 
3 5983 5952 6008 
3 5951 5949 6009 
3 6009 6010 5951 
3 6010 6011 5953 
3 5953 5951 6010 
3 5952 6012 6008 
3 6012 5952 5954 
3 5954 6013 6012 
3 5954 6014 6013 
3 5984 5953 6015 
3 6015 6016 5984 
3 5954 6017 6014 
3 6016 6018 5984 
3 6017 5954 5985 
3 5986 5984 6018 
3 6018 6019 5986 
3 5985 5987 6020 
3 6021 5986 6019 
3 5986 6021 5988 
3 6020 5987 5989 
3 5961 5988 6021 
3 6021 6022 5961 
3 6022 6023 5961 
3 6024 5989 5990 
3 5990 5991 6024 
3 5963 5961 6023 
3 6023 6025 5963 
3 5965 5963 6025 
3 6025 6026 5965 
3 5991 5966 6027 
3 5992 5965 6026 
3 5966 5993 6027 
3 5992 6028 5994 
3 6028 5995 5994 
3 5996 6029 6030 
3 5997 5996 6030 
3 6030 6027 5993 
3 5993 5997 6030 
3 5995 6028 6031 
3 5998 5995 6031 
3 5998 6029 5996 
3 6032 6033 5973 
3 6032 5973 5999 
3 5999 6034 6032 
3 6034 5999 6000 
3 6001 6035 6000 
3 6033 6036 5974 
3 5974 5973 6033 
3 6001 6002 6035 
3 6003 6037 6002 
3 6038 5974 6036 
3 6038 5978 5974 
3 6037 6003 6004 
3 6005 6039 6004 
3 6006 5978 6038 
3 6039 6005 5980 
3 5980 5982 6039 
3 6006 6040 6007 
3 6008 6041 5982 
3 6009 6007 6040 
3 6009 6042 6010 
3 6042 6011 6010 
3 6041 6008 6013 
3 6012 6013 6008 
3 6042 5953 6011 
3 6042 6043 6015 
3 6042 6015 5953 
3 6016 6015 6043 
3 6013 6014 6017 
3 6017 6044 6013 
3 6018 6016 6043 
3 6043 6019 6018 
3 5985 6045 6017 
3 6045 5985 6020 
3 6020 6046 6045 
3 6019 6047 6021 
3 6046 6020 5989 
3 6047 6023 6021 
3 6023 6022 6021 
3 6024 6048 6049 
3 6049 5989 6024 
3 6023 6050 6025 
3 5991 6027 6048 
3 6048 6024 5991 
3 6026 6025 6050 
3 6050 6051 6026 
3 5992 6026 6051 
3 6051 6052 5992 
3 6052 6053 5992 
3 6054 6027 6030 
3 6028 5992 6053 
3 6028 6055 6031 
3 5998 6031 6055 
3 6029 5998 6055 
3 6055 6056 6029 
3 6030 6029 6056 
3 6056 6054 6030 
3 6032 6057 6033 
3 6034 6058 6057 
3 6057 6032 6034 
3 6034 6000 6059 
3 6059 6058 6034 
3 6059 6000 6035 
3 6035 6060 6059 
3 6060 6035 6002 
3 6002 6061 6060 
3 6062 6061 6002 
3 6002 6037 6063 
3 6063 6062 6002 
3 6064 6065 6038 
3 6038 6036 6064 
3 6037 6066 6063 
3 6004 6039 6037 
3 6039 6066 6037 
3 6065 6067 6006 
3 6065 6006 6038 
3 5982 6068 6039 
3 6040 6006 6067 
3 5982 6041 6068 
3 6040 6069 6009 
3 6041 6070 6068 
3 6042 6009 6069 
3 6041 6071 6070 
3 6069 6043 6042 
3 6071 6041 6013 
3 6013 6072 6071 
3 6072 6013 6044 
3 6017 6073 6044 
3 6043 6074 6019 
3 6073 6017 6045 
3 6045 6075 6073 
3 6046 6076 6075 
3 6075 6045 6046 
3 6047 6019 6074 
3 6074 6077 6047 
3 6046 6078 6076 
3 5989 6079 6078 
3 6078 6046 5989 
3 6077 6080 6047 
3 6023 6047 6080 
3 6049 6079 5989 
3 6080 6081 6023 
3 6049 6048 6082 
3 6050 6023 6081 
3 6081 6083 6050 
3 6048 6027 6082 
3 6050 6084 6051 
3 6050 6083 6084 
3 6027 6054 6085 
3 6027 6085 6082 
3 6084 6052 6051 
3 6052 6086 6053 
3 6052 6084 6086 
3 6086 6028 6053 
3 6086 6087 6028 
3 6055 6028 6087 
3 6087 6088 6055 
3 6056 6055 6088 
3 6088 6089 6056 
3 6056 6089 6054 
3 6090 6091 6057 
3 6058 6092 6090 
3 6090 6057 6058 
3 6059 6093 6058 
3 6093 6092 6058 
3 6091 6094 6033 
3 6091 6033 6057 
3 6093 6059 6060 
3 6095 6093 6060 
3 6036 6033 6094 
3 6060 6061 6095 
3 6095 6061 6062 
3 6064 6036 6094 
3 6096 6062 6063 
3 6094 6065 6064 
3 6063 6066 6096 
3 6066 6039 6097 
3 6097 6096 6066 
3 6065 6098 6067 
3 6098 6099 6067 
3 6100 6039 6068 
3 6099 6040 6067 
3 6068 6101 6100 
3 6069 6040 6099 
3 6101 6068 6070 
3 6070 6102 6101 
3 6102 6070 6071 
3 6071 6072 6103 
3 6072 6044 6103 
3 6103 6044 6073 
3 6073 6104 6103 
3 6074 6043 6105 
3 6105 6106 6074 
3 6104 6073 6075 
3 6104 6075 6076 
3 6106 6107 6074 
3 6107 6077 6074 
3 6104 6076 6078 
3 6078 6108 6104 
3 6107 6109 6077 
3 6108 6078 6079 
3 6080 6077 6109 
3 6049 6110 6111 
3 6049 6111 6079 
3 6081 6080 6109 
3 6109 6112 6081 
3 6082 6113 6110 
3 6110 6049 6082 
3 6083 6081 6112 
3 6112 6114 6083 
3 6082 6115 6113 
3 6084 6083 6114 
3 6085 6116 6117 
3 6117 6115 6085 
3 6115 6082 6085 
3 6086 6084 6118 
3 6086 6118 6119 
3 6086 6119 6120 
3 6054 6089 6116 
3 6116 6085 6054 
3 6120 6087 6086 
3 6088 6087 6120 
3 6120 6121 6088 
3 6089 6088 6121 
3 6090 6122 6123 
3 6123 6091 6090 
3 6122 6090 6092 
3 6092 6124 6122 
3 6124 6092 6093 
3 6125 6124 6093 
3 6126 6125 6093 
3 6091 6123 6094 
3 6126 6093 6095 
3 6062 6127 6095 
3 6062 6128 6127 
3 6128 6062 6096 
3 6128 6096 6097 
3 6039 6129 6097 
3 6130 6099 6098 
3 6129 6039 6100 
3 6130 6131 6099 
3 6100 6132 6129 
3 6131 6133 6099 
3 6100 6134 6132 
3 6134 6100 6101 
3 6133 6135 6069 
3 6069 6099 6133 
3 6134 6101 6102 
3 6135 6136 6069 
3 6137 6069 6136 
3 6138 6139 6102 
3 6137 6043 6069 
3 6071 6103 6138 
3 6138 6102 6071 
3 6105 6043 6137 
3 6106 6105 6140 
3 6140 6141 6106 
3 6141 6142 6106 
3 6107 6106 6142 
3 6108 6143 6144 
3 6108 6144 6145 
3 6145 6104 6108 
3 6109 6107 6142 
3 6142 6146 6109 
3 6147 6143 6108 
3 6108 6148 6147 
3 6108 6079 6148 
3 6110 6147 6148 
3 6110 6148 6111 
3 6079 6111 6148 
3 6112 6109 6146 
3 6110 6113 6149 
3 6114 6112 6150 
3 6115 6151 6152 
3 6152 6149 6113 
3 6113 6115 6152 
3 6150 6084 6114 
3 6084 6150 6118 
3 6117 6153 6151 
3 6117 6116 6153 
3 6115 6117 6151 
3 6119 6118 6154 
3 6119 6155 6120 
3 6119 6154 6155 
3 6121 6120 6155 
3 6155 6156 6121 
3 6089 6121 6156 
3 6156 6153 6116 
3 6116 6089 6156 
3 6123 6157 6158 
3 6157 6123 6122 
3 6122 6159 6157 
3 6159 6122 6124 
3 6124 6160 6159 
3 6124 6125 6160 
3 6158 6161 6094 
3 6158 6094 6123 
3 6126 6162 6125 
3 6162 6126 6095 
3 6161 6163 6094 
3 6162 6095 6127 
3 6127 6164 6162 
3 6163 6165 6094 
3 6164 6127 6128 
3 6165 6166 6065 
3 6065 6094 6165 
3 6097 6167 6128 
3 6097 6168 6167 
3 6166 6169 6098 
3 6166 6098 6065 
3 6168 6097 6129 
3 6130 6098 6169 
3 6129 6170 6168 
3 6169 6171 6130 
3 6171 6131 6130 
3 6170 6129 6132 
3 6132 6172 6170 
3 6171 6173 6174 
3 6174 6131 6171 
3 6174 6133 6131 
3 6175 6172 6132 
3 6132 6134 6175 
3 6133 6174 6173 
3 6173 6176 6133 
3 6176 6135 6133 
3 6134 6139 6175 
3 6176 6136 6135 
3 6134 6102 6139 
3 6176 6177 6137 
3 6176 6137 6136 
3 6139 6138 6178 
3 6178 6138 6103 
3 6105 6137 6177 
3 6177 6179 6105 
3 6140 6105 6179 
3 6180 6181 6182 
3 6182 6103 6180 
3 6103 6104 6180 
3 6179 6183 6140 
3 6181 6180 6104 
3 6104 6184 6181 
3 6141 6140 6183 
3 6184 6104 6145 
3 6145 6185 6184 
3 6141 6183 6186 
3 6186 6142 6141 
3 6185 6144 6143 
3 6143 6187 6185 
3 6185 6145 6144 
3 6186 6146 6142 
3 6187 6143 6147 
3 6147 6188 6187 
3 6110 6189 6188 
3 6188 6147 6110 
3 6146 6190 6112 
3 6149 6191 6189 
3 6189 6110 6149 
3 6150 6112 6190 
3 6152 6151 6191 
3 6191 6149 6152 
3 6190 6192 6150 
3 6118 6150 6192 
3 6192 6193 6118 
3 6194 6151 6153 
3 6151 6194 6191 
3 6154 6118 6193 
3 6155 6154 6193 
3 6156 6155 6195 
3 6195 6196 6156 
3 6153 6156 6196 
3 6153 6196 6194 
3 6197 6157 6159 
3 6159 6198 6197 
3 6198 6159 6160 
3 6160 6199 6198 
3 6200 6201 6158 
3 6197 6158 6157 
3 6197 6200 6158 
3 6160 6125 6199 
3 6202 6199 6125 
3 6201 6161 6158 
3 6125 6162 6202 
3 6203 6202 6162 
3 6201 6163 6161 
3 6164 6203 6162 
3 6201 6204 6165 
3 6165 6163 6201 
3 6128 6167 6164 
3 6204 6205 6165 
3 6205 6166 6165 
3 6206 6207 6166 
3 6205 6206 6166 
3 6207 6208 6209 
3 6209 6166 6207 
3 6209 6169 6166 
3 6169 6209 6208 
3 6170 6210 6168 
3 6208 6211 6171 
3 6171 6169 6208 
3 6210 6170 6172 
3 6211 6212 6171 
3 6212 6173 6171 
3 6210 6172 6175 
3 6175 6213 6210 
3 6212 6214 6176 
3 6176 6173 6212 
3 6139 6213 6175 
3 6177 6176 6214 
3 6215 6139 6178 
3 6214 6216 6177 
3 6217 6177 6216 
3 6217 6179 6177 
3 6103 6218 6178 
3 6218 6103 6182 
3 6217 6219 6179 
3 6182 6220 6218 
3 6182 6181 6220 
3 6183 6179 6219 
3 6220 6181 6184 
3 6184 6221 6220 
3 6219 6222 6183 
3 6185 6223 6221 
3 6221 6184 6185 
3 6186 6183 6222 
3 6222 6224 6186 
3 6185 6225 6223 
3 6185 6187 6225 
3 6146 6186 6224 
3 6224 6226 6146 
3 6188 6227 6225 
3 6225 6187 6188 
3 6226 6228 6146 
3 6189 6227 6188 
3 6190 6146 6228 
3 6189 6191 6229 
3 6191 6230 6229 
3 6231 6192 6190 
3 6192 6231 6232 
3 6192 6233 6193 
3 6192 6232 6233 
3 6194 6234 6235 
3 6235 6230 6194 
3 6230 6191 6194 
3 6155 6193 6233 
3 6233 6236 6155 
3 6195 6155 6236 
3 6195 6234 6196 
3 6234 6194 6196 
3 6237 6238 6197 
3 6237 6197 6198 
3 6198 6239 6237 
3 6239 6198 6199 
3 6199 6240 6239 
3 6241 6240 6199 
3 6201 6200 6238 
3 6238 6242 6201 
3 6200 6197 6238 
3 6241 6199 6202 
3 6242 6243 6201 
3 6243 6244 6201 
3 6204 6201 6244 
3 6244 6245 6204 
3 6167 6246 6164 
3 6205 6204 6245 
3 6207 6206 6245 
3 6245 6247 6207 
3 6206 6205 6245 
3 6167 6248 6246 
3 6167 6168 6248 
3 6208 6207 6247 
3 6247 6249 6208 
3 6168 6210 6248 
3 6250 6208 6249 
3 6211 6250 6251 
3 6250 6211 6208 
3 6252 6211 6251 
3 6252 6212 6211 
3 6252 6253 6214 
3 6252 6214 6212 
3 6253 6216 6214 
3 6213 6139 6215 
3 6215 6254 6213 
3 6254 6215 6178 
3 6178 6218 6254 
3 6220 6223 6218 
3 6223 6220 6221 
3 6222 6219 6255 
3 6224 6222 6255 
3 6255 6256 6224 
3 6225 6257 6258 
3 6225 6258 6223 
3 6256 6226 6224 
3 6225 6227 6257 
3 6189 6229 6259 
3 6227 6189 6257 
3 6189 6259 6257 
3 6228 6260 6190 
3 6231 6190 6260 
3 6230 6261 6262 
3 6229 6230 6262 
3 6232 6231 6260 
3 6260 6263 6232 
3 6233 6232 6263 
3 6233 6263 6264 
3 6265 6261 6234 
3 6235 6234 6261 
3 6230 6235 6261 
3 6233 6264 6236 
3 6264 6266 6236 
3 6195 6236 6266 
3 6266 6265 6195 
3 6234 6195 6265 
3 6237 6267 6268 
3 6268 6238 6237 
3 6267 6237 6239 
3 6238 6268 6242 
3 6269 6241 6202 
3 6202 6270 6269 
3 6271 6243 6242 
3 6270 6202 6203 
3 6203 6272 6270 
3 6271 6244 6243 
3 6272 6203 6164 
3 6271 6273 6245 
3 6271 6245 6244 
3 6272 6164 6246 
3 6245 6273 6274 
3 6274 6247 6245 
3 6274 6249 6247 
3 6251 6250 6274 
3 6274 6275 6251 
3 6250 6249 6274 
3 6210 6276 6248 
3 6277 6251 6275 
3 6276 6210 6213 
3 6277 6278 6252 
3 6277 6252 6251 
3 6213 6279 6276 
3 6253 6252 6278 
3 6213 6254 6279 
3 6278 6216 6253 
3 6218 6280 6254 
3 6216 6281 6217 
3 6280 6218 6282 
3 6219 6217 6281 
3 6281 6283 6219 
3 6282 6218 6223 
3 6223 6284 6282 
3 6255 6219 6283 
3 6255 6285 6256 
3 6258 6286 6284 
3 6258 6257 6286 
3 6223 6258 6284 
3 6226 6256 6285 
3 6285 6287 6226 
3 6257 6259 6286 
3 6228 6226 6287 
3 6260 6228 6287 
3 6287 6288 6260 
3 6289 6290 6262 
3 6262 6261 6289 
3 6229 6262 6290 
3 6263 6260 6288 
3 6288 6291 6263 
3 6264 6263 6291 
3 6291 6292 6264 
3 6266 6264 6292 
3 6292 6293 6266 
3 6265 6266 6293 
3 6261 6265 6293 
3 6293 6289 6261 
3 6294 6268 6267 
3 6294 6267 6239 
3 6239 6295 6294 
3 6295 6239 6240 
3 6240 6296 6295 
3 6241 6296 6240 
3 6269 6297 6241 
3 6298 6299 6242 
3 6242 6268 6298 
3 6269 6270 6300 
3 6300 6297 6269 
3 6299 6271 6242 
3 6272 6300 6270 
3 6299 6301 6271 
3 6301 6302 6273 
3 6273 6271 6301 
3 6246 6303 6272 
3 6302 6304 6273 
3 6246 6305 6303 
3 6304 6306 6274 
3 6274 6273 6304 
3 6305 6246 6248 
3 6306 6307 6274 
3 6307 6275 6274 
3 6276 6308 6248 
3 6307 6278 6277 
3 6277 6275 6307 
3 6276 6279 6308 
3 6254 6309 6279 
3 6254 6310 6309 
3 6278 6311 6216 
3 6310 6254 6312 
3 6311 6313 6216 
3 6312 6254 6280 
3 6281 6216 6313 
3 6280 6314 6312 
3 6280 6282 6314 
3 6313 6315 6281 
3 6283 6281 6315 
3 6315 6316 6283 
3 6284 6317 6282 
3 6255 6283 6316 
3 6285 6255 6316 
3 6316 6318 6285 
3 6286 6319 6320 
3 6320 6284 6286 
3 6287 6285 6318 
3 6259 6321 6322 
3 6322 6319 6286 
3 6286 6259 6322 
3 6229 6323 6321 
3 6259 6229 6321 
3 6324 6323 6290 
3 6323 6229 6290 
3 6290 6289 6324 
3 6325 6291 6288 
3 6291 6325 6326 
3 6292 6291 6326 
3 6326 6327 6292 
3 6293 6292 6327 
3 6327 6328 6293 
3 6293 6328 6289 
3 6329 6330 6294 
3 6329 6294 6295 
3 6295 6331 6329 
3 6331 6295 6296 
3 6296 6332 6331 
3 6296 6333 6332 
3 6268 6330 6298 
3 6268 6294 6330 
3 6333 6296 6241 
3 6333 6241 6297 
3 6334 6335 6299 
3 6298 6334 6299 
3 6272 6336 6300 
3 6301 6299 6335 
3 6335 6337 6301 
3 6272 6303 6336 
3 6337 6338 6302 
3 6302 6301 6337 
3 6304 6302 6338 
3 6304 6338 6306 
3 6248 6339 6305 
3 6306 6340 6307 
3 6339 6248 6308 
3 6340 6278 6307 
3 6279 6341 6308 
3 6279 6342 6341 
3 6342 6279 6309 
3 6309 6343 6342 
3 6343 6309 6310 
3 6311 6278 6344 
3 6344 6313 6311 
3 6343 6310 6312 
3 6343 6312 6314 
3 6314 6345 6343 
3 6313 6346 6315 
3 6345 6314 6347 
3 6314 6282 6347 
3 6346 6316 6315 
3 6348 6347 6317 
3 6282 6317 6347 
3 6349 6350 6351 
3 6349 6351 6317 
3 6317 6284 6349 
3 6350 6349 6320 
3 6320 6352 6350 
3 6284 6320 6349 
3 6318 6316 6353 
3 6319 6354 6352 
3 6352 6320 6319 
3 6353 6355 6318 
3 6356 6322 6321 
3 6321 6357 6356 
3 6354 6319 6322 
3 6322 6356 6354 
3 6287 6318 6355 
3 6323 6358 6359 
3 6359 6357 6321 
3 6321 6323 6359 
3 6355 6360 6287 
3 6288 6287 6360 
3 6360 6361 6288 
3 6324 6362 6358 
3 6323 6324 6358 
3 6325 6288 6361 
3 6325 6363 6326 
3 6325 6361 6363 
3 6328 6364 6289 
3 6364 6362 6289 
3 6362 6324 6289 
3 6365 6327 6326 
3 6326 6363 6365 
3 6365 6366 6327 
3 6328 6327 6366 
3 6367 6368 6330 
3 6329 6369 6367 
3 6367 6330 6329 
3 6369 6329 6331 
3 6331 6370 6369 
3 6370 6331 6332 
3 6332 6371 6370 
3 6333 6372 6332 
3 6372 6371 6332 
3 6368 6373 6298 
3 6368 6298 6330 
3 6372 6333 6297 
3 6297 6374 6372 
3 6374 6297 6300 
3 6373 6375 6334 
3 6375 6335 6334 
3 6373 6334 6298 
3 6374 6300 6336 
3 6337 6335 6375 
3 6374 6336 6303 
3 6337 6375 6338 
3 6306 6338 6376 
3 6305 6377 6303 
3 6377 6305 6339 
3 6378 6340 6306 
3 6377 6339 6308 
3 6308 6341 6377 
3 6378 6379 6340 
3 6379 6380 6340 
3 6380 6278 6340 
3 6342 6381 6341 
3 6381 6342 6343 
3 6344 6278 6380 
3 6380 6382 6313 
3 6313 6344 6380 
3 6343 6383 6384 
3 6382 6385 6313 
3 6383 6343 6345 
3 6346 6313 6385 
3 6347 6386 6345 
3 6347 6348 6386 
3 6385 6387 6346 
3 6386 6348 6317 
3 6317 6388 6386 
3 6316 6346 6387 
3 6388 6351 6350 
3 6350 6389 6388 
3 6388 6317 6351 
3 6353 6316 6387 
3 6352 6390 6389 
3 6389 6350 6352 
3 6352 6354 6390 
3 6357 6391 6390 
3 6357 6390 6356 
3 6354 6356 6390 
3 6391 6359 6358 
3 6357 6359 6391 
3 6360 6355 6392 
3 6392 6393 6360 
3 6361 6360 6393 
3 6362 6394 6395 
3 6395 6391 6358 
3 6358 6362 6395 
3 6393 6396 6361 
3 6363 6361 6396 
3 6363 6397 6365 
3 6363 6396 6397 
3 6366 6365 6397 
3 6397 6398 6328 
3 6328 6366 6397 
3 6364 6328 6398 
3 6398 6394 6364 
3 6362 6364 6394 
3 6367 6399 6368 
3 6400 6367 6369 
3 6400 6399 6367 
3 6400 6369 6370 
3 6370 6401 6400 
3 6371 6401 6370 
3 6372 6402 6371 
3 6403 6373 6368 
3 6374 6402 6372 
3 6403 6404 6373 
3 6375 6373 6404 
3 6374 6303 6405 
3 6406 6405 6303 
3 6338 6375 6404 
3 6407 6376 6338 
3 6303 6408 6406 
3 6407 6409 6376 
3 6408 6303 6377 
3 6409 6410 6306 
3 6306 6376 6409 
3 6411 6408 6377 
3 6410 6378 6306 
3 6377 6341 6411 
3 6378 6410 6412 
3 6412 6413 6378 
3 6413 6379 6378 
3 6341 6381 6411 
3 6413 6380 6379 
3 6384 6381 6343 
3 6382 6380 6414 
3 6414 6415 6382 
3 6385 6382 6415 
3 6345 6416 6417 
3 6345 6417 6383 
3 6416 6345 6386 
3 6416 6386 6388 
3 6388 6418 6416 
3 6388 6389 6418 
3 6387 6419 6353 
3 6390 6420 6418 
3 6418 6389 6390 
3 6419 6421 6353 
3 6355 6353 6421 
3 6422 6423 6390 
3 6390 6391 6422 
3 6390 6423 6420 
3 6392 6355 6424 
3 6391 6425 6426 
3 6422 6391 6426 
3 6424 6393 6392 
3 6393 6424 6427 
3 6394 6398 6425 
3 6395 6394 6425 
3 6391 6395 6425 
3 6427 6396 6393 
3 6427 6428 6396 
3 6397 6396 6428 
3 6428 6429 6397 
3 6429 6398 6397 
3 6400 6430 6399 
3 6430 6400 6401 
3 6401 6431 6430 
3 6401 6432 6431 
3 6433 6368 6399 
3 6432 6401 6371 
3 6432 6371 6402 
3 6434 6368 6433 
3 6434 6403 6368 
3 6435 6402 6374 
3 6374 6436 6435 
3 6434 6437 6403 
3 6437 6404 6403 
3 6374 6438 6436 
3 6437 6439 6404 
3 6438 6374 6405 
3 6404 6439 6440 
3 6440 6338 6404 
3 6407 6338 6440 
3 6440 6441 6409 
3 6409 6407 6440 
3 6409 6441 6442 
3 6442 6410 6409 
3 6442 6443 6410 
3 6443 6412 6410 
3 6443 6444 6413 
3 6413 6412 6443 
3 6445 6411 6381 
3 6444 6446 6413 
3 6445 6381 6384 
3 6384 6447 6445 
3 6380 6413 6446 
3 6446 6448 6449 
3 6449 6380 6446 
3 6449 6414 6380 
3 6384 6450 6447 
3 6449 6448 6414 
3 6450 6384 6383 
3 6415 6414 6448 
3 6383 6451 6450 
3 6451 6383 6417 
3 6385 6415 6452 
3 6416 6453 6417 
3 6387 6385 6452 
3 6452 6454 6387 
3 6453 6416 6418 
3 6419 6387 6454 
3 6454 6455 6419 
3 6418 6456 6457 
3 6418 6420 6456 
3 6421 6419 6455 
3 6458 6457 6456 
3 6458 6456 6420 
3 6459 6458 6423 
3 6423 6422 6459 
3 6420 6423 6458 
3 6355 6421 6460 
3 6424 6355 6460 
3 6460 6461 6424 
3 6462 6463 6426 
3 6426 6425 6462 
3 6459 6422 6426 
3 6426 6463 6459 
3 6464 6427 6424 
3 6424 6461 6464 
3 6465 6466 6425 
3 6425 6398 6465 
3 6425 6466 6462 
3 6467 6428 6427 
3 6427 6464 6467 
3 6467 6468 6428 
3 6429 6428 6468 
3 6468 6469 6429 
3 6469 6465 6398 
3 6398 6429 6469 
3 6399 6470 6433 
3 6470 6399 6430 
3 6430 6471 6470 
3 6471 6430 6431 
3 6432 6471 6431 
3 6432 6402 6472 
3 6402 6435 6472 
3 6435 6436 6472 
3 6436 6473 6472 
3 6474 6437 6434 
3 6473 6436 6438 
3 6474 6475 6437 
3 6475 6439 6437 
3 6473 6438 6405 
3 6405 6476 6473 
3 6440 6439 6475 
3 6476 6405 6406 
3 6406 6477 6476 
3 6477 6406 6408 
3 6440 6478 6441 
3 6442 6441 6478 
3 6479 6408 6411 
3 6411 6480 6479 
3 6478 6481 6443 
3 6443 6442 6478 
3 6480 6411 6445 
3 6445 6482 6480 
3 6444 6443 6481 
3 6481 6483 6444 
3 6446 6444 6483 
3 6447 6484 6445 
3 6484 6447 6450 
3 6446 6485 6448 
3 6415 6448 6485 
3 6485 6486 6415 
3 6451 6487 6450 
3 6486 6452 6415 
3 6487 6451 6417 
3 6417 6488 6487 
3 6486 6489 6452 
3 6453 6490 6488 
3 6488 6417 6453 
3 6454 6452 6489 
3 6453 6491 6490 
3 6489 6492 6454 
3 6418 6493 6491 
3 6491 6453 6418 
3 6455 6454 6492 
3 6457 6494 6493 
3 6493 6418 6457 
3 6421 6455 6492 
3 6492 6495 6421 
3 6496 6458 6459 
3 6459 6497 6496 
3 6494 6457 6458 
3 6458 6496 6494 
3 6463 6497 6459 
3 6460 6421 6495 
3 6460 6495 6461 
3 6464 6461 6498 
3 6498 6499 6464 
3 6464 6500 6467 
3 6464 6499 6500 
3 6468 6467 6500 
3 6469 6468 6500 
3 6500 6501 6469 
3 6465 6469 6501 
3 6501 6502 6465 
3 6466 6465 6502 
3 6502 6503 6466 
3 6503 6462 6466 
3 6504 6433 6470 
3 6470 6505 6504 
3 6505 6470 6471 
3 6471 6506 6505 
3 6471 6507 6506 
3 6507 6471 6432 
3 6432 6508 6507 
3 6504 6509 6434 
3 6434 6433 6504 
3 6508 6432 6472 
3 6472 6510 6508 
3 6472 6511 6510 
3 6511 6472 6473 
3 6509 6512 6474 
3 6474 6434 6509 
3 6512 6475 6474 
3 6473 6476 6477 
3 6512 6440 6475 
3 6512 6513 6440 
3 6477 6408 6514 
3 6513 6478 6440 
3 6408 6515 6514 
3 6515 6408 6479 
3 6515 6479 6480 
3 6480 6516 6515 
3 6517 6481 6478 
3 6516 6480 6482 
3 6483 6481 6517 
3 6482 6445 6484 
3 6483 6518 6446 
3 6450 6519 6484 
3 6485 6446 6518 
3 6518 6520 6485 
3 6486 6485 6520 
3 6519 6450 6487 
3 6487 6521 6519 
3 6520 6522 6486 
3 6487 6488 6521 
3 6489 6486 6522 
3 6488 6523 6521 
3 6488 6490 6523 
3 6522 6524 6489 
3 6491 6525 6526 
3 6491 6526 6523 
3 6523 6490 6491 
3 6492 6489 6524 
3 6527 6525 6491 
3 6491 6493 6527 
3 6528 6529 6530 
3 6527 6528 6530 
3 6493 6494 6528 
3 6528 6527 6493 
3 6497 6529 6528 
3 6497 6528 6496 
3 6494 6496 6528 
3 6463 6531 6532 
3 6497 6463 6532 
3 6461 6495 6533 
3 6533 6498 6461 
3 6503 6531 6462 
3 6531 6463 6462 
3 6498 6534 6499 
3 6500 6499 6534 
3 6534 6535 6500 
3 6501 6500 6535 
3 6535 6502 6501 
3 6536 6537 6504 
3 6536 6504 6505 
3 6507 6538 6506 
3 6507 6508 6538 
3 6510 6538 6508 
3 6509 6504 6537 
3 6537 6539 6509 
3 6511 6540 6510 
3 6511 6541 6540 
3 6539 6512 6509 
3 6541 6511 6473 
3 6473 6542 6541 
3 6542 6473 6477 
3 6514 6543 6477 
3 6513 6544 6478 
3 6515 6545 6543 
3 6543 6514 6515 
3 6544 6546 6478 
3 6517 6478 6546 
3 6545 6515 6516 
3 6516 6547 6545 
3 6516 6482 6547 
3 6548 6549 6483 
3 6548 6483 6517 
3 6550 6547 6482 
3 6482 6484 6550 
3 6483 6551 6552 
3 6552 6518 6483 
3 6552 6553 6518 
3 6550 6484 6519 
3 6552 6554 6553 
3 6518 6553 6554 
3 6554 6520 6518 
3 6521 6555 6519 
3 6522 6520 6554 
3 6521 6556 6555 
3 6523 6557 6521 
3 6522 6558 6524 
3 6557 6526 6525 
3 6525 6559 6557 
3 6557 6523 6526 
3 6492 6524 6558 
3 6527 6560 6559 
3 6559 6525 6527 
3 6558 6561 6492 
3 6560 6530 6529 
3 6529 6562 6560 
3 6560 6527 6530 
3 6495 6492 6561 
3 6562 6497 6532 
3 6562 6529 6497 
3 6561 6563 6495 
3 6563 6564 6495 
3 6531 6565 6566 
3 6532 6531 6566 
3 6533 6495 6564 
3 6564 6567 6533 
3 6498 6533 6567 
3 6567 6568 6498 
3 6569 6565 6502 
3 6503 6502 6565 
3 6531 6503 6565 
3 6534 6498 6568 
3 6568 6570 6534 
3 6570 6571 6534 
3 6535 6534 6571 
3 6571 6569 6535 
3 6502 6535 6569 
3 6505 6572 6573 
3 6573 6536 6505 
3 6572 6505 6506 
3 6506 6574 6572 
3 6574 6506 6538 
3 6538 6575 6574 
3 6576 6537 6573 
3 6536 6573 6537 
3 6575 6538 6510 
3 6510 6577 6575 
3 6510 6578 6577 
3 6576 6579 6537 
3 6539 6537 6579 
3 6510 6540 6578 
3 6580 6578 6541 
3 6540 6541 6578 
3 6581 6512 6539 
3 6541 6542 6582 
3 6582 6580 6541 
3 6581 6583 6512 
3 6582 6542 6477 
3 6583 6513 6512 
3 6584 6544 6513 
3 6544 6584 6585 
3 6585 6546 6544 
3 6585 6517 6546 
3 6547 6586 6545 
3 6585 6587 6548 
3 6548 6517 6585 
3 6549 6548 6587 
3 6587 6588 6551 
3 6551 6549 6587 
3 6551 6483 6549 
3 6550 6586 6547 
3 6588 6589 6551 
3 6589 6552 6551 
3 6552 6589 6590 
3 6590 6554 6552 
3 6519 6591 6550 
3 6590 6592 6554 
3 6591 6519 6556 
3 6519 6555 6556 
3 6522 6554 6592 
3 6592 6593 6522 
3 6556 6521 6594 
3 6593 6595 6522 
3 6594 6521 6557 
3 6558 6522 6595 
3 6557 6559 6596 
3 6595 6597 6558 
3 6596 6559 6560 
3 6560 6598 6596 
3 6561 6558 6597 
3 6599 6598 6560 
3 6560 6562 6599 
3 6599 6532 6566 
3 6532 6599 6562 
3 6563 6561 6600 
3 6563 6600 6564 
3 6566 6565 6601 
3 6602 6567 6564 
3 6567 6602 6568 
3 6568 6602 6603 
3 6604 6605 6569 
3 6565 6569 6605 
3 6605 6601 6565 
3 6603 6570 6568 
3 6571 6570 6603 
3 6603 6606 6571 
3 6606 6604 6571 
3 6569 6571 6604 
3 6607 6608 6573 
3 6607 6573 6572 
3 6572 6609 6607 
3 6609 6572 6574 
3 6574 6610 6609 
3 6610 6574 6575 
3 6611 6610 6575 
3 6576 6573 6608 
3 6575 6577 6612 
3 6612 6611 6575 
3 6577 6578 6613 
3 6613 6612 6577 
3 6608 6614 6579 
3 6579 6576 6608 
3 6615 6539 6579 
3 6613 6578 6580 
3 6580 6616 6613 
3 6581 6539 6615 
3 6616 6580 6582 
3 6582 6617 6616 
3 6618 6619 6620 
3 6581 6618 6620 
3 6620 6583 6581 
3 6617 6582 6477 
3 6583 6620 6619 
3 6619 6621 6583 
3 6621 6513 6583 
3 6477 6622 6617 
3 6621 6623 6513 
3 6622 6477 6543 
3 6543 6624 6622 
3 6623 6625 6584 
3 6584 6513 6623 
3 6624 6543 6545 
3 6545 6626 6624 
3 6625 6627 6585 
3 6585 6584 6625 
3 6627 6628 6585 
3 6626 6545 6586 
3 6586 6629 6626 
3 6628 6587 6585 
3 6586 6630 6629 
3 6631 6588 6587 
3 6630 6586 6550 
3 6550 6632 6630 
3 6589 6588 6631 
3 6631 6633 6589 
3 6550 6591 6632 
3 6590 6589 6633 
3 6556 6634 6591 
3 6590 6595 6592 
3 6595 6593 6592 
3 6634 6556 6594 
3 6594 6635 6634 
3 6557 6636 6635 
3 6635 6594 6557 
3 6596 6637 6636 
3 6636 6557 6596 
3 6596 6598 6637 
3 6561 6597 6638 
3 6638 6600 6561 
3 6599 6639 6640 
3 6598 6599 6637 
3 6599 6640 6637 
3 6639 6599 6566 
3 6600 6641 6564 
3 6642 6643 6601 
3 6601 6605 6642 
3 6566 6601 6643 
3 6643 6639 6566 
3 6602 6564 6641 
3 6641 6644 6602 
3 6602 6644 6603 
3 6606 6603 6644 
3 6644 6645 6606 
3 6604 6606 6645 
3 6645 6646 6604 
3 6605 6604 6646 
3 6646 6642 6605 
3 6611 6647 6610 
3 6611 6648 6647 
3 6608 6649 6650 
3 6648 6611 6612 
3 6648 6612 6613 
3 6650 6615 6614 
3 6615 6579 6614 
3 6650 6614 6608 
3 6616 6651 6613 
3 6615 6652 6581 
3 6651 6616 6617 
3 6619 6618 6652 
3 6618 6581 6652 
3 6619 6653 6621 
3 6622 6654 6617 
3 6655 6656 6657 
3 6621 6653 6655 
3 6655 6657 6621 
3 6657 6623 6621 
3 6654 6622 6624 
3 6657 6656 6658 
3 6658 6625 6623 
3 6623 6657 6658 
3 6626 6659 6624 
3 6660 6627 6625 
3 6625 6658 6660 
3 6660 6628 6627 
3 6626 6661 6659 
3 6626 6629 6661 
3 6661 6629 6630 
3 6662 6587 6628 
3 6630 6663 6661 
3 6631 6587 6662 
3 6662 6664 6631 
3 6663 6630 6632 
3 6632 6665 6663 
3 6633 6631 6664 
3 6664 6666 6633 
3 6665 6632 6591 
3 6590 6633 6666 
3 6666 6667 6590 
3 6667 6595 6590 
3 6635 6668 6634 
3 6635 6636 6668 
3 6637 6669 6636 
3 6637 6670 6669 
3 6638 6671 6600 
3 6639 6670 6640 
3 6670 6637 6640 
3 6641 6600 6671 
3 6671 6672 6641 
3 6643 6642 6673 
3 6644 6641 6672 
3 6672 6674 6644 
3 6645 6644 6674 
3 6674 6675 6645 
3 6646 6645 6675 
3 6675 6676 6646 
3 6642 6646 6673 
3 6646 6676 6673 
3 6677 6678 6607 
3 6677 6607 6609 
3 6609 6679 6677 
3 6679 6609 6610 
3 6610 6680 6679 
3 6681 6680 6610 
3 6649 6608 6678 
3 6608 6607 6678 
3 6610 6647 6682 
3 6682 6681 6610 
3 6647 6648 6682 
3 6649 6683 6650 
3 6615 6650 6683 
3 6613 6684 6648 
3 6684 6613 6651 
3 6651 6685 6684 
3 6685 6651 6617 
3 6617 6654 6685 
3 6652 6686 6653 
3 6653 6619 6652 
3 6656 6655 6686 
3 6686 6687 6656 
3 6655 6653 6686 
3 6687 6688 6658 
3 6658 6656 6687 
3 6654 6624 6659 
3 6659 6689 6654 
3 6688 6690 6660 
3 6660 6658 6688 
3 6659 6661 6689 
3 6691 6692 6693 
3 6690 6691 6693 
3 6693 6660 6690 
3 6693 6628 6660 
3 6662 6693 6692 
3 6693 6662 6628 
3 6665 6661 6663 
3 6694 6662 6695 
3 6694 6664 6662 
3 6694 6666 6664 
3 6696 6665 6591 
3 6591 6697 6696 
3 6697 6591 6634 
3 6634 6698 6697 
3 6698 6634 6668 
3 6668 6699 6698 
3 6667 6700 6595 
3 6636 6669 6699 
3 6699 6668 6636 
3 6597 6595 6700 
3 6700 6638 6597 
3 6669 6670 6701 
3 6639 6702 6701 
3 6670 6639 6701 
3 6703 6704 6702 
3 6639 6703 6702 
3 6705 6672 6671 
3 6672 6705 6706 
3 6676 6704 6673 
3 6704 6703 6643 
3 6643 6673 6704 
3 6639 6643 6703 
3 6706 6674 6672 
3 6706 6707 6674 
3 6675 6674 6707 
3 6708 6678 6677 
3 6681 6709 6680 
3 6681 6710 6709 
3 6711 6649 6708 
3 6678 6708 6649 
3 6710 6681 6682 
3 6711 6712 6649 
3 6712 6683 6649 
3 6710 6682 6648 
3 6648 6684 6710 
3 6712 6713 6683 
3 6713 6615 6683 
3 6685 6714 6684 
3 6685 6715 6714 
3 6713 6716 6652 
3 6652 6615 6713 
3 6685 6717 6715 
3 6717 6685 6654 
3 6652 6716 6718 
3 6719 6720 6686 
3 6719 6686 6718 
3 6652 6718 6686 
3 6720 6687 6686 
3 6720 6691 6688 
3 6720 6688 6687 
3 6691 6690 6688 
3 6721 6692 6691 
3 6661 6722 6689 
3 6723 6724 6725 
3 6721 6723 6725 
3 6725 6692 6721 
3 6725 6662 6692 
3 6726 6722 6661 
3 6661 6665 6726 
3 6695 6725 6724 
3 6695 6662 6725 
3 6665 6727 6726 
3 6694 6695 6728 
3 6727 6665 6696 
3 6694 6728 6666 
3 6727 6696 6697 
3 6666 6728 6667 
3 6729 6697 6698 
3 6698 6730 6729 
3 6698 6699 6730 
3 6700 6667 6731 
3 6730 6699 6669 
3 6731 6732 6700 
3 6638 6700 6732 
3 6733 6669 6701 
3 6732 6734 6638 
3 6671 6638 6734 
3 6734 6735 6671 
3 6702 6733 6701 
3 6705 6671 6735 
3 6735 6736 6705 
3 6702 6704 6737 
3 6736 6738 6705 
3 6706 6705 6738 
3 6706 6738 6739 
3 6707 6706 6739 
3 6675 6707 6739 
3 6739 6740 6675 
3 6740 6741 6676 
3 6676 6675 6740 
3 6704 6676 6737 
3 6676 6741 6737 
3 6742 6743 6708 
3 6744 6708 6677 
3 6744 6742 6708 
3 6744 6677 6679 
3 6679 6745 6744 
3 6679 6680 6746 
3 6746 6745 6679 
3 6746 6680 6709 
3 6710 6746 6709 
3 6743 6747 6711 
3 6711 6708 6743 
3 6748 6711 6747 
3 6748 6712 6711 
3 6684 6749 6710 
3 6684 6750 6749 
3 6748 6713 6712 
3 6684 6751 6750 
3 6714 6751 6684 
3 6752 6713 6748 
3 6714 6715 6753 
3 6752 6716 6713 
3 6715 6717 6753 
3 6754 6753 6717 
3 6752 6755 6718 
3 6718 6716 6752 
3 6754 6717 6654 
3 6720 6719 6755 
3 6719 6718 6755 
3 6720 6755 6756 
3 6654 6757 6758 
3 6759 6691 6720 
3 6720 6756 6759 
3 6757 6654 6689 
3 6759 6760 6691 
3 6761 6691 6760 
3 6761 6721 6691 
3 6757 6689 6722 
3 6761 6762 6723 
3 6762 6724 6723 
3 6761 6723 6721 
3 6726 6763 6722 
3 6695 6724 6762 
3 6762 6764 6695 
3 6765 6763 6726 
3 6765 6726 6727 
3 6727 6766 6765 
3 6728 6695 6764 
3 6764 6767 6728 
3 6727 6697 6766 
3 6667 6728 6767 
3 6767 6768 6667 
3 6768 6769 6667 
3 6729 6770 6766 
3 6766 6697 6729 
3 6729 6730 6770 
3 6667 6769 6731 
3 6730 6771 6772 
3 6730 6669 6771 
3 6732 6731 6773 
3 6773 6774 6732 
3 6775 6772 6771 
3 6771 6733 6775 
3 6733 6771 6669 
3 6776 6775 6733 
3 6734 6732 6774 
3 6734 6777 6735 
3 6702 6778 6776 
3 6733 6702 6776 
3 6736 6735 6777 
3 6777 6779 6736 
3 6780 6778 6737 
3 6778 6702 6737 
3 6738 6736 6779 
3 6739 6738 6779 
3 6779 6781 6739 
3 6781 6782 6739 
3 6740 6739 6782 
3 6782 6783 6740 
3 6741 6740 6783 
3 6741 6783 6780 
3 6737 6741 6780 
3 6744 6784 6785 
3 6784 6744 6745 
3 6745 6786 6784 
3 6746 6786 6745 
3 6787 6786 6746 
3 6742 6785 6743 
3 6785 6742 6744 
3 6787 6746 6710 
3 6710 6788 6787 
3 6789 6790 6743 
3 6790 6747 6743 
3 6710 6791 6788 
3 6748 6790 6789 
3 6789 6792 6748 
3 6790 6748 6747 
3 6791 6710 6749 
3 6749 6750 6793 
3 6793 6791 6749 
3 6792 6794 6748 
3 6750 6751 6793 
3 6751 6714 6753 
3 6753 6793 6751 
3 6795 6796 6752 
3 6752 6748 6794 
3 6794 6795 6752 
3 6796 6797 6752 
3 6754 6798 6753 
3 6797 6799 6800 
3 6797 6800 6752 
3 6800 6755 6752 
3 6754 6758 6798 
3 6799 6801 6755 
3 6799 6755 6800 
3 6758 6754 6654 
3 6801 6756 6755 
3 6759 6756 6801 
3 6759 6802 6760 
3 6761 6760 6802 
3 6802 6803 6761 
3 6722 6763 6757 
3 6762 6761 6803 
3 6804 6762 6803 
3 6804 6764 6762 
3 6804 6805 6764 
3 6763 6765 6766 
3 6767 6764 6805 
3 6767 6805 6806 
3 6806 6807 6767 
3 6807 6768 6767 
3 6768 6807 6769 
3 6808 6766 6770 
3 6806 6809 6807 
3 6769 6807 6809 
3 6808 6770 6730 
3 6730 6810 6808 
3 6730 6811 6810 
3 6773 6731 6769 
3 6772 6812 6811 
3 6811 6730 6772 
3 6775 6813 6812 
3 6812 6772 6775 
3 6776 6814 6813 
3 6813 6775 6776 
3 6734 6774 6815 
3 6777 6734 6815 
3 6815 6816 6777 
3 6778 6817 6814 
3 6776 6778 6814 
3 6816 6818 6777 
3 6779 6777 6818 
3 6778 6780 6817 
3 6818 6819 6779 
3 6781 6779 6819 
3 6819 6820 6781 
3 6782 6781 6820 
3 6820 6821 6782 
3 6783 6782 6821 
3 6821 6822 6783 
3 6822 6780 6783 
3 6823 6824 6785 
3 6823 6785 6784 
3 6784 6825 6823 
3 6825 6784 6786 
3 6786 6826 6825 
3 6826 6786 6787 
3 6824 6827 6743 
3 6743 6785 6824 
3 6826 6787 6788 
3 6789 6743 6827 
3 6788 6791 6828 
3 6828 6829 6788 
3 6830 6829 6828 
3 6789 6831 6792 
3 6791 6793 6830 
3 6830 6828 6791 
3 6831 6832 6795 
3 6795 6792 6831 
3 6795 6794 6792 
3 6753 6833 6793 
3 6832 6797 6795 
3 6797 6796 6795 
3 6753 6834 6833 
3 6834 6753 6798 
3 6801 6799 6835 
3 6797 6835 6799 
3 6801 6835 6836 
3 6801 6836 6837 
3 6837 6759 6801 
3 6757 6838 6758 
3 6837 6839 6802 
3 6837 6802 6759 
3 6757 6840 6838 
3 6841 6802 6839 
3 6841 6803 6802 
3 6840 6757 6763 
3 6763 6842 6840 
3 6804 6803 6841 
3 6841 6843 6804 
3 6804 6843 6844 
3 6844 6805 6804 
3 6842 6763 6766 
3 6766 6845 6842 
3 6844 6846 6805 
3 6808 6847 6845 
3 6845 6766 6808 
3 6806 6805 6846 
3 6846 6848 6806 
3 6809 6806 6848 
3 6848 6849 6809 
3 6769 6809 6849 
3 6810 6850 6851 
3 6810 6851 6847 
3 6847 6808 6810 
3 6810 6852 6850 
3 6810 6811 6852 
3 6773 6769 6849 
3 6849 6853 6773 
3 6854 6811 6812 
3 6811 6854 6852 
3 6774 6773 6853 
3 6854 6812 6813 
3 6813 6855 6854 
3 6853 6856 6774 
3 6815 6774 6856 
3 6814 6857 6855 
3 6813 6814 6855 
3 6858 6814 6817 
3 6817 6859 6858 
3 6814 6858 6857 
3 6816 6860 6818 
3 6818 6860 6861 
3 6822 6862 6780 
3 6862 6859 6780 
3 6859 6817 6780 
3 6861 6819 6818 
3 6820 6819 6861 
3 6861 6863 6820 
3 6821 6820 6863 
3 6863 6864 6821 
3 6822 6821 6864 
3 6823 6865 6866 
3 6866 6824 6823 
3 6865 6823 6825 
3 6825 6867 6865 
3 6825 6868 6867 
3 6868 6825 6826 
3 6824 6866 6869 
3 6869 6827 6824 
3 6826 6788 6870 
3 6788 6829 6871 
3 6871 6870 6788 
3 6869 6872 6827 
3 6872 6789 6827 
3 6873 6871 6829 
3 6873 6829 6830 
3 6872 6874 6831 
3 6831 6789 6872 
3 6830 6875 6873 
3 6875 6830 6793 
3 6793 6876 6875 
3 6874 6877 6831 
3 6877 6832 6831 
3 6793 6878 6876 
3 6878 6793 6833 
3 6877 6879 6797 
3 6797 6832 6877 
3 6878 6833 6834 
3 6879 6880 6797 
3 6798 6881 6834 
3 6881 6798 6882 
3 6880 6883 6835 
3 6880 6835 6797 
3 6798 6758 6882 
3 6883 6884 6836 
3 6883 6836 6835 
3 6758 6885 6882 
3 6837 6836 6884 
3 6885 6758 6838 
3 6839 6837 6884 
3 6840 6886 6838 
3 6887 6841 6839 
3 6887 6888 6841 
3 6886 6840 6842 
3 6843 6841 6888 
3 6842 6889 6886 
3 6844 6843 6888 
3 6888 6890 6844 
3 6890 6846 6844 
3 6889 6842 6845 
3 6889 6845 6847 
3 6847 6891 6889 
3 6846 6892 6848 
3 6847 6893 6891 
3 6849 6848 6892 
3 6892 6894 6849 
3 6893 6851 6850 
3 6893 6847 6851 
3 6893 6850 6895 
3 6850 6852 6895 
3 6894 6896 6849 
3 6853 6849 6896 
3 6852 6854 6895 
3 6855 6895 6854 
3 6897 6856 6853 
3 6853 6896 6897 
3 6856 6897 6815 
3 6857 6898 6855 
3 6897 6899 6815 
3 6816 6815 6899 
3 6900 6898 6858 
3 6858 6859 6900 
3 6898 6857 6858 
3 6860 6816 6899 
3 6899 6901 6860 
3 6860 6902 6861 
3 6860 6901 6902 
3 6822 6864 6903 
3 6862 6822 6903 
3 6903 6904 6862 
3 6859 6862 6900 
3 6862 6904 6900 
3 6863 6861 6902 
3 6826 6905 6868 
3 6906 6907 6869 
3 6869 6866 6906 
3 6905 6826 6870 
3 6870 6908 6905 
3 6908 6870 6871 
3 6907 6872 6869 
3 6908 6871 6873 
3 6907 6909 6874 
3 6907 6874 6872 
3 6910 6873 6875 
3 6910 6875 6876 
3 6909 6877 6874 
3 6910 6876 6878 
3 6878 6911 6910 
3 6909 6879 6877 
3 6911 6878 6834 
3 6834 6912 6911 
3 6834 6881 6912 
3 6879 6913 6880 
3 6880 6913 6914 
3 6914 6883 6880 
3 6882 6915 6881 
3 6916 6917 6918 
3 6916 6918 6914 
3 6918 6884 6883 
3 6883 6914 6918 
3 6882 6885 6915 
3 6918 6917 6919 
3 6919 6884 6918 
3 6885 6838 6915 
3 6839 6884 6919 
3 6919 6887 6839 
3 6915 6838 6886 
3 6920 6888 6887 
3 6920 6890 6888 
3 6921 6886 6889 
3 6890 6922 6846 
3 6889 6891 6923 
3 6922 6892 6846 
3 6923 6891 6893 
3 6892 6922 6894 
3 6924 6893 6895 
3 6895 6925 6924 
3 6894 6926 6896 
3 6895 6927 6925 
3 6927 6895 6855 
3 6855 6928 6927 
3 6897 6896 6926 
3 6926 6929 6897 
3 6898 6928 6855 
3 6899 6897 6929 
3 6929 6930 6899 
3 6931 6898 6900 
3 6930 6932 6899 
3 6901 6899 6932 
3 6902 6901 6932 
3 6933 6934 6903 
3 6934 6931 6903 
3 6904 6903 6931 
3 6900 6904 6931 
3 6935 6863 6902 
3 6864 6863 6933 
3 6863 6935 6933 
3 6903 6864 6933 
3 6936 6937 6865 
3 6936 6865 6867 
3 6867 6938 6936 
3 6938 6867 6868 
3 6868 6939 6938 
3 6940 6939 6868 
3 6866 6937 6906 
3 6866 6865 6937 
3 6868 6905 6940 
3 6908 6940 6905 
3 6908 6873 6910 
3 6907 6941 6909 
3 6941 6942 6909 
3 6943 6910 6911 
3 6911 6944 6943 
3 6942 6945 6879 
3 6879 6909 6942 
3 6944 6911 6912 
3 6944 6912 6881 
3 6879 6945 6946 
3 6946 6913 6879 
3 6946 6947 6914 
3 6946 6914 6913 
3 6947 6948 6914 
3 6917 6916 6948 
3 6948 6949 6917 
3 6916 6914 6948 
3 6915 6950 6881 
3 6949 6951 6919 
3 6919 6917 6949 
3 6915 6952 6950 
3 6951 6953 6954 
3 6954 6919 6951 
3 6954 6887 6919 
3 6952 6915 6886 
3 6920 6954 6953 
3 6953 6955 6920 
3 6920 6887 6954 
3 6886 6921 6952 
3 6955 6956 6920 
3 6956 6890 6920 
3 6889 6957 6921 
3 6958 6890 6956 
3 6958 6959 6890 
3 6959 6922 6890 
3 6889 6960 6961 
3 6889 6961 6957 
3 6960 6889 6923 
3 6923 6962 6960 
3 6963 6964 6922 
3 6962 6923 6893 
3 6893 6965 6962 
3 6894 6922 6964 
3 6965 6893 6924 
3 6965 6924 6925 
3 6925 6966 6965 
3 6966 6925 6927 
3 6966 6927 6928 
3 6928 6967 6966 
3 6926 6968 6929 
3 6928 6898 6967 
3 6930 6929 6968 
3 6968 6969 6930 
3 6969 6932 6930 
3 6932 6969 6970 
3 6902 6932 6970 
3 6970 6971 6902 
3 6902 6972 6935 
3 6902 6971 6972 
3 6933 6935 6972 
3 6934 6933 6972 
3 6972 6973 6934 
3 6931 6934 6973 
3 6974 6975 6906 
3 6937 6974 6906 
3 6976 6940 6908 
3 6908 6977 6976 
3 6907 6906 6975 
3 6975 6941 6907 
3 6908 6910 6977 
3 6943 6977 6910 
3 6978 6942 6941 
3 6979 6945 6978 
3 6978 6945 6942 
3 6980 6943 6881 
3 6944 6881 6943 
3 6945 6979 6946 
3 6981 6948 6947 
3 6948 6981 6949 
3 6982 6881 6950 
3 6983 6951 6949 
3 6984 6982 6950 
3 6950 6952 6984 
3 6983 6953 6951 
3 6952 6985 6984 
3 6955 6953 6983 
3 6985 6952 6921 
3 6921 6986 6985 
3 6955 6987 6956 
3 6986 6921 6957 
3 6958 6956 6987 
3 6986 6957 6961 
3 6958 6987 6988 
3 6988 6959 6958 
3 6988 6922 6959 
3 6961 6960 6962 
3 6962 6989 6961 
3 6988 6963 6922 
3 6963 6988 6964 
3 6989 6962 6965 
3 6988 6990 6964 
3 6990 6894 6964 
3 6990 6991 6894 
3 6966 6989 6965 
3 6926 6894 6991 
3 6991 6992 6926 
3 6967 6993 6966 
3 6992 6968 6926 
3 6967 6994 6993 
3 6968 6995 6969 
3 6898 6931 6994 
3 6994 6967 6898 
3 6970 6969 6995 
3 6995 6996 6970 
3 6971 6970 6996 
3 6996 6997 6971 
3 6972 6971 6997 
3 6997 6998 6972 
3 6973 6972 6998 
3 6998 6994 6973 
3 6994 6931 6973 
3 6937 6999 6974 
3 6936 7000 6999 
3 6999 6937 6936 
3 7000 6936 6938 
3 6938 7001 7000 
3 7001 6938 6939 
3 6939 7002 7001 
3 6939 6940 7003 
3 7003 7002 6939 
3 6976 7004 6940 
3 7004 7003 6940 
3 7005 7004 6976 
3 7006 6975 6974 
3 6976 6977 7007 
3 7007 7005 6976 
3 6941 6975 7006 
3 7006 7008 6941 
3 7008 7009 6941 
3 6978 6941 7009 
3 7010 7011 6979 
3 6979 6978 7009 
3 7009 7010 6979 
3 6980 7012 6943 
3 7011 7013 6946 
3 6946 6979 7011 
3 7012 6980 6881 
3 6881 7014 7012 
3 6947 7013 7015 
3 7015 6981 6947 
3 6947 6946 7013 
3 7014 6881 6982 
3 7016 6949 6981 
3 7016 7017 6983 
3 7016 6983 6949 
3 7017 7018 6983 
3 6985 6982 6984 
3 7019 6983 7018 
3 7019 6955 6983 
3 6955 7019 7020 
3 6986 7021 6985 
3 6987 6955 7020 
3 7020 7022 6987 
3 7022 7023 6987 
3 6986 6961 7021 
3 6988 6987 7023 
3 7023 7024 6988 
3 6989 7025 7021 
3 7021 6961 6989 
3 6989 7026 7025 
3 6990 6988 7024 
3 6990 7024 6991 
3 7026 6989 6966 
3 6966 7027 7026 
3 6966 6993 7027 
3 6992 6991 7028 
3 7028 7029 6992 
3 6968 6992 7029 
3 7029 7030 6968 
3 6995 6968 7030 
3 6995 7030 7031 
3 7031 6996 6995 
3 7031 7032 6996 
3 6997 6996 7032 
3 7032 7033 6997 
3 6998 6997 7033 
3 7033 7034 6998 
3 7034 7035 6998 
3 6994 6998 7035 
3 7036 6999 7000 
3 7001 7037 7000 
3 7037 7001 7002 
3 7038 7037 7002 
3 7039 7040 6974 
3 6999 7036 7039 
3 7039 6974 6999 
3 7002 7003 7038 
3 7003 7004 7041 
3 7041 7042 7003 
3 7042 7038 7003 
3 7004 7005 7043 
3 7043 7041 7004 
3 7006 6974 7040 
3 7005 7007 7044 
3 7044 7043 7005 
3 7040 7045 7006 
3 7044 7007 6977 
3 7045 7046 7008 
3 7008 7006 7045 
3 6977 7047 7044 
3 6977 7048 7047 
3 7046 7009 7008 
3 7048 6977 6943 
3 6943 7012 7048 
3 7010 7049 7011 
3 7049 7010 7009 
3 7050 7013 7011 
3 7014 7051 7012 
3 7015 7050 7052 
3 7050 7015 7013 
3 6981 7052 7053 
3 7052 6981 7015 
3 7051 7014 6982 
3 7053 7054 7016 
3 7053 7016 6981 
3 6982 7055 7051 
3 7056 7016 7054 
3 7056 7017 7016 
3 6982 7057 7055 
3 7018 7017 7056 
3 7056 7058 7018 
3 7057 6982 6985 
3 7058 7019 7018 
3 6985 7059 7057 
3 7019 7058 7060 
3 7060 7061 7019 
3 7061 7020 7019 
3 7059 6985 7021 
3 7023 7061 7060 
3 7022 7020 7061 
3 7061 7023 7022 
3 7062 7021 7025 
3 7062 7025 7026 
3 7026 7063 7062 
3 7064 6991 7024 
3 7063 7026 7027 
3 7028 6991 7064 
3 7064 7065 7028 
3 7066 7027 6993 
3 7027 7066 7063 
3 7029 7028 7065 
3 7065 7067 7029 
3 7030 7029 7067 
3 7067 7068 7030 
3 6994 7066 6993 
3 7068 7069 7030 
3 7031 7030 7069 
3 7033 7032 7070 
3 7070 7071 7033 
3 7072 7034 7033 
3 7033 7071 7072 
3 7035 7034 7072 
3 7072 6994 7035 
3 7036 7073 7074 
3 7074 7039 7036 
3 7075 7036 7000 
3 7075 7073 7036 
3 7037 7075 7000 
3 7076 7037 7038 
3 7038 7077 7076 
3 7077 7038 7042 
3 7042 7078 7077 
3 7039 7074 7040 
3 7078 7042 7041 
3 7078 7041 7043 
3 7043 7079 7078 
3 7043 7044 7079 
3 7080 7045 7040 
3 7080 7081 7045 
3 7081 7046 7045 
3 7044 7047 7082 
3 7083 7082 7048 
3 7047 7048 7082 
3 7081 7084 7009 
3 7009 7046 7081 
3 7084 7085 7049 
3 7084 7049 7009 
3 7083 7048 7012 
3 7011 7085 7086 
3 7011 7049 7085 
3 7012 7087 7083 
3 7086 7088 7050 
3 7086 7050 7011 
3 7012 7051 7087 
3 7088 7052 7050 
3 7053 7052 7088 
3 7088 7089 7053 
3 7090 7091 7054 
3 7089 7090 7054 
3 7054 7053 7089 
3 7056 7054 7091 
3 7058 7056 7091 
3 7091 7060 7058 
3 7060 7092 7023 
3 7021 7093 7059 
3 7092 7094 7023 
3 7094 7024 7023 
3 7021 7062 7093 
3 7094 7095 7024 
3 7064 7024 7095 
3 7095 7065 7064 
3 7096 7063 7066 
3 7067 7065 7097 
3 7097 7098 7067 
3 7068 7067 7098 
3 7066 6994 7099 
3 7069 7068 7098 
3 6994 7100 7099 
3 7069 7101 7031 
3 7032 7031 7101 
3 7101 7102 7032 
3 7032 7102 7070 
3 7103 6994 7072 
3 7072 7104 7103 
3 7103 7100 6994 
3 7104 7072 7071 
3 7075 7105 7073 
3 7037 7105 7075 
3 7105 7037 7106 
3 7074 7107 7108 
3 7107 7074 7073 
3 7076 7106 7037 
3 7076 7077 7109 
3 7109 7106 7076 
3 7077 7078 7110 
3 7110 7109 7077 
3 7108 7040 7074 
3 7078 7079 7111 
3 7111 7110 7078 
3 7079 7044 7112 
3 7112 7111 7079 
3 7113 7040 7108 
3 7113 7114 7080 
3 7113 7080 7040 
3 7044 7115 7112 
3 7115 7044 7082 
3 7114 7116 7117 
3 7117 7080 7114 
3 7117 7081 7080 
3 7115 7082 7083 
3 7116 7118 7084 
3 7116 7084 7117 
3 7117 7084 7081 
3 7118 7119 7085 
3 7118 7085 7084 
3 7120 7121 7086 
3 7119 7086 7085 
3 7119 7120 7086 
3 7122 7083 7087 
3 7086 7121 7123 
3 7123 7088 7086 
3 7124 7125 7123 
3 7088 7123 7125 
3 7051 7126 7087 
3 7125 7124 7090 
3 7089 7125 7090 
3 7125 7089 7088 
3 7126 7051 7055 
3 7126 7055 7057 
3 7057 7127 7126 
3 7127 7057 7059 
3 7059 7128 7127 
3 7128 7059 7093 
3 7129 7094 7092 
3 7129 7130 7094 
3 7062 7131 7093 
3 7094 7130 7132 
3 7132 7095 7094 
3 7131 7062 7063 
3 7132 7133 7095 
3 7065 7095 7133 
3 7096 7134 7063 
3 7134 7096 7066 
3 7066 7135 7134 
3 7136 7097 7065 
3 7097 7136 7098 
3 7099 7135 7066 
3 7069 7098 7137 
3 7100 7138 7099 
3 7137 7101 7069 
3 7101 7139 7102 
3 7140 7103 7104 
3 7104 7141 7140 
3 7100 7103 7140 
3 7140 7138 7100 
3 7139 7142 7102 
3 7070 7102 7142 
3 7071 7070 7142 
3 7142 7143 7071 
3 7104 7071 7143 
3 7143 7141 7104 
3 7144 7145 7107 
3 7073 7146 7144 
3 7144 7107 7073 
3 7146 7073 7105 
3 7105 7147 7146 
3 7147 7105 7106 
3 7148 7149 7106 
3 7145 7108 7107 
3 7106 7109 7148 
3 7109 7110 7150 
3 7150 7148 7109 
3 7110 7111 7151 
3 7151 7150 7110 
3 7111 7112 7152 
3 7152 7151 7111 
3 7112 7153 7152 
3 7154 7155 7113 
3 7154 7113 7108 
3 7112 7156 7153 
3 7112 7157 7156 
3 7155 7158 7159 
3 7159 7113 7155 
3 7159 7114 7113 
3 7157 7112 7115 
3 7115 7160 7157 
3 7159 7158 7161 
3 7116 7159 7161 
3 7159 7116 7114 
3 7160 7115 7083 
3 7083 7162 7160 
3 7163 7118 7161 
3 7116 7161 7118 
3 7118 7163 7164 
3 7164 7119 7118 
3 7162 7083 7122 
3 7165 7166 7121 
3 7165 7121 7164 
3 7120 7164 7121 
3 7164 7120 7119 
3 7123 7166 7167 
3 7166 7123 7121 
3 7087 7168 7122 
3 7124 7167 7169 
3 7167 7124 7123 
3 7168 7087 7126 
3 7169 7090 7124 
3 7126 7170 7168 
3 7171 7091 7090 
3 7170 7126 7127 
3 7127 7172 7170 
3 7171 7173 7091 
3 7060 7091 7173 
3 7173 7174 7060 
3 7172 7127 7128 
3 7128 7175 7172 
3 7092 7060 7174 
3 7174 7129 7092 
3 7175 7128 7093 
3 7176 7130 7129 
3 7176 7177 7130 
3 7177 7178 7130 
3 7178 7132 7130 
3 7063 7179 7131 
3 7132 7178 7133 
3 7179 7063 7134 
3 7134 7180 7179 
3 7181 7065 7133 
3 7134 7135 7180 
3 7136 7065 7181 
3 7181 7182 7136 
3 7098 7136 7182 
3 7135 7099 7183 
3 7183 7184 7135 
3 7182 7185 7098 
3 7098 7185 7186 
3 7098 7186 7137 
3 7099 7138 7183 
3 7101 7137 7186 
3 7186 7187 7101 
3 7139 7101 7187 
3 7187 7142 7139 
3 7142 7188 7143 
3 7188 7141 7143 
3 7147 7189 7190 
3 7189 7147 7191 
3 7192 7144 7146 
3 7146 7190 7192 
3 7190 7146 7147 
3 7106 7191 7147 
3 7106 7149 7193 
3 7193 7191 7106 
3 7149 7148 7194 
3 7194 7193 7149 
3 7195 7196 7145 
3 7196 7108 7145 
3 7148 7150 7194 
3 7150 7151 7197 
3 7197 7194 7150 
3 7154 7196 7195 
3 7195 7198 7154 
3 7196 7154 7108 
3 7197 7151 7152 
3 7152 7153 7199 
3 7199 7197 7152 
3 7198 7200 7155 
3 7155 7154 7198 
3 7153 7156 7199 
3 7156 7157 7199 
3 7201 7199 7157 
3 7200 7202 7155 
3 7202 7158 7155 
3 7157 7160 7201 
3 7161 7158 7202 
3 7203 7201 7162 
3 7160 7162 7201 
3 7202 7204 7163 
3 7163 7161 7202 
3 7164 7204 7205 
3 7205 7165 7164 
3 7164 7163 7204 
3 7203 7162 7122 
3 7206 7207 7166 
3 7165 7205 7206 
3 7206 7166 7165 
3 7207 7208 7167 
3 7207 7167 7166 
3 7168 7209 7122 
3 7208 7210 7169 
3 7169 7167 7208 
3 7168 7211 7209 
3 7212 7169 7210 
3 7212 7090 7169 
3 7211 7168 7170 
3 7171 7212 7213 
3 7212 7171 7090 
3 7170 7214 7211 
3 7215 7171 7213 
3 7214 7170 7172 
3 7215 7216 7217 
3 7173 7171 7215 
3 7215 7217 7173 
3 7172 7218 7214 
3 7216 7219 7217 
3 7174 7173 7217 
3 7218 7172 7175 
3 7217 7220 7174 
3 7175 7221 7218 
3 7129 7174 7220 
3 7220 7222 7129 
3 7221 7175 7093 
3 7093 7223 7221 
3 7176 7129 7222 
3 7222 7224 7176 
3 7223 7093 7131 
3 7131 7179 7223 
3 7177 7176 7224 
3 7224 7225 7177 
3 7178 7177 7225 
3 7225 7133 7178 
3 7180 7226 7179 
3 7225 7227 7133 
3 7181 7133 7227 
3 7135 7228 7226 
3 7226 7180 7135 
3 7227 7229 7181 
3 7229 7230 7181 
3 7228 7135 7184 
3 7182 7181 7230 
3 7184 7183 7231 
3 7185 7182 7230 
3 7230 7232 7185 
3 7186 7185 7232 
3 7232 7233 7186 
3 7138 7234 7231 
3 7231 7183 7138 
3 7233 7235 7186 
3 7187 7186 7235 
3 7236 7140 7141 
3 7138 7140 7236 
3 7236 7234 7138 
3 7235 7237 7187 
3 7142 7187 7237 
3 7237 7238 7142 
3 7188 7142 7238 
3 7238 7239 7188 
3 7141 7188 7239 
3 7239 7236 7141 
3 7240 7241 7192 
3 7240 7192 7190 
3 7190 7242 7240 
3 7242 7190 7189 
3 7191 7243 7189 
3 7193 7243 7191 
3 7241 7244 7145 
3 7144 7192 7241 
3 7241 7145 7144 
3 7193 7194 7245 
3 7245 7194 7197 
3 7195 7145 7244 
3 7197 7199 7246 
3 7246 7247 7197 
3 7198 7248 7200 
3 7199 7249 7246 
3 7249 7199 7201 
3 7248 7250 7202 
3 7202 7200 7248 
3 7201 7251 7249 
3 7201 7252 7251 
3 7252 7201 7203 
3 7205 7253 7254 
3 7253 7205 7204 
3 7255 7203 7122 
3 7254 7256 7257 
3 7257 7207 7206 
3 7206 7254 7257 
3 7254 7206 7205 
3 7122 7209 7255 
3 7256 7208 7257 
3 7207 7257 7208 
3 7208 7256 7258 
3 7258 7210 7208 
3 7258 7213 7212 
3 7258 7212 7210 
3 7213 7259 7215 
3 7214 7260 7211 
3 7216 7215 7259 
3 7214 7218 7261 
3 7261 7260 7214 
3 7219 7216 7259 
3 7259 7262 7219 
3 7219 7262 7263 
3 7217 7219 7220 
3 7261 7218 7221 
3 7263 7264 7219 
3 7220 7219 7264 
3 7264 7222 7220 
3 7261 7221 7223 
3 7224 7222 7265 
3 7179 7266 7223 
3 7224 7265 7225 
3 7266 7179 7226 
3 7226 7267 7266 
3 7268 7227 7225 
3 7226 7228 7267 
3 7269 7270 7268 
3 7270 7229 7227 
3 7227 7268 7270 
3 7229 7270 7230 
3 7270 7269 7271 
3 7271 7230 7270 
3 7184 7231 7272 
3 7271 7273 7230 
3 7273 7274 7230 
3 7274 7232 7230 
3 7232 7274 7233 
3 7275 7231 7234 
3 7231 7275 7272 
3 7273 7276 7274 
3 7233 7274 7276 
3 7276 7277 7233 
3 7233 7277 7235 
3 7275 7234 7236 
3 7236 7278 7275 
3 7237 7235 7279 
3 7279 7280 7237 
3 7238 7237 7281 
3 7237 7280 7281 
3 7281 7282 7238 
3 7239 7238 7282 
3 7282 7283 7239 
3 7239 7283 7284 
3 7236 7239 7284 
3 7236 7284 7278 
3 7285 7241 7240 
3 7240 7286 7285 
3 7242 7286 7240 
3 7242 7189 7287 
3 7287 7189 7243 
3 7193 7288 7243 
3 7193 7289 7288 
3 7241 7285 7244 
3 7289 7193 7245 
3 7245 7197 7290 
3 7290 7289 7245 
3 7291 7195 7244 
3 7197 7247 7290 
3 7292 7290 7247 
3 7291 7198 7195 
3 7247 7246 7292 
3 7293 7292 7246 
3 7294 7250 7248 
3 7291 7294 7248 
3 7248 7198 7291 
3 7246 7249 7293 
3 7249 7251 7293 
3 7295 7293 7252 
3 7251 7252 7293 
3 7202 7250 7253 
3 7203 7296 7295 
3 7295 7252 7203 
3 7253 7204 7202 
3 7296 7203 7255 
3 7297 7254 7253 
3 7255 7209 7296 
3 7298 7299 7300 
3 7298 7300 7297 
3 7300 7256 7254 
3 7254 7297 7300 
3 7301 7302 7303 
3 7300 7299 7301 
3 7301 7303 7300 
3 7256 7300 7303 
3 7304 7305 7306 
3 7303 7302 7304 
3 7304 7306 7303 
3 7258 7303 7306 
3 7303 7258 7256 
3 7258 7306 7305 
3 7305 7307 7258 
3 7308 7209 7211 
3 7211 7260 7308 
3 7307 7309 7258 
3 7309 7213 7258 
3 7309 7259 7213 
3 7309 7262 7259 
3 7310 7260 7261 
3 7311 7263 7262 
3 7263 7311 7312 
3 7312 7264 7263 
3 7223 7313 7261 
3 7312 7314 7264 
3 7314 7222 7264 
3 7223 7315 7313 
3 7314 7265 7222 
3 7315 7223 7266 
3 7265 7316 7225 
3 7316 7317 7225 
3 7225 7317 7318 
3 7318 7268 7225 
3 7228 7319 7267 
3 7319 7228 7184 
3 7320 7184 7272 
3 7184 7320 7319 
3 7269 7321 7271 
3 7321 7273 7271 
3 7272 7322 7320 
3 7272 7275 7322 
3 7276 7273 7321 
3 7277 7276 7321 
3 7322 7275 7278 
3 7278 7323 7322 
3 7279 7235 7277 
3 7284 7283 7324 
3 7284 7324 7323 
3 7278 7284 7323 
3 7282 7281 7280 
3 7280 7325 7282 
3 7283 7282 7325 
3 7325 7326 7283 
3 7283 7326 7324 
3 7286 7327 7328 
3 7242 7329 7327 
3 7327 7286 7242 
3 7287 7329 7242 
3 7330 7331 7285 
3 7328 7330 7285 
3 7328 7285 7286 
3 7243 7332 7287 
3 7243 7288 7333 
3 7333 7332 7243 
3 7289 7334 7288 
3 7334 7333 7288 
3 7335 7334 7289 
3 7244 7285 7331 
3 7289 7290 7335 
3 7291 7244 7331 
3 7290 7292 7336 
3 7336 7335 7290 
3 7292 7337 7336 
3 7291 7338 7339 
3 7337 7292 7293 
3 7294 7339 7338 
3 7338 7250 7294 
3 7339 7294 7291 
3 7340 7293 7295 
3 7250 7341 7253 
3 7296 7342 7340 
3 7340 7295 7296 
3 7297 7343 7344 
3 7343 7297 7253 
3 7296 7209 7342 
3 7297 7344 7345 
3 7346 7347 7348 
3 7345 7344 7346 
3 7346 7348 7345 
3 7348 7299 7298 
3 7298 7345 7348 
3 7345 7298 7297 
3 7348 7347 7349 
3 7349 7350 7348 
3 7350 7302 7301 
3 7301 7348 7350 
3 7348 7301 7299 
3 7304 7350 7349 
3 7349 7351 7304 
3 7351 7305 7304 
3 7350 7304 7302 
3 7351 7352 7307 
3 7307 7305 7351 
3 7309 7307 7352 
3 7352 7353 7309 
3 7260 7310 7308 
3 7262 7309 7353 
3 7353 7354 7262 
3 7262 7354 7355 
3 7355 7356 7262 
3 7262 7356 7311 
3 7261 7357 7310 
3 7355 7358 7356 
3 7311 7356 7358 
3 7358 7312 7311 
3 7357 7261 7313 
3 7358 7314 7312 
3 7357 7313 7315 
3 7315 7359 7357 
3 7358 7360 7314 
3 7314 7360 7316 
3 7316 7265 7314 
3 7359 7315 7266 
3 7316 7361 7317 
3 7361 7318 7317 
3 7267 7362 7266 
3 7318 7361 7268 
3 7362 7267 7319 
3 7319 7320 7362 
3 7321 7269 7363 
3 7363 7364 7321 
3 7364 7365 7321 
3 7277 7321 7365 
3 7365 7366 7277 
3 7279 7277 7366 
3 7324 7367 7323 
3 7366 7368 7279 
3 7368 7280 7279 
3 7368 7325 7280 
3 7326 7367 7324 
3 7369 7330 7328 
3 7369 7328 7327 
3 7329 7287 7370 
3 7370 7287 7332 
3 7332 7371 7370 
3 7333 7372 7332 
3 7372 7371 7332 
3 7373 7372 7333 
3 7374 7331 7330 
3 7334 7373 7333 
3 7334 7335 7375 
3 7376 7377 7378 
3 7331 7374 7376 
3 7376 7378 7331 
3 7378 7377 7379 
3 7291 7378 7379 
3 7378 7291 7331 
3 7375 7335 7336 
3 7336 7380 7375 
3 7336 7337 7380 
3 7379 7381 7338 
3 7379 7338 7291 
3 7382 7383 7338 
3 7381 7382 7338 
3 7337 7293 7380 
3 7384 7380 7340 
3 7293 7340 7380 
3 7383 7385 7341 
3 7383 7341 7338 
3 7250 7338 7341 
3 7340 7386 7384 
3 7387 7388 7343 
3 7253 7385 7387 
3 7387 7343 7253 
3 7385 7253 7341 
3 7386 7340 7342 
3 7344 7388 7389 
3 7388 7344 7343 
3 7386 7342 7390 
3 7342 7209 7390 
3 7344 7389 7391 
3 7391 7392 7344 
3 7393 7394 7347 
3 7392 7391 7393 
3 7393 7347 7392 
3 7346 7392 7347 
3 7392 7346 7344 
3 7390 7209 7395 
3 7349 7347 7394 
3 7351 7394 7396 
3 7396 7352 7351 
3 7351 7349 7394 
3 7395 7209 7308 
3 7308 7397 7395 
3 7398 7353 7352 
3 7397 7308 7310 
3 7398 7399 7354 
3 7354 7353 7398 
3 7399 7400 7354 
3 7355 7354 7400 
3 7400 7401 7355 
3 7402 7310 7357 
3 7355 7401 7358 
3 7357 7403 7402 
3 7403 7357 7359 
3 7404 7360 7358 
3 7404 7405 7360 
3 7405 7316 7360 
3 7266 7406 7359 
3 7316 7405 7407 
3 7407 7408 7316 
3 7266 7409 7406 
3 7408 7361 7316 
3 7266 7362 7409 
3 7408 7410 7361 
3 7410 7268 7361 
3 7410 7411 7268 
3 7320 7412 7362 
3 7268 7411 7413 
3 7268 7413 7269 
3 7320 7414 7412 
3 7269 7413 7415 
3 7269 7415 7363 
3 7320 7322 7416 
3 7416 7414 7320 
3 7415 7417 7363 
3 7417 7364 7363 
3 7365 7364 7417 
3 7416 7322 7323 
3 7417 7418 7365 
3 7366 7365 7418 
3 7367 7419 7323 
3 7418 7368 7366 
3 7368 7420 7325 
3 7326 7325 7420 
3 7367 7326 7420 
3 7420 7419 7367 
3 7370 7421 7329 
3 7421 7370 7371 
3 7422 7421 7371 
3 7423 7424 7330 
3 7423 7330 7369 
3 7371 7372 7422 
3 7372 7373 7425 
3 7425 7422 7372 
3 7424 7374 7330 
3 7373 7334 7425 
3 7334 7375 7425 
3 7375 7426 7425 
3 7377 7376 7427 
3 7376 7374 7424 
3 7424 7427 7376 
3 7428 7426 7375 
3 7377 7429 7379 
3 7375 7380 7428 
3 7429 7430 7431 
3 7431 7379 7429 
3 7431 7381 7379 
3 7430 7383 7382 
3 7382 7431 7430 
3 7431 7382 7381 
3 7384 7432 7380 
3 7433 7434 7435 
3 7433 7435 7430 
3 7435 7385 7383 
3 7383 7430 7435 
3 7432 7384 7386 
3 7387 7434 7436 
3 7436 7388 7387 
3 7385 7435 7434 
3 7434 7387 7385 
3 7437 7432 7386 
3 7438 7439 7389 
3 7436 7389 7388 
3 7436 7438 7389 
3 7386 7390 7437 
3 7440 7441 7439 
3 7391 7439 7441 
3 7439 7391 7389 
3 7442 7443 7437 
3 7437 7390 7442 
3 7441 7444 7394 
3 7393 7441 7394 
3 7441 7393 7391 
3 7390 7395 7442 
3 7443 7442 7395 
3 7394 7444 7396 
3 7396 7445 7352 
3 7398 7352 7445 
3 7445 7446 7398 
3 7447 7397 7310 
3 7399 7398 7446 
3 7399 7446 7401 
3 7401 7400 7399 
3 7447 7310 7402 
3 7401 7448 7358 
3 7359 7406 7403 
3 7404 7358 7448 
3 7448 7449 7404 
3 7404 7449 7450 
3 7404 7450 7405 
3 7450 7451 7405 
3 7451 7407 7405 
3 7407 7451 7452 
3 7453 7406 7409 
3 7452 7454 7407 
3 7408 7407 7454 
3 7454 7455 7408 
3 7362 7456 7453 
3 7453 7409 7362 
3 7455 7457 7408 
3 7410 7408 7457 
3 7410 7457 7458 
3 7458 7411 7410 
3 7456 7362 7412 
3 7412 7459 7456 
3 7458 7460 7411 
3 7460 7413 7411 
3 7459 7412 7414 
3 7460 7461 7413 
3 7415 7413 7461 
3 7461 7462 7415 
3 7414 7416 7463 
3 7462 7464 7415 
3 7417 7415 7465 
3 7415 7464 7465 
3 7466 7416 7323 
3 7416 7466 7463 
3 7417 7465 7467 
3 7418 7417 7468 
3 7417 7467 7468 
3 7466 7323 7419 
3 7368 7418 7468 
3 7468 7469 7368 
3 7469 7470 7368 
3 7420 7368 7470 
3 7470 7471 7420 
3 7419 7420 7471 
3 7369 7472 7473 
3 7473 7423 7369 
3 7474 7369 7327 
3 7474 7472 7369 
3 7474 7327 7329 
3 7329 7475 7474 
3 7475 7329 7421 
3 7421 7476 7475 
3 7477 7476 7421 
3 7422 7478 7421 
3 7478 7477 7421 
3 7479 7478 7422 
3 7423 7473 7480 
3 7480 7424 7423 
3 7422 7425 7479 
3 7481 7479 7425 
3 7482 7483 7480 
3 7424 7480 7483 
3 7484 7481 7426 
3 7425 7426 7481 
3 7485 7429 7486 
3 7483 7482 7485 
3 7485 7486 7483 
3 7486 7377 7427 
3 7427 7483 7486 
3 7483 7427 7424 
3 7426 7428 7484 
3 7377 7486 7429 
3 7428 7380 7484 
3 7487 7484 7380 
3 7380 7432 7488 
3 7488 7487 7380 
3 7430 7429 7489 
3 7489 7433 7430 
3 7433 7489 7490 
3 7490 7434 7433 
3 7438 7491 7492 
3 7491 7438 7436 
3 7434 7490 7491 
3 7491 7436 7434 
3 7492 7493 7440 
3 7440 7439 7438 
3 7438 7492 7440 
3 7493 7494 7441 
3 7493 7441 7440 
3 7443 7495 7437 
3 7494 7496 7444 
3 7494 7444 7441 
3 7495 7443 7395 
3 7444 7496 7497 
3 7396 7444 7497 
3 7497 7498 7396 
3 7495 7395 7397 
3 7445 7396 7498 
3 7446 7445 7498 
3 7499 7401 7446 
3 7500 7447 7402 
3 7401 7499 7501 
3 7501 7502 7401 
3 7502 7503 7401 
3 7503 7448 7401 
3 7402 7504 7500 
3 7402 7403 7504 
3 7448 7503 7449 
3 7504 7403 7406 
3 7450 7449 7505 
3 7450 7505 7451 
3 7505 7506 7451 
3 7506 7452 7451 
3 7452 7506 7507 
3 7507 7454 7452 
3 7454 7507 7455 
3 7508 7457 7507 
3 7455 7507 7457 
3 7508 7509 7457 
3 7509 7458 7457 
3 7458 7509 7510 
3 7458 7510 7460 
3 7511 7512 7510 
3 7512 7461 7460 
3 7460 7510 7512 
3 7461 7512 7462 
3 7414 7463 7459 
3 7511 7513 7512 
3 7513 7464 7462 
3 7462 7512 7513 
3 7464 7513 7465 
3 7513 7514 7465 
3 7514 7467 7465 
3 7467 7514 7515 
3 7467 7515 7468 
3 7515 7516 7468 
3 7469 7468 7516 
3 7516 7517 7469 
3 7470 7469 7517 
3 7517 7518 7470 
3 7519 7471 7470 
3 7470 7518 7519 
3 7419 7471 7519 
3 7519 7466 7419 
3 7475 7520 7474 
3 7520 7475 7476 
3 7476 7521 7520 
3 7477 7521 7476 
3 7522 7521 7477 
3 7473 7523 7524 
3 7524 7525 7473 
3 7523 7473 7472 
3 7523 7472 7474 
3 7477 7478 7522 
3 7479 7522 7478 
3 7525 7524 7526 
3 7526 7482 7480 
3 7480 7525 7526 
3 7525 7480 7473 
3 7482 7527 7485 
3 7527 7429 7485 
3 7528 7484 7487 
3 7487 7488 7528 
3 7488 7529 7528 
3 7489 7530 7531 
3 7531 7532 7489 
3 7530 7489 7429 
3 7529 7488 7432 
3 7491 7533 7534 
3 7532 7531 7533 
3 7533 7491 7532 
3 7490 7532 7491 
3 7532 7490 7489 
3 7529 7432 7437 
3 7535 7529 7437 
3 7492 7536 7537 
3 7536 7492 7491 
3 7491 7534 7536 
3 7437 7538 7535 
3 7539 7540 7537 
3 7540 7493 7537 
3 7492 7537 7493 
3 7540 7539 7541 
3 7541 7494 7540 
3 7493 7540 7494 
3 7538 7437 7495 
3 7494 7541 7496 
3 7498 7497 7496 
3 7496 7542 7498 
3 7542 7543 7498 
3 7446 7498 7543 
3 7397 7447 7544 
3 7499 7446 7543 
3 7447 7545 7544 
3 7447 7500 7545 
3 7500 7546 7545 
3 7547 7501 7499 
3 7547 7502 7501 
3 7502 7547 7503 
3 7500 7504 7546 
3 7503 7547 7548 
3 7548 7549 7503 
3 7549 7449 7503 
3 7550 7449 7549 
3 7406 7551 7504 
3 7550 7505 7449 
3 7551 7406 7453 
3 7505 7550 7552 
3 7552 7506 7505 
3 7453 7553 7551 
3 7552 7507 7506 
3 7553 7453 7456 
3 7507 7552 7554 
3 7554 7555 7507 
3 7507 7555 7508 
3 7553 7456 7459 
3 7555 7554 7509 
3 7508 7555 7509 
3 7511 7510 7509 
3 7509 7556 7511 
3 7557 7459 7463 
3 7513 7511 7556 
3 7556 7558 7513 
3 7557 7463 7466 
3 7466 7559 7557 
3 7514 7513 7560 
3 7513 7558 7560 
3 7515 7514 7560 
3 7560 7561 7515 
3 7561 7562 7515 
3 7516 7515 7562 
3 7519 7518 7563 
3 7519 7563 7564 
3 7466 7519 7564 
3 7466 7564 7559 
3 7562 7565 7516 
3 7517 7516 7565 
3 7565 7566 7517 
3 7518 7517 7566 
3 7518 7566 7563 
3 7567 7568 7523 
3 7569 7523 7474 
3 7569 7567 7523 
3 7569 7474 7520 
3 7521 7570 7520 
3 7571 7570 7521 
3 7521 7522 7572 
3 7572 7571 7521 
3 7568 7573 7524 
3 7568 7524 7523 
3 7572 7522 7479 
3 7479 7481 7574 
3 7574 7572 7479 
3 7575 7574 7481 
3 7526 7524 7573 
3 7573 7576 7482 
3 7482 7526 7573 
3 7577 7575 7484 
3 7481 7484 7575 
3 7576 7578 7527 
3 7527 7482 7576 
3 7484 7579 7577 
3 7527 7578 7580 
3 7580 7429 7527 
3 7579 7484 7528 
3 7528 7581 7579 
3 7429 7580 7530 
3 7581 7528 7529 
3 7531 7582 7533 
3 7530 7582 7531 
3 7536 7583 7584 
3 7536 7585 7583 
3 7585 7536 7534 
3 7585 7534 7533 
3 7535 7586 7529 
3 7537 7584 7587 
3 7584 7537 7536 
3 7588 7589 7586 
3 7586 7535 7588 
3 7535 7538 7588 
3 7590 7539 7587 
3 7587 7539 7537 
3 7538 7591 7589 
3 7589 7588 7538 
3 7541 7539 7592 
3 7538 7495 7591 
3 7592 7593 7496 
3 7496 7541 7592 
3 7594 7591 7495 
3 7495 7595 7594 
3 7542 7496 7593 
3 7595 7495 7397 
3 7593 7596 7543 
3 7543 7542 7593 
3 7595 7397 7544 
3 7596 7597 7543 
3 7544 7598 7595 
3 7544 7545 7598 
3 7597 7599 7543 
3 7499 7543 7599 
3 7499 7599 7600 
3 7600 7547 7499 
3 7600 7548 7547 
3 7504 7601 7546 
3 7600 7602 7548 
3 7549 7548 7602 
3 7550 7549 7602 
3 7601 7504 7551 
3 7550 7602 7552 
3 7603 7554 7552 
3 7554 7603 7604 
3 7554 7604 7509 
3 7459 7605 7553 
3 7606 7509 7604 
3 7605 7459 7557 
3 7557 7607 7605 
3 7509 7606 7608 
3 7608 7609 7509 
3 7509 7609 7556 
3 7608 7610 7609 
3 7609 7610 7611 
3 7611 7556 7609 
3 7607 7557 7559 
3 7611 7612 7556 
3 7556 7612 7613 
3 7613 7558 7556 
3 7560 7558 7613 
3 7613 7561 7560 
3 7614 7564 7563 
3 7614 7559 7564 
3 7615 7562 7561 
3 7565 7562 7615 
3 7615 7616 7565 
3 7566 7565 7616 
3 7616 7617 7566 
3 7563 7566 7617 
3 7617 7614 7563 
3 7569 7618 7619 
3 7618 7569 7520 
3 7520 7620 7618 
3 7620 7520 7570 
3 7621 7622 7570 
3 7622 7620 7570 
3 7622 7621 7623 
3 7624 7622 7623 
3 7619 7567 7569 
3 7570 7571 7621 
3 7621 7571 7572 
3 7572 7623 7621 
3 7625 7624 7572 
3 7624 7623 7572 
3 7626 7625 7572 
3 7627 7573 7568 
3 7572 7574 7626 
3 7574 7575 7626 
3 7628 7626 7575 
3 7629 7630 7573 
3 7573 7627 7629 
3 7631 7628 7575 
3 7630 7576 7573 
3 7575 7577 7631 
3 7632 7631 7577 
3 7578 7576 7630 
3 7579 7633 7634 
3 7634 7632 7579 
3 7577 7579 7632 
3 7580 7578 7635 
3 7635 7530 7580 
3 7579 7581 7633 
3 7530 7635 7582 
3 7581 7529 7633 
3 7529 7636 7633 
3 7583 7637 7638 
3 7637 7583 7585 
3 7585 7639 7637 
3 7585 7640 7639 
3 7640 7585 7533 
3 7533 7641 7640 
3 7641 7533 7582 
3 7529 7586 7636 
3 7584 7638 7642 
3 7638 7584 7583 
3 7584 7642 7590 
3 7590 7587 7584 
3 7589 7643 7586 
3 7642 7644 7592 
3 7590 7642 7592 
3 7592 7539 7590 
3 7643 7589 7591 
3 7592 7644 7645 
3 7593 7592 7645 
3 7645 7646 7593 
3 7646 7647 7593 
3 7647 7596 7593 
3 7598 7648 7595 
3 7597 7596 7649 
3 7649 7650 7597 
3 7598 7545 7648 
3 7597 7650 7651 
3 7651 7599 7597 
3 7545 7652 7648 
3 7600 7599 7651 
3 7545 7653 7652 
3 7545 7546 7653 
3 7601 7653 7546 
3 7654 7602 7600 
3 7655 7602 7654 
3 7601 7551 7656 
3 7552 7602 7655 
3 7551 7657 7656 
3 7658 7552 7655 
3 7657 7551 7553 
3 7658 7603 7552 
3 7603 7659 7604 
3 7660 7553 7605 
3 7604 7659 7661 
3 7604 7661 7606 
3 7662 7660 7605 
3 7605 7607 7662 
3 7661 7659 7663 
3 7606 7661 7663 
3 7606 7663 7608 
3 7664 7610 7608 
3 7608 7663 7664 
3 7610 7664 7611 
3 7607 7665 7662 
3 7607 7559 7665 
3 7663 7666 7664 
3 7666 7667 7664 
3 7667 7612 7611 
3 7611 7664 7667 
3 7612 7667 7613 
3 7559 7668 7665 
3 7666 7669 7667 
3 7613 7667 7669 
3 7669 7670 7613 
3 7561 7613 7670 
3 7559 7614 7671 
3 7671 7668 7559 
3 7670 7672 7561 
3 7615 7561 7672 
3 7672 7673 7615 
3 7616 7615 7673 
3 7616 7674 7617 
3 7617 7674 7675 
3 7614 7617 7675 
3 7614 7675 7671 
3 7673 7674 7616 
3 7618 7676 7677 
3 7676 7618 7620 
3 7676 7620 7678 
3 7679 7680 7681 
3 7679 7681 7619 
3 7681 7567 7619 
3 7677 7679 7619 
3 7677 7619 7618 
3 7678 7620 7622 
3 7622 7682 7678 
3 7622 7624 7683 
3 7683 7682 7622 
3 7680 7684 7627 
3 7680 7627 7681 
3 7568 7681 7627 
3 7681 7568 7567 
3 7624 7625 7683 
3 7625 7626 7685 
3 7685 7683 7625 
3 7686 7685 7626 
3 7684 7687 7629 
3 7684 7629 7627 
3 7626 7628 7686 
3 7631 7686 7628 
3 7687 7630 7629 
3 7687 7688 7630 
3 7632 7689 7631 
3 7632 7690 7689 
3 7688 7578 7630 
3 7690 7632 7634 
3 7690 7634 7633 
3 7633 7691 7690 
3 7635 7692 7582 
3 7578 7688 7693 
3 7693 7635 7578 
3 7693 7692 7635 
3 7637 7639 7694 
3 7640 7695 7639 
3 7695 7640 7641 
3 7641 7696 7695 
3 7696 7641 7582 
3 7691 7633 7636 
3 7697 7638 7698 
3 7694 7698 7638 
3 7694 7638 7637 
3 7699 7700 7701 
3 7699 7701 7697 
3 7642 7697 7701 
3 7697 7642 7638 
3 7586 7702 7636 
3 7701 7700 7703 
3 7703 7704 7701 
3 7642 7701 7704 
3 7702 7586 7643 
3 7703 7705 7704 
3 7705 7706 7704 
3 7644 7642 7704 
3 7704 7706 7644 
3 7591 7594 7643 
3 7706 7705 7707 
3 7707 7645 7706 
3 7706 7645 7644 
3 7646 7645 7707 
3 7707 7647 7646 
3 7708 7647 7709 
3 7647 7708 7596 
3 7710 7594 7595 
3 7708 7711 7596 
3 7711 7712 7596 
3 7710 7595 7648 
3 7596 7712 7649 
3 7713 7649 7712 
3 7712 7714 7713 
3 7651 7650 7649 
3 7649 7713 7651 
3 7714 7651 7713 
3 7715 7651 7714 
3 7652 7653 7716 
3 7716 7648 7652 
3 7600 7651 7715 
3 7653 7717 7716 
3 7715 7718 7600 
3 7719 7717 7653 
3 7653 7601 7719 
3 7600 7718 7654 
3 7601 7656 7719 
3 7720 7658 7655 
3 7721 7657 7553 
3 7657 7721 7656 
3 7722 7658 7720 
3 7658 7722 7603 
3 7553 7723 7721 
3 7724 7603 7722 
3 7723 7553 7660 
3 7660 7725 7723 
3 7659 7603 7724 
3 7726 7725 7660 
3 7660 7727 7726 
3 7660 7662 7727 
3 7659 7728 7663 
3 7729 7662 7665 
3 7662 7729 7727 
3 7730 7666 7663 
3 7665 7668 7731 
3 7731 7729 7665 
3 7730 7669 7666 
3 7669 7732 7670 
3 7672 7670 7732 
3 7675 7733 7671 
3 7732 7734 7672 
3 7734 7735 7672 
3 7673 7672 7735 
3 7674 7673 7735 
3 7735 7736 7674 
3 7675 7736 7733 
3 7675 7674 7736 
3 7677 7737 7738 
3 7737 7677 7676 
3 7676 7739 7737 
3 7739 7676 7678 
3 7678 7740 7739 
3 7678 7682 7740 
3 7741 7740 7682 
3 7742 7741 7682 
3 7743 7744 7680 
3 7743 7680 7738 
3 7679 7738 7680 
3 7738 7679 7677 
3 7682 7683 7742 
3 7683 7685 7745 
3 7745 7742 7683 
3 7744 7684 7680 
3 7685 7686 7746 
3 7746 7745 7685 
3 7747 7687 7684 
3 7748 7686 7631 
3 7631 7689 7749 
3 7749 7748 7631 
3 7690 7749 7689 
3 7747 7750 7688 
3 7747 7688 7687 
3 7751 7692 7693 
3 7693 7750 7751 
3 7750 7693 7688 
3 7690 7691 7752 
3 7753 7752 7691 
3 7639 7754 7755 
3 7754 7639 7695 
3 7695 7756 7754 
3 7756 7695 7696 
3 7696 7757 7756 
3 7692 7751 7757 
3 7757 7696 7692 
3 7582 7692 7696 
3 7698 7758 7759 
3 7758 7698 7694 
3 7694 7755 7758 
3 7755 7694 7639 
3 7691 7636 7753 
3 7760 7753 7636 
3 7761 7697 7759 
3 7759 7697 7698 
3 7636 7762 7760 
3 7763 7764 7761 
3 7761 7699 7697 
3 7761 7700 7699 
3 7762 7636 7702 
3 7761 7764 7703 
3 7761 7703 7700 
3 7643 7765 7762 
3 7762 7702 7643 
3 7764 7766 7703 
3 7766 7705 7703 
3 7643 7594 7765 
3 7707 7705 7766 
3 7766 7767 7707 
3 7647 7707 7767 
3 7767 7709 7647 
3 7594 7768 7765 
3 7768 7594 7769 
3 7594 7710 7769 
3 7709 7770 7708 
3 7770 7711 7708 
3 7712 7711 7770 
3 7712 7770 7771 
3 7648 7772 7710 
3 7771 7714 7712 
3 7773 7772 7648 
3 7773 7648 7716 
3 7716 7774 7773 
3 7715 7714 7775 
3 7776 7716 7717 
3 7716 7776 7774 
3 7715 7775 7777 
3 7777 7778 7715 
3 7715 7778 7718 
3 7719 7779 7717 
3 7654 7718 7778 
3 7778 7777 7654 
3 7779 7719 7656 
3 7656 7780 7779 
3 7656 7781 7780 
3 7782 7783 7777 
3 7654 7777 7783 
3 7654 7783 7655 
3 7720 7783 7782 
3 7720 7655 7783 
3 7781 7656 7721 
3 7721 7784 7781 
3 7785 7720 7782 
3 7720 7785 7722 
3 7784 7721 7723 
3 7722 7785 7724 
3 7725 7786 7787 
3 7784 7723 7725 
3 7725 7787 7784 
3 7788 7724 7785 
3 7724 7788 7659 
3 7786 7725 7726 
3 7788 7789 7790 
3 7790 7791 7788 
3 7659 7788 7791 
3 7786 7726 7727 
3 7727 7792 7786 
3 7790 7793 7791 
3 7659 7791 7793 
3 7659 7793 7728 
3 7728 7793 7663 
3 7792 7727 7729 
3 7793 7794 7663 
3 7668 7795 7731 
3 7663 7794 7796 
3 7796 7730 7663 
3 7669 7730 7796 
3 7668 7797 7795 
3 7796 7798 7669 
3 7798 7732 7669 
3 7671 7733 7799 
3 7668 7799 7797 
3 7668 7671 7799 
3 7798 7800 7732 
3 7734 7732 7800 
3 7735 7734 7800 
3 7736 7735 7801 
3 7801 7802 7736 
3 7733 7736 7802 
3 7802 7799 7733 
3 7737 7803 7804 
3 7803 7737 7739 
3 7739 7805 7803 
3 7805 7739 7740 
3 7740 7806 7805 
3 7807 7806 7740 
3 7808 7809 7743 
3 7743 7804 7808 
3 7804 7743 7738 
3 7804 7738 7737 
3 7740 7741 7807 
3 7742 7810 7741 
3 7810 7807 7741 
3 7810 7742 7811 
3 7809 7744 7743 
3 7745 7811 7742 
3 7745 7746 7811 
3 7812 7811 7746 
3 7813 7814 7744 
3 7814 7684 7744 
3 7746 7686 7812 
3 7748 7812 7686 
3 7814 7815 7684 
3 7815 7747 7684 
3 7815 7816 7747 
3 7748 7749 7817 
3 7818 7817 7690 
3 7749 7690 7817 
3 7750 7816 7819 
3 7816 7750 7747 
3 7753 7818 7752 
3 7690 7752 7818 
3 7757 7820 7756 
3 7820 7757 7819 
3 7751 7819 7757 
3 7819 7751 7750 
3 7821 7822 7823 
3 7823 7759 7821 
3 7824 7821 7759 
3 7759 7758 7824 
3 7824 7758 7755 
3 7754 7756 7755 
3 7760 7825 7753 
3 7822 7763 7823 
3 7759 7823 7763 
3 7760 7826 7825 
3 7827 7763 7822 
3 7763 7761 7759 
3 7760 7762 7826 
3 7827 7828 7764 
3 7763 7827 7764 
3 7829 7762 7765 
3 7828 7830 7764 
3 7830 7766 7764 
3 7767 7766 7830 
3 7830 7831 7767 
3 7832 7765 7833 
3 7709 7767 7831 
3 7833 7765 7768 
3 7831 7834 7709 
3 7769 7835 7833 
3 7833 7768 7769 
3 7836 7709 7834 
3 7709 7836 7770 
3 7835 7769 7710 
3 7837 7770 7836 
3 7710 7838 7835 
3 7771 7770 7837 
3 7839 7838 7710 
3 7710 7772 7839 
3 7772 7840 7841 
3 7841 7839 7772 
3 7842 7840 7772 
3 7772 7773 7842 
3 7773 7774 7842 
3 7714 7843 7775 
3 7774 7776 7842 
3 7844 7777 7843 
3 7777 7775 7843 
3 7717 7845 7776 
3 7717 7779 7845 
3 7846 7779 7780 
3 7780 7847 7846 
3 7779 7846 7845 
3 7844 7848 7777 
3 7849 7780 7781 
3 7780 7849 7847 
3 7777 7848 7850 
3 7850 7782 7777 
3 7781 7851 7849 
3 7851 7781 7784 
3 7852 7782 7850 
3 7850 7853 7852 
3 7782 7852 7785 
3 7853 7785 7852 
3 7784 7786 7854 
3 7784 7787 7786 
3 7786 7855 7854 
3 7856 7789 7788 
3 7788 7785 7856 
3 7789 7856 7790 
3 7855 7786 7792 
3 7856 7857 7793 
3 7793 7790 7856 
3 7857 7858 7793 
3 7859 7729 7731 
3 7855 7792 7729 
3 7729 7859 7855 
3 7860 7861 7793 
3 7793 7861 7794 
3 7862 7731 7795 
3 7795 7863 7862 
3 7731 7862 7859 
3 7863 7795 7797 
3 7864 7794 7861 
3 7794 7864 7796 
3 7865 7797 7799 
3 7796 7864 7866 
3 7866 7867 7796 
3 7796 7867 7868 
3 7868 7798 7796 
3 7800 7798 7868 
3 7802 7869 7799 
3 7868 7870 7800 
3 7870 7871 7800 
3 7735 7800 7871 
3 7871 7872 7735 
3 7801 7735 7872 
3 7802 7801 7872 
3 7802 7872 7869 
3 7873 7808 7804 
3 7804 7874 7873 
3 7874 7804 7875 
3 7875 7804 7803 
3 7803 7876 7875 
3 7876 7803 7805 
3 7876 7805 7806 
3 7806 7877 7876 
3 7878 7877 7806 
3 7807 7879 7806 
3 7879 7878 7806 
3 7879 7807 7880 
3 7880 7881 7879 
3 7808 7873 7882 
3 7882 7809 7808 
3 7810 7880 7807 
3 7810 7811 7883 
3 7883 7880 7810 
3 7884 7744 7809 
3 7811 7812 7883 
3 7884 7885 7813 
3 7885 7814 7813 
3 7884 7813 7744 
3 7812 7748 7886 
3 7885 7887 7888 
3 7888 7814 7885 
3 7888 7815 7814 
3 7748 7817 7886 
3 7889 7886 7817 
3 7887 7890 7816 
3 7887 7816 7888 
3 7888 7816 7815 
3 7817 7818 7889 
3 7820 7891 7892 
3 7819 7890 7891 
3 7891 7820 7819 
3 7890 7819 7816 
3 7889 7818 7753 
3 7753 7893 7889 
3 7894 7895 7821 
3 7894 7821 7824 
3 7824 7896 7894 
3 7896 7824 7755 
3 7755 7897 7896 
3 7897 7755 7756 
3 7756 7892 7897 
3 7892 7756 7820 
3 7822 7898 7899 
3 7898 7822 7895 
3 7821 7895 7822 
3 7753 7825 7893 
3 7900 7825 7826 
3 7899 7901 7827 
3 7899 7827 7822 
3 7829 7900 7762 
3 7826 7762 7900 
3 7827 7901 7902 
3 7902 7828 7827 
3 7902 7903 7904 
3 7828 7902 7904 
3 7905 7904 7903 
3 7828 7904 7905 
3 7905 7830 7828 
3 7829 7765 7832 
3 7831 7830 7905 
3 7833 7906 7832 
3 7833 7907 7906 
3 7831 7908 7834 
3 7909 7910 7907 
3 7907 7833 7909 
3 7833 7835 7909 
3 7911 7910 7909 
3 7836 7834 7908 
3 7908 7912 7836 
3 7835 7838 7909 
3 7911 7909 7838 
3 7913 7837 7912 
3 7836 7912 7837 
3 7914 7837 7913 
3 7837 7914 7771 
3 7915 7838 7839 
3 7841 7840 7916 
3 7916 7915 7839 
3 7839 7841 7916 
3 7714 7771 7917 
3 7916 7840 7842 
3 7918 7714 7917 
3 7714 7918 7843 
3 7843 7918 7919 
3 7919 7844 7843 
3 7776 7845 7920 
3 7920 7921 7842 
3 7842 7776 7920 
3 7922 7844 7919 
3 7846 7847 7923 
3 7845 7846 7923 
3 7923 7920 7845 
3 7924 7922 7919 
3 7922 7924 7848 
3 7848 7844 7922 
3 7847 7849 7925 
3 7925 7923 7847 
3 7926 7850 7924 
3 7850 7848 7924 
3 7925 7927 7928 
3 7849 7851 7927 
3 7927 7925 7849 
3 7926 7853 7850 
3 7929 7928 7927 
3 7927 7930 7929 
3 7851 7784 7930 
3 7930 7927 7851 
3 7930 7784 7929 
3 7854 7929 7784 
3 7853 7931 7932 
3 7853 7932 7785 
3 7931 7933 7932 
3 7933 7934 7932 
3 7934 7856 7785 
3 7785 7932 7934 
3 7857 7856 7934 
3 7934 7933 7857 
3 7933 7935 7858 
3 7858 7857 7933 
3 7855 7859 7936 
3 7937 7858 7935 
3 7858 7937 7860 
3 7860 7793 7858 
3 7859 7862 7938 
3 7938 7936 7859 
3 7860 7937 7939 
3 7863 7797 7940 
3 7940 7941 7862 
3 7940 7862 7863 
3 7941 7938 7862 
3 7861 7860 7939 
3 7939 7942 7861 
3 7861 7942 7864 
3 7943 7797 7865 
3 7797 7943 7940 
3 7939 7944 7942 
3 7942 7944 7945 
3 7945 7864 7942 
3 7864 7945 7867 
3 7867 7866 7864 
3 7799 7869 7946 
3 7943 7865 7799 
3 7799 7946 7943 
3 7945 7947 7867 
3 7867 7947 7948 
3 7948 7868 7867 
3 7870 7868 7948 
3 7872 7949 7869 
3 7869 7949 7950 
3 7869 7950 7946 
3 7947 7951 7948 
3 7870 7948 7951 
3 7951 7952 7870 
3 7871 7870 7952 
3 7872 7871 7952 
3 7952 7953 7872 
3 7949 7872 7953 
3 7875 7954 7874 
3 7954 7875 7876 
3 7876 7955 7954 
3 7955 7876 7877 
3 7877 7956 7955 
3 7878 7957 7877 
3 7957 7956 7877 
3 7873 7958 7882 
3 7958 7873 7874 
3 7879 7957 7878 
3 7879 7881 7959 
3 7959 7957 7879 
3 7881 7880 7883 
3 7883 7959 7881 
3 7960 7961 7962 
3 7960 7962 7882 
3 7962 7809 7882 
3 7884 7962 7961 
3 7962 7884 7809 
3 7883 7812 7963 
3 7964 7965 7966 
3 7961 7964 7966 
3 7966 7884 7961 
3 7966 7885 7884 
3 7812 7886 7967 
3 7967 7963 7812 
3 7886 7968 7967 
3 7965 7969 7887 
3 7965 7887 7966 
3 7885 7966 7887 
3 7968 7886 7889 
3 7891 7970 7971 
3 7970 7891 7890 
3 7890 7969 7970 
3 7969 7890 7887 
3 7889 7972 7968 
3 7895 7973 7974 
3 7973 7895 7894 
3 7894 7975 7973 
3 7975 7894 7896 
3 7896 7976 7975 
3 7976 7896 7897 
3 7897 7977 7976 
3 7977 7897 7892 
3 7892 7971 7977 
3 7971 7892 7891 
3 7889 7893 7972 
3 7978 7972 7893 
3 7979 7980 7981 
3 7979 7981 7974 
3 7981 7898 7974 
3 7895 7974 7898 
3 7982 7978 7893 
3 7980 7983 7984 
3 7980 7984 7981 
3 7899 7981 7984 
3 7981 7899 7898 
3 7893 7825 7982 
3 7825 7985 7982 
3 7984 7983 7986 
3 7986 7987 7984 
3 7987 7901 7899 
3 7899 7984 7987 
3 7988 7985 7900 
3 7825 7900 7985 
3 7986 7989 7987 
3 7900 7829 7988 
3 7829 7990 7988 
3 7903 7987 7989 
3 7903 7902 7987 
3 7987 7902 7901 
3 7990 7829 7991 
3 7829 7992 7991 
3 7905 7903 7993 
3 7829 7832 7992 
3 7831 7905 7993 
3 7992 7832 7906 
3 7906 7994 7992 
3 7995 7992 7994 
3 7908 7831 7993 
3 7993 7996 7908 
3 7994 7906 7907 
3 7907 7910 7994 
3 7995 7994 7910 
3 7910 7997 7995 
3 7996 7998 7908 
3 7911 7999 7997 
3 7997 7910 7911 
3 7998 7912 7908 
3 7999 7911 7838 
3 7912 7998 8000 
3 8000 8001 7912 
3 8001 7913 7912 
3 8002 8001 8000 
3 7914 7913 8001 
3 8001 8002 7914 
3 8003 7999 7838 
3 8004 7771 7914 
3 7914 8002 8004 
3 7915 8003 7838 
3 7917 8004 8002 
3 7917 7771 8004 
3 8003 7915 7916 
3 7916 8005 8003 
3 8006 7917 8002 
3 8007 8005 7916 
3 7918 7917 8006 
3 8006 8008 7918 
3 7916 7842 8009 
3 8009 8007 7916 
3 8009 7921 8010 
3 7921 8009 7842 
3 8011 7918 8008 
3 8008 8012 8011 
3 7918 8011 7919 
3 7921 8013 8014 
3 7921 7920 8013 
3 8014 8010 7921 
3 8015 8011 8012 
3 8011 8015 7919 
3 8016 7920 7923 
3 7923 8017 8016 
3 7920 8016 8013 
3 7924 7919 8015 
3 8017 7923 7925 
3 7926 7924 8015 
3 8018 7925 7928 
3 7928 8019 8018 
3 7925 8018 8017 
3 8020 7926 8015 
3 7926 8020 7853 
3 8019 7928 7929 
3 7929 8021 8019 
3 8020 8022 7853 
3 8021 7929 7854 
3 8022 7931 7853 
3 7931 8022 8023 
3 8024 7931 8023 
3 7933 7931 8024 
3 8025 7854 7855 
3 7933 8024 8026 
3 8026 7935 7933 
3 7855 7936 8027 
3 8025 8027 8028 
3 8027 8025 7855 
3 8024 8029 8026 
3 8029 8030 8026 
3 8030 7935 8026 
3 7935 8030 7937 
3 8031 8028 8027 
3 7936 7938 8031 
3 8031 8027 7936 
3 8029 8032 8030 
3 7941 7940 8033 
3 8031 8033 8034 
3 7938 7941 8033 
3 8033 8031 7938 
3 7937 8030 8032 
3 8032 8035 7937 
3 7937 8035 7939 
3 8036 7940 7943 
3 8037 8033 7940 
3 7940 8036 8037 
3 8037 8034 8033 
3 7946 8038 7943 
3 8039 8036 7943 
3 7943 8038 8039 
3 8040 8041 8035 
3 8041 7939 8035 
3 7944 7939 8041 
3 8041 7945 7944 
3 7950 7949 8042 
3 7946 7950 8042 
3 8039 7946 8043 
3 8039 8038 7946 
3 8041 8040 8044 
3 8044 8045 8041 
3 7945 8041 8045 
3 8045 8046 7945 
3 8046 8047 7945 
3 7947 7945 8047 
3 7947 8047 8048 
3 7951 7947 8048 
3 7953 8049 7949 
3 8042 7949 8049 
3 8050 8042 8049 
3 8050 7946 8042 
3 8043 7946 8050 
3 8048 8051 7951 
3 7952 7951 8051 
3 8051 8052 7952 
3 8052 8053 7952 
3 8054 7952 8053 
3 8054 7953 7952 
3 8054 8049 7953 
3 7954 8055 8056 
3 8055 7954 7955 
3 8055 7955 8057 
3 8058 8057 7956 
3 7958 8059 8060 
3 8056 7958 7874 
3 8056 8059 7958 
3 8056 7874 7954 
3 8057 7955 7956 
3 7956 7957 8058 
3 7957 7959 8061 
3 8061 8058 7957 
3 7882 8060 8062 
3 8060 7882 7958 
3 7959 7883 8061 
3 8063 8061 7883 
3 8062 7961 7960 
3 8062 7960 7882 
3 7883 7963 8063 
3 8064 8065 7963 
3 8065 8063 7963 
3 7964 7961 8062 
3 8066 8064 7963 
3 7963 7967 8066 
3 8067 8066 7968 
3 7967 7968 8066 
3 7975 8068 8069 
3 8070 8071 8068 
3 8072 8071 8070 
3 8073 7970 7969 
3 8073 7969 7964 
3 7965 7964 7969 
3 8074 8067 7968 
3 8075 7974 8076 
3 7974 7973 8076 
3 8069 8076 7973 
3 8069 7973 7975 
3 7976 8068 7975 
3 7976 8070 8068 
3 7976 7977 8072 
3 8072 8070 7976 
3 7977 8077 8072 
3 8077 7977 7971 
3 7971 8078 8077 
3 8078 7971 7970 
3 7968 7972 8074 
3 8079 8074 7972 
3 8080 7979 8075 
3 7974 8075 7979 
3 8079 7972 7978 
3 8081 8082 7980 
3 8081 7980 8080 
3 7979 8080 7980 
3 8079 7978 7982 
3 7982 8083 8079 
3 8082 8084 8085 
3 8082 8085 7980 
3 8085 7983 7980 
3 8083 7982 7985 
3 8085 8084 8086 
3 8086 7986 8085 
3 7983 8085 7986 
3 8083 7985 7988 
3 7988 7990 8083 
3 7986 8086 7989 
3 8087 7989 8086 
3 7989 8087 7903 
3 7991 8088 7990 
3 7993 7903 8087 
3 8088 7991 7992 
3 8089 8088 7992 
3 8089 7992 7995 
3 7996 7993 8087 
3 8087 8090 7996 
3 8089 7995 8091 
3 8091 7995 7997 
3 8090 7998 7996 
3 8091 7997 7999 
3 7998 8090 8092 
3 8093 7998 8092 
3 7998 8093 8000 
3 8093 8002 8000 
3 8094 7999 8003 
3 8003 8005 8095 
3 8095 8094 8003 
3 8096 8097 8006 
3 8006 8002 8096 
3 8007 8095 8005 
3 8098 8006 8097 
3 8006 8098 8008 
3 8009 8099 8007 
3 8099 8100 8007 
3 8012 8008 8098 
3 8009 8010 8101 
3 8102 8100 8099 
3 8099 8101 8102 
3 8101 8099 8009 
3 8103 8102 8101 
3 8101 8014 8103 
3 8014 8101 8010 
3 8016 8017 8104 
3 8014 8104 8105 
3 8013 8016 8104 
3 8104 8014 8013 
3 8105 8103 8014 
3 8012 8106 8015 
3 8107 8105 8104 
3 8104 8018 8107 
3 8018 8104 8017 
3 8108 8109 8018 
3 8109 8107 8018 
3 8106 8110 8020 
3 8020 8015 8106 
3 8018 8019 8111 
3 8111 8108 8018 
3 8019 8021 8111 
3 8020 8110 8112 
3 8112 8022 8020 
3 8021 7854 8113 
3 8113 8111 8021 
3 8114 8113 7854 
3 8022 8112 8115 
3 8022 8115 8023 
3 8116 8114 7854 
3 8024 8023 8115 
3 7854 8117 8116 
3 7854 8025 8117 
3 8024 8115 8118 
3 8025 8028 8117 
3 8024 8118 8119 
3 8024 8119 8029 
3 8028 8031 8120 
3 8120 8117 8028 
3 8119 8032 8029 
3 8031 8034 8121 
3 8122 8123 8120 
3 8120 8121 8122 
3 8121 8120 8031 
3 8032 8119 8124 
3 8036 8125 8037 
3 8126 8127 8121 
3 8121 8125 8126 
3 8034 8037 8125 
3 8125 8121 8034 
3 8127 8122 8121 
3 8128 8032 8124 
3 8129 8036 8130 
3 8129 8125 8036 
3 8129 8126 8125 
3 8131 8128 8124 
3 8032 8128 8131 
3 8032 8131 8132 
3 8132 8035 8032 
3 8035 8132 8040 
3 8039 8133 8036 
3 8130 8036 8133 
3 8131 8134 8132 
3 8132 8134 8044 
3 8044 8040 8132 
3 8050 8135 8043 
3 8039 8043 8135 
3 8135 8133 8039 
3 8135 8130 8133 
3 8136 8044 8134 
3 8044 8136 8137 
3 8137 8045 8044 
3 8046 8045 8137 
3 8137 8138 8046 
3 8046 8138 8047 
3 8050 8049 8139 
3 8135 8050 8139 
3 8138 8137 8136 
3 8136 8140 8138 
3 8138 8140 8047 
3 8048 8047 8141 
3 8141 8142 8048 
3 8051 8048 8142 
3 8052 8143 8053 
3 8143 8144 8054 
3 8054 8053 8143 
3 8049 8054 8144 
3 8144 8145 8049 
3 8145 8139 8049 
3 8146 8047 8140 
3 8141 8047 8146 
3 8142 8141 8146 
3 8146 8147 8142 
3 8051 8142 8147 
3 8147 8148 8051 
3 8148 8149 8051 
3 8052 8051 8149 
3 8143 8052 8149 
3 8149 8144 8143 
3 8056 8150 8151 
3 8150 8056 8055 
3 8055 8152 8150 
3 8152 8055 8057 
3 8057 8153 8152 
3 8057 8154 8153 
3 8058 8154 8057 
3 8155 8154 8058 
3 8156 8062 8060 
3 8151 8060 8059 
3 8151 8156 8060 
3 8151 8059 8056 
3 8155 8058 8061 
3 8061 8157 8155 
3 8158 8157 8061 
3 8061 8063 8159 
3 8159 8158 8061 
3 8160 8161 8063 
3 8161 8159 8063 
3 8063 8065 8160 
3 8160 8065 8064 
3 8064 8162 8160 
3 8163 7964 8062 
3 8162 8064 8066 
3 8066 8164 8162 
3 8163 8073 7964 
3 8164 8066 8067 
3 8165 8075 8166 
3 8167 8166 8075 
3 8075 8076 8167 
3 8167 8076 8069 
3 8069 8168 8167 
3 8168 8069 8068 
3 8068 8169 8168 
3 8068 8170 8169 
3 8068 8071 8170 
3 8072 8171 8071 
3 8171 8170 8071 
3 8171 8072 8077 
3 8171 8077 8078 
3 7970 8172 8078 
3 8172 7970 8073 
3 8164 8067 8074 
3 8074 8173 8164 
3 8174 8175 8165 
3 8075 8165 8175 
3 8173 8074 8079 
3 8176 8081 8174 
3 8175 8174 8081 
3 8081 8080 8175 
3 8175 8080 8075 
3 8177 8082 8176 
3 8081 8176 8082 
3 8178 8079 8083 
3 8177 8179 8084 
3 8082 8177 8084 
3 8086 8084 8179 
3 8083 7990 8178 
3 8179 8180 8086 
3 8087 8086 8180 
3 7990 8088 8181 
3 8180 8182 8087 
3 8181 8088 8089 
3 8090 8087 8182 
3 7999 8183 8091 
3 8183 7999 8094 
3 8093 8092 8184 
3 8093 8184 8002 
3 8094 8185 8183 
3 8184 8186 8096 
3 8096 8002 8184 
3 8187 8185 8094 
3 8094 8095 8187 
3 8096 8186 8097 
3 8007 8187 8095 
3 8186 8188 8097 
3 8188 8098 8097 
3 8007 8100 8187 
3 8188 8012 8098 
3 8100 8102 8189 
3 8189 8187 8100 
3 8188 8190 8012 
3 8102 8103 8191 
3 8191 8189 8102 
3 8192 8191 8103 
3 8103 8193 8192 
3 8103 8105 8193 
3 8194 8012 8190 
3 8012 8194 8106 
3 8195 8105 8107 
3 8107 8196 8195 
3 8105 8195 8193 
3 8194 8197 8106 
3 8196 8107 8109 
3 8110 8106 8197 
3 8198 8109 8108 
3 8108 8111 8198 
3 8199 8198 8111 
3 8112 8110 8197 
3 8197 8200 8112 
3 8113 8199 8111 
3 8200 8201 8112 
3 8113 8114 8202 
3 8203 8112 8201 
3 8112 8203 8115 
3 8114 8116 8204 
3 8204 8202 8114 
3 8203 8205 8115 
3 8206 8204 8116 
3 8116 8117 8206 
3 8205 8118 8115 
3 8206 8117 8207 
3 8208 8118 8205 
3 8117 8120 8209 
3 8210 8211 8207 
3 8207 8209 8210 
3 8209 8207 8117 
3 8118 8208 8119 
3 8209 8123 8212 
3 8123 8209 8120 
3 8212 8210 8209 
3 8213 8124 8208 
3 8124 8119 8208 
3 8127 8126 8214 
3 8123 8214 8215 
3 8122 8127 8214 
3 8214 8123 8122 
3 8215 8212 8123 
3 8216 8124 8213 
3 8213 8217 8216 
3 8129 8218 8214 
3 8214 8126 8129 
3 8215 8214 8218 
3 8216 8217 8219 
3 8219 8124 8216 
3 8124 8219 8131 
3 8130 8218 8129 
3 8131 8219 8220 
3 8130 8135 8221 
3 8221 8218 8130 
3 8131 8220 8222 
3 8134 8131 8222 
3 8223 8221 8135 
3 8222 8224 8134 
3 8224 8136 8134 
3 8139 8225 8135 
3 8223 8135 8225 
3 8224 8226 8136 
3 8140 8136 8226 
3 8144 8227 8145 
3 8227 8228 8145 
3 8228 8229 8230 
3 8230 8145 8228 
3 8230 8139 8145 
3 8225 8139 8230 
3 8230 8231 8225 
3 8231 8223 8225 
3 8226 8232 8140 
3 8146 8140 8232 
3 8232 8233 8146 
3 8147 8146 8233 
3 8233 8148 8147 
3 8149 8148 8234 
3 8234 8235 8149 
3 8144 8149 8235 
3 8235 8236 8144 
3 8236 8227 8144 
3 8228 8227 8236 
3 8236 8229 8228 
3 8233 8237 8148 
3 8234 8148 8237 
3 8235 8234 8237 
3 8150 8152 8238 
3 8151 8238 8239 
3 8238 8151 8150 
3 8154 8240 8153 
3 8155 8157 8154 
3 8157 8240 8154 
3 8156 8239 8241 
3 8241 8062 8156 
3 8156 8151 8239 
3 8158 8242 8157 
3 8243 8242 8158 
3 8241 8244 8062 
3 8158 8159 8243 
3 8159 8161 8245 
3 8245 8243 8159 
3 8161 8160 8245 
3 8163 8062 8244 
3 8246 8245 8162 
3 8160 8162 8245 
3 8162 8164 8246 
3 8247 8165 8166 
3 8167 8248 8166 
3 8248 8167 8168 
3 8168 8249 8248 
3 8249 8168 8169 
3 8169 8250 8249 
3 8169 8170 8250 
3 8251 8250 8170 
3 8252 8073 8163 
3 8253 8174 8247 
3 8165 8247 8174 
3 8170 8171 8251 
3 8171 8254 8251 
3 8254 8171 8078 
3 8254 8078 8172 
3 8172 8255 8254 
3 8252 8172 8073 
3 8252 8255 8172 
3 8256 8164 8173 
3 8174 8253 8257 
3 8258 8256 8173 
3 8176 8257 8259 
3 8257 8176 8174 
3 8173 8079 8258 
3 8260 8258 8079 
3 8259 8261 8177 
3 8259 8177 8176 
3 8262 8260 8178 
3 8079 8178 8260 
3 8263 8177 8261 
3 8263 8179 8177 
3 8264 8265 8178 
3 8265 8262 8178 
3 7990 8266 8264 
3 8264 8178 7990 
3 8180 8179 8263 
3 8263 8267 8180 
3 8266 7990 8268 
3 7990 8181 8268 
3 8181 8269 8268 
3 8182 8180 8267 
3 8182 8267 8270 
3 8181 8089 8269 
3 8089 8091 8271 
3 8271 8269 8089 
3 8182 8270 8090 
3 8270 8272 8090 
3 8272 8092 8090 
3 8272 8273 8092 
3 8092 8273 8274 
3 8275 8091 8183 
3 8183 8276 8275 
3 8277 8092 8274 
3 8092 8277 8184 
3 8276 8183 8185 
3 8277 8278 8184 
3 8185 8187 8276 
3 8186 8184 8278 
3 8186 8278 8279 
3 8186 8279 8280 
3 8280 8188 8186 
3 8281 8188 8280 
3 8187 8189 8282 
3 8190 8188 8281 
3 8281 8283 8190 
3 8282 8189 8191 
3 8191 8284 8282 
3 8285 8192 8193 
3 8284 8191 8192 
3 8192 8285 8284 
3 8283 8286 8194 
3 8194 8190 8283 
3 8195 8196 8287 
3 8193 8287 8288 
3 8193 8195 8287 
3 8288 8285 8193 
3 8286 8197 8194 
3 8287 8109 8289 
3 8109 8287 8196 
3 8289 8288 8287 
3 8197 8286 8290 
3 8289 8109 8198 
3 8197 8290 8291 
3 8198 8199 8292 
3 8291 8200 8197 
3 8199 8113 8293 
3 8293 8292 8199 
3 8200 8291 8294 
3 8294 8201 8200 
3 8293 8202 8295 
3 8202 8293 8113 
3 8201 8294 8296 
3 8296 8203 8201 
3 8297 8298 8202 
3 8202 8204 8297 
3 8298 8295 8202 
3 8205 8203 8296 
3 8297 8204 8206 
3 8206 8299 8297 
3 8300 8205 8296 
3 8206 8301 8299 
3 8205 8300 8208 
3 8211 8302 8206 
3 8211 8206 8207 
3 8302 8301 8206 
3 8300 8303 8208 
3 8211 8210 8212 
3 8303 8304 8208 
3 8304 8213 8208 
3 8215 8305 8212 
3 8306 8212 8305 
3 8306 8211 8212 
3 8306 8307 8211 
3 8304 8308 8213 
3 8308 8217 8213 
3 8305 8215 8218 
3 8217 8308 8309 
3 8217 8309 8219 
3 8310 8311 8305 
3 8305 8218 8310 
3 8219 8309 8220 
3 8221 8312 8218 
3 8312 8310 8218 
3 8312 8311 8310 
3 8220 8309 8313 
3 8220 8313 8222 
3 8221 8314 8315 
3 8312 8221 8315 
3 8224 8222 8316 
3 8222 8313 8316 
3 8223 8314 8221 
3 8316 8226 8224 
3 8230 8317 8231 
3 8223 8317 8318 
3 8223 8231 8317 
3 8314 8223 8318 
3 8226 8319 8232 
3 8232 8319 8320 
3 8236 8321 8229 
3 8321 8317 8230 
3 8321 8230 8229 
3 8320 8233 8232 
3 8320 8322 8233 
3 8237 8233 8322 
3 8322 8323 8237 
3 8323 8324 8237 
3 8235 8237 8324 
3 8324 8325 8235 
3 8236 8235 8325 
3 8236 8325 8326 
3 8321 8236 8326 
3 8152 8327 8238 
3 8327 8152 8153 
3 8153 8328 8327 
3 8328 8153 8240 
3 8240 8329 8328 
3 8330 8241 8239 
3 8239 8331 8330 
3 8331 8239 8238 
3 8240 8157 8329 
3 8332 8329 8157 
3 8242 8332 8157 
3 8245 8242 8243 
3 8244 8241 8333 
3 8333 8334 8244 
3 8334 8163 8244 
3 8247 8335 8336 
3 8335 8247 8337 
3 8166 8337 8247 
3 8337 8166 8248 
3 8248 8338 8337 
3 8338 8248 8249 
3 8249 8339 8338 
3 8249 8250 8340 
3 8340 8339 8249 
3 8341 8340 8250 
3 8342 8341 8250 
3 8334 8343 8163 
3 8164 8344 8246 
3 8250 8251 8342 
3 8345 8342 8251 
3 8252 8163 8343 
3 8253 8336 8346 
3 8336 8253 8247 
3 8251 8254 8345 
3 8254 8347 8345 
3 8347 8254 8255 
3 8344 8164 8256 
3 8256 8348 8344 
3 8346 8349 8257 
3 8346 8257 8253 
3 8348 8256 8258 
3 8259 8257 8349 
3 8348 8258 8260 
3 8260 8350 8348 
3 8261 8259 8349 
3 8349 8351 8261 
3 8350 8260 8262 
3 8350 8262 8265 
3 8265 8352 8350 
3 8263 8261 8351 
3 8352 8265 8264 
3 8351 8353 8263 
3 8354 8264 8266 
3 8267 8263 8353 
3 8268 8355 8266 
3 8268 8269 8355 
3 8353 8356 8267 
3 8269 8271 8355 
3 8271 8357 8355 
3 8270 8267 8356 
3 8357 8271 8091 
3 8356 8358 8270 
3 8358 8272 8270 
3 8357 8091 8275 
3 8358 8359 8272 
3 8359 8273 8272 
3 8275 8360 8357 
3 8274 8273 8359 
3 8359 8361 8274 
3 8360 8275 8276 
3 8277 8274 8361 
3 8278 8277 8361 
3 8361 8362 8278 
3 8279 8278 8362 
3 8187 8363 8276 
3 8364 8280 8279 
3 8279 8365 8364 
3 8280 8364 8281 
3 8366 8187 8282 
3 8187 8366 8363 
3 8283 8364 8365 
3 8283 8281 8364 
3 8282 8284 8366 
3 8367 8283 8365 
3 8284 8285 8368 
3 8368 8366 8284 
3 8286 8283 8367 
3 8368 8369 8370 
3 8285 8288 8369 
3 8369 8368 8285 
3 8286 8367 8371 
3 8372 8370 8369 
3 8369 8289 8372 
3 8289 8369 8288 
3 8290 8286 8371 
3 8371 8373 8290 
3 8289 8198 8374 
3 8374 8372 8289 
3 8291 8290 8373 
3 8373 8375 8291 
3 8198 8292 8374 
3 8292 8293 8376 
3 8376 8374 8292 
3 8294 8291 8375 
3 8375 8377 8294 
3 8295 8376 8293 
3 8377 8378 8294 
3 8378 8296 8294 
3 8379 8376 8295 
3 8295 8297 8379 
3 8295 8298 8297 
3 8299 8379 8297 
3 8379 8299 8301 
3 8301 8380 8379 
3 8300 8296 8381 
3 8302 8211 8307 
3 8380 8301 8307 
3 8301 8302 8307 
3 8381 8382 8300 
3 8382 8303 8300 
3 8303 8382 8383 
3 8383 8304 8303 
3 8306 8384 8307 
3 8384 8385 8307 
3 8386 8308 8383 
3 8304 8383 8308 
3 8305 8387 8306 
3 8387 8384 8306 
3 8387 8385 8384 
3 8386 8388 8308 
3 8388 8309 8308 
3 8311 8387 8305 
3 8313 8309 8388 
3 8388 8389 8313 
3 8312 8315 8390 
3 8390 8391 8312 
3 8391 8311 8312 
3 8389 8392 8313 
3 8316 8313 8392 
3 8315 8314 8390 
3 8226 8316 8393 
3 8316 8392 8393 
3 8318 8394 8314 
3 8394 8390 8314 
3 8319 8226 8393 
3 8318 8317 8395 
3 8394 8318 8395 
3 8319 8396 8320 
3 8322 8320 8397 
3 8320 8396 8397 
3 8398 8321 8326 
3 8398 8317 8321 
3 8395 8317 8398 
3 8397 8399 8322 
3 8323 8322 8399 
3 8324 8323 8399 
3 8399 8400 8324 
3 8325 8324 8400 
3 8400 8401 8325 
3 8401 8402 8325 
3 8402 8326 8325 
3 8398 8326 8402 
3 8238 8403 8331 
3 8403 8238 8327 
3 8327 8404 8403 
3 8404 8327 8328 
3 8329 8405 8328 
3 8406 8241 8330 
3 8405 8329 8332 
3 8332 8407 8405 
3 8242 8407 8332 
3 8406 8333 8241 
3 8408 8407 8242 
3 8408 8242 8245 
3 8245 8246 8408 
3 8335 8409 8410 
3 8409 8335 8337 
3 8338 8411 8337 
3 8338 8339 8412 
3 8412 8411 8338 
3 8340 8413 8339 
3 8413 8412 8339 
3 8333 8414 8334 
3 8415 8336 8410 
3 8410 8336 8335 
3 8340 8341 8416 
3 8416 8413 8340 
3 8342 8416 8341 
3 8414 8417 8343 
3 8343 8334 8414 
3 8246 8344 8418 
3 8336 8415 8419 
3 8419 8346 8336 
3 8345 8420 8342 
3 8420 8345 8347 
3 8347 8421 8420 
3 8421 8347 8255 
3 8255 8422 8421 
3 8252 8417 8422 
3 8422 8255 8252 
3 8252 8343 8417 
3 8423 8418 8344 
3 8419 8424 8346 
3 8344 8348 8423 
3 8424 8425 8349 
3 8349 8346 8424 
3 8426 8423 8348 
3 8425 8427 8349 
3 8348 8350 8426 
3 8428 8426 8350 
3 8351 8349 8427 
3 8429 8428 8352 
3 8350 8352 8428 
3 8352 8264 8429 
3 8354 8430 8429 
3 8429 8264 8354 
3 8431 8353 8351 
3 8430 8354 8266 
3 8430 8266 8355 
3 8356 8353 8431 
3 8358 8356 8432 
3 8432 8359 8358 
3 8432 8433 8359 
3 8359 8433 8361 
3 8360 8276 8434 
3 8433 8435 8361 
3 8276 8436 8434 
3 8361 8435 8362 
3 8279 8362 8435 
3 8435 8437 8279 
3 8436 8276 8363 
3 8365 8279 8437 
3 8437 8438 8365 
3 8367 8365 8438 
3 8438 8439 8367 
3 8368 8440 8366 
3 8441 8368 8370 
3 8368 8441 8440 
3 8439 8442 8371 
3 8371 8367 8439 
3 8370 8372 8443 
3 8443 8441 8370 
3 8373 8371 8442 
3 8442 8444 8373 
3 8372 8374 8445 
3 8445 8443 8372 
3 8373 8444 8375 
3 8446 8445 8374 
3 8375 8444 8447 
3 8448 8374 8376 
3 8374 8448 8446 
3 8377 8375 8447 
3 8449 8448 8376 
3 8377 8447 8450 
3 8377 8450 8378 
3 8379 8449 8376 
3 8379 8451 8449 
3 8378 8450 8296 
3 8380 8452 8379 
3 8451 8379 8452 
3 8450 8381 8296 
3 8452 8380 8307 
3 8381 8450 8453 
3 8453 8382 8381 
3 8452 8307 8454 
3 8453 8383 8382 
3 8385 8455 8307 
3 8454 8307 8455 
3 8453 8456 8383 
3 8386 8383 8456 
3 8385 8387 8457 
3 8457 8455 8385 
3 8386 8456 8388 
3 8311 8457 8387 
3 8388 8456 8458 
3 8459 8457 8311 
3 8458 8460 8388 
3 8389 8388 8460 
3 8391 8390 8461 
3 8311 8391 8461 
3 8461 8459 8311 
3 8392 8389 8462 
3 8389 8460 8462 
3 8390 8463 8461 
3 8462 8464 8392 
3 8393 8392 8464 
3 8465 8390 8394 
3 8390 8465 8463 
3 8464 8466 8393 
3 8466 8319 8393 
3 8394 8395 8467 
3 8394 8467 8465 
3 8395 8398 8468 
3 8396 8469 8397 
3 8399 8397 8469 
3 8469 8470 8399 
3 8400 8399 8470 
3 8470 8471 8400 
3 8401 8400 8471 
3 8471 8472 8401 
3 8472 8402 8401 
3 8402 8468 8398 
3 8473 8474 8403 
3 8473 8403 8404 
3 8473 8404 8475 
3 8476 8477 8330 
3 8476 8330 8331 
3 8331 8474 8476 
3 8474 8331 8403 
3 8328 8475 8404 
3 8475 8328 8405 
3 8405 8478 8475 
3 8477 8479 8406 
3 8477 8406 8330 
3 8405 8407 8478 
3 8407 8480 8478 
3 8481 8480 8407 
3 8479 8482 8333 
3 8333 8406 8479 
3 8407 8408 8481 
3 8483 8481 8408 
3 8408 8246 8484 
3 8484 8483 8408 
3 8337 8485 8409 
3 8485 8337 8411 
3 8411 8486 8485 
3 8412 8487 8411 
3 8487 8486 8411 
3 8413 8487 8412 
3 8482 8488 8333 
3 8489 8484 8246 
3 8246 8490 8489 
3 8410 8491 8492 
3 8491 8410 8409 
3 8488 8493 8414 
3 8414 8333 8488 
3 8490 8246 8418 
3 8418 8494 8490 
3 8418 8495 8494 
3 8492 8415 8410 
3 8416 8342 8496 
3 8497 8498 8417 
3 8414 8493 8497 
3 8497 8417 8414 
3 8418 8499 8495 
3 8492 8500 8419 
3 8492 8419 8415 
3 8342 8420 8501 
3 8501 8496 8342 
3 8501 8420 8421 
3 8421 8502 8501 
3 8502 8421 8422 
3 8422 8498 8502 
3 8498 8422 8417 
3 8499 8418 8423 
3 8424 8419 8500 
3 8500 8425 8424 
3 8426 8503 8423 
3 8425 8504 8427 
3 8503 8426 8428 
3 8351 8427 8504 
3 8503 8428 8429 
3 8429 8505 8503 
3 8504 8506 8351 
3 8505 8429 8430 
3 8507 8505 8430 
3 8431 8351 8506 
3 8430 8508 8507 
3 8508 8430 8355 
3 8509 8508 8355 
3 8509 8355 8357 
3 8356 8431 8510 
3 8509 8357 8511 
3 8511 8357 8360 
3 8432 8356 8512 
3 8360 8513 8511 
3 8433 8432 8512 
3 8512 8514 8433 
3 8513 8360 8515 
3 8360 8434 8515 
3 8435 8433 8514 
3 8514 8516 8435 
3 8515 8434 8436 
3 8436 8517 8515 
3 8516 8518 8435 
3 8436 8519 8517 
3 8520 8435 8518 
3 8436 8521 8519 
3 8520 8437 8435 
3 8521 8436 8363 
3 8363 8522 8521 
3 8522 8363 8366 
3 8520 8523 8438 
3 8438 8437 8520 
3 8366 8524 8522 
3 8439 8438 8523 
3 8523 8525 8439 
3 8524 8366 8440 
3 8443 8524 8440 
3 8440 8441 8443 
3 8526 8439 8525 
3 8526 8442 8439 
3 8526 8527 8442 
3 8527 8444 8442 
3 8445 8528 8443 
3 8527 8529 8444 
3 8530 8528 8445 
3 8445 8446 8530 
3 8529 8447 8444 
3 8530 8448 8531 
3 8448 8530 8446 
3 8532 8447 8529 
3 8449 8531 8448 
3 8532 8450 8447 
3 8451 8533 8531 
3 8531 8449 8451 
3 8533 8451 8452 
3 8452 8534 8533 
3 8534 8452 8535 
3 8535 8536 8534 
3 8537 8453 8450 
3 8452 8454 8538 
3 8539 8536 8535 
3 8535 8538 8539 
3 8538 8535 8452 
3 8540 8538 8454 
3 8454 8455 8540 
3 8540 8539 8538 
3 8453 8537 8541 
3 8541 8456 8453 
3 8540 8455 8457 
3 8541 8542 8456 
3 8457 8543 8540 
3 8458 8456 8542 
3 8542 8544 8458 
3 8543 8457 8459 
3 8460 8458 8545 
3 8458 8544 8545 
3 8461 8546 8459 
3 8462 8460 8545 
3 8547 8461 8463 
3 8547 8546 8461 
3 8464 8462 8466 
3 8547 8463 8465 
3 8465 8548 8547 
3 8467 8549 8548 
3 8465 8467 8548 
3 8466 8550 8319 
3 8396 8319 8550 
3 8550 8551 8396 
3 8468 8552 8553 
3 8395 8468 8553 
3 8467 8553 8549 
3 8467 8395 8553 
3 8469 8396 8551 
3 8551 8554 8469 
3 8470 8469 8554 
3 8470 8554 8555 
3 8556 8402 8472 
3 8468 8402 8556 
3 8556 8552 8468 
3 8555 8557 8470 
3 8557 8471 8470 
3 8472 8471 8557 
3 8557 8558 8472 
3 8472 8558 8556 
3 8474 8473 8559 
3 8473 8560 8559 
3 8560 8473 8475 
3 8561 8560 8475 
3 8476 8562 8563 
3 8563 8477 8476 
3 8476 8564 8562 
3 8564 8476 8474 
3 8474 8559 8564 
3 8475 8478 8561 
3 8480 8561 8478 
3 8477 8563 8565 
3 8565 8479 8477 
3 8566 8480 8481 
3 8567 8568 8485 
3 8567 8485 8486 
3 8486 8569 8567 
3 8569 8486 8487 
3 8487 8570 8569 
3 8571 8570 8487 
3 8565 8482 8479 
3 8481 8483 8566 
3 8483 8484 8572 
3 8572 8566 8483 
3 8409 8568 8573 
3 8573 8491 8409 
3 8568 8409 8485 
3 8487 8413 8571 
3 8574 8571 8413 
3 8488 8482 8565 
3 8565 8575 8488 
3 8572 8484 8489 
3 8489 8490 8576 
3 8576 8572 8489 
3 8573 8492 8491 
3 8573 8577 8492 
3 8413 8416 8574 
3 8496 8574 8416 
3 8578 8574 8496 
3 8493 8488 8579 
3 8575 8579 8488 
3 8490 8494 8576 
3 8580 8576 8495 
3 8494 8495 8576 
3 8577 8581 8492 
3 8501 8578 8496 
3 8497 8582 8498 
3 8497 8493 8579 
3 8579 8582 8497 
3 8583 8580 8499 
3 8495 8499 8580 
3 8500 8492 8581 
3 8581 8584 8500 
3 8585 8583 8423 
3 8499 8423 8583 
3 8584 8586 8500 
3 8587 8585 8423 
3 8588 8587 8423 
3 8425 8500 8586 
3 8423 8503 8588 
3 8504 8425 8586 
3 8505 8589 8503 
3 8590 8506 8504 
3 8589 8505 8507 
3 8590 8431 8506 
3 8589 8507 8508 
3 8508 8591 8589 
3 8590 8510 8431 
3 8509 8591 8508 
3 8510 8592 8356 
3 8511 8593 8509 
3 8512 8356 8592 
3 8592 8594 8512 
3 8594 8595 8512 
3 8593 8511 8513 
3 8513 8596 8593 
3 8514 8512 8595 
3 8596 8513 8515 
3 8515 8597 8596 
3 8598 8514 8595 
3 8598 8516 8514 
3 8597 8515 8517 
3 8518 8516 8598 
3 8597 8517 8519 
3 8519 8599 8597 
3 8598 8600 8518 
3 8600 8520 8518 
3 8599 8519 8521 
3 8599 8521 8522 
3 8522 8601 8599 
3 8522 8602 8601 
3 8603 8523 8520 
3 8524 8604 8602 
3 8602 8522 8524 
3 8525 8523 8603 
3 8603 8605 8525 
3 8604 8524 8443 
3 8443 8606 8604 
3 8605 8526 8525 
3 8443 8607 8606 
3 8605 8608 8526 
3 8527 8526 8608 
3 8443 8528 8609 
3 8609 8607 8443 
3 8529 8527 8608 
3 8608 8610 8529 
3 8611 8609 8528 
3 8528 8530 8611 
3 8530 8531 8611 
3 8532 8529 8610 
3 8610 8612 8532 
3 8611 8531 8613 
3 8450 8532 8612 
3 8612 8614 8450 
3 8613 8533 8615 
3 8533 8613 8531 
3 8537 8450 8614 
3 8534 8616 8533 
3 8615 8533 8616 
3 8534 8536 8616 
3 8617 8536 8539 
3 8539 8618 8617 
3 8536 8617 8616 
3 8539 8540 8618 
3 8541 8537 8619 
3 8619 8620 8541 
3 8542 8541 8620 
3 8540 8543 8618 
3 8544 8542 8620 
3 8620 8621 8544 
3 8545 8544 8621 
3 8621 8622 8545 
3 8543 8459 8546 
3 8546 8623 8543 
3 8622 8624 8545 
3 8462 8545 8624 
3 8546 8547 8625 
3 8625 8623 8546 
3 8624 8626 8462 
3 8466 8462 8626 
3 8626 8627 8466 
3 8549 8628 8548 
3 8629 8547 8548 
3 8548 8630 8629 
3 8550 8466 8627 
3 8627 8631 8550 
3 8551 8550 8631 
3 8632 8553 8552 
3 8549 8553 8632 
3 8632 8628 8549 
3 8631 8633 8551 
3 8554 8551 8633 
3 8633 8634 8554 
3 8554 8634 8555 
3 8635 8555 8634 
3 8636 8637 8556 
3 8552 8556 8637 
3 8637 8638 8552 
3 8638 8632 8552 
3 8555 8635 8557 
3 8558 8557 8635 
3 8635 8636 8558 
3 8556 8558 8636 
3 8564 8639 8640 
3 8639 8564 8559 
3 8559 8641 8639 
3 8641 8559 8560 
3 8560 8642 8641 
3 8642 8560 8561 
3 8561 8643 8642 
3 8640 8563 8562 
3 8640 8644 8563 
3 8640 8562 8564 
3 8645 8643 8561 
3 8645 8561 8480 
3 8646 8645 8480 
3 8563 8644 8647 
3 8647 8565 8563 
3 8648 8646 8480 
3 8648 8480 8566 
3 8566 8649 8648 
3 8568 8567 8650 
3 8650 8651 8568 
3 8650 8567 8569 
3 8569 8652 8650 
3 8652 8569 8570 
3 8570 8653 8652 
3 8571 8653 8570 
3 8647 8654 8565 
3 8649 8566 8572 
3 8655 8649 8572 
3 8656 8655 8572 
3 8657 8573 8568 
3 8568 8651 8657 
3 8575 8565 8654 
3 8572 8576 8656 
3 8576 8658 8656 
3 8577 8573 8657 
3 8657 8659 8577 
3 8660 8571 8574 
3 8574 8578 8661 
3 8661 8660 8574 
3 8579 8575 8654 
3 8654 8662 8579 
3 8658 8576 8580 
3 8580 8663 8658 
3 8659 8581 8577 
3 8578 8501 8664 
3 8664 8661 8578 
3 8664 8501 8502 
3 8502 8665 8664 
3 8665 8502 8498 
3 8498 8666 8665 
3 8666 8498 8582 
3 8582 8667 8666 
3 8582 8579 8662 
3 8662 8667 8582 
3 8663 8580 8583 
3 8659 8668 8581 
3 8668 8584 8581 
3 8585 8669 8583 
3 8670 8586 8584 
3 8584 8668 8670 
3 8669 8585 8587 
3 8587 8671 8669 
3 8671 8587 8588 
3 8588 8672 8671 
3 8504 8586 8670 
3 8670 8673 8504 
3 8674 8588 8503 
3 8673 8675 8504 
3 8674 8503 8589 
3 8675 8590 8504 
3 8675 8676 8590 
3 8674 8589 8591 
3 8510 8590 8676 
3 8676 8677 8510 
3 8678 8591 8509 
3 8509 8679 8678 
3 8592 8510 8677 
3 8509 8680 8679 
3 8680 8509 8593 
3 8594 8592 8677 
3 8597 8681 8596 
3 8595 8682 8598 
3 8597 8683 8681 
3 8682 8684 8598 
3 8683 8597 8599 
3 8600 8598 8684 
3 8599 8685 8683 
3 8684 8686 8600 
3 8599 8601 8685 
3 8686 8520 8600 
3 8601 8602 8687 
3 8686 8603 8520 
3 8602 8688 8687 
3 8602 8604 8688 
3 8604 8689 8688 
3 8605 8603 8690 
3 8689 8604 8691 
3 8604 8606 8691 
3 8606 8607 8691 
3 8605 8690 8692 
3 8692 8608 8605 
3 8691 8607 8609 
3 8609 8693 8691 
3 8692 8610 8608 
3 8694 8693 8609 
3 8609 8611 8694 
3 8692 8695 8610 
3 8694 8611 8696 
3 8612 8610 8695 
3 8696 8611 8613 
3 8695 8697 8612 
3 8697 8614 8612 
3 8698 8696 8613 
3 8613 8615 8698 
3 8615 8616 8698 
3 8537 8614 8697 
3 8697 8699 8537 
3 8616 8700 8698 
3 8699 8701 8537 
3 8700 8616 8617 
3 8619 8537 8701 
3 8618 8702 8617 
3 8620 8619 8701 
3 8618 8543 8702 
3 8621 8620 8703 
3 8622 8621 8703 
3 8543 8623 8704 
3 8622 8705 8624 
3 8625 8706 8623 
3 8626 8624 8705 
3 8707 8547 8629 
3 8625 8707 8708 
3 8625 8547 8707 
3 8708 8706 8625 
3 8627 8626 8705 
3 8705 8709 8627 
3 8630 8548 8628 
3 8707 8629 8630 
3 8709 8631 8627 
3 8633 8631 8710 
3 8710 8711 8633 
3 8634 8633 8711 
3 8711 8712 8634 
3 8635 8634 8712 
3 8636 8635 8712 
3 8712 8713 8636 
3 8637 8636 8713 
3 8713 8638 8637 
3 8714 8715 8640 
3 8714 8640 8639 
3 8639 8716 8714 
3 8717 8716 8639 
3 8717 8639 8641 
3 8641 8718 8717 
3 8718 8641 8642 
3 8642 8719 8718 
3 8719 8642 8643 
3 8643 8720 8719 
3 8645 8721 8643 
3 8721 8720 8643 
3 8721 8645 8722 
3 8715 8723 8644 
3 8644 8640 8715 
3 8646 8724 8645 
3 8725 8724 8646 
3 8647 8644 8723 
3 8723 8726 8647 
3 8725 8646 8648 
3 8648 8649 8727 
3 8727 8725 8648 
3 8651 8650 8728 
3 8728 8650 8652 
3 8652 8729 8728 
3 8729 8652 8653 
3 8653 8730 8729 
3 8730 8653 8571 
3 8571 8731 8730 
3 8732 8731 8571 
3 8647 8726 8733 
3 8733 8654 8647 
3 8649 8655 8734 
3 8734 8727 8649 
3 8734 8655 8656 
3 8657 8651 8735 
3 8728 8735 8651 
3 8736 8732 8571 
3 8733 8737 8654 
3 8734 8656 8658 
3 8657 8735 8738 
3 8738 8659 8657 
3 8660 8661 8736 
3 8736 8571 8660 
3 8736 8661 8664 
3 8664 8739 8736 
3 8654 8737 8740 
3 8740 8662 8654 
3 8663 8741 8658 
3 8739 8664 8665 
3 8665 8742 8739 
3 8742 8665 8666 
3 8666 8743 8742 
3 8743 8666 8667 
3 8667 8744 8743 
3 8740 8744 8662 
3 8744 8667 8662 
3 8741 8663 8583 
3 8659 8738 8668 
3 8741 8583 8669 
3 8669 8745 8741 
3 8746 8670 8668 
3 8745 8669 8671 
3 8745 8671 8672 
3 8672 8747 8745 
3 8747 8672 8588 
3 8747 8588 8674 
3 8670 8748 8673 
3 8748 8670 8746 
3 8748 8675 8673 
3 8749 8674 8591 
3 8749 8591 8678 
3 8679 8750 8678 
3 8679 8680 8750 
3 8680 8593 8750 
3 8594 8677 8751 
3 8751 8752 8594 
3 8593 8753 8750 
3 8595 8594 8752 
3 8753 8593 8596 
3 8752 8754 8595 
3 8753 8596 8681 
3 8681 8683 8753 
3 8682 8595 8754 
3 8754 8755 8682 
3 8684 8682 8755 
3 8686 8684 8755 
3 8685 8756 8683 
3 8756 8685 8757 
3 8685 8601 8757 
3 8758 8759 8686 
3 8687 8760 8757 
3 8601 8687 8757 
3 8603 8686 8759 
3 8688 8761 8762 
3 8688 8762 8760 
3 8760 8687 8688 
3 8690 8603 8759 
3 8763 8761 8688 
3 8763 8688 8689 
3 8691 8764 8763 
3 8689 8691 8763 
3 8693 8765 8764 
3 8764 8691 8693 
3 8694 8765 8693 
3 8694 8766 8765 
3 8694 8696 8766 
3 8692 8767 8695 
3 8697 8695 8767 
3 8768 8696 8698 
3 8698 8769 8768 
3 8697 8770 8699 
3 8769 8698 8700 
3 8700 8771 8769 
3 8701 8699 8770 
3 8771 8700 8617 
3 8770 8772 8701 
3 8620 8701 8772 
3 8703 8620 8772 
3 8773 8702 8543 
3 8773 8543 8704 
3 8703 8774 8622 
3 8703 8775 8774 
3 8622 8774 8776 
3 8704 8623 8777 
3 8777 8773 8704 
3 8705 8622 8776 
3 8776 8778 8705 
3 8779 8623 8706 
3 8623 8779 8777 
3 8705 8778 8780 
3 8708 8707 8781 
3 8781 8779 8708 
3 8779 8706 8708 
3 8780 8709 8705 
3 8709 8780 8782 
3 8709 8782 8783 
3 8781 8630 8628 
3 8628 8784 8781 
3 8781 8707 8630 
3 8783 8631 8709 
3 8631 8783 8785 
3 8628 8632 8786 
3 8786 8784 8628 
3 8785 8710 8631 
3 8711 8710 8785 
3 8785 8787 8711 
3 8712 8711 8787 
3 8787 8788 8712 
3 8788 8789 8712 
3 8713 8712 8789 
3 8789 8790 8713 
3 8638 8713 8790 
3 8790 8791 8638 
3 8632 8638 8791 
3 8791 8786 8632 
3 8792 8716 8717 
3 8792 8717 8718 
3 8718 8793 8792 
3 8793 8718 8719 
3 8719 8794 8793 
3 8715 8714 8795 
3 8795 8714 8716 
3 8719 8720 8796 
3 8796 8794 8719 
3 8796 8720 8721 
3 8721 8797 8796 
3 8797 8721 8722 
3 8722 8798 8797 
3 8799 8798 8722 
3 8723 8715 8795 
3 8795 8800 8723 
3 8722 8645 8799 
3 8645 8724 8799 
3 8724 8725 8801 
3 8801 8799 8724 
3 8726 8723 8800 
3 8800 8802 8726 
3 8725 8727 8801 
3 8727 8803 8801 
3 8729 8730 8804 
3 8804 8730 8731 
3 8731 8805 8804 
3 8806 8731 8732 
3 8806 8805 8731 
3 8733 8726 8802 
3 8802 8807 8733 
3 8803 8727 8734 
3 8728 8808 8809 
3 8809 8735 8728 
3 8808 8728 8729 
3 8729 8804 8808 
3 8732 8810 8806 
3 8810 8732 8736 
3 8737 8733 8807 
3 8811 8734 8658 
3 8812 8738 8735 
3 8735 8809 8812 
3 8810 8736 8739 
3 8739 8813 8810 
3 8807 8814 8737 
3 8814 8740 8737 
3 8815 8811 8741 
3 8658 8741 8811 
3 8816 8738 8812 
3 8813 8739 8742 
3 8742 8817 8813 
3 8817 8742 8743 
3 8743 8818 8817 
3 8818 8743 8744 
3 8744 8819 8818 
3 8819 8744 8740 
3 8740 8814 8819 
3 8738 8816 8668 
3 8815 8741 8745 
3 8745 8820 8815 
3 8668 8821 8746 
3 8821 8668 8816 
3 8820 8745 8747 
3 8822 8748 8746 
3 8746 8821 8822 
3 8674 8823 8747 
3 8674 8749 8823 
3 8824 8825 8748 
3 8825 8675 8748 
3 8676 8675 8825 
3 8825 8826 8676 
3 8678 8827 8749 
3 8828 8677 8676 
3 8676 8826 8828 
3 8828 8751 8677 
3 8827 8678 8750 
3 8829 8827 8750 
3 8752 8751 8830 
3 8829 8750 8753 
3 8830 8754 8752 
3 8753 8683 8831 
3 8683 8832 8831 
3 8832 8683 8833 
3 8758 8686 8755 
3 8756 8834 8833 
3 8833 8683 8756 
3 8756 8835 8834 
3 8756 8757 8835 
3 8836 8837 8835 
3 8835 8757 8836 
3 8757 8760 8836 
3 8837 8836 8762 
3 8762 8838 8837 
3 8762 8761 8838 
3 8760 8762 8836 
3 8759 8839 8690 
3 8763 8764 8838 
3 8838 8761 8763 
3 8692 8690 8839 
3 8840 8764 8765 
3 8766 8841 8765 
3 8841 8766 8842 
3 8766 8696 8842 
3 8696 8768 8842 
3 8697 8767 8843 
3 8842 8768 8769 
3 8843 8770 8697 
3 8771 8844 8845 
3 8771 8845 8769 
3 8844 8771 8617 
3 8617 8846 8844 
3 8846 8617 8702 
3 8702 8847 8846 
3 8772 8848 8703 
3 8773 8849 8847 
3 8847 8702 8773 
3 8775 8848 8850 
3 8848 8775 8703 
3 8773 8851 8849 
3 8850 8774 8775 
3 8776 8774 8850 
3 8850 8852 8776 
3 8773 8777 8851 
3 8853 8778 8776 
3 8776 8852 8853 
3 8779 8854 8855 
3 8851 8777 8779 
3 8779 8855 8851 
3 8853 8780 8778 
3 8781 8856 8854 
3 8779 8781 8854 
3 8782 8780 8853 
3 8782 8857 8783 
3 8783 8857 8858 
3 8784 8856 8781 
3 8785 8783 8858 
3 8858 8859 8785 
3 8785 8859 8860 
3 8786 8861 8862 
3 8784 8786 8862 
3 8860 8787 8785 
3 8860 8863 8787 
3 8788 8787 8863 
3 8789 8788 8863 
3 8863 8864 8789 
3 8790 8789 8864 
3 8864 8865 8790 
3 8791 8790 8865 
3 8865 8861 8791 
3 8786 8791 8861 
3 8792 8866 8867 
3 8867 8716 8792 
3 8866 8792 8793 
3 8793 8868 8866 
3 8868 8793 8794 
3 8794 8869 8868 
3 8796 8870 8794 
3 8870 8869 8794 
3 8796 8871 8870 
3 8872 8873 8795 
3 8867 8795 8716 
3 8867 8872 8795 
3 8797 8871 8796 
3 8798 8871 8797 
3 8799 8874 8798 
3 8800 8795 8873 
3 8873 8875 8800 
3 8874 8799 8801 
3 8801 8876 8874 
3 8877 8800 8875 
3 8877 8802 8800 
3 8801 8878 8876 
3 8878 8801 8803 
3 8807 8802 8877 
3 8879 8803 8734 
3 8879 8878 8803 
3 8808 8880 8809 
3 8881 8880 8804 
3 8880 8808 8804 
3 8881 8804 8805 
3 8805 8882 8881 
3 8882 8805 8806 
3 8806 8883 8882 
3 8884 8806 8810 
3 8884 8883 8806 
3 8877 8885 8807 
3 8734 8886 8879 
3 8734 8811 8886 
3 8809 8880 8812 
3 8810 8887 8884 
3 8887 8810 8813 
3 8813 8888 8887 
3 8889 8807 8885 
3 8889 8814 8807 
3 8886 8811 8815 
3 8880 8890 8816 
3 8816 8812 8880 
3 8888 8813 8817 
3 8817 8891 8888 
3 8891 8817 8818 
3 8891 8818 8819 
3 8819 8892 8891 
3 8889 8819 8814 
3 8889 8892 8819 
3 8890 8821 8816 
3 8893 8822 8821 
3 8823 8820 8747 
3 8822 8893 8748 
3 8894 8824 8893 
3 8748 8893 8824 
3 8749 8895 8823 
3 8825 8824 8896 
3 8896 8826 8825 
3 8824 8894 8896 
3 8896 8897 8826 
3 8749 8827 8895 
3 8826 8897 8898 
3 8898 8828 8826 
3 8899 8895 8827 
3 8898 8900 8828 
3 8900 8751 8828 
3 8827 8829 8899 
3 8830 8751 8900 
3 8901 8754 8830 
3 8901 8902 8754 
3 8831 8903 8753 
3 8755 8754 8902 
3 8902 8904 8755 
3 8831 8832 8903 
3 8758 8755 8904 
3 8832 8905 8903 
3 8832 8833 8905 
3 8906 8907 8905 
3 8905 8833 8906 
3 8833 8834 8906 
3 8907 8906 8835 
3 8906 8834 8835 
3 8759 8758 8908 
3 8909 8907 8835 
3 8835 8837 8909 
3 8908 8910 8759 
3 8909 8837 8838 
3 8839 8759 8910 
3 8910 8911 8839 
3 8764 8912 8838 
3 8912 8764 8840 
3 8911 8913 8839 
3 8912 8840 8841 
3 8692 8839 8913 
3 8840 8765 8841 
3 8913 8914 8692 
3 8767 8692 8914 
3 8915 8841 8842 
3 8843 8767 8914 
3 8914 8916 8843 
3 8842 8917 8915 
3 8917 8842 8769 
3 8916 8918 8843 
3 8770 8843 8918 
3 8769 8845 8917 
3 8918 8919 8770 
3 8844 8920 8845 
3 8920 8844 8846 
3 8919 8921 8770 
3 8920 8846 8847 
3 8772 8770 8921 
3 8921 8922 8772 
3 8922 8923 8772 
3 8848 8772 8923 
3 8923 8924 8848 
3 8924 8925 8848 
3 8850 8848 8925 
3 8925 8926 8850 
3 8926 8927 8850 
3 8928 8852 8850 
3 8850 8927 8928 
3 8928 8853 8852 
3 8928 8929 8853 
3 8930 8855 8854 
3 8854 8931 8930 
3 8930 8851 8855 
3 8853 8929 8932 
3 8931 8854 8856 
3 8856 8933 8931 
3 8932 8782 8853 
3 8857 8782 8932 
3 8934 8858 8857 
3 8857 8932 8934 
3 8784 8935 8936 
3 8856 8784 8936 
3 8936 8933 8856 
3 8937 8859 8858 
3 8858 8934 8937 
3 8860 8859 8937 
3 8938 8935 8862 
3 8862 8861 8938 
3 8784 8862 8935 
3 8939 8863 8860 
3 8864 8863 8939 
3 8939 8940 8864 
3 8940 8941 8864 
3 8865 8864 8941 
3 8941 8942 8865 
3 8861 8865 8942 
3 8942 8938 8861 
3 8943 8872 8867 
3 8943 8867 8866 
3 8869 8944 8868 
3 8944 8869 8870 
3 8870 8945 8944 
3 8945 8870 8871 
3 8871 8946 8945 
3 8946 8871 8798 
3 8798 8947 8946 
3 8948 8873 8872 
3 8798 8949 8947 
3 8949 8798 8874 
3 8873 8948 8950 
3 8950 8875 8873 
3 8949 8874 8876 
3 8950 8951 8877 
3 8950 8877 8875 
3 8878 8952 8876 
3 8951 8953 8877 
3 8879 8952 8878 
3 8885 8877 8953 
3 8953 8954 8885 
3 8879 8886 8955 
3 8955 8952 8879 
3 8881 8956 8880 
3 8956 8881 8957 
3 8881 8882 8957 
3 8957 8882 8883 
3 8883 8958 8957 
3 8958 8883 8884 
3 8884 8959 8958 
3 8959 8884 8887 
3 8887 8960 8959 
3 8960 8887 8888 
3 8954 8961 8889 
3 8889 8885 8954 
3 8955 8886 8815 
3 8815 8962 8955 
3 8963 8890 8880 
3 8964 8963 8880 
3 8964 8880 8956 
3 8960 8888 8891 
3 8891 8965 8960 
3 8891 8966 8965 
3 8966 8891 8892 
3 8892 8961 8966 
3 8892 8889 8961 
3 8815 8967 8962 
3 8963 8968 8890 
3 8968 8963 8964 
3 8967 8815 8820 
3 8890 8968 8821 
3 8820 8969 8967 
3 8820 8970 8969 
3 8971 8893 8821 
3 8970 8820 8823 
3 8823 8972 8970 
3 8973 8894 8893 
3 8893 8971 8973 
3 8823 8895 8972 
3 8974 8896 8973 
3 8894 8973 8896 
3 8897 8896 8974 
3 8974 8975 8897 
3 8976 8977 8897 
3 8977 8898 8897 
3 8897 8975 8976 
3 8895 8899 8978 
3 8900 8898 8979 
3 8898 8977 8979 
3 8980 8978 8899 
3 8829 8980 8899 
3 8830 8900 8979 
3 8979 8981 8830 
3 8901 8830 8981 
3 8829 8982 8980 
3 8982 8829 8753 
3 8753 8983 8982 
3 8981 8984 8901 
3 8902 8901 8984 
3 8903 8985 8983 
3 8983 8753 8903 
3 8986 8902 8984 
3 8986 8987 8904 
3 8904 8902 8986 
3 8903 8988 8985 
3 8988 8903 8989 
3 8903 8905 8989 
3 8758 8904 8987 
3 8907 8990 8989 
3 8905 8907 8989 
3 8908 8758 8987 
3 8907 8909 8990 
3 8910 8908 8991 
3 8911 8910 8991 
3 8838 8912 8909 
3 8991 8992 8911 
3 8913 8911 8992 
3 8912 8841 8993 
3 8992 8994 8913 
3 8993 8841 8995 
3 8914 8913 8994 
3 8994 8996 8914 
3 8915 8997 8995 
3 8995 8841 8915 
3 8996 8998 8914 
3 8914 8998 8999 
3 8916 8914 8999 
3 8915 8917 8997 
3 8917 8845 8997 
3 8918 8916 8999 
3 8918 9000 8919 
3 9000 9001 8919 
3 8921 9001 9002 
3 9001 8921 8919 
3 8847 9003 8920 
3 8923 9002 9004 
3 8922 8921 9002 
3 9002 8923 8922 
3 8847 9005 9003 
3 9004 8924 8923 
3 9006 8926 8925 
3 8925 9004 9006 
3 9004 8925 8924 
3 9005 8847 8849 
3 8849 9007 9005 
3 8927 9006 9008 
3 9006 8927 8926 
3 8927 9008 9009 
3 8851 9010 9007 
3 9007 8849 8851 
3 9011 8928 8927 
3 8927 9009 9011 
3 9012 9010 8851 
3 8851 8930 9012 
3 8929 9011 9013 
3 9011 8929 8928 
3 8931 9014 9015 
3 9012 8931 9015 
3 8931 9012 8930 
3 9013 8932 8929 
3 9016 9017 9018 
3 9018 9014 8931 
3 8931 9016 9018 
3 8931 8933 9016 
3 8934 8932 9019 
3 9019 9020 8934 
3 9021 9017 8936 
3 8936 8935 9021 
3 9017 9016 8933 
3 8933 8936 9017 
3 9020 8937 8934 
3 9022 8860 8937 
3 8937 9020 9022 
3 9022 9023 8860 
3 8860 9023 8939 
3 9024 9025 8942 
3 8938 8942 9025 
3 8935 8938 9025 
3 9025 9021 8935 
3 9026 8940 8939 
3 8939 9023 9026 
3 8941 8940 9026 
3 9026 9027 8941 
3 9027 9024 8941 
3 8942 8941 9024 
3 8872 8943 9028 
3 9028 9029 8872 
3 9028 8943 8866 
3 8866 9030 9028 
3 9030 8866 8868 
3 8868 9031 9030 
3 9031 8868 8944 
3 8944 9032 9031 
3 9033 8944 8945 
3 9033 9032 8944 
3 9033 8945 8946 
3 9034 8948 8872 
3 8872 9029 9034 
3 8946 9035 9033 
3 9035 8946 8947 
3 9035 8947 8949 
3 8949 9036 9035 
3 8948 9034 9037 
3 9037 8950 8948 
3 9036 8949 8876 
3 8876 9038 9036 
3 9037 8951 8950 
3 8952 9038 8876 
3 8953 8951 9037 
3 8953 9039 8954 
3 8955 9040 8952 
3 8954 9039 9041 
3 9041 8961 8954 
3 9040 8955 8962 
3 8957 9042 8956 
3 9042 8957 9043 
3 8957 8958 9043 
3 9043 8958 8959 
3 8959 9044 9043 
3 9044 8959 8960 
3 8960 9045 9044 
3 8960 9046 9045 
3 9046 8960 8965 
3 8965 9047 9046 
3 9047 8965 8966 
3 8966 9048 9047 
3 9041 8966 8961 
3 9041 9048 8966 
3 9049 9040 8962 
3 8962 8967 9049 
3 8964 9050 8968 
3 9050 8964 9051 
3 8964 8956 9051 
3 9051 8956 9042 
3 9052 9053 9050 
3 8968 9050 9053 
3 8967 9054 9049 
3 9054 8967 8969 
3 9055 8821 8968 
3 9056 9055 9053 
3 8968 9053 9055 
3 9053 9052 9056 
3 8969 9057 9054 
3 8969 8970 9057 
3 9058 8971 9055 
3 8821 9055 8971 
3 9055 9056 9058 
3 9054 9057 8972 
3 8972 9059 9054 
3 9057 8970 8972 
3 9060 8971 9058 
3 9061 8973 9060 
3 8971 9060 8973 
3 9061 8974 8973 
3 9062 8972 9063 
3 8895 9063 8972 
3 9064 8975 8974 
3 9065 9063 8895 
3 8895 9066 9065 
3 9064 8977 8976 
3 9064 8976 8975 
3 8895 8978 9066 
3 9064 9067 8977 
3 8978 9068 9066 
3 8977 9067 9069 
3 9069 8979 8977 
3 9068 8978 8980 
3 8979 9069 8981 
3 9068 8980 8982 
3 8981 9070 8984 
3 8982 8983 8985 
3 8984 9070 9071 
3 9071 8986 8984 
3 9071 8987 8986 
3 9072 8985 8988 
3 9071 9073 8987 
3 8988 9074 9072 
3 8988 8989 9074 
3 8989 8990 9074 
3 8908 8987 9073 
3 9073 9075 8908 
3 9076 9074 8990 
3 8990 8909 9076 
3 8991 8908 9075 
3 8909 9077 9076 
3 9075 9078 8991 
3 9077 8909 8912 
3 8992 8991 9078 
3 8912 9079 9077 
3 9079 8912 8993 
3 8993 9080 9079 
3 8994 8992 9081 
3 9080 8993 8995 
3 8995 8997 9080 
3 8998 8996 8994 
3 8998 9082 8999 
3 8999 9082 9083 
3 9083 9084 8999 
3 8997 8845 9085 
3 8918 8999 9084 
3 8845 9086 9085 
3 9000 9084 9087 
3 9084 9000 8918 
3 9088 9089 9086 
3 9086 8845 9088 
3 8845 8920 9088 
3 9087 9001 9000 
3 9087 9090 9001 
3 9089 9088 8920 
3 9002 9001 9090 
3 9090 9091 9002 
3 9089 8920 9003 
3 9003 9092 9089 
3 9004 9002 9091 
3 9091 9093 9004 
3 9092 9003 9005 
3 9006 9004 9093 
3 9006 9093 9094 
3 9007 9095 9092 
3 9092 9005 9007 
3 9094 9008 9006 
3 9009 9094 9011 
3 9094 9009 9008 
3 9010 9096 9097 
3 9097 9095 9007 
3 9007 9010 9097 
3 9012 9098 9099 
3 9010 9012 9096 
3 9012 9099 9096 
3 9100 9013 9011 
3 9013 9100 9101 
3 9014 9102 9103 
3 9103 9098 9015 
3 9015 9014 9103 
3 9098 9012 9015 
3 9104 9019 8932 
3 8932 9101 9104 
3 9101 8932 9013 
3 9105 9019 9104 
3 9106 9102 9018 
3 9018 9017 9106 
3 9014 9018 9102 
3 9019 9105 9020 
3 9020 9105 9107 
3 9108 9109 9021 
3 9109 9106 9017 
3 9017 9021 9109 
3 9107 9022 9020 
3 9107 9023 9022 
3 9107 9110 9023 
3 9023 9111 9026 
3 9023 9110 9111 
3 9027 9026 9111 
3 9024 9027 9111 
3 9111 9112 9024 
3 9025 9024 9112 
3 9112 9113 9025 
3 9113 9108 9025 
3 9021 9025 9108 
3 9114 9029 9028 
3 9028 9030 9115 
3 9115 9114 9028 
3 9115 9030 9031 
3 9031 9116 9115 
3 9031 9117 9116 
3 9117 9031 9032 
3 9032 9118 9117 
3 9118 9032 9033 
3 9034 9029 9119 
3 9114 9119 9029 
3 9033 9120 9118 
3 9120 9033 9035 
3 9035 9121 9120 
3 9121 9035 9036 
3 9122 9037 9034 
3 9034 9119 9122 
3 9036 9123 9121 
3 9123 9036 9038 
3 9038 9124 9123 
3 9122 9125 9037 
3 9126 9038 8952 
3 9126 9124 9038 
3 8953 9037 9125 
3 9125 9127 8953 
3 8952 9128 9126 
3 9039 8953 9127 
3 8952 9040 9128 
3 9039 9127 9129 
3 9129 9041 9039 
3 9040 9130 9128 
3 9131 9130 9040 
3 9048 9132 9047 
3 9041 9129 9132 
3 9132 9048 9041 
3 9049 9131 9040 
3 9043 9133 9042 
3 9043 9044 9133 
3 9133 9044 9045 
3 9045 9134 9133 
3 9134 9045 9046 
3 9046 9135 9134 
3 9135 9046 9047 
3 9047 9136 9135 
3 9136 9047 9132 
3 9051 9137 9052 
3 9052 9050 9051 
3 9137 9051 9138 
3 9051 9042 9138 
3 9138 9042 9133 
3 9049 9139 9131 
3 9140 9139 9049 
3 9049 9054 9140 
3 9052 9141 9056 
3 9141 9052 9137 
3 9054 9142 9140 
3 9056 9143 9144 
3 9144 9058 9056 
3 9143 9056 9141 
3 9054 9145 9142 
3 9054 9059 9145 
3 9058 9144 9146 
3 9146 9060 9058 
3 9146 9144 9143 
3 9147 9145 9059 
3 9059 9062 9147 
3 9059 8972 9062 
3 9061 9060 9148 
3 9146 9148 9060 
3 9062 9149 9147 
3 9061 9148 9150 
3 9062 9151 9149 
3 9062 9063 9151 
3 9152 9064 9150 
3 9064 8974 9061 
3 9061 9150 9064 
3 9153 9151 9063 
3 9063 9065 9153 
3 9066 9153 9065 
3 9154 9064 9152 
3 9155 9067 9064 
3 9156 9155 9154 
3 9064 9154 9155 
3 9153 9066 9157 
3 9068 9157 9066 
3 9067 9155 9158 
3 9158 9159 9067 
3 9159 9069 9067 
3 9155 9156 9158 
3 9069 9159 9160 
3 9160 8981 9069 
3 9157 9068 8982 
3 9160 9161 8981 
3 8981 9161 9162 
3 9163 9070 8981 
3 8981 9162 9163 
3 8985 9164 8982 
3 9071 9070 9163 
3 9163 9165 9071 
3 9164 8985 9072 
3 9073 9071 9165 
3 9074 9166 9072 
3 9074 9167 9166 
3 9074 9076 9167 
3 9075 9073 9165 
3 9165 9168 9075 
3 9168 9078 9075 
3 9077 9169 9076 
3 9078 9170 8992 
3 9081 8992 9170 
3 9169 9077 9079 
3 9079 9080 9169 
3 9171 9081 9170 
3 8994 9081 9171 
3 9171 8998 8994 
3 9171 9172 8998 
3 8997 9173 9080 
3 9172 9174 9082 
3 9082 8998 9172 
3 9174 9175 9083 
3 9083 9082 9174 
3 9173 8997 9085 
3 9084 9083 9175 
3 9084 9176 9087 
3 9086 9089 9177 
3 9090 9087 9176 
3 9090 9176 9178 
3 9089 9179 9177 
3 9091 9178 9180 
3 9178 9091 9090 
3 9092 9181 9182 
3 9182 9179 9089 
3 9089 9092 9182 
3 9093 9183 9184 
3 9091 9180 9183 
3 9183 9093 9091 
3 9093 9184 9185 
3 9185 9094 9093 
3 9094 9185 9186 
3 9181 9095 9187 
3 9095 9181 9092 
3 9186 9011 9094 
3 9011 9186 9188 
3 9189 9190 9191 
3 9191 9192 9097 
3 9097 9189 9191 
3 9097 9096 9189 
3 9095 9097 9187 
3 9097 9192 9187 
3 9188 9100 9011 
3 9100 9188 9193 
3 9189 9098 9190 
3 9098 9189 9099 
3 9096 9099 9189 
3 9194 9101 9100 
3 9100 9193 9194 
3 9101 9194 9195 
3 9102 9196 9197 
3 9190 9102 9197 
3 9102 9190 9103 
3 9098 9103 9190 
3 9195 9104 9101 
3 9198 9105 9104 
3 9104 9195 9198 
3 9199 9200 9201 
3 9109 9199 9201 
3 9201 9202 9109 
3 9202 9196 9106 
3 9106 9109 9202 
3 9102 9106 9196 
3 9203 9107 9105 
3 9105 9198 9203 
3 9110 9107 9203 
3 9203 9204 9110 
3 9113 9112 9205 
3 9205 9206 9113 
3 9206 9200 9108 
3 9108 9113 9206 
3 9200 9199 9108 
3 9109 9108 9199 
3 9111 9110 9204 
3 9112 9111 9204 
3 9204 9205 9112 
3 9114 9207 9119 
3 9114 9115 9208 
3 9208 9115 9116 
3 9208 9116 9117 
3 9117 9209 9208 
3 9209 9117 9118 
3 9210 9118 9120 
3 9120 9211 9210 
3 9211 9120 9121 
3 9121 9212 9211 
3 9213 9122 9119 
3 9119 9207 9213 
3 9121 9214 9212 
3 9121 9123 9214 
3 9214 9123 9124 
3 9125 9122 9213 
3 9213 9215 9125 
3 9124 9216 9214 
3 9124 9126 9216 
3 9127 9125 9215 
3 9215 9217 9127 
3 9128 9216 9126 
3 9217 9218 9127 
3 9129 9127 9218 
3 9218 9219 9129 
3 9130 9220 9221 
3 9221 9128 9130 
3 9132 9129 9222 
3 9219 9222 9129 
3 9220 9131 9223 
3 9220 9130 9131 
3 9136 9224 9135 
3 9136 9132 9225 
3 9225 9224 9136 
3 9222 9225 9132 
3 9131 9226 9223 
3 9133 9227 9138 
3 9133 9228 9227 
3 9228 9133 9229 
3 9133 9134 9229 
3 9229 9134 9135 
3 9229 9135 9224 
3 9131 9139 9226 
3 9138 9230 9137 
3 9138 9227 9230 
3 9230 9227 9228 
3 9139 9140 9142 
3 9231 9143 9141 
3 9137 9232 9231 
3 9231 9141 9137 
3 9232 9137 9230 
3 9145 9139 9142 
3 9233 9146 9143 
3 9143 9234 9233 
3 9235 9234 9231 
3 9143 9231 9234 
3 9235 9231 9232 
3 9139 9145 9147 
3 9147 9236 9139 
3 9237 9148 9146 
3 9146 9233 9237 
3 9237 9233 9234 
3 9236 9147 9238 
3 9149 9238 9147 
3 9150 9148 9237 
3 9237 9239 9150 
3 9238 9240 9236 
3 9238 9151 9240 
3 9151 9238 9149 
3 9241 9152 9150 
3 9242 9241 9239 
3 9150 9239 9241 
3 9240 9151 9153 
3 9153 9243 9240 
3 9241 9244 9152 
3 9244 9154 9152 
3 9245 9156 9154 
3 9154 9244 9246 
3 9246 9245 9154 
3 9243 9153 9157 
3 9157 9247 9243 
3 9248 9159 9158 
3 9248 9158 9156 
3 9156 9245 9248 
3 9245 9246 9248 
3 9159 9248 9249 
3 9249 9160 9159 
3 9247 9157 8982 
3 9250 9161 9160 
3 9160 9249 9250 
3 8982 9251 9247 
3 9161 9250 9252 
3 9252 9162 9161 
3 9162 9252 9253 
3 9253 9163 9162 
3 9164 9251 8982 
3 9163 9253 9254 
3 9254 9165 9163 
3 9072 9255 9164 
3 9072 9166 9255 
3 9254 9256 9165 
3 9256 9257 9165 
3 9167 9258 9166 
3 9168 9165 9257 
3 9258 9167 9076 
3 9078 9168 9257 
3 9257 9259 9078 
3 9258 9076 9169 
3 9260 9078 9259 
3 9260 9170 9078 
3 9080 9261 9169 
3 9171 9170 9262 
3 9170 9260 9262 
3 9263 9264 9265 
3 9263 9265 9261 
3 9261 9080 9263 
3 9262 9172 9171 
3 9264 9263 9173 
3 9263 9080 9173 
3 9262 9266 9172 
3 9174 9266 9267 
3 9174 9172 9266 
3 9175 9174 9267 
3 9267 9268 9175 
3 9084 9175 9268 
3 9085 9269 9173 
3 9268 9270 9084 
3 9269 9085 9086 
3 9176 9084 9270 
3 9176 9270 9271 
3 9177 9272 9269 
3 9269 9086 9177 
3 9178 9271 9273 
3 9271 9178 9176 
3 9177 9179 9272 
3 9273 9180 9178 
3 9183 9274 9275 
3 9180 9273 9274 
3 9274 9183 9180 
3 9183 9275 9276 
3 9182 9181 9277 
3 9277 9272 9182 
3 9179 9182 9272 
3 9184 9183 9276 
3 9276 9185 9184 
3 9185 9276 9278 
3 9187 9279 9277 
3 9187 9277 9181 
3 9278 9186 9185 
3 9186 9278 9280 
3 9187 9281 9282 
3 9282 9279 9187 
3 9280 9188 9186 
3 9283 9188 9280 
3 9190 9284 9285 
3 9285 9281 9191 
3 9191 9190 9285 
3 9281 9187 9192 
3 9192 9191 9281 
3 9188 9283 9193 
3 9283 9194 9193 
3 9194 9283 9286 
3 9287 9284 9190 
3 9286 9195 9194 
3 9195 9288 9198 
3 9195 9286 9288 
3 9198 9288 9289 
3 9290 9291 9292 
3 9196 9290 9292 
3 9292 9287 9196 
3 9196 9287 9197 
3 9190 9197 9287 
3 9198 9289 9293 
3 9206 9294 9295 
3 9295 9296 9206 
3 9200 9206 9296 
3 9296 9297 9201 
3 9201 9200 9296 
3 9291 9290 9202 
3 9202 9201 9291 
3 9201 9297 9291 
3 9196 9202 9290 
3 9293 9203 9198 
3 9298 9204 9203 
3 9203 9293 9298 
3 9298 9299 9204 
3 9205 9204 9299 
3 9299 9294 9205 
3 9206 9205 9294 
3 9207 9114 9208 
3 9300 9207 9208 
3 9300 9208 9209 
3 9209 9301 9300 
3 9301 9209 9118 
3 9301 9118 9210 
3 9210 9302 9301 
3 9302 9210 9211 
3 9303 9213 9207 
3 9211 9304 9302 
3 9305 9304 9211 
3 9211 9212 9305 
3 9305 9212 9214 
3 9306 9215 9213 
3 9213 9303 9306 
3 9214 9307 9305 
3 9214 9308 9307 
3 9214 9216 9308 
3 9309 9217 9215 
3 9215 9306 9309 
3 9308 9310 9307 
3 9311 9310 9308 
3 9308 9312 9311 
3 9312 9308 9216 
3 9128 9312 9216 
3 9309 9218 9217 
3 9311 9312 9313 
3 9313 9314 9311 
3 9221 9313 9312 
3 9312 9128 9221 
3 9218 9309 9315 
3 9315 9219 9218 
3 9313 9316 9314 
3 9313 9220 9316 
3 9313 9221 9220 
3 9219 9315 9317 
3 9317 9222 9219 
3 9316 9220 9318 
3 9223 9318 9220 
3 9319 9225 9222 
3 9222 9317 9319 
3 9318 9223 9320 
3 9321 9320 9223 
3 9223 9226 9321 
3 9224 9322 9229 
3 9225 9323 9322 
3 9224 9225 9322 
3 9225 9319 9323 
3 9321 9226 9139 
3 9228 9324 9230 
3 9324 9228 9229 
3 9324 9229 9325 
3 9325 9229 9322 
3 9326 9327 9321 
3 9321 9139 9326 
3 9230 9328 9232 
3 9328 9230 9324 
3 9326 9139 9329 
3 9232 9330 9235 
3 9331 9330 9232 
3 9331 9232 9328 
3 9328 9332 9331 
3 9328 9324 9332 
3 9329 9139 9333 
3 9236 9333 9139 
3 9234 9334 9237 
3 9335 9334 9235 
3 9334 9234 9235 
3 9335 9235 9330 
3 9329 9333 9336 
3 9336 9337 9329 
3 9236 9336 9333 
3 9237 9338 9239 
3 9338 9237 9339 
3 9237 9334 9339 
3 9334 9335 9339 
3 9336 9340 9337 
3 9336 9240 9340 
3 9240 9336 9236 
3 9341 9242 9239 
3 9239 9338 9341 
3 9338 9339 9341 
3 9340 9240 9243 
3 9342 9244 9241 
3 9342 9241 9242 
3 9242 9341 9342 
3 9243 9343 9340 
3 9246 9244 9342 
3 9342 9344 9246 
3 9344 9342 9341 
3 9247 9343 9243 
3 9345 9248 9344 
3 9246 9344 9248 
3 9248 9346 9347 
3 9347 9249 9248 
3 9248 9345 9346 
3 9247 9348 9343 
3 9347 9250 9249 
3 9348 9247 9251 
3 9347 9252 9250 
3 9251 9349 9348 
3 9252 9350 9253 
3 9350 9252 9347 
3 9349 9251 9351 
3 9164 9351 9251 
3 9253 9350 9254 
3 9352 9351 9353 
3 9351 9164 9255 
3 9255 9353 9351 
3 9350 9256 9254 
3 9354 9353 9255 
3 9354 9255 9166 
3 9354 9166 9258 
3 9256 9355 9257 
3 9258 9356 9354 
3 9259 9257 9355 
3 9355 9357 9259 
3 9356 9258 9169 
3 9169 9358 9356 
3 9260 9259 9357 
3 9169 9359 9358 
3 9262 9260 9357 
3 9359 9169 9261 
3 9261 9360 9359 
3 9360 9261 9265 
3 9265 9264 9360 
3 9360 9264 9173 
3 9361 9266 9262 
3 9361 9267 9266 
3 9362 9360 9173 
3 9173 9363 9362 
3 9364 9268 9267 
3 9365 9363 9173 
3 9173 9269 9365 
3 9270 9268 9364 
3 9364 9366 9270 
3 9366 9271 9270 
3 9271 9366 9367 
3 9272 9368 9369 
3 9269 9272 9369 
3 9367 9275 9274 
3 9273 9271 9367 
3 9367 9274 9273 
3 9275 9367 9370 
3 9371 9368 9272 
3 9272 9277 9371 
3 9370 9276 9275 
3 9276 9370 9278 
3 9372 9278 9370 
3 9277 9279 9373 
3 9372 9280 9278 
3 9280 9372 9374 
3 9373 9281 9285 
3 9373 9282 9281 
3 9279 9282 9373 
3 9374 9283 9280 
3 9283 9374 9375 
3 9283 9375 9376 
3 9377 9285 9284 
3 9376 9286 9283 
3 9378 9286 9376 
3 9292 9377 9287 
3 9284 9287 9377 
3 9286 9378 9288 
3 9289 9378 9379 
3 9378 9289 9288 
3 9380 9289 9379 
3 9381 9382 9383 
3 9297 9381 9383 
3 9383 9384 9297 
3 9292 9297 9384 
3 9292 9291 9297 
3 9289 9380 9293 
3 9293 9385 9298 
3 9293 9380 9385 
3 9385 9386 9298 
3 9299 9298 9386 
3 9386 9387 9299 
3 9294 9299 9387 
3 9387 9388 9294 
3 9295 9294 9388 
3 9296 9295 9388 
3 9388 9382 9296 
3 9382 9381 9296 
3 9297 9296 9381 
3 9207 9389 9303 
3 9207 9300 9390 
3 9390 9389 9207 
3 9300 9391 9390 
3 9391 9300 9301 
3 9301 9392 9391 
3 9392 9301 9302 
3 9302 9393 9392 
3 9394 9393 9302 
3 9394 9302 9304 
3 9303 9395 9306 
3 9303 9389 9395 
3 9304 9396 9394 
3 9396 9304 9305 
3 9396 9305 9307 
3 9306 9397 9309 
3 9397 9306 9395 
3 9396 9307 9398 
3 9310 9398 9307 
3 9310 9311 9314 
3 9314 9398 9310 
3 9399 9315 9309 
3 9309 9397 9399 
3 9316 9400 9398 
3 9398 9314 9316 
3 9401 9317 9315 
3 9315 9399 9401 
3 9400 9316 9402 
3 9318 9402 9316 
3 9401 9319 9317 
3 9402 9318 9320 
3 9403 9323 9401 
3 9319 9401 9323 
3 9402 9404 9405 
3 9402 9320 9404 
3 9406 9404 9320 
3 9321 9406 9320 
3 9322 9407 9325 
3 9323 9403 9407 
3 9322 9323 9407 
3 9404 9406 9408 
3 9406 9321 9327 
3 9325 9409 9410 
3 9410 9324 9325 
3 9409 9325 9407 
3 9406 9411 9408 
3 9406 9412 9411 
3 9406 9327 9412 
3 9327 9326 9329 
3 9329 9412 9327 
3 9332 9413 9331 
3 9413 9332 9324 
3 9413 9324 9410 
3 9409 9414 9410 
3 9411 9412 9415 
3 9329 9415 9412 
3 9330 9416 9335 
3 9331 9417 9416 
3 9416 9330 9331 
3 9417 9331 9413 
3 9417 9413 9418 
3 9418 9413 9410 
3 9410 9414 9418 
3 9415 9329 9419 
3 9337 9419 9329 
3 9335 9420 9339 
3 9416 9421 9420 
3 9420 9335 9416 
3 9419 9337 9340 
3 9339 9422 9341 
3 9422 9339 9423 
3 9339 9420 9423 
3 9420 9421 9423 
3 9341 9422 9424 
3 9419 9340 9343 
3 9425 9344 9341 
3 9425 9341 9424 
3 9345 9344 9426 
3 9425 9426 9344 
3 9426 9347 9346 
3 9426 9346 9345 
3 9348 9427 9343 
3 9428 9347 9426 
3 9428 9429 9347 
3 9427 9348 9349 
3 9347 9430 9350 
3 9430 9347 9429 
3 9349 9351 9352 
3 9352 9431 9349 
3 9350 9430 9432 
3 9352 9433 9431 
3 9352 9353 9433 
3 9256 9350 9432 
3 9354 9433 9353 
3 9356 9434 9354 
3 9434 9356 9358 
3 9358 9435 9434 
3 9436 9437 9357 
3 9435 9358 9359 
3 9437 9438 9262 
3 9262 9357 9437 
3 9359 9360 9435 
3 9439 9262 9438 
3 9361 9262 9439 
3 9439 9440 9361 
3 9361 9440 9441 
3 9362 9442 9360 
3 9267 9361 9441 
3 9441 9443 9267 
3 9442 9362 9363 
3 9363 9444 9442 
3 9443 9364 9267 
3 9364 9443 9445 
3 9365 9269 9444 
3 9444 9363 9365 
3 9444 9269 9446 
3 9366 9364 9445 
3 9447 9366 9445 
3 9448 9446 9269 
3 9269 9369 9448 
3 9447 9367 9366 
3 9449 9450 9448 
3 9369 9368 9449 
3 9449 9448 9369 
3 9367 9451 9370 
3 9367 9447 9451 
3 9452 9370 9451 
3 9453 9454 9450 
3 9449 9453 9450 
3 9453 9449 9371 
3 9368 9371 9449 
3 9455 9454 9373 
3 9453 9373 9454 
3 9373 9453 9277 
3 9371 9277 9453 
3 9452 9372 9370 
3 9372 9452 9456 
3 9457 9455 9373 
3 9456 9374 9372 
3 9458 9457 9285 
3 9373 9285 9457 
3 9374 9456 9375 
3 9375 9456 9459 
3 9459 9376 9375 
3 9460 9376 9459 
3 9384 9461 9377 
3 9458 9377 9461 
3 9285 9377 9458 
3 9376 9460 9378 
3 9460 9462 9378 
3 9463 9462 9460 
3 9464 9465 9466 
3 9384 9464 9466 
3 9377 9292 9384 
3 9462 9379 9378 
3 9380 9379 9462 
3 9462 9463 9380 
3 9385 9380 9463 
3 9463 9467 9385 
3 9386 9385 9467 
3 9467 9468 9386 
3 9387 9386 9468 
3 9468 9469 9387 
3 9388 9387 9469 
3 9469 9465 9388 
3 9382 9388 9465 
3 9464 9382 9465 
3 9382 9464 9383 
3 9384 9383 9464 
3 9391 9470 9390 
3 9470 9391 9392 
3 9389 9471 9395 
3 9471 9389 9390 
3 9471 9390 9472 
3 9472 9390 9470 
3 9470 9473 9472 
3 9473 9470 9392 
3 9474 9473 9392 
3 9392 9393 9474 
3 9475 9474 9393 
3 9393 9394 9475 
3 9475 9394 9396 
3 9476 9397 9395 
3 9395 9477 9476 
3 9477 9395 9471 
3 9471 9472 9478 
3 9475 9479 9474 
3 9475 9396 9479 
3 9398 9479 9396 
3 9476 9477 9480 
3 9480 9397 9476 
3 9479 9398 9481 
3 9480 9482 9399 
3 9399 9397 9480 
3 9482 9480 9483 
3 9480 9477 9483 
3 9484 9481 9398 
3 9398 9485 9484 
3 9400 9485 9398 
3 9399 9486 9401 
3 9486 9399 9482 
3 9487 9484 9485 
3 9485 9400 9487 
3 9402 9487 9400 
3 9488 9489 9401 
3 9488 9401 9486 
3 9490 9484 9487 
3 9487 9405 9490 
3 9487 9402 9405 
3 9403 9401 9491 
3 9489 9491 9401 
3 9404 9490 9405 
3 9492 9407 9403 
3 9403 9491 9492 
3 9490 9404 9493 
3 9408 9493 9404 
3 9494 9409 9407 
3 9407 9492 9494 
3 9408 9495 9493 
3 9411 9495 9408 
3 9496 9414 9409 
3 9409 9494 9496 
3 9497 9414 9496 
3 9495 9411 9498 
3 9419 9498 9411 
3 9411 9415 9419 
3 9417 9499 9416 
3 9417 9500 9499 
3 9417 9418 9500 
3 9500 9418 9414 
3 9414 9497 9500 
3 9501 9422 9423 
3 9502 9501 9416 
3 9501 9423 9421 
3 9421 9416 9501 
3 9502 9416 9499 
3 9498 9419 9503 
3 9504 9424 9422 
3 9422 9501 9504 
3 9501 9502 9504 
3 9419 9343 9503 
3 9425 9424 9505 
3 9504 9505 9424 
3 9505 9426 9425 
3 9506 9503 9343 
3 9343 9427 9506 
3 9505 9507 9426 
3 9508 9428 9426 
3 9426 9507 9508 
3 9506 9427 9509 
3 9429 9428 9508 
3 9508 9510 9429 
3 9509 9427 9349 
3 9349 9511 9509 
3 9429 9512 9430 
3 9512 9429 9510 
3 9511 9349 9431 
3 9431 9513 9511 
3 9430 9514 9432 
3 9514 9430 9512 
3 9433 9513 9431 
3 9256 9432 9514 
3 9354 9515 9513 
3 9513 9433 9354 
3 9355 9256 9514 
3 9434 9516 9515 
3 9515 9354 9434 
3 9517 9355 9514 
3 9434 9435 9516 
3 9357 9355 9517 
3 9436 9357 9517 
3 9438 9437 9436 
3 9436 9518 9438 
3 9518 9439 9438 
3 9439 9518 9519 
3 9360 9520 9435 
3 9440 9439 9519 
3 9519 9521 9440 
3 9441 9440 9521 
3 9441 9521 9522 
3 9360 9523 9520 
3 9360 9442 9523 
3 9524 9443 9441 
3 9441 9522 9524 
3 9523 9442 9444 
3 9443 9524 9445 
3 9446 9525 9523 
3 9444 9446 9523 
3 9524 9447 9445 
3 9447 9524 9526 
3 9526 9527 9447 
3 9525 9448 9528 
3 9525 9446 9448 
3 9527 9451 9447 
3 9451 9527 9529 
3 9528 9450 9530 
3 9450 9528 9448 
3 9529 9452 9451 
3 9531 9452 9529 
3 9530 9454 9455 
3 9454 9530 9450 
3 9532 9452 9531 
3 9533 9530 9457 
3 9455 9457 9530 
3 9452 9532 9456 
3 9532 9534 9456 
3 9533 9457 9535 
3 9534 9459 9456 
3 9536 9459 9534 
3 9537 9538 9539 
3 9535 9537 9539 
3 9457 9458 9535 
3 9459 9536 9460 
3 9460 9536 9540 
3 9463 9460 9540 
3 9540 9541 9463 
3 9541 9542 9463 
3 9463 9542 9543 
3 9544 9538 9384 
3 9537 9384 9538 
3 9461 9384 9537 
3 9537 9535 9461 
3 9458 9461 9535 
3 9543 9467 9463 
3 9468 9467 9543 
3 9543 9545 9468 
3 9469 9468 9545 
3 9545 9546 9469 
3 9465 9469 9546 
3 9546 9547 9465 
3 9544 9465 9547 
3 9544 9466 9465 
3 9384 9466 9544 
3 9477 9471 9478 
3 9472 9548 9478 
3 9472 9549 9548 
3 9549 9472 9473 
3 9550 9549 9473 
3 9473 9474 9550 
3 9550 9474 9479 
3 9551 9477 9478 
3 9478 9548 9551 
3 9549 9552 9548 
3 9549 9553 9552 
3 9553 9549 9550 
3 9550 9554 9553 
3 9554 9550 9479 
3 9479 9555 9554 
3 9481 9555 9479 
3 9477 9551 9483 
3 9556 9551 9548 
3 9548 9552 9556 
3 9553 9557 9552 
3 9557 9553 9554 
3 9555 9558 9554 
3 9558 9555 9481 
3 9481 9559 9558 
3 9560 9486 9482 
3 9483 9561 9560 
3 9560 9482 9483 
3 9561 9483 9551 
3 9551 9562 9561 
3 9562 9551 9556 
3 9556 9563 9562 
3 9563 9556 9552 
3 9552 9564 9563 
3 9564 9552 9557 
3 9565 9557 9554 
3 9565 9554 9558 
3 9559 9481 9484 
3 9566 9489 9488 
3 9566 9488 9486 
3 9486 9567 9566 
3 9568 9567 9560 
3 9486 9560 9567 
3 9568 9560 9561 
3 9561 9562 9568 
3 9569 9562 9563 
3 9570 9569 9563 
3 9563 9564 9570 
3 9570 9564 9557 
3 9557 9571 9570 
3 9571 9557 9565 
3 9565 9572 9571 
3 9572 9565 9558 
3 9558 9573 9572 
3 9573 9558 9559 
3 9573 9559 9484 
3 9484 9490 9573 
3 9574 9491 9566 
3 9489 9566 9491 
3 9574 9566 9567 
3 9571 9572 9575 
3 9572 9576 9575 
3 9576 9572 9573 
3 9573 9577 9576 
3 9577 9573 9490 
3 9490 9578 9577 
3 9491 9574 9492 
3 9576 9579 9575 
3 9580 9579 9576 
3 9576 9577 9580 
3 9577 9578 9580 
3 9490 9581 9578 
3 9493 9581 9490 
3 9580 9578 9582 
3 9583 9496 9494 
3 9494 9492 9584 
3 9584 9583 9494 
3 9582 9578 9585 
3 9585 9578 9581 
3 9581 9586 9585 
3 9586 9581 9493 
3 9495 9586 9493 
3 9587 9497 9496 
3 9496 9583 9587 
3 9583 9584 9587 
3 9585 9586 9588 
3 9586 9495 9588 
3 9500 9497 9589 
3 9587 9589 9497 
3 9588 9495 9590 
3 9495 9498 9590 
3 9499 9591 9502 
3 9499 9500 9592 
3 9592 9591 9499 
3 9500 9589 9592 
3 9590 9498 9593 
3 9594 9504 9502 
3 9594 9502 9591 
3 9593 9498 9503 
3 9504 9594 9505 
3 9595 9593 9503 
3 9505 9594 9596 
3 9595 9503 9506 
3 9507 9505 9597 
3 9505 9596 9597 
3 9506 9598 9595 
3 9507 9599 9508 
3 9599 9507 9597 
3 9597 9600 9599 
3 9598 9509 9601 
3 9598 9506 9509 
3 9510 9508 9602 
3 9508 9599 9602 
3 9599 9600 9602 
3 9511 9601 9509 
3 9510 9602 9512 
3 9603 9604 9601 
3 9511 9603 9601 
3 9602 9514 9512 
3 9603 9513 9604 
3 9513 9603 9511 
3 9604 9513 9515 
3 9515 9605 9604 
3 9605 9515 9516 
3 9516 9606 9605 
3 9517 9514 9607 
3 9607 9608 9517 
3 9606 9609 9605 
3 9606 9516 9435 
3 9517 9608 9436 
3 9609 9606 9435 
3 9608 9610 9436 
3 9611 9518 9436 
3 9436 9610 9611 
3 9612 9609 9435 
3 9613 9519 9518 
3 9518 9611 9613 
3 9612 9435 9520 
3 9521 9519 9613 
3 9614 9521 9613 
3 9613 9611 9614 
3 9615 9612 9520 
3 9521 9614 9522 
3 9614 9616 9522 
3 9617 9618 9615 
3 9617 9615 9520 
3 9520 9523 9617 
3 9524 9522 9616 
3 9524 9616 9619 
3 9617 9620 9618 
3 9617 9523 9620 
3 9524 9619 9621 
3 9620 9525 9622 
3 9525 9620 9523 
3 9524 9621 9526 
3 9621 9623 9526 
3 9526 9623 9624 
3 9529 9527 9526 
3 9526 9624 9529 
3 9529 9624 9625 
3 9626 9622 9528 
3 9525 9528 9622 
3 9529 9625 9531 
3 9531 9625 9627 
3 9626 9530 9628 
3 9528 9530 9626 
3 9627 9532 9531 
3 9532 9627 9629 
3 9628 9530 9630 
3 9631 9532 9629 
3 9533 9632 9630 
3 9530 9533 9630 
3 9534 9532 9631 
3 9536 9534 9631 
3 9631 9633 9536 
3 9634 9536 9633 
3 9635 9632 9636 
3 9632 9535 9636 
3 9535 9632 9533 
3 9536 9634 9540 
3 9634 9541 9540 
3 9542 9541 9634 
3 9634 9637 9542 
3 9637 9638 9543 
3 9543 9638 9639 
3 9538 9635 9636 
3 9636 9539 9538 
3 9535 9539 9636 
3 9542 9637 9543 
3 9543 9639 9545 
3 9639 9640 9545 
3 9546 9545 9640 
3 9640 9641 9546 
3 9641 9538 9544 
3 9546 9641 9547 
3 9544 9547 9641 
3 9568 9642 9567 
3 9642 9568 9562 
3 9562 9643 9642 
3 9643 9562 9569 
3 9569 9644 9643 
3 9569 9570 9644 
3 9644 9570 9571 
3 9567 9645 9574 
3 9645 9567 9642 
3 9646 9642 9643 
3 9643 9647 9646 
3 9647 9643 9644 
3 9648 9644 9571 
3 9575 9648 9571 
3 9492 9574 9649 
3 9649 9574 9645 
3 9648 9575 9650 
3 9650 9575 9579 
3 9579 9580 9651 
3 9582 9651 9580 
3 9492 9652 9584 
3 9652 9492 9653 
3 9492 9649 9653 
3 9579 9654 9650 
3 9579 9651 9654 
3 9655 9587 9652 
3 9584 9652 9587 
3 9651 9582 9656 
3 9588 9656 9582 
3 9582 9585 9588 
3 9587 9657 9589 
3 9587 9655 9657 
3 9658 9659 9656 
3 9656 9588 9658 
3 9590 9658 9588 
3 9660 9591 9592 
3 9660 9592 9589 
3 9660 9589 9657 
3 9658 9590 9661 
3 9591 9662 9594 
3 9663 9662 9591 
3 9591 9660 9663 
3 9661 9590 9664 
3 9593 9664 9590 
3 9595 9664 9593 
3 9594 9665 9596 
3 9594 9662 9665 
3 9664 9595 9666 
3 9596 9667 9597 
3 9667 9596 9668 
3 9596 9665 9668 
3 9666 9595 9669 
3 9598 9669 9595 
3 9597 9670 9600 
3 9670 9597 9667 
3 9669 9598 9601 
3 9602 9600 9670 
3 9669 9601 9671 
3 9671 9601 9672 
3 9604 9672 9601 
3 9602 9670 9514 
3 9604 9673 9672 
3 9670 9674 9514 
3 9607 9514 9675 
3 9514 9674 9675 
3 9604 9605 9673 
3 9675 9676 9607 
3 9608 9607 9676 
3 9605 9609 9677 
3 9608 9676 9678 
3 9610 9608 9678 
3 9678 9679 9610 
3 9680 9610 9679 
3 9679 9681 9680 
3 9612 9677 9609 
3 9610 9680 9611 
3 9681 9611 9680 
3 9681 9682 9611 
3 9683 9684 9685 
3 9612 9683 9685 
3 9614 9611 9682 
3 9686 9614 9682 
3 9684 9683 9687 
3 9687 9683 9612 
3 9612 9615 9687 
3 9616 9614 9686 
3 9686 9688 9616 
3 9687 9689 9684 
3 9687 9618 9689 
3 9687 9615 9618 
3 9690 9619 9616 
3 9616 9688 9690 
3 9690 9688 9691 
3 9618 9620 9689 
3 9692 9621 9619 
3 9619 9690 9692 
3 9693 9692 9690 
3 9690 9694 9693 
3 9690 9691 9694 
3 9693 9694 9695 
3 9622 9696 9697 
3 9622 9697 9689 
3 9620 9622 9689 
3 9692 9623 9621 
3 9623 9693 9624 
3 9623 9692 9693 
3 9693 9695 9624 
3 9624 9695 9698 
3 9699 9696 9622 
3 9700 9625 9624 
3 9701 9700 9624 
3 9624 9698 9701 
3 9699 9702 9703 
3 9702 9699 9622 
3 9622 9626 9702 
3 9625 9701 9627 
3 9625 9700 9701 
3 9704 9627 9701 
3 9705 9704 9701 
3 9706 9703 9630 
3 9630 9703 9702 
3 9702 9628 9630 
3 9626 9628 9702 
3 9627 9704 9629 
3 9629 9704 9705 
3 9705 9707 9629 
3 9708 9707 9705 
3 9629 9707 9631 
3 9631 9708 9633 
3 9631 9707 9708 
3 9709 9710 9632 
3 9706 9632 9710 
3 9632 9706 9630 
3 9633 9708 9634 
3 9708 9711 9634 
3 9634 9711 9637 
3 9712 9637 9711 
3 9711 9713 9712 
3 9713 9714 9712 
3 9715 9709 9716 
3 9716 9709 9632 
3 9632 9635 9716 
3 9638 9637 9712 
3 9638 9714 9639 
3 9638 9712 9714 
3 9639 9714 9717 
3 9717 9640 9639 
3 9640 9717 9715 
3 9715 9641 9640 
3 9641 9715 9716 
3 9538 9641 9716 
3 9635 9538 9716 
3 9642 9718 9645 
3 9718 9642 9646 
3 9718 9646 9647 
3 9647 9719 9718 
3 9719 9647 9644 
3 9644 9720 9719 
3 9648 9720 9644 
3 9721 9652 9653 
3 9721 9653 9649 
3 9721 9649 9722 
3 9649 9645 9722 
3 9722 9645 9718 
3 9723 9718 9719 
3 9719 9720 9723 
3 9720 9648 9724 
3 9650 9724 9648 
3 9655 9652 9721 
3 9724 9650 9654 
3 9654 9725 9724 
3 9651 9725 9654 
3 9726 9655 9721 
3 9651 9727 9725 
3 9659 9727 9651 
3 9651 9656 9659 
3 9655 9728 9729 
3 9729 9657 9655 
3 9655 9726 9728 
3 9727 9659 9730 
3 9659 9658 9730 
3 9661 9730 9658 
3 9662 9663 9660 
3 9660 9731 9662 
3 9731 9660 9732 
3 9660 9657 9732 
3 9657 9729 9732 
3 9733 9662 9731 
3 9730 9661 9734 
3 9664 9734 9661 
3 9662 9735 9665 
3 9662 9736 9735 
3 9736 9662 9733 
3 9734 9737 9730 
3 9734 9738 9737 
3 9734 9664 9738 
3 9666 9738 9664 
3 9665 9739 9668 
3 9739 9665 9735 
3 9735 9740 9739 
3 9740 9735 9736 
3 9737 9738 9741 
3 9741 9738 9666 
3 9666 9669 9741 
3 9668 9739 9667 
3 9742 9743 9741 
3 9741 9669 9742 
3 9670 9667 9739 
3 9739 9740 9744 
3 9742 9669 9745 
3 9671 9745 9669 
3 9670 9739 9746 
3 9745 9671 9747 
3 9672 9747 9671 
3 9747 9672 9673 
3 9746 9748 9670 
3 9673 9749 9747 
3 9670 9750 9674 
3 9750 9670 9748 
3 9675 9674 9750 
3 9673 9751 9749 
3 9751 9673 9605 
3 9676 9675 9750 
3 9751 9605 9752 
3 9752 9605 9677 
3 9750 9678 9676 
3 9677 9753 9752 
3 9679 9678 9750 
3 9679 9750 9754 
3 9677 9755 9753 
3 9681 9679 9754 
3 9754 9756 9681 
3 9754 9757 9756 
3 9755 9677 9684 
3 9684 9758 9755 
3 9681 9756 9759 
3 9760 9759 9756 
3 9756 9757 9760 
3 9684 9761 9758 
3 9677 9685 9684 
3 9677 9612 9685 
3 9682 9681 9759 
3 9759 9686 9682 
3 9686 9759 9760 
3 9762 9763 9684 
3 9688 9686 9760 
3 9760 9764 9688 
3 9765 9764 9760 
3 9760 9766 9765 
3 9767 9763 9762 
3 9767 9762 9684 
3 9684 9689 9767 
3 9688 9764 9691 
3 9691 9764 9765 
3 9765 9768 9691 
3 9769 9768 9765 
3 9689 9697 9767 
3 9770 9695 9694 
3 9694 9768 9770 
3 9694 9691 9768 
3 9770 9768 9769 
3 9769 9771 9770 
3 9772 9771 9769 
3 9773 9696 9774 
3 9696 9773 9767 
3 9767 9697 9696 
3 9695 9771 9698 
3 9695 9770 9771 
3 9698 9771 9772 
3 9774 9775 9776 
3 9775 9774 9696 
3 9696 9699 9775 
3 9698 9772 9701 
3 9777 9701 9772 
3 9778 9776 9779 
3 9776 9703 9779 
3 9703 9776 9775 
3 9699 9703 9775 
3 9705 9777 9780 
3 9705 9701 9777 
3 9777 9781 9780 
3 9782 9780 9781 
3 9778 9706 9783 
3 9706 9778 9779 
3 9703 9706 9779 
3 9780 9708 9705 
3 9708 9780 9782 
3 9782 9711 9708 
3 9711 9782 9784 
3 9713 9711 9784 
3 9784 9785 9713 
3 9786 9713 9785 
3 9785 9787 9786 
3 9787 9788 9786 
3 9789 9786 9788 
3 9790 9789 9788 
3 9710 9783 9706 
3 9786 9714 9713 
3 9714 9786 9789 
3 9789 9717 9714 
3 9717 9789 9790 
3 9790 9715 9717 
3 9715 9790 9791 
3 9791 9709 9715 
3 9709 9791 9783 
3 9710 9709 9783 
3 9718 9792 9722 
3 9718 9793 9792 
3 9793 9718 9723 
3 9723 9794 9793 
3 9794 9723 9720 
3 9795 9721 9722 
3 9722 9796 9795 
3 9796 9722 9792 
3 9792 9793 9796 
3 9794 9720 9797 
3 9797 9720 9724 
3 9724 9725 9797 
3 9726 9798 9728 
3 9798 9726 9721 
3 9721 9799 9798 
3 9721 9795 9799 
3 9799 9795 9796 
3 9797 9725 9800 
3 9727 9800 9725 
3 9801 9731 9732 
3 9801 9729 9728 
3 9801 9732 9729 
3 9801 9728 9798 
3 9800 9727 9802 
3 9727 9803 9802 
3 9730 9803 9727 
3 9801 9804 9733 
3 9733 9731 9801 
3 9801 9798 9804 
3 9733 9805 9736 
3 9805 9733 9804 
3 9804 9806 9805 
3 9807 9803 9730 
3 9730 9808 9807 
3 9737 9808 9730 
3 9809 9736 9805 
3 9809 9805 9806 
3 9737 9741 9808 
3 9740 9736 9809 
3 9810 9808 9741 
3 9740 9811 9744 
3 9740 9812 9811 
3 9809 9813 9812 
3 9812 9740 9809 
3 9810 9741 9743 
3 9743 9745 9810 
3 9743 9742 9745 
3 9744 9811 9746 
3 9746 9739 9744 
3 9811 9812 9814 
3 9812 9813 9814 
3 9815 9810 9745 
3 9745 9816 9815 
3 9747 9816 9745 
3 9748 9746 9811 
3 9811 9817 9748 
3 9811 9818 9817 
3 9818 9811 9814 
3 9819 9815 9816 
3 9819 9816 9747 
3 9817 9820 9748 
3 9817 9818 9820 
3 9747 9749 9819 
3 9750 9748 9820 
3 9820 9821 9750 
3 9749 9751 9819 
3 9821 9822 9750 
3 9823 9819 9751 
3 9822 9754 9750 
3 9751 9752 9823 
3 9822 9824 9754 
3 9752 9753 9823 
3 9823 9825 9826 
3 9825 9823 9753 
3 9753 9755 9825 
3 9757 9754 9824 
3 9827 9828 9826 
3 9827 9826 9825 
3 9825 9758 9827 
3 9825 9755 9758 
3 9757 9824 9760 
3 9824 9829 9760 
3 9830 9828 9827 
3 9827 9831 9830 
3 9758 9761 9827 
3 9829 9766 9760 
3 9832 9831 9827 
3 9827 9833 9832 
3 9833 9827 9761 
3 9761 9684 9833 
3 9829 9834 9766 
3 9832 9835 9831 
3 9833 9763 9832 
3 9833 9684 9763 
3 9765 9834 9769 
3 9765 9766 9834 
3 9836 9835 9832 
3 9832 9837 9836 
3 9832 9773 9837 
3 9773 9832 9763 
3 9763 9767 9773 
3 9769 9834 9838 
3 9839 9769 9838 
3 9840 9836 9837 
3 9840 9837 9773 
3 9772 9769 9839 
3 9841 9842 9843 
3 9840 9841 9843 
3 9774 9840 9773 
3 9777 9772 9839 
3 9839 9781 9777 
3 9839 9844 9781 
3 9845 9781 9844 
3 9846 9842 9841 
3 9840 9776 9841 
3 9776 9840 9774 
3 9847 9848 9788 
3 9778 9846 9841 
3 9776 9778 9841 
3 9784 9782 9781 
3 9781 9845 9784 
3 9784 9845 9785 
3 9785 9845 9847 
3 9847 9787 9785 
3 9847 9788 9787 
3 9849 9788 9848 
3 9848 9791 9849 
3 9791 9848 9846 
3 9846 9783 9791 
3 9778 9783 9846 
3 9788 9849 9790 
3 9791 9790 9849 
3 9794 9850 9793 
3 9794 9851 9850 
3 9794 9797 9851 
3 9851 9797 9800 
3 9852 9799 9796 
3 9796 9853 9852 
3 9796 9854 9853 
3 9854 9796 9793 
3 9793 9850 9854 
3 9851 9855 9850 
3 9855 9851 9800 
3 9800 9856 9855 
3 9856 9800 9802 
3 9799 9857 9798 
3 9857 9799 9852 
3 9852 9858 9857 
3 9858 9852 9853 
3 9858 9853 9854 
3 9854 9859 9858 
3 9854 9850 9859 
3 9850 9860 9859 
3 9850 9855 9860 
3 9856 9861 9855 
3 9861 9856 9802 
3 9803 9861 9802 
3 9804 9862 9806 
3 9862 9804 9798 
3 9798 9863 9862 
3 9863 9798 9857 
3 9863 9857 9858 
3 9864 9865 9855 
3 9855 9861 9864 
3 9861 9803 9864 
3 9866 9809 9806 
3 9866 9806 9862 
3 9858 9867 9863 
3 9864 9868 9869 
3 9864 9803 9868 
3 9868 9803 9807 
3 9866 9870 9871 
3 9871 9809 9866 
3 9870 9866 9862 
3 9862 9863 9870 
3 9863 9867 9870 
3 9868 9872 9869 
3 9868 9873 9872 
3 9873 9868 9807 
3 9807 9874 9873 
3 9874 9807 9808 
3 9810 9874 9808 
3 9813 9809 9871 
3 9813 9871 9870 
3 9813 9875 9814 
3 9875 9813 9870 
3 9874 9815 9873 
3 9815 9874 9810 
3 9876 9814 9875 
3 9877 9873 9878 
3 9878 9873 9815 
3 9815 9819 9878 
3 9820 9818 9814 
3 9820 9814 9876 
3 9879 9878 9819 
3 9820 9880 9821 
3 9880 9820 9876 
3 9822 9821 9880 
3 9881 9882 9879 
3 9881 9879 9819 
3 9819 9823 9881 
3 9880 9883 9822 
3 9880 9884 9883 
3 9882 9881 9885 
3 9885 9881 9823 
3 9822 9883 9824 
3 9884 9886 9883 
3 9883 9887 9824 
3 9883 9886 9887 
3 9888 9885 9823 
3 9823 9828 9888 
3 9823 9826 9828 
3 9887 9889 9890 
3 9887 9886 9889 
3 9829 9824 9887 
3 9887 9891 9829 
3 9887 9890 9891 
3 9888 9831 9892 
3 9831 9888 9828 
3 9828 9830 9831 
3 9829 9891 9834 
3 9834 9891 9890 
3 9890 9893 9834 
3 9892 9894 9895 
3 9894 9892 9831 
3 9838 9834 9893 
3 9893 9839 9838 
3 9896 9839 9893 
3 9893 9897 9896 
3 9898 9895 9894 
3 9831 9835 9894 
3 9899 9839 9896 
3 9896 9900 9899 
3 9901 9899 9900 
3 9894 9836 9898 
3 9836 9894 9835 
3 9901 9902 9899 
3 9903 9902 9901 
3 9904 9905 9906 
3 9907 9842 9906 
3 9842 9907 9898 
3 9908 9898 9836 
3 9836 9840 9908 
3 9844 9839 9899 
3 9844 9899 9902 
3 9902 9845 9844 
3 9902 9847 9845 
3 9847 9902 9903 
3 9847 9903 9904 
3 9906 9909 9904 
3 9906 9848 9909 
3 9848 9906 9842 
3 9842 9898 9908 
3 9908 9843 9842 
3 9840 9843 9908 
3 9847 9904 9909 
3 9909 9848 9847 
3 9842 9846 9848 
3 9860 9910 9859 
3 9865 9910 9860 
3 9860 9855 9865 
3 9858 9911 9867 
3 9911 9858 9859 
3 9859 9912 9911 
3 9912 9859 9910 
3 9910 9913 9912 
3 9913 9910 9865 
3 9865 9914 9913 
3 9865 9864 9914 
3 9914 9864 9869 
3 9911 9915 9867 
3 9912 9915 9911 
3 9912 9916 9915 
3 9916 9912 9913 
3 9913 9917 9916 
3 9917 9913 9914 
3 9914 9918 9917 
3 9918 9914 9869 
3 9872 9918 9869 
3 9917 9919 9916 
3 9919 9917 9918 
3 9918 9920 9919 
3 9918 9921 9920 
3 9921 9918 9872 
3 9872 9922 9921 
3 9873 9922 9872 
3 9870 9923 9875 
3 9923 9870 9867 
3 9867 9915 9923 
3 9915 9924 9925 
3 9924 9915 9916 
3 9916 9926 9924 
3 9926 9916 9919 
3 9919 9920 9926 
3 9873 9877 9922 
3 9915 9927 9923 
3 9927 9915 9925 
3 9925 9928 9927 
3 9928 9925 9929 
3 9925 9924 9929 
3 9924 9930 9929 
3 9930 9924 9926 
3 9926 9931 9930 
3 9932 9931 9926 
3 9932 9926 9920 
3 9920 9933 9932 
3 9920 9934 9933 
3 9934 9920 9921 
3 9934 9921 9922 
3 9922 9935 9934 
3 9935 9922 9877 
3 9875 9936 9876 
3 9936 9875 9923 
3 9923 9937 9936 
3 9937 9923 9927 
3 9927 9938 9937 
3 9938 9927 9928 
3 9933 9939 9932 
3 9933 9940 9939 
3 9933 9934 9940 
3 9940 9934 9935 
3 9878 9935 9877 
3 9937 9941 9936 
3 9937 9942 9941 
3 9938 9943 9942 
3 9942 9937 9938 
3 9939 9940 9944 
3 9940 9945 9944 
3 9945 9940 9935 
3 9935 9946 9945 
3 9879 9946 9935 
3 9935 9878 9879 
3 9876 9947 9880 
3 9947 9876 9936 
3 9944 9945 9948 
3 9936 9949 9947 
3 9949 9936 9941 
3 9941 9950 9949 
3 9950 9941 9942 
3 9942 9951 9950 
3 9942 9952 9951 
3 9948 9945 9953 
3 9953 9945 9946 
3 9882 9946 9879 
3 9947 9884 9880 
3 9884 9947 9949 
3 9953 9946 9882 
3 9949 9954 9884 
3 9954 9949 9950 
3 9955 9956 9953 
3 9955 9953 9882 
3 9882 9957 9955 
3 9882 9885 9957 
3 9886 9884 9954 
3 9954 9958 9886 
3 9958 9954 9950 
3 9950 9959 9958 
3 9959 9950 9951 
3 9951 9960 9959 
3 9961 9960 9951 
3 9951 9952 9961 
3 9955 9962 9956 
3 9955 9963 9962 
3 9963 9955 9957 
3 9961 9964 9960 
3 9965 9964 9961 
3 9961 9966 9965 
3 9962 9967 9968 
3 9967 9962 9963 
3 9963 9957 9885 
3 9885 9888 9963 
3 9889 9886 9958 
3 9889 9958 9959 
3 9959 9969 9889 
3 9969 9959 9960 
3 9964 9970 9960 
3 9970 9964 9965 
3 9965 9971 9970 
3 9972 9971 9965 
3 9973 9972 9974 
3 9968 9975 9973 
3 9968 9967 9975 
3 9963 9895 9967 
3 9963 9892 9895 
3 9963 9888 9892 
3 9893 9890 9889 
3 9893 9889 9969 
3 9960 9976 9969 
3 9976 9960 9970 
3 9970 9977 9976 
3 9977 9970 9971 
3 9971 9978 9977 
3 9971 9979 9978 
3 9979 9971 9972 
3 9979 9972 9973 
3 9973 9975 9979 
3 9893 9969 9897 
3 9897 9969 9976 
3 9976 9980 9897 
3 9980 9976 9977 
3 9977 9981 9980 
3 9981 9977 9978 
3 9978 9982 9981 
3 9982 9978 9979 
3 9983 9979 9975 
3 9975 9984 9983 
3 9984 9975 9967 
3 9984 9967 9895 
3 9896 9980 9900 
3 9896 9897 9980 
3 9900 9980 9981 
3 9981 9982 9900 
3 9979 9983 9982 
3 9907 9984 9895 
3 9895 9898 9907 
3 9901 9900 9982 
3 9982 9903 9901 
3 9903 9982 9983 
3 9983 9905 9903 
3 9905 9983 9984 
3 9984 9906 9905 
3 9906 9984 9907 
3 9903 9905 9904 
3 9985 9938 9928 
3 9985 9928 9929 
3 9985 9929 9930 
3 9930 9986 9985 
3 9986 9930 9931 
3 9987 9986 9931 
3 9931 9932 9987 
3 9987 9932 9939 
3 9943 9938 9985 
3 9985 9988 9943 
3 9988 9985 9986 
3 9986 9989 9988 
3 9989 9986 9987 
3 9989 9987 9939 
3 9939 9990 9989 
3 9944 9990 9939 
3 9989 9991 9988 
3 9991 9989 9990 
3 9990 9992 9991 
3 9948 9992 9990 
3 9990 9944 9948 
3 9952 9942 9943 
3 9943 9993 9952 
3 9993 9943 9988 
3 9991 9994 9988 
3 9994 9991 9992 
3 9988 9995 9993 
3 9995 9988 9994 
3 9992 9996 9994 
3 9996 9992 9948 
3 9953 9996 9948 
3 9997 9995 9994 
3 9994 9998 9997 
3 9998 9994 9996 
3 9996 9956 9998 
3 9996 9953 9956 
3 9952 9993 9961 
3 9961 9993 9995 
3 9995 9966 9961 
3 9995 9999 9966 
3 9999 9995 9997 
3 9997 10000 9999 
3 10000 9997 9998 
3 9998 10001 10000 
3 10001 9998 9956 
3 9956 9962 10001 
3 9966 9999 9965 
3 9999 9974 9965 
3 9974 9999 10000 
3 10000 9973 9974 
3 9973 10000 10001 
3 10001 9968 9973 
3 9962 9968 10001 
3 9965 9974 9972 

