# vtk DataFile Version 3.0
vtk output
ASCII
DATASET POLYDATA
POINTS 10002 double
2.33144 4.55291 152.606 3.86035 3.28711 152.638 3.64374 5.01252 152.546 
2.20481 6.08193 152.504 2.53169 2.99991 152.676 3.44251 2.10705 152.699 
1.35942 5.76171 152.533 1.5239 3.84629 152.641 1.07079 6.73837 152.436 
1.48834 6.30123 152.498 1.13626 4.82254 152.59 1.29377 2.77484 152.653 
0.333584 5.62605 152.508 0.553 4.23081 152.592 4.7502 5.53202 152.439 
4.77996 4.03992 152.552 5.24366 6.14192 152.345 4.44426 6.88607 152.323 
3.87651 6.84077 152.381 5.05269 2.85199 152.594 4.43849 1.70529 152.664 
3.35657 6.41368 152.447 3.36876 7.65902 152.29 3.02863 7.3304 152.365 
2.18806 7.17224 152.398 3.39301 1.15645 152.706 2.08992 7.98376 152.286 
1.3369 7.69826 152.333 2.52117 1.79924 152.701 2.63338 1.05687 152.703 
1.15482 8.14539 152.264 0.364833 7.6911 152.293 1.57484 1.25511 152.642 
-0.149245 6.60489 152.394 0.604656 2.29245 152.623 -0.628234 7.14318 152.298 
0.42224 1.78915 152.594 -0.41137 5.8482 152.451 0.00464598 3.42775 152.574 
-0.0240118 2.50316 152.58 -0.918287 5.94537 152.381 -0.342463 4.93356 152.503 
-0.83825 4.36547 152.468 5.86155 5.20647 152.35 5.84232 3.56312 152.465 
5.41543 6.77532 152.238 5.03861 6.90098 152.259 5.68887 6.24339 152.272 
5.59204 1.84275 152.567 3.95335 8.02476 152.152 4.9221 0.728928 152.623 
2.56856 8.32028 152.198 3.996 0.430376 152.664 2.47082 8.80503 152.089 
0.982575 8.60671 152.164 2.8526 0.408741 152.666 -0.711071 7.92867 152.193 
-1.27541 6.97748 152.252 0.367046 1.04549 152.523 -0.267579 2.12924 152.531 
-1.30447 7.53124 152.195 -0.597534 3.10968 152.517 -1.41188 6.10236 152.31 
-0.928727 2.74771 152.458 -1.19915 3.71375 152.428 -1.74525 6.18745 152.252 
-1.46883 5.07983 152.35 -1.34009 3.2336 152.403 6.68523 4.27041 152.27 
6.36312 5.6403 152.209 6.75368 2.59212 152.361 5.59374 6.71096 152.216 
5.95177 6.58778 152.156 5.24076 7.3797 152.125 6.22297 2.3444 152.479 
6.28394 1.48868 152.476 4.63913 8.14987 152.049 5.61713 0.499782 152.544 
6.37958 0.456767 152.444 5.12885 8.49994 151.872 4.28442 8.50775 152.008 
3.48412 9.11792 151.933 4.5862 -0.527482 152.553 3.37407 -0.416759 152.604 
1.49176 9.5374 151.977 1.85402 -0.520669 152.511 -0.0684594 9.82376 151.955 
0.174212 9.25124 152.06 -0.38221 8.76831 152.116 -1.19453 8.43544 152.114 
-1.77067 7.38322 152.158 -0.685888 1.87342 152.444 -2.3044 6.09641 152.175 
-2.02654 5.22335 152.257 -1.38477 2.72355 152.368 -1.81807 3.94481 152.313 
-2.4441 6.75486 152.122 -2.40935 5.32498 152.195 -2.61672 5.61374 152.153 
-2.3224 4.7053 152.223 6.53684 6.32221 152.068 7.13636 5.36596 152.055 
7.6651 3.40841 152.115 6.17181 7.33688 151.953 6.78607 1.39406 152.387 
5.72148 -0.701239 152.454 2.69727 10.2425 151.742 3.38347 -1.52328 152.449 
0.991526 10.4816 151.803 -0.879027 9.15144 152.045 -1.96377 8.52853 152.04 
0.121061 0.0935356 152.413 -0.494741 1.06328 152.412 -1.42333 1.82901 152.31 
-2.61119 7.36117 152.07 -2.127 3.00497 152.236 -2.9545 6.01265 152.086 
-2.52024 2.4769 152.142 -2.59107 4.12168 152.174 -2.7121 5.00267 152.151 
-2.82866 4.5966 152.135 6.96538 6.64691 151.916 6.96029 7.49029 151.768 
7.27707 1.87068 152.278 7.12189 0.722581 152.327 6.40098 8.15061 151.734 
6.78261 -0.423797 152.36 4.49221 9.78221 151.648 4.91951 -2.2567 152.275 
1.97434 11.1427 151.592 2.50543 -1.85783 152.385 0.465416 11.4245 151.551 
-0.371866 10.5531 151.779 1.71441 -1.99351 152.302 -1.51531 9.73439 151.876 
0.480843 -1.20935 152.307 -0.731291 -0.28095 152.281 -2.43429 9.05413 151.915 
-0.956141 0.69636 152.319 -3.04547 8.20951 151.935 -1.88971 1.27065 152.207 
-3.26255 7.0215 152.014 -2.44924 2.89448 152.174 -2.68318 3.28679 152.141 
-3.08576 4.712 152.085 -2.97691 3.89133 152.099 -3.02189 3.54983 152.084 
-2.9672 3.21845 152.082 -3.40296 5.40688 152.032 7.97849 5.126 151.886 
7.4924 6.12572 151.877 7.42606 6.93068 151.771 8.35274 3.97682 151.929 
8.83053 2.88912 151.926 7.93657 1.3989 152.17 7.53606 0.484967 152.267 
7.29433 0.120255 152.308 6.33242 9.14764 151.521 6.19457 -1.63046 152.324 
-3.08993 9.59884 151.6 -1.5069 0.433862 152.232 -4.06098 8.26724 151.693 
-2.28754 0.793157 152.143 -2.76552 1.63484 152.085 -3.70451 7.37221 151.927 
-3.81952 6.01704 151.968 -3.15654 3.02353 152.04 -3.32861 3.86246 152.031 
-3.19173 2.44114 152.023 -3.55428 4.88856 152.006 -3.66672 3.28924 151.963 
-3.88414 4.49732 151.954 8.74566 4.59517 151.785 7.83726 6.31199 151.769 
7.80407 7.03986 151.661 7.40057 7.4458 151.685 7.33345 7.90692 151.601 
7.91702 -0.174229 152.208 7.20558 -1.48051 152.238 6.62795 -3.02225 152.025 
2.9135 -3.20097 152.083 -1.52474 11.2072 151.419 -1.83626 -0.140197 152.149 
-4.2133 7.18718 151.856 -2.85243 1.13589 152.08 -3.27062 2.00183 152.012 
-3.71986 2.5087 151.961 -4.58346 6.46317 151.855 -3.39824 1.63504 152.023 
-3.00372 0.638949 152.056 -3.99319 3.14306 151.921 -4.48356 5.17687 151.902 
-4.20958 3.86914 151.912 -4.917 5.8953 151.855 -4.28912 3.13924 151.918 
-5.0068 5.21022 151.868 8.33963 6.0181 151.693 9.17893 0.856522 151.977 
5.35855 10.2516 151.425 7.96865 -1.2169 152.171 3.86765 11.1383 151.412 
1.98336 12.2785 151.272 -0.0338728 12.7478 151.052 0.59297 -2.99507 151.975 
-0.936007 -1.39233 152.11 -5.42611 9.36662 150.837 -4.83371 7.60643 151.623 
-4.02968 1.53221 152.01 -5.15772 6.59767 151.729 -4.13944 2.31378 151.968 
-5.2855 5.72727 151.8 -4.76525 4.19076 151.892 -5.27238 5.22508 151.843 
-5.18365 4.77134 151.859 -4.77429 3.10203 151.931 -4.52713 2.24011 151.981 
-5.21618 4.09786 151.875 -5.53278 4.94314 151.762 -5.27207 3.43051 151.898 
-5.60404 4.0619 151.787 9.12306 5.69119 151.588 8.30481 7.10347 151.544 
9.57197 3.97471 151.701 10.0812 2.37202 151.73 7.89311 8.36539 151.416 
8.83078 -0.125448 152.075 8.84214 -0.934092 152.011 6.30542 10.1542 151.32 
8.12334 -2.20649 151.996 7.91612 -3.5831 151.75 -3.49519 11.1154 150.987 
-2.73243 -0.889664 151.888 -5.57334 7.38013 151.377 -3.96416 0.597256 151.919 
-4.55382 1.93059 152 -4.54724 1.55993 151.963 -5.76053 6.04871 151.533 
-5.02804 2.46047 151.918 -5.59665 3.41132 151.793 -6.28148 4.30279 151.361 
9.86394 4.90106 151.566 9.68159 5.95559 151.482 9.07309 7.2395 151.408 
7.35438 9.64694 151.275 9.41851 -0.1623 151.943 5.52406 10.8568 151.279 
3.62083 12.3835 151.144 -1.59375 -2.7458 151.752 -4.38892 -0.524291 151.513 
-5.09362 1.32305 151.708 -5.6832 2.73007 151.678 10.5278 3.70649 151.55 
10.2634 5.3136 151.474 9.97225 6.5806 151.382 8.62058 8.84043 151.239 
10.4134 0.850011 151.661 9.86197 0.179285 151.838 10.3373 -0.664545 151.572 
6.56813 10.7538 151.174 9.46354 -1.89863 151.703 5.23425 11.8816 151.096 
2.78579 13.2464 150.945 5.11321 -4.72641 151.639 1.46085 13.562 150.845 
-4.91956 12.1294 150.093 -6.72639 6.9222 150.768 -6.35403 2.09852 151.192 
10.8808 4.88143 151.387 10.6028 5.91842 151.355 10.6224 2.67173 151.615 
9.67248 7.88617 151.251 11.1253 2.22891 151.423 7.96853 10.5011 151.021 
6.63509 11.461 151.033 9.16074 -3.17145 151.526 4.36065 13.1288 150.83 
1.82283 -4.25332 151.765 -2.41213 13.1089 150.472 -3.50628 -2.5872 151.256 
-5.67867 0.332097 151.167 11.4368 5.74559 151.098 11.5763 3.83196 151.201 
10.5231 7.00536 151.23 9.46941 9.26656 151.009 7.21968 11.6279 150.926 
8.04532 11.49 150.791 6.01822 12.5749 150.807 5.18815 12.5622 150.943 
7.22905 -4.8815 151.417 2.75712 14.5576 150.359 0.0800612 14.6744 150.209 
-0.558119 -3.89503 151.648 -5.43547 -1.8885 150.586 -7.34817 8.70396 150.043 
-7.33895 3.24949 150.726 10.3079 8.18678 151.082 11.6991 0.505643 151.098 
9.44475 11.0167 150.462 7.31135 12.2201 150.732 10.9285 -2.50218 151.029 
8.60734 -4.46099 151.306 2.99911 -5.53946 151.407 0.613909 -5.08466 151.35 
-7.21356 0.678496 150.354 -7.83026 5.03562 150.331 -7.21643 2.08598 150.704 
11.2484 7.52783 150.899 10.6652 9.10793 150.709 8.13706 12.2306 150.492 
10.0288 -4.3492 150.826 7.08581 13.2731 150.312 5.16633 14.3363 150.216 
-1.64195 -4.03638 151.423 -2.41015 -3.40328 151.439 12.7202 4.46326 150.632 
12.7298 2.21231 150.667 12.6343 6.55494 150.441 12.0487 8.43147 150.322 
8.70339 13.2575 149.784 6.42014 -6.91915 150.714 -4.55563 14.543 149.129 
-0.793026 -4.59458 151.39 -1.5502 -5.35563 150.876 -2.8095 -4.24748 151.003 
-7.24619 10.0701 149.788 -4.39539 -2.86379 150.821 11.4524 10.1625 149.991 
2.02604 -6.9858 150.74 13.4961 -0.137726 150.072 11.9732 -1.16843 150.78 
7.20385 14.9842 149.423 -6.84334 11.4041 149.574 -4.27535 -4.05681 150.377 
-7.98247 2.40754 150.237 13.9096 5.19885 149.894 13.3246 7.82621 149.814 
10.8551 12.2379 149.33 4.62114 -6.64077 151.043 -2.15342 15.0899 149.657 
12.983 9.35033 149.501 3.81243 15.7008 149.77 5.20083 15.7658 149.545 
3.57251 -7.2726 150.788 0.163188 -6.78332 150.51 -8.83751 7.32104 149.35 
13.8741 6.6108 149.736 14.1008 3.2805 149.923 12.0971 -2.17196 150.591 
8.74392 -6.19291 150.509 14.3588 1.54538 149.756 11.8686 -2.56957 150.66 
11.5997 -3.81517 150.359 2.01187 16.746 149.164 -8.32279 3.68081 150.094 
12.5165 10.8612 149.126 13.2147 -1.9509 149.969 8.49791 14.3393 149.343 
11.7225 -2.88128 150.649 5.8545 16.7761 148.776 -0.748506 16.5011 149.163 
-2.74761 -5.1483 150.744 -2.6163 -5.44539 150.645 12.4346 -2.74469 150.288 
-1.2522 -6.80881 150.162 -6.51483 13.019 149.018 -2.59371 -6.00431 150.221 
-2.86093 -5.32802 150.679 -2.9024 -5.4071 150.577 -3.24112 -5.11598 150.482 
-8.42382 9.6639 149.141 14.0295 -1.30695 149.598 12.0433 -2.75277 150.541 
12.0345 -3.03926 150.442 4.17543 16.7023 149.153 -0.39243 -7.95382 149.694 
-7.99663 11.0354 149.07 14.335 7.40254 149.251 11.0722 -6.01985 149.704 
-7.29616 -1.15861 149.795 -8.77327 1.83366 149.621 14.9914 4.21853 149.254 
14.0535 8.56206 149.098 14.7739 2.38286 149.545 7.02207 16.2088 148.857 
0.22999 17.9224 148.372 4.79042 -8.14109 150.319 -5.73357 -3.8571 149.702 
-6.67583 -2.7716 149.624 -7.91328 -0.0816794 149.75 -9.37718 4.76707 149.332 
9.52871 14.744 148.598 12.2496 -3.31857 150.215 12.7062 -3.41444 149.926 
12.4113 -3.89723 149.931 12.2056 -4.9494 149.657 1.34511 -8.27105 149.912 
-3.77002 -5.77455 149.786 -8.45545 0.625395 149.594 15.1803 6.02993 148.861 
14.8607 0.333997 149.34 13.1591 -3.06127 149.755 7.88286 15.9086 148.709 
7.25916 17.0309 148.207 6.32747 -8.9918 149.64 -2.90569 16.3873 148.722 
-8.98221 3.12601 149.633 15.2881 2.93155 149.144 11.2525 13.3511 148.576 
3.13959 -8.44171 150.102 -6.58023 14.3444 148.285 -1.98268 -7.20376 149.667 
-7.98619 -2.3308 149.087 7.90616 -8.13982 149.816 2.3924 -9.47727 149.269 
-1.22077 -7.47834 149.772 15.1589 7.96533 148.435 16.4712 3.65252 148.155 
12.645 12.3348 148.301 14.3213 -1.94017 149.301 14.1734 -2.98324 149.179 
13.2717 -4.27422 149.335 -1.58818 17.8288 148.123 -5.2435 -5.93121 148.979 
15.3991 1.72849 149.092 15.1959 1.00154 149.211 15.0455 -1.08515 149.005 
12.0309 -5.86404 149.403 -4.53555 16.3033 148.162 -5.91415 15.637 147.897 
-1.10912 -8.68195 148.975 -1.38589 -7.90165 149.429 -3.11525 -6.85873 149.415 
-8.82055 -0.445486 149.15 14.292 10.2596 148.196 8.4866 16.4469 148.092 
4.16809 18.1542 148.064 -0.368804 19.0328 147.414 4.3656 -9.79674 149.167 
-7.58252 12.2802 148.841 -7.75124 11.6904 149.036 -8.19998 11.9277 148.6 
-9.05504 11.2822 148.142 -10.4078 6.20037 148.532 16.1521 0.347113 148.498 
9.78192 -8.29708 149.095 1.82028 19.1791 147.364 -3.62574 17.7328 147.433 
-8.10657 13.213 147.885 -4.01338 -6.52529 149.212 -9.77781 9.40642 148.238 
-10.6152 7.75776 148.086 -10.3112 3.11244 148.791 6.14582 18.2244 147.608 
8.03248 -9.89394 148.625 0.423565 -9.51912 148.78 -2.40179 -8.09437 148.905 
-7.36085 15.1194 147.246 -7.16654 -4.45682 148.781 -9.59663 1.16188 149.037 
8.02611 17.2626 147.734 11.9928 -6.54972 149.085 -9.31796 -1.66232 148.672 
11.6427 14.0932 147.858 15.0603 -2.2081 148.802 12.792 -6.11232 148.872 
-2.08348 19.0019 146.933 -5.41134 16.9414 147.202 -10.0449 0.395283 148.715 
16.0254 2.31736 148.601 8.88839 17.2895 147.212 11.988 -8.30789 148.038 
6.18342 -10.3815 148.639 -10.7421 5.03004 148.46 -10.0177 -0.503627 148.609 
16.028 1.51607 148.622 9.47382 16.2605 147.675 7.63113 18.1153 147.156 
5.23525 19.333 146.898 -3.89551 -7.39298 148.747 -10.8853 6.74281 148.143 
-10.8185 5.73196 148.347 -10.8622 5.98379 148.291 -10.9779 1.3843 148.437 
15.8546 6.96606 148.175 15.4335 -1.82521 148.64 14.1155 -5.59523 148.453 
-9.81449 12.6516 146.826 -10.4967 10.8694 147.187 -10.935 9.37687 147.416 
-10.9783 6.27583 148.169 -8.88329 -3.29572 148.483 -11.4858 6.68274 147.734 
-11.194 5.73345 148.111 -10.1345 -2.07906 148.353 -10.1386 -1.18123 148.468 
-12.1771 4.66143 147.641 -11.4992 2.92903 148.193 -10.5768 0.241346 148.494 
13.8707 12.0063 147.686 13.3809 13.5682 147.028 15.7198 -1.67452 148.508 
11.013 16.4274 146.544 3.88692 19.6982 146.793 -11.0314 -0.438353 148.332 
16.6886 6.23151 147.637 16.513 1.69395 148.255 15.9823 -1.13966 148.448 
2.45372 -10.8733 148.029 -1.9556 -9.75693 147.924 -3.47948 -8.63488 148.169 
-11.7976 8.4067 147.064 -12.2909 2.42006 147.903 16.4516 2.47347 148.26 
15.6352 -2.17922 148.473 15.4777 -2.99216 148.437 14.6201 -4.26571 148.652 
13.8797 -7.31575 147.662 -5.06604 18.0988 146.239 -6.71844 -5.967 148.343 
-8.70575 -5.24978 148.009 -10.1677 -3.70282 148.07 -11.3232 -1.98587 148.16 
-11.6762 -0.8633 148.226 -11.9672 0.961324 148.136 -12.1775 -0.0310508 148.138 
16.2054 7.63681 147.716 16.7632 2.37277 148.037 6.78344 19.6075 146.092 
9.71135 -9.96076 148.072 0.242952 19.9821 146.547 4.98279 -11.4754 147.59 
-6.59274 16.2715 146.986 -7.55972 -5.91056 148.079 -12.1453 -1.01218 148.147 
-13.1186 1.22577 147.75 15.8573 8.89925 147.559 17.058 1.82585 147.864 
17.0098 1.19014 147.931 16.1037 -2.01057 148.245 15.0001 -5.18295 148.215 
8.86146 18.9345 145.713 -3.65731 19.0492 146.059 -7.08636 -6.43926 148.009 
-6.45446 -6.933 148.034 -8.11234 -6.31526 147.784 -12.6498 7.03146 146.825 
-13.6993 3.05547 147.126 -13.0315 -0.264156 147.953 17.2312 2.43071 147.688 
16.5236 -1.24969 148.123 15.6142 -4.29394 148.102 15.1338 -6.17432 147.62 
5.0281 20.6927 145.519 -7.48907 -6.84201 147.751 -11.6268 -3.66841 147.852 
-12.5821 -1.95077 147.975 -13.7257 0.65247 147.645 17.1819 8.09901 146.74 
17.6266 1.61433 147.448 17.2138 -0.778898 147.76 10.6438 -9.2775 148.204 
2.91384 20.8645 145.604 1.1813 20.5513 145.963 7.01626 -11.2358 147.702 
-1.00476 19.8719 146.397 -5.11447 -8.06375 147.945 -14.8083 1.37323 146.881 
-13.6081 -1.0513 147.793 -13.9894 0.00747862 147.606 17.8131 4.85883 146.97 
18.0667 2.84773 146.955 16.1037 10.5091 146.637 17.5103 0.512983 147.592 
16.7884 -2.74858 147.641 15.4867 -5.23877 147.918 -12.8551 -3.38156 147.738 
14.7143 11.8715 147.098 16.1518 -5.01209 147.414 10.8257 -10.377 147.219 
-0.00141212 -11.1881 147.28 -8.65451 -7.13319 147.416 -13.7172 -2.26229 147.698 
-14.8866 -0.985556 147.22 17.784 6.36545 146.762 18.5971 0.915745 146.634 
13.7233 15.2067 145.642 8.93555 -11.661 146.724 -6.46 17.1914 146.14 
-8.98843 14.8057 145.993 -11.2397 12.0175 146.029 -11.7634 10.2459 146.448 
-10.492 -5.62016 147.572 -13.5586 5.86117 146.538 -14.0742 4.54112 146.566 
-12.5138 -5.11207 147.408 -13.9709 -3.7932 147.444 -14.5592 -2.49618 147.469 
18.1132 -0.399629 147.149 15.404 13.0083 145.811 -2.33901 20.0065 145.582 
-6.92248 -8.15251 147.396 -15.5879 3.90647 145.74 17.7799 -1.42078 147.314 
18.1575 -2.34689 146.678 -0.624243 20.94 144.962 -5.02585 19.0306 145.023 
-10.1773 -7.46779 147.107 -14.9416 -3.23301 147.303 -15.3024 -2.34623 147.186 
18.4787 6.88875 146.032 18.2938 -1.17832 146.946 17.5586 -4.69382 146.215 
-7.50302 16.1606 146.234 -4.02903 -9.61974 147.401 -10.5548 13.4914 145.689 
-5.68979 -9.43369 147.063 -11.7069 -6.73971 147.123 -15.778 -3.34502 146.873 
-16.2798 -1.86696 146.541 18.4696 5.66994 146.344 18.8872 -0.867789 146.281 
15.0706 -7.76865 146.643 6.76454 -12.3225 146.5 18.2398 8.35342 145.753 
3.20423 -12.1487 146.801 -8.14913 -9.06076 146.774 -13.6713 7.29751 146.051 
-14.7654 4.53931 146.138 -14.1811 -5.7257 146.893 -15.0101 -4.25049 147.066 
16.2047 -6.62907 146.455 10.3568 18.4808 145.292 4.04199 21.7024 144.541 
-3.16745 -10.7067 146.906 -9.20437 -8.12283 147.018 -13.1883 9.08724 145.773 
-12.7748 -6.60221 146.998 17.651 9.76144 145.662 17.0909 11.5964 145.208 
1.30646 21.488 144.715 -3.82798 19.8438 144.799 1.66468 -11.9884 146.825 
-6.13922 18.1034 145.304 -1.91111 -11.2113 146.829 -7.85884 17.1117 144.66 
-6.81576 -9.30079 146.899 -9.73038 -8.19265 146.945 -14.2261 6.37418 145.943 
-11.2939 -7.92656 146.845 -12.324 -7.39471 146.859 -12.2965 -6.92747 147.004 
12.6846 17.028 145.051 7.72316 20.219 145.084 -6.49792 -10.3349 146.325 
-15.9936 -5.05844 146.399 -16.9008 -3.36789 146.167 19.0936 7.70359 145.088 
19.076 4.36782 145.884 -4.70584 -10.7708 146.418 -9.3955 -8.70437 146.804 
-10.222 -8.47445 146.797 -14.6432 5.22694 146.007 -13.4372 -7.52285 146.558 
15.3393 14.87 144.61 14.1326 -9.6278 145.922 12.4346 -10.9099 145.867 
-12.2275 -8.49031 146.499 -16.5163 2.38004 145.57 -16.8824 0.341487 145.761 
11.4493 18.2854 144.834 -6.25267 18.6274 144.334 -3.15023 -11.9047 145.879 
-9.62919 15.7118 144.544 -9.76812 -9.59012 146.35 -14.1742 8.12071 145.433 
-14.3865 7.2075 145.575 -11.0216 -8.88419 146.555 -15.2586 -7.39344 145.957 
19.2937 2.11364 145.841 19.4113 1.00634 145.798 8.45037 20.7185 144.128 
6.78892 21.2109 144.311 0.525814 -12.3683 146.234 -1.1778 -12.2803 146 
-10.6713 14.6133 144.696 -17.742 -1.74821 145.452 19.3978 0.235102 145.8 
18.4755 -3.44044 145.933 14.163 16.2926 144.533 10.8734 -11.7604 145.922 
2.70847 22.3506 143.6 4.73339 -12.9835 145.765 -12.6406 11.4024 145.159 
-8.02565 -10.7987 145.786 -11.5352 -9.72486 146.027 18.898 5.77001 145.937 
19.0292 -2.40258 145.692 12.2561 18.1403 144.464 11.8536 18.53 144.419 
17.2858 -7.0465 145.092 10.2001 19.9501 143.878 2.15849 -13.1583 145.483 
-11.8071 13.149 144.835 -14.5421 7.72822 145.304 -15.3462 5.17799 145.518 
19.3468 6.04758 145.335 16.8921 13.4129 144.195 19.0808 -4.36079 144.658 
-14.8574 8.13565 144.911 -13.5079 -9.13661 145.829 15.9703 -8.72726 145.199 
-14.9058 7.40638 145.116 -15.0471 6.324 145.355 -16.28 3.15693 145.541 
-17.0349 -6.31739 145.462 20.121 0.667411 144.867 18.164 -5.82642 144.959 
5.13456 21.985 143.911 -2.91036 20.765 143.903 -5.65006 -12.2566 144.815 
-13.4109 12.8656 143.544 -10.0997 -11.0902 145.259 -16.6488 3.22653 145.224 
-17.3158 -4.69126 145.75 20.1373 4.72698 144.631 20.1368 2.80242 144.821 
15.1634 16.222 143.706 13.4416 17.6419 143.924 11.9685 18.9696 143.729 
0.200811 22.3997 142.925 -14.5463 9.09672 144.746 -15.8526 7.6056 144.227 
-16.1118 5.37326 144.848 -17.9376 -3.50046 145.405 14.3547 16.8006 143.977 
4.09446 22.3133 143.713 7.86245 -12.7245 145.836 6.89665 -13.3881 145.036 
-7.00539 18.5948 143.368 -12.0532 14.1901 143.799 -14.1433 10.6702 144.255 
-12.438 -10.5982 145.13 18.6172 9.12767 145.013 18.4122 10.7059 144.356 
19.4363 -1.47969 145.508 -5.20547 19.8539 143.246 -15.2298 8.65385 144.387 
-13.8691 -10.1198 145.072 -17.6769 2.83999 144.51 -15.312 -9.31088 144.915 
19.7188 -0.698244 145.287 0.083271 -13.096 145.338 -10.4003 15.4887 144.063 
-8.13645 -11.9966 144.747 -15.646 9.54217 143.522 -16.0704 4.54677 145.198 
-18.3155 -5.01265 144.822 17.7391 12.0766 144.298 20.0071 -2.02262 144.491 
-1.77788 21.8008 142.914 -2.21992 -12.6811 145.36 -10.1827 16.327 143.123 
-16.9992 3.92496 144.656 -17.5181 1.71639 145.046 20.1475 6.65815 144.132 
-11.1235 15.1604 143.715 -17.3264 6.27779 143.407 -16.4099 4.48249 144.946 
-17.991 1.09091 144.833 -19.0614 0.351998 143.986 19.5766 8.91256 143.904 
21.0541 3.30953 143.577 13.607 -10.9921 145.193 10.1679 -12.7138 145.112 
8.71849 -13.1987 144.909 -8.41354 17.9132 142.689 -18.3183 1.73222 144.372 
-16.7487 -8.03001 145.041 18.3874 12.5062 143.192 14.4828 17.0974 143.567 
13.5915 -11.9812 144.031 0.40247 -14.2647 143.961 -3.05629 -13.1108 144.618 
7.95381 21.9681 142.75 4.28131 22.9269 142.589 1.69766 23.308 141.87 
-1.34897 -13.3128 144.823 -17.0767 4.86265 144.225 -18.0135 -7.26828 144.215 
9.19318 21.3202 142.976 -11.4524 -11.8272 143.914 -19.0526 -2.64328 144.344 
6.23576 22.5728 142.577 3.78126 -13.7469 144.768 -18.3154 4.3849 143.257 
20.8247 1.6228 143.952 16.2812 15.1055 143.518 14.1672 -11 144.837 
11.7348 -12.6678 144.395 2.96542 23.1988 142.282 -9.42955 -12.316 144.046 
-19.075 2.44421 143.379 14.2423 17.7885 143.028 10.0413 21.1894 142.52 
14.6143 -10.6162 144.876 -13.9228 -10.8632 143.943 20.7896 7.85704 142.716 
20.2529 -0.784608 144.538 13.283 18.9404 142.565 14.7938 -11.184 144.091 
-12.2592 15.0001 142.693 -12.8468 14.072 143.156 -17.3856 -8.32371 144.597 
-18.8424 -5.79637 144.067 -19.3913 -4.55319 143.773 21.1038 6.06274 143.068 
20.8154 5.10045 143.719 19.6265 10.7362 142.771 15.0159 17.1181 142.97 
-15.2098 11.5873 142.678 -16.362 8.59796 143.349 -17.1641 7.83373 142.881 
-17.5409 7.03154 142.903 -17.8201 6.71683 142.742 -16.8442 -8.98528 144.476 
17.0511 -9.04296 143.768 16.4206 -9.22321 144.442 11.4513 20.8944 141.577 
15.2984 -10.1914 144.619 -3.59304 21.5604 141.658 -17.4804 -8.68112 144.225 
20.942 0.277581 143.675 20.668 -0.521982 143.981 20.5755 -1.21539 143.974 
16.121 16.3754 142.47 20.539 -3.65393 143.016 18.6847 -7.04715 143.423 
9.32555 22.1259 141.612 5.2708 -14.2793 143.898 -7.68293 -13.0546 143.304 
-20.1107 -1.18403 143.315 17.5908 14.6589 142.367 16.1701 -9.66582 144.278 
2.94657 -14.4516 143.837 -17.6136 -8.71066 143.457 21.4785 4.69129 142.856 
19.4064 12.2911 142.023 7.60026 23.0889 140.973 7.8711 -14.3986 143.191 
-12.0193 16.2651 141.04 -13.4718 14.0394 142.522 -16.3748 -9.81627 143.363 
21.2361 -1.33576 142.806 10.3313 -13.7651 143.417 -16.7457 9.11499 142.675 
-16.9298 10.408 141.68 -17.098 -9.23003 144.089 -17.25 -9.1693 143.883 
-19.2729 -6.11466 143.006 -20.2775 -2.88316 143.025 20.2409 9.32532 142.787 
14.8622 18.2005 141.823 -1.76662 22.8522 140.891 -7.21917 19.155 141.858 
-9.65667 17.723 141.29 -9.95697 -13.0421 142.377 -18.5511 6.30792 142.11 
-20.2618 0.0294682 142.988 21.6164 1.15411 142.696 20.0818 -5.49155 142.686 
15.9851 -10.7124 143.28 -1.92398 -14.2958 143.487 -17.8249 7.14578 142.526 
-20.0646 -4.61109 142.707 22.0669 3.12339 142.031 18.8178 13.4665 141.861 
0.0814989 23.4139 141.069 -14.7012 13.3407 141.87 -19.8077 1.6687 142.962 
13.8373 19.1448 141.817 13.1415 19.8491 141.568 3.24231 23.8179 140.901 
-3.92904 -13.9815 143.18 -13.861 14.704 141.313 -20.7003 1.29603 142.093 
-18.4916 -7.8 142.321 21.5951 5.5479 142.521 5.45019 23.5722 140.955 
-19.7881 3.50004 142.225 -20.0747 2.38501 142.44 -20.6967 -1.58964 142.731 
12.6805 -13.189 143.042 11.7409 -13.5478 143.163 -0.747198 -15.754 142.038 
-8.43958 18.392 141.712 -16.2035 12.3182 141.155 -17.5994 8.80254 141.874 
-20.827 -3.65979 141.751 21.6417 6.40101 142.067 20.3174 11.5036 141.179 
1.27241 24.0399 140.168 1.80136 -15.5932 142.481 -19.6021 4.9179 141.705 
-17.457 -9.18973 142.195 -20.8528 -0.522414 142.423 20.9008 9.61813 141.519 
14.0281 19.6063 140.961 13.069 20.5874 140.523 14.9515 -11.887 142.9 
6.25859 -15.1682 142.384 -5.64387 20.5752 140.943 -8.35082 18.7612 140.94 
-12.8284 -12.2246 141.967 -21.2205 -1.77451 141.845 22.0317 4.97622 141.849 
17.2052 16.0806 141.452 16.4209 17.2722 141.044 -3.174 22.4422 140.33 
4.27277 -15.5273 142.3 -18.0455 7.65184 141.974 -14.7572 -11.1861 142.475 
18.7948 14.6582 140.6 -5.83493 -13.7894 142.632 21.7588 7.7549 141.157 
21.7699 -3.52816 141.006 17.889 15.5052 141.146 15.7227 18.3832 140.534 
-7.26602 19.7937 140.06 22.4075 1.49595 141.5 14.0746 -13.0453 141.812 
-2.74648 -15.1094 142.16 -21.5998 -0.0134318 141.27 19.7494 13.0344 140.781 
22.4295 -0.14046 141.108 6.59383 23.9183 139.653 12.0256 -14.0875 141.743 
-4.40322 -15.0496 141.251 -8.13701 -13.6935 141.722 -7.00219 -13.767 142.18 
-18.8535 7.34372 141.221 -16.745 -9.95418 141.979 -20.5715 2.81001 141.725 
-20.1118 -5.55217 141.379 8.89544 22.9751 140.417 16.0898 -11.9338 141.301 
20.9 -4.6627 142.02 14.9023 19.2714 140.313 9.96361 22.5978 140.158 
-14.5205 -11.693 141.359 -18.3536 8.25499 141.29 -15.8398 -10.7644 141.398 
-20.6089 3.93123 141.132 17.8248 16.4955 139.891 14.3825 19.9063 140.045 
20.0629 -7.1615 141.4 18.39 -8.95541 142.144 -0.616839 23.89 139.318 
-14.8258 14.0332 141.113 -21.1907 2.784 140.975 22.1896 -1.74774 141.042 
21.0782 -5.53302 141.072 13.9278 20.3129 139.969 19.1903 -8.02199 142.015 
17.2726 -10.3943 142.004 9.72528 -15.0063 141.365 -4.30916 21.9789 139.315 
-10.9794 17.6361 139.62 -15.5497 13.5798 140.792 -19.3351 -6.78222 141.798 
-9.00807 18.7879 139.684 -9.15612 -13.6373 141.312 -16.4953 13.146 140.216 
-11.2139 -13.1495 140.971 -17.3008 11.5834 140.565 -18.4304 9.19853 140.752 
-18.963 8.10774 140.72 -19.4604 6.44583 141.054 -19.5514 5.80398 141.297 
22.3747 6.04469 140.806 21.3451 10.7709 139.874 20.6861 12.2457 139.835 
14.6301 20.4301 138.546 -14.3853 15.6481 139.378 -19.8005 7.22687 140.33 
-21.9955 1.85798 140.106 -21.9367 -1.0233 140.713 22.7942 3.9899 140.529 
22.7541 2.34441 140.883 8.4946 23.6189 139.021 -2.74821 22.9672 139.471 
-6.02592 20.8033 139.541 -18.2466 10.643 140.155 12.3005 21.7303 139.306 
-12.5135 16.753 139.597 -14.9528 14.4323 140.505 22.8801 1.17897 140.601 
19.1734 15.4263 138.877 4.68719 24.3853 139.084 -1.91526 23.4416 139.305 
-9.93323 -13.5543 140.915 -17.0064 -9.83409 140.817 -19.0977 -7.42629 140.109 
13.4577 20.9826 139.338 19.4737 -8.70769 140.831 18.4007 -10.1751 140.572 
7.611 -15.48 141.461 6.09123 -15.947 141.224 1.10962 -16.9095 141.041 
2.90662 -16.4557 141.426 -6.75339 20.4366 139.07 -15.8456 14.1404 139.887 
-17.9996 -8.75089 140.926 22.0157 9.00449 139.901 11.0939 22.2999 139.599 
17.3768 -11.0944 140.911 2.59699 24.4725 139.239 4.55296 -16.6286 140.777 
-17.0727 12.3939 140.238 -18.0169 12.0122 139.5 -19.4547 8.41826 140.1 
-20.4277 5.57917 140.479 -21.7076 -2.49 140.372 22.5938 7.32494 139.794 
16.6333 18.0609 139.633 15.7245 19.1123 139.401 -16.8561 13.575 139.455 
-21.4874 3.92738 139.993 6.61417 24.3407 138.33 -17.2935 12.8787 139.625 
-12.6177 -12.7954 139.571 -20.4954 7.98246 139.234 -22.2339 0.165044 140.173 
10.2133 23.0903 138.792 1.09006 24.5738 138.471 2.85597 -17.4836 140.203 
-7.64239 20.0438 138.321 -15.0067 -11.5591 140.305 -19.5356 9.4582 139.467 
-20.7679 6.69234 139.608 11.5153 -14.9968 140.165 -6.59241 -14.3657 140.831 
-13.9309 -12.1612 140.463 -21.0383 -4.25132 140.43 11.2634 22.8196 138.176 
15.0527 -13.1381 140.423 -2.67965 -16.1901 140.751 -8.71379 -13.9538 139.868 
-17.8979 13.2695 138.512 -16.0408 -10.7621 139.329 13.7335 -14.3116 139.221 
-5.9955 21.1095 138.336 -1.00875 -17.4877 140.044 -16.5316 14.4481 138.808 
-21.5456 5.73003 138.96 17.5489 18.1582 137.792 16.4988 18.8369 138.659 
8.2818 -15.9985 140.215 -2.22674 23.546 137.546 -22.3809 -0.744275 139.494 
23.1472 5.66451 139.31 21.5308 11.8619 138.356 20.2621 13.747 138.86 
17.4338 -11.5664 139.773 2.99349 24.9048 137.5 10.0935 -15.7723 139.534 
-20.3786 8.98894 138.813 -21.1623 6.9462 139.014 13.2293 21.698 138.061 
19.6872 -9.33564 139.358 -12.4665 17.4736 138.137 -10.6584 -13.5151 139.582 
-17.562 -9.32015 139.043 -20.5035 -5.54065 139.055 -22.6236 0.920153 139.025 
23.3248 2.04821 139.586 23.0857 -1.65299 139.159 20.2898 -8.19399 139.907 
12.24 22.4645 137.733 9.91419 23.7297 137.114 5.43241 24.851 137.016 
7.16166 -16.0547 140.661 6.50471 -16.6607 139.907 -9.98685 18.8937 137.684 
-19.1979 10.9497 138.851 22.3456 9.98151 138.4 18.723 16.5677 138.069 
22.0402 -5.101 139.54 15.9371 19.5963 138.214 16.015 -12.8611 139.345 
-21.5687 -3.61572 138.935 23.1569 0.339815 139.791 22.6846 -3.75693 139.058 
21.3483 -6.67192 139.372 19.8863 -8.78413 140.081 1.03722 -18.3081 139.502 
-5.21643 -15.5528 139.127 -18.9029 12.2174 138.286 -22.3901 3.65158 138.445 
23.4804 3.75171 139.046 -0.299716 24.4302 137.703 4.67803 -17.6046 139.364 
-16.2605 15.5805 137.537 -22.2814 -1.85736 138.596 23.7053 0.501228 138.433 
16.6679 19.1033 137.902 7.74622 24.4356 136.924 -3.87914 -16.0596 140.001 
-14.4168 16.9069 137.17 -14.4669 -11.9219 138.977 -21.4193 7.35535 138.16 
-22.6259 2.13103 138.839 23.0867 7.01439 138.93 -4.71762 22.176 136.787 
-20.2972 9.74451 138.204 22.8618 8.19444 138.676 20.0462 15.4729 136.763 
3.00396 -18.7601 138.497 -3.14044 -17.2211 138.818 -18.7795 12.9325 137.756 
-20.8991 8.61233 138.199 18.6407 -10.7409 138.868 1.02535 24.8902 136.801 
-7.07265 -14.6059 138.822 -17.489 14.3958 137.715 23.5201 6.73742 137.972 
23.7909 4.70772 138.051 15.687 20.2311 137.186 -19.8485 11.3714 137.268 
-22.7879 0.11672 137.602 16.4512 19.6123 137.239 3.99054 25.1723 136.08 
-0.452503 24.5394 136.348 -6.46188 21.0489 136.984 -19.5613 -7.04488 137.998 
11.7288 -15.4053 138.976 8.36604 -16.7666 138.539 -11.6169 18.5166 136.548 
-11.4635 -13.3084 137.532 -22.0526 -2.72863 137.291 18.8444 17.1262 136.843 
16.9583 19.0786 137.361 -7.96974 20.2963 136.278 -18.7223 13.5485 136.475 
-19.1775 12.558 137.506 -18.5523 -8.26729 137.91 -22.8562 2.09662 137.732 
24.0317 2.42931 137.683 13.8234 21.7282 136.773 11.4365 23.2439 136.616 
-0.569615 -18.9483 138.622 -9.87334 -13.777 138.217 -21.2421 -4.40956 137.124 
12.7003 22.5549 136.564 -1.73209 -18.2937 138.894 -13.0258 17.9233 136.534 
-22.2747 5.92859 136.981 23.2939 8.78744 137.146 22.2141 -5.78106 138.466 
20.8737 -8.22276 138.071 5.32762 25.1758 135.321 10.7056 -16.1436 137.98 
0.715571 24.9168 135.016 -6.49195 -15.0877 137.128 -13.489 -12.4406 137.199 
21.493 13.1748 136.677 15.1147 21.1268 135.569 -8.37392 -14.1933 137.078 
-21.395 8.81362 136.383 -22.5527 -1.36486 137.259 22.7512 -4.84684 138.023 
19.6574 -10.1584 136.917 -1.22898 24.1948 134.668 -3.32997 23.1183 135.102 
1.08818 -19.6456 137.829 -14.0342 17.8994 135.284 -16.6118 -10.2823 137.912 
22.7074 10.8434 136.57 2.43964 25.1703 135.671 -10.0965 19.5725 134.869 
-17.4844 14.9968 136.86 -16.8881 15.7433 136.53 23.9777 5.55833 137.342 
24.1355 0.765536 137.327 15.7166 -13.5524 137.703 -4.85405 -16.4351 136.999 
-15.911 16.7013 135.767 -20.2584 -6.09082 136.731 23.4139 -3.28608 137.487 
22.4038 -6.2645 136.792 6.29855 -17.5235 138.54 -22.3857 -1.7635 136.203 
24.0344 -0.686846 137.051 18.3221 18.1031 136.226 17.2077 19.2217 136.393 
6.6656 24.921 135.762 -17.4227 15.5411 135.637 23.7129 7.4133 137.149 
23.9081 6.49629 137.15 24.2452 4.2488 136.862 10.6568 23.7361 136.174 
17.5229 -12.0934 137.637 7.87427 24.7332 135.396 23.7266 -2.01474 137.439 
16.3153 20.0766 136.204 12.3579 -15.4936 137.923 4.96084 -18.5134 137.79 
-15.4593 -11.1923 137.048 -22.8389 3.81949 136.496 -22.7428 -0.493455 136.237 
23.7164 7.89814 136.802 17.7442 18.6108 136.58 10.0802 24.0692 135.547 
8.9634 24.3631 135.857 -1.95208 -18.9148 137.698 -10.0369 -13.7237 136.772 
23.4226 9.55927 136.07 23.19 9.80299 136.56 -0.513266 -20.0491 137.02 
23.9533 7.10474 136.612 10.9994 23.7206 135.553 11.9645 -16.1431 136.154 
3.80318 -19.254 137.428 -7.66148 20.698 134.476 -12.368 18.6498 135.225 
-20.4403 11.452 134.824 -17.2211 -9.65904 136.425 -22.9501 1.8744 135.921 
23.7839 8.19719 136.255 24.1889 5.77161 136.544 17.8749 18.7761 135.901 
13.3185 22.5056 135.083 11.9193 23.3092 135.208 14.7526 -14.4726 136.837 
24.0251 -2.27687 136.162 19.3915 17.1848 135.322 17.6594 19.1514 135.439 
13.4253 -15.1862 137.175 -6.06864 21.4963 135.141 -18.9998 -7.75113 135.988 
6.83969 25.0509 134.043 2.27747 25.1729 133.729 -3.38535 -18.1242 136.663 
-22.9284 0.53168 136.215 24.4444 0.948633 136.164 17.1234 19.8172 134.605 
7.05808 -18.0944 136.833 -22.7909 5.22366 135.443 8.99949 24.5681 134.33 
-4.66258 22.3675 135.148 2.83234 -20.1 136.491 24.5712 2.73816 135.906 
18.3842 18.5416 134.945 23.2589 -4.56458 136.71 10.724 23.9826 134.37 
3.86822 25.2961 134.721 -16.5952 16.6345 134.634 -18.2018 14.9209 134.556 
-20.8127 -5.11182 135.164 -21.7156 -3.10812 135.075 21.311 -8.37122 135.832 
-22.4635 6.73728 134.887 -19.9475 -6.52244 134.783 24.2322 6.88111 135.595 
5.57507 -18.858 136.723 4.54596 -19.4811 136.453 -21.5414 9.55877 134.212 
-22.852 3.95972 134.482 21.4616 14.3678 134.846 9.54716 -17.0671 136.661 
-4.63048 22.3155 133.599 0.946101 -20.7916 136.066 -15.1785 17.6441 134.368 
-10.8847 -13.4356 135.44 -22.7901 0.491517 135.102 22.5117 12.455 134.905 
20.5174 15.9338 134.7 5.14737 25.2837 134.086 -7.25133 -14.6585 135.866 
24.5854 4.55583 135.449 23.763 -3.59795 135.987 12.1798 23.42 133.208 
16.0952 -13.5375 135.422 -2.48917 23.395 132.983 -12.4253 -12.908 135.677 
23.8962 8.76481 135.237 0.505268 24.7446 132.819 -13.1402 18.5922 134.348 
-22.1033 8.20828 134.413 -6.64831 21.2103 134.17 -1.96879 -19.8505 135.647 
5.54105 25.2026 132.946 14.0282 -15.1723 135.623 -15.904 17.2648 134.527 
-22.414 -1.07607 134.918 24.8895 1.48354 134.22 20.0025 17.044 133.751 
18.3527 -11.5591 135.366 5.89305 -19.3612 135.449 -8.39852 20.4804 132.833 
-14.2775 -11.9078 134.377 -19.2332 13.651 133.519 -22.7827 5.49441 134.396 
23.3953 10.5852 134.789 19.2203 17.8688 134.235 15.8749 21.1871 132.876 
10.0712 24.3448 132.44 10.4509 -17.2272 134.979 -15.693 17.5059 134.086 
-16.02 17.2787 134.065 -17.9502 -8.92171 134.487 24.516 -0.852686 134.813 
23.4987 -4.6821 135.333 20.4192 -9.66155 134.815 14.0725 22.3767 133.237 
15.0494 -14.5422 135.774 -6.06141 21.5133 133.585 -3.42447 -18.5948 135.251 
-6.0708 -15.5168 134.897 -9.45738 -13.8178 135.418 24.321 7.78796 134.526 
24.8293 3.02372 134.881 19.5543 -10.5577 135.178 4.0988 25.2526 133.199 
8.70473 -17.984 135.3 -0.36731 -20.8856 135.616 -12.1604 19.0866 133.502 
-13.9368 18.3985 133.282 -15.8837 17.3953 134.268 -15.9338 17.354 134.309 
-17.3837 15.9595 134.219 -22.7249 1.83205 133.926 18.866 18.5412 133.083 
22.4054 -7.06423 134.535 -16.6103 16.7809 133.391 24.6845 6.02258 134.198 
-1.06442 24.1361 132.972 -4.51116 -17.2102 135.326 -15.4934 17.6387 133.133 
-15.8726 -10.8465 135.405 -20.2876 12.1846 133.103 24.0094 9.34495 134.101 
24.133 -3.09023 134.434 14.9976 -14.6135 135.144 -6.95752 21.0585 133.356 
-16.4397 -10.3605 133.944 7.32574 -18.7555 135.161 1.60116 25.069 132.577 
-10.6055 19.7602 132.095 -8.01429 -14.2745 134.394 -11.8936 -13.0251 133.78 
22.391 13.5145 133.343 21.2577 15.4803 133.084 23.1252 -5.78114 134.669 
17.4256 20.0555 132.453 21.446 -8.39727 133.716 2.90637 24.982 131.963 
-21.0294 10.7212 132.53 -20.9528 -4.5605 133.573 -22.4225 0.034077 133.569 
24.4033 8.29032 133.582 23.6885 -4.68451 133.607 13.045 -15.8977 134.454 
1.11621 25.0091 132.438 -6.14579 21.2998 131.551 -17.7156 15.6721 132.735 
-19.0912 -7.61079 133.645 24.5393 7.31457 134.061 8.30545 24.8741 132.596 
2.16235 -21.3426 134.191 -2.90242 -19.3329 134.365 25.0122 3.513 133.774 
6.69244 24.9276 131.67 4.40841 -20.5807 134.251 -9.94023 -13.5957 133.345 
-22.3959 7.34653 133.727 -22.5369 3.25385 132.571 23.1161 11.9808 133.621 
14.4953 -14.8393 133.715 6.82214 -19.5648 134.023 0.532657 -21.4106 134.701 
-0.736358 -21.0654 134.265 -1.98655 -20.2939 133.811 11.8413 -16.6567 134.284 
-19.8295 -6.65916 133.645 -22.4872 5.88353 132.817 1.39095 24.8536 131.925 
9.60947 -18.0086 134.01 -3.91954 -18.0499 134.099 -21.9821 8.39221 132.773 
-21.9609 -1.68405 133.384 24.6579 7.11817 133.573 23.6885 10.7868 133.268 
24.8641 -0.283365 133.046 4.79553 24.9721 131.591 -4.95101 -16.6725 134.011 
-20.3236 -5.81604 133.529 13.2448 23.0686 131.691 25.1651 2.175 132.933 
11.8805 23.5912 130.487 8.19946 24.8277 131.245 24.8408 6.25768 133.138 
20.2931 17.059 132.389 -0.876529 23.7212 131.517 -3.7327 22.4584 131.722 
-17.809 -9.06637 132.621 25.0256 4.92095 132.841 22.233 14.2685 131.946 
14.657 22.2669 131.025 15.8347 -13.3204 133.13 0.836196 24.7774 132.036 
24.6006 7.79122 133.017 24.7625 7.01083 132.872 24.1288 9.61227 133.069 
22.3931 -7.16319 133.03 20.5287 -9.44467 133.594 19.3004 -10.3825 133.537 
8.9937 24.7527 131.682 0.755534 24.3945 131.41 8.29963 -18.7881 133.902 
5.76149 -20.052 134.198 -6.69111 -14.8432 132.539 -11.1544 -13.2358 132.055 
-21.4093 9.33616 130.745 -22.2907 1.10415 132.223 -18.5639 14.6743 131.332 
-15.4365 -11.2039 132.915 -16.3441 -10.4931 131.631 23.181 12.3878 132.117 
25.2265 2.83684 132.752 24.5594 -1.93486 132.857 21.7672 -7.53185 131.922 
12.593 -16.4314 132.487 10.9134 -17.4507 133.333 6.03546 -20.4545 132.854 
-2.37827 23.0716 131.48 -16.3225 17.0641 131.545 -21.3168 -3.30454 132.735 
-22.0009 -0.576063 132.212 17.3103 -11.9664 133.433 9.42837 24.3476 130.334 
7.77867 -19.7759 132.285 -14.75 18.1191 131.236 -19.7607 -6.61568 132.706 
24.4322 8.85617 132.209 23.9575 10.5808 132.009 24.1385 -3.50824 132.678 
23.0774 -6.04174 133.196 16.7342 20.8013 130.402 -12.745 -12.6781 131.822 
-5.51925 -15.8706 133.047 -19.8815 12.7347 131.419 24.6935 7.57127 132.415 
9.61056 -18.5724 132.415 -2.77562 22.5212 130.677 3.41252 -21.4931 132.818 
-8.96235 20.3109 130.448 -2.83028 -19.2347 132.846 -17.3312 16.1153 130.574 
25.205 3.5081 132.501 21.2316 15.9989 131.074 18.3426 19.4159 131.346 
20.4852 -8.9007 132.286 13.4136 23.0228 130.527 3.90151 24.5806 130.426 
0.62456 -21.6155 133.096 -2.03432 -20.2928 133.066 -12.7834 19.0568 131.088 
-4.41278 -17.1708 132.719 -8.3187 -13.9752 131.737 -21.9765 7.37605 130.911 
-21.6167 -1.93779 132.028 25.076 0.894715 132.14 24.9363 6.30873 131.803 
19.6965 18.0062 131.167 -22.2587 4.16202 131.059 25.2321 2.39309 131.644 
2.25584 24.2281 130.322 -1.8031 22.9333 130.629 -3.8263 21.774 130.089 
-1.15781 -20.7559 132.454 -20.3269 -5.2438 131.356 23.4619 -4.83899 131.675 
-7.36104 20.5721 129.395 -14.6347 -11.7287 131.787 -19.0201 -7.57537 131.482 
-21.609 -0.891163 130.922 24.2286 9.98329 131.529 5.42229 24.2076 129.354 
-20.6714 11.0797 130.489 24.6904 7.79409 131.821 24.06 10.6202 131.227 
-5.28928 -15.8367 131.163 23.7119 11.5585 130.491 22.6218 13.854 130.386 
22.6725 -6.4046 131.916 17.7469 -10.5745 131.773 7.567 24.4479 129.821 
-18.0444 15.2574 130.026 -22.1564 5.76036 130.667 -22.1765 2.29238 131.165 
-21.9701 0.0659436 131.533 25.2022 4.1752 131.296 0.621204 23.4931 130.003 
-16.5472 16.9361 130.322 -17.7824 -9.16606 130.729 -21.1164 -2.94764 131.119 
24.6055 8.33267 131.58 24.5446 8.73454 131.261 19.1795 -9.62401 131.831 
8.97739 -19.541 130.76 -1.92253 22.2016 129.514 2.30197 -21.7902 131.621 
4.72934 -21.357 131.169 -11.191 19.6252 129.736 -21.946 0.731565 131.031 
24.2134 10.191 130.726 24.3955 9.41877 131.238 18.7129 19.1695 129.638 
-15.9095 17.3034 129.633 -18.7969 14.1419 129.74 25.1528 5.22842 130.633 
24.7923 -0.90454 131.348 16.0624 -11.9465 131.346 3.89343 24.0139 129.091 
-0.825378 22.9777 130.071 6.80472 -20.7518 131.05 -12.6609 19.1226 128.936 
-16.7615 16.6616 129.723 24.7595 7.73636 130.844 24.2574 -2.85521 131.195 
13.812 22.5899 128.962 14.8807 -13.9476 131.739 13.9051 -15.2287 131.779 
0.55533 -21.6233 131.233 -2.15084 -19.4122 130.926 -14.1417 18.3884 128.934 
-10.0038 -13.4732 130.728 -13.7066 -12.2474 130.342 -19.782 12.3112 129.141 
-21.9523 2.82313 129.965 20.3004 17.404 129.523 6.90623 23.738 128.203 
1.78313 23.4718 129.282 0.0260429 22.4523 128.814 -15.2777 -11.2864 129.697 
-21.7009 0.402692 130.272 11.1071 -17.7106 131.819 -5.3253 20.8033 128.702 
-3.63681 -17.7232 131.149 -11.4072 -13.1512 130.744 21.6031 15.6314 129.202 
15.2824 21.8698 129.544 8.67978 23.7502 128.144 2.63782 23.4667 128.828 
-8.75016 20.1379 128.667 -6.91285 -14.4252 130.203 -20.7104 -3.75382 130.115 
17.4548 20.1717 128.49 7.89729 -20.2613 130.896 -17.3501 15.7015 128.565 
-21.9013 4.60427 129.257 -21.89 1.49481 130.346 14.0691 -14.7402 130.592 
10.3557 -18.5226 130.765 -10.12 19.8305 128.672 -16.8142 -10.1452 129.862 
-21.4494 8.10928 129.168 -21.8007 6.4601 129.316 -20.3323 -4.66488 129.329 
-21.0911 -2.07025 129.73 24.5262 9.02726 130.212 25.0525 6.16203 129.991 
24.9832 0.705166 129.688 10.6355 23.6198 128.492 1.29854 22.9888 128.872 
-19.4348 -6.78576 129.674 23.241 12.8177 129.248 18.4038 -9.43853 130.881 
12.1967 23.1687 128.362 13.146 -15.9343 130.495 -2.87041 21.1926 128.269 
-20.6507 10.076 128.577 23.4881 -3.90361 129.622 15.7285 21.2392 127.866 
19.5948 -8.63544 130.762 -18.6009 -8.18819 129.842 25.2301 2.80472 130.111 
14.6404 -13.3095 129.922 -8.50374 -13.7395 129.523 24.2069 10.2378 129.411 
20.861 -7.76134 130.797 18.3343 -8.6479 129.752 1.96852 23.0959 128.649 
-0.569301 -20.6893 130.254 -18.7405 13.7004 128.066 -21.4493 -0.393289 129.783 
11.7248 -17.4336 130.186 2.01124 22.4774 127.832 -11.8385 19.0224 127.2 
-21.6867 2.91585 128.591 -21.6277 1.1567 129.389 22.561 14.1363 128.675 
24.4 -1.76547 129.44 17.0253 -9.84687 130.344 -13.1982 18.7963 127.879 
-5.67203 -15.1015 129.44 -12.3396 -12.8211 129.805 24.8676 7.53183 129.049 
25.2134 4.37101 129.452 19.5059 18.3233 128.38 16.6804 -10.7188 130.999 
16.2259 -10.9311 130.793 4.63366 23.9627 128.646 4.58776 23.528 128.091 
4.27422 23.7811 128.407 1.45013 -21.706 130.035 -1.60757 -19.5673 129.763 
-15.5962 17.1612 127.48 -17.7676 -9.19879 129.088 18.4775 19.2783 128.022 
16.4091 -10.4935 130.594 15.8892 -10.7594 130.076 15.3076 -11.9072 130.067 
3.60544 23.3673 128.191 -1.14058 21.5578 128.064 -2.21433 -18.9705 129.897 
-4.05525 -16.5488 129.168 -20.6915 -3.36017 129.103 24.5571 8.96309 128.738 
23.756 11.5348 128.658 22.0472 -6.09851 130.03 -7.45957 19.9901 127.387 
0.554652 -21.4676 130.001 0.199442 21.6016 127.482 3.02499 -21.4447 128.889 
-21.3878 1.08626 128.093 16.852 -8.99311 128.901 16.236 -9.78846 129.567 
-9.61933 19.5873 127.256 -2.86627 -18.2322 130.011 -11.0483 -13.197 129.507 
-13.5738 -12.221 128.638 20.5895 16.8207 127.561 14.8577 -11.7039 128.745 
7.97174 -20.5016 129.53 -6.52289 -14.3772 128.727 -19.983 -5.68013 129.485 
-21.2443 -0.46225 128.675 11.5596 22.8113 126.918 10.0127 -19.0908 128.752 
-1.05368 20.4581 126.209 6.40211 -21.2358 129.637 -18.6543 -7.91801 128.382 
9.99516 23.1557 126.919 5.41722 -21.3729 128.36 -13.972 18.0436 126.636 
-21.5108 5.56884 127.794 23.1572 12.8797 127.921 25.1328 2.56749 128.549 
21.8186 15.2695 127.892 19.9141 -7.4202 129.224 15.6367 -10.0327 128.729 
5.36649 22.7617 127.056 3.79101 22.7416 127.396 -3.80579 20.308 126.87 
-5.60308 20.1315 127.017 0.686301 -20.7658 128.575 -9.95701 -13.3561 128.573 
-16.5997 -10.245 128.259 -21.4183 7.02609 128.098 -21.7726 4.08986 128.449 
24.1989 9.91321 127.461 18.221 -7.99168 128.462 -20.9329 8.14809 127.374 
-19.6869 -5.6575 127.643 -20.4942 -3.70478 128.328 -20.8693 -2.26834 128.496 
14.0584 21.8903 127.001 7.44404 22.9523 126.803 -2.16371 -18.4504 128.83 
-7.47764 -13.9492 128.66 -21.697 4.47841 128.122 24.6623 -0.663267 128.668 
19.078 18.401 126.975 12.6058 -16.4575 128.997 -19.3457 11.8135 126.614 
-21.6335 3.77917 127.909 -21.2368 0.119644 127.908 24.7515 7.92614 127.479 
25.1147 5.80161 128.209 24.9396 1.27347 127.852 24.617 0.0491786 127.668 
22.4393 -4.53068 127.901 8.7977 23.0305 126.617 1.15312 21.2301 126.531 
-0.902487 -19.7976 128.884 -5.57509 -14.9265 128.051 -4.27969 -15.6275 127.101 
-21.7421 4.21137 128.198 -21.2903 2.31935 126.968 -20.6819 -3.18382 128.642 
-21.1371 -0.494045 127.874 25.108 4.0455 127.568 17.2628 19.6736 126.503 
13.5235 -15.0758 129.128 11.6294 -17.5475 128.222 23.5945 11.641 127.253 
3.1732 21.5056 126.142 -16.6368 15.7485 125.879 -11.7224 -12.8794 127.926 
-15.0346 -11.3026 127.436 -20.2616 9.48069 126.55 -21.0799 6.6963 126.842 
-21.0653 -1.11126 128.167 22.4179 14.1516 127.254 12.9182 22.4918 127.216 
-15.3095 16.9259 125.686 -18.0375 14.1599 126.45 -21.3643 4.14153 126.964 
20.8464 -5.91226 127.707 16.127 -9.17285 128.085 13.8177 -13.728 127.72 
-2.84742 -17.0208 127.517 -10.3756 18.7744 125.557 -17.668 -9.14938 127.63 
-20.6966 -2.65139 127.704 24.9992 6.92987 127.899 21.521 15.3268 126.594 
24.2867 -1.4274 128.023 14.7912 21.111 126.124 10.7011 22.3393 125.748 
-6.99186 -14.0593 127.494 -13.2819 -12.2031 126.692 -20.3894 -3.65233 127.384 
23.5945 -2.85164 127.938 15.8413 20.607 126.236 9.51961 22.6314 125.934 
14.9652 -10.7511 127.883 -4.90664 19.5348 125.655 -6.35231 19.6473 126.159 
-21.0624 -0.00489635 127.009 -20.9424 -1.40427 127.647 19.6885 17.3364 125.815 
8.3897 22.1468 125.523 -12.9968 18.0667 125.366 -8.49451 -13.5967 127.668 
-18.2732 -8.07193 126.627 22.0836 14.2023 125.996 12.6605 21.2883 125.25 
8.4396 -20.3681 127.586 7.03786 -21.0998 128.271 -1.50998 -18.1846 127.181 
-20.9572 5.28924 125.93 23.5879 10.9346 125.843 22.8789 12.8057 126.26 
24.8086 2.34576 126.814 19.0228 -7.00145 127.34 17.0094 -8.32018 127.12 
4.91649 21.2725 125.352 24.9847 6.44198 126.967 25.048 5.20269 126.803 
24.8427 0.851346 127.394 22.6139 -3.33785 126.381 21.3514 -4.51285 126.099 
2.09814 -20.5706 126.738 -0.533402 -19.5164 127.789 -11.845 18.3093 125.101 
-20.6496 -2.16504 126.657 24.7933 1.1502 127.086 20.6219 16.2143 125.844 
18.5208 18.2734 125.429 10.7162 -18.309 126.266 -7.47827 19.1763 125.526 
-8.80092 19.2256 125.985 -1.26856 -19.0537 128.162 -20.2045 -3.88098 126.577 
9.6842 22.0271 125.207 12.5569 -16.0505 127.11 3.56853 19.9024 124.026 
9.59518 -19.5835 127.033 -16.5889 -9.90502 126.014 -20.283 7.41656 125.039 
15.5141 -9.82669 127.362 -15.6659 16.0922 124.502 24.8402 0.946742 127.213 
23.6768 -1.5096 126.631 14.374 -11.7197 126.401 1.42843 20.2609 125.067 
-6.10551 18.9954 124.921 -2.27436 -17.1834 126.778 -2.79457 -16.3445 125.911 
-18.7944 -6.73323 125.323 24.4742 8.50046 126.321 24.7211 0.74485 127.106 
6.59924 21.79 125.531 4.43982 -20.7266 125.98 -17.4148 14.3967 124.926 
-14.5755 -11.371 125.441 -19.6592 9.87667 125.193 24.192 0.679701 126.144 
10.5859 21.5151 124.804 -2.95842 19.4741 125.107 -10.0642 -13.1513 126.443 
-11.7782 -12.6943 126.023 24.1205 9.44059 125.854 15.2397 19.7953 124.714 
-5.8627 -14.4432 126.393 -20.7471 -0.839073 125.806 24.694 7.18787 125.982 
21.1552 14.9098 124.852 13.1689 -14.5618 126.241 0.282811 -19.2404 126.223 
24.7439 4.16308 125.88 6.82224 -20.8556 126.508 -14.2626 16.9947 124.442 
-20.2734 -3.10886 125.683 -20.8192 3.12843 125.043 -19.7366 -4.63878 125.51 
-8.74279 18.229 124.129 -20.7686 0.686755 125.18 -20.4889 -1.97149 125.432 
24.7571 5.74938 125.666 17.1689 18.5233 124.473 19.7077 -5.70376 125.913 
9.16361 21.1687 124.46 13.6149 -13.4925 126.301 8.79199 -19.8797 125.759 
-7.07183 18.5591 124.361 19.8399 16.3016 124.323 7.63269 21.0497 124.545 
-1.48606 19.4373 124.658 6.04033 20.4322 124.208 -4.46823 18.2875 123.575 
-6.11443 18.4299 124.013 -10.9559 17.8183 123.862 -12.818 -12.1848 124.752 
23.7419 9.77741 124.787 -4.45869 -14.9242 125.386 -18.2225 13.117 125.056 
-18.6377 11.4128 124.129 -19.3245 9.19713 123.692 -20.5005 -1.06833 124.801 
24.0623 2.72645 124.884 22.0657 13.5296 124.937 15.6445 -9.44856 125.587 
12.5499 -15.4348 125.303 0.0525125 19.1209 123.756 -17.732 -8.45992 125.079 
23.3539 10.8274 124.727 22.6848 12.004 124.501 18.4547 17.5881 124.175 
18.1373 -6.87697 125.72 -12.6352 17.4525 123.891 -7.9328 -13.5495 125.641 
-16.5042 15.0778 124.223 -10.8617 -12.6919 124.342 -17.1707 13.5035 123.494 
-20.3647 4.8108 123.967 -19.9988 -2.87163 124.223 24.2122 8.14883 124.853 
19.1247 17.4423 124.683 -1.97451 -17.2919 126.412 11.7668 -16.7144 125.164 
1.61658 -19.902 125.632 -1.34771 -17.5249 125.703 24.423 6.63469 124.775 
16.8759 -7.87788 125.311 10.5633 20.4065 123.888 1.764 19.4737 123.831 
21.9054 -3.79272 125.706 22.7287 -2.21633 125.51 8.16378 19.6852 123.308 
9.72338 -18.9037 124.564 -2.00783 18.6528 123.569 2.6204 -20.1335 125.29 
18.9167 17.4767 124.307 15.8341 17.991 123.151 13.0905 -13.8157 124.719 
6.13 -20.574 125.138 -6.6492 17.7694 123.122 -19.0838 -5.2496 123.672 
23.0567 -0.767967 125.075 19.0524 17.1322 124.125 21.9331 -3.08913 125.218 
18.6226 -5.97418 124.88 23.0879 10.5079 123.803 23.9557 5.21652 123.894 
20.2572 -4.44676 125.03 13.487 19.6586 123.687 -9.52121 -13.1092 125.094 
-15.1352 15.2509 122.862 20.3488 14.94 123.232 21.9815 -1.78283 124.475 
19.2034 -5.14456 124.694 5.69487 18.9944 122.732 -3.32101 -15.0328 123.652 
-5.77026 -14.0268 124.551 -19.4878 7.49499 122.869 21.4065 -3.76364 125.248 
-14.0344 -11.4884 123.947 -15.4408 -10.4899 123.981 17.3851 17.199 123.159 
20.9535 -3.98789 125.131 10.6699 -17.6049 124.004 2.10905 18.6548 122.544 
7.25131 -20.2743 124.887 1.58034 -19.056 124.333 -1.83845 -16.4994 124.493 
-18.4426 10.2559 122.544 21.1571 13.4476 123.093 18.7327 16.4728 123.269 
12.0775 19.7718 123.491 14.5635 -10.7384 124.606 13.7549 -12.0572 124.271 
-2.40126 17.6029 122.155 -0.252402 -17.5398 123.947 -9.9313 17.2099 122.656 
-9.0404 -12.9946 123.945 -17.8168 -7.69295 123.669 -20.2626 3.12563 123.13 
-20.3645 1.49926 123.376 -19.5982 -3.84417 123.46 -20.2233 -0.616609 123.444 
20.6221 -2.99777 124.179 15.156 -9.50076 123.766 3.79153 18.7681 122.508 
-4.59569 -14.487 124.409 23.9463 7.24404 123.681 23.986 7.98726 123.902 
14.3125 18.5603 122.989 18.4496 -5.64128 124.297 -0.885347 17.9734 122.28 
-4.73448 -14.2449 123.8 -11.7488 16.6356 122.288 -13.4926 16.4721 122.937 
-17.6243 11.8779 122.539 -19.8574 5.9621 123.005 23.6203 8.87193 123.693 
19.4709 -4.18964 124.156 17.342 -6.53539 123.735 10.6195 18.7789 122.627 
3.55009 -19.563 123.852 23.0873 1.05239 124.144 8.63504 18.2888 122.159 
-18.9452 8.75282 122.389 -16.799 -9.27937 124.106 22.1276 11.6667 122.913 
16.1933 -8.32108 124.311 11.7543 -15.6359 123.422 0.532091 18.0904 122.067 
-7.39698 -13.2824 123.536 -12.0736 -12.3209 123.719 -12.9484 -11.8686 123.144 
23.8241 7.99657 123.502 12.8524 18.4511 122.558 5.94231 -19.5398 123.407 
-5.24523 17.1367 122.084 -8.16705 17.0104 122.13 22.8774 3.21579 122.758 
22.212 -0.306961 123.838 19.6172 15.4925 122.948 18.51 -4.94541 123.807 
-15.9745 12.9558 121.246 -19.7401 -3.19034 123.196 20.2025 14.4258 122.509 
17.7417 16.0362 122.304 -3.74907 16.9263 121.557 21.599 1.06078 122.48 
4.68225 18.0425 121.489 -19.3702 -4.0219 122.744 7.32108 18.5057 122.275 
8.31154 -19.4303 123.965 -1.48161 -16.1628 123.195 -5.16184 -13.7141 122.368 
-8.51123 -12.8668 122.847 -14.3043 -10.9471 122.565 -19.6819 4.27687 121.83 
-19.8455 -2.25368 122.86 20.1174 14.8089 122.615 19.9984 15.0226 122.705 
3.23584 18.2416 121.775 -17.9945 -6.5001 122.01 23.3962 8.18115 122.868 
16.1945 16.3019 121.922 -6.45147 16.7519 121.626 -9.71736 -12.4745 122.105 
-11.6103 -12.1983 122.615 -18.936 7.74472 121.689 14.4628 17.2274 122.072 
17.8656 -4.80626 122.827 13.9235 -10.9485 122.867 -0.562361 -16.6149 122.636 
23.1126 7.07652 122.252 22.5323 9.7721 122.308 19.7342 14.8429 122.354 
13.7188 17.8936 122.281 12.816 -12.9838 122.705 6.82377 17.7719 121.41 
2.47785 -18.2852 122.334 -13.2954 15.7029 121.799 21.1142 -0.871451 123.234 
13.4946 17.3825 121.965 13.2955 17.8054 122.147 12.981 17.5393 122.005 
12.0521 17.4729 121.858 7.69792 17.9899 121.83 9.45643 -18.4063 123.266 
1.02339 -18.0162 123.13 -9.74581 16.2612 121.204 -17.4446 11.0371 121.424 
-16.1243 -9.18345 122.14 -19.8132 2.16783 121.663 22.7135 5.4133 121.709 
21.3785 12.4005 122.237 18.8349 -3.46045 122.968 13.1563 17.1803 121.847 
12.8647 17.195 121.829 10.0279 17.47 121.562 15.8422 -8.22438 123.07 
-0.323886 17.1667 120.95 -1.38319 17.309 121.473 4.41284 -19.2795 122.964 
3.7124 -19.0147 122.758 -7.68902 -12.7823 121.689 -19.6449 -3.06789 122.673 
18.814 15.294 122.221 13.1778 16.8644 121.625 8.35384 17.5841 121.47 
12.4432 -14.2676 123.174 -18.1635 9.15525 121.113 -19.9559 0.503818 122.076 
-18.882 -5.16055 122.547 20.4725 12.6698 121.392 19.4072 14.0313 121.632 
17.4667 14.9143 121.265 11.7689 16.3754 120.917 2.54213 18.0378 121.524 
-11.7634 15.2277 120.324 -19.1942 6.18304 121.395 21.4725 11.4934 121.704 
19.7053 -1.16532 122.156 14.3077 15.6844 120.892 1.62931 17.5579 121 
4.65168 -18.5874 121.892 -4.86911 16.1419 120.662 0.383526 -16.9713 121.961 
5.62065 16.7963 119.657 -7.21265 15.8928 120.279 -3.46555 -14.3564 122.151 
-19.7141 -1.09065 121.784 22.7811 8.3681 121.992 8.13625 -18.4658 122.428 
-14.0513 14.6212 121.073 -18.842 -4.63078 121.735 -19.4109 -2.93479 121.853 
16.0087 15.191 120.951 9.80903 -16.8562 121.89 3.33753 17.5883 120.812 
-2.13715 16.6426 120.749 -18.5841 7.34583 120.65 14.664 -9.28127 122.041 
-12.835 -11.4383 121.33 20.4722 11.5413 120.539 -16.6155 10.7621 119.707 
21.7008 8.43392 120.696 22.4952 6.87505 121.267 21.6554 3.06336 121.229 
20.658 -0.0635707 122.385 17.051 -5.28246 121.518 11.9093 -14.4315 122.097 
-1.961 -15.3646 122.277 22.2814 4.15141 121.404 20.3892 0.490368 121.705 
18.3443 -2.46809 121.475 15.7055 -7.41846 121.419 8.92112 16.6228 120.33 
5.75838 -18.7546 121.987 6.71847 -18.2803 121.495 -1.04852 -16.0398 122.25 
17.8508 -3.87593 121.925 -3.54221 16.0509 120.365 -2.76457 -14.7848 122.283 
-13.8358 13.6015 119.415 -16.7049 -7.61782 120.046 21.4317 10.3855 121.037 
12.7354 15.3465 120.12 11.1515 15.6428 119.829 12.7078 -11.6492 121.029 
-9.41567 15.5024 119.887 -19.335 0.516252 120.275 -18.8825 -3.68024 120.806 
13.7236 -10.4082 121.614 11.7305 -13.5673 121.046 -0.502621 -16.3509 122.001 
-3.76059 -13.9683 121.369 -11.1655 -11.9352 121.021 20.5889 1.73471 120.853 
-0.918244 -15.7703 121.353 -2.48739 -14.601 121.088 -18.0885 -5.27918 120.279 
19.6093 0.475917 120.705 18.6766 -0.930889 120.459 0.66544 16.6366 119.855 
19.1293 12.9095 120.388 17.9394 13.678 120.379 -8.78732 -12.3207 120.742 
-15.3576 12.4631 119.658 17.5722 -3.45251 120.601 16.2109 -6.06777 120.168 
8.08475 -17.5445 121.131 -1.00295 16.1323 119.586 -4.03069 15.7249 120.116 
-4.22398 15.6405 119.991 -8.22397 15.1684 119.004 -14.4216 -10.4371 121.068 
-19.0833 -1.96344 120.214 21.9712 6.54874 120.635 20.6442 10.242 120.098 
19.8853 12.356 120.473 13.9686 14.6269 119.665 11.1015 -15.3192 121.656 
-3.83843 15.6236 119.875 -2.94241 15.6955 119.538 -3.9662 15.5788 119.941 
21.394 4.89093 120.196 15.9773 14.1006 119.86 -18.7966 6.44045 120.541 
-19.0145 4.92387 120.332 -18.9186 3.32585 119.501 2.53798 16.6338 119.422 
5.74716 -18.3106 121.33 -4.67804 15.5286 119.593 -6.15159 -12.8593 120.459 
-7.78467 -12.228 119.596 -17.6866 8.1827 119.343 1.66678 -16.977 120.417 
-11.7501 14.1887 118.513 -18.8285 5.88152 120.317 12.3752 14.7519 119.06 
-9.77039 -11.8551 119.491 -15.2519 -9.39408 119.979 -18.5509 5.5964 119.514 
17.5429 12.5102 119.029 18.0129 -2.19838 120.46 14.5947 -8.66419 120.954 
-9.98986 14.8178 118.739 -15.4082 11.8534 118.778 -13.5925 -10.5357 119.437 
21.0036 6.96703 119.611 19.276 11.9791 119.756 7.94009 16.1454 119.081 
5.87172 -17.4111 120.107 3.53984 -17.5349 120.408 -11.8326 -11.3773 119.524 
-18.4351 6.60616 119.827 -18.5505 -3.57631 119.689 20.7182 3.1182 120.042 
9.91301 15.3003 118.452 13.573 -9.79426 120.485 11.3226 -14.5688 121.159 
0.0426214 -15.9818 120.154 -4.05177 -13.4836 119.906 -18.7027 4.73202 119.472 
-18.2096 5.27321 118.502 19.7623 10.9602 119.566 -6.0073 14.9517 118.344 
-14.7004 12.7378 118.959 -17.9717 6.38542 118.591 -18.6122 1.31568 118.132 
7.2546 -17.4396 120.551 0.318891 15.7265 118.468 -14.0462 12.9048 118.311 
-15.7596 -8.5524 119.049 -17.2173 -6.12374 118.784 19.6136 9.39182 118.824 
19.0859 0.414666 119.89 3.94731 16.2147 118.429 -3.84799 15.1736 118.671 
-18.7087 -0.627121 118.519 18.6572 11.1602 118.8 16.9483 -4.69025 119.727 
14.3907 -8.16688 119.774 10.3821 -14.8349 120.306 -1.91183 15.1819 118.191 
-1.22387 -15.1097 120.103 -18.3518 -2.49597 118.274 20.6289 8.19035 119.397 
19.4977 1.74352 119.179 18.6976 0.0240554 119.222 17.7477 -2.06049 119.127 
12.0823 -11.0265 119.149 11.1265 -12.8584 119.443 -15.8454 10.7826 118.146 
14.2752 13.5554 118.261 8.13175 -16.3427 119.774 -2.1976 -14.3323 119.551 
-8.34217 14.5696 117.748 -10.2489 13.889 116.923 -14.6784 12.368 118.292 
2.24181 15.6602 117.757 -12.7796 12.9741 117.099 -14.9563 11.5435 117.578 
17.3838 -3.52438 119.692 15.3966 -7.00957 119.905 5.32139 16.0313 118.02 
-5.91175 -12.4592 118.686 -16.5211 9.31626 117.849 -17.8767 -4.44066 118.537 
20.1664 3.81504 119.042 7.35941 15.6333 117.749 2.53865 -16.7421 119.073 
-0.898066 -14.8921 118.667 -16.1544 -7.47329 117.934 -17.1673 7.65999 117.668 
-18.0924 5.90333 118.571 16.3166 -5.46297 119.136 4.09561 -16.8121 118.692 
0.973388 -15.9811 118.712 -8.51648 -11.8066 118.396 -18.0616 5.92782 118.502 
-17.93 5.97202 118.189 -17.4117 6.16272 117.056 -18.3256 4.05218 118.125 
19.9995 7.63147 118.664 16.0398 13.032 118.619 16.6913 -4.98716 119.064 
4.06025 15.5558 117.197 -0.634583 15.1057 117.705 -3.82068 14.7716 117.728 
-14.1174 12.315 117.472 18.0943 10.3726 117.846 12.0116 14.1904 117.753 
-2.59258 -13.756 118.241 -12.4977 -10.8368 118.212 19.8917 5.68717 118.427 
17.243 -3.69091 119.201 15.6588 -6.29156 119.165 0.105271 14.8263 116.816 
-4.90617 14.3536 116.81 -6.89008 14.2944 116.819 -14.7892 -9.20256 118.123 
17.5884 11.355 118.05 16.4883 12.4823 118.233 14.8663 -7.0077 118.849 
-13.4639 -10.1963 117.77 -17.8907 4.63697 117.275 -16.9405 -5.43784 116.886 
16.8188 -4.76947 119.026 12.9005 -9.42504 118.677 6.79456 -16.5165 118.973 
-18.0524 0.0421424 116.524 16.9477 -4.35005 118.951 -7.31291 -11.8544 117.595 
-18.2879 -1.27355 117.421 18.3176 -0.123808 118.208 15.6842 12.5913 117.845 
17.0048 -3.4888 118.416 5.75722 -16.4469 118.173 -1.19539 14.8369 117.328 
-11.0674 -11.1463 117.59 17.1258 10.7364 117.223 13.6632 -7.83994 117.885 
-8.42202 14.0583 116.467 -15.4463 10.2002 116.743 18.6726 7.48912 117.315 
19.0316 3.28439 117.654 18.8798 0.807598 118.515 16.5201 11.7893 117.59 
16.4205 -4.69115 118.335 14.8734 12.0585 116.625 15.6291 -5.693 118.255 
9.051 15.0415 117.256 5.67546 15.4379 116.948 2.42247 14.7677 116.112 
-2.46391 14.4087 116.555 -4.22686 -12.7918 117.629 -18.1094 3.0785 117.148 
17.079 -2.36827 117.674 10.3918 14.0343 116.25 15.2511 -6.34713 118.509 
11.6604 -10.5032 117.64 2.40324 -15.9828 117.192 18.1922 9.28665 117.42 
10.7131 -11.9137 117.49 -14.0032 11.3284 115.85 -18.0951 1.62263 116.663 
-17.6399 -3.57838 116.958 19.0389 1.32948 118.316 12.9064 13.1383 116.582 
14.665 -6.37167 117.637 6.88143 14.7239 115.898 7.26357 -15.7103 117.971 
-16.0403 8.1754 115.606 -13.868 -9.40776 116.307 -17.7129 -2.12314 116.183 
18.6069 5.23317 116.855 17.4826 9.93421 117.047 18.6383 0.887931 117.849 
-12.4342 -10.4179 116.629 -7.45599 13.8649 115.69 -8.99391 -11.4082 116.82 
18.9208 1.72515 117.93 9.15611 -14.1297 117.832 18.2026 0.300586 117.497 
17.5331 -0.749461 117.15 -5.89702 13.8989 115.596 16.2032 10.5996 116.385 
16.3193 -3.43128 117.144 15.1439 -4.8616 116.629 8.47491 14.8027 116.495 
4.45225 -16.2509 117.236 -0.0301995 -14.9013 116.952 -1.54 -14.1165 117.299 
-5.70956 -12.0885 116.905 17.1774 8.91452 116.277 4.75132 14.7225 115.746 
6.23246 -15.8137 117.106 -17.1858 4.68045 115.497 16.9711 10.0932 116.691 
-0.834446 13.8854 114.81 -15.2116 -7.98745 116.203 -17.5235 -3.1614 116.216 
18.1562 6.21961 116.361 5.44617 -16.1353 117.165 -4.22251 13.952 115.616 
-11.308 12.6543 114.785 -12.7493 12.1871 115.378 -16.6247 6.44217 115.223 
18.1173 1.19769 116.888 16.6491 -1.9608 116.489 12.2265 -9.17279 116.865 
3.37697 14.0891 114.722 0.81499 14.355 115.635 -2.73315 -13.2505 116.602 
13.629 11.8726 115.274 -3.00646 13.796 114.975 -16.1387 -6.68443 116.226 
17.6653 3.2322 115.513 7.27621 -14.7518 116.12 -17.3176 2.06103 114.741 
12.8796 -7.80933 116.278 -6.67121 -11.5392 115.063 -17.0856 -3.84111 115.498 
14.5 11.6024 115.622 9.50482 -12.6715 115.735 5.29534 -15.6365 116.118 
-6.89714 13.5084 114.429 -8.87122 13.4396 114.941 -8.66884 -11.0869 114.717 
-13.089 11.6799 114.824 -15.0464 9.86394 115.593 -16.3953 -5.85349 115.515 
17.9747 5.17454 115.943 17.6291 7.01987 115.925 17.747 5.95699 115.742 
12.0073 12.7532 115.225 13.7485 -6.92828 116.803 14.131 -6.00846 116.302 
-1.46125 -13.8757 116.185 17.2277 -0.225586 116.122 15.0064 10.9115 115.449 
8.61937 -13.7791 116.09 -4.22229 -12.3054 115.486 17.3771 -0.548239 116.615 
17.0415 -0.950512 116.334 11.0237 -10.9899 116.864 17.3126 -0.631329 116.561 
3.7214 -15.8141 116.052 -10.6994 -10.6092 114.741 -17.64 -0.865929 115.451 
11.3235 -10.3002 116.484 10.5791 -11.0684 115.641 -4.75883 13.4677 113.997 
15.7622 9.3772 115.019 14.3665 11.2308 115.088 12.083 -8.58026 115.591 
8.61703 14.0572 115.259 -0.64524 -14.1229 115.298 -14.5602 9.67493 114.446 
-17.4634 0.0299511 114.864 -12.4775 11.9496 114.481 17.4746 5.09095 115.158 
17.3229 6.18283 115.215 17.3166 1.05201 115.56 16.4003 -1.12366 115.328 
14.0219 -5.37698 115.333 13.346 -6.717 115.736 7.28288 13.6974 114.254 
11.3688 -9.51738 115.158 1.50993 13.9737 114.66 -12.791 -9.74371 115.004 
-17.1163 -1.5859 114.232 14.2116 10.2118 113.95 15.4078 -3.03541 115.306 
1.01114 -14.9944 115.481 -16.6698 -5.18422 115.515 -17.2281 -2.62506 115.003 
16.5989 7.19706 114.633 9.66043 13.5492 114.875 5.92593 14.0993 114.697 
4.80942 13.9385 114.385 -2.22978 -13.0736 114.835 -13.0624 11.0293 113.804 
-15.8172 -6.32114 114.578 -16.2745 -5.74847 114.934 16.827 -0.375837 115.416 
10.6497 12.7577 114.23 -16.2003 7.02696 114.59 -16.4423 -5.51393 115.123 
-16.4303 -5.17734 114.744 16.8924 0.141985 115.214 13.7073 -6.01267 115.548 
-16.0587 6.22892 113.695 -14.2339 -8.25056 113.983 12.2921 11.5753 113.721 
-2.74217 13.4558 113.784 2.56456 -15.4614 115.41 -15.8958 7.35006 114.222 
-16.5199 4.21329 113.514 5.77343 13.1709 113.049 14.3213 -4.31472 114.682 
12.3152 -7.57347 114.589 17.0004 5.67591 114.53 16.7811 -0.255728 115.219 
16.799 -0.356322 115.305 16.6953 -0.468208 115.236 4.0394 13.469 113.5 
16.8494 4.35119 113.868 16.4699 0.892571 114.053 16.5348 -0.263731 114.856 
15.3024 -1.99113 114.157 8.34233 -13.4551 114.759 2.5521 13.5472 113.646 
5.91901 -14.8567 114.849 -1.04117 -13.6129 114.318 8.91475 13.0598 113.75 
7.07226 -14.1538 114.404 -3.42201 -12.3013 114.224 -9.60401 12.6449 113.057 
-12.0887 11.8887 113.882 3.98636 -15.0279 114.335 -16.8933 -3.07778 114.275 
-7.82433 13.0854 113.146 11.8047 -8.62999 114.931 9.1119 -12.5874 114.295 
0.61812 13.2188 112.791 -4.35646 -11.7869 113.054 -7.80801 -11.0294 113.124 
-9.13285 -10.8569 113.721 -15.1087 8.05293 113.418 15.318 8.26235 113.491 
13.2587 -6.13023 114.784 7.45093 12.799 112.784 9.73355 -11.6629 114.106 
-1.58029 13.2753 113.049 0.13558 -14.1241 114.046 -6.32694 13.2042 113.108 
-11.4223 11.6662 112.688 -16.9171 0.285202 113.39 -16.5123 -4.25693 114.011 
13.5052 -5.15465 114.081 -16.192 -5.21948 114.015 14.5561 -3.54847 114.319 
11.1003 11.8541 113.079 3.03654 12.9978 112.355 -3.50189 13.0076 111.997 
-2.77792 -12.4288 113.425 16.5368 5.70866 113.701 16.6826 2.70189 113.6 
15.8271 -0.786615 114.043 10.4509 -10.1928 113.476 1.88105 -14.7689 114.056 
-13.9266 9.50379 112.955 -12.4512 -9.56966 113.308 13.7137 -4.4777 113.719 
-16.2272 2.88409 112.114 14.0139 -3.84106 113.605 10.0331 12.0489 112.668 
11.5923 -8.66231 114.337 -5.32602 13.0678 112.366 -16.7296 1.55497 112.96 
-16.452 -3.16982 112.987 14.6107 -2.98624 113.845 -15.0155 6.97667 112.035 
-15.5268 5.20881 111.69 -15.9797 -4.98169 113.058 12.6857 -6.12057 113.468 
11.1346 -9.1547 113.75 -1.4093 12.9303 111.763 -12.7692 10.1649 111.922 
14.6553 -2.33331 113.277 6.73966 12.6575 112.301 -1.22547 -13.122 113.071 
-6.17994 -11.2615 112.628 -11.1179 -10.14 112.562 12.9031 10.3304 112.55 
15.0728 -1.55617 113.312 8.59305 12.2158 112.161 11.4849 -8.23331 113.265 
-6.73053 12.8413 111.648 -8.34754 12.6289 111.778 15.8531 6.54324 112.934 
16.0868 1.80723 112.544 15.2001 -0.616353 112.626 5.86586 -14.1887 113.392 
-15.2629 -6.46132 112.92 16.1257 5.00031 112.517 11.9356 -7.15865 112.928 
4.3842 13.0444 112.61 8.61929 -12.8784 113.797 7.69558 -13.1855 113.079 
-9.37708 -10.612 112.237 13.7927 9.18113 112.119 14.5554 8.79182 112.801 
13.998 -3.04298 112.676 11.3338 10.855 111.679 13.1775 -4.62538 112.692 
7.09238 12.4753 112.053 8.94055 -12.2621 113.214 -16.2456 0.841238 111.633 
7.55192 12.2715 111.821 1.78068 12.6357 111.134 2.73206 -14.4939 113.072 
4.06502 -13.9061 111.906 -5.25434 12.82 111.144 -13.3722 -8.61899 111.897 
-16.3442 -1.44585 112.015 -15.9991 -3.91098 111.976 1.14202 -13.7616 112.08 
-14.5613 -7.15908 111.757 16.0295 3.2159 111.964 -13.9949 8.48772 111.693 
-15.432 -5.22989 111.455 14.7142 7.49103 111.647 6.47499 12.2122 111.257 
4.44044 12.5561 111.439 -0.182544 12.6272 110.687 -9.68666 11.9777 111.162 
-11.288 10.7916 110.58 -12.1067 -9.53491 111.74 -16.1749 -2.91592 111.89 
15.7185 0.705884 112.488 10.8415 -9.0042 112.553 8.43331 -12.1081 111.888 
-12.771 9.174 110.255 14.5536 -1.92067 112.628 7.98041 11.6966 110.821 
3.09874 12.5779 111.22 -2.5523 -12.2319 111.832 -14.1628 6.88704 110.061 
12.1442 -6.09386 111.921 6.2686 -13.4353 112.021 -6.14663 12.5773 110.147 
-7.82907 12.2772 110.039 -15.778 -3.10859 110.845 9.48565 11.3769 111.108 
11.2225 -7.71529 111.562 -5.27538 -11.322 111.525 -6.94123 -10.895 110.272 
15.4985 5.83394 111.633 12.688 9.66612 111.247 9.45177 -11.1771 112.356 
-15.3704 3.99287 110.404 -15.4702 -0.643498 109.421 -2.27196 12.5934 110.173 
-1.00815 -12.6903 110.915 15.2232 0.203082 111.783 -14.9781 5.25475 110.318 
-15.5196 2.18595 109.983 -13.843 -7.75442 110.544 15.807 2.0633 111.666 
15.4663 1.12611 111.473 9.88841 -9.65161 110.84 8.74642 -11.2378 110.824 
-4.49513 12.546 109.644 15.5515 4.57113 110.977 14.846 5.71356 110.077 
15.3745 1.96117 110.686 13.3723 8.51055 110.491 14.0932 -1.89421 111.47 
-3.79614 -11.5685 110.094 -15.3117 -4.45238 110.029 14.7421 -0.537445 111.419 
13.3242 -3.47818 111.574 7.34336 -12.7468 111.55 -10.7686 -10.0086 110.863 
14.9289 0.196435 111.02 -11.4083 9.88222 108.634 -14.667 -6.15849 109.928 
11.7824 9.35248 109.386 10.1136 10.4284 109.682 -9.22591 -10.456 110.408 
15.1478 3.21825 109.811 13.9373 7.18145 109.615 1.07292 12.2911 109.743 
14.3215 -0.644775 110.361 12.5054 -4.66808 110.857 11.6413 -6.16161 110.237 
2.96068 12.168 109.937 -9.56945 11.3382 109.053 -12.4773 -8.909 110.202 
8.68326 10.9766 109.682 6.88816 11.1753 108.944 7.76293 -12.0413 110.616 
-12.8039 8.39851 108.868 -0.682683 12.1361 108.349 2.41949 -13.4557 110.298 
-2.16435 -12.0989 110.378 6.08595 -12.8055 110.431 -3.02372 12.3128 108.434 
-15.0518 3.5114 109.223 15.1108 4.4876 109.836 0.450857 -12.9227 109.388 
14.8208 0.637018 110.213 13.1928 -2.95869 110.367 4.97693 11.8001 109.618 
-15.3666 -3.09601 109.393 13.7821 -1.77352 110.398 -14.6722 4.90662 109.239 
14.5779 1.23746 109.046 12.9019 8.1112 108.894 14.4319 0.00176498 109.726 
-7.96012 11.8523 108.32 7.67122 -11.2339 108.649 4.0328 -13.2463 109.902 
-10.0013 -10.189 109.833 -15.0288 2.79428 108.774 13.6546 -1.5349 109.488 
10.7273 -7.62004 109.415 -6.37509 12.2045 108.379 -13.3176 7.24327 108.28 
-13.9696 6.02494 108.455 -14.9411 -4.5219 108.647 12.5043 -4.04047 109.763 
12.0179 -5.01052 109.584 1.63068 11.9157 108.506 -10.8641 -9.69331 109.234 
-13.5744 -7.52783 109.054 -1.51651 -12.3049 110.12 -1.11938 -12.3958 109.56 
-2.42206 -11.8952 109.676 -5.13284 -11.0031 108.004 -14.2885 -6.06583 108.184 
10.3972 9.72866 108.403 -1.82781 -12.1045 109.659 -9.12854 -10.3034 108.912 
-15.0042 1.78476 108.369 14.4961 4.38571 108.459 13.3013 7.13873 108.188 
8.77924 10.2203 107.955 -10.1092 10.6039 107.591 -12.1367 8.41888 107.127 
13.9428 6.01711 108.322 -4.61299 12.1541 107.211 -13.255 6.19277 106.858 
14.3992 0.196335 109.379 5.27375 11.3047 108.321 -2.02687 -11.9555 108.617 
-15.0355 -2.7777 108.089 14.3539 -0.02004 109.466 14.15 -0.444389 109.425 
12.8556 -3.04393 109.096 12.2308 -4.25132 108.841 9.57196 -9.03438 108.146 
3.61544 11.4816 107.902 5.02665 -12.6098 108.707 2.54583 -13.0154 108.334 
-12.177 -8.63318 108.253 -14.8255 0.718778 107.497 13.9034 -0.826446 109.16 
11.4641 -5.69125 108.186 -0.787561 -12.4248 108.725 -3.62413 -11.3437 107.558 
-8.73429 11.2357 107.184 -14.2098 4.72745 107.847 -14.7038 3.9143 108.511 
-14.8643 3.32718 108.553 14.2939 2.4668 107.733 13.851 -0.589433 108.586 
-6.36342 -10.8172 108.19 -11.0088 9.75289 107.006 13.2275 -2.02711 108.521 
11.0709 9.19336 107.967 12.4818 -3.26136 107.415 -10.373 -9.61695 107.451 
12.0753 8.55474 108.15 11.609 8.92308 108.085 5.5345 10.8194 106.909 
-2.66785 12.0291 106.626 -0.393066 -12.4054 107.395 -13.2929 -7.21841 107.331 
1.37205 11.5161 106.498 -7.59388 -10.5806 107.666 -14.6042 3.1232 107.764 
-14.7529 -1.26706 106.96 12.4666 7.74764 107.518 -9.8176 10.2554 106.084 
7.16298 10.4707 107.172 -14.6849 2.21005 107.495 -14.73 1.74113 107.449 
-11.9214 -8.3253 106.346 12.7992 6.44499 106.559 11.3009 8.45669 106.948 
10.0507 9.36283 107.194 10.4934 -7.42376 107.64 -7.36728 11.7193 107.048 
-8.98569 -10.2394 107.6 -14.7841 -4.01544 107.505 -14.5836 -4.98775 107.534 
13.6907 5.04444 106.999 13.2426 -1.70978 107.822 -0.816051 11.7325 105.799 
-14.3195 1.92466 106.208 -14.0412 -5.71522 106.757 13.7564 0.435532 107 
13.4538 -0.920261 107.336 13.0434 -1.81568 106.968 7.84459 9.98029 106.356 
-6.0444 -10.7804 106.909 8.91481 9.59582 106.47 1.08107 -12.9219 107.921 
-4.06189 11.8644 105.11 -14.518 0.267184 106.299 4.14692 -12.7101 107.775 
6.74367 10.1661 105.818 -14.5954 -3.29186 106.656 1.53712 -13.0371 107.927 
1.2974 -13.0255 107.83 -6.14751 11.8428 106.367 13.7834 3.55302 106.454 
5.44056 -12.2148 107.365 1.52683 -12.9911 107.678 2.06443 -12.8817 107.153 
1.06739 -12.7604 107.003 -2.331 -11.6876 106.435 -11.9096 7.34185 104.914 
-13.8372 4.0816 106.228 -14.3155 -0.943256 105.307 -14.4623 -4.53363 106.74 
3.61325 10.905 105.548 -10.9681 9.57978 106.15 -8.88976 -10.1496 106.376 
11.9791 7.51357 106.437 12.7111 -2.19977 105.875 3.49039 -12.6678 106.813 
-10.3808 -9.33731 105.468 -5.14645 11.9319 105.845 -7.68736 10.9847 105.085 
-11.4242 9.2529 106.406 -11.553 8.73921 105.942 -14.2439 0.41203 105.274 
13.577 1.79408 105.695 8.20406 9.46953 105.353 9.764 -8.17302 105.997 
8.46702 -10.1046 106.481 -4.51598 -10.9638 106.68 10.7627 -6.59736 106.503 
6.88214 -11.4653 106.512 -11.2772 9.41509 106.181 -7.0958 -10.5792 105.479 
-13.0411 5.22788 105.025 -2.3249 11.7479 104.606 -11.2538 9.27639 105.985 
11.425 -5.06481 105.766 7.84525 -10.9385 106.958 0.569683 11.3513 104.679 
-5.03489 -10.852 106.587 -13.098 -6.63491 105.541 -14.2713 -2.67785 105.355 
11.1155 7.1964 104.831 5.47185 10.2597 104.774 -10.7613 9.15181 105.225 
13.1642 -1.01654 106.077 9.69219 8.82453 105.678 -9.43058 9.80479 104.354 
12.0798 -3.47228 105.236 5.0174 -12.1742 105.919 -5.62163 11.59 104.711 
-4.11189 -11.1176 105.749 -4.71375 -10.8513 106.402 -13.9791 -4.62766 105.465 
7.33159 9.87879 105.512 1.91775 -12.6382 106.036 -4.71441 -10.884 106.163 
-13.9986 -0.574405 104.06 12.9979 4.65152 105.261 6.99846 9.94438 105.35 
7.04305 9.72652 104.742 -5.37008 -10.8402 105.736 -13.6846 3.02883 104.743 
7.80048 -10.8657 106.308 0.557111 -12.444 105.952 -0.855873 -12.0009 105.283 
2.07064 11.0167 104.453 10.5108 -6.66501 104.929 7.42658 -10.8498 105.369 
-13.4507 4.10409 104.924 12.2996 5.89584 105.052 -13.9276 0.921992 104.268 
-13.92 -2.29362 103.812 -0.706624 11.4272 103.715 -10.1936 9.18941 104.228 
-13.8563 1.98815 104.539 12.4214 -2.3708 104.525 12.7219 -1.89608 105.147 
8.55382 8.59155 103.519 -10.7422 8.49752 104.101 13.2229 2.87234 104.714 
13.0437 -0.0531256 104.499 -4.47931 11.4911 103.201 -2.89936 -11.4098 104.209 
-12.4077 5.57982 103.496 12.8983 -1.52688 105.419 6.10992 -11.6371 105.188 
-3.27499 11.6615 103.542 1.27094 -12.2057 104.148 -11.7001 -7.95285 104.137 
8.37584 -9.53831 104.081 3.23407 -12.4471 105.28 -8.91976 -10.0348 104.586 
13.0839 1.53681 103.938 12.9963 -1.02483 105.176 4.51194 -12.0913 104.479 
-10.2282 -9.29608 103.914 -13.0302 4.01695 103.558 -9.84068 8.97928 103.24 
12.766 -1.43119 104.627 11.5774 -4.37654 104.453 -2.09074 11.4588 102.681 
-6.15653 10.9329 102.779 -8.34456 9.71539 102.306 -10.9224 7.53211 102.884 
-11.8948 6.50008 103.441 -13.1152 -5.55574 103.497 12.0579 5.1285 103.709 
1.20964 10.9244 102.705 -13.8108 -3.85386 104.134 3.79648 10.2861 102.717 
-5.39922 -10.8926 103.8 -13.3506 1.86057 102.753 6.28224 9.53074 102.965 
3.07672 -12.3401 104.393 -1.09554 -11.7645 103.708 12.9498 2.3471 103.613 
10.961 -5.45278 103.562 9.69999 -7.87869 104.265 12.6934 3.49944 103.588 
10.0478 7.27482 102.982 6.19411 -11.2002 103.717 -7.60762 -10.4391 103.362 
-12.1221 5.95183 103.11 12.3666 -1.59244 102.935 12.9169 1.84282 103.287 
11.0597 6.1225 102.961 11.7461 -3.57305 103.242 -2.21797 -11.3902 102.331 
-11.7804 6.25141 102.74 3.19922 -12.2013 103.711 -3.31206 11.4095 102.159 
-13.5964 -0.465048 102.554 -13.4928 -4.05871 102.922 -9.27021 -9.79405 102.865 
9.25694 7.61382 102.052 -9.94679 8.52892 102.473 -13.7851 -1.46802 103.105 
12.7131 2.30349 102.825 7.28354 8.81966 101.739 -12.0854 5.72764 102.7 
-12.1837 5.41139 102.567 -12.3941 4.82508 102.5 -10.6982 -8.74246 102.494 
12.2477 4.05857 102.843 10.181 -6.94714 103.511 -0.537951 11.1001 101.659 
-0.494349 -11.7557 102.66 -6.45706 10.267 100.483 -3.994 -11.0945 102.335 
-9.38321 9.04842 102.43 -11.5371 5.79332 101.536 -13.466 -2.67259 102.116 
12.3795 3.32478 102.529 12.8611 1.51817 103.022 9.36014 -8.11545 102.826 
2.68321 -11.9328 102.368 -11.9903 -7.0182 101.907 12.8605 0.866881 103.111 
4.3423 -11.884 103.2 -10.2523 7.60996 101.461 -10.1533 8.12344 102.128 
5.76128 9.1672 100.412 -9.49908 8.64489 101.812 -8.28055 -10.1877 101.545 
12.6433 1.46356 102.289 8.34904 8.16991 101.611 -13.1787 0.144425 100.988 
-13.274 -4.89235 102.659 11.6735 4.30196 101.772 2.39439 10.4202 101.088 
0.738716 -11.8617 102.228 -4.4353 11.0309 101.092 -7.81819 9.54152 100.54 
-6.66813 -10.667 101.837 7.15002 -10.3394 101.973 -2.29767 11.0687 100.466 
-12.4582 3.6078 101.291 12.3555 2.61278 101.915 8.32948 -9.34668 102.004 
1.00307 10.6776 100.615 -13.0142 -4.88665 101.887 12.551 0.218544 102.124 
10.2941 6.39419 101.75 4.92165 -11.3925 101.71 10.1252 -6.73493 102.008 
-8.99741 8.46054 100.262 -5.33653 -10.8889 101.826 -13.1886 -1.65319 100.673 
-9.7975 -9.32652 101.185 10.914 -4.96284 101.092 9.18707 7.07659 100.559 
-10.9615 -8.2689 100.978 -12.9171 -3.832 100.305 12.317 1.68645 101.173 
7.82049 -9.86822 101.504 3.70736 9.85047 99.8911 -4.46251 -10.9615 100.56 
12.124 2.85148 101.301 11.7024 -2.8102 100.985 9.12894 -8.20066 101.078 
-5.92611 -10.7929 100.593 -12.7178 1.54147 99.9355 12.1158 -0.952799 100.757 
7.87845 -9.62744 100.475 -0.854871 -11.4465 100.908 7.66886 8.16777 100.301 
6.22965 -10.6948 100.212 -0.344262 10.8076 99.9125 -10.3113 6.97083 100.301 
-11.5939 4.47763 99.4112 -12.401 -5.74687 100.431 -3.26136 -11.1274 101.333 
-7.49287 9.41591 99.1943 -10.821 5.93105 99.5676 -12.1846 3.00858 99.3188 
2.19023 10.2652 99.6986 1.31467 -11.6969 101.035 -2.37756 -11.2402 101.207 
-11.6179 -7.2083 100.256 9.93844 -6.80604 100.045 -8.93867 -9.77499 100.034 
10.5252 5.43139 100.396 11.9029 2.88626 100.593 -7.32674 -10.4759 99.8382 
-11.9788 -6.06493 99.0128 11.3381 4.01281 100.22 0.997704 10.4099 98.9035 
3.02945 -11.5776 100.498 -12.8353 -0.57213 99.1059 4.64321 -11.2572 99.9172 
-4.76155 10.6259 99.1023 -2.80975 -11.1165 100.205 -6.20743 10.0635 98.5536 
-12.5686 0.765343 98.4378 11.9988 1.59428 99.9141 12.2292 0.478657 100.546 
-12.5245 -4.99462 99.5587 -0.972196 10.6125 98.1889 -3.64758 10.9343 99.7748 
-12.8709 -2.50597 99.2318 -10.4839 -8.37512 99.0693 11.5569 2.89446 99.4693 
9.75535 5.95919 99.1929 7.01376 8.13945 98.8342 -9.79391 7.04278 98.7938 
11.6886 -1.84902 99.2112 8.55546 6.9818 98.7192 10.7509 4.35589 99.0131 
-3.1028 10.7814 98.6477 1.16222 -11.3537 99.0537 -12.5681 -4.12908 98.6907 
11.8593 0.0733861 99.07 4.8195 9.3287 99.0878 -8.42552 8.3163 97.8699 
11.7004 1.70232 98.9129 8.88361 -8.39464 99.1247 -5.27436 10.2854 97.6027 
-5.62267 -10.8336 98.8588 -12.1374 2.08966 97.7268 11.131 -3.84126 98.899 
5.57048 8.71749 97.9255 7.15266 -10.0522 98.8165 -3.82428 -10.9842 98.7041 
-11.768 3.50793 98.2591 -1.61945 -11.1269 98.3609 9.78848 -6.93806 98.016 
3.51467 -11.2492 98.7453 -4.09753 10.5791 97.7683 -10.6505 5.46445 97.8748 
-8.68895 -9.87561 98.386 5.47432 -10.776 98.3343 -11.3766 4.29264 98.079 
2.7023 9.89035 98.2882 -6.98728 -10.6129 97.4883 11.2492 2.73722 98.3113 
4.13963 9.42651 98.2482 -12.5994 -2.33368 97.6258 10.501 -5.59014 99.066 
-6.11121 9.94825 97.4339 9.98629 5.22275 98.183 7.47432 7.21499 96.8073 
-6.97903 9.41997 97.517 -12.4169 0.00885858 97.0685 11.653 -1.11122 98.2568 
9.42283 6.03095 98.2868 1.26293 10.0689 97.064 -12.2274 -5.09843 97.8994 
-9.4085 6.98519 97.002 11.3363 -2.25091 97.5143 8.95046 -8.2316 97.4545 
8.04813 -9.40942 99.058 -5.8174 9.73616 96.0008 -11.3091 3.82166 96.7923 
-11.6091 -6.41078 97.3737 11.5026 1.28341 97.932 10.5406 3.77934 97.381 
-9.69486 -9.20627 97.29 -10.6481 -8.08997 96.9697 -12.4558 -3.97316 97.5124 
10.4721 -5.41322 97.3932 -4.40664 10.352 96.7213 11.1211 2.29765 97.241 
3.73447 9.20594 96.2048 -2.77866 10.5398 96.8205 -3.38318 -11.0304 96.7234 
9.30713 5.49563 97.0134 -12.3621 -3.57592 96.4876 11.4829 -0.25457 97.3416 
8.09923 -9.2293 97.8872 4.20886 -10.9619 97.3079 -0.577948 10.304 95.7876 
0.362724 -11.066 96.2904 -7.65205 8.60053 96.0063 -8.56473 7.8721 96.3915 
-9.99596 5.71856 95.5452 -12.2021 -4.82301 97.0431 10.9456 -3.93396 97.1994 
2.60961 -11.0898 97.1385 -8.52023 -10.0304 96.4573 -10.9007 3.96219 94.9922 
5.85441 8.16165 95.8942 9.96878 -6.53644 96.8322 -4.80977 -10.955 97.3507 
11.2733 1.24641 96.838 6.95108 -9.96778 97.0182 -8.94784 7.26157 95.6141 
-1.75234 -11.048 96.1992 -5.78307 -10.8748 97.4432 -12.2896 -1.77172 95.5595 
-11.2331 -6.91337 95.5618 11.0834 2.00423 96.5962 -3.86711 10.2467 95.3337 
10.8313 2.65918 96.4957 9.38157 -7.50036 96.3793 -11.7852 2.59097 96.2345 
-11.9939 -5.08006 96.0673 11.2184 0.427148 96.1501 -2.27309 10.4198 95.2785 
10.261 3.27448 95.4565 7.09549 7.12619 94.9024 5.4675 -10.5448 96.2909 
1.59877 9.79349 95.1697 -11.9994 1.53159 95.8812 10.9167 -3.32222 96.008 
8.25984 -8.88577 96.0555 -9.89755 -8.92587 95.4093 -11.5393 2.96544 95.6552 
-12.1444 0.171805 95.3279 -5.66583 -10.9375 96.1301 9.97465 -6.22914 95.6366 
-1.30833 10.3095 94.3558 -4.54643 -11.0205 96.2411 10.9598 1.76499 95.9188 
10.5981 -4.7478 96.2126 3.9529 -10.8302 95.861 -8.40105 7.88342 95.5367 
-9.0544 6.90583 94.7647 11.1361 -1.24129 95.7903 -11.7315 2.67003 95.8195 
-11.7549 2.41945 95.6098 8.67455 5.30757 94.1932 -8.57583 7.63742 95.1673 
-7.18077 -10.653 95.3466 2.53748 -10.9103 95.1641 -8.32878 7.70807 94.5912 
-11.5169 2.24654 94.5116 5.02215 8.50952 95.0663 2.82689 9.34516 94.3692 
-8.70841 7.43885 95.0144 -12.1896 -3.6928 95.3109 10.4069 -4.72547 94.8304 
6.93599 -9.81069 94.8954 -2.7707 10.2448 93.8858 -10.2299 4.96707 94.2193 
-4.99013 9.62962 93.0686 -11.9217 0.996243 94.7819 -11.8562 -5.03601 94.71 
8.92038 -7.97245 94.4962 -2.78478 -11.0795 95.1517 5.96603 7.85303 94.2257 
4.36955 8.63381 93.7644 1.8494 9.63317 93.9566 -8.4806 -10.0754 94.7557 
-10.5946 3.9229 93.1651 10.9692 0.64063 94.9958 10.7423 -2.88602 94.4868 
0.427846 9.94468 93.5448 -6.97819 8.74785 94.1505 -4.4195 -11.1096 94.7807 
-11.8176 -0.16913 93.4237 -10.6944 -7.86478 94.3415 -12.0113 -3.1867 93.8433 
-1.3798 -11.0937 94.0215 -6.02513 -10.9711 94.4528 -11.3382 -6.4201 93.9193 
10.7588 1.92816 95.1248 -10.1481 -8.65062 94.0291 5.09381 -10.5037 94.3293 
-9.30506 6.14525 93.1159 7.24642 6.73653 93.1495 10.6182 1.82973 94.2767 
10.8658 -0.953773 94.1158 8.0612 -9.03672 94.5796 1.07689 -10.9517 93.4355 
-7.97076 7.77698 93.061 -1.3653 10.1809 93.0137 -9.27352 -9.42835 93.6142 
3.7755 -10.7678 94.6696 -11.2396 2.05123 92.524 9.65708 -6.46111 93.4358 
2.48249 9.27786 92.6197 -11.79 -4.88999 93.5655 10.7903 0.535846 93.8103 
-2.78161 10.0458 91.9042 -7.37511 -10.6303 92.9774 10.0148 2.92399 93.3968 
-3.16991 -11.1904 93.7368 3.50711 -10.7517 93.1371 -0.397111 -11.0615 92.5414 
-6.97064 8.52884 92.1201 -10.444 -7.84113 92.5894 6.45941 -10.0339 93.1765 
1.06201 9.67812 92.0607 -11.8046 -4.19196 92.7101 10.6184 -0.359492 92.7128 
10.5441 -2.46261 92.9449 10.2437 -4.47452 93.185 -4.49754 -11.2854 92.6288 
-5.60804 -11.1188 93.2925 -10.0182 4.66125 91.4213 5.92248 7.60934 92.253 
7.81129 -9.15994 93.081 10.5291 1.32161 93.0791 4.38923 8.36182 91.3527 
-0.461098 9.88452 91.069 -2.96187 -11.3291 91.957 -8.13168 7.40616 91.3409 
-10.6814 3.19637 91.2127 -11.7066 -2.88802 91.6716 -11.4412 -5.6395 92.6065 
8.11847 5.79869 92.6868 6.92136 6.87229 91.8592 0.588003 -11.0254 91.5625 
-4.33301 9.74419 90.528 -11.4343 0.884478 91.6297 9.41702 3.77399 92.4802 
8.80735 -8.03391 92.6052 -11.1085 1.9277 91.0075 10.2826 1.84426 92.3066 
9.92162 2.6734 92.1138 8.67866 4.75494 91.6662 5.34855 -10.4282 92.2493 
-7.31684 8.18504 90.73 7.65897 6.10332 91.6029 -2.75821 9.93901 89.5337 
-6.16387 8.91408 90.3391 -11.5246 -0.615707 90.9025 -11.6053 -4.54527 91.828 
10.3685 -1.88497 91.5768 10.1067 -4.08663 91.4938 -8.98636 -9.62438 91.8572 
9.74751 -5.89815 91.8613 6.81313 -9.84568 91.5042 -1.4911 -11.1946 92.17 
-11.1099 -5.88485 90.9166 9.5512 2.91325 91.0337 -5.8825 -11.196 91.9385 
10.4624 0.868233 92.1286 10.3438 1.35732 91.8398 5.59749 7.65845 90.8719 
4.27166 -10.6727 91.1147 10.1134 1.68868 91.4297 1.65321 9.40946 90.8559 
-10.5036 -7.55811 91.0305 10.3476 -0.0342675 91.347 9.17667 -7.34505 91.5706 
6.67495 6.78179 90.2777 3.01824 8.93659 90.8039 -6.85254 -11.042 90.8753 
-7.97827 -10.5079 91.1157 -11.5339 -4.31685 91.1767 2.41047 -10.9009 90.7788 
-11.2255 0.881312 90.1162 -9.80691 -8.68979 90.7482 10.3413 0.955271 91.5858 
-9.17133 5.85128 89.93 10.1039 -2.896 90.2114 -0.685066 -11.1937 91.0742 
10.2329 -1.3259 90.5452 -1.95029 -11.363 90.8906 9.42907 -6.72237 90.8011 
-5.11262 -11.4246 90.2771 -11.4031 -4.1655 90.2634 5.25016 7.69992 89.5201 
8.19137 -8.69777 90.6613 5.70204 -10.3556 90.3426 -8.72035 -9.94548 90.1694 
3.79499 8.488 89.4808 -10.7471 2.36238 89.3561 10.248 0.879027 91.2463 
9.8847 1.85731 90.7809 -11.3374 -2.47328 89.188 2.51398 9.03635 89.6218 
10.0708 0.930999 90.6305 9.72118 1.87744 90.0193 9.71357 -5.71309 90.7265 
1.01249 9.43813 88.8007 -5.02726 9.44184 89.0084 8.99165 3.69769 89.7533 
-11.2805 -0.423825 89.2664 9.02474 -7.52684 90.2676 -3.11336 -11.5743 89.8025 
-10.1398 4.0481 89.63 -7.73897 -10.7195 89.9549 -10.3643 -7.56327 89.7856 
-11.1846 -5.17068 89.7789 9.44251 2.75503 90.0082 8.03496 5.28502 89.7858 
-7.73968 7.58536 89.152 -4.05879 9.79624 89.112 -6.3229 8.61635 87.7208 
10.1414 -0.272155 90.2223 9.79896 -4.84226 89.7718 6.9854 -9.7736 89.7715 
-1.14975 9.85297 88.5107 0.69323 -11.1451 89.6986 -10.8317 -6.14759 89.1049 
2.80208 8.80778 88.1043 -1.29971 -11.4662 89.2482 -9.41392 -9.03869 89.0157 
9.89282 0.570581 89.2504 -10.9878 0.735004 88.3369 10.0431 -1.43067 89.0982 
-11.1401 -4.60625 88.8767 9.43211 2.45503 89.1659 9.38889 -6.5038 89.6953 
4.27002 -10.7098 89.1242 -3.93777 9.58054 87.2904 -6.8447 -11.1101 89.4142 
-8.0216 -10.419 88.4886 9.67125 1.62105 89.1169 -2.4862 9.90642 88.1141 
-8.78103 6.20029 87.1442 -10.2708 3.38761 88.0327 6.31164 6.73854 87.6509 
9.88859 -3.5706 88.4441 8.78266 -7.70168 88.7805 -4.27615 -11.7697 88.1677 
-9.69807 4.68839 87.8345 7.66608 -9.20374 88.0534 -10.1136 -7.69289 87.884 
9.58894 1.55188 87.8747 9.08384 3.13183 88.0516 4.47553 7.95993 87.4357 
-0.221043 9.60683 86.3762 -7.73005 7.51523 87.0251 -11.0898 -1.05495 87.6917 
8.54343 4.35733 88.435 8.07304 5.07801 88.1148 7.39663 5.87549 88.5122 
2.90536 -10.9225 89.056 -2.73661 -11.7672 88.2377 -10.0248 3.65508 86.3953 
6.18678 -10.2009 88.4923 1.67645 9.15916 86.9727 -11.0351 -4.00805 87.5806 
9.89809 -0.279903 87.4399 2.05948 -11.0198 89.0462 -9.48293 4.89441 86.0897 
-10.5497 2.07842 87.0219 -11.0773 -2.61062 87.2808 -2.01816 9.82678 87.0849 
-10.7132 -5.87383 87.4813 -6.22677 -11.3717 87.765 9.96459 -2.16331 87.0736 
3.02749 8.62516 86.2886 8.561 4.10738 87.0055 8.37018 4.62423 87.764 
9.43473 -5.83902 87.8737 -1.40118 -11.731 87.1968 -9.04749 -9.30721 87.095 
1.51936 -11.1297 88.4344 0.586146 -11.3509 87.703 -5.86189 8.73249 85.4795 
8.20846 4.80551 87.4086 7.72406 5.26949 86.6714 2.88241 -11.0237 87.406 
-7.68061 -10.5885 86.2459 -10.2708 -7.12985 86.5664 -10.798 0.196843 86.453 
-9.73646 -8.20577 86.2731 5.27966 -10.5895 86.8908 -3.1437 -11.9755 86.6916 
8.68357 -7.74579 86.2518 -10.8011 -2.1688 85.566 -10.9082 -3.62548 86.4267 
9.74827 0.774958 85.8831 1.60946 9.11316 85.3073 -2.16702 9.68144 85.1707 
9.24952 2.4816 85.9155 9.79701 -4.07073 86.2556 -8.13027 6.97459 85.4242 
-4.85882 -11.9151 86.241 6.79748 6.1681 85.5728 6.73149 -10.0387 86.9588 
-10.7615 -5.02023 86.4016 -10.5008 -6.26362 86.1902 -7.1622 7.96587 85.8848 
-6.31476 -11.4954 85.6832 -10.2272 2.64132 85.1506 5.56376 7.16198 85.5579 
4.23137 8.00907 85.4715 3.13868 8.50152 84.4946 1.73763 -11.2996 86.3156 
-1.63513 -11.9657 85.4714 -10.5381 1.33641 85.4481 9.98421 -1.08846 85.0676 
9.96622 -2.61765 85.6796 0.1935 9.47291 84.3827 7.4958 -9.49974 85.6365 
-4.22379 9.29697 84.4474 0.349158 -11.609 85.6876 -8.94383 5.72354 84.8792 
-9.64942 4.15116 84.4594 9.40886 -5.94918 85.7563 -8.92348 -9.17614 84.7595 
-0.862222 9.69414 84.9061 -10.6751 -4.41102 85.4056 4.29174 -10.8845 85.8692 
-10.6005 -0.0396334 84.5678 -10.0542 -7.15044 85.1416 8.54302 3.90544 84.6783 
6.48255 -10.2522 85.8225 -7.2176 7.70076 83.9605 -10.5088 -5.76582 85.5255 
6.52333 6.28279 83.643 -3.40354 -12.1768 84.6365 7.59742 5.24978 84.3947 
-10.4923 -4.10506 83.9857 5.52718 -10.6133 84.7738 9.64982 1.42129 84.4774 
4.71632 7.62572 83.6683 6.76615 -10.138 84.9413 -5.72571 8.70815 83.7524 
-10.3371 1.63313 84.0214 3.21658 -11.1783 84.5518 -0.492816 -11.8756 84.6907 
-8.32639 6.55249 83.9352 -10.622 -1.58103 84.0593 -1.08988 9.61726 83.8611 
-10.6213 -2.5913 84.1293 -10.3864 -5.64012 84.6089 9.66077 -5.05136 84.5133 
-10.022 2.86723 83.6774 -9.67836 -7.72478 83.4963 9.93966 -3.26178 84.0494 
0.797901 -11.7117 83.7892 -5.33065 -11.9388 84.3809 -10.116 -6.48976 83.8182 
1.78562 8.9734 83.4697 -8.79769 5.47993 82.5288 -10.3822 0.711148 83.1875 
9.31375 2.38472 83.3705 -8.05992 6.75549 83.094 -7.14449 -10.949 83.7468 
8.27612 -8.60357 83.9347 9.16746 -6.81895 83.7706 7.03546 -9.87088 83.6084 
9.89079 0.402179 84.3206 -9.13801 -8.7967 83.0622 -10.3097 -5.52449 83.8135 
3.27736 8.38151 82.9429 -6.13363 8.31562 82.3117 0.08673 9.31095 82.6424 
-1.23074 -12.0826 83.6367 -10.0241 2.11709 82.0681 -10.4479 -2.60573 82.806 
-2.47014 9.39341 82.4731 -4.34974 -12.2684 83.1429 -9.64713 3.70665 82.7878 
-8.45103 -9.73326 83.0132 8.15536 4.45694 82.844 7.47667 5.34991 83.0851 
-10.4748 -0.677802 83.0629 10.084 -1.61816 82.5205 8.84546 3.38306 82.6899 
9.69182 -5.09978 82.5867 4.78731 -10.8968 83.8746 -7.51749 7.15242 82.0805 
-5.59444 -11.9512 82.63 -10.1631 -5.63643 82.8326 -4.71766 9.02625 82.7387 
-9.96456 -6.78422 83.0109 10.0135 -0.237125 83.2034 9.79705 0.97527 82.9337 
7.32815 5.39125 81.6006 4.1883 7.88208 81.9883 -10.3318 -4.13911 82.6602 
2.36226 8.63599 81.3352 -2.82476 -12.3215 82.5267 5.50576 -10.6612 82.8848 
-10.2929 0.364917 82.0747 -9.48658 -7.9062 82.1662 -9.80987 -7.15103 82.4827 
5.69223 6.89083 81.8268 -9.95976 -6.56364 82.4104 4.52315 -10.9841 83.4602 
9.17069 2.7539 81.9719 7.95082 -9.09302 82.2266 2.62058 -11.4739 81.9233 
4.22245 -11.0721 82.7178 -10.3109 -1.10318 81.4423 8.68648 -8.06344 82.2661 
-0.164374 9.19586 80.6958 -4.63799 8.88164 80.9104 -6.44798 7.92216 80.6033 
-7.86304 -10.2335 81.6134 9.53436 1.82595 81.2451 0.426607 -11.9204 82.1458 
-4.41984 -12.2371 81.3014 -8.87022 -9.02177 81.8232 10.014 -0.0375891 81.187 
8.71197 3.52113 80.891 -1.15493 -12.2057 81.8525 -9.46574 3.83771 81.3286 
-10.3072 -3.63514 82.0078 -10.159 -4.66687 81.6417 -9.83549 -6.46386 81.3306 
6.85096 -9.90675 81.0858 -2.46729 9.24849 79.7355 -6.55386 -11.3876 81.5385 
9.2265 -6.83571 81.1397 -7.90152 6.43427 80.1197 6.32932 6.36409 79.8903 
-5.58674 -11.996 81.4919 10.0118 -3.45671 81.4393 -10.1033 0.656666 80.4296 
-9.31539 -7.94631 80.7915 -10.2242 -3.12298 80.8908 -5.47515 8.53843 79.5522 
-8.96832 4.79729 80.3387 4.565 7.61785 80.4147 1.37049 -11.8088 81.1017 
-2.20476 -12.3129 80.2995 4.79318 -10.9134 80.9853 -10.0036 -4.88784 80.1612 
0.121582 -12.0793 80.4911 -9.59341 2.99615 78.9801 -8.57253 -9.17182 80.2461 
9.75484 -5.11647 80.5852 8.34112 -8.5392 80.461 10.1718 -1.84891 80.1134 
-10.1623 -1.29977 79.1481 -4.28719 9.02125 79.1953 1.56396 8.85339 79.5402 
-0.136422 9.12727 78.7789 3.51394 -11.3446 80.382 -7.19203 -10.6076 79.2422 
7.80382 4.86121 79.3444 3.23666 8.27944 79.4141 9.38282 2.29969 79.495 
-6.51388 7.76387 78.7399 -8.73055 5.11329 78.7749 2.1274 -11.704 79.8957 
9.86225 0.965865 79.3665 10.0403 -3.91215 78.7489 -5.69202 -11.788 80.4103 
-10.0611 -3.58286 78.9108 6.93283 5.93675 78.0749 -9.58752 -7.03218 79.928 
5.04402 7.36205 78.2355 4.09146 -11.1868 78.848 -5.10695 8.66266 78.3986 
9.47027 -6.20376 79.1134 -7.74843 6.49394 77.8225 -9.79739 -6.08051 79.6979 
10.1576 -0.463579 79.1636 -2.00847 9.19602 77.9247 -3.43946 9.17211 78.4455 
-0.658434 -12.2808 79.164 8.95409 -7.59578 79.4724 -10.0247 0.810283 78.6573 
-9.18949 -7.9482 79.3077 5.93592 -10.4229 79.3253 -4.54726 -12.0139 78.4038 
-9.85426 -5.23719 78.5742 8.50848 -8.35235 79.0134 2.20437 8.58558 77.6468 
-8.60505 5.3469 77.4822 -8.54148 -9.06891 78.6785 -9.57434 -6.66619 78.6401 
7.55625 -9.24493 78.4211 -10.0945 -2.56042 77.3082 -4.26404 9.0247 78.2912 
-1.93532 -12.3885 78.2488 10.0694 0.279247 77.6061 -10.1543 -1.1574 77.3747 
0.724305 -12.0645 78.9956 8.85145 3.37369 78.5148 -9.11063 4.41842 77.8919 
-9.91065 1.72869 78.0749 -10.1282 -0.175872 77.7882 -9.1223 -7.78297 77.6204 
-9.93845 -4.16109 77.2735 -8.09612 -9.74157 78.0606 -10.0214 0.982041 77.2994 
10.3012 -1.7536 77.6707 9.57624 1.9063 77.8386 6.37405 6.60637 77.1165 
1.88373 -11.8366 77.6853 -0.155934 -12.2657 77.8344 -5.67451 8.24423 77.4835 
-4.01596 8.85264 77.1994 8.11 4.61108 77.3509 -6.64474 7.56306 77.2256 
-9.3327 3.86565 77.4883 7.31328 5.73112 76.5043 -9.62039 -5.84591 76.8304 
5.76508 -10.4748 77.4259 -0.211596 9.08131 77.2685 -8.93731 4.6441 76.7226 
-8.53569 -9.06872 77.5448 4.24825 7.92932 76.508 -1.85384 9.06254 76.1834 
-9.81798 2.12313 77.2779 -7.73448 -10.0866 76.7185 8.85698 -7.61489 77.9621 
-2.77189 -12.4417 76.9189 -8.09997 5.89261 76.1882 10.2992 -3.0923 77.4185 
-8.7028 -8.59193 76.5681 10.2675 -0.444786 75.8834 5.57989 7.24141 76.6612 
-9.42406 3.32872 76.3643 -6.49766 -11.2167 77.4251 -10.1048 -0.10812 76.1871 
-10.1289 -1.46932 76.1226 -7.14039 6.99783 76.2121 -5.72525 7.97981 75.8638 
-9.16 -7.27119 75.7391 10.1615 -3.97696 76.7026 9.0379 3.14687 76.5123 
9.5849 -5.85554 77.0568 5.20982 7.49526 75.2245 2.71374 8.49666 75.5167 
7.03607 -9.59501 75.909 3.80536 -11.2967 76.3503 -10.0507 -2.55254 75.5449 
-10.0103 -3.38632 76.4344 9.80703 1.44726 75.8106 8.36566 -8.25109 76.4683 
0.443023 8.93428 75.7302 0.116083 -12.2488 76.0886 -5.86005 -11.6742 76.2597 
6.4563 6.63183 75.8977 -1.3222 -12.4511 76.9187 -3.78726 8.70935 75.0303 
10.4123 -1.896 75.8489 9.05294 -7.2083 76.589 -9.87194 1.57771 75.6166 
4.063 8.08114 75.3417 -10.0629 -0.805362 73.9364 10.3772 -2.77922 76.541 
-1.70394 8.979 73.7954 -4.06405 -12.2759 75.5055 9.89413 -4.97699 75.4908 
8.19294 4.63434 75.2706 -6.81675 -11.1197 76.4961 -8.60931 4.85544 74.9475 
1.91256 -11.8632 75.8502 -1.92542 -12.4852 75.5617 -7.08816 6.75749 73.9768 
-8.52593 -8.68298 75.1275 5.48488 -10.6097 75.6592 -9.87069 -4.09137 75.4633 
-6.87536 -11.0296 75.5904 7.24556 5.88749 75.1809 9.23964 2.96837 74.4243 
-5.32918 8.16518 73.9331 -10.0483 0.444733 74.874 10.3021 -3.25807 74.9971 
6.40847 6.67603 74.3716 9.81259 1.78222 74.1824 -9.53814 -5.58152 74.4933 
-9.95009 -2.83636 73.8072 -6.00778 -11.5592 74.1831 -7.58823 -10.152 74.3125 
8.10063 -8.47841 75.0299 -9.34926 3.16388 73.5479 3.66321 8.19024 73.7671 
1.10222 8.84132 73.6452 -4.04256 8.60914 73.1099 10.1586 0.53274 74.2082 
9.12364 -6.82841 75.0455 -9.05386 -7.12043 73.7123 6.01279 -10.2052 74.0023 
10.4151 -1.33097 74.0198 9.89951 -4.90608 73.7188 -0.739381 -12.3813 74.1766 
-8.32877 5.16455 72.9846 -9.91932 1.1664 73.693 -9.78321 -4.14096 73.7809 
2.50757 -11.6796 74.4373 -2.7131 -12.5029 73.8064 5.33162 7.4421 73.5096 
7.42483 5.66615 73.72 7.33977 -9.22117 74.1925 -0.495493 9.04255 72.1543 
-2.986 8.85293 72.4631 0.93137 -12.089 74.6207 4.32968 -11.0686 74.3667 
8.44146 4.37572 73.1908 -4.36513 -12.2795 73.4746 -8.43238 -8.75874 73.5906 
8.24662 -8.08022 73.4718 -5.19878 8.29782 73.1262 -7.72358 6.06431 72.6151 
-9.39347 -5.82637 73.1328 -9.59149 -4.81498 72.7997 -5.80753 7.90883 73.1169 
9.62712 2.35476 73.5019 0.748394 8.96665 72.1605 -5.46751 8.22382 73.372 
9.92018 1.62772 72.8676 3.04187 -11.4537 72.7422 -2.21975 8.93812 71.6465 
-6.97119 -10.8717 73.424 10.3501 0.0923956 72.308 6.25494 6.74444 72.4541 
2.00941 8.6812 71.8642 -9.78891 1.94591 72.2435 -7.50255 -10.161 72.4966 
-9.2199 -5.87384 71.5438 10.3787 -3.02238 72.5597 9.22531 -6.48698 72.6517 
4.70691 -10.8082 72.6424 0.715726 -12.08 72.4775 -5.26358 8.07546 72.1655 
-6.32736 7.38047 72.2566 -8.02455 -9.56269 73.2956 10.5357 -1.42557 72.0958 
9.30365 3.03385 72.4741 6.9157 -9.31985 72.3219 -4.01861 8.44588 71.1571 
-9.98949 0.686082 71.9779 -8.24246 -9.07656 72.6866 -9.9191 -2.03984 71.7562 
-9.79893 -3.48097 72.4357 4.62637 7.83366 72.5593 3.64827 8.1983 71.9065 
5.75786 -10.2429 72.4566 -7.21375 6.52456 71.8509 -8.01855 5.60581 71.7742 
5.32954 7.45941 72.4077 -6.51291 -11.2455 72.7209 -10.0057 -0.556268 71.4152 
-8.67942 -7.90233 72.244 9.94889 -4.84433 71.5607 -8.77568 4.32561 71.2094 
-9.49956 2.87434 71.4591 8.55004 4.28916 71.4695 -1.53767 -12.4557 72.4877 
-3.47314 -12.422 71.6771 -5.35765 -11.9177 72.2746 7.56422 5.49435 71.7906 
0.322202 8.93849 70.6997 -6.07323 7.25219 70.288 -8.16749 -8.94328 71.6419 
8.2986 -7.79633 71.4338 4.82631 7.61914 71.0105 -9.74655 -3.16586 71.1851 
-9.60359 -4.19637 71.5747 10.0868 1.31234 71.6879 2.15325 -11.6831 70.9437 
-9.80831 1.80166 70.6493 -8.55166 -7.66351 70.0969 -7.73034 5.74289 70.3513 
1.53491 8.74233 70.3496 -9.38541 3.06735 69.752 10.5544 -2.26087 71.3545 
-1.2861 8.9893 70.6049 10.2679 0.768384 71.0517 10.5394 -0.7127 71.4937 
3.63655 -11.1685 71.309 -7.49847 -9.80315 70.4949 9.74243 2.21937 71.5771 
5.16174 -10.3623 70.577 -5.08108 -12.0047 70.4123 6.41795 6.51162 70.2597 
-2.8428 8.68327 69.4652 0.694948 -12.0908 70.0006 -6.42515 -11.1633 71.2685 
-9.51186 -3.93059 70.1712 10.413 -3.23204 70.0237 2.89885 8.35334 70.1234 
-1.37828 -12.4338 70.323 -9.02232 -6.26512 70.2246 10.474 -0.159901 70.8045 
10.5873 -1.42932 70.6319 -9.2172 -5.37328 69.9891 9.24156 3.23036 70.2436 
-9.95167 0.443493 70.0576 -9.85444 -1.29013 69.5169 9.9543 1.73835 70.571 
7.11312 -8.88244 69.7311 -9.76047 -2.53556 70.3393 9.29214 -6.3419 70.6299 
5.04706 7.39105 68.8495 -4.62189 8.04097 68.8877 7.9483 5.0428 69.6379 
2.97869 -11.3558 69.4508 -7.31705 6.02656 68.3427 -8.60542 4.49369 68.7229 
10.5397 -0.524959 69.3763 -9.66192 -2.62894 69.4288 10.2861 0.733939 69.804 
4.02212 7.94348 69.4029 0.942286 8.66751 68.5796 -1.1227 8.84487 68.8863 
-8.97482 -6.17998 69.2096 -9.78381 1.62985 68.5418 9.88914 1.94324 68.9973 
-6.26008 -11.176 69.1929 -9.91496 0.0725325 68.4359 -3.95373 8.25538 67.4439 
-5.76461 7.27724 67.3842 -3.65453 -12.4329 69.0751 -9.26192 -4.73024 68.8461 
9.90348 -5.09663 69.7467 8.49722 -7.45765 69.6186 -7.69495 -9.30861 68.0698 
-9.50013 -3.38359 68.8917 8.81314 4.04497 68.6322 3.22558 8.09843 67.6015 
6.57639 6.33524 67.7642 -8.13024 5.13154 67.0117 -9.36489 3.10847 67.9929 
10.611 -1.78741 69.0749 9.41719 3.06565 68.4697 -8.76186 -6.91335 68.7557 
-8.50202 -7.60747 68.315 10.3485 0.4737 67.8983 1.78598 -11.792 69.6269 
-5.07453 -12.0591 69.0531 -9.64753 -2.35518 68.5533 -9.76085 -1.61598 68.3486 
5.75578 -9.90025 68.5939 -0.39848 -12.3626 68.5749 -9.83425 -1.04816 67.7659 
6.66886 -9.20273 67.8255 10.0583 -4.7503 67.8269 9.28797 -6.30536 68.7214 
-4.84867 7.91533 67.6576 -1.90233 -12.5531 68.1436 -8.91656 -6.11602 67.2078 
4.08857 -10.8273 67.7709 -1.19123 8.61594 66.3344 -9.43631 -3.52675 67.6887 
-9.68488 -2.06623 67.7085 10.5936 -1.06268 67.8879 -2.48416 8.63588 67.6067 
1.28893 -11.9399 68.1982 -4.84912 7.86489 67.0069 -9.90895 0.25559 66.4396 
10.5418 -2.71416 67.3699 8.06816 -7.83615 67.4898 -5.1403 -12.0249 67.5665 
-8.99214 3.86743 66.3655 9.1033 3.62288 67.4474 8.16975 4.84643 67.1824 
-3.33036 -12.545 66.5311 -7.19824 6.08919 66.2804 -9.65024 2.26945 66.5633 
-9.74148 -2.09585 66.2927 5.01394 7.34914 67.0086 1.05695 8.50493 66.0058 
-6.51684 -11.004 67.3604 9.84956 2.14076 66.8482 -4.60202 7.80477 65.6565 
-0.685304 -12.4189 66.4565 -8.40608 -7.84504 67.1501 9.32425 -6.25696 67.0625 
-9.3429 -4.15828 66.3785 2.60266 -11.5037 67.774 -9.51923 2.80453 65.0171 
5.565 -9.98802 66.9229 -3.07731 8.37288 66.0174 -8.14431 5.08231 65.2549 
-6.14603 6.88689 65.0699 10.5592 -0.795211 65.6263 7.22834 5.82639 65.9124 
-8.16979 -8.48932 65.3735 10.3273 0.720138 66.5463 -7.16646 -10.2914 66.116 
-9.13881 -5.17894 66.1462 9.07287 3.64064 65.8658 5.91056 6.79435 65.3173 
6.64249 -9.17242 66.2529 -8.56324 -7.45968 66.4759 -9.56403 -3.42085 65.4448 
8.16209 4.848 64.7025 -5.95374 -11.623 65.6435 10.2957 0.964125 65.6796 
2.57799 8.2311 65.3667 -7.25188 6.01107 64.5747 -4.80883 -12.3005 66.096 
-8.65506 -7.20716 65.9551 -9.78464 -2.61592 65.0295 9.84538 -5.42663 65.8902 
10.3523 -4.1538 66.1541 4.12297 7.72214 65.4308 -9.05194 -5.7276 65.5269 
-9.98946 -0.928229 65.1572 -9.94158 -1.7924 65.0015 -2.8756 8.20147 63.2425 
-8.94914 3.90792 63.8706 5.69185 -9.88828 65.7115 -0.493037 8.53635 64.1704 
-9.84896 1.55903 65.0131 -9.31033 -4.60553 65.34 1.33561 8.4267 64.0319 
10.0727 1.78243 65.2039 8.88419 -6.85912 65.5194 7.0851 5.93712 64.3711 
4.40308 -10.631 65.2839 -8.85269 -6.55669 65.6197 1.97923 -11.7286 65.8209 
6.08968 -9.5469 64.3291 -6.53776 6.53202 62.9522 -9.61226 -3.6537 64.0945 
10.3422 0.844859 64.0153 9.67464 2.65782 65.1641 -5.1203 7.40688 63.685 
-4.53905 -12.4024 64.6442 -7.06541 -10.5603 63.7994 -10.0271 -0.0193685 63.8531 
-9.2162 -5.32912 64.3249 10.5299 -3.20746 65.0415 -8.96282 -6.31171 64.3935 
-9.91627 -2.25273 64.2875 7.59304 -8.27875 65.1268 -0.0815982 -12.4198 64.3775 
-10.0333 -1.34491 64.2614 -7.87569 5.34299 63.3063 -8.693 -7.18042 64.8942 
9.21542 3.3766 63.5653 -2.3036 -12.6725 63.9661 -9.72442 2.1003 63.2275 
10.2192 -4.62294 64.8424 3.02987 8.04939 63.7492 0.0557378 8.52487 62.6543 
4.71073 7.396 63.4593 1.20889 -12.1259 63.2452 -5.79191 -11.8753 63.6334 
10.6487 -2.48756 63.2411 -9.10601 -5.89447 63.9505 9.91066 2.1469 64.1495 
-1.17875 8.51042 62.9066 9.58906 -5.81743 64.2033 8.39434 -7.37843 63.4733 
2.89704 -11.4221 63.8259 10.6685 -0.79479 62.8093 6.2473 6.52231 63.0655 
-9.18294 -5.64446 63.7213 7.20228 -8.63781 63.6608 -8.75377 -7.05946 63.0006 
-9.9592 -2.02251 63.1244 -9.33695 -5.05555 63.2757 7.59003 5.41539 62.6533 
-8.04619 -8.94042 62.3751 -9.09592 -5.99169 63.4128 -1.25093 8.49316 61.7028 
8.43739 4.50136 63.0463 6.63032 -9.14656 63.2033 -6.25852 -11.6602 61.8586 
1.71657 8.31048 62.2809 10.2056 -4.4611 63.1295 2.43303 -11.6552 62.2578 
-9.29781 3.29872 62.0337 -7.29246 -10.4402 61.0735 -0.558202 -12.6053 62.6933 
-8.52137 4.54337 61.7435 -5.12265 7.34928 61.721 -9.22944 -5.53275 62.2585 
3.42322 7.85136 61.8876 4.37731 -10.635 62.6327 -4.52196 -12.5264 61.9615 
-10.0792 -0.969616 61.8521 5.10982 7.12619 61.2148 -10.031 0.672026 61.964 
-9.64695 -3.79813 62.0281 8.58255 4.20967 61.1285 9.38638 -6.05994 62.534 
10.5396 -3.59123 61.4124 7.12609 -8.63249 62.1021 9.97475 1.91133 62.664 
10.4492 0.525665 61.8189 6.64123 6.20966 61.236 1.99693 8.18628 60.4345 
-6.37749 6.6445 61.0987 -9.96439 -2.27239 61.8085 10.7877 -2.10956 61.3938 
0.276156 8.46197 60.9567 -2.36251 8.3496 60.7615 -7.42983 5.76804 61.3865 
-9.76962 2.04318 60.8199 5.99746 -9.59343 62.6388 -5.70778 -12.2272 60.8461 
9.52959 2.78658 61.5441 -9.09734 3.66441 60.3754 8.51153 -7.16405 61.1596 
-2.03788 -12.817 61.3584 7.54632 5.42993 60.8229 -5.6597 7.02946 59.7227 
-8.55843 -7.60689 60.4481 3.57791 7.74233 60.1731 0.586441 -12.3551 60.7315 
-3.81381 7.87599 59.9497 -9.3839 -4.95192 61.293 3.05011 -11.357 60.8951 
-1.17263 8.47203 59.9403 -10.0902 -0.0550388 60.156 -9.08585 -5.94459 60.7976 
-7.97758 -9.16757 60.219 5.98446 6.61846 59.8053 5.62114 -9.79543 60.8155 
-6.86458 6.22195 59.915 10.0908 1.6008 60.7779 -6.31564 -11.7231 59.4617 
-9.50862 -4.31294 60.3355 -8.04269 5.01931 59.3576 9.56289 2.67853 59.4917 
4.32986 -10.6744 60.9164 -9.9195 -2.31577 60.4915 10.734 -0.847398 60.6703 
9.77617 -5.38458 60.6951 4.60992 7.28211 58.8561 10.7601 -2.95987 60.261 
-5.12877 -12.5263 59.9405 -9.49037 2.9288 59.009 6.89808 5.98578 59.8071 
-8.9547 3.92414 59.0792 -7.39879 -10.1862 58.3428 -9.18757 -5.33025 58.8947 
-2.39769 8.30445 59.2573 0.359645 8.36927 58.858 -9.99027 1.39921 58.8298 
-10.0499 -1.46937 58.7474 10.5162 0.299326 59.8891 10.2366 1.25166 59.168 
7.2134 -8.47223 59.6107 -3.41873 -12.9155 59.3213 -9.69475 -3.35869 58.8426 
10.4618 -4.07552 59.6556 10.8272 -1.99341 59.8822 7.68726 5.211 59.2382 
-6.54926 6.31889 58.1559 -8.21206 -8.44555 58.6483 -8.89203 -6.48457 59.6169 
2.42276 8.01775 58.5025 4.13747 -10.7493 59.2133 -10.1691 0.0252743 58.4294 
8.74554 -6.88368 58.4089 -1.53623 -12.933 59.6243 6.25667 6.34075 57.9361 
-4.9202 7.29805 57.8073 -8.84515 3.9496 57.4387 -1.38115 8.37086 58.3576 
2.33776 -11.7035 59.5062 1.13981 -12.1998 58.378 10.717 -1.05538 58.1541 
9.95317 -5.2446 58.4 -2.94919 8.01184 57.5419 8.68676 4.05511 58.5029 
-0.499268 -12.7762 58.7114 5.87504 -9.59068 58.4267 -4.97146 -12.5494 58.0674 
-9.7039 2.40518 57.2831 -8.70254 -6.93158 58.4395 10.0311 1.79473 58.0801 
-9.87706 -2.50369 57.3536 0.981589 8.27683 57.5856 -0.495204 8.24593 56.3577 
10.7279 -2.93147 58.8676 4.891 7.14663 57.4026 -10.1476 -0.777965 57.1836 
10.5488 0.262164 58.6672 3.56035 7.66018 57.0255 -7.5454 5.3775 56.7177 
10.4187 0.799572 57.9939 7.78716 5.09645 57.1911 2.75007 -11.4935 58.1904 
-6.68082 -11.3799 57.8756 -8.95747 -5.90067 57.1092 -9.43973 -4.26012 57.3717 
10.6151 0.0323658 58.0549 7.05641 -8.60053 56.6316 9.4951 2.88654 57.1099 
10.4809 -4.09095 58.1381 -10.1093 0.848657 57.0852 -6.04377 -11.9752 57.5 
-5.97497 6.54054 55.6146 -9.29685 3.21193 55.7472 -7.98606 -8.85688 57.1716 
-8.66464 -6.88355 57.2815 -10.0377 -1.73774 56.1115 1.69123 8.13384 56.6591 
3.78576 -10.9217 57.4354 2.27488 -11.5985 56.2908 -0.484677 -12.6543 56.7726 
-8.4091 -7.70584 57.2589 10.5751 0.168411 57.3461 5.06139 -10.1818 57.3522 
-1.88722 -13.0054 58.1223 -9.63615 -3.60552 55.7199 8.72222 4.09787 56.761 
-9.86592 1.88366 55.43 10.2412 1.28672 56.5343 -4.30682 7.48671 56.1303 
9.5531 -5.94612 56.6779 -2.98706 7.83399 55.1686 -3.05431 -12.8996 56.3474 
10.6338 -3.16422 57.0239 -7.51865 -9.70968 55.9633 -8.62463 -6.92148 56.4703 
-9.2337 -4.93251 56.3382 10.2278 -4.70559 56.6394 4.91048 7.09081 55.8352 
-6.56881 -11.2497 56.227 -7.23548 5.58941 55.0845 -8.27886 4.51743 54.8095 
-8.22222 -8.02647 55.7157 -10.1788 -0.0889981 55.1299 8.66773 -7.04928 55.5157 
2.65048 7.88717 54.9541 1.08772 8.20421 55.5594 -8.91414 -5.99153 55.1559 
9.12178 3.6258 55.6474 6.75114 6.00623 55.3793 -4.54525 7.27965 54.6429 
8.28609 4.68688 55.2687 4.52879 -10.4305 56.1001 5.83727 -9.64912 56.9403 
5.49255 -9.92564 56.9155 10.6239 -0.182073 55.9302 5.39873 -9.96046 56.6033 
10.7245 -2.00407 55.128 -5.17586 -12.3586 56.0148 5.78728 -9.62678 55.9487 
0.635775 8.17685 54.2554 -10.0583 -1.91872 54.9122 9.79791 2.50915 54.6223 
10.4136 0.96254 54.5541 9.82282 -5.47717 54.3322 -6.95657 5.69762 53.3976 
5.59019 6.81099 54.3021 7.62204 5.40462 53.9329 -1.57695 7.99302 53.2562 
-3.8887 7.41142 53.0758 -9.2987 3.08756 53.831 -9.90309 -3.09156 53.9063 
10.4742 -3.83193 55.1972 10.7162 -0.415301 53.8437 9.07033 3.80395 54.4012 
6.31144 -9.18495 54.809 5.26455 -9.91208 54.8677 -5.74683 -11.9072 53.9866 
-7.75263 -9.06453 54.3127 -10.2535 -1.21416 53.3845 4.37873 7.36309 53.8715 
3.81127 -10.7215 54.3707 -9.45087 -4.52299 54.3117 8.54312 4.53984 53.49 
6.39703 6.30213 53.1487 2.21054 -11.5606 54.5323 -1.40299 -12.8258 55.206 
0.374167 -12.2821 54.4776 -6.95778 -10.5401 54.142 -9.98312 1.54006 53.4748 
-5.49896 6.69325 53.2875 -8.29918 -7.71616 53.8629 7.55014 -8.15539 53.5078 
10.521 0.827326 52.8191 -4.21619 -12.6766 54.3269 -10.2776 0.271154 53.156 
5.27102 6.98782 53.2636 1.84494 8.05679 53.2766 -2.25495 -12.8272 53.3562 
10.2501 1.64192 53.5454 10.5811 -3.46347 52.9207 3.15785 7.76342 53.1529 
-7.92296 -8.65447 53.3377 -9.14289 -5.54533 53.4223 9.47624 -6.22869 52.4603 
8.91043 -6.87154 53.5598 -7.51056 -9.54301 52.9858 -9.62237 -4.29469 53.1274 
10.8188 -1.66978 52.897 7.80566 5.28212 52.3548 2.2954 -11.4176 52.9107 
-6.454 -11.2997 53.0092 -8.71874 -6.6328 53.4771 4.54174 7.21883 51.7276 
0.537464 8.12872 52.0375 -9.52032 2.65643 52.037 -8.28286 4.36149 51.7637 
-9.36915 -5.133 52.2417 10.0457 2.15171 52.1781 9.32614 3.50012 52.9507 
5.63376 -9.56775 53.2775 -3.32366 7.53596 50.9093 -6.96006 -10.5821 52.6837 
-10.3501 -0.204134 52.3408 -9.9152 -3.46782 52.8719 -8.47656 -7.29064 52.9011 
-10.36 -1.09295 51.3563 -10.1368 -2.54859 52.5133 -5.36572 6.65667 51.1303 
2.4063 7.91489 51.9368 -9.87223 -3.78559 51.6059 -1.31724 8.00438 50.761 
-8.10259 -8.23735 52.2323 10.8104 -0.430326 51.7563 -6.23892 6.18936 52.059 
-10.1539 1.03347 51.3838 8.74467 4.35208 52.0442 0.0451399 -12.3354 52.239 
-6.98199 5.62383 51.6242 -4.58592 -12.5545 52.2676 10.1152 -5.11616 51.8144 
8.73503 -7.10397 52.1387 -7.28423 -10.0528 51.2311 -8.81653 -6.53807 52.0275 
6.76121 6.0417 51.0705 -6.51286 -11.3027 52.0384 4.17798 -10.4209 52.6048 
-9.37373 -5.32004 50.7576 -6.95582 5.60028 50.1405 -5.99812 -11.8417 52.2616 
10.5385 0.925177 51.0359 -6.38663 6.05658 51.1703 -6.26575 -11.6567 52.1365 
2.86965 7.81744 50.6701 1.62394 8.07831 50.721 1.60163 -11.6675 50.765 
-6.26144 -11.6733 52.0528 10.8917 -1.94924 50.9052 8.28337 4.81585 50.4882 
-6.23567 -11.6838 51.6953 -5.78892 -12.0043 50.95 -8.46384 -7.51494 50.8893 
6.66046 -8.8174 51.6678 3.58001 -10.6784 51.1123 -9.41677 2.88086 50.0479 
-8.01401 -8.58688 50.5577 7.9844 -7.74857 50.7233 0.44016 8.12592 49.8417 
-6.55397 -11.2746 51.1007 -10.4213 0.160009 49.8582 -10.21 -2.51219 51.4985 
9.35248 3.46028 51.0204 -8.91807 -6.5433 50.0909 -10.2537 -2.50794 50.247 
-1.63881 -12.8233 51.0421 -3.25199 -12.9203 51.1886 10.638 -3.86215 50.3427 
-5.94828 6.34712 48.9957 -1.2428 8.00901 48.6946 -4.71796 7.00765 49.5758 
-6.89675 -10.875 50.472 -10.1425 1.48958 48.9998 9.44275 -6.21767 50.6645 
5.28253 -9.71085 51.2708 -2.52801 7.79836 49.4559 -10.4961 -1.07706 49.3443 
10.9281 -0.7978 50.5426 10.8115 0.030067 50.2621 -0.132918 -12.4208 50.6599 
-6.50482 -11.395 50.1021 -9.85954 -4.16729 49.0325 5.76242 6.65271 49.3659 
3.5898 7.58701 49.0892 -4.57737 -12.6174 50.1185 10.0895 2.01736 49.3001 
7.28233 5.71457 49.3913 1.47942 8.11175 49.8706 -3.81237 7.41146 48.8022 
-8.36842 4.32588 48.8485 6.57423 -8.82305 49.7101 2.24244 7.98166 49.8711 
-9.34898 -5.6026 49.2642 -10.389 -2.27744 48.3775 10.9632 -2.47435 48.7175 
-5.14707 6.83616 47.9402 -7.20596 5.47282 47.9034 -7.15428 -10.4788 49.9169 
-8.43784 -7.76361 49.4166 10.5952 0.859959 49.9127 10.9413 -0.844632 49.2493 
9.12212 3.77632 49.291 -1.10001 -12.6857 49.408 -6.88347 -10.9634 49.8858 
-7.70228 -9.46375 48.9248 10.205 -5.08801 50.4087 1.7774 8.02051 48.9644 
3.02561 -10.9122 49.589 -5.86341 -11.8911 49.1738 0.38812 -12.1796 49.5127 
-2.96369 -12.8954 49.2994 -10.5054 0.149141 48.278 4.69427 -9.98496 49.2449 
1.664 -11.5632 48.79 -9.50952 2.8664 47.69 8.21799 4.8702 48.3813 
0.539579 8.07998 47.5254 7.72006 -7.96268 49.2157 -6.86888 -10.899 48.9779 
-9.02291 -6.57168 48.0085 -10.5806 -1.01645 47.9066 6.87393 6.00955 47.7127 
-6.25197 6.21989 47.3985 10.709 0.43081 49.0704 8.78401 -6.89981 48.413 
10.2241 -4.96877 48.9725 -4.69009 -12.4438 48.0129 -7.23049 -10.4298 47.8684 
-2.80491 7.72721 47.7428 10.7765 -3.73655 48.8568 3.76279 7.6053 47.4168 
2.54238 7.88722 47.4455 5.09384 7.05967 47.241 7.3158 -8.25945 48.1212 
9.17586 3.62109 47.3825 -10.2701 1.27262 47.0466 -8.39195 -8.07934 47.935 
-9.49374 -5.36899 48.2736 -10.531 -1.67905 46.9209 10.9475 -0.952973 47.0852 
10.8616 -0.173651 48.2192 -1.5122 7.97469 46.3892 3.20593 -10.7579 47.6904 
-0.238584 -12.338 47.5412 10.8285 -3.55422 47.4494 5.98747 -9.18432 47.8628 
-4.26289 7.25182 46.8756 -8.01832 -9.02529 46.9965 -10.2252 -3.16104 46.7752 
10.6007 0.684072 47.5432 4.73701 -9.92168 47.3072 -1.91433 -12.8283 48.1107 
-8.46548 4.26404 45.9786 -6.44025 -11.2496 46.9957 -9.64911 -5.10046 46.7249 
3.7317 7.64601 45.8882 -8.61188 -7.74488 46.3843 -10.5655 -0.338474 46.6997 
-3.17824 -12.8152 47.2343 -9.84842 2.29555 45.6161 -7.59397 -9.89486 47.4326 
7.93473 5.12671 46.1046 -5.81754 6.48815 45.9079 -7.03312 5.67136 46.3323 
-3.21847 7.63248 45.817 -7.25224 -10.449 47.1353 10.0126 2.14204 46.4236 
11.0408 -2.32744 47.2251 6.40425 6.40015 45.8189 1.61302 -11.5381 47.1847 
-1.88161 -12.7985 46.9601 7.81342 -7.84828 46.7231 6.74734 -8.67332 46.8716 
0.163915 8.1313 45.2737 10.1404 -5.19513 46.758 1.88354 8.02383 45.6772 
9.02507 -6.71521 46.1276 10.8244 -3.77092 45.8789 -4.69436 -12.2535 45.4027 
-7.46888 -10.0579 46.4084 11.0273 -2.29286 45.6909 -9.14807 -6.52346 45.9693 
5.15941 7.13964 45.4183 3.92785 -10.3339 45.7216 10.6075 0.629613 45.3274 
2.26017 -11.1975 45.6856 -10.433 0.562481 45.323 -10.494 -1.6585 44.9649 
5.61277 -9.37577 45.9421 -2.39903 7.87098 44.8302 -4.5789 7.12929 44.83 
-10.0691 -4.00527 44.7183 -8.03734 -9.01907 45.1146 -8.81504 -7.43923 44.5229 
9.14319 3.68612 44.8857 -7.23393 5.51812 44.6215 -9.5445 2.76509 43.865 
-10.2389 1.36072 44.1075 9.9165 -5.72777 45.2464 -1.21739 8.07051 44.3062 
0.823567 -11.8837 45.9732 5.86619 6.81474 43.8861 -3.40726 7.59324 43.9248 
-2.5359 -12.7874 45.6571 10.948 -3.17905 44.4446 7.11671 5.94881 44.5485 
6.87349 -8.55368 45.7 -1.36041 -12.6952 46.1946 -8.43553 4.3642 43.3209 
-6.19226 -11.4384 45.2248 10.5805 -4.53716 44.8739 1.37091 8.13896 44.0005 
-0.557828 -12.4372 45.3532 10.0557 2.12985 44.2667 10.9391 -0.795731 44.9137 
0.161498 8.1913 43.321 -7.06267 -10.5422 45.0787 8.04946 5.11038 43.9833 
7.86275 -7.775 44.9558 -2.30142 7.89366 43.3993 4.50226 7.46205 44.29 
-9.47144 -5.86227 44.4 -1.54879 -12.7382 45.4255 -10.5104 -0.0517292 43.7937 
3.04235 7.89032 43.7086 -6.01698 6.32883 43.3905 -7.53495 -9.83178 43.4688 
-1.73263 -12.727 44.5283 -9.87196 -5.00613 42.4924 9.13084 -6.63353 44.247 
-10.345 -3.17191 43.1597 7.08513 6.02261 42.9118 -6.24661 -11.2569 43.5973 
1.67969 8.14593 41.7775 0.739474 -11.8741 43.9869 10.1454 -5.37602 43.7213 
6.21823 -8.92237 43.8776 -4.49998 7.13392 42.9884 -7.39845 5.40194 42.9441 
-3.1078 -12.6893 43.9225 -4.6173 -12.2284 42.7917 2.84479 -10.8529 43.4338 
-8.33949 -8.49014 43.3886 9.55996 3.13671 43.1578 -3.12568 7.59501 41.5089 
10.5112 1.07872 43.6103 4.61055 7.45705 42.604 -10.2603 0.782492 42.1297 
10.9874 -1.41772 42.9212 7.97054 5.2652 42.4584 4.62687 -9.9078 44.1935 
10.7817 -3.77921 42.7642 -9.02075 -7.1105 42.2601 10.795 0.026651 43.7981 
10.2084 1.8936 42.4019 8.79188 4.29008 42.9083 7.83356 -7.74507 42.6484 
-1.09529 8.09634 42.1808 -7.95068 4.89695 42.2417 0.217737 8.22621 41.9938 
-1.88887 -12.713 43.0921 -0.807526 -12.4904 43.8097 -10.5373 -1.56492 42.6021 
5.98387 6.78839 41.6804 -9.41083 2.91339 42.2227 4.4335 -9.96016 41.9416 
-8.61229 4.02492 41.5196 10.3139 -5.08714 42.4451 7.40915 5.77118 40.9138 
-7.1939 5.35444 41.2269 -10.3562 -3.55177 41.1362 10.6877 0.519008 42.5674 
9.4845 -6.20199 42.1228 -5.21573 6.65673 41.2944 -3.03448 -12.6695 42.1711 
-9.56238 -6.01671 41.3068 -8.01722 -9.04786 41.9424 9.40845 3.39691 41.3773 
3.47891 7.85221 41.6679 -7.0943 -10.3751 42.091 10.5704 1.07998 41.6586 
8.44287 4.75014 41.5235 -0.80346 -12.4095 42.1618 6.15415 -8.91761 41.4832 
0.153717 8.21596 40.4856 -9.7134 2.21418 40.3333 -10.6269 -1.75479 40.4825 
-6.00116 -11.3654 41.4326 11.0466 -2.49874 41.8293 1.03434 -11.6835 41.5139 
10.8229 0.154963 41.4448 3.28019 7.91705 39.785 10.4166 -4.74907 40.8171 
10.4282 1.47018 40.4719 2.63991 -10.9179 40.9834 -1.40273 8.05437 39.9194 
-6.09065 5.97553 39.3806 -10.5359 0.0298919 39.6931 -9.89581 -5.21286 40.6826 
4.7246 7.44703 40.5288 11.0262 -0.765762 41.3029 10.9781 -3.05638 40.8055 
-1.97424 -12.7072 42.0634 -4.31516 6.99903 39.3111 -8.5658 3.86783 39.7905 
-10.5259 -3.26613 39.8675 -4.3078 -12.2875 40.3469 -2.26473 -12.6055 40.8836 
-7.31484 -10.0032 40.2684 11.0931 -1.64334 40.9831 8.58321 4.59108 39.9386 
1.67431 8.17498 39.0315 -10.1502 -4.68727 38.5899 10.9639 -0.278292 40.1869 
-8.43604 -8.31329 40.5498 6.16547 6.6987 39.4049 8.3992 -7.28433 40.5137 
-9.2797 -6.69694 39.9136 -10.6384 -2.90635 39.0853 7.22914 -8.20348 40.6988 
-2.64092 7.72394 38.9983 -7.48486 4.90799 39.2554 7.60516 5.63604 38.5865 
-10.7827 -1.62771 38.6636 9.51445 -6.13971 39.7247 -0.728206 -12.2801 39.8795 
-10.3189 1.03865 38.3629 9.66535 3.08825 39.2801 7.44679 -8.01704 39.2084 
6.09735 -8.91768 39.2603 -6.01897 -11.3352 39.6575 -8.2774 -8.62388 38.5702 
10.82 0.614276 39.4213 4.98705 -9.60973 40.1587 3.49208 -10.4407 39.3458 
1.32369 -11.5228 38.6951 -3.52386 7.27253 37.6245 11.0954 -1.82062 39.2399 
10.8518 -3.57574 39.3032 8.4835 -7.13615 38.1408 -6.96258 5.18664 38.01 
3.21699 7.96582 37.532 -9.51357 2.55195 38.5748 -0.223417 8.16298 37.8459 
4.75979 7.44208 38.2464 -5.23788 -11.9268 38.4213 10.6109 1.27655 38.2733 
-1.55156 8.03285 38.4851 -2.77648 -12.5745 38.7214 -8.46539 3.76322 37.7268 
-9.29444 -6.84242 37.5445 11.009 -0.19182 38.863 9.84083 3.00089 37.6116 
10.2704 -4.93341 38.192 4.70676 -9.74613 38.6412 -10.749 -0.415228 38.0975 
-5.37233 6.19461 37.0945 8.88065 4.33636 37.9975 -2.04627 7.80962 37.2693 
-4.16296 -12.4556 38.7153 -6.88876 -10.5213 37.8508 8.04936 5.29318 36.7267 
-0.960994 -12.3857 37.3492 -9.9807 1.71791 36.5746 -10.6732 -2.957 37.5881 
1.74229 8.19726 36.7125 2.62067 -10.9052 37.8382 -7.32142 4.71538 36.3632 
-10.8302 -1.49599 36.861 11.1327 -0.811999 37.3021 10.9706 -2.99206 37.4497 
3.70357 -10.311 37.149 -7.87292 -9.37037 37.2962 10.4097 2.13176 36.5236 
9.49819 -6.14699 38.122 -9.81968 -5.7851 37.3168 6.45717 6.54216 36.7296 
6.76595 -8.41982 37.1432 -8.45629 -8.47616 36.6444 -10.6571 0.134712 36.8752 
3.0392 8.04856 35.7613 -8.98445 3.02786 35.2265 -10.4519 -4.00284 35.8373 
10.968 0.692698 36.6085 4.55765 7.58034 35.7154 -1.13398 7.94372 35.2992 
-10.0306 -5.32378 36.6412 -3.36535 7.14718 35.524 -4.12287 -12.4381 37.3192 
-5.5275 -11.7276 36.5566 5.18879 -9.43749 37.2512 0.482531 -11.9608 36.528 
-2.72047 -12.6688 36.527 -10.5846 0.531751 35.9201 10.8905 1.28123 35.2882 
1.96432 -11.2704 36.2031 -9.66451 -6.2279 36.3759 -10.7472 -2.70008 36.3202 
9.38185 -6.1121 36.2478 9.33491 3.90341 35.8778 -6.34427 5.41629 35.3409 
0.536024 8.20869 35.6286 1.95888 8.19466 34.4828 -6.6732 -10.8387 35.8796 
-9.12978 -7.34713 35.3197 10.2963 2.59041 35.201 -7.6089 4.34656 34.3577 
-7.61173 -9.76228 36.1084 4.43036 -9.88766 36.0854 11.268 -0.272984 35.4159 
10.5533 -4.30036 35.4714 7.8003 5.62139 34.5851 -9.9726 1.79487 35.044 
7.90497 -7.51651 35.7204 -5.11703 6.18612 34.9424 -1.7039 -12.6823 35.7299 
-10.4804 0.737302 34.8157 -10.7709 -2.12888 34.9735 -10.7744 -0.477173 35.5166 
-9.89984 -5.77844 34.957 0.193534 8.16073 33.8702 -3.99794 -12.4488 34.8604 
11.2411 -2.11982 35.1804 -8.24519 -8.85922 34.9992 0.654255 -11.9523 35.0642 
-5.83173 -11.5107 34.8523 6.06458 6.91883 34.1573 6.66917 -8.45087 35.1308 
5.31137 -9.34622 35.2761 -0.549048 -12.4019 35.4276 -10.3471 -4.68095 33.7071 
3.4911 7.97853 34.3978 3.49074 -10.4502 34.7734 11.2079 0.532802 33.886 
11.4319 -0.855926 33.9714 -6.21913 5.35209 33.5589 -0.953521 7.98213 33.6302 
-2.58379 -12.7667 35.148 -10.6275 -3.38109 33.8416 9.85969 3.40304 34.3362 
4.58491 7.67326 33.3825 -2.17585 7.54365 33.5066 -4.25665 6.50483 32.9564 
-10.0322 1.55361 33.5205 -10.7399 -0.572535 33.843 -10.7476 -2.02939 32.7441 
9.05868 4.44685 33.9447 9.80671 -5.55805 34.3533 1.37613 8.21292 32.3674 
-1.62646 -12.6985 34.2503 3.10481 8.08442 32.7349 -7.52308 4.30968 32.4923 
-7.15361 -10.2852 33.8988 10.563 2.22046 33.7302 -10.5574 0.453368 33.4597 
-8.63767 -8.32331 32.9781 6.03764 -8.85478 33.6282 7.00266 6.4156 32.7393 
8.62873 -6.76141 33.6603 -8.93843 3.00384 32.6593 10.4094 -4.64006 33.1685 
-0.672244 7.95704 31.9821 -9.46811 -6.84372 33.6916 8.32114 5.30808 32.1505 
-2.74439 -12.7788 34.3747 -5.50321 -11.7475 32.8992 -9.98737 -5.80048 33.0663 
9.68708 3.7217 32.7802 7.25492 -7.98082 34.0875 11.0464 -3.28745 33.6845 
-0.100382 -12.2894 33.7813 -2.67551 -12.751 33.2343 1.49974 -11.5797 33.5289 
9.68129 -5.68929 33.2621 -2.59499 7.28005 31.7753 -6.24161 5.11628 30.8257 
-3.90865 -12.5501 32.6449 -8.24504 3.60309 30.6895 -10.5574 -3.85579 32.0248 
5.7383 7.23805 32.0726 4.57402 -9.81891 33.1693 -6.66076 -10.8992 32.164 
-10.5866 -0.0431275 31.794 -10.3074 -4.98644 32.5381 11.3978 -0.243401 32.349 
4.30664 7.85271 31.444 3.02261 -10.7789 32.2305 -9.52328 -6.85208 32.1382 
0.392929 -12.1333 32.445 11.0069 1.35753 32.2682 11.3889 -1.8708 32.8731 
-0.952921 -12.5456 32.1653 -9.99282 1.60364 31.6346 -7.6457 -9.84215 31.1298 
-3.88574 6.55326 30.4028 10.3759 2.72171 32.0138 6.87052 6.61577 30.9687 
-9.06045 -7.7879 31.3225 5.34719 7.52844 30.0626 -10.1459 -5.44974 31.3746 
0.889778 8.2329 30.8202 -10.7681 -2.15158 30.1914 9.61169 -5.6157 31.9076 
2.71586 8.20376 30.5303 9.5592 4.00696 30.3923 11.0149 -3.27345 31.7166 
5.52355 -9.18937 31.8772 -2.73693 -12.7797 31.0895 10.4652 -4.49315 31.7974 
6.99737 -8.10547 32.5153 11.226 0.783381 30.6589 4.24876 -10.0529 31.4625 
-4.52248 -12.3777 31.0234 -9.51383 2.32182 30.3663 -8.56854 -8.58816 31.3051 
4.12016 7.98216 30.1978 -10.3285 0.948703 29.85 -1.80798 7.54069 30.0732 
-6.16819 -11.3867 30.6321 10.7001 2.21464 30.7186 8.08461 -7.12251 31.3244 
11.4002 -1.21351 30.2534 4.98206 -9.57339 29.9617 -9.59426 -6.80603 30.3993 
-10.5373 -4.15617 29.8726 -0.168026 8.08969 30.0799 -10.1291 -5.59021 29.5632 
10.4154 -4.41344 30.3461 7.9299 5.84341 29.7932 6.53074 -8.42066 30.6945 
3.35135 -10.6414 30.1927 11.0155 1.65682 29.7424 6.62585 6.8947 29.2792 
1.20172 8.28512 29.3728 -1.06028 -12.647 30.0574 -8.7672 -8.33417 29.7942 
1.13128 -11.8277 30.4449 -5.16533 5.70506 28.7302 -8.98361 2.84322 29.003 
-9.8722 1.70599 28.3191 -10.7261 -0.450636 29.3938 10.5704 2.62003 29.0278 
9.11349 -6.03435 29.7127 3.95252 8.04421 29.0058 -7.67013 3.91725 28.5354 
11.2458 0.899328 28.435 -0.37161 8.00995 28.315 -2.93317 6.96198 27.9302 
11.1153 -2.95168 29.8023 2.55517 8.30452 28.7314 -3.69276 -12.7553 29.6052 
4.03322 -10.2622 28.7165 -6.42795 4.88148 28.8502 -10.546 0.250335 27.7879 
-10.4232 -4.78476 27.9202 9.77425 3.94633 28.3508 8.69655 5.21478 28.1947 
-7.07155 -10.655 29.6582 -7.78082 -9.87771 28.5761 -9.61762 -6.83805 28.1465 
7.50896 -7.58059 29.3935 10.791 -3.73914 28.4171 7.26301 6.52384 27.9199 
10.0678 -4.90993 28.7704 5.509 7.52536 27.882 1.52129 8.31556 28.0251 
6.18616 -8.68145 29.0784 -6.49829 -11.2407 28.3272 -2.34258 -12.8866 28.8523 
-5.01841 -12.2387 29.1365 2.80774 -11.0523 28.4477 -4.77216 5.87078 26.9892 
-10.8431 -1.51044 27.5846 -10.7657 -3.20356 28.1367 11.3335 -2.26024 28.113 
-8.73421 -8.56164 27.6787 3.19957 8.18995 26.9858 -0.446669 -12.5817 27.8053 
9.39932 -5.72821 28.0144 -1.26533 7.7868 27.1182 -9.02853 2.56291 27.056 
10.3872 3.0869 27.3955 9.43493 4.43717 26.6524 6.73853 -8.22075 27.4848 
0.896858 8.26841 26.8789 5.14844 -9.47796 27.725 -6.32912 4.82289 27.143 
-3.8263 -12.734 27.8657 3.84468 -10.4341 27.2836 -2.08391 7.40978 26.2178 
-0.312122 8.12165 27.0722 -10.723 -3.79542 27.1604 10.1539 -4.77515 26.9336 
10.8627 2.18766 27.9588 11.5048 -0.849821 27.9177 6.59384 7.07497 26.4689 
-3.68818 6.46916 25.3428 -10.0711 1.06309 25.9922 1.5581 -11.7968 27.3877 
-2.34035 -12.9125 26.6876 8.26849 -6.87303 27.7955 -5.26284 -12.1255 27.3352 
8.0079 6.006 26.0755 -7.79344 3.57899 25.975 -10.6946 -0.575612 25.8854 
5.25862 7.72983 25.7719 -0.448472 8.02156 25.8812 -7.28511 -10.5633 27.2377 
-10.8081 -3.07866 26.1136 -10.1127 -5.85354 25.9527 9.02135 -6.1289 26.3473 
-10.6141 -4.30543 26.3951 10.9645 1.95736 26.8766 1.72943 8.2971 24.9715 
11.5043 -0.136436 26.7749 -8.03146 -9.70693 26.3544 11.3438 0.854477 26.5238 
10.9956 -3.33383 26.1603 -6.56352 4.49326 25.077 -5.41436 5.36891 25.5799 
-6.54769 -11.2241 25.8563 -9.13401 -8.05925 25.5514 11.4981 -1.6313 25.9457 
9.14599 4.87701 24.4821 5.5873 -9.12892 25.3096 0.638941 -12.3093 25.9585 
11.1121 1.48553 25.4816 2.83546 -11.1116 26.7942 -1.809 7.48789 24.5682 
-0.815959 -12.8085 25.3538 -10.8703 -1.70858 25.8829 -10.7405 -3.83074 26.022 
-9.12749 2.12054 24.5409 6.75022 7.0379 24.8332 -10.4154 0.0121387 24.2616 
10.3769 3.0169 25.3891 11.442 -0.00369528 25.0293 3.83031 8.14581 24.8547 
-10.6393 -4.22192 25.4887 7.51913 -7.5445 25.3223 -2.38993 -12.9595 24.6645 
-4.24794 -12.5432 25.561 3.53093 -10.6695 25.9431 2.24269 -11.4721 25.0548 
-7.57761 3.49247 23.3949 7.99898 6.16342 24.0642 4.47505 -9.9956 26.1548 
-10.4813 -4.84051 25.8504 10.475 -4.35753 25.3718 -9.98471 1.04267 24.3674 
-10.6873 -3.62734 24.2804 -10.4134 -5.07614 25.3418 8.69106 -6.50892 24.629 
-7.77654 -10.1545 24.8442 -9.72261 -6.95899 24.9978 -0.104204 8.10012 24.0569 
-10.7335 -1.84105 24.1439 -10.2573 -5.56563 24.9243 11.5383 -1.64999 24.0716 
9.73302 -5.36425 24.793 5.40151 7.68698 23.7404 -10.4335 -4.92143 24.2102 
-5.40844 5.18555 23.1316 -9.9668 -6.36161 23.9598 11.0168 1.54008 23.6068 
1.29003 8.3276 23.1795 -8.40819 -9.35629 24.9934 -9.13805 -8.25853 24.0401 
-9.50389 -7.52944 24.3208 -1.21703 7.72028 22.9394 11.3536 -2.6818 24.696 
3.99286 -10.3238 24.5583 11.5573 -2.09854 24.7452 8.66541 5.58396 23.4374 
3.35769 8.18693 22.7951 -2.94221 6.79508 22.6456 10.7163 -3.95344 23.3051 
-5.64796 -11.9433 23.6059 7.95641 -7.21286 22.8358 -8.35724 -9.44363 23.3708 
-6.84296 3.93779 21.2927 -3.57384 -12.8629 22.9265 -7.1185 -10.8469 23.9152 
-10.4512 -0.659566 22.6736 9.02264 -6.22298 23.4803 0.0526845 8.13406 22.4904 
11.371 -2.60871 23.6774 8.28934 5.97295 22.6679 7.08406 6.84847 22.9475 
4.8416 -9.68289 23.3986 3.00945 -10.9865 23.3137 -9.8915 0.777198 22.8259 
-9.33464 -7.89847 22.8613 -10.3029 -5.12251 22.0424 10.1544 3.43731 23.2499 
11.5272 -2.30217 24.2908 -10.5543 -4.29809 23.2576 3.92591 -10.3527 22.938 
0.545914 -12.3644 24.2916 11.4415 -0.396711 22.8475 -8.91842 2.03784 22.2777 
-9.82735 -6.76874 22.0368 9.66831 -5.51029 22.9391 1.47194 8.32128 21.3237 
-10.6236 -3.35737 22.5627 9.20815 4.93482 22.5957 1.55788 -11.8374 22.4408 
-9.55002 1.03436 21.4198 10.7426 2.38736 22.0305 6.06711 -8.71738 22.472 
-0.995519 -12.8698 22.6857 -8.03167 2.86632 21.3829 -10.5769 -1.9061 21.9174 
8.7088 5.57386 21.8629 5.92307 7.40436 21.2006 11.2582 0.91069 21.3424 
8.0441 6.11402 21.1731 -2.6249 -13.2583 21.035 -6.90464 -11.0941 22.1543 
-10.132 -0.512236 20.5236 10.0945 3.66773 21.5497 4.45221 -9.9321 21.8658 
11.3701 -2.21671 22.016 8.9174 -6.37379 21.9641 -0.969985 7.69809 20.6631 
-4.19645 5.92534 20.7955 -5.6412 4.86205 20.6545 3.70442 8.2341 20.0257 
-3.87902 -13.023 21.3503 -5.24118 -12.3511 21.3521 9.24351 4.91639 21.0948 
3.19794 -10.8258 21.7839 -2.83722 6.79781 20.7621 11.0732 -3.42794 21.5202 
8.1683 -7.08219 21.091 7.1548 -7.88321 20.7857 -8.82852 -8.85694 21.4144 
-9.44158 -7.70928 20.8098 -9.96469 -6.39116 20.4728 0.900321 8.36726 19.9146 
-7.69176 2.99517 19.7608 -8.95358 1.58836 20.1931 -10.4909 -3.19816 20.0126 
11.4959 -0.677613 21.0778 -2.9859 6.64471 18.8046 -7.96581 -10.0555 20.8417 
10.728 -4.2045 20.6298 9.77605 -5.45147 20.9944 3.75627 -10.4025 20.5586 
-6.55764 3.99876 19.3385 -4.13447 -12.9752 19.8812 -6.77191 -11.3301 20.0847 
10.7805 2.40781 20.5634 11.2318 -3.07626 20.1107 2.04914 8.51183 19.7484 
0.348836 -12.5751 20.2104 10.0786 3.7566 19.9868 5.98592 -8.74895 20.0804 
-10.2666 -5.21463 19.9362 0.513565 8.26411 18.4142 -1.17685 -13.2396 20.2961 
7.78768 6.34624 18.9127 5.87342 7.60138 18.626 -2.05421 -13.4279 19.9882 
-10.4702 -1.74927 19.2673 11.4789 0.067595 19.6929 9.11433 5.07 19.5767 
4.86534 -9.58055 20.3384 11.5093 -1.44115 19.4985 11.2181 1.32162 19.6994 
8.79865 -6.52405 20.4427 -5.05223 5.15755 18.589 -2.80393 -13.356 19.6064 
2.63253 8.5303 18.0098 2.4593 -11.284 19.884 -5.65814 -12.2213 19.4459 
10.7915 2.46334 18.9731 -10.3097 -1.08032 18.6153 -9.64869 0.219033 18.3241 
1.52214 8.5273 19.091 -8.81017 -8.84573 19.3153 7.96132 -7.24748 19.5798 
-10.2639 -5.02818 18.0571 -10.0863 -5.99397 19.2901 -0.482698 -13.1191 19.6489 
-9.6972 -7.0352 18.8366 11.3626 0.899333 18.0133 11.5514 -0.319073 18.5338 
-7.32935 3.20946 18.5206 10.273 -4.99401 18.9998 4.46542 8.24624 18.0381 
-6.80699 -11.2978 17.971 -7.79974 -10.2761 18.9862 10.0499 3.86692 18.3869 
-1.25601 7.60768 18.2614 -0.910032 -13.2705 19.3477 -1.81084 -13.3033 18.683 
-8.30072 2.03385 17.843 11.3557 -2.79284 18.1185 10.9774 -3.93914 18.8927 
9.08412 -6.25451 18.7733 5.74366 7.87566 16.5285 -3.94113 5.98243 17.0888 
9.17473 5.07673 18.0531 6.73887 -8.17223 18.8947 3.86832 -10.2807 19.2122 
-6.70224 3.61098 17.1231 5.10613 -9.34039 18.1688 -0.343079 -12.9726 18.5424 
-10.5212 -2.30104 18.2176 -10.5277 -3.43592 18.1541 11.583 -0.640831 16.9081 
10.7925 2.54355 17.3657 7.37212 6.87636 16.8055 1.35098 8.50939 16.2336 
-3.09112 6.61338 17.2133 1.28879 -12.0419 17.8755 -3.59789 -13.0765 18.1218 
7.75083 -7.38538 17.8152 -10.208 -1.26323 17.0968 8.67961 5.71706 16.939 
-5.23091 -12.4576 18.0255 4.18917 8.42623 16.6999 -0.493543 7.96826 16.4504 
3.25136 -10.6744 17.402 -9.23352 -8.07086 17.6114 -8.38173 -9.40646 16.9695 
-2.157 7.17756 16.8877 -5.1381 4.96221 16.1376 9.98073 -5.37562 17.2196 
3.09286 8.62028 15.3804 -4.05539 5.87698 15.6121 -10.4379 -3.17688 16.6052 
-9.80101 -6.72737 16.5208 11.267 1.48942 16.8164 9.91116 4.1527 16.5703 
10.7903 -4.37811 17.6394 -3.1033 6.59602 16.0169 6.46 -8.33216 17.2838 
4.4168 -9.78832 16.796 -1.10019 -13.0579 17.0783 11.4219 -2.61965 16.3407 
11.137 -3.75438 17.9398 11.4894 0.802881 17.0117 11.5375 0.441447 17.1722 
11.1739 -3.61467 17.1491 0.0613246 -12.6818 16.8869 11.5451 0.599235 17.0261 
8.80914 -6.51323 16.651 -9.42051 0.223276 15.9682 -9.22244 -8.06378 16.5888 
-10.2529 -5.12218 15.5076 5.34816 -9.06099 15.7651 -6.37037 3.67078 14.2034 
-2.79925 -12.9779 16.1864 -8.01655 2.0146 15.1205 11.5545 0.42665 16.8633 
10.9266 2.36315 15.5982 8.33137 6.18228 16.0005 11.4699 0.799348 16.1663 
9.08682 5.3678 15.3915 -10.1651 -1.67568 15.2296 6.88288 7.32374 15.6553 
-1.76682 7.42338 14.5678 -6.18093 -11.832 16.5738 -7.26953 -10.7977 16.0461 
10.808 -4.20145 15.7181 9.74245 -5.6308 15.6513 4.79573 8.30395 15.3106 
1.09624 -12.0581 15.9443 2.11738 -11.4744 16.5342 -9.2355 -7.87408 15.3892 
7.32677 -7.66343 16.0005 1.80153 8.66735 14.7447 -4.86462 -12.5167 16.3065 
2.17501 8.70853 13.0787 0.465536 8.38608 14.3663 -9.08481 0.563045 14.1797 
7.90483 6.55873 14.9192 10.0539 -5.30311 14.0716 4.00886 -10.0453 16.0088 
11.6251 0.114852 15.4655 11.6372 -1.64486 15.5287 -10.0696 -6.06268 15.595 
-9.94593 -6.27821 14.8675 -3.35792 6.40401 14.6551 10.1037 4.00176 14.4754 
2.83889 -10.8618 15.1409 -4.55948 5.40066 13.9904 -10.3188 -3.43958 14.4157 
11.7045 -0.643372 14.2594 6.27694 7.66406 14.3237 11.4995 -2.51756 14.5847 
-0.712537 -12.7031 15.2285 -10.2739 -4.72095 13.9541 8.66597 -6.61145 14.5844 
-6.41046 -11.5218 14.7883 -8.16473 -9.49068 14.1913 11.448 1.02063 14.5688 
4.40733 8.40848 13.5049 -5.38178 4.58275 12.8258 -9.75197 -0.599986 14.2721 
4.20295 -9.80698 15.1021 -0.480614 8.17112 13.0384 -1.60818 7.64256 12.2926 
-3.08509 6.61733 12.9927 -7.52565 2.42811 13.7359 6.74945 -8.03947 14.0348 
9.10197 5.40907 13.5874 5.27084 -9.05727 14.109 -8.31672 1.35049 12.8467 
-10.0102 -1.92366 13.3584 4.54636 -9.54879 14.5567 0.937265 -12.0055 14.3846 
-7.25218 2.59352 12.7486 -10.0223 -4.04376 12.1782 -10.2173 -5.42867 14.4148 
10.9349 2.54742 13.4122 7.78637 6.69294 12.7262 4.27952 -9.68824 14.7946 
4.22296 -9.72326 14.8403 -4.69278 -12.4491 14.4155 4.05851 -9.88179 14.6696 
4.22218 -9.71145 14.7754 -9.36949 -0.288958 12.8706 -9.47589 -7.04167 13.4038 
11.0876 -3.81366 13.0372 0.660062 8.58051 12.7309 -6.20747 3.62207 11.6923 
-10.0592 -5.53917 13.501 11.7237 -1.95398 12.5691 9.33434 -6.07552 13.2809 
3.92804 -10.0372 13.4931 -5.98243 -11.8822 13.3683 -7.0285 -10.9762 12.977 
11.5187 1.04014 12.6325 -2.74949 -12.7464 13.7423 10.1155 4.13755 12.4563 
1.87856 -11.417 13.1093 -0.466125 -12.4403 12.8369 5.97601 7.88663 11.5834 
4.64761 -9.4868 13.9433 9.09927 5.53746 11.6593 4.83074 -9.36927 13.5779 
10.0682 -5.37843 12.0181 3.7764 8.63251 11.3925 -4.28319 5.5791 11.2225 
-7.68772 1.83488 11.2061 5.46075 -8.94939 12.7326 -6.2749 -11.646 12.4332 
-9.90538 -5.63447 12.454 8.16093 -7.00037 12.3433 -4.8866 -12.263 12.4314 
-8.71768 0.365795 11.3324 11.8463 -0.347974 11.8736 1.15738 8.71879 11.982 
4.13299 -9.92688 11.8278 -7.90466 -9.75302 12.189 -9.56449 -1.56061 11.5258 
1.7711 8.74899 10.8539 -0.00788661 8.38757 11.5387 -8.85589 -8.05519 12.0585 
-2.59478 7.03728 11.1919 -8.31111 1.1877 11.7639 -9.62386 -6.21799 11.6349 
6.79086 -8.00758 12.6863 2.85282 -10.8191 11.9774 -2.70499 -12.7221 11.7141 
10.9398 2.76314 10.8855 9.96699 4.50754 10.8117 -1.36142 7.81526 10.6655 
-9.93345 -5.26005 11.7993 3.22428 8.83259 9.82648 -6.66942 -11.013 11.0391 
11.5759 -2.9251 10.7777 7.90727 6.75427 10.3422 11.658 0.964871 10.9185 
6.64007 -8.11336 11.6025 -8.25891 -8.87102 10.752 11.9146 -1.35459 10.8734 
4.76617 8.53498 9.66694 11.0225 -4.26711 11.3763 9.07588 -6.30959 10.7064 
-5.58493 4.18783 9.30616 -9.58204 -2.73639 10.2556 11.9126 -0.0994421 10.0893 
9.224 5.51814 10.0838 -6.71658 2.87275 10.0923 -9.85171 -5.12758 11.1601 
1.10375 -11.8246 11.1104 6.43618 7.86817 9.22307 5.1925 -9.1511 10.5144 
-2.26924 7.27934 8.83495 -9.64493 -4.57296 9.94887 3.13796 -10.6118 10.4936 
-0.991005 -12.632 10.9925 0.00292546 8.35542 9.66189 -4.44158 -12.3792 10.5276 
-9.64043 -5.62185 10.5667 10.0495 4.4447 9.00282 10.6962 -4.84576 10.9216 
-8.20216 0.812014 9.90271 -9.21042 -6.74299 10.3753 7.37941 -7.56942 9.71888 
-4.16926 5.74436 8.69792 10.9857 -4.32216 9.99338 1.94132 8.81384 8.82774 
-2.41191 -12.8103 9.96581 -7.39599 1.88739 9.33373 8.73937 6.10819 8.63694 
-6.57837 2.91058 8.79934 10.9962 2.90373 8.7501 10.1489 -5.3881 10.1855 
-8.90555 -0.812704 9.49542 -9.54938 -5.59144 10.0643 -7.73965 -9.49921 9.32016 
7.61543 7.18072 8.59118 11.6018 1.40135 9.21996 3.62736 8.83326 8.51798 
-9.19618 -2.85267 8.40741 -8.64736 -7.82706 9.59226 -9.46124 -5.61783 9.67196 
11.9186 -1.44241 9.11132 5.19135 8.46247 7.57875 0.147904 8.50601 7.47561 
-3.53512 6.49339 7.03628 -4.81638 5.1324 6.97255 -0.408434 -12.4917 9.50901 
-3.80625 -12.6229 8.75343 -7.00612 2.20821 7.71433 -9.4574 -5.2354 9.25623 
-9.14398 -6.23346 9.08256 11.4487 -3.24336 8.42545 3.76461 -10.1467 8.54152 
-6.80792 -10.8727 9.4262 9.11796 -6.26138 9.19504 1.64646 -11.5392 9.11509 
5.59465 -8.83098 8.73361 -1.86876 -12.8286 8.31056 -5.67095 -11.7637 9.21235 
-9.31369 -4.79642 8.59415 7.92516 6.93829 7.17975 11.9313 0.0530685 8.66869 
10.2037 -5.17844 8.16461 6.81007 7.77061 7.72353 2.79466 8.88993 6.77553 
-7.94209 0.808334 8.26803 -8.54272 -7.67858 8.5069 11.883 -1.96268 7.84246 
-1.46485 8.02989 6.9222 -6.04322 3.54609 7.42154 11.8092 0.835009 7.83896 
11.4158 2.06161 7.516 10.6417 3.57989 7.1706 -8.39977 -0.641174 7.0274 
9.37712 5.38195 6.74021 -7.90466 -8.95092 7.78442 -6.75284 -10.6387 7.93805 
11.9576 -0.642095 7.17822 -0.6167 8.50187 5.9288 -4.99035 -11.9832 7.29825 
-9.0266 -4.26684 7.22949 -8.94119 -6.00603 7.87711 -8.48239 -7.40886 7.3169 
-2.47659 7.43976 6.69882 11.7515 1.00571 6.67709 6.66349 7.8394 6.22313 
-8.79683 -2.50164 6.47512 8.30843 -6.8765 7.16184 6.43643 -8.21835 7.47212 
-6.49318 2.83092 6.21379 -3.0613 -12.7197 6.98121 2.071 -11.2794 7.47659 
0.112929 -12.3185 7.63145 11.7307 -2.51729 6.66153 4.97715 -9.25555 7.41516 
-3.99994 6.1206 5.97409 -7.33818 1.44488 6.18941 0.90776 8.91723 5.46719 
-1.71275 8.00153 5.72198 -5.52727 4.19336 5.40697 4.93846 8.61215 5.08133 
-8.71378 -5.83641 6.52774 2.70221 9.13683 4.53278 -2.92235 7.10573 5.02517 
-7.42637 -9.51643 6.50995 -4.35916 5.71079 4.88057 -1.45067 -12.8021 6.89892 
-8.07176 -8.43004 6.79981 10.9659 -4.217 6.38478 -7.70067 0.460189 5.04863 
-8.32378 -1.20386 5.2638 -8.59732 -2.41115 5.29566 -8.33218 -7.37852 6.16372 
11.2935 2.26951 5.48033 6.81552 7.75412 4.59946 10.3552 4.06231 5.56568 
3.50923 -10.3062 6.04418 -6.34081 2.88987 4.32066 -6.16847 -10.8059 5.58394 
8.09405 6.75873 5.37556 5.38438 -8.96927 6.21469 -4.06533 -12.1341 4.96686 
11.8768 0.247453 5.37194 11.9321 -1.55083 5.25924 9.70701 -5.77669 5.73094 
-0.668953 8.50774 4.08826 -8.67 -3.93381 5.43557 -7.9092 -8.50348 5.91925 
9.47374 5.28457 4.38361 11.4699 -3.35184 4.78856 1.21371 -11.7501 5.99805 
-0.418494 -12.5074 6.02728 -7.3767 -9.02786 4.67392 -8.39363 -6.1224 4.94388 
-7.12379 1.60698 4.71423 -8.05592 -7.73233 5.18488 6.70836 -8.06681 5.52688 
1.20829 9.14838 3.97636 -1.91475 -12.6589 5.38976 -4.79683 5.11772 2.68414 
5.13868 -9.2051 4.48918 -7.73363 -0.1639 3.68377 11.7197 0.988165 3.52144 
10.6773 3.54369 4.07708 -8.25146 -2.1933 3.7734 10.5884 -4.94434 4.41851 
8.20759 -7.08631 4.27775 1.95091 -11.3094 4.57008 -3.6324 6.51562 3.34562 
-7.99097 -7.3482 4.06745 6.14962 8.1705 3.11202 4.05893 9.02474 2.78242 
8.07141 6.76522 3.30022 -8.33716 -4.49283 3.50392 11.8359 -2.25736 3.37009 
10.0847 4.47981 2.72406 2.237 9.29448 3.00547 -6.96077 1.59958 3.28812 
11.0636 -4.31894 2.41901 3.35522 -10.4753 3.41458 -0.0441983 -12.2009 4.07173 
11.9904 -0.689541 3.99379 -2.2926 7.64253 2.59825 -5.90693 3.38462 1.86047 
6.6572 -8.20121 3.43796 9.58147 -6.08938 3.88735 11.2888 2.37185 3.88488 
9.25267 5.60382 2.97853 0.907312 9.12279 2.67961 -4.08377 -11.9546 2.78119 
-2.3169 -12.4286 3.1611 -6.55427 -10.1774 4.09414 -7.62139 -7.99055 3.09702 
-8.20704 -6.12588 3.54916 11.1216 2.65179 2.40297 -0.442329 8.67819 1.32486 
5.16055 -9.33525 2.09086 -5.59105 -10.9667 3.25435 10.2464 -5.51505 3.11457 
-3.42742 6.74722 1.75083 11.9866 -0.793033 2.23572 7.25639 7.47341 1.16812 
-7.219 0.738997 2.23105 -7.67733 -0.588672 2.26021 -8.04782 -5.82717 2.28572 
8.92618 -6.68641 2.97173 1.61479 -11.5038 3.10333 -7.94815 -1.90251 1.87323 
-8.18578 -3.17178 2.43403 -6.86842 -9.32351 2.76908 5.55708 8.59047 1.65314 
2.26113 9.2239 0.87633 -8.13211 -4.32077 1.95239 9.14235 5.67976 1.5142 
-6.54223 2.06022 1.14971 -7.98167 -6.88492 3.01193 9.60697 -6.18383 2.69392 
4.39191 9.04569 0.963402 10.4245 3.98189 0.979724 3.69583 -10.3624 1.63573 
-2.27953 7.7485 0.24866 -0.917564 -12.3812 2.44408 11.7891 0.895204 1.1004 
8.17917 -7.21887 2.55928 7.54951 -7.62078 2.88569 -7.79495 -7.11186 2.28008 
11.8308 -2.57836 1.23471 -7.09479 0.582202 0.667635 -6.14301 -10.0175 1.46719 
0.403636 -11.9957 1.60308 -4.86732 -11.1953 0.955545 12.083 -0.904488 -0.0577462 
2.34153 -11.1596 1.6226 10.1004 -5.70698 2.00432 7.25889 -7.93946 1.26945 
-4.98559 4.83437 0.147091 -7.92865 -3.16852 0.856692 8.70501 6.19781 -0.689849 
-3.85117 6.32242 0.160686 -7.5943 -0.808167 1.05579 -7.43491 -7.97595 2.01095 
9.05155 -6.64916 1.41566 -1.66656 -12.2916 0.84479 -3.3292 -12.1091 1.428 
-7.83192 -5.18771 0.614777 11.3025 2.34898 0.47049 -7.72119 -1.70556 0.543757 
-6.99505 -8.42898 0.874042 10.2823 -5.58812 0.295217 -1.03284 8.56948 -0.282068 
-7.64463 -6.88009 1.28435 9.80774 4.92832 0.0745572 11.3987 -4.09183 -0.137181 
5.7477 8.52984 -0.00815446 0.239323 8.97979 -0.922115 3.25903 -10.7392 0.232673 
4.16605 9.10595 -0.799507 -5.77135 3.47902 -0.17523 10.7294 3.54496 -0.214128 
10.3355 4.2286 -0.125697 -6.31606 2.22282 -0.879035 9.40865 -6.46643 -0.0185001 
5.71776 -9.17292 -0.378965 -7.34477 -0.593993 -0.295058 -6.87525 0.717841 -0.990343 
-7.41909 -6.85549 -0.105552 11.686 1.47932 0.409733 -3.07953 7.15512 -1.7851 
-7.53747 -2.24524 -1.0101 7.11532 7.65769 -0.93692 8.57197 -7.13709 -0.367144 
4.40558 -9.9839 0.566531 5.72708 8.5346 -2.47802 2.43711 9.30795 -2.35771 
-1.49364 8.32144 -1.70917 -6.07812 -9.61574 -0.494736 11.9567 -2.73586 -0.658264 
-4.32795 5.78074 -1.65021 -3.44395 -11.8122 -0.666294 11.7687 1.26698 -0.354146 
11.9946 0.337749 0.0391694 11.1562 2.73903 -1.03249 -5.74232 3.44629 -1.44498 
-7.49148 -5.64052 -1.28895 12.0576 0.209926 -0.60787 4.1798 9.15874 -2.19887 
-0.18278 -12.1038 -0.514152 -6.94014 -8.08622 -0.624449 10.1706 4.43793 -1.34318 
1.7129 -11.5254 -0.530687 -5.22183 4.41182 -1.56668 -4.91513 -10.8491 -1.12103 
-7.70069 -3.99955 -0.653957 12.1461 -0.21468 -1.50777 -5.72064 3.29825 -2.96226 
9.62495 -6.36948 -1.28596 7.36352 -8.10926 -1.38029 4.30721 -10.1976 -0.907334 
11.994 0.67683 -1.25801 11.7809 -3.71848 -1.90322 -7.20075 -7.1062 -1.40238 
3.17881 -10.9053 -1.21804 -1.61835 -12.1504 -1.57868 -6.5035 1.46102 -2.26891 
-6.63174 -8.39662 -1.93959 12.214 -2.00036 -2.51557 -0.184265 8.91596 -3.425 
-3.90234 6.30942 -3.47789 9.2334 5.72358 -2.53926 11.7279 1.56244 -2.01399 
-4.8213 5.04122 -2.91103 7.89573 7.06469 -2.91106 -7.03673 -0.356302 -2.27009 
-7.38144 -4.07854 -2.57057 -7.27735 -6.51611 -2.01541 10.9277 -5.12493 -2.25391 
12.0438 0.578232 -1.88706 12.1393 0.255975 -2.84698 10.9923 3.23051 -2.72675 
-2.36882 7.7849 -3.89244 -5.4978 -9.80609 -3.00103 -7.13252 -6.17552 -2.96064 
8.70058 -7.17596 -1.93191 4.17515 9.16897 -3.43405 6.31107 -8.9097 -1.81298 
-6.98562 -7.35428 -2.44961 10.1072 4.69635 -3.49579 4.01107 -10.5081 -2.32244 
-4.22685 -11.23 -2.3367 0.38538 -11.9359 -2.90059 -7.25594 -2.19081 -2.98173 
9.12096 5.96252 -4.27601 9.64274 -6.47813 -3.13554 3.05288 9.41811 -4.91475 
5.4086 -9.60648 -2.41392 1.38777 9.38764 -4.38893 2.67594 -11.1964 -2.66925 
6.88413 7.90088 -4.46515 -6.47968 1.09925 -4.28833 -6.7138 -8.0892 -2.72862 
-2.92544 -11.863 -2.76471 -6.41952 -8.59678 -2.84351 11.747 2.03251 -4.06663 
-6.97391 -1.12508 -4.3385 6.85232 -8.6562 -2.91708 12.4387 -0.870169 -3.78594 
11.9898 -3.50004 -2.82724 11.6992 -4.23675 -2.92395 5.16752 8.82093 -5.50318 
-4.84822 4.93538 -4.58641 8.23249 -7.65695 -3.16033 -1.52021 -12.1074 -3.32923 
-6.48975 -7.97235 -3.6718 12.2966 0.56541 -4.30106 8.13393 6.9819 -5.11543 
4.53544 -10.2971 -4.45841 12.4778 -1.7597 -3.69427 0.0474034 9.15117 -5.52549 
-1.3483 8.56497 -5.11977 -3.83685 -11.2397 -3.9918 -7.06184 -3.45112 -4.97309 
12.3914 -2.36922 -4.06191 -3.70342 6.59203 -5.67699 11.9501 -3.59215 -3.84879 
11.4636 -4.64174 -3.56765 12.5252 -1.65946 -4.45769 -6.74718 -0.317398 -5.82743 
-7.04206 -5.29162 -4.34787 12.1744 1.42012 -4.79018 12.5219 -0.661555 -5.02629 
10.8926 3.65257 -4.41245 9.14456 -7.06681 -4.76785 -2.44914 7.88798 -5.74178 
10.9725 -5.166 -5.04326 1.53144 9.48104 -5.82073 2.23689 -11.4527 -4.64995 
-2.35208 -11.9052 -4.45047 10.092 4.88155 -5.63053 9.04566 6.13341 -5.8779 
-6.77662 -6.68321 -4.44459 6.2345 -9.20795 -3.99666 -5.59157 -9.18432 -5.01764 
-5.72531 3.13448 -5.52661 -4.45568 -10.4805 -5.38596 7.61726 -8.27132 -4.45361 
2.5437 9.51764 -6.87204 -6.91998 -1.87303 -6.02311 3.75636 9.37475 -6.29358 
12.0538 1.86593 -5.45787 11.4118 3.10246 -6.14379 0.702608 -11.9386 -5.06166 
-0.77394 -12.0809 -4.74265 -1.47297 8.52887 -6.87848 -6.83185 -5.33428 -5.85144 
12.3958 0.79034 -5.47388 8.39431 -7.83489 -6.03078 -2.9235 7.52305 -6.98789 
-4.92514 4.81225 -6.76602 -6.19431 -7.74773 -5.84079 12.3388 -2.55343 -5.76858 
-2.98074 -11.4953 -5.74425 -6.7271 -6.30338 -5.37547 7.14178 7.73218 -6.3837 
3.31917 -11.0205 -6.58827 -6.33315 1.21592 -7.02126 3.9755 9.28503 -8.01044 
6.72851 -8.99449 -5.66562 -6.79112 -3.57413 -7.51713 9.74261 -6.71648 -6.53647 
8.35439 6.80756 -6.66189 6.00875 8.3895 -8.24202 0.547924 9.28967 -7.49277 
-3.93342 6.40472 -8.10254 -1.63099 -11.9462 -5.81587 -6.84212 -4.56704 -6.47263 
12.2874 1.45736 -6.97593 -0.0562265 -11.9314 -6.6557 -5.70624 3.15897 -7.56113 
-6.71987 -1.12572 -7.72087 12.6125 -0.459305 -6.48953 11.8825 -4.11029 -7.32417 
1.64984 -11.6872 -6.28507 -6.54512 -6.53496 -6.36535 2.14668 9.52204 -8.82665 
-4.94533 -9.54881 -7.03247 9.28671 5.86618 -7.52678 11.867 2.6123 -7.25046 
5.51267 -9.84015 -7.52903 10.5573 4.4373 -7.55755 -5.14408 4.41331 -9.17347 
-6.49132 -6.0312 -7.63675 -1.80867 -11.7156 -7.23398 11.4878 3.26214 -7.94162 
8.97004 -7.47384 -7.12895 -3.40504 -10.9739 -7.26104 -5.78153 -8.22071 -7.56876 
7.87465 -8.27495 -7.66503 -2.54949 7.86504 -8.49873 -6.27034 -7.2227 -7.06759 
12.7772 -0.339863 -8.22604 0.285382 9.2511 -9.83148 12.7416 -1.69011 -7.55699 
-1.09672 8.75331 -8.69709 12.07 2.29767 -8.09524 9.94638 5.18516 -8.89175 
12.5071 -2.94484 -7.98315 7.83128 7.1777 -8.2007 -6.14562 -7.36439 -7.83323 
-6.47389 0.263273 -8.99409 -6.56496 -5.0493 -8.76564 10.8662 4.11383 -9.20719 
10.9455 -5.52474 -7.81417 -6.01784 2.10718 -9.41918 12.518 1.15396 -8.94427 
3.24365 9.49203 -9.66587 -3.31947 7.23412 -9.62601 -0.460835 -11.775 -8.75542 
-6.71866 -2.5395 -9.063 9.61006 -6.93717 -8.39239 3.83886 -10.7931 -8.36401 
-4.22561 6.13019 -10.1607 12.0933 -4.02583 -9.86646 4.53671 9.11991 -10.7009 
4.80493 -10.2966 -9.19578 1.83053 -11.5191 -8.52243 -5.8387 -7.88097 -8.58399 
-4.9574 4.84491 -11.6516 -6.17643 -7.15483 -8.22635 6.96329 7.78537 -10.5347 
2.18472 9.56085 -11.0558 -5.6156 3.33103 -10.8029 8.80437 6.30387 -9.622 
11.8575 2.66591 -9.60704 6.91896 -8.91662 -9.71152 -2.20402 -11.4047 -8.89049 
-6.10151 -7.09646 -8.80003 12.8441 -2.08519 -9.28509 10.7961 -5.80719 -9.63677 
-5.04915 -9.06205 -8.9042 -6.26256 -6.22923 -9.41988 -3.75515 -10.4345 -8.98861 
-6.59933 -4.11796 -9.64953 -1.92684 8.37056 -10.785 -6.62153 -1.20431 -9.81187 
-5.57594 -7.85449 -10.0708 11.0732 3.85066 -10.9098 8.595 -7.74597 -9.59233 
5.68115 -9.77044 -9.24246 -6.48056 -5.23105 -9.57386 -6.59928 -2.68391 -10.6495 
9.95669 5.15273 -10.4992 -3.40424 7.2175 -10.832 0.0997071 9.34149 -12.0394 
-5.99273 2.03386 -11.4255 -6.35328 0.301541 -11.0502 12.5824 1.15184 -10.8282 
12.9622 -0.525091 -10.1981 3.43713 -10.9356 -10.3655 -3.05582 7.64889 -11.9533 
0.523553 -11.6862 -10.8026 12.8351 -2.78551 -10.3891 8.48967 6.57002 -11.9202 
9.81203 -6.76126 -10.5717 5.31439 -9.92204 -10.9769 -2.55376 -11.071 -10.6017 
-3.97269 6.54786 -11.9795 -6.34872 -5.4223 -10.3978 13.0469 -1.96813 -10.6775 
5.74818 8.69451 -12.3277 2.00179 -11.4842 -10.5151 -1.16785 -11.6255 -10.2666 
-4.16276 -9.71893 -11.0532 -6.03771 -6.58198 -10.5939 -6.39874 -4.23706 -11.5215 
3.3461 9.60884 -12.7183 -6.52885 -1.4023 -11.3731 8.46705 -7.76141 -11.9285 
10.2299 4.83963 -12.5163 6.95945 7.89013 -12.4854 12.9902 -0.0747744 -11.7329 
-1.21948 9.00364 -12.807 11.0495 -5.52156 -11.5518 -5.60342 3.225 -12.4833 
-6.11431 -5.89314 -11.5326 11.9021 2.61026 -11.7166 -2.29069 8.39101 -12.8993 
-5.73653 -7.16104 -11.502 11.2489 3.64366 -12.2292 4.57613 9.31323 -12.7426 
6.69759 -8.99687 -11.6659 -4.4358 5.7675 -14.1898 13.0923 -1.36164 -11.8231 
-6.45594 -2.50579 -12.3822 12.8077 -2.76603 -11.6173 12.0973 -4.06609 -12.9587 
-5.17183 4.3619 -13.1822 2.04681 -11.3945 -12.3951 -3.22982 7.49948 -13.5452 
-1.18192 -11.4973 -12.1359 -6.37132 -0.833395 -12.8408 12.6439 1.05947 -13.0986 
-5.15516 -8.31259 -11.655 7.26205 7.63717 -14.0474 5.81648 -9.54815 -12.6095 
-2.74584 -10.8556 -12.1469 -6.06912 1.20186 -13.3781 6.19818 8.46602 -13.4495 
1.69963 9.69657 -13.2997 -0.0939016 9.46483 -14.1724 -6.11747 -5.20459 -12.8111 
11.5185 3.22964 -14.0261 13.0525 -0.56558 -12.8934 9.93494 -6.62804 -12.4959 
3.94078 -10.6316 -12.884 0.405284 -11.652 -12.8835 -5.48832 -7.38805 -12.8687 
-5.88075 -6.44518 -12.3508 -6.27582 -2.13627 -14.6165 8.93703 6.18713 -13.6704 
-4.64678 -8.88992 -12.8775 3.06958 9.66414 -14.2099 5.15649 9.06222 -13.7911 
6.89626 -8.78427 -13.4309 5.04855 -10.0352 -12.71 -1.52184 8.96629 -13.9619 
-6.31382 -3.66639 -13.1188 -5.82918 -6.3332 -13.1315 4.11158 9.48636 -13.8837 
-3.53501 -10.1541 -13.1994 -6.26696 -0.419141 -14.0395 11.0395 -5.54408 -13.7162 
-2.31757 8.43685 -14.3834 -2.15209 -11.0637 -13.7598 -5.07308 -7.96035 -13.9659 
5.84556 8.63115 -14.4222 -6.14736 -4.24758 -14.177 12.413 1.78941 -14.5686 
12.8921 -1.95815 -13.8281 9.36732 -7.11341 -12.6968 9.22218 -7.19372 -13.1599 
-5.95186 -5.52734 -13.8742 -5.68611 -6.82109 -13.2654 13.0066 -0.317623 -14.0934 
9.99398 5.14125 -14.5959 9.59645 -6.92865 -13.053 9.8394 -6.64053 -14.0174 
9.42958 -7.07066 -12.9533 4.53122 9.12796 -15.6374 1.84618 9.68959 -15.1378 
-5.47608 3.48253 -14.6138 -5.72555 -6.50514 -13.7983 12.8172 0.714851 -15.3134 
6.12885 8.40342 -15.0352 8.44493 -7.65957 -14.4085 -5.62591 -6.96463 -13.431 
-1.34053 9.04277 -15.3578 -2.85873 7.86791 -16.1369 -4.22124 -9.1067 -14.7374 
5.14108 -9.88747 -14.4466 -6.17281 0.0690093 -15.1835 8.51391 6.59817 -15.319 
-5.94421 1.68806 -15.2632 11.7588 -4.6779 -14.5941 -5.52169 -7.05073 -13.9644 
0.21575 9.61415 -16.1244 -0.549433 -11.5084 -14.3386 10.7703 4.33927 -15.7348 
-5.64362 -6.73111 -14.0054 -5.75892 -5.99848 -14.6315 12.2741 2.13416 -16.0114 
1.13798 -11.5238 -14.5332 -5.03905 4.887 -16.0454 -4.33436 6.22802 -16.8604 
-5.2846 -7.01858 -15.584 -5.61547 -6.65211 -14.3655 12.2939 -3.54869 -15.2896 
-5.97659 -5.01781 -14.7923 -5.77526 2.59458 -16.3534 -3.02059 -10.4028 -14.7981 
6.89495 7.90132 -15.964 2.73472 -11.1276 -14.5538 -6.04438 -4.10784 -15.8044 
11.3532 -5.22642 -14.9102 6.79984 -8.75618 -15.6369 3.82907 -10.6567 -14.6237 
-5.48069 3.78803 -16.283 8.09695 7.00576 -17.2224 12.9966 -0.728287 -15.4274 
11.5733 -4.75651 -15.8758 10.753 -5.75134 -15.2894 -1.07148 9.21165 -17.1347 
-1.70137 -11.0222 -15.9863 -5.80487 -5.45531 -15.4836 9.6953 5.51877 -16.4505 
9.60203 -6.67107 -15.9622 1.96388 9.69814 -16.9593 11.5149 3.40761 -16.1738 
-3.25987 -9.91863 -16.4788 12.8508 -0.0430841 -17.4841 12.7602 -1.95619 -16.4007 
3.60658 9.4476 -17.8294 -5.36229 4.32279 -17.3257 6.49382 8.20108 -17.1749 
-6.04449 0.950238 -16.7651 0.372263 9.70294 -17.6434 6.90568 8.00839 -16.6177 
4.9555 9.01474 -17.295 -6.17702 -0.967893 -16.8779 -6.14339 -2.68963 -16.8503 
12.7148 1.12115 -16.6548 7.08192 7.86778 -16.7024 3.52309 -10.6669 -16.3268 
10.8413 4.30353 -17.5268 6.99875 7.96984 -16.6531 6.90396 8.02235 -16.751 
8.16536 -7.73792 -16.7479 -3.65955 7.30456 -19.0411 -4.97929 5.28063 -17.4054 
0.242408 -11.4037 -16.5292 -5.65202 3.30626 -17.3177 -4.35644 -8.62904 -16.5479 
7.49107 7.55275 -18.4245 1.91117 -11.2863 -16.0758 -5.74565 -5.34517 -16.606 
9.67023 5.59716 -18.3316 -1.96745 8.74089 -18.7309 11.8211 2.95816 -17.6461 
6.81908 -8.66921 -17.5482 5.34213 -9.63398 -17.1009 1.51546 9.72128 -19.1885 
-5.90618 -4.17217 -17.9741 10.7557 -5.48513 -17.09 -5.88953 2.06478 -17.9838 
12.4654 1.65312 -17.8208 5.19359 8.90636 -18.6288 -0.911885 -11.1975 -17.5027 
-2.06412 -10.5749 -18.5129 -4.76037 5.78983 -18.7163 -5.25381 4.7598 -18.4369 
6.60739 8.17301 -18.7456 -0.442484 9.5031 -18.6628 -6.07678 0.0988158 -18.8651 
12.0147 -3.63633 -17.8566 9.43323 -6.65569 -18.1608 3.61556 9.46986 -19.3648 
-5.4347 -6.11976 -18.1178 12.7259 -1.71079 -18.3731 -5.64303 3.44698 -18.8102 
8.59315 6.62493 -19.4595 -6.0751 -2.20443 -18.8325 11.9964 2.56929 -19.3285 
7.80565 -7.91758 -18.7067 -3.86856 -8.9895 -18.4951 1.88094 -11.0891 -17.9675 
-4.82363 -7.68598 -17.6098 11.3784 3.62643 -18.9185 -0.080534 -11.1673 -18.9216 
-5.35269 4.61076 -20.1757 10.6328 4.58579 -19.345 12.5377 -2.31798 -19.9425 
9.83572 5.47105 -19.8668 4.73098 9.09614 -20.2204 3.80156 -10.3422 -18.9103 
-0.718611 9.41743 -20.5542 7.38723 7.62939 -19.5885 6.22497 8.35688 -20.0683 
-5.68503 -5.04817 -19.439 12.5298 1.13967 -19.6823 10.7454 -5.32223 -19.295 
-5.94576 1.78151 -19.8262 3.09799 9.57226 -21.1633 -2.61602 8.45113 -20.8609 
-5.87438 -3.84253 -19.9537 12.7817 -0.578432 -20.0623 -4.83453 -7.42697 -19.3716 
-6.07253 -1.23407 -20.3133 12.0214 2.32612 -21.083 9.79198 -6.30912 -19.4936 
1.03248 9.78954 -21.366 -3.90577 7.37202 -21.4999 -5.80095 2.95579 -20.7385 
10.445 4.79779 -20.6227 -4.67884 6.15285 -20.6691 5.9577 -9.1512 -19.4205 
-6.03835 0.280945 -21.3624 11.822 -3.85246 -20.393 8.88101 -7.06667 -19.8551 
7.69709 7.29928 -21.3021 5.45358 8.70759 -22.1042 -3.05651 -9.68374 -20.6069 
-5.9741 1.80259 -21.143 -5.97337 -2.6351 -20.8167 9.53252 5.72164 -21.3661 
-2.08545 -10.5711 -20.1571 11.2804 3.68824 -20.5388 -4.2168 -8.35208 -20.4952 
-1.27426 -10.9271 -20.042 -5.35708 -6.1039 -20.129 12.7277 -1.4477 -21.1813 
10.6389 4.50978 -21.7038 1.79367 -10.9115 -20.5962 7.47357 -8.11767 -20.5193 
-5.62593 -4.99475 -20.8412 9.91165 -6.15643 -20.7402 -1.77304 9.10146 -22.292 
12.3448 -2.63371 -21.6699 -0.266674 9.66244 -22.7439 -5.26707 5.12702 -22.0896 
-6.01096 -1.57177 -21.6337 -4.90168 -7.04028 -21.3882 10.9623 -5.05984 -21.3392 
1.82093 9.84066 -23.2244 -5.66084 3.8018 -21.8091 -5.36085 -5.871 -21.4758 
3.67703 9.50957 -22.8886 -0.258624 -11.0424 -21.0973 -5.76927 -3.93691 -21.616 
-4.65692 6.47267 -22.5457 12.4325 0.876665 -22.0781 -3.16656 8.19473 -23.0426 
8.68937 -7.17752 -21.6585 -4.10258 7.33047 -22.8401 6.16182 -9.00408 -21.3549 
4.20527 -10.0759 -21.7264 12.7491 -0.564385 -21.5092 11.4044 3.37722 -22.3403 
10.2236 4.92487 -23.3433 12.0144 2.25732 -22.1901 4.66082 9.20733 -23.6524 
-5.86663 -2.80771 -22.4481 7.25587 -8.27296 -22.3115 -5.13033 5.58137 -23.8421 
-1.79949 -10.5676 -21.5155 -5.92295 2.25085 -22.5569 -5.52634 -5.03347 -22.233 
8.82821 6.36441 -22.9383 11.6694 -4.02932 -22.1832 -4.07618 -8.27177 -22.6741 
12.5489 -1.11774 -22.6262 0.627287 -11.003 -22.6769 -2.87842 -9.72122 -22.4878 
-5.96535 -1.21182 -23.2192 -5.22725 -6.03408 -22.6931 7.40578 7.51085 -23.5066 
-6.02306 0.58937 -23.2628 10.1122 -5.89566 -22.913 3.43164 9.66728 -24.4464 
-0.816734 -10.8511 -22.7271 -5.62981 4.06108 -23.3083 -4.86417 -6.93556 -22.8712 
11.063 -4.92995 -22.4989 -4.27413 7.09204 -24.1966 -5.64688 -4.07173 -23.2569 
-1.67872 9.1817 -24.1846 12.4248 0.133179 -23.7656 12.0289 -2.92134 -23.5801 
5.91977 8.54696 -24.1931 11.9089 2.37443 -23.0618 2.22748 -10.8155 -22.6538 
5.84535 -9.23561 -23.0015 8.92615 6.28516 -24.9934 -3.15307 8.24711 -25.2769 
-5.44156 -5.06899 -23.3973 -5.07094 -6.38131 -23.4424 11.3093 3.4213 -24.0923 
-5.83869 3.07419 -24.442 -6.00727 0.216481 -25.0517 6.94088 -8.53185 -23.8686 
11.2278 -4.55925 -23.5046 4.79864 9.17918 -24.7608 8.37899 -7.42865 -23.8385 
4.63442 -9.96049 -23.8124 -1.97243 -10.2983 -23.4679 12.0559 1.74693 -24.48 
-5.99336 1.6207 -24.1423 -5.75209 -3.08853 -24.1123 -4.82686 -6.75966 -24.2116 
12.3351 -1.25034 -24.4821 -5.897 -1.74007 -24.7625 10.4843 4.62858 -25.6957 
0.142026 9.78655 -24.798 -5.50953 4.54847 -24.7885 1.3672 -10.9269 -24.0984 
-5.24451 -5.67256 -24.0436 7.23682 7.69135 -25.4201 -4.88867 6.04573 -25.8108 
-3.17239 -9.29652 -24.1537 -5.52879 -4.35283 -24.7182 12.3052 0.240679 -25.1932 
1.95862 9.93035 -25.286 3.05281 -10.6074 -24.1766 -4.11689 7.35748 -25.7339 
-4.17899 -7.87759 -25.1946 -5.94771 2.12185 -25.3749 -5.63084 -3.88343 -24.1799 
10.6604 -5.2336 -24.5982 4.19015 9.41786 -25.8764 -1.37852 9.33634 -26.8262 
11.448 3.14955 -25.5946 5.74418 8.6753 -25.772 9.67832 -6.27596 -25.1242 
5.80726 -9.33441 -25.3373 -0.555941 -10.6956 -24.789 -2.26651 -9.98372 -25.0178 
-5.61849 -3.83785 -24.5859 12.1861 1.21757 -25.6586 -5.63631 -3.68779 -24.9566 
-5.58297 -3.97737 -24.8789 3.06489 9.81231 -25.6663 4.19249 -10.2395 -25.1221 
-5.73436 -3.09214 -25.4926 -5.58809 -3.95094 -25.0165 -5.25871 -5.28765 -25.807 
11.4169 -4.02255 -25.0682 7.41224 -8.23109 -25.235 -3.75906 7.68691 -27.4608 
-5.9307 -1.3594 -26.1129 -5.59176 -3.90172 -24.9824 11.9828 -2.59903 -25.3174 
2.76746 9.77716 -27.229 1.5209 -10.8994 -26.1966 10.6409 -5.09363 -26.1951 
8.52174 -7.36387 -26.0618 0.750532 9.90679 -26.5265 -4.79411 -6.67274 -25.4703 
-5.6184 -3.79531 -25.1476 12.1591 -1.2833 -26.3766 6.78077 8.04283 -26.877 
-5.65616 3.89738 -26.2664 -5.6544 -3.61192 -25.2608 -5.62 -3.82921 -25.2362 
11.9172 1.98511 -26.6113 -3.20632 -9.12137 -25.9598 3.18291 -10.6579 -25.8419 
-5.6708 -3.54681 -25.3681 -5.66671 -3.58638 -25.4246 -5.62641 -3.83244 -25.5619 
-5.55282 -4.2105 -25.7828 5.32734 8.87879 -27.6228 -5.98312 1.85095 -27.0093 
-5.78831 -2.52921 -27.0997 8.27493 6.9411 -27.1369 -5.61202 -3.93838 -25.8971 
9.54485 5.7848 -26.7681 -5.61404 -3.84409 -26.3626 -5.53793 -4.28421 -26.0916 
12.2157 0.502461 -26.602 -6.02473 0.052019 -26.8558 -5.58706 -4.07677 -26.0677 
11.2149 3.53329 -27.3086 -2.03262 -9.98283 -26.5652 -5.57662 -4.12462 -26.2508 
-5.94538 -1.08603 -27.7848 -5.51064 -4.372 -26.3261 10.3157 4.93046 -27.8495 
7.42261 -8.30829 -27.3685 0.447685 10.0233 -28.6025 -5.11729 5.73451 -28.042 
-1.01758 9.7266 -28.6505 4.25673 -10.2556 -26.7381 -3.97535 -7.99558 -27.1394 
-5.44049 -4.50139 -27.1175 11.5446 -3.38843 -26.9187 -4.71465 -6.67233 -26.6167 
9.63227 -6.29162 -27.0653 2.93515 -10.7714 -27.1619 -6.03786 0.568999 -28.7208 
12.1181 0.899389 -28.0134 -5.78841 3.72395 -28.2714 7.03833 7.89829 -28.487 
12.1869 -0.576328 -28.0958 -5.13923 -5.42408 -27.5793 11.7696 2.12454 -29.1034 
-2.28471 9.04454 -29.0303 -0.487461 -10.6 -27.3877 9.37904 6.00186 -28.1797 
10.6433 -4.96651 -28.0986 -5.54733 -3.69642 -28.3704 4.23956 9.39385 -29.3405 
-6.02278 2.28993 -28.8609 8.52537 6.79166 -29.1974 2.23619 9.99287 -29.2978 
-4.53095 7.00657 -28.8511 11.9664 -2.09137 -28.0437 5.52576 8.84894 -28.9506 
-3.07224 -9.09683 -27.4867 8.58532 -7.36351 -27.8535 5.71643 -9.51478 -28.0672 
-3.86912 7.81603 -29.8217 6.09337 8.53951 -28.7897 3.71507 -10.4914 -29.1469 
-5.56092 4.90034 -29.503 -5.36927 -4.59728 -28.1196 0.857036 -10.9306 -28.1582 
-3.58042 -8.22837 -29.0428 -5.76579 -2.3077 -28.696 -0.712821 9.93781 -30.1745 
-4.58444 -6.6605 -28.3196 11.0054 3.89482 -29.3417 11.4872 -3.42808 -29.0084 
0.866085 10.25 -30.6076 9.86864 5.47688 -29.9843 0.196773 10.2047 -29.7612 
6.32245 8.37224 -30.2753 8.07928 -7.84886 -28.2297 2.0982 -10.945 -27.9802 
-4.96107 6.34978 -29.9679 12.1362 -0.000138726 -29.9619 7.01229 -8.72303 -28.892 
-2.06737 -9.72269 -28.5559 -5.91081 3.46202 -30.0655 -5.17805 -4.91967 -29.2447 
2.86159 9.95564 -31.0043 -6.06158 1.74514 -30.5191 -0.20131 -10.5262 -29.9402 
-5.8759 -1.17651 -29.6692 9.57985 -6.33998 -28.8842 8.19834 -7.7694 -29.4925 
12.0258 -1.83196 -29.7261 7.55402 7.57085 -29.6367 8.96843 6.44188 -30.3367 
10.6385 -4.9659 -30.1979 -0.13692 10.2577 -31.3083 -5.44214 -3.93164 -29.478 
11.5157 2.88517 -30.8258 -2.59613 8.94543 -31.1728 1.64995 -10.9019 -29.2355 
-5.48416 -3.30821 -30.7279 4.56193 9.37191 -31.4404 8.09535 7.16354 -30.6316 
-4.48395 -6.62877 -30.0392 -5.53627 4.99065 -31.1923 -5.99542 0.0990996 -30.8616 
6.39656 -9.23314 -29.7446 5.34013 -9.83571 -29.4221 7.24663 -8.63565 -29.8342 
-2.46157 -9.21468 -30.7701 10.9121 4.10819 -31.2975 9.09045 6.30992 -31.539 
-3.75368 -7.83992 -30.7888 11.9615 1.1451 -32.079 9.53932 -6.43325 -30.3735 
-4.49507 7.17326 -32.3277 5.46115 -9.81448 -30.7568 11.6057 -3.21789 -30.8068 
-1.00607 9.94693 -32.3444 -5.79913 -1.31688 -31.5185 0.32609 10.3356 -32.1238 
12.1274 -1.43175 -31.0401 12.0016 -2.2351 -31.0548 7.42624 -8.52522 -30.4136 
7.26377 -8.6643 -30.1759 7.04937 -8.82622 -30.2439 10.1434 5.1884 -32.2835 
1.71311 10.2471 -32.8297 -5.99475 3.04861 -32.2222 -4.96589 -5.30894 -30.9998 
8.97358 -7.0887 -31.3002 3.5721 9.82064 -32.825 4.6498 9.4097 -32.8395 
5.75509 8.77409 -32.685 6.78646 -9.02025 -30.9989 1.97511 -10.8273 -30.9162 
-4.37444 -6.70987 -31.6542 7.74534 7.41313 -32.8257 -5.13765 -4.64881 -31.9369 
12.1259 -0.712199 -31.8647 -2.78811 9.00567 -33.2711 0.579331 -10.7281 -32.0477 
-5.60863 -2.20236 -32.7773 -5.27459 -3.9831 -32.4886 11.0646 -4.31611 -32.0924 
7.83826 -8.17749 -31.6512 -5.91904 -0.373472 -32.3368 10.0186 -5.88244 -31.8108 
4.00773 -10.4943 -32.0899 -5.66136 4.90499 -33.1236 -3.41016 -8.15207 -32.3745 
-6.04273 0.975873 -32.6531 11.8253 -2.51365 -32.5876 11.5056 2.94246 -32.5598 
-3.95623 8.28929 -33.9648 -1.17402 -10.06 -32.3616 9.29957 6.0863 -33.1969 
-4.81714 -5.64761 -32.2401 6.32735 -9.35359 -33.1119 -2.43173 -9.25627 -32.2846 
-5.78637 -1.16995 -32.8156 10.9255 4.10729 -33.0308 -4.98551 -4.96702 -33.126 
0.21321 10.2683 -33.4972 1.23612 10.1911 -35.2957 8.98394 -7.09903 -33.0422 
-3.02685 9.0762 -35.0169 -5.32164 6.21311 -34.2752 11.8129 2.01071 -33.9287 
11.2689 -3.96415 -33.3325 -4.36452 -6.50554 -33.3937 -5.46645 -2.83386 -33.4923 
-5.42275 -3.21509 -32.6907 11.3455 3.26884 -34.3895 10.2734 4.92916 -34.7638 
-4.69165 7.49405 -34.22 -5.27407 -3.71984 -33.8533 4.77429 9.31229 -34.5653 
7.83186 -8.2264 -33.0743 2.13203 -10.8611 -33.0043 6.4576 8.36322 -34.3264 
2.95656 9.98259 -34.4538 12.0505 -0.887026 -33.6773 10.4436 -5.30626 -33.693 
-1.13534 9.88775 -34.7222 -6.06068 3.44969 -34.1853 -5.86197 -0.555178 -33.8704 
11.325 -3.69603 -34.937 -2.3685 -9.17658 -33.6623 8.88892 6.46375 -34.5986 
3.48115 -10.7967 -33.8133 -4.13832 8.24948 -35.0739 -6.11919 2.09075 -33.8999 
11.9984 0.560939 -34.8652 -6.05019 0.93399 -34.895 -5.70929 -1.51172 -33.5249 
-5.58276 -2.14584 -34.5407 -5.85289 4.77687 -34.6288 11.8752 -2.19142 -34.3714 
6.22906 8.52639 -36.1654 7.94448 -8.14548 -34.4502 4.66517 -10.4071 -33.8585 
0.237808 -10.5318 -34.005 -5.55332 5.6923 -35.9095 -3.52536 -7.87306 -34.0651 
-4.80302 7.29537 -35.6407 -1.21268 -10.0092 -33.8399 -6.13773 2.43762 -35.4869 
2.32248 -10.8032 -35.1493 -3.50661 8.68061 -36.663 -6.02137 3.98207 -35.7559 
9.37686 -6.72917 -35.2316 -4.12342 -6.76932 -35.4867 -4.85201 -5.13554 -34.7202 
7.69711 7.48941 -35.3778 -2.01068 9.62329 -36.3549 11.7566 2.06537 -35.7877 
10.46 -5.35524 -35.3907 3.51921 9.73988 -36.669 6.71326 -9.1616 -35.7559 
11.2341 3.43648 -36.3494 5.07983 9.16951 -36.5324 -2.96189 -8.43293 -35.3871 
11.8537 -1.62533 -36.215 5.20854 -10.1112 -35.3114 -5.85323 -0.533018 -36.1761 
10.5759 4.42442 -37.5064 9.09965 6.21871 -36.8139 -0.247719 10.0908 -36.9608 
3.95366 -10.6712 -34.9855 -1.39149 -9.71955 -35.3479 10.7435 -4.89066 -36.748 
-4.69665 7.20756 -37.9211 -6.08609 3.19041 -36.9582 -5.2713 -3.58959 -35.7235 
7.4795 7.66752 -37.4471 -5.59198 -2.12786 -36.6539 11.3434 -3.54605 -37.1128 
-4.82693 -5.07357 -36.5994 1.66685 10.1381 -37.5657 -6.06455 1.52895 -37.133 
11.9193 0.640753 -37.3878 10.0409 -5.99665 -36.4297 5.72745 8.7645 -38.5834 
-5.76691 4.84968 -37.4186 -3.49205 -7.69418 -36.9504 8.11139 -8.03296 -36.4884 
-1.78849 9.67741 -38.217 0.427925 -10.4413 -36.2897 -5.76365 -1.22673 -37.6507 
3.73304 -10.5603 -36.8378 0.63958 10.1364 -39.2143 -3.25822 8.89485 -38.4252 
5.47839 -9.8925 -37.3577 -1.15198 -9.69609 -37.4661 11.2603 3.35144 -37.9177 
-2.41233 -8.88688 -36.7617 11.6246 2.38273 -37.7279 9.2583 -6.90278 -37.2141 
-4.30009 -6.36831 -37.176 -5.33915 -3.24178 -37.799 -5.93156 0.0191758 -38.2538 
3.06996 9.85512 -39.3262 -6.00377 3.48338 -38.9829 6.9266 -8.98754 -37.851 
1.96108 -10.6876 -37.1334 -5.62812 -2.01001 -37.8451 10.1036 -5.85004 -37.6762 
-5.71525 -1.49689 -39.1819 9.81887 5.36299 -39.1111 11.5799 -2.67736 -38.5687 
8.23458 -7.88476 -38.4902 -5.51505 5.67595 -39.095 11.8794 -1.0112 -38.4989 
8.43574 6.89539 -38.8032 10.7679 -4.5925 -38.9788 7.34521 7.80039 -38.7457 
-2.69324 -8.4413 -38.6109 -3.91671 -6.93845 -38.1999 -4.70167 -5.24403 -38.5684 
11.2121 3.00856 -40.0498 -1.30017 9.86025 -40.3464 -2.48109 9.45968 -39.2736 
-3.31837 8.82251 -40.0063 11.7512 1.64183 -38.7281 -4.79552 7.23472 -40.3583 
-6.05786 1.50291 -39.0227 4.65396 9.32628 -40.747 5.77267 -9.674 -39.2416 
0.588358 -10.3517 -38.6212 2.59138 -10.5973 -38.7727 11.8139 0.483168 -39.5659 
9.47972 -6.51535 -39.0566 1.95888 10.1587 -40.4091 8.94226 6.38298 -40.5473 
4.24912 -10.3104 -39.1897 7.48992 7.66261 -39.9845 -5.713 5.37089 -40.9007 
-5.34087 -3.22118 -39.8987 10.1128 5.00384 -40.849 -1.13054 -9.64725 -39.1273 
-6.10561 2.15776 -40.4588 7.07632 -8.79378 -39.8134 -6.07769 3.62726 -40.8978 
-3.90987 -6.78764 -39.6632 -5.98649 0.39547 -40.2023 11.6859 -1.71743 -40.4348 
6.2795 8.47299 -41.1607 0.892593 10.2091 -41.2306 11.3714 -3.23173 -39.8495 
-2.34359 9.54985 -41.6622 -4.71752 -5.08248 -40.631 -5.65892 -1.94048 -40.3818 
-3.78867 8.58543 -41.9844 -1.85161 -9.1699 -40.1304 8.42838 -7.5743 -40.544 
2.93829 9.93613 -41.6381 -5.06779 7.07909 -42.3061 -5.84371 -0.919263 -41.3109 
-2.95007 -8.12206 -40.5697 9.49355 5.77957 -42.5698 1.76559 -10.4852 -40.7209 
-0.207987 -10.0399 -40.7941 3.13311 -10.5099 -40.1077 -6.16074 2.71517 -41.9584 
-6.00182 0.255573 -41.4159 7.86182 7.3325 -41.8091 9.88673 -5.77555 -41.4127 
-0.660154 10.1339 -42.5678 -5.59749 -2.28621 -41.162 10.6397 4.3142 -41.8778 
5.79184 -9.5388 -40.9619 4.94555 -10.0266 -40.2816 -6.09506 1.24131 -41.6187 
11.0954 -3.65604 -41.1966 4.98389 9.14345 -42.7492 -5.28111 -3.49535 -41.6525 
11.7612 0.402681 -41.9296 -3.8856 -6.73725 -41.4835 3.86695 -10.2722 -41.6989 
-6.06573 4.30362 -42.2087 6.71196 8.17101 -42.7807 1.38908 10.2366 -42.9655 
-5.77098 5.70736 -42.5557 -1.82572 -9.12987 -41.5876 -5.66713 -2.06282 -42.6589 
11.2075 3.34155 -42.4635 3.13104 9.84178 -43.7537 7.18701 -8.59028 -41.7763 
-2.52559 9.55299 -43.2923 0.815348 -10.4102 -41.2541 -6.03146 0.320422 -42.4239 
11.5633 -1.98711 -42.982 -4.23196 8.34064 -44.2102 -4.69602 -5.079 -42.6976 
8.55795 -7.35015 -42.6583 -2.92106 -8.0752 -42.0712 -6.16278 1.68736 -43.091 
11.5876 2.15862 -42.5349 2.44933 -10.4941 -42.1788 -6.19803 3.29849 -43.4034 
-5.92132 -0.678781 -42.9834 -5.32439 -3.44641 -43.0835 10.664 4.32908 -43.3618 
10.7853 -4.20516 -43.2535 -1.21616 10.157 -44.4348 -0.573937 -9.85508 -42.6789 
0.229741 10.3494 -43.9053 1.01328 -10.3781 -42.2148 -6.03307 4.88426 -43.5684 
7.97391 7.19773 -43.5685 5.77093 -9.40468 -42.8896 -5.50573 6.47179 -43.8451 
9.71526 -5.96954 -44.0393 6.33623 8.3393 -44.3954 1.39737 10.2021 -44.6479 
-1.92839 -8.93609 -43.4055 -5.13634 -4.08698 -44.5901 11.3534 2.85513 -44.3688 
10.0263 5.24641 -44.0947 7.34931 -8.38451 -43.7084 11.7894 1.19862 -43.6793 
11.8428 -0.181953 -43.9001 -6.20207 3.96408 -44.5023 -3.54367 -7.10159 -43.5008 
9.13345 6.18325 -44.2524 -0.0120833 10.347 -44.9554 -2.76515 9.56897 -44.7685 
10.6315 4.39196 -44.678 3.1561 -10.4794 -42.5913 -6.24605 2.29089 -45.036 
-5.57258 -2.63507 -44.041 3.50317 -10.4501 -42.4442 -6.0857 0.44213 -43.95 
2.47523 -10.4162 -43.5129 0.595185 -10.1847 -44.2567 11.2927 -2.99818 -44.631 
8.54075 -7.3418 -44.3702 4.60308 9.26149 -44.5099 3.44574 -10.4034 -42.9115 
4.15865 -10.0371 -44.0972 -5.97801 5.31335 -44.9152 -5.8905 -1.1423 -44.5096 
8.10218 7.0543 -45.3869 -0.750928 -9.76359 -43.8743 11.7164 -1.22228 -45.2714 
-5.37621 6.90569 -45.5227 -4.45479 -5.63291 -44.294 9.76776 5.48859 -45.5031 
10.6352 -4.48465 -45.1285 -0.776225 10.2534 -45.461 -2.03427 9.84478 -46.0882 
5.29846 8.86112 -45.6244 3.25698 9.5972 -46.0018 6.10957 -9.13918 -44.9497 
11.7692 0.843304 -45.4939 9.11271 -6.65686 -45.8777 -6.13847 0.378139 -45.5258 
6.62792 8.10843 -45.9497 7.70102 -8.04775 -45.4835 0.232101 10.1008 -46.4649 
-2.49337 -8.33249 -45.1306 -6.21916 4.06371 -45.5786 -3.57314 9.13423 -45.7381 
-3.87024 -6.57016 -45.7692 -5.63436 -2.51697 -45.5301 10.8061 4.04401 -45.9611 
10.0047 -5.57459 -45.481 -4.57591 8.22356 -46.1046 -0.922432 -9.58375 -45.2271 
4.77954 -9.7452 -46.3607 -5.99581 5.35242 -46.5039 -4.65835 -5.2519 -45.1964 
5.74633 8.49827 -47.2767 11.3905 2.59081 -46.6036 11.813 -0.133469 -46.4488 
-5.32962 7.15171 -47.5734 -6.29899 3.44797 -46.9593 8.96463 6.33205 -46.8396 
2.49986 -10.269 -46.0894 -4.89472 -4.67817 -46.3489 -5.36246 -3.53106 -45.9232 
11.2314 -2.88049 -46.5046 3.87716 9.27679 -48.2614 7.65318 7.38881 -46.9984 
-6.01684 -0.866487 -46.9132 1.97903 9.82007 -47.7804 -3.79676 8.91926 -47.472 
-1.71752 -9.08053 -46.3904 -6.29947 1.34105 -47.1889 10.1071 5.07613 -47.1407 
0.555248 -10.1504 -46.1331 -6.17703 5.0378 -48.5707 -2.6822 -8.17099 -46.7326 
11.611 0.917401 -48.1559 11.6788 -1.00379 -46.9703 8.48052 6.7808 -47.704 
10.2182 -5.04039 -46.8796 -5.55478 -2.89123 -47.3955 -1.87498 9.76375 -48.3685 
9.24601 6.02715 -48.1629 8.10982 -7.65933 -46.88 -0.539848 -9.74992 -47.4989 
0.342248 9.94969 -48.8299 -4.29867 -5.85264 -47.5107 10.8851 3.87753 -47.3781 
6.66398 -8.76057 -46.973 -4.75773 8.23973 -49.2964 -1.84616 -8.97882 -47.4762 
-6.27382 0.359346 -48.3387 7.80367 7.21474 -48.7409 2.59497 9.56178 -49.776 
-3.42711 -7.20752 -47.7874 10.3395 4.62792 -48.898 1.12468 -10.264 -47.4988 
11.1742 3.03485 -48.2641 8.994 -6.68322 -47.9351 5.79509 8.41105 -49.4876 
-5.92151 -1.63969 -48.0565 11.4513 -1.62033 -48.6569 5.22241 -9.58004 -48.1027 
-6.42132 2.702 -48.9451 3.81449 -10.0958 -47.7052 10.876 -3.61688 -48.1923 
-2.52476 -8.32897 -48.021 -6.11137 -0.756189 -48.8905 -3.549 9.1963 -49.2786 
-6.38355 1.2944 -48.6393 4.24609 9.09463 -49.6802 -4.92785 -4.56116 -48.344 
9.25107 5.97123 -49.5544 -2.53128 9.5894 -50.6256 -5.74753 6.7816 -49.7148 
7.75428 -7.93087 -48.0218 2.36659 -10.2564 -48.8239 0.672378 -10.1582 -48.7418 
10.0265 -5.19713 -49.1504 0.721107 9.84371 -50.9421 -1.69066 -8.99823 -48.7792 
-6.35946 0.868453 -50.1243 -5.81948 -2.09966 -49.1499 11.0501 3.11218 -50.3386 
4.07244 -10.0144 -48.9087 -4.0587 -6.15412 -49.4219 6.62156 -8.74358 -48.7817 
-6.27272 5.47229 -50.3632 -6.45686 4.16306 -50.1552 -4.08088 8.91357 -50.8576 
-2.83568 -7.84575 -49.354 -5.4254 -3.36145 -49.1599 -5.19955 7.87964 -51.1341 
7.35521 7.55547 -50.193 11.5313 1.42687 -50.7544 4.93614 8.70042 -51.507 
-0.95294 9.89734 -50.1971 11.6279 -0.0400487 -50.1358 -4.95452 -4.49006 -50.3539 
8.52359 6.65971 -50.4969 9.12749 -6.50401 -49.2939 8.06504 -7.57512 -49.4355 
5.16299 -9.52379 -49.6454 -0.475391 -9.68683 -49.5874 9.89134 5.17566 -51.412 
6.68063 7.92643 -51.0037 2.61674 9.47629 -52.0949 -6.02724 -1.18344 -50.8963 
-5.57207 -2.90078 -50.6922 10.9528 -3.25323 -50.0073 -6.45997 4.6792 -51.9347 
3.68277 -9.99727 -50.0422 -5.9859 6.48232 -51.6198 11.4551 -1.43019 -51.0049 
8.62107 6.53906 -51.7669 7.7771 7.25908 -51.2337 9.10555 -6.43448 -50.7334 
0.871344 -10.0876 -50.0325 -6.52564 2.84551 -51.0648 -3.18092 9.32927 -52.7444 
-1.8003 -8.74401 -50.5916 10.7921 3.82468 -52.0349 6.55956 -8.67002 -50.3709 
11.2842 2.55499 -52.946 11.606 0.386147 -52.3379 -4.52588 8.61997 -52.311 
7.81806 -7.74373 -50.9372 -6.49538 1.62961 -52.0568 -6.30064 0.147522 -52.1964 
-0.860554 9.79283 -52.6109 10.2954 -4.65508 -51.2799 -3.25989 -7.24467 -51.399 
11.059 -2.89152 -52.1247 1.08684 9.76605 -52.6953 4.63661 -9.52851 -51.5229 
2.12821 -10.0295 -51.1501 -5.21761 -3.8877 -51.8507 -5.36145 7.67315 -53.2301 
-4.29742 -5.76616 -51.1663 -5.66724 -2.52505 -52.9051 -4.75626 -4.94933 -51.9064 
7.42135 7.36488 -52.6646 8.27073 -7.29446 -52.3736 -0.243691 -9.59171 -51.5627 
6.75583 -8.4718 -51.9469 2.31093 9.53005 -54.0382 4.24599 8.93573 -54.0454 
-6.21027 5.98114 -53.4859 10.5652 4.27736 -53.4764 11.493 -1.21936 -53.0695 
9.10421 6.05991 -52.9781 9.60196 -5.76051 -52.9673 10.5442 -4.1457 -53.0682 
-6.07326 -1.05104 -52.4702 -4.32284 8.75374 -53.6836 9.91723 5.24351 -53.1401 
0.789277 9.76064 -54.1331 -2.01188 -8.54852 -52.5678 -6.56416 4.54958 -53.701 
-6.60495 3.04334 -53.1247 5.97745 8.18086 -53.6732 -2.03881 9.62959 -54.3925 
-6.49099 1.32345 -53.6631 -5.82931 6.95033 -55.0885 -4.15331 -6.02199 -52.6702 
2.86302 -9.92812 -52.8195 -4.86536 -4.68098 -53.4871 -6.16558 -0.595751 -53.9655 
11.1245 -2.52057 -54.6225 8.53347 6.5215 -54.1768 5.59395 -9.08639 -53.4119 
-3.22223 -7.38821 -53.7579 7.3296 7.35648 -55.0158 4.19516 -9.68053 -52.9533 
-3.42445 9.2135 -54.8126 0.899507 -9.88357 -53.0472 7.30731 -8.08062 -53.3825 
-0.384414 9.74728 -55.4964 9.74967 5.34854 -54.721 10.2766 -4.64817 -54.6222 
11.6626 -0.0685081 -53.9358 -0.899274 -9.32835 -53.6017 8.60606 -6.92112 -54.6562 
-4.78547 8.30826 -55.2423 -6.47829 5.15718 -55.2021 -6.64682 2.55998 -54.6245 
-5.28544 -3.73724 -55.2895 11.5995 1.13391 -54.623 -5.809 -2.12989 -54.8208 
11.0726 3.34089 -54.818 5.77091 8.25417 -55.198 -6.6673 3.7567 -54.5322 
11.3837 2.4321 -55.1795 1.72329 9.58487 -55.9579 9.62064 -5.78584 -54.4931 
1.83997 -9.96555 -54.1305 -4.14136 -6.11263 -54.1901 11.5688 -0.910674 -54.4828 
3.63885 -9.75389 -54.3214 -2.14092 -8.56126 -54.186 10.6472 4.13625 -55.2974 
8.71198 6.3201 -55.5599 3.27043 9.25122 -55.4932 6.40683 7.8248 -56.8064 
6.94816 -8.30317 -54.9331 -2.27688 9.49135 -56.2192 11.6612 -0.0165922 -55.0612 
-6.52263 1.3276 -55.8523 4.63472 8.71609 -56.4302 -6.69578 3.47027 -55.7037 
-6.08959 -1.04117 -55.9571 0.638791 9.69636 -57.1958 -3.74654 8.9651 -56.3532 
-4.4728 -5.56847 -55.6783 11.5015 1.74443 -56.2129 11.1039 2.95184 -57.1277 
0.160412 -9.72096 -54.9863 -5.47749 7.56673 -56.1388 -6.05925 6.41784 -56.954 
11.523 -0.896296 -55.599 -1.42713 -9.08221 -55.0721 9.52846 5.47659 -56.9202 
-4.83516 8.09209 -57.032 -6.63983 4.69026 -56.5746 5.32109 -9.19929 -55.4012 
1.92733 -9.94443 -55.7086 -2.59635 -8.14331 -55.7449 -3.67152 -6.88306 -55.3132 
-5.69902 -2.56735 -56.1992 8.07775 6.73438 -57.0966 10.3617 4.49485 -56.3413 
9.73391 -5.52652 -55.9658 -1.06438 -9.25706 -56.7564 3.14086 9.22966 -56.924 
3.69243 -9.74142 -56.4016 -6.75435 3.38783 -57.1557 11.5831 0.34743 -56.4111 
1.89014 9.45916 -58.2518 -4.92892 -4.71318 -56.5762 10.4099 4.32349 -57.6971 
11.3083 -1.54778 -57.1751 7.83984 -7.61715 -56.434 5.34341 8.2871 -58.0929 
-0.849992 9.63399 -57.802 1.94826 -9.99502 -58.0761 10.6335 -3.77223 -56.852 
6.53296 -8.55128 -56.8545 0.526937 9.68296 -58.1926 -6.31706 -0.0836826 -57.5744 
-5.89261 -1.89531 -57.5519 -3.54992 -7.10306 -57.1453 -6.65207 4.91042 -57.6582 
5.12344 -9.30787 -57.092 -3.19753 8.9863 -58.1381 -4.50416 -5.62372 -57.8517 
-5.30859 -3.78841 -57.6234 9.91998 4.87564 -59.0876 8.92662 -6.51793 -57.2162 
3.83375 8.91098 -58.2409 11.4934 1.40231 -57.4197 0.536739 -9.83772 -56.6863 
-5.20223 7.488 -59.0027 8.96542 5.98335 -58.1981 -6.78455 4.08924 -58.9528 
-6.37105 5.82188 -58.5792 -6.66866 1.90775 -58.1252 8.23617 6.57163 -58.4464 
6.92796 7.34423 -58.9846 9.92903 -5.14944 -58.1047 4.01981 -9.70387 -58.3058 
-2.39808 -8.3868 -57.8579 11.4963 0.133485 -58.2843 0.235514 9.62204 -59.238 
11.4307 1.41284 -58.6813 -1.60789 9.45663 -59.6972 11.2904 -1.4355 -59.5256 
4.63108 8.43793 -59.8632 10.7569 3.56534 -59.0844 11.0016 -2.77614 -58.5327 
-5.73829 -2.53482 -59.3881 7.76058 -7.57372 -58.7837 1.58044 9.39662 -60.1876 
0.101379 -9.76039 -58.0388 -6.12638 -1.02526 -58.8399 11.2474 1.92933 -60.1977 
11.4432 0.266408 -60.0038 8.71249 6.07598 -59.7404 10.5651 -3.9523 -58.7973 
-1.10827 -9.28906 -58.8983 9.23083 -6.08566 -59.412 5.68564 -8.99789 -58.9111 
-6.47534 0.517033 -59.3332 -3.08471 -7.78804 -58.524 -4.93406 -4.87114 -59.0073 
3.01573 9.08578 -59.5349 -6.42472 5.89342 -60.3063 -6.8132 2.39038 -60.025 
-3.46664 8.78187 -60.4473 -2.48127 -8.38905 -60.0295 -3.65227 -7.0719 -59.0613 
-5.14825 7.5948 -61.374 10.6889 3.46575 -61.2824 -0.19124 9.53832 -60.8892 
-4.42407 -5.93805 -60.0274 -5.30888 -3.95395 -59.4239 5.96808 7.72419 -60.9297 
-1.90451 9.37059 -61.3399 10.0447 -4.82723 -60.1998 3.00705 -10.0463 -59.9973 
7.57598 6.82096 -61.1068 -6.62613 1.018 -61.101 10.8506 -3.08804 -60.0344 
4.39374 -9.64476 -59.6084 8.54346 -6.85135 -60.3003 -6.9878 4.24055 -60.9558 
-5.01894 -4.74404 -60.237 9.79574 4.9644 -60.9673 -6.17975 -0.885845 -60.5518 
2.97679 8.98114 -60.816 0.557582 -9.95078 -59.7851 -3.6037 -7.2629 -60.8377 
1.52165 9.25627 -62.0312 7.89439 -7.4709 -60.4446 1.90555 -10.1886 -59.8412 
-6.8987 5.38494 -61.2898 -6.96132 2.67521 -61.8833 -5.47554 -3.51413 -60.9898 
9.0018 5.7627 -61.8302 6.37368 7.41857 -62.5708 4.09135 8.45868 -62.2625 
6.81885 -8.26636 -60.6658 -5.83598 -2.29387 -60.9469 11.3477 -1.03043 -61.1958 
9.59581 -5.62848 -60.1904 4.68914 -9.50675 -61.2292 -0.746472 9.43767 -62.5532 
-3.1221 8.8899 -62.9303 11.1242 -2.14389 -60.9951 2.24562 -10.2472 -60.2887 
9.28164 -5.97281 -60.7324 -0.905876 -9.49459 -60.8104 -6.50418 6.18213 -62.1427 
-4.22171 -6.42972 -61.4841 -5.30657 7.58295 -63.4001 -7.05335 5.05677 -61.9239 
11.4222 0.252527 -61.6912 8.0008 6.48775 -62.9364 -6.02653 -1.64628 -62.0573 
10.6751 -3.33451 -61.7939 11.2164 -1.77776 -61.5449 8.19997 -7.09859 -61.8568 
1.8355 -10.2146 -60.8712 11.0892 -2.24516 -61.6534 0.713617 9.37831 -63.9043 
6.37875 -8.63698 -62.5687 -7.13562 4.11282 -62.5619 -4.87944 -5.10107 -61.8277 
10.1556 4.49302 -63.1387 11.2693 -1.52886 -61.8355 9.64535 -5.30646 -61.9862 
-6.78157 1.52297 -62.5808 11.3202 -1.05875 -62.4439 0.455411 -10.0327 -61.7093 
-6.43922 0.0351003 -62.3626 11.2029 -1.81604 -61.768 11.1968 -1.83418 -61.655 
11.173 -1.93775 -61.7365 11.1239 -2.05689 -62.1455 2.36856 9.02973 -63.4225 
2.94187 -10.1081 -61.5238 -1.76571 -9.08106 -61.8407 -5.76779 -2.63972 -61.8321 
11.3062 1.16388 -63.1446 -3.79301 -7.14432 -62.1639 -4.33244 -6.31633 -62.6314 
-2.87822 -8.16142 -62.3055 6.94912 7.0606 -64.3146 -7.01245 5.23038 -62.8477 
-7.05279 2.85295 -64.1751 10.9523 2.97617 -63.3666 11.4236 -0.0381517 -62.751 
10.1497 -4.41152 -63.2591 -6.57708 6.04163 -64.0078 10.9128 -2.52592 -63.6484 
1.88948 -10.2084 -62.498 -0.734068 -9.67402 -62.3449 -7.07902 4.61341 -63.6725 
9.13712 5.6366 -63.4689 -1.1697 9.40408 -64.0594 3.48001 8.63067 -64.3645 
-5.73081 -2.91237 -63.377 5.26429 7.89069 -64.1598 -4.17465 8.51384 -64.6653 
-6.72241 1.12865 -63.3779 8.34585 6.20858 -64.6832 -3.82418 -7.13669 -63.6058 
10.8404 3.38078 -64.7709 2.06978 9.10984 -64.5699 -6.23988 -0.965696 -63.3304 
3.3561 -10.0285 -62.6713 4.79061 -9.57956 -63.5569 0.404857 -10.021 -63.5609 
-4.8549 -5.37882 -64.1186 -6.53411 0.228622 -63.5593 10.3348 4.35665 -64.6847 
11.3273 -0.656964 -63.4361 9.12112 -6.05616 -63.6368 7.48131 -7.89809 -64.0282 
1.23665 9.29611 -65.2313 6.17458 -8.92104 -63.7804 -5.51066 7.51766 -65.2324 
9.57865 5.18353 -65.0078 -6.75997 1.08555 -64.1434 11.2332 2.19872 -64.5008 
-0.184924 9.42385 -65.3684 -6.54287 -0.0715043 -64.5425 -1.55117 -9.23192 -63.5746 
-7.01438 4.77712 -64.7233 10.0451 -4.67213 -64.8927 2.51747 8.89833 -65.943 
-6.21073 -1.30755 -64.1032 7.23135 6.84713 -66.0623 -2.33783 9.18959 -65.416 
-2.84566 -8.27509 -64.0637 5.93203 7.53711 -65.7094 -0.45216 -9.83232 -65.1815 
-6.62353 5.9701 -65.9604 10.3045 4.2395 -65.9475 11.2585 -0.910018 -64.8466 
4.45072 8.18523 -65.9144 6.03126 -9.08972 -64.8116 -4.2629 -6.5873 -64.7748 
-6.88759 1.3538 -64.984 -6.33426 -1.22456 -65.2029 0.968491 9.26781 -66.3065 
-5.51208 -3.98092 -64.7386 10.8188 -2.99211 -65.8781 2.6031 -10.1509 -64.2129 
11.3443 0.974173 -65.8309 11.1953 2.36276 -65.3896 8.48022 6.02902 -66.5122 
-5.9131 -3.01427 -65.6294 -3.5758 -7.51043 -65.2129 -7.1332 4.34085 -65.6606 
-7.14605 2.38628 -66.2366 8.8298 -6.59692 -65.4407 3.50621 8.47482 -67.418 
-4.15995 8.59683 -66.221 -6.79878 0.559347 -65.7705 -2.15306 -8.86318 -65.6606 
-7.22414 3.52778 -65.8924 -5.42216 -4.50083 -65.8155 -6.57243 -0.252659 -65.2704 
7.39099 -8.19313 -65.8366 10.946 2.81093 -66.5423 9.46826 5.16695 -66.8191 
5.33355 7.79531 -66.5582 -5.52637 7.67609 -66.9954 5.91457 7.4761 -67.3152 
4.77723 7.99555 -67.2663 -2.78916 9.11277 -67.3039 -6.60015 -0.295523 -65.6424 
4.40131 -9.85635 -65.3305 -0.598898 9.31189 -67.1286 1.09524 -10.2133 -65.1527 
-4.26484 8.63673 -67.5211 -5.79103 -3.71174 -66.3948 9.97066 -5.10754 -67.1751 
5.89834 -9.31142 -66.2581 -4.63595 -6.03093 -66.1536 -6.50113 6.49591 -67.5196 
-7.17786 4.57139 -67.381 -6.36869 -1.64372 -66.7738 -6.66811 -0.305391 -66.428 
2.63823 -10.2647 -66.4925 0.659242 -10.1977 -66.3638 -0.690293 -9.79224 -66.9101 
11.2709 -1.34383 -66.8462 11.2983 1.53132 -67.5136 7.17538 6.78705 -67.8574 
1.66208 8.99039 -67.7271 -6.00412 -3.08708 -67.1119 8.57051 -7.10889 -66.9214 
-5.90007 7.45993 -68.1866 -5.2857 -4.99177 -66.5888 10.9314 2.73179 -68.6058 
11.4304 0.0307347 -67.9051 -1.76178 9.21838 -68.5416 -7.05029 1.06232 -67.3768 
4.39816 8.01009 -69.011 10.0268 4.32596 -68.0575 -7.37751 2.78888 -68.0027 
2.93377 8.60187 -68.4779 -3.43887 -7.65996 -67.0712 -5.62508 -4.24201 -66.9698 
8.44963 5.87799 -68.6476 4.55839 -9.94594 -66.6785 -4.99598 8.2338 -68.159 
6.04598 7.34796 -68.5588 -2.06255 -9.02581 -67.8114 -6.60233 6.45733 -68.9839 
-6.7658 -0.378034 -67.9593 -0.0307888 9.15814 -68.9895 4.23914 -10.1081 -68.0538 
-7.2951 1.62899 -68.9601 10.9056 -3.08919 -67.5863 5.61141 -9.56288 -67.48 
-3.6164 8.80898 -68.8017 7.24151 -8.4488 -67.5939 2.8187 -10.3683 -68.1102 
1.09425 -10.3036 -68.3098 -7.53368 3.94817 -68.8141 -5.28339 7.92516 -69.2307 
-7.35031 5.03855 -69.1864 -5.22644 -5.10057 -67.3078 -7.0473 0.644088 -68.4091 
-6.38466 -1.92788 -68.419 11.3633 1.20703 -68.9874 10.7341 -3.88914 -69.0028 
11.2681 -1.78064 -68.9183 -3.26734 -7.93902 -69.4542 -1.95167 9.03396 -70.3687 
-4.61285 -6.09373 -68.2513 -5.68202 -4.02348 -68.4718 9.0358 -6.6993 -68.6299 
1.9633 8.76353 -69.5947 -7.55673 3.02837 -69.2585 10.2953 3.95456 -69.6899 
10.1431 -5.21093 -68.9375 6.44487 7.04924 -69.8506 0.18149 9.02765 -70.432 
-6.73188 -0.773192 -69.0377 11.195 2.1143 -69.8282 11.4453 -0.105639 -69.5234 
-4.13498 8.51074 -70.4159 -0.779477 -9.85486 -68.467 -7.59692 4.16866 -70.2238 
-7.51511 2.43976 -70.317 10.8214 3.11393 -70.2096 -5.93324 7.3797 -70.8537 
-6.98252 0.187969 -69.4392 7.77311 -8.09261 -69.2538 3.00404 8.36289 -70.8415 
5.93109 -9.41514 -69.0959 -7.13712 5.83513 -70.5085 9.21322 5.20169 -70.424 
3.42546 -10.3482 -69.7834 -7.21841 1.09473 -70.0321 -3.30028 8.80136 -71.352 
-6.64403 -1.23233 -69.6736 -5.17223 -5.21438 -69.4958 7.82066 6.28551 -70.9084 
10.0758 -5.35879 -70.3509 10.1367 4.15316 -71.4827 1.26645 8.74979 -71.4667 
-1.69182 -9.41299 -69.5889 11.0819 -2.77846 -70.5685 4.63974 -10.0708 -69.1167 
-6.30033 -2.42604 -69.9901 -7.3125 1.38369 -70.6784 8.85969 -7.02888 -70.4425 
-0.558174 8.9578 -71.7051 -6.82493 -0.535479 -69.7595 11.3431 1.14554 -70.9866 
4.5763 7.76519 -71.3684 8.46673 5.88892 -71.6237 -4.49546 -6.37293 -69.8287 
-5.72233 -4.06284 -70.2263 -7.07508 0.516109 -70.0105 -6.88896 -0.275865 -69.8478 
10.4904 -4.69918 -69.6084 10.7038 -4.14794 -70.206 -0.24203 -10.1578 -69.9838 
-6.85781 -0.422759 -69.9401 11.124 2.40389 -70.8178 10.8231 3.14455 -71.3724 
6.32585 7.01492 -72.25 -7.22362 1.10957 -70.3059 -6.95644 0.00901384 -70.0575 
-6.92154 -0.133087 -69.8863 -6.87051 -0.395416 -70.1704 11.3578 -0.872383 -70.9998 
-7.19361 1.01297 -70.2436 -7.15147 0.831692 -70.3213 -7.1203 0.694609 -70.1916 
-7.01236 0.26138 -69.9882 -6.79128 -0.747934 -70.1727 1.37172 -10.5107 -70.7221 
-6.75301 -0.97717 -70.6895 -7.19888 1.04097 -70.2904 -7.04896 0.362724 -70.458 
7.35742 -8.44729 -70.8228 -2.57093 8.79149 -72.7269 -7.20299 1.0352 -70.4292 
-6.92969 -0.146697 -70.3539 -6.82564 -0.615924 -70.2685 4.85281 -10.0049 -69.7445 
-4.50307 8.32822 -71.9698 -6.89642 -0.305324 -70.3956 -6.90567 -0.311094 -70.5877 
-6.8273 -0.62854 -70.3963 8.88293 5.45638 -72.6285 -2.31869 -9.01758 -70.7428 
-5.06886 -5.43772 -70.789 -7.22088 1.07723 -70.6393 -7.16076 0.852179 -70.6734 
-7.22083 1.05495 -70.7876 -7.02934 0.117484 -71.0465 11.0694 2.42782 -72.0987 
-7.67036 3.46989 -71.5052 -7.17921 0.919547 -70.8246 -7.17044 0.887205 -70.8304 
-7.12845 0.676747 -70.7747 2.6862 8.25958 -72.6047 -6.19407 7.38254 -73.0797 
-6.94991 6.47552 -71.8529 -4.10097 -6.98464 -71.2734 -7.26869 1.17867 -70.9004 
-7.19893 0.924487 -70.9431 -7.12715 0.589307 -70.9526 5.27844 -9.78851 -71.1654 
-6.12433 -3.07822 -71.1301 -7.3179 1.2977 -71.1264 -3.07792 -8.2874 -71.2687 
-6.55401 -1.74864 -71.4509 -6.905 -0.428287 -71.0449 7.77598 6.31182 -72.4498 
0.148851 8.66907 -73.5676 -7.55326 5.06223 -71.9691 -5.66183 -4.24359 -71.6657 
-7.22348 0.837454 -71.4326 -6.86966 -0.616042 -71.157 -6.84746 -0.717933 -71.1931 
10.7547 -3.83118 -71.5571 -1.21904 -9.79411 -71.2658 -7.49038 2.02964 -71.583 
-6.93671 -0.394897 -71.7132 -6.78725 -0.944244 -71.2464 9.65472 -6.04079 -71.6604 
10.3003 -4.92064 -72.0633 -4.5785 8.31459 -73.4667 11.2192 1.67057 -72.6846 
7.04902 6.66258 -73.4388 0.0702453 -10.3352 -71.6615 3.84669 -10.3959 -71.3393 
2.75417 -10.6043 -71.732 -7.26225 6.23527 -72.8705 -7.32561 1.11464 -72.5407 
8.70138 -7.20485 -72.3197 -6.64616 -1.51549 -73.073 10.615 3.39661 -72.5904 
11.1766 -1.94953 -72.7124 -4.91841 -5.70737 -72.4807 -7.68223 3.33671 -73.3937 
-6.15395 -3.00605 -72.5421 -7.02752 -0.219917 -73.0511 -2.19097 -9.11686 -72.1871 
11.303 0.390359 -73.3148 4.48506 7.63192 -73.391 2.56161 8.04309 -74.8928 
7.90128 6.16957 -73.6468 3.941 -10.4057 -72.6523 -7.6303 5.35853 -73.3989 
-3.35155 -7.9712 -72.7491 7.10693 -8.705 -73.0258 -7.28106 6.38233 -74.0233 
10.7074 -3.77808 -73.5173 9.88888 -5.58107 -73.4181 5.98104 7.05851 -74.0357 
-5.64133 -4.27871 -73.1653 10.8362 2.57449 -74.3862 -4.19624 -6.90389 -72.5705 
9.84466 4.33913 -73.7684 5.46075 -9.80961 -73.0775 1.38983 -10.5848 -72.8204 
7.11322 6.50725 -74.6408 8.45405 5.6063 -74.9542 -7.34338 0.893197 -74.0685 
11.3086 -0.869637 -74.1217 -1.91923 8.75922 -74.5023 -3.84506 8.47753 -74.9305 
-4.19252 -6.8778 -73.9337 -6.85812 -0.872581 -73.3115 -6.95704 -0.566574 -73.8058 
8.80416 -7.18865 -74.8997 -5.48007 7.91399 -74.586 -6.68221 7.05172 -74.9503 
-7.66778 5.30043 -74.671 -6.05908 -3.2753 -75.1055 -6.7874 -1.12616 -73.5507 
0.50824 8.4582 -75.4272 2.72019 -10.6676 -72.8977 -0.881553 8.68223 -75.2616 
-0.718766 -9.99236 -73.3866 -2.26001 -9.03041 -73.6322 -6.68827 -1.46163 -74.2619 
11.129 -2.00558 -74.7934 4.61878 -10.2018 -74.0046 4.72082 7.40512 -75.0425 
-7.38943 6.2818 -75.0455 -7.01111 -0.503735 -74.8796 11.2868 -0.112041 -75.5196 
10.4169 -4.58563 -74.4538 7.47603 -8.54696 -74.5901 6.06158 6.90837 -75.2964 
2.92135 -10.5773 -74.1846 -5.14481 -5.26246 -74.3475 11.221 1.21317 -74.9682 
10.7085 -3.71466 -75.6462 6.96771 6.38077 -76.359 10.0453 -5.34667 -75.2605 
-7.84394 3.92389 -75.6102 -7.71768 2.299 -75.0914 6.15969 -9.46582 -74.596 
1.4145 8.12999 -76.6511 -7.43021 0.714197 -75.8162 9.70222 4.35626 -76.5965 
-3.11786 -8.21591 -74.4527 -2.3977 8.63236 -76.0057 -5.63301 7.66278 -76.347 
-7.33526 5.92944 -76.4061 8.29273 5.57757 -76.9692 5.34572 7.05183 -76.3589 
-0.744707 8.4635 -76.8214 -1.6701 -9.42561 -75.2714 3.77326 7.57532 -76.2386 
0.919863 -10.5068 -74.8124 2.6582 7.89395 -76.2453 -3.97495 8.36119 -76.6851 
-3.76878 -7.4816 -75.1036 -6.66337 -1.64472 -75.4526 -7.91764 2.46381 -76.5519 
-5.30234 -4.98602 -75.6436 -4.39743 -6.53604 -76.0762 -6.97356 -0.800022 -76.0396 
-8.0526 3.81538 -77.4498 7.51759 -8.59753 -75.9924 -0.396936 -10.1848 -75.0968 
10.7 2.98243 -76.866 5.92972 6.71057 -77.5473 4.51362 -10.2137 -75.462 
4.40654 7.21142 -77.6914 11.1018 -1.873 -77.0326 6.0066 -9.61536 -76.1817 
0.356832 8.16776 -77.9777 11.1414 1.6379 -76.5253 2.82064 7.72308 -77.2523 
-7.76835 5.56882 -78.5671 -6.61681 -2.01392 -77.1017 -7.6839 1.0942 -77.138 
9.71477 -6.09139 -76.2915 0.134072 -10.3326 -76.7249 -6.5659 7.0025 -78.3086 
-5.39373 -4.92245 -77.2043 11.2618 0.180153 -77.5902 10.2997 -4.92783 -76.8472 
-2.84695 8.41928 -77.7113 -3.07318 -8.22209 -76.0339 9.33008 -6.80302 -76.6335 
7.17232 6.05307 -78.7315 8.74832 -7.53938 -76.7928 -4.80403 7.99753 -78.1905 
-6.19521 -3.13081 -76.7658 10.459 3.36092 -78.7535 10.7513 -3.63135 -77.4182 
8.77491 5.1867 -78.1935 -1.31038 8.27145 -78.724 -8.05189 2.35326 -77.5802 
2.4908 -10.5992 -76.3612 -7.19714 -0.342092 -76.9902 11.2042 -1.09808 -79.1145 
5.52055 6.74188 -78.6373 1.66092 7.90298 -78.0479 -1.79345 -9.35735 -77.3788 
-8.10036 2.90321 -77.1879 10.9859 2.36475 -78.003 11.2072 1.42105 -78.1652 
-5.9393 -3.78513 -76.9865 -7.49427 0.200512 -78.075 -7.85215 1.33621 -77.8574 
11.2621 0.546729 -78.9779 9.28435 -6.9506 -77.3922 9.77489 -6.08738 -77.7418 
4.73729 -10.2111 -77.432 6.78016 -9.21258 -77.545 8.07239 -8.24621 -77.5438 
-3.25219 -8.04379 -77.9472 -6.14255 -3.37438 -77.8508 -7.05262 -0.937604 -77.7633 
-4.53356 -6.45067 -78.604 9.58992 4.48711 -78.8257 0.74487 7.85147 -79.7221 
1.57054 -10.7354 -77.5169 2.80163 -10.7902 -78.2565 -3.54779 8.1868 -79.6495 
11.0965 1.74548 -79.6491 2.89629 7.50393 -78.7363 -5.80572 -4.19897 -77.9754 
4.35432 7.05576 -79.1539 -8.0553 1.81964 -78.7008 -8.20843 3.01167 -78.2664 
-5.23522 -5.37803 -78.6457 8.68922 5.11079 -79.8416 9.02138 -7.22689 -78.3298 
-7.01846 -1.30991 -78.8492 -8.32417 3.98156 -79.402 -1.69608 8.13036 -80.452 
10.4357 -4.61706 -78.4818 -5.55539 -4.78896 -78.6248 -7.42831 6.53964 -79.9182 
10.91 -3.00238 -78.7905 7.8539 -8.4373 -79.1358 -5.6859 7.62023 -80.0958 
-0.590129 -10.1712 -78.4758 -5.89677 -4.08004 -79.0703 -7.64587 0.160387 -79.267 
9.88302 3.98966 -80.725 5.54084 6.56301 -80.1174 6.72379 6.14854 -80.2009 
1.04037 -10.7375 -78.6809 10.7157 2.82177 -80.5646 4.29515 -10.6137 -79.1744 
-8.16971 5.65058 -79.7794 -6.40656 -2.86389 -79.0181 11.0128 -2.61194 -80.5481 
5.99617 -9.82309 -79.1364 -5.315 -5.31371 -80.0691 11.2836 0.0256227 -80.2623 
3.27343 7.15308 -80.652 -1.90048 -9.43641 -79.7822 9.90982 -5.74514 -79.9684 
8.96132 -7.28827 -79.6453 -8.37025 2.41941 -79.6724 7.53802 5.7016 -80.7556 
-4.57471 8.02706 -80.8379 -8.12392 1.24805 -79.7077 -3.45909 -7.96998 -79.8548 
-7.38134 -0.852516 -80.2307 -8.36249 5.44054 -80.3506 -6.7771 -2.2753 -80.3831 
-8.56432 3.07032 -80.5244 3.21404 -10.9145 -79.2587 -0.493906 7.89703 -81.3943 
-0.121139 -10.4448 -79.804 -8.18388 6.09767 -80.2436 -8.35535 5.88946 -80.1892 
-7.85684 0.278881 -80.17 10.629 -4.08711 -79.7541 1.20468 7.48852 -81.941 
-7.96772 6.12463 -80.9455 -8.32237 5.97329 -80.3867 -8.35517 6.03305 -80.2559 
-8.42128 1.95385 -80.2586 11.237 -1.19007 -80.2863 6.80016 -9.37202 -80.7264 
-3.45502 8.11553 -81.303 -8.46778 4.64281 -81.4392 11.2615 0.928814 -80.8232 
6.44127 6.13301 -81.2163 11.1267 1.67234 -81.5665 3.406 -10.887 -80.2539 
2.36259 -10.9575 -79.3988 -4.37686 -6.83206 -80.3932 -6.14164 -3.73476 -80.5899 
-8.20471 1.07644 -80.4833 5.17911 -10.3977 -79.9141 4.50657 -10.6701 -80.0893 
1.46623 -10.8942 -80.591 11.2644 -1.11354 -81.045 10.6008 -4.20752 -80.655 
-1.99582 8.04284 -81.9509 -6.86685 7.02322 -81.2477 8.67861 4.89102 -81.8029 
-5.27693 7.69595 -82.1267 -8.52271 1.98509 -81.2017 8.71966 -7.55617 -81.1145 
5.81221 -10.0754 -80.192 7.14089 5.62329 -82.7236 -2.83397 -8.80498 -80.714 
-7.94551 0.115325 -81.3691 5.04512 6.45196 -82.2781 11.3238 0.0106371 -81.7517 
-7.23937 -1.51842 -81.3833 10.6117 -4.17175 -82.1362 4.99681 -10.4478 -81.0924 
-3.34464 7.99767 -82.6831 -8.70318 3.23609 -81.4124 10.6339 2.90612 -82.0925 
11.2242 -1.81847 -82.1697 9.80118 3.84361 -83.1288 -3.64348 -7.90626 -81.693 
-7.4196 6.49565 -82.8949 -8.83885 3.05738 -82.6098 -8.50516 1.39504 -82.1101 
2.97841 6.97751 -82.7042 -0.773239 7.72973 -83.0152 -6.71938 -2.80865 -82.0158 
2.95965 -10.9935 -82.2745 9.79878 -6.009 -81.5353 -5.84058 -4.68462 -82.6564 
-8.29067 0.393413 -82.7954 7.53114 -8.92281 -82.3486 -2.36125 -9.30402 -80.8558 
-4.79804 -6.30635 -81.6507 11.0583 2.02197 -82.9232 -2.17964 7.95938 -82.92 
-0.39561 -10.4077 -81.5453 -1.94744 -9.59968 -81.5627 -2.70002 -9.00946 -81.4277 
-8.6452 5.05815 -83.3532 10.688 2.74691 -83.5526 -8.69198 1.56387 -82.8226 
8.53779 4.79021 -83.5577 9.62819 -6.37703 -82.8968 5.85669 5.96646 -84.0961 
8.60055 -7.8942 -82.7554 1.19067 -10.9852 -82.2716 -7.55654 -1.28063 -82.8752 
3.89329 6.52132 -84.4136 1.3801 7.1266 -84.2663 11.3101 0.843897 -83.0567 
6.18604 -9.89997 -82.2393 -2.67205 -9.00509 -82.3834 -2.62529 7.77681 -84.0605 
-4.38482 7.80467 -83.6554 11.095 1.72814 -84.244 11.3982 -0.660433 -83.1401 
11.1914 -2.46621 -83.1542 -5.83561 7.41934 -83.9077 -4.72542 -6.58554 -83.2875 
11.3599 -1.62519 -83.1413 -8.29596 5.98107 -84.4353 -8.65408 1.054 -83.4649 
4.82609 -10.5891 -83.2131 -8.9094 2.04702 -83.3776 -1.60469 -9.85303 -83.5135 
-0.835924 7.47439 -84.6751 -8.32566 -0.10256 -84.3956 7.51379 5.15103 -85.2477 
10.4426 -4.87235 -83.8738 -6.94631 -2.86992 -83.9839 11.4027 0.0933635 -84.5713 
11.373 -1.5234 -83.9651 6.58759 -9.73242 -83.9579 10.3587 3.0198 -85.2547 
7.93227 -8.6661 -83.5103 0.262341 -10.8323 -83.4412 1.71474 -11.1551 -83.594 
-3.44643 -8.25052 -83.8167 -9.08368 4.18762 -83.9233 11.055 -3.11444 -84.229 
9.16375 4.22669 -84.7511 -9.12329 2.97427 -84.0075 8.81396 -7.67491 -84.1078 
-4.63391 7.5171 -85.3185 -8.90159 1.59663 -84.1699 5.54011 5.8841 -85.7246 
7.86151 -8.74517 -84.6228 -8.93566 5.13323 -84.5452 -6.37094 -4.16391 -84.6149 
-7.60558 -1.59357 -84.2073 11.1862 1.39509 -85.9679 2.68522 6.70729 -85.323 
-7.0728 6.82007 -85.2685 -9.2043 4.11574 -84.9408 -9.22784 2.52631 -85.0637 
-0.0447787 7.12429 -85.9503 1.76179 6.76364 -86.1512 -8.91582 1.19619 -84.9183 
11.4068 -1.40168 -85.4347 9.82737 -6.16894 -84.9256 -4.80064 -6.79923 -85.1204 
-5.69166 -5.3756 -84.6904 3.15097 -11.1423 -84.9885 -2.25009 7.40594 -86.0957 
-8.70957 5.48354 -85.7759 5.05788 -10.629 -84.8233 10.6832 -4.40822 -85.2871 
3.66384 6.30441 -86.4502 -6.02156 7.18333 -86.9989 -2.69189 -9.16019 -85.0438 
-7.70643 -1.83651 -85.5523 -0.390513 -10.6892 -84.8043 -8.86608 0.601875 -85.5969 
-9.19731 1.57245 -85.5627 11.4774 0.0354769 -86.0684 10.7719 2.42153 -86.8269 
-1.59973 -10.1095 -85.7543 11.5016 -0.781982 -86.4267 9.15714 4.08371 -86.4016 
-9.40859 3.68297 -86.1624 10.2982 -5.37978 -86.1762 6.60477 5.43135 -86.5965 
-4.0132 7.37697 -87.0084 -3.88481 -8.07964 -85.8073 -9.40596 2.3804 -85.8302 
11.1462 -2.92117 -85.7652 -1.02034 7.07212 -87.1154 1.03685 -11.1508 -85.0519 
8.6322 -7.85438 -86.2279 7.15022 -9.38329 -85.5462 -9.36282 1.77926 -85.9346 
10.172 3.26052 -86.9408 -8.52672 -0.441623 -86.2093 11.3513 -1.81387 -87.019 
10.8569 -3.93074 -86.934 9.7565 -6.3681 -86.2169 5.56803 5.66447 -87.4117 
-7.89379 6.45007 -87.1727 -9.27264 1.49943 -85.8149 -9.26275 1.31344 -86.1257 
0.530093 6.75841 -87.4099 -6.96591 -3.35378 -85.7538 -6.3764 -4.47753 -85.7994 
11.3998 0.717893 -86.7925 7.63406 4.80462 -87.8804 -5.87453 -5.53777 -86.5158 
11.1098 1.30161 -87.9167 6.02186 -10.2091 -85.62 -0.133703 -10.9226 -86.3872 
-9.60139 2.32636 -86.5998 -2.11766 7.18133 -87.4229 11.4549 -0.16284 -87.2041 
4.79401 -10.8207 -86.3879 -2.91004 -9.19043 -86.5206 -7.55304 -2.67808 -87.0951 
-7.12676 6.92556 -88.7277 -9.24331 5.00377 -87.591 -9.04608 0.499494 -86.5923 
-2.87703 7.32823 -87.1486 -4.95925 -6.92882 -86.6412 -6.87935 -4.02199 -87.2809 
-9.77862 3.35975 -87.3313 9.53446 3.64565 -88.1194 9.99708 -5.91018 -87.7169 
-5.05762 7.18718 -88.3698 -9.47178 1.32777 -87.096 10.4846 2.72761 -87.9457 
2.26603 6.4299 -87.5199 -8.20078 -1.44652 -87.1127 -9.86829 2.65155 -87.2234 
-9.80593 2.16573 -87.3138 5.92724 5.33722 -89.1356 -3.21342 7.17321 -88.0434 
-1.36567 6.79406 -88.7216 6.58296 -9.8537 -87.465 1.59207 -11.376 -87.1433 
3.85579 5.93419 -88.559 -2.15981 -9.90015 -86.8751 -6.4712 -5.03394 -88.0672 
-9.94346 2.71726 -87.7163 1.45933 6.28533 -89.0697 -1.41134 -10.4288 -87.3777 
11.383 -0.84001 -89.0153 11.1906 -2.9111 -88.4036 10.8418 -4.15834 -88.3025 
3.35621 -11.3329 -87.3982 -8.57091 6.22438 -88.5469 -8.18492 -2.07907 -88.5593 
-9.13895 0.0586822 -88.0413 -9.79509 1.88141 -88.0143 -4.32589 -7.99797 -87.8937 
-5.66827 -6.27662 -87.9676 -2.74891 -9.58097 -87.9932 9.05537 -7.46533 -87.7005 
8.21836 -8.49083 -88.0968 -7.48609 -3.19277 -88.1243 -9.99127 3.41117 -88.7496 
4.75132 -10.9247 -88.0002 10.2733 2.54077 -89.7936 7.33505 4.65892 -90.3072 
-9.51349 5.36778 -89.3634 7.38495 -9.39509 -88.9632 -7.371 -3.94305 -89.4298 
8.84861 3.9325 -89.5381 9.17378 -7.35978 -88.8782 -3.91609 6.93947 -89.6156 
-0.110374 -11.0945 -88.2577 -9.99085 1.62961 -89.1872 -5.91835 7.03515 -89.8464 
2.46327 -11.5358 -88.366 -9.05085 -0.928703 -89.552 11.0523 -3.69304 -88.8673 
10.8147 -4.28759 -89.6019 -8.55152 6.47754 -89.9217 11.1245 0.934386 -89.6985 
4.80385 5.47744 -90.2476 -0.223064 6.2518 -90.6781 1.4467 -11.5342 -89.442 
11.2697 -2.62483 -89.5402 6.059 5.17226 -90.2829 -5.6739 -6.79253 -89.6567 
11.363 0.0847667 -90.5001 -10.3355 4.29009 -90.517 -9.84758 0.500695 -89.936 
11.1382 -3.38238 -89.1163 10.0027 -6.09024 -89.6473 -7.40759 6.9217 -90.289 
-6.40743 -5.49217 -89.0949 8.2531 -8.52303 -89.4704 3.15508 5.81962 -90.1003 
-2.56571 6.6052 -90.5949 -1.7721 -10.4334 -89.1226 -3.71375 -8.99459 -89.2128 
-10.4257 2.34884 -90.3144 6.66931 -9.9773 -89.1116 10.442 -5.37897 -90.4876 
5.58241 -10.5739 -89.3068 3.54468 -11.3528 -89.3591 -2.85649 -9.73755 -89.1601 
11.0207 1.16734 -91.2101 -10.2399 1.46929 -89.99 11.4213 -1.76492 -90.0773 
-5.11955 6.8641 -90.9024 -4.70716 -8.05459 -89.589 5.91935 5.00545 -91.3515 
9.20684 -7.37913 -90.7633 1.88404 5.91959 -90.7022 -6.67717 6.91842 -91.2648 
-9.68099 5.77746 -90.9549 1.27245 5.8111 -91.8449 -4.11708 6.73457 -90.9612 
-10.9793 3.09601 -91.8447 7.05638 -9.62736 -90.7101 -1.86836 6.33057 -91.6712 
-8.59332 -2.15122 -90.3258 -10.3081 1.30252 -90.4392 11.467 -1.06595 -90.7579 
-8.46956 6.62262 -91.7666 -6.67281 -5.48489 -90.337 11.4093 -0.0893473 -91.7825 
8.94804 3.58334 -91.3769 3.66288 5.3668 -92.0478 -0.385876 -11.2143 -90.0477 
11.2982 -2.63057 -90.9766 -9.45735 -0.732147 -90.7206 10.2375 2.28982 -92.2854 
10.7822 -4.63549 -91.7644 10.0721 -6.12571 -90.5544 -5.22915 -7.77297 -90.9022 
10.2994 -5.76752 -90.9719 -4.6456 6.73936 -91.2179 -3.09207 -9.73243 -90.4012 
-7.26042 6.79613 -92.8141 10.1887 -5.98659 -90.7641 -0.474129 5.98606 -92.5057 
11.5051 -1.35371 -92.1605 10.0472 -6.21821 -90.9005 -4.44115 6.68743 -91.4223 
-4.64657 6.70821 -91.3688 -4.75731 6.72655 -91.4977 -1.72804 -10.6953 -90.7004 
-4.30132 -8.69328 -90.4032 -3.89147 6.55873 -92.1298 -5.60796 6.78972 -91.9985 
-10.6476 4.88749 -91.9732 -10.343 0.814931 -91.435 10.2091 -5.95714 -90.8276 
4.86656 -10.9464 -91.1333 2.44415 -11.6579 -91.7098 0.657359 -11.6123 -91.0808 
-9.88389 5.93884 -92.3135 -4.48303 -8.82406 -92.0219 -6.34855 -6.52553 -91.8983 
11.3831 -2.70845 -92.8904 5.85698 4.76519 -92.7825 -2.19135 6.23593 -92.6897 
-8.20789 -3.24803 -91.2879 -9.35153 -1.6794 -92.1945 7.4137 4.30962 -92.3129 
10.0704 -6.21596 -91.7597 1.41684 5.48821 -93.5647 8.29259 -8.62808 -92.2682 
-9.2655 6.25744 -93.6334 5.90591 -10.518 -92.1468 -0.74988 -11.2823 -91.6615 
-7.43419 -4.6669 -91.5714 11.1477 0.797456 -93.0541 -11.4143 3.99011 -93.04 
11.4965 -0.405146 -92.9064 -5.68999 6.64401 -93.3533 -11.2563 1.75205 -92.9536 
8.92783 3.27948 -93.714 6.97478 -9.87018 -93.2042 5.03575 4.74088 -94.0181 
0.580399 -11.7579 -92.5301 -2.54867 -10.3994 -92.3156 -5.49602 -7.73225 -91.9388 
-10.5128 -0.0535228 -92.9887 3.35267 5.07539 -93.9905 -8.37274 6.72573 -92.9648 
-11.4891 2.99451 -92.7811 -4.31983 6.44192 -93.7469 10.4649 1.91231 -94.2621 
-10.7482 5.27432 -93.2941 -8.37407 -3.57924 -92.7896 -1.60832 5.98208 -93.8456 
-3.09667 6.28342 -93.4832 -0.210265 5.76529 -93.6349 -8.15755 6.69436 -93.5472 
11.5807 -1.2531 -93.5615 9.39286 -7.39129 -92.8026 11.1201 -4.14453 -94.0337 
6.96588 4.19645 -94.0573 4.56851 -11.1922 -93.5193 -7.37542 6.503 -94.6286 
-11.6944 2.89664 -93.3842 10.3364 -5.9248 -93.4462 -4.0268 -9.62488 -93.8022 
-5.68788 -7.78216 -92.9706 -10.1236 -1.34777 -93.9998 11.497 -0.179517 -93.8334 
2.51692 5.05821 -94.8617 -11.4013 4.57243 -93.8853 11.3049 0.590814 -94.8144 
4.07961 4.65305 -95.559 -0.245461 5.57761 -94.8073 -0.991162 -11.3788 -93.3486 
-5.32933 6.44384 -94.6173 -7.64707 -5.08253 -93.6022 -9.18865 -2.7281 -93.8644 
9.71713 2.61268 -95.6229 -3.37728 6.10717 -95.0304 11.6026 -2.14182 -94.8008 
-1.69959 5.83579 -94.9416 -6.65858 -6.8479 -94.2275 -11.2148 0.401461 -94.3731 
-11.7851 3.47165 -94.3074 11.5982 -0.652146 -94.6436 -5.06737 -8.65494 -93.5602 
2.386 -11.851 -93.5654 1.51286 -11.9331 -93.04 -11.7285 2.07152 -94.0034 
6.12013 4.21549 -95.5982 -10.9451 5.08052 -95.0164 1.33169 5.21343 -95.1663 
-2.58219 -10.7517 -94.3927 8.48432 -8.63349 -93.8163 9.51736 -7.46618 -94.73 
0.664468 -11.9133 -94.4141 -9.74888 -2.37557 -94.9746 -1.59985 5.61596 -96.0841 
-8.55294 -3.82582 -94.1441 10.8446 1.54322 -95.7052 8.04146 3.56022 -95.629 
-5.77495 -8.04179 -94.2092 2.38645 4.8345 -96.1657 11.4657 -3.69629 -95.7366 
-5.57069 6.22537 -96.079 -9.22194 6.05758 -95.4213 10.6906 -5.63436 -95.6034 
7.71235 -9.49227 -94.707 -7.63812 -5.70092 -95.1731 -9.12366 -3.30913 -95.0544 
-5.12749 -8.8929 -94.8353 11.6284 -0.254108 -96.0677 11.3417 0.7721 -95.8084 
6.39409 -10.4495 -95.1893 -8.58029 -4.30362 -95.4066 -10.6473 -1.34246 -95.6051 
-12.1172 3.43892 -95.9496 -1.21761 -11.5139 -94.8934 -11.9818 1.84736 -95.1992 
11.8747 -2.15714 -96.6643 0.518902 5.10198 -96.5815 -4.14136 -9.96737 -95.777 
-11.6848 0.150056 -96.0391 -7.2278 -6.76649 -96.2922 11.2104 1.04751 -96.4639 
8.56067 -8.73158 -95.0811 2.74063 -11.8785 -95.2141 7.08293 3.6981 -97.2987 
-3.6288 5.77959 -97.2218 -9.73343 -2.99462 -96.3365 9.0031 2.9598 -97.1115 
-7.77191 6.09508 -97.2003 -9.11742 -3.53675 -95.5991 10.4319 1.97133 -96.8947 
9.73407 -7.41609 -96.4199 5.32691 4.19843 -96.8231 -2.42704 -11.1607 -96.3317 
-10.0457 5.71194 -96.5355 -8.10753 -5.45237 -96.3645 -11.5941 4.90571 -97.3399 
-12.5323 1.5882 -96.8937 8.93147 -8.39691 -95.9072 7.83372 -9.51179 -96.1632 
-6.13218 -7.94973 -95.4655 3.79248 4.33942 -97.4851 4.6485 -11.4243 -96.0163 
2.04928 4.63488 -97.477 -5.58439 6.0165 -97.4212 11.5979 -4.27853 -97.7102 
10.5446 -6.34932 -97.3035 -0.642725 -11.8344 -96.0693 11.3117 0.90703 -97.6368 
1.06025 -12.1408 -96.8064 -8.91721 -4.48138 -96.9991 -11.9802 -0.315246 -97.411 
-12.8147 3.419 -97.4518 12.0251 -0.597634 -97.6033 -11.2829 -1.13389 -96.966 
6.38472 -10.7286 -97.507 -1.27006 5.2194 -97.8384 3.14342 -12.0221 -97.0615 
9.93482 2.24771 -98.505 9.68366 -7.76516 -97.9649 -5.41804 -8.96478 -96.2405 
-9.87563 5.79652 -97.7708 -10.5914 -1.89459 -96.55 12.2998 -1.96241 -98.2642 
8.77103 -8.72113 -97.1296 -10.6747 -2.08951 -97.2131 0.802086 4.62938 -98.6375 
-6.43309 -8.07526 -96.9949 -12.7403 4.33584 -98.0954 -13.4341 2.16016 -98.4183 
11.9603 0.245239 -98.5299 8.37488 3.1373 -98.3587 -4.9166 -9.60206 -96.7483 
12.3624 -0.648169 -98.6544 7.80508 -9.7288 -97.5886 5.53485 3.9274 -98.1099 
-3.92356 -10.4667 -97.1476 -8.84086 5.99062 -98.6681 -8.24374 -5.98154 -97.9677 
6.96646 3.43809 -99.1892 4.51709 3.75696 -99.7461 4.58578 -11.683 -97.6761 
-5.60845 -9.18047 -97.6595 -9.36105 -4.47187 -98.3536 -13.4117 3.69482 -98.7992 
-12.8114 0.352276 -98.4422 2.67422 4.28148 -98.6587 -2.81179 5.33613 -98.8166 
-1.1382 -11.9122 -97.9666 -11.2594 -1.56724 -97.7418 -4.51212 -9.98973 -96.8654 
-9.60549 -3.70155 -97.5234 -10.4981 -2.897 -98.3327 -11.6594 -0.896031 -97.4872 
-1.15017 4.83317 -99.5939 -5.19192 5.70928 -98.9383 -4.54714 -10.0765 -97.3217 
-4.64406 -9.95224 -97.118 -4.80577 -9.85557 -97.3125 -7.33728 -7.25943 -97.8562 
-11.5328 -1.10117 -97.5513 -11.6525 -0.982039 -97.633 12.6199 -1.24803 -99.5403 
11.2848 1.11745 -99.3049 -4.6748 -9.94441 -97.1938 -11.678 -1.00548 -97.7408 
10.7574 -6.49347 -99.0381 -7.37141 5.96268 -99.0526 -3.10766 -11.163 -98.1483 
-4.61274 -10.2811 -98.5373 -10.4086 5.67888 -99.2327 -12.4169 4.91808 -99.3162 
-11.8031 -1.25737 -98.476 8.68907 2.85471 -99.4683 2.1662 4.02914 -100.163 
8.51202 -9.27316 -98.8189 12.2188 0.0127426 -99.5746 12.5149 -2.95866 -99.7418 
3.65961 -12.092 -98.3896 -6.74182 -8.22347 -98.4259 2.22883 -12.3289 -98.3872 
-8.30556 5.89129 -100.114 -13.904 0.993231 -99.7987 0.36055 4.34229 -100.34 
-3.04368 5.08075 -100.301 7.46451 -10.143 -98.3723 11.8586 -4.80519 -99.7355 
8.07674 2.87649 -100.633 6.48029 3.28077 -100.609 9.67433 -8.09365 -99.3061 
-7.48337 -7.4849 -98.8378 9.97197 2.02087 -100.48 5.0531 -11.7401 -99.4975 
-14.2811 2.65388 -99.9235 7.13083 -10.5973 -99.6225 -7.80923 -6.91686 -98.5573 
-6.5203 5.74098 -100.244 -9.92181 -4.23714 -99.4474 12.844 -1.66697 -100.756 
0.623017 -12.355 -98.6536 12.5559 -0.522564 -100.497 -8.13266 -6.87209 -99.5125 
-11.5017 -2.31153 -99.5909 -7.28323 -8.05701 -99.7404 11.7513 0.622011 -101.044 
-9.75064 5.83077 -101.225 -11.3506 5.60804 -100.539 -12.7267 -1.11632 -100.147 
3.28948 3.65817 -100.91 -1.30949 4.4192 -101.604 -6.11482 -9.17709 -99.3544 
9.204 -8.90457 -100.268 3.28933 -12.2994 -99.4531 -13.7813 4.12708 -100.414 
11.4178 -6.11659 -100.96 1.70527 -12.5668 -100.123 -4.81837 5.33225 -100.899 
-9.11318 -5.5619 -99.7331 -10.756 -3.53488 -100.119 10.2097 -7.77532 -100.635 
-0.575379 -12.4094 -100.088 -2.59186 -11.7508 -99.7093 -12.6488 5.20644 -101.48 
-7.21443 5.76406 -100.86 -3.64242 -11.1135 -99.1511 -14.6003 1.75211 -100.328 
5.62637 3.18487 -101.604 8.37212 -9.79008 -100.465 -3.33512 4.83543 -101.802 
-5.34452 -10.2232 -100.561 -10.026 -4.73841 -100.564 4.25265 3.41579 -101.37 
3.75379 -12.4364 -101.035 -6.26913 5.51144 -101.497 -15.0449 2.03065 -101.274 
-7.8072 5.71537 -101.594 -14.1096 -0.185286 -101.327 12.4907 -4.04923 -101.479 
2.37368 3.67877 -101.42 6.29284 -11.4959 -101.329 -9.49495 -6.07931 -101.616 
-8.73314 -6.51233 -100.513 12.8556 -2.69007 -101.027 -4.02042 -11.11 -100.128 
-14.6416 1.11999 -100.785 10.725 1.36792 -102.166 9.05537 2.25678 -102.014 
-11.1631 5.75435 -101.717 -11.7746 -2.77954 -100.891 -14.7565 3.27993 -101.295 
12.6132 -0.641276 -101.604 3.22603 3.34019 -102.263 5.09566 -12.0685 -101.148 
1.06437 3.83155 -101.881 -2.06344 -12.3184 -101.247 7.72402 -10.5551 -101.431 
0.494048 -12.7811 -101.369 -6.83108 -8.99058 -101.055 7.33458 2.81418 -101.931 
-8.19527 -7.48645 -101.093 12.9037 -2.08415 -102.221 9.2961 -9.29267 -102.22 
2.1644 3.50019 -102.317 4.75563 3.03301 -102.669 -6.62684 5.32218 -102.883 
-11.008 -4.25704 -101.786 -8.75042 5.63723 -103.055 -10.3197 5.82778 -102.516 
12.1757 0.15983 -102.259 11.6719 0.724959 -102.271 -4.82167 5.02608 -102.466 
-14.3139 4.26754 -102.249 -12.9902 -2.65972 -102.85 -14.9673 0.823919 -101.716 
11.9627 -5.93041 -102.89 10.8285 -7.46129 -102.197 2.04616 3.13358 -104.014 
-0.864852 -12.6906 -101.703 -11.6139 5.65268 -102.973 12.5824 -0.652617 -102.73 
-3.27988 -11.8376 -101.186 -8.80217 -7.30185 -102.261 2.13911 -12.8869 -102.136 
-4.37675 -11.2298 -101.511 8.30233 2.2825 -103.196 -0.457232 3.73439 -103.709 
9.88821 1.59516 -103.516 3.63192 -12.7265 -102.328 -2.97519 4.33632 -103.663 
-15.003 -0.348757 -103.11 6.5952 2.57219 -103.519 5.05323 -12.3699 -102.82 
-2.22563 -12.5778 -102.974 -5.862 -10.3835 -102.646 -15.5947 2.77976 -103.038 
-15.4542 1.34112 -102.477 11.6976 0.402591 -103.432 3.88356 2.90218 -103.684 
-2.77383 -12.2633 -101.926 12.9863 -3.69144 -103.972 -10.3571 5.71982 -103.68 
-7.97231 -8.48558 -102.789 -13.3343 5.12192 -103.512 0.0735606 -13.0346 -103.001 
-5.16322 4.7867 -104.004 -3.03959 -12.2288 -102.36 -10.6923 -5.57674 -103.345 
-3.33057 -12.0368 -101.975 -3.72289 -11.7755 -101.827 -3.93302 -11.7751 -102.668 
10.6118 -8.21764 -103.369 -15.0139 4.26738 -104.067 7.42015 -11.2544 -103.494 
11.2974 -7.2243 -103.166 -7.11691 5.09245 -104.71 -9.51899 -7.10547 -103.483 
-11.5841 -4.34441 -103.05 -14.35 -1.80077 -103.734 12.8332 -1.31758 -103.982 
8.6215 1.83612 -104.914 -15.9551 1.18495 -103.558 5.12986 2.68916 -103.876 
1.75414 -13.2732 -103.935 4.64798 2.55686 -104.696 -9.41051 5.47429 -104.86 
-11.8207 -4.79369 -104.198 10.6764 0.969991 -105.189 3.3396 -13.006 -103.485 
12.2469 -0.158471 -105.093 9.94686 -9.12793 -103.685 9.29241 -10.0122 -104.396 
5.86475 2.35677 -104.926 11.6397 -7.19781 -104.219 -11.7856 5.50096 -105.036 
-14.2556 4.96594 -105.432 -12.9083 -3.99512 -104.74 12.5214 -5.68727 -104.342 
-4.17314 4.33672 -104.99 -5.39786 4.57671 -105.313 7.17945 2.13925 -105.074 
3.66251 2.66242 -104.837 -14.0907 -2.40472 -104.135 6.08953 -12.3702 -104.695 
0.0651544 3.07095 -105.985 -4.93765 -11.3761 -103.604 -1.72561 3.67683 -105.199 
13.3379 -2.17912 -105.111 4.77982 2.20406 -106.223 -3.07402 3.94452 -105.492 
-5.9087 -11.0077 -104.592 13.0661 -1.13049 -105.299 10.5854 -8.77279 -104.675 
-4.10281 -12.1051 -104.552 -7.49441 -9.66709 -104.373 -16.2841 3.35195 -105.06 
-16.6832 1.79171 -104.751 12.4477 -6.49749 -105.233 9.62071 1.37509 -106.006 
-1.07352 -13.1658 -104.319 -8.33927 5.06968 -106.494 -10.5896 -6.47917 -104.62 
-13.6527 -3.05078 -104.436 -15.2289 -1.72613 -104.958 -16.294 0.176925 -104.652 
3.06654 2.56121 -105.668 4.28709 -13.1259 -105.17 -15.5875 4.30546 -105.331 
13.1059 -5.13053 -105.461 1.90061 2.65131 -106.126 13.4012 -1.68533 -106.005 
7.83518 1.88908 -105.771 2.85695 -13.3506 -104.72 -8.9704 -8.34977 -104.562 
-11.0973 -5.83277 -104.572 13.6565 -3.29132 -106.438 12.777 -0.586857 -106.436 
6.82636 1.97006 -106.123 -6.26288 4.5854 -106.416 -10.2562 5.40317 -106.252 
11.6759 0.354863 -106.261 8.49912 1.54106 -106.841 -14.2689 -2.66854 -104.793 
-16.3422 4.11344 -106.925 -2.23805 3.36517 -107.092 0.229993 -13.4379 -104.834 
-2.38353 -13.0025 -105.221 -17.3829 0.727582 -105.958 -4.32555 4.06602 -106.442 
-12.2392 -4.95915 -105.163 11.7265 -7.93594 -105.866 1.7528 -13.6207 -105.64 
-11.0234 -6.19445 -105.015 -16.7481 -0.591738 -105.849 10.3601 0.973757 -106.996 
7.06301 -12.0068 -105.191 8.20996 -11.3528 -105.731 -8.76215 -9.2193 -105.785 
-10.1399 -7.39133 -105.131 -11.5778 -5.97912 -105.575 13.5002 -5.18795 -106.58 
12.8805 -6.5133 -106.345 -7.38867 -10.4434 -105.957 -13.0801 5.36796 -106.244 
-17.5816 2.27366 -106.522 1.40241 2.34555 -107.788 2.99256 -13.4913 -105.485 
-5.69045 -11.7883 -106.504 -10.8542 -6.74515 -105.475 -10.9801 -6.37405 -105.196 
-12.875 -4.926 -106.043 -14.1722 -3.39099 -105.702 10.2174 -9.8888 -106.432 
-1.07799 -13.4468 -105.672 13.4464 -1.56847 -106.967 3.06504 2.21775 -107.163 
-0.385894 2.6998 -107.913 11.7508 0.230472 -107.67 -5.40044 4.06797 -107.926 
6.33562 -12.7353 -106.727 -3.82579 3.65077 -107.763 -14.2664 5.11434 -107.167 
6.56343 1.67312 -107.724 -12.0225 5.36599 -107.492 -15.3118 -2.56294 -106.127 
-16.5155 -1.8012 -106.829 12.4083 -7.69689 -106.946 -7.09241 4.59185 -107.624 
-9.81729 -8.2262 -105.868 -11.0622 -7.43696 -106.76 -15.3429 -3.28136 -107.163 
12.9443 -0.70462 -108.054 11.6456 -8.79939 -107.257 -17.7849 -0.267739 -107.1 
13.804 -2.02557 -108.202 13.4447 -6.07175 -107.18 13.0199 -7.01625 -107.311 
-0.0246952 -13.7482 -106.552 -9.87028 5.21452 -107.492 -10.0137 -8.80045 -107.159 
9.40467 1.17282 -107.974 4.53707 1.72396 -108.546 -3.77973 -12.7325 -106.405 
13.898 -5.01639 -107.654 -8.6955 -9.86575 -106.939 -18.244 0.982433 -107.182 
14.2637 -3.63342 -108.427 4.29964 -13.5501 -107.023 2.99388 -13.6804 -106.454 
-8.54183 4.85706 -108.217 -14.1763 5.22366 -108.908 -18.1812 2.91374 -108.012 
8.20385 1.22557 -108.982 2.8349 1.92915 -108.519 -7.03187 4.30825 -109.134 
-15.6857 4.86149 -108.324 -14.0802 -4.72726 -107.442 12.5565 -8.08758 -108.045 
8.74552 -11.7736 -108.001 -16.7036 4.44293 -108.275 -16.6782 -2.83994 -108.309 
11.1958 -10.1997 -109.047 -2.09429 -13.5554 -107.463 -18.1811 -1.26975 -108.647 
11.9125 0.0579979 -109.446 -7.67364 -10.9875 -107.695 -10.3648 5.06954 -109.169 
-18.7519 1.77308 -108.129 -1.60221 2.68578 -109.216 1.47923 -14.0296 -107.593 
13.5101 -6.61925 -108.174 10.2451 0.774182 -108.993 -3.07443 3.26612 -108.531 
-6.32278 -12.0086 -108.104 -12.6029 -6.30963 -107.518 -17.6699 3.82062 -108.725 
2.00611 1.86694 -109.278 -4.1987 3.56218 -108.689 -12.6488 5.20698 -109.999 
13.3504 -0.989296 -109.933 -18.8239 0.439578 -108.45 3.27091 1.60548 -109.662 
-0.293982 -14.0578 -108.117 14.4742 -2.61519 -109.805 4.68522 -13.9398 -108.932 
3.15452 -13.9664 -107.831 -15.1481 -4.09027 -108.014 6.29458 1.36798 -109.427 
-5.22929 3.73204 -109.379 -16.8693 4.49966 -109.395 -15.7279 -3.52821 -108.006 
14.3924 -5.4773 -109.408 -1.22358 -14.2362 -109.539 -11.969 -7.53696 -108.27 
0.529073 2.13502 -109.346 -3.58709 3.1372 -109.766 -4.68657 -12.8446 -108.289 
-13.8707 -5.97331 -108.774 -15.6696 4.98758 -109.673 -14.9795 -4.96836 -108.885 
14.6598 -3.86183 -109.457 7.05158 -13.1724 -108.999 -9.43009 -9.90966 -108.225 
-11.4408 -7.807 -107.873 -14.9618 5.05506 -111.105 -11.0505 -8.19194 -107.833 
-11.557 -8.14328 -108.523 -15.9349 -3.94217 -108.759 13.3167 -8.01589 -109.66 
-10.9592 -8.90985 -108.788 15.0492 -4.07651 -110.498 10.6983 0.471691 -110.961 
8.95278 0.821241 -110.887 -8.72527 4.68415 -109.585 -18.9958 2.32963 -108.82 
9.60651 -11.9011 -109.546 0.587687 -14.4177 -109.395 -8.68664 -11.0068 -109.364 
-18.7444 2.89514 -109.247 -6.27518 3.86339 -110.317 -17.06 -3.56559 -109.589 
-19.5233 1.65738 -110.043 12.131 -0.0655486 -111.214 4.90519 1.175 -110.883 
-18.4957 3.53137 -110.811 -17.9593 -2.5402 -109.574 7.09196 1.03701 -110.809 
8.47995 -12.6834 -109.53 -7.27803 -11.7407 -108.863 -11.2844 4.96659 -111.184 
10.3792 -11.7415 -110.4 2.43331 -14.351 -109.168 -2.18686 2.39883 -110.941 
-8.09276 4.24533 -111.106 -11.625 -8.43336 -109.028 -13.0369 -7.41927 -109.551 
14.3097 -1.69651 -111.197 -9.69567 4.76395 -110.549 -12.0571 -8.10073 -109.172 
-16.3032 -4.6981 -110.035 -19.4154 -0.167779 -109.841 2.10901 1.44793 -110.914 
-6.23376 -12.4174 -109.154 -16.7158 4.65012 -110.867 11.4298 -11.2684 -111.152 
-0.228275 1.91219 -110.808 -17.2603 -4.02936 -110.328 9.19595 -12.8038 -110.841 
-3.19535 -13.8069 -109.859 -13.3193 4.99499 -112.368 -11.7445 -8.64128 -109.504 
-3.87104 2.89374 -111.137 15.1922 -5.79028 -111.178 -10.1943 -9.96373 -109.495 
-19.3522 -1.65417 -110.727 15.1125 -2.84367 -111.465 12.7081 -9.89476 -111.041 
-4.98914 3.41365 -110.543 -14.9311 -6.28018 -110.368 6.24692 -14.0338 -110.526 
-12.2618 -8.4181 -109.903 6.36891 0.881004 -111.856 3.32731 -14.635 -110.512 
-10.065 4.62576 -111.986 -9.93681 -10.6839 -110.658 14.464 -7.08364 -110.678 
14.0134 -8.57785 -111.39 1.63831 -14.7564 -110.789 -5.48856 -13.1088 -110.472 
-7.3071 -12.0996 -109.991 15.7618 -4.35348 -112.172 9.69795 0.470476 -112.799 
4.7303 -14.5147 -110.759 -2.86506 2.18721 -112.442 -11.5997 -9.36498 -110.476 
-6.04747 3.4985 -111.674 -18.2421 -3.3847 -110.809 -19.7933 2.43759 -111.463 
-20.3328 0.0284477 -111.441 13.3507 -0.76842 -111.966 7.753 -13.41 -110.359 
-16.5217 4.77451 -112.23 -4.89745 3.20752 -111.306 -13.975 -8.01479 -111.469 
-20.5709 1.50035 -112.346 15.0017 -7.4979 -111.945 7.64967 0.658464 -112.589 
10.4521 -12.2753 -111.502 15.571 -3.05905 -112.491 3.67379 0.803309 -112.6 
0.749015 1.34865 -111.979 -1.94631 -14.4475 -111.189 -12.7548 -8.47602 -110.614 
11.1836 0.262162 -112.337 -4.59471 2.87247 -112.183 -3.66257 -14.1878 -112.128 
14.8253 -1.91568 -113.117 -8.54959 -11.6114 -110.702 12.1952 -0.107217 -112.663 
-0.880417 1.5796 -112.433 -17.6103 4.36861 -112.042 -17.4446 -4.46223 -111.011 
-0.209582 -14.7093 -111.148 5.72917 0.623406 -112.987 5.51561 -14.7165 -112.225 
1.99191 0.956772 -112.589 3.97625 -14.8711 -111.722 -9.17192 4.26859 -112.756 
-16.7612 -5.56196 -111.489 15.8417 -6.39255 -112.772 -11.7007 4.7585 -113.292 
-20.7706 -1.35072 -112.742 9.90387 -13.1859 -112.686 7.74821 -13.9742 -112.015 
-7.66762 3.68226 -113.347 -7.34375 -12.4979 -111.403 -15.894 -7.06404 -112.293 
-4.03963 2.28181 -113.588 -5.66764 2.94061 -113.442 8.52617 0.405469 -113.782 
-1.73997 1.5421 -113.304 -9.14331 -11.7161 -112.191 0.779342 0.975714 -113.161 
-11.0049 -10.4631 -111.846 13.0584 -0.580575 -113.787 12.4636 -11.1083 -112.468 
16.1012 -3.49903 -113.541 14.5885 -8.802 -112.537 11.3286 -12.1104 -112.481 
-12.8363 -9.00049 -111.497 -18.5765 3.88648 -112.951 -19.7667 2.8787 -112.639 
1.24622 -15.0696 -112.741 -5.86299 -13.4623 -112.444 -10.3404 4.48678 -113.355 
-17.3734 4.49224 -113.195 -18.64 -4.55273 -112.48 -19.633 -2.83321 -112.097 
7.11163 0.14974 -114.712 2.7402 -14.9664 -111.818 -15.8274 4.75936 -113.774 
-21.1373 0.169502 -112.898 11.3071 0.0705576 -113.897 2.59225 0.342361 -114.258 
15.394 -8.19948 -113.333 -12.2324 -9.68749 -111.902 13.6557 -9.92874 -112.542 
16.5828 -5.25498 -113.885 9.70196 0.133108 -114.83 -2.56413 1.62728 -113.933 
4.55652 0.389308 -113.852 -14.955 -8.24212 -112.852 -21.2988 0.90819 -113.791 
-17.4522 -6.09354 -112.76 -20.5571 2.16602 -114.053 14.5451 -9.58267 -113.512 
5.62695 0.281927 -114.196 6.81998 -14.8196 -113.679 -0.57285 0.761464 -114.593 
-1.33348 -14.9076 -113.21 -9.50405 4.10687 -114.293 -13.5625 4.73256 -114.882 
-11.9907 -10.2351 -112.794 -13.4951 -9.31379 -112.946 16.4374 -7.31211 -114.52 
12.176 -11.8503 -113.264 -10.7513 -11.1097 -113.247 -20.5786 -3.11698 -113.647 
16.9375 -4.21254 -114.893 11.4681 -12.6718 -113.776 4.96631 -0.0722649 -115.124 
-11.0445 4.45852 -114.67 -4.82916 2.13119 -115.185 -7.44448 -12.7958 -112.722 
13.3459 -11.3226 -114.257 8.72834 -14.2893 -113.893 3.70534 -15.1572 -113.415 
-4.61141 -14.2882 -113.883 -17.2415 -7.04681 -113.595 -17.9891 4.16831 -114.675 
-16.0931 -7.84937 -113.467 16.1495 -2.64183 -115.174 17.6034 -5.98463 -115.92 
-3.53428 1.74884 -114.713 -12.1401 4.65795 -114.737 -19.4461 3.33619 -114.073 
-18.7109 -5.98641 -113.937 14.2529 -1.11249 -115.678 5.41464 -15.0804 -113.599 
-2.50735 1.17173 -115.233 -6.62388 2.92959 -115.072 -8.31021 3.49918 -115.523 
-21.5663 -0.334232 -114.033 10.2957 -13.7074 -114.284 -8.20138 -12.6148 -113.627 
-15.3654 -8.72434 -114.052 -9.48465 -11.9363 -113.688 15.417 -9.46522 -114.882 
12.3472 -0.311399 -115.273 11.1847 -0.0231877 -115.219 0.423092 -15.2271 -114.39 
-6.50831 -13.5477 -114.105 -12.2514 -10.5817 -114.215 -16.8199 4.55496 -115.198 
-3.11322 -14.7345 -113.78 -19.9013 -4.68379 -114.035 1.96404 -15.2922 -114.456 
-10.2017 3.9886 -116.358 -21.4877 -1.67216 -114.113 14.7326 -10.9594 -115.729 
3.52401 -0.437662 -115.888 -3.55613 -14.8198 -114.892 -19.5245 3.12502 -115.828 
9.64779 -14.494 -115.368 6.04364 -0.304011 -115.824 -5.8867 2.24389 -116.514 
-8.81447 -12.5034 -114.606 -10.4088 -11.763 -115.104 -15.8811 4.55294 -116.108 
-21.5264 0.785484 -115.526 1.63808 -0.527011 -116.251 -17.059 -7.90211 -114.557 
17.5254 -3.95362 -116.345 15.787 -1.86536 -116.144 17.092 -8.62601 -116.651 
12.8322 -0.48919 -116.098 -3.61899 1.42939 -115.773 5.62259 -15.296 -115.119 
-18.242 -7.0457 -114.596 11.5924 -13.5063 -115.563 8.74829 -0.306995 -116.407 
7.84164 -15.0241 -115.236 -7.17245 2.82332 -116.608 16.7654 -2.51734 -116.84 
11.5135 -0.375765 -116.613 13.6263 -12.4774 -116.453 -0.911496 -15.2368 -115.525 
-17.3746 4.37098 -115.87 -20.1708 -5.53129 -115.193 13.1854 -0.622658 -116.597 
5.11308 -1.01513 -117.027 -7.70871 -13.1128 -114.763 -12.1178 4.46521 -116.082 
-19.0764 -6.55975 -114.928 -20.9779 -3.98397 -114.832 -21.6807 -2.53327 -114.973 
15.7839 -10.1842 -116.266 -2.34555 -15.0399 -114.714 -21.8893 -1.02092 -114.94 
3.28399 -15.3922 -115.765 -14.224 -9.78453 -114.882 -18.2203 4.03618 -115.917 
6.92177 -0.430789 -116.348 18.4341 -5.09518 -117.273 15.5546 -1.58247 -116.945 
1.22133 -15.3379 -116.011 -6.77627 -13.7061 -115.523 -16.3513 -8.96996 -115.68 
-0.664583 -0.339789 -116.887 -4.24571 1.10896 -117.357 -2.74779 -15.0979 -116.076 
-19.0158 -7.4456 -116.062 -20.7565 2.2343 -117.18 15.1277 -11.3096 -116.767 
7.29543 -15.475 -116.818 -1.78964 0.53015 -116.08 -4.92235 -14.5075 -115.926 
14.0536 -1.0093 -117.814 3.22524 -0.952345 -116.775 -8.45912 3.18675 -117.613 
-22.2244 -1.49816 -115.93 9.71891 -0.848241 -118.069 7.5737 -0.966507 -117.653 
-2.89866 0.888948 -116.366 -13.8469 4.45993 -117.605 -21.9492 -3.86247 -116.208 
-17.6474 4.0596 -116.986 18.3528 -3.62688 -118.407 -11.8356 -11.0975 -115.193 
-12.9534 -10.7077 -115.714 8.90777 -15.1444 -116.417 -8.30695 -13.0518 -116.153 
-11.7555 -11.3239 -116.007 -21.0276 -5.84129 -116.418 18.0456 -7.19016 -116.877 
10.3961 -14.697 -116.614 2.60619 -1.87359 -117.958 0.708556 -1.1982 -117.476 
-2.29698 0.138842 -117.313 -21.8669 1.09545 -117.11 18.6187 -6.50702 -117.475 
16.4329 -1.96848 -118.288 5.04488 -15.5155 -117.363 -0.244647 -1.15028 -117.757 
-6.43852 2.02938 -118.3 -9.99019 3.69001 -118.231 -11.7593 4.15197 -118.136 
16.1189 -10.6235 -117.327 11.4226 -14.2699 -116.676 -1.54545 -0.378088 -117.574 
12.2288 -13.8308 -116.847 -10.8806 -11.8786 -116.927 -22.828 -2.19353 -117.058 
11.9053 -0.922763 -118.769 15.0042 -12.322 -118.058 -0.0257091 -15.3231 -117.02 
-14.8785 -10.2079 -116.886 -19.0932 3.31419 -117.966 2.30357 -15.3729 -116.799 
-1.23932 -0.980764 -118.122 -15.9118 4.33056 -117.903 -22.5077 -0.389872 -116.956 
-1.49963 -15.3072 -117.201 -9.71131 -12.3741 -116.514 -21.5298 1.69466 -118.069 
18.3286 -7.76591 -117.649 8.44385 -1.53568 -118.993 11.3447 -14.678 -117.561 
6.54654 -2.0736 -118.993 3.16849 -15.4006 -117.327 -1.99999 -0.417215 -117.972 
-12.7999 -11.156 -117.433 12.9547 -13.8501 -117.884 -21.3202 -6.84686 -117.516 
-22.4467 0.461558 -118.16 19.2833 -5.6306 -118.592 1.52306 -15.2492 -118.197 
-6.53993 -14.0432 -116.757 18.1358 -9.07086 -118.514 17.0107 -10.2406 -118.136 
9.38006 -15.4346 -117.901 0.207381 -2.13685 -118.623 -0.457342 -15.3144 -118.197 
-9.42353 -12.777 -118.098 -22.2526 -5.32405 -117.301 10.1793 -1.59654 -119.864 
-2.94423 -0.551283 -118.863 -23.4323 -3.86669 -118.138 17.6697 -2.30798 -120.076 
-3.2022 -15.2093 -118.109 -11.413 -11.8856 -118.767 -20.4424 2.49905 -118.82 
-17.4942 -9.44838 -117.825 -23.3467 -1.51768 -118.324 19.1616 -7.57869 -118.892 
-9.06326 3.23852 -119.061 -17.1936 3.93085 -118.869 4.58391 -2.27448 -118.642 
-4.17655 0.443639 -118.76 -10.434 3.57113 -119.916 -12.9774 4.3354 -118.702 
3.54897 -3.07889 -119.277 -1.53736 -2.03151 -119.259 -5.01583 0.975247 -118.867 
-7.90717 2.6731 -119.118 -13.615 4.34614 -119.004 -20.0361 -8.39759 -118.168 
15.5367 -1.46437 -119.851 16.2108 -11.1754 -118.115 13.6384 -1.10578 -119.677 
13.7246 -14.0164 -119.033 11.6227 -15.3401 -119.357 3.7024 -15.3073 -118.693 
19.87 -4.74751 -119.712 -5.48629 -14.7079 -118.034 -14.9662 4.18518 -119.625 
5.20249 -3.32692 -120.022 7.13895 -15.7518 -118.846 8.27234 -2.51493 -120.373 
-22.997 -6.08905 -118.493 20.3942 -6.49226 -120.228 16.441 -11.574 -118.935 
-7.35659 -13.9054 -118.187 -21.7851 1.3779 -119.463 18.8494 -9.12195 -119.567 
18.3346 -9.80569 -119.475 17.6378 -10.4999 -119.274 1.88655 -3.79314 -119.767 
-1.61691 -15.3331 -118.238 -14.4747 -10.7774 -118.465 -24.0405 -2.77135 -118.959 
15.4011 -13.4102 -119.99 -5.69996 1.02178 -119.849 -22.1164 -7.8067 -119.01 
9.20616 -16.0051 -119.647 -18.7228 3.20248 -120.089 -23.1048 -0.239038 -119.555 
12.2584 -1.40064 -120.504 5.29494 -15.4862 -119.171 -4.47217 0.127484 -119.735 
-4.75569 -15.2692 -119.548 -12.748 4.09628 -119.886 19.6517 -3.396 -120.745 
19.7923 -8.64322 -120.464 18.5458 -10.5539 -120.504 17.1066 -11.7832 -120.032 
-15.8476 -10.3407 -118.462 -8.56524 2.75515 -120.301 18.6034 -2.33371 -121.605 
14.2504 -1.50673 -121.472 13.5673 -14.7759 -119.955 -7.04867 1.89151 -120.115 
-20.9682 -9.04129 -119.625 -14.0089 3.92 -121.592 -19.0228 -9.59817 -119.282 
20.9301 -4.89443 -121.041 6.75749 -3.00719 -120.289 3.59022 -3.969 -120.146 
0.151089 -15.1988 -119.159 -2.50667 -1.83661 -119.721 -24.2496 -2.02579 -119.977 
-2.12024 -2.82498 -120.153 -1.30638 -15.2943 -119.451 -6.25702 -14.7666 -119.686 
-10.2773 -12.5497 -119.925 -0.739522 -3.9025 -120.264 -3.19926 -1.47298 -120.039 
-16.8857 -10.2425 -119.158 -17.8012 -9.97238 -119.139 -24.6131 -3.7533 -119.688 
10.9643 -2.14066 -121.382 2.77292 -14.9921 -119.985 -2.91924 -2.38032 -120.418 
-3.89741 -0.827532 -120.241 -16.799 3.80553 -120.431 -23.7484 -0.781587 -120.82 
9.73948 -2.36705 -120.973 4.46913 -15.087 -120.453 -5.1434 0.177481 -120.583 
-15.5022 -10.8217 -120.049 -20.5538 2.22004 -120.449 0.769283 -14.9001 -120.942 
-3.93773 -1.82177 -121.008 -4.47656 -0.464306 -120.583 -3.2979 -15.4936 -120.404 
-11.9362 -11.8401 -120.85 -24.3962 -5.44559 -119.596 16.7307 -1.77097 -121.935 
17.4165 -12.7681 -121.444 2.9689 -4.72396 -120.74 -4.18616 -0.735395 -120.557 
-6.15107 0.788341 -121.062 -9.46338 2.9447 -121.661 -13.3851 -11.264 -119.603 
10.3426 -16.1694 -120.346 -22.5721 0.510351 -121.031 21.541 -6.15582 -121.465 
-3.06241 -3.90911 -121.33 -4.27143 -0.901655 -120.773 -8.36554 -13.7663 -120.497 
-15.7363 3.86377 -121.353 -23.7754 -7.17312 -119.818 19.8157 -2.70659 -122.433 
12.9063 -15.6034 -120.677 4.47168 -4.5804 -121.151 0.943755 -5.10476 -120.747 
-11.6421 3.59833 -121.967 -19.5263 2.43759 -122.052 21.3064 -3.78732 -122.601 
21.3863 -8.05084 -121.907 12.531 -1.87631 -121.902 7.90571 -16.031 -120.457 
6.34533 -15.5219 -120.765 18.5619 -2.0829 -123.185 14.2373 -14.9764 -120.847 
7.0737 -3.99894 -121.826 -5.06402 -0.615276 -121.374 19.0107 -11.5919 -121.931 
9.25107 -3.04615 -121.731 2.08147 -5.08655 -120.834 -17.7764 -10.416 -120.322 
-21.5552 1.51998 -120.655 -22.1498 -8.69044 -119.855 15.6204 -14.6145 -121.741 
-4.83554 -15.482 -120.735 -7.71243 1.83537 -121.708 -17.4268 3.30071 -122.104 
-14.2614 -11.1589 -120.66 -22.9723 -8.34881 -120.069 13.5242 -2.18545 -123.45 
11.5673 -2.6165 -122.737 -19.9386 -10.1116 -120.746 22.4507 -6.39453 -122.499 
9.41779 -16.3364 -121.119 -0.440896 -5.78268 -121.468 -25.3213 -3.50184 -121.147 
21.9751 -5.18846 -122.102 20.0752 -10.0858 -121.801 10.0794 -2.60637 -121.56 
11.5165 -16.2959 -121.371 2.90124 -5.71595 -122.136 1.76559 -5.5646 -121.203 
-22.2392 -9.5705 -120.966 -25.3094 -6.81488 -121.149 15.2797 -1.73649 -123.081 
5.17009 -5.16181 -122.343 3.31187 -14.556 -121.978 -1.83281 -5.16346 -121.292 
-4.78325 -1.63258 -121.784 -5.50524 -15.2805 -120.366 -25.3504 -4.95173 -120.72 
-4.7399 -2.69473 -122.174 -6.21341 -15.1519 -121.545 -13.4283 -11.4036 -121.066 
-24.7258 -1.89625 -121.804 1.1684 -5.85615 -121.488 -5.69342 -1.32036 -122.566 
-6.55613 0.299872 -122.387 -21.2346 1.46922 -121.879 21.3435 -9.93672 -122.894 
10.3748 -2.84399 -122.181 20.2981 -11.5686 -123.121 13.7904 -15.9369 -122.003 
5.44414 -14.7856 -122.536 -8.77564 2.38773 -122.77 -10.0824 3.00824 -123.128 
-14.7731 -11.3263 -121.806 0.717051 -6.46294 -122.422 20.2967 -2.46734 -124.41 
9.93151 -3.72384 -123.509 -10.4741 -12.698 -121.529 -24.0858 -8.51053 -121.036 
22.9781 -5.05843 -123.46 22.4784 -3.42691 -124.713 18.7789 -12.7586 -122.757 
7.94775 -15.9297 -122.104 -1.57868 -15.315 -121.291 -23.6531 -0.584756 -121.978 
22.0815 -8.92832 -122.962 -2.70312 -5.42794 -121.728 -13.5398 3.58143 -123.66 
22.9224 -7.81751 -123.321 17.514 -14.3121 -123.187 -2.15643 -6.20892 -122.084 
-4.42866 -15.6461 -121.889 -16.6751 -11.0513 -121.737 -18.6042 -10.9885 -121.974 
15.4833 -15.7498 -123.101 -1.06637 -6.86521 -122.71 -15.521 3.61379 -122.877 
23.2738 -6.37487 -123.346 -3.6623 -5.8852 -122.527 -11.5418 3.35963 -123.745 
14.2527 -16.4756 -123.167 10.2425 -16.6788 -123.02 -5.05533 -4.47474 -122.892 
-7.98175 1.37343 -123.352 -18.6855 2.44122 -123.825 -20.8767 -11.0039 -122.294 
16.7224 -1.93595 -124.524 15.0365 -1.94405 -124.053 6.45764 -5.21204 -123.473 
4.89835 -5.71061 -123.395 -3.01905 -15.5946 -121.937 -12.1516 -11.7716 -121.706 
-11.7302 -12.051 -121.929 -12.8672 -11.8206 -122.264 -26.241 -5.25899 -122.372 
6.64747 -15.3366 -122.164 -22.6041 0.147907 -123.188 22.5323 -9.82002 -123.87 
8.05811 -4.69055 -123.75 -9.16032 2.29892 -123.838 -20.505 1.39342 -124.083 
-25.7903 -3.26423 -122.687 19.7404 -13.2937 -124.117 11.9045 -3.04908 -123.986 
0.405255 -14.5943 -122.988 1.99017 -14.1798 -123.597 -2.98024 -7.14255 -123.372 
-0.645902 -15.0034 -122.37 -7.85562 -14.5313 -122.353 -9.41947 -13.7423 -122.759 
1.72833 -6.69491 -123.905 0.0472189 -7.10528 -123.534 -6.21745 -2.85027 -123.577 
-16.9623 3.05256 -124.08 -22.4701 -10.5926 -122.13 14.5843 -2.35816 -125.128 
-23.896 -10.2287 -122.296 12.8361 -16.8998 -123.317 8.57666 -16.0506 -124.087 
-2.07973 -15.3904 -122.885 7.01078 -15.2138 -123.457 -24.2366 -1.2188 -123.172 
-25.5578 -8.87056 -122.346 24.3172 -6.41302 -124.585 -4.24761 -6.8293 -123.385 
-7.25575 -0.469256 -124.041 -5.47475 -15.8372 -123.456 24.0915 -4.34444 -125.234 
21.6097 -10.9323 -123.764 4.18683 -13.9855 -124.7 -1.38022 -7.53673 -124.077 
-5.05756 -6.09578 -123.441 -10.4456 2.75524 -124.624 -7.10574 -15.3522 -123.435 
-11.3993 -12.7892 -123.157 23.941 -8.77963 -124.663 4.00881 -6.19482 -124.767 
-5.9482 -4.23355 -123.467 -3.72716 -15.7891 -123.326 -25.2437 -2.23243 -123.119 
25.1313 -7.87115 -125.423 18.6549 -2.01034 -124.439 15.0733 -16.7886 -124.345 
-6.5451 -4.54931 -124.044 -8.36504 -14.6902 -123.49 -16.0584 -11.5107 -122.861 
18.8255 -14.8277 -124.969 12.8581 -3.03144 -125.209 9.02566 -4.70297 -124.816 
-9.0566 1.35861 -125.158 -17.4051 -11.4676 -122.878 22.2856 -11.0136 -124.376 
0.613413 -14.3674 -124.298 -4.87798 -7.32806 -124.537 -5.80448 -4.65857 -123.386 
-15.3895 3.37875 -124.361 -26.5437 -7.44803 -122.738 21.581 -12.0364 -124.571 
6.03536 -14.4844 -124.531 -5.85207 -5.04508 -123.525 -6.04394 -4.64466 -123.562 
-5.92199 -4.77538 -123.477 -5.88555 -4.81405 -123.458 -10.3452 -13.6694 -123.761 
-14.7351 -12.0461 -123.47 -22.62 -11.5248 -123.041 23.3854 -11.0114 -125.354 
18.7548 -2.01161 -125.66 11.3963 -3.65439 -124.961 5.81167 -5.7416 -124.563 
-0.866639 -14.9352 -124.003 -6.11887 -6.06176 -124.178 -25.7831 -2.8808 -123.618 
25.3767 -4.85946 -126.173 16.8201 -15.7406 -124.298 -7.23878 -3.30465 -124.717 
-25.493 -10.6836 -123.434 -27.0362 -9.36351 -123.981 23.6322 -3.05543 -126.787 
21.6706 -2.45564 -126.267 20.0718 -13.9509 -125.024 21.0733 -13.3585 -125.291 
7.49903 -5.31775 -125.167 -7.40179 -1.90624 -124.884 -12.2816 3.19702 -125.202 
-19.3184 1.91786 -124.801 -18.949 -12.0072 -123.436 -21.0999 -12.2772 -123.593 
24.8312 -3.82875 -126.424 10.2428 -4.35476 -125.561 -23.6182 -0.897455 -124.556 
-25.0515 -2.17092 -124.446 25.9088 -6.51136 -126.171 20.2083 -2.10499 -126.232 
-2.92287 -7.9055 -124.96 -14.4568 3.18831 -125.702 -18.2464 2.13751 -125.898 
-26.4712 -4.07013 -124.374 25.0208 -9.56085 -126.023 13.6295 -17.7544 -125.149 
11.7189 -17.4191 -124.419 -2.66029 -15.6355 -124.526 -7.35276 -4.44744 -124.89 
-16.8013 -12.0902 -123.745 10.1593 -17.1233 -125.049 0.240715 -7.39432 -125.133 
-4.62501 -16.3903 -125.254 -13.032 -12.3782 -123.642 -27.5447 -6.85984 -124.373 
26.021 -8.0133 -126.404 7.38001 -15.2344 -125.506 2.27098 -6.85306 -126.022 
-7.07686 -5.62146 -124.849 -9.53859 -14.6347 -124.313 -24.1051 -11.6628 -123.509 
17.1701 -2.1391 -126.903 15.5466 -2.35713 -126.273 2.73747 -13.8181 -125.091 
-16.3092 2.95115 -125.407 -19.7302 1.52618 -125.45 22.5907 -12.7214 -126.035 
20.5151 -14.2949 -125.81 -8.36261 -0.768871 -126.233 -13.9377 -12.9518 -124.475 
17.225 -16.6727 -126.009 -6.56795 -6.8495 -125.116 -7.65839 -3.77643 -125.291 
-8.12971 -15.4285 -124.441 -11.3134 -14.0334 -124.557 -12.4929 -13.0804 -124.28 
11.9143 -18.1377 -125.804 1.55119 -14.0822 -125.417 -22.9258 -13.2876 -124.482 
13.8539 -3.09144 -127.18 -1.41907 -7.89674 -125.348 -7.9469 -2.56065 -125.874 
-11.0425 2.42611 -126.473 -20.6863 0.852091 -125.851 -27.631 -5.40156 -125.489 
-26.4216 -11.2711 -124.463 26.5869 -5.08343 -127.513 11.7216 -3.87969 -126.473 
-27.9692 -8.59699 -124.87 27.1764 -7.03674 -127.851 8.97034 -4.98817 -126.08 
5.78471 -14.1882 -126.39 -15.9231 -13.1302 -124.593 -17.8648 -12.9425 -124.366 
25.5504 -3.53534 -127.946 24.5336 -10.8737 -126.28 15.3948 -17.4818 -125.571 
5.93639 -5.87705 -126.224 -7.70331 -4.89709 -125.908 -7.28855 -6.226 -125.465 
-6.70368 -16.437 -125.214 -19.9811 -13.6242 -124.516 -25.1673 -12.3716 -124.54 
26.3064 -8.9703 -127.261 19.7262 -15.3481 -126.513 8.77683 -16.3156 -125.597 
-0.104463 -14.7112 -125.604 -1.58362 -15.3387 -125.49 19.19 -2.00837 -127.28 
9.43797 -17.074 -126.25 -22.1214 -0.0508337 -125.673 24.1826 -11.598 -126.488 
23.5449 -12.066 -126.256 20.6989 -2.07563 -127.361 21.7047 -13.7637 -126.272 
-12.8615 2.96203 -126.814 15.602 -2.54594 -127.503 7.74544 -5.46008 -127.381 
10.4877 -18.0465 -126.51 4.55587 -13.7362 -126.709 -2.90958 -16.141 -126.108 
23.8611 -12.6201 -127.224 9.94856 -4.75131 -127.488 2.98417 -13.9148 -126.547 
-0.704294 -7.83902 -126.646 -5.90161 -7.68017 -125.84 -7.07214 -6.83507 -126.32 
-5.6487 -16.826 -125.806 -13.1478 -14.0553 -124.999 -23.8169 -1.4118 -126.233 
-21.6357 -15.1643 -125.201 -25.5074 -2.84422 -126.145 25.3708 -10.9483 -127.513 
21.352 -14.5333 -126.907 4.15869 -6.40787 -127.549 -2.27522 -8.15059 -126.222 
-9.7294 0.930458 -127.285 -14.669 -13.9084 -125.054 -26.9018 -4.22161 -126.403 
-28.4001 -8.21436 -126.156 15.9936 -17.6257 -126.196 13.5496 -18.6887 -126.577 
8.12622 -16.5091 -127.175 0.896261 -7.35539 -126.907 -4.16159 -8.1384 -126.591 
-16.252 2.55004 -126.965 -17.7398 -14.2608 -124.952 -27.2653 -10.9749 -125.108 
-28.2411 -6.54138 -125.949 14.9906 -18.133 -126.29 -8.24815 -1.56047 -126.309 
-9.08701 -16.2295 -125.54 -19.7822 1.17882 -126.636 -27.9732 -9.83235 -125.486 
21.9749 -2.24419 -128.105 22.65 -13.8734 -127.333 -8.14767 -3.17616 -126.975 
-12.2657 -15.6422 -125.543 -15.9982 -14.4941 -125.175 -26.5085 -12.5837 -125.77 
18.091 -2.1735 -128.499 -14.392 2.80782 -127.363 -10.5357 -15.3055 -125.242 
6.82418 -15.0768 -127.138 -19.5518 -15.6899 -125.221 -17.582 2.11012 -127.195 
23.8104 -2.40845 -129.205 6.01854 -5.95696 -128.063 -8.32389 -1.75224 -126.737 
-7.67251 -5.88791 -126.686 -12.0256 2.63832 -127.551 -14.6482 -15.4946 -125.458 
-19.0475 1.47914 -127.077 -17.2307 -16.1007 -125.404 -23.3372 -15.1514 -125.573 
-25.0293 -14.3311 -125.979 20.9642 -15.3017 -127.782 19.155 -16.395 -127.725 
2.13225 -7.01177 -128.125 0.977709 -14.6667 -127.178 -7.81683 -4.92958 -127.338 
-21.2397 0.103561 -127.335 -18.8137 -16.9417 -125.45 -27.9357 -5.49094 -126.861 
26.7947 -4.1229 -128.528 27.3385 -9.03462 -129.052 24.7601 -12.7535 -128.733 
16.5287 -2.41934 -128.274 -1.14598 -15.7277 -127.041 22.083 -14.6001 -127.742 
15.283 -2.86414 -128.745 16.2406 -17.9437 -127.014 11.8182 -4.11935 -128.428 
8.65005 -5.27346 -129.262 -5.94835 -7.84427 -126.898 -13.7827 -17.1937 -125.935 
-19.6517 0.818891 -128.15 -27.6655 -11.4498 -126.396 26.2563 -11.4123 -129.508 
20.075 -2.0519 -128.64 -7.96604 -17.812 -126.662 -20.2475 -17.5078 -125.557 
-24.478 -2.18984 -127.703 14.9764 -18.8309 -127.423 -2.00458 -8.13099 -127.668 
-4.07204 -16.8351 -126.482 -8.51945 -1.21963 -127.248 -11.3022 1.91449 -128.359 
-10.778 -16.4581 -125.904 -12.0391 -17.5277 -126.3 -18.4081 1.62993 -127.623 
-15.7718 -17.5371 -125.775 -18.2214 -18.5149 -125.81 -22.4618 -0.624817 -127.121 
-21.146 -16.4561 -125.482 26.6521 -3.42097 -129.854 17.5624 -17.4451 -127.701 
-6.58629 -7.19878 -127.724 -7.4065 -6.28352 -127.352 -21.937 -0.178046 -126.767 
-22.6084 -16.8203 -125.964 27.5982 -5.03364 -129.143 11.9306 -19.3732 -127.441 
9.42043 -17.6301 -127.065 -5.51663 -17.6627 -126.818 -8.87437 -0.925266 -128.237 
-15.2097 2.12447 -128.842 -21.4906 -17.1845 -125.618 28.1796 -6.43191 -129.209 
28.0077 -7.42289 -128.953 22.5974 -14.4112 -127.977 0.122953 -7.60615 -128.66 
2.42642 -14.6994 -128.147 -8.44078 -1.95627 -127.564 -14.6889 -18.5177 -126.145 
-16.0876 -19.3468 -126.181 -22.4034 -0.966752 -128.592 -23.3224 -1.36355 -127.762 
23.471 -13.8044 -128.274 22.4196 -14.7725 -128.615 5.12615 -13.9191 -127.406 
-5.17039 -7.92747 -128.099 -10.1518 -17.8857 -126.64 -17.2022 1.84804 -128.323 
-13.3766 -18.5439 -126.437 -21.3141 -17.531 -125.621 -26.2687 -13.8521 -126.721 
22.8732 -14.2627 -128.083 18.9324 -2.23464 -130.019 13.6854 -3.55688 -129.663 
9.88797 -18.8788 -127.755 -13.0371 2.48798 -128.361 -19.7054 -18.509 -125.709 
-20.5255 -18.6301 -125.871 -21.2796 -18.1517 -125.86 -21.5746 -17.3853 -125.613 
20.6747 -16.0431 -129.225 16.9119 -2.53693 -129.541 13.7075 -19.4338 -127.633 
6.87756 -5.78368 -129.455 -8.11819 -3.17866 -128.389 -19.789 -19.2617 -126.044 
-21.7766 -17.5187 -125.746 -24.1703 -15.9852 -126.346 -28.48 -6.84819 -127.416 
-28.3543 -10.0946 -127.092 4.12816 -14.1915 -127.814 -10.0752 0.615861 -128.93 
-18.8958 -20.7893 -126.747 -27.1373 -4.53557 -128.115 25.3953 -2.64887 -129.707 
14.649 -19.7767 -128.616 10.2625 -4.76308 -129.324 0.2347 -15.7759 -128.338 
-22.079 -18.0918 -126.125 21.4467 -2.09831 -130.183 -7.05466 -5.63227 -128.821 
-12.2167 1.98206 -129.29 -17.3549 -20.2732 -126.336 -21.501 -19.561 -126.738 
-25.8785 -3.31699 -127.804 16.4637 -18.6439 -128.634 8.87462 -17.8771 -127.75 
5.51275 -14.8185 -128.003 -11.3633 1.05901 -130.231 5.1262 -6.24097 -129.689 
-11.9731 -19.5907 -127.275 -15.9851 -21.0236 -126.931 -22.9199 -18.2673 -126.687 
28.4773 -5.7332 -130.456 15.596 -3.0268 -130.298 13.2039 -20.1704 -128.354 
6.71864 -15.788 -128.091 -14.3433 -19.7911 -126.72 -23.5768 -1.79204 -128.833 
-24.3143 -17.3949 -127.248 -27.1753 -13.2214 -127.706 18.5598 -17.4127 -129.274 
-1.64309 -8.0132 -129.078 -3.32774 -8.12713 -128.593 -25.1818 -15.9291 -127.106 
25.6748 -2.53879 -130.923 23.7724 -14.08 -129.56 7.90783 -17.8332 -128.383 
1.23988 -15.082 -128.333 -3.0132 -17.2873 -127.555 -8.46293 -2.06259 -129.575 
-18.4901 1.06277 -129.109 -20.9349 -0.357711 -129.525 -27.9993 -5.6783 -128.294 
28.4302 -7.26839 -130 -5.89998 -7.17792 -128.886 -17.4111 -21.1642 -126.71 
-26.1902 -14.8907 -127.59 27.7727 -4.25847 -131.129 10.5277 -20.2608 -128.481 
8.71249 -18.7757 -128.377 -28.0216 -11.5536 -127.69 7.05846 -16.8582 -128.472 
3.07171 -6.75835 -129.96 1.64549 -7.1538 -129.482 -9.12194 -19.8228 -128.038 
-24.7747 -2.71264 -129.209 24.643 -2.22379 -130.68 22.3625 -15.2317 -130.17 
-7.16233 -18.8981 -127.572 -26.153 -3.78578 -129.259 -28.6154 -8.67621 -128.63 
27.3688 -10.3458 -130.558 23.3462 -2.08919 -131.001 17.4709 -2.6473 -131.295 
11.5331 -4.34354 -130.579 7.66869 -5.56498 -131 8.95362 -20.1273 -128.937 
-1.08706 -16.9962 -128.487 -19.6091 0.370021 -129.609 26.5227 -3.0297 -131.888 
11.8815 -20.9124 -128.878 7.70987 -19.1836 -129.083 6.61183 -18.0902 -129.195 
5.55807 -16.5916 -129.034 -4.1669 -19.269 -128.559 -5.9837 -19.2675 -128.039 
-13.3178 1.77169 -130.001 -16.9606 1.13004 -130.199 28.7712 -6.69247 -131.321 
25.2656 -12.9661 -130.402 3.70312 -15.718 -128.953 -23.6848 -19.1739 -127.718 
26.5565 -11.7305 -130.999 19.7808 -2.27934 -131.704 14.6681 -3.39647 -131.082 
9.49965 -4.98891 -131.002 -0.775954 -7.71977 -130.026 -7.65555 -3.58533 -130.053 
-13.7939 -21.3297 -127.828 -17.2537 -22.0302 -127.436 21.1581 -16.0774 -130.603 
13.6 -21.0108 -129.493 -9.42263 -0.623914 -130.251 -7.13029 -19.8751 -128.307 
13.3538 -3.78085 -131.567 -18.6331 -22.518 -127.949 -20.748 -22.0519 -128.192 
15.8821 -3.09266 -131.625 15.6292 -20.2189 -130.436 9.82259 -21.743 -129.686 
1.65994 -15.9013 -128.971 -4.33548 -7.49197 -129.752 -1.77136 -18.7172 -129.14 
-27.1857 -5.12618 -130.245 -25.846 -16.6249 -128.486 -26.8279 -14.4476 -128.297 
-27.1644 -14.1291 -128.947 -5.74548 -6.51065 -129.921 -11.999 -21.0992 -128.304 
-28.458 -10.6239 -128.583 28.5496 -5.38473 -132.194 23.8991 -14.2874 -131.184 
4.12801 -17.1099 -129.583 0.368272 -17.1042 -129.212 -0.658499 -17.8371 -129.214 
28.283 -8.53346 -131.303 22.0204 -2.16414 -132.293 19.9657 -16.7943 -130.573 
7.51559 -20.4859 -129.67 -10.9259 -20.5261 -128.18 -15.0515 1.41854 -130.557 
-18.937 0.227139 -130.692 -20.0296 -0.14412 -130.415 -23.1067 -20.9501 -128.486 
-28.3056 -6.68518 -129.039 0.827362 -7.20868 -130.901 -5.86586 -20.5267 -129.068 
-12.7367 -22.3318 -129.209 -15.4346 -22.4009 -128.165 17.3541 -18.6307 -130.216 
6.41539 -19.6674 -129.805 2.43789 -17.8403 -129.83 -2.32614 -7.81381 -130.031 
-7.49274 -20.7213 -129.002 24.5414 -2.32361 -132.461 27.3918 -10.5838 -132.1 
22.0597 -15.5869 -131.963 18.6502 -17.7849 -131.085 0.163997 -18.706 -129.824 
-8.34897 -2.15666 -130.782 -10.6557 -21.5098 -129.209 -23.0717 -1.95734 -130.552 
-19.1439 -23.5346 -129.184 -27.9958 -12.0764 -128.841 4.82971 -18.5514 -129.904 
-6.36465 -5.05003 -130.906 -25.1336 -18.4476 -128.704 -26.7293 -15.1638 -128.971 
-2.69715 -20.3053 -129.729 -17.0088 -23.3678 -128.974 27.4984 -3.95292 -133.406 
25.6401 -12.716 -132.54 18.5875 -2.57842 -132.777 -4.24624 -21.0004 -129.838 
-13.823 1.07386 -131.463 -27.6129 -13.2244 -129.344 20.7889 -16.3844 -131.292 
11.9703 -22.4448 -130.232 6.03858 -6.02563 -131.266 8.35265 -21.261 -129.723 
-1.11678 -7.47154 -130.99 -0.692849 -20.6977 -130.651 -8.67714 -21.467 -129.674 
-24.5283 -19.8768 -128.937 8.3724 -22.0051 -130.154 -4.63521 -6.36395 -131.187 
-17.716 0.237026 -131.627 -14.0861 -22.466 -128.673 -28.6355 -10.031 -129.469 
28.7498 -6.94219 -132.794 16.8112 -2.99891 -133.146 7.14232 -21.6126 -130.389 
-7.49781 -3.18601 -131.835 -22.5815 -22.4421 -129.4 1.56649 -20.0784 -130.73 
-2.72464 -7.14971 -131.247 -10.3747 -0.0861275 -131.587 -6.74156 -21.7401 -130.206 
-15.8054 0.467786 -132.186 -20.6462 -1.00038 -131.661 -25.4963 -3.62061 -130.812 
14.9063 -3.38612 -132.504 10.613 -4.59277 -131.742 13.9549 -22.0345 -130.821 
4.34617 -6.43521 -131.616 6.5684 -20.6927 -130.125 5.30764 -20.7132 -130.623 
-12.6111 1.24159 -130.98 -24.4859 -20.9561 -129.861 -28.229 -7.36436 -130.683 
-28.0152 -12.3493 -129.879 -28.3773 -11.1559 -129.798 26.0414 -2.84872 -133.537 
20.0842 -16.8418 -132.223 11.7649 -4.13447 -132.567 8.34234 -5.23691 -132.325 
10.2146 -23.1844 -130.6 -5.38819 -21.4888 -130.028 17.3653 -19.0241 -131.825 
2.66107 -6.77309 -131.914 -8.96332 -1.3966 -132.144 -14.4836 -23.355 -129.732 
-21.0774 -23.5751 -129.989 -23.6102 -21.7733 -129.464 11.2297 -23.93 -131.204 
8.27102 -23.1231 -131.065 3.42781 -19.8175 -130.621 -26.0976 -17.7355 -129.768 
-27.4447 -14.167 -130.405 -28.49 -9.67557 -130.778 20.2884 -2.43873 -133.503 
9.84824 -24.088 -131.312 -2.72248 -21.6294 -130.819 -5.23422 -5.20358 -132.39 
-6.41585 -4.25109 -132.314 -17.9331 -24.2423 -130.153 28.198 -8.83728 -133.505 
15.0836 -21.6338 -131.668 -25.6343 -19.3481 -130.292 -27.8136 -13.0002 -130.201 
12.8903 -23.4304 -131.546 -12.1134 0.532727 -132.054 -9.88576 -22.3449 -130.655 
28.4938 -5.57057 -134.157 13.5545 -3.64002 -133.265 6.9351 -5.66898 -132.629 
-0.752111 -6.95651 -132.337 -4.82857 -22.3974 -131.384 23.8634 -14.3806 -132.613 
9.85802 -4.61926 -132.902 -10.4979 -0.479227 -133.099 -8.3707 -22.5018 -131.235 
-18.9323 -0.413525 -132.064 -16.1857 -24.2907 -130.983 -26.7288 -16.2137 -130.096 
27.0357 -10.855 -133.795 5.85637 -22.5266 -131.63 22.5816 -2.55146 -134.686 
-26.3971 -4.36549 -131.164 -22.6479 -23.2303 -130.557 28.6303 -7.11478 -134.378 
24.831 -2.59789 -134.421 24.3671 -13.7917 -133.911 16.1826 -20.5773 -132.581 
14.2316 -22.7368 -131.962 3.59776 -6.3867 -133.515 -3.0623 -6.08699 -132.935 
-14.093 0.374645 -132.832 -11.5183 -22.7935 -130.615 -12.9459 -23.2597 -130.368 
18.5981 -2.82534 -134.241 14.9585 -3.40297 -134.612 -1.2926 -22.283 -131.909 
-19.3615 -24.387 -130.707 -22.0179 -23.8815 -131.251 -28.0955 -12.0718 -131.055 
18.6237 -17.9667 -132.631 5.39958 -6.09789 -132.95 -17.698 -0.444766 -132.937 
-27.5029 -6.1966 -132.352 22.9987 -14.8842 -133.619 -23.8996 -22.2481 -130.652 
6.89144 -23.4253 -131.941 3.14952 -21.7006 -131.848 -14.2829 -24.0096 -131.156 
27.5859 -4.5496 -135.495 10.5612 -24.7574 -131.904 1.14279 -6.80148 -133.206 
0.99449 -21.4816 -131.622 -0.0154193 -21.9924 -131.903 -26.2261 -4.61567 -132.257 
-26.6213 -17.6772 -131.31 -27.2525 -15.5497 -131.625 28.2827 -8.19256 -134.811 
25.6392 -12.1214 -135.425 21.2329 -15.8922 -134.329 -6.78253 -22.6695 -131.601 
-13.5554 -23.6886 -130.715 -19.4345 -1.23589 -133.293 8.13215 -4.95048 -134.038 
9.17644 -24.7425 -132.349 -4.68943 -4.99238 -133.768 -2.90542 -22.6116 -131.954 
-6.93893 -3.43553 -133.181 -7.99421 -2.31774 -133.677 -24.3004 -3.33575 -132.589 
19.4115 -17.2799 -133.99 12.3945 -3.6914 -134.139 15.1175 -22.1012 -132.808 
-22.4809 -2.29422 -132.653 -25.4523 -20.8905 -131.876 26.1187 -3.35392 -135.353 
11.0352 -4.01885 -133.91 -0.823235 -6.54194 -133.505 -9.24476 -1.28956 -133.758 
-15.1371 0.304958 -132.872 20.14 -2.82868 -135.21 13.5536 -3.49181 -134.377 
13.8165 -23.7177 -133.325 11.9273 -24.6431 -132.294 7.59552 -24.0752 -132.325 
0.279197 -6.94178 -133.303 -0.23331 -22.5194 -132.441 -5.96153 -4.22035 -133.557 
-20.7847 -24.3944 -131.686 -28.2394 -10.4241 -132.68 28.0416 -7.31252 -135.918 
17.65 -18.9469 -134.199 -2.2405 -23.08 -133.15 -15.5097 0.122044 -133.105 
-28.1009 -8.18782 -132.86 28.5743 -6.31722 -135.063 23.2398 -14.2416 -135.424 
6.40893 -5.62369 -133.994 0.822045 -22.6499 -133.256 -14.3105 -0.121098 -133.843 
-15.0176 0.0773581 -133.339 -10.4796 -23.3362 -132.71 -15.9183 -0.508681 -134.009 
-27.7969 -13.3999 -131.692 17.1074 -3.30108 -135.16 -12.4862 -0.215846 -133.966 
-14.6695 -24.3893 -132.771 -23.3387 -23.3117 -132.193 -26.2493 -19.2957 -131.804 
-27.5697 -14.3163 -131.589 5.21718 -5.90254 -134.363 0.70541 -7.02153 -133.472 
-3.74303 -23.128 -132.896 -12.8129 -23.7155 -131.663 -25.1425 -4.65314 -134.414 
-24.4983 -22.2832 -131.975 28.225 -5.74587 -135.739 10.8166 -25.427 -132.963 
0.604485 -7.05156 -133.517 -1.85501 -5.94583 -134.269 12.8951 -3.44845 -135.571 
0.66683 -7.06028 -133.563 0.424051 -6.87011 -133.614 -3.49109 -5.25247 -134.987 
-8.86495 -1.68618 -134.896 -7.89199 -23.2064 -132.871 -21.1796 -2.13293 -133.734 
-17.9575 -24.6939 -131.405 -27.0615 -16.7596 -132.522 27.3573 -9.63442 -135.371 
24.3744 -2.90508 -135.829 15.9669 -21.2795 -134.788 6.18164 -23.8162 -133.096 
-26.7222 -5.61543 -133.73 4.47643 -22.9705 -132.889 -6.88733 -3.22247 -134.805 
-22.9924 -3.29981 -134.404 -27.6358 -14.0778 -132.611 -27.9853 -12.3139 -132.719 
21.2257 -3.07992 -136.339 12.2482 -25.2526 -133.488 2.90919 -22.9724 -133.746 
-0.758852 -22.8537 -132.98 -18.0401 -1.35483 -134.39 -17.1148 -24.8344 -133.013 
-27.438 -6.7636 -133.926 18.5949 -3.21091 -135.672 19.9664 -16.6543 -135.117 
2.09589 -6.25246 -134.871 -0.0451329 -6.24697 -134.591 -5.42799 -4.24321 -135.284 
-21.9711 -24.183 -132.431 9.72913 -25.7858 -133.993 -6.21004 -23.1324 -132.644 
27.8904 -6.19997 -136.643 11.1448 -3.6253 -135.171 9.94945 -4.05094 -134.701 
-10.4046 -0.998667 -135.003 -5.03469 -23.2987 -133.228 -27.3397 -15.4929 -132.869 
18.9586 -17.4057 -135.594 6.59472 -5.08977 -135.823 4.16235 -5.9048 -135.375 
-14.0504 -0.658132 -135.016 -19.1723 -24.8053 -132.457 -27.8589 -11.1172 -134.226 
27.4938 -5.38155 -136.891 24.1022 -12.6267 -137.585 -1.66416 -5.68219 -135.526 
-26.6577 -18.5398 -133.084 22.9275 -3.35169 -137.104 9.19738 -4.05393 -135.736 
7.9105 -24.9552 -133.667 -27.9776 -9.39985 -134.12 21.7511 -15.2246 -135.883 
17.0174 -19.6453 -135.444 4.57274 -23.7253 -134.49 -6.55741 -23.5973 -134.399 
-26.2719 -19.7576 -132.473 24.9463 -3.68379 -137.233 15.9175 -3.7367 -136.364 
10.3392 -3.60625 -135.397 1.75632 -23.1485 -134.673 -27.7075 -12.8958 -133.91 
19.5658 -3.49055 -136.719 14.2952 -3.65747 -136.749 10.7974 -3.51874 -136.581 
10.3048 -3.56901 -135.713 10.0064 -3.67977 -135.491 11.4747 -25.9995 -134.442 
-20.8837 -24.6122 -133.833 -27.0731 -16.4896 -133.781 26.4947 -4.40238 -137.098 
26.2699 -10.9013 -136.612 10.227 -3.52165 -135.605 13.1492 -25.1914 -134.946 
-12.7268 -23.9918 -133.346 -19.7462 -2.17679 -134.844 17.5356 -18.5192 -136.914 
-9.07877 -2.01138 -136.759 -22.5073 -24.0465 -133.55 -26.4233 -6.27151 -135.244 
-24.8265 -22.2351 -133.409 -27.3854 -14.6138 -133.916 27.0015 -6.84753 -137.693 
8.7288 -25.91 -135.475 6.5637 -24.819 -135.336 -7.99763 -2.33455 -135.321 
-16.9461 -1.50845 -135.285 -21.3706 -3.0087 -135.303 -27.4163 -7.94029 -134.974 
26.7072 -9.03021 -137.231 20.921 -3.86736 -137.774 20.2651 -16.0356 -136.606 
17.5793 -3.97012 -137.02 14.5982 -23.6023 -135.438 2.77513 -5.95372 -136.428 
2.83368 -23.5136 -135.735 -25.8135 -21.0204 -133.555 -26.2275 -20.0993 -133.106 
-0.490333 -5.87038 -135.763 -3.87817 -23.625 -135.036 -12.3022 -0.896108 -135.813 
-15.5572 -1.48481 -135.971 25.9649 -11.6864 -136.374 12.4975 -3.43659 -137.478 
-23.4222 -4.51121 -136.068 25.6149 -11.7173 -136.865 18.9064 -17.1403 -136.751 
0.795768 -5.98967 -136.163 -14.0132 -24.3327 -134.9 -18.1153 -2.32078 -135.959 
-23.5797 -23.381 -134.33 -27.2003 -13.2851 -135.239 16.7883 -19.9321 -135.923 
-9.03559 -23.599 -134.862 -11.8944 -23.8737 -134.673 22.1347 -14.4975 -137.153 
15.538 -22.2242 -137.159 12.3108 -26.2599 -136.184 4.60968 -5.53836 -137.283 
-13.7772 -1.27837 -136.44 26.5991 -5.48744 -138.049 10.6012 -26.4933 -135.663 
-1.19446 -23.2956 -134.433 -19.8743 -3.14452 -136.32 -15.8013 -24.7392 -134.326 
8.62658 -3.95614 -137.636 0.481028 -23.3453 -136.193 -2.88329 -5.34634 -136.878 
-4.44304 -4.75829 -136.611 -6.5297 -3.43995 -136.328 -22.4147 -3.62599 -135.659 
-26.6082 -17.996 -135.192 25.498 -10.7437 -137.888 19.0958 -4.54242 -138.174 
-16.8496 -1.97336 -136.116 -18.7939 -24.9217 -134.337 -10.9074 -1.35184 -136.68 
-10.5795 -23.6554 -134.636 -27.6015 -12.1237 -134.762 23.8359 -4.20969 -138.479 
6.52309 -4.71897 -138.163 -17.2178 -24.9026 -134.832 -26.2903 -19.9969 -134.484 
20.558 -5.05463 -139.14 1.74708 -6.02122 -137.311 -26.5416 -7.36358 -136.179 
-25.5577 -21.4676 -134.838 -26.9221 -15.5368 -135.259 25.186 -5.11464 -138.817 
15.439 -4.68307 -138.397 16.4751 -20.3883 -136.596 10.6148 -3.46906 -138.766 
-7.39416 -2.8634 -136.513 22.2788 -4.42605 -138.802 13.6579 -3.85257 -138.273 
3.0576 -5.93869 -137.861 4.83565 -24.2228 -136.578 -0.940538 -5.74851 -136.975 
-25.0134 -5.50323 -136.028 -22.3048 -24.1349 -135.096 -27.3449 -9.61613 -135.48 
24.4295 -11.0733 -139.012 -1.81464 -23.6167 -136.179 -24.5745 -22.5344 -135.167 
14.0971 -24.8822 -137.318 -16.6003 -2.69095 -137.279 -21.4702 -4.00342 -136.701 
-27.1776 -11.3374 -135.643 18.8423 -16.7058 -137.805 -5.6992 -4.09939 -137.214 
-6.90516 -3.1631 -136.758 0.391118 -5.98357 -137.577 -2.0118 -5.89544 -138.578 
-23.9552 -5.92554 -137.239 -26.7631 -8.45468 -136.286 -7.68399 -3.0586 -138.141 
-10.5605 -1.99322 -138.041 -6.10773 -23.8186 -136.204 -12.4143 -1.78729 -137.699 
-12.7627 -23.9968 -136.128 -26.2843 -19.6842 -135.797 9.94154 -26.6582 -137.194 
6.25567 -24.9481 -137.081 -6.77074 -3.36774 -137.338 -14.5744 -2.21477 -137.658 
-18.3321 -3.54864 -137.529 -25.9397 -20.735 -135.693 25.9138 -6.44766 -138.899 
22.3795 -13.6211 -138.608 17.4485 -5.22698 -138.664 -14.3844 -24.1522 -136.973 
-25.5081 -6.6198 -136.7 -25.9719 -9.78408 -137.183 25.0713 -8.70523 -139.221 
23.398 -5.38954 -139.689 20.7341 -14.8404 -138.539 19.7097 -15.8322 -138.101 
12.3393 -3.62067 -139.126 7.72766 -4.06928 -139.104 7.91157 -25.8037 -137.42 
1.56871 -6.34136 -138.862 -4.49248 -5.13585 -138.813 -19.7727 -4.10546 -137.604 
-19.9185 -24.7998 -135.435 -26.546 -14.3114 -136.519 2.06449 -23.4407 -137.224 
-7.62838 -23.7405 -136.093 -16.0384 -24.6049 -135.986 -26.1933 -16.5477 -137.132 
23.0572 -12.2704 -139.564 4.03671 -5.73881 -138.37 3.46527 -23.7248 -137.616 
-10.9882 -23.6923 -136.343 -18.2995 -24.717 -136.303 -21.1553 -24.5704 -135.743 
-25.8569 -7.89294 -137.078 13.5152 -4.51354 -139.813 11.4436 -26.858 -137.136 
-22.2779 -5.25617 -137.631 -21.9218 -24.2127 -136.386 -24.9815 -21.6906 -136.557 
-5.1358 -23.8276 -137.56 -20.6222 -5.02527 -138.227 24.8599 -6.60978 -139.661 
21.897 -5.5541 -139.901 18.9276 -15.7 -139.233 16.2935 -20.1057 -138.299 
8.92143 -3.69124 -139.389 -9.07241 -23.5464 -137.086 -23.1703 -23.3105 -136.566 
18.8342 -6.01967 -139.526 17.6827 -17.0854 -138.967 -0.372994 -6.22267 -138.752 
-0.484351 -5.88312 -137.766 -6.42077 -3.97334 -138.83 -26.4084 -12.3459 -136.813 
1.25371 -23.271 -138.047 24.2689 -5.97742 -139.859 15.1108 -23.3868 -138.641 
3.38744 -6.09362 -139.293 -0.968183 -5.8631 -137.974 -9.21886 -2.97305 -139.32 
-25.8313 -20.3914 -136.641 21.452 -13.5107 -139.724 12.7379 -26.541 -138.009 
4.98845 -5.44981 -139.253 5.61307 -24.6323 -137.782 -26.07 -18.9733 -136.906 
16.591 -7.04509 -140.164 6.65883 -4.70088 -140.018 -7.14087 -23.6301 -137.925 
-13.5107 -3.19155 -139.538 -20.2315 -24.5843 -136.703 -21.2227 -24.458 -136.669 
-10.4702 -23.314 -138.041 -18.3152 -5.18411 -139.3 23.7679 -10.6805 -139.974 
20.5573 -6.39608 -140.149 11.2759 -3.57791 -140.195 2.45609 -23.3388 -138.687 
-3.13963 -23.7285 -137.412 -15.4675 -3.51929 -138.978 -12.648 -23.6518 -137.78 
16.6144 -18.2333 -139.475 9.66912 -3.89316 -141.096 11.3544 -26.9712 -138.844 
-17.045 -4.10887 -138.805 -22.5032 -7.06128 -138.805 -25.553 -13.8838 -138.323 
23.1278 -7.25879 -140.342 -21.4309 -5.81159 -138.57 -24.6022 -7.29701 -137.742 
6.5314 -25.1082 -138.415 4.87454 -24.2369 -138.284 0.0110572 -23.1734 -138.618 
-7.42689 -3.80026 -139.751 22.63 -6.09504 -140.284 14.563 -5.91723 -140.332 
15.5861 -21.7149 -139.368 -1.44113 -23.4982 -137.821 -19.2079 -24.2288 -138.074 
-21.2644 -24.0679 -137.53 -25.2269 -8.30772 -137.69 21.8982 -6.50749 -140.434 
19.1658 -7.94074 -140.57 19.9532 -14.3979 -139.855 14.6022 -24.6017 -139.31 
13.7633 -25.9122 -139.304 -25.5029 -11.6446 -138.003 21.8532 -12.488 -140.431 
16.9735 -17.169 -139.849 13.5953 -5.39191 -140.828 12.267 -3.95718 -140.433 
9.53286 -26.5635 -138.837 1.34659 -22.9441 -139.566 -11.3437 -2.84297 -139.581 
-20.3043 -6.4996 -139.57 -24.511 -10.3997 -138.755 -25.1373 -20.4174 -138.12 
-2.57507 -23.5271 -138.588 -24.3203 -8.60891 -138.363 22.5896 -11.3653 -140.574 
21.1721 -7.47081 -140.63 5.69768 -24.6426 -138.584 -5.39593 -23.7267 -138.667 
-4.0713 -23.409 -139.155 -16.5697 -24.0821 -138.329 23.004 -9.70915 -140.528 
8.02338 -4.10813 -140.381 20.2312 -13.0821 -140.662 15.0589 -23.3041 -140.296 
-1.32595 -6.65502 -139.997 -3.04756 -6.75622 -140.817 -11.4654 -23.539 -137.71 
-14.4297 -23.7118 -138.599 17.3242 -16.2833 -140.211 2.43567 -7.00466 -140.799 
-6.02281 -23.7682 -138.416 -25.312 -16.5545 -139.348 -23.5919 -22.1506 -138.596 
21.0474 -9.26364 -140.898 15.7799 -19.8314 -140.38 11.3902 -4.05292 -141.575 
12.7806 -26.8169 -139.443 -8.91121 -22.8491 -139.296 -11.8069 -23.4727 -138.099 
-22.1355 -23.2943 -138.466 21.3797 -11.8849 -140.898 17.4189 -9.13267 -140.985 
18.2152 -14.6398 -140.675 12.7228 -4.91333 -141.502 7.95076 -25.7705 -139.785 
3.9767 -23.7016 -139.344 -6.21426 -23.2725 -139.435 -11.3701 -23.3079 -138.35 
-11.5387 -23.4915 -137.98 -17.2018 -4.78525 -139.472 -25.5662 -18.4288 -138.533 
21.7059 -10.7803 -140.969 14.8354 -7.52972 -141.213 4.17911 -6.26083 -140.853 
0.186232 -7.37976 -140.802 -10.261 -3.68957 -140.919 -12.0707 -23.0976 -138.975 
-24.8168 -11.9961 -138.91 16.4596 -17.126 -140.525 14.1886 -25.0072 -141.151 
5.82686 -24.565 -139.813 -6.39988 -4.71595 -140.356 -1.75892 -22.9382 -139.805 
-6.69013 -4.09629 -139.739 -14.7035 -4.1729 -140.224 -16.1743 -5.12712 -140.322 
-20.415 -23.5227 -139.274 18.8228 -10.0339 -141.103 18.3385 -12.8565 -141.2 
13.6757 -6.4584 -141.737 -5.08737 -5.96607 -141.036 -10.8483 -22.6091 -139.617 
-24.1441 -20.9592 -139.621 20.0016 -11.4017 -141.114 -8.49744 -4.55931 -141.576 
12.1288 -26.9221 -140.354 2.82647 -22.9815 -140.373 -13.7406 -4.17688 -140.75 
-23.0743 -9.40146 -139.619 -24.2189 -12.8896 -139.974 -24.7484 -14.8407 -139.994 
15.6118 -9.73784 -141.666 15.7521 -18.0638 -141.219 10.3611 -26.567 -140.951 
-7.53999 -23.2118 -139.227 -12.1786 -4.53446 -141.642 17.2582 -10.593 -141.35 
-13.4496 -23.0342 -139.58 -24.1193 -11.3332 -139.5 18.1757 -11.4878 -141.323 
5.61503 -5.48642 -140.946 -18.4845 -7.11663 -140.818 -23.7301 -10.4953 -139.552 
16.8822 -13.9588 -141.464 -16.7451 -6.78766 -141.404 -21.6041 -8.46716 -140.196 
7.32418 -5.19771 -142.217 16.5928 -12.2063 -141.654 15.9537 -15.9145 -141.684 
15.1992 -21.6259 -141.643 0.115663 -22.6663 -140.202 -7.58648 -22.6462 -140.143 
-21.0301 -7.52476 -139.976 10.5437 -4.28185 -142.766 13.2405 -26.4257 -140.65 
-10.2559 -4.3659 -141.996 -21.7682 -22.6459 -139.972 -25.0871 -18.1465 -139.858 
14.1267 -8.34853 -142.343 14.8352 -23.38 -141.822 1.68408 -8.66409 -142.538 
0.0921128 -8.8208 -142.365 -1.48187 -7.31856 -141.085 -12.3398 -22.1332 -140.558 
-15.2849 -23.1576 -140.17 -18.3328 -23.5986 -139.787 -21.732 -10.3596 -141.175 
-14.4209 -5.15411 -141.376 -23.278 -11.1407 -140.261 15.1466 -19.5646 -142.334 
7.04475 -25.0858 -141.155 -3.39624 -22.6242 -140.664 -24.769 -19.5533 -139.736 
13.3571 -26.0125 -141.727 4.57565 -23.4142 -141.255 -4.96394 -22.5144 -140.745 
-19.8651 -8.63853 -141.25 15.6474 -13.9034 -142.047 8.37844 -25.7437 -141.814 
-22.9496 -21.6443 -140.42 14.7878 -12.4267 -142.62 3.69614 -7.5328 -142.525 
-1.27689 -8.41985 -142.131 -16.7845 -23.4866 -140.186 -24.2635 -16.3967 -141.067 
14.0211 -10.1455 -143.323 12.3436 -26.4756 -141.71 5.23325 -6.34198 -142.244 
-5.16508 -7.49455 -142.725 1.46478 -22.0854 -141.407 -0.584009 -21.9021 -141.453 
-6.61564 -5.8986 -142.102 -9.77352 -22.0054 -140.556 -24.8619 -17.4343 -140.391 
12.8181 -5.91307 -142.808 13.3283 -7.39753 -143.237 -2.14404 -7.64813 -141.642 
-23.8414 -14.4461 -141.112 14.5804 -14.7092 -142.982 11.7705 -4.98635 -143.217 
9.34064 -4.66043 -143.17 -6.57538 -22.2325 -140.897 -15.9947 -6.29531 -141.455 
14.8993 -17.8489 -142.862 -8.31073 -21.1951 -141.621 -15.3667 -6.11608 -141.707 
-19.537 -22.3475 -141.216 -2.9748 -8.2818 -142.446 -9.83298 -4.95196 -142.648 
-22.7551 -12.7513 -141.569 -24.21 -18.4561 -141.044 -14.6785 -6.18294 -142.197 
-10.759 -21.1511 -141.523 14.6426 -16.426 -143.133 14.3191 -24.0857 -142.776 
6.02618 -24.2819 -141.541 3.24755 -22.3929 -141.882 -2.38244 -21.9113 -141.549 
-14.1128 -21.9547 -141.232 14.7276 -22.7306 -143.197 -10.7381 -4.82656 -142.542 
-13.7677 -5.82798 -142.329 -12.7897 -20.5642 -142.198 -16.4167 -22.8845 -141.098 
-23.6393 -20.2885 -140.887 10.504 -5.07416 -144.262 9.57363 -26.0217 -142.965 
-3.90861 -21.8469 -141.669 -17.2699 -8.7608 -142.479 14.0274 -13.5163 -143.422 
13.6925 -8.66772 -143.163 7.0528 -24.5764 -142.722 -9.13439 -5.64916 -143.039 
-20.1888 -10.8219 -142.536 -17.5931 -23.0071 -140.979 14.6694 -21.0387 -144.141 
-7.95922 -5.98731 -142.933 -15.5384 -6.86768 -142.189 -15.6148 -22.1385 -141.571 
-0.708539 -9.60012 -142.979 -15.0709 -6.61016 -142.314 -18.5425 -10.3597 -142.977 
-21.5693 -21.8219 -141.262 5.78726 -7.73318 -144.394 -1.50562 -20.9933 -142.478 
-3.30386 -20.7175 -142.698 -22.6801 -15.3576 -142.588 13.865 -12.3057 -143.79 
14.6318 -19.1354 -143.749 8.77059 -6.11369 -144.892 13.1025 -25.2734 -143.161 
0.386402 -20.4293 -142.964 -15.3268 -7.99224 -142.984 -21.3831 -11.9239 -142.421 
13.4786 -8.72209 -143.949 5.69235 -23.5221 -142.639 3.2916 -9.53797 -144.105 
0.397707 -10.268 -143.351 -2.28307 -10.2077 -143.493 -4.28021 -9.32947 -143.629 
-14.4544 -6.86658 -142.8 -17.1402 -21.9415 -141.924 -22.4224 -20.914 -141.599 
-23.2374 -17.4678 -142.382 11.6574 -5.73205 -144.787 -5.51658 -21.101 -142.168 
-12.8508 -6.36343 -143.094 -22.6599 -19.3396 -142.291 13.5719 -9.6841 -144.392 
12.5404 -6.32893 -144.143 13.5279 -10.9561 -145.237 11.2407 -26.1118 -143.043 
8.30421 -25.3963 -143.193 -7.05194 -6.91226 -143.258 2.87632 -21.0664 -143.24 
-8.85622 -7.19717 -143.894 -10.8077 -5.97808 -143.296 -15.4087 -20.1675 -142.813 
14.2975 -17.4948 -144.176 1.81363 -10.3626 -143.781 13.2447 -8.88342 -145.245 
13.7326 -13.386 -143.961 14.4688 -18.2806 -143.803 14.5627 -22.4903 -144.234 
4.55968 -22.3923 -143.029 -20.9017 -20.6031 -142.466 13.0337 -7.61907 -144.511 
13.8519 -14.4007 -144.303 -0.775214 -10.4744 -143.469 -13.5595 -7.76335 -143.683 
14.0474 -23.554 -144.291 2.01271 -19.3353 -144.024 -6.97156 -8.09652 -143.915 
-9.78904 -19.9497 -142.658 -19.2543 -11.5488 -143.46 14.0971 -15.9449 -144.127 
6.40288 -22.7761 -144.53 -1.74432 -19.7137 -143.347 -6.60765 -19.0378 -143.467 
-14.1015 -9.03628 -143.97 -15.4231 -9.55204 -143.649 13.6584 -13.0401 -144.807 
14.428 -19.4709 -144.841 -0.77322 -11.9233 -143.962 -5.74644 -8.8287 -143.884 
-18.5354 -20.2574 -142.981 10.8323 -6.19765 -145.759 -3.80431 -10.3522 -143.971 
-12.0959 -7.29812 -143.922 -21.6917 -13.405 -142.877 14.3595 -18.5727 -144.452 
14.3133 -22.3946 -144.977 -4.68864 -19.7798 -143.296 -11.1368 -19.3017 -143.012 
-16.5833 -11.0495 -143.848 1.21774 -12.2035 -144.295 -20.3172 -12.5965 -143.43 
12.3446 -7.17101 -145.764 10.2519 -25.6542 -144.239 8.97288 -25.2173 -144.308 
7.74191 -24.5163 -144.057 -0.359598 -18.7795 -143.802 -5.56594 -9.78263 -144.241 
-6.89403 -9.44531 -144.443 -8.65372 -19.3352 -143.163 -18.1826 -11.7587 -143.837 
-21.1885 -18.834 -143.352 11.5652 -25.0836 -144.781 2.6107 -11.1921 -144.595 
0.80468 -19.1259 -143.772 -2.44701 -12.1414 -144.199 -22.5083 -16.9416 -143.151 
4.7581 -21.1406 -144.51 -4.11167 -11.4953 -144.329 -4.76468 -10.3793 -144.223 
-9.76954 -18.6738 -143.498 -22.2962 -17.9546 -143.173 13.3057 -9.62081 -146.056 
13.5638 -12.6237 -145.809 13.8648 -15.5113 -145.183 -1.83469 -13.7261 -144.396 
-8.26771 -8.76775 -144.49 -18.9816 -12.5814 -143.978 13.7323 -14.2312 -146.279 
14.0223 -16.7639 -145.329 1.10891 -17.6975 -144.343 -3.33966 -19.3338 -143.584 
-12.236 -8.88283 -144.41 -12.9678 -18.3568 -143.54 -20.06 -19.5725 -143.379 
12.9731 -8.75982 -146.639 14.1237 -21.5906 -145.785 4.65642 -10.7508 -145.767 
3.78843 -19.5821 -144.824 -0.430134 -17.5955 -144.178 -2.36658 -17.7265 -144.111 
-6.24408 -10.9254 -144.63 -10.8245 -7.61248 -144.217 -10.5428 -17.0124 -144.127 
-20.8795 -14.5622 -143.669 14.1781 -18.351 -145.653 7.86068 -8.15923 -146.428 
9.9944 -24.5131 -145.688 3.3721 -10.7221 -144.924 0.15769 -16.8237 -144.32 
-8.48078 -17.7656 -144.03 13.5186 -22.8307 -145.849 9.9901 -7.34711 -146.785 
12.8829 -24.2004 -145.103 3.32575 -11.3962 -145.158 -0.112533 -14.4585 -144.38 
-0.777623 -16.6234 -144.302 -4.49532 -18.5744 -143.89 13.9218 -15.9069 -146.15 
8.30341 -23.9033 -145.4 3.02954 -12.8608 -145.31 1.53011 -14.2563 -144.722 
-0.126949 -15.9963 -144.358 -0.579399 -15.7611 -144.364 -0.539126 -16.1355 -144.339 
-1.54728 -15.667 -144.412 -0.598012 -16.0243 -144.347 -0.775246 -16.0771 -144.356 
-3.59357 -13.3502 -144.569 -8.54963 -10.3211 -144.835 -15.0889 -17.2607 -144.088 
13.0481 -10.0474 -146.942 14.1809 -20.1038 -146 3.09076 -17.8537 -145.117 
0.884002 -15.8755 -144.527 -2.92512 -14.7336 -144.586 -9.9872 -8.89197 -144.615 
-8.93713 -16.4354 -144.46 -13.7959 -10.9217 -144.454 -12.851 -15.696 -144.422 
-17.2242 -18.1815 -143.953 -19.4331 -18.0696 -143.919 -21.286 -16.8005 -143.655 
-3.32414 -15.995 -144.514 -6.0103 -13.1051 -144.803 -5.33407 -16.8931 -144.379 
-7.02676 -17.5176 -144.219 -7.59163 -16.3672 -144.538 -15.3652 -12.6986 -144.49 
-17.5521 -13.58 -144.394 13.2574 -12.1333 -147.067 6.26602 -9.14049 -146.143 
2.6037 -15.6662 -145.221 -4.60061 -14.8513 -144.689 -10.9923 -15.2941 -144.599 
-19.4584 -13.7367 -144.113 -19.2682 -15.5595 -144.294 7.95837 -22.0642 -146.701 
5.7101 -21.2274 -145.317 -9.0783 -14.6503 -144.787 -10.9558 -10.758 -144.856 
-11.4805 -13.9387 -144.787 -6.64892 -14.9743 -144.769 -7.8509 -11.9917 -144.964 
-12.0444 -12.2707 -144.839 -13.4952 -13.3458 -144.679 -15.4147 -14.8029 -144.57 
5.5315 -19.8372 -146.036 -9.37781 -11.6589 -145.024 -10.3498 -12.6328 -144.968 
-16.8609 -14.9824 -144.656 -16.7398 -16.2324 -144.526 -18.1088 -16.7198 -144.434 
14.0074 -17.034 -146.807 -7.38291 -13.9925 -144.906 -7.85422 -13.2877 -144.969 
-8.9333 -12.8062 -145.019 -17.7277 -15.4064 -144.613 13.9317 -15.7339 -147.226 
4.48368 -16.4177 -146.381 6.47121 -21.1967 -146.063 13.0286 -9.216 -147.145 
11.4488 -7.20791 -146.821 4.52358 -12.8221 -146.419 4.65729 -18.2443 -146.046 
9.21914 -23.3771 -146.643 12.5587 -9.11215 -147.457 12.2715 -7.96982 -147.053 
7.21231 -10.3337 -147.397 4.22235 -14.3758 -146.349 11.7041 -23.2073 -146.684 
5.10905 -13.605 -147.03 13.2911 -21.084 -147.253 13.7943 -18.6751 -147.657 
9.55468 -9.2844 -147.765 6.06225 -12.4586 -147.47 11.761 -10.9524 -148.317 
11.3587 -8.46136 -147.603 13.5343 -13.5548 -147.923 5.98999 -14.7333 -147.66 
13.7686 -14.8567 -148.164 6.63987 -17.5583 -147.764 10.1938 -23.4899 -146.885 
13.7861 -16.4936 -148.501 7.20488 -20.0326 -147.386 9.9606 -21.9924 -147.791 
12.9868 -12.6756 -148.519 12.9788 -19.4801 -148.808 7.54316 -11.8165 -148.296 
9.12162 -11.4084 -148.623 8.05367 -13.3683 -148.871 13.4871 -15.2093 -149.317 
11.7971 -20.7769 -148.552 13.2748 -13.9677 -149.076 7.8691 -15.4488 -149.011 
8.70437 -20.5497 -148.201 12.3744 -13.0543 -149.357 8.40767 -18.9179 -148.725 
13.1684 -17.725 -149.429 12.4549 -14.7732 -149.997 12.0301 -18.6837 -149.801 
10.6563 -13.3211 -149.629 9.45593 -16.9727 -149.8 13.1984 -16.1524 -149.794 
10.2347 -19.4252 -149.328 9.40599 -14.8467 -149.838 12.125 -16.7098 -150.39 
10.9333 -15.4796 -150.382 11.056 -17.6874 -150.338 10.9816 -16.6678 -150.593 

POLYGONS 20000 80000
3 0 1 2 
3 0 2 3 
3 1 0 4 
3 4 5 1 
3 3 6 0 
3 4 0 7 
3 3 8 9 
3 6 10 0 
3 7 0 10 
3 9 6 3 
3 7 11 4 
3 10 6 12 
3 7 10 13 
3 14 2 15 
3 16 17 14 
3 14 17 18 
3 19 15 1 
3 1 15 2 
3 20 19 1 
3 14 18 21 
3 21 2 14 
3 18 22 23 
3 1 5 20 
3 21 18 23 
3 21 3 2 
3 21 23 24 
3 3 21 24 
3 5 25 20 
3 26 24 23 
3 24 26 27 
3 4 28 5 
3 25 5 28 
3 8 3 24 
3 27 8 24 
3 28 29 25 
3 30 31 27 
3 27 31 8 
3 28 4 11 
3 11 32 28 
3 29 28 32 
3 6 9 8 
3 8 31 33 
3 12 6 8 
3 32 11 34 
3 35 33 31 
3 11 7 13 
3 12 8 33 
3 12 13 10 
3 36 32 34 
3 33 37 12 
3 11 13 38 
3 38 34 11 
3 38 39 34 
3 36 34 39 
3 40 37 33 
3 12 41 13 
3 12 37 41 
3 41 38 13 
3 40 41 37 
3 41 42 38 
3 16 14 43 
3 14 44 43 
3 45 46 47 
3 47 16 43 
3 15 19 44 
3 14 15 44 
3 46 16 47 
3 48 44 19 
3 16 46 17 
3 46 49 17 
3 48 19 20 
3 22 17 49 
3 22 18 17 
3 50 48 20 
3 51 22 49 
3 26 22 51 
3 23 22 26 
3 20 52 50 
3 53 54 51 
3 26 51 54 
3 52 20 25 
3 54 30 26 
3 27 26 30 
3 25 55 52 
3 55 25 29 
3 54 31 30 
3 29 32 55 
3 31 54 56 
3 56 35 31 
3 35 40 33 
3 56 57 35 
3 57 40 35 
3 36 58 32 
3 58 36 59 
3 57 56 60 
3 39 38 61 
3 61 59 39 
3 36 39 59 
3 57 62 40 
3 63 59 61 
3 61 38 42 
3 42 41 40 
3 64 63 61 
3 57 65 62 
3 66 40 62 
3 42 40 66 
3 66 64 42 
3 42 64 61 
3 64 67 63 
3 65 66 62 
3 68 69 43 
3 44 70 68 
3 71 47 72 
3 69 72 47 
3 43 44 68 
3 72 73 71 
3 47 43 69 
3 73 45 71 
3 47 71 45 
3 45 73 46 
3 74 70 44 
3 74 44 48 
3 74 75 70 
3 46 73 49 
3 76 49 73 
3 48 75 74 
3 77 78 75 
3 48 77 75 
3 79 80 76 
3 79 81 80 
3 80 49 76 
3 48 50 77 
3 81 49 80 
3 53 49 81 
3 50 82 77 
3 53 51 49 
3 52 82 50 
3 52 83 82 
3 84 54 53 
3 83 52 55 
3 55 85 83 
3 86 87 84 
3 54 84 87 
3 32 85 55 
3 54 87 88 
3 88 56 54 
3 56 88 89 
3 85 32 58 
3 56 89 90 
3 90 60 56 
3 57 60 90 
3 90 65 57 
3 59 63 91 
3 58 59 91 
3 90 92 65 
3 65 93 66 
3 67 94 63 
3 91 63 94 
3 93 65 92 
3 67 64 95 
3 93 95 66 
3 64 66 95 
3 95 94 67 
3 92 90 96 
3 93 92 97 
3 98 97 92 
3 93 97 99 
3 95 93 99 
3 100 69 101 
3 102 101 68 
3 68 101 69 
3 68 70 102 
3 103 72 100 
3 69 100 72 
3 73 72 103 
3 70 75 104 
3 75 78 104 
3 73 79 76 
3 77 105 78 
3 82 105 77 
3 81 106 84 
3 84 53 81 
3 83 107 82 
3 108 84 106 
3 107 83 85 
3 84 108 86 
3 87 86 109 
3 109 88 87 
3 109 89 88 
3 89 109 110 
3 58 111 85 
3 110 90 89 
3 112 111 58 
3 112 58 91 
3 91 113 112 
3 110 114 90 
3 113 91 94 
3 96 90 114 
3 113 94 115 
3 114 116 96 
3 95 115 94 
3 92 96 116 
3 98 92 116 
3 113 115 117 
3 118 95 99 
3 97 98 119 
3 99 97 119 
3 118 115 95 
3 119 98 116 
3 118 99 119 
3 118 119 120 
3 121 122 103 
3 100 101 121 
3 103 100 121 
3 123 102 70 
3 124 123 104 
3 123 70 104 
3 125 79 103 
3 79 73 103 
3 104 78 124 
3 126 124 78 
3 78 105 126 
3 79 127 81 
3 81 127 106 
3 128 105 82 
3 107 128 82 
3 129 108 106 
3 107 85 130 
3 108 131 132 
3 86 108 132 
3 130 85 133 
3 86 132 134 
3 134 109 86 
3 133 85 135 
3 134 110 109 
3 85 111 135 
3 135 111 136 
3 134 137 110 
3 136 111 138 
3 111 112 138 
3 110 137 139 
3 113 138 112 
3 110 139 114 
3 138 113 140 
3 139 141 114 
3 142 117 115 
3 116 114 141 
3 118 143 115 
3 143 142 115 
3 142 143 117 
3 116 144 119 
3 120 119 144 
3 120 144 118 
3 144 145 118 
3 143 118 145 
3 146 147 143 
3 117 143 147 
3 148 144 116 
3 145 146 143 
3 101 149 150 
3 101 102 149 
3 151 121 150 
3 121 101 150 
3 152 149 102 
3 122 121 151 
3 153 152 102 
3 102 154 153 
3 102 123 154 
3 122 125 103 
3 123 124 154 
3 155 154 124 
3 156 155 124 
3 125 157 79 
3 124 126 156 
3 126 105 158 
3 105 128 158 
3 108 129 131 
3 159 137 134 
3 136 138 160 
3 137 159 139 
3 160 138 140 
3 139 159 161 
3 140 113 117 
3 160 140 162 
3 117 163 140 
3 161 164 139 
3 141 139 164 
3 162 140 163 
3 164 165 141 
3 117 147 166 
3 116 141 165 
3 165 148 116 
3 145 167 146 
3 147 146 167 
3 145 144 167 
3 166 147 167 
3 166 168 117 
3 163 117 168 
3 167 144 169 
3 170 166 167 
3 165 169 148 
3 144 148 169 
3 169 171 167 
3 171 170 167 
3 149 152 172 
3 153 172 152 
3 149 173 150 
3 174 175 151 
3 173 174 151 
3 151 150 173 
3 151 175 122 
3 176 122 175 
3 125 122 176 
3 157 125 176 
3 177 154 155 
3 155 156 177 
3 156 126 177 
3 127 79 157 
3 178 177 126 
3 126 158 178 
3 158 128 179 
3 180 128 107 
3 180 107 130 
3 181 132 131 
3 134 132 181 
3 134 181 159 
3 160 182 136 
3 162 182 160 
3 161 183 164 
3 162 163 184 
3 168 166 170 
3 168 185 163 
3 165 164 183 
3 170 186 168 
3 165 183 187 
3 186 185 168 
3 163 185 188 
3 184 163 188 
3 188 189 184 
3 165 171 169 
3 186 170 190 
3 188 185 186 
3 187 191 165 
3 171 165 191 
3 192 190 170 
3 193 191 187 
3 191 192 171 
3 171 192 170 
3 186 190 194 
3 193 195 191 
3 192 194 190 
3 149 172 196 
3 196 174 173 
3 149 196 173 
3 174 176 175 
3 197 153 154 
3 177 197 154 
3 157 198 127 
3 177 178 199 
3 179 178 158 
3 127 200 106 
3 106 200 129 
3 201 131 129 
3 131 201 202 
3 180 130 133 
3 133 203 180 
3 135 203 133 
3 136 204 135 
3 204 136 182 
3 161 159 205 
3 205 206 161 
3 182 162 189 
3 183 161 206 
3 162 184 189 
3 187 183 206 
3 189 188 207 
3 206 208 187 
3 193 187 208 
3 209 188 186 
3 208 210 193 
3 194 209 186 
3 188 209 207 
3 195 193 210 
3 195 211 191 
3 192 191 211 
3 195 210 212 
3 195 213 211 
3 194 192 211 
3 209 194 214 
3 214 215 209 
3 207 209 215 
3 194 211 214 
3 212 213 195 
3 216 214 211 
3 211 213 216 
3 213 212 217 
3 216 218 214 
3 218 216 219 
3 217 219 216 
3 220 221 196 
3 220 172 222 
3 196 221 174 
3 196 172 220 
3 153 222 172 
3 223 222 153 
3 197 223 153 
3 221 224 176 
3 176 174 221 
3 225 197 177 
3 177 226 225 
3 226 177 199 
3 198 157 227 
3 226 199 228 
3 199 178 228 
3 198 200 127 
3 178 179 228 
3 229 228 179 
3 200 201 129 
3 202 181 131 
3 230 159 181 
3 204 203 135 
3 159 230 205 
3 204 182 231 
3 189 231 182 
3 205 232 206 
3 231 189 233 
3 207 233 189 
3 208 206 232 
3 234 235 207 
3 233 207 235 
3 212 210 217 
3 215 234 207 
3 208 236 210 
3 214 237 215 
3 217 210 236 
3 218 237 214 
3 234 215 237 
3 216 213 217 
3 238 237 218 
3 219 217 239 
3 219 238 218 
3 239 238 219 
3 240 241 220 
3 220 222 240 
3 241 242 220 
3 242 224 221 
3 220 242 221 
3 224 243 157 
3 157 176 224 
3 197 225 244 
3 225 226 244 
3 227 157 243 
3 245 198 227 
3 198 245 200 
3 200 246 201 
3 247 203 204 
3 247 204 231 
3 231 233 248 
3 208 232 236 
3 233 249 248 
3 237 235 234 
3 235 249 233 
3 237 249 235 
3 238 250 237 
3 250 249 237 
3 239 250 238 
3 240 251 252 
3 252 253 241 
3 240 222 251 
3 242 241 253 
3 241 240 252 
3 223 251 222 
3 242 254 224 
3 243 224 254 
3 255 223 197 
3 256 255 197 
3 256 197 244 
3 257 256 244 
3 257 244 226 
3 243 258 227 
3 259 257 226 
3 260 245 258 
3 227 258 245 
3 226 228 259 
3 245 260 200 
3 200 260 246 
3 246 261 201 
3 128 262 179 
3 180 262 128 
3 201 263 202 
3 205 230 264 
3 265 236 232 
3 239 217 236 
3 250 266 249 
3 250 239 266 
3 267 268 252 
3 252 251 267 
3 253 252 268 
3 251 223 269 
3 270 242 253 
3 254 242 270 
3 223 255 271 
3 254 272 243 
3 258 243 272 
3 273 258 272 
3 258 273 260 
3 259 228 274 
3 228 229 274 
3 260 275 246 
3 261 246 275 
3 263 201 261 
3 203 276 180 
3 277 230 181 
3 248 278 231 
3 265 232 205 
3 248 249 279 
3 236 265 239 
3 249 266 279 
3 280 268 267 
3 267 251 281 
3 253 282 270 
3 253 268 282 
3 251 269 271 
3 271 269 223 
3 270 283 254 
3 272 254 283 
3 256 257 255 
3 284 272 285 
3 272 284 273 
3 286 273 284 
3 273 286 260 
3 260 286 287 
3 275 260 287 
3 229 179 288 
3 263 261 289 
3 179 262 288 
3 290 202 263 
3 277 181 202 
3 291 203 247 
3 264 230 277 
3 231 278 247 
3 278 248 292 
3 293 265 205 
3 292 248 279 
3 266 239 294 
3 281 280 267 
3 282 268 280 
3 251 271 281 
3 282 295 270 
3 295 283 270 
3 271 255 296 
3 296 255 257 
3 297 272 283 
3 272 297 285 
3 298 284 285 
3 299 257 259 
3 284 298 286 
3 259 274 299 
3 275 287 286 
3 288 300 229 
3 261 275 289 
3 263 289 290 
3 301 262 180 
3 276 301 180 
3 203 302 276 
3 291 302 203 
3 266 303 279 
3 304 294 239 
3 266 294 305 
3 282 280 306 
3 307 295 306 
3 295 282 306 
3 295 307 283 
3 285 308 298 
3 309 299 274 
3 310 286 298 
3 286 310 311 
3 275 286 311 
3 300 274 229 
3 302 301 276 
3 291 247 312 
3 312 247 313 
3 313 247 278 
3 303 292 279 
3 304 239 265 
3 280 281 314 
3 271 315 281 
3 283 307 297 
3 297 308 285 
3 277 202 290 
3 266 305 303 
3 280 314 316 
3 316 317 306 
3 306 280 316 
3 306 317 307 
3 315 271 296 
3 297 318 308 
3 308 310 298 
3 309 274 300 
3 275 311 289 
3 319 288 262 
3 277 320 264 
3 291 321 302 
3 321 322 302 
3 312 321 291 
3 312 322 321 
3 278 323 313 
3 205 324 293 
3 292 325 278 
3 281 315 314 
3 307 326 297 
3 308 318 310 
3 301 302 327 
3 323 312 313 
3 317 326 307 
3 296 328 315 
3 329 296 257 
3 257 299 329 
3 330 310 318 
3 331 205 264 
3 322 312 323 
3 325 332 278 
3 305 333 303 
3 316 314 334 
3 317 316 335 
3 336 297 326 
3 318 297 336 
3 330 311 310 
3 337 262 301 
3 290 338 277 
3 278 332 323 
3 326 317 339 
3 329 328 296 
3 340 311 341 
3 340 289 311 
3 342 337 301 
3 322 343 302 
3 292 332 325 
3 265 293 344 
3 333 305 294 
3 335 316 345 
3 316 334 345 
3 346 334 314 
3 317 335 339 
3 315 346 314 
3 347 329 299 
3 330 341 311 
3 288 348 300 
3 262 337 319 
3 301 327 342 
3 327 302 343 
3 324 205 331 
3 344 304 265 
3 346 315 349 
3 350 347 299 
3 299 309 351 
3 348 309 300 
3 289 352 290 
3 320 277 338 
3 294 304 353 
3 315 328 349 
3 326 354 336 
3 328 329 355 
3 329 347 355 
3 318 356 330 
3 350 299 357 
3 341 330 358 
3 319 348 288 
3 352 289 340 
3 352 359 290 
3 322 323 360 
3 360 361 322 
3 354 326 339 
3 355 347 362 
3 350 362 347 
3 357 299 351 
3 363 343 322 
3 264 320 364 
3 365 322 361 
3 360 366 361 
3 367 361 366 
3 367 365 361 
3 360 367 366 
3 323 368 360 
3 367 360 368 
3 368 323 332 
3 369 293 324 
3 370 328 355 
3 371 350 357 
3 372 371 357 
3 351 372 357 
3 340 341 373 
3 338 290 359 
3 374 343 363 
3 322 365 363 
3 331 264 364 
3 368 365 367 
3 375 324 331 
3 333 294 353 
3 345 376 335 
3 371 362 350 
3 362 371 372 
3 377 309 348 
3 369 344 293 
3 292 303 378 
3 303 333 379 
3 346 380 334 
3 339 335 381 
3 349 382 346 
3 330 383 358 
3 352 384 359 
3 337 385 319 
3 385 337 342 
3 292 386 332 
3 386 292 387 
3 378 303 388 
3 389 304 344 
3 330 356 390 
3 362 372 391 
3 391 392 362 
3 351 391 372 
3 351 393 391 
3 393 392 391 
3 394 393 351 
3 358 373 341 
3 343 395 327 
3 332 396 368 
3 375 369 324 
3 397 388 303 
3 398 345 334 
3 335 376 381 
3 328 399 349 
3 362 400 355 
3 400 362 392 
3 401 330 390 
3 401 383 330 
3 383 402 358 
3 394 351 377 
3 351 309 377 
3 403 319 385 
3 338 359 404 
3 365 368 396 
3 378 387 292 
3 379 397 303 
3 333 353 405 
3 405 379 333 
3 345 398 376 
3 334 380 398 
3 382 406 346 
3 390 336 407 
3 390 318 336 
3 390 356 318 
3 327 408 342 
3 408 327 395 
3 320 338 404 
3 343 374 395 
3 364 320 409 
3 363 365 410 
3 411 387 378 
3 380 346 406 
3 401 402 383 
3 373 352 340 
3 412 348 319 
3 412 319 403 
3 342 408 385 
3 413 408 395 
3 414 374 363 
3 389 353 304 
3 415 381 376 
3 406 416 380 
3 417 336 354 
3 370 355 418 
3 418 355 419 
3 400 419 355 
3 394 420 393 
3 384 421 359 
3 359 421 404 
3 414 363 410 
3 396 332 422 
3 389 405 353 
3 349 423 382 
3 399 424 349 
3 407 336 417 
3 399 328 425 
3 425 328 370 
3 400 392 420 
3 420 392 393 
3 394 377 426 
3 404 427 320 
3 409 320 428 
3 429 374 430 
3 430 374 414 
3 431 365 396 
3 432 378 388 
3 432 388 397 
3 433 339 381 
3 433 354 339 
3 423 349 424 
3 390 434 401 
3 435 373 358 
3 421 384 436 
3 385 437 403 
3 437 385 408 
3 427 428 320 
3 414 410 430 
3 410 365 431 
3 331 364 438 
3 439 331 438 
3 375 331 439 
3 439 440 375 
3 369 375 441 
3 411 378 432 
3 344 442 389 
3 376 398 415 
3 443 424 399 
3 443 399 425 
3 419 400 420 
3 401 434 402 
3 348 412 444 
3 445 384 352 
3 445 436 384 
3 427 404 446 
3 364 409 447 
3 396 422 448 
3 447 438 364 
3 332 386 422 
3 441 375 440 
3 441 449 369 
3 449 344 369 
3 450 442 344 
3 389 451 405 
3 380 416 398 
3 423 406 382 
3 417 354 433 
3 370 418 425 
3 358 452 435 
3 348 444 377 
3 352 373 435 
3 453 412 403 
3 421 446 404 
3 395 454 413 
3 431 455 410 
3 456 447 409 
3 448 431 396 
3 439 438 440 
3 438 447 440 
3 387 457 386 
3 397 379 458 
3 379 405 451 
3 458 432 397 
3 381 415 433 
3 423 424 443 
3 434 459 402 
3 426 377 460 
3 452 358 402 
3 352 435 445 
3 437 408 413 
3 454 395 374 
3 410 455 430 
3 428 456 409 
3 441 440 447 
3 411 457 387 
3 449 450 344 
3 461 411 432 
3 451 458 379 
3 417 462 407 
3 419 463 418 
3 464 420 394 
3 464 394 426 
3 436 465 421 
3 466 428 427 
3 458 467 432 
3 406 468 416 
3 390 407 462 
3 469 459 434 
3 426 460 464 
3 470 377 444 
3 453 444 412 
3 403 437 471 
3 446 421 465 
3 446 466 427 
3 454 374 429 
3 389 442 472 
3 432 473 461 
3 472 451 389 
3 473 432 467 
3 423 468 406 
3 474 468 423 
3 463 425 418 
3 390 475 434 
3 459 476 402 
3 477 435 452 
3 429 430 455 
3 455 431 478 
3 448 478 431 
3 478 448 422 
3 479 442 450 
3 480 442 481 
3 480 472 442 
3 451 482 458 
3 482 467 458 
3 483 415 398 
3 443 474 423 
3 463 484 425 
3 464 485 420 
3 452 402 476 
3 377 470 460 
3 403 471 453 
3 486 441 447 
3 457 422 386 
3 441 487 449 
3 488 450 449 
3 479 489 442 
3 461 490 411 
3 450 491 479 
3 489 479 491 
3 481 442 489 
3 480 481 492 
3 472 480 492 
3 489 492 481 
3 461 493 490 
3 461 473 494 
3 451 472 495 
3 496 451 495 
3 497 473 467 
3 496 482 451 
3 482 497 467 
3 417 433 498 
3 498 499 417 
3 484 500 425 
3 469 475 501 
3 469 434 475 
3 470 464 460 
3 435 502 445 
3 457 411 490 
3 492 489 491 
3 494 493 461 
3 472 492 495 
3 494 473 503 
3 497 503 473 
3 482 503 497 
3 416 504 398 
3 468 474 505 
3 443 505 474 
3 500 506 425 
3 462 501 390 
3 469 476 459 
3 502 435 477 
3 454 507 413 
3 429 455 508 
3 478 509 455 
3 488 510 450 
3 450 510 491 
3 493 494 503 
3 482 496 511 
3 468 512 416 
3 505 512 468 
3 499 462 417 
3 500 484 513 
3 513 484 463 
3 463 419 514 
3 420 515 419 
3 485 515 420 
3 464 470 516 
3 466 446 517 
3 422 457 518 
3 488 449 487 
3 490 519 457 
3 493 520 490 
3 493 503 521 
3 522 521 503 
3 482 523 503 
3 523 524 503 
3 482 511 523 
3 524 522 503 
3 504 483 398 
3 525 415 483 
3 512 526 416 
3 505 526 512 
3 425 506 443 
3 513 463 514 
3 515 514 419 
3 475 390 501 
3 516 485 464 
3 452 527 477 
3 444 453 528 
3 445 529 436 
3 530 471 437 
3 429 508 454 
3 428 466 531 
3 457 532 518 
3 519 532 457 
3 520 519 490 
3 491 495 492 
3 520 493 521 
3 496 495 511 
3 521 522 533 
3 523 511 534 
3 533 522 524 
3 524 523 534 
3 433 415 535 
3 505 536 526 
3 537 505 443 
3 500 538 506 
3 500 513 538 
3 485 539 515 
3 501 540 469 
3 446 541 517 
3 509 508 455 
3 542 543 518 
3 543 422 518 
3 532 542 518 
3 519 544 532 
3 545 491 510 
3 511 495 546 
3 534 511 546 
3 524 547 533 
3 547 524 534 
3 415 525 535 
3 548 416 526 
3 548 526 536 
3 537 536 505 
3 506 549 443 
3 513 514 538 
3 515 550 514 
3 515 539 550 
3 539 485 551 
3 551 485 516 
3 527 452 476 
3 477 552 502 
3 413 507 437 
3 441 486 487 
3 542 553 543 
3 553 542 532 
3 520 521 554 
3 521 555 554 
3 533 555 521 
3 547 555 533 
3 534 556 547 
3 535 525 557 
3 525 483 504 
3 548 536 558 
3 536 537 558 
3 443 549 559 
3 549 506 538 
3 469 540 476 
3 470 444 560 
3 528 560 444 
3 445 502 561 
3 561 562 445 
3 562 529 445 
3 471 563 453 
3 564 465 436 
3 428 531 456 
3 422 565 478 
3 534 546 566 
3 555 547 567 
3 556 534 566 
3 568 567 547 
3 556 568 547 
3 569 504 416 
3 416 548 570 
3 535 571 433 
3 558 537 572 
3 537 443 572 
3 549 538 573 
3 573 538 514 
3 550 573 514 
3 550 539 574 
3 574 539 551 
3 527 476 540 
3 529 564 436 
3 565 422 543 
3 532 544 553 
3 555 575 554 
3 568 556 566 
3 525 504 557 
3 443 559 572 
3 433 576 498 
3 499 498 576 
3 499 501 462 
3 550 574 577 
3 574 551 577 
3 477 527 552 
3 560 578 470 
3 579 507 454 
3 519 580 544 
3 581 575 555 
3 555 567 581 
3 568 582 567 
3 582 581 567 
3 569 583 504 
3 504 583 557 
3 416 570 569 
3 548 558 570 
3 557 571 535 
3 558 572 584 
3 433 571 576 
3 549 573 559 
3 585 501 499 
3 573 550 577 
3 560 528 578 
3 502 552 561 
3 586 528 453 
3 471 530 563 
3 587 531 466 
3 588 447 456 
3 478 565 509 
3 589 487 486 
3 488 487 590 
3 580 519 591 
3 519 520 591 
3 545 592 495 
3 545 495 491 
3 593 546 495 
3 575 594 554 
3 581 595 575 
3 566 582 568 
3 581 582 596 
3 559 597 572 
3 437 507 530 
3 446 465 541 
3 579 454 508 
3 447 588 486 
3 510 488 590 
3 580 553 544 
3 554 591 520 
3 591 554 594 
3 595 581 596 
3 584 570 558 
3 597 584 572 
3 576 598 499 
3 453 563 586 
3 599 541 465 
3 543 600 565 
3 546 601 566 
3 594 575 595 
3 576 571 598 
3 597 559 602 
3 559 573 602 
3 602 573 603 
3 564 529 604 
3 465 564 599 
3 605 517 541 
3 517 587 466 
3 600 543 553 
3 591 606 580 
3 593 495 592 
3 601 546 593 
3 607 595 596 
3 608 607 596 
3 582 608 596 
3 557 583 609 
3 602 610 597 
3 577 611 573 
3 612 456 531 
3 613 508 509 
3 613 509 565 
3 614 486 588 
3 565 600 615 
3 594 616 591 
3 607 608 617 
3 608 582 618 
3 583 569 619 
3 584 597 620 
3 620 597 610 
3 551 516 621 
3 562 604 529 
3 622 563 530 
3 456 612 588 
3 615 613 565 
3 553 580 600 
3 591 616 606 
3 618 617 608 
3 583 619 609 
3 623 557 609 
3 602 603 610 
3 530 507 624 
3 625 600 580 
3 545 626 592 
3 601 593 627 
3 595 628 594 
3 629 628 595 
3 629 595 607 
3 629 607 617 
3 603 620 610 
3 585 499 598 
3 630 611 577 
3 631 540 501 
3 561 552 632 
3 633 508 613 
3 589 486 614 
3 634 625 580 
3 545 510 635 
3 606 634 580 
3 594 636 616 
3 623 637 557 
3 598 571 638 
3 611 603 573 
3 551 630 577 
3 561 639 562 
3 640 541 599 
3 641 507 579 
3 517 605 642 
3 508 643 579 
3 644 612 587 
3 612 531 587 
3 600 645 615 
3 600 625 645 
3 589 590 487 
3 510 590 635 
3 634 606 646 
3 647 592 626 
3 616 648 606 
3 649 616 650 
3 636 650 616 
3 594 628 636 
3 637 571 557 
3 501 585 651 
3 527 540 652 
3 586 563 622 
3 599 564 604 
3 624 507 641 
3 587 517 642 
3 642 644 587 
3 612 644 588 
3 653 615 645 
3 626 545 635 
3 649 648 616 
3 649 650 636 
3 628 629 654 
3 618 655 617 
3 609 656 623 
3 569 657 619 
3 571 637 638 
3 528 586 578 
3 604 562 639 
3 643 508 633 
3 658 615 653 
3 625 653 645 
3 634 659 625 
3 646 659 634 
3 646 606 660 
3 659 646 660 
3 648 660 606 
3 661 593 592 
3 593 661 627 
3 649 636 662 
3 662 636 628 
3 657 569 570 
3 663 585 598 
3 621 630 551 
3 621 516 664 
3 470 664 516 
3 578 665 470 
3 605 541 640 
3 613 658 633 
3 615 658 613 
3 662 666 649 
3 601 667 566 
3 668 582 566 
3 618 582 668 
3 617 654 629 
3 631 501 669 
3 642 605 670 
3 671 643 633 
3 644 672 588 
3 673 659 660 
3 635 674 626 
3 675 647 626 
3 648 676 660 
3 648 666 676 
3 649 666 648 
3 667 668 566 
3 677 628 654 
3 584 678 570 
3 584 679 678 
3 651 669 501 
3 680 652 540 
3 527 652 681 
3 552 527 681 
3 682 641 579 
3 670 644 642 
3 643 683 579 
3 683 643 671 
3 588 684 614 
3 659 673 625 
3 675 626 674 
3 660 676 673 
3 592 647 661 
3 601 627 661 
3 685 618 668 
3 655 654 617 
3 678 657 570 
3 620 686 584 
3 611 687 603 
3 688 651 585 
3 689 578 586 
3 690 639 561 
3 624 691 530 
3 684 588 672 
3 692 635 590 
3 673 693 625 
3 666 694 676 
3 619 657 695 
3 687 696 603 
3 663 688 585 
3 697 669 651 
3 669 697 698 
3 611 630 699 
3 631 700 540 
3 578 689 665 
3 530 691 622 
3 682 701 641 
3 658 671 633 
3 702 589 614 
3 692 590 589 
3 653 625 693 
3 674 703 675 
3 676 694 673 
3 661 704 601 
3 677 662 628 
3 609 705 656 
3 609 695 705 
3 695 609 619 
3 679 584 686 
3 706 598 638 
3 696 620 603 
3 707 687 611 
3 624 641 701 
3 692 589 702 
3 708 703 674 
3 662 709 666 
3 630 621 710 
3 680 681 652 
3 664 470 665 
3 632 690 561 
3 682 579 683 
3 702 614 684 
3 711 703 708 
3 675 712 647 
3 661 647 712 
3 712 704 661 
3 667 601 713 
3 677 654 714 
3 655 618 685 
3 705 695 657 
3 715 679 686 
3 716 707 611 
3 699 716 611 
3 700 631 669 
3 717 632 552 
3 552 681 717 
3 718 599 604 
3 719 658 653 
3 720 692 702 
3 673 721 693 
3 721 673 694 
3 703 711 675 
3 711 712 675 
3 694 666 709 
3 722 667 713 
3 709 662 677 
3 655 723 654 
3 657 724 705 
3 678 725 657 
3 726 688 663 
3 727 651 688 
3 651 727 697 
3 669 698 728 
3 728 698 697 
3 680 540 700 
3 729 639 690 
3 719 671 658 
3 674 635 730 
3 711 708 731 
3 704 732 601 
3 601 722 713 
3 723 655 733 
3 723 714 654 
3 663 598 706 
3 734 688 726 
3 632 735 690 
3 604 639 729 
3 736 586 622 
3 737 622 691 
3 670 738 644 
3 739 702 684 
3 635 692 740 
3 732 704 712 
3 741 694 709 
3 742 623 656 
3 637 623 742 
3 715 678 679 
3 743 638 637 
3 696 744 620 
3 687 707 696 
3 727 688 734 
3 697 727 728 
3 728 700 669 
3 640 599 718 
3 745 605 640 
3 720 702 739 
3 730 635 740 
3 730 708 674 
3 730 746 708 
3 731 708 746 
3 712 711 731 
3 741 709 747 
3 722 748 667 
3 677 749 709 
3 743 637 742 
3 724 657 725 
3 620 750 686 
3 630 710 699 
3 621 664 710 
3 717 735 632 
3 622 737 736 
3 605 745 670 
3 751 701 682 
3 672 752 684 
3 693 719 653 
3 721 753 693 
3 720 740 692 
3 754 746 730 
3 732 755 601 
3 747 709 749 
3 733 655 685 
3 723 756 714 
3 743 757 638 
3 744 750 620 
3 696 758 744 
3 759 604 729 
3 604 759 718 
3 760 683 671 
3 672 761 752 
3 753 719 693 
3 754 730 740 
3 754 731 746 
3 722 762 748 
3 667 763 668 
3 705 764 656 
3 638 757 706 
3 644 761 672 
3 752 765 684 
3 731 732 712 
3 766 732 731 
3 767 755 732 
3 601 755 767 
3 762 601 767 
3 762 722 601 
3 667 748 763 
3 763 768 668 
3 668 768 769 
3 685 668 769 
3 656 770 742 
3 724 725 771 
3 707 758 696 
3 772 664 665 
3 586 773 689 
3 736 774 586 
3 624 701 691 
3 683 751 682 
3 775 644 738 
3 739 684 765 
3 694 741 721 
3 776 768 763 
3 714 777 677 
3 733 756 723 
3 764 705 724 
3 778 757 743 
3 778 706 757 
3 750 715 686 
3 758 750 744 
3 779 727 734 
3 780 772 665 
3 736 737 774 
3 701 751 781 
3 671 782 760 
3 765 752 761 
3 748 776 763 
3 776 769 768 
3 656 764 770 
3 770 743 742 
3 715 725 678 
3 680 783 681 
3 784 735 717 
3 773 586 774 
3 729 690 785 
3 738 670 745 
3 786 683 760 
3 782 671 719 
3 767 732 787 
3 788 777 714 
3 756 788 714 
3 779 734 726 
3 700 789 680 
3 789 783 680 
3 721 741 790 
3 787 732 766 
3 762 767 787 
3 777 749 677 
3 791 685 769 
3 791 733 685 
3 717 681 792 
3 690 735 784 
3 701 793 691 
3 745 640 718 
3 644 775 761 
3 787 766 794 
3 791 756 733 
3 725 795 771 
3 796 663 706 
3 772 797 664 
3 798 665 689 
3 785 690 799 
3 721 800 753 
3 762 787 794 
3 801 776 748 
3 769 776 801 
3 663 796 726 
3 779 802 727 
3 803 789 700 
3 664 797 804 
3 780 797 772 
3 665 798 780 
3 805 741 747 
3 806 770 764 
3 750 807 715 
3 728 727 808 
3 809 797 780 
3 792 681 783 
3 792 784 717 
3 798 689 773 
3 784 799 690 
3 786 751 683 
3 810 739 765 
3 720 739 811 
3 777 788 812 
3 788 756 813 
3 756 791 814 
3 814 813 756 
3 815 764 816 
3 743 770 817 
3 725 715 795 
3 807 750 758 
3 818 779 726 
3 765 761 810 
3 819 754 740 
3 731 754 820 
3 766 731 821 
3 822 823 766 
3 749 777 824 
3 816 764 724 
3 771 816 724 
3 808 727 802 
3 699 710 825 
3 825 710 826 
3 803 700 827 
3 664 828 710 
3 828 664 804 
3 809 804 797 
3 759 829 718 
3 760 782 786 
3 739 810 811 
3 731 820 821 
3 747 749 805 
3 762 794 748 
3 812 824 777 
3 788 830 812 
3 824 812 830 
3 743 817 778 
3 715 831 795 
3 807 832 715 
3 833 807 758 
3 834 726 796 
3 835 758 707 
3 699 836 716 
3 803 837 789 
3 837 783 789 
3 809 828 804 
3 691 838 737 
3 839 753 800 
3 805 790 741 
3 821 822 766 
3 840 791 769 
3 764 815 806 
3 831 715 832 
3 706 841 796 
3 808 827 728 
3 836 699 825 
3 728 827 700 
3 842 826 710 
3 828 842 710 
3 793 838 691 
3 829 745 718 
3 701 843 793 
3 843 701 781 
3 751 786 781 
3 790 800 721 
3 819 740 720 
3 844 830 788 
3 816 845 815 
3 846 778 817 
3 841 706 778 
3 807 833 832 
3 818 802 779 
3 836 707 716 
3 803 827 837 
3 847 792 783 
3 848 737 838 
3 761 849 810 
3 850 720 811 
3 805 749 851 
3 824 851 749 
3 771 845 816 
3 852 833 758 
3 796 841 834 
3 773 774 853 
3 854 754 855 
3 754 854 820 
3 856 851 824 
3 830 857 856 
3 824 830 856 
3 830 844 857 
3 813 858 788 
3 791 859 814 
3 770 860 817 
3 833 852 832 
3 861 808 802 
3 848 774 737 
3 862 759 729 
3 759 862 829 
3 738 745 863 
3 738 863 775 
3 775 864 761 
3 850 811 810 
3 800 790 865 
3 766 823 866 
3 866 794 766 
3 794 801 748 
3 840 769 867 
3 771 795 868 
3 795 831 868 
3 726 834 818 
3 707 836 869 
3 870 842 828 
3 848 853 774 
3 838 793 843 
3 786 782 871 
3 753 839 719 
3 854 821 820 
3 822 872 823 
3 851 856 857 
3 791 840 859 
3 859 873 814 
3 771 874 845 
3 770 806 860 
3 831 832 852 
3 841 778 875 
3 707 869 835 
3 828 809 870 
3 785 876 729 
3 862 729 876 
3 819 720 877 
3 821 872 822 
3 857 844 851 
3 769 801 878 
3 831 852 868 
3 861 802 818 
3 808 861 879 
3 879 880 808 
3 825 826 842 
3 870 825 842 
3 773 853 798 
3 785 799 881 
3 871 781 786 
3 871 782 882 
3 882 782 719 
3 810 883 850 
3 720 850 877 
3 769 878 884 
3 769 884 867 
3 788 858 885 
3 788 885 844 
3 813 814 858 
3 874 771 868 
3 783 837 847 
3 754 819 855 
3 845 886 815 
3 835 852 758 
3 827 808 880 
3 887 784 792 
3 881 799 784 
3 872 866 823 
3 801 794 888 
3 889 878 801 
3 859 840 890 
3 834 861 818 
3 847 887 792 
3 798 891 780 
3 798 892 891 
3 798 853 892 
3 871 893 781 
3 863 894 775 
3 894 864 775 
3 895 819 877 
3 896 854 855 
3 858 814 873 
3 873 859 897 
3 815 898 806 
3 899 846 817 
3 785 881 900 
3 843 781 901 
3 849 883 810 
3 855 819 895 
3 821 854 896 
3 888 794 902 
3 888 889 801 
3 844 903 851 
3 889 884 878 
3 867 904 840 
3 860 905 817 
3 905 860 806 
3 879 906 880 
3 906 879 861 
3 827 880 907 
3 809 780 908 
3 785 900 876 
3 909 848 838 
3 910 745 829 
3 745 910 863 
3 893 901 781 
3 894 863 911 
3 790 805 912 
3 859 890 913 
3 914 845 874 
3 875 778 846 
3 915 834 841 
3 916 861 834 
3 908 870 809 
3 917 829 862 
3 918 838 843 
3 864 894 911 
3 872 821 919 
3 866 872 919 
3 805 851 920 
3 840 904 890 
3 904 913 890 
3 815 886 898 
3 845 914 886 
3 921 841 875 
3 906 907 880 
3 918 909 838 
3 864 849 761 
3 719 839 922 
3 800 865 839 
3 790 912 865 
3 904 867 884 
3 923 905 806 
3 924 852 835 
3 925 915 841 
3 834 915 916 
3 926 861 916 
3 927 863 910 
3 794 866 902 
3 903 844 885 
3 899 817 905 
3 928 874 868 
3 780 929 908 
3 843 901 918 
3 927 911 863 
3 871 882 930 
3 719 922 882 
3 913 904 931 
3 932 875 846 
3 846 899 932 
3 868 852 933 
3 929 780 891 
3 887 847 934 
3 853 935 892 
3 871 930 893 
3 936 930 882 
3 839 937 938 
3 896 919 821 
3 919 939 866 
3 851 903 940 
3 941 889 888 
3 858 873 942 
3 898 923 806 
3 914 898 886 
3 837 943 847 
3 870 908 944 
3 935 891 892 
3 938 922 839 
3 839 865 937 
3 904 884 931 
3 933 928 868 
3 925 841 921 
3 835 869 945 
3 946 906 861 
3 943 837 947 
3 784 887 881 
3 929 891 935 
3 850 883 877 
3 912 805 920 
3 920 948 912 
3 896 949 919 
3 851 950 920 
3 950 851 940 
3 888 951 941 
3 941 884 889 
3 942 873 897 
3 932 921 875 
3 925 952 915 
3 953 906 946 
3 869 836 954 
3 955 836 825 
3 876 956 862 
3 883 957 877 
3 949 939 919 
3 951 888 902 
3 958 884 941 
3 897 859 913 
3 959 933 852 
3 945 869 960 
3 961 906 953 
3 961 907 906 
3 836 962 954 
3 962 836 955 
3 827 947 837 
3 955 825 963 
3 908 929 944 
3 964 935 853 
3 965 910 829 
3 966 849 864 
3 967 877 957 
3 968 885 858 
3 921 952 925 
3 835 945 924 
3 963 825 870 
3 965 829 917 
3 864 911 969 
3 937 865 970 
3 967 895 877 
3 967 971 895 
3 865 912 972 
3 895 973 855 
3 974 896 855 
3 949 975 939 
3 976 866 939 
3 866 977 902 
3 923 898 978 
3 979 899 905 
3 980 932 899 
3 960 869 954 
3 953 981 961 
3 964 853 848 
3 966 864 969 
3 982 883 849 
3 896 974 949 
3 975 983 939 
3 866 976 977 
3 931 884 984 
3 931 985 913 
3 874 986 914 
3 987 874 928 
3 980 899 979 
3 960 924 945 
3 861 926 946 
3 946 981 953 
3 870 944 963 
3 988 847 943 
3 876 900 956 
3 989 917 862 
3 910 990 927 
3 973 991 855 
3 950 948 920 
3 939 983 976 
3 942 968 858 
3 978 898 914 
3 986 874 987 
3 916 915 952 
3 992 827 907 
3 936 882 922 
3 982 849 993 
3 957 994 967 
3 974 975 949 
3 941 951 958 
3 984 884 958 
3 933 995 928 
3 921 996 952 
3 881 887 997 
3 998 862 956 
3 966 993 849 
3 994 957 883 
3 999 970 865 
3 950 940 1000 
3 1001 885 968 
3 1002 961 981 
3 1002 907 961 
3 955 1003 962 
3 1004 1003 955 
3 934 847 988 
3 997 887 934 
3 964 848 1005 
3 909 1005 848 
3 989 862 998 
3 1006 909 918 
3 901 1007 1008 
3 1009 927 990 
3 893 1007 901 
3 994 1010 967 
3 940 903 1000 
3 1011 903 885 
3 923 1012 905 
3 914 986 978 
3 995 987 928 
3 924 959 852 
3 992 907 1002 
3 1004 955 963 
3 1013 947 827 
3 1014 963 944 
3 947 988 943 
3 881 997 1015 
3 901 1008 918 
3 1016 918 1008 
3 965 990 910 
3 927 969 911 
3 971 967 1010 
3 895 971 1017 
3 895 1017 973 
3 1018 991 973 
3 1019 975 974 
3 1020 976 983 
3 976 1020 977 
3 1020 902 977 
3 985 1021 913 
3 1021 897 913 
3 923 978 1022 
3 979 905 1012 
3 1023 926 916 
3 1024 946 926 
3 1014 1004 963 
3 900 881 1015 
3 883 982 994 
3 1010 1025 971 
3 855 991 974 
3 983 975 1019 
3 1011 1000 903 
3 951 902 1020 
3 984 958 1026 
3 1023 916 952 
3 954 962 1003 
3 1027 997 934 
3 1025 1028 971 
3 971 1028 1017 
3 1028 1018 1017 
3 1017 1018 973 
3 1029 972 912 
3 1030 983 1019 
3 931 984 1031 
3 1023 1024 926 
3 946 1024 981 
3 992 1013 827 
3 988 947 1032 
3 1027 934 988 
3 1015 1033 900 
3 965 917 989 
3 1034 1008 1007 
3 1035 927 1009 
3 982 1010 994 
3 948 950 1036 
3 1037 1019 974 
3 1030 1038 983 
3 983 1038 1020 
3 1026 951 1020 
3 951 1026 958 
3 1001 968 942 
3 1012 923 1022 
3 1013 1032 947 
3 964 1039 935 
3 1016 1006 918 
3 969 927 1035 
3 922 938 1040 
3 1040 938 937 
3 999 865 972 
3 912 948 1041 
3 974 991 1037 
3 897 1021 1042 
3 1043 1032 1013 
3 1044 944 929 
3 930 1045 893 
3 936 1045 930 
3 1046 937 970 
3 1025 1047 1028 
3 1048 1036 950 
3 1048 950 1000 
3 942 897 1042 
3 992 1043 1013 
3 929 1049 1044 
3 909 1006 1005 
3 1008 1034 1016 
3 990 965 1050 
3 1051 1007 893 
3 1040 937 1046 
3 1052 1025 1010 
3 1041 1029 912 
3 1030 1019 1037 
3 1038 1053 1020 
3 1011 885 1001 
3 952 1054 1023 
3 1055 1024 1023 
3 929 935 1049 
3 1056 964 1005 
3 956 900 1033 
3 956 1057 998 
3 998 1057 989 
3 990 1050 1009 
3 1040 936 922 
3 1025 1052 1047 
3 1018 1028 1047 
3 948 1036 1041 
3 1031 985 931 
3 1021 985 1058 
3 978 1059 1022 
3 978 986 1059 
3 1060 980 979 
3 1061 921 932 
3 1004 1014 1062 
3 944 1062 1014 
3 1015 997 1063 
3 964 1064 1039 
3 1045 1051 893 
3 1065 1030 1037 
3 1030 1066 1038 
3 1038 1066 1053 
3 1020 1053 1026 
3 1061 996 921 
3 1023 1054 1055 
3 1067 992 1002 
3 1004 1068 1003 
3 935 1039 1049 
3 964 1056 1064 
3 993 966 1069 
3 999 1046 970 
3 999 972 1070 
3 1000 1011 1071 
3 1072 942 1042 
3 1073 1031 984 
3 995 1074 987 
3 932 980 1061 
3 933 959 1075 
3 1067 1002 981 
3 954 1003 1076 
3 1077 1043 992 
3 988 1032 1078 
3 1027 1079 997 
3 1080 1005 1006 
3 1006 1016 1081 
3 1082 966 969 
3 982 993 1069 
3 1083 991 1018 
3 1058 985 1031 
3 1012 1084 979 
3 986 987 1074 
3 996 1085 952 
3 924 960 1086 
3 1087 1024 1055 
3 1088 1062 944 
3 989 1057 965 
3 972 1029 1070 
3 1037 991 1083 
3 1001 942 1072 
3 1042 1021 1089 
3 933 1090 995 
3 924 1075 959 
3 952 1085 1054 
3 924 1086 1091 
3 1092 960 954 
3 1093 1076 1003 
3 1033 1015 1063 
3 1007 1051 1094 
3 1082 969 1035 
3 936 1040 1095 
3 1010 982 1052 
3 1047 1096 1018 
3 984 1026 1097 
3 1073 1058 1031 
3 1059 986 1098 
3 1098 986 1074 
3 1090 933 1075 
3 954 1076 1092 
3 1067 1077 992 
3 1043 1078 1032 
3 1088 944 1044 
3 1099 956 1033 
3 1100 1081 1016 
3 1007 1094 1034 
3 1101 1052 982 
3 1096 1083 1018 
3 1058 1102 1021 
3 1103 1074 1090 
3 995 1090 1074 
3 1104 1055 1054 
3 1087 981 1024 
3 1027 988 1105 
3 1056 1005 1080 
3 1035 1009 1050 
3 1106 1045 936 
3 982 1107 1101 
3 1108 1041 1036 
3 1109 1066 1030 
3 1109 1053 1066 
3 1011 1001 1071 
3 1073 984 1110 
3 1111 1022 1059 
3 1068 1093 1003 
3 988 1078 1105 
3 1006 1081 1080 
3 1112 1050 965 
3 1046 999 1070 
3 1083 1113 1037 
3 1026 1053 1097 
3 1055 1104 1087 
3 1086 960 1092 
3 1100 1016 1034 
3 1069 966 1082 
3 1097 1110 984 
3 1021 1102 1089 
3 1022 1114 1012 
3 1075 1103 1090 
3 1115 996 1061 
3 1079 1063 997 
3 1099 1057 956 
3 1112 965 1057 
3 1116 1034 1094 
3 1106 1117 1045 
3 936 1095 1106 
3 1107 982 1069 
3 1118 1096 1047 
3 1065 1119 1030 
3 980 1060 1061 
3 1091 1075 924 
3 1068 1004 1120 
3 1088 1044 1049 
3 1099 1033 1121 
3 1040 1046 1122 
3 1119 1109 1030 
3 1115 1085 996 
3 1068 1076 1093 
3 1027 1105 1079 
3 1123 1047 1052 
3 1037 1113 1065 
3 1022 1111 1114 
3 1059 1124 1111 
3 1125 1059 1098 
3 1060 979 1084 
3 1126 981 1087 
3 1081 1056 1080 
3 1108 1029 1041 
3 1096 1127 1083 
3 1000 1071 1048 
3 1089 1072 1042 
3 1073 1128 1058 
3 1059 1125 1124 
3 1129 1087 1104 
3 1129 1126 1087 
3 1004 1062 1120 
3 1130 1063 1079 
3 1057 1099 1131 
3 1112 1132 1050 
3 1132 1035 1050 
3 1117 1051 1045 
3 1095 1040 1122 
3 1052 1101 1123 
3 1113 1083 1127 
3 1001 1072 1133 
3 1084 1012 1114 
3 1134 1039 1064 
3 1135 1064 1056 
3 1099 1121 1131 
3 1136 1069 1082 
3 1029 1137 1070 
3 1065 1113 1119 
3 1102 1138 1089 
3 1139 1054 1085 
3 1140 1129 1104 
3 1135 1056 1081 
3 1034 1116 1100 
3 1141 1082 1035 
3 1047 1142 1118 
3 1143 1096 1118 
3 1001 1144 1071 
3 1073 1110 1145 
3 1128 1102 1058 
3 1124 1114 1111 
3 1074 1146 1098 
3 1103 1146 1074 
3 1085 1115 1139 
3 1067 981 1147 
3 1043 1077 1148 
3 1039 1134 1049 
3 1033 1063 1121 
3 1051 1149 1094 
3 1046 1070 1150 
3 1151 1072 1089 
3 1097 1145 1110 
3 1140 1104 1054 
3 1077 1067 1152 
3 1078 1043 1148 
3 1051 1153 1149 
3 1117 1153 1051 
3 1107 1069 1154 
3 1118 1142 1143 
3 1096 1143 1127 
3 1001 1133 1144 
3 1109 1155 1053 
3 1114 1156 1084 
3 1157 1086 1092 
3 1092 1076 1158 
3 1159 1130 1079 
3 1064 1160 1134 
3 1160 1064 1135 
3 1131 1121 1161 
3 1122 1162 1095 
3 1142 1047 1123 
3 1163 1029 1108 
3 1156 1114 1124 
3 1164 1061 1060 
3 1165 981 1126 
3 1165 1147 981 
3 1152 1148 1077 
3 1117 1106 1095 
3 1046 1166 1122 
3 1167 1119 1113 
3 1151 1089 1138 
3 1168 1138 1102 
3 1086 1169 1091 
3 1068 1120 1170 
3 1057 1131 1171 
3 1057 1172 1112 
3 1173 1094 1149 
3 1069 1136 1154 
3 1154 1174 1107 
3 1029 1163 1137 
3 1071 1175 1048 
3 1084 1176 1060 
3 1164 1115 1061 
3 1086 1157 1169 
3 1076 1068 1158 
3 1121 1063 1177 
3 1178 1082 1141 
3 1070 1137 1150 
3 1179 1101 1180 
3 1101 1179 1123 
3 1123 1179 1142 
3 1119 1167 1109 
3 1097 1053 1155 
3 1168 1102 1128 
3 1125 1181 1124 
3 1146 1103 1182 
3 1158 1068 1170 
3 1147 1152 1067 
3 1183 1088 1049 
3 1130 1177 1063 
3 1116 1094 1173 
3 1136 1082 1178 
3 1184 1117 1095 
3 1166 1046 1150 
3 1107 1185 1101 
3 1048 1108 1036 
3 1186 1072 1151 
3 1073 1145 1128 
3 1156 1176 1084 
3 1098 1146 1125 
3 1075 1091 1187 
3 1158 1188 1092 
3 1171 1172 1057 
3 1189 1081 1100 
3 1035 1132 1141 
3 1155 1109 1167 
3 1072 1186 1133 
3 1138 1168 1190 
3 1191 1103 1075 
3 1192 1054 1139 
3 1193 1140 1054 
3 1193 1129 1140 
3 1079 1105 1194 
3 1195 1142 1179 
3 1142 1127 1143 
3 1196 1156 1124 
3 1124 1197 1196 
3 1124 1181 1197 
3 1125 1198 1181 
3 1191 1182 1103 
3 1148 1199 1078 
3 1200 1062 1088 
3 1201 1194 1105 
3 1185 1180 1101 
3 1127 1167 1113 
3 1125 1146 1198 
3 1060 1176 1164 
3 1202 1191 1075 
3 1092 1188 1157 
3 1193 1203 1129 
3 1204 1134 1160 
3 1121 1177 1161 
3 1100 1205 1189 
3 1180 1195 1179 
3 1048 1206 1108 
3 1207 1097 1155 
3 1207 1145 1097 
3 1168 1128 1208 
3 1208 1190 1168 
3 1209 1156 1196 
3 1202 1075 1187 
3 1210 1193 1054 
3 1203 1126 1129 
3 1200 1120 1062 
3 1211 1078 1199 
3 1105 1078 1212 
3 1159 1079 1194 
3 1134 1204 1049 
3 1131 1161 1171 
3 1100 1116 1205 
3 1153 1213 1149 
3 1107 1174 1185 
3 1137 1214 1150 
3 1156 1215 1216 
3 1216 1176 1156 
3 1192 1210 1054 
3 1165 1126 1203 
3 1211 1212 1078 
3 1088 1183 1200 
3 1217 1173 1149 
3 1217 1149 1213 
3 1162 1184 1095 
3 1122 1166 1162 
3 1185 1195 1180 
3 1209 1196 1218 
3 1170 1120 1200 
3 1219 1199 1148 
3 1201 1105 1212 
3 1160 1220 1204 
3 1116 1221 1205 
3 1141 1222 1178 
3 1213 1153 1117 
3 1154 1136 1223 
3 1224 1167 1127 
3 1071 1144 1225 
3 1128 1145 1226 
3 1227 1215 1156 
3 1181 1228 1197 
3 1169 1187 1091 
3 1229 1193 1210 
3 1230 1152 1147 
3 1231 1219 1148 
3 1183 1049 1232 
3 1081 1189 1135 
3 1108 1206 1163 
3 1175 1071 1225 
3 1227 1156 1209 
3 1218 1196 1197 
3 1202 1233 1191 
3 1139 1115 1234 
3 1157 1188 1169 
3 1193 1229 1235 
3 1049 1204 1236 
3 1132 1112 1237 
3 1141 1132 1237 
3 1223 1136 1178 
3 1154 1223 1174 
3 1142 1224 1127 
3 1238 1133 1186 
3 1228 1181 1198 
3 1202 1187 1233 
3 1234 1192 1139 
3 1192 1229 1210 
3 1165 1230 1147 
3 1152 1231 1148 
3 1219 1211 1199 
3 1201 1239 1194 
3 1194 1239 1159 
3 1049 1236 1232 
3 1240 1161 1177 
3 1237 1222 1141 
3 1117 1241 1213 
3 1184 1241 1117 
3 1226 1242 1128 
3 1209 1218 1227 
3 1197 1228 1218 
3 1146 1182 1243 
3 1182 1191 1243 
3 1244 1203 1193 
3 1245 1135 1189 
3 1175 1206 1048 
3 1133 1238 1144 
3 1155 1246 1207 
3 1216 1215 1176 
3 1193 1235 1244 
3 1244 1165 1203 
3 1231 1152 1230 
3 1247 1212 1211 
3 1112 1172 1248 
3 1116 1173 1249 
3 1146 1250 1198 
3 1251 1229 1192 
3 1252 1169 1188 
3 1253 1211 1219 
3 1201 1212 1247 
3 1220 1236 1204 
3 1177 1130 1254 
3 1240 1177 1254 
3 1237 1112 1248 
3 1116 1249 1221 
3 1150 1214 1166 
3 1195 1185 1255 
3 1256 1142 1195 
3 1151 1257 1186 
3 1138 1258 1151 
3 1128 1242 1208 
3 1252 1187 1169 
3 1251 1235 1229 
3 1170 1259 1158 
3 1253 1219 1231 
3 1245 1189 1205 
3 1155 1167 1260 
3 1260 1246 1155 
3 1186 1261 1238 
3 1207 1226 1145 
3 1218 1228 1262 
3 1158 1259 1188 
3 1205 1263 1245 
3 1205 1221 1264 
3 1167 1224 1265 
3 1258 1257 1151 
3 1266 1226 1207 
3 1227 1218 1262 
3 1146 1243 1250 
3 1115 1164 1267 
3 1251 1192 1234 
3 1253 1247 1211 
3 1239 1201 1247 
3 1130 1159 1254 
3 1268 1160 1135 
3 1135 1245 1268 
3 1263 1205 1264 
3 1248 1172 1269 
3 1269 1237 1248 
3 1173 1270 1249 
3 1271 1185 1174 
3 1214 1137 1272 
3 1144 1238 1225 
3 1207 1246 1266 
3 1226 1273 1242 
3 1274 1164 1176 
3 1115 1267 1275 
3 1251 1244 1235 
3 1276 1159 1239 
3 1221 1249 1264 
3 1277 1162 1166 
3 1206 1175 1225 
3 1208 1242 1273 
3 1278 1228 1198 
3 1275 1234 1115 
3 1279 1233 1187 
3 1280 1253 1231 
3 1281 1183 1232 
3 1282 1172 1171 
3 1217 1270 1173 
3 1283 1137 1163 
3 1186 1257 1261 
3 1284 1215 1227 
3 1268 1220 1160 
3 1285 1171 1161 
3 1223 1286 1174 
3 1260 1167 1287 
3 1237 1288 1222 
3 1241 1289 1213 
3 1227 1262 1284 
3 1276 1239 1290 
3 1291 1232 1236 
3 1254 1159 1276 
3 1292 1185 1271 
3 1190 1258 1138 
3 1208 1273 1293 
3 1228 1278 1262 
3 1198 1250 1278 
3 1243 1294 1250 
3 1234 1275 1295 
3 1279 1187 1252 
3 1231 1230 1280 
3 1170 1200 1296 
3 1263 1264 1297 
3 1222 1298 1178 
3 1255 1185 1292 
3 1137 1283 1272 
3 1163 1299 1283 
3 1256 1300 1142 
3 1224 1142 1300 
3 1301 1266 1246 
3 1190 1208 1293 
3 1215 1302 1176 
3 1164 1274 1267 
3 1303 1251 1234 
3 1244 1304 1165 
3 1253 1305 1247 
3 1236 1220 1291 
3 1220 1268 1306 
3 1172 1282 1269 
3 1217 1213 1289 
3 1271 1307 1292 
3 1255 1292 1308 
3 1309 1225 1238 
3 1302 1215 1284 
3 1233 1310 1191 
3 1252 1311 1279 
3 1312 1259 1170 
3 1230 1165 1313 
3 1281 1232 1314 
3 1285 1161 1240 
3 1297 1245 1263 
3 1288 1237 1315 
3 1289 1241 1316 
3 1317 1184 1162 
3 1214 1318 1166 
3 1299 1163 1206 
3 1167 1265 1287 
3 1260 1301 1246 
3 1319 1284 1262 
3 1250 1320 1278 
3 1294 1320 1250 
3 1311 1252 1188 
3 1165 1304 1313 
3 1280 1230 1313 
3 1170 1296 1321 
3 1200 1183 1281 
3 1314 1232 1291 
3 1254 1276 1322 
3 1323 1268 1245 
3 1217 1324 1270 
3 1289 1324 1217 
3 1223 1178 1325 
3 1317 1162 1277 
3 1271 1174 1326 
3 1307 1327 1292 
3 1327 1328 1292 
3 1328 1308 1292 
3 1318 1214 1272 
3 1329 1195 1255 
3 1273 1226 1330 
3 1302 1274 1176 
3 1244 1251 1331 
3 1188 1259 1332 
3 1307 1308 1327 
3 1328 1327 1308 
3 1308 1333 1255 
3 1258 1190 1293 
3 1278 1334 1262 
3 1170 1321 1312 
3 1290 1322 1276 
3 1171 1335 1282 
3 1336 1241 1184 
3 1174 1286 1326 
3 1271 1337 1307 
3 1307 1337 1308 
3 1333 1308 1337 
3 1206 1338 1299 
3 1224 1300 1339 
3 1206 1225 1338 
3 1340 1302 1284 
3 1191 1310 1243 
3 1233 1279 1341 
3 1295 1303 1234 
3 1331 1251 1303 
3 1305 1253 1280 
3 1314 1291 1342 
3 1240 1254 1322 
3 1285 1335 1171 
3 1237 1269 1315 
3 1222 1288 1343 
3 1343 1298 1222 
3 1336 1316 1241 
3 1286 1223 1325 
3 1225 1344 1338 
3 1309 1344 1225 
3 1284 1319 1340 
3 1245 1297 1345 
3 1336 1184 1317 
3 1286 1325 1326 
3 1256 1195 1329 
3 1311 1341 1279 
3 1346 1285 1240 
3 1345 1323 1245 
3 1315 1343 1288 
3 1178 1347 1325 
3 1277 1166 1348 
3 1348 1166 1318 
3 1283 1349 1272 
3 1334 1319 1262 
3 1350 1267 1274 
3 1267 1351 1275 
3 1311 1188 1352 
3 1304 1244 1353 
3 1259 1354 1332 
3 1354 1259 1312 
3 1296 1200 1281 
3 1281 1314 1342 
3 1322 1355 1240 
3 1268 1323 1306 
3 1356 1265 1224 
3 1357 1257 1258 
3 1330 1358 1273 
3 1359 1340 1319 
3 1294 1243 1310 
3 1275 1351 1295 
3 1311 1360 1341 
3 1361 1291 1220 
3 1346 1362 1285 
3 1315 1363 1343 
3 1333 1329 1255 
3 1256 1329 1364 
3 1238 1365 1309 
3 1261 1365 1238 
3 1266 1330 1226 
3 1366 1319 1334 
3 1295 1331 1303 
3 1305 1367 1247 
3 1239 1247 1367 
3 1346 1240 1355 
3 1270 1368 1249 
3 1369 1289 1316 
3 1338 1344 1299 
3 1278 1370 1334 
3 1331 1353 1244 
3 1332 1352 1188 
3 1290 1239 1371 
3 1264 1372 1297 
3 1326 1337 1271 
3 1373 1348 1318 
3 1333 1364 1329 
3 1349 1283 1299 
3 1260 1287 1374 
3 1330 1266 1375 
3 1376 1274 1302 
3 1342 1377 1281 
3 1345 1297 1378 
3 1324 1379 1270 
3 1380 1324 1289 
3 1289 1381 1380 
3 1298 1347 1178 
3 1272 1373 1318 
3 1364 1300 1256 
3 1319 1366 1359 
3 1360 1311 1352 
3 1371 1239 1367 
3 1291 1377 1342 
3 1382 1220 1306 
3 1372 1264 1249 
3 1363 1298 1343 
3 1289 1369 1381 
3 1317 1277 1348 
3 1339 1356 1224 
3 1383 1365 1261 
3 1301 1260 1384 
3 1293 1273 1358 
3 1278 1320 1370 
3 1370 1320 1294 
3 1310 1233 1341 
3 1385 1285 1362 
3 1306 1323 1386 
3 1324 1380 1379 
3 1369 1316 1387 
3 1287 1265 1388 
3 1374 1384 1260 
3 1389 1258 1293 
3 1366 1390 1359 
3 1334 1390 1366 
3 1391 1302 1340 
3 1350 1274 1376 
3 1294 1310 1392 
3 1290 1393 1322 
3 1362 1346 1385 
3 1270 1379 1368 
3 1394 1336 1317 
3 1261 1257 1395 
3 1280 1313 1396 
3 1377 1291 1361 
3 1383 1261 1395 
3 1391 1376 1302 
3 1370 1294 1397 
3 1351 1267 1350 
3 1305 1280 1398 
3 1371 1367 1399 
3 1382 1361 1220 
3 1272 1349 1373 
3 1388 1374 1287 
3 1358 1389 1293 
3 1400 1390 1334 
3 1401 1331 1295 
3 1355 1385 1346 
3 1285 1402 1335 
3 1282 1335 1402 
3 1403 1269 1282 
3 1249 1368 1372 
3 1309 1404 1344 
3 1388 1265 1356 
3 1266 1301 1384 
3 1257 1357 1395 
3 1370 1405 1334 
3 1350 1406 1351 
3 1407 1313 1304 
3 1408 1281 1377 
3 1371 1393 1290 
3 1285 1385 1409 
3 1315 1269 1363 
3 1336 1387 1316 
3 1410 1359 1390 
3 1400 1411 1390 
3 1359 1412 1340 
3 1354 1413 1332 
3 1312 1414 1354 
3 1415 1312 1321 
3 1399 1367 1416 
3 1409 1417 1285 
3 1418 1386 1323 
3 1345 1418 1323 
3 1345 1378 1418 
3 1372 1419 1297 
3 1336 1394 1387 
3 1348 1420 1317 
3 1373 1349 1421 
3 1356 1422 1388 
3 1330 1423 1358 
3 1415 1414 1312 
3 1296 1415 1321 
3 1393 1355 1322 
3 1402 1285 1417 
3 1419 1378 1297 
3 1300 1364 1424 
3 1299 1344 1425 
3 1404 1426 1344 
3 1404 1309 1365 
3 1375 1423 1330 
3 1390 1411 1410 
3 1340 1412 1391 
3 1350 1376 1427 
3 1397 1428 1370 
3 1351 1401 1295 
3 1429 1310 1341 
3 1430 1413 1354 
3 1396 1313 1407 
3 1305 1416 1367 
3 1431 1361 1382 
3 1382 1306 1432 
3 1432 1306 1386 
3 1419 1433 1378 
3 1434 1403 1282 
3 1435 1333 1337 
3 1435 1364 1333 
3 1374 1388 1384 
3 1384 1375 1266 
3 1258 1389 1436 
3 1358 1437 1389 
3 1280 1396 1398 
3 1281 1438 1296 
3 1439 1416 1305 
3 1431 1377 1361 
3 1378 1440 1418 
3 1403 1363 1269 
3 1441 1435 1337 
3 1365 1383 1442 
3 1436 1357 1258 
3 1443 1359 1410 
3 1444 1391 1412 
3 1334 1405 1400 
3 1427 1376 1391 
3 1341 1360 1445 
3 1352 1446 1360 
3 1446 1352 1332 
3 1447 1304 1353 
3 1433 1440 1378 
3 1402 1434 1282 
3 1433 1419 1372 
3 1441 1337 1326 
3 1349 1299 1448 
3 1359 1443 1412 
3 1391 1444 1427 
3 1445 1429 1341 
3 1281 1408 1438 
3 1399 1416 1439 
3 1385 1417 1409 
3 1394 1317 1449 
3 1421 1349 1448 
3 1356 1339 1450 
3 1451 1410 1411 
3 1386 1452 1432 
3 1403 1434 1453 
3 1454 1372 1368 
3 1363 1455 1298 
3 1455 1347 1298 
3 1369 1456 1381 
3 1457 1364 1435 
3 1458 1405 1370 
3 1310 1429 1392 
3 1459 1401 1351 
3 1353 1331 1460 
3 1332 1413 1446 
3 1414 1461 1354 
3 1398 1396 1462 
3 1463 1355 1393 
3 1379 1464 1368 
3 1456 1465 1381 
3 1325 1347 1466 
3 1449 1467 1394 
3 1325 1466 1326 
3 1420 1348 1468 
3 1426 1425 1344 
3 1384 1388 1469 
3 1436 1389 1470 
3 1423 1437 1358 
3 1410 1451 1443 
3 1294 1471 1397 
3 1351 1406 1459 
3 1415 1296 1438 
3 1386 1418 1452 
3 1339 1300 1450 
3 1389 1437 1470 
3 1472 1451 1411 
3 1458 1370 1428 
3 1350 1427 1406 
3 1401 1459 1473 
3 1460 1447 1353 
3 1304 1447 1407 
3 1354 1461 1430 
3 1387 1394 1467 
3 1441 1326 1466 
3 1348 1373 1468 
3 1395 1442 1383 
3 1384 1474 1375 
3 1443 1444 1412 
3 1428 1475 1458 
3 1475 1428 1397 
3 1397 1471 1475 
3 1355 1476 1385 
3 1385 1476 1417 
3 1402 1477 1434 
3 1477 1453 1434 
3 1478 1363 1403 
3 1464 1379 1380 
3 1479 1380 1381 
3 1387 1456 1369 
3 1364 1457 1424 
3 1395 1357 1480 
3 1360 1481 1445 
3 1481 1360 1446 
3 1455 1363 1482 
3 1479 1381 1465 
3 1483 1299 1425 
3 1424 1450 1300 
3 1404 1365 1484 
3 1470 1437 1485 
3 1486 1444 1443 
3 1392 1471 1294 
3 1473 1331 1401 
3 1398 1439 1305 
3 1393 1371 1487 
3 1463 1476 1355 
3 1380 1479 1464 
3 1450 1488 1356 
3 1365 1442 1484 
3 1442 1395 1480 
3 1451 1489 1443 
3 1489 1451 1472 
3 1490 1444 1486 
3 1411 1400 1472 
3 1462 1396 1407 
3 1461 1414 1415 
3 1452 1418 1440 
3 1449 1491 1467 
3 1488 1422 1356 
3 1472 1400 1405 
3 1444 1492 1427 
3 1493 1406 1427 
3 1413 1494 1446 
3 1415 1438 1495 
3 1496 1371 1399 
3 1478 1403 1453 
3 1317 1420 1449 
3 1497 1424 1457 
3 1299 1483 1448 
3 1498 1384 1469 
3 1480 1357 1436 
3 1423 1375 1499 
3 1437 1423 1500 
3 1444 1490 1492 
3 1405 1458 1501 
3 1496 1487 1371 
3 1502 1402 1417 
3 1420 1491 1449 
3 1503 1457 1435 
3 1504 1426 1404 
3 1469 1388 1422 
3 1436 1470 1505 
3 1500 1485 1437 
3 1443 1506 1507 
3 1506 1443 1489 
3 1460 1331 1473 
3 1494 1481 1446 
3 1494 1413 1430 
3 1415 1508 1461 
3 1399 1439 1496 
3 1487 1463 1393 
3 1431 1382 1432 
3 1417 1476 1502 
3 1509 1452 1440 
3 1510 1453 1477 
3 1511 1454 1368 
3 1425 1426 1483 
3 1474 1499 1375 
3 1472 1405 1501 
3 1510 1478 1453 
3 1372 1454 1512 
3 1456 1479 1465 
3 1347 1513 1466 
3 1387 1467 1456 
3 1474 1384 1498 
3 1480 1436 1505 
3 1500 1423 1514 
3 1490 1515 1492 
3 1515 1490 1486 
3 1516 1486 1443 
3 1459 1406 1493 
3 1460 1473 1517 
3 1415 1495 1508 
3 1372 1512 1433 
3 1518 1503 1435 
3 1424 1519 1450 
3 1516 1443 1507 
3 1501 1520 1472 
3 1501 1458 1475 
3 1392 1521 1471 
3 1521 1392 1429 
3 1408 1522 1438 
3 1523 1476 1463 
3 1524 1477 1402 
3 1525 1440 1433 
3 1455 1513 1347 
3 1466 1513 1526 
3 1503 1527 1457 
3 1489 1472 1528 
3 1486 1516 1515 
3 1529 1429 1445 
3 1517 1447 1460 
3 1530 1462 1407 
3 1398 1462 1530 
3 1377 1531 1408 
3 1431 1532 1377 
3 1524 1510 1477 
3 1533 1464 1479 
3 1456 1534 1479 
3 1441 1466 1535 
3 1536 1373 1421 
3 1537 1448 1483 
3 1488 1450 1538 
3 1539 1499 1474 
3 1485 1500 1514 
3 1495 1438 1522 
3 1532 1531 1377 
3 1502 1524 1402 
3 1468 1373 1536 
3 1518 1435 1441 
3 1538 1450 1519 
3 1404 1484 1504 
3 1514 1423 1499 
3 1489 1528 1506 
3 1492 1493 1427 
3 1473 1459 1540 
3 1541 1487 1496 
3 1476 1542 1502 
3 1502 1543 1524 
3 1426 1544 1483 
3 1480 1484 1442 
3 1485 1505 1470 
3 1514 1545 1485 
3 1408 1531 1522 
3 1546 1432 1452 
3 1482 1363 1547 
3 1511 1368 1464 
3 1456 1467 1548 
3 1535 1466 1526 
3 1421 1448 1549 
3 1528 1507 1506 
3 1550 1540 1459 
3 1447 1551 1407 
3 1439 1552 1496 
3 1523 1553 1476 
3 1525 1433 1512 
3 1464 1533 1511 
3 1482 1554 1455 
3 1534 1456 1548 
3 1420 1555 1491 
3 1555 1420 1468 
3 1480 1505 1556 
3 1459 1493 1550 
3 1529 1445 1481 
3 1447 1517 1557 
3 1553 1542 1476 
3 1524 1543 1510 
3 1558 1440 1525 
3 1527 1503 1518 
3 1457 1559 1497 
3 1497 1519 1424 
3 1474 1498 1560 
3 1499 1561 1514 
3 1551 1530 1407 
3 1531 1532 1562 
3 1452 1509 1563 
3 1478 1547 1363 
3 1554 1564 1455 
3 1564 1513 1455 
3 1548 1467 1491 
3 1549 1536 1421 
3 1559 1519 1497 
3 1504 1565 1426 
3 1422 1566 1469 
3 1498 1469 1567 
3 1556 1568 1480 
3 1505 1485 1569 
3 1556 1505 1569 
3 1516 1570 1515 
3 1570 1516 1507 
3 1507 1528 1570 
3 1528 1472 1571 
3 1572 1475 1471 
3 1572 1471 1521 
3 1439 1398 1573 
3 1432 1546 1431 
3 1574 1543 1502 
3 1527 1559 1457 
3 1480 1575 1484 
3 1561 1545 1514 
3 1492 1576 1493 
3 1521 1429 1529 
3 1473 1540 1517 
3 1577 1508 1495 
3 1530 1578 1398 
3 1552 1541 1496 
3 1579 1532 1431 
3 1523 1463 1487 
3 1574 1502 1542 
3 1478 1510 1580 
3 1483 1544 1537 
3 1581 1422 1488 
3 1567 1469 1566 
3 1539 1474 1560 
3 1539 1561 1499 
3 1481 1582 1529 
3 1557 1583 1447 
3 1551 1447 1583 
3 1584 1461 1508 
3 1452 1563 1546 
3 1440 1558 1509 
3 1565 1544 1426 
3 1585 1504 1484 
3 1575 1585 1484 
3 1586 1501 1475 
3 1584 1508 1577 
3 1398 1578 1573 
3 1573 1552 1439 
3 1531 1587 1522 
3 1454 1511 1512 
3 1468 1588 1555 
3 1588 1468 1536 
3 1535 1518 1441 
3 1566 1422 1581 
3 1515 1570 1589 
3 1430 1461 1590 
3 1591 1584 1577 
3 1592 1542 1553 
3 1478 1580 1547 
3 1479 1593 1533 
3 1534 1593 1479 
3 1559 1594 1519 
3 1567 1560 1498 
3 1545 1595 1485 
3 1571 1472 1520 
3 1546 1596 1431 
3 1543 1574 1597 
3 1526 1513 1598 
3 1538 1519 1594 
3 1538 1581 1488 
3 1560 1599 1539 
3 1539 1599 1600 
3 1561 1539 1600 
3 1545 1561 1600 
3 1569 1485 1595 
3 1475 1572 1586 
3 1601 1550 1493 
3 1602 1521 1529 
3 1590 1461 1584 
3 1603 1577 1495 
3 1592 1553 1597 
3 1542 1592 1574 
3 1604 1535 1526 
3 1518 1559 1527 
3 1589 1492 1515 
3 1577 1603 1591 
3 1562 1587 1531 
3 1532 1579 1562 
3 1555 1605 1491 
3 1606 1448 1537 
3 1600 1595 1545 
3 1607 1528 1571 
3 1520 1501 1608 
3 1521 1602 1572 
3 1609 1517 1540 
3 1603 1495 1610 
3 1495 1522 1610 
3 1610 1522 1611 
3 1487 1612 1523 
3 1612 1487 1613 
3 1612 1614 1523 
3 1574 1592 1597 
3 1615 1511 1533 
3 1593 1534 1616 
3 1559 1518 1617 
3 1618 1565 1504 
3 1504 1585 1618 
3 1501 1586 1608 
3 1493 1576 1601 
3 1517 1609 1619 
3 1610 1620 1603 
3 1611 1621 1620 
3 1620 1610 1611 
3 1621 1611 1522 
3 1621 1522 1622 
3 1587 1622 1522 
3 1553 1523 1623 
3 1543 1624 1510 
3 1616 1534 1625 
3 1548 1491 1626 
3 1556 1627 1568 
3 1570 1607 1628 
3 1607 1570 1528 
3 1570 1628 1589 
3 1492 1629 1576 
3 1529 1582 1602 
3 1630 1481 1494 
3 1530 1551 1583 
3 1579 1431 1596 
3 1623 1597 1553 
3 1580 1510 1624 
3 1482 1547 1631 
3 1615 1533 1632 
3 1606 1549 1448 
3 1556 1569 1627 
3 1608 1571 1520 
3 1629 1492 1589 
3 1557 1517 1619 
3 1494 1430 1630 
3 1603 1620 1621 
3 1623 1523 1614 
3 1624 1543 1633 
3 1512 1511 1634 
3 1511 1615 1634 
3 1518 1535 1617 
3 1599 1635 1600 
3 1430 1590 1630 
3 1603 1636 1591 
3 1621 1637 1603 
3 1614 1612 1613 
3 1533 1593 1632 
3 1631 1554 1482 
3 1631 1638 1554 
3 1639 1625 1534 
3 1534 1548 1639 
3 1605 1626 1491 
3 1604 1526 1598 
3 1549 1606 1640 
3 1641 1606 1537 
3 1537 1544 1641 
3 1609 1540 1642 
3 1636 1603 1637 
3 1622 1587 1643 
3 1546 1563 1596 
3 1644 1509 1558 
3 1555 1645 1605 
3 1568 1646 1480 
3 1480 1646 1575 
3 1635 1647 1600 
3 1595 1600 1647 
3 1648 1573 1578 
3 1649 1563 1509 
3 1633 1543 1597 
3 1580 1624 1650 
3 1512 1651 1525 
3 1548 1626 1639 
3 1564 1598 1513 
3 1549 1640 1536 
3 1585 1652 1618 
3 1652 1585 1575 
3 1569 1595 1647 
3 1642 1540 1550 
3 1481 1630 1582 
3 1573 1653 1552 
3 1623 1614 1613 
3 1644 1558 1525 
3 1654 1512 1634 
3 1535 1604 1655 
3 1560 1567 1656 
3 1576 1657 1601 
3 1586 1572 1658 
3 1601 1659 1550 
3 1660 1630 1590 
3 1660 1590 1584 
3 1637 1621 1661 
3 1613 1487 1662 
3 1597 1623 1663 
3 1525 1651 1644 
3 1547 1580 1664 
3 1631 1547 1665 
3 1666 1615 1632 
3 1564 1554 1638 
3 1638 1598 1564 
3 1667 1536 1640 
3 1668 1544 1565 
3 1669 1567 1566 
3 1599 1560 1670 
3 1589 1628 1671 
3 1672 1591 1636 
3 1637 1661 1636 
3 1621 1643 1661 
3 1643 1621 1622 
3 1487 1541 1662 
3 1613 1663 1623 
3 1649 1509 1644 
3 1566 1581 1673 
3 1575 1646 1674 
3 1568 1674 1646 
3 1627 1675 1568 
3 1627 1569 1676 
3 1608 1586 1658 
3 1677 1530 1583 
3 1552 1678 1541 
3 1651 1512 1654 
3 1665 1547 1664 
3 1666 1632 1593 
3 1625 1639 1679 
3 1680 1555 1588 
3 1655 1617 1535 
3 1656 1681 1560 
3 1569 1647 1676 
3 1629 1589 1671 
3 1602 1682 1572 
3 1609 1683 1619 
3 1662 1541 1678 
3 1579 1596 1684 
3 1664 1580 1650 
3 1625 1679 1616 
3 1555 1680 1645 
3 1581 1538 1685 
3 1673 1669 1566 
3 1670 1560 1681 
3 1686 1599 1670 
3 1647 1635 1687 
3 1688 1628 1607 
3 1571 1689 1607 
3 1689 1571 1608 
3 1576 1629 1657 
3 1572 1690 1658 
3 1572 1682 1691 
3 1582 1630 1692 
3 1584 1591 1660 
3 1552 1653 1693 
3 1649 1596 1563 
3 1633 1597 1694 
3 1650 1624 1633 
3 1695 1666 1593 
3 1639 1626 1679 
3 1626 1696 1697 
3 1696 1626 1605 
3 1536 1667 1588 
3 1538 1594 1685 
3 1618 1668 1565 
3 1669 1656 1567 
3 1575 1674 1652 
3 1681 1698 1670 
3 1635 1599 1699 
3 1700 1675 1627 
3 1700 1627 1676 
3 1687 1701 1647 
3 1608 1658 1702 
3 1703 1557 1619 
3 1704 1587 1562 
3 1562 1579 1704 
3 1596 1649 1705 
3 1666 1634 1615 
3 1681 1686 1698 
3 1670 1698 1686 
3 1568 1675 1674 
3 1671 1706 1629 
3 1608 1702 1689 
3 1550 1659 1642 
3 1678 1552 1693 
3 1662 1663 1613 
3 1597 1663 1707 
3 1616 1679 1695 
3 1593 1616 1695 
3 1696 1605 1645 
3 1559 1617 1708 
3 1640 1709 1667 
3 1641 1544 1710 
3 1685 1711 1581 
3 1669 1712 1656 
3 1675 1700 1676 
3 1713 1647 1701 
3 1671 1628 1688 
3 1601 1714 1659 
3 1683 1703 1619 
3 1703 1583 1557 
3 1530 1677 1715 
3 1578 1530 1715 
3 1662 1707 1663 
3 1655 1716 1617 
3 1708 1617 1716 
3 1709 1640 1606 
3 1717 1559 1708 
3 1668 1710 1544 
3 1681 1718 1686 
3 1686 1699 1599 
3 1713 1676 1647 
3 1629 1706 1657 
3 1601 1657 1714 
3 1691 1690 1572 
3 1692 1630 1719 
3 1630 1660 1719 
3 1660 1591 1672 
3 1648 1653 1573 
3 1636 1661 1720 
3 1643 1587 1721 
3 1596 1705 1684 
3 1626 1722 1679 
3 1723 1598 1638 
3 1604 1598 1655 
3 1652 1724 1618 
3 1725 1675 1676 
3 1688 1607 1726 
3 1642 1683 1609 
3 1587 1704 1721 
3 1668 1618 1724 
3 1718 1681 1656 
3 1607 1689 1726 
3 1659 1727 1642 
3 1602 1728 1682 
3 1583 1729 1677 
3 1730 1653 1648 
3 1579 1684 1704 
3 1694 1650 1633 
3 1731 1645 1680 
3 1732 1641 1710 
3 1718 1699 1686 
3 1674 1675 1733 
3 1734 1602 1582 
3 1703 1735 1583 
3 1653 1736 1693 
3 1737 1661 1643 
3 1664 1738 1665 
3 1665 1739 1631 
3 1696 1645 1731 
3 1709 1606 1641 
3 1687 1635 1740 
3 1676 1713 1741 
3 1741 1725 1676 
3 1642 1742 1683 
3 1648 1578 1715 
3 1693 1743 1678 
3 1598 1744 1655 
3 1559 1717 1594 
3 1712 1669 1673 
3 1701 1741 1713 
3 1727 1659 1714 
3 1602 1734 1728 
3 1734 1582 1692 
3 1745 1588 1667 
3 1581 1711 1673 
3 1746 1652 1674 
3 1701 1687 1740 
3 1675 1725 1733 
3 1747 1727 1714 
3 1735 1729 1583 
3 1729 1748 1677 
3 1715 1677 1748 
3 1644 1749 1649 
3 1651 1750 1644 
3 1679 1722 1751 
3 1685 1594 1717 
3 1712 1752 1656 
3 1753 1706 1671 
3 1754 1714 1657 
3 1690 1755 1658 
3 1682 1728 1691 
3 1660 1756 1719 
3 1757 1672 1636 
3 1736 1743 1693 
3 1707 1662 1758 
3 1694 1597 1707 
3 1738 1739 1665 
3 1626 1697 1722 
3 1759 1726 1689 
3 1760 1689 1702 
3 1657 1706 1754 
3 1691 1761 1690 
3 1692 1762 1734 
3 1763 1762 1692 
3 1730 1736 1653 
3 1666 1764 1634 
3 1666 1695 1765 
3 1598 1723 1766 
3 1635 1699 1740 
3 1725 1741 1767 
3 1767 1733 1725 
3 1689 1760 1759 
3 1768 1755 1690 
3 1769 1742 1642 
3 1683 1742 1770 
3 1763 1692 1719 
3 1757 1636 1720 
3 1771 1705 1649 
3 1644 1750 1749 
3 1651 1654 1750 
3 1772 1773 1631 
3 1638 1631 1773 
3 1679 1774 1695 
3 1588 1745 1680 
3 1732 1709 1641 
3 1724 1652 1746 
3 1674 1733 1775 
3 1741 1701 1740 
3 1754 1747 1714 
3 1768 1690 1761 
3 1727 1769 1642 
3 1748 1648 1715 
3 1776 1736 1730 
3 1684 1777 1704 
3 1758 1778 1707 
3 1779 1649 1749 
3 1631 1739 1772 
3 1773 1723 1638 
3 1668 1724 1780 
3 1711 1781 1673 
3 1740 1767 1741 
3 1726 1759 1688 
3 1672 1756 1660 
3 1782 1720 1661 
3 1705 1777 1684 
3 1774 1765 1695 
3 1679 1751 1774 
3 1744 1598 1766 
3 1716 1783 1708 
3 1752 1718 1656 
3 1761 1784 1768 
3 1785 1691 1728 
3 1756 1672 1757 
3 1643 1786 1737 
3 1643 1721 1786 
3 1650 1694 1787 
3 1739 1738 1788 
3 1788 1772 1739 
3 1722 1789 1751 
3 1790 1722 1697 
3 1791 1746 1674 
3 1733 1767 1775 
3 1792 1671 1688 
3 1702 1658 1755 
3 1793 1768 1784 
3 1784 1761 1793 
3 1793 1761 1691 
3 1703 1683 1770 
3 1678 1794 1662 
3 1794 1758 1662 
3 1649 1779 1771 
3 1634 1795 1654 
3 1796 1717 1708 
3 1797 1732 1710 
3 1798 1711 1685 
3 1780 1724 1746 
3 1793 1691 1799 
3 1800 1776 1730 
3 1777 1721 1704 
3 1664 1650 1801 
3 1664 1801 1738 
3 1795 1634 1764 
3 1722 1790 1789 
3 1667 1709 1802 
3 1803 1709 1732 
3 1710 1668 1780 
3 1711 1798 1781 
3 1671 1792 1804 
3 1754 1706 1753 
3 1768 1793 1799 
3 1785 1799 1691 
3 1735 1805 1729 
3 1776 1743 1736 
3 1743 1794 1678 
3 1787 1694 1707 
3 1696 1731 1806 
3 1667 1802 1745 
3 1673 1781 1712 
3 1712 1781 1752 
3 1767 1740 1807 
3 1808 1688 1759 
3 1804 1753 1671 
3 1727 1809 1769 
3 1703 1805 1735 
3 1729 1805 1748 
3 1661 1737 1782 
3 1721 1777 1810 
3 1666 1765 1811 
3 1680 1745 1731 
3 1688 1808 1792 
3 1812 1760 1702 
3 1728 1734 1785 
3 1730 1648 1748 
3 1778 1787 1707 
3 1654 1813 1750 
3 1666 1811 1764 
3 1765 1774 1751 
3 1716 1655 1814 
3 1775 1767 1815 
3 1734 1762 1785 
3 1783 1716 1814 
3 1699 1718 1816 
3 1791 1674 1817 
3 1775 1817 1674 
3 1782 1737 1786 
3 1750 1813 1749 
3 1772 1818 1773 
3 1697 1696 1806 
3 1744 1814 1655 
3 1740 1699 1819 
3 1767 1807 1820 
3 1760 1821 1759 
3 1799 1755 1768 
3 1822 1703 1770 
3 1719 1756 1823 
3 1782 1757 1720 
3 1824 1776 1800 
3 1824 1743 1776 
3 1721 1810 1825 
3 1749 1826 1779 
3 1772 1788 1827 
3 1773 1818 1723 
3 1780 1797 1710 
3 1718 1752 1816 
3 1727 1747 1809 
3 1828 1742 1769 
3 1743 1829 1794 
3 1825 1786 1721 
3 1801 1650 1830 
3 1654 1795 1813 
3 1811 1765 1751 
3 1807 1740 1819 
3 1767 1820 1815 
3 1817 1775 1815 
3 1812 1702 1755 
3 1809 1828 1769 
3 1703 1822 1805 
3 1824 1829 1743 
3 1829 1831 1794 
3 1794 1831 1758 
3 1777 1705 1771 
3 1738 1801 1832 
3 1788 1738 1832 
3 1827 1788 1833 
3 1827 1818 1772 
3 1818 1834 1723 
3 1802 1709 1803 
3 1732 1835 1803 
3 1835 1732 1797 
3 1808 1759 1821 
3 1753 1804 1836 
3 1748 1800 1730 
3 1790 1697 1837 
3 1717 1838 1685 
3 1685 1839 1798 
3 1798 1840 1781 
3 1819 1699 1816 
3 1820 1807 1841 
3 1821 1760 1812 
3 1755 1799 1842 
3 1843 1747 1754 
3 1719 1823 1763 
3 1844 1757 1782 
3 1845 1810 1777 
3 1650 1787 1846 
3 1749 1813 1826 
3 1780 1746 1847 
3 1848 1753 1836 
3 1849 1754 1753 
3 1809 1747 1843 
3 1822 1770 1850 
3 1756 1851 1823 
3 1851 1756 1757 
3 1786 1844 1782 
3 1766 1723 1834 
3 1766 1852 1744 
3 1853 1731 1745 
3 1814 1744 1852 
3 1796 1708 1854 
3 1803 1855 1802 
3 1796 1856 1838 
3 1717 1796 1838 
3 1840 1798 1839 
3 1816 1752 1857 
3 1817 1815 1858 
3 1819 1841 1807 
3 1792 1859 1804 
3 1859 1792 1808 
3 1828 1860 1742 
3 1770 1742 1860 
3 1779 1826 1771 
3 1790 1861 1789 
3 1783 1854 1708 
3 1746 1791 1847 
3 1849 1753 1848 
3 1755 1842 1812 
3 1777 1862 1845 
3 1771 1862 1777 
3 1830 1650 1846 
3 1764 1811 1863 
3 1751 1861 1864 
3 1861 1751 1789 
3 1853 1745 1802 
3 1803 1835 1855 
3 1808 1821 1865 
3 1850 1770 1860 
3 1757 1866 1851 
3 1800 1867 1824 
3 1868 1846 1787 
3 1751 1864 1811 
3 1815 1820 1858 
3 1836 1804 1859 
3 1869 1762 1763 
3 1790 1864 1861 
3 1762 1870 1785 
3 1866 1757 1844 
3 1867 1800 1748 
3 1871 1829 1824 
3 1771 1826 1872 
3 1801 1830 1873 
3 1795 1764 1874 
3 1833 1788 1832 
3 1806 1731 1853 
3 1854 1856 1796 
3 1839 1685 1838 
3 1752 1781 1857 
3 1860 1875 1850 
3 1876 1805 1822 
3 1845 1877 1810 
3 1831 1778 1758 
3 1878 1813 1795 
3 1879 1818 1827 
3 1697 1806 1837 
3 1791 1817 1880 
3 1785 1881 1799 
3 1882 1860 1828 
3 1762 1869 1883 
3 1884 1823 1851 
3 1877 1786 1825 
3 1810 1877 1825 
3 1868 1787 1778 
3 1852 1766 1834 
3 1838 1856 1839 
3 1808 1865 1859 
3 1885 1848 1836 
3 1812 1886 1821 
3 1754 1849 1843 
3 1860 1882 1875 
3 1870 1881 1785 
3 1883 1870 1762 
3 1823 1887 1763 
3 1805 1888 1748 
3 1873 1832 1801 
3 1874 1764 1863 
3 1833 1879 1827 
3 1853 1802 1889 
3 1890 1783 1814 
3 1858 1880 1817 
3 1841 1858 1820 
3 1828 1809 1891 
3 1882 1850 1875 
3 1870 1892 1881 
3 1887 1823 1893 
3 1824 1867 1871 
3 1831 1829 1871 
3 1831 1894 1778 
3 1846 1873 1830 
3 1790 1837 1895 
3 1806 1853 1896 
3 1840 1897 1781 
3 1848 1885 1849 
3 1870 1883 1892 
3 1869 1763 1898 
3 1890 1854 1783 
3 1899 1835 1797 
3 1780 1900 1797 
3 1850 1901 1822 
3 1869 1898 1883 
3 1898 1763 1902 
3 1903 1862 1771 
3 1868 1778 1904 
3 1826 1813 1905 
3 1863 1811 1906 
3 1907 1864 1790 
3 1856 1854 1890 
3 1797 1900 1899 
3 1840 1839 1908 
3 1812 1842 1886 
3 1909 1809 1843 
3 1910 1882 1828 
3 1910 1850 1882 
3 1763 1887 1902 
3 1893 1823 1884 
3 1748 1888 1911 
3 1911 1867 1748 
3 1912 1844 1786 
3 1913 1786 1877 
3 1914 1832 1873 
3 1832 1879 1833 
3 1811 1864 1915 
3 1834 1818 1916 
3 1806 1896 1837 
3 1853 1889 1917 
3 1802 1855 1889 
3 1918 1847 1791 
3 1857 1919 1816 
3 1816 1920 1819 
3 1880 1858 1921 
3 1841 1819 1922 
3 1892 1883 1923 
3 1883 1898 1923 
3 1902 1923 1898 
3 1923 1902 1887 
3 1924 1844 1912 
3 1912 1786 1913 
3 1894 1925 1778 
3 1925 1904 1778 
3 1813 1878 1905 
3 1907 1790 1895 
3 1837 1926 1895 
3 1889 1855 1917 
3 1922 1858 1841 
3 1865 1927 1859 
3 1928 1859 1927 
3 1865 1886 1927 
3 1886 1865 1821 
3 1909 1891 1809 
3 1822 1901 1876 
3 1805 1876 1929 
3 1893 1884 1930 
3 1771 1872 1903 
3 1931 1873 1846 
3 1874 1863 1906 
3 1896 1932 1926 
3 1837 1896 1926 
3 1852 1834 1933 
3 1934 1890 1814 
3 1935 1839 1856 
3 1857 1781 1936 
3 1937 1836 1859 
3 1843 1849 1909 
3 1938 1887 1893 
3 1929 1888 1805 
3 1939 1851 1866 
3 1871 1867 1940 
3 1871 1894 1831 
3 1874 1941 1795 
3 1852 1934 1814 
3 1839 1935 1908 
3 1859 1928 1937 
3 1942 1842 1799 
3 1799 1881 1942 
3 1901 1850 1910 
3 1923 1887 1938 
3 1851 1939 1884 
3 1940 1943 1871 
3 1904 1846 1868 
3 1895 1926 1932 
3 1934 1852 1933 
3 1840 1944 1897 
3 1780 1847 1945 
3 1918 1791 1880 
3 1885 1946 1849 
3 1844 1947 1866 
3 1911 1940 1867 
3 1862 1948 1845 
3 1949 1931 1846 
3 1853 1950 1896 
3 1855 1835 1951 
3 1835 1952 1951 
3 1780 1945 1900 
3 1937 1928 1953 
3 1937 1885 1836 
3 1888 1954 1911 
3 1904 1949 1846 
3 1955 1878 1795 
3 1955 1795 1941 
3 1956 1879 1832 
3 1957 1818 1879 
3 1907 1915 1864 
3 1840 1908 1944 
3 1897 1936 1781 
3 1816 1919 1920 
3 1920 1922 1819 
3 1886 1842 1958 
3 1959 1942 1881 
3 1960 1910 1828 
3 1893 1961 1938 
3 1961 1893 1930 
3 1947 1939 1866 
3 1874 1906 1941 
3 1856 1962 1935 
3 1921 1858 1963 
3 1891 1909 1964 
3 1828 1891 1960 
3 1965 1901 1910 
3 1939 1930 1884 
3 1903 1948 1862 
3 1914 1966 1832 
3 1915 1906 1811 
3 1916 1933 1834 
3 1928 1927 1953 
3 1942 1958 1842 
3 1967 1942 1959 
3 1954 1888 1929 
3 1968 1925 1894 
3 1914 1873 1931 
3 1916 1818 1957 
3 1853 1917 1950 
3 1835 1899 1952 
3 1880 1921 1969 
3 1939 1961 1930 
3 1911 1954 1940 
3 1924 1947 1844 
3 1970 1871 1943 
3 1894 1871 1970 
3 1971 1826 1905 
3 1955 1905 1878 
3 1832 1966 1956 
3 1915 1907 1972 
3 1973 1932 1896 
3 1974 1950 1917 
3 1975 1899 1900 
3 1847 1918 1945 
3 1857 1936 1976 
3 1919 1857 1976 
3 1963 1969 1921 
3 1858 1922 1977 
3 1891 1978 1979 
3 1891 1979 1960 
3 1904 1925 1980 
3 1918 1880 1981 
3 1977 1963 1858 
3 1927 1982 1953 
3 1891 1964 1978 
3 1881 1892 1959 
3 1901 1983 1876 
3 1877 1845 1948 
3 1925 1968 1980 
3 1826 1971 1872 
3 1879 1956 1984 
3 1895 1932 1973 
3 1973 1896 1950 
3 1917 1985 1974 
3 1985 1917 1855 
3 1951 1986 1855 
3 1987 1897 1944 
3 1929 1876 1988 
3 1961 1939 1989 
3 1990 1924 1912 
3 1912 1913 1990 
3 1957 1879 1984 
3 1915 1972 1991 
3 1856 1890 1962 
3 1899 1975 1952 
3 1992 1927 1886 
3 1937 1993 1885 
3 1909 1849 1946 
3 1994 1979 1978 
3 1988 1876 1983 
3 1954 1929 1995 
3 1877 1996 1913 
3 1894 1970 1997 
3 1941 1906 1998 
3 1972 1907 1895 
3 1934 1933 1999 
3 1982 1937 1953 
3 1992 1982 1927 
3 1885 1993 1946 
3 1994 1978 1964 
3 1994 1960 1979 
3 1892 2000 1959 
3 1923 2000 1892 
3 1901 1965 1983 
3 1995 1929 1988 
3 2001 1995 1988 
3 1995 2002 1954 
3 1995 2001 2002 
3 2002 2003 1954 
3 2003 2004 1954 
3 1954 2004 1940 
3 1970 1943 2005 
3 1872 1971 2006 
3 1905 1955 1971 
3 1915 2007 1906 
3 1916 1957 2008 
3 1999 1890 1934 
3 1855 1986 1985 
3 1935 1962 2009 
3 1908 1935 2009 
3 1945 2010 1900 
3 2011 1920 1919 
3 1886 2012 1992 
3 1909 1946 2013 
3 2014 1923 1938 
3 2002 2001 2003 
3 2001 2015 2003 
3 2016 2003 2015 
3 2004 2003 2016 
3 2017 1940 2004 
3 2018 1939 1947 
3 1970 2005 1997 
3 2006 1903 1872 
3 1931 1949 2019 
3 1931 2020 1914 
3 1941 2021 1955 
3 1941 2022 2021 
3 1941 1998 2022 
3 1950 1974 2023 
3 1963 1977 2024 
3 2024 1969 1963 
3 1942 1967 1958 
3 2025 1910 1960 
3 1959 2000 1967 
3 1965 1910 2025 
3 1961 2014 1938 
3 2001 2026 2015 
3 2026 2016 2015 
3 1943 1940 2017 
3 2005 1943 2027 
3 2028 1877 1948 
3 2019 2020 1931 
3 2007 1998 1906 
3 1933 1916 2008 
3 1944 1908 2029 
3 2029 1987 1944 
3 2030 1920 2011 
3 1969 2031 1880 
3 1922 1920 2030 
3 1909 2013 2032 
3 2033 1964 1909 
3 2025 1960 1994 
3 2034 1965 2025 
3 1983 1965 2034 
3 1988 2026 2001 
3 2004 2016 2026 
3 2004 2035 2017 
3 1924 2018 1947 
3 1913 1996 1990 
3 1997 1968 1894 
3 1904 1980 2036 
3 1933 2037 1999 
3 1951 1952 1986 
3 2038 1897 1987 
3 1981 1880 2031 
3 1946 2039 2013 
3 2032 2033 1909 
3 1994 1964 2033 
3 2040 2000 1923 
3 2040 1923 2014 
3 1983 2041 1988 
3 2035 2004 2026 
3 2017 2027 1943 
3 2036 2042 1904 
3 1949 1904 2042 
3 2021 2043 1955 
3 1956 1966 2044 
3 1915 2045 2007 
3 2023 1974 1985 
3 2038 1936 1897 
3 2011 1919 1976 
3 1993 1937 1982 
3 1961 1989 2014 
3 2028 1996 1877 
3 1997 2046 1968 
3 1998 2007 2045 
3 1984 1956 2044 
3 1984 2047 1957 
3 1895 1973 2048 
3 2008 2037 1933 
3 1945 1918 2010 
3 2030 2049 1922 
3 1977 1922 2049 
3 2050 1993 1982 
3 1958 2012 1886 
3 2027 1997 2005 
3 2042 2019 1949 
3 2051 1971 1955 
3 2043 2021 2022 
3 1999 2052 1890 
3 1976 1936 2038 
3 2053 2031 1969 
3 1977 2054 2024 
3 1969 2024 2054 
3 2039 1946 1993 
3 2041 1983 2055 
3 1988 2041 2026 
3 2056 1948 1903 
3 2036 1980 2057 
3 1903 2006 2056 
3 2058 1914 2020 
3 1957 2047 2008 
3 2009 2029 1908 
3 1987 2059 2038 
3 1977 2049 2054 
3 1982 1992 2050 
3 2013 2039 2032 
3 1994 2033 2025 
3 2060 2018 1924 
3 2057 1968 2046 
3 1980 1968 2057 
3 1966 1914 2058 
3 2044 2047 1984 
3 1952 1975 2061 
3 2062 2032 2039 
3 2025 2033 2034 
3 1971 2051 2006 
3 2020 2019 2058 
3 1915 1991 2045 
3 2052 1962 1890 
3 2029 2009 2063 
3 1981 2010 1918 
3 1992 2064 2050 
3 2065 1992 2012 
3 1993 2050 2064 
3 1967 2066 1958 
3 1967 2000 2067 
3 2040 2067 2000 
3 2026 2041 2035 
3 1939 2068 1989 
3 1990 2060 1924 
3 2028 2069 1996 
3 2070 1972 1895 
3 1986 1952 2061 
3 1962 2063 2009 
3 1900 2010 1975 
3 2054 2053 1969 
3 1958 2071 2012 
3 2067 2040 2072 
3 2040 2014 2073 
3 2074 2068 1939 
3 1939 2018 2074 
3 2035 2075 2017 
3 2075 1997 2027 
3 2028 1948 2069 
3 1955 2076 2077 
3 2076 1955 2043 
3 1991 1972 2078 
3 2023 1973 1950 
3 2072 1967 2067 
3 2014 1989 2079 
3 2080 2044 1966 
3 1895 2081 2070 
3 2048 2081 1895 
3 1962 2052 2082 
3 2010 1981 2083 
3 1993 2084 2039 
3 2062 2039 2084 
3 2071 1958 2066 
3 2034 2055 1983 
3 2073 2014 2079 
3 2041 2085 2035 
3 2085 2086 2035 
3 2027 2017 2075 
3 1996 2087 1990 
3 2057 2042 2036 
3 2051 2056 2006 
3 2051 1955 2077 
3 2058 2080 1966 
3 2078 1972 2070 
3 2008 2047 2088 
3 2037 2052 1999 
3 2031 2053 1981 
3 2049 2030 2089 
3 2053 2054 2090 
3 2065 2064 1992 
3 1990 2091 2060 
3 2092 1996 2069 
3 2093 1991 2078 
3 2094 2048 1973 
3 2037 2082 2052 
3 1985 1986 2095 
3 2059 1987 2029 
3 2066 1967 2096 
3 2072 2096 1967 
3 1989 2068 2079 
3 2035 2086 2075 
3 2091 1990 2087 
3 2022 1998 2043 
3 1991 2093 2045 
3 2078 2070 2097 
3 2081 2098 2070 
3 2088 2037 2008 
3 2095 1986 2061 
3 1981 2053 2099 
3 1993 2064 2084 
3 2040 2100 2072 
3 2101 2040 2073 
3 2019 2042 2102 
3 2078 2097 2093 
3 2081 2048 2098 
3 2098 2048 2094 
3 2030 2011 2089 
3 2090 2099 2053 
3 2103 2033 2032 
3 2104 2034 2033 
3 2097 2070 2098 
3 2023 1985 2105 
3 1962 2106 2063 
3 2072 2100 2096 
3 2040 2101 2100 
3 2079 2107 2073 
3 2108 2068 2074 
3 2109 2056 2051 
3 2019 2110 2058 
3 2080 2111 2044 
3 2044 2111 2112 
3 2088 2047 2113 
3 1975 2010 2114 
3 2054 2049 2115 
3 2116 2065 2012 
3 2084 2117 2062 
3 2118 2032 2062 
3 2033 2103 2104 
3 2079 2068 2107 
3 2119 2085 2041 
3 1948 2056 2120 
3 2121 2080 2122 
3 2111 2080 2121 
3 2121 2123 2111 
3 2111 2123 2112 
3 2093 2097 2045 
3 2116 2064 2065 
3 2012 2071 2124 
3 2071 2066 2124 
3 2032 2118 2103 
3 2034 2125 2055 
3 2075 2046 1997 
3 2087 1996 2092 
3 2120 2069 1948 
3 2110 2019 2102 
3 2110 2122 2058 
3 2112 2123 2121 
3 2059 2126 2038 
3 1976 2038 2127 
3 2128 2011 1976 
3 2117 2084 2064 
3 2129 2042 2057 
3 2130 2076 2043 
3 2080 2058 2122 
3 2112 2121 2131 
3 2132 1973 2023 
3 2133 2023 2105 
3 1975 2114 2061 
3 2029 2134 2059 
3 2128 1976 2127 
3 2099 2083 1981 
3 2012 2124 2116 
3 2060 2074 2018 
3 2076 2130 2077 
3 2112 2131 2044 
3 2045 2135 1998 
3 2082 2037 2136 
3 2029 2063 2134 
3 2137 2038 2126 
3 2038 2137 2127 
3 2115 2090 2054 
3 2119 2138 2085 
3 2129 2057 2046 
3 2122 2131 2121 
3 1985 2139 2105 
3 2082 2106 1962 
3 2140 2114 2010 
3 2137 2141 2127 
3 2049 2089 2115 
3 2104 2103 2142 
3 2125 2041 2055 
3 2073 2143 2101 
3 2060 2144 2074 
3 2102 2042 2129 
3 2037 2088 2145 
3 2146 2063 2106 
3 2114 2147 2061 
3 2116 2148 2064 
3 2149 2103 2118 
3 2103 2149 2142 
3 2104 2125 2034 
3 2046 2075 2150 
3 2130 2151 2077 
3 2043 1998 2152 
3 2047 2044 2131 
3 2023 2133 2132 
3 2153 2061 2147 
3 2154 2126 2059 
3 2126 2154 2137 
3 2089 2011 2128 
3 2115 2155 2090 
3 2155 2099 2090 
3 2149 2118 2062 
3 2096 2156 2066 
3 2157 2075 2086 
3 2144 2060 2158 
3 2120 2159 2069 
3 2151 2130 2043 
3 2097 2160 2045 
3 2094 1973 2161 
3 2127 2141 2162 
3 2156 2124 2066 
3 2138 2086 2085 
3 2109 2051 2077 
3 2113 2145 2088 
3 2161 1973 2132 
3 2145 2136 2037 
3 2061 2153 2095 
3 2141 2137 2154 
3 2141 2163 2162 
3 2164 2149 2062 
3 2125 2119 2041 
3 2143 2073 2107 
3 2060 2091 2158 
3 2092 2069 2159 
3 2113 2047 2165 
3 2082 2166 2106 
3 2140 2147 2114 
3 2154 2167 2141 
3 2010 2083 2140 
3 2128 2168 2089 
3 2164 2062 2117 
3 2077 2169 2109 
3 2077 2151 2169 
3 2102 2170 2110 
3 2151 2043 2152 
3 1998 2135 2152 
3 2131 2165 2047 
3 2094 2161 2098 
3 2082 2171 2166 
3 1985 2095 2139 
3 2134 2154 2059 
3 2163 2141 2167 
3 2172 2140 2083 
3 2127 2162 2128 
3 2099 2173 2083 
3 2174 2117 2064 
3 2100 2101 2175 
3 2086 2138 2157 
3 2087 2158 2091 
3 2129 2046 2176 
3 2131 2122 2177 
3 2045 2160 2135 
3 2146 2106 2166 
3 2178 2115 2089 
3 2164 2117 2174 
3 2149 2164 2179 
3 2149 2179 2142 
3 2107 2068 2180 
3 2144 2181 2074 
3 2182 2120 2056 
3 2129 2170 2102 
3 2122 2110 2183 
3 2160 2097 2184 
3 2097 2098 2184 
3 2105 2139 2133 
3 2139 2095 2153 
3 2178 2089 2168 
3 2155 2115 2185 
3 2186 2064 2148 
3 2174 2064 2186 
3 2187 2096 2100 
3 2188 2175 2101 
3 2101 2189 2188 
3 2143 2189 2101 
3 2143 2107 2189 
3 2180 2068 2108 
3 2157 2150 2075 
3 2158 2087 2190 
3 2190 2087 2191 
3 2087 2092 2191 
3 2182 2092 2159 
3 2182 2159 2120 
3 2063 2146 2192 
3 2167 2154 2134 
3 2128 2162 2163 
3 2116 2124 2148 
3 2138 2119 2193 
3 2182 2191 2092 
3 2109 2169 2194 
3 2177 2165 2131 
3 2098 2161 2195 
3 2196 2145 2113 
3 2145 2197 2136 
3 2166 2171 2198 
3 2198 2146 2166 
3 2096 2187 2156 
3 2187 2100 2175 
3 2104 2142 2125 
3 2129 2176 2199 
3 2194 2056 2109 
3 2170 2183 2110 
3 2136 2200 2082 
3 2201 2146 2198 
3 2125 2193 2119 
3 2202 2189 2107 
3 2074 2203 2108 
3 2074 2181 2203 
3 2176 2046 2204 
3 2194 2182 2056 
3 2151 2194 2169 
3 2132 2133 2205 
3 2200 2171 2082 
3 2146 2201 2192 
3 2063 2192 2206 
3 2185 2115 2178 
3 2155 2207 2099 
3 2208 2124 2156 
3 2179 2164 2174 
3 2187 2175 2188 
3 2202 2107 2180 
3 2046 2150 2209 
3 2170 2129 2199 
3 2183 2177 2122 
3 2152 2135 2210 
3 2160 2184 2211 
3 2195 2184 2098 
3 2165 2196 2113 
3 2161 2132 2205 
3 2083 2173 2212 
3 2083 2212 2172 
3 2173 2099 2207 
3 2207 2155 2185 
3 2134 2063 2206 
3 2213 2167 2134 
3 2214 2163 2167 
3 2215 2180 2108 
3 2144 2158 2181 
3 2152 2216 2151 
3 2210 2135 2217 
3 2218 2133 2139 
3 2219 2214 2167 
3 2167 2220 2219 
3 2167 2221 2220 
3 2219 2163 2214 
3 2163 2219 2220 
3 2163 2222 2128 
3 2223 2186 2148 
3 2174 2186 2223 
3 2224 2125 2142 
3 2215 2225 2180 
3 2199 2176 2226 
3 2183 2170 2227 
3 2152 2210 2216 
3 2177 2183 2228 
3 2160 2217 2135 
3 2198 2171 2229 
3 2213 2134 2206 
3 2221 2167 2213 
3 2187 2208 2156 
3 2230 2179 2174 
3 2231 2157 2138 
3 2204 2046 2209 
3 2165 2177 2228 
3 2160 2211 2217 
3 2161 2232 2195 
3 2233 2153 2147 
3 2163 2220 2221 
3 2124 2234 2148 
3 2189 2202 2235 
3 2180 2235 2202 
3 2108 2236 2215 
3 2236 2108 2203 
3 2227 2170 2237 
3 2238 2239 2165 
3 2201 2198 2229 
3 2172 2240 2140 
3 2124 2208 2234 
3 2241 2142 2179 
3 2142 2242 2224 
3 2138 2193 2231 
3 2243 2203 2181 
3 2204 2226 2176 
3 2228 2238 2165 
3 2184 2195 2211 
3 2200 2229 2171 
3 2147 2244 2233 
3 2245 2222 2163 
3 2173 2207 2246 
3 2180 2225 2247 
3 2243 2236 2203 
3 2181 2158 2248 
3 2199 2237 2170 
3 2151 2249 2194 
3 2197 2200 2136 
3 2147 2140 2240 
3 2178 2168 2250 
3 2241 2179 2230 
3 2235 2180 2251 
3 2247 2251 2180 
3 2209 2150 2157 
3 2196 2197 2145 
3 2252 2205 2133 
3 2185 2178 2253 
3 2148 2234 2223 
3 2188 2189 2254 
3 2255 2193 2224 
3 2125 2224 2193 
3 2235 2256 2189 
3 2235 2251 2256 
3 2151 2257 2249 
3 2237 2258 2227 
3 2257 2151 2216 
3 2196 2165 2239 
3 2153 2259 2139 
3 2147 2240 2244 
3 2260 2241 2230 
3 2181 2248 2261 
3 2197 2196 2262 
3 2133 2218 2252 
3 2201 2263 2192 
3 2246 2212 2173 
3 2178 2250 2253 
3 2234 2264 2223 
3 2265 2234 2208 
3 2187 2188 2266 
3 2188 2254 2266 
3 2142 2267 2242 
3 2255 2224 2242 
3 2251 2247 2268 
3 2247 2225 2268 
3 2181 2261 2243 
3 2183 2227 2258 
3 2172 2212 2240 
3 2208 2187 2265 
3 2255 2269 2193 
3 2236 2270 2215 
3 2157 2271 2209 
3 2248 2158 2190 
3 2272 2204 2209 
3 2204 2272 2226 
3 2273 2237 2199 
3 2183 2274 2228 
3 2275 2161 2205 
3 2153 2233 2259 
3 2163 2221 2245 
3 2222 2276 2128 
3 2168 2128 2276 
3 2241 2267 2142 
3 2277 2189 2256 
3 2231 2278 2157 
3 2243 2279 2236 
3 2190 2280 2248 
3 2183 2258 2274 
3 2217 2281 2210 
3 2239 2262 2196 
3 2230 2174 2282 
3 2260 2267 2241 
3 2255 2242 2267 
3 2283 2190 2191 
3 2284 2201 2229 
3 2263 2206 2192 
3 2250 2168 2285 
3 2185 2286 2207 
3 2187 2266 2287 
3 2193 2288 2231 
3 2268 2215 2270 
3 2288 2278 2231 
3 2279 2243 2289 
3 2261 2289 2243 
3 2290 2272 2209 
3 2283 2280 2190 
3 2226 2273 2199 
3 2291 2194 2249 
3 2237 2274 2258 
3 2195 2232 2211 
3 2275 2232 2161 
3 2284 2229 2200 
3 2206 2292 2213 
3 2293 2244 2240 
3 2285 2168 2276 
3 2294 2253 2250 
3 2185 2253 2294 
3 2234 2295 2264 
3 2230 2296 2260 
3 2254 2297 2266 
3 2225 2215 2268 
3 2270 2236 2279 
3 2233 2244 2298 
3 2244 2293 2298 
3 2276 2222 2245 
3 2286 2246 2207 
3 2264 2174 2223 
3 2295 2234 2265 
3 2174 2264 2282 
3 2282 2296 2230 
3 2256 2251 2268 
3 2271 2157 2278 
3 2299 2262 2239 
3 2218 2139 2300 
3 2263 2292 2206 
3 2301 2265 2187 
3 2287 2301 2187 
3 2266 2297 2287 
3 2279 2289 2270 
3 2182 2302 2191 
3 2302 2182 2194 
3 2257 2291 2249 
3 2201 2284 2263 
3 2213 2292 2221 
3 2303 2297 2254 
3 2189 2304 2254 
3 2277 2304 2189 
3 2281 2216 2210 
3 2274 2238 2228 
3 2239 2238 2305 
3 2294 2286 2185 
3 2287 2297 2301 
3 2260 2306 2267 
3 2267 2269 2255 
3 2307 2277 2256 
3 2270 2308 2268 
3 2209 2309 2290 
3 2191 2302 2283 
3 2291 2302 2194 
3 2310 2257 2216 
3 2217 2211 2311 
3 2211 2232 2312 
3 2313 2205 2252 
3 2300 2139 2259 
3 2314 2282 2264 
3 2269 2267 2306 
3 2304 2303 2254 
3 2289 2308 2270 
3 2209 2271 2309 
3 2226 2272 2315 
3 2291 2257 2316 
3 2310 2216 2281 
3 2305 2299 2239 
3 2233 2298 2259 
3 2276 2245 2317 
3 2282 2314 2296 
3 2260 2296 2318 
3 2288 2193 2269 
3 2256 2268 2307 
3 2274 2237 2319 
3 2320 2240 2212 
3 2286 2294 2321 
3 2264 2295 2322 
3 2278 2309 2271 
3 2273 2226 2315 
3 2316 2257 2323 
3 2324 2238 2274 
3 2311 2211 2312 
3 2313 2275 2205 
3 2325 2326 2200 
3 2300 2252 2218 
3 2326 2284 2200 
3 2292 2327 2221 
3 2265 2301 2328 
3 2314 2318 2296 
3 2328 2301 2297 
3 2328 2297 2303 
3 2304 2328 2303 
3 2329 2304 2277 
3 2261 2248 2330 
3 2280 2330 2248 
3 2272 2290 2315 
3 2331 2273 2315 
3 2237 2273 2332 
3 2332 2319 2237 
3 2217 2311 2281 
3 2312 2232 2333 
3 2269 2334 2288 
3 2268 2308 2307 
3 2257 2310 2323 
3 2324 2274 2335 
3 2333 2232 2275 
3 2325 2200 2197 
3 2293 2240 2320 
3 2246 2336 2212 
3 2265 2337 2295 
3 2306 2260 2318 
3 2302 2291 2338 
3 2276 2339 2285 
3 2337 2265 2328 
3 2329 2277 2307 
3 2261 2330 2340 
3 2338 2291 2316 
3 2341 2252 2300 
3 2221 2327 2317 
3 2320 2212 2336 
3 2246 2286 2342 
3 2269 2343 2334 
3 2283 2302 2344 
3 2323 2345 2316 
3 2324 2305 2238 
3 2305 2346 2299 
3 2262 2299 2347 
3 2347 2197 2262 
3 2341 2300 2348 
3 2284 2326 2349 
3 2263 2350 2292 
3 2317 2245 2221 
3 2336 2246 2351 
3 2321 2342 2286 
3 2352 2322 2295 
3 2264 2322 2353 
3 2354 2322 2352 
3 2306 2318 2314 
3 2278 2288 2355 
3 2289 2356 2357 
3 2356 2289 2261 
3 2333 2358 2312 
3 2313 2252 2341 
3 2263 2284 2350 
3 2250 2285 2339 
3 2304 2359 2328 
3 2360 2269 2306 
3 2308 2289 2357 
3 2361 2302 2338 
3 2345 2323 2310 
3 2358 2311 2312 
3 2347 2325 2197 
3 2313 2362 2275 
3 2339 2276 2317 
3 2264 2353 2314 
3 2343 2269 2360 
3 2363 2359 2304 
3 2304 2329 2364 
3 2288 2334 2355 
3 2280 2283 2365 
3 2319 2335 2274 
3 2275 2362 2333 
3 2353 2322 2354 
3 2295 2337 2352 
3 2363 2304 2366 
3 2366 2359 2363 
3 2364 2366 2304 
3 2367 2310 2281 
3 2368 2259 2298 
3 2250 2369 2294 
3 2366 2364 2359 
3 2340 2356 2261 
3 2330 2280 2370 
3 2371 2283 2344 
3 2344 2302 2361 
3 2324 2372 2305 
3 2373 2360 2306 
3 2360 2374 2343 
3 2330 2375 2340 
3 2309 2376 2290 
3 2280 2365 2370 
3 2345 2310 2367 
3 2311 2358 2377 
3 2313 2341 2362 
3 2350 2284 2378 
3 2379 2369 2250 
3 2321 2294 2342 
3 2373 2306 2314 
3 2278 2376 2309 
3 2371 2365 2283 
3 2335 2372 2324 
3 2349 2326 2380 
3 2292 2350 2378 
3 2379 2250 2339 
3 2352 2381 2354 
3 2382 2353 2354 
3 2382 2354 2381 
3 2328 2359 2383 
3 2359 2364 2384 
3 2384 2364 2329 
3 2385 2308 2357 
3 2340 2386 2356 
3 2376 2387 2290 
3 2330 2370 2388 
3 2365 2371 2370 
3 2332 2273 2389 
3 2305 2372 2346 
3 2347 2299 2346 
3 2380 2326 2325 
3 2390 2298 2293 
3 2294 2369 2391 
3 2328 2383 2337 
3 2373 2392 2360 
3 2343 2374 2334 
3 2393 2307 2308 
3 2316 2345 2338 
3 2319 2332 2389 
3 2281 2311 2394 
3 2342 2395 2246 
3 2351 2246 2395 
3 2391 2396 2294 
3 2294 2396 2342 
3 2337 2381 2352 
3 2397 2314 2353 
3 2356 2386 2357 
3 2398 2376 2278 
3 2387 2399 2290 
3 2315 2290 2399 
3 2400 2331 2315 
3 2401 2358 2333 
3 2284 2349 2402 
3 2378 2284 2402 
3 2259 2368 2300 
3 2390 2368 2298 
3 2336 2351 2403 
3 2404 2403 2351 
3 2373 2314 2397 
3 2359 2384 2405 
3 2278 2355 2406 
3 2375 2330 2388 
3 2400 2315 2399 
3 2331 2389 2273 
3 2407 2327 2292 
3 2408 2395 2409 
3 2404 2408 2409 
3 2395 2408 2351 
3 2404 2351 2408 
3 2369 2379 2391 
3 2405 2410 2359 
3 2392 2374 2360 
3 2374 2392 2334 
3 2411 2385 2357 
3 2278 2406 2398 
3 2371 2388 2370 
3 2311 2377 2394 
3 2317 2327 2412 
3 2320 2413 2293 
3 2403 2320 2336 
3 2342 2409 2395 
3 2353 2382 2397 
3 2410 2383 2359 
3 2307 2393 2329 
3 2414 2355 2334 
3 2319 2415 2335 
3 2281 2394 2416 
3 2407 2292 2417 
3 2407 2412 2327 
3 2317 2412 2418 
3 2320 2403 2413 
3 2386 2411 2357 
3 2400 2399 2419 
3 2401 2377 2358 
3 2380 2402 2349 
3 2329 2393 2384 
3 2393 2308 2420 
3 2355 2414 2406 
3 2340 2375 2421 
3 2367 2281 2416 
3 2415 2372 2335 
3 2317 2418 2339 
3 2404 2409 2403 
3 2422 2382 2381 
3 2410 2405 2423 
3 2424 2423 2405 
3 2405 2425 2424 
3 2405 2384 2425 
3 2334 2392 2414 
3 2420 2308 2385 
3 2400 2426 2331 
3 2333 2362 2401 
3 2348 2300 2368 
3 2397 2382 2422 
3 2427 2381 2337 
3 2337 2383 2428 
3 2410 2423 2429 
3 2425 2429 2423 
3 2424 2425 2423 
3 2384 2393 2430 
3 2340 2421 2386 
3 2344 2361 2431 
3 2361 2338 2431 
3 2432 2389 2331 
3 2433 2338 2345 
3 2401 2434 2377 
3 2384 2429 2425 
3 2435 2376 2398 
3 2331 2426 2432 
3 2436 2338 2433 
3 2362 2437 2401 
3 2438 2325 2347 
3 2380 2325 2439 
3 2376 2435 2387 
3 2367 2440 2345 
3 2402 2380 2439 
3 2293 2413 2390 
3 2391 2441 2396 
3 2435 2398 2406 
3 2387 2419 2399 
3 2419 2426 2400 
3 2440 2433 2345 
3 2367 2416 2440 
3 2347 2346 2442 
3 2442 2438 2347 
3 2375 2443 2421 
3 2443 2375 2388 
3 2431 2444 2344 
3 2389 2445 2319 
3 2446 2362 2341 
3 2348 2447 2341 
3 2448 2348 2368 
3 2449 2292 2378 
3 2417 2412 2407 
3 2381 2427 2422 
3 2373 2397 2450 
3 2392 2373 2450 
3 2451 2411 2386 
3 2452 2387 2435 
3 2452 2419 2387 
3 2344 2453 2371 
3 2389 2432 2445 
3 2319 2454 2415 
3 2394 2377 2455 
3 2346 2372 2456 
3 2439 2325 2457 
3 2402 2439 2457 
3 2292 2449 2417 
3 2458 2391 2379 
3 2409 2342 2459 
3 2342 2396 2441 
3 2420 2385 2460 
3 2385 2411 2451 
3 2445 2454 2319 
3 2403 2409 2461 
3 2459 2461 2409 
3 2410 2428 2383 
3 2420 2462 2393 
3 2463 2406 2414 
3 2451 2460 2385 
3 2421 2451 2386 
3 2426 2464 2432 
3 2431 2338 2436 
3 2415 2465 2372 
3 2466 2401 2437 
3 2446 2437 2362 
3 2467 2397 2422 
3 2467 2422 2427 
3 2428 2468 2337 
3 2384 2469 2429 
3 2430 2469 2384 
3 2388 2371 2470 
3 2444 2453 2344 
3 2416 2394 2471 
3 2455 2377 2434 
3 2456 2442 2346 
3 2448 2447 2348 
3 2472 2449 2378 
3 2368 2390 2473 
3 2458 2379 2339 
3 2342 2441 2459 
3 2410 2429 2428 
3 2474 2420 2460 
3 2454 2465 2415 
3 2402 2472 2378 
3 2418 2475 2339 
3 2427 2337 2468 
3 2429 2469 2428 
3 2420 2476 2462 
3 2435 2406 2477 
3 2443 2478 2421 
3 2388 2478 2443 
3 2470 2371 2453 
3 2372 2465 2479 
3 2456 2372 2479 
3 2449 2412 2417 
3 2458 2339 2480 
3 2459 2441 2481 
3 2393 2482 2430 
3 2406 2463 2477 
3 2394 2455 2471 
3 2325 2438 2457 
3 2483 2412 2449 
3 2412 2484 2418 
3 2339 2475 2480 
3 2403 2461 2485 
3 2474 2476 2420 
3 2486 2460 2451 
3 2421 2486 2451 
3 2478 2388 2487 
3 2432 2464 2445 
3 2445 2488 2454 
3 2466 2437 2446 
3 2489 2402 2457 
3 2485 2461 2459 
3 2482 2490 2430 
3 2452 2491 2419 
3 2492 2455 2434 
3 2446 2341 2493 
3 2368 2473 2494 
3 2392 2495 2414 
3 2430 2490 2496 
3 2462 2482 2393 
3 2452 2435 2497 
3 2478 2498 2421 
3 2388 2470 2487 
3 2416 2471 2440 
3 2434 2401 2492 
3 2401 2466 2492 
3 2456 2499 2442 
3 2442 2500 2438 
3 2473 2390 2413 
3 2501 2397 2467 
3 2502 2468 2428 
3 2469 2496 2503 
3 2469 2430 2496 
3 2433 2504 2436 
3 2403 2485 2505 
3 2391 2481 2441 
3 2481 2485 2459 
3 2427 2506 2467 
3 2450 2397 2501 
3 2486 2421 2507 
3 2426 2419 2508 
3 2508 2464 2426 
3 2431 2509 2444 
3 2431 2436 2510 
3 2440 2504 2433 
3 2479 2499 2456 
3 2442 2499 2500 
3 2511 2448 2368 
3 2484 2475 2418 
3 2512 2392 2513 
3 2513 2392 2450 
3 2469 2503 2428 
3 2490 2482 2514 
3 2515 2463 2414 
3 2462 2476 2482 
3 2516 2476 2474 
3 2498 2478 2487 
3 2452 2517 2491 
3 2444 2518 2453 
3 2509 2518 2444 
3 2510 2509 2431 
3 2510 2436 2504 
3 2341 2447 2493 
3 2447 2448 2511 
3 2480 2519 2458 
3 2474 2460 2516 
3 2497 2435 2477 
3 2452 2520 2517 
3 2413 2403 2505 
3 2515 2414 2495 
3 2482 2476 2514 
3 2421 2498 2507 
3 2452 2497 2520 
3 2445 2464 2521 
3 2522 2523 2440 
3 2522 2440 2471 
3 2465 2524 2479 
3 2472 2402 2489 
3 2511 2368 2494 
3 2525 2473 2413 
3 2481 2391 2526 
3 2485 2481 2527 
3 2515 2477 2463 
3 2460 2486 2516 
3 2440 2523 2504 
3 2471 2455 2528 
3 2483 2484 2412 
3 2413 2529 2525 
3 2480 2475 2519 
3 2529 2413 2505 
3 2526 2391 2458 
3 2468 2530 2427 
3 2495 2392 2512 
3 2524 2499 2479 
3 2449 2472 2531 
3 2532 2505 2485 
3 2427 2530 2506 
3 2450 2533 2513 
3 2491 2517 2534 
3 2534 2535 2419 
3 2521 2536 2445 
3 2536 2488 2445 
3 2488 2465 2454 
3 2500 2537 2438 
3 2489 2457 2538 
3 2539 2494 2473 
3 2481 2540 2527 
3 2467 2506 2501 
3 2501 2533 2450 
3 2428 2503 2541 
3 2534 2517 2520 
3 2542 2498 2487 
3 2534 2419 2491 
3 2419 2535 2508 
3 2464 2508 2535 
3 2528 2522 2471 
3 2519 2526 2458 
3 2509 2510 2518 
3 2527 2532 2485 
3 2543 2518 2510 
3 2544 2489 2538 
3 2489 2531 2472 
3 2531 2483 2449 
3 2540 2481 2526 
3 2502 2428 2541 
3 2545 2503 2496 
3 2545 2496 2490 
3 2476 2516 2514 
3 2520 2546 2534 
3 2464 2535 2547 
3 2521 2464 2547 
3 2522 2528 2523 
3 2528 2455 2492 
3 2466 2446 2548 
3 2537 2457 2438 
3 2549 2484 2483 
3 2486 2550 2516 
3 2497 2546 2520 
3 2487 2470 2542 
3 2510 2504 2551 
3 2524 2552 2499 
3 2500 2499 2553 
3 2531 2549 2483 
3 2527 2540 2554 
3 2554 2532 2527 
3 2530 2468 2502 
3 2533 2512 2513 
3 2545 2490 2514 
3 2477 2555 2497 
3 2498 2556 2507 
3 2498 2542 2556 
3 2466 2548 2492 
3 2446 2493 2557 
3 2558 2493 2447 
3 2526 2554 2540 
3 2559 2533 2501 
3 2559 2501 2506 
3 2495 2512 2560 
3 2515 2495 2560 
3 2507 2550 2486 
3 2470 2453 2561 
3 2453 2518 2561 
3 2504 2523 2551 
3 2553 2537 2500 
3 2473 2525 2539 
3 2475 2484 2562 
3 2563 2526 2519 
3 2555 2477 2515 
3 2561 2518 2543 
3 2564 2465 2488 
3 2565 2528 2492 
3 2489 2544 2531 
3 2532 2529 2505 
3 2541 2503 2566 
3 2567 2484 2549 
3 2562 2568 2475 
3 2529 2569 2525 
3 2502 2570 2530 
3 2571 2502 2541 
3 2470 2572 2542 
3 2561 2543 2573 
3 2564 2488 2536 
3 2524 2465 2574 
3 2492 2548 2565 
3 2484 2567 2562 
3 2475 2568 2519 
3 2575 2506 2530 
3 2564 2574 2465 
3 2537 2538 2457 
3 2506 2575 2559 
3 2576 2533 2559 
3 2577 2530 2570 
3 2571 2570 2502 
3 2541 2566 2571 
3 2512 2533 2578 
3 2545 2514 2579 
3 2572 2470 2561 
3 2499 2552 2553 
3 2580 2446 2557 
3 2532 2554 2581 
3 2577 2570 2571 
3 2582 2503 2579 
3 2503 2545 2579 
3 2516 2583 2514 
3 2546 2497 2555 
3 2543 2510 2584 
3 2510 2551 2584 
3 2494 2585 2511 
3 2503 2582 2566 
3 2582 2586 2566 
3 2561 2573 2572 
3 2574 2552 2524 
3 2548 2446 2580 
3 2493 2558 2557 
3 2447 2511 2558 
3 2587 2544 2538 
3 2544 2549 2531 
3 2494 2539 2585 
3 2532 2588 2529 
3 2512 2578 2560 
3 2589 2515 2560 
3 2555 2515 2590 
3 2556 2542 2572 
3 2511 2585 2591 
3 2519 2568 2563 
3 2563 2554 2526 
3 2530 2592 2575 
3 2578 2533 2593 
3 2566 2586 2571 
3 2583 2579 2514 
3 2550 2507 2556 
3 2536 2521 2594 
3 2588 2569 2529 
3 2595 2586 2582 
3 2515 2589 2590 
3 2516 2550 2596 
3 2597 2550 2556 
3 2547 2598 2521 
3 2553 2599 2537 
3 2539 2525 2600 
3 2555 2601 2546 
3 2539 2600 2585 
3 2593 2533 2576 
3 2516 2596 2583 
3 2601 2555 2590 
3 2534 2546 2602 
3 2598 2547 2535 
3 2584 2603 2543 
3 2604 2549 2544 
3 2525 2569 2600 
3 2579 2595 2582 
3 2597 2596 2550 
3 2536 2605 2564 
3 2523 2528 2606 
3 2565 2548 2607 
3 2511 2591 2558 
3 2604 2544 2587 
3 2575 2576 2559 
3 2592 2530 2577 
3 2573 2543 2603 
3 2584 2551 2608 
3 2574 2564 2609 
3 2599 2538 2537 
3 2610 2568 2562 
3 2575 2611 2576 
3 2601 2602 2546 
3 2594 2521 2598 
3 2612 2606 2528 
3 2611 2575 2592 
3 2571 2613 2577 
3 2586 2613 2571 
3 2596 2614 2583 
3 2615 2534 2602 
3 2548 2580 2607 
3 2563 2616 2554 
3 2579 2617 2595 
3 2579 2583 2614 
3 2598 2535 2615 
3 2608 2551 2523 
3 2528 2565 2612 
3 2567 2618 2562 
3 2581 2554 2616 
3 2586 2595 2613 
3 2579 2614 2617 
3 2615 2535 2534 
3 2536 2594 2605 
3 2567 2549 2618 
3 2532 2581 2588 
3 2619 2577 2613 
3 2620 2578 2593 
3 2595 2621 2613 
3 2578 2589 2560 
3 2564 2605 2609 
3 2599 2553 2622 
3 2603 2623 2573 
3 2624 2523 2606 
3 2557 2558 2580 
3 2625 2591 2585 
3 2562 2618 2610 
3 2568 2610 2626 
3 2617 2627 2595 
3 2628 2597 2556 
3 2573 2623 2572 
3 2608 2603 2584 
3 2608 2523 2624 
3 2629 2553 2552 
3 2549 2604 2630 
3 2631 2618 2549 
3 2632 2588 2581 
3 2589 2578 2620 
3 2627 2617 2614 
3 2633 2614 2596 
3 2597 2634 2596 
3 2605 2594 2635 
3 2574 2629 2552 
3 2599 2587 2538 
3 2630 2631 2549 
3 2585 2600 2636 
3 2569 2588 2637 
3 2581 2616 2632 
3 2592 2577 2619 
3 2596 2634 2633 
3 2565 2638 2639 
3 2638 2565 2607 
3 2580 2640 2607 
3 2629 2622 2553 
3 2558 2641 2580 
3 2632 2642 2588 
3 2589 2643 2590 
3 2556 2572 2628 
3 2565 2639 2612 
3 2607 2644 2638 
3 2644 2607 2640 
3 2591 2625 2645 
3 2625 2585 2636 
3 2600 2569 2637 
3 2563 2568 2646 
3 2647 2576 2611 
3 2648 2620 2593 
3 2601 2649 2602 
3 2587 2599 2650 
3 2604 2651 2630 
3 2646 2568 2626 
3 2593 2576 2652 
3 2593 2652 2648 
3 2609 2653 2574 
3 2625 2636 2645 
3 2631 2630 2654 
3 2588 2642 2637 
3 2613 2655 2619 
3 2655 2613 2621 
3 2590 2643 2649 
3 2649 2601 2590 
3 2602 2656 2615 
3 2608 2623 2603 
3 2629 2574 2653 
3 2638 2644 2639 
3 2640 2657 2644 
3 2657 2640 2580 
3 2563 2658 2616 
3 2652 2576 2647 
3 2647 2611 2592 
3 2621 2659 2655 
3 2660 2659 2621 
3 2595 2660 2621 
3 2614 2661 2627 
3 2633 2634 2662 
3 2663 2572 2623 
3 2598 2615 2664 
3 2608 2665 2623 
3 2606 2666 2624 
3 2600 2667 2636 
3 2600 2637 2667 
3 2659 2660 2655 
3 2661 2614 2633 
3 2624 2665 2608 
3 2606 2612 2666 
3 2658 2632 2616 
3 2627 2660 2595 
3 2662 2661 2633 
3 2645 2558 2591 
3 2646 2668 2563 
3 2627 2669 2660 
3 2670 2634 2597 
3 2663 2628 2572 
3 2656 2664 2615 
3 2635 2594 2598 
3 2665 2624 2666 
3 2671 2612 2639 
3 2580 2672 2657 
3 2673 2599 2622 
3 2673 2650 2599 
3 2587 2651 2604 
3 2618 2631 2674 
3 2675 2610 2618 
3 2676 2610 2675 
3 2676 2626 2610 
3 2592 2619 2677 
3 2655 2660 2678 
3 2662 2634 2670 
3 2644 2657 2639 
3 2641 2558 2679 
3 2650 2680 2587 
3 2654 2630 2651 
3 2674 2675 2618 
3 2677 2647 2592 
3 2669 2678 2660 
3 2669 2627 2678 
3 2627 2661 2681 
3 2643 2589 2682 
3 2662 2683 2661 
3 2580 2641 2672 
3 2684 2636 2667 
3 2589 2685 2686 
3 2589 2686 2682 
3 2670 2597 2628 
3 2656 2602 2687 
3 2605 2688 2609 
3 2671 2689 2612 
3 2671 2639 2657 
3 2680 2651 2587 
3 2667 2637 2690 
3 2637 2642 2690 
3 2685 2589 2620 
3 2627 2681 2678 
3 2635 2598 2664 
3 2691 2605 2635 
3 2692 2679 2558 
3 2645 2636 2684 
3 2654 2674 2631 
3 2626 2676 2693 
3 2626 2693 2646 
3 2563 2694 2658 
3 2655 2678 2619 
3 2648 2695 2620 
3 2685 2620 2695 
3 2661 2683 2681 
3 2650 2673 2696 
3 2692 2558 2645 
3 2649 2697 2602 
3 2689 2671 2657 
3 2698 2646 2693 
3 2646 2698 2699 
3 2699 2668 2646 
3 2700 2667 2690 
3 2694 2563 2668 
3 2701 2648 2652 
3 2685 2695 2702 
3 2643 2682 2703 
3 2703 2649 2643 
3 2687 2602 2697 
3 2628 2663 2704 
3 2653 2609 2688 
3 2622 2629 2705 
3 2645 2706 2692 
3 2693 2676 2675 
3 2632 2658 2707 
3 2642 2632 2708 
3 2674 2693 2675 
3 2652 2647 2709 
3 2702 2686 2685 
3 2702 2682 2686 
3 2681 2683 2710 
3 2691 2635 2664 
3 2688 2605 2711 
3 2712 2698 2693 
3 2712 2699 2698 
3 2642 2713 2690 
3 2619 2678 2714 
3 2678 2710 2715 
3 2710 2678 2681 
3 2683 2716 2710 
3 2649 2717 2697 
3 2704 2670 2628 
3 2718 2641 2679 
3 2680 2650 2696 
3 2700 2684 2667 
3 2713 2642 2708 
3 2708 2632 2707 
3 2682 2702 2703 
3 2649 2719 2717 
3 2711 2605 2691 
3 2612 2689 2720 
3 2653 2688 2721 
3 2718 2679 2692 
3 2645 2684 2706 
3 2668 2699 2712 
3 2712 2722 2668 
3 2652 2709 2701 
3 2648 2701 2695 
3 2678 2715 2714 
3 2723 2665 2666 
3 2705 2673 2622 
3 2724 2687 2697 
3 2687 2664 2656 
3 2666 2612 2720 
3 2725 2707 2658 
3 2719 2649 2703 
3 2683 2662 2670 
3 2726 2666 2720 
3 2720 2727 2726 
3 2629 2728 2705 
3 2668 2722 2694 
3 2647 2729 2709 
3 2729 2647 2677 
3 2619 2714 2677 
3 2623 2665 2730 
3 2666 2731 2732 
3 2731 2666 2726 
3 2727 2731 2726 
3 2731 2727 2720 
3 2720 2733 2731 
3 2733 2720 2689 
3 2657 2672 2734 
3 2651 2735 2654 
3 2736 2674 2654 
3 2737 2694 2722 
3 2658 2694 2725 
3 2707 2738 2708 
3 2664 2687 2739 
3 2657 2734 2689 
3 2680 2696 2740 
3 2741 2692 2706 
3 2708 2738 2713 
3 2702 2695 2742 
3 2743 2716 2683 
3 2739 2691 2664 
3 2730 2665 2723 
3 2723 2744 2730 
3 2744 2723 2666 
3 2653 2728 2629 
3 2701 2742 2695 
3 2715 2710 2716 
3 2724 2697 2717 
3 2684 2741 2706 
3 2684 2700 2745 
3 2674 2736 2693 
3 2746 2653 2721 
3 2728 2747 2705 
3 2673 2705 2747 
3 2748 2749 2651 
3 2651 2680 2748 
3 2737 2722 2750 
3 2738 2707 2725 
3 2677 2714 2751 
3 2752 2717 2719 
3 2753 2704 2663 
3 2754 2663 2623 
3 2732 2731 2733 
3 2641 2755 2672 
3 2748 2680 2740 
3 2736 2712 2693 
3 2704 2756 2670 
3 2757 2623 2730 
3 2744 2666 2732 
3 2728 2653 2746 
3 2740 2758 2748 
3 2759 2692 2741 
3 2749 2735 2651 
3 2654 2760 2736 
3 2663 2754 2753 
3 2688 2711 2761 
3 2692 2759 2718 
3 2762 2758 2740 
3 2762 2748 2758 
3 2749 2748 2762 
3 2735 2760 2654 
3 2670 2763 2683 
3 2756 2704 2753 
3 2623 2757 2764 
3 2711 2691 2765 
3 2641 2766 2755 
3 2641 2718 2766 
3 2767 2690 2713 
3 2725 2694 2768 
3 2701 2769 2742 
3 2724 2770 2687 
3 2696 2673 2747 
3 2740 2696 2771 
3 2740 2771 2762 
3 2749 2762 2771 
3 2772 2714 2715 
3 2715 2716 2772 
3 2719 2703 2773 
3 2721 2688 2761 
3 2747 2774 2696 
3 2775 2743 2683 
3 2739 2687 2770 
3 2776 2730 2744 
3 2728 2746 2777 
3 2672 2778 2734 
3 2766 2779 2755 
3 2684 2745 2741 
3 2700 2690 2767 
3 2694 2737 2768 
3 2713 2738 2780 
3 2683 2763 2775 
3 2670 2756 2763 
3 2781 2717 2752 
3 2733 2782 2732 
3 2746 2721 2777 
3 2783 2779 2766 
3 2783 2755 2779 
3 2750 2722 2712 
3 2784 2737 2750 
3 2738 2725 2780 
3 2785 2701 2709 
3 2742 2769 2702 
3 2716 2743 2772 
3 2773 2703 2702 
3 2752 2719 2773 
3 2781 2724 2717 
3 2724 2781 2786 
3 2724 2787 2770 
3 2754 2623 2764 
3 2732 2782 2744 
3 2728 2777 2747 
3 2778 2672 2755 
3 2778 2755 2783 
3 2783 2788 2778 
3 2712 2736 2789 
3 2677 2751 2729 
3 2729 2785 2709 
3 2787 2724 2786 
3 2757 2790 2764 
3 2733 2689 2791 
3 2689 2792 2791 
3 2788 2783 2766 
3 2725 2768 2780 
3 2739 2793 2691 
3 2689 2734 2792 
3 2788 2766 2718 
3 2763 2756 2794 
3 2752 2787 2781 
3 2787 2786 2781 
3 2790 2795 2754 
3 2754 2764 2790 
3 2793 2765 2691 
3 2771 2696 2774 
3 2789 2736 2796 
3 2780 2767 2713 
3 2797 2701 2785 
3 2782 2733 2791 
3 2735 2749 2771 
3 2796 2736 2760 
3 2712 2798 2750 
3 2799 2768 2737 
3 2757 2795 2790 
3 2757 2730 2776 
3 2711 2765 2800 
3 2771 2774 2801 
3 2789 2802 2712 
3 2802 2798 2712 
3 2784 2799 2737 
3 2797 2769 2701 
3 2803 2804 2743 
3 2805 2787 2752 
3 2803 2743 2775 
3 2702 2769 2773 
3 2761 2711 2800 
3 2718 2759 2788 
3 2806 2771 2801 
3 2807 2729 2751 
3 2808 2714 2772 
3 2809 2777 2721 
3 2734 2778 2810 
3 2735 2811 2760 
3 2750 2798 2784 
3 2808 2751 2714 
3 2772 2743 2812 
3 2753 2794 2756 
3 2795 2757 2813 
3 2814 2721 2761 
3 2815 2791 2792 
3 2700 2816 2745 
3 2700 2767 2816 
3 2807 2785 2729 
3 2804 2812 2743 
3 2817 2754 2795 
3 2744 2818 2776 
3 2818 2744 2782 
3 2734 2810 2792 
3 2759 2741 2819 
3 2741 2745 2819 
3 2820 2807 2751 
3 2772 2812 2821 
3 2813 2757 2776 
3 2776 2822 2813 
3 2721 2814 2809 
3 2806 2735 2771 
3 2819 2745 2823 
3 2760 2811 2824 
3 2824 2796 2760 
3 2820 2751 2808 
3 2801 2774 2825 
3 2803 2826 2804 
3 2763 2827 2775 
3 2814 2761 2828 
3 2782 2791 2815 
3 2747 2777 2829 
3 2774 2747 2830 
3 2801 2825 2806 
3 2735 2806 2831 
3 2735 2832 2811 
3 2816 2767 2833 
3 2767 2780 2833 
3 2769 2797 2834 
3 2821 2812 2826 
3 2812 2804 2826 
3 2773 2805 2752 
3 2754 2817 2753 
3 2835 2765 2793 
3 2800 2828 2761 
3 2796 2824 2789 
3 2745 2816 2823 
3 2780 2768 2836 
3 2808 2772 2821 
3 2773 2769 2805 
3 2770 2837 2739 
3 2800 2765 2835 
3 2822 2776 2818 
3 2818 2782 2815 
3 2788 2838 2778 
3 2802 2789 2839 
3 2798 2802 2839 
3 2770 2787 2840 
3 2818 2841 2822 
3 2792 2842 2815 
3 2778 2838 2810 
3 2806 2825 2831 
3 2807 2820 2843 
3 2808 2821 2826 
3 2794 2844 2763 
3 2753 2817 2845 
3 2818 2815 2841 
3 2846 2785 2807 
3 2847 2805 2769 
3 2763 2844 2827 
3 2837 2793 2739 
3 2848 2795 2813 
3 2809 2829 2777 
3 2792 2810 2842 
3 2829 2830 2747 
3 2849 2759 2819 
3 2811 2832 2850 
3 2833 2780 2836 
3 2840 2787 2805 
3 2839 2789 2824 
3 2836 2768 2799 
3 2808 2826 2851 
3 2845 2794 2753 
3 2795 2848 2817 
3 2774 2830 2825 
3 2735 2831 2832 
3 2834 2797 2785 
3 2803 2851 2826 
3 2813 2822 2848 
3 2846 2834 2785 
3 2852 2843 2820 
3 2853 2847 2769 
3 2775 2854 2803 
3 2840 2837 2770 
3 2810 2855 2842 
3 2838 2788 2759 
3 2850 2832 2856 
3 2769 2834 2853 
3 2827 2854 2775 
3 2857 2822 2841 
3 2841 2815 2857 
3 2809 2814 2858 
3 2859 2784 2798 
3 2836 2799 2860 
3 2846 2807 2843 
3 2854 2851 2803 
3 2844 2854 2827 
3 2814 2828 2858 
3 2856 2832 2831 
3 2819 2823 2861 
3 2862 2805 2847 
3 2831 2825 2863 
3 2819 2861 2849 
3 2798 2839 2859 
3 2799 2784 2864 
3 2843 2865 2846 
3 2865 2843 2852 
3 2840 2805 2866 
3 2837 2835 2793 
3 2850 2856 2867 
3 2867 2811 2850 
3 2811 2867 2868 
3 2811 2868 2869 
3 2869 2824 2811 
3 2823 2816 2870 
3 2846 2871 2834 
3 2872 2844 2794 
3 2835 2873 2800 
3 2842 2855 2874 
3 2830 2829 2875 
3 2876 2810 2838 
3 2863 2825 2877 
3 2759 2849 2838 
3 2878 2856 2831 
3 2864 2784 2859 
3 2860 2799 2879 
3 2860 2833 2836 
3 2846 2865 2880 
3 2881 2865 2852 
3 2881 2852 2820 
3 2794 2845 2872 
3 2845 2817 2882 
3 2874 2815 2842 
3 2877 2825 2830 
3 2864 2879 2799 
3 2846 2880 2871 
3 2828 2800 2873 
3 2815 2883 2857 
3 2816 2884 2870 
3 2833 2884 2816 
3 2859 2879 2864 
3 2820 2885 2881 
3 2885 2820 2808 
3 2886 2848 2822 
3 2886 2822 2857 
3 2887 2831 2888 
3 2867 2856 2878 
3 2889 2837 2840 
3 2876 2855 2810 
3 2877 2830 2890 
3 2863 2877 2890 
3 2863 2888 2831 
3 2891 2849 2861 
3 2868 2867 2878 
3 2868 2878 2869 
3 2881 2892 2865 
3 2862 2893 2805 
3 2887 2878 2831 
3 2859 2839 2894 
3 2860 2895 2833 
3 2871 2896 2834 
3 2805 2893 2866 
3 2837 2897 2835 
3 2898 2815 2874 
3 2829 2809 2899 
3 2830 2875 2900 
3 2890 2888 2863 
3 2849 2901 2838 
3 2823 2870 2861 
3 2896 2871 2880 
3 2817 2848 2902 
3 2857 2883 2886 
3 2858 2828 2903 
3 2904 2839 2824 
3 2865 2905 2880 
3 2905 2865 2892 
3 2882 2872 2845 
3 2840 2866 2889 
3 2817 2906 2882 
3 2873 2835 2907 
3 2883 2815 2898 
3 2858 2899 2809 
3 2833 2895 2908 
3 2808 2851 2909 
3 2862 2847 2910 
3 2886 2911 2848 
3 2892 2881 2885 
3 2885 2909 2892 
3 2909 2885 2808 
3 2853 2910 2847 
3 2872 2912 2844 
3 2834 2896 2853 
3 2896 2910 2853 
3 2912 2872 2882 
3 2906 2817 2902 
3 2903 2828 2873 
3 2900 2913 2830 
3 2890 2830 2913 
3 2838 2901 2914 
3 2901 2849 2891 
3 2904 2869 2878 
3 2824 2869 2904 
3 2859 2915 2879 
3 2902 2848 2911 
3 2875 2829 2899 
3 2916 2891 2861 
3 2879 2908 2860 
3 2895 2860 2908 
3 2880 2905 2896 
3 2890 2887 2888 
3 2897 2907 2835 
3 2876 2838 2914 
3 2916 2861 2870 
3 2915 2859 2894 
3 2844 2917 2854 
3 2910 2918 2862 
3 2884 2919 2870 
3 2833 2908 2884 
3 2908 2879 2920 
3 2892 2921 2905 
3 2921 2892 2909 
3 2902 2922 2906 
3 2889 2923 2837 
3 2897 2837 2923 
3 2911 2886 2883 
3 2924 2876 2914 
3 2925 2896 2905 
3 2905 2921 2925 
3 2851 2854 2926 
3 2918 2893 2862 
3 2927 2882 2906 
3 2928 2914 2901 
3 2916 2870 2919 
3 2929 2894 2839 
3 2851 2926 2930 
3 2844 2912 2917 
3 2882 2927 2912 
3 2931 2927 2906 
3 2874 2855 2932 
3 2913 2887 2890 
3 2929 2839 2904 
3 2933 2866 2893 
3 2906 2922 2931 
3 2902 2911 2934 
3 2873 2907 2935 
3 2903 2873 2935 
3 2887 2936 2878 
3 2937 2904 2878 
3 2884 2908 2938 
3 2854 2917 2926 
3 2939 2855 2876 
3 2900 2875 2940 
3 2913 2936 2887 
3 2941 2937 2878 
3 2937 2942 2904 
3 2930 2909 2851 
3 2907 2897 2943 
3 2883 2898 2944 
3 2899 2858 2903 
3 2874 2932 2898 
3 2855 2945 2932 
3 2940 2913 2900 
3 2936 2941 2878 
3 2946 2884 2938 
3 2920 2938 2908 
3 2947 2912 2927 
3 2933 2889 2866 
3 2945 2855 2939 
3 2916 2948 2891 
3 2884 2946 2919 
3 2949 2910 2896 
3 2925 2950 2896 
3 2950 2925 2921 
3 2876 2924 2939 
3 2928 2901 2951 
3 2901 2891 2951 
3 2946 2938 2952 
3 2915 2920 2879 
3 2949 2918 2910 
3 2933 2893 2918 
3 2902 2931 2922 
3 2953 2896 2950 
3 2902 2934 2931 
3 2907 2954 2935 
3 2911 2883 2955 
3 2928 2924 2914 
3 2894 2929 2956 
3 2957 2934 2911 
3 2943 2954 2907 
3 2898 2932 2944 
3 2875 2899 2958 
3 2945 2959 2932 
3 2875 2960 2940 
3 2929 2961 2956 
3 2956 2915 2894 
3 2921 2962 2950 
3 2963 2921 2909 
3 2955 2957 2911 
3 2920 2964 2938 
3 2935 2965 2903 
3 2903 2966 2899 
3 2966 2958 2899 
3 2959 2945 2939 
3 2920 2915 2967 
3 2930 2963 2909 
3 2953 2949 2896 
3 2923 2943 2897 
3 2919 2968 2916 
3 2919 2946 2968 
3 2969 2950 2962 
3 2921 2963 2962 
3 2949 2970 2918 
3 2912 2947 2917 
3 2971 2889 2933 
3 2972 2941 2936 
3 2891 2948 2951 
3 2942 2929 2904 
3 2964 2952 2938 
3 2930 2926 2973 
3 2933 2918 2974 
3 2965 2935 2954 
3 2960 2875 2958 
3 2972 2936 2913 
3 2950 2969 2953 
3 2975 2949 2953 
3 2883 2944 2955 
3 2939 2924 2959 
3 2975 2970 2949 
3 2966 2903 2976 
3 2944 2932 2977 
3 2920 2967 2978 
3 2978 2964 2920 
3 2979 2963 2930 
3 2923 2889 2980 
3 2913 2940 2981 
3 2916 2968 2948 
3 2956 2967 2915 
3 2962 2982 2969 
3 2927 2983 2947 
3 2944 2977 2955 
3 2984 2960 2958 
3 2985 2928 2951 
3 2942 2986 2929 
3 2962 2979 2982 
3 2979 2962 2963 
3 2917 2987 2926 
3 2974 2971 2933 
3 2889 2971 2988 
3 2983 2927 2931 
3 2989 2931 2934 
3 2976 2958 2966 
3 2990 2959 2924 
3 2985 2924 2928 
3 2942 2937 2991 
3 2929 2986 2961 
3 2987 2973 2926 
3 2918 2970 2974 
3 2932 2959 2992 
3 2930 2973 2979 
3 2993 2947 2983 
3 2889 2988 2980 
3 2955 2994 2957 
3 2977 2994 2955 
3 2965 2976 2903 
3 2995 2958 2976 
3 2972 2996 2941 
3 2941 2996 2937 
3 2997 2951 2948 
3 2952 2964 2978 
3 2975 2953 2969 
3 2998 2934 2957 
3 2972 2913 2981 
3 2996 2999 2937 
3 3000 2943 2923 
3 2984 2958 2995 
3 2948 2968 2997 
3 3001 2951 2997 
3 3002 2975 2969 
3 2923 2980 3003 
3 3000 2923 3003 
3 3000 2954 2943 
3 2992 2959 2990 
3 2999 2991 2937 
3 2946 2952 2968 
3 2967 2956 3004 
3 3002 2969 2982 
3 2917 2947 3005 
3 2934 2998 2989 
3 2984 3006 2960 
3 2951 3001 2985 
3 2970 2975 3007 
3 2971 2974 3008 
3 3009 2981 2940 
3 2942 2991 2986 
3 3010 2956 2961 
3 3011 2979 2973 
3 3007 3012 2970 
3 2974 2970 3012 
3 3005 2987 2917 
3 2954 3013 2965 
3 2992 2977 2932 
3 2940 2960 3009 
3 2978 2967 3004 
3 2952 2978 3014 
3 3005 2947 2993 
3 2988 3003 2980 
3 3000 3013 2954 
3 2998 2957 2994 
3 3015 2972 2981 
3 2986 3010 2961 
3 2973 2987 3016 
3 3017 2993 2983 
3 2989 3018 2931 
3 3006 2984 3019 
3 2985 2990 2924 
3 2999 2996 3020 
3 3020 2986 2991 
3 2968 2952 3021 
3 2982 3022 3002 
3 3022 2982 2979 
3 2975 3023 3007 
3 2971 3008 2988 
3 3006 3009 2960 
3 2991 2999 3020 
3 2968 3024 2997 
3 3021 3025 2968 
3 2978 3004 3026 
3 2975 3002 3023 
3 3005 3027 2987 
3 2931 3018 2983 
3 2984 2995 3028 
3 3023 3002 3029 
3 2973 3016 3011 
3 3000 3003 3030 
3 3031 2976 2965 
3 2990 3032 2992 
3 2952 3014 3021 
3 3014 2978 3026 
3 2996 2972 3015 
3 2968 3025 3024 
3 2974 3012 3033 
3 3027 3005 2993 
3 2976 3031 2995 
3 3028 3019 2984 
3 3002 3022 3029 
3 3004 3034 3026 
3 3035 2979 3011 
3 3011 3016 3035 
3 2988 3030 3003 
3 3036 2983 3018 
3 2994 3037 2998 
3 3013 3038 2965 
3 2977 2992 3039 
3 3009 3006 3019 
3 2981 3009 3040 
3 3015 2981 3041 
3 3020 2996 3042 
3 3014 3026 3043 
3 3022 2979 3035 
3 3033 3012 3007 
3 3023 3033 3007 
3 2987 3027 3044 
3 3038 3031 2965 
3 2994 2977 3045 
3 3031 3028 2995 
3 2956 3010 3004 
3 3043 3026 3034 
3 2989 3036 3018 
3 2997 3046 3001 
3 3040 3009 3019 
3 3041 2981 3040 
3 2996 3015 3042 
3 3042 3047 3020 
3 3043 3021 3014 
3 3033 3008 2974 
3 3008 3048 2988 
3 3013 3000 3030 
3 2994 3045 3037 
3 3046 2997 3024 
3 2987 3044 3016 
3 3027 2993 3049 
3 2990 2985 3050 
3 3051 3022 3035 
3 2989 3052 3036 
3 3041 3053 3015 
3 3051 3029 3022 
3 3017 2983 3036 
3 2992 3032 3054 
3 2990 3050 3032 
3 2985 3055 3050 
3 3004 3010 3056 
3 3034 3004 3056 
3 3025 3021 3057 
3 3029 3051 3058 
3 2977 3039 3045 
3 3031 3059 3028 
3 3060 3029 3058 
3 3061 2993 3017 
3 2985 3001 3055 
3 3042 3015 3053 
3 2986 3020 3062 
3 3043 3063 3021 
3 3064 3051 3035 
3 3060 3023 3029 
3 3038 3065 3031 
3 3059 3031 3065 
3 3057 3021 3063 
3 3033 3023 3066 
3 3048 3008 3067 
3 2989 2998 3052 
3 3068 2998 3037 
3 3069 3038 3013 
3 3054 3039 2992 
3 2986 3070 3010 
3 3071 3016 3044 
3 2993 3061 3049 
3 3036 3072 3017 
3 3059 3019 3028 
3 3073 3046 3024 
3 3047 3074 3020 
3 3062 3020 3074 
3 3075 3010 3070 
3 2988 3048 3030 
3 3055 3076 3050 
3 3076 3055 3001 
3 3062 3070 2986 
3 3075 3056 3010 
3 3043 3034 3063 
3 3023 3060 3066 
3 3077 3027 3049 
3 3078 3065 3038 
3 3079 3050 3076 
3 3080 3058 3051 
3 3044 3027 3081 
3 3081 3027 3077 
3 3068 3052 2998 
3 3069 3013 3030 
3 3082 3037 3045 
3 3041 3040 3083 
3 3053 3041 3083 
3 3042 3053 3084 
3 3073 3024 3025 
3 3058 3080 3060 
3 3085 3035 3016 
3 3072 3061 3017 
3 3062 3086 3087 
3 3062 3087 3070 
3 3080 3051 3064 
3 3085 3016 3071 
3 3008 3033 3088 
3 3072 3036 3052 
3 3037 3082 3068 
3 3050 3079 3032 
3 3053 3083 3089 
3 3001 3046 3090 
3 3086 3062 3074 
3 3074 3087 3086 
3 3071 3044 3081 
3 3091 3045 3039 
3 3040 3092 3083 
3 3076 3001 3090 
3 3087 3074 3093 
3 3087 3093 3070 
3 3048 3094 3030 
3 3095 3069 3030 
3 3096 3084 3053 
3 3047 3093 3074 
3 3025 3057 3073 
3 3063 3034 3097 
3 3085 3064 3035 
3 3088 3033 3066 
3 3081 3098 3071 
3 3052 3068 3099 
3 3059 3065 3100 
3 3089 3083 3092 
3 3092 3096 3089 
3 3089 3096 3053 
3 3042 3101 3047 
3 3052 3099 3072 
3 3019 3059 3102 
3 3103 3070 3093 
3 3103 3075 3070 
3 3097 3034 3056 
3 3057 3063 3104 
3 3008 3088 3067 
3 3072 3105 3061 
3 3106 3054 3032 
3 3066 3060 3080 
3 3107 3048 3067 
3 3108 3030 3094 
3 3109 3069 3095 
3 3110 3090 3046 
3 3047 3101 3111 
3 3110 3046 3073 
3 3112 3064 3085 
3 3113 3085 3071 
3 3049 3061 3077 
3 3107 3094 3048 
3 3114 3078 3038 
3 3040 3019 3115 
3 3032 3079 3116 
3 3115 3092 3040 
3 3103 3117 3075 
3 3056 3075 3117 
3 3112 3080 3064 
3 3038 3069 3114 
3 3084 3096 3092 
3 3118 3073 3057 
3 3097 3056 3119 
3 3045 3091 3082 
3 3100 3102 3059 
3 3054 3120 3039 
3 3102 3115 3019 
3 3076 3090 3121 
3 3104 3122 3057 
3 3080 3123 3066 
3 3116 3079 3076 
3 3118 3124 3073 
3 3104 3063 3097 
3 3105 3077 3061 
3 3125 3099 3068 
3 3065 3078 3100 
3 3120 3054 3106 
3 3032 3116 3106 
3 3116 3076 3121 
3 3092 3126 3084 
3 3101 3042 3126 
3 3122 3118 3057 
3 3112 3123 3080 
3 3081 3077 3098 
3 3042 3084 3126 
3 3113 3071 3098 
3 3127 3107 3067 
3 3107 3108 3094 
3 3082 3125 3068 
3 3128 3066 3123 
3 3085 3129 3112 
3 3099 3130 3072 
3 3030 3108 3095 
3 3131 3091 3039 
3 3131 3039 3120 
3 3115 3132 3092 
3 3093 3047 3111 
3 3088 3127 3067 
3 3109 3114 3069 
3 3114 3133 3078 
3 3100 3078 3133 
3 3124 3134 3073 
3 3072 3130 3105 
3 3135 3082 3091 
3 3111 3136 3093 
3 3073 3134 3110 
3 3093 3117 3103 
3 3119 3104 3097 
3 3128 3123 3112 
3 3129 3085 3113 
3 3137 3077 3105 
3 3111 3101 3126 
3 3117 3119 3056 
3 3098 3077 3137 
3 3109 3095 3138 
3 3104 3139 3122 
3 3140 3112 3129 
3 3141 3100 3133 
3 3142 3121 3090 
3 3142 3090 3110 
3 3119 3139 3104 
3 3143 3088 3066 
3 3082 3135 3125 
3 3144 3106 3116 
3 3132 3126 3092 
3 3136 3117 3093 
3 3066 3128 3143 
3 3108 3138 3095 
3 3145 3135 3091 
3 3120 3146 3131 
3 3132 3115 3147 
3 3115 3102 3147 
3 3106 3144 3120 
3 3124 3118 3148 
3 3140 3128 3112 
3 3114 3109 3138 
3 3148 3134 3124 
3 3149 3099 3125 
3 3138 3150 3114 
3 3142 3110 3134 
3 3151 3139 3119 
3 3129 3152 3140 
3 3153 3129 3113 
3 3154 3113 3098 
3 3141 3102 3100 
3 3118 3122 3148 
3 3155 3144 3116 
3 3121 3142 3156 
3 3126 3157 3111 
3 3154 3098 3137 
3 3108 3107 3158 
3 3099 3159 3130 
3 3128 3140 3160 
3 3128 3160 3143 
3 3127 3158 3107 
3 3138 3108 3161 
3 3099 3149 3159 
3 3162 3133 3114 
3 3163 3120 3144 
3 3132 3147 3164 
3 3126 3132 3164 
3 3111 3165 3136 
3 3151 3119 3166 
3 3139 3167 3122 
3 3140 3152 3160 
3 3168 3127 3088 
3 3158 3127 3169 
3 3091 3131 3145 
3 3141 3133 3162 
3 3146 3170 3131 
3 3141 3171 3102 
3 3121 3156 3116 
3 3117 3136 3172 
3 3166 3119 3117 
3 3173 3088 3143 
3 3108 3158 3161 
3 3148 3122 3167 
3 3167 3139 3151 
3 3153 3152 3129 
3 3154 3153 3113 
3 3137 3105 3174 
3 3159 3105 3130 
3 3163 3144 3155 
3 3155 3116 3156 
3 3136 3165 3175 
3 3176 3143 3160 
3 3177 3173 3143 
3 3178 3088 3173 
3 3174 3105 3159 
3 3125 3179 3149 
3 3180 3164 3147 
3 3088 3178 3168 
3 3169 3127 3181 
3 3141 3162 3182 
3 3147 3102 3183 
3 3184 3166 3117 
3 3185 3167 3151 
3 3177 3143 3176 
3 3153 3186 3152 
3 3153 3154 3187 
3 3168 3181 3127 
3 3135 3145 3125 
3 3188 3142 3134 
3 3136 3175 3172 
3 3137 3189 3154 
3 3190 3159 3149 
3 3179 3125 3145 
3 3150 3162 3114 
3 3120 3191 3146 
3 3171 3183 3102 
3 3191 3120 3163 
3 3167 3192 3148 
3 3151 3166 3185 
3 3173 3177 3193 
3 3156 3194 3155 
3 3160 3195 3176 
3 3153 3187 3186 
3 3187 3154 3189 
3 3149 3179 3190 
3 3183 3180 3147 
3 3111 3157 3165 
3 3148 3188 3134 
3 3185 3192 3167 
3 3195 3160 3152 
3 3196 3176 3195 
3 3161 3158 3197 
3 3198 3179 3145 
3 3182 3171 3141 
3 3194 3156 3142 
3 3177 3176 3199 
3 3199 3176 3196 
3 3162 3150 3200 
3 3172 3184 3117 
3 3148 3192 3201 
3 3152 3186 3202 
3 3203 3189 3137 
3 3137 3174 3203 
3 3197 3158 3204 
3 3158 3169 3204 
3 3138 3161 3205 
3 3142 3206 3194 
3 3207 3142 3188 
3 3166 3208 3185 
3 3195 3152 3202 
3 3193 3177 3199 
3 3181 3204 3169 
3 3150 3138 3200 
3 3209 3131 3170 
3 3172 3175 3210 
3 3188 3148 3211 
3 3195 3212 3196 
3 3173 3193 3178 
3 3178 3181 3168 
3 3200 3138 3205 
3 3131 3209 3145 
3 3157 3126 3213 
3 3201 3211 3148 
3 3208 3192 3185 
3 3199 3196 3212 
3 3214 3186 3187 
3 3215 3170 3146 
3 3215 3146 3191 
3 3186 3216 3202 
3 3217 3191 3163 
3 3210 3184 3172 
3 3218 3189 3203 
3 3219 3155 3194 
3 3126 3164 3213 
3 3195 3202 3212 
3 3198 3145 3209 
3 3192 3208 3220 
3 3197 3221 3161 
3 3174 3159 3222 
3 3190 3179 3223 
3 3206 3142 3207 
3 3224 3188 3211 
3 3166 3220 3208 
3 3221 3225 3161 
3 3191 3217 3215 
3 3155 3219 3163 
3 3175 3165 3226 
3 3188 3224 3207 
3 3199 3212 3227 
3 3199 3228 3193 
3 3186 3214 3216 
3 3222 3203 3174 
3 3205 3161 3225 
3 3166 3184 3229 
3 3212 3202 3227 
3 3222 3159 3190 
3 3230 3200 3205 
3 3179 3198 3223 
3 3231 3199 3227 
3 3232 3193 3228 
3 3233 3187 3189 
3 3189 3218 3233 
3 3200 3234 3162 
3 3183 3171 3235 
3 3199 3231 3228 
3 3202 3231 3227 
3 3236 3178 3193 
3 3194 3206 3219 
3 3184 3210 3237 
3 3166 3229 3220 
3 3238 3218 3203 
3 3239 3163 3219 
3 3165 3157 3240 
3 3207 3241 3206 
3 3229 3184 3237 
3 3242 3201 3192 
3 3192 3220 3243 
3 3232 3244 3193 
3 3181 3245 3204 
3 3163 3239 3217 
3 3183 3246 3180 
3 3164 3180 3246 
3 3213 3240 3157 
3 3226 3165 3240 
3 3207 3224 3241 
3 3210 3175 3226 
3 3211 3201 3242 
3 3232 3228 3231 
3 3247 3171 3182 
3 3248 3246 3183 
3 3249 3231 3202 
3 3202 3216 3249 
3 3181 3178 3245 
3 3250 3187 3233 
3 3236 3245 3178 
3 3203 3222 3238 
3 3251 3222 3190 
3 3230 3205 3225 
3 3182 3162 3252 
3 3209 3170 3253 
3 3253 3170 3215 
3 3254 3242 3192 
3 3204 3221 3197 
3 3230 3225 3255 
3 3235 3171 3247 
3 3246 3213 3164 
3 3243 3254 3192 
3 3234 3252 3162 
3 3217 3256 3215 
3 3257 3224 3211 
3 3258 3231 3249 
3 3251 3190 3223 
3 3230 3234 3200 
3 3259 3237 3210 
3 3236 3193 3244 
3 3260 3216 3214 
3 3256 3217 3239 
3 3226 3259 3210 
3 3243 3220 3261 
3 3262 3244 3232 
3 3250 3214 3187 
3 3263 3250 3233 
3 3220 3229 3261 
3 3231 3258 3232 
3 3260 3249 3216 
3 3198 3264 3223 
3 3264 3198 3209 
3 3235 3247 3265 
3 3215 3256 3253 
3 3183 3235 3248 
3 3206 3266 3219 
3 3266 3206 3241 
3 3267 3224 3257 
3 3257 3211 3242 
3 3234 3230 3255 
3 3268 3262 3232 
3 3258 3268 3232 
3 3244 3262 3236 
3 3233 3218 3263 
3 3267 3266 3241 
3 3267 3241 3224 
3 3252 3269 3182 
3 3246 3270 3213 
3 3271 3226 3240 
3 3204 3272 3221 
3 3182 3265 3247 
3 3261 3254 3243 
3 3249 3260 3258 
3 3273 3214 3250 
3 3274 3238 3222 
3 3239 3219 3275 
3 3213 3276 3240 
3 3276 3271 3240 
3 3277 3222 3251 
3 3276 3213 3270 
3 3242 3278 3257 
3 3279 3268 3258 
3 3280 3236 3262 
3 3218 3238 3263 
3 3221 3272 3281 
3 3252 3234 3282 
3 3269 3265 3182 
3 3283 3246 3248 
3 3270 3246 3283 
3 3237 3284 3229 
3 3236 3280 3285 
3 3285 3245 3236 
3 3245 3285 3286 
3 3287 3204 3245 
3 3281 3225 3221 
3 3209 3288 3264 
3 3239 3289 3256 
3 3279 3262 3268 
3 3214 3273 3260 
3 3272 3204 3287 
3 3274 3222 3277 
3 3276 3290 3271 
3 3242 3254 3278 
3 3263 3238 3274 
3 3255 3225 3281 
3 3291 3251 3223 
3 3255 3292 3234 
3 3261 3229 3293 
3 3260 3294 3258 
3 3295 3288 3209 
3 3265 3248 3235 
3 3276 3270 3296 
3 3259 3226 3297 
3 3284 3298 3229 
3 3286 3287 3245 
3 3223 3264 3291 
3 3252 3299 3269 
3 3239 3275 3289 
3 3226 3271 3297 
3 3259 3284 3237 
3 3254 3261 3300 
3 3258 3294 3279 
3 3292 3282 3234 
3 3219 3301 3275 
3 3266 3301 3219 
3 3262 3279 3280 
3 3302 3294 3260 
3 3281 3303 3255 
3 3209 3253 3295 
3 3300 3278 3254 
3 3285 3280 3304 
3 3304 3305 3285 
3 3285 3305 3286 
3 3250 3263 3306 
3 3255 3303 3292 
3 3307 3256 3289 
3 3308 3267 3257 
3 3278 3308 3257 
3 3293 3229 3298 
3 3306 3263 3274 
3 3253 3309 3295 
3 3310 3253 3256 
3 3248 3265 3311 
3 3301 3266 3267 
3 3260 3273 3302 
3 3286 3305 3312 
3 3299 3252 3282 
3 3265 3269 3299 
3 3256 3307 3310 
3 3290 3297 3271 
3 3312 3305 3304 
3 3286 3312 3313 
3 3287 3286 3313 
3 3277 3251 3291 
3 3314 3295 3309 
3 3253 3310 3309 
3 3308 3315 3267 
3 3278 3300 3316 
3 3300 3261 3293 
3 3273 3250 3306 
3 3295 3314 3288 
3 3309 3310 3314 
3 3290 3276 3296 
3 3284 3259 3317 
3 3318 3308 3278 
3 3319 3291 3264 
3 3320 3289 3275 
3 3318 3278 3316 
3 3304 3313 3312 
3 3288 3314 3264 
3 3307 3289 3320 
3 3297 3317 3259 
3 3287 3313 3272 
3 3274 3277 3321 
3 3301 3267 3315 
3 3284 3322 3298 
3 3323 3293 3298 
3 3294 3324 3279 
3 3303 3325 3292 
3 3265 3299 3326 
3 3327 3280 3279 
3 3304 3280 3327 
3 3273 3306 3328 
3 3299 3282 3326 
3 3270 3283 3329 
3 3330 3275 3301 
3 3273 3328 3302 
3 3272 3313 3331 
3 3332 3277 3291 
3 3325 3282 3292 
3 3323 3333 3293 
3 3316 3300 3334 
3 3248 3335 3283 
3 3301 3315 3336 
3 3297 3290 3337 
3 3300 3293 3333 
3 3279 3324 3327 
3 3272 3338 3281 
3 3264 3314 3319 
3 3298 3322 3323 
3 3339 3303 3281 
3 3332 3291 3319 
3 3325 3303 3340 
3 3341 3314 3310 
3 3307 3320 3342 
3 3311 3335 3248 
3 3330 3320 3275 
3 3337 3343 3297 
3 3284 3317 3322 
3 3331 3338 3272 
3 3335 3329 3283 
3 3330 3301 3336 
3 3317 3297 3343 
3 3294 3302 3344 
3 3302 3328 3345 
3 3338 3339 3281 
3 3282 3325 3346 
3 3274 3321 3306 
3 3277 3347 3321 
3 3326 3348 3265 
3 3349 3310 3307 
3 3350 3296 3270 
3 3296 3351 3290 
3 3334 3300 3333 
3 3344 3302 3345 
3 3306 3352 3328 
3 3339 3340 3303 
3 3310 3349 3341 
3 3350 3351 3296 
3 3353 3308 3318 
3 3294 3344 3324 
3 3326 3282 3354 
3 3333 3323 3355 
3 3314 3356 3319 
3 3342 3349 3307 
3 3350 3270 3329 
3 3337 3290 3351 
3 3311 3265 3348 
3 3317 3343 3357 
3 3322 3355 3323 
3 3358 3316 3334 
3 3304 3359 3313 
3 3306 3321 3352 
3 3347 3277 3332 
3 3332 3360 3347 
3 3335 3311 3361 
3 3361 3329 3335 
3 3359 3304 3327 
3 3360 3332 3319 
3 3362 3333 3355 
3 3363 3338 3331 
3 3330 3364 3320 
3 3353 3315 3308 
3 3318 3358 3353 
3 3316 3358 3318 
3 3334 3333 3362 
3 3331 3313 3365 
3 3282 3346 3354 
3 3342 3320 3364 
3 3355 3322 3366 
3 3362 3358 3334 
3 3367 3360 3319 
3 3357 3322 3317 
3 3368 3327 3324 
3 3339 3369 3340 
3 3360 3367 3370 
3 3348 3371 3311 
3 3343 3337 3372 
3 3365 3313 3359 
3 3373 3356 3314 
3 3374 3349 3342 
3 3361 3375 3329 
3 3357 3376 3322 
3 3331 3365 3363 
3 3319 3356 3367 
3 3346 3377 3354 
3 3373 3314 3341 
3 3326 3354 3377 
3 3375 3350 3329 
3 3322 3378 3366 
3 3362 3355 3379 
3 3352 3380 3328 
3 3339 3338 3369 
3 3370 3347 3360 
3 3372 3337 3381 
3 3372 3357 3343 
3 3353 3358 3382 
3 3358 3362 3379 
3 3383 3345 3328 
3 3384 3349 3374 
3 3371 3361 3311 
3 3385 3330 3336 
3 3381 3337 3351 
3 3378 3322 3376 
3 3379 3386 3358 
3 3330 3385 3364 
3 3340 3387 3325 
3 3350 3388 3351 
3 3357 3372 3389 
3 3368 3390 3327 
3 3344 3345 3383 
3 3328 3380 3383 
3 3387 3346 3325 
3 3375 3361 3391 
3 3392 3315 3353 
3 3393 3321 3347 
3 3367 3356 3373 
3 3373 3341 3349 
3 3315 3392 3336 
3 3327 3390 3359 
3 3352 3394 3380 
3 3347 3395 3393 
3 3385 3336 3392 
3 3366 3379 3355 
3 3344 3396 3324 
3 3394 3352 3321 
3 3370 3395 3347 
3 3375 3388 3350 
3 3382 3397 3353 
3 3398 3379 3366 
3 3324 3396 3368 
3 3395 3370 3367 
3 3387 3340 3399 
3 3373 3349 3384 
3 3361 3371 3400 
3 3391 3388 3375 
3 3386 3382 3358 
3 3369 3338 3363 
3 3369 3399 3340 
3 3387 3401 3346 
3 3377 3346 3401 
3 3402 3374 3342 
3 3381 3403 3372 
3 3404 3378 3376 
3 3386 3379 3398 
3 3348 3326 3405 
3 3364 3402 3342 
3 3406 3364 3385 
3 3388 3407 3351 
3 3381 3351 3407 
3 3392 3353 3408 
3 3359 3409 3365 
3 3365 3409 3410 
3 3365 3410 3363 
3 3377 3405 3326 
3 3374 3402 3384 
3 3403 3389 3372 
3 3357 3411 3376 
3 3366 3378 3404 
3 3344 3383 3412 
3 3413 3359 3390 
3 3383 3380 3414 
3 3415 3367 3373 
3 3416 3391 3361 
3 3414 3380 3394 
3 3321 3393 3394 
3 3385 3417 3406 
3 3397 3408 3353 
3 3376 3411 3404 
3 3398 3366 3418 
3 3409 3359 3413 
3 3371 3348 3419 
3 3400 3416 3361 
3 3385 3392 3417 
3 3357 3389 3411 
3 3386 3398 3418 
3 3382 3386 3420 
3 3419 3400 3371 
3 3420 3386 3418 
3 3344 3421 3396 
3 3368 3422 3390 
3 3410 3409 3423 
3 3369 3424 3399 
3 3366 3404 3425 
3 3425 3418 3366 
3 3422 3368 3396 
3 3401 3387 3426 
3 3427 3402 3364 
3 3416 3388 3391 
3 3396 3421 3422 
3 3421 3344 3412 
3 3367 3428 3395 
3 3415 3428 3367 
3 3401 3405 3377 
3 3381 3407 3403 
3 3389 3403 3429 
3 3389 3429 3411 
3 3397 3382 3430 
3 3431 3382 3420 
3 3369 3363 3432 
3 3399 3426 3387 
3 3420 3418 3433 
3 3434 3415 3373 
3 3405 3419 3348 
3 3390 3435 3413 
3 3423 3363 3410 
3 3436 3393 3395 
3 3384 3437 3373 
3 3433 3431 3420 
3 3432 3424 3369 
3 3373 3438 3434 
3 3427 3364 3406 
3 3429 3439 3411 
3 3432 3363 3423 
3 3394 3393 3440 
3 3426 3441 3401 
3 3400 3419 3442 
3 3416 3400 3443 
3 3408 3444 3392 
3 3445 3390 3422 
3 3428 3415 3434 
3 3384 3402 3446 
3 3447 3427 3406 
3 3447 3406 3417 
3 3397 3430 3448 
3 3421 3449 3422 
3 3450 3409 3413 
3 3423 3409 3450 
3 3419 3405 3442 
3 3427 3451 3402 
3 3407 3452 3403 
3 3408 3397 3448 
3 3425 3404 3453 
3 3382 3431 3430 
3 3421 3412 3449 
3 3442 3443 3400 
3 3407 3388 3452 
3 3439 3404 3411 
3 3453 3454 3425 
3 3418 3425 3454 
3 3430 3431 3455 
3 3450 3413 3435 
3 3440 3393 3436 
3 3424 3426 3399 
3 3434 3438 3428 
3 3384 3446 3437 
3 3433 3455 3431 
3 3456 3436 3395 
3 3373 3437 3438 
3 3405 3457 3442 
3 3392 3458 3417 
3 3444 3458 3392 
3 3408 3448 3444 
3 3390 3445 3435 
3 3459 3414 3394 
3 3388 3416 3460 
3 3418 3455 3433 
3 3446 3402 3451 
3 3461 3432 3423 
3 3394 3440 3459 
3 3456 3395 3428 
3 3443 3460 3416 
3 3462 3447 3417 
3 3383 3414 3463 
3 3462 3417 3458 
3 3429 3403 3464 
3 3439 3429 3464 
3 3455 3465 3430 
3 3404 3466 3453 
3 3454 3455 3418 
3 3445 3422 3449 
3 3463 3412 3383 
3 3467 3443 3442 
3 3452 3388 3468 
3 3430 3465 3448 
3 3466 3454 3453 
3 3426 3424 3469 
3 3405 3401 3441 
3 3470 3437 3446 
3 3471 3427 3447 
3 3424 3432 3469 
3 3441 3457 3405 
3 3451 3427 3471 
3 3469 3432 3461 
3 3428 3438 3472 
3 3439 3466 3404 
3 3454 3466 3473 
3 3435 3445 3450 
3 3451 3474 3446 
3 3452 3468 3475 
3 3448 3465 3476 
3 3414 3477 3463 
3 3436 3478 3440 
3 3438 3437 3472 
3 3460 3468 3388 
3 3403 3452 3475 
3 3464 3403 3475 
3 3479 3412 3463 
3 3428 3472 3456 
3 3448 3476 3444 
3 3479 3449 3412 
3 3464 3480 3439 
3 3466 3439 3480 
3 3414 3459 3477 
3 3436 3456 3478 
3 3481 3442 3457 
3 3473 3455 3454 
3 3478 3459 3440 
3 3441 3426 3482 
3 3482 3483 3441 
3 3484 3472 3437 
3 3467 3442 3481 
3 3458 3444 3485 
3 3485 3444 3476 
3 3461 3423 3486 
3 3426 3469 3487 
3 3488 3450 3445 
3 3450 3486 3423 
3 3483 3457 3441 
3 3489 3460 3443 
3 3468 3460 3490 
3 3487 3482 3426 
3 3491 3437 3470 
3 3446 3474 3470 
3 3451 3471 3474 
3 3490 3475 3468 
3 3492 3445 3449 
3 3463 3493 3479 
3 3493 3463 3477 
3 3494 3462 3458 
3 3480 3495 3466 
3 3445 3492 3488 
3 3496 3461 3486 
3 3443 3467 3489 
3 3462 3494 3447 
3 3455 3497 3465 
3 3487 3469 3498 
3 3472 3484 3499 
3 3491 3470 3474 
3 3489 3467 3500 
3 3495 3473 3466 
3 3477 3501 3493 
3 3501 3477 3459 
3 3489 3502 3460 
3 3490 3460 3502 
3 3473 3503 3455 
3 3449 3479 3504 
3 3483 3505 3457 
3 3506 3457 3505 
3 3507 3474 3471 
3 3501 3459 3508 
3 3437 3491 3484 
3 3506 3481 3457 
3 3467 3481 3500 
3 3464 3475 3509 
3 3465 3510 3476 
3 3497 3455 3503 
3 3465 3497 3510 
3 3456 3472 3511 
3 3449 3504 3492 
3 3508 3459 3478 
3 3512 3471 3447 
3 3447 3494 3512 
3 3509 3480 3464 
3 3495 3513 3473 
3 3469 3461 3498 
3 3514 3508 3478 
3 3515 3482 3487 
3 3502 3516 3490 
3 3494 3458 3485 
3 3517 3485 3476 
3 3497 3503 3518 
3 3518 3510 3497 
3 3519 3456 3511 
3 3472 3499 3511 
3 3480 3520 3495 
3 3498 3461 3496 
3 3506 3521 3481 
3 3471 3522 3507 
3 3523 3492 3504 
3 3519 3478 3456 
3 3482 3515 3483 
3 3521 3500 3481 
3 3522 3471 3512 
3 3524 3520 3480 
3 3510 3517 3476 
3 3503 3473 3513 
3 3499 3484 3491 
3 3474 3525 3491 
3 3518 3503 3513 
3 3488 3526 3450 
3 3515 3487 3498 
3 3475 3490 3527 
3 3509 3475 3528 
3 3509 3529 3480 
3 3517 3510 3530 
3 3495 3531 3513 
3 3485 3517 3532 
3 3527 3490 3516 
3 3528 3533 3509 
3 3533 3529 3509 
3 3518 3530 3510 
3 3512 3494 3485 
3 3480 3529 3524 
3 3534 3504 3479 
3 3492 3535 3488 
3 3486 3450 3526 
3 3498 3496 3536 
3 3491 3525 3537 
3 3525 3474 3507 
3 3538 3507 3522 
3 3489 3500 3539 
3 3531 3495 3520 
3 3521 3506 3540 
3 3521 3540 3500 
3 3540 3539 3500 
3 3486 3541 3496 
3 3507 3538 3525 
3 3502 3489 3542 
3 3475 3527 3543 
3 3504 3534 3523 
3 3492 3523 3535 
3 3496 3541 3544 
3 3505 3540 3506 
3 3518 3513 3545 
3 3526 3488 3535 
3 3519 3514 3478 
3 3511 3546 3519 
3 3546 3511 3499 
3 3515 3547 3483 
3 3505 3483 3547 
3 3489 3539 3542 
3 3527 3516 3548 
3 3543 3527 3548 
3 3517 3549 3532 
3 3534 3479 3493 
3 3526 3541 3486 
3 3515 3498 3550 
3 3491 3537 3499 
3 3540 3505 3551 
3 3475 3552 3528 
3 3518 3545 3530 
3 3536 3496 3544 
3 3553 3485 3532 
3 3530 3549 3517 
3 3508 3554 3501 
3 3555 3522 3512 
3 3516 3502 3556 
3 3493 3557 3534 
3 3554 3508 3514 
3 3530 3558 3549 
3 3559 3523 3534 
3 3550 3498 3560 
3 3543 3548 3561 
3 3562 3512 3485 
3 3475 3543 3561 
3 3552 3475 3561 
3 3553 3562 3485 
3 3524 3529 3563 
3 3498 3536 3560 
3 3514 3519 3554 
3 3520 3524 3564 
3 3502 3542 3565 
3 3552 3533 3528 
3 3532 3549 3553 
3 3531 3545 3513 
3 3505 3547 3551 
3 3537 3525 3538 
3 3548 3516 3556 
3 3566 3565 3542 
3 3565 3556 3502 
3 3533 3563 3529 
3 3567 3558 3530 
3 3530 3545 3567 
3 3493 3568 3557 
3 3569 3541 3526 
3 3493 3501 3570 
3 3550 3560 3571 
3 3550 3572 3515 
3 3546 3573 3519 
3 3574 3499 3537 
3 3542 3539 3566 
3 3553 3549 3558 
3 3524 3563 3564 
3 3564 3575 3520 
3 3575 3576 3520 
3 3577 3535 3523 
3 3526 3535 3569 
3 3578 3554 3519 
3 3547 3515 3579 
3 3580 3537 3538 
3 3512 3562 3581 
3 3535 3577 3569 
3 3560 3536 3582 
3 3540 3566 3539 
3 3522 3555 3583 
3 3577 3523 3559 
3 3493 3570 3568 
3 3570 3501 3554 
3 3544 3582 3536 
3 3579 3515 3572 
3 3540 3551 3584 
3 3576 3531 3520 
3 3559 3534 3585 
3 3554 3586 3570 
3 3499 3574 3546 
3 3579 3551 3547 
3 3522 3583 3538 
3 3584 3566 3540 
3 3552 3587 3533 
3 3563 3533 3587 
3 3572 3550 3588 
3 3561 3587 3552 
3 3563 3589 3564 
3 3590 3557 3568 
3 3551 3591 3584 
3 3512 3592 3555 
3 3589 3575 3564 
3 3557 3590 3534 
3 3593 3568 3570 
3 3544 3541 3594 
3 3578 3586 3554 
3 3562 3595 3581 
3 3562 3553 3595 
3 3569 3594 3541 
3 3560 3582 3571 
3 3548 3556 3596 
3 3571 3588 3550 
3 3537 3580 3597 
3 3538 3583 3580 
3 3598 3583 3555 
3 3565 3566 3599 
3 3596 3561 3548 
3 3600 3553 3558 
3 3546 3601 3573 
3 3601 3546 3574 
3 3531 3576 3602 
3 3590 3585 3534 
3 3592 3598 3555 
3 3592 3512 3581 
3 3595 3603 3581 
3 3544 3604 3582 
3 3551 3579 3591 
3 3603 3595 3553 
3 3605 3569 3577 
3 3606 3566 3584 
3 3563 3587 3607 
3 3567 3600 3558 
3 3568 3608 3590 
3 3609 3571 3582 
3 3519 3573 3578 
3 3599 3556 3565 
3 3607 3589 3563 
3 3575 3602 3576 
3 3602 3545 3531 
3 3605 3577 3610 
3 3609 3582 3604 
3 3574 3537 3597 
3 3606 3599 3566 
3 3567 3545 3611 
3 3612 3602 3575 
3 3604 3544 3594 
3 3581 3613 3592 
3 3553 3614 3603 
3 3615 3578 3573 
3 3596 3556 3599 
3 3616 3587 3561 
3 3580 3583 3598 
3 3614 3553 3600 
3 3568 3593 3608 
3 3572 3588 3617 
3 3572 3618 3579 
3 3606 3584 3619 
3 3602 3611 3545 
3 3559 3620 3577 
3 3594 3569 3605 
3 3570 3621 3593 
3 3586 3621 3570 
3 3586 3578 3621 
3 3613 3581 3603 
3 3622 3600 3567 
3 3577 3620 3610 
3 3590 3608 3585 
3 3623 3573 3601 
3 3618 3591 3579 
3 3561 3596 3616 
3 3567 3611 3622 
3 3624 3559 3585 
3 3625 3608 3593 
3 3578 3615 3621 
3 3571 3617 3588 
3 3598 3626 3580 
3 3627 3596 3599 
3 3607 3587 3628 
3 3613 3603 3614 
3 3616 3628 3587 
3 3589 3612 3575 
3 3602 3612 3629 
3 3617 3618 3572 
3 3584 3591 3619 
3 3630 3574 3597 
3 3598 3631 3626 
3 3631 3598 3592 
3 3620 3559 3624 
3 3585 3608 3624 
3 3632 3617 3571 
3 3616 3596 3627 
3 3611 3602 3629 
3 3594 3633 3604 
3 3609 3632 3571 
3 3573 3634 3615 
3 3618 3635 3591 
3 3619 3591 3636 
3 3637 3597 3580 
3 3625 3593 3621 
3 3638 3601 3574 
3 3605 3639 3594 
3 3634 3573 3623 
3 3601 3638 3623 
3 3574 3630 3638 
3 3592 3640 3631 
3 3640 3592 3613 
3 3641 3614 3600 
3 3609 3604 3633 
3 3621 3615 3642 
3 3630 3597 3637 
3 3606 3619 3643 
3 3589 3607 3628 
3 3641 3600 3622 
3 3637 3580 3626 
3 3627 3599 3644 
3 3645 3622 3611 
3 3629 3646 3611 
3 3639 3633 3594 
3 3647 3599 3606 
3 3605 3610 3648 
3 3635 3618 3649 
3 3643 3650 3606 
3 3647 3606 3650 
3 3646 3645 3611 
3 3620 3651 3610 
3 3642 3615 3634 
3 3652 3638 3630 
3 3653 3636 3591 
3 3643 3647 3650 
3 3654 3613 3614 
3 3655 3620 3624 
3 3648 3610 3651 
3 3656 3609 3633 
3 3632 3609 3656 
3 3618 3617 3657 
3 3657 3649 3618 
3 3635 3653 3591 
3 3616 3658 3628 
3 3614 3659 3654 
3 3622 3645 3660 
3 3608 3661 3624 
3 3662 3625 3621 
3 3623 3638 3663 
3 3637 3626 3664 
3 3665 3643 3619 
3 3647 3643 3665 
3 3647 3666 3599 
3 3659 3614 3667 
3 3614 3641 3667 
3 3620 3655 3651 
3 3608 3625 3661 
3 3664 3630 3637 
3 3645 3646 3660 
3 3624 3661 3668 
3 3669 3605 3648 
3 3634 3623 3670 
3 3619 3636 3671 
3 3665 3666 3647 
3 3658 3672 3628 
3 3641 3673 3667 
3 3612 3589 3674 
3 3675 3612 3674 
3 3629 3612 3675 
3 3669 3639 3605 
3 3634 3670 3642 
3 3672 3589 3628 
3 3617 3632 3676 
3 3677 3657 3617 
3 3623 3663 3678 
3 3630 3664 3652 
3 3666 3679 3599 
3 3599 3679 3644 
3 3644 3680 3627 
3 3675 3646 3629 
3 3624 3668 3655 
3 3681 3632 3656 
3 3621 3642 3662 
3 3676 3632 3681 
3 3638 3652 3663 
3 3665 3619 3671 
3 3644 3679 3680 
3 3648 3651 3669 
3 3677 3617 3676 
3 3682 3613 3654 
3 3654 3659 3682 
3 3673 3659 3667 
3 3589 3672 3683 
3 3622 3684 3641 
3 3685 3661 3625 
3 3670 3623 3678 
3 3671 3636 3653 
3 3686 3616 3627 
3 3687 3658 3616 
3 3684 3673 3641 
3 3683 3674 3589 
3 3688 3639 3669 
3 3626 3689 3664 
3 3640 3690 3631 
3 3691 3613 3682 
3 3639 3692 3633 
3 3691 3640 3613 
3 3686 3687 3616 
3 3693 3635 3649 
3 3666 3665 3694 
3 3679 3666 3694 
3 3680 3686 3627 
3 3684 3695 3673 
3 3642 3696 3662 
3 3681 3697 3676 
3 3689 3626 3631 
3 3675 3674 3698 
3 3646 3675 3699 
3 3642 3670 3696 
3 3697 3677 3676 
3 3660 3684 3622 
3 3646 3699 3660 
3 3692 3656 3633 
3 3681 3656 3697 
3 3700 3651 3655 
3 3657 3693 3649 
3 3652 3664 3701 
3 3687 3702 3658 
3 3660 3703 3684 
3 3698 3699 3675 
3 3685 3625 3662 
3 3679 3704 3680 
3 3690 3640 3691 
3 3704 3686 3680 
3 3695 3659 3673 
3 3639 3688 3692 
3 3705 3693 3657 
3 3631 3690 3689 
3 3686 3706 3687 
3 3707 3668 3661 
3 3693 3708 3635 
3 3709 3700 3655 
3 3655 3668 3710 
3 3663 3652 3711 
3 3652 3701 3711 
3 3653 3635 3708 
3 3671 3694 3665 
3 3672 3658 3702 
3 3695 3712 3659 
3 3713 3669 3651 
3 3711 3714 3663 
3 3715 3690 3691 
3 3695 3684 3703 
3 3697 3656 3716 
3 3653 3717 3671 
3 3701 3664 3718 
3 3679 3694 3704 
3 3682 3719 3691 
3 3706 3702 3687 
3 3660 3699 3720 
3 3685 3721 3661 
3 3656 3692 3716 
3 3722 3705 3657 
3 3663 3714 3678 
3 3708 3717 3653 
3 3690 3723 3689 
3 3659 3719 3682 
3 3712 3719 3659 
3 3703 3660 3724 
3 3725 3655 3710 
3 3651 3700 3713 
3 3677 3722 3657 
3 3709 3655 3725 
3 3726 3710 3668 
3 3697 3722 3677 
3 3723 3664 3689 
3 3691 3719 3715 
3 3720 3727 3660 
3 3669 3728 3688 
3 3664 3723 3718 
3 3729 3683 3672 
3 3674 3683 3730 
3 3710 3726 3725 
3 3700 3731 3713 
3 3668 3707 3726 
3 3661 3721 3707 
3 3669 3713 3728 
3 3696 3670 3732 
3 3702 3729 3672 
3 3729 3730 3683 
3 3730 3733 3674 
3 3698 3674 3733 
3 3699 3698 3720 
3 3685 3662 3734 
3 3733 3720 3698 
3 3731 3700 3709 
3 3713 3731 3728 
3 3697 3716 3735 
3 3736 3671 3717 
3 3727 3724 3660 
3 3692 3688 3737 
3 3696 3734 3662 
3 3711 3738 3714 
3 3694 3739 3704 
3 3706 3686 3740 
3 3712 3695 3703 
3 3726 3707 3721 
3 3688 3728 3737 
3 3716 3692 3737 
3 3694 3671 3736 
3 3741 3725 3726 
3 3670 3678 3714 
3 3739 3740 3704 
3 3686 3704 3740 
3 3733 3742 3720 
3 3743 3709 3725 
3 3722 3697 3744 
3 3709 3743 3731 
3 3735 3744 3697 
3 3693 3745 3746 
3 3746 3708 3693 
3 3703 3724 3747 
3 3702 3706 3748 
3 3725 3741 3743 
3 3731 3749 3728 
3 3670 3714 3732 
3 3705 3745 3693 
3 3719 3712 3750 
3 3730 3729 3751 
3 3736 3717 3752 
3 3753 3694 3736 
3 3723 3690 3754 
3 3754 3690 3715 
3 3750 3715 3719 
3 3724 3727 3747 
3 3727 3720 3755 
3 3756 3721 3685 
3 3738 3711 3701 
3 3730 3742 3733 
3 3696 3757 3734 
3 3705 3722 3745 
3 3717 3708 3746 
3 3729 3702 3748 
3 3712 3703 3758 
3 3742 3759 3720 
3 3720 3759 3755 
3 3728 3760 3737 
3 3756 3685 3734 
3 3757 3696 3732 
3 3745 3722 3761 
3 3758 3750 3712 
3 3735 3716 3762 
3 3722 3744 3761 
3 3748 3751 3729 
3 3739 3763 3740 
3 3748 3706 3764 
3 3747 3727 3755 
3 3726 3765 3741 
3 3728 3749 3766 
3 3747 3767 3703 
3 3767 3768 3703 
3 3769 3743 3741 
3 3760 3728 3766 
3 3738 3701 3770 
3 3770 3701 3718 
3 3715 3750 3771 
3 3706 3740 3764 
3 3772 3730 3773 
3 3742 3730 3772 
3 3749 3731 3743 
3 3765 3726 3721 
3 3737 3762 3716 
3 3732 3714 3774 
3 3775 3718 3723 
3 3758 3703 3768 
3 3776 3730 3751 
3 3777 3732 3774 
3 3739 3694 3753 
3 3772 3759 3742 
3 3756 3778 3721 
3 3779 3734 3757 
3 3736 3780 3753 
3 3781 3723 3754 
3 3769 3749 3743 
3 3776 3773 3730 
3 3747 3782 3767 
3 3783 3714 3738 
3 3745 3784 3746 
3 3752 3780 3736 
3 3755 3759 3785 
3 3779 3756 3734 
3 3735 3761 3744 
3 3772 3773 3786 
3 3776 3786 3773 
3 3787 3769 3741 
3 3788 3752 3717 
3 3718 3789 3770 
3 3752 3790 3780 
3 3723 3781 3775 
3 3751 3748 3791 
3 3759 3772 3785 
3 3792 3721 3778 
3 3779 3778 3756 
3 3793 3757 3732 
3 3793 3732 3777 
3 3746 3788 3717 
3 3753 3780 3790 
3 3715 3771 3754 
3 3794 3771 3750 
3 3764 3740 3795 
3 3791 3776 3751 
3 3768 3767 3782 
3 3766 3796 3760 
3 3792 3765 3721 
3 3737 3797 3762 
3 3738 3770 3789 
3 3785 3782 3755 
3 3741 3765 3787 
3 3798 3781 3754 
3 3753 3799 3739 
3 3763 3795 3740 
3 3748 3764 3800 
3 3791 3748 3800 
3 3747 3755 3782 
3 3714 3783 3774 
3 3776 3801 3786 
3 3797 3737 3760 
3 3757 3793 3779 
3 3802 3761 3735 
3 3788 3746 3784 
3 3763 3739 3799 
3 3745 3761 3803 
3 3797 3760 3796 
3 3762 3802 3735 
3 3784 3745 3803 
3 3718 3775 3789 
3 3750 3758 3804 
3 3749 3805 3766 
3 3787 3765 3792 
3 3752 3806 3790 
3 3775 3781 3807 
3 3753 3790 3806 
3 3794 3754 3771 
3 3794 3750 3804 
3 3795 3800 3764 
3 3786 3785 3772 
3 3808 3768 3782 
3 3775 3807 3789 
3 3768 3808 3758 
3 3779 3809 3778 
3 3782 3785 3810 
3 3789 3811 3738 
3 3794 3798 3754 
3 3795 3812 3800 
3 3805 3749 3769 
3 3783 3813 3774 
3 3752 3788 3814 
3 3806 3752 3814 
3 3798 3807 3781 
3 3795 3763 3815 
3 3785 3786 3801 
3 3816 3799 3753 
3 3763 3799 3815 
3 3801 3810 3785 
3 3817 3769 3787 
3 3762 3797 3818 
3 3809 3779 3793 
3 3758 3808 3819 
3 3801 3776 3791 
3 3769 3817 3820 
3 3766 3805 3796 
3 3738 3811 3783 
3 3804 3758 3821 
3 3821 3758 3819 
3 3782 3810 3822 
3 3792 3817 3787 
3 3813 3777 3774 
3 3814 3788 3784 
3 3816 3753 3806 
3 3820 3805 3769 
3 3797 3796 3823 
3 3818 3824 3762 
3 3825 3793 3777 
3 3802 3762 3824 
3 3825 3777 3813 
3 3782 3826 3808 
3 3801 3827 3810 
3 3796 3805 3823 
3 3823 3828 3797 
3 3794 3804 3829 
3 3820 3830 3805 
3 3797 3828 3818 
3 3803 3761 3831 
3 3816 3832 3799 
3 3833 3794 3829 
3 3821 3829 3804 
3 3826 3819 3808 
3 3826 3782 3834 
3 3835 3827 3801 
3 3778 3836 3837 
3 3836 3778 3809 
3 3824 3838 3802 
3 3761 3802 3838 
3 3832 3815 3799 
3 3782 3822 3839 
3 3801 3791 3840 
3 3841 3835 3801 
3 3837 3792 3778 
3 3814 3784 3842 
3 3795 3815 3843 
3 3820 3817 3830 
3 3844 3825 3813 
3 3803 3845 3784 
3 3833 3798 3794 
3 3812 3795 3843 
3 3791 3800 3846 
3 3827 3847 3810 
3 3840 3841 3801 
3 3803 3831 3848 
3 3849 3805 3830 
3 3793 3850 3809 
3 3824 3818 3851 
3 3761 3838 3831 
3 3813 3852 3844 
3 3852 3813 3783 
3 3834 3819 3826 
3 3839 3853 3782 
3 3834 3782 3853 
3 3822 3810 3847 
3 3809 3850 3836 
3 3854 3811 3789 
3 3807 3854 3789 
3 3812 3846 3800 
3 3847 3839 3822 
3 3851 3818 3828 
3 3855 3825 3844 
3 3844 3852 3855 
3 3845 3803 3848 
3 3845 3842 3784 
3 3832 3816 3856 
3 3835 3857 3827 
3 3847 3827 3857 
3 3830 3858 3849 
3 3858 3830 3817 
3 3823 3805 3859 
3 3816 3806 3860 
3 3833 3861 3798 
3 3821 3819 3862 
3 3791 3863 3840 
3 3847 3864 3839 
3 3837 3865 3792 
3 3806 3814 3842 
3 3866 3853 3839 
3 3835 3841 3867 
3 3849 3859 3805 
3 3792 3865 3817 
3 3825 3868 3793 
3 3854 3783 3811 
3 3869 3854 3807 
3 3829 3821 3862 
3 3791 3846 3863 
3 3866 3839 3864 
3 3840 3870 3841 
3 3870 3867 3841 
3 3867 3857 3835 
3 3850 3793 3868 
3 3815 3832 3871 
3 3853 3872 3834 
3 3873 3823 3859 
3 3855 3868 3825 
3 3798 3874 3807 
3 3856 3816 3860 
3 3843 3815 3871 
3 3846 3812 3875 
3 3837 3836 3876 
3 3854 3852 3783 
3 3870 3840 3863 
3 3873 3828 3823 
3 3831 3838 3877 
3 3848 3878 3845 
3 3812 3843 3875 
3 3872 3819 3834 
3 3872 3853 3866 
3 3824 3879 3838 
3 3869 3880 3854 
3 3798 3861 3874 
3 3829 3861 3833 
3 3829 3862 3881 
3 3882 3817 3865 
3 3879 3877 3838 
3 3848 3831 3877 
3 3842 3860 3806 
3 3856 3871 3832 
3 3866 3864 3883 
3 3857 3864 3847 
3 3859 3849 3884 
3 3859 3884 3873 
3 3837 3876 3865 
3 3845 3885 3842 
3 3886 3836 3850 
3 3887 3850 3868 
3 3854 3880 3888 
3 3817 3889 3858 
3 3889 3817 3882 
3 3824 3851 3890 
3 3875 3863 3846 
3 3864 3891 3883 
3 3892 3868 3855 
3 3852 3854 3888 
3 3807 3874 3869 
3 3881 3861 3829 
3 3872 3893 3819 
3 3866 3893 3872 
3 3890 3879 3824 
3 3885 3845 3878 
3 3863 3894 3870 
3 3857 3895 3864 
3 3896 3890 3851 
3 3850 3887 3886 
3 3893 3897 3819 
3 3866 3883 3898 
3 3895 3891 3864 
3 3883 3891 3898 
3 3867 3870 3894 
3 3878 3899 3885 
3 3898 3893 3866 
3 3858 3884 3849 
3 3828 3873 3900 
3 3901 3892 3855 
3 3862 3902 3881 
3 3891 3895 3898 
3 3836 3886 3876 
3 3877 3903 3848 
3 3904 3865 3876 
3 3896 3851 3828 
3 3880 3905 3888 
3 3906 3875 3843 
3 3902 3862 3907 
3 3897 3862 3819 
3 3867 3894 3857 
3 3865 3904 3882 
3 3887 3868 3892 
3 3908 3869 3874 
3 3871 3909 3843 
3 3843 3909 3906 
3 3896 3828 3900 
3 3903 3878 3848 
3 3842 3910 3860 
3 3907 3862 3897 
3 3895 3911 3898 
3 3904 3876 3886 
3 3912 3903 3877 
3 3913 3855 3852 
3 3856 3860 3910 
3 3914 3861 3881 
3 3894 3863 3915 
3 3916 3879 3890 
3 3861 3914 3874 
3 3915 3863 3917 
3 3893 3898 3911 
3 3895 3857 3918 
3 3912 3877 3879 
3 3913 3852 3888 
3 3911 3895 3918 
3 3919 3896 3900 
3 3914 3881 3902 
3 3894 3918 3857 
3 3873 3919 3900 
3 3904 3886 3920 
3 3916 3912 3879 
3 3842 3885 3899 
3 3875 3917 3863 
3 3904 3921 3882 
3 3887 3892 3922 
3 3905 3913 3888 
3 3858 3923 3884 
3 3858 3924 3923 
3 3920 3886 3887 
3 3890 3896 3925 
3 3903 3912 3926 
3 3927 3856 3910 
3 3928 3918 3894 
3 3882 3929 3889 
3 3923 3873 3884 
3 3878 3903 3930 
3 3899 3878 3930 
3 3899 3931 3842 
3 3856 3932 3871 
3 3875 3906 3933 
3 3929 3882 3921 
3 3855 3934 3901 
3 3856 3927 3932 
3 3909 3871 3932 
3 3935 3914 3902 
3 3873 3936 3919 
3 3906 3909 3937 
3 3924 3858 3889 
3 3936 3873 3923 
3 3887 3938 3920 
3 3892 3901 3922 
3 3934 3855 3913 
3 3908 3880 3869 
3 3917 3875 3933 
3 3928 3894 3915 
3 3916 3890 3925 
3 3922 3901 3934 
3 3939 3874 3914 
3 3933 3906 3937 
3 3940 3925 3896 
3 3938 3887 3922 
3 3910 3941 3927 
3 3930 3903 3926 
3 3939 3908 3874 
3 3893 3942 3897 
3 3940 3896 3919 
3 3916 3943 3912 
3 3944 3880 3908 
3 3842 3931 3945 
3 3910 3842 3945 
3 3918 3946 3911 
3 3926 3912 3943 
3 3947 3913 3905 
3 3948 3931 3899 
3 3944 3908 3939 
3 3949 3917 3933 
3 3946 3950 3911 
3 3942 3951 3897 
3 3915 3917 3949 
3 3952 3916 3925 
3 3953 3934 3913 
3 3932 3927 3954 
3 3936 3923 3955 
3 3880 3944 3905 
3 3902 3956 3935 
3 3893 3911 3950 
3 3946 3918 3957 
3 3958 3937 3909 
3 3956 3902 3907 
3 3936 3959 3919 
3 3913 3960 3953 
3 3948 3899 3930 
3 3941 3954 3927 
3 3942 3893 3950 
3 3928 3915 3961 
3 3889 3962 3924 
3 3962 3889 3929 
3 3963 3904 3920 
3 3943 3916 3964 
3 3949 3961 3915 
3 3928 3961 3918 
3 3921 3965 3929 
3 3904 3963 3921 
3 3953 3922 3934 
3 3947 3905 3944 
3 3932 3958 3909 
3 3935 3966 3914 
3 3933 3937 3967 
3 3907 3897 3951 
3 3961 3957 3918 
3 3923 3924 3955 
3 3952 3964 3916 
3 3945 3941 3910 
3 3955 3959 3936 
3 3963 3920 3938 
3 3952 3925 3968 
3 3960 3913 3947 
3 3966 3935 3956 
3 3967 3937 3969 
3 3907 3951 3970 
3 3946 3957 3950 
3 3958 3969 3937 
3 3957 3971 3950 
3 3940 3968 3925 
3 3931 3972 3945 
3 3948 3930 3973 
3 3954 3958 3932 
3 3949 3933 3974 
3 3949 3975 3961 
3 3976 3924 3962 
3 3955 3977 3959 
3 3924 3976 3955 
3 3938 3922 3978 
3 3931 3948 3972 
3 3979 3939 3914 
3 3957 3961 3980 
3 3977 3955 3976 
3 3981 3921 3963 
3 3914 3966 3979 
3 3982 3929 3965 
3 3968 3940 3983 
3 3984 3954 3941 
3 3985 3970 3951 
3 3986 3950 3971 
3 3919 3983 3940 
3 3926 3943 3987 
3 3926 3973 3930 
3 3988 3960 3947 
3 3974 3933 3967 
3 3951 3942 3985 
3 3974 3989 3949 
3 3942 3950 3986 
3 3975 3980 3961 
3 3921 3981 3965 
3 3990 3963 3938 
3 3973 3926 3987 
3 3939 3991 3944 
3 3962 3929 3982 
3 3952 3968 3992 
3 3952 3992 3964 
3 3953 3978 3922 
3 3941 3945 3993 
3 3969 3994 3967 
3 3989 3975 3949 
3 3988 3953 3960 
3 3995 3948 3973 
3 3996 3947 3944 
3 3997 3996 3944 
3 3958 3994 3969 
3 3972 3948 3995 
3 3984 3958 3954 
3 3998 3962 3982 
3 3999 3963 3990 
3 3992 3968 3983 
3 3945 3972 4000 
3 3907 3970 3956 
3 3980 3971 3957 
3 3962 3998 3976 
3 3959 4001 3919 
3 4002 3997 3944 
3 4002 3944 3991 
3 3978 3953 4003 
3 3988 4003 3953 
3 4000 3993 3945 
3 3966 4004 3979 
3 3994 4005 3967 
3 3964 3987 3943 
3 3947 3996 3988 
3 3993 3984 3941 
3 3942 3986 4006 
3 3983 3919 4001 
3 3963 3999 3981 
3 3990 3938 3978 
3 3985 3942 4006 
3 3977 4007 3959 
3 3975 4008 3980 
3 3987 4009 3973 
3 3973 4010 3995 
3 4005 3974 3967 
3 3971 4006 3986 
3 4011 3982 3965 
3 4011 3965 3981 
3 3992 4012 3964 
3 4009 4010 3973 
3 3939 3979 3991 
3 4004 3966 3956 
3 3989 4013 3975 
3 4014 3977 3976 
3 4014 3976 3998 
3 3964 4015 3987 
3 3958 3984 4016 
3 4017 3977 4014 
3 4018 3983 4001 
3 4012 4015 3964 
3 3977 4017 4007 
3 3998 3982 4011 
3 3972 3995 4000 
3 4019 3996 3997 
3 4020 3956 3970 
3 3971 4021 4006 
3 3971 3980 4022 
3 3998 4023 4014 
3 4024 3990 3978 
3 4000 3995 4010 
3 3959 4025 4001 
3 3981 4026 4011 
3 4018 3992 3983 
3 3974 4005 4027 
3 4022 3980 4008 
3 4028 4004 3956 
3 3956 4020 4028 
3 3989 3974 4027 
3 4013 4008 3975 
3 4014 4023 4017 
3 3959 4007 4025 
3 3993 4029 3984 
3 4026 3981 3999 
3 4024 3978 4003 
3 3988 3996 4019 
3 3994 3958 4016 
3 4005 3994 4030 
3 3985 4031 3970 
3 4006 4021 4032 
3 4033 4008 4013 
3 3987 4015 4034 
3 3988 4019 4035 
3 4036 4019 3997 
3 3997 4037 4036 
3 4002 4037 3997 
3 4006 4038 3985 
3 4039 4017 4023 
3 3988 4040 4003 
3 4034 4009 3987 
3 3991 4041 4002 
3 4041 3991 3979 
3 4038 4031 3985 
3 4027 4013 3989 
3 4021 3971 4022 
3 4022 4008 4042 
3 4001 4025 4043 
3 4016 3984 4029 
3 4044 4005 4030 
3 4044 4027 4005 
3 4032 4038 4006 
3 4017 4045 4007 
3 4034 4010 4009 
3 3988 4035 4040 
3 3993 4000 4046 
3 4023 3998 4039 
3 4045 4025 4007 
3 3999 3990 4047 
3 4048 4000 4010 
3 3979 4004 4049 
3 4045 4017 4039 
3 4050 4011 4026 
3 4046 4029 3993 
3 3979 4049 4041 
3 4031 4051 3970 
3 4032 4021 4052 
3 4022 4042 4053 
3 4050 3998 4011 
3 4018 4001 4043 
3 3999 4054 4026 
3 4015 4012 4055 
3 4046 4000 4048 
3 4037 4002 4041 
3 4051 4056 3970 
3 4033 4042 4008 
3 4012 3992 4055 
3 4057 4058 4016 
3 4059 4031 4038 
3 4052 4038 4032 
3 4027 4060 4013 
3 4060 4033 4013 
3 4019 4036 4035 
3 4028 4020 4056 
3 4020 3970 4056 
3 4050 4026 4054 
3 4054 3999 4047 
3 4061 3990 4024 
3 4055 4062 4015 
3 4029 4057 4016 
3 4016 4058 3994 
3 4022 4053 4021 
3 4010 4034 4063 
3 4030 3994 4058 
3 4052 4059 4038 
3 4021 4064 4052 
3 4053 4064 4021 
3 4061 4047 3990 
3 4062 4034 4015 
3 4060 4027 4044 
3 4025 4065 4043 
3 3992 4018 4066 
3 4046 4048 4067 
3 4043 4065 4068 
3 4018 4043 4068 
3 4069 4040 4035 
3 4018 4068 4066 
3 4070 4003 4040 
3 4040 4071 4070 
3 4035 4036 4069 
3 4041 4049 4037 
3 4072 4045 4039 
3 4063 4034 4062 
3 4040 4073 4071 
3 4069 4073 4040 
3 4050 4074 3998 
3 4071 4073 4070 
3 4067 4029 4046 
3 4028 4075 4004 
3 4051 4031 4059 
3 4066 4055 3992 
3 4024 4003 4070 
3 4070 4073 4076 
3 4010 4063 4077 
3 4033 4060 4078 
3 4079 4025 4045 
3 4079 4045 4080 
3 4081 4047 4061 
3 4029 4082 4057 
3 4049 4004 4075 
3 4078 4042 4033 
3 4072 4039 3998 
3 4054 4047 4081 
3 4066 4083 4055 
3 4076 4024 4070 
3 4075 4028 4056 
3 4025 4079 4065 
3 4068 4084 4066 
3 4062 4077 4063 
3 4048 4010 4085 
3 4086 4067 4048 
3 4058 4087 4030 
3 4078 4088 4042 
3 4080 4045 4072 
3 4054 4089 4050 
3 4076 4073 4069 
3 4064 4059 4052 
3 4042 4064 4053 
3 4090 4080 4072 
3 4068 4065 4091 
3 4048 4085 4086 
3 4082 4058 4057 
3 4044 4030 4087 
3 4072 3998 4074 
3 4089 4074 4050 
3 4065 4079 4091 
3 4024 4076 4092 
3 4076 4069 4093 
3 4077 4085 4010 
3 4094 4075 4056 
3 4059 4095 4051 
3 4078 4060 4096 
3 4062 4055 4097 
3 4069 4036 4098 
3 4064 4042 4099 
3 4068 4091 4100 
3 4100 4084 4068 
3 4083 4066 4101 
3 4083 4097 4055 
3 4098 4093 4069 
3 4036 4102 4098 
3 4037 4103 4104 
3 4103 4037 4049 
3 4105 4056 4051 
3 4088 4078 4096 
3 4089 4054 4081 
3 4060 4044 4106 
3 4066 4084 4101 
3 4087 4106 4044 
3 4095 4105 4051 
3 4090 4072 4074 
3 4037 4104 4036 
3 4107 4029 4067 
3 4107 4082 4029 
3 4056 4105 4094 
3 4059 4064 4108 
3 4109 4061 4024 
3 4076 4093 4092 
3 4059 4108 4095 
3 4042 4088 4099 
3 4090 4110 4080 
3 4036 4104 4102 
3 4111 4049 4075 
3 4106 4112 4060 
3 4113 4083 4101 
3 4062 4114 4077 
3 4049 4115 4103 
3 4112 4096 4060 
3 4079 4080 4116 
3 4080 4110 4116 
3 4089 4117 4074 
3 4097 4083 4113 
3 4118 4062 4097 
3 4049 4111 4115 
3 4108 4119 4095 
3 4064 4099 4120 
3 4121 4081 4122 
3 4081 4061 4122 
3 4109 4024 4092 
3 4114 4062 4118 
3 4123 4105 4095 
3 4124 4120 4099 
3 4125 4074 4117 
3 4100 4126 4084 
3 4102 4127 4098 
3 4086 4107 4067 
3 4094 4105 4128 
3 4095 4119 4123 
3 4064 4120 4129 
3 4124 4099 4088 
3 4074 4125 4090 
3 4108 4064 4129 
3 4126 4101 4084 
3 4061 4109 4122 
3 4097 4113 4130 
3 4127 4102 4104 
3 4114 4131 4077 
3 4075 4094 4111 
3 4132 4087 4133 
3 4120 4124 4134 
3 4082 4133 4058 
3 4058 4133 4087 
3 4135 4116 4110 
3 4091 4136 4100 
3 4118 4097 4130 
3 4093 4137 4092 
3 4131 4085 4077 
3 4086 4085 4138 
3 4123 4139 4105 
3 4096 4112 4140 
3 4141 4124 4088 
3 4116 4135 4079 
3 4079 4136 4091 
3 4098 4137 4093 
3 4129 4142 4108 
3 4140 4143 4096 
3 4088 4096 4144 
3 4117 4089 4081 
3 4109 4092 4137 
3 4138 4145 4086 
3 4107 4086 4145 
3 4115 4104 4103 
3 4106 4087 4132 
3 4141 4088 4144 
3 4114 4118 4146 
3 4147 4124 4141 
3 4147 4141 4144 
3 4101 4130 4113 
3 4131 4148 4085 
3 4119 4108 4149 
3 4142 4149 4108 
3 4147 4134 4124 
3 4150 4090 4125 
3 4135 4136 4079 
3 4130 4146 4118 
3 4082 4107 4151 
3 4149 4123 4119 
3 4106 4152 4112 
3 4090 4150 4110 
3 4136 4153 4100 
3 4104 4154 4127 
3 4155 4133 4082 
3 4105 4139 4128 
3 4132 4152 4106 
3 4144 4096 4143 
3 4131 4114 4146 
3 4094 4156 4111 
3 4140 4112 4152 
3 4157 4081 4121 
3 4158 4121 4122 
3 4104 4115 4154 
3 4151 4155 4082 
3 4139 4123 4159 
3 4120 4160 4129 
3 4157 4117 4081 
3 4101 4126 4161 
3 4139 4162 4128 
3 4123 4149 4159 
3 4100 4153 4126 
3 4101 4161 4130 
3 4098 4163 4137 
3 4151 4107 4145 
3 4111 4156 4115 
3 4164 4160 4134 
3 4120 4134 4160 
3 4134 4147 4164 
3 4133 4155 4165 
3 4129 4160 4142 
3 4160 4149 4142 
3 4094 4166 4156 
3 4128 4166 4094 
3 4152 4143 4140 
3 4167 4135 4110 
3 4122 4109 4158 
3 4138 4085 4148 
3 4128 4162 4166 
3 4163 4098 4127 
3 4145 4168 4151 
3 4168 4155 4151 
3 4162 4169 4166 
3 4170 4171 4146 
3 4127 4154 4172 
3 4155 4168 4165 
3 4173 4169 4162 
3 4169 4173 4166 
3 4162 4139 4159 
3 4117 4174 4125 
3 4161 4126 4175 
3 4171 4131 4146 
3 4166 4176 4177 
3 4176 4173 4162 
3 4176 4166 4173 
3 4160 4178 4149 
3 4110 4150 4167 
3 4153 4175 4126 
3 4137 4179 4109 
3 4180 4127 4172 
3 4165 4168 4145 
3 4152 4132 4181 
3 4149 4182 4159 
3 4109 4183 4158 
3 4130 4170 4146 
3 4171 4184 4131 
3 4148 4131 4184 
3 4127 4180 4163 
3 4185 4162 4159 
3 4143 4152 4186 
3 4143 4187 4144 
3 4147 4144 4187 
3 4136 4135 4188 
3 4185 4176 4162 
3 4149 4178 4182 
3 4153 4136 4188 
3 4156 4166 4177 
3 4177 4176 4185 
3 4164 4189 4160 
3 4187 4190 4147 
3 4125 4174 4150 
3 4109 4179 4183 
3 4191 4154 4115 
3 4115 4156 4192 
3 4117 4193 4174 
3 4194 4165 4145 
3 4184 4195 4148 
3 4138 4196 4145 
3 4196 4194 4145 
3 4133 4181 4132 
3 4159 4197 4185 
3 4181 4198 4152 
3 4189 4178 4160 
3 4187 4143 4190 
3 4199 4121 4158 
3 4200 4137 4163 
3 4138 4148 4201 
3 4202 4143 4186 
3 4202 4190 4143 
3 4203 4204 4150 
3 4203 4150 4174 
3 4157 4121 4199 
3 4137 4200 4179 
3 4180 4200 4163 
3 4172 4154 4205 
3 4185 4206 4177 
3 4197 4206 4185 
3 4186 4152 4198 
3 4164 4147 4207 
3 4153 4188 4175 
3 4130 4161 4208 
3 4170 4130 4209 
3 4115 4192 4191 
3 4156 4177 4210 
3 4167 4150 4204 
3 4135 4167 4211 
3 4193 4117 4157 
3 4175 4212 4161 
3 4209 4130 4208 
3 4213 4184 4171 
3 4201 4214 4138 
3 4205 4154 4191 
3 4215 4181 4133 
3 4200 4216 4179 
3 4213 4171 4217 
3 4214 4196 4138 
3 4207 4147 4190 
3 4135 4211 4188 
3 4199 4158 4183 
3 4171 4170 4217 
3 4156 4210 4192 
3 4208 4161 4212 
3 4189 4164 4218 
3 4202 4219 4190 
3 4174 4193 4220 
3 4196 4221 4194 
3 4165 4194 4222 
3 4159 4223 4197 
3 4178 4224 4182 
3 4207 4218 4164 
3 4207 4190 4219 
3 4225 4167 4204 
3 4225 4211 4167 
3 4226 4203 4174 
3 4175 4188 4227 
3 4217 4170 4209 
3 4148 4195 4201 
3 4191 4228 4205 
3 4229 4206 4197 
3 4223 4159 4230 
3 4226 4204 4203 
3 4231 4193 4157 
3 4213 4217 4232 
3 4233 4180 4172 
3 4215 4133 4165 
3 4177 4206 4234 
3 4229 4197 4223 
3 4159 4182 4230 
3 4224 4178 4189 
3 4174 4220 4226 
3 4157 4199 4231 
3 4216 4183 4179 
3 4232 4184 4213 
3 4235 4172 4205 
3 4192 4236 4191 
3 4236 4192 4210 
3 4186 4198 4237 
3 4238 4216 4200 
3 4214 4221 4196 
3 4224 4230 4182 
3 4217 4209 4232 
3 4238 4200 4180 
3 4239 4172 4235 
3 4240 4198 4181 
3 4175 4227 4241 
3 4241 4212 4175 
3 4184 4242 4195 
3 4228 4191 4236 
3 4215 4240 4181 
3 4183 4216 4243 
3 4242 4184 4232 
3 4215 4165 4222 
3 4177 4234 4210 
3 4186 4237 4202 
3 4172 4239 4233 
3 4235 4205 4228 
3 4206 4229 4244 
3 4223 4244 4229 
3 4245 4224 4189 
3 4237 4246 4202 
3 4188 4211 4227 
3 4247 4208 4212 
3 4180 4233 4238 
3 4222 4194 4248 
3 4245 4189 4218 
3 4204 4249 4225 
3 4183 4250 4199 
3 4221 4248 4194 
3 4244 4234 4206 
3 4230 4244 4223 
3 4246 4219 4202 
3 4204 4226 4249 
3 4193 4231 4251 
3 4252 4210 4234 
3 4244 4230 4253 
3 4183 4243 4250 
3 4195 4254 4201 
3 4193 4251 4255 
3 4199 4251 4231 
3 4209 4256 4257 
3 4232 4209 4257 
3 4257 4242 4232 
3 4220 4193 4255 
3 4247 4258 4208 
3 4209 4208 4258 
3 4259 4243 4216 
3 4252 4236 4210 
3 4225 4249 4211 
3 4260 4227 4211 
3 4214 4201 4254 
3 4261 4198 4240 
3 4245 4262 4224 
3 4218 4207 4263 
3 4246 4264 4219 
3 4265 4266 4226 
3 4242 4267 4195 
3 4254 4195 4267 
3 4237 4198 4261 
3 4230 4224 4262 
3 4226 4266 4249 
3 4199 4250 4251 
3 4247 4212 4241 
3 4258 4256 4209 
3 4268 4233 4239 
3 4235 4269 4239 
3 4270 4220 4255 
3 4265 4226 4220 
3 4216 4271 4259 
3 4271 4216 4238 
3 4221 4214 4272 
3 4262 4273 4230 
3 4263 4245 4218 
3 4219 4274 4207 
3 4233 4268 4238 
3 4249 4275 4211 
3 4238 4276 4271 
3 4254 4272 4214 
3 4236 4277 4228 
3 4215 4222 4278 
3 4244 4279 4234 
3 4207 4280 4263 
3 4280 4207 4274 
3 4275 4249 4266 
3 4257 4256 4281 
3 4245 4282 4262 
3 4237 4283 4246 
3 4241 4227 4260 
3 4238 4268 4276 
3 4269 4235 4228 
3 4269 4228 4277 
3 4284 4236 4252 
3 4244 4253 4279 
3 4243 4259 4250 
3 4240 4215 4278 
3 4285 4261 4240 
3 4286 4253 4230 
3 4283 4237 4261 
3 4219 4264 4274 
3 4287 4241 4260 
3 4221 4288 4248 
3 4222 4248 4289 
3 4273 4286 4230 
3 4245 4263 4280 
3 4283 4264 4246 
3 4247 4241 4287 
3 4267 4290 4254 
3 4286 4291 4253 
3 4273 4262 4282 
3 4211 4292 4260 
3 4270 4293 4220 
3 4258 4247 4294 
3 4295 4239 4269 
3 4221 4272 4288 
3 4277 4296 4269 
3 4277 4236 4284 
3 4222 4289 4278 
3 4253 4291 4279 
3 4220 4293 4265 
3 4270 4255 4251 
3 4297 4250 4259 
3 4256 4258 4281 
3 4271 4298 4259 
3 4267 4242 4299 
3 4295 4268 4239 
3 4284 4296 4277 
3 4279 4252 4234 
3 4266 4265 4275 
3 4300 4251 4250 
3 4242 4257 4301 
3 4272 4254 4290 
3 4211 4275 4292 
3 4300 4270 4251 
3 4297 4302 4250 
3 4303 4270 4300 
3 4304 4252 4279 
3 4278 4285 4240 
3 4291 4286 4305 
3 4265 4293 4306 
3 4248 4288 4289 
3 4286 4273 4305 
3 4245 4307 4282 
3 4245 4280 4307 
3 4306 4293 4270 
3 4294 4247 4287 
3 4300 4250 4302 
3 4281 4301 4257 
3 4279 4291 4305 
3 4308 4258 4294 
3 4301 4299 4242 
3 4270 4303 4306 
3 4309 4276 4268 
3 4252 4304 4284 
3 4265 4310 4275 
3 4259 4298 4297 
3 4311 4268 4295 
3 4261 4312 4283 
3 4264 4283 4313 
3 4308 4281 4258 
3 4314 4298 4271 
3 4314 4271 4276 
3 4267 4315 4290 
3 4288 4272 4316 
3 4268 4311 4309 
3 4272 4290 4316 
3 4285 4312 4261 
3 4280 4274 4317 
3 4282 4318 4273 
3 4264 4313 4274 
3 4313 4317 4274 
3 4275 4310 4292 
3 4319 4318 4282 
3 4320 4260 4292 
3 4278 4289 4321 
3 4278 4322 4285 
3 4323 4285 4322 
3 4324 4300 4302 
3 4299 4325 4267 
3 4325 4315 4267 
3 4326 4295 4269 
3 4273 4318 4305 
3 4312 4313 4283 
3 4287 4260 4320 
3 4294 4327 4308 
3 4290 4328 4316 
3 4288 4321 4289 
3 4284 4304 4329 
3 4319 4282 4307 
3 4303 4330 4306 
3 4287 4331 4294 
3 4314 4332 4298 
3 4333 4269 4296 
3 4322 4278 4334 
3 4304 4279 4335 
3 4298 4332 4297 
3 4315 4328 4290 
3 4296 4329 4333 
3 4284 4329 4296 
3 4323 4312 4285 
3 4336 4303 4300 
3 4336 4300 4324 
3 4337 4299 4301 
3 4276 4309 4314 
3 4269 4338 4326 
3 4321 4334 4278 
3 4339 4292 4310 
3 4265 4340 4310 
3 4292 4339 4320 
3 4325 4299 4341 
3 4269 4333 4338 
3 4305 4342 4279 
3 4342 4305 4318 
3 4303 4336 4330 
3 4343 4331 4287 
3 4331 4327 4294 
3 4302 4297 4344 
3 4325 4345 4315 
3 4343 4287 4320 
3 4281 4308 4346 
3 4307 4280 4347 
3 4340 4265 4306 
3 4346 4308 4327 
3 4344 4297 4332 
3 4311 4295 4326 
3 4333 4348 4338 
3 4349 4312 4323 
3 4281 4350 4301 
3 4299 4337 4341 
3 4333 4329 4348 
3 4280 4317 4347 
3 4350 4337 4301 
3 4345 4328 4315 
3 4288 4316 4351 
3 4335 4279 4342 
3 4318 4352 4342 
3 4353 4348 4329 
3 4317 4354 4347 
3 4355 4302 4344 
3 4321 4288 4351 
3 4317 4313 4356 
3 4331 4357 4327 
3 4346 4350 4281 
3 4348 4353 4338 
3 4358 4304 4335 
3 4341 4337 4359 
3 4326 4338 4360 
3 4324 4355 4361 
3 4355 4324 4302 
3 4314 4362 4332 
3 4326 4360 4311 
3 4351 4316 4363 
3 4334 4321 4364 
3 4304 4365 4329 
3 4358 4366 4304 
3 4356 4354 4317 
3 4343 4357 4331 
3 4309 4311 4367 
3 4316 4328 4363 
3 4351 4364 4321 
3 4318 4319 4368 
3 4349 4313 4312 
3 4369 4320 4339 
3 4361 4336 4324 
3 4345 4370 4328 
3 4368 4352 4318 
3 4310 4371 4339 
3 4372 4346 4327 
3 4332 4362 4344 
3 4350 4359 4337 
3 4328 4370 4363 
3 4304 4366 4365 
3 4358 4335 4342 
3 4322 4373 4323 
3 4349 4323 4373 
3 4319 4307 4347 
3 4374 4340 4306 
3 4343 4375 4357 
3 4376 4314 4309 
3 4309 4367 4376 
3 4336 4377 4330 
3 4311 4360 4367 
3 4365 4353 4329 
3 4319 4347 4378 
3 4379 4310 4340 
3 4339 4380 4369 
3 4381 4343 4320 
3 4381 4375 4343 
3 4355 4344 4382 
3 4314 4376 4362 
3 4325 4341 4383 
3 4334 4364 4384 
3 4381 4320 4369 
3 4359 4385 4341 
3 4383 4345 4325 
3 4386 4353 4365 
3 4368 4319 4378 
3 4387 4338 4353 
3 4354 4378 4347 
3 4356 4313 4388 
3 4340 4374 4379 
3 4336 4361 4377 
3 4327 4357 4389 
3 4372 4350 4346 
3 4385 4383 4341 
3 4338 4387 4360 
3 4358 4342 4352 
3 4349 4388 4313 
3 4371 4310 4379 
3 4330 4374 4306 
3 4353 4386 4387 
3 4380 4339 4371 
3 4390 4373 4322 
3 4372 4327 4389 
3 4362 4376 4391 
3 4334 4384 4392 
3 4334 4390 4322 
3 4361 4393 4377 
3 4394 4357 4375 
3 4345 4383 4370 
3 4395 4384 4364 
3 4390 4334 4392 
3 4388 4396 4356 
3 4379 4397 4371 
3 4371 4397 4380 
3 4398 4361 4355 
3 4382 4344 4362 
3 4351 4363 4399 
3 4400 4386 4365 
3 4378 4354 4401 
3 4349 4373 4388 
3 4393 4361 4398 
3 4394 4389 4357 
3 4399 4363 4370 
3 4364 4351 4395 
3 4400 4365 4366 
3 4368 4402 4352 
3 4396 4354 4356 
3 4381 4369 4403 
3 4372 4404 4350 
3 4405 4358 4352 
3 4397 4406 4380 
3 4369 4380 4403 
3 4330 4377 4374 
3 4375 4407 4394 
3 4355 4382 4398 
3 4350 4404 4359 
3 4408 4360 4387 
3 4409 4382 4362 
3 4385 4359 4410 
3 4395 4351 4399 
3 4373 4390 4411 
3 4412 4396 4388 
3 4407 4375 4381 
3 4395 4392 4384 
3 4413 4366 4358 
3 4388 4373 4412 
3 4397 4379 4374 
3 4374 4377 4414 
3 4415 4360 4408 
3 4405 4413 4358 
3 4410 4383 4385 
3 4360 4415 4367 
3 4407 4381 4403 
3 4391 4376 4367 
3 4408 4387 4386 
3 4392 4411 4390 
3 4378 4402 4368 
3 4416 4397 4374 
3 4417 4359 4404 
3 4402 4405 4352 
3 4418 4377 4393 
3 4419 4380 4406 
3 4416 4406 4397 
3 4403 4380 4419 
3 4367 4420 4391 
3 4370 4383 4421 
3 4422 4395 4399 
3 4423 4412 4373 
3 4396 4424 4354 
3 4404 4372 4425 
3 4391 4409 4362 
3 4354 4424 4401 
3 4374 4426 4416 
3 4377 4427 4414 
3 4372 4389 4425 
3 4417 4404 4425 
3 4421 4383 4410 
3 4386 4428 4408 
3 4428 4386 4400 
3 4367 4415 4420 
3 4370 4429 4399 
3 4430 4392 4395 
3 4412 4431 4396 
3 4419 4406 4416 
3 4393 4398 4418 
3 4400 4432 4433 
3 4402 4434 4405 
3 4435 4374 4414 
3 4377 4418 4427 
3 4400 4433 4428 
3 4432 4400 4366 
3 4411 4423 4373 
3 4436 4407 4403 
3 4410 4359 4437 
3 4413 4432 4366 
3 4411 4392 4430 
3 4405 4434 4413 
3 4438 4424 4396 
3 4439 4416 4426 
3 4417 4437 4359 
3 4422 4399 4429 
3 4402 4378 4440 
3 4431 4438 4396 
3 4441 4425 4389 
3 4398 4382 4442 
3 4440 4378 4443 
3 4431 4412 4444 
3 4374 4435 4426 
3 4414 4427 4435 
3 4436 4394 4407 
3 4382 4409 4445 
3 4446 4429 4370 
3 4433 4408 4428 
3 4430 4395 4447 
3 4378 4401 4443 
3 4443 4401 4424 
3 4445 4442 4382 
3 4440 4434 4402 
3 4436 4448 4394 
3 4394 4441 4389 
3 4422 4447 4395 
3 4449 4444 4412 
3 4370 4421 4446 
3 4449 4412 4423 
3 4398 4450 4418 
3 4394 4448 4441 
3 4450 4398 4442 
3 4439 4419 4416 
3 4451 4415 4408 
3 4451 4408 4433 
3 4423 4411 4452 
3 4453 4403 4419 
3 4445 4454 4442 
3 4409 4455 4445 
3 4456 4413 4434 
3 4434 4440 4457 
3 4458 4419 4439 
3 4436 4403 4453 
3 4459 4409 4391 
3 4460 4391 4420 
3 4461 4415 4451 
3 4444 4438 4431 
3 4461 4420 4415 
3 4446 4462 4429 
3 4413 4456 4432 
3 4463 4435 4427 
3 4463 4427 4464 
3 4445 4455 4454 
3 4426 4435 4439 
3 4442 4465 4450 
3 4459 4391 4460 
3 4422 4466 4447 
3 4467 4437 4417 
3 4455 4409 4459 
3 4430 4468 4411 
3 4437 4469 4410 
3 4443 4457 4440 
3 4418 4464 4427 
3 4417 4425 4470 
3 4421 4410 4469 
3 4460 4420 4461 
3 4471 4432 4456 
3 4472 4419 4458 
3 4453 4419 4472 
3 4454 4465 4442 
3 4446 4421 4473 
3 4433 4474 4451 
3 4468 4430 4475 
3 4443 4476 4457 
3 4439 4477 4458 
3 4439 4463 4477 
3 4463 4439 4435 
3 4453 4472 4478 
3 4418 4479 4464 
3 4479 4418 4450 
3 4470 4425 4441 
3 4480 4459 4460 
3 4474 4433 4432 
3 4449 4423 4481 
3 4472 4458 4477 
3 4467 4417 4470 
3 4455 4459 4480 
3 4462 4482 4429 
3 4466 4475 4447 
3 4411 4468 4452 
3 4452 4481 4423 
3 4436 4483 4448 
3 4473 4484 4446 
3 4485 4474 4432 
3 4447 4475 4430 
3 4443 4424 4438 
3 4469 4473 4421 
3 4422 4429 4482 
3 4486 4434 4457 
3 4483 4487 4448 
3 4488 4451 4474 
3 4422 4482 4466 
3 4475 4489 4468 
3 4456 4434 4486 
3 4438 4476 4443 
3 4449 4490 4444 
3 4467 4491 4437 
3 4491 4469 4437 
3 4492 4460 4461 
3 4462 4446 4484 
3 4466 4493 4475 
3 4485 4432 4471 
3 4494 4449 4481 
3 4495 4472 4477 
3 4496 4463 4464 
3 4483 4436 4453 
3 4497 4480 4460 
3 4486 4457 4498 
3 4499 4478 4472 
3 4463 4496 4495 
3 4450 4500 4479 
3 4468 4489 4452 
3 4501 4476 4438 
3 4444 4490 4438 
3 4463 4495 4477 
3 4451 4488 4461 
3 4448 4502 4441 
3 4455 4503 4454 
3 4497 4460 4492 
3 4471 4456 4486 
3 4504 4498 4457 
3 4505 4452 4489 
3 4481 4452 4505 
3 4478 4483 4453 
3 4465 4454 4503 
3 4491 4467 4506 
3 4441 4502 4470 
3 4496 4464 4479 
3 4493 4507 4475 
3 4490 4508 4438 
3 4509 4472 4495 
3 4500 4450 4465 
3 4467 4470 4510 
3 4476 4504 4457 
3 4490 4449 4494 
3 4502 4448 4487 
3 4473 4469 4484 
3 4469 4511 4484 
3 4505 4494 4481 
3 4501 4438 4512 
3 4510 4470 4502 
3 4510 4506 4467 
3 4482 4462 4513 
3 4471 4514 4485 
3 4514 4471 4515 
3 4489 4475 4507 
3 4472 4509 4499 
3 4455 4480 4516 
3 4517 4461 4488 
3 4518 4488 4474 
3 4482 4493 4466 
3 4514 4474 4485 
3 4505 4489 4519 
3 4512 4438 4508 
3 4499 4509 4520 
3 4492 4461 4521 
3 4462 4484 4513 
3 4515 4471 4486 
3 4501 4522 4476 
3 4523 4508 4490 
3 4500 4524 4479 
3 4494 4523 4490 
3 4478 4525 4483 
3 4525 4487 4483 
3 4513 4484 4511 
3 4493 4482 4526 
3 4516 4480 4497 
3 4469 4491 4527 
3 4492 4521 4497 
3 4516 4503 4455 
3 4527 4511 4469 
3 4474 4514 4518 
3 4525 4478 4499 
3 4491 4506 4528 
3 4486 4529 4515 
3 4504 4476 4530 
3 4522 4501 4512 
3 4531 4499 4520 
3 4500 4465 4524 
3 4461 4517 4521 
3 4507 4493 4532 
3 4533 4529 4486 
3 4533 4486 4498 
3 4498 4504 4533 
3 4534 4516 4497 
3 4495 4535 4509 
3 4479 4536 4496 
3 4525 4537 4487 
3 4502 4487 4537 
3 4528 4527 4491 
3 4493 4526 4532 
3 4489 4507 4538 
3 4522 4530 4476 
3 4479 4524 4536 
3 4503 4539 4465 
3 4482 4540 4526 
3 4488 4518 4541 
3 4489 4542 4519 
3 4543 4508 4523 
3 4539 4524 4465 
3 4494 4505 4544 
3 4494 4543 4523 
3 4520 4509 4535 
3 4531 4525 4499 
3 4519 4544 4505 
3 4508 4545 4512 
3 4546 4511 4527 
3 4547 4514 4515 
3 4544 4519 4542 
3 4495 4496 4548 
3 4538 4542 4489 
3 4504 4549 4533 
3 4544 4543 4494 
3 4512 4545 4522 
3 4548 4535 4495 
3 4548 4496 4536 
3 4546 4527 4528 
3 4550 4521 4517 
3 4513 4540 4482 
3 4551 4515 4529 
3 4545 4530 4522 
3 4510 4502 4552 
3 4553 4539 4503 
3 4554 4516 4534 
3 4488 4555 4517 
3 4515 4551 4547 
3 4530 4549 4504 
3 4545 4508 4556 
3 4506 4510 4557 
3 4516 4554 4503 
3 4497 4521 4558 
3 4514 4547 4518 
3 4559 4520 4535 
3 4560 4535 4548 
3 4552 4502 4537 
3 4557 4528 4506 
3 4526 4540 4561 
3 4503 4554 4553 
3 4546 4562 4511 
3 4488 4541 4555 
3 4563 4541 4518 
3 4508 4543 4564 
3 4565 4525 4531 
3 4510 4552 4566 
3 4557 4510 4566 
3 4567 4511 4562 
3 4513 4511 4567 
3 4561 4540 4568 
3 4538 4569 4542 
3 4542 4570 4544 
3 4570 4543 4544 
3 4535 4560 4559 
3 4550 4517 4555 
3 4532 4526 4561 
3 4538 4507 4569 
3 4571 4564 4543 
3 4572 4525 4565 
3 4537 4525 4572 
3 4536 4524 4573 
3 4546 4528 4574 
3 4534 4558 4554 
3 4534 4497 4558 
3 4513 4568 4540 
3 4575 4541 4563 
3 4574 4528 4576 
3 4567 4568 4513 
3 4561 4577 4532 
3 4529 4578 4551 
3 4531 4520 4579 
3 4563 4518 4547 
3 4578 4529 4533 
3 4508 4564 4556 
3 4576 4528 4557 
3 4569 4580 4542 
3 4549 4530 4581 
3 4579 4520 4559 
3 4554 4582 4553 
3 4531 4579 4565 
3 4552 4537 4583 
3 4584 4573 4524 
3 4524 4539 4584 
3 4541 4575 4555 
3 4577 4585 4532 
3 4507 4532 4585 
3 4578 4533 4549 
3 4580 4570 4542 
3 4536 4573 4586 
3 4587 4562 4546 
3 4569 4507 4585 
3 4545 4588 4530 
3 4572 4589 4537 
3 4590 4563 4547 
3 4578 4591 4551 
3 4571 4543 4570 
3 4545 4556 4592 
3 4565 4593 4572 
3 4566 4576 4557 
3 4539 4553 4594 
3 4567 4562 4587 
3 4588 4545 4592 
3 4595 4548 4536 
3 4594 4553 4582 
3 4596 4550 4555 
3 4575 4563 4590 
3 4547 4597 4590 
3 4551 4591 4547 
3 4574 4587 4546 
3 4598 4521 4550 
3 4596 4555 4575 
3 4598 4558 4521 
3 4578 4549 4581 
3 4581 4530 4588 
3 4595 4536 4586 
3 4573 4599 4586 
3 4598 4550 4596 
3 4589 4583 4537 
3 4584 4599 4573 
3 4587 4600 4567 
3 4561 4568 4601 
3 4597 4547 4602 
3 4585 4577 4603 
3 4556 4564 4604 
3 4589 4572 4593 
3 4552 4605 4566 
3 4606 4582 4554 
3 4606 4554 4558 
3 4591 4578 4607 
3 4570 4580 4608 
3 4556 4609 4592 
3 4610 4559 4560 
3 4579 4593 4565 
3 4539 4594 4584 
3 4605 4552 4583 
3 4566 4611 4576 
3 4598 4612 4558 
3 4568 4567 4600 
3 4575 4590 4597 
3 4602 4547 4591 
3 4588 4592 4613 
3 4614 4598 4596 
3 4581 4588 4613 
3 4571 4570 4608 
3 4615 4579 4559 
3 4548 4616 4560 
3 4616 4548 4595 
3 4617 4596 4575 
3 4617 4575 4597 
3 4577 4561 4601 
3 4601 4603 4577 
3 4580 4569 4608 
3 4571 4604 4564 
3 4609 4556 4604 
3 4618 4608 4569 
3 4578 4581 4619 
3 4606 4558 4612 
3 4568 4600 4620 
3 4596 4617 4614 
3 4569 4585 4618 
3 4579 4621 4593 
3 4605 4583 4622 
3 4566 4605 4611 
3 4578 4619 4607 
3 4613 4623 4581 
3 4579 4615 4621 
3 4589 4622 4583 
3 4622 4624 4605 
3 4609 4625 4592 
3 4559 4610 4615 
3 4560 4616 4610 
3 4587 4574 4626 
3 4568 4620 4601 
3 4571 4608 4627 
3 4609 4604 4625 
3 4599 4628 4586 
3 4576 4611 4629 
3 4613 4592 4625 
3 4621 4630 4593 
3 4631 4595 4586 
3 4605 4624 4611 
3 4629 4574 4576 
3 4632 4582 4606 
3 4617 4597 4633 
3 4595 4631 4616 
3 4593 4630 4589 
3 4586 4628 4634 
3 4582 4635 4594 
3 4615 4610 4636 
3 4634 4631 4586 
3 4637 4606 4612 
3 4638 4602 4591 
3 4603 4639 4585 
3 4627 4604 4571 
3 4628 4599 4584 
3 4594 4635 4584 
3 4635 4582 4632 
3 4574 4629 4626 
3 4633 4597 4602 
3 4639 4618 4585 
3 4640 4581 4623 
3 4606 4637 4632 
3 4641 4629 4611 
3 4608 4618 4642 
3 4587 4643 4600 
3 4602 4638 4633 
3 4591 4644 4638 
3 4644 4591 4607 
3 4621 4615 4645 
3 4584 4646 4628 
3 4635 4646 4584 
3 4641 4611 4624 
3 4647 4610 4616 
3 4621 4645 4630 
3 4637 4648 4632 
3 4581 4640 4619 
3 4613 4625 4649 
3 4625 4604 4650 
3 4610 4647 4636 
3 4651 4587 4626 
3 4620 4600 4643 
3 4651 4643 4587 
3 4625 4652 4649 
3 4653 4634 4628 
3 4644 4607 4619 
3 4639 4642 4618 
3 4625 4650 4652 
3 4615 4636 4645 
3 4622 4589 4654 
3 4655 4635 4632 
3 4656 4637 4612 
3 4616 4631 4647 
3 4657 4645 4636 
3 4624 4622 4658 
3 4655 4646 4635 
3 4629 4659 4626 
3 4659 4651 4626 
3 4660 4617 4633 
3 4661 4640 4623 
3 4632 4648 4655 
3 4648 4637 4656 
3 4612 4598 4662 
3 4598 4614 4662 
3 4620 4663 4601 
3 4627 4650 4604 
3 4603 4664 4639 
3 4665 4642 4639 
3 4666 4627 4608 
3 4623 4613 4649 
3 4667 4630 4645 
3 4653 4631 4634 
3 4668 4628 4646 
3 4629 4641 4669 
3 4614 4617 4662 
3 4601 4670 4603 
3 4661 4619 4640 
3 4608 4642 4666 
3 4661 4623 4649 
3 4636 4647 4671 
3 4630 4654 4589 
3 4653 4628 4668 
3 4643 4651 4672 
3 4643 4673 4620 
3 4674 4647 4631 
3 4622 4654 4658 
3 4659 4629 4675 
3 4659 4672 4651 
3 4670 4664 4603 
3 4636 4671 4657 
3 4629 4669 4675 
3 4656 4612 4662 
3 4638 4676 4633 
3 4639 4664 4665 
3 4657 4667 4645 
3 4677 4648 4656 
3 4662 4617 4660 
3 4641 4624 4669 
3 4672 4673 4643 
3 4663 4620 4673 
3 4601 4663 4678 
3 4665 4679 4642 
3 4650 4680 4652 
3 4653 4674 4631 
3 4666 4642 4679 
3 4681 4682 4630 
3 4682 4654 4630 
3 4601 4678 4670 
3 4619 4683 4644 
3 4683 4619 4684 
3 4685 4661 4649 
3 4649 4652 4685 
3 4661 4684 4619 
3 4681 4630 4667 
3 4646 4655 4686 
3 4687 4674 4653 
3 4688 4658 4654 
3 4668 4689 4653 
3 4624 4658 4690 
3 4669 4624 4690 
3 4686 4668 4646 
3 4659 4675 4691 
3 4692 4655 4648 
3 4683 4693 4644 
3 4691 4672 4659 
3 4660 4633 4694 
3 4695 4638 4644 
3 4688 4654 4682 
3 4656 4696 4677 
3 4638 4695 4676 
3 4695 4644 4693 
3 4653 4689 4687 
3 4673 4697 4663 
3 4676 4694 4633 
3 4683 4684 4693 
3 4627 4666 4698 
3 4699 4650 4627 
3 4674 4700 4647 
3 4690 4658 4688 
3 4656 4662 4696 
3 4684 4661 4701 
3 4679 4698 4666 
3 4698 4699 4627 
3 4669 4702 4675 
3 4703 4660 4694 
3 4671 4667 4657 
3 4668 4704 4689 
3 4686 4655 4692 
3 4705 4673 4672 
3 4664 4670 4706 
3 4667 4707 4681 
3 4682 4681 4708 
3 4692 4709 4686 
3 4702 4691 4675 
3 4672 4691 4710 
3 4711 4648 4677 
3 4660 4703 4662 
3 4697 4712 4663 
3 4676 4695 4713 
3 4706 4665 4664 
3 4700 4674 4687 
3 4677 4714 4711 
3 4705 4715 4673 
3 4712 4678 4663 
3 4676 4713 4694 
3 4701 4661 4685 
3 4685 4652 4680 
3 4672 4710 4716 
3 4680 4650 4699 
3 4699 4717 4680 
3 4681 4707 4708 
3 4689 4718 4687 
3 4690 4702 4669 
3 4648 4711 4692 
3 4670 4678 4712 
3 4719 4667 4671 
3 4720 4671 4647 
3 4720 4647 4700 
3 4690 4688 4721 
3 4705 4672 4716 
3 4697 4673 4722 
3 4665 4723 4679 
3 4707 4667 4719 
3 4724 4696 4662 
3 4724 4662 4703 
3 4718 4689 4704 
3 4709 4692 4711 
3 4702 4710 4691 
3 4677 4696 4714 
3 4694 4725 4703 
3 4668 4726 4704 
3 4727 4695 4693 
3 4688 4682 4728 
3 4726 4668 4686 
3 4670 4712 4729 
3 4727 4713 4695 
3 4706 4723 4665 
3 4723 4730 4679 
3 4721 4731 4690 
3 4731 4702 4690 
3 4716 4732 4705 
3 4729 4706 4670 
3 4684 4733 4693 
3 4734 4717 4699 
3 4680 4735 4685 
3 4736 4718 4704 
3 4726 4686 4709 
3 4732 4716 4710 
3 4694 4713 4725 
3 4680 4717 4737 
3 4738 4719 4671 
3 4708 4728 4682 
3 4739 4732 4710 
3 4732 4715 4705 
3 4722 4673 4715 
3 4740 4671 4720 
3 4736 4704 4726 
3 4733 4684 4741 
3 4671 4742 4738 
3 4707 4719 4738 
3 4743 4700 4687 
3 4721 4688 4728 
3 4712 4744 4729 
3 4741 4684 4701 
3 4697 4745 4712 
3 4733 4746 4693 
3 4701 4685 4747 
3 4698 4734 4699 
3 4737 4735 4680 
3 4700 4748 4720 
3 4728 4708 4749 
3 4698 4679 4730 
3 4737 4717 4734 
3 4742 4671 4740 
3 4687 4718 4743 
3 4711 4750 4709 
3 4710 4702 4739 
3 4722 4745 4697 
3 4740 4720 4748 
3 4743 4748 4700 
3 4703 4751 4724 
3 4693 4746 4727 
3 4752 4738 4742 
3 4753 4696 4724 
3 4715 4732 4754 
3 4725 4755 4703 
3 4730 4756 4698 
3 4756 4734 4698 
3 4747 4685 4735 
3 4734 4757 4737 
3 4706 4729 4758 
3 4706 4758 4723 
3 4721 4728 4759 
3 4731 4721 4759 
3 4741 4746 4733 
3 4730 4723 4760 
3 4738 4761 4707 
3 4740 4748 4762 
3 4707 4761 4708 
3 4763 4739 4702 
3 4696 4753 4714 
3 4744 4712 4745 
3 4734 4764 4757 
3 4740 4762 4742 
3 4761 4738 4752 
3 4726 4709 4765 
3 4703 4755 4751 
3 4725 4766 4755 
3 4767 4713 4727 
3 4714 4753 4768 
3 4724 4769 4753 
3 4724 4751 4769 
3 4713 4767 4725 
3 4729 4770 4758 
3 4737 4757 4764 
3 4759 4728 4771 
3 4731 4763 4702 
3 4772 4711 4714 
3 4764 4773 4737 
3 4737 4773 4735 
3 4761 4749 4708 
3 4750 4711 4772 
3 4729 4744 4770 
3 4741 4701 4747 
3 4718 4774 4743 
3 4726 4765 4736 
3 4765 4709 4750 
3 4760 4723 4775 
3 4734 4776 4764 
3 4735 4773 4777 
3 4742 4762 4752 
3 4778 4736 4765 
3 4714 4768 4772 
3 4758 4775 4723 
3 4777 4773 4764 
3 4753 4769 4768 
3 4722 4715 4754 
3 4766 4725 4767 
3 4746 4741 4779 
3 4780 4747 4735 
3 4754 4732 4781 
3 4734 4756 4782 
3 4777 4783 4735 
3 4748 4784 4762 
3 4736 4785 4718 
3 4763 4731 4786 
3 4781 4732 4739 
3 4730 4782 4756 
3 4776 4734 4782 
3 4764 4787 4777 
3 4783 4777 4787 
3 4749 4771 4728 
3 4770 4744 4788 
3 4760 4782 4730 
3 4783 4789 4735 
3 4762 4790 4752 
3 4785 4736 4778 
3 4788 4745 4722 
3 4744 4745 4788 
3 4727 4746 4767 
3 4776 4787 4764 
3 4718 4785 4774 
3 4791 4781 4739 
3 4779 4741 4792 
3 4793 4747 4794 
3 4754 4781 4795 
3 4741 4747 4792 
3 4780 4794 4747 
3 4780 4735 4789 
3 4743 4796 4748 
3 4786 4731 4759 
3 4797 4772 4768 
3 4797 4768 4769 
3 4790 4761 4752 
3 4748 4796 4798 
3 4771 4749 4799 
3 4786 4800 4763 
3 4722 4754 4801 
3 4802 4743 4774 
3 4739 4763 4800 
3 4767 4746 4803 
3 4743 4802 4796 
3 4804 4778 4765 
3 4792 4805 4779 
3 4792 4747 4805 
3 4784 4748 4798 
3 4800 4791 4739 
3 4797 4750 4772 
3 4806 4770 4788 
3 4807 4766 4767 
3 4808 4746 4779 
3 4805 4808 4779 
3 4809 4782 4760 
3 4780 4789 4794 
3 4789 4783 4787 
3 4810 4778 4804 
3 4781 4791 4811 
3 4808 4803 4746 
3 4793 4805 4747 
3 4812 4796 4802 
3 4813 4771 4799 
3 4814 4759 4771 
3 4810 4785 4778 
3 4815 4750 4797 
3 4816 4797 4769 
3 4758 4817 4775 
3 4794 4818 4793 
3 4787 4819 4789 
3 4761 4820 4749 
3 4795 4801 4754 
3 4760 4775 4817 
3 4817 4809 4760 
3 4805 4793 4818 
3 4818 4794 4789 
3 4761 4790 4820 
3 4798 4796 4821 
3 4821 4784 4798 
3 4814 4786 4759 
3 4776 4822 4787 
3 4814 4771 4813 
3 4823 4797 4816 
3 4751 4824 4769 
3 4755 4824 4751 
3 4821 4796 4812 
3 4802 4774 4785 
3 4795 4781 4811 
3 4825 4790 4762 
3 4758 4770 4826 
3 4789 4819 4827 
3 4819 4787 4822 
3 4762 4784 4825 
3 4817 4758 4826 
3 4818 4789 4827 
3 4785 4810 4828 
3 4791 4800 4829 
3 4722 4801 4788 
3 4782 4830 4776 
3 4749 4831 4799 
3 4811 4791 4829 
3 4797 4823 4815 
3 4816 4769 4832 
3 4826 4833 4817 
3 4834 4820 4790 
3 4749 4820 4831 
3 4815 4835 4750 
3 4836 4766 4807 
3 4835 4765 4750 
3 4832 4769 4824 
3 4770 4837 4826 
3 4767 4803 4807 
3 4830 4822 4776 
3 4821 4812 4784 
3 4755 4836 4824 
3 4836 4755 4766 
3 4770 4806 4837 
3 4802 4785 4828 
3 4809 4838 4782 
3 4831 4839 4813 
3 4831 4813 4799 
3 4800 4786 4840 
3 4765 4835 4804 
3 4825 4841 4790 
3 4842 4814 4813 
3 4836 4807 4843 
3 4808 4844 4803 
3 4809 4817 4845 
3 4830 4819 4822 
3 4846 4831 4820 
3 4840 4786 4814 
3 4815 4823 4847 
3 4845 4838 4809 
3 4838 4830 4782 
3 4812 4848 4784 
3 4813 4839 4842 
3 4849 4828 4810 
3 4815 4847 4835 
3 4784 4848 4825 
3 4833 4845 4817 
3 4805 4844 4808 
3 4790 4841 4834 
3 4834 4846 4820 
3 4812 4802 4848 
3 4801 4795 4850 
3 4801 4851 4788 
3 4842 4840 4814 
3 4810 4804 4849 
3 4795 4811 4850 
3 4851 4852 4788 
3 4852 4806 4788 
3 4800 4840 4853 
3 4807 4854 4843 
3 4855 4807 4803 
3 4831 4856 4839 
3 4850 4811 4829 
3 4816 4857 4823 
3 4858 4801 4850 
3 4851 4801 4858 
3 4831 4846 4856 
3 4802 4859 4848 
3 4854 4807 4855 
3 4842 4839 4856 
3 4804 4860 4849 
3 4853 4829 4800 
3 4861 4804 4835 
3 4816 4832 4857 
3 4805 4818 4862 
3 4827 4863 4818 
3 4864 4863 4827 
3 4850 4829 4865 
3 4823 4857 4847 
3 4866 4837 4806 
3 4826 4837 4867 
3 4833 4826 4867 
3 4803 4844 4855 
3 4838 4868 4830 
3 4868 4819 4830 
3 4825 4869 4841 
3 4850 4870 4858 
3 4824 4836 4832 
3 4871 4844 4805 
3 4864 4827 4819 
3 4869 4825 4848 
3 4859 4802 4872 
3 4802 4873 4872 
3 4873 4802 4828 
3 4874 4847 4857 
3 4863 4862 4818 
3 4852 4875 4806 
3 4876 4843 4854 
3 4844 4877 4855 
3 4845 4833 4867 
3 4834 4878 4846 
3 4859 4879 4848 
3 4853 4880 4829 
3 4832 4836 4881 
3 4834 4841 4878 
3 4828 4849 4873 
3 4870 4851 4858 
3 4871 4805 4862 
3 4878 4882 4846 
3 4804 4861 4860 
3 4861 4835 4883 
3 4865 4829 4880 
3 4877 4844 4871 
3 4838 4845 4868 
3 4884 4864 4819 
3 4868 4884 4819 
3 4885 4850 4865 
3 4886 4836 4843 
3 4855 4876 4854 
3 4879 4859 4872 
3 4887 4840 4842 
3 4888 4853 4840 
3 4843 4889 4886 
3 4866 4806 4875 
3 4868 4845 4890 
3 4891 4841 4869 
3 4856 4892 4842 
3 4892 4887 4842 
3 4887 4888 4840 
3 4893 4835 4847 
3 4836 4886 4881 
3 4894 4848 4879 
3 4895 4841 4891 
3 4848 4894 4869 
3 4847 4874 4893 
3 4882 4856 4846 
3 4896 4873 4849 
3 4896 4849 4860 
3 4852 4851 4897 
3 4843 4898 4889 
3 4843 4876 4898 
3 4866 4867 4837 
3 4869 4894 4891 
3 4856 4882 4892 
3 4880 4853 4899 
3 4900 4857 4832 
3 4877 4901 4855 
3 4902 4882 4878 
3 4903 4845 4904 
3 4865 4880 4905 
3 4883 4835 4893 
3 4900 4832 4881 
3 4845 4867 4904 
3 4906 4871 4862 
3 4862 4863 4906 
3 4895 4878 4841 
3 4860 4907 4896 
3 4907 4860 4861 
3 4874 4857 4900 
3 4851 4870 4897 
3 4855 4901 4876 
3 4903 4890 4845 
3 4908 4909 4884 
3 4864 4884 4909 
3 4881 4886 4910 
3 4875 4852 4897 
3 4911 4906 4863 
3 4863 4864 4911 
3 4912 4895 4891 
3 4878 4895 4902 
3 4905 4880 4899 
3 4905 4885 4865 
3 4909 4911 4864 
3 4913 4891 4894 
3 4866 4875 4914 
3 4915 4872 4873 
3 4853 4888 4916 
3 4901 4877 4917 
3 4877 4871 4918 
3 4919 4882 4902 
3 4850 4885 4920 
3 4850 4920 4870 
3 4921 4910 4886 
3 4886 4922 4921 
3 4922 4886 4889 
3 4914 4923 4866 
3 4867 4866 4923 
3 4868 4908 4884 
3 4924 4894 4879 
3 4925 4879 4872 
3 4926 4873 4896 
3 4927 4916 4888 
3 4885 4905 4899 
3 4897 4870 4928 
3 4922 4889 4898 
3 4902 4895 4912 
3 4891 4913 4912 
3 4919 4892 4882 
3 4892 4919 4929 
3 4879 4925 4924 
3 4930 4907 4861 
3 4930 4861 4883 
3 4874 4931 4893 
3 4918 4917 4877 
3 4915 4873 4926 
3 4896 4907 4926 
3 4900 4931 4874 
3 4875 4897 4932 
3 4932 4914 4875 
3 4872 4915 4925 
3 4893 4933 4883 
3 4934 4910 4921 
3 4918 4871 4906 
3 4868 4890 4935 
3 4887 4892 4929 
3 4910 4934 4881 
3 4934 4921 4922 
3 4935 4936 4868 
3 4908 4911 4909 
3 4913 4894 4937 
3 4853 4916 4899 
3 4930 4883 4933 
3 4935 4890 4903 
3 4938 4919 4902 
3 4887 4939 4888 
3 4885 4899 4940 
3 4908 4868 4936 
3 4888 4939 4927 
3 4928 4870 4941 
3 4881 4942 4900 
3 4943 4898 4876 
3 4938 4902 4912 
3 4926 4907 4944 
3 4933 4893 4931 
3 4904 4867 4923 
3 4903 4904 4945 
3 4945 4935 4903 
3 4887 4929 4946 
3 4947 4876 4901 
3 4946 4939 4887 
3 4927 4948 4916 
3 4899 4916 4948 
3 4920 4885 4949 
3 4900 4950 4931 
3 4942 4881 4934 
3 4922 4898 4943 
3 4906 4911 4951 
3 4951 4952 4906 
3 4913 4937 4912 
3 4944 4907 4930 
3 4870 4920 4953 
3 4897 4928 4954 
3 4914 4932 4923 
3 4947 4901 4917 
3 4918 4906 4952 
3 4937 4894 4924 
3 4915 4926 4955 
3 4899 4956 4940 
3 4933 4931 4950 
3 4950 4900 4942 
3 4957 4954 4928 
3 4954 4932 4897 
3 4958 4936 4935 
3 4941 4870 4953 
3 4876 4947 4943 
3 4908 4959 4911 
3 4960 4938 4912 
3 4919 4938 4961 
3 4961 4929 4919 
3 4915 4962 4925 
3 4920 4949 4953 
3 4941 4963 4928 
3 4918 4952 4917 
3 4935 4945 4958 
3 4933 4964 4930 
3 4908 4936 4958 
3 4946 4929 4961 
3 4899 4948 4956 
3 4940 4949 4885 
3 4965 4933 4950 
3 4922 4966 4934 
3 4924 4967 4937 
3 4925 4968 4924 
3 4962 4968 4925 
3 4964 4944 4930 
3 4969 4912 4970 
3 4928 4963 4957 
3 4970 4912 4937 
3 4968 4971 4924 
3 4934 4972 4942 
3 4951 4911 4959 
3 4912 4969 4960 
3 4973 4969 4970 
3 4924 4971 4967 
3 4962 4915 4955 
3 4974 4955 4926 
3 4904 4923 4975 
3 4959 4976 4951 
3 4959 4908 4977 
3 4933 4978 4964 
3 4953 4963 4941 
3 4954 4979 4932 
3 4980 4922 4943 
3 4975 4923 4981 
3 4904 4975 4945 
3 4952 4951 4976 
3 4973 4982 4969 
3 4982 4973 4970 
3 4982 4970 4937 
3 4983 4961 4938 
3 4946 4984 4939 
3 4972 4934 4966 
3 4958 4977 4908 
3 4985 4960 4969 
3 4938 4960 4983 
3 4986 4946 4961 
3 4971 4968 4962 
3 4958 4945 4987 
3 4969 4982 4985 
3 4927 4939 4988 
3 4944 4974 4926 
3 4963 4953 4989 
3 4917 4990 4947 
3 4991 4917 4952 
3 4986 4984 4946 
3 4992 4971 4962 
3 4955 4974 4993 
3 4948 4927 4994 
3 4942 4995 4996 
3 4922 4980 4966 
3 4952 4976 4997 
3 4985 4982 4937 
3 4998 4944 4964 
3 4940 4956 4999 
3 4978 4933 4965 
3 4923 4932 4981 
3 4945 4975 4987 
3 4959 4997 4976 
3 4950 4942 4996 
3 4979 4981 4932 
3 4992 4962 4955 
3 4989 4953 4949 
3 5000 4943 4947 
3 4955 4993 4992 
3 4956 4948 4994 
3 4999 4956 5001 
3 4949 4940 5002 
3 4942 4972 4995 
3 4943 5000 4980 
3 4981 5003 4975 
3 4917 4991 4990 
3 4939 4984 5004 
3 4993 5005 4992 
3 4944 4998 4974 
3 4999 5002 4940 
3 5006 4965 4950 
3 5007 4985 4937 
3 5008 4937 4967 
3 4988 4939 5004 
3 4989 4949 5002 
3 4947 4990 5000 
3 5009 5010 4959 
3 5010 4997 4959 
3 4977 5009 4959 
3 4992 4967 4971 
3 4957 4963 5011 
3 4983 4960 4985 
3 4961 4983 5012 
3 4986 4961 5012 
3 5004 4984 4986 
3 4950 5013 5006 
3 5013 4950 4996 
3 4979 4954 5014 
3 4958 5015 4977 
3 4937 5016 5007 
3 4927 4988 5017 
3 4994 4927 5017 
3 4954 4957 5014 
3 5016 4937 5008 
3 4967 5018 5008 
3 5018 4967 4992 
3 5019 4995 4972 
3 5014 4957 5011 
3 5019 4972 4966 
3 5015 5020 4977 
3 5021 4993 4974 
3 4990 4991 5022 
3 5023 4991 4952 
3 4952 4997 5023 
3 4987 5015 4958 
3 5024 4985 5007 
3 4998 4964 4978 
3 4978 4965 5006 
3 4963 4989 5011 
3 4994 5025 4956 
3 5026 4979 5014 
3 4990 5022 5000 
3 4985 5024 4983 
3 5025 4994 5017 
3 5002 4999 5001 
3 4996 4995 5013 
3 5003 5027 4975 
3 4987 4975 5027 
3 4993 5021 5005 
3 4956 5025 5001 
3 5006 5013 5028 
3 5002 5029 4989 
3 5019 4966 4980 
3 5018 5016 5008 
3 4988 5004 5017 
3 5006 5028 4978 
3 5030 4989 5029 
3 5030 5031 4989 
3 4981 4979 5032 
3 5033 4998 4978 
3 5011 4989 5031 
3 4977 5010 5009 
3 4986 5034 5004 
3 4974 4998 5021 
3 4978 5035 5033 
3 4981 5032 5036 
3 5015 4987 5037 
3 5012 5034 4986 
3 4978 5038 5035 
3 4995 5039 5013 
3 5027 5037 4987 
3 5028 5038 4978 
3 5032 4979 5040 
3 5003 4981 5036 
3 5022 4991 5023 
3 5037 5041 5015 
3 5042 5010 4977 
3 5043 4983 5024 
3 5012 4983 5043 
3 5044 5004 5034 
3 5028 5045 5038 
3 5028 5046 5045 
3 5014 5011 5031 
3 5047 5000 5022 
3 5042 4977 5020 
3 5016 5024 5007 
3 5048 5038 5045 
3 5045 5049 5048 
3 5049 5045 5046 
3 5046 5048 5049 
3 5048 5046 5028 
3 5039 4995 5019 
3 5027 5003 5050 
3 5051 5023 4997 
3 4992 5052 5018 
3 5044 5017 5004 
3 5047 4980 5000 
3 5020 5015 5041 
3 5028 5013 5048 
3 5010 5051 4997 
3 5052 4992 5005 
3 5002 5001 5053 
3 5026 5054 4979 
3 5055 5010 5042 
3 5056 5016 5018 
3 5057 5005 5021 
3 5058 5048 5013 
3 5040 4979 5054 
3 5032 5040 5036 
3 5059 5047 5022 
3 5022 5023 5060 
3 5024 5061 5043 
3 5024 5016 5061 
3 5048 5058 5038 
3 5062 5019 4980 
3 5036 5050 5003 
3 5027 5050 5037 
3 5042 5020 5055 
3 5010 5055 5051 
3 5012 5043 5063 
3 5063 5034 5012 
3 5064 5013 5039 
3 5065 5039 5019 
3 5020 5041 5055 
3 5017 5044 5066 
3 5021 4998 5033 
3 5038 5067 5035 
3 5067 5038 5058 
3 5059 5022 5060 
3 5062 4980 5047 
3 5068 5044 5034 
3 5053 5029 5002 
3 5067 5069 5035 
3 5067 5058 5069 
3 5019 5062 5065 
3 5070 5005 5057 
3 5001 5025 5071 
3 5013 5064 5058 
3 5014 5031 5072 
3 5036 5040 5073 
3 5056 5018 5052 
3 5068 5034 5063 
3 5074 5035 5069 
3 5059 5060 5075 
3 5051 5055 5076 
3 5025 5017 5066 
3 5066 5071 5025 
3 5077 5021 5033 
3 5074 5069 5058 
3 5059 5078 5047 
3 5036 5079 5050 
3 5016 5080 5061 
3 5057 5021 5077 
3 5081 5053 5001 
3 5033 5035 5074 
3 5058 5082 5074 
3 5023 5083 5060 
3 5037 5050 5084 
3 5005 5070 5052 
3 5085 5081 5001 
3 5053 5086 5029 
3 5083 5023 5087 
3 5051 5087 5023 
3 5055 5041 5076 
3 5039 5065 5064 
3 5072 5031 5088 
3 5078 5062 5047 
3 5036 5073 5089 
3 5051 5076 5090 
3 5056 5080 5016 
3 5071 5085 5001 
3 5091 5033 5074 
3 5029 5086 5030 
3 5031 5030 5088 
3 5092 5058 5064 
3 5078 5059 5075 
3 5087 5051 5090 
3 5014 5072 5026 
3 5062 5078 5093 
3 5084 5041 5037 
3 5094 5063 5043 
3 5079 5036 5089 
3 5095 5068 5063 
3 5033 5091 5077 
3 5081 5086 5053 
3 5096 5030 5086 
3 5088 5030 5096 
3 5076 5041 5097 
3 5094 5043 5061 
3 5095 5063 5094 
3 5098 5085 5071 
3 5075 5099 5078 
3 5100 5056 5052 
3 5068 5101 5044 
3 5057 5077 5070 
3 5092 5082 5058 
3 5040 5054 5073 
3 5084 5050 5079 
3 5076 5097 5090 
3 5102 5061 5080 
3 5091 5103 5077 
3 5083 5087 5104 
3 5056 5105 5080 
3 5066 5106 5071 
3 5106 5098 5071 
3 5086 5081 5085 
3 5072 5054 5026 
3 5073 5079 5089 
3 5075 5060 5099 
3 5107 5052 5070 
3 5101 5066 5044 
3 5077 5108 5070 
3 5103 5091 5074 
3 5054 5072 5109 
3 5110 5041 5084 
3 5105 5111 5080 
3 5056 5100 5105 
3 5095 5112 5068 
3 5101 5068 5112 
3 5073 5054 5113 
3 5041 5114 5097 
3 5090 5097 5114 
3 5061 5102 5094 
3 5111 5102 5080 
3 5115 5064 5065 
3 5062 5093 5065 
3 5052 5107 5100 
3 5116 5106 5066 
3 5082 5117 5074 
3 5115 5092 5064 
3 5072 5088 5118 
3 5104 5099 5083 
3 5099 5060 5083 
3 5119 5041 5110 
3 5092 5120 5082 
3 5121 5065 5093 
3 5074 5117 5103 
3 5122 5096 5086 
3 5078 5123 5093 
3 5114 5041 5119 
3 5124 5114 5119 
3 5125 5095 5094 
3 5070 5126 5107 
3 5086 5085 5122 
3 5109 5113 5054 
3 5090 5114 5124 
3 5101 5116 5066 
3 5117 5082 5120 
3 5115 5065 5121 
3 5073 5127 5079 
3 5090 5128 5087 
3 5129 5077 5103 
3 5118 5088 5096 
3 5072 5118 5130 
3 5123 5078 5099 
3 5131 5107 5126 
3 5085 5098 5132 
3 5122 5118 5096 
3 5115 5120 5092 
3 5133 5121 5093 
3 5073 5113 5134 
3 5128 5104 5087 
3 5095 5125 5112 
3 5100 5107 5131 
3 5101 5112 5135 
3 5129 5108 5077 
3 5109 5136 5113 
3 5090 5124 5128 
3 5094 5137 5125 
3 5070 5108 5138 
3 5130 5109 5072 
3 5079 5139 5084 
3 5128 5124 5140 
3 5073 5134 5127 
3 5104 5141 5099 
3 5084 5139 5110 
3 5119 5140 5124 
3 5101 5142 5116 
3 5138 5126 5070 
3 5122 5085 5132 
3 5093 5123 5133 
3 5143 5094 5102 
3 5138 5131 5126 
3 5144 5098 5106 
3 5139 5079 5127 
3 5145 5119 5110 
3 5128 5146 5104 
3 5119 5147 5140 
3 5137 5094 5143 
3 5101 5135 5142 
3 5144 5132 5098 
3 5129 5103 5117 
3 5134 5113 5136 
3 5147 5128 5140 
3 5148 5111 5105 
3 5148 5105 5100 
3 5104 5146 5141 
3 5116 5149 5106 
3 5122 5132 5150 
3 5118 5122 5150 
3 5118 5151 5130 
3 5109 5130 5152 
3 5121 5133 5153 
3 5154 5133 5123 
3 5145 5110 5139 
3 5111 5143 5102 
3 5153 5115 5121 
3 5134 5136 5155 
3 5147 5119 5156 
3 5128 5157 5146 
3 5128 5147 5157 
3 5131 5158 5100 
3 5120 5159 5117 
3 5141 5160 5099 
3 5108 5129 5161 
3 5144 5106 5149 
3 5115 5162 5120 
3 5135 5112 5125 
3 5117 5163 5129 
3 5133 5164 5153 
3 5165 5123 5099 
3 5099 5160 5165 
3 5157 5147 5156 
3 5108 5161 5138 
3 5152 5130 5151 
3 5156 5119 5166 
3 5100 5158 5148 
3 5167 5142 5135 
3 5120 5162 5159 
3 5145 5166 5119 
3 5111 5168 5143 
3 5111 5148 5168 
3 5138 5169 5131 
3 5149 5116 5170 
3 5132 5144 5171 
3 5155 5172 5134 
3 5127 5134 5172 
3 5173 5146 5157 
3 5174 5148 5158 
3 5150 5175 5118 
3 5152 5176 5109 
3 5136 5109 5176 
3 5123 5165 5154 
3 5127 5172 5139 
3 5173 5141 5146 
3 5143 5168 5177 
3 5116 5142 5170 
3 5138 5161 5169 
3 5163 5117 5159 
3 5178 5137 5143 
3 5178 5179 5137 
3 5179 5125 5137 
3 5167 5170 5142 
3 5180 5139 5172 
3 5139 5180 5145 
3 5125 5181 5135 
3 5162 5115 5153 
3 5155 5136 5176 
3 5173 5182 5141 
3 5166 5157 5156 
3 5164 5133 5154 
3 5160 5183 5165 
3 5148 5184 5168 
3 5181 5125 5179 
3 5150 5132 5171 
3 5131 5169 5158 
3 5160 5141 5183 
3 5150 5185 5175 
3 5186 5154 5165 
3 5183 5141 5182 
3 5166 5145 5187 
3 5173 5157 5188 
3 5188 5189 5173 
3 5143 5177 5178 
3 5190 5118 5175 
3 5188 5157 5166 
3 5191 5178 5177 
3 5149 5170 5192 
3 5151 5118 5190 
3 5145 5180 5193 
3 5187 5145 5193 
3 5194 5161 5129 
3 5163 5195 5129 
3 5155 5176 5196 
3 5197 5164 5154 
3 5154 5186 5197 
3 5165 5183 5186 
3 5189 5182 5173 
3 5188 5166 5187 
3 5168 5184 5177 
3 5192 5170 5167 
3 5149 5171 5144 
3 5198 5159 5162 
3 5153 5199 5162 
3 5191 5177 5184 
3 5161 5194 5169 
3 5153 5164 5199 
3 5184 5148 5174 
3 5200 5174 5158 
3 5163 5159 5201 
3 5152 5151 5202 
3 5155 5203 5172 
3 5195 5163 5201 
3 5171 5204 5150 
3 5175 5205 5190 
3 5176 5152 5206 
3 5180 5172 5203 
3 5185 5150 5204 
3 5185 5205 5175 
3 5162 5199 5198 
3 5171 5149 5207 
3 5189 5188 5208 
3 5192 5207 5149 
3 5204 5171 5209 
3 5210 5151 5190 
3 5196 5176 5206 
3 5183 5182 5211 
3 5200 5184 5174 
3 5202 5212 5152 
3 5164 5213 5199 
3 5189 5214 5182 
3 5169 5215 5158 
3 5129 5195 5194 
3 5216 5180 5203 
3 5180 5217 5193 
3 5187 5208 5188 
3 5135 5181 5167 
3 5158 5215 5200 
3 5210 5202 5151 
3 5155 5196 5203 
3 5217 5218 5193 
3 5208 5219 5189 
3 5220 5179 5178 
3 5221 5207 5192 
3 5179 5220 5222 
3 5179 5222 5181 
3 5223 5201 5159 
3 5206 5224 5196 
3 5214 5189 5219 
3 5183 5211 5225 
3 5214 5211 5182 
3 5178 5191 5220 
3 5181 5226 5167 
3 5195 5201 5227 
3 5196 5224 5203 
3 5228 5197 5186 
3 5217 5180 5216 
3 5184 5229 5191 
3 5230 5184 5200 
3 5226 5192 5167 
3 5194 5231 5169 
3 5204 5232 5185 
3 5223 5159 5198 
3 5210 5190 5205 
3 5225 5186 5183 
3 5193 5233 5187 
3 5219 5234 5214 
3 5215 5169 5231 
3 5211 5214 5234 
3 5226 5181 5235 
3 5236 5200 5215 
3 5237 5198 5199 
3 5210 5212 5202 
3 5237 5199 5238 
3 5164 5197 5213 
3 5218 5233 5193 
3 5233 5208 5187 
3 5209 5171 5207 
3 5205 5185 5232 
3 5199 5213 5238 
3 5206 5152 5212 
3 5225 5211 5239 
3 5208 5240 5219 
3 5224 5241 5203 
3 5242 5219 5240 
3 5184 5230 5229 
3 5226 5221 5192 
3 5195 5227 5243 
3 5204 5209 5244 
3 5223 5198 5237 
3 5197 5245 5213 
3 5245 5197 5228 
3 5241 5216 5203 
3 5195 5243 5194 
3 5234 5219 5242 
3 5181 5222 5235 
3 5201 5223 5227 
3 5206 5212 5246 
3 5211 5234 5239 
3 5233 5240 5208 
3 5191 5229 5220 
3 5244 5232 5204 
3 5228 5186 5225 
3 5247 5227 5223 
3 5248 5217 5216 
3 5229 5249 5220 
3 5220 5250 5222 
3 5227 5247 5243 
3 5248 5251 5217 
3 5251 5218 5217 
3 5215 5252 5236 
3 5205 5232 5210 
3 5200 5236 5230 
3 5213 5245 5238 
3 5234 5242 5239 
3 5194 5243 5253 
3 5254 5223 5237 
3 5210 5255 5212 
3 5256 5242 5240 
3 5222 5250 5235 
3 5207 5221 5257 
3 5209 5207 5258 
3 5256 5239 5242 
3 5235 5259 5226 
3 5215 5231 5252 
3 5233 5260 5240 
3 5261 5230 5236 
3 5235 5250 5262 
3 5263 5244 5209 
3 5246 5224 5206 
3 5216 5241 5264 
3 5236 5265 5261 
3 5266 5247 5223 
3 5237 5267 5254 
3 5265 5236 5252 
3 5238 5267 5237 
3 5267 5238 5245 
3 5268 5229 5230 
3 5221 5226 5259 
3 5258 5207 5257 
3 5194 5253 5231 
3 5258 5263 5209 
3 5232 5269 5210 
3 5269 5255 5210 
3 5246 5270 5224 
3 5264 5248 5216 
3 5251 5233 5218 
3 5243 5271 5253 
3 5266 5223 5254 
3 5212 5255 5246 
3 5221 5259 5257 
3 5272 5231 5253 
3 5247 5271 5243 
3 5220 5273 5250 
3 5274 5259 5235 
3 5244 5263 5275 
3 5232 5244 5275 
3 5228 5276 5277 
3 5228 5277 5245 
3 5241 5224 5264 
3 5251 5260 5233 
3 5273 5220 5249 
3 5245 5277 5267 
3 5278 5225 5239 
3 5279 5239 5256 
3 5256 5240 5280 
3 5281 5250 5273 
3 5230 5261 5268 
3 5235 5262 5274 
3 5275 5282 5232 
3 5247 5266 5283 
3 5281 5273 5249 
3 5231 5272 5252 
3 5228 5225 5284 
3 5260 5280 5240 
3 5272 5285 5252 
3 5269 5232 5282 
3 5255 5269 5286 
3 5255 5286 5246 
3 5225 5278 5284 
3 5252 5285 5265 
3 5264 5224 5270 
3 5228 5284 5276 
3 5268 5261 5287 
3 5259 5288 5257 
3 5248 5264 5289 
3 5290 5251 5248 
3 5291 5280 5260 
3 5262 5250 5281 
3 5292 5272 5253 
3 5293 5266 5254 
3 5254 5267 5293 
3 5251 5294 5295 
3 5239 5296 5278 
3 5260 5251 5295 
3 5249 5229 5268 
3 5288 5297 5257 
3 5297 5258 5257 
3 5275 5263 5298 
3 5290 5294 5251 
3 5284 5278 5296 
3 5260 5295 5299 
3 5296 5239 5279 
3 5268 5287 5249 
3 5300 5259 5274 
3 5298 5263 5258 
3 5247 5283 5271 
3 5264 5270 5301 
3 5248 5289 5290 
3 5279 5256 5302 
3 5280 5302 5256 
3 5303 5285 5272 
3 5291 5302 5280 
3 5259 5300 5288 
3 5304 5298 5258 
3 5260 5299 5291 
3 5305 5262 5281 
3 5274 5262 5300 
3 5304 5258 5297 
3 5306 5283 5266 
3 5289 5264 5301 
3 5292 5303 5272 
3 5269 5307 5286 
3 5308 5267 5277 
3 5249 5309 5281 
3 5309 5249 5287 
3 5310 5292 5253 
3 5271 5311 5253 
3 5279 5302 5312 
3 5313 5261 5265 
3 5298 5282 5275 
3 5314 5290 5289 
3 5284 5296 5315 
3 5316 5293 5267 
3 5317 5276 5284 
3 5287 5318 5309 
3 5253 5311 5310 
3 5282 5307 5269 
3 5305 5300 5262 
3 5319 5266 5293 
3 5316 5319 5293 
3 5313 5287 5261 
3 5285 5303 5320 
3 5311 5321 5310 
3 5321 5311 5271 
3 5321 5271 5283 
3 5270 5246 5322 
3 5284 5315 5317 
3 5295 5323 5299 
3 5291 5312 5302 
3 5285 5320 5265 
3 5300 5324 5288 
3 5286 5325 5246 
3 5326 5294 5290 
3 5296 5279 5327 
3 5328 5303 5292 
3 5292 5310 5328 
3 5329 5277 5330 
3 5277 5276 5330 
3 5314 5326 5290 
3 5295 5294 5323 
3 5291 5299 5331 
3 5312 5327 5279 
3 5305 5281 5332 
3 5313 5318 5287 
3 5319 5306 5266 
3 5294 5326 5333 
3 5323 5331 5299 
3 5296 5327 5334 
3 5335 5265 5320 
3 5310 5321 5328 
3 5307 5282 5336 
3 5267 5308 5316 
3 5308 5277 5329 
3 5276 5317 5330 
3 5296 5334 5315 
3 5331 5337 5291 
3 5337 5327 5312 
3 5300 5305 5338 
3 5265 5339 5313 
3 5304 5297 5340 
3 5298 5341 5282 
3 5342 5306 5319 
3 5312 5291 5337 
3 5281 5309 5332 
3 5265 5335 5339 
3 5340 5343 5304 
3 5298 5304 5343 
3 5270 5322 5344 
3 5288 5340 5297 
3 5325 5286 5307 
3 5325 5322 5246 
3 5328 5320 5303 
3 5344 5301 5270 
3 5289 5301 5314 
3 5337 5334 5327 
3 5345 5305 5332 
3 5305 5346 5338 
3 5335 5320 5328 
3 5314 5301 5347 
3 5301 5344 5347 
3 5335 5328 5348 
3 5283 5349 5321 
3 5336 5282 5341 
3 5326 5350 5333 
3 5323 5294 5333 
3 5329 5316 5308 
3 5347 5351 5314 
3 5314 5350 5326 
3 5352 5334 5337 
3 5353 5332 5309 
3 5345 5346 5305 
3 5325 5307 5354 
3 5350 5355 5333 
3 5337 5331 5352 
3 5300 5338 5324 
3 5356 5288 5324 
3 5357 5328 5321 
3 5283 5358 5349 
3 5358 5283 5306 
3 5333 5355 5323 
3 5359 5343 5340 
3 5343 5360 5298 
3 5341 5361 5336 
3 5336 5361 5307 
3 5354 5307 5361 
3 5317 5315 5362 
3 5363 5318 5313 
3 5356 5340 5288 
3 5357 5348 5328 
3 5342 5358 5306 
3 5364 5322 5325 
3 5330 5365 5329 
3 5309 5366 5353 
3 5366 5309 5367 
3 5367 5309 5318 
3 5368 5345 5332 
3 5313 5339 5363 
3 5369 5347 5344 
3 5330 5317 5365 
3 5315 5334 5362 
3 5325 5354 5364 
3 5314 5351 5350 
3 5352 5331 5370 
3 5371 5367 5318 
3 5360 5343 5372 
3 5373 5316 5329 
3 5334 5352 5374 
3 5368 5332 5366 
3 5375 5338 5346 
3 5372 5343 5359 
3 5376 5319 5316 
3 5344 5322 5377 
3 5317 5362 5378 
3 5379 5331 5323 
3 5362 5334 5374 
3 5318 5380 5371 
3 5366 5332 5353 
3 5316 5373 5376 
3 5347 5369 5381 
3 5379 5323 5355 
3 5379 5370 5331 
3 5375 5324 5338 
3 5382 5335 5348 
3 5356 5359 5340 
3 5369 5344 5377 
3 5366 5367 5371 
3 5345 5375 5346 
3 5382 5348 5357 
3 5321 5349 5383 
3 5360 5341 5298 
3 5358 5384 5349 
3 5317 5378 5365 
3 5385 5366 5371 
3 5339 5386 5363 
3 5358 5342 5384 
3 5376 5342 5319 
3 5369 5377 5381 
3 5352 5387 5374 
3 5383 5357 5321 
3 5342 5388 5384 
3 5377 5322 5364 
3 5329 5365 5389 
3 5351 5347 5390 
3 5362 5374 5391 
3 5370 5387 5352 
3 5371 5380 5385 
3 5318 5392 5380 
3 5363 5392 5318 
3 5345 5368 5375 
3 5361 5341 5393 
3 5388 5342 5376 
3 5354 5394 5364 
3 5395 5324 5375 
3 5387 5391 5374 
3 5385 5396 5366 
3 5364 5397 5377 
3 5359 5356 5398 
3 5392 5363 5386 
3 5324 5395 5398 
3 5329 5389 5373 
3 5399 5350 5351 
3 5355 5400 5379 
3 5387 5370 5401 
3 5366 5396 5368 
3 5356 5324 5398 
3 5402 5339 5335 
3 5381 5390 5347 
3 5379 5400 5370 
3 5386 5339 5402 
3 5385 5403 5396 
3 5403 5385 5380 
3 5392 5404 5380 
3 5375 5368 5405 
3 5406 5354 5361 
3 5402 5335 5382 
3 5362 5407 5378 
3 5355 5350 5399 
3 5396 5405 5368 
3 5360 5393 5341 
3 5394 5354 5406 
3 5400 5408 5370 
3 5401 5370 5408 
3 5394 5397 5364 
3 5404 5403 5380 
3 5409 5382 5357 
3 5359 5410 5372 
3 5360 5372 5410 
3 5411 5383 5349 
3 5387 5401 5412 
3 5413 5395 5375 
3 5409 5357 5383 
3 5388 5414 5384 
3 5393 5406 5361 
3 5351 5390 5399 
3 5378 5415 5365 
3 5391 5387 5412 
3 5416 5373 5389 
3 5417 5355 5399 
3 5355 5417 5400 
3 5391 5407 5362 
3 5418 5398 5395 
3 5419 5382 5409 
3 5410 5420 5360 
3 5421 5349 5384 
3 5373 5416 5376 
3 5381 5377 5397 
3 5378 5407 5415 
3 5420 5422 5360 
3 5422 5393 5360 
3 5349 5421 5411 
3 5423 5388 5376 
3 5408 5412 5401 
3 5396 5403 5404 
3 5402 5382 5419 
3 5398 5424 5359 
3 5390 5381 5425 
3 5426 5391 5412 
3 5405 5413 5375 
3 5421 5384 5414 
3 5423 5414 5388 
3 5389 5365 5427 
3 5399 5390 5425 
3 5407 5391 5428 
3 5396 5429 5405 
3 5418 5395 5413 
3 5423 5376 5416 
3 5430 5417 5399 
3 5429 5396 5404 
3 5431 5383 5411 
3 5432 5404 5392 
3 5433 5386 5434 
3 5410 5359 5435 
3 5436 5381 5397 
3 5415 5427 5365 
3 5430 5399 5425 
3 5391 5426 5428 
3 5386 5402 5434 
3 5437 5409 5383 
3 5389 5427 5438 
3 5408 5439 5412 
3 5426 5412 5439 
3 5386 5433 5392 
3 5409 5437 5419 
3 5383 5431 5437 
3 5432 5440 5404 
3 5398 5418 5441 
3 5435 5359 5424 
3 5414 5442 5421 
3 5397 5394 5436 
3 5426 5439 5428 
3 5392 5443 5432 
3 5422 5444 5393 
3 5445 5406 5393 
3 5415 5446 5427 
3 5415 5407 5446 
3 5400 5417 5447 
3 5404 5440 5429 
3 5448 5443 5392 
3 5441 5424 5398 
3 5421 5431 5411 
3 5406 5449 5394 
3 5433 5434 5450 
3 5451 5450 5434 
3 5451 5434 5402 
3 5439 5407 5428 
3 5432 5443 5452 
3 5433 5450 5392 
3 5444 5445 5393 
3 5425 5453 5430 
3 5408 5400 5454 
3 5455 5429 5440 
3 5432 5456 5440 
3 5405 5457 5413 
3 5457 5405 5429 
3 5458 5419 5437 
3 5406 5445 5459 
3 5454 5400 5447 
3 5402 5419 5460 
3 5420 5461 5422 
3 5414 5423 5442 
3 5462 5423 5416 
3 5449 5436 5394 
3 5438 5427 5463 
3 5452 5443 5448 
3 5392 5450 5448 
3 5464 5418 5413 
3 5464 5465 5418 
3 5435 5420 5410 
3 5430 5447 5417 
3 5439 5408 5466 
3 5452 5456 5432 
3 5441 5418 5465 
3 5421 5467 5431 
3 5468 5407 5439 
3 5451 5402 5460 
3 5444 5422 5461 
3 5421 5442 5467 
3 5381 5469 5425 
3 5427 5446 5463 
3 5446 5407 5470 
3 5459 5449 5406 
3 5436 5469 5381 
3 5466 5408 5454 
3 5471 5458 5437 
3 5431 5471 5437 
3 5461 5420 5472 
3 5430 5473 5447 
3 5464 5413 5457 
3 5419 5458 5460 
3 5474 5420 5435 
3 5416 5389 5438 
3 5475 5429 5455 
3 5457 5429 5476 
3 5471 5431 5467 
3 5477 5462 5416 
3 5478 5416 5438 
3 5429 5475 5476 
3 5460 5450 5451 
3 5474 5472 5420 
3 5479 5445 5444 
3 5454 5447 5480 
3 5481 5455 5440 
3 5440 5456 5481 
3 5442 5423 5462 
3 5478 5438 5463 
3 5407 5468 5470 
3 5476 5464 5457 
3 5482 5458 5471 
3 5449 5459 5483 
3 5469 5436 5484 
3 5466 5485 5439 
3 5448 5486 5452 
3 5450 5486 5448 
3 5487 5463 5446 
3 5454 5488 5466 
3 5488 5485 5466 
3 5485 5468 5439 
3 5441 5489 5424 
3 5489 5435 5424 
3 5490 5442 5462 
3 5479 5459 5445 
3 5453 5425 5491 
3 5430 5453 5473 
3 5475 5455 5481 
3 5474 5435 5492 
3 5493 5467 5442 
3 5416 5478 5477 
3 5436 5449 5484 
3 5487 5446 5470 
3 5473 5494 5447 
3 5456 5452 5486 
3 5495 5460 5458 
3 5467 5493 5471 
3 5486 5450 5460 
3 5496 5441 5465 
3 5469 5491 5425 
3 5492 5435 5497 
3 5461 5498 5444 
3 5449 5483 5499 
3 5484 5449 5499 
3 5454 5480 5488 
3 5472 5498 5461 
3 5444 5498 5479 
3 5478 5463 5500 
3 5447 5501 5480 
3 5502 5476 5475 
3 5458 5482 5495 
3 5472 5474 5492 
3 5479 5483 5459 
3 5478 5503 5477 
3 5500 5463 5487 
3 5502 5475 5481 
3 5484 5504 5469 
3 5453 5505 5473 
3 5494 5473 5505 
3 5502 5481 5506 
3 5506 5481 5456 
3 5489 5497 5435 
3 5494 5501 5447 
3 5460 5507 5486 
3 5489 5441 5496 
3 5477 5508 5462 
3 5503 5478 5500 
3 5480 5509 5488 
3 5486 5506 5456 
3 5492 5510 5472 
3 5468 5511 5470 
3 5464 5512 5465 
3 5512 5496 5465 
3 5462 5508 5490 
3 5505 5453 5491 
3 5513 5476 5502 
3 5471 5493 5482 
3 5442 5514 5493 
3 5509 5485 5488 
3 5464 5476 5515 
3 5499 5516 5484 
3 5501 5517 5480 
3 5509 5480 5517 
3 5487 5518 5500 
3 5485 5511 5468 
3 5476 5519 5515 
3 5520 5495 5482 
3 5510 5498 5472 
3 5490 5514 5442 
3 5508 5477 5503 
3 5521 5487 5470 
3 5522 5511 5485 
3 5519 5476 5513 
3 5464 5515 5512 
3 5493 5523 5482 
3 5479 5524 5483 
3 5524 5499 5483 
3 5504 5491 5469 
3 5487 5521 5518 
3 5470 5511 5521 
3 5509 5525 5485 
3 5506 5526 5502 
3 5510 5527 5498 
3 5500 5518 5503 
3 5484 5516 5504 
3 5525 5522 5485 
3 5528 5506 5486 
3 5479 5498 5529 
3 5525 5509 5517 
3 5530 5513 5502 
3 5514 5523 5493 
3 5530 5519 5513 
3 5512 5515 5531 
3 5520 5482 5523 
3 5486 5507 5532 
3 5496 5533 5489 
3 5497 5489 5533 
3 5494 5517 5501 
3 5525 5517 5534 
3 5522 5525 5534 
3 5505 5491 5535 
3 5517 5494 5536 
3 5526 5506 5528 
3 5515 5537 5531 
3 5538 5460 5495 
3 5524 5479 5529 
3 5516 5539 5504 
3 5502 5540 5530 
3 5532 5528 5486 
3 5537 5515 5519 
3 5538 5507 5460 
3 5510 5492 5541 
3 5542 5499 5524 
3 5503 5518 5543 
3 5494 5505 5544 
3 5502 5526 5540 
3 5496 5512 5533 
3 5545 5520 5523 
3 5527 5529 5498 
3 5490 5546 5514 
3 5495 5545 5538 
3 5516 5499 5547 
3 5491 5504 5539 
3 5548 5507 5538 
3 5545 5495 5520 
3 5492 5497 5549 
3 5541 5492 5549 
3 5514 5546 5550 
3 5551 5490 5508 
3 5503 5551 5508 
3 5534 5552 5522 
3 5551 5503 5543 
3 5516 5547 5553 
3 5490 5551 5546 
3 5539 5535 5491 
3 5554 5552 5534 
3 5555 5497 5533 
3 5541 5556 5510 
3 5539 5516 5557 
3 5534 5517 5554 
3 5531 5558 5512 
3 5533 5512 5558 
3 5519 5530 5559 
3 5559 5537 5519 
3 5560 5523 5514 
3 5542 5547 5499 
3 5561 5518 5521 
3 5552 5554 5562 
3 5563 5528 5532 
3 5533 5558 5555 
3 5564 5548 5538 
3 5522 5565 5511 
3 5517 5536 5566 
3 5554 5517 5562 
3 5527 5510 5556 
3 5511 5567 5521 
3 5565 5567 5511 
3 5522 5552 5565 
3 5568 5494 5544 
3 5528 5563 5526 
3 5507 5548 5532 
3 5524 5529 5569 
3 5535 5570 5505 
3 5568 5536 5494 
3 5532 5548 5563 
3 5555 5549 5497 
3 5544 5505 5570 
3 5571 5565 5552 
3 5552 5562 5571 
3 5562 5517 5566 
3 5530 5540 5559 
3 5572 5537 5559 
3 5573 5545 5523 
3 5514 5574 5560 
3 5542 5524 5569 
3 5568 5575 5536 
3 5518 5561 5543 
3 5538 5545 5564 
3 5561 5521 5567 
3 5544 5576 5568 
3 5575 5566 5536 
3 5558 5531 5577 
3 5541 5549 5556 
3 5514 5550 5574 
3 5542 5569 5578 
3 5578 5547 5542 
3 5576 5544 5570 
3 5566 5571 5562 
3 5577 5531 5537 
3 5556 5579 5527 
3 5553 5557 5516 
3 5557 5580 5539 
3 5581 5535 5539 
3 5582 5559 5540 
3 5583 5540 5526 
3 5583 5526 5563 
3 5572 5577 5537 
3 5584 5546 5551 
3 5578 5569 5585 
3 5543 5586 5551 
3 5587 5563 5548 
3 5558 5588 5555 
3 5589 5545 5573 
3 5529 5527 5569 
3 5546 5584 5550 
3 5582 5540 5583 
3 5545 5589 5564 
3 5550 5590 5574 
3 5569 5527 5579 
3 5567 5591 5561 
3 5578 5592 5547 
3 5581 5570 5535 
3 5575 5568 5593 
3 5563 5594 5583 
3 5563 5587 5594 
3 5555 5595 5549 
3 5574 5590 5560 
3 5596 5584 5551 
3 5592 5553 5547 
3 5543 5597 5586 
3 5566 5575 5593 
3 5577 5588 5558 
3 5573 5523 5560 
3 5598 5567 5565 
3 5566 5599 5571 
3 5550 5584 5590 
3 5596 5551 5586 
3 5543 5561 5597 
3 5581 5539 5580 
3 5576 5600 5568 
3 5566 5593 5599 
3 5556 5549 5601 
3 5592 5578 5585 
3 5576 5570 5602 
3 5560 5603 5573 
3 5567 5598 5591 
3 5602 5570 5581 
3 5598 5565 5571 
3 5577 5604 5588 
3 5588 5605 5555 
3 5568 5600 5593 
3 5582 5583 5606 
3 5595 5555 5605 
3 5569 5579 5607 
3 5604 5577 5572 
3 5608 5548 5564 
3 5580 5557 5609 
3 5600 5610 5593 
3 5611 5572 5559 
3 5603 5589 5573 
3 5612 5585 5569 
3 5591 5597 5561 
3 5571 5599 5613 
3 5559 5582 5611 
3 5614 5604 5572 
3 5595 5615 5549 
3 5603 5560 5616 
3 5589 5608 5564 
3 5612 5569 5607 
3 5592 5617 5553 
3 5553 5609 5557 
3 5599 5593 5610 
3 5618 5583 5594 
3 5614 5572 5611 
3 5590 5616 5560 
3 5619 5576 5602 
3 5606 5583 5618 
3 5620 5587 5548 
3 5621 5548 5608 
3 5615 5601 5549 
3 5613 5599 5610 
3 5553 5622 5609 
3 5594 5620 5618 
3 5620 5594 5587 
3 5548 5621 5620 
3 5623 5584 5596 
3 5617 5622 5553 
3 5624 5585 5612 
3 5597 5591 5625 
3 5602 5581 5626 
3 5619 5600 5576 
3 5627 5611 5582 
3 5592 5585 5624 
3 5571 5628 5598 
3 5588 5629 5605 
3 5630 5616 5590 
3 5631 5591 5598 
3 5580 5632 5581 
3 5571 5613 5628 
3 5605 5633 5595 
3 5579 5556 5634 
3 5607 5579 5635 
3 5623 5596 5586 
3 5631 5625 5591 
3 5602 5626 5619 
3 5600 5636 5610 
3 5611 5627 5637 
3 5638 5606 5618 
3 5611 5637 5614 
3 5639 5608 5589 
3 5584 5623 5640 
3 5641 5623 5586 
3 5625 5586 5597 
3 5642 5628 5613 
3 5613 5610 5643 
3 5640 5590 5584 
3 5626 5581 5632 
3 5626 5644 5619 
3 5582 5606 5627 
3 5645 5588 5604 
3 5633 5605 5629 
3 5601 5634 5556 
3 5579 5634 5635 
3 5628 5646 5598 
3 5643 5610 5636 
3 5601 5647 5634 
3 5624 5617 5592 
3 5586 5625 5641 
3 5588 5645 5629 
3 5639 5589 5603 
3 5648 5615 5595 
3 5649 5616 5630 
3 5650 5590 5640 
3 5609 5632 5580 
3 5638 5627 5606 
3 5604 5614 5637 
3 5607 5651 5612 
3 5652 5600 5619 
3 5636 5600 5652 
3 5643 5636 5653 
3 5643 5642 5613 
3 5615 5654 5601 
3 5635 5651 5607 
3 5642 5643 5653 
3 5590 5650 5630 
3 5631 5598 5655 
3 5626 5632 5656 
3 5642 5646 5628 
3 5608 5657 5621 
3 5648 5595 5633 
3 5624 5612 5658 
3 5631 5659 5625 
3 5657 5608 5639 
3 5651 5658 5612 
3 5652 5619 5644 
3 5642 5660 5646 
3 5661 5633 5629 
3 5661 5648 5633 
3 5631 5655 5659 
3 5655 5598 5646 
3 5626 5656 5644 
3 5644 5662 5652 
3 5627 5663 5637 
3 5620 5664 5618 
3 5665 5639 5603 
3 5603 5666 5665 
3 5615 5648 5654 
3 5616 5649 5603 
3 5654 5647 5601 
3 5653 5636 5667 
3 5642 5653 5668 
3 5669 5627 5638 
3 5664 5638 5618 
3 5645 5604 5670 
3 5671 5672 5639 
3 5671 5639 5665 
3 5665 5673 5671 
3 5673 5665 5666 
3 5648 5674 5654 
3 5675 5634 5647 
3 5622 5676 5609 
3 5662 5636 5652 
3 5668 5653 5677 
3 5678 5627 5669 
3 5679 5661 5629 
3 5666 5671 5673 
3 5603 5680 5666 
3 5632 5609 5676 
3 5667 5636 5662 
3 5642 5668 5681 
3 5637 5670 5604 
3 5651 5635 5682 
3 5624 5658 5683 
3 5676 5622 5617 
3 5660 5684 5646 
3 5667 5677 5653 
3 5657 5639 5672 
3 5661 5674 5648 
3 5680 5603 5649 
3 5675 5635 5634 
3 5685 5630 5650 
3 5682 5658 5651 
3 5632 5686 5656 
3 5655 5646 5684 
3 5681 5668 5677 
3 5664 5620 5621 
3 5645 5687 5629 
3 5647 5654 5674 
3 5676 5688 5632 
3 5689 5621 5657 
3 5679 5674 5661 
3 5672 5671 5666 
3 5681 5690 5642 
3 5660 5642 5690 
3 5669 5638 5664 
3 5666 5680 5672 
3 5682 5635 5691 
3 5641 5625 5692 
3 5677 5690 5681 
3 5627 5678 5663 
3 5693 5670 5637 
3 5624 5683 5617 
3 5625 5659 5692 
3 5690 5677 5694 
3 5649 5630 5685 
3 5683 5658 5682 
3 5667 5695 5677 
3 5696 5637 5663 
3 5647 5674 5675 
3 5641 5697 5623 
3 5698 5617 5699 
3 5660 5690 5700 
3 5695 5701 5677 
3 5694 5677 5701 
3 5702 5664 5621 
3 5685 5650 5640 
3 5667 5662 5703 
3 5701 5690 5694 
3 5621 5689 5702 
3 5688 5676 5704 
3 5684 5705 5655 
3 5703 5695 5667 
3 5645 5670 5687 
3 5676 5617 5698 
3 5705 5659 5655 
3 5679 5629 5706 
3 5640 5623 5707 
3 5684 5660 5700 
3 5708 5703 5662 
3 5690 5701 5700 
3 5696 5663 5678 
3 5689 5657 5709 
3 5617 5683 5699 
3 5686 5632 5688 
3 5686 5644 5656 
3 5629 5687 5706 
3 5680 5649 5710 
3 5711 5685 5640 
3 5640 5707 5711 
3 5707 5623 5697 
3 5712 5676 5698 
3 5662 5644 5708 
3 5695 5700 5701 
3 5687 5713 5706 
3 5675 5691 5635 
3 5669 5714 5678 
3 5689 5715 5702 
3 5716 5709 5657 
3 5706 5674 5679 
3 5649 5685 5710 
3 5717 5682 5691 
3 5704 5676 5712 
3 5659 5705 5718 
3 5703 5719 5695 
3 5687 5670 5720 
3 5716 5657 5672 
3 5714 5669 5664 
3 5721 5672 5680 
3 5674 5722 5675 
3 5683 5682 5717 
3 5637 5723 5693 
3 5689 5709 5715 
3 5722 5691 5675 
3 5724 5705 5684 
3 5708 5719 5703 
3 5719 5700 5695 
3 5714 5725 5678 
3 5714 5664 5726 
3 5696 5723 5637 
3 5693 5720 5670 
3 5722 5674 5727 
3 5641 5692 5697 
3 5698 5728 5712 
3 5718 5692 5659 
3 5674 5706 5729 
3 5672 5721 5716 
3 5686 5688 5730 
3 5715 5709 5716 
3 5717 5691 5731 
3 5732 5729 5706 
3 5729 5733 5674 
3 5730 5688 5704 
3 5644 5686 5734 
3 5708 5644 5735 
3 5696 5678 5736 
3 5726 5664 5702 
3 5732 5706 5737 
3 5713 5737 5706 
3 5691 5722 5731 
3 5738 5711 5707 
3 5730 5734 5686 
3 5720 5693 5739 
3 5687 5720 5713 
3 5737 5740 5732 
3 5740 5741 5732 
3 5729 5732 5741 
3 5742 5680 5710 
3 5741 5740 5737 
3 5737 5729 5741 
3 5733 5727 5674 
3 5699 5683 5743 
3 5699 5744 5698 
3 5692 5718 5745 
3 5704 5712 5746 
3 5700 5747 5684 
3 5713 5729 5737 
3 5721 5680 5742 
3 5745 5697 5692 
3 5746 5712 5728 
3 5718 5705 5724 
3 5678 5725 5736 
3 5729 5713 5748 
3 5707 5749 5738 
3 5749 5707 5697 
3 5747 5724 5684 
3 5728 5698 5744 
3 5700 5719 5750 
3 5725 5714 5726 
3 5713 5720 5751 
3 5717 5752 5683 
3 5719 5708 5750 
3 5696 5753 5723 
3 5693 5723 5739 
3 5710 5754 5742 
3 5755 5710 5685 
3 5756 5731 5722 
3 5738 5685 5711 
3 5743 5683 5752 
3 5734 5735 5644 
3 5757 5750 5708 
3 5715 5716 5758 
3 5758 5716 5721 
3 5754 5710 5755 
3 5730 5704 5759 
3 5735 5757 5708 
3 5736 5760 5696 
3 5729 5761 5733 
3 5733 5761 5727 
3 5722 5727 5756 
3 5738 5755 5685 
3 5749 5697 5745 
3 5762 5718 5763 
3 5746 5759 5704 
3 5760 5753 5696 
3 5699 5764 5744 
3 5762 5745 5718 
3 5765 5728 5744 
3 5748 5766 5729 
3 5766 5761 5729 
3 5717 5731 5767 
3 5764 5765 5744 
3 5763 5718 5724 
3 5759 5768 5730 
3 5702 5769 5726 
3 5721 5770 5758 
3 5771 5756 5727 
3 5750 5772 5700 
3 5769 5702 5715 
3 5715 5758 5769 
3 5731 5756 5767 
3 5768 5734 5730 
3 5725 5760 5736 
3 5769 5773 5726 
3 5720 5739 5751 
3 5728 5765 5774 
3 5773 5725 5726 
3 5751 5775 5713 
3 5713 5775 5748 
3 5771 5727 5761 
3 5699 5743 5764 
3 5735 5734 5776 
3 5776 5757 5735 
3 5723 5753 5739 
3 5770 5721 5742 
3 5746 5728 5774 
3 5774 5759 5746 
3 5760 5777 5753 
3 5754 5778 5742 
3 5752 5717 5767 
3 5779 5724 5747 
3 5780 5749 5745 
3 5772 5781 5700 
3 5782 5739 5753 
3 5742 5778 5770 
3 5749 5780 5738 
3 5745 5783 5780 
3 5765 5784 5774 
3 5747 5700 5781 
3 5764 5784 5765 
3 5763 5724 5779 
3 5757 5772 5750 
3 5785 5751 5739 
3 5781 5779 5747 
3 5786 5773 5769 
3 5739 5782 5785 
3 5787 5775 5751 
3 5771 5761 5788 
3 5738 5789 5755 
3 5752 5767 5790 
3 5768 5776 5734 
3 5787 5751 5785 
3 5766 5748 5791 
3 5766 5792 5761 
3 5738 5780 5789 
3 5762 5783 5745 
3 5772 5757 5793 
3 5725 5794 5760 
3 5753 5777 5782 
3 5758 5795 5769 
3 5783 5762 5763 
3 5774 5796 5759 
3 5792 5788 5761 
3 5788 5797 5771 
3 5743 5752 5798 
3 5799 5793 5757 
3 5795 5758 5770 
3 5756 5771 5797 
3 5794 5777 5760 
3 5800 5794 5725 
3 5767 5756 5790 
3 5776 5799 5757 
3 5772 5801 5781 
3 5800 5725 5773 
3 5791 5748 5775 
3 5796 5768 5759 
3 5768 5802 5776 
3 5803 5777 5794 
3 5804 5795 5770 
3 5797 5805 5756 
3 5806 5743 5798 
3 5796 5774 5807 
3 5808 5787 5785 
3 5766 5791 5792 
3 5806 5809 5743 
3 5764 5743 5809 
3 5801 5779 5781 
3 5800 5773 5786 
3 5790 5756 5805 
3 5810 5755 5789 
3 5811 5768 5796 
3 5812 5769 5795 
3 5778 5813 5770 
3 5755 5810 5754 
3 5798 5752 5790 
3 5814 5792 5791 
3 5815 5788 5792 
3 5809 5784 5764 
3 5784 5807 5774 
3 5763 5779 5816 
3 5813 5804 5770 
3 5811 5796 5817 
3 5818 5799 5776 
3 5819 5775 5787 
3 5810 5778 5754 
3 5817 5796 5807 
3 5802 5818 5776 
3 5775 5814 5791 
3 5820 5763 5816 
3 5821 5782 5777 
3 5779 5801 5822 
3 5782 5821 5785 
3 5821 5808 5785 
3 5786 5769 5812 
3 5763 5823 5783 
3 5802 5768 5811 
3 5793 5824 5772 
3 5772 5824 5801 
3 5786 5825 5800 
3 5821 5826 5808 
3 5815 5797 5788 
3 5827 5780 5783 
3 5823 5763 5820 
3 5819 5787 5808 
3 5778 5828 5813 
3 5789 5780 5827 
3 5793 5799 5829 
3 5808 5826 5819 
3 5804 5813 5830 
3 5822 5816 5779 
3 5829 5824 5793 
3 5814 5775 5819 
3 5790 5831 5798 
3 5832 5825 5786 
3 5778 5810 5828 
3 5805 5833 5790 
3 5830 5795 5804 
3 5809 5834 5784 
3 5802 5811 5835 
3 5836 5822 5801 
3 5803 5821 5777 
3 5795 5837 5812 
3 5795 5830 5837 
3 5815 5792 5814 
3 5797 5838 5805 
3 5784 5839 5807 
3 5818 5802 5835 
3 5824 5836 5801 
3 5829 5840 5824 
3 5797 5841 5838 
3 5790 5833 5831 
3 5842 5783 5823 
3 5829 5799 5843 
3 5832 5786 5812 
3 5806 5844 5809 
3 5809 5844 5834 
3 5794 5800 5845 
3 5841 5797 5815 
3 5806 5798 5846 
3 5783 5842 5827 
3 5847 5813 5828 
3 5831 5846 5798 
3 5848 5844 5806 
3 5794 5845 5803 
3 5828 5810 5849 
3 5833 5805 5838 
3 5789 5850 5810 
3 5799 5818 5843 
3 5836 5824 5840 
3 5825 5851 5800 
3 5821 5803 5852 
3 5826 5853 5819 
3 5806 5846 5848 
3 5854 5803 5845 
3 5826 5821 5852 
3 5855 5841 5815 
3 5839 5784 5834 
3 5835 5856 5818 
3 5847 5830 5813 
3 5857 5828 5849 
3 5834 5844 5858 
3 5859 5823 5820 
3 5807 5860 5817 
3 5829 5861 5840 
3 5803 5854 5852 
3 5819 5853 5862 
3 5832 5812 5863 
3 5863 5812 5837 
3 5828 5857 5847 
3 5859 5842 5823 
3 5816 5859 5820 
3 5839 5860 5807 
3 5816 5822 5864 
3 5836 5864 5822 
3 5861 5829 5843 
3 5825 5865 5851 
3 5819 5862 5814 
3 5849 5810 5850 
3 5866 5827 5842 
3 5864 5867 5816 
3 5856 5843 5818 
3 5845 5800 5851 
3 5811 5817 5860 
3 5868 5835 5811 
3 5840 5869 5836 
3 5845 5851 5865 
3 5862 5870 5814 
3 5789 5827 5850 
3 5871 5811 5860 
3 5865 5825 5832 
3 5815 5814 5870 
3 5872 5837 5830 
3 5855 5873 5841 
3 5842 5859 5874 
3 5867 5859 5816 
3 5868 5811 5871 
3 5839 5834 5875 
3 5836 5869 5876 
3 5837 5877 5863 
3 5878 5848 5846 
3 5858 5875 5834 
3 5861 5843 5879 
3 5873 5838 5841 
3 5880 5846 5831 
3 5860 5839 5875 
3 5840 5861 5869 
3 5845 5865 5881 
3 5832 5882 5865 
3 5883 5855 5815 
3 5848 5878 5844 
3 5876 5864 5836 
3 5854 5884 5852 
3 5853 5826 5852 
3 5850 5827 5885 
3 5835 5868 5856 
3 5854 5845 5884 
3 5849 5886 5857 
3 5850 5886 5849 
3 5880 5831 5833 
3 5832 5863 5882 
3 5853 5887 5862 
3 5830 5847 5872 
3 5827 5866 5885 
3 5846 5888 5878 
3 5843 5856 5879 
3 5869 5861 5889 
3 5876 5869 5890 
3 5842 5874 5866 
3 5861 5879 5889 
3 5891 5852 5884 
3 5878 5858 5844 
3 5860 5875 5892 
3 5871 5893 5868 
3 5894 5857 5886 
3 5837 5872 5877 
3 5895 5863 5877 
3 5870 5883 5815 
3 5883 5896 5855 
3 5857 5897 5847 
3 5898 5886 5850 
3 5880 5888 5846 
3 5867 5899 5859 
3 5884 5900 5891 
3 5852 5891 5853 
3 5899 5874 5859 
3 5860 5901 5871 
3 5856 5868 5902 
3 5890 5903 5876 
3 5904 5865 5882 
3 5872 5895 5877 
3 5902 5868 5905 
3 5906 5887 5853 
3 5873 5855 5896 
3 5838 5907 5833 
3 5900 5845 5881 
3 5865 5904 5881 
3 5862 5887 5870 
3 5907 5880 5833 
3 5875 5858 5908 
3 5892 5901 5860 
3 5845 5900 5884 
3 5897 5872 5847 
3 5909 5885 5866 
3 5902 5879 5856 
3 5910 5903 5890 
3 5890 5869 5910 
3 5853 5891 5906 
3 5883 5870 5911 
3 5878 5912 5858 
3 5864 5913 5867 
3 5893 5905 5868 
3 5879 5914 5889 
3 5881 5915 5900 
3 5882 5863 5895 
3 5857 5894 5897 
3 5864 5876 5903 
3 5869 5889 5910 
3 5908 5858 5912 
3 5901 5893 5871 
3 5873 5916 5838 
3 5917 5850 5885 
3 5918 5878 5888 
3 5864 5919 5913 
3 5864 5903 5919 
3 5910 5889 5914 
3 5911 5870 5887 
3 5917 5898 5850 
3 5892 5875 5908 
3 5867 5913 5899 
3 5920 5901 5892 
3 5902 5921 5879 
3 5872 5922 5895 
3 5896 5923 5873 
3 5907 5838 5916 
3 5907 5924 5880 
3 5880 5924 5888 
3 5917 5885 5909 
3 5921 5914 5879 
3 5915 5881 5904 
3 5900 5925 5891 
3 5891 5925 5906 
3 5926 5896 5883 
3 5927 5872 5897 
3 5898 5928 5886 
3 5929 5874 5899 
3 5913 5930 5899 
3 5902 5931 5921 
3 5914 5921 5931 
3 5915 5932 5900 
3 5866 5874 5929 
3 5893 5901 5920 
3 5931 5902 5933 
3 5933 5934 5931 
3 5914 5931 5934 
3 5872 5927 5922 
3 5923 5935 5873 
3 5916 5873 5935 
3 5928 5894 5886 
3 5898 5936 5928 
3 5937 5933 5902 
3 5934 5938 5914 
3 5939 5903 5910 
3 5882 5895 5940 
3 5894 5941 5897 
3 5924 5942 5888 
3 5918 5888 5942 
3 5866 5929 5909 
3 5918 5912 5878 
3 5893 5943 5905 
3 5934 5933 5944 
3 5944 5938 5934 
3 5882 5945 5904 
3 5895 5922 5940 
3 5911 5926 5883 
3 5926 5923 5896 
3 5923 5946 5935 
3 5916 5935 5946 
3 5909 5947 5917 
3 5905 5937 5902 
3 5933 5938 5944 
3 5914 5939 5910 
3 5936 5898 5917 
3 5929 5899 5930 
3 5922 5948 5940 
3 5897 5949 5927 
3 5916 5950 5907 
3 5894 5928 5941 
3 5951 5903 5939 
3 5933 5952 5938 
3 5904 5953 5915 
3 5926 5911 5954 
3 5912 5955 5908 
3 5955 5892 5908 
3 5952 5933 5956 
3 5956 5957 5952 
3 5938 5952 5957 
3 5914 5938 5957 
3 5958 5900 5932 
3 5958 5925 5900 
3 5945 5882 5940 
3 5913 5959 5930 
3 5903 5951 5919 
3 5937 5905 5943 
3 5956 5933 5937 
3 5960 5917 5947 
3 5947 5909 5929 
3 5937 5961 5956 
3 5957 5956 5961 
3 5961 5962 5957 
3 5962 5963 5957 
3 5914 5957 5963 
3 5963 5964 5914 
3 5939 5914 5964 
3 5954 5965 5926 
3 5926 5965 5923 
3 5950 5916 5946 
3 5917 5960 5936 
3 5920 5892 5955 
3 5893 5920 5966 
3 5937 5943 5967 
3 5962 5961 5937 
3 5911 5887 5968 
3 5897 5941 5949 
3 5924 5907 5950 
3 5937 5963 5962 
3 5964 5963 5969 
3 5904 5945 5953 
3 5970 5968 5887 
3 5922 5927 5948 
3 5942 5912 5918 
3 5919 5959 5913 
3 5963 5971 5969 
3 5964 5969 5971 
3 5939 5964 5972 
3 5973 5958 5932 
3 5915 5973 5932 
3 5973 5915 5953 
3 5893 5966 5974 
3 5937 5971 5963 
3 5971 5975 5964 
3 5972 5964 5975 
3 5976 5906 5925 
3 5906 5970 5887 
3 5930 5977 5929 
3 5971 5972 5975 
3 5954 5911 5968 
3 5930 5959 5977 
3 5974 5943 5893 
3 5972 5971 5978 
3 5925 5958 5976 
3 5965 5946 5923 
3 5974 5979 5943 
3 5978 5971 5980 
3 5972 5978 5980 
3 5939 5972 5980 
3 5981 5970 5906 
3 5941 5982 5949 
3 5950 5983 5924 
3 5984 5955 5912 
3 5967 5943 5979 
3 5981 5906 5976 
3 5982 5941 5928 
3 5983 5985 5924 
3 5986 5936 5960 
3 5959 5919 5987 
3 5980 5988 5939 
3 5989 5940 5948 
3 5912 5942 5984 
3 5951 5990 5919 
3 5939 5990 5951 
3 5971 5988 5980 
3 5989 5945 5940 
3 5948 5927 5991 
3 5991 5927 5949 
3 5946 5983 5950 
3 5992 5960 5947 
3 5920 5955 5966 
3 5966 5993 5974 
3 5919 5990 5987 
3 5971 5937 5967 
3 5973 5994 5958 
3 5953 5945 5989 
3 5936 5986 5928 
3 5960 5992 5986 
3 5966 5955 5995 
3 5955 5984 5995 
3 5965 5954 5996 
3 5997 5994 5973 
3 5939 5998 5990 
3 5958 5994 5999 
3 5958 5999 5976 
3 5953 5997 5973 
3 5996 5954 5968 
3 5985 6000 5924 
3 6000 5942 5924 
3 5929 5977 6001 
3 6002 5970 5981 
3 5993 5979 5974 
3 6003 5948 5991 
3 5929 6001 5947 
3 5967 6004 5971 
3 6002 5968 5970 
3 5965 6005 5946 
3 5966 5995 6006 
3 5988 5998 5939 
3 5968 6002 6007 
3 6007 5996 5968 
3 6003 5989 5948 
3 6005 6008 5946 
3 5942 6009 5984 
3 5966 6006 5993 
3 6010 5953 5989 
3 6011 6005 5965 
3 5959 6012 5977 
3 6013 5949 5982 
3 5983 5946 6008 
3 6014 5928 5986 
3 6015 6009 5942 
3 6012 5959 5987 
3 5988 5971 6004 
3 5996 6016 5965 
3 6016 6011 5965 
3 6013 5991 5949 
3 6017 5986 5992 
3 5984 6018 5995 
3 6019 5988 6004 
3 5997 5953 6010 
3 5947 6001 6020 
3 5987 6021 6012 
3 5979 6022 5967 
3 6014 5982 5928 
3 5985 5983 6023 
3 6024 5990 5998 
3 6004 5967 6022 
3 6019 5998 5988 
3 5999 6025 5976 
3 5981 5976 6025 
3 6026 6010 5989 
3 5983 6008 6027 
3 5990 6024 5987 
3 5981 6028 6002 
3 6026 5989 6003 
3 6023 5983 6029 
3 6023 6000 5985 
3 6015 5942 6000 
3 5996 6030 6016 
3 6011 6016 6030 
3 5982 6031 6013 
3 6029 5983 6027 
3 5947 6020 6032 
3 6009 6033 5984 
3 5997 6034 5994 
3 6028 5981 6025 
3 6028 6007 6002 
3 5982 6014 6035 
3 5986 6017 6014 
3 5984 6033 6018 
3 6036 6001 5977 
3 5977 6012 6036 
3 6006 5995 6037 
3 6024 6021 5987 
3 6019 6038 5998 
3 6030 6005 6011 
3 6027 6008 6039 
3 5947 6032 5992 
3 5995 6018 6037 
3 6037 6040 6006 
3 5994 6034 5999 
3 5998 6038 6024 
3 6008 6005 6039 
3 6041 6020 6001 
3 6041 6001 6036 
3 6012 6021 6036 
3 6017 5992 6032 
3 6015 6033 6009 
3 5979 5993 6042 
3 6042 6022 5979 
3 6019 6004 6038 
3 5991 6013 6043 
3 5982 6035 6044 
3 6045 5997 6010 
3 6007 6046 5996 
3 6043 6003 5991 
3 6044 6031 5982 
3 6023 6029 6027 
3 5997 6045 6034 
3 6028 6047 6007 
3 6003 6048 6026 
3 6046 6030 5996 
3 6013 6031 6044 
3 6023 6027 6049 
3 6040 5993 6006 
3 6045 6010 6026 
3 6013 6044 6043 
3 6050 6038 6004 
3 6025 5999 6051 
3 6015 6000 6052 
3 6053 6032 6020 
3 6022 6042 6054 
3 6004 6022 6054 
3 6054 6050 6004 
3 6055 6005 6030 
3 6017 6032 6053 
3 6020 6041 6053 
3 6007 6056 6046 
3 6024 6057 6021 
3 6046 6056 6030 
3 6033 6058 6018 
3 6058 6037 6018 
3 6059 6042 5993 
3 6060 6035 6014 
3 6060 6014 6061 
3 6061 6014 6017 
3 6039 6005 6055 
3 6044 6035 6062 
3 6000 6023 6052 
3 6021 6063 6036 
3 6040 6059 5993 
3 6024 6038 6057 
3 6064 6025 6051 
3 6065 6047 6028 
3 6003 6043 6048 
3 6021 6066 6063 
3 6057 6066 6021 
3 6067 5999 6034 
3 6064 6028 6025 
3 6068 6043 6044 
3 6069 6033 6015 
3 6007 6047 6056 
3 6035 6060 6062 
3 6070 6061 6017 
3 6063 6041 6036 
3 6051 5999 6067 
3 6026 6071 6045 
3 6072 6052 6023 
3 6069 6015 6052 
3 6042 6059 6073 
3 6054 6042 6073 
3 6026 6048 6071 
3 6068 6048 6043 
3 6074 6049 6027 
3 6038 6050 6054 
3 6075 6034 6045 
3 6076 6045 6071 
3 6065 6056 6047 
3 6077 6044 6062 
3 6062 6078 6077 
3 6079 6078 6062 
3 6023 6049 6072 
3 6080 6028 6064 
3 6077 6078 6079 
3 6079 6062 6060 
3 6074 6027 6081 
3 6040 6037 6082 
3 6038 6054 6083 
3 6065 6028 6080 
3 6044 6084 6068 
3 6085 6039 6055 
3 6027 6039 6081 
3 6083 6057 6038 
3 6086 6055 6087 
3 6070 6060 6061 
3 6058 6033 6069 
3 6045 6076 6075 
3 6055 6030 6087 
3 6055 6086 6085 
3 6088 6077 6079 
3 6089 6053 6041 
3 6066 6057 6090 
3 6056 6065 6091 
3 6053 6089 6017 
3 6083 6054 6092 
3 6075 6093 6034 
3 6030 6056 6091 
3 6088 6079 6060 
3 6074 6072 6049 
3 6037 6058 6082 
3 6083 6090 6057 
3 6085 6081 6039 
3 6088 6060 6070 
3 6094 6069 6052 
3 6095 6089 6041 
3 6073 6096 6054 
3 6092 6054 6097 
3 6098 6071 6048 
3 6030 6091 6087 
3 6099 6084 6044 
3 6099 6044 6077 
3 6099 6077 6088 
3 6073 6059 6100 
3 6068 6101 6048 
3 6052 6072 6094 
3 6102 6017 6089 
3 6082 6058 6103 
3 6063 6066 6104 
3 6059 6040 6105 
3 6106 6075 6076 
3 6106 6076 6071 
3 6082 6105 6040 
3 6090 6104 6066 
3 6064 6051 6107 
3 6067 6034 6093 
3 6071 6098 6106 
3 6098 6048 6101 
3 6017 6102 6070 
3 6069 6094 6108 
3 6041 6063 6109 
3 6105 6100 6059 
3 6110 6091 6065 
3 6041 6109 6095 
3 6069 6103 6058 
3 6083 6111 6090 
3 6092 6111 6083 
3 6067 6107 6051 
3 6093 6075 6106 
3 6070 6112 6088 
3 6063 6113 6109 
3 6096 6073 6114 
3 6115 6064 6107 
3 6097 6116 6092 
3 6110 6065 6080 
3 6113 6063 6104 
3 6100 6114 6073 
3 6115 6080 6064 
3 6081 6117 6074 
3 6074 6117 6072 
3 6111 6092 6116 
3 6068 6084 6101 
3 6118 6117 6081 
3 6099 6119 6084 
3 6120 6108 6094 
3 6069 6121 6103 
3 6067 6122 6107 
3 6098 6123 6106 
3 6124 6090 6111 
3 6125 6126 6096 
3 6054 6096 6126 
3 6126 6097 6054 
3 6107 6127 6115 
3 6080 6115 6128 
3 6108 6129 6069 
3 6104 6090 6124 
3 6126 6130 6097 
3 6110 6080 6128 
3 6086 6087 6131 
3 6119 6099 6132 
3 6085 6086 6131 
3 6133 6102 6089 
3 6095 6133 6089 
3 6069 6129 6121 
3 6130 6116 6097 
3 6131 6087 6134 
3 6084 6119 6101 
3 6081 6085 6135 
3 6088 6112 6099 
3 6125 6130 6126 
3 6136 6067 6093 
3 6137 6123 6098 
3 6098 6101 6137 
3 6091 6134 6087 
3 6094 6072 6138 
3 6082 6103 6139 
3 6100 6105 6140 
3 6106 6123 6141 
3 6113 6142 6109 
3 6110 6128 6143 
3 6135 6085 6131 
3 6144 6102 6133 
3 6120 6145 6108 
3 6105 6082 6146 
3 6116 6124 6111 
3 6067 6147 6122 
3 6117 6138 6072 
3 6110 6143 6091 
3 6132 6099 6112 
3 6070 6102 6112 
3 6105 6148 6140 
3 6140 6114 6100 
3 6107 6122 6127 
3 6093 6106 6136 
3 6101 6119 6137 
3 6135 6118 6081 
3 6104 6142 6113 
3 6067 6136 6147 
3 6094 6138 6120 
3 6082 6139 6146 
3 6140 6149 6114 
3 6125 6096 6150 
3 6129 6108 6145 
3 6151 6103 6121 
3 6139 6103 6151 
3 6146 6148 6105 
3 6096 6114 6149 
3 6130 6125 6150 
3 6152 6136 6106 
3 6131 6134 6153 
3 6112 6154 6132 
3 6155 6112 6102 
3 6156 6095 6109 
3 6149 6150 6096 
3 6128 6115 6127 
3 6152 6106 6141 
3 6155 6102 6144 
3 6151 6121 6157 
3 6142 6104 6158 
3 6141 6123 6137 
3 6154 6119 6132 
3 6145 6159 6129 
3 6156 6109 6160 
3 6159 6121 6129 
3 6109 6142 6160 
3 6139 6161 6146 
3 6124 6158 6104 
3 6162 6144 6133 
3 6120 6163 6145 
3 6159 6157 6121 
3 6139 6151 6164 
3 6119 6165 6137 
3 6095 6156 6133 
3 6159 6145 6163 
3 6166 6158 6124 
3 6130 6167 6116 
3 6167 6124 6116 
3 6091 6143 6168 
3 6118 6138 6117 
3 6169 6120 6138 
3 6140 6150 6149 
3 6134 6091 6168 
3 6122 6170 6127 
3 6122 6147 6170 
3 6137 6165 6171 
3 6172 6135 6131 
3 6112 6173 6154 
3 6164 6151 6157 
3 6148 6146 6161 
3 6127 6174 6128 
3 6131 6153 6175 
3 6175 6172 6131 
3 6120 6169 6163 
3 6158 6176 6142 
3 6164 6161 6139 
3 6141 6137 6171 
3 6118 6135 6172 
3 6127 6170 6174 
3 6177 6136 6152 
3 6134 6168 6153 
3 6119 6154 6165 
3 6112 6178 6173 
3 6162 6133 6156 
3 6158 6166 6176 
3 6179 6140 6148 
3 6180 6128 6174 
3 6152 6141 6177 
3 6178 6112 6155 
3 6128 6181 6143 
3 6118 6182 6138 
3 6182 6169 6138 
3 6144 6183 6155 
3 6144 6162 6183 
3 6184 6160 6142 
3 6185 6141 6171 
3 6184 6142 6176 
3 6159 6186 6157 
3 6164 6187 6161 
3 6166 6124 6167 
3 6150 6188 6130 
3 6136 6177 6147 
3 6153 6168 6189 
3 6150 6140 6179 
3 6130 6188 6167 
3 6181 6128 6180 
3 6184 6156 6160 
3 6179 6190 6150 
3 6177 6141 6191 
3 6163 6186 6159 
3 6166 6167 6192 
3 6168 6143 6181 
3 6193 6182 6118 
3 6187 6194 6161 
3 6195 6170 6147 
3 6147 6177 6195 
3 6141 6185 6191 
3 6196 6171 6165 
3 6175 6153 6197 
3 6155 6183 6178 
3 6157 6186 6198 
3 6148 6161 6194 
3 6166 6199 6176 
3 6194 6179 6148 
3 6190 6188 6150 
3 6171 6196 6185 
3 6154 6200 6165 
3 6201 6169 6182 
3 6156 6202 6162 
3 6184 6202 6156 
3 6190 6179 6203 
3 6172 6175 6197 
3 6183 6162 6204 
3 6189 6197 6153 
3 6193 6118 6172 
3 6182 6193 6205 
3 6163 6169 6201 
3 6201 6206 6163 
3 6198 6187 6164 
3 6181 6189 6168 
3 6173 6178 6207 
3 6202 6184 6208 
3 6192 6167 6188 
3 6174 6209 6180 
3 6200 6154 6173 
3 6183 6204 6178 
3 6176 6210 6184 
3 6157 6198 6164 
3 6174 6211 6209 
3 6165 6212 6196 
3 6213 6199 6166 
3 6188 6190 6214 
3 6165 6200 6212 
3 6192 6213 6166 
3 6194 6215 6179 
3 6211 6174 6170 
3 6216 6193 6172 
3 6186 6163 6206 
3 6184 6210 6208 
3 6198 6217 6187 
3 6197 6216 6172 
3 6218 6173 6207 
3 6178 6204 6207 
3 6162 6202 6219 
3 6199 6210 6176 
3 6170 6195 6211 
3 6217 6194 6187 
3 6200 6173 6218 
3 6203 6179 6215 
3 6214 6192 6188 
3 6214 6190 6220 
3 6221 6185 6196 
3 6162 6219 6204 
3 6205 6193 6216 
3 6215 6222 6203 
3 6190 6203 6220 
3 6180 6223 6181 
3 6191 6224 6177 
3 6225 6212 6200 
3 6201 6182 6205 
3 6186 6226 6198 
3 6177 6227 6195 
3 6189 6181 6228 
3 6220 6203 6222 
3 6185 6221 6229 
3 6230 6197 6189 
3 6231 6210 6199 
3 6199 6213 6232 
3 6213 6192 6233 
3 6234 6180 6209 
3 6227 6177 6224 
3 6181 6223 6228 
3 6191 6229 6224 
3 6229 6191 6185 
3 6200 6218 6225 
3 6205 6235 6201 
3 6236 6206 6201 
3 6232 6231 6199 
3 6230 6189 6228 
3 6214 6233 6192 
3 6234 6223 6180 
3 6235 6236 6201 
3 6237 6186 6206 
3 6208 6210 6231 
3 6238 6211 6195 
3 6196 6212 6221 
3 6239 6226 6186 
3 6240 6215 6194 
3 6213 6233 6232 
3 6234 6209 6211 
3 6216 6197 6241 
3 6207 6242 6218 
3 6208 6243 6202 
3 6237 6239 6186 
3 6198 6226 6217 
3 6217 6240 6194 
3 6219 6244 6204 
3 6236 6237 6206 
3 6234 6211 6238 
3 6220 6222 6214 
3 6195 6245 6238 
3 6212 6225 6246 
3 6205 6216 6247 
3 6228 6223 6248 
3 6212 6246 6221 
3 6204 6249 6207 
3 6219 6243 6244 
3 6243 6219 6202 
3 6197 6230 6250 
3 6226 6251 6217 
3 6222 6252 6214 
3 6234 6253 6223 
3 6251 6226 6239 
3 6208 6231 6254 
3 6217 6255 6240 
3 6207 6249 6242 
3 6208 6254 6243 
3 6228 6250 6230 
3 6252 6233 6214 
3 6256 6218 6242 
3 6248 6223 6253 
3 6248 6250 6228 
3 6251 6257 6217 
3 6231 6232 6258 
3 6257 6255 6217 
3 6240 6259 6215 
3 6233 6258 6232 
3 6221 6246 6229 
3 6204 6244 6249 
3 6245 6195 6227 
3 6227 6224 6260 
3 6197 6250 6261 
3 6218 6256 6225 
3 6235 6237 6236 
3 6245 6227 6260 
3 6235 6205 6262 
3 6222 6215 6259 
3 6263 6224 6229 
3 6237 6235 6264 
3 6252 6265 6233 
3 6252 6222 6266 
3 6241 6197 6261 
3 6237 6267 6239 
3 6231 6268 6254 
3 6259 6240 6255 
3 6225 6269 6246 
3 6225 6256 6269 
3 6247 6216 6270 
3 6205 6247 6262 
3 6251 6239 6271 
3 6259 6272 6222 
3 6224 6263 6260 
3 6270 6216 6241 
3 6231 6258 6273 
3 6258 6233 6265 
3 6272 6266 6222 
3 6234 6238 6245 
3 6253 6274 6248 
3 6275 6244 6243 
3 6267 6271 6239 
3 6268 6276 6254 
3 6273 6268 6231 
3 6244 6277 6249 
3 6255 6257 6278 
3 6272 6259 6279 
3 6274 6280 6248 
3 6250 6248 6280 
3 6250 6280 6261 
3 6246 6281 6229 
3 6270 6262 6247 
3 6235 6262 6282 
3 6282 6264 6235 
3 6237 6264 6267 
3 6254 6276 6243 
3 6266 6283 6252 
3 6284 6253 6234 
3 6285 6242 6286 
3 6287 6259 6255 
3 6263 6229 6288 
3 6261 6289 6241 
3 6289 6270 6241 
3 6242 6249 6286 
3 6278 6287 6255 
3 6265 6252 6290 
3 6234 6245 6291 
3 6284 6274 6253 
3 6242 6285 6256 
3 6244 6275 6277 
3 6265 6292 6258 
3 6283 6290 6252 
3 6277 6293 6249 
3 6243 6276 6275 
3 6251 6294 6257 
3 6287 6279 6259 
3 6263 6288 6260 
3 6295 6261 6280 
3 6270 6296 6262 
3 6293 6286 6249 
3 6273 6258 6292 
3 6272 6283 6266 
3 6271 6297 6251 
3 6245 6260 6291 
3 6296 6282 6262 
3 6293 6277 6275 
3 6298 6276 6268 
3 6268 6273 6298 
3 6294 6278 6257 
3 6281 6246 6269 
3 6283 6299 6290 
3 6272 6299 6283 
3 6294 6251 6297 
3 6300 6284 6234 
3 6289 6301 6270 
3 6229 6281 6288 
3 6295 6289 6261 
3 6296 6270 6301 
3 6302 6256 6285 
3 6267 6264 6303 
3 6304 6275 6276 
3 6287 6305 6279 
3 6272 6279 6305 
3 6306 6291 6260 
3 6285 6286 6293 
3 6282 6303 6264 
3 6303 6307 6267 
3 6260 6288 6306 
3 6256 6302 6269 
3 6290 6308 6265 
3 6309 6281 6269 
3 6273 6310 6298 
3 6287 6278 6311 
3 6305 6287 6311 
3 6234 6312 6300 
3 6275 6313 6293 
3 6294 6314 6278 
3 6292 6310 6273 
3 6272 6305 6315 
3 6290 6299 6316 
3 6284 6300 6317 
3 6288 6281 6318 
3 6303 6282 6319 
3 6320 6276 6298 
3 6312 6234 6291 
3 6284 6317 6274 
3 6314 6311 6278 
3 6315 6299 6272 
3 6321 6282 6296 
3 6322 6304 6276 
3 6294 6297 6323 
3 6308 6292 6265 
3 6280 6274 6324 
3 6309 6269 6302 
3 6285 6293 6325 
3 6275 6322 6313 
3 6322 6275 6304 
3 6271 6267 6307 
3 6326 6297 6271 
3 6323 6314 6294 
3 6308 6290 6316 
3 6306 6288 6318 
3 6271 6307 6326 
3 6323 6297 6326 
3 6295 6280 6324 
3 6309 6327 6281 
3 6285 6325 6302 
3 6295 6324 6328 
3 6301 6329 6296 
3 6321 6319 6282 
3 6276 6320 6322 
3 6298 6330 6320 
3 6316 6331 6308 
3 6332 6300 6312 
3 6274 6317 6333 
3 6302 6334 6309 
3 6329 6321 6296 
3 6298 6310 6330 
3 6312 6335 6332 
3 6335 6312 6291 
3 6336 6291 6306 
3 6281 6327 6318 
3 6325 6334 6302 
3 6323 6337 6314 
3 6310 6292 6338 
3 6300 6332 6317 
3 6333 6339 6274 
3 6295 6328 6289 
3 6308 6338 6292 
3 6291 6336 6335 
3 6274 6339 6324 
3 6319 6321 6340 
3 6303 6319 6341 
3 6317 6342 6333 
3 6313 6343 6293 
3 6311 6314 6344 
3 6299 6345 6316 
3 6317 6332 6342 
3 6346 6293 6343 
3 6337 6344 6314 
3 6311 6347 6305 
3 6340 6321 6329 
3 6313 6322 6348 
3 6320 6349 6322 
3 6315 6305 6347 
3 6318 6350 6306 
3 6309 6351 6327 
3 6289 6352 6301 
3 6293 6353 6354 
3 6353 6293 6346 
3 6346 6343 6353 
3 6323 6326 6355 
3 6337 6323 6355 
3 6356 6345 6299 
3 6328 6352 6289 
3 6293 6354 6325 
3 6313 6348 6343 
3 6310 6338 6330 
3 6345 6331 6316 
3 6299 6315 6356 
3 6343 6348 6353 
3 6347 6356 6315 
3 6339 6357 6324 
3 6341 6307 6303 
3 6358 6320 6330 
3 6306 6359 6336 
3 6350 6359 6306 
3 6320 6358 6349 
3 6326 6307 6360 
3 6309 6334 6351 
3 6331 6361 6308 
3 6362 6339 6333 
3 6327 6363 6318 
3 6319 6340 6364 
3 6354 6353 6348 
3 6319 6365 6341 
3 6344 6347 6311 
3 6318 6363 6350 
3 6322 6349 6348 
3 6338 6308 6361 
3 6339 6362 6357 
3 6352 6328 6366 
3 6366 6367 6352 
3 6352 6367 6301 
3 6325 6354 6368 
3 6336 6369 6335 
3 6369 6336 6359 
3 6329 6301 6367 
3 6351 6370 6327 
3 6347 6344 6371 
3 6333 6342 6362 
3 6328 6324 6357 
3 6357 6372 6328 
3 6334 6373 6351 
3 6334 6325 6368 
3 6329 6374 6340 
3 6364 6340 6374 
3 6330 6338 6375 
3 6344 6337 6376 
3 6347 6371 6356 
3 6335 6369 6332 
3 6372 6366 6328 
3 6319 6364 6365 
3 6341 6365 6377 
3 6377 6307 6341 
3 6337 6355 6376 
3 6338 6378 6375 
3 6361 6378 6338 
3 6345 6356 6379 
3 6342 6332 6380 
3 6327 6381 6363 
3 6307 6382 6360 
3 6383 6358 6330 
3 6331 6345 6379 
3 6370 6351 6373 
3 6355 6326 6360 
3 6354 6384 6368 
3 6376 6355 6385 
3 6361 6386 6378 
3 6361 6331 6386 
3 6380 6362 6342 
3 6367 6366 6387 
3 6307 6377 6382 
3 6349 6358 6383 
3 6332 6388 6380 
3 6359 6389 6369 
3 6360 6382 6390 
3 6385 6355 6360 
3 6344 6376 6391 
3 6392 6357 6362 
3 6334 6368 6373 
3 6367 6374 6329 
3 6365 6364 6374 
3 6393 6354 6348 
3 6385 6360 6390 
3 6393 6348 6349 
3 6386 6331 6394 
3 6379 6395 6331 
3 6384 6354 6393 
3 6376 6385 6391 
3 6394 6331 6395 
3 6350 6396 6359 
3 6396 6350 6363 
3 6366 6372 6387 
3 6367 6387 6397 
3 6392 6398 6357 
3 6372 6357 6398 
3 6381 6327 6370 
3 6330 6375 6383 
3 6356 6371 6399 
3 6388 6332 6369 
3 6374 6367 6400 
3 6365 6401 6377 
3 6402 6383 6375 
3 6371 6344 6403 
3 6378 6386 6394 
3 6399 6379 6356 
3 6392 6362 6404 
3 6349 6383 6405 
3 6391 6385 6406 
3 6378 6407 6375 
3 6403 6399 6371 
3 6369 6389 6408 
3 6362 6380 6404 
3 6359 6409 6389 
3 6400 6367 6397 
3 6344 6391 6403 
3 6409 6359 6396 
3 6392 6410 6398 
3 6363 6411 6396 
3 6411 6363 6381 
3 6385 6390 6406 
3 6382 6377 6401 
3 6395 6379 6412 
3 6408 6388 6369 
3 6398 6387 6372 
3 6401 6365 6413 
3 6405 6393 6349 
3 6404 6414 6392 
3 6410 6392 6414 
3 6373 6415 6370 
3 6407 6402 6375 
3 6374 6413 6365 
3 6416 6383 6402 
3 6412 6379 6399 
3 6389 6409 6408 
3 6401 6390 6382 
3 6374 6400 6417 
3 6417 6413 6374 
3 6418 6378 6394 
3 6380 6419 6404 
3 6420 6368 6384 
3 6390 6401 6421 
3 6422 6402 6407 
3 6399 6403 6423 
3 6419 6380 6388 
3 6410 6424 6398 
3 6411 6381 6370 
3 6420 6373 6368 
3 6400 6397 6425 
3 6378 6418 6426 
3 6425 6417 6400 
3 6383 6416 6405 
3 6416 6402 6422 
3 6427 6404 6419 
3 6387 6398 6424 
3 6420 6415 6373 
3 6405 6416 6428 
3 6378 6426 6407 
3 6429 6388 6408 
3 6388 6429 6419 
3 6427 6414 6404 
3 6430 6411 6370 
3 6397 6387 6431 
3 6399 6432 6412 
3 6396 6433 6409 
3 6414 6424 6410 
3 6370 6415 6430 
3 6384 6434 6420 
3 6403 6391 6435 
3 6395 6412 6394 
3 6393 6436 6384 
3 6405 6428 6393 
3 6406 6435 6391 
3 6396 6411 6437 
3 6438 6407 6426 
3 6419 6429 6427 
3 6407 6438 6422 
3 6423 6439 6399 
3 6424 6431 6387 
3 6401 6413 6440 
3 6403 6441 6423 
3 6432 6399 6439 
3 6431 6442 6397 
3 6425 6397 6442 
3 6443 6418 6394 
3 6436 6434 6384 
3 6403 6435 6441 
3 6414 6427 6444 
3 6440 6413 6445 
3 6406 6390 6446 
3 6396 6437 6433 
3 6415 6420 6447 
3 6448 6393 6428 
3 6416 6449 6428 
3 6421 6401 6440 
3 6443 6394 6412 
3 6409 6433 6408 
3 6450 6437 6411 
3 6425 6451 6417 
3 6421 6446 6390 
3 6393 6448 6436 
3 6452 6422 6438 
3 6423 6441 6453 
3 6439 6454 6432 
3 6432 6454 6412 
3 6429 6455 6427 
3 6447 6430 6415 
3 6436 6456 6434 
3 6448 6428 6449 
3 6457 6426 6418 
3 6453 6439 6423 
3 6420 6434 6458 
3 6422 6452 6416 
3 6406 6446 6459 
3 6435 6406 6460 
3 6458 6447 6420 
3 6421 6440 6461 
3 6426 6462 6438 
3 6457 6418 6443 
3 6435 6453 6441 
3 6412 6463 6443 
3 6455 6429 6408 
3 6450 6411 6430 
3 6464 6446 6421 
3 6465 6431 6424 
3 6459 6460 6406 
3 6408 6466 6455 
3 6414 6444 6424 
3 6442 6467 6425 
3 6413 6468 6445 
3 6408 6469 6466 
3 6413 6417 6468 
3 6461 6464 6421 
3 6470 6443 6463 
3 6412 6454 6463 
3 6444 6471 6424 
3 6450 6430 6472 
3 6456 6436 6448 
3 6469 6408 6433 
3 6471 6465 6424 
3 6473 6430 6447 
3 6458 6473 6447 
3 6474 6434 6456 
3 6417 6451 6468 
3 6445 6461 6440 
3 6416 6475 6449 
3 6470 6457 6443 
3 6444 6427 6476 
3 6467 6442 6431 
3 6462 6452 6438 
3 6457 6462 6426 
3 6465 6477 6431 
3 6430 6473 6472 
3 6416 6452 6475 
3 6451 6425 6478 
3 6458 6434 6474 
3 6479 6454 6439 
3 6463 6454 6480 
3 6481 6433 6437 
3 6437 6450 6481 
3 6477 6467 6431 
3 6478 6425 6467 
3 6460 6459 6482 
3 6479 6480 6454 
3 6427 6455 6476 
3 6483 6456 6448 
3 6446 6464 6484 
3 6433 6485 6469 
3 6476 6486 6471 
3 6476 6471 6444 
3 6487 6465 6471 
3 6472 6488 6450 
3 6479 6439 6453 
3 6449 6489 6448 
3 6459 6446 6484 
3 6435 6460 6490 
3 6473 6488 6472 
3 6456 6483 6474 
3 6461 6445 6491 
3 6452 6492 6475 
3 6452 6462 6492 
3 6490 6460 6482 
3 6480 6470 6463 
3 6493 6476 6455 
3 6473 6458 6494 
3 6484 6482 6459 
3 6453 6435 6490 
3 6495 6455 6466 
3 6496 6466 6469 
3 6461 6497 6464 
3 6481 6485 6433 
3 6487 6477 6465 
3 6473 6498 6488 
3 6453 6490 6499 
3 6500 6479 6453 
3 6473 6494 6498 
3 6494 6458 6474 
3 6445 6468 6501 
3 6449 6475 6489 
3 6495 6466 6496 
3 6502 6450 6488 
3 6462 6457 6503 
3 6504 6485 6481 
3 6478 6505 6451 
3 6506 6494 6474 
3 6507 6448 6489 
3 6470 6480 6508 
3 6481 6450 6502 
3 6451 6501 6468 
3 6501 6491 6445 
3 6491 6497 6461 
3 6496 6469 6485 
3 6499 6500 6453 
3 6504 6481 6502 
3 6471 6486 6487 
3 6462 6503 6492 
3 6474 6483 6506 
3 6448 6507 6483 
3 6497 6509 6464 
3 6509 6484 6464 
3 6457 6470 6510 
3 6495 6493 6455 
3 6505 6501 6451 
3 6479 6511 6480 
3 6510 6470 6512 
3 6477 6487 6513 
3 6488 6498 6514 
3 6515 6475 6492 
3 6503 6457 6510 
3 6494 6516 6498 
3 6505 6478 6517 
3 6516 6494 6506 
3 6515 6489 6475 
3 6467 6518 6478 
3 6483 6507 6506 
3 6482 6484 6519 
3 6512 6470 6508 
3 6511 6508 6480 
3 6520 6493 6495 
3 6485 6521 6496 
3 6476 6522 6486 
3 6486 6513 6487 
3 6502 6488 6523 
3 6488 6514 6523 
3 6489 6515 6507 
3 6509 6519 6484 
3 6502 6524 6504 
3 6525 6511 6479 
3 6518 6517 6478 
3 6526 6497 6491 
3 6493 6520 6476 
3 6467 6477 6513 
3 6476 6520 6527 
3 6504 6521 6485 
3 6517 6528 6505 
3 6526 6509 6497 
3 6503 6529 6492 
3 6519 6530 6482 
3 6482 6531 6490 
3 6500 6525 6479 
3 6522 6476 6527 
3 6502 6523 6524 
3 6467 6513 6532 
3 6501 6505 6528 
3 6533 6491 6501 
3 6530 6531 6482 
3 6531 6499 6490 
3 6500 6499 6534 
3 6492 6529 6515 
3 6486 6522 6513 
3 6519 6509 6535 
3 6503 6510 6536 
3 6507 6537 6506 
3 6512 6536 6510 
3 6512 6508 6538 
3 6539 6500 6534 
3 6525 6500 6539 
3 6504 6540 6521 
3 6513 6522 6541 
3 6532 6518 6467 
3 6516 6514 6498 
3 6542 6516 6506 
3 6529 6503 6543 
3 6532 6513 6544 
3 6506 6545 6542 
3 6537 6545 6506 
3 6546 6491 6533 
3 6546 6526 6491 
3 6515 6547 6507 
3 6538 6508 6511 
3 6543 6503 6536 
3 6516 6548 6514 
3 6501 6528 6549 
3 6522 6527 6550 
3 6522 6550 6541 
3 6504 6524 6540 
3 6551 6524 6523 
3 6537 6507 6547 
3 6536 6512 6538 
3 6531 6534 6499 
3 6552 6496 6521 
3 6515 6553 6547 
3 6515 6529 6553 
3 6554 6523 6514 
3 6555 6535 6509 
3 6550 6527 6520 
3 6551 6540 6524 
3 6542 6548 6516 
3 6501 6549 6533 
3 6555 6526 6546 
3 6535 6556 6519 
3 6557 6534 6531 
3 6538 6511 6558 
3 6511 6525 6539 
3 6559 6496 6552 
3 6544 6513 6541 
3 6526 6555 6509 
3 6530 6519 6556 
3 6558 6511 6560 
3 6561 6520 6495 
3 6544 6562 6532 
3 6531 6530 6563 
3 6557 6531 6563 
3 6496 6559 6495 
3 6495 6564 6561 
3 6548 6554 6514 
3 6517 6565 6528 
3 6523 6566 6551 
3 6567 6537 6547 
3 6538 6568 6536 
3 6511 6539 6560 
3 6495 6559 6564 
3 6521 6569 6552 
3 6518 6532 6562 
3 6545 6537 6570 
3 6571 6553 6529 
3 6520 6572 6550 
3 6550 6573 6541 
3 6521 6540 6569 
3 6544 6541 6573 
3 6517 6518 6574 
3 6537 6567 6570 
3 6571 6529 6543 
3 6549 6528 6565 
3 6543 6536 6568 
3 6544 6575 6562 
3 6523 6554 6566 
3 6554 6548 6576 
3 6533 6549 6577 
3 6556 6563 6530 
3 6552 6578 6559 
3 6572 6520 6561 
3 6552 6569 6578 
3 6574 6565 6517 
3 6579 6539 6534 
3 6518 6562 6580 
3 6576 6548 6542 
3 6577 6546 6533 
3 6557 6563 6581 
3 6560 6539 6582 
3 6580 6574 6518 
3 6565 6583 6549 
3 6570 6542 6545 
3 6555 6546 6584 
3 6563 6556 6581 
3 6558 6585 6538 
3 6586 6564 6559 
3 6587 6561 6564 
3 6553 6588 6547 
3 6555 6589 6535 
3 6556 6535 6590 
3 6572 6561 6587 
3 6569 6591 6578 
3 6591 6569 6540 
3 6547 6588 6567 
3 6553 6571 6592 
3 6557 6579 6534 
3 6539 6579 6582 
3 6593 6573 6550 
3 6546 6577 6584 
3 6588 6553 6592 
3 6594 6589 6555 
3 6581 6556 6595 
3 6568 6538 6585 
3 6587 6564 6586 
3 6542 6570 6596 
3 6570 6567 6597 
3 6543 6598 6571 
3 6568 6599 6543 
3 6582 6600 6560 
3 6601 6544 6573 
3 6601 6575 6544 
3 6558 6560 6600 
3 6602 6572 6587 
3 6603 6551 6566 
3 6603 6566 6554 
3 6550 6572 6602 
3 6590 6595 6556 
3 6542 6596 6576 
3 6592 6604 6588 
3 6592 6571 6598 
3 6598 6543 6599 
3 6581 6579 6557 
3 6575 6580 6562 
3 6574 6605 6565 
3 6606 6596 6570 
3 6567 6588 6597 
3 6579 6581 6607 
3 6580 6605 6574 
3 6570 6597 6606 
3 6589 6590 6535 
3 6599 6568 6585 
3 6559 6608 6586 
3 6608 6559 6578 
3 6608 6578 6591 
3 6593 6601 6573 
3 6565 6605 6609 
3 6584 6594 6555 
3 6585 6558 6610 
3 6611 6602 6587 
3 6591 6540 6612 
3 6613 6554 6576 
3 6594 6590 6589 
3 6612 6608 6591 
3 6593 6550 6602 
3 6580 6575 6614 
3 6583 6565 6609 
3 6583 6615 6549 
3 6592 6598 6604 
3 6581 6595 6607 
3 6611 6593 6602 
3 6597 6616 6606 
3 6540 6551 6617 
3 6618 6576 6596 
3 6609 6619 6583 
3 6577 6549 6615 
3 6579 6620 6582 
3 6582 6621 6600 
3 6619 6615 6583 
3 6598 6599 6622 
3 6590 6623 6595 
3 6606 6624 6596 
3 6594 6584 6625 
3 6576 6618 6613 
3 6585 6622 6599 
3 6623 6607 6595 
3 6610 6626 6585 
3 6610 6558 6627 
3 6628 6593 6611 
3 6617 6551 6603 
3 6613 6629 6554 
3 6605 6580 6630 
3 6586 6631 6587 
3 6586 6608 6631 
3 6580 6614 6630 
3 6584 6577 6625 
3 6588 6632 6597 
3 6594 6633 6590 
3 6600 6627 6558 
3 6601 6593 6634 
3 6629 6603 6554 
3 6615 6625 6577 
3 6623 6635 6607 
3 6622 6585 6626 
3 6596 6624 6618 
3 6632 6588 6604 
3 6636 6623 6590 
3 6637 6579 6607 
3 6626 6610 6627 
3 6638 6639 6601 
3 6640 6617 6603 
3 6639 6575 6601 
3 6637 6607 6635 
3 6628 6634 6593 
3 6540 6617 6612 
3 6600 6621 6627 
3 6641 6624 6606 
3 6598 6622 6642 
3 6620 6579 6637 
3 6620 6621 6582 
3 6608 6643 6631 
3 6638 6601 6634 
3 6619 6609 6644 
3 6594 6625 6633 
3 6645 6587 6631 
3 6616 6597 6632 
3 6615 6619 6644 
3 6608 6612 6643 
3 6614 6575 6639 
3 6641 6606 6616 
3 6631 6643 6645 
3 6625 6615 6646 
3 6642 6604 6598 
3 6612 6647 6643 
3 6629 6640 6603 
3 6630 6614 6648 
3 6609 6605 6630 
3 6649 6611 6587 
3 6611 6649 6628 
3 6650 6612 6617 
3 6646 6615 6644 
3 6633 6636 6590 
3 6636 6635 6623 
3 6627 6621 6651 
3 6652 6629 6613 
3 6644 6609 6653 
3 6632 6654 6616 
3 6632 6604 6654 
3 6620 6655 6621 
3 6656 6587 6645 
3 6657 6645 6643 
3 6612 6650 6647 
3 6639 6648 6614 
3 6638 6634 6658 
3 6659 6617 6640 
3 6613 6618 6652 
3 6604 6642 6660 
3 6661 6640 6629 
3 6651 6621 6655 
3 6662 6618 6624 
3 6637 6663 6620 
3 6650 6617 6659 
3 6658 6639 6638 
3 6664 6642 6622 
3 6626 6627 6665 
3 6656 6649 6587 
3 6609 6630 6666 
3 6653 6609 6666 
3 6636 6633 6667 
3 6637 6635 6668 
3 6655 6620 6663 
3 6634 6628 6658 
3 6662 6624 6641 
3 6625 6669 6633 
3 6664 6670 6642 
3 6664 6622 6671 
3 6626 6671 6622 
3 6668 6663 6637 
3 6625 6646 6669 
3 6669 6672 6633 
3 6654 6604 6660 
3 6642 6670 6660 
3 6667 6635 6636 
3 6649 6673 6628 
3 6662 6652 6618 
3 6673 6649 6656 
3 6648 6666 6630 
3 6646 6644 6674 
3 6670 6664 6671 
3 6626 6665 6675 
3 6627 6651 6676 
3 6648 6639 6677 
3 6646 6678 6669 
3 6672 6667 6633 
3 6629 6652 6661 
3 6674 6644 6653 
3 6676 6665 6627 
3 6679 6640 6661 
3 6679 6659 6640 
3 6641 6616 6680 
3 6671 6626 6675 
3 6645 6657 6656 
3 6639 6658 6681 
3 6668 6682 6663 
3 6650 6659 6683 
3 6684 6662 6641 
3 6678 6646 6674 
3 6657 6643 6647 
3 6652 6685 6661 
3 6686 6668 6635 
3 6665 6676 6687 
3 6658 6628 6688 
3 6650 6683 6647 
3 6635 6667 6686 
3 6651 6655 6689 
3 6648 6690 6666 
3 6653 6666 6690 
3 6654 6691 6616 
3 6654 6660 6691 
3 6675 6665 6687 
3 6688 6628 6673 
3 6671 6692 6670 
3 6655 6663 6689 
3 6653 6690 6693 
3 6641 6680 6684 
3 6677 6639 6681 
3 6652 6694 6685 
3 6616 6695 6680 
3 6686 6667 6696 
3 6668 6686 6697 
3 6676 6651 6698 
3 6688 6699 6658 
3 6681 6700 6677 
3 6674 6653 6693 
3 6682 6689 6663 
3 6690 6648 6701 
3 6694 6652 6702 
3 6652 6662 6702 
3 6675 6692 6671 
3 6676 6698 6687 
3 6651 6689 6703 
3 6657 6647 6704 
3 6705 6679 6661 
3 6648 6677 6701 
3 6684 6706 6662 
3 6678 6674 6707 
3 6678 6708 6669 
3 6647 6683 6709 
3 6659 6679 6683 
3 6695 6710 6680 
3 6616 6691 6695 
3 6703 6698 6651 
3 6647 6709 6704 
3 6705 6711 6679 
3 6680 6706 6684 
3 6712 6660 6670 
3 6672 6713 6667 
3 6699 6681 6658 
3 6706 6702 6662 
3 6693 6707 6674 
3 6713 6696 6667 
3 6692 6675 6714 
3 6705 6661 6711 
3 6700 6701 6677 
3 6672 6669 6708 
3 6708 6715 6672 
3 6716 6686 6696 
3 6682 6668 6697 
3 6717 6656 6657 
3 6717 6657 6704 
3 6700 6681 6718 
3 6661 6685 6711 
3 6708 6678 6707 
3 6715 6713 6672 
3 6703 6689 6719 
3 6683 6720 6709 
3 6693 6690 6701 
3 6709 6721 6704 
3 6694 6722 6685 
3 6723 6695 6691 
3 6660 6712 6691 
3 6709 6724 6721 
3 6679 6720 6683 
3 6707 6693 6725 
3 6726 6702 6706 
3 6723 6680 6710 
3 6716 6727 6686 
3 6697 6686 6727 
3 6675 6687 6728 
3 6729 6699 6688 
3 6730 6704 6721 
3 6720 6724 6709 
3 6711 6731 6679 
3 6695 6723 6710 
3 6713 6716 6696 
3 6714 6675 6728 
3 6682 6697 6732 
3 6704 6730 6733 
3 6685 6722 6711 
3 6722 6694 6702 
3 6691 6734 6723 
3 6735 6689 6682 
3 6721 6736 6730 
3 6737 6736 6721 
3 6721 6738 6737 
3 6721 6724 6738 
3 6739 6724 6720 
3 6679 6731 6720 
3 6725 6693 6740 
3 6741 6706 6680 
3 6742 6712 6670 
3 6703 6743 6698 
3 6729 6688 6673 
3 6736 6737 6738 
3 6738 6739 6736 
3 6739 6738 6724 
3 6681 6699 6718 
3 6701 6740 6693 
3 6741 6680 6723 
3 6732 6735 6682 
3 6744 6656 6717 
3 6736 6739 6730 
3 6719 6743 6703 
3 6734 6691 6712 
3 6692 6714 6745 
3 6728 6746 6714 
3 6687 6698 6728 
3 6692 6747 6670 
3 6746 6745 6714 
3 6656 6744 6673 
3 6742 6670 6747 
3 6718 6748 6700 
3 6713 6749 6716 
3 6750 6732 6697 
3 6673 6751 6729 
3 6704 6733 6717 
3 6727 6716 6749 
3 6717 6752 6744 
3 6733 6730 6739 
3 6753 6720 6731 
3 6722 6731 6711 
3 6722 6702 6726 
3 6754 6713 6715 
3 6749 6713 6754 
3 6719 6689 6735 
3 6673 6744 6751 
3 6717 6733 6752 
3 6739 6755 6733 
3 6741 6723 6756 
3 6756 6723 6734 
3 6712 6757 6734 
3 6757 6712 6742 
3 6749 6758 6727 
3 6729 6759 6699 
3 6725 6760 6707 
3 6745 6747 6692 
3 6697 6727 6750 
3 6739 6720 6755 
3 6701 6761 6740 
3 6760 6708 6707 
3 6698 6743 6762 
3 6699 6759 6718 
3 6700 6763 6701 
3 6708 6764 6715 
3 6758 6750 6727 
3 6762 6728 6698 
3 6735 6732 6765 
3 6719 6762 6743 
3 6759 6766 6718 
3 6746 6767 6745 
3 6751 6768 6729 
3 6748 6718 6766 
3 6740 6769 6725 
3 6754 6758 6749 
3 6761 6769 6740 
3 6762 6719 6770 
3 6706 6771 6772 
3 6771 6706 6741 
3 6734 6757 6773 
3 6746 6728 6774 
3 6765 6775 6735 
3 6735 6770 6719 
3 6776 6729 6768 
3 6752 6733 6777 
3 6778 6731 6722 
3 6779 6722 6726 
3 6725 6769 6780 
3 6745 6767 6747 
3 6770 6735 6775 
3 6726 6772 6781 
3 6726 6706 6772 
3 6764 6782 6715 
3 6720 6753 6755 
3 6763 6700 6748 
3 6765 6732 6750 
3 6776 6783 6729 
3 6731 6778 6753 
3 6779 6778 6722 
3 6726 6781 6779 
3 6771 6741 6756 
3 6782 6754 6715 
3 6750 6784 6765 
3 6785 6751 6744 
3 6759 6729 6783 
3 6725 6786 6760 
3 6734 6773 6756 
3 6762 6774 6728 
3 6775 6765 6784 
3 6770 6775 6787 
3 6777 6744 6752 
3 6757 6788 6773 
3 6774 6767 6746 
3 6758 6789 6750 
3 6733 6755 6777 
3 6780 6786 6725 
3 6766 6759 6783 
3 6790 6753 6778 
3 6761 6791 6769 
3 6788 6742 6747 
3 6787 6775 6784 
3 6762 6770 6792 
3 6751 6785 6768 
3 6766 6793 6748 
3 6780 6769 6791 
3 6760 6794 6708 
3 6795 6747 6767 
3 6753 6790 6755 
3 6748 6793 6796 
3 6761 6701 6763 
3 6742 6788 6757 
3 6789 6758 6754 
3 6786 6794 6760 
3 6773 6788 6797 
3 6798 6789 6754 
3 6792 6770 6787 
3 6799 6776 6768 
3 6777 6800 6744 
3 6755 6800 6777 
3 6763 6748 6796 
3 6761 6763 6801 
3 6802 6781 6772 
3 6764 6708 6794 
3 6774 6803 6767 
3 6804 6784 6750 
3 6762 6792 6805 
3 6791 6761 6801 
3 6806 6780 6791 
3 6804 6787 6784 
3 6807 6774 6762 
3 6755 6790 6808 
3 6806 6786 6780 
3 6809 6771 6756 
3 6785 6810 6811 
3 6810 6785 6744 
3 6766 6783 6812 
3 6756 6773 6809 
3 6795 6788 6747 
3 6792 6787 6805 
3 6811 6768 6785 
3 6810 6744 6800 
3 6805 6813 6762 
3 6808 6800 6755 
3 6796 6801 6763 
3 6814 6795 6767 
3 6789 6815 6750 
3 6816 6804 6750 
3 6813 6807 6762 
3 6790 6778 6817 
3 6791 6801 6818 
3 6802 6779 6781 
3 6794 6819 6764 
3 6782 6764 6819 
3 6782 6798 6754 
3 6787 6804 6820 
3 6776 6799 6783 
3 6793 6766 6812 
3 6821 6795 6814 
3 6789 6798 6815 
3 6815 6822 6750 
3 6807 6823 6774 
3 6787 6820 6824 
3 6795 6821 6788 
3 6779 6817 6778 
3 6779 6825 6817 
3 6771 6809 6772 
3 6822 6816 6750 
3 6805 6787 6824 
3 6811 6826 6768 
3 6827 6783 6799 
3 6796 6828 6801 
3 6788 6821 6797 
3 6829 6798 6782 
3 6826 6811 6810 
3 6830 6796 6793 
3 6801 6828 6831 
3 6825 6779 6802 
3 6819 6794 6832 
3 6782 6819 6829 
3 6820 6804 6816 
3 6805 6824 6833 
3 6826 6799 6768 
3 6827 6812 6783 
3 6834 6802 6772 
3 6803 6814 6767 
3 6824 6820 6833 
3 6813 6823 6807 
3 6806 6835 6786 
3 6794 6786 6835 
3 6834 6772 6809 
3 6836 6809 6773 
3 6832 6837 6819 
3 6823 6813 6838 
3 6817 6839 6790 
3 6802 6840 6825 
3 6774 6841 6803 
3 6831 6818 6801 
3 6773 6797 6836 
3 6819 6837 6829 
3 6829 6842 6798 
3 6843 6822 6815 
3 6813 6805 6844 
3 6820 6845 6833 
3 6828 6796 6830 
3 6809 6846 6834 
3 6835 6832 6794 
3 6797 6847 6836 
3 6821 6848 6797 
3 6800 6849 6810 
3 6830 6831 6828 
3 6841 6774 6823 
3 6805 6833 6845 
3 6826 6810 6850 
3 6812 6851 6793 
3 6818 6852 6791 
3 6806 6791 6852 
3 6815 6798 6843 
3 6844 6853 6813 
3 6853 6838 6813 
3 6854 6817 6825 
3 6835 6806 6852 
3 6809 6836 6846 
3 6842 6843 6798 
3 6843 6816 6822 
3 6830 6793 6851 
3 6802 6834 6840 
3 6845 6844 6805 
3 6800 6808 6849 
3 6855 6842 6829 
3 6856 6841 6823 
3 6826 6850 6857 
3 6858 6810 6849 
3 6835 6859 6832 
3 6814 6803 6841 
3 6845 6820 6860 
3 6854 6839 6817 
3 6818 6831 6861 
3 6848 6847 6797 
3 6820 6816 6860 
3 6850 6810 6858 
3 6862 6799 6826 
3 6843 6863 6816 
3 6799 6862 6827 
3 6852 6818 6864 
3 6841 6865 6814 
3 6823 6838 6866 
3 6867 6812 6827 
3 6868 6834 6846 
3 6837 6869 6829 
3 6790 6839 6808 
3 6851 6870 6830 
3 6830 6861 6831 
3 6868 6840 6834 
3 6821 6871 6848 
3 6866 6856 6823 
3 6860 6816 6863 
3 6853 6866 6838 
3 6826 6857 6862 
3 6851 6812 6867 
3 6836 6847 6846 
3 6821 6865 6871 
3 6865 6821 6814 
3 6855 6872 6842 
3 6844 6845 6873 
3 6861 6864 6818 
3 6835 6852 6874 
3 6875 6868 6846 
3 6860 6863 6876 
3 6860 6873 6845 
3 6808 6877 6849 
3 6840 6868 6878 
3 6837 6832 6879 
3 6840 6880 6825 
3 6859 6835 6874 
3 6862 6867 6827 
3 6846 6881 6875 
3 6847 6882 6846 
3 6855 6829 6869 
3 6877 6808 6839 
3 6870 6861 6830 
3 6859 6879 6832 
3 6869 6837 6879 
3 6863 6843 6883 
3 6825 6880 6854 
3 6855 6869 6884 
3 6842 6872 6843 
3 6872 6885 6843 
3 6856 6886 6841 
3 6886 6856 6866 
3 6873 6860 6887 
3 6873 6888 6844 
3 6884 6872 6855 
3 6853 6844 6888 
3 6846 6882 6881 
3 6876 6887 6860 
3 6889 6850 6858 
3 6877 6890 6891 
3 6869 6879 6884 
3 6865 6892 6871 
3 6877 6891 6849 
3 6868 6875 6878 
3 6874 6893 6859 
3 6847 6848 6882 
3 6894 6865 6841 
3 6886 6866 6895 
3 6866 6853 6895 
3 6850 6889 6857 
3 6896 6839 6854 
3 6878 6880 6840 
3 6874 6852 6897 
3 6863 6883 6898 
3 6862 6857 6899 
3 6849 6891 6858 
3 6890 6877 6839 
3 6864 6897 6852 
3 6888 6895 6853 
3 6839 6900 6890 
3 6859 6893 6879 
3 6841 6886 6894 
3 6885 6883 6843 
3 6898 6876 6863 
3 6867 6901 6851 
3 6851 6901 6870 
3 6902 6893 6874 
3 6873 6903 6888 
3 6857 6889 6904 
3 6891 6905 6858 
3 6893 6906 6879 
3 6884 6879 6906 
3 6907 6882 6848 
3 6907 6848 6871 
3 6895 6894 6886 
3 6898 6883 6908 
3 6898 6909 6876 
3 6899 6857 6910 
3 6896 6854 6880 
3 6861 6897 6864 
3 6897 6902 6874 
3 6884 6911 6872 
3 6876 6912 6887 
3 6873 6887 6912 
3 6889 6858 6905 
3 6900 6839 6896 
3 6913 6896 6880 
3 6861 6914 6897 
3 6915 6880 6878 
3 6865 6894 6892 
3 6916 6885 6872 
3 6912 6903 6873 
3 6904 6910 6857 
3 6862 6917 6867 
3 6915 6878 6875 
3 6875 6881 6918 
3 6883 6885 6908 
3 6919 6912 6876 
3 6917 6862 6899 
3 6906 6893 6920 
3 6903 6921 6888 
3 6894 6895 6922 
3 6909 6919 6876 
3 6867 6923 6901 
3 6924 6900 6896 
3 6861 6870 6901 
3 6918 6881 6882 
3 6925 6899 6910 
3 6902 6897 6926 
3 6871 6892 6927 
3 6928 6891 6890 
3 6875 6929 6915 
3 6871 6927 6907 
3 6916 6872 6911 
3 6888 6930 6895 
3 6919 6909 6931 
3 6932 6896 6913 
3 6880 6915 6913 
3 6926 6897 6914 
3 6893 6902 6933 
3 6916 6908 6885 
3 6903 6912 6934 
3 6935 6904 6889 
3 6936 6914 6861 
3 6926 6933 6902 
3 6875 6918 6929 
3 6884 6906 6911 
3 6899 6925 6917 
3 6917 6923 6867 
3 6896 6932 6924 
3 6901 6936 6861 
3 6905 6935 6889 
3 6923 6917 6937 
3 6892 6894 6938 
3 6939 6922 6895 
3 6919 6940 6912 
3 6934 6912 6941 
3 6890 6942 6943 
3 6942 6890 6900 
3 6944 6907 6927 
3 6908 6909 6898 
3 6941 6945 6934 
3 6934 6921 6903 
3 6946 6910 6904 
3 6910 6946 6947 
3 6948 6936 6901 
3 6922 6938 6894 
3 6921 6930 6888 
3 6931 6949 6919 
3 6950 6951 6912 
3 6941 6912 6951 
3 6951 6952 6941 
3 6945 6941 6952 
3 6945 6952 6934 
3 6953 6891 6928 
3 6944 6882 6907 
3 6930 6939 6895 
3 6949 6954 6919 
3 6955 6919 6954 
3 6940 6919 6956 
3 6940 6957 6912 
3 6957 6950 6912 
3 6952 6951 6950 
3 6921 6934 6958 
3 6928 6890 6943 
3 6924 6942 6900 
3 6959 6918 6882 
3 6921 6960 6930 
3 6954 6949 6961 
3 6955 6956 6919 
3 6956 6962 6940 
3 6957 6940 6962 
3 6950 6957 6962 
3 6958 6934 6952 
3 6904 6935 6946 
3 6953 6935 6905 
3 6953 6905 6891 
3 6943 6942 6924 
3 6901 6923 6948 
3 6963 6932 6913 
3 6964 6920 6893 
3 6949 6965 6961 
3 6954 6961 6965 
3 6965 6955 6954 
3 6952 6950 6966 
3 6952 6967 6958 
3 6925 6910 6947 
3 6968 6915 6929 
3 6968 6929 6918 
3 6920 6969 6906 
3 6911 6906 6969 
3 6965 6949 6931 
3 6955 6962 6956 
3 6966 6950 6962 
3 6966 6970 6952 
3 6970 6971 6952 
3 6971 6972 6952 
3 6967 6952 6972 
3 6972 6958 6967 
3 6921 6958 6960 
3 6925 6973 6917 
3 6913 6915 6963 
3 6882 6944 6959 
3 6892 6974 6927 
3 6938 6922 6975 
3 6931 6976 6965 
3 6976 6977 6965 
3 6955 6965 6977 
3 6962 6955 6977 
3 6962 6971 6966 
3 6970 6966 6971 
3 6972 6971 6960 
3 6933 6964 6893 
3 6976 6931 6978 
3 6977 6976 6978 
3 6971 6962 6979 
3 6958 6972 6960 
3 6935 6980 6946 
3 6981 6909 6908 
3 6978 6982 6977 
3 6982 6983 6977 
3 6962 6977 6984 
3 6926 6914 6985 
3 6986 6987 6911 
3 6916 6911 6987 
3 6975 6988 6938 
3 6939 6975 6922 
3 6931 6989 6978 
3 6989 6990 6978 
3 6982 6978 6990 
3 6982 6990 6983 
3 6977 6983 6990 
3 6984 6977 6990 
3 6990 6991 6984 
3 6962 6984 6991 
3 6917 6973 6937 
3 6985 6914 6936 
3 6963 6915 6992 
3 6992 6915 6968 
3 6969 6920 6964 
3 6988 6892 6938 
3 6939 6930 6993 
3 6989 6931 6994 
3 6990 6989 6994 
3 6980 6947 6946 
3 6995 6974 6892 
3 6960 6996 6930 
3 6993 6930 6996 
3 6960 6971 6997 
3 6948 6923 6998 
3 6926 6999 6933 
3 6916 7000 6908 
3 6939 6993 7001 
3 6991 6979 6962 
3 6979 6997 6971 
3 6923 6937 6998 
3 6994 7002 6990 
3 6991 6990 7002 
3 7002 6979 6991 
3 6997 7003 6960 
3 7003 7004 6960 
3 6998 6937 6973 
3 6943 6924 7005 
3 6964 6933 6999 
3 6927 7006 6944 
3 6911 6969 6986 
3 6916 6987 7000 
3 6931 6909 7007 
3 7003 6997 7008 
3 7004 7003 7008 
3 7004 7009 6960 
3 7009 6996 6960 
3 6924 6932 7010 
3 6985 6999 6926 
3 6975 6939 7001 
3 7007 6909 6981 
3 6994 6931 7007 
3 6997 6979 7008 
3 7009 7004 7008 
3 6943 7005 6928 
3 7006 6927 6974 
3 7007 7002 6994 
3 7008 6996 7009 
3 6924 7011 7005 
3 6964 7012 6969 
3 6935 7013 6980 
3 7014 6948 6998 
3 6944 7006 7015 
3 6995 6892 6988 
3 6924 7010 7011 
3 6918 6992 6968 
3 6918 7016 6992 
3 7017 6918 6959 
3 7015 6959 6944 
3 6986 6969 7012 
3 7000 6987 7018 
3 7007 7019 7002 
3 7002 7008 6979 
3 6932 7020 7010 
3 6932 6963 7020 
3 6918 7017 7016 
3 7018 6987 6986 
3 6981 6908 7000 
3 7021 6996 7008 
3 6947 6980 7022 
3 6947 7022 6925 
3 7023 6953 6928 
3 7001 7024 6975 
3 7007 6981 7025 
3 6996 7026 6993 
3 7027 7021 7008 
3 6974 7028 7006 
3 7000 7025 6981 
3 7029 6935 6953 
3 6928 7005 7023 
3 6936 7030 6985 
3 6999 6985 7031 
3 7021 7026 6996 
3 6935 7029 7013 
3 6973 7032 6998 
3 7016 7033 6992 
3 6995 7028 6974 
3 7034 7025 7000 
3 7029 6953 7023 
3 7028 6995 7035 
3 7000 7018 7034 
3 7001 6993 7026 
3 7008 7002 7019 
3 6998 7032 7014 
3 7030 6936 6948 
3 7036 6963 6992 
3 7035 6995 6988 
3 7037 7034 7018 
3 7038 7023 7005 
3 7010 7039 7011 
3 7014 7040 6948 
3 7030 6948 7040 
3 6975 7024 6988 
3 7024 7001 7041 
3 7027 7008 7019 
3 7037 7018 6986 
3 6980 7013 7042 
3 6980 7042 7022 
3 7033 7016 7017 
3 7024 7043 6988 
3 7022 7044 6925 
3 7036 7020 6963 
3 7005 7011 7038 
3 7033 7045 6992 
3 7046 6959 7015 
3 7025 7019 7007 
3 7022 7042 7044 
3 7043 7035 6988 
3 7032 7047 7014 
3 7030 7031 6985 
3 7026 7041 7001 
3 7044 6973 6925 
3 7010 7020 7039 
3 7045 7036 6992 
3 7048 6973 7044 
3 7032 6973 7048 
3 7011 7039 7038 
3 7047 7040 7014 
3 7019 7049 7027 
3 7023 7050 7029 
3 6999 7051 6964 
3 7052 7012 6964 
3 7043 7024 7053 
3 7054 7027 7055 
3 7021 7027 7054 
3 7013 7029 7042 
3 7020 7056 7039 
3 6986 7012 7057 
3 7057 7058 6986 
3 7037 6986 7058 
3 7052 7057 7012 
3 7034 7037 7059 
3 7049 7055 7027 
3 7021 7060 7026 
3 7054 7061 7021 
3 7031 7062 6999 
3 7063 7033 7017 
3 7064 7051 6999 
3 7052 6964 7051 
3 7015 7065 7046 
3 7028 7035 7066 
3 7025 7034 7059 
3 7067 7060 7021 
3 7061 7054 7055 
3 7061 7067 7021 
3 7023 7068 7050 
3 7068 7023 7038 
3 7048 7047 7032 
3 7036 7056 7020 
3 7033 7069 7045 
3 7065 7015 7006 
3 7065 7006 7028 
3 7055 7067 7061 
3 7070 7031 7030 
3 7062 7064 6999 
3 7028 7066 7065 
3 7053 7035 7043 
3 7071 7059 7037 
3 7067 7055 7072 
3 7025 7049 7019 
3 7073 7029 7050 
3 7039 7074 7038 
3 7046 7017 6959 
3 7060 7041 7026 
3 7075 7056 7036 
3 7017 7046 7063 
3 7049 7072 7055 
3 7047 7076 7040 
3 7040 7070 7030 
3 7077 7033 7063 
3 7071 7037 7058 
3 7024 7041 7078 
3 7029 7079 7042 
3 7080 7068 7038 
3 7047 7048 7081 
3 7039 7082 7074 
3 7059 7083 7025 
3 7049 7025 7084 
3 7085 7036 7045 
3 7033 7077 7069 
3 7053 7024 7078 
3 7080 7038 7074 
3 7062 7031 7086 
3 7085 7045 7069 
3 7046 7077 7063 
3 7078 7041 7060 
3 7072 7049 7087 
3 7044 7088 7048 
3 7039 7056 7082 
3 7076 7070 7040 
3 7035 7089 7066 
3 7051 7090 7052 
3 7052 7091 7057 
3 7071 7092 7059 
3 7049 7084 7087 
3 7042 7088 7044 
3 7081 7048 7093 
3 7076 7047 7081 
3 7070 7076 7094 
3 7035 7053 7089 
3 7092 7083 7059 
3 7079 7029 7073 
3 7064 7062 7095 
3 7096 7065 7066 
3 7097 7031 7070 
3 7086 7095 7062 
3 7064 7090 7051 
3 7058 7057 7091 
3 7083 7084 7025 
3 7050 7068 7073 
3 7081 7094 7076 
3 7036 7085 7075 
3 7098 7046 7065 
3 7058 7092 7071 
3 7094 7097 7070 
3 7097 7099 7031 
3 7095 7090 7064 
3 7077 7046 7098 
3 7100 7052 7090 
3 7101 7089 7053 
3 7067 7072 7102 
3 7083 7103 7084 
3 7099 7086 7031 
3 7089 7096 7066 
3 7078 7104 7105 
3 7078 7060 7104 
3 7087 7106 7072 
3 7103 7087 7084 
3 7053 7078 7105 
3 7107 7103 7083 
3 7108 7056 7075 
3 7065 7109 7098 
3 7109 7065 7096 
3 7053 7105 7101 
3 7102 7060 7067 
3 7088 7042 7110 
3 7074 7082 7080 
3 7108 7075 7085 
3 7106 7102 7072 
3 7081 7111 7094 
3 7083 7092 7107 
3 7112 7069 7077 
3 7100 7091 7052 
3 7091 7092 7058 
3 7113 7097 7094 
3 7069 7112 7085 
3 7068 7080 7114 
3 7048 7088 7093 
3 7085 7112 7115 
3 7095 7086 7116 
3 7079 7117 7042 
3 7117 7079 7073 
3 7118 7099 7097 
3 7119 7107 7092 
3 7060 7102 7120 
3 7103 7121 7087 
3 7042 7117 7110 
3 7114 7073 7068 
3 7082 7056 7122 
3 7113 7118 7097 
3 7085 7115 7108 
3 7123 7098 7109 
3 7092 7091 7124 
3 7060 7125 7104 
3 7126 7117 7073 
3 7126 7073 7114 
3 7127 7080 7082 
3 7111 7113 7094 
3 7118 7086 7099 
3 7100 7090 7128 
3 7129 7089 7101 
3 7056 7130 7122 
3 7109 7096 7123 
3 7089 7129 7096 
3 7105 7129 7101 
3 7093 7131 7081 
3 7056 7108 7132 
3 7091 7100 7133 
3 7125 7105 7104 
3 7120 7134 7060 
3 7135 7088 7110 
3 7080 7136 7114 
3 7137 7093 7088 
3 7136 7080 7127 
3 7082 7122 7127 
3 7131 7111 7081 
3 7095 7116 7138 
3 7095 7128 7090 
3 7106 7120 7102 
3 7121 7103 7139 
3 7132 7130 7056 
3 7140 7077 7098 
3 7141 7087 7121 
3 7142 7126 7114 
3 7131 7093 7137 
3 7143 7113 7111 
3 7116 7086 7144 
3 7077 7140 7112 
3 7128 7095 7138 
3 7140 7098 7123 
3 7123 7096 7145 
3 7106 7087 7141 
3 7103 7107 7146 
3 7146 7139 7103 
3 7117 7147 7110 
3 7148 7117 7126 
3 7143 7111 7131 
3 7100 7128 7133 
3 7129 7145 7096 
3 7060 7149 7125 
3 7141 7120 7106 
3 7150 7141 7121 
3 7118 7144 7086 
3 7124 7119 7092 
3 7134 7149 7060 
3 7121 7139 7151 
3 7150 7121 7151 
3 7147 7117 7148 
3 7126 7142 7152 
3 7130 7153 7154 
3 7112 7155 7115 
3 7124 7091 7133 
3 7122 7130 7154 
3 7155 7112 7140 
3 7107 7139 7146 
3 7110 7147 7135 
3 7115 7156 7108 
3 7153 7130 7132 
3 7108 7157 7132 
3 7158 7145 7129 
3 7105 7158 7129 
3 7149 7134 7159 
3 7120 7141 7160 
3 7105 7125 7161 
3 7120 7159 7134 
3 7126 7152 7148 
3 7088 7135 7162 
3 7137 7088 7162 
3 7108 7156 7157 
3 7116 7163 7138 
3 7140 7164 7165 
3 7138 7166 7128 
3 7167 7147 7148 
3 7118 7113 7168 
3 7116 7144 7163 
3 7165 7155 7140 
3 7164 7140 7123 
3 7125 7149 7169 
3 7150 7160 7141 
3 7154 7127 7122 
3 7170 7113 7143 
3 7170 7168 7113 
3 7168 7144 7118 
3 7151 7139 7171 
3 7139 7107 7172 
3 7133 7128 7166 
3 7161 7125 7173 
3 7149 7159 7169 
3 7171 7150 7151 
3 7174 7137 7162 
3 7153 7175 7154 
3 7175 7153 7132 
3 7176 7120 7160 
3 7177 7172 7107 
3 7166 7138 7178 
3 7107 7119 7177 
3 7179 7136 7127 
3 7175 7132 7157 
3 7115 7155 7156 
3 7163 7178 7138 
3 7161 7158 7105 
3 7180 7125 7169 
3 7150 7176 7160 
3 7139 7172 7171 
3 7167 7148 7152 
3 7131 7137 7174 
3 7124 7181 7119 
3 7180 7173 7125 
3 7147 7167 7135 
3 7182 7114 7136 
3 7183 7175 7157 
3 7133 7166 7184 
3 7185 7123 7145 
3 7186 7180 7169 
3 7171 7187 7150 
3 7135 7188 7162 
3 7124 7133 7184 
3 7171 7172 7177 
3 7114 7182 7142 
3 7182 7136 7179 
3 7189 7131 7190 
3 7143 7131 7189 
3 7123 7191 7164 
3 7169 7159 7186 
3 7192 7135 7167 
3 7168 7163 7144 
3 7165 7193 7155 
3 7119 7181 7194 
3 7159 7120 7195 
3 7187 7176 7150 
3 7192 7188 7135 
3 7196 7142 7182 
3 7179 7127 7154 
3 7170 7143 7189 
3 7197 7156 7155 
3 7185 7191 7123 
3 7173 7198 7161 
3 7195 7186 7159 
3 7194 7177 7119 
3 7199 7167 7152 
3 7157 7156 7183 
3 7200 7168 7170 
3 7173 7180 7198 
3 7188 7174 7162 
3 7145 7201 7185 
3 7201 7145 7158 
3 7176 7195 7120 
3 7199 7152 7142 
3 7175 7202 7154 
3 7203 7175 7183 
3 7177 7204 7171 
3 7131 7174 7205 
3 7164 7191 7165 
3 7184 7166 7206 
3 7154 7202 7179 
3 7190 7131 7205 
3 7175 7203 7202 
3 7183 7156 7197 
3 7155 7193 7197 
3 7181 7124 7184 
3 7171 7204 7207 
3 7163 7168 7200 
3 7161 7208 7158 
3 7209 7176 7187 
3 7210 7177 7194 
3 7170 7189 7200 
3 7211 7195 7176 
3 7207 7187 7171 
3 7212 7204 7177 
3 7165 7213 7193 
3 7178 7163 7214 
3 7191 7185 7215 
3 7194 7181 7216 
3 7216 7217 7194 
3 7217 7210 7194 
3 7209 7211 7176 
3 7207 7218 7187 
3 7219 7182 7179 
3 7163 7200 7220 
3 7181 7221 7216 
3 7216 7221 7222 
3 7222 7223 7216 
3 7223 7217 7216 
3 7217 7223 7222 
3 7222 7210 7217 
3 7198 7180 7186 
3 7207 7204 7224 
3 7212 7224 7204 
3 7142 7225 7199 
3 7219 7179 7202 
3 7197 7226 7183 
3 7206 7166 7227 
3 7185 7201 7215 
3 7158 7208 7201 
3 7221 7210 7222 
3 7228 7212 7177 
3 7167 7199 7229 
3 7225 7142 7196 
3 7205 7230 7190 
3 7214 7163 7220 
3 7167 7229 7231 
3 7230 7189 7190 
3 7213 7232 7193 
3 7165 7233 7213 
3 7233 7165 7191 
3 7227 7166 7178 
3 7234 7161 7198 
3 7198 7186 7235 
3 7195 7235 7186 
3 7224 7236 7207 
3 7167 7231 7192 
3 7196 7182 7219 
3 7237 7197 7193 
3 7193 7232 7238 
3 7177 7210 7228 
3 7239 7233 7191 
3 7234 7208 7161 
3 7221 7228 7210 
3 7218 7207 7236 
3 7199 7225 7240 
3 7219 7241 7196 
3 7241 7219 7202 
3 7237 7193 7238 
3 7213 7233 7232 
3 7227 7178 7242 
3 7181 7184 7243 
3 7188 7244 7174 
3 7206 7245 7184 
3 7209 7187 7218 
3 7236 7224 7246 
3 7244 7205 7174 
3 7247 7202 7203 
3 7197 7237 7248 
3 7243 7221 7181 
3 7224 7212 7246 
3 7196 7240 7225 
3 7244 7249 7205 
3 7226 7197 7248 
3 7178 7214 7242 
3 7208 7250 7201 
3 7209 7218 7251 
3 7230 7252 7189 
3 7232 7233 7239 
3 7246 7251 7236 
3 7253 7229 7199 
3 7199 7240 7253 
3 7227 7245 7206 
3 7243 7184 7245 
3 7211 7209 7254 
3 7202 7255 7241 
3 7183 7247 7203 
3 7200 7189 7252 
3 7256 7248 7237 
3 7237 7238 7256 
3 7242 7257 7227 
3 7211 7235 7195 
3 7212 7228 7258 
3 7231 7229 7253 
3 7259 7192 7231 
3 7192 7259 7188 
3 7196 7260 7240 
3 7183 7226 7247 
3 7191 7215 7239 
3 7227 7257 7245 
3 7218 7236 7251 
3 7246 7212 7258 
3 7188 7259 7261 
3 7255 7196 7241 
3 7234 7262 7208 
3 7243 7263 7221 
3 7254 7209 7251 
3 7258 7228 7264 
3 7246 7265 7251 
3 7255 7260 7196 
3 7230 7205 7249 
3 7252 7266 7200 
3 7220 7200 7266 
3 7220 7267 7214 
3 7267 7242 7214 
3 7208 7262 7250 
3 7254 7268 7211 
3 7261 7244 7188 
3 7226 7248 7256 
3 7263 7228 7221 
3 7235 7211 7268 
3 7258 7264 7246 
3 7239 7269 7232 
3 7264 7265 7246 
3 7202 7270 7255 
3 7270 7202 7247 
3 7249 7252 7230 
3 7245 7263 7243 
3 7235 7271 7198 
3 7251 7265 7272 
3 7273 7247 7226 
3 7256 7238 7232 
3 7250 7274 7201 
3 7234 7198 7275 
3 7260 7253 7240 
3 7268 7271 7235 
3 7276 7259 7231 
3 7232 7269 7256 
3 7267 7277 7242 
3 7201 7278 7215 
3 7279 7201 7274 
3 7262 7280 7250 
3 7250 7280 7274 
3 7263 7281 7228 
3 7264 7228 7281 
3 7259 7282 7261 
3 7257 7242 7277 
3 7239 7215 7278 
3 7278 7201 7279 
3 7274 7280 7279 
3 7265 7283 7272 
3 7282 7259 7276 
3 7249 7244 7284 
3 7285 7270 7247 
3 7249 7286 7252 
3 7287 7247 7273 
3 7288 7239 7278 
3 7285 7255 7270 
3 7268 7254 7289 
3 7254 7251 7289 
3 7266 7252 7290 
3 7291 7267 7220 
3 7271 7275 7198 
3 7272 7289 7251 
3 7265 7264 7283 
3 7253 7292 7231 
3 7275 7262 7234 
3 7231 7292 7276 
3 7226 7293 7273 
3 7266 7291 7220 
3 7262 7294 7280 
3 7293 7226 7256 
3 7277 7267 7295 
3 7245 7257 7296 
3 7297 7276 7292 
3 7298 7253 7260 
3 7299 7260 7255 
3 7279 7280 7294 
3 7263 7245 7300 
3 7301 7262 7275 
3 7271 7301 7275 
3 7284 7244 7261 
3 7295 7257 7277 
3 7260 7299 7302 
3 7303 7281 7263 
3 7272 7283 7304 
3 7253 7298 7292 
3 7290 7252 7286 
3 7256 7305 7293 
3 7269 7239 7288 
3 7295 7296 7257 
3 7283 7264 7306 
3 7260 7302 7298 
3 7307 7278 7279 
3 7282 7276 7297 
3 7256 7269 7305 
3 7267 7308 7295 
3 7296 7300 7245 
3 7272 7309 7289 
3 7284 7310 7249 
3 7285 7247 7287 
3 7290 7291 7266 
3 7285 7311 7255 
3 7268 7289 7312 
3 7283 7306 7304 
3 7298 7313 7292 
3 7314 7298 7302 
3 7293 7315 7273 
3 7304 7309 7272 
3 7297 7316 7282 
3 7314 7302 7299 
3 7287 7273 7317 
3 7267 7291 7308 
3 7318 7288 7278 
3 7307 7318 7278 
3 7307 7279 7294 
3 7317 7273 7315 
3 7315 7293 7305 
3 7319 7269 7288 
3 7294 7262 7320 
3 7264 7281 7321 
3 7322 7314 7299 
3 7284 7261 7323 
3 7255 7322 7299 
3 7306 7264 7324 
3 7313 7298 7314 
3 7255 7311 7322 
3 7325 7285 7287 
3 7300 7296 7326 
3 7321 7324 7264 
3 7327 7306 7324 
3 7286 7249 7310 
3 7290 7286 7328 
3 7329 7317 7315 
3 7326 7296 7295 
3 7330 7281 7303 
3 7312 7331 7271 
3 7271 7268 7312 
3 7289 7309 7332 
3 7297 7292 7313 
3 7316 7261 7282 
3 7304 7306 7327 
3 7325 7287 7317 
3 7281 7330 7321 
3 7333 7316 7297 
3 7291 7290 7334 
3 7335 7303 7263 
3 7262 7301 7320 
3 7289 7332 7312 
3 7324 7321 7336 
3 7336 7337 7324 
3 7310 7328 7286 
3 7291 7338 7308 
3 7319 7288 7318 
3 7327 7324 7337 
3 7316 7323 7261 
3 7291 7339 7338 
3 7300 7335 7263 
3 7327 7309 7304 
3 7337 7340 7327 
3 7314 7322 7341 
3 7323 7310 7284 
3 7342 7311 7285 
3 7334 7339 7291 
3 7320 7307 7294 
3 7301 7343 7320 
3 7301 7271 7344 
3 7336 7321 7330 
3 7325 7317 7329 
3 7345 7305 7269 
3 7308 7346 7295 
3 7347 7330 7303 
3 7305 7348 7315 
3 7326 7335 7300 
3 7331 7344 7271 
3 7333 7297 7313 
3 7349 7322 7311 
3 7342 7285 7325 
3 7269 7319 7345 
3 7309 7327 7340 
3 7313 7314 7341 
3 7290 7328 7350 
3 7334 7290 7350 
3 7338 7346 7308 
3 7326 7295 7346 
3 7351 7335 7326 
3 7320 7352 7307 
3 7303 7335 7347 
3 7312 7332 7353 
3 7348 7305 7345 
3 7354 7318 7307 
3 7340 7355 7309 
3 7337 7356 7340 
3 7357 7333 7313 
3 7316 7333 7358 
3 7307 7352 7359 
3 7309 7353 7332 
3 7357 7313 7341 
3 7349 7311 7342 
3 7343 7301 7344 
3 7341 7360 7357 
3 7361 7310 7323 
3 7337 7336 7362 
3 7316 7361 7323 
3 7363 7349 7342 
3 7328 7310 7364 
3 7307 7359 7354 
3 7326 7365 7351 
3 7366 7320 7343 
3 7347 7336 7330 
3 7356 7355 7340 
3 7337 7367 7356 
3 7341 7322 7368 
3 7322 7349 7368 
3 7338 7369 7346 
3 7319 7370 7345 
3 7318 7370 7319 
3 7318 7354 7370 
3 7346 7365 7326 
3 7352 7320 7366 
3 7336 7347 7362 
3 7362 7367 7337 
3 7371 7325 7329 
3 7372 7329 7315 
3 7367 7373 7356 
3 7316 7358 7374 
3 7374 7361 7316 
3 7309 7375 7353 
3 7341 7368 7376 
3 7377 7368 7349 
3 7342 7378 7363 
3 7364 7379 7328 
3 7347 7335 7380 
3 7355 7375 7309 
3 7356 7373 7381 
3 7381 7382 7356 
3 7360 7341 7376 
3 7342 7371 7378 
3 7325 7371 7342 
3 7339 7383 7338 
3 7331 7312 7384 
3 7355 7356 7382 
3 7380 7335 7351 
3 7331 7385 7344 
3 7312 7353 7384 
3 7382 7381 7373 
3 7333 7357 7386 
3 7361 7387 7310 
3 7343 7344 7388 
3 7389 7358 7333 
3 7389 7333 7386 
3 7364 7310 7387 
3 7372 7371 7329 
3 7315 7390 7372 
3 7354 7391 7370 
3 7331 7384 7385 
3 7367 7362 7392 
3 7373 7367 7392 
3 7379 7350 7328 
3 7390 7315 7348 
3 7393 7346 7369 
3 7388 7344 7385 
3 7392 7382 7373 
3 7394 7386 7357 
3 7394 7357 7360 
3 7377 7349 7363 
3 7395 7348 7345 
3 7352 7366 7396 
3 7384 7353 7397 
3 7339 7334 7350 
3 7348 7395 7390 
3 7369 7338 7383 
3 7380 7351 7398 
3 7362 7347 7399 
3 7382 7400 7355 
3 7401 7346 7393 
3 7365 7346 7401 
3 7391 7354 7359 
3 7396 7359 7352 
3 7343 7388 7402 
3 7380 7399 7347 
3 7385 7384 7403 
3 7355 7400 7375 
3 7362 7404 7392 
3 7361 7374 7405 
3 7363 7378 7406 
3 7365 7407 7351 
3 7408 7400 7382 
3 7389 7386 7394 
3 7374 7358 7409 
3 7377 7376 7368 
3 7371 7406 7378 
3 7350 7410 7339 
3 7353 7375 7411 
3 7392 7408 7382 
3 7404 7412 7392 
3 7387 7379 7364 
3 7383 7339 7410 
3 7343 7402 7366 
3 7403 7384 7397 
3 7362 7399 7404 
3 7412 7413 7392 
3 7405 7387 7361 
3 7387 7414 7379 
3 7401 7393 7415 
3 7388 7385 7403 
3 7397 7353 7411 
3 7409 7405 7374 
3 7363 7406 7377 
3 7393 7369 7416 
3 7398 7351 7407 
3 7417 7372 7390 
3 7418 7370 7391 
3 7408 7392 7413 
3 7350 7379 7419 
3 7410 7350 7419 
3 7370 7418 7345 
3 7365 7401 7415 
3 7396 7420 7359 
3 7388 7403 7421 
3 7412 7404 7422 
3 7358 7389 7409 
3 7372 7417 7371 
3 7395 7417 7390 
3 7410 7423 7383 
3 7383 7416 7369 
3 7413 7412 7422 
3 7360 7376 7394 
3 7359 7424 7391 
3 7425 7394 7376 
3 7377 7426 7376 
3 7427 7377 7406 
3 7345 7428 7395 
3 7416 7415 7393 
3 7365 7415 7407 
3 7399 7380 7429 
3 7430 7397 7411 
3 7400 7408 7431 
3 7414 7419 7379 
3 7345 7418 7428 
3 7359 7420 7424 
3 7429 7380 7398 
3 7375 7400 7431 
3 7408 7413 7432 
3 7383 7423 7416 
3 7433 7366 7402 
3 7402 7388 7434 
3 7421 7434 7388 
3 7432 7413 7422 
3 7435 7424 7420 
3 7431 7411 7375 
3 7432 7431 7408 
3 7426 7425 7376 
3 7426 7377 7427 
3 7436 7406 7371 
3 7394 7425 7389 
3 7371 7417 7437 
3 7396 7366 7433 
3 7403 7397 7438 
3 7439 7422 7404 
3 7440 7395 7428 
3 7430 7438 7397 
3 7399 7439 7404 
3 7405 7409 7441 
3 7410 7419 7423 
3 7420 7396 7435 
3 7411 7431 7430 
3 7439 7432 7422 
3 7395 7440 7417 
3 7409 7389 7441 
3 7414 7387 7442 
3 7436 7371 7437 
3 7439 7399 7443 
3 7396 7433 7435 
3 7443 7399 7429 
3 7444 7437 7417 
3 7433 7402 7434 
3 7421 7403 7445 
3 7446 7405 7441 
3 7405 7446 7387 
3 7447 7436 7437 
3 7415 7416 7448 
3 7449 7418 7391 
3 7403 7438 7445 
3 7450 7431 7432 
3 7442 7387 7446 
3 7391 7424 7449 
3 7398 7407 7451 
3 7439 7450 7432 
3 7447 7406 7436 
3 7418 7452 7428 
3 7407 7415 7448 
3 7430 7431 7453 
3 7454 7426 7427 
3 7455 7427 7406 
3 7456 7443 7429 
3 7425 7457 7389 
3 7458 7419 7414 
3 7423 7459 7416 
3 7460 7418 7449 
3 7429 7398 7456 
3 7426 7461 7425 
3 7462 7414 7442 
3 7434 7463 7433 
3 7464 7457 7425 
3 7427 7455 7454 
3 7452 7418 7460 
3 7430 7445 7438 
3 7439 7443 7465 
3 7450 7466 7431 
3 7454 7467 7426 
3 7468 7406 7447 
3 7456 7398 7469 
3 7470 7434 7421 
3 7441 7389 7457 
3 7426 7467 7461 
3 7454 7455 7467 
3 7447 7437 7471 
3 7437 7444 7471 
3 7458 7472 7419 
3 7419 7472 7423 
3 7473 7448 7416 
3 7424 7435 7474 
3 7435 7433 7475 
3 7406 7468 7455 
3 7407 7448 7451 
3 7474 7449 7424 
3 7470 7463 7434 
3 7476 7450 7439 
3 7458 7414 7462 
3 7477 7444 7417 
3 7451 7469 7398 
3 7453 7431 7466 
3 7478 7455 7468 
3 7440 7479 7417 
3 7428 7480 7440 
3 7480 7428 7452 
3 7475 7481 7435 
3 7445 7470 7421 
3 7482 7441 7457 
3 7476 7483 7450 
3 7464 7482 7457 
3 7484 7425 7461 
3 7448 7485 7451 
3 7486 7475 7433 
3 7465 7476 7439 
3 7467 7455 7461 
3 7417 7479 7477 
3 7486 7433 7463 
3 7462 7442 7487 
3 7487 7458 7462 
3 7488 7447 7471 
3 7472 7489 7423 
3 7489 7459 7423 
3 7440 7480 7479 
3 7459 7473 7416 
3 7469 7451 7490 
3 7491 7465 7443 
3 7459 7489 7492 
3 7448 7473 7493 
3 7485 7448 7493 
3 7485 7490 7451 
3 7456 7491 7443 
3 7476 7465 7494 
3 7495 7444 7477 
3 7459 7496 7473 
3 7435 7481 7474 
3 7497 7445 7430 
3 7483 7466 7450 
3 7483 7476 7498 
3 7499 7464 7425 
3 7499 7425 7484 
3 7488 7468 7447 
3 7471 7444 7495 
3 7495 7477 7479 
3 7456 7469 7500 
3 7501 7463 7470 
3 7430 7453 7497 
3 7502 7464 7499 
3 7441 7503 7446 
3 7446 7503 7442 
3 7480 7452 7460 
3 7501 7470 7445 
3 7472 7504 7489 
3 7505 7449 7474 
3 7456 7500 7491 
3 7506 7461 7455 
3 7466 7507 7453 
3 7466 7483 7498 
3 7482 7464 7502 
3 7506 7484 7461 
3 7503 7441 7508 
3 7509 7455 7478 
3 7505 7460 7449 
3 7490 7500 7469 
3 7508 7441 7482 
3 7468 7510 7478 
3 7486 7463 7511 
3 7512 7478 7510 
3 7471 7495 7488 
3 7485 7493 7513 
3 7514 7481 7475 
3 7500 7490 7515 
3 7497 7453 7507 
3 7484 7506 7499 
3 7509 7506 7455 
3 7510 7516 7512 
3 7468 7488 7510 
3 7487 7504 7458 
3 7492 7489 7504 
3 7492 7517 7459 
3 7496 7459 7517 
3 7499 7506 7518 
3 7519 7516 7510 
3 7510 7488 7519 
3 7472 7458 7504 
3 7493 7520 7513 
3 7520 7521 7513 
3 7521 7522 7513 
3 7485 7513 7522 
3 7523 7505 7474 
3 7524 7475 7486 
3 7499 7518 7502 
3 7473 7496 7525 
3 7522 7521 7520 
3 7490 7485 7526 
3 7514 7474 7481 
3 7527 7494 7465 
3 7476 7528 7498 
3 7509 7478 7512 
3 7516 7529 7512 
3 7516 7519 7529 
3 7530 7479 7480 
3 7531 7480 7460 
3 7493 7473 7525 
3 7520 7493 7525 
3 7522 7526 7485 
3 7524 7486 7511 
3 7528 7466 7498 
3 7512 7529 7519 
3 7495 7479 7530 
3 7522 7520 7525 
3 7525 7526 7522 
3 7490 7526 7515 
3 7514 7523 7474 
3 7460 7505 7532 
3 7500 7533 7491 
3 7507 7466 7528 
3 7494 7528 7476 
3 7514 7475 7524 
3 7534 7524 7511 
3 7501 7535 7463 
3 7506 7536 7518 
3 7491 7527 7465 
3 7504 7487 7537 
3 7525 7496 7538 
3 7445 7497 7539 
3 7497 7507 7540 
3 7506 7509 7536 
3 7442 7503 7541 
3 7542 7519 7488 
3 7543 7492 7504 
3 7542 7509 7512 
3 7542 7512 7519 
3 7487 7442 7541 
3 7544 7488 7495 
3 7517 7538 7496 
3 7500 7545 7533 
3 7533 7527 7491 
3 7507 7528 7540 
3 7487 7541 7537 
3 7546 7495 7530 
3 7543 7517 7492 
3 7547 7505 7523 
3 7535 7501 7548 
3 7548 7501 7445 
3 7539 7548 7445 
3 7502 7549 7482 
3 7463 7535 7511 
3 7494 7527 7550 
3 7502 7551 7549 
3 7551 7502 7518 
3 7460 7532 7531 
3 7547 7532 7505 
3 7526 7552 7515 
3 7494 7553 7528 
3 7508 7554 7503 
3 7541 7503 7554 
3 7495 7555 7544 
3 7525 7552 7526 
3 7534 7514 7524 
3 7540 7539 7497 
3 7537 7556 7504 
3 7480 7531 7530 
3 7532 7547 7557 
3 7523 7514 7558 
3 7535 7559 7511 
3 7540 7528 7560 
3 7543 7504 7561 
3 7557 7531 7532 
3 7523 7558 7547 
3 7500 7515 7562 
3 7562 7545 7500 
3 7534 7511 7559 
3 7563 7494 7550 
3 7563 7553 7494 
3 7495 7546 7555 
3 7552 7525 7564 
3 7528 7553 7560 
3 7508 7482 7549 
3 7508 7549 7565 
3 7527 7533 7566 
3 7567 7548 7539 
3 7550 7527 7566 
3 7554 7508 7565 
3 7567 7539 7540 
3 7517 7568 7538 
3 7525 7538 7569 
3 7533 7545 7566 
3 7514 7534 7558 
3 7556 7561 7504 
3 7543 7570 7517 
3 7564 7525 7569 
3 7562 7515 7571 
3 7545 7562 7571 
3 7518 7572 7551 
3 7488 7544 7573 
3 7538 7568 7569 
3 7572 7518 7536 
3 7574 7536 7509 
3 7554 7575 7541 
3 7530 7531 7576 
3 7488 7573 7542 
3 7575 7537 7541 
3 7576 7546 7530 
3 7545 7571 7577 
3 7568 7517 7570 
3 7553 7563 7578 
3 7579 7542 7573 
3 7558 7534 7580 
3 7515 7577 7571 
3 7579 7509 7542 
3 7559 7581 7534 
3 7581 7559 7535 
3 7560 7582 7540 
3 7551 7583 7549 
3 7561 7584 7543 
3 7515 7552 7577 
3 7566 7585 7550 
3 7583 7551 7572 
3 7549 7586 7565 
3 7556 7537 7575 
3 7587 7561 7556 
3 7588 7570 7543 
3 7547 7589 7557 
3 7564 7590 7552 
3 7535 7548 7591 
3 7567 7540 7592 
3 7593 7554 7565 
3 7561 7587 7584 
3 7555 7546 7576 
3 7568 7594 7569 
3 7547 7558 7589 
3 7563 7550 7578 
3 7536 7595 7572 
3 7596 7594 7568 
3 7597 7581 7535 
3 7548 7567 7591 
3 7560 7598 7582 
3 7598 7560 7553 
3 7550 7599 7578 
3 7586 7549 7583 
3 7572 7600 7583 
3 7594 7590 7564 
3 7601 7534 7581 
3 7599 7550 7585 
3 7579 7574 7509 
3 7568 7570 7588 
3 7594 7564 7569 
3 7591 7597 7535 
3 7595 7536 7574 
3 7531 7602 7576 
3 7531 7603 7602 
3 7603 7531 7557 
3 7601 7580 7534 
3 7582 7592 7540 
3 7553 7578 7604 
3 7556 7575 7605 
3 7545 7606 7566 
3 7572 7595 7600 
3 7543 7584 7607 
3 7608 7589 7558 
3 7609 7544 7555 
3 7596 7568 7588 
3 7590 7577 7552 
3 7608 7558 7580 
3 7606 7585 7566 
3 7585 7606 7599 
3 7573 7610 7579 
3 7611 7603 7557 
3 7612 7592 7582 
3 7553 7604 7598 
3 7609 7573 7544 
3 7596 7613 7594 
3 7589 7611 7557 
3 7614 7591 7567 
3 7599 7604 7578 
3 7615 7565 7586 
3 7593 7616 7554 
3 7575 7554 7616 
3 7610 7573 7609 
3 7588 7543 7607 
3 7617 7601 7581 
3 7583 7600 7586 
3 7613 7596 7588 
3 7602 7603 7611 
3 7618 7607 7584 
3 7619 7595 7574 
3 7616 7605 7575 
3 7605 7587 7556 
3 7590 7594 7620 
3 7621 7606 7545 
3 7614 7567 7592 
3 7622 7574 7579 
3 7623 7609 7555 
3 7545 7577 7621 
3 7624 7597 7591 
3 7614 7592 7625 
3 7593 7565 7615 
3 7587 7618 7584 
3 7580 7601 7626 
3 7592 7612 7625 
3 7627 7586 7600 
3 7586 7628 7615 
3 7555 7629 7623 
3 7581 7597 7617 
3 7591 7614 7630 
3 7582 7631 7612 
3 7606 7632 7599 
3 7576 7629 7555 
3 7633 7611 7589 
3 7633 7589 7608 
3 7598 7631 7582 
3 7599 7634 7604 
3 7586 7627 7628 
3 7610 7622 7579 
3 7577 7590 7620 
3 7634 7598 7604 
3 7595 7627 7600 
3 7595 7619 7635 
3 7574 7622 7619 
3 7607 7636 7588 
3 7601 7617 7626 
3 7630 7624 7591 
3 7580 7637 7608 
3 7625 7630 7614 
3 7598 7634 7638 
3 7632 7634 7599 
3 7595 7635 7627 
3 7597 7624 7639 
3 7628 7640 7615 
3 7609 7641 7610 
3 7623 7641 7609 
3 7642 7576 7602 
3 7642 7602 7611 
3 7580 7626 7637 
3 7643 7605 7616 
3 7594 7613 7644 
3 7612 7645 7625 
3 7640 7628 7627 
3 7616 7593 7646 
3 7621 7577 7647 
3 7625 7648 7630 
3 7649 7615 7640 
3 7615 7649 7593 
3 7622 7610 7650 
3 7587 7605 7651 
3 7608 7652 7633 
3 7647 7653 7621 
3 7630 7654 7624 
3 7648 7625 7645 
3 7655 7632 7606 
3 7598 7638 7631 
3 7632 7656 7634 
3 7643 7616 7646 
3 7610 7657 7650 
3 7613 7588 7636 
3 7648 7645 7630 
3 7658 7623 7629 
3 7620 7594 7644 
3 7620 7647 7577 
3 7659 7617 7597 
3 7653 7606 7621 
3 7610 7641 7657 
3 7587 7660 7618 
3 7576 7661 7629 
3 7618 7636 7607 
3 7576 7642 7661 
3 7653 7655 7606 
3 7634 7656 7638 
3 7658 7641 7623 
3 7651 7660 7587 
3 7626 7617 7659 
3 7639 7659 7597 
3 7645 7612 7631 
3 7651 7605 7643 
3 7662 7636 7618 
3 7624 7654 7639 
3 7652 7608 7637 
3 7647 7620 7663 
3 7619 7622 7664 
3 7650 7665 7622 
3 7660 7662 7618 
3 7666 7611 7633 
3 7667 7640 7627 
3 7619 7664 7635 
3 7668 7642 7611 
3 7645 7669 7630 
3 7638 7656 7670 
3 7657 7641 7658 
3 7644 7663 7620 
3 7654 7630 7669 
3 7671 7656 7632 
3 7627 7672 7667 
3 7627 7635 7672 
3 7649 7640 7667 
3 7649 7646 7593 
3 7673 7631 7638 
3 7655 7671 7632 
3 7629 7674 7658 
3 7629 7661 7674 
3 7636 7675 7613 
3 7676 7642 7668 
3 7667 7677 7649 
3 7677 7646 7649 
3 7644 7613 7675 
3 7650 7678 7665 
3 7668 7611 7666 
3 7679 7637 7626 
3 7626 7659 7679 
3 7655 7653 7680 
3 7681 7631 7673 
3 7635 7682 7672 
3 7683 7650 7657 
3 7633 7652 7666 
3 7631 7681 7645 
3 7670 7673 7638 
3 7647 7680 7653 
3 7645 7681 7684 
3 7685 7636 7662 
3 7642 7676 7661 
3 7659 7639 7686 
3 7671 7655 7687 
3 7673 7684 7681 
3 7656 7671 7688 
3 7689 7667 7672 
3 7643 7646 7690 
3 7650 7683 7678 
3 7683 7657 7658 
3 7685 7675 7636 
3 7691 7637 7679 
3 7692 7672 7682 
3 7658 7693 7683 
3 7660 7651 7694 
3 7652 7637 7695 
3 7686 7679 7659 
3 7696 7680 7647 
3 7697 7654 7669 
3 7664 7622 7665 
3 7698 7643 7690 
3 7694 7651 7643 
3 7660 7694 7699 
3 7661 7700 7674 
3 7679 7701 7691 
3 7654 7697 7639 
3 7702 7697 7669 
3 7682 7635 7664 
3 7698 7694 7643 
3 7671 7687 7703 
3 7656 7704 7670 
3 7690 7646 7677 
3 7662 7660 7705 
3 7644 7675 7706 
3 7707 7666 7652 
3 7708 7684 7673 
3 7688 7704 7656 
3 7672 7692 7689 
3 7709 7695 7637 
3 7637 7691 7709 
3 7686 7701 7679 
3 7669 7645 7710 
3 7645 7684 7711 
3 7670 7712 7673 
3 7658 7674 7693 
3 7685 7662 7705 
3 7675 7685 7713 
3 7663 7644 7714 
3 7715 7695 7709 
3 7709 7716 7715 
3 7709 7691 7717 
3 7717 7716 7709 
3 7718 7639 7697 
3 7645 7711 7710 
3 7719 7673 7712 
3 7712 7720 7719 
3 7692 7682 7721 
3 7667 7722 7677 
3 7647 7663 7714 
3 7716 7723 7715 
3 7723 7716 7717 
3 7639 7718 7686 
3 7719 7720 7724 
3 7708 7673 7719 
3 7719 7724 7708 
3 7724 7712 7670 
3 7720 7712 7724 
3 7667 7689 7722 
3 7665 7725 7664 
3 7700 7661 7676 
3 7714 7726 7647 
3 7652 7695 7727 
3 7728 7695 7715 
3 7723 7717 7715 
3 7691 7701 7717 
3 7669 7710 7702 
3 7660 7699 7705 
3 7644 7706 7714 
3 7728 7715 7717 
3 7680 7729 7655 
3 7655 7729 7730 
3 7675 7713 7706 
3 7696 7647 7726 
3 7729 7680 7696 
3 7724 7670 7731 
3 7732 7690 7677 
3 7705 7733 7685 
3 7727 7707 7652 
3 7708 7711 7684 
3 7704 7731 7670 
3 7703 7688 7671 
3 7725 7665 7678 
3 7683 7734 7678 
3 7698 7699 7694 
3 7666 7707 7668 
3 7708 7724 7731 
3 7735 7689 7692 
3 7736 7682 7664 
3 7676 7737 7700 
3 7728 7717 7701 
3 7738 7686 7718 
3 7687 7655 7730 
3 7721 7682 7736 
3 7734 7683 7693 
3 7676 7739 7737 
3 7702 7710 7711 
3 7687 7730 7703 
3 7735 7692 7721 
3 7695 7728 7727 
3 7696 7726 7740 
3 7701 7686 7738 
3 7704 7688 7741 
3 7732 7698 7690 
3 7713 7685 7742 
3 7713 7743 7706 
3 7676 7668 7739 
3 7689 7735 7722 
3 7744 7693 7674 
3 7664 7745 7736 
3 7746 7747 7698 
3 7748 7725 7678 
3 7734 7693 7744 
3 7738 7718 7749 
3 7722 7750 7677 
3 7677 7750 7732 
3 7732 7746 7698 
3 7705 7699 7733 
3 7674 7700 7751 
3 7703 7752 7688 
3 7699 7698 7747 
3 7674 7751 7753 
3 7740 7729 7696 
3 7754 7718 7697 
3 7749 7718 7754 
3 7711 7708 7731 
3 7741 7688 7752 
3 7748 7678 7734 
3 7674 7753 7744 
3 7751 7700 7737 
3 7726 7714 7755 
3 7755 7740 7726 
3 7711 7756 7702 
3 7721 7736 7757 
3 7733 7742 7685 
3 7668 7707 7758 
3 7759 7735 7721 
3 7745 7664 7725 
3 7668 7758 7739 
3 7706 7743 7714 
3 7754 7697 7760 
3 7731 7761 7711 
3 7734 7744 7753 
3 7749 7762 7738 
3 7754 7760 7749 
3 7763 7722 7735 
3 7764 7765 7729 
3 7729 7765 7730 
3 7704 7766 7731 
3 7750 7746 7732 
3 7767 7733 7699 
3 7743 7713 7768 
3 7740 7764 7729 
3 7701 7769 7728 
3 7770 7748 7734 
3 7771 7737 7739 
3 7738 7769 7701 
3 7761 7731 7766 
3 7730 7772 7703 
3 7752 7703 7772 
3 7725 7773 7745 
3 7774 7739 7758 
3 7714 7743 7775 
3 7760 7762 7749 
3 7702 7776 7697 
3 7711 7777 7756 
3 7735 7759 7763 
3 7750 7722 7763 
3 7778 7725 7748 
3 7707 7779 7758 
3 7707 7727 7780 
3 7776 7702 7756 
3 7766 7704 7741 
3 7768 7713 7742 
3 7739 7774 7771 
3 7758 7779 7774 
3 7781 7730 7765 
3 7772 7730 7781 
3 7773 7725 7778 
3 7775 7755 7714 
3 7740 7755 7782 
3 7783 7727 7728 
3 7697 7776 7760 
3 7752 7784 7741 
3 7778 7748 7770 
3 7699 7747 7785 
3 7786 7734 7753 
3 7771 7751 7737 
3 7768 7787 7743 
3 7743 7787 7775 
3 7727 7783 7780 
3 7728 7769 7788 
3 7738 7762 7769 
3 7777 7789 7756 
3 7790 7767 7699 
3 7791 7751 7771 
3 7782 7755 7792 
3 7756 7789 7776 
3 7761 7777 7711 
3 7784 7752 7793 
3 7759 7721 7757 
3 7782 7794 7740 
3 7764 7740 7794 
3 7766 7741 7795 
3 7745 7796 7736 
3 7734 7786 7770 
3 7790 7699 7785 
3 7733 7767 7797 
3 7798 7753 7751 
3 7707 7780 7779 
3 7799 7800 7776 
3 7757 7736 7801 
3 7796 7801 7736 
3 7792 7794 7782 
3 7728 7802 7783 
3 7776 7800 7760 
3 7799 7776 7789 
3 7803 7741 7784 
3 7804 7750 7763 
3 7775 7792 7755 
3 7728 7788 7802 
3 7805 7746 7750 
3 7764 7806 7765 
3 7807 7777 7761 
3 7772 7808 7752 
3 7808 7793 7752 
3 7759 7757 7809 
3 7767 7790 7810 
3 7798 7751 7811 
3 7742 7733 7812 
3 7791 7771 7774 
3 7780 7813 7779 
3 7796 7745 7773 
3 7814 7786 7753 
3 7767 7810 7797 
3 7733 7797 7812 
3 7815 7774 7779 
3 7769 7762 7816 
3 7795 7741 7803 
3 7759 7809 7763 
3 7804 7805 7750 
3 7747 7746 7817 
3 7814 7753 7798 
3 7812 7768 7742 
3 7780 7783 7802 
3 7800 7818 7760 
3 7781 7765 7806 
3 7766 7807 7761 
3 7805 7817 7746 
3 7803 7784 7793 
3 7757 7801 7819 
3 7786 7820 7770 
3 7769 7816 7788 
3 7762 7760 7818 
3 7785 7747 7817 
3 7812 7797 7821 
3 7799 7818 7800 
3 7809 7757 7819 
3 7785 7822 7790 
3 7790 7822 7810 
3 7751 7791 7811 
3 7823 7794 7792 
3 7824 7777 7807 
3 7786 7814 7820 
3 7825 7826 7764 
3 7826 7806 7764 
3 7827 7763 7809 
3 7763 7827 7828 
3 7828 7804 7763 
3 7821 7797 7810 
3 7775 7829 7792 
3 7794 7825 7764 
3 7818 7816 7762 
3 7808 7772 7830 
3 7829 7823 7792 
3 7831 7807 7766 
3 7832 7803 7793 
3 7801 7796 7819 
3 7773 7833 7796 
3 7778 7834 7773 
3 7835 7821 7810 
3 7812 7821 7835 
3 7787 7829 7775 
3 7779 7813 7836 
3 7837 7781 7806 
3 7789 7777 7824 
3 7809 7838 7827 
3 7778 7770 7820 
3 7802 7839 7780 
3 7826 7837 7806 
3 7840 7818 7799 
3 7830 7772 7781 
3 7834 7833 7773 
3 7774 7841 7791 
3 7842 7839 7802 
3 7817 7805 7843 
3 7812 7844 7768 
3 7841 7774 7815 
3 7815 7779 7836 
3 7780 7839 7813 
3 7842 7802 7788 
3 7803 7832 7795 
3 7805 7804 7845 
3 7807 7831 7824 
3 7766 7795 7831 
3 7809 7819 7838 
3 7846 7791 7841 
3 7787 7847 7829 
3 7823 7825 7794 
3 7789 7824 7799 
3 7832 7848 7795 
3 7845 7843 7805 
3 7778 7820 7834 
3 7817 7849 7785 
3 7798 7811 7850 
3 7850 7811 7791 
3 7791 7846 7850 
3 7813 7851 7836 
3 7788 7852 7842 
3 7852 7788 7816 
3 7808 7853 7793 
3 7832 7793 7854 
3 7835 7844 7812 
3 7787 7768 7847 
3 7828 7827 7855 
3 7822 7856 7810 
3 7857 7813 7839 
3 7796 7858 7819 
3 7845 7804 7855 
3 7843 7849 7817 
3 7855 7827 7838 
3 7796 7833 7858 
3 7828 7855 7804 
3 7822 7785 7849 
3 7813 7857 7851 
3 7826 7825 7859 
3 7818 7860 7816 
3 7830 7781 7861 
3 7808 7830 7853 
3 7862 7815 7836 
3 7823 7829 7863 
3 7857 7864 7851 
3 7824 7865 7799 
3 7848 7832 7854 
3 7847 7768 7844 
3 7866 7864 7857 
3 7866 7857 7839 
3 7867 7839 7842 
3 7867 7866 7839 
3 7842 7868 7867 
3 7840 7860 7818 
3 7834 7820 7869 
3 7862 7841 7815 
3 7867 7868 7866 
3 7853 7830 7870 
3 7795 7848 7831 
3 7854 7793 7853 
3 7871 7798 7850 
3 7835 7810 7856 
3 7837 7826 7859 
3 7781 7837 7861 
3 7870 7830 7861 
3 7872 7833 7834 
3 7798 7871 7814 
3 7847 7863 7829 
3 7864 7866 7868 
3 7825 7823 7873 
3 7860 7852 7816 
3 7840 7799 7874 
3 7824 7875 7865 
3 7875 7824 7831 
3 7876 7831 7848 
3 7877 7838 7819 
3 7849 7843 7878 
3 7823 7863 7873 
3 7799 7865 7874 
3 7879 7848 7854 
3 7877 7855 7838 
3 7877 7819 7858 
3 7849 7880 7822 
3 7864 7868 7851 
3 7854 7853 7879 
3 7880 7856 7822 
3 7841 7862 7881 
3 7869 7872 7834 
3 7871 7820 7814 
3 7882 7856 7880 
3 7859 7825 7883 
3 7865 7875 7884 
3 7845 7855 7885 
3 7843 7845 7878 
3 7841 7886 7846 
3 7842 7852 7868 
3 7887 7885 7855 
3 7888 7869 7820 
3 7889 7888 7820 
3 7880 7849 7890 
3 7831 7884 7875 
3 7887 7855 7877 
3 7891 7833 7872 
3 7820 7871 7889 
3 7886 7841 7881 
3 7825 7873 7883 
3 7861 7837 7892 
3 7893 7870 7861 
3 7831 7894 7884 
3 7833 7895 7858 
3 7890 7882 7880 
3 7896 7897 7863 
3 7849 7878 7898 
3 7856 7882 7899 
3 7835 7856 7899 
3 7847 7896 7863 
3 7836 7851 7862 
3 7860 7840 7874 
3 7831 7876 7900 
3 7885 7878 7845 
3 7901 7871 7850 
3 7835 7902 7844 
3 7863 7897 7873 
3 7903 7868 7852 
3 7837 7859 7892 
3 7891 7872 7869 
3 7890 7849 7898 
3 7904 7847 7844 
3 7858 7905 7877 
3 7891 7895 7833 
3 7882 7906 7899 
3 7846 7886 7850 
3 7844 7902 7904 
3 7907 7896 7847 
3 7903 7852 7908 
3 7877 7909 7887 
3 7869 7910 7891 
3 7890 7906 7882 
3 7911 7851 7868 
3 7912 7852 7860 
3 7892 7893 7861 
3 7913 7853 7870 
3 7914 7879 7853 
3 7877 7905 7909 
3 7915 7895 7891 
3 7878 7885 7916 
3 7904 7907 7847 
3 7917 7862 7851 
3 7873 7918 7883 
3 7883 7892 7859 
3 7874 7865 7919 
3 7831 7920 7894 
3 7921 7876 7848 
3 7922 7879 7914 
3 7835 7899 7923 
3 7850 7924 7901 
3 7911 7868 7903 
3 7908 7852 7912 
3 7893 7925 7870 
3 7920 7831 7900 
3 7913 7914 7853 
3 7926 7858 7895 
3 7869 7888 7910 
3 7835 7923 7927 
3 7924 7850 7886 
3 7925 7913 7870 
3 7922 7921 7848 
3 7922 7848 7879 
3 7928 7909 7905 
3 7878 7929 7898 
3 7930 7886 7881 
3 7931 7860 7874 
3 7865 7932 7919 
3 7905 7858 7933 
3 7865 7884 7932 
3 7921 7900 7876 
3 7934 7887 7909 
3 7929 7935 7898 
3 7873 7897 7936 
3 7892 7883 7937 
3 7938 7887 7934 
3 7939 7878 7916 
3 7923 7899 7906 
3 7936 7918 7873 
3 7940 7920 7900 
3 7925 7941 7913 
3 7895 7915 7926 
3 7910 7888 7889 
3 7890 7898 7935 
3 7902 7835 7927 
3 7907 7904 7942 
3 7862 7943 7881 
3 7862 7917 7943 
3 7851 7944 7917 
3 7914 7945 7922 
3 7897 7896 7946 
3 7884 7894 7947 
3 7851 7911 7944 
3 7903 7908 7911 
3 7860 7931 7912 
3 7938 7885 7887 
3 7948 7915 7891 
3 7929 7878 7939 
3 7890 7935 7906 
3 7949 7930 7881 
3 7950 7919 7932 
3 7893 7941 7925 
3 7940 7900 7921 
3 7951 7921 7922 
3 7909 7928 7934 
3 7858 7926 7933 
3 7938 7952 7885 
3 7871 7953 7954 
3 7946 7936 7897 
3 7937 7883 7918 
3 7905 7933 7928 
3 7954 7889 7871 
3 7953 7871 7901 
3 7924 7886 7930 
3 7931 7955 7912 
3 7874 7956 7931 
3 7950 7932 7957 
3 7884 7957 7932 
3 7958 7933 7926 
3 7948 7959 7915 
3 7907 7946 7896 
3 7912 7960 7908 
3 7892 7961 7893 
3 7916 7885 7952 
3 7956 7874 7919 
3 7884 7947 7957 
3 7913 7962 7914 
3 7962 7945 7914 
3 7935 7929 7939 
3 7927 7963 7902 
3 7964 7930 7949 
3 7881 7943 7949 
3 7942 7946 7907 
3 7908 7965 7911 
3 7956 7919 7966 
3 7967 7919 7950 
3 7967 7950 7957 
3 7968 7947 7894 
3 7920 7940 7969 
3 7922 7945 7951 
3 7948 7891 7910 
3 7970 7910 7889 
3 7917 7971 7943 
3 7912 7955 7960 
3 7972 7934 7928 
3 7959 7958 7926 
3 7926 7915 7959 
3 7970 7948 7910 
3 7906 7973 7923 
3 7927 7923 7973 
3 7963 7974 7902 
3 7971 7917 7944 
3 7969 7894 7920 
3 7975 7938 7934 
3 7975 7952 7938 
3 7927 7973 7963 
3 7942 7904 7902 
3 7946 7976 7936 
3 7919 7967 7966 
3 7969 7968 7894 
3 7969 7940 7921 
3 7953 7901 7977 
3 7964 7924 7930 
3 7946 7942 7978 
3 7966 7967 7957 
3 7893 7961 7979 
3 7933 7972 7928 
3 7935 7939 7980 
3 7954 7970 7889 
3 7892 7981 7961 
3 7947 7968 7957 
3 7941 7893 7979 
3 7969 7921 7982 
3 7921 7951 7983 
3 7984 7959 7948 
3 7936 7985 7918 
3 7931 7956 7986 
3 7987 7956 7966 
3 7982 7988 7969 
3 7989 7934 7972 
3 7939 7916 7952 
3 7948 7970 7990 
3 7980 7906 7935 
3 7977 7901 7924 
3 7941 7962 7913 
3 7951 7945 7991 
3 7942 7902 7974 
3 7937 7981 7892 
3 7931 7986 7955 
3 7921 7983 7982 
3 7992 7972 7933 
3 7972 7992 7989 
3 7958 7959 7993 
3 7959 7984 7994 
3 7986 7956 7987 
3 7971 7995 7943 
3 7937 7918 7996 
3 7955 7986 7997 
3 7989 7975 7934 
3 7959 7994 7993 
3 7948 7990 7984 
3 7998 7939 7952 
3 7999 7906 7980 
3 7973 7906 7999 
3 7936 7976 7985 
3 7911 8000 7944 
3 7951 7991 7983 
3 8001 7933 7958 
3 7949 7943 7995 
3 7955 7997 8002 
3 7961 7981 7979 
3 7945 7962 8003 
3 8001 8004 7933 
3 7924 8005 7977 
3 8006 7924 7964 
3 8000 7911 7965 
3 7965 7908 7960 
3 7964 7949 8006 
3 7986 7987 7997 
3 7945 8003 7991 
3 7985 8007 7918 
3 7979 7981 8008 
3 7966 7957 7987 
3 7941 8009 7962 
3 7933 8004 7992 
3 7980 7939 8010 
3 7953 7977 7954 
3 8011 7973 7999 
3 8005 7924 8006 
3 7946 7978 7976 
3 7985 7976 8012 
3 7960 7955 8002 
3 7979 8013 7941 
3 7968 7969 8014 
3 7982 7983 7988 
3 7993 8001 7958 
3 7984 7990 8015 
3 8011 7963 7973 
3 7969 7988 8014 
3 8016 7970 7954 
3 7996 7918 8007 
3 7941 8013 8017 
3 7988 7983 8018 
3 7984 8015 7994 
3 8019 7990 7970 
3 8016 7954 7977 
3 8020 7971 7944 
3 8007 7985 8012 
3 8021 7983 7991 
3 7975 7989 8022 
3 8010 7939 7998 
3 7971 8020 7995 
3 7965 7960 8023 
3 7981 7937 7996 
3 7996 8024 7981 
3 8025 8003 7962 
3 7974 8026 7942 
3 7949 8027 8006 
3 8027 7949 7995 
3 8028 7993 7994 
3 8029 7952 7975 
3 7998 7952 8029 
3 8015 7990 8019 
3 8030 7978 7942 
3 7944 8000 8020 
3 7965 8023 8031 
3 7957 7968 8032 
3 8033 8009 7941 
3 8025 7962 8009 
3 8001 7993 8028 
3 8011 8034 7963 
3 7942 8026 8030 
3 8035 7976 7978 
3 8024 8036 7981 
3 8023 7960 8002 
3 7957 8032 7987 
3 8032 7968 8014 
3 8022 7989 8037 
3 8024 7996 8007 
3 8025 8038 8003 
3 8011 7999 8039 
3 8034 8011 8039 
3 8020 8040 7995 
3 8013 7979 8008 
3 7941 8017 8033 
3 7991 8003 8038 
3 7992 8004 8041 
3 8042 7977 8005 
3 8006 8043 8005 
3 8008 7981 8036 
3 8044 8014 7988 
3 7989 7992 8037 
3 8015 8028 7994 
3 7999 7980 8045 
3 8006 8027 8043 
3 8035 8046 7976 
3 8013 8047 8017 
3 8048 7988 8018 
3 7992 8041 8037 
3 8001 8049 8004 
3 7975 8022 8029 
3 8035 7978 8030 
3 8020 8050 8040 
3 8032 8051 7987 
3 8018 7983 8021 
3 8010 7998 8029 
3 8034 8052 7963 
3 8040 8027 7995 
3 8053 8035 8030 
3 8000 7965 8054 
3 8055 8032 8014 
3 8044 7988 8048 
3 8021 7991 8038 
3 8012 7976 8046 
3 7965 8031 8054 
3 8013 8008 8056 
3 8014 8044 8057 
3 8004 8049 8058 
3 8001 8028 8049 
3 7970 8016 8019 
3 8059 8016 7977 
3 8042 8005 8043 
3 7997 8060 8002 
3 7974 7963 8052 
3 8046 8035 8053 
3 8061 7987 8051 
3 8056 8008 8062 
3 8033 8017 8047 
3 8041 8004 8058 
3 7977 8042 8059 
3 7987 8063 7997 
3 8063 7987 8061 
3 8061 8051 8064 
3 8044 8065 8057 
3 8065 8048 8018 
3 8065 8044 8048 
3 8015 8019 8066 
3 8010 8045 7980 
3 8063 8061 8064 
3 8028 8015 8066 
3 8052 8026 7974 
3 8002 8060 8023 
3 8067 7997 8063 
3 8063 8064 8067 
3 8049 8068 8058 
3 8022 8069 8029 
3 8070 8010 8029 
3 8054 8020 8000 
3 8007 8012 8071 
3 8007 8071 8024 
3 8047 8013 8056 
3 8025 8009 8072 
3 8058 8068 8041 
3 8016 8073 8019 
3 8026 8053 8030 
3 8027 8040 8074 
3 8040 8050 8074 
3 8075 8023 8060 
3 7997 8067 8060 
3 8055 8014 8057 
3 8076 8009 8033 
3 8046 8077 8012 
3 8078 8065 8018 
3 8072 8079 8025 
3 8079 8038 8025 
3 8037 8080 8022 
3 7999 8045 8081 
3 8047 8082 8033 
3 8082 8076 8033 
3 8072 8009 8076 
3 8083 8018 8021 
3 8084 8045 8010 
3 8085 8016 8059 
3 7999 8081 8039 
3 8086 8031 8023 
3 8036 8024 8087 
3 8018 8083 8078 
3 8088 8019 8073 
3 8089 8043 8027 
3 8090 8053 8026 
3 8049 8028 8066 
3 8029 8069 8070 
3 8085 8073 8016 
3 8071 8012 8091 
3 8036 8062 8008 
3 8064 8092 8067 
3 8051 8032 8093 
3 8037 8041 8094 
3 8069 8022 8080 
3 8070 8084 8010 
3 8095 8087 8024 
3 8064 8051 8096 
3 8065 8097 8057 
3 8078 8097 8065 
3 8098 8021 8038 
3 8034 8099 8052 
3 8031 8086 8100 
3 8075 8086 8023 
3 8092 8064 8096 
3 8093 8096 8051 
3 8101 8047 8056 
3 8079 8072 8076 
3 8019 8088 8102 
3 8081 8045 8084 
3 8026 8052 8103 
3 8027 8074 8089 
3 8031 8100 8054 
3 8071 8095 8024 
3 8032 8055 8093 
3 8078 8104 8097 
3 8105 8073 8085 
3 8081 8099 8039 
3 8089 8042 8043 
3 8020 8106 8050 
3 8091 8012 8077 
3 8062 8036 8107 
3 8067 8092 8108 
3 8047 8101 8082 
3 8073 8105 8088 
3 8099 8034 8039 
3 8090 8026 8103 
3 8053 8090 8109 
3 8106 8020 8054 
3 8107 8036 8087 
3 8079 8098 8038 
3 8049 8110 8068 
3 8095 8071 8091 
3 8060 8111 8075 
3 8111 8060 8067 
3 8056 8062 8101 
3 8082 8079 8076 
3 8112 8083 8021 
3 8113 8041 8068 
3 8019 8114 8066 
3 8046 8053 8115 
3 8115 8077 8046 
3 8092 8096 8108 
3 8116 8055 8057 
3 8019 8102 8114 
3 8117 8059 8042 
3 8118 8108 8096 
3 8084 8119 8081 
3 8089 8120 8042 
3 8095 8091 8121 
3 8075 8111 8122 
3 8118 8096 8093 
3 8049 8123 8110 
3 8049 8066 8123 
3 8124 8123 8066 
3 8089 8074 8125 
3 8115 8053 8109 
3 8106 8054 8126 
3 8100 8086 8127 
3 8113 8068 8128 
3 8128 8068 8110 
3 8070 8069 8129 
3 8130 8117 8042 
3 8052 8099 8103 
3 8090 8131 8109 
3 8126 8054 8100 
3 8121 8087 8095 
3 8108 8132 8067 
3 8093 8055 8116 
3 8112 8021 8098 
3 8133 8091 8077 
3 8132 8122 8111 
3 8067 8132 8111 
3 8132 8108 8118 
3 8134 8078 8083 
3 8082 8135 8079 
3 8098 8079 8136 
3 8080 8037 8137 
3 8138 8085 8059 
3 8125 8120 8089 
3 8133 8077 8115 
3 8101 8062 8139 
3 8097 8116 8057 
3 8104 8078 8134 
3 8094 8041 8113 
3 8042 8120 8130 
3 8115 8109 8140 
3 8140 8133 8115 
3 8093 8116 8141 
3 8142 8136 8079 
3 8137 8037 8094 
3 8143 8110 8123 
3 8123 8124 8143 
3 8066 8114 8124 
3 8144 8084 8070 
3 8145 8102 8088 
3 8145 8088 8105 
3 8083 8112 8134 
3 8112 8098 8136 
3 8113 8128 8146 
3 8081 8147 8099 
3 8103 8099 8148 
3 8149 8050 8106 
3 8150 8118 8093 
3 8069 8080 8151 
3 8144 8119 8084 
3 8059 8117 8138 
3 8131 8152 8109 
3 8140 8109 8152 
3 8126 8153 8106 
3 8086 8075 8127 
3 8129 8069 8151 
3 8154 8094 8113 
3 8126 8100 8127 
3 8075 8122 8155 
3 8142 8079 8135 
3 8080 8137 8156 
3 8151 8080 8156 
3 8090 8103 8157 
3 8157 8131 8090 
3 8133 8140 8152 
3 8158 8082 8101 
3 8097 8104 8159 
3 8113 8146 8154 
3 8074 8160 8125 
3 8074 8050 8160 
3 8134 8159 8104 
3 8119 8161 8081 
3 8117 8130 8162 
3 8163 8148 8099 
3 8120 8164 8130 
3 8157 8103 8148 
3 8160 8050 8149 
3 8121 8091 8165 
3 8093 8141 8150 
3 8159 8166 8097 
3 8167 8128 8110 
3 8154 8137 8094 
3 8085 8138 8105 
3 8153 8149 8106 
3 8155 8127 8075 
3 8087 8168 8107 
3 8132 8118 8150 
3 8116 8097 8166 
3 8169 8112 8136 
3 8161 8119 8144 
3 8105 8170 8145 
3 8138 8117 8171 
3 8091 8133 8172 
3 8173 8127 8155 
3 8174 8116 8166 
3 8129 8144 8070 
3 8081 8161 8147 
3 8130 8164 8162 
3 8131 8175 8152 
3 8176 8133 8152 
3 8168 8087 8121 
3 8158 8101 8139 
3 8110 8143 8167 
3 8144 8129 8177 
3 8178 8131 8157 
3 8152 8175 8176 
3 8179 8155 8122 
3 8105 8138 8171 
3 8117 8162 8171 
3 8163 8099 8147 
3 8148 8180 8157 
3 8133 8176 8172 
3 8122 8132 8181 
3 8156 8137 8182 
3 8114 8102 8183 
3 8105 8171 8170 
3 8146 8184 8154 
3 8184 8146 8128 
3 8185 8143 8124 
3 8186 8102 8145 
3 8148 8163 8180 
3 8155 8179 8173 
3 8150 8187 8132 
3 8141 8116 8174 
3 8188 8082 8158 
3 8189 8135 8082 
3 8160 8190 8125 
3 8191 8153 8126 
3 8121 8165 8192 
3 8126 8127 8173 
3 8122 8181 8179 
3 8139 8193 8158 
3 8194 8159 8134 
3 8169 8195 8112 
3 8154 8182 8137 
3 8102 8186 8183 
3 8161 8144 8196 
3 8197 8120 8125 
3 8191 8126 8173 
3 8139 8062 8198 
3 8142 8199 8136 
3 8200 8129 8151 
3 8091 8172 8165 
3 8192 8168 8121 
3 8187 8150 8141 
3 8142 8135 8189 
3 8134 8112 8195 
3 8170 8186 8145 
3 8163 8147 8201 
3 8197 8164 8120 
3 8143 8185 8202 
3 8180 8163 8201 
3 8203 8132 8187 
3 8188 8158 8193 
3 8194 8166 8159 
3 8114 8204 8124 
3 8144 8177 8196 
3 8125 8190 8197 
3 8181 8132 8203 
3 8188 8189 8082 
3 8136 8199 8169 
3 8167 8205 8128 
3 8151 8156 8200 
3 8129 8206 8177 
3 8178 8207 8131 
3 8198 8062 8107 
3 8208 8147 8161 
3 8201 8147 8208 
3 8174 8209 8141 
3 8142 8210 8199 
3 8128 8205 8184 
3 8143 8202 8167 
3 8185 8124 8204 
3 8114 8183 8204 
3 8207 8175 8131 
3 8166 8211 8174 
3 8189 8212 8142 
3 8194 8134 8195 
3 8212 8210 8142 
3 8182 8200 8156 
3 8213 8185 8204 
3 8214 8208 8161 
3 8162 8215 8171 
3 8216 8178 8157 
3 8217 8160 8149 
3 8149 8153 8217 
3 8192 8165 8218 
3 8168 8219 8107 
3 8181 8203 8220 
3 8221 8187 8141 
3 8166 8194 8211 
3 8205 8167 8222 
3 8183 8186 8223 
3 8172 8218 8165 
3 8224 8179 8181 
3 8198 8107 8219 
3 8187 8221 8203 
3 8195 8169 8225 
3 8184 8205 8226 
3 8227 8186 8170 
3 8214 8161 8196 
3 8208 8228 8201 
3 8168 8192 8229 
3 8195 8225 8194 
3 8206 8129 8200 
3 8208 8214 8228 
3 8176 8175 8230 
3 8191 8173 8231 
3 8220 8203 8221 
3 8202 8185 8213 
3 8204 8183 8232 
3 8232 8183 8223 
3 8171 8233 8170 
3 8157 8180 8216 
3 8197 8234 8164 
3 8153 8191 8235 
3 8221 8141 8209 
3 8236 8174 8211 
3 8202 8222 8167 
3 8186 8227 8223 
3 8171 8215 8233 
3 8207 8178 8216 
3 8231 8173 8179 
3 8193 8237 8188 
3 8174 8236 8238 
3 8234 8162 8164 
3 8224 8181 8220 
3 8239 8154 8184 
3 8240 8205 8222 
3 8175 8207 8241 
3 8160 8217 8190 
3 8218 8229 8192 
3 8242 8219 8168 
3 8188 8243 8189 
3 8211 8194 8244 
3 8182 8154 8245 
3 8223 8227 8232 
3 8246 8215 8162 
3 8207 8216 8247 
3 8193 8139 8198 
3 8238 8209 8174 
3 8239 8184 8226 
3 8234 8197 8190 
3 8230 8248 8176 
3 8172 8249 8218 
3 8237 8243 8188 
3 8199 8210 8250 
3 8251 8227 8170 
3 8248 8172 8176 
3 8168 8229 8242 
3 8179 8252 8231 
3 8198 8237 8193 
3 8189 8243 8212 
3 8250 8169 8199 
3 8240 8226 8205 
3 8232 8213 8204 
3 8206 8196 8177 
3 8246 8162 8234 
3 8201 8216 8180 
3 8238 8253 8209 
3 8214 8196 8228 
3 8179 8254 8252 
3 8244 8236 8211 
3 8239 8245 8154 
3 8202 8255 8222 
3 8202 8213 8255 
3 8256 8200 8182 
3 8206 8200 8257 
3 8175 8241 8230 
3 8258 8190 8217 
3 8191 8231 8259 
3 8220 8221 8260 
3 8198 8261 8237 
3 8256 8257 8200 
3 8153 8235 8262 
3 8235 8191 8259 
3 8179 8224 8254 
3 8194 8263 8244 
3 8213 8232 8255 
3 8251 8170 8233 
3 8264 8234 8190 
3 8247 8241 8207 
3 8229 8218 8265 
3 8194 8225 8263 
3 8225 8169 8266 
3 8267 8255 8232 
3 8228 8268 8201 
3 8169 8250 8266 
3 8262 8235 8269 
3 8260 8224 8220 
3 8212 8243 8270 
3 8251 8233 8271 
3 8272 8228 8196 
3 8248 8230 8273 
3 8265 8218 8249 
3 8231 8252 8259 
3 8274 8252 8254 
3 8224 8275 8254 
3 8224 8260 8275 
3 8219 8276 8198 
3 8209 8253 8221 
3 8212 8277 8210 
3 8256 8182 8245 
3 8278 8216 8201 
3 8253 8238 8279 
3 8226 8280 8239 
3 8239 8281 8245 
3 8282 8240 8222 
3 8245 8283 8256 
3 8241 8247 8284 
3 8284 8230 8241 
3 8153 8262 8217 
3 8249 8172 8248 
3 8238 8236 8279 
3 8277 8250 8210 
3 8222 8255 8282 
3 8215 8246 8285 
3 8286 8236 8244 
3 8277 8212 8270 
3 8280 8226 8240 
3 8287 8232 8227 
3 8206 8288 8196 
3 8233 8215 8289 
3 8190 8258 8264 
3 8290 8248 8273 
3 8291 8281 8239 
3 8257 8256 8292 
3 8232 8293 8267 
3 8287 8227 8251 
3 8294 8258 8217 
3 8274 8254 8275 
3 8276 8261 8198 
3 8295 8237 8261 
3 8244 8263 8296 
3 8291 8239 8280 
3 8283 8245 8297 
3 8232 8287 8293 
3 8298 8228 8272 
3 8249 8248 8290 
3 8299 8259 8252 
3 8242 8229 8300 
3 8237 8270 8243 
3 8286 8279 8236 
3 8286 8244 8301 
3 8302 8263 8225 
3 8266 8303 8225 
3 8304 8255 8267 
3 8298 8268 8228 
3 8305 8217 8262 
3 8244 8296 8301 
3 8266 8250 8306 
3 8283 8292 8256 
3 8278 8201 8268 
3 8285 8246 8234 
3 8285 8234 8307 
3 8307 8234 8264 
3 8300 8219 8242 
3 8276 8295 8261 
3 8260 8221 8308 
3 8221 8253 8308 
3 8295 8309 8237 
3 8283 8297 8292 
3 8206 8257 8292 
3 8288 8310 8196 
3 8287 8251 8271 
3 8272 8196 8310 
3 8215 8285 8289 
3 8217 8305 8294 
3 8265 8300 8229 
3 8277 8306 8250 
3 8240 8311 8280 
3 8245 8281 8312 
3 8252 8274 8299 
3 8237 8309 8270 
3 8282 8255 8304 
3 8292 8288 8206 
3 8291 8312 8281 
3 8289 8271 8233 
3 8313 8264 8258 
3 8269 8305 8262 
3 8314 8259 8299 
3 8253 8279 8315 
3 8303 8302 8225 
3 8303 8266 8306 
3 8216 8278 8316 
3 8317 8230 8284 
3 8305 8269 8318 
3 8319 8279 8286 
3 8301 8319 8286 
3 8277 8270 8320 
3 8296 8263 8302 
3 8321 8267 8293 
3 8322 8289 8285 
3 8323 8247 8216 
3 8216 8316 8323 
3 8324 8235 8259 
3 8259 8314 8324 
3 8319 8301 8296 
3 8325 8297 8245 
3 8326 8278 8268 
3 8264 8313 8307 
3 8327 8265 8249 
3 8277 8328 8306 
3 8292 8329 8288 
3 8330 8310 8288 
3 8284 8247 8331 
3 8332 8276 8219 
3 8302 8333 8296 
3 8310 8298 8272 
3 8331 8247 8323 
3 8313 8258 8294 
3 8273 8230 8317 
3 8305 8318 8294 
3 8309 8295 8334 
3 8253 8315 8308 
3 8303 8333 8302 
3 8280 8311 8335 
3 8280 8335 8291 
3 8267 8321 8304 
3 8268 8298 8326 
3 8235 8324 8269 
3 8219 8300 8332 
3 8260 8336 8275 
3 8337 8260 8308 
3 8328 8303 8306 
3 8312 8325 8245 
3 8330 8288 8329 
3 8338 8271 8289 
3 8284 8331 8317 
3 8299 8339 8314 
3 8275 8336 8340 
3 8336 8260 8337 
3 8341 8296 8333 
3 8282 8342 8240 
3 8292 8297 8325 
3 8287 8271 8343 
3 8344 8278 8326 
3 8345 8316 8278 
3 8275 8339 8274 
3 8319 8315 8279 
3 8326 8298 8344 
3 8346 8331 8323 
3 8317 8331 8346 
3 8249 8290 8327 
3 8324 8318 8269 
3 8299 8274 8339 
3 8276 8334 8295 
3 8270 8309 8334 
3 8347 8277 8320 
3 8303 8328 8333 
3 8240 8348 8311 
3 8348 8240 8342 
3 8312 8291 8349 
3 8298 8310 8330 
3 8289 8322 8338 
3 8345 8278 8344 
3 8350 8285 8307 
3 8323 8316 8346 
3 8351 8316 8345 
3 8290 8273 8352 
3 8265 8327 8353 
3 8354 8300 8265 
3 8304 8355 8282 
3 8356 8287 8343 
3 8285 8350 8322 
3 8316 8357 8346 
3 8352 8327 8290 
3 8319 8296 8341 
3 8304 8321 8355 
3 8358 8293 8287 
3 8271 8338 8343 
3 8353 8354 8265 
3 8340 8359 8275 
3 8333 8328 8360 
3 8325 8361 8292 
3 8362 8321 8293 
3 8287 8356 8358 
3 8363 8313 8294 
3 8308 8315 8364 
3 8270 8334 8365 
3 8312 8349 8325 
3 8366 8307 8313 
3 8351 8367 8316 
3 8332 8300 8354 
3 8276 8332 8368 
3 8340 8336 8337 
3 8337 8308 8364 
3 8320 8270 8365 
3 8347 8369 8277 
3 8335 8349 8291 
3 8292 8361 8329 
3 8357 8316 8367 
3 8294 8318 8370 
3 8275 8371 8339 
3 8334 8276 8368 
3 8320 8372 8347 
3 8369 8328 8277 
3 8373 8348 8342 
3 8374 8330 8329 
3 8375 8358 8356 
3 8375 8356 8343 
3 8298 8330 8376 
3 8377 8307 8366 
3 8378 8346 8357 
3 8337 8364 8379 
3 8282 8373 8342 
3 8358 8380 8293 
3 8357 8367 8378 
3 8379 8340 8337 
3 8381 8319 8341 
3 8369 8347 8382 
3 8311 8383 8335 
3 8348 8383 8311 
3 8293 8380 8362 
3 8380 8358 8375 
3 8374 8376 8330 
3 8307 8377 8350 
3 8384 8313 8363 
3 8294 8370 8363 
3 8385 8324 8314 
3 8340 8379 8359 
3 8282 8386 8373 
3 8282 8355 8387 
3 8338 8388 8343 
3 8389 8351 8345 
3 8370 8390 8363 
3 8391 8339 8371 
3 8275 8359 8371 
3 8360 8328 8369 
3 8341 8333 8392 
3 8282 8387 8386 
3 8362 8355 8321 
3 8329 8361 8393 
3 8351 8389 8367 
3 8384 8366 8313 
3 8378 8394 8346 
3 8317 8346 8394 
3 8273 8317 8352 
3 8314 8339 8385 
3 8395 8333 8360 
3 8396 8349 8335 
3 8322 8388 8338 
3 8318 8324 8397 
3 8379 8398 8359 
3 8320 8365 8399 
3 8400 8315 8319 
3 8372 8382 8347 
3 8381 8341 8392 
3 8369 8401 8360 
3 8392 8333 8395 
3 8402 8373 8386 
3 8393 8374 8329 
3 8343 8388 8375 
3 8389 8345 8344 
3 8367 8394 8378 
3 8327 8403 8353 
3 8334 8368 8404 
3 8402 8348 8373 
3 8344 8298 8405 
3 8406 8317 8394 
3 8403 8407 8353 
3 8354 8353 8407 
3 8391 8371 8359 
3 8399 8372 8320 
3 8366 8384 8377 
3 8332 8354 8408 
3 8298 8376 8405 
3 8409 8344 8405 
3 8410 8394 8367 
3 8317 8406 8411 
3 8411 8352 8317 
3 8352 8412 8327 
3 8408 8413 8332 
3 8404 8365 8334 
3 8319 8381 8414 
3 8348 8402 8383 
3 8349 8396 8415 
3 8325 8349 8415 
3 8416 8387 8355 
3 8417 8361 8325 
3 8362 8380 8418 
3 8380 8375 8419 
3 8377 8384 8420 
3 8370 8318 8397 
3 8401 8369 8382 
3 8383 8421 8335 
3 8422 8324 8385 
3 8332 8423 8368 
3 8355 8362 8416 
3 8405 8376 8424 
3 8322 8425 8388 
3 8425 8322 8350 
3 8367 8389 8410 
3 8413 8423 8332 
3 8315 8400 8364 
3 8376 8374 8426 
3 8397 8324 8422 
3 8403 8327 8412 
3 8427 8381 8392 
3 8383 8428 8421 
3 8416 8429 8387 
3 8393 8426 8374 
3 8424 8409 8405 
3 8401 8395 8360 
3 8416 8362 8429 
3 8350 8377 8420 
3 8385 8339 8430 
3 8372 8431 8382 
3 8383 8402 8428 
3 8432 8386 8433 
3 8434 8433 8386 
3 8386 8387 8434 
3 8417 8325 8415 
3 8429 8434 8387 
3 8419 8375 8388 
3 8435 8389 8344 
3 8370 8436 8390 
3 8364 8437 8379 
3 8395 8401 8438 
3 8402 8386 8432 
3 8439 8429 8362 
3 8362 8418 8439 
3 8419 8418 8380 
3 8409 8435 8344 
3 8411 8440 8352 
3 8423 8404 8368 
3 8441 8414 8381 
3 8395 8427 8392 
3 8442 8388 8425 
3 8370 8397 8436 
3 8430 8422 8385 
3 8365 8443 8399 
3 8382 8444 8401 
3 8381 8427 8441 
3 8417 8445 8361 
3 8425 8350 8446 
3 8406 8394 8447 
3 8422 8448 8397 
3 8408 8354 8449 
3 8413 8408 8449 
3 8398 8391 8359 
3 8400 8319 8414 
3 8335 8450 8396 
3 8451 8428 8402 
3 8433 8452 8432 
3 8452 8433 8434 
3 8453 8434 8429 
3 8406 8447 8411 
3 8365 8404 8443 
3 8364 8400 8454 
3 8450 8335 8421 
3 8432 8451 8402 
3 8361 8445 8393 
3 8446 8350 8420 
3 8403 8412 8455 
3 8449 8354 8407 
3 8423 8413 8449 
3 8437 8364 8454 
3 8399 8431 8372 
3 8450 8456 8396 
3 8417 8415 8457 
3 8439 8453 8429 
3 8458 8439 8418 
3 8384 8363 8390 
3 8459 8455 8412 
3 8339 8391 8430 
3 8460 8414 8441 
3 8458 8418 8419 
3 8388 8442 8419 
3 8352 8459 8412 
3 8455 8407 8403 
3 8461 8423 8449 
3 8460 8462 8414 
3 8421 8428 8463 
3 8421 8463 8450 
3 8451 8432 8452 
3 8453 8452 8434 
3 8464 8376 8426 
3 8464 8424 8376 
3 8424 8465 8409 
3 8466 8384 8390 
3 8410 8467 8394 
3 8400 8414 8462 
3 8431 8444 8382 
3 8468 8438 8401 
3 8410 8469 8467 
3 8470 8390 8436 
3 8422 8430 8471 
3 8472 8391 8398 
3 8473 8410 8389 
3 8467 8474 8394 
3 8436 8397 8470 
3 8440 8459 8352 
3 8475 8454 8400 
3 8400 8462 8476 
3 8401 8444 8468 
3 8438 8477 8395 
3 8445 8478 8393 
3 8479 8420 8384 
3 8467 8469 8480 
3 8467 8480 8474 
3 8474 8481 8394 
3 8447 8440 8411 
3 8423 8482 8404 
3 8444 8483 8468 
3 8445 8417 8457 
3 8478 8484 8393 
3 8435 8409 8465 
3 8473 8469 8410 
3 8426 8393 8484 
3 8485 8420 8479 
3 8481 8447 8394 
3 8440 8447 8486 
3 8454 8487 8437 
3 8431 8399 8488 
3 8485 8446 8420 
3 8489 8384 8466 
3 8480 8490 8474 
3 8447 8481 8491 
3 8397 8492 8470 
3 8493 8472 8398 
3 8475 8487 8454 
3 8476 8475 8400 
3 8443 8488 8399 
3 8427 8395 8494 
3 8395 8477 8494 
3 8396 8495 8415 
3 8496 8452 8453 
3 8497 8435 8465 
3 8435 8473 8389 
3 8490 8481 8474 
3 8481 8498 8491 
3 8499 8440 8486 
3 8407 8455 8500 
3 8379 8501 8398 
3 8437 8501 8379 
3 8443 8404 8482 
3 8442 8502 8419 
3 8447 8491 8486 
3 8448 8492 8397 
3 8444 8431 8503 
3 8428 8504 8463 
3 8469 8505 8480 
3 8505 8490 8480 
3 8470 8466 8390 
3 8481 8506 8498 
3 8391 8507 8430 
3 8461 8508 8423 
3 8427 8509 8441 
3 8450 8510 8456 
3 8396 8456 8495 
3 8511 8458 8419 
3 8465 8424 8512 
3 8473 8435 8513 
3 8473 8505 8469 
3 8490 8506 8481 
3 8506 8491 8498 
3 8500 8514 8407 
3 8487 8501 8437 
3 8515 8488 8443 
3 8477 8438 8468 
3 8516 8450 8463 
3 8517 8428 8451 
3 8457 8415 8495 
3 8453 8439 8496 
3 8457 8518 8445 
3 8519 8442 8425 
3 8446 8520 8425 
3 8384 8489 8479 
3 8499 8459 8440 
3 8471 8448 8422 
3 8503 8483 8444 
3 8427 8494 8509 
3 8521 8495 8456 
3 8518 8478 8445 
3 8439 8458 8522 
3 8464 8426 8523 
3 8512 8497 8465 
3 8491 8506 8524 
3 8486 8491 8524 
3 8391 8472 8507 
3 8482 8423 8508 
3 8493 8398 8501 
3 8504 8428 8517 
3 8450 8516 8510 
3 8525 8452 8496 
3 8458 8511 8522 
3 8526 8523 8426 
3 8446 8485 8520 
3 8435 8497 8527 
3 8449 8407 8514 
3 8462 8528 8476 
3 8488 8529 8431 
3 8441 8530 8460 
3 8439 8522 8531 
3 8464 8523 8424 
3 8424 8523 8512 
3 8524 8506 8490 
3 8499 8486 8524 
3 8492 8448 8532 
3 8455 8459 8533 
3 8533 8500 8455 
3 8507 8471 8430 
3 8482 8534 8443 
3 8527 8513 8435 
3 8489 8466 8470 
3 8535 8501 8487 
3 8441 8509 8536 
3 8518 8457 8537 
3 8439 8531 8496 
3 8538 8478 8518 
3 8426 8484 8526 
3 8539 8528 8462 
3 8530 8441 8536 
3 8540 8504 8517 
3 8442 8541 8502 
3 8519 8425 8520 
3 8473 8513 8542 
3 8477 8468 8543 
3 8463 8544 8516 
3 8504 8544 8463 
3 8451 8452 8545 
3 8478 8546 8484 
3 8419 8502 8547 
3 8497 8512 8548 
3 8527 8497 8548 
3 8549 8513 8527 
3 8449 8514 8461 
3 8475 8476 8528 
3 8460 8539 8462 
3 8460 8550 8539 
3 8509 8494 8551 
3 8545 8517 8451 
3 8525 8545 8452 
3 8495 8552 8457 
3 8518 8537 8538 
3 8546 8526 8484 
3 8442 8519 8541 
3 8553 8512 8523 
3 8548 8512 8553 
3 8554 8485 8479 
3 8505 8473 8555 
3 8556 8524 8490 
3 8557 8448 8471 
3 8460 8530 8550 
3 8558 8494 8477 
3 8510 8521 8456 
3 8419 8547 8511 
3 8549 8527 8548 
3 8555 8473 8542 
3 8559 8556 8490 
3 8560 8557 8471 
3 8501 8561 8493 
3 8535 8561 8501 
3 8528 8487 8475 
3 8503 8431 8529 
3 8468 8483 8562 
3 8468 8562 8543 
3 8477 8543 8558 
3 8547 8502 8541 
3 8549 8563 8513 
3 8524 8556 8564 
3 8459 8499 8533 
3 8499 8565 8533 
3 8508 8534 8482 
3 8503 8529 8566 
3 8551 8494 8558 
3 8567 8517 8545 
3 8538 8568 8478 
3 8546 8478 8568 
3 8546 8568 8526 
3 8542 8513 8563 
3 8565 8499 8524 
3 8471 8507 8560 
3 8530 8536 8550 
3 8504 8540 8544 
3 8569 8545 8525 
3 8511 8570 8522 
3 8571 8520 8485 
3 8479 8489 8554 
3 8500 8533 8572 
3 8572 8573 8500 
3 8514 8500 8573 
3 8574 8535 8487 
3 8534 8515 8443 
3 8488 8566 8529 
3 8537 8457 8552 
3 8570 8511 8547 
3 8549 8548 8563 
3 8563 8575 8542 
3 8490 8505 8559 
3 8532 8448 8557 
3 8560 8532 8557 
3 8516 8576 8510 
3 8568 8538 8577 
3 8568 8577 8526 
3 8548 8575 8563 
3 8578 8507 8472 
3 8536 8509 8579 
3 8516 8580 8581 
3 8580 8516 8544 
3 8525 8496 8582 
3 8522 8570 8531 
3 8541 8519 8583 
3 8519 8520 8583 
3 8470 8584 8489 
3 8535 8574 8561 
3 8503 8585 8483 
3 8579 8550 8536 
3 8580 8544 8540 
3 8516 8581 8576 
3 8567 8586 8517 
3 8582 8569 8525 
3 8577 8523 8526 
3 8555 8587 8505 
3 8461 8514 8588 
3 8540 8517 8589 
3 8576 8521 8510 
3 8496 8590 8582 
3 8571 8485 8554 
3 8542 8591 8555 
3 8584 8470 8492 
3 8492 8532 8592 
3 8472 8493 8578 
3 8593 8487 8528 
3 8593 8528 8594 
3 8539 8594 8528 
3 8585 8562 8483 
3 8579 8509 8551 
3 8586 8589 8517 
3 8531 8570 8595 
3 8591 8542 8596 
3 8565 8524 8564 
3 8461 8597 8508 
3 8574 8487 8593 
3 8566 8488 8515 
3 8555 8591 8587 
3 8598 8580 8540 
3 8569 8567 8545 
3 8596 8542 8575 
3 8587 8599 8505 
3 8564 8556 8559 
3 8514 8573 8600 
3 8534 8508 8597 
3 8496 8531 8590 
3 8570 8601 8595 
3 8541 8602 8547 
3 8603 8505 8599 
3 8565 8604 8533 
3 8592 8532 8560 
3 8515 8534 8605 
3 8594 8539 8606 
3 8589 8598 8540 
3 8552 8495 8607 
3 8537 8552 8608 
3 8553 8523 8609 
3 8548 8553 8610 
3 8505 8603 8559 
3 8492 8592 8611 
3 8604 8572 8533 
3 8493 8612 8613 
3 8493 8614 8612 
3 8614 8493 8561 
3 8615 8558 8543 
3 8615 8551 8558 
3 8520 8616 8583 
3 8616 8520 8571 
3 8611 8584 8492 
3 8588 8514 8600 
3 8613 8578 8493 
3 8613 8612 8614 
3 8566 8617 8503 
3 8586 8618 8589 
3 8619 8609 8523 
3 8572 8604 8620 
3 8566 8515 8621 
3 8562 8622 8543 
3 8569 8582 8623 
3 8624 8577 8538 
3 8602 8541 8583 
3 8489 8625 8626 
3 8596 8627 8591 
3 8628 8489 8584 
3 8599 8587 8591 
3 8507 8629 8560 
3 8630 8507 8578 
3 8597 8461 8588 
3 8539 8550 8606 
3 8607 8608 8552 
3 8575 8548 8631 
3 8554 8489 8626 
3 8632 8575 8631 
3 8628 8625 8489 
3 8633 8564 8559 
3 8605 8534 8634 
3 8617 8585 8503 
3 8635 8606 8550 
3 8543 8622 8615 
3 8618 8586 8567 
3 8537 8608 8636 
3 8537 8624 8538 
3 8577 8619 8523 
3 8597 8634 8534 
3 8550 8579 8637 
3 8547 8638 8570 
3 8602 8583 8639 
3 8591 8627 8599 
3 8628 8584 8640 
3 8621 8515 8605 
3 8495 8521 8607 
3 8583 8616 8641 
3 8632 8596 8575 
3 8640 8584 8611 
3 8573 8572 8620 
3 8617 8642 8585 
3 8579 8643 8637 
3 8589 8644 8598 
3 8623 8582 8590 
3 8627 8645 8599 
3 8559 8603 8633 
3 8565 8564 8646 
3 8592 8560 8647 
3 8550 8637 8635 
3 8585 8642 8562 
3 8581 8580 8648 
3 8649 8567 8569 
3 8590 8531 8595 
3 8609 8610 8553 
3 8650 8571 8554 
3 8632 8651 8596 
3 8627 8596 8651 
3 8645 8652 8599 
3 8652 8603 8599 
3 8646 8604 8565 
3 8600 8573 8653 
3 8629 8654 8560 
3 8507 8630 8629 
3 8613 8655 8578 
3 8643 8579 8551 
3 8656 8644 8589 
3 8618 8567 8649 
3 8570 8638 8601 
3 8616 8571 8641 
3 8610 8657 8548 
3 8554 8626 8650 
3 8603 8658 8633 
3 8659 8592 8647 
3 8620 8653 8573 
3 8578 8655 8630 
3 8614 8561 8574 
3 8660 8562 8642 
3 8580 8644 8648 
3 8644 8580 8598 
3 8656 8661 8644 
3 8656 8589 8618 
3 8521 8576 8662 
3 8601 8663 8595 
3 8638 8547 8602 
3 8633 8658 8664 
3 8564 8633 8646 
3 8665 8629 8630 
3 8613 8614 8655 
3 8666 8574 8593 
3 8622 8562 8660 
3 8662 8607 8521 
3 8590 8667 8623 
3 8607 8636 8608 
3 8537 8636 8668 
3 8619 8577 8669 
3 8657 8631 8548 
3 8659 8611 8592 
3 8646 8670 8604 
3 8620 8604 8670 
3 8671 8593 8594 
3 8649 8672 8618 
3 8624 8537 8668 
3 8639 8583 8641 
3 8626 8625 8673 
3 8627 8674 8645 
3 8675 8658 8603 
3 8640 8611 8659 
3 8629 8665 8654 
3 8676 8597 8588 
3 8615 8677 8551 
3 8649 8678 8672 
3 8678 8649 8569 
3 8623 8678 8569 
3 8571 8679 8641 
3 8652 8645 8674 
3 8680 8603 8652 
3 8675 8681 8658 
3 8675 8682 8681 
3 8675 8683 8682 
3 8680 8675 8603 
3 8664 8658 8681 
3 8684 8630 8655 
3 8574 8666 8685 
3 8671 8666 8593 
3 8635 8637 8686 
3 8643 8551 8677 
3 8687 8656 8618 
3 8688 8607 8662 
3 8577 8624 8689 
3 8610 8609 8690 
3 8690 8657 8610 
3 8625 8691 8673 
3 8691 8625 8628 
3 8652 8692 8680 
3 8682 8680 8681 
3 8680 8682 8683 
3 8680 8683 8675 
3 8681 8680 8664 
3 8635 8686 8606 
3 8660 8693 8622 
3 8694 8648 8644 
3 8662 8576 8688 
3 8695 8590 8595 
3 8595 8663 8695 
3 8624 8668 8689 
3 8664 8696 8633 
3 8560 8654 8647 
3 8676 8634 8597 
3 8574 8685 8614 
3 8697 8643 8698 
3 8699 8581 8648 
3 8576 8581 8700 
3 8687 8618 8672 
3 8623 8701 8702 
3 8667 8701 8623 
3 8663 8601 8638 
3 8609 8619 8703 
3 8650 8679 8571 
3 8691 8628 8640 
3 8704 8646 8633 
3 8653 8705 8600 
3 8605 8706 8621 
3 8566 8621 8617 
3 8707 8594 8606 
3 8606 8708 8707 
3 8637 8643 8697 
3 8698 8643 8677 
3 8694 8709 8648 
3 8702 8678 8623 
3 8669 8577 8710 
3 8588 8600 8705 
3 8617 8711 8642 
3 8660 8642 8712 
3 8694 8644 8713 
3 8713 8644 8661 
3 8714 8576 8700 
3 8576 8714 8688 
3 8590 8695 8667 
3 8669 8703 8619 
3 8627 8651 8715 
3 8680 8692 8664 
3 8633 8696 8704 
3 8670 8653 8620 
3 8705 8716 8588 
3 8676 8588 8716 
3 8605 8634 8717 
3 8712 8642 8711 
3 8712 8693 8660 
3 8615 8622 8718 
3 8709 8699 8648 
3 8656 8719 8661 
3 8687 8672 8678 
3 8720 8663 8638 
3 8638 8602 8721 
3 8640 8722 8691 
3 8664 8723 8696 
3 8671 8707 8724 
3 8594 8707 8671 
3 8719 8656 8687 
3 8689 8710 8577 
3 8725 8602 8639 
3 8632 8631 8726 
3 8652 8674 8692 
3 8727 8659 8647 
3 8614 8728 8655 
3 8615 8729 8677 
3 8661 8730 8713 
3 8661 8719 8730 
3 8581 8699 8700 
3 8690 8609 8703 
3 8731 8639 8641 
3 8657 8732 8631 
3 8733 8664 8692 
3 8630 8734 8665 
3 8734 8630 8684 
3 8614 8685 8728 
3 8602 8725 8721 
3 8674 8627 8715 
3 8724 8666 8671 
3 8708 8606 8686 
3 8735 8637 8697 
3 8688 8736 8607 
3 8607 8737 8636 
3 8738 8650 8626 
3 8664 8733 8723 
3 8634 8676 8739 
3 8621 8706 8740 
3 8718 8729 8615 
3 8698 8677 8729 
3 8687 8678 8741 
3 8742 8702 8701 
3 8742 8701 8667 
3 8638 8721 8720 
3 8679 8731 8641 
3 8732 8726 8631 
3 8651 8632 8726 
3 8722 8640 8659 
3 8670 8646 8743 
3 8739 8717 8634 
3 8685 8744 8728 
3 8717 8706 8605 
3 8735 8686 8637 
3 8693 8718 8622 
3 8741 8678 8702 
3 8745 8695 8663 
3 8674 8746 8692 
3 8723 8747 8696 
3 8733 8692 8746 
3 8665 8748 8654 
3 8748 8665 8734 
3 8684 8655 8749 
3 8750 8655 8728 
3 8685 8666 8724 
3 8695 8745 8667 
3 8720 8721 8751 
3 8626 8752 8738 
3 8743 8646 8704 
3 8749 8655 8750 
3 8716 8739 8676 
3 8753 8708 8686 
3 8712 8718 8693 
3 8737 8754 8636 
3 8668 8636 8754 
3 8626 8673 8752 
3 8755 8651 8726 
3 8756 8704 8696 
3 8670 8757 8653 
3 8705 8653 8757 
3 8740 8758 8621 
3 8759 8729 8718 
3 8697 8698 8760 
3 8694 8713 8761 
3 8668 8762 8689 
3 8710 8689 8762 
3 8722 8659 8727 
3 8696 8747 8756 
3 8729 8763 8698 
3 8713 8730 8764 
3 8736 8737 8607 
3 8669 8710 8765 
3 8679 8650 8766 
3 8724 8767 8685 
3 8768 8724 8707 
3 8769 8699 8709 
3 8719 8687 8770 
3 8745 8663 8771 
3 8703 8669 8765 
3 8751 8721 8725 
3 8690 8703 8772 
3 8715 8651 8755 
3 8773 8723 8733 
3 8733 8746 8774 
3 8775 8727 8647 
3 8775 8647 8654 
3 8654 8748 8775 
3 8749 8734 8684 
3 8708 8776 8707 
3 8777 8753 8735 
3 8735 8697 8777 
3 8769 8709 8694 
3 8719 8778 8730 
3 8667 8779 8742 
3 8780 8725 8639 
3 8780 8639 8731 
3 8781 8673 8691 
3 8781 8691 8782 
3 8782 8691 8722 
3 8743 8704 8756 
3 8685 8767 8744 
3 8735 8753 8686 
3 8697 8760 8777 
3 8714 8783 8688 
3 8663 8720 8771 
3 8784 8725 8780 
3 8690 8772 8657 
3 8673 8781 8752 
3 8750 8728 8744 
3 8706 8717 8740 
3 8621 8785 8617 
3 8617 8785 8711 
3 8761 8713 8764 
3 8761 8769 8694 
3 8679 8766 8731 
3 8733 8774 8773 
3 8753 8776 8708 
3 8770 8687 8786 
3 8786 8687 8787 
3 8700 8788 8714 
3 8789 8741 8702 
3 8773 8747 8723 
3 8757 8790 8705 
3 8767 8724 8768 
3 8687 8741 8787 
3 8783 8736 8688 
3 8737 8736 8791 
3 8765 8792 8703 
3 8725 8793 8751 
3 8772 8703 8792 
3 8794 8766 8650 
3 8722 8795 8782 
3 8747 8773 8756 
3 8785 8621 8758 
3 8776 8768 8707 
3 8730 8778 8764 
3 8788 8783 8714 
3 8796 8787 8741 
3 8668 8754 8762 
3 8765 8710 8797 
3 8798 8650 8738 
3 8798 8738 8752 
3 8799 8755 8726 
3 8746 8674 8800 
3 8774 8746 8801 
3 8802 8727 8775 
3 8705 8790 8716 
3 8803 8750 8744 
3 8712 8711 8804 
3 8805 8776 8753 
3 8718 8712 8806 
3 8719 8770 8807 
3 8789 8702 8742 
3 8742 8808 8789 
3 8808 8742 8779 
3 8725 8784 8793 
3 8732 8657 8809 
3 8755 8810 8715 
3 8800 8801 8746 
3 8670 8743 8811 
3 8811 8757 8670 
3 8744 8767 8812 
3 8785 8804 8711 
3 8759 8718 8813 
3 8814 8763 8729 
3 8770 8786 8807 
3 8796 8786 8787 
3 8791 8754 8737 
3 8815 8745 8771 
3 8816 8720 8751 
3 8780 8731 8817 
3 8726 8732 8818 
3 8800 8674 8819 
3 8803 8749 8750 
3 8717 8739 8820 
3 8768 8821 8767 
3 8813 8718 8806 
3 8822 8760 8698 
3 8823 8814 8729 
3 8807 8778 8719 
3 8824 8771 8720 
3 8710 8762 8797 
3 8817 8784 8780 
3 8715 8819 8674 
3 8825 8743 8756 
3 8773 8774 8801 
3 8748 8826 8775 
3 8716 8820 8739 
3 8827 8758 8740 
3 8768 8776 8821 
3 8698 8763 8828 
3 8698 8828 8822 
3 8699 8829 8700 
3 8741 8830 8796 
3 8830 8741 8789 
3 8830 8789 8808 
3 8779 8667 8745 
3 8797 8792 8765 
3 8831 8756 8773 
3 8832 8749 8803 
3 8803 8744 8812 
3 8821 8833 8767 
3 8729 8759 8823 
3 8834 8760 8822 
3 8783 8835 8736 
3 8771 8824 8815 
3 8816 8824 8720 
3 8799 8726 8818 
3 8819 8715 8810 
3 8820 8716 8836 
3 8837 8749 8832 
3 8717 8827 8740 
3 8767 8833 8812 
3 8804 8806 8712 
3 8786 8796 8807 
3 8838 8817 8731 
3 8766 8838 8731 
3 8650 8798 8794 
3 8799 8810 8755 
3 8722 8727 8795 
3 8748 8734 8826 
3 8790 8836 8716 
3 8734 8749 8837 
3 8839 8821 8776 
3 8788 8700 8829 
3 8837 8826 8734 
3 8820 8840 8717 
3 8834 8777 8760 
3 8769 8841 8699 
3 8772 8792 8842 
3 8772 8809 8657 
3 8843 8743 8825 
3 8756 8843 8825 
3 8756 8831 8843 
3 8844 8773 8801 
3 8790 8757 8845 
3 8803 8812 8846 
3 8717 8847 8827 
3 8812 8833 8846 
3 8848 8833 8821 
3 8848 8821 8839 
3 8839 8776 8805 
3 8753 8849 8805 
3 8850 8753 8777 
3 8814 8828 8763 
3 8851 8808 8779 
3 8852 8779 8745 
3 8809 8853 8732 
3 8752 8781 8854 
3 8855 8831 8773 
3 8848 8846 8833 
3 8827 8856 8758 
3 8839 8857 8848 
3 8758 8856 8785 
3 8850 8849 8753 
3 8858 8759 8813 
3 8859 8769 8761 
3 8778 8807 8860 
3 8807 8796 8861 
3 8835 8862 8736 
3 8818 8732 8853 
3 8782 8795 8863 
3 8864 8830 8808 
3 8791 8736 8862 
3 8791 8865 8754 
3 8866 8745 8815 
3 8815 8824 8866 
3 8762 8754 8867 
3 8792 8797 8868 
3 8782 8863 8781 
3 8819 8869 8800 
3 8800 8869 8801 
3 8832 8846 8870 
3 8846 8832 8803 
3 8871 8856 8827 
3 8759 8858 8823 
3 8872 8822 8828 
3 8873 8860 8807 
3 8841 8829 8699 
3 8861 8873 8807 
3 8783 8788 8874 
3 8854 8781 8863 
3 8826 8875 8775 
3 8847 8871 8827 
3 8857 8839 8876 
3 8806 8804 8877 
3 8777 8834 8850 
3 8822 8872 8834 
3 8851 8779 8852 
3 8878 8824 8816 
3 8799 8879 8810 
3 8727 8880 8795 
3 8844 8855 8773 
3 8843 8881 8743 
3 8757 8811 8882 
3 8882 8845 8757 
3 8832 8883 8837 
3 8884 8832 8870 
3 8847 8717 8885 
3 8848 8886 8846 
3 8848 8887 8886 
3 8857 8887 8848 
3 8785 8888 8804 
3 8889 8876 8839 
3 8769 8859 8890 
3 8864 8808 8851 
3 8745 8866 8891 
3 8797 8762 8867 
3 8854 8798 8752 
3 8892 8801 8869 
3 8893 8844 8801 
3 8883 8826 8837 
3 8883 8832 8884 
3 8846 8886 8870 
3 8856 8894 8785 
3 8888 8785 8894 
3 8805 8889 8839 
3 8805 8895 8889 
3 8896 8761 8764 
3 8874 8835 8783 
3 8751 8897 8816 
3 8784 8898 8793 
3 8727 8802 8899 
3 8893 8801 8892 
3 8811 8743 8900 
3 8900 8743 8881 
3 8820 8836 8901 
3 8856 8888 8894 
3 8889 8902 8876 
3 8895 8805 8849 
3 8896 8764 8903 
3 8764 8904 8903 
3 8896 8859 8761 
3 8764 8778 8860 
3 8830 8864 8905 
3 8865 8791 8862 
3 8745 8891 8852 
3 8799 8818 8906 
3 8907 8798 8854 
3 8880 8727 8899 
3 8831 8908 8843 
3 8717 8840 8885 
3 8870 8886 8909 
3 8885 8871 8847 
3 8910 8886 8887 
3 8887 8857 8876 
3 8888 8856 8911 
3 8804 8888 8912 
3 8902 8889 8895 
3 8913 8796 8830 
3 8829 8874 8788 
3 8914 8864 8851 
3 8897 8751 8793 
3 8915 8766 8794 
3 8869 8819 8916 
3 8917 8826 8883 
3 8840 8820 8918 
3 8919 8870 8909 
3 8909 8886 8910 
3 8902 8920 8876 
3 8834 8921 8850 
3 8890 8859 8896 
3 8796 8913 8861 
3 8830 8922 8913 
3 8874 8923 8835 
3 8754 8865 8924 
3 8867 8754 8924 
3 8866 8824 8878 
3 8925 8897 8793 
3 8809 8772 8842 
3 8843 8908 8881 
3 8836 8790 8926 
3 8870 8919 8884 
3 8911 8912 8888 
3 8876 8927 8887 
3 8927 8876 8928 
3 8928 8876 8929 
3 8920 8929 8876 
3 8920 8902 8930 
3 8830 8905 8922 
3 8922 8905 8914 
3 8905 8864 8914 
3 8851 8852 8931 
3 8932 8865 8862 
3 8816 8933 8878 
3 8868 8934 8792 
3 8898 8784 8817 
3 8810 8879 8819 
3 8893 8855 8844 
3 8935 8831 8855 
3 8775 8875 8899 
3 8845 8926 8790 
3 8917 8883 8884 
3 8927 8936 8887 
3 8920 8930 8937 
3 8929 8920 8937 
3 8930 8902 8937 
3 8937 8902 8895 
3 8849 8938 8895 
3 8858 8939 8823 
3 8814 8940 8828 
3 8934 8842 8792 
3 8941 8798 8907 
3 8811 8942 8882 
3 8775 8899 8802 
3 8826 8917 8875 
3 8943 8887 8936 
3 8850 8938 8849 
3 8858 8813 8944 
3 8814 8823 8939 
3 8860 8904 8764 
3 8890 8945 8769 
3 8945 8841 8769 
3 8835 8932 8862 
3 8946 8878 8933 
3 8947 8868 8797 
3 8793 8898 8925 
3 8794 8798 8941 
3 8863 8948 8854 
3 8935 8908 8831 
3 8926 8845 8882 
3 8901 8836 8926 
3 8901 8918 8820 
3 8918 8885 8840 
3 8936 8927 8928 
3 8929 8937 8949 
3 8949 8937 8895 
3 8872 8828 8940 
3 8874 8829 8950 
3 8931 8914 8851 
3 8816 8897 8933 
3 8906 8879 8799 
3 8893 8951 8855 
3 8882 8952 8926 
3 8887 8953 8910 
3 8943 8953 8887 
3 8877 8804 8912 
3 8929 8954 8928 
3 8806 8955 8813 
3 8956 8891 8866 
3 8956 8866 8878 
3 8957 8898 8817 
3 8915 8958 8766 
3 8908 8900 8881 
3 8882 8942 8959 
3 8928 8954 8936 
3 8841 8950 8829 
3 8913 8922 8914 
3 8867 8947 8797 
3 8809 8842 8960 
3 8794 8941 8915 
3 8853 8906 8818 
3 8893 8892 8951 
3 8900 8908 8935 
3 8884 8961 8917 
3 8962 8910 8953 
3 8943 8936 8954 
3 8929 8949 8954 
3 8955 8806 8877 
3 8895 8963 8949 
3 8964 8896 8903 
3 8874 8950 8923 
3 8932 8835 8923 
3 8865 8932 8965 
3 8956 8878 8946 
3 8933 8897 8966 
3 8838 8967 8817 
3 8916 8892 8869 
3 8882 8959 8952 
3 8919 8961 8884 
3 8968 8909 8910 
3 8910 8962 8968 
3 8911 8969 8912 
3 8970 8895 8938 
3 8921 8834 8971 
3 8872 8971 8834 
3 8972 8852 8891 
3 8933 8966 8946 
3 8967 8838 8958 
3 8958 8838 8766 
3 8906 8973 8879 
3 8879 8974 8819 
3 8942 8811 8900 
3 8954 8949 8963 
3 8850 8975 8938 
3 8945 8890 8976 
3 8913 8914 8977 
3 8925 8898 8957 
3 8957 8817 8978 
3 8854 8979 8907 
3 8916 8819 8974 
3 8980 8863 8795 
3 8795 8880 8980 
3 8980 8880 8899 
3 8981 8900 8935 
3 8968 8919 8909 
3 8871 8885 8982 
3 8856 8871 8983 
3 8813 8955 8944 
3 8984 8939 8858 
3 8904 8985 8903 
3 8972 8891 8956 
3 8892 8916 8986 
3 8855 8951 8935 
3 8987 8953 8943 
3 8970 8963 8895 
3 8975 8970 8938 
3 8988 8850 8921 
3 8944 8984 8858 
3 8896 8989 8890 
3 8913 8977 8861 
3 8925 8990 8897 
3 8991 8925 8957 
3 8918 8982 8885 
3 8919 8968 8961 
3 8987 8962 8953 
3 8940 8992 8872 
3 8896 8964 8989 
3 8903 8985 8964 
3 8904 8860 8985 
3 8967 8993 8817 
3 8993 8978 8817 
3 8809 8960 8994 
3 8809 8994 8853 
3 8906 8853 8995 
3 8996 8875 8917 
3 8983 8911 8856 
3 8997 8955 8877 
3 8841 8945 8998 
3 8931 8999 8914 
3 8957 8978 8991 
3 8958 8915 8941 
3 8994 8995 8853 
3 9000 8875 8996 
3 8944 8955 9001 
3 8988 8975 8850 
3 8988 8921 8971 
3 8872 8992 8971 
3 8814 8939 9002 
3 8860 8873 9003 
3 8841 9004 8950 
3 8923 9005 8932 
3 8852 8972 8931 
3 8865 8965 8924 
3 8867 8924 9006 
3 8934 8868 9007 
3 8991 9008 8925 
3 8960 8842 8934 
3 9009 8948 8863 
3 8980 9009 8863 
3 8892 8986 8951 
3 9000 8899 8875 
3 8982 9010 8871 
3 8814 9002 8940 
3 8890 9011 8976 
3 8932 9005 8965 
3 8947 8867 9006 
3 8897 9012 8966 
3 8990 9012 8897 
3 9008 8991 9013 
3 9014 8978 8993 
3 8958 9015 8967 
3 8979 8854 8948 
3 9016 8980 8899 
3 8899 9017 9016 
3 8952 9018 8926 
3 8901 9019 8918 
3 8877 8912 8969 
3 8985 9020 8964 
3 8989 9011 8890 
3 8976 8998 8945 
3 9021 8873 8861 
3 9021 8861 8977 
3 8978 9013 8991 
3 8941 9022 8958 
3 8973 8974 8879 
3 9023 8954 8963 
3 8873 9024 9003 
3 8998 9004 8841 
3 9025 8923 8950 
3 8924 8965 9026 
3 9006 9027 8947 
3 8868 8947 9027 
3 9007 8868 9027 
3 9014 8993 9015 
3 9015 8993 8967 
3 8958 9022 9015 
3 8973 8906 9028 
3 8935 9029 8981 
3 8961 8996 8917 
3 8918 9019 8982 
3 9030 8968 8962 
3 8983 8871 9010 
3 9031 8962 8987 
3 8943 9031 8987 
3 9023 8963 8970 
3 8931 9032 8999 
3 9033 8966 9012 
3 8990 8925 9008 
3 9014 9013 8978 
3 8942 8900 9034 
3 8899 9000 9017 
3 9000 9035 9017 
3 8914 8999 8977 
3 9026 9036 8924 
3 9036 9006 8924 
3 9033 8946 8966 
3 9022 8941 8907 
3 8901 8926 9018 
3 9037 9031 8943 
3 8954 9038 8943 
3 9005 9039 8965 
3 9040 8956 8946 
3 9012 8990 9041 
3 9041 8990 9008 
3 9022 8907 9042 
3 9042 8907 8979 
3 8948 9042 8979 
3 8916 9043 8986 
3 8980 9016 9044 
3 8981 9034 8900 
3 8877 8969 8997 
3 9001 9045 8944 
3 9046 8975 8988 
3 9047 8971 9048 
3 9044 9009 8980 
3 8916 8974 9043 
3 8986 9049 8951 
3 8996 9035 9000 
3 9030 9050 8961 
3 9030 8961 8968 
3 8997 9001 8955 
3 8988 8971 9047 
3 8940 9051 8992 
3 8964 9052 8989 
3 8977 8999 9053 
3 9040 8946 9033 
3 9022 9054 9015 
3 9055 8948 9009 
3 9055 9009 9056 
3 9056 9009 9044 
3 8951 9029 8935 
3 8959 9018 8952 
3 9037 8943 9038 
3 8975 9046 8970 
3 8964 9020 9052 
3 8860 9057 8985 
3 8860 9003 9057 
3 9024 8873 9021 
3 9004 9058 8950 
3 8931 9059 9032 
3 9039 9026 8965 
3 9008 9013 9060 
3 8948 9055 9042 
3 9061 8996 8961 
3 9050 9061 8961 
3 9062 9019 8901 
3 9019 9063 8982 
3 9064 8983 9010 
3 9065 9038 8954 
3 9023 9065 8954 
3 8939 9066 9002 
3 9002 9051 8940 
3 9025 8950 9058 
3 9059 8931 8972 
3 8906 8995 9067 
3 8959 8942 9034 
3 9068 9017 9035 
3 9018 9062 8901 
3 9069 9050 9030 
3 9030 8962 9070 
3 8962 9031 9070 
3 9071 8972 8956 
3 9013 9014 9072 
3 9073 9022 9042 
3 8974 8973 9074 
3 9035 8996 9075 
3 9010 8982 9063 
3 9045 8984 8944 
3 8984 9066 8939 
3 9076 8976 9011 
3 9077 9003 9024 
3 9004 8998 9076 
3 8999 9078 9053 
3 8972 9079 9059 
3 9079 8972 9071 
3 9028 8906 9067 
3 9056 9080 9055 
3 9044 9080 9056 
3 9043 9049 8986 
3 8981 9029 9081 
3 9016 9017 9068 
3 9050 9082 9061 
3 9064 9010 9063 
3 8969 8911 9083 
3 9084 9037 9038 
3 9051 9085 8992 
3 9025 9005 8923 
3 9072 9060 9013 
3 9086 9014 9015 
3 9086 9015 9054 
3 9028 9074 8973 
3 9043 8974 9074 
3 9087 9029 8951 
3 8970 9046 9088 
3 9046 8988 9089 
3 8998 8976 9076 
3 8956 9040 9071 
3 9014 9086 9072 
3 9054 9022 9073 
3 9090 9044 9016 
3 9087 8951 9049 
3 9082 8996 9061 
3 9050 9069 9082 
3 9037 9091 9031 
3 9047 9089 8988 
3 8971 8992 9085 
3 9092 8989 9052 
3 8985 9057 9020 
3 9003 9077 9057 
3 9024 9021 9093 
3 8977 9053 9021 
3 9005 9025 9094 
3 9078 8999 9032 
3 8995 8994 9067 
3 9042 9055 9073 
3 9090 9016 9095 
3 9096 9062 9018 
3 9083 8997 8969 
3 8970 9088 9023 
3 9045 9066 8984 
3 8971 9097 9048 
3 9085 9097 8971 
3 9058 9004 9076 
3 9059 9098 9032 
3 9012 9041 9099 
3 9100 8960 8934 
3 9101 9041 9008 
3 9074 9028 9102 
3 9080 9044 9103 
3 9095 9016 9068 
3 8996 9104 9075 
3 9031 9091 9070 
3 9065 9023 9105 
3 9099 9033 9012 
3 9007 9100 8934 
3 9106 9041 9101 
3 9101 9008 9060 
3 9043 9107 9049 
3 9068 9035 9075 
3 9104 8996 9082 
3 9063 9019 9108 
3 9109 9069 9030 
3 9109 9030 9070 
3 9105 9023 9088 
3 9002 9110 9051 
3 9111 9020 9057 
3 9011 8989 9092 
3 9024 9093 9077 
3 9039 9005 9112 
3 9060 9113 9101 
3 9054 9073 9086 
3 9055 9080 9073 
3 9029 9114 9081 
3 8983 9083 8911 
3 9037 9084 9091 
3 9038 9065 9115 
3 9048 9089 9047 
3 9113 9106 9101 
3 9080 9116 9073 
3 9117 9043 9074 
3 8981 9081 9034 
3 8959 9034 9118 
3 9119 9068 9075 
3 9019 9062 9120 
3 8983 9064 9121 
3 9001 8997 9122 
3 9111 9052 9020 
3 9039 9123 9026 
3 9027 9006 9124 
3 9033 9099 9125 
3 8994 8960 9126 
3 9127 9060 9072 
3 9128 9127 9072 
3 9086 9128 9072 
3 9067 9102 9028 
3 9116 9080 9103 
3 9117 9107 9043 
3 9090 9103 9044 
3 9018 8959 9129 
3 9120 9108 9019 
3 9064 9063 9121 
3 9130 9065 9105 
3 9066 9131 9002 
3 9097 9085 9132 
3 9085 9051 9133 
3 9134 9076 9011 
3 9032 9098 9078 
3 9059 9135 9098 
3 9136 9006 9036 
3 9007 9027 9137 
3 9138 9099 9041 
3 9126 8960 9100 
3 9113 9060 9127 
3 9114 9029 9087 
3 9139 9095 9068 
3 9132 9085 9133 
3 9110 9133 9051 
3 9140 9071 9040 
3 9113 9127 9128 
3 9067 8994 9141 
3 9142 9034 9081 
3 9075 9104 9119 
3 9129 9096 9018 
3 9062 9096 9120 
3 9143 9109 9070 
3 9084 9038 9144 
3 9045 9001 9122 
3 9115 9065 9145 
3 9092 9134 9011 
3 9123 9039 9112 
3 9135 9059 9079 
3 9071 9140 9079 
3 9146 9099 9138 
3 9041 9147 9138 
3 9041 9106 9147 
3 9073 9148 9086 
3 9049 9107 9087 
3 9143 9070 9091 
3 9083 8983 9121 
3 9083 9122 8997 
3 9046 9149 9088 
3 9093 9021 9053 
3 9123 9036 9026 
3 9126 9141 8994 
3 9148 9073 9116 
3 9142 9118 9034 
3 9144 9038 9115 
3 9045 9131 9066 
3 9089 9048 9150 
3 9110 9002 9151 
3 9152 9025 9058 
3 9033 9125 9040 
3 9153 9138 9147 
3 9106 9113 9147 
3 9086 9148 9128 
3 9074 9102 9117 
3 9090 9154 9103 
3 9155 9087 9107 
3 9154 9090 9095 
3 9114 9087 9156 
3 9157 9091 9084 
3 9097 9150 9048 
3 9057 9158 9111 
3 9124 9006 9136 
3 9040 9125 9159 
3 9119 9139 9068 
3 9145 9065 9130 
3 9088 9160 9105 
3 9132 9161 9097 
3 9158 9057 9077 
3 9094 9025 9152 
3 9125 9099 9162 
3 9081 9114 9142 
3 9118 9163 8959 
3 8959 9163 9129 
3 9164 9104 9082 
3 9143 9069 9109 
3 9151 9002 9131 
3 9165 9092 9052 
3 9094 9112 9005 
3 9136 9036 9166 
3 9100 9007 9167 
3 9146 9138 9153 
3 9102 9067 9168 
3 9169 9139 9119 
3 9163 9096 9129 
3 9053 9170 9093 
3 9170 9053 9078 
3 9123 9166 9036 
3 9027 9124 9171 
3 9099 9146 9162 
3 9137 9167 9007 
3 9142 9172 9118 
3 9164 9173 9104 
3 9108 9174 9063 
3 9091 9175 9143 
3 9046 9089 9176 
3 9176 9149 9046 
3 9111 9165 9052 
3 9093 9177 9077 
3 9098 9135 9078 
3 9178 9147 9113 
3 9113 9128 9178 
3 9104 9173 9119 
3 9121 9063 9174 
3 9150 9097 9161 
3 9151 9133 9110 
3 9058 9076 9179 
3 9171 9137 9027 
3 9168 9117 9102 
3 9169 9154 9095 
3 9169 9095 9139 
3 9175 9091 9157 
3 9122 9180 9045 
3 9144 9115 9181 
3 9182 9165 9111 
3 9076 9134 9183 
3 9093 9170 9184 
3 9040 9185 9140 
3 9186 9125 9162 
3 9141 9126 9187 
3 9117 9188 9107 
3 9107 9188 9155 
3 9163 9189 9096 
3 9190 9164 9082 
3 9191 9069 9143 
3 9182 9111 9158 
3 9158 9077 9177 
3 9094 9152 9192 
3 9112 9193 9123 
3 9040 9159 9185 
3 9186 9159 9125 
3 9168 9188 9117 
3 9103 9154 9194 
3 9189 9120 9096 
3 9144 9195 9084 
3 9144 9181 9196 
3 9132 9133 9197 
3 9161 9132 9197 
3 9198 9079 9140 
3 9126 9100 9199 
3 9082 9069 9190 
3 9069 9191 9190 
3 9200 9174 9108 
3 9131 9045 9201 
3 9130 9105 9160 
3 9160 9088 9149 
3 9078 9202 9170 
3 9155 9156 9087 
3 9157 9084 9195 
3 9203 9115 9145 
3 9197 9133 9151 
3 9112 9094 9192 
3 9079 9198 9135 
3 9193 9166 9123 
3 9136 9171 9124 
3 9147 9178 9204 
3 9128 9148 9205 
3 9163 9118 9172 
3 9175 9206 9143 
3 9203 9181 9115 
3 9150 9176 9089 
3 9207 9092 9165 
3 9076 9183 9179 
3 9152 9058 9179 
3 9153 9208 9146 
3 9168 9067 9209 
3 9103 9210 9116 
3 9103 9211 9210 
3 9194 9211 9103 
3 9180 9122 9212 
3 9180 9212 9045 
3 9149 9176 9213 
3 9176 9150 9214 
3 9182 9158 9215 
3 9093 9216 9177 
3 9078 9217 9202 
3 9217 9078 9135 
3 9167 9199 9100 
3 9141 9209 9067 
3 9169 9119 9218 
3 9108 9120 9200 
3 9143 9219 9191 
3 9121 9174 9220 
3 9201 9045 9212 
3 9203 9145 9130 
3 9171 9221 9137 
3 9153 9147 9222 
3 9187 9126 9199 
3 9205 9178 9128 
3 9148 9116 9205 
3 9223 9155 9188 
3 9224 9154 9169 
3 9225 9114 9156 
3 9226 9142 9114 
3 9119 9173 9218 
3 9083 9227 9122 
3 9202 9184 9170 
3 9228 9135 9198 
3 9166 9229 9136 
3 9230 9159 9186 
3 9167 9137 9221 
3 9225 9226 9114 
3 9231 9083 9121 
3 9212 9122 9227 
3 9130 9232 9203 
3 9134 9092 9233 
3 9171 9136 9234 
3 9208 9153 9222 
3 9188 9168 9235 
3 9210 9205 9116 
3 9154 9224 9194 
3 9142 9236 9172 
3 9120 9189 9237 
3 9083 9231 9227 
3 9160 9232 9130 
3 9238 9192 9152 
3 9166 9193 9239 
3 9185 9159 9230 
3 9186 9162 9240 
3 9162 9146 9241 
3 9204 9242 9147 
3 9243 9168 9209 
3 9211 9194 9244 
3 9155 9245 9156 
3 9143 9206 9219 
3 9246 9195 9144 
3 9144 9196 9246 
3 9197 9150 9161 
3 9247 9197 9151 
3 9182 9215 9248 
3 9233 9092 9207 
3 9183 9134 9233 
3 9238 9152 9179 
3 9140 9249 9198 
3 9234 9136 9229 
3 9243 9235 9168 
3 9250 9194 9224 
3 9236 9142 9226 
3 9237 9251 9120 
3 9151 9131 9252 
3 9160 9149 9213 
3 9182 9253 9165 
3 9254 9184 9202 
3 9240 9230 9186 
3 9221 9255 9167 
3 9199 9167 9255 
3 9147 9242 9222 
3 9205 9210 9256 
3 9257 9258 9189 
3 9259 9164 9190 
3 9237 9189 9258 
3 9251 9237 9258 
3 9251 9260 9120 
3 9120 9260 9200 
3 9200 9220 9174 
3 9150 9197 9261 
3 9182 9248 9253 
3 9192 9262 9112 
3 9229 9166 9239 
3 9140 9185 9249 
3 9211 9256 9210 
3 9245 9225 9156 
3 9189 9163 9263 
3 9175 9264 9206 
3 9265 9196 9181 
3 9181 9203 9265 
3 9213 9266 9160 
3 9261 9267 9150 
3 9240 9162 9241 
3 9208 9241 9146 
3 9187 9199 9268 
3 9243 9209 9269 
3 9270 9224 9169 
3 9259 9173 9164 
3 9258 9260 9251 
3 9271 9219 9206 
3 9227 9272 9212 
3 9273 9203 9232 
3 9232 9160 9266 
3 9213 9176 9214 
3 9267 9214 9150 
3 9274 9165 9253 
3 9216 9093 9184 
3 9208 9222 9275 
3 9269 9276 9243 
3 9235 9277 9188 
3 9245 9155 9223 
3 9252 9247 9151 
3 9135 9228 9217 
3 9229 9239 9278 
3 9279 9276 9269 
3 9279 9280 9276 
3 9280 9243 9276 
3 9280 9235 9243 
3 9244 9256 9211 
3 9188 9281 9223 
3 9226 9282 9236 
3 9173 9283 9218 
3 9263 9257 9189 
3 9220 9284 9121 
3 9121 9284 9231 
3 9195 9285 9157 
3 9252 9131 9201 
3 9214 9286 9213 
3 9253 9248 9274 
3 9207 9165 9274 
3 9287 9158 9177 
3 9288 9183 9233 
3 9193 9112 9262 
3 9185 9289 9249 
3 9255 9268 9199 
3 9290 9242 9204 
3 9187 9209 9141 
3 9271 9191 9219 
3 9264 9271 9206 
3 9157 9285 9175 
3 9212 9291 9201 
3 9158 9287 9215 
3 9179 9183 9288 
3 9249 9228 9198 
3 9289 9185 9230 
3 9204 9178 9290 
3 9205 9292 9178 
3 9280 9279 9269 
3 9293 9226 9225 
3 9227 9231 9294 
3 9203 9273 9265 
3 9214 9267 9295 
3 9247 9296 9197 
3 9261 9197 9296 
3 9215 9287 9248 
3 9238 9179 9297 
3 9217 9254 9202 
3 9278 9239 9193 
3 9298 9240 9241 
3 9208 9275 9241 
3 9178 9292 9290 
3 9256 9299 9205 
3 9281 9188 9277 
3 9300 9244 9194 
3 9191 9271 9190 
3 9301 9220 9200 
3 9302 9264 9175 
3 9272 9291 9212 
3 9201 9303 9252 
3 9261 9295 9267 
3 9192 9238 9304 
3 9192 9304 9262 
3 9217 9228 9305 
3 9187 9306 9209 
3 9209 9280 9269 
3 9307 9235 9280 
3 9308 9245 9223 
3 9224 9270 9250 
3 9172 9263 9163 
3 9271 9259 9190 
3 9196 9309 9246 
3 9275 9222 9310 
3 9256 9244 9300 
3 9245 9293 9225 
3 9169 9218 9311 
3 9283 9311 9218 
3 9283 9173 9259 
3 9294 9272 9227 
3 9312 9274 9248 
3 9254 9216 9184 
3 9278 9313 9229 
3 9313 9234 9229 
3 9171 9234 9314 
3 9280 9209 9307 
3 9205 9299 9292 
3 9236 9315 9172 
3 9311 9316 9169 
3 9309 9196 9265 
3 9303 9201 9291 
3 9295 9317 9214 
3 9317 9286 9214 
3 9318 9228 9249 
3 9230 9240 9289 
3 9313 9314 9234 
3 9298 9241 9275 
3 9306 9307 9209 
3 9277 9235 9307 
3 9308 9223 9281 
3 9257 9260 9258 
3 9295 9261 9296 
3 9314 9221 9171 
3 9221 9319 9255 
3 9187 9268 9320 
3 9306 9187 9320 
3 9300 9194 9250 
3 9263 9321 9257 
3 9260 9257 9321 
3 9302 9175 9285 
3 9285 9322 9302 
3 9322 9285 9195 
3 9296 9247 9323 
3 9207 9274 9324 
3 9287 9177 9216 
3 9216 9254 9325 
3 9255 9319 9268 
3 9326 9277 9307 
3 9236 9282 9315 
3 9270 9169 9316 
3 9266 9213 9327 
3 9312 9324 9274 
3 9328 9179 9288 
3 9314 9329 9221 
3 9222 9330 9310 
3 9330 9222 9242 
3 9330 9242 9290 
3 9260 9301 9200 
3 9252 9331 9247 
3 9213 9286 9327 
3 9254 9217 9332 
3 9249 9289 9333 
3 9334 9290 9292 
3 9293 9245 9308 
3 9311 9283 9335 
3 9231 9284 9294 
3 9266 9336 9232 
3 9233 9337 9288 
3 9193 9262 9338 
3 9314 9313 9339 
3 9292 9299 9334 
3 9256 9340 9299 
3 9263 9172 9315 
3 9322 9195 9246 
3 9295 9296 9341 
3 9327 9336 9266 
3 9342 9238 9297 
3 9304 9238 9342 
3 9278 9193 9343 
3 9344 9345 9313 
3 9313 9345 9339 
3 9314 9339 9346 
3 9275 9347 9298 
3 9246 9348 9322 
3 9286 9317 9349 
3 9349 9327 9286 
3 9350 9207 9324 
3 9233 9207 9350 
3 9216 9351 9287 
3 9297 9179 9328 
3 9228 9318 9305 
3 9344 9313 9278 
3 9345 9352 9339 
3 9346 9339 9352 
3 9319 9221 9329 
3 9298 9353 9240 
3 9319 9320 9268 
3 9271 9354 9259 
3 9220 9301 9355 
3 9220 9355 9284 
3 9323 9341 9296 
3 9337 9328 9288 
3 9338 9343 9193 
3 9333 9356 9249 
3 9346 9352 9345 
3 9346 9329 9314 
3 9315 9282 9357 
3 9265 9358 9309 
3 9291 9359 9303 
3 9273 9232 9360 
3 9349 9317 9361 
3 9362 9312 9248 
3 9363 9310 9330 
3 9330 9290 9364 
3 9282 9226 9365 
3 9366 9301 9260 
3 9294 9284 9367 
3 9303 9368 9252 
3 9361 9295 9341 
3 9317 9295 9361 
3 9324 9312 9362 
3 9369 9248 9287 
3 9233 9350 9337 
3 9342 9297 9370 
3 9305 9371 9217 
3 9338 9262 9372 
3 9240 9373 9289 
3 9306 9320 9374 
3 9375 9334 9299 
3 9326 9281 9277 
3 9357 9282 9365 
3 9355 9367 9284 
3 9376 9360 9232 
3 9336 9327 9377 
3 9304 9342 9372 
3 9262 9304 9372 
3 9318 9371 9305 
3 9249 9356 9318 
3 9345 9329 9346 
3 9353 9298 9347 
3 9310 9347 9275 
3 9364 9363 9330 
3 9293 9365 9226 
3 9354 9271 9264 
3 9273 9360 9265 
3 9247 9331 9323 
3 9232 9336 9377 
3 9373 9240 9353 
3 9326 9307 9378 
3 9316 9379 9270 
3 9380 9263 9315 
3 9260 9321 9381 
3 9348 9246 9309 
3 9248 9369 9362 
3 9216 9382 9351 
3 9371 9332 9217 
3 9344 9278 9383 
3 9344 9329 9345 
3 9334 9364 9290 
3 9316 9311 9335 
3 9321 9263 9380 
3 9381 9366 9260 
3 9384 9272 9294 
3 9216 9385 9382 
3 9386 9371 9318 
3 9307 9306 9387 
3 9299 9340 9375 
3 9264 9388 9354 
3 9355 9301 9389 
3 9309 9358 9348 
3 9265 9390 9358 
3 9368 9331 9252 
3 9361 9341 9391 
3 9351 9382 9385 
3 9216 9325 9385 
3 9356 9386 9318 
3 9392 9333 9289 
3 9379 9250 9270 
3 9283 9259 9393 
3 9394 9259 9354 
3 9303 9359 9368 
3 9376 9232 9377 
3 9395 9325 9254 
3 9332 9395 9254 
3 9356 9333 9392 
3 9396 9289 9373 
3 9397 9353 9347 
3 9320 9319 9398 
3 9374 9320 9398 
3 9381 9321 9399 
3 9366 9389 9301 
3 9400 9324 9362 
3 9383 9278 9343 
3 9347 9310 9401 
3 9306 9374 9387 
3 9402 9300 9250 
3 9355 9389 9403 
3 9367 9355 9403 
3 9404 9264 9302 
3 9324 9400 9350 
3 9369 9287 9351 
3 9297 9328 9370 
3 9319 9329 9405 
3 9401 9310 9363 
3 9256 9406 9340 
3 9407 9408 9281 
3 9408 9308 9281 
3 9402 9256 9300 
3 9409 9293 9308 
3 9402 9250 9379 
3 9283 9393 9335 
3 9388 9264 9404 
3 9294 9367 9410 
3 9384 9294 9410 
3 9327 9349 9411 
3 9351 9385 9412 
3 9385 9325 9412 
3 9372 9342 9413 
3 9326 9407 9281 
3 9414 9366 9381 
3 9389 9366 9414 
3 9322 9415 9302 
3 9291 9272 9359 
3 9265 9360 9390 
3 9370 9413 9342 
3 9406 9256 9402 
3 9316 9335 9379 
3 9380 9315 9416 
3 9259 9417 9393 
3 9259 9394 9417 
3 9341 9323 9418 
3 9419 9328 9337 
3 9319 9405 9420 
3 9388 9394 9354 
3 9302 9415 9421 
3 9322 9348 9415 
3 9327 9422 9377 
3 9412 9369 9351 
3 9413 9370 9423 
3 9374 9424 9387 
3 9321 9380 9399 
3 9302 9421 9404 
3 9359 9425 9368 
3 9376 9426 9360 
3 9418 9391 9341 
3 9427 9349 9361 
3 9428 9337 9350 
3 9372 9429 9338 
3 9430 9289 9396 
3 9344 9383 9431 
3 9401 9397 9347 
3 9378 9307 9387 
3 9365 9293 9432 
3 9432 9357 9365 
3 9427 9411 9349 
3 9419 9433 9328 
3 9433 9370 9328 
3 9332 9371 9395 
3 9383 9343 9434 
3 9329 9344 9405 
3 9420 9398 9319 
3 9398 9435 9374 
3 9436 9334 9375 
3 9326 9378 9437 
3 9432 9293 9409 
3 9315 9357 9416 
3 9272 9384 9438 
3 9439 9348 9358 
3 9440 9331 9368 
3 9331 9440 9323 
3 9391 9427 9361 
3 9376 9377 9422 
3 9422 9327 9411 
3 9441 9412 9325 
3 9364 9334 9436 
3 9442 9402 9379 
3 9358 9390 9439 
3 9360 9426 9443 
3 9343 9429 9434 
3 9373 9444 9396 
3 9444 9373 9353 
3 9378 9387 9437 
3 9437 9407 9326 
3 9445 9414 9381 
3 9446 9410 9367 
3 9323 9440 9447 
3 9350 9400 9428 
3 9386 9448 9371 
3 9289 9430 9392 
3 9340 9406 9375 
3 9308 9408 9449 
3 9409 9308 9449 
3 9432 9409 9450 
3 9360 9443 9390 
3 9447 9418 9323 
3 9337 9428 9419 
3 9423 9370 9433 
3 9429 9343 9338 
3 9392 9430 9356 
3 9344 9431 9405 
3 9435 9424 9374 
3 9424 9451 9387 
3 9437 9387 9451 
3 9437 9452 9407 
3 9389 9414 9445 
3 9438 9359 9272 
3 9446 9384 9410 
3 9438 9384 9453 
3 9425 9454 9368 
3 9454 9440 9368 
3 9422 9426 9376 
3 9353 9397 9444 
3 9455 9357 9432 
3 9456 9416 9357 
3 9335 9457 9379 
3 9399 9380 9458 
3 9459 9394 9388 
3 9403 9446 9367 
3 9422 9411 9460 
3 9363 9461 9401 
3 9462 9364 9436 
3 9450 9409 9463 
3 9381 9399 9464 
3 9445 9465 9389 
3 9466 9426 9422 
3 9460 9466 9422 
3 9362 9467 9400 
3 9395 9468 9325 
3 9413 9469 9372 
3 9416 9458 9380 
3 9464 9399 9458 
3 9388 9470 9459 
3 9359 9438 9471 
3 9472 9440 9454 
3 9400 9467 9428 
3 9412 9473 9369 
3 9474 9433 9419 
3 9475 9395 9371 
3 9448 9476 9371 
3 9469 9429 9372 
3 9477 9383 9434 
3 9478 9420 9405 
3 9363 9364 9479 
3 9480 9424 9435 
3 9452 9481 9407 
3 9481 9408 9407 
3 9449 9463 9409 
3 9463 9432 9450 
3 9464 9445 9381 
3 9482 9446 9403 
3 9483 9415 9348 
3 9447 9391 9418 
3 9484 9427 9391 
3 9473 9362 9369 
3 9476 9475 9371 
3 9448 9386 9356 
3 9431 9383 9477 
3 9480 9451 9424 
3 9485 9375 9406 
3 9416 9456 9458 
3 9393 9486 9335 
3 9403 9389 9465 
3 9421 9487 9404 
3 9411 9427 9488 
3 9467 9362 9473 
3 9474 9419 9428 
3 9325 9489 9441 
3 9395 9475 9468 
3 9398 9490 9435 
3 9364 9462 9479 
3 9375 9485 9491 
3 9457 9335 9486 
3 9417 9492 9393 
3 9421 9415 9493 
3 9348 9494 9483 
3 9439 9494 9348 
3 9454 9495 9472 
3 9488 9427 9484 
3 9496 9434 9429 
3 9401 9497 9397 
3 9436 9375 9491 
3 9402 9442 9406 
3 9463 9455 9432 
3 9394 9459 9492 
3 9482 9403 9465 
3 9446 9498 9384 
3 9494 9439 9499 
3 9471 9425 9359 
3 9426 9500 9443 
3 9466 9500 9426 
3 9497 9401 9461 
3 9449 9408 9481 
3 9379 9457 9501 
3 9417 9394 9492 
3 9446 9482 9502 
3 9471 9438 9453 
3 9495 9454 9425 
3 9428 9467 9503 
3 9423 9433 9504 
3 9325 9468 9489 
3 9448 9505 9476 
3 9496 9477 9434 
3 9430 9506 9356 
3 9507 9405 9431 
3 9508 9393 9492 
3 9404 9487 9388 
3 9415 9483 9493 
3 9390 9443 9509 
3 9440 9472 9447 
3 9413 9510 9469 
3 9448 9356 9511 
3 9451 9480 9512 
3 9451 9513 9437 
3 9449 9514 9463 
3 9498 9446 9502 
3 9447 9515 9391 
3 9515 9484 9391 
3 9441 9473 9412 
3 9476 9505 9475 
3 9513 9451 9512 
3 9485 9406 9516 
3 9449 9481 9514 
3 9393 9508 9486 
3 9421 9493 9487 
3 9453 9384 9498 
3 9439 9390 9509 
3 9473 9503 9467 
3 9517 9474 9428 
3 9433 9474 9504 
3 9505 9448 9511 
3 9396 9444 9518 
3 9490 9519 9435 
3 9512 9520 9513 
3 9520 9437 9513 
3 9455 9521 9357 
3 9466 9460 9522 
3 9428 9503 9517 
3 9468 9475 9523 
3 9510 9413 9423 
3 9478 9405 9507 
3 9397 9524 9444 
3 9524 9397 9497 
3 9525 9490 9398 
3 9519 9480 9435 
3 9526 9462 9436 
3 9455 9463 9514 
3 9388 9487 9470 
3 9495 9425 9471 
3 9439 9509 9499 
3 9460 9411 9527 
3 9489 9468 9523 
3 9469 9528 9429 
3 9506 9430 9396 
3 9529 9420 9478 
3 9363 9479 9461 
3 9486 9508 9530 
3 9458 9531 9464 
3 9532 9483 9494 
3 9533 9494 9499 
3 9447 9472 9515 
3 9437 9520 9452 
3 9456 9357 9521 
3 9534 9508 9492 
3 9482 9465 9535 
3 9411 9488 9527 
3 9500 9466 9522 
3 9536 9473 9441 
3 9489 9536 9441 
3 9510 9423 9537 
3 9528 9469 9510 
3 9538 9431 9477 
3 9529 9525 9420 
3 9420 9525 9398 
3 9539 9485 9516 
3 9540 9442 9379 
3 9541 9445 9464 
3 9542 9459 9470 
3 9543 9356 9506 
3 9544 9507 9431 
3 9545 9497 9461 
3 9525 9519 9490 
3 9520 9512 9452 
3 9546 9535 9465 
3 9547 9453 9498 
3 9493 9483 9532 
3 9494 9533 9532 
3 9500 9509 9443 
3 9484 9515 9548 
3 9549 9517 9503 
3 9537 9423 9504 
3 9543 9511 9356 
3 9485 9539 9491 
3 9457 9486 9530 
3 9465 9445 9546 
3 9535 9502 9482 
3 9502 9550 9498 
3 9551 9471 9453 
3 9484 9548 9488 
3 9549 9474 9517 
3 9552 9479 9462 
3 9436 9553 9526 
3 9436 9491 9553 
3 9516 9406 9554 
3 9521 9455 9555 
3 9514 9555 9455 
3 9379 9501 9540 
3 9501 9457 9530 
3 9445 9541 9546 
3 9522 9460 9527 
3 9474 9549 9556 
3 9474 9556 9504 
3 9557 9429 9528 
3 9506 9396 9558 
3 9559 9406 9442 
3 9492 9459 9542 
3 9498 9550 9547 
3 9493 9532 9560 
3 9453 9547 9551 
3 9561 9532 9533 
3 9495 9471 9551 
3 9551 9562 9495 
3 9556 9563 9504 
3 9563 9537 9504 
3 9537 9564 9510 
3 9505 9565 9475 
3 9557 9496 9429 
3 9444 9566 9518 
3 9567 9566 9444 
3 9442 9540 9559 
3 9531 9541 9464 
3 9472 9495 9562 
3 9472 9568 9515 
3 9569 9489 9523 
3 9543 9570 9511 
3 9557 9571 9496 
3 9572 9477 9496 
3 9558 9396 9518 
3 9545 9524 9497 
3 9479 9573 9461 
3 9516 9574 9539 
3 9559 9554 9406 
3 9521 9575 9456 
3 9456 9575 9458 
3 9575 9531 9458 
3 9576 9550 9502 
3 9533 9499 9561 
3 9577 9568 9472 
3 9500 9522 9578 
3 9552 9462 9526 
3 9516 9554 9574 
3 9579 9559 9540 
3 9532 9561 9560 
3 9551 9547 9580 
3 9580 9562 9551 
3 9489 9581 9536 
3 9556 9549 9563 
3 9537 9563 9582 
3 9523 9475 9565 
3 9461 9573 9545 
3 9552 9526 9583 
3 9501 9584 9585 
3 9586 9470 9487 
3 9472 9562 9580 
3 9568 9548 9515 
3 9549 9503 9473 
3 9473 9536 9587 
3 9549 9582 9563 
3 9564 9528 9510 
3 9538 9477 9572 
3 9544 9588 9507 
3 9507 9588 9478 
3 9576 9502 9535 
3 9580 9577 9472 
3 9536 9581 9587 
3 9569 9581 9489 
3 9582 9564 9537 
3 9523 9565 9589 
3 9518 9590 9558 
3 9544 9431 9538 
3 9567 9444 9524 
3 9583 9526 9553 
3 9512 9591 9452 
3 9481 9452 9592 
3 9501 9585 9540 
3 9492 9593 9534 
3 9492 9542 9593 
3 9470 9586 9594 
3 9487 9493 9586 
3 9509 9561 9499 
3 9473 9587 9549 
3 9569 9523 9589 
3 9505 9511 9595 
3 9511 9570 9595 
3 9518 9566 9590 
3 9529 9478 9588 
3 9519 9596 9480 
3 9501 9597 9584 
3 9594 9542 9470 
3 9493 9560 9586 
3 9488 9548 9598 
3 9509 9500 9599 
3 9527 9578 9522 
3 9600 9549 9587 
3 9582 9549 9600 
3 9564 9582 9600 
3 9543 9506 9601 
3 9538 9572 9602 
3 9524 9603 9567 
3 9597 9501 9530 
3 9508 9604 9530 
3 9542 9605 9593 
3 9576 9547 9550 
3 9509 9606 9561 
3 9607 9581 9569 
3 9607 9569 9589 
3 9564 9608 9528 
3 9565 9505 9609 
3 9571 9610 9496 
3 9506 9558 9601 
3 9611 9479 9552 
3 9612 9491 9539 
3 9613 9584 9597 
3 9614 9534 9593 
3 9593 9615 9614 
3 9615 9593 9605 
3 9535 9546 9616 
3 9500 9578 9599 
3 9527 9488 9617 
3 9587 9618 9600 
3 9618 9587 9581 
3 9595 9609 9505 
3 9557 9528 9619 
3 9545 9603 9524 
3 9611 9573 9479 
3 9525 9620 9519 
3 9596 9621 9480 
3 9612 9553 9491 
3 9622 9575 9521 
3 9613 9597 9530 
3 9614 9615 9605 
3 9605 9623 9614 
3 9623 9605 9542 
3 9548 9568 9624 
3 9617 9488 9598 
3 9581 9607 9618 
3 9565 9609 9589 
3 9543 9625 9570 
3 9566 9626 9590 
3 9596 9519 9620 
3 9583 9627 9552 
3 9627 9583 9553 
3 9553 9612 9627 
3 9481 9628 9514 
3 9629 9559 9579 
3 9628 9630 9514 
3 9540 9585 9579 
3 9604 9508 9534 
3 9531 9631 9541 
3 9546 9541 9632 
3 9632 9616 9546 
3 9560 9561 9633 
3 9600 9634 9564 
3 9608 9564 9634 
3 9635 9589 9609 
3 9571 9557 9636 
3 9610 9572 9496 
3 9621 9512 9480 
3 9637 9481 9592 
3 9559 9629 9554 
3 9534 9614 9638 
3 9606 9509 9599 
3 9599 9578 9639 
3 9527 9617 9578 
3 9618 9640 9600 
3 9640 9618 9607 
3 9600 9640 9634 
3 9640 9607 9589 
3 9591 9512 9621 
3 9641 9521 9555 
3 9638 9614 9623 
3 9624 9568 9577 
3 9589 9635 9640 
3 9636 9610 9571 
3 9544 9538 9602 
3 9545 9642 9603 
3 9574 9643 9539 
3 9452 9591 9592 
3 9629 9579 9585 
3 9514 9630 9555 
3 9644 9631 9531 
3 9580 9645 9577 
3 9624 9646 9548 
3 9647 9598 9548 
3 9528 9608 9648 
3 9619 9528 9648 
3 9649 9543 9601 
3 9650 9545 9573 
3 9530 9651 9613 
3 9531 9575 9652 
3 9638 9604 9534 
3 9541 9631 9632 
3 9645 9580 9547 
3 9647 9548 9646 
3 9634 9653 9608 
3 9610 9602 9572 
3 9628 9555 9630 
3 9521 9641 9622 
3 9530 9604 9651 
3 9535 9616 9632 
3 9654 9542 9594 
3 9577 9655 9624 
3 9640 9656 9634 
3 9635 9656 9640 
3 9625 9595 9570 
3 9649 9625 9543 
3 9545 9650 9642 
3 9657 9525 9529 
3 9620 9525 9657 
3 9611 9552 9627 
3 9637 9628 9481 
3 9613 9585 9584 
3 9658 9576 9535 
3 9577 9645 9659 
3 9634 9656 9653 
3 9660 9635 9609 
3 9648 9608 9653 
3 9557 9619 9636 
3 9641 9555 9628 
3 9661 9535 9632 
3 9654 9623 9542 
3 9547 9662 9645 
3 9529 9588 9663 
3 9661 9658 9535 
3 9577 9659 9655 
3 9646 9624 9655 
3 9664 9653 9656 
3 9665 9609 9595 
3 9601 9558 9666 
3 9626 9566 9567 
3 9544 9663 9588 
3 9612 9539 9643 
3 9554 9629 9667 
3 9668 9651 9604 
3 9644 9531 9652 
3 9547 9576 9669 
3 9561 9606 9633 
3 9648 9653 9664 
3 9609 9665 9660 
3 9544 9602 9670 
3 9671 9567 9603 
3 9663 9657 9529 
3 9672 9622 9641 
3 9613 9651 9668 
3 9662 9547 9669 
3 9673 9633 9606 
3 9674 9617 9598 
3 9664 9656 9635 
3 9635 9660 9664 
3 9619 9675 9636 
3 9676 9590 9626 
3 9671 9603 9642 
3 9650 9573 9611 
3 9677 9678 9621 
3 9679 9592 9591 
3 9622 9652 9575 
3 9680 9638 9623 
3 9681 9594 9586 
3 9586 9560 9682 
3 9645 9662 9683 
3 9626 9567 9671 
3 9677 9621 9596 
3 9621 9679 9591 
3 9574 9554 9667 
3 9631 9644 9684 
3 9680 9623 9654 
3 9594 9681 9654 
3 9655 9659 9685 
3 9599 9673 9606 
3 9595 9625 9665 
3 9686 9649 9601 
3 9627 9687 9611 
3 9688 9629 9585 
3 9689 9639 9578 
3 9578 9617 9689 
3 9690 9626 9671 
3 9612 9691 9627 
3 9692 9585 9613 
3 9652 9684 9644 
3 9576 9658 9693 
3 9693 9669 9576 
3 9660 9694 9664 
3 9675 9619 9648 
3 9625 9649 9665 
3 9601 9666 9686 
3 9666 9558 9590 
3 9666 9590 9676 
3 9695 9611 9687 
3 9652 9622 9672 
3 9669 9693 9662 
3 9682 9560 9633 
3 9659 9645 9685 
3 9696 9599 9639 
3 9697 9648 9664 
3 9694 9660 9665 
3 9596 9620 9698 
3 9643 9691 9612 
3 9699 9621 9678 
3 9699 9679 9621 
3 9681 9586 9700 
3 9586 9682 9700 
3 9646 9655 9685 
3 9599 9696 9673 
3 9598 9647 9701 
3 9694 9697 9664 
3 9675 9648 9702 
3 9703 9671 9642 
3 9704 9698 9620 
3 9592 9705 9637 
3 9585 9692 9688 
3 9693 9683 9662 
3 9698 9677 9596 
3 9706 9643 9574 
3 9629 9707 9667 
3 9708 9628 9637 
3 9638 9709 9604 
3 9684 9632 9631 
3 9598 9710 9674 
3 9674 9689 9617 
3 9648 9697 9702 
3 9711 9636 9712 
3 9636 9675 9712 
3 9711 9610 9636 
3 9650 9703 9642 
3 9650 9611 9695 
3 9713 9592 9679 
3 9714 9701 9647 
3 9715 9694 9665 
3 9602 9716 9670 
3 9670 9717 9544 
3 9704 9620 9657 
3 9613 9668 9718 
3 9632 9719 9661 
3 9683 9685 9645 
3 9649 9720 9665 
3 9671 9703 9690 
3 9657 9663 9704 
3 9679 9699 9713 
3 9637 9705 9708 
3 9718 9668 9721 
3 9684 9722 9632 
3 9719 9632 9722 
3 9723 9682 9633 
3 9715 9697 9694 
3 9663 9544 9717 
3 9724 9592 9713 
3 9725 9672 9641 
3 9604 9721 9668 
3 9604 9709 9721 
3 9726 9685 9683 
3 9714 9647 9646 
3 9598 9701 9710 
3 9674 9727 9689 
3 9711 9716 9610 
3 9706 9574 9667 
3 9592 9724 9705 
3 9722 9684 9728 
3 9729 9638 9680 
3 9723 9633 9673 
3 9646 9685 9726 
3 9674 9710 9727 
3 9715 9665 9730 
3 9716 9602 9610 
3 9731 9676 9626 
3 9627 9732 9687 
3 9706 9733 9643 
3 9707 9706 9667 
3 9629 9734 9707 
3 9734 9629 9688 
3 9613 9718 9692 
3 9654 9735 9680 
3 9646 9726 9714 
3 9736 9666 9676 
3 9641 9628 9708 
3 9737 9652 9672 
3 9684 9652 9738 
3 9638 9729 9709 
3 9739 9680 9735 
3 9740 9681 9700 
3 9696 9639 9741 
3 9741 9639 9689 
3 9649 9686 9720 
3 9670 9742 9717 
3 9650 9695 9743 
3 9688 9744 9734 
3 9738 9728 9684 
3 9654 9681 9735 
3 9658 9661 9745 
3 9746 9697 9715 
3 9675 9747 9712 
3 9675 9702 9747 
3 9730 9665 9720 
3 9716 9742 9670 
3 9748 9687 9732 
3 9627 9691 9732 
3 9692 9744 9688 
3 9749 9725 9641 
3 9672 9725 9737 
3 9693 9750 9683 
3 9751 9700 9682 
3 9666 9752 9686 
3 9753 9641 9708 
3 9729 9680 9739 
3 9722 9754 9719 
3 9754 9661 9719 
3 9681 9740 9755 
3 9693 9658 9745 
3 9751 9740 9700 
3 9695 9687 9748 
3 9678 9756 9699 
3 9713 9699 9724 
3 9728 9757 9722 
3 9754 9722 9757 
3 9681 9755 9735 
3 9750 9693 9758 
3 9751 9682 9723 
3 9673 9759 9723 
3 9663 9760 9704 
3 9761 9707 9734 
3 9734 9744 9762 
3 9641 9753 9749 
3 9693 9745 9758 
3 9673 9696 9759 
3 9763 9714 9726 
3 9763 9701 9714 
3 9727 9710 9701 
3 9697 9764 9702 
3 9686 9765 9720 
3 9742 9766 9717 
3 9626 9690 9767 
3 9691 9643 9733 
3 9706 9707 9768 
3 9661 9754 9769 
3 9683 9750 9770 
3 9726 9683 9770 
3 9741 9689 9727 
3 9771 9712 9747 
3 9771 9747 9702 
3 9736 9676 9731 
3 9704 9760 9698 
3 9732 9691 9772 
3 9677 9698 9773 
3 9678 9677 9774 
3 9756 9775 9699 
3 9705 9724 9776 
3 9709 9729 9721 
3 9777 9757 9728 
3 9757 9777 9754 
3 9745 9661 9769 
3 9778 9740 9751 
3 9696 9741 9779 
3 9780 9727 9701 
3 9716 9781 9742 
3 9752 9666 9736 
3 9766 9663 9717 
3 9748 9732 9772 
3 9734 9762 9761 
3 9744 9692 9782 
3 9692 9718 9782 
3 9721 9782 9718 
3 9783 9738 9652 
3 9738 9777 9728 
3 9778 9751 9723 
3 9696 9779 9759 
3 9741 9784 9779 
3 9727 9784 9741 
3 9785 9771 9702 
3 9786 9711 9712 
3 9702 9787 9785 
3 9711 9786 9716 
3 9767 9731 9626 
3 9690 9703 9767 
3 9788 9703 9650 
3 9695 9748 9789 
3 9698 9760 9773 
3 9774 9756 9678 
3 9775 9724 9699 
3 9707 9761 9768 
3 9708 9790 9753 
3 9754 9777 9769 
3 9663 9766 9760 
3 9706 9791 9733 
3 9749 9753 9792 
3 9725 9793 9737 
3 9777 9738 9783 
3 9735 9794 9739 
3 9702 9764 9787 
3 9697 9746 9764 
3 9795 9730 9720 
3 9650 9743 9788 
3 9789 9743 9695 
3 9677 9773 9796 
3 9776 9724 9775 
3 9652 9737 9793 
3 9735 9755 9794 
3 9785 9797 9771 
3 9716 9786 9781 
3 9764 9746 9798 
3 9765 9799 9720 
3 9800 9752 9736 
3 9796 9774 9677 
3 9691 9733 9801 
3 9791 9706 9768 
3 9790 9708 9705 
3 9753 9790 9792 
3 9762 9744 9782 
3 9783 9652 9793 
3 9740 9778 9755 
3 9779 9802 9759 
3 9701 9763 9780 
3 9712 9803 9786 
3 9803 9712 9771 
3 9746 9804 9798 
3 9746 9715 9804 
3 9752 9765 9686 
3 9756 9774 9805 
3 9777 9783 9806 
3 9806 9769 9777 
3 9720 9799 9795 
3 9767 9807 9731 
3 9703 9788 9767 
3 9801 9772 9691 
3 9808 9791 9768 
3 9805 9775 9756 
3 9705 9809 9790 
3 9793 9725 9749 
3 9729 9810 9721 
3 9750 9758 9811 
3 9715 9812 9804 
3 9812 9715 9730 
3 9807 9800 9736 
3 9813 9748 9772 
3 9801 9733 9791 
3 9762 9814 9761 
3 9815 9782 9721 
3 9806 9816 9769 
3 9769 9817 9745 
3 9759 9802 9723 
3 9802 9779 9784 
3 9784 9727 9780 
3 9771 9797 9803 
3 9818 9764 9798 
3 9795 9812 9730 
3 9819 9765 9752 
3 9736 9731 9807 
3 9805 9774 9820 
3 9775 9805 9820 
3 9814 9768 9761 
3 9776 9821 9705 
3 9822 9778 9723 
3 9764 9818 9787 
3 9742 9781 9823 
3 9742 9823 9766 
3 9772 9801 9813 
3 9776 9775 9824 
3 9793 9825 9783 
3 9726 9770 9826 
3 9787 9797 9785 
3 9827 9799 9765 
3 9752 9800 9828 
3 9705 9821 9809 
3 9762 9782 9829 
3 9792 9790 9809 
3 9830 9810 9729 
3 9817 9831 9745 
3 9758 9745 9831 
3 9818 9798 9804 
3 9765 9819 9827 
3 9828 9800 9807 
3 9774 9796 9832 
3 9832 9820 9774 
3 9749 9792 9793 
3 9769 9816 9817 
3 9811 9833 9750 
3 9750 9833 9770 
3 9723 9802 9822 
3 9786 9803 9834 
3 9786 9834 9781 
3 9788 9743 9835 
3 9836 9743 9789 
3 9789 9748 9837 
3 9838 9768 9814 
3 9776 9839 9821 
3 9840 9821 9839 
3 9821 9840 9809 
3 9841 9815 9721 
3 9721 9810 9841 
3 9825 9806 9783 
3 9729 9739 9830 
3 9842 9811 9758 
3 9770 9833 9826 
3 9826 9763 9726 
3 9784 9843 9802 
3 9844 9767 9788 
3 9837 9836 9789 
3 9832 9796 9845 
3 9838 9846 9768 
3 9775 9820 9847 
3 9778 9794 9755 
3 9780 9763 9848 
3 9799 9827 9795 
3 9836 9835 9743 
3 9791 9849 9801 
3 9808 9768 9846 
3 9847 9850 9775 
3 9824 9775 9850 
3 9824 9851 9776 
3 9839 9776 9851 
3 9829 9782 9815 
3 9830 9852 9810 
3 9780 9853 9784 
3 9834 9803 9797 
3 9797 9787 9854 
3 9855 9787 9818 
3 9856 9804 9812 
3 9813 9801 9849 
3 9820 9857 9847 
3 9809 9858 9792 
3 9852 9841 9810 
3 9811 9842 9859 
3 9804 9860 9818 
3 9861 9812 9795 
3 9813 9837 9748 
3 9796 9773 9845 
3 9846 9862 9808 
3 9846 9838 9862 
3 9863 9814 9762 
3 9858 9809 9840 
3 9806 9825 9864 
3 9865 9830 9739 
3 9794 9865 9739 
3 9758 9831 9842 
3 9859 9833 9811 
3 9822 9802 9866 
3 9866 9802 9843 
3 9867 9834 9797 
3 9856 9812 9861 
3 9868 9752 9828 
3 9788 9835 9844 
3 9773 9760 9869 
3 9791 9808 9870 
3 9871 9862 9838 
3 9872 9871 9838 
3 9838 9814 9872 
3 9851 9824 9850 
3 9863 9762 9829 
3 9851 9873 9839 
3 9839 9873 9840 
3 9793 9792 9874 
3 9825 9793 9874 
3 9864 9816 9806 
3 9865 9875 9830 
3 9822 9794 9778 
3 9876 9763 9826 
3 9853 9843 9784 
3 9848 9853 9780 
3 9860 9804 9856 
3 9877 9827 9819 
3 9760 9766 9878 
3 9879 9835 9836 
3 9845 9773 9880 
3 9791 9870 9849 
3 9862 9871 9881 
3 9814 9863 9872 
3 9815 9841 9882 
3 9882 9852 9875 
3 9852 9882 9841 
3 9830 9875 9852 
3 9874 9864 9825 
3 9797 9854 9867 
3 9827 9877 9795 
3 9828 9807 9883 
3 9884 9766 9823 
3 9885 9767 9844 
3 9845 9880 9886 
3 9832 9887 9820 
3 9857 9820 9887 
3 9871 9888 9881 
3 9850 9873 9851 
3 9863 9829 9889 
3 9876 9826 9833 
3 9890 9856 9861 
3 9861 9795 9877 
3 9837 9813 9891 
3 9880 9773 9869 
3 9845 9892 9832 
3 9893 9887 9832 
3 9894 9895 9887 
3 9888 9894 9881 
3 9894 9896 9895 
3 9896 9894 9888 
3 9897 9887 9895 
3 9898 9895 9896 
3 9898 9899 9895 
3 9899 9898 9896 
3 9899 9896 9888 
3 9887 9897 9857 
3 9897 9895 9899 
3 9897 9899 9888 
3 9888 9872 9897 
3 9888 9871 9872 
3 9900 9847 9857 
3 9850 9847 9900 
3 9901 9840 9873 
3 9840 9901 9858 
3 9815 9889 9829 
3 9794 9902 9865 
3 9903 9854 9787 
3 9819 9904 9877 
3 9884 9878 9766 
3 9892 9845 9886 
3 9905 9808 9862 
3 9887 9893 9906 
3 9894 9906 9881 
3 9906 9894 9887 
3 9857 9897 9907 
3 9900 9857 9907 
3 9889 9872 9863 
3 9858 9908 9792 
3 9792 9908 9874 
3 9875 9909 9882 
3 9816 9864 9910 
3 9816 9910 9817 
3 9865 9911 9875 
3 9831 9817 9910 
3 9912 9794 9822 
3 9866 9913 9822 
3 9848 9763 9914 
3 9853 9848 9914 
3 9781 9834 9823 
3 9860 9855 9818 
3 9904 9819 9752 
3 9808 9905 9870 
3 9881 9906 9862 
3 9915 9907 9897 
3 9915 9897 9872 
3 9916 9850 9900 
3 9850 9916 9873 
3 9889 9815 9917 
3 9918 9917 9815 
3 9815 9882 9918 
3 9918 9882 9919 
3 9919 9882 9909 
3 9864 9874 9908 
3 9902 9911 9865 
3 9910 9920 9831 
3 9921 9859 9842 
3 9912 9902 9794 
3 9843 9913 9866 
3 9876 9914 9763 
3 9853 9914 9843 
3 9922 9787 9855 
3 9807 9767 9885 
3 9923 9869 9760 
3 9869 9886 9880 
3 9832 9892 9893 
3 9924 9862 9906 
3 9915 9925 9907 
3 9925 9900 9907 
3 9872 9917 9915 
3 9872 9889 9917 
3 9875 9911 9926 
3 9842 9831 9921 
3 9912 9822 9913 
3 9876 9833 9927 
3 9914 9876 9928 
3 9760 9878 9923 
3 9836 9837 9891 
3 9929 9891 9813 
3 9930 9813 9849 
3 9869 9892 9886 
3 9892 9924 9893 
3 9924 9906 9893 
3 9862 9924 9905 
3 9900 9925 9916 
3 9915 9917 9925 
3 9917 9918 9919 
3 9908 9858 9901 
3 9875 9931 9909 
3 9926 9931 9875 
3 9908 9932 9864 
3 9910 9864 9932 
3 9926 9911 9933 
3 9831 9920 9921 
3 9833 9859 9927 
3 9928 9876 9927 
3 9913 9843 9914 
3 9856 9890 9860 
3 9879 9844 9835 
3 9836 9891 9879 
3 9934 9916 9925 
3 9873 9935 9901 
3 9901 9932 9908 
3 9931 9926 9933 
3 9936 9910 9932 
3 9933 9937 9936 
3 9910 9936 9937 
3 9933 9911 9937 
3 9920 9910 9937 
3 9938 9937 9911 
3 9920 9937 9938 
3 9911 9902 9938 
3 9921 9920 9938 
3 9787 9922 9903 
3 9752 9868 9904 
3 9930 9849 9939 
3 9917 9934 9925 
3 9935 9873 9916 
3 9919 9934 9917 
3 9935 9940 9901 
3 9919 9909 9931 
3 9932 9901 9940 
3 9941 9932 9940 
3 9936 9932 9941 
3 9941 9933 9936 
3 9933 9941 9931 
3 9921 9938 9942 
3 9938 9943 9942 
3 9943 9938 9902 
3 9902 9912 9943 
3 9944 9943 9912 
3 9927 9859 9921 
3 9912 9913 9944 
3 9927 9921 9928 
3 9944 9913 9928 
3 9913 9914 9928 
3 9861 9945 9890 
3 9885 9883 9807 
3 9939 9849 9870 
3 9934 9946 9916 
3 9916 9946 9947 
3 9935 9916 9947 
3 9934 9931 9946 
3 9934 9919 9931 
3 9946 9931 9947 
3 9947 9948 9935 
3 9935 9948 9940 
3 9947 9931 9948 
3 9948 9941 9940 
3 9948 9931 9941 
3 9942 9943 9949 
3 9942 9949 9921 
3 9943 9944 9949 
3 9949 9944 9928 
3 9928 9921 9949 
3 9950 9860 9890 
3 9924 9951 9905 
3 9854 9903 9867 
3 9861 9877 9945 
3 9828 9883 9868 
3 9952 9929 9813 
3 9953 9867 9903 
3 9823 9954 9884 
3 9869 9955 9892 
3 9956 9870 9905 
3 9890 9945 9950 
3 9879 9891 9957 
3 9953 9958 9867 
3 9959 9834 9867 
3 9922 9855 9860 
3 9954 9823 9834 
3 9923 9878 9960 
3 9960 9869 9923 
3 9930 9952 9813 
3 9961 9892 9955 
3 9892 9961 9924 
3 9961 9951 9924 
3 9867 9958 9959 
3 9962 9885 9844 
3 9891 9929 9957 
3 9963 9961 9955 
3 9952 9930 9939 
3 9905 9951 9956 
3 9953 9903 9958 
3 9834 9959 9954 
3 9883 9964 9868 
3 9962 9844 9879 
3 9939 9870 9956 
3 9965 9877 9904 
3 9964 9904 9868 
3 9966 9878 9884 
3 9869 9967 9955 
3 9967 9963 9955 
3 9958 9903 9968 
3 9945 9877 9965 
3 9954 9969 9884 
3 9970 9922 9860 
3 9969 9959 9958 
3 9969 9954 9959 
3 9961 9963 9971 
3 9971 9951 9961 
3 9860 9972 9970 
3 9885 9962 9883 
3 9967 9971 9963 
3 9956 9951 9973 
3 9973 9939 9956 
3 9968 9903 9922 
3 9860 9950 9972 
3 9964 9965 9904 
3 9966 9960 9878 
3 9962 9879 9974 
3 9879 9957 9974 
3 9975 9950 9945 
3 9869 9960 9967 
3 9952 9939 9976 
3 9973 9951 9971 
3 9968 9969 9958 
3 9969 9966 9884 
3 9945 9965 9975 
3 9977 9974 9957 
3 9939 9973 9976 
3 9975 9972 9950 
3 9970 9978 9922 
3 9968 9966 9969 
3 9964 9883 9962 
3 9929 9952 9976 
3 9922 9978 9968 
3 9964 9979 9965 
3 9977 9962 9974 
3 9977 9957 9929 
3 9967 9960 9980 
3 9960 9966 9981 
3 9967 9982 9971 
3 9975 9983 9972 
3 9964 9962 9984 
3 9982 9967 9980 
3 9972 9985 9970 
3 9962 9977 9984 
3 9980 9960 9981 
3 9983 9985 9972 
3 9982 9986 9971 
3 9976 9987 9929 
3 9970 9985 9978 
3 9984 9979 9964 
3 9986 9973 9971 
3 9977 9929 9987 
3 9978 9988 9968 
3 9976 9973 9989 
3 9980 9981 9982 
3 9968 9981 9966 
3 9965 9990 9975 
3 9991 9985 9983 
3 9965 9979 9990 
3 9984 9992 9979 
3 9981 9993 9982 
3 9994 9989 9973 
3 9985 9988 9978 
3 9995 9991 9983 
3 9995 9983 9975 
3 9968 9993 9981 
3 9987 9996 9977 
3 9976 9989 9987 
3 9986 9994 9973 
3 9977 9996 9984 
3 9990 9995 9975 
3 9991 9988 9985 
3 9968 9988 9993 
3 9987 9989 9996 
3 9979 9992 9990 
3 9982 9997 9986 
3 9995 9998 9991 
3 9998 9995 9990 
3 9984 9996 9992 
3 9993 9997 9982 
3 9994 9986 9997 
3 9994 9996 9989 
3 9993 9988 9991 
3 9990 9992 9998 
3 9999 9993 9991 
3 9992 9996 10000 
3 9999 9991 9998 
3 9999 9997 9993 
3 9994 9997 9999 
3 10000 9996 9994 
3 9999 9998 10001 
3 9994 9999 10001 
3 9998 9992 10000 
3 10001 9998 10000 
3 10000 9994 10001 

